+ . /scratch1/NCEPDEV/global/glopara/CI/3745/global-workflow/ush/load_fv3gfs_modules.sh
++ [[ hxB == *x* ]]
++ set_x=YES
++ [[ NO == \N\O ]]
++ echo 'Loading modules quietly...'
Loading modules quietly...
++ set +x
Running "module reset". Resetting modules to system default. The following $MODULEPATH directories have been removed: None

Currently Loaded Modules:
  1) contrib                          45) sp/2.5.0
  2) intel/2022.1.2                   46) ip/4.3.0
  3) stack-intel/2021.5.0             47) grib-util/1.3.0
  4) impi/2022.1.2                    48) g2tmpl/1.13.0
  5) stack-intel-oneapi-mpi/2021.5.1  49) gsi-ncdiag/1.1.2
  6) gettext/0.19.8.1                 50) crtm-fix/2.4.0.1_emc
  7) libxcrypt/4.4.35                 51) git-lfs/2.10.0
  8) zlib/1.2.13                      52) crtm/2.4.0.1
  9) sqlite/3.43.2                    53) openblas/0.3.24
 10) util-linux-uuid/2.38.1           54) py-setuptools/63.4.3
 11) python/3.11.6                    55) py-numpy/1.23.4
 12) hpss/hpss                        56) bufr/11.7.0
 13) gempak/7.17.0                    57) gmake/3.82
 14) ncl/6.6.2                        58) wgrib2/2.0.8
 15) libjpeg/2.1.0                    59) py-f90nml/1.4.3
 16) jasper/2.0.32                    60) py-cftime/1.0.3.4
 17) libpng/1.6.37                    61) py-netcdf4/1.5.8
 18) openjpeg/2.3.1                   62) libyaml/0.2.5
 19) eccodes/2.32.0                   63) py-pyyaml/6.0
 20) fftw/3.3.10                      64) py-markupsafe/2.1.3
 21) nghttp2/1.57.0                   65) py-jinja2/3.1.2
 22) curl/8.4.0                       66) py-bottleneck/1.3.7
 23) proj/9.2.1                       67) py-numexpr/2.8.4
 24) udunits/2.2.28                   68) py-et-xmlfile/1.0.1
 25) cdo/2.2.0                        69) py-openpyxl/3.1.2
 26) R/3.6.1                          70) py-pytz/2023.3
 27) perl/5.38.0                      71) py-pyxlsb/1.0.10
 28) pkg-config/0.27.1                72) py-xlrd/2.0.1
 29) hdf5/1.14.0                      73) py-xlsxwriter/3.1.7
 30) snappy/1.1.10                    74) py-xlwt/1.3.0
 31) zstd/1.5.2                       75) py-pandas/1.5.3
 32) c-blosc/1.21.5                   76) py-six/1.16.0
 33) netcdf-c/4.9.2                   77) py-python-dateutil/2.8.2
 34) netcdf-fortran/4.6.1             78) g2c/1.8.0
 35) parallel-netcdf/1.12.2           79) netcdf-cxx4/4.3.1
 36) parallelio/2.5.10                80) met/9.1.3
 37) esmf/8.6.0                       81) metplus/3.1.1
 38) antlr/2.7.7                      82) py-packaging/23.1
 39) gsl/2.7.1                        83) py-xarray/2023.7.0
 40) nco/5.0.6                        84) prepobs/1.1.0
 41) bacio/2.4.1                      85) fit2obs/1.1.7
 42) w3emc/2.10.0                     86) imagemagick/7.1.1-11
 43) prod_util/2.1.1                  87) module_base.hera
 44) g2/3.4.5

 

++ wxflowPATH=/scratch1/NCEPDEV/global/glopara/CI/3745/global-workflow/ush/python
++ PYTHONPATH=/scratch1/NCEPDEV/nems/role.epic/spack-stack/spack-stack-1.6.0/envs/gsi-addon-dev-fms-2024.01/install/intel/2021.5.0/py-xarray-2023.7.0-joweppx/lib/python3.11/site-packages:/scratch1/NCEPDEV/nems/role.epic/spack-stack/spack-stack-1.6.0/envs/gsi-addon-dev-fms-2024.01/install/intel/2021.5.0/py-packaging-23.1-5gvg7qo/lib/python3.11/site-packages:/scratch1/NCEPDEV/nems/role.epic/spack-stack/spack-stack-1.6.0/envs/gsi-addon-dev-fms-2024.01/install/intel/2021.5.0/py-python-dateutil-2.8.2-3qglnj4/lib/python3.11/site-packages:/scratch1/NCEPDEV/nems/role.epic/spack-stack/spack-stack-1.6.0/envs/gsi-addon-dev-fms-2024.01/install/intel/2021.5.0/py-six-1.16.0-t54borv/lib/python3.11/site-packages:/scratch1/NCEPDEV/nems/role.epic/spack-stack/spack-stack-1.6.0/envs/gsi-addon-dev-fms-2024.01/install/intel/2021.5.0/py-pandas-1.5.3-tguwpv3/lib/python3.11/site-packages:/scratch1/NCEPDEV/nems/role.epic/spack-stack/spack-stack-1.6.0/envs/gsi-addon-dev-fms-2024.01/install/intel/2021.5.0/py-xlwt-1.3.0-5nxruci/lib/python3.11/site-packages:/scratch1/NCEPDEV/nems/role.epic/spack-stack/spack-stack-1.6.0/envs/gsi-addon-dev-fms-2024.01/install/intel/2021.5.0/py-xlsxwriter-3.1.7-7l25bnt/lib/python3.11/site-packages:/scratch1/NCEPDEV/nems/role.epic/spack-stack/spack-stack-1.6.0/envs/gsi-addon-dev-fms-2024.01/install/intel/2021.5.0/py-xlrd-2.0.1-fwxe33t/lib/python3.11/site-packages:/scratch1/NCEPDEV/nems/role.epic/spack-stack/spack-stack-1.6.0/envs/gsi-addon-dev-fms-2024.01/install/intel/2021.5.0/py-pyxlsb-1.0.10-ghdqaaw/lib/python3.11/site-packages:/scratch1/NCEPDEV/nems/role.epic/spack-stack/spack-stack-1.6.0/envs/gsi-addon-dev-fms-2024.01/install/intel/2021.5.0/py-pytz-2023.3-kkz2z3d/lib/python3.11/site-packages:/scratch1/NCEPDEV/nems/role.epic/spack-stack/spack-stack-1.6.0/envs/gsi-addon-dev-fms-2024.01/install/intel/2021.5.0/py-openpyxl-3.1.2-4tswswo/lib/python3.11/site-packages:/scratch1/NCEPDEV/nems/role.epic/spack-stack/spack-stack-1.6.0/envs/gsi-addon-dev-fms-2024.01/install/intel/2021.5.0/py-et-xmlfile-1.0.1-it6uamo/lib/python3.11/site-packages:/scratch1/NCEPDEV/nems/role.epic/spack-stack/spack-stack-1.6.0/envs/gsi-addon-dev-fms-2024.01/install/intel/2021.5.0/py-numexpr-2.8.4-uqnmadj/lib/python3.11/site-packages:/scratch1/NCEPDEV/nems/role.epic/spack-stack/spack-stack-1.6.0/envs/gsi-addon-dev-fms-2024.01/install/intel/2021.5.0/py-bottleneck-1.3.7-4itjkyr/lib/python3.11/site-packages:/scratch1/NCEPDEV/nems/role.epic/spack-stack/spack-stack-1.6.0/envs/gsi-addon-dev-fms-2024.01/install/intel/2021.5.0/py-jinja2-3.1.2-3yb4fme/lib/python3.11/site-packages:/scratch1/NCEPDEV/nems/role.epic/spack-stack/spack-stack-1.6.0/envs/gsi-addon-dev-fms-2024.01/install/intel/2021.5.0/py-markupsafe-2.1.3-clrlf2z/lib/python3.11/site-packages:/scratch1/NCEPDEV/nems/role.epic/spack-stack/spack-stack-1.6.0/envs/gsi-addon-dev-fms-2024.01/install/intel/2021.5.0/py-pyyaml-6.0-4sduut5/lib/python3.11/site-packages:/scratch1/NCEPDEV/nems/role.epic/spack-stack/spack-stack-1.6.0/envs/gsi-addon-dev-fms-2024.01/install/intel/2021.5.0/py-netcdf4-1.5.8-haeompg/lib/python3.11/site-packages:/scratch1/NCEPDEV/nems/role.epic/spack-stack/spack-stack-1.6.0/envs/gsi-addon-dev-fms-2024.01/install/intel/2021.5.0/py-cftime-1.0.3.4-4s5bg7j/lib/python3.11/site-packages:/scratch1/NCEPDEV/nems/role.epic/spack-stack/spack-stack-1.6.0/envs/gsi-addon-dev-fms-2024.01/install/intel/2021.5.0/py-f90nml-1.4.3-b4vzhct/lib/python3.11/site-packages:/scratch1/NCEPDEV/nems/role.epic/spack-stack/spack-stack-1.6.0/envs/gsi-addon-dev-fms-2024.01/install/intel/2021.5.0/bufr-11.7.0-w62mmgj/lib64/python3.11/site-packages:/scratch1/NCEPDEV/nems/role.epic/spack-stack/spack-stack-1.6.0/envs/gsi-addon-dev-fms-2024.01/install/intel/2021.5.0/bufr-11.7.0-w62mmgj/lib/python3.11/site-packages:/scratch1/NCEPDEV/nems/role.epic/spack-stack/spack-stack-1.6.0/envs/gsi-addon-dev-fms-2024.01/install/intel/2021.5.0/py-numpy-1.23.4-yrvnxwk/lib/python3.11/site-packages:/scratch1/NCEPDEV/nems/role.epic/spack-stack/spack-stack-1.6.0/envs/gsi-addon-dev-fms-2024.01/install/intel/2021.5.0/py-setuptools-63.4.3-qppw6fo/lib/python3.11/site-packages:/scratch1/NCEPDEV/global/glopara/CI/3745/global-workflow/ush:/scratch1/NCEPDEV/global/glopara/CI/3745/global-workflow/ush/python
++ export PYTHONPATH
++ ulimit -S -s unlimited
++ unset ulimit_s
+ status=0
+ [[ 0 -ne 0 ]]
+ export job=arch_tars
+ job=arch_tars
+ export jobid=arch_tars.1870901
+ jobid=arch_tars.1870901
+ /scratch1/NCEPDEV/global/glopara/CI/3745/global-workflow/jobs/JGLOBAL_ARCHIVE_TARS
Begin /scratch1/NCEPDEV/global/glopara/CI/3745/global-workflow/jobs/JGLOBAL_ARCHIVE_TARS at Mon Jun  2 22:07:04 UTC 2025
++ jjob_header.sh[46]OPTIND=1
++ jjob_header.sh[47]getopts c:e: option
++ jjob_header.sh[48]case "${option}" in
++ jjob_header.sh[50]env_job=arch_vrfy
++ jjob_header.sh[47]getopts c:e: option
++ jjob_header.sh[48]case "${option}" in
++ jjob_header.sh[49]read -ra configs
++ jjob_header.sh[47]getopts c:e: option
++ jjob_header.sh[61]shift 4
++ jjob_header.sh[63][[ -z arch_vrfy ]]
++ jjob_header.sh[71]export DATA=/scratch1/NCEPDEV/stmp2/role.glopara/RUNDIRS/C48_ATM_285cc940/gfs.2021032312/arch_tars.1870901
++ jjob_header.sh[71]DATA=/scratch1/NCEPDEV/stmp2/role.glopara/RUNDIRS/C48_ATM_285cc940/gfs.2021032312/arch_tars.1870901
++ jjob_header.sh[72][[ YES == \Y\E\S ]]
++ jjob_header.sh[73]rm -rf /scratch1/NCEPDEV/stmp2/role.glopara/RUNDIRS/C48_ATM_285cc940/gfs.2021032312/arch_tars.1870901
++ jjob_header.sh[75]mkdir -p /scratch1/NCEPDEV/stmp2/role.glopara/RUNDIRS/C48_ATM_285cc940/gfs.2021032312/arch_tars.1870901
++ jjob_header.sh[76]cd /scratch1/NCEPDEV/stmp2/role.glopara/RUNDIRS/C48_ATM_285cc940/gfs.2021032312/arch_tars.1870901
++ jjob_header.sh[85]export pid=1871432
++ jjob_header.sh[85]pid=1871432
++ jjob_header.sh[86]export pgmout=OUTPUT.1871432
++ jjob_header.sh[86]pgmout=OUTPUT.1871432
++ jjob_header.sh[87]export pgmerr=errfile
++ jjob_header.sh[87]pgmerr=errfile
++ jjob_header.sh[90]export pgm=
++ jjob_header.sh[90]pgm=
++ jjob_header.sh[96]export cycle=t12z
++ jjob_header.sh[96]cycle=t12z
++ jjob_header.sh[97]setpdy.sh
+ setpdy.sh[20]'[' /scratch1/NCEPDEV/stmp2/role.glopara/RUNDIRS/C48_ATM_285cc940/gfs.2021032312/arch_tars.1870901 == /home/role.glopara ']'
+ setpdy.sh[25][[ ! t12z =~ t??z ]]
+ setpdy.sh[30]case $# in
+ setpdy.sh[31]dates_before_PDY=7
+ setpdy.sh[32]dates_after_PDY=7
+ setpdy.sh[50]COMDATEROOT=/scratch1/NCEPDEV/global/glopara/CI/3745/RUNTESTS/COMROOT
+ setpdy.sh[53]'[' -z 20210323 ']'
+ setpdy.sh[57]sed 's/[0-9]\{8\}/20210323/' /scratch1/NCEPDEV/global/glopara/CI/3745/RUNTESTS/COMROOT/date/t12z
sed: can't read /scratch1/NCEPDEV/global/glopara/CI/3745/RUNTESTS/COMROOT/date/t12z: No such file or directory
++ jjob_header.sh[97]true
++ jjob_header.sh[98]source ./PDY
/scratch1/NCEPDEV/global/glopara/CI/3745/global-workflow/ush/jjob_header.sh: line 98: ./PDY: No such file or directory
++ jjob_header.sh[98]true
++ jjob_header.sh[104]export EXPDIR=/scratch1/NCEPDEV/global/glopara/CI/3745/RUNTESTS/EXPDIR/C48_ATM_285cc940
++ jjob_header.sh[104]EXPDIR=/scratch1/NCEPDEV/global/glopara/CI/3745/RUNTESTS/EXPDIR/C48_ATM_285cc940
++ jjob_header.sh[105]for config in "${configs[@]:-''}"
++ jjob_header.sh[106]source /scratch1/NCEPDEV/global/glopara/CI/3745/RUNTESTS/EXPDIR/C48_ATM_285cc940/config.base
+++ config.base[6]echo 'BEGIN: config.base'
BEGIN: config.base
+++ config.base[9]export machine=HERA
+++ config.base[9]machine=HERA
+++ config.base[12]export RUN_ENVIR=emc
+++ config.base[12]RUN_ENVIR=emc
+++ config.base[15]export ACCOUNT=fv3-cpu
+++ config.base[15]ACCOUNT=fv3-cpu
+++ config.base[16]export QUEUE=batch
+++ config.base[16]QUEUE=batch
+++ config.base[17]export QUEUE_SERVICE=batch
+++ config.base[17]QUEUE_SERVICE=batch
+++ config.base[18]export QUEUE_DTN=batch
+++ config.base[18]QUEUE_DTN=batch
+++ config.base[19]export PARTITION_BATCH=hera
+++ config.base[19]PARTITION_BATCH=hera
+++ config.base[20]export PARTITION_SERVICE=service
+++ config.base[20]PARTITION_SERVICE=service
+++ config.base[21]export PARTITION_DTN=
+++ config.base[21]PARTITION_DTN=
+++ config.base[22]export RESERVATION=
+++ config.base[22]RESERVATION=
+++ config.base[23]export CLUSTERS=
+++ config.base[23]CLUSTERS=
+++ config.base[24]export CLUSTERS_SERVICE=
+++ config.base[24]CLUSTERS_SERVICE=
+++ config.base[25]export CLUSTERS_DTN=
+++ config.base[25]CLUSTERS_DTN=
+++ config.base[28]export HPSS_PROJECT=emc-global
+++ config.base[28]HPSS_PROJECT=emc-global
+++ config.base[31]export HOMEgfs=/scratch1/NCEPDEV/global/glopara/CI/3745/global-workflow
+++ config.base[31]HOMEgfs=/scratch1/NCEPDEV/global/glopara/CI/3745/global-workflow
+++ config.base[32]export EXECgfs=/scratch1/NCEPDEV/global/glopara/CI/3745/global-workflow/exec
+++ config.base[32]EXECgfs=/scratch1/NCEPDEV/global/glopara/CI/3745/global-workflow/exec
+++ config.base[33]export FIXgfs=/scratch1/NCEPDEV/global/glopara/CI/3745/global-workflow/fix
+++ config.base[33]FIXgfs=/scratch1/NCEPDEV/global/glopara/CI/3745/global-workflow/fix
+++ config.base[34]export PARMgfs=/scratch1/NCEPDEV/global/glopara/CI/3745/global-workflow/parm
+++ config.base[34]PARMgfs=/scratch1/NCEPDEV/global/glopara/CI/3745/global-workflow/parm
+++ config.base[35]export SCRgfs=/scratch1/NCEPDEV/global/glopara/CI/3745/global-workflow/scripts
+++ config.base[35]SCRgfs=/scratch1/NCEPDEV/global/glopara/CI/3745/global-workflow/scripts
+++ config.base[36]export USHgfs=/scratch1/NCEPDEV/global/glopara/CI/3745/global-workflow/ush
+++ config.base[36]USHgfs=/scratch1/NCEPDEV/global/glopara/CI/3745/global-workflow/ush
+++ config.base[38]export FIXam=/scratch1/NCEPDEV/global/glopara/CI/3745/global-workflow/fix/am
+++ config.base[38]FIXam=/scratch1/NCEPDEV/global/glopara/CI/3745/global-workflow/fix/am
+++ config.base[39]export FIXaer=/scratch1/NCEPDEV/global/glopara/CI/3745/global-workflow/fix/aer
+++ config.base[39]FIXaer=/scratch1/NCEPDEV/global/glopara/CI/3745/global-workflow/fix/aer
+++ config.base[40]export FIXcpl=/scratch1/NCEPDEV/global/glopara/CI/3745/global-workflow/fix/cpl
+++ config.base[40]FIXcpl=/scratch1/NCEPDEV/global/glopara/CI/3745/global-workflow/fix/cpl
+++ config.base[41]export FIXlut=/scratch1/NCEPDEV/global/glopara/CI/3745/global-workflow/fix/lut
+++ config.base[41]FIXlut=/scratch1/NCEPDEV/global/glopara/CI/3745/global-workflow/fix/lut
+++ config.base[42]export FIXcice=/scratch1/NCEPDEV/global/glopara/CI/3745/global-workflow/fix/cice
+++ config.base[42]FIXcice=/scratch1/NCEPDEV/global/glopara/CI/3745/global-workflow/fix/cice
+++ config.base[43]export FIXmom=/scratch1/NCEPDEV/global/glopara/CI/3745/global-workflow/fix/mom6
+++ config.base[43]FIXmom=/scratch1/NCEPDEV/global/glopara/CI/3745/global-workflow/fix/mom6
+++ config.base[44]export FIXreg2grb2=/scratch1/NCEPDEV/global/glopara/CI/3745/global-workflow/fix/reg2grb2
+++ config.base[44]FIXreg2grb2=/scratch1/NCEPDEV/global/glopara/CI/3745/global-workflow/fix/reg2grb2
+++ config.base[45]export FIXgdas=/scratch1/NCEPDEV/global/glopara/CI/3745/global-workflow/fix/gdas
+++ config.base[45]FIXgdas=/scratch1/NCEPDEV/global/glopara/CI/3745/global-workflow/fix/gdas
+++ config.base[50]export PACKAGEROOT=/scratch1/NCEPDEV/global/glopara/nwpara
+++ config.base[50]PACKAGEROOT=/scratch1/NCEPDEV/global/glopara/nwpara
+++ config.base[51]export COMROOT=/scratch1/NCEPDEV/global/glopara/CI/3745/RUNTESTS/COMROOT
+++ config.base[51]COMROOT=/scratch1/NCEPDEV/global/glopara/CI/3745/RUNTESTS/COMROOT
+++ config.base[52]export COMINsyn=/scratch1/NCEPDEV/global/glopara/com/gfs/prod/syndat
+++ config.base[52]COMINsyn=/scratch1/NCEPDEV/global/glopara/com/gfs/prod/syndat
+++ config.base[53]export DMPDIR=/scratch1/NCEPDEV/global/glopara/dump
+++ config.base[53]DMPDIR=/scratch1/NCEPDEV/global/glopara/dump
+++ config.base[57]export COMINecmwf=/scratch1/NCEPDEV/global/glopara/data/external_gempak/ecmwf
+++ config.base[57]COMINecmwf=/scratch1/NCEPDEV/global/glopara/data/external_gempak/ecmwf
+++ config.base[58]export COMINnam=/scratch1/NCEPDEV/global/glopara/data/external_gempak/nam
+++ config.base[58]COMINnam=/scratch1/NCEPDEV/global/glopara/data/external_gempak/nam
+++ config.base[59]export COMINukmet=/scratch1/NCEPDEV/global/glopara/data/external_gempak/ukmet
+++ config.base[59]COMINukmet=/scratch1/NCEPDEV/global/glopara/data/external_gempak/ukmet
+++ config.base[62]export HOMEDIR=/scratch1/NCEPDEV/global/role.glopara
+++ config.base[62]HOMEDIR=/scratch1/NCEPDEV/global/role.glopara
+++ config.base[63]export STMP=/scratch1/NCEPDEV/stmp2/role.glopara
+++ config.base[63]STMP=/scratch1/NCEPDEV/stmp2/role.glopara
+++ config.base[64]export PTMP=/scratch1/NCEPDEV/stmp4/role.glopara
+++ config.base[64]PTMP=/scratch1/NCEPDEV/stmp4/role.glopara
+++ config.base[65]export NOSCRUB=/scratch1/NCEPDEV/global/role.glopara
+++ config.base[65]NOSCRUB=/scratch1/NCEPDEV/global/role.glopara
+++ config.base[68]export BASE_GIT=/scratch1/NCEPDEV/global/glopara/git
+++ config.base[68]BASE_GIT=/scratch1/NCEPDEV/global/glopara/git
+++ config.base[71]export BASE_DATA=/scratch1/NCEPDEV/global/glopara/data
+++ config.base[71]BASE_DATA=/scratch1/NCEPDEV/global/glopara/data
+++ config.base[74]export DO_PREP_SFC=NO
+++ config.base[74]DO_PREP_SFC=NO
+++ config.base[77]export DO_GOES=NO
+++ config.base[77]DO_GOES=NO
+++ config.base[78]export DO_BUFRSND=NO
+++ config.base[78]DO_BUFRSND=NO
+++ config.base[79]export DO_GEMPAK=NO
+++ config.base[79]DO_GEMPAK=NO
+++ config.base[80]export DO_AWIPS=NO
+++ config.base[80]DO_AWIPS=NO
+++ config.base[81]export DO_NPOESS=NO
+++ config.base[81]DO_NPOESS=NO
+++ config.base[82]export DO_TRACKER=YES
+++ config.base[82]DO_TRACKER=YES
+++ config.base[83]export DO_GENESIS=YES
+++ config.base[83]DO_GENESIS=YES
+++ config.base[84]export DO_GENESIS_FSU=NO
+++ config.base[84]DO_GENESIS_FSU=NO
+++ config.base[85]export DO_VERFOZN=YES
+++ config.base[85]DO_VERFOZN=YES
+++ config.base[86]export DO_VERFRAD=YES
+++ config.base[86]DO_VERFRAD=YES
+++ config.base[87]export DO_VMINMON=YES
+++ config.base[87]DO_VMINMON=YES
+++ config.base[88]export DO_ANLSTAT=NO
+++ config.base[88]DO_ANLSTAT=NO
+++ config.base[91]export MODE=forecast-only
+++ config.base[91]MODE=forecast-only
+++ config.base[92]export DO_TEST_MODE=YES
+++ config.base[92]DO_TEST_MODE=YES
+++ config.base[101]export FIXgsi=/scratch1/NCEPDEV/global/glopara/CI/3745/global-workflow/fix/gsi
+++ config.base[101]FIXgsi=/scratch1/NCEPDEV/global/glopara/CI/3745/global-workflow/fix/gsi
+++ config.base[102]export HOMEpost=/scratch1/NCEPDEV/global/glopara/CI/3745/global-workflow
+++ config.base[102]HOMEpost=/scratch1/NCEPDEV/global/glopara/CI/3745/global-workflow
+++ config.base[103]export HOMEobsproc=/scratch1/NCEPDEV/global/glopara/git/obsproc/v1.2.0
+++ config.base[103]HOMEobsproc=/scratch1/NCEPDEV/global/glopara/git/obsproc/v1.2.0
+++ config.base[106]export NMV=/bin/mv
+++ config.base[106]NMV=/bin/mv
+++ config.base[107]export 'NLN=/bin/ln -sf'
+++ config.base[107]NLN='/bin/ln -sf'
+++ config.base[108]export VERBOSE=YES
+++ config.base[108]VERBOSE=YES
+++ config.base[109]export KEEPDATA=NO
+++ config.base[109]KEEPDATA=NO
+++ config.base[110]export DEBUG_POSTSCRIPT=NO
+++ config.base[110]DEBUG_POSTSCRIPT=NO
+++ config.base[111]export CHGRP_RSTPROD=YES
+++ config.base[111]CHGRP_RSTPROD=YES
+++ config.base[112]export 'CHGRP_CMD=chgrp rstprod'
+++ config.base[112]CHGRP_CMD='chgrp rstprod'
+++ config.base[113]export NCDUMP=/scratch1/NCEPDEV/nems/role.epic/spack-stack/spack-stack-1.6.0/envs/unified-env-rocky8/install/intel/2021.5.0/netcdf-c-4.9.2-ejp7j3k/bin/ncdump
+++ config.base[113]NCDUMP=/scratch1/NCEPDEV/nems/role.epic/spack-stack/spack-stack-1.6.0/envs/unified-env-rocky8/install/intel/2021.5.0/netcdf-c-4.9.2-ejp7j3k/bin/ncdump
+++ config.base[114]export NCLEN=/scratch1/NCEPDEV/global/glopara/CI/3745/global-workflow/ush/getncdimlen
+++ config.base[114]NCLEN=/scratch1/NCEPDEV/global/glopara/CI/3745/global-workflow/ush/getncdimlen
+++ config.base[117]export BASE_ENV=/scratch1/NCEPDEV/global/glopara/CI/3745/global-workflow/env
+++ config.base[117]BASE_ENV=/scratch1/NCEPDEV/global/glopara/CI/3745/global-workflow/env
+++ config.base[120]export SDATE=2021032312
+++ config.base[120]SDATE=2021032312
+++ config.base[121]export EDATE=2021032312
+++ config.base[121]EDATE=2021032312
+++ config.base[122]export EXP_WARM_START=.false.
+++ config.base[122]EXP_WARM_START=.false.
+++ config.base[123]export assim_freq=6
+++ config.base[123]assim_freq=6
+++ config.base[124]export PSLOT=C48_ATM_285cc940
+++ config.base[124]PSLOT=C48_ATM_285cc940
+++ config.base[125]export EXPDIR=/scratch1/NCEPDEV/global/glopara/CI/3745/RUNTESTS/EXPDIR/C48_ATM_285cc940
+++ config.base[125]EXPDIR=/scratch1/NCEPDEV/global/glopara/CI/3745/RUNTESTS/EXPDIR/C48_ATM_285cc940
+++ config.base[126]export ROTDIR=/scratch1/NCEPDEV/global/glopara/CI/3745/RUNTESTS/COMROOT/C48_ATM_285cc940
+++ config.base[126]ROTDIR=/scratch1/NCEPDEV/global/glopara/CI/3745/RUNTESTS/COMROOT/C48_ATM_285cc940
+++ config.base[127]export DUMP_SUFFIX=
+++ config.base[127]DUMP_SUFFIX=
+++ config.base[128][[ 2021032312 -ge 2019092100 ]]
+++ config.base[128][[ 2021032312 -le 2019110700 ]]
+++ config.base[131]export ARCDIR=/scratch1/NCEPDEV/global/role.glopara/archive/C48_ATM_285cc940
+++ config.base[131]ARCDIR=/scratch1/NCEPDEV/global/role.glopara/archive/C48_ATM_285cc940
+++ config.base[132]export ATARDIR=/NCEPDEV/emc-global/1year/role.glopara/HERA/scratch/C48_ATM_285cc940
+++ config.base[132]ATARDIR=/NCEPDEV/emc-global/1year/role.glopara/HERA/scratch/C48_ATM_285cc940
+++ config.base[133]export FETCHDIR=/NCEPDEV/emc-global/1year/David.Grumm/test_data
+++ config.base[133]FETCHDIR=/NCEPDEV/emc-global/1year/David.Grumm/test_data
+++ config.base[136]export envir=prod
+++ config.base[136]envir=prod
+++ config.base[137]export NET=gfs
+++ config.base[137]NET=gfs
+++ config.base[138]export RUN=gfs
+++ config.base[138]RUN=gfs
+++ config.base[141]source /scratch1/NCEPDEV/global/glopara/CI/3745/RUNTESTS/EXPDIR/C48_ATM_285cc940/config.com
++++ config.com[4]echo 'BEGIN: config.com'
BEGIN: config.com
++++ config.com[38][[ emc == \n\c\o ]]
++++ config.com[43]COM_OBSPROC_TMPL='${DMPDIR}/${RUN}${DUMP_SUFFIX}.${YMD}/${HH}/atmos'
++++ config.com[44]COM_RTOFS_TMPL='${DMPDIR}'
++++ config.com[45]COM_TCVITAL_TMPL='${DMPDIR}/${RUN}.${YMD}/${HH}/atmos'
++++ config.com[47]declare -rx 'COM_OBS_TMPL=${ROTDIR}/${RUN}.${YMD}/${HH}/obs'
++++ config.com[48]declare -rx COM_OBSPROC_TMPL COM_RTOFS_TMPL
++++ config.com[50]COM_BASE='${ROTDIR}/${RUN}.${YMD}/${HH}/${MEMDIR}'
++++ config.com[52]declare -rx 'COM_TOP_TMPL=${ROTDIR}/${RUN}.${YMD}/${HH}'
++++ config.com[54]declare -rx 'COM_CONF_TMPL=${ROTDIR}/${RUN}.${YMD}/${HH}/${MEMDIR}/conf'
++++ config.com[55]declare -rx 'COM_OBS_JEDI=${ROTDIR}/${RUN}.${YMD}/${HH}/${MEMDIR}/obs_jedi'
++++ config.com[57]declare -rx 'COM_ATMOS_INPUT_TMPL=${ROTDIR}/${RUN}.${YMD}/${HH}/${MEMDIR}/model/atmos/input'
++++ config.com[58]declare -rx 'COM_ATMOS_RESTART_TMPL=${ROTDIR}/${RUN}.${YMD}/${HH}/${MEMDIR}/model/atmos/restart'
++++ config.com[59]declare -rx 'COM_ATMOS_ANALYSIS_TMPL=${ROTDIR}/${RUN}.${YMD}/${HH}/${MEMDIR}/analysis/atmos'
++++ config.com[60]declare -rx 'COM_SNOW_ANALYSIS_TMPL=${ROTDIR}/${RUN}.${YMD}/${HH}/${MEMDIR}/analysis/snow'
++++ config.com[61]declare -rx 'COM_SNOW_ANLMON_TMPL=${ROTDIR}/${RUN}.${YMD}/${HH}/${MEMDIR}/products/snow/anlmon'
++++ config.com[62]declare -rx 'COM_ATMOS_HISTORY_TMPL=${ROTDIR}/${RUN}.${YMD}/${HH}/${MEMDIR}/model/atmos/history'
++++ config.com[63]declare -rx 'COM_ATMOS_MASTER_TMPL=${ROTDIR}/${RUN}.${YMD}/${HH}/${MEMDIR}/model/atmos/master'
++++ config.com[64]declare -rx 'COM_ATMOS_GRIB_TMPL=${ROTDIR}/${RUN}.${YMD}/${HH}/${MEMDIR}/products/atmos/grib2'
++++ config.com[65]declare -rx 'COM_ATMOS_GRIB_GRID_TMPL=${ROTDIR}/${RUN}.${YMD}/${HH}/${MEMDIR}/products/atmos/grib2/${GRID}'
++++ config.com[66]declare -rx 'COM_ATMOS_BUFR_TMPL=${ROTDIR}/${RUN}.${YMD}/${HH}/${MEMDIR}/products/atmos/bufr'
++++ config.com[67]declare -rx 'COM_ATMOS_GEMPAK_TMPL=${ROTDIR}/${RUN}.${YMD}/${HH}/${MEMDIR}/products/atmos/gempak/${GRID}'
++++ config.com[68]declare -rx 'COM_ATMOS_GENESIS_TMPL=${ROTDIR}/${RUN}.${YMD}/${HH}/${MEMDIR}/products/atmos/cyclone/genesis_vital'
++++ config.com[69]declare -rx 'COM_ATMOS_TRACK_TMPL=${ROTDIR}/${RUN}.${YMD}/${HH}/${MEMDIR}/products/atmos/cyclone/tracks'
++++ config.com[70]declare -rx 'COM_ATMOS_GOES_TMPL=${ROTDIR}/${RUN}.${YMD}/${HH}/${MEMDIR}/products/atmos/goes_sim'
++++ config.com[71]declare -rx 'COM_ATMOS_IMAGERY_TMPL=${ROTDIR}/${RUN}.${YMD}/${HH}/${MEMDIR}/products/atmos/imagery'
++++ config.com[72]declare -rx 'COM_ATMOS_OZNMON_TMPL=${ROTDIR}/${RUN}.${YMD}/${HH}/${MEMDIR}/products/atmos/oznmon'
++++ config.com[73]declare -rx 'COM_ATMOS_RADMON_TMPL=${ROTDIR}/${RUN}.${YMD}/${HH}/${MEMDIR}/products/atmos/radmon'
++++ config.com[74]declare -rx 'COM_ATMOS_MINMON_TMPL=${ROTDIR}/${RUN}.${YMD}/${HH}/${MEMDIR}/products/atmos/minmon'
++++ config.com[75]declare -rx 'COM_ATMOS_ANLMON_TMPL=${ROTDIR}/${RUN}.${YMD}/${HH}/${MEMDIR}/products/atmos/anlmon'
++++ config.com[76]declare -rx 'COM_ATMOS_WMO_TMPL=${ROTDIR}/${RUN}.${YMD}/${HH}/${MEMDIR}/products/atmos/wmo'
++++ config.com[78]declare -rx 'COM_WAVE_RESTART_TMPL=${ROTDIR}/${RUN}.${YMD}/${HH}/${MEMDIR}/model/wave/restart'
++++ config.com[79]declare -rx 'COM_WAVE_PREP_TMPL=${ROTDIR}/${RUN}.${YMD}/${HH}/${MEMDIR}/model/wave/prep'
++++ config.com[80]declare -rx 'COM_WAVE_HISTORY_TMPL=${ROTDIR}/${RUN}.${YMD}/${HH}/${MEMDIR}/model/wave/history'
++++ config.com[81]declare -rx 'COM_WAVE_GRID_TMPL=${ROTDIR}/${RUN}.${YMD}/${HH}/${MEMDIR}/products/wave/gridded'
++++ config.com[82]declare -rx 'COM_WAVE_GRID_RES_TMPL=${ROTDIR}/${RUN}.${YMD}/${HH}/${MEMDIR}/products/wave/gridded/${GRDRESNAME}'
++++ config.com[83]declare -rx 'COM_WAVE_STATION_TMPL=${ROTDIR}/${RUN}.${YMD}/${HH}/${MEMDIR}/products/wave/station'
++++ config.com[84]declare -rx 'COM_WAVE_GEMPAK_TMPL=${ROTDIR}/${RUN}.${YMD}/${HH}/${MEMDIR}/products/wave/gempak'
++++ config.com[85]declare -rx 'COM_WAVE_WMO_TMPL=${ROTDIR}/${RUN}.${YMD}/${HH}/${MEMDIR}/products/wave/wmo'
++++ config.com[87]declare -rx 'COM_OCEAN_HISTORY_TMPL=${ROTDIR}/${RUN}.${YMD}/${HH}/${MEMDIR}/model/ocean/history'
++++ config.com[88]declare -rx 'COM_OCEAN_RESTART_TMPL=${ROTDIR}/${RUN}.${YMD}/${HH}/${MEMDIR}/model/ocean/restart'
++++ config.com[89]declare -rx 'COM_OCEAN_INPUT_TMPL=${ROTDIR}/${RUN}.${YMD}/${HH}/${MEMDIR}/model/ocean/input'
++++ config.com[90]declare -rx 'COM_OCEAN_ANALYSIS_TMPL=${ROTDIR}/${RUN}.${YMD}/${HH}/${MEMDIR}/analysis/ocean'
++++ config.com[91]declare -rx 'COM_OCEAN_ANLMON_TMPL=${ROTDIR}/${RUN}.${YMD}/${HH}/${MEMDIR}/products/ocean/anlmon'
++++ config.com[92]declare -rx 'COM_OCEAN_LETKF_TMPL=${ROTDIR}/${RUN}.${YMD}/${HH}/${MEMDIR}/analysis/ocean/letkf'
++++ config.com[93]declare -rx 'COM_OCEAN_BMATRIX_TMPL=${ROTDIR}/${RUN}.${YMD}/${HH}/${MEMDIR}/bmatrix/ocean'
++++ config.com[94]declare -rx 'COM_OCEAN_NETCDF_TMPL=${ROTDIR}/${RUN}.${YMD}/${HH}/${MEMDIR}/products/ocean/netcdf'
++++ config.com[95]declare -rx 'COM_OCEAN_GRIB_TMPL=${ROTDIR}/${RUN}.${YMD}/${HH}/${MEMDIR}/products/ocean/grib2'
++++ config.com[96]declare -rx 'COM_OCEAN_GRIB_GRID_TMPL=${ROTDIR}/${RUN}.${YMD}/${HH}/${MEMDIR}/products/ocean/grib2/${GRID}'
++++ config.com[98]declare -rx 'COM_ICE_ANALYSIS_TMPL=${ROTDIR}/${RUN}.${YMD}/${HH}/${MEMDIR}/analysis/ice'
++++ config.com[99]declare -rx 'COM_ICE_LETKF_TMPL=${ROTDIR}/${RUN}.${YMD}/${HH}/${MEMDIR}/analysis/ice/letkf'
++++ config.com[100]declare -rx 'COM_ICE_ANLMON_TMPL=${ROTDIR}/${RUN}.${YMD}/${HH}/${MEMDIR}/products/ice/anlmon'
++++ config.com[101]declare -rx 'COM_ICE_BMATRIX_TMPL=${ROTDIR}/${RUN}.${YMD}/${HH}/${MEMDIR}/bmatrix/ice'
++++ config.com[102]declare -rx 'COM_ICE_INPUT_TMPL=${ROTDIR}/${RUN}.${YMD}/${HH}/${MEMDIR}/model/ice/input'
++++ config.com[103]declare -rx 'COM_ICE_HISTORY_TMPL=${ROTDIR}/${RUN}.${YMD}/${HH}/${MEMDIR}/model/ice/history'
++++ config.com[104]declare -rx 'COM_ICE_RESTART_TMPL=${ROTDIR}/${RUN}.${YMD}/${HH}/${MEMDIR}/model/ice/restart'
++++ config.com[105]declare -rx 'COM_ICE_NETCDF_TMPL=${ROTDIR}/${RUN}.${YMD}/${HH}/${MEMDIR}/products/ice/netcdf'
++++ config.com[106]declare -rx 'COM_ICE_GRIB_TMPL=${ROTDIR}/${RUN}.${YMD}/${HH}/${MEMDIR}/products/ice/grib2'
++++ config.com[107]declare -rx 'COM_ICE_GRIB_GRID_TMPL=${ROTDIR}/${RUN}.${YMD}/${HH}/${MEMDIR}/products/ice/grib2/${GRID}'
++++ config.com[109]declare -rx 'COM_CHEM_HISTORY_TMPL=${ROTDIR}/${RUN}.${YMD}/${HH}/${MEMDIR}/model/chem/history'
++++ config.com[110]declare -rx 'COM_CHEM_ANALYSIS_TMPL=${ROTDIR}/${RUN}.${YMD}/${HH}/${MEMDIR}/analysis/chem'
++++ config.com[111]declare -rx 'COM_CHEM_BMAT_TMPL=${ROTDIR}/${RUN}.${YMD}/${HH}/${MEMDIR}/analysis/chem/bmatrix'
++++ config.com[112]declare -rx 'COM_CHEM_ANLMON_TMPL=${ROTDIR}/${RUN}.${YMD}/${HH}/${MEMDIR}/products/chem/anlmon'
++++ config.com[114]declare -rx 'COM_MED_RESTART_TMPL=${ROTDIR}/${RUN}.${YMD}/${HH}/${MEMDIR}/model/med/restart'
+++ config.base[143]export LOGSCRIPT=
+++ config.base[143]LOGSCRIPT=
+++ config.base[145]export 'REDOUT=1>'
+++ config.base[145]REDOUT='1>'
+++ config.base[146]export 'REDERR=2>'
+++ config.base[146]REDERR='2>'
+++ config.base[148]export SENDECF=NO
+++ config.base[148]SENDECF=NO
+++ config.base[149]export SENDSDM=NO
+++ config.base[149]SENDSDM=NO
+++ config.base[150]export SENDDBN_NTC=NO
+++ config.base[150]SENDDBN_NTC=NO
+++ config.base[151]export SENDDBN=NO
+++ config.base[151]SENDDBN=NO
+++ config.base[152]export DBNROOT=/scratch1/NCEPDEV/nems/role.epic/spack-stack/spack-stack-1.6.0/envs/unified-env-rocky8/install/intel/2021.5.0/prod-util-2.1.1-4vpcrpl/fakedbn
+++ config.base[152]DBNROOT=/scratch1/NCEPDEV/nems/role.epic/spack-stack/spack-stack-1.6.0/envs/unified-env-rocky8/install/intel/2021.5.0/prod-util-2.1.1-4vpcrpl/fakedbn
+++ config.base[155]export APP=ATM
+++ config.base[155]APP=ATM
+++ config.base[157]shopt -s extglob
+++ config.base[160]case "${RUN}" in
+++ config.base[167]shopt -u extglob
+++ config.base[170]export DO_ATM=YES
+++ config.base[170]DO_ATM=YES
+++ config.base[171]export DO_COUPLED=NO
+++ config.base[171]DO_COUPLED=NO
+++ config.base[172]export DO_WAVE=NO
+++ config.base[172]DO_WAVE=NO
+++ config.base[173]export DO_OCN=NO
+++ config.base[173]DO_OCN=NO
+++ config.base[174]export DO_ICE=NO
+++ config.base[174]DO_ICE=NO
+++ config.base[175]DO_AERO=NO
+++ config.base[176]export DO_PREP_OBS_AERO=NO
+++ config.base[176]DO_PREP_OBS_AERO=NO
+++ config.base[177]aero_fcst_runs=gdas
+++ config.base[178]aero_anl_runs='gdas gfs'
+++ config.base[179]export DO_AERO_FCST=NO
+++ config.base[179]DO_AERO_FCST=NO
+++ config.base[180]export DO_AERO_ANL=NO
+++ config.base[180]DO_AERO_ANL=NO
+++ config.base[181]export DOBNDPNT_WAVE=YES
+++ config.base[181]DOBNDPNT_WAVE=YES
+++ config.base[182]export DOIBP_WAV=NO
+++ config.base[182]DOIBP_WAV=NO
+++ config.base[183]export FRAC_GRID=.true.
+++ config.base[183]FRAC_GRID=.true.
+++ config.base[184]export DO_NEST=NO
+++ config.base[184]DO_NEST=NO
+++ config.base[185][[ NO == \Y\E\S ]]
+++ config.base[191]export ntiles=6
+++ config.base[191]ntiles=6
+++ config.base[192]export FIXugwd=/scratch1/NCEPDEV/global/glopara/CI/3745/global-workflow/fix/ugwd
+++ config.base[192]FIXugwd=/scratch1/NCEPDEV/global/glopara/CI/3745/global-workflow/fix/ugwd
+++ config.base[193]export FIXorog=/scratch1/NCEPDEV/global/glopara/CI/3745/global-workflow/fix/orog
+++ config.base[193]FIXorog=/scratch1/NCEPDEV/global/glopara/CI/3745/global-workflow/fix/orog
+++ config.base[197]export OPS_RES=C768
+++ config.base[197]OPS_RES=C768
+++ config.base[200]export LEVS=128
+++ config.base[200]LEVS=128
+++ config.base[201]export CASE=C48
+++ config.base[201]CASE=C48
+++ config.base[202]export 'CASE_ENS={{ CASE_ENS }}'
+++ config.base[202]CASE_ENS='{{ CASE_ENS }}'
+++ config.base[203]export OCNRES=500
+++ config.base[203]OCNRES=500
+++ config.base[204]export ICERES=500
+++ config.base[204]ICERES=500
+++ config.base[207]case "${CASE}" in
+++ config.base[209]export waveGRD=uglo_100km
+++ config.base[209]waveGRD=uglo_100km
+++ config.base[226]case "${APP}" in
+++ config.base[261][[ NO == \Y\E\S ]]
+++ config.base[271][[ gfs =~ gdas ]]
+++ config.base[274][[ gfs =~ gfs ]]
+++ config.base[275]export FHCYC=24
+++ config.base[275]FHCYC=24
+++ config.base[279]export FHMIN=0
+++ config.base[279]FHMIN=0
+++ config.base[280]export FHMAX=9
+++ config.base[280]FHMAX=9
+++ config.base[281]export FHOUT=3
+++ config.base[281]FHOUT=3
+++ config.base[282]export FHOUT_OCN=3
+++ config.base[282]FHOUT_OCN=3
+++ config.base[283]export FHOUT_ICE=3
+++ config.base[283]FHOUT_ICE=3
+++ config.base[284]export FHOUT_AERO=3
+++ config.base[284]FHOUT_AERO=3
+++ config.base[287]export EUPD_CYC=gdas
+++ config.base[287]EUPD_CYC=gdas
+++ config.base[290]export INTERVAL_GFS=6
+++ config.base[290]INTERVAL_GFS=6
+++ config.base[291]export SDATE_GFS=2021032312
+++ config.base[291]SDATE_GFS=2021032312
+++ config.base[294]export FHMIN_GFS=0
+++ config.base[294]FHMIN_GFS=0
+++ config.base[295]export FHMAX_GFS=120
+++ config.base[295]FHMAX_GFS=120
+++ config.base[297]breakpnts=
+++ config.base[298]export FCST_SEGMENTS=0,120
+++ config.base[298]FCST_SEGMENTS=0,120
+++ config.base[299]export FHOUT_GFS=3
+++ config.base[299]FHOUT_GFS=3
+++ config.base[300]export FHMAX_HF_GFS=0
+++ config.base[300]FHMAX_HF_GFS=0
+++ config.base[301]export FHOUT_HF_GFS=1
+++ config.base[301]FHOUT_HF_GFS=1
+++ config.base[302]export FHOUT_OCN_GFS=6
+++ config.base[302]FHOUT_OCN_GFS=6
+++ config.base[303]export FHOUT_ICE_GFS=6
+++ config.base[303]FHOUT_ICE_GFS=6
+++ config.base[304]export FHMIN_WAV=0
+++ config.base[304]FHMIN_WAV=0
+++ config.base[305]export FHOUT_WAV=3
+++ config.base[305]FHOUT_WAV=3
+++ config.base[306]export FHMAX_HF_WAV=120
+++ config.base[306]FHMAX_HF_WAV=120
+++ config.base[307]export FHOUT_HF_WAV=1
+++ config.base[307]FHOUT_HF_WAV=1
+++ config.base[308]export FHMAX_WAV=9
+++ config.base[308]FHMAX_WAV=9
+++ config.base[309]export FHMAX_WAV_GFS=120
+++ config.base[309]FHMAX_WAV_GFS=120
+++ config.base[310]export FHMAX_HF_GFS=0
+++ config.base[310]FHMAX_HF_GFS=0
+++ config.base[311]export FHMAX_WAV=9
+++ config.base[311]FHMAX_WAV=9
+++ config.base[312]export FHMAX_WAV_GFS=120
+++ config.base[312]FHMAX_WAV_GFS=120
+++ config.base[313]export FHMAX_HF_WAV=120
+++ config.base[313]FHMAX_HF_WAV=120
+++ config.base[316]export ILPOST=1
+++ config.base[316]ILPOST=1
+++ config.base[317]((  FHMAX_HF_GFS < 120  ))
+++ config.base[318]export ILPOST=3
+++ config.base[318]ILPOST=3
+++ config.base[322]export FHMAX_GOES=180
+++ config.base[322]FHMAX_GOES=180
+++ config.base[323]export FHOUT_GOES=3
+++ config.base[323]FHOUT_GOES=3
+++ config.base[324]((  FHMAX_GOES > FHMAX_GFS  ))
+++ config.base[325]export FHMAX_GOES=120
+++ config.base[325]FHMAX_GOES=120
+++ config.base[329]export restart_interval_gfs=12
+++ config.base[329]restart_interval_gfs=12
+++ config.base[334]export QUILTING=.true.
+++ config.base[334]QUILTING=.true.
+++ config.base[335]export OUTPUT_GRID=gaussian_grid
+++ config.base[335]OUTPUT_GRID=gaussian_grid
+++ config.base[336]export WRITE_DOPOST=.true.
+++ config.base[336]WRITE_DOPOST=.true.
+++ config.base[337]export WRITE_NSFLIP=.true.
+++ config.base[337]WRITE_NSFLIP=.true.
+++ config.base[340]export DOIAU=YES
+++ config.base[340]DOIAU=YES
+++ config.base[341]export IAUFHRS=3,6,9
+++ config.base[341]IAUFHRS=3,6,9
+++ config.base[342]export IAU_FHROT=3
+++ config.base[342]IAU_FHROT=3
+++ config.base[343]export IAU_DELTHRS=6
+++ config.base[343]IAU_DELTHRS=6
+++ config.base[344]export IAU_OFFSET=6
+++ config.base[344]IAU_OFFSET=6
+++ config.base[345]export DOIAU_ENKF=YES
+++ config.base[345]DOIAU_ENKF=YES
+++ config.base[346]export IAUFHRS_ENKF=3,6,9
+++ config.base[346]IAUFHRS_ENKF=3,6,9
+++ config.base[347]export IAU_DELTHRS_ENKF=6
+++ config.base[347]IAU_DELTHRS_ENKF=6
+++ config.base[350]export lobsdiag_forenkf=.true.
+++ config.base[350]lobsdiag_forenkf=.true.
+++ config.base[358]export imp_physics=8
+++ config.base[358]imp_physics=8
+++ config.base[362]export DO_JEDIATMVAR=NO
+++ config.base[362]DO_JEDIATMVAR=NO
+++ config.base[363]export DO_JEDIATMENS=NO
+++ config.base[363]DO_JEDIATMENS=NO
+++ config.base[364]export DO_JEDIOCNVAR=NO
+++ config.base[364]DO_JEDIOCNVAR=NO
+++ config.base[365]export DO_JEDISNOWDA=NO
+++ config.base[365]DO_JEDISNOWDA=NO
+++ config.base[366]export DO_MERGENSST=NO
+++ config.base[366]DO_MERGENSST=NO
+++ config.base[367]export DO_STARTMEM_FROM_JEDIICE=NO
+++ config.base[367]DO_STARTMEM_FROM_JEDIICE=NO
+++ config.base[370]export 'DOHYBVAR={{ DOHYBVAR }}'
+++ config.base[370]DOHYBVAR='{{ DOHYBVAR }}'
+++ config.base[371]export DOHYBVAR_OCN=NO
+++ config.base[371]DOHYBVAR_OCN=NO
+++ config.base[372]export DOLETKF_OCN=NO
+++ config.base[372]DOLETKF_OCN=NO
+++ config.base[373]export NMEM_ENS=0
+++ config.base[373]NMEM_ENS=0
+++ config.base[374]export SMOOTH_ENKF=NO
+++ config.base[374]SMOOTH_ENKF=NO
+++ config.base[375]export l4densvar=.true.
+++ config.base[375]l4densvar=.true.
+++ config.base[376]export lwrite4danl=.true.
+++ config.base[376]lwrite4danl=.true.
+++ config.base[377]export DO_CALC_INCREMENT=NO
+++ config.base[377]DO_CALC_INCREMENT=NO
+++ config.base[380]export NMEM_ENS_GFS=30
+++ config.base[380]NMEM_ENS_GFS=30
+++ config.base[381]export NMEM_ENS_GFS_OFFSET=20
+++ config.base[381]NMEM_ENS_GFS_OFFSET=20
+++ config.base[382]export DO_CALC_INCREMENT_ENKF_GFS=NO
+++ config.base[382]DO_CALC_INCREMENT_ENKF_GFS=NO
+++ config.base[385][[ {{ DOHYBVAR }} = \Y\E\S ]]
+++ config.base[399][[ {{ DOHYBVAR }} == \N\O ]]
+++ config.base[407]export ENKF_SPREAD=YES
+++ config.base[407]ENKF_SPREAD=YES
+++ config.base[410][[ forecast-only = \c\y\c\l\e\d ]]
+++ config.base[410][[ YES = \N\O ]]
+++ config.base[410][[ forecast-only = \f\o\r\e\c\a\s\t\-\o\n\l\y ]]
+++ config.base[410][[ .false. = \.\f\a\l\s\e\. ]]
+++ config.base[411]export IAU_OFFSET=0
+++ config.base[411]IAU_OFFSET=0
+++ config.base[412]export IAU_FHROT=0
+++ config.base[412]IAU_FHROT=0
+++ config.base[413]export IAUFHRS=6,
+++ config.base[413]IAUFHRS=6,
+++ config.base[416][[ YES = \N\O ]]
+++ config.base[420][[ YES == \Y\E\S ]]
+++ config.base[421]export restart_interval_enkfgdas=3
+++ config.base[421]restart_interval_enkfgdas=3
+++ config.base[426]export restart_interval_enkfgfs=3
+++ config.base[426]restart_interval_enkfgfs=3
+++ config.base[428][[ YES == \Y\E\S ]]
+++ config.base[429]export restart_interval_gdas=3
+++ config.base[429]restart_interval_gdas=3
+++ config.base[434]export DO_GSISOILDA=NO
+++ config.base[434]DO_GSISOILDA=NO
+++ config.base[437]export DONST=YES
+++ config.base[437]DONST=YES
+++ config.base[438][[ YES = \Y\E\S ]]
+++ config.base[438]export 'FNTSFA=        '
+++ config.base[438]FNTSFA='        '
+++ config.base[441]export nst_anl=.true.
+++ config.base[441]nst_anl=.true.
+++ config.base[444]export MAKE_NSSTBUFR=NO
+++ config.base[444]MAKE_NSSTBUFR=NO
+++ config.base[447]export MAKE_ACFTBUFR=NO
+++ config.base[447]MAKE_ACFTBUFR=NO
+++ config.base[450]export 'INCREMENTS_TO_ZERO='\''liq_wat_inc'\'','\''icmr_inc'\'','\''rwmr_inc'\'','\''snmr_inc'\'','\''grle_inc'\'''
+++ config.base[450]INCREMENTS_TO_ZERO=''\''liq_wat_inc'\'','\''icmr_inc'\'','\''rwmr_inc'\'','\''snmr_inc'\'','\''grle_inc'\'''
+++ config.base[453]export 'INCVARS_ZERO_STRAT='\''sphum_inc'\'','\''liq_wat_inc'\'','\''icmr_inc'\'','\''rwmr_inc'\'','\''snmr_inc'\'','\''grle_inc'\'''
+++ config.base[453]INCVARS_ZERO_STRAT=''\''sphum_inc'\'','\''liq_wat_inc'\'','\''icmr_inc'\'','\''rwmr_inc'\'','\''snmr_inc'\'','\''grle_inc'\'''
+++ config.base[454]export INCVARS_EFOLD=5
+++ config.base[454]INCVARS_EFOLD=5
+++ config.base[459]export netcdf_diag=.true.
+++ config.base[459]netcdf_diag=.true.
+++ config.base[460]export binary_diag=.false.
+++ config.base[460]binary_diag=.false.
+++ config.base[463]export DO_CA=YES
+++ config.base[463]DO_CA=YES
+++ config.base[466]export DO_METP=NO
+++ config.base[466]DO_METP=NO
+++ config.base[467]export DO_FIT2OBS=YES
+++ config.base[467]DO_FIT2OBS=YES
+++ config.base[470]export FHMAX_FITS=132
+++ config.base[470]FHMAX_FITS=132
+++ config.base[471][[ 132 -gt 120 ]]
+++ config.base[472]export FHMAX_FITS=120
+++ config.base[472]FHMAX_FITS=120
+++ config.base[477]export DO_FETCH_HPSS=NO
+++ config.base[477]DO_FETCH_HPSS=NO
+++ config.base[478]export DO_FETCH_LOCAL=NO
+++ config.base[478]DO_FETCH_LOCAL=NO
+++ config.base[481]export DO_ARCHCOM=YES
+++ config.base[481]DO_ARCHCOM=YES
+++ config.base[482]export ARCHCOM_TO=hpss
+++ config.base[482]ARCHCOM_TO=hpss
+++ config.base[485]export 'CLIENT_GLOBUS_UUID={{ CLIENT_GLOBUS_UUID }}'
+++ config.base[485]CLIENT_GLOBUS_UUID='{{ CLIENT_GLOBUS_UUID }}'
+++ config.base[488][[ NO = \Y\E\S ]]
+++ config.base[495][[ NO = \Y\E\S ]]
+++ config.base[495][[ NO = \Y\E\S ]]
+++ config.base[495][[ NO = \Y\E\S\  ]]
+++ config.base[501]export REPLAY_ICS=NO
+++ config.base[501]REPLAY_ICS=NO
+++ config.base[502]export OFFSET_START_HOUR=0
+++ config.base[502]OFFSET_START_HOUR=0
+++ config.base[505]export NUM_SND_COLLECTIVES=9
+++ config.base[505]NUM_SND_COLLECTIVES=9
+++ config.base[507]echo 'END: config.base'
END: config.base
++ jjob_header.sh[106]true
++ jjob_header.sh[107]export err=0
++ jjob_header.sh[107]err=0
++ jjob_header.sh[108][[ 0 -ne 0 ]]
++ jjob_header.sh[105]for config in "${configs[@]:-''}"
++ jjob_header.sh[106]source /scratch1/NCEPDEV/global/glopara/CI/3745/RUNTESTS/EXPDIR/C48_ATM_285cc940/config.arch_vrfy
+++ config.arch_vrfy[6]echo 'BEGIN: config.arch_vrfy'
BEGIN: config.arch_vrfy
+++ config.arch_vrfy[9]. /scratch1/NCEPDEV/global/glopara/CI/3745/RUNTESTS/EXPDIR/C48_ATM_285cc940/config.resources arch_vrfy
++++ config.resources[10]((  1 != 1  ))
++++ config.resources[34]step=arch_vrfy
++++ config.resources[36]echo 'BEGIN: config.resources'
BEGIN: config.resources
++++ config.resources[38]case ${machine} in
++++ config.resources[46]max_tasks_per_node=40
++++ config.resources[48]mem_node_max=96GB
++++ config.resources[106]export max_tasks_per_node
++++ config.resources[108]case ${step} in
++++ config.resources[1145]walltime=00:30:00
++++ config.resources[1146]ntasks=1
++++ config.resources[1147]tasks_per_node=1
++++ config.resources[1148]threads_per_task=1
++++ config.resources[1149]memory=4096M
++++ config.resources[1400][[ -f /scratch1/NCEPDEV/global/glopara/CI/3745/RUNTESTS/EXPDIR/C48_ATM_285cc940/config.resources.HERA ]]
++++ config.resources[1401]source /scratch1/NCEPDEV/global/glopara/CI/3745/RUNTESTS/EXPDIR/C48_ATM_285cc940/config.resources.HERA
+++++ config.resources.HERA[5]case ${step} in
++++ config.resources[1405]for resource_var in threads_per_task ntasks tasks_per_node NTASKS memory walltime
++++ config.resources[1406]run_resource_var=threads_per_task_gfs
++++ config.resources[1407][[ -n '' ]]
++++ config.resources[1409][[ -n 0 ]]
++++ config.resources[1410]export threads_per_task
++++ config.resources[1405]for resource_var in threads_per_task ntasks tasks_per_node NTASKS memory walltime
++++ config.resources[1406]run_resource_var=ntasks_gfs
++++ config.resources[1407][[ -n '' ]]
++++ config.resources[1409][[ -n 0 ]]
++++ config.resources[1410]export ntasks
++++ config.resources[1405]for resource_var in threads_per_task ntasks tasks_per_node NTASKS memory walltime
++++ config.resources[1406]run_resource_var=tasks_per_node_gfs
++++ config.resources[1407][[ -n '' ]]
++++ config.resources[1409][[ -n 0 ]]
++++ config.resources[1410]export tasks_per_node
++++ config.resources[1405]for resource_var in threads_per_task ntasks tasks_per_node NTASKS memory walltime
++++ config.resources[1406]run_resource_var=NTASKS_gfs
++++ config.resources[1407][[ -n '' ]]
++++ config.resources[1409][[ -n '' ]]
++++ config.resources[1405]for resource_var in threads_per_task ntasks tasks_per_node NTASKS memory walltime
++++ config.resources[1406]run_resource_var=memory_gfs
++++ config.resources[1407][[ -n '' ]]
++++ config.resources[1409][[ -n 0 ]]
++++ config.resources[1410]export memory
++++ config.resources[1405]for resource_var in threads_per_task ntasks tasks_per_node NTASKS memory walltime
++++ config.resources[1406]run_resource_var=walltime_gfs
++++ config.resources[1407][[ -n '' ]]
++++ config.resources[1409][[ -n 0 ]]
++++ config.resources[1410]export walltime
++++ config.resources[1414]echo 'END: config.resources'
END: config.resources
+++ config.arch_vrfy[11]echo 'END: config.arch_vrfy'
END: config.arch_vrfy
++ jjob_header.sh[106]true
++ jjob_header.sh[107]export err=0
++ jjob_header.sh[107]err=0
++ jjob_header.sh[108][[ 0 -ne 0 ]]
++ jjob_header.sh[117]source /scratch1/NCEPDEV/global/glopara/CI/3745/global-workflow/env/HERA.env arch_vrfy
+++ HERA.env[3][[ 1 -ne 1 ]]
+++ HERA.env[10]step=arch_vrfy
+++ HERA.env[12]export 'launcher=srun -l --export=ALL --hint=nomultithread'
+++ HERA.env[12]launcher='srun -l --export=ALL --hint=nomultithread'
+++ HERA.env[13]export 'mpmd_opt=--multi-prog --output=mpmd.%j.%t.out'
+++ HERA.env[13]mpmd_opt='--multi-prog --output=mpmd.%j.%t.out'
+++ HERA.env[24]export OMP_STACKSIZE=2048000
+++ HERA.env[24]OMP_STACKSIZE=2048000
+++ HERA.env[25]export NTHSTACK=1024000000
+++ HERA.env[25]NTHSTACK=1024000000
+++ HERA.env[29][[ -n 11538492 ]]
+++ HERA.env[30]ulimit -s unlimited
+++ HERA.env[31]ulimit -a
core file size          (blocks, -c) unlimited
data seg size           (kbytes, -d) unlimited
scheduling priority             (-e) 0
file size               (blocks, -f) unlimited
pending signals                 (-i) 767041
max locked memory       (kbytes, -l) unlimited
max memory size         (kbytes, -m) 4194304
open files                      (-n) 131072
pipe size            (512 bytes, -p) 8
POSIX message queues     (bytes, -q) 819200
real-time priority              (-r) 0
stack size              (kbytes, -s) unlimited
cpu time               (seconds, -t) unlimited
max user processes              (-u) 767041
virtual memory          (kbytes, -v) unlimited
file locks                      (-x) unlimited
+++ HERA.env[36][[ -n 1 ]]
+++ HERA.env[36][[ -n 40 ]]
+++ HERA.env[36][[ -n 1 ]]
+++ HERA.env[37]max_threads_per_task=40
+++ HERA.env[38]NTHREADSmax=1
+++ HERA.env[39]NTHREADS1=1
+++ HERA.env[40][[ 1 -gt 40 ]]
+++ HERA.env[43][[ 1 -gt 40 ]]
+++ HERA.env[46]APRUN_default='srun -l --export=ALL --hint=nomultithread -n 1'
+++ HERA.env[52][[ arch_vrfy = \p\r\e\p ]]
+++ HERA.env[52][[ arch_vrfy = \p\r\e\p\b\u\f\r ]]
+++ HERA.env[59][[ arch_vrfy = \p\r\e\p\_\e\m\i\s\s\i\o\n\s ]]
+++ HERA.env[63][[ arch_vrfy = \w\a\v\e\i\n\i\t ]]
+++ HERA.env[63][[ arch_vrfy = \w\a\v\e\p\r\e\p ]]
+++ HERA.env[63][[ arch_vrfy = \w\a\v\e\p\o\s\t\s\b\s ]]
+++ HERA.env[63][[ arch_vrfy = \w\a\v\e\p\o\s\t\b\n\d\p\n\t ]]
+++ HERA.env[63][[ arch_vrfy = \w\a\v\e\p\o\s\t\b\n\d\p\n\t\b\l\l ]]
+++ HERA.env[63][[ arch_vrfy = \w\a\v\e\p\o\s\t\p\n\t ]]
+++ HERA.env[70][[ arch_vrfy = \a\t\m\a\n\l\v\a\r ]]
+++ HERA.env[75][[ arch_vrfy = \a\t\m\e\n\s\a\n\l\o\b\s ]]
+++ HERA.env[80][[ arch_vrfy = \a\t\m\e\n\s\a\n\l\s\o\l ]]
+++ HERA.env[85][[ arch_vrfy = \a\t\m\e\n\s\a\n\l\l\e\t\k\f ]]
+++ HERA.env[90][[ arch_vrfy = \a\t\m\e\n\s\a\n\l\f\v\3\i\n\c ]]
+++ HERA.env[95][[ arch_vrfy = \a\e\r\o\a\n\l\v\a\r ]]
+++ HERA.env[102][[ arch_vrfy = \a\e\r\o\a\n\l\g\e\n\b ]]
+++ HERA.env[107][[ arch_vrfy = \a\t\m\a\n\l\f\v\3\i\n\c ]]
+++ HERA.env[112][[ arch_vrfy = \a\n\l\s\t\a\t ]]
+++ HERA.env[117][[ arch_vrfy = \p\r\e\p\o\b\s\a\e\r\o ]]
+++ HERA.env[122][[ arch_vrfy = \s\n\o\w\a\n\l ]]
+++ HERA.env[131][[ arch_vrfy = \e\s\n\o\w\a\n\l ]]
+++ HERA.env[140][[ arch_vrfy = \m\a\r\i\n\e\b\m\a\t ]]
+++ HERA.env[145][[ arch_vrfy = \m\a\r\i\n\e\a\n\l\v\a\r ]]
+++ HERA.env[150][[ arch_vrfy = \m\a\r\i\n\e\a\n\l\c\h\k\p\t ]]
+++ HERA.env[157][[ arch_vrfy = \o\c\n\a\n\a\l\e\c\e\n ]]
+++ HERA.env[162][[ arch_vrfy = \m\a\r\i\n\e\a\n\l\l\e\t\k\f ]]
+++ HERA.env[167][[ arch_vrfy = \e\c\e\n\_\f\v\3\j\e\d\i ]]
+++ HERA.env[173][[ arch_vrfy = \a\n\a\l\c\a\l\c\_\f\v\3\j\e\d\i ]]
+++ HERA.env[178][[ arch_vrfy = \a\n\a\l ]]
+++ HERA.env[178][[ arch_vrfy = \a\n\a\l\c\a\l\c ]]
+++ HERA.env[207][[ arch_vrfy = \o\f\f\l\i\n\e\a\n\l ]]
+++ HERA.env[221][[ arch_vrfy = \s\f\c\a\n\l ]]
+++ HERA.env[230][[ arch_vrfy = \e\o\b\s ]]
+++ HERA.env[242][[ arch_vrfy = \e\u\p\d ]]
+++ HERA.env[251][[ arch_vrfy = \f\c\s\t ]]
+++ HERA.env[251][[ arch_vrfy = \e\f\c\s ]]
+++ HERA.env[259][[ arch_vrfy = \u\p\p ]]
+++ HERA.env[264][[ arch_vrfy = \a\t\m\o\s\_\p\r\o\d\u\c\t\s ]]
+++ HERA.env[268][[ arch_vrfy = \o\c\e\a\n\i\c\e\_\p\r\o\d\u\c\t\s ]]
+++ HERA.env[273][[ arch_vrfy = \e\c\e\n ]]
+++ HERA.env[290][[ arch_vrfy = \e\s\f\c ]]
+++ HERA.env[305][[ arch_vrfy = \e\p\o\s ]]
+++ HERA.env[310][[ arch_vrfy = \p\o\s\t\s\n\d ]]
+++ HERA.env[323][[ arch_vrfy = \a\w\i\p\s ]]
+++ HERA.env[328][[ arch_vrfy = \g\e\m\p\a\k ]]
+++ HERA.env[337][[ arch_vrfy = \f\i\t\2\o\b\s ]]
++ jjob_header.sh[117]true
++ jjob_header.sh[118]export err=0
++ jjob_header.sh[118]err=0
++ jjob_header.sh[119][[ 0 -ne 0 ]]
+ JGLOBAL_ARCHIVE_TARS[4][[ NO == \Y\E\S ]]
+ JGLOBAL_ARCHIVE_TARS[12]YMD=20210323
+ JGLOBAL_ARCHIVE_TARS[12]HH=12
+ JGLOBAL_ARCHIVE_TARS[12]declare_from_tmpl -rx COMIN_ATMOS_ANALYSIS:COM_ATMOS_ANALYSIS_TMPL COMIN_ATMOS_BUFR:COM_ATMOS_BUFR_TMPL COMIN_ATMOS_GEMPAK:COM_ATMOS_GEMPAK_TMPL COMIN_ATMOS_GENESIS:COM_ATMOS_GENESIS_TMPL COMIN_ATMOS_HISTORY:COM_ATMOS_HISTORY_TMPL COMIN_ATMOS_INPUT:COM_ATMOS_INPUT_TMPL COMIN_ATMOS_MASTER:COM_ATMOS_MASTER_TMPL COMIN_ATMOS_RESTART:COM_ATMOS_RESTART_TMPL COMIN_ATMOS_TRACK:COM_ATMOS_TRACK_TMPL COMIN_ATMOS_WMO:COM_ATMOS_WMO_TMPL COMIN_CHEM_HISTORY:COM_CHEM_HISTORY_TMPL COMIN_CHEM_ANALYSIS:COM_CHEM_ANALYSIS_TMPL COMIN_MED_RESTART:COM_MED_RESTART_TMPL COMIN_SNOW_ANALYSIS:COM_SNOW_ANALYSIS_TMPL COMIN_ICE_ANALYSIS:COM_ICE_ANALYSIS_TMPL COMIN_ICE_BMATRIX:COM_ICE_BMATRIX_TMPL COMIN_ICE_HISTORY:COM_ICE_HISTORY_TMPL COMIN_ICE_INPUT:COM_ICE_INPUT_TMPL COMIN_ICE_RESTART:COM_ICE_RESTART_TMPL COMIN_ICE_GRIB:COM_ICE_GRIB_TMPL COMIN_OBS:COM_OBS_TMPL COMIN_TOP:COM_TOP_TMPL COMIN_OCEAN_HISTORY:COM_OCEAN_HISTORY_TMPL COMIN_OCEAN_RESTART:COM_OCEAN_RESTART_TMPL COMIN_OCEAN_GRIB:COM_OCEAN_GRIB_TMPL COMIN_OCEAN_NETCDF:COM_OCEAN_NETCDF_TMPL COMIN_OCEAN_ANALYSIS:COM_OCEAN_ANALYSIS_TMPL COMIN_OCEAN_BMATRIX:COM_OCEAN_BMATRIX_TMPL COMIN_WAVE_GRID:COM_WAVE_GRID_TMPL COMIN_WAVE_HISTORY:COM_WAVE_HISTORY_TMPL COMIN_WAVE_STATION:COM_WAVE_STATION_TMPL COMIN_WAVE_RESTART:COM_WAVE_RESTART_TMPL COMIN_ATMOS_OZNMON:COM_ATMOS_OZNMON_TMPL COMIN_ATMOS_RADMON:COM_ATMOS_RADMON_TMPL COMIN_ATMOS_MINMON:COM_ATMOS_MINMON_TMPL COMIN_CONF:COM_CONF_TMPL COMOUT_CONF:COM_CONF_TMPL COMOUT_ATMOS_TRACK:COM_ATMOS_TRACK_TMPL
+ bash_utils.sh[39][[ NO == \N\O ]]
+ bash_utils.sh[39]set +x
declare_from_tmpl :: COMIN_ATMOS_ANALYSIS=/scratch1/NCEPDEV/global/glopara/CI/3745/RUNTESTS/COMROOT/C48_ATM_285cc940/gfs.20210323/12//analysis/atmos
declare_from_tmpl :: COMIN_ATMOS_BUFR=/scratch1/NCEPDEV/global/glopara/CI/3745/RUNTESTS/COMROOT/C48_ATM_285cc940/gfs.20210323/12//products/atmos/bufr
declare_from_tmpl :: COMIN_ATMOS_GEMPAK=/scratch1/NCEPDEV/global/glopara/CI/3745/RUNTESTS/COMROOT/C48_ATM_285cc940/gfs.20210323/12//products/atmos/gempak/
declare_from_tmpl :: COMIN_ATMOS_GENESIS=/scratch1/NCEPDEV/global/glopara/CI/3745/RUNTESTS/COMROOT/C48_ATM_285cc940/gfs.20210323/12//products/atmos/cyclone/genesis_vital
declare_from_tmpl :: COMIN_ATMOS_HISTORY=/scratch1/NCEPDEV/global/glopara/CI/3745/RUNTESTS/COMROOT/C48_ATM_285cc940/gfs.20210323/12//model/atmos/history
declare_from_tmpl :: COMIN_ATMOS_INPUT=/scratch1/NCEPDEV/global/glopara/CI/3745/RUNTESTS/COMROOT/C48_ATM_285cc940/gfs.20210323/12//model/atmos/input
declare_from_tmpl :: COMIN_ATMOS_MASTER=/scratch1/NCEPDEV/global/glopara/CI/3745/RUNTESTS/COMROOT/C48_ATM_285cc940/gfs.20210323/12//model/atmos/master
declare_from_tmpl :: COMIN_ATMOS_RESTART=/scratch1/NCEPDEV/global/glopara/CI/3745/RUNTESTS/COMROOT/C48_ATM_285cc940/gfs.20210323/12//model/atmos/restart
declare_from_tmpl :: COMIN_ATMOS_TRACK=/scratch1/NCEPDEV/global/glopara/CI/3745/RUNTESTS/COMROOT/C48_ATM_285cc940/gfs.20210323/12//products/atmos/cyclone/tracks
declare_from_tmpl :: COMIN_ATMOS_WMO=/scratch1/NCEPDEV/global/glopara/CI/3745/RUNTESTS/COMROOT/C48_ATM_285cc940/gfs.20210323/12//products/atmos/wmo
declare_from_tmpl :: COMIN_CHEM_HISTORY=/scratch1/NCEPDEV/global/glopara/CI/3745/RUNTESTS/COMROOT/C48_ATM_285cc940/gfs.20210323/12//model/chem/history
declare_from_tmpl :: COMIN_CHEM_ANALYSIS=/scratch1/NCEPDEV/global/glopara/CI/3745/RUNTESTS/COMROOT/C48_ATM_285cc940/gfs.20210323/12//analysis/chem
declare_from_tmpl :: COMIN_MED_RESTART=/scratch1/NCEPDEV/global/glopara/CI/3745/RUNTESTS/COMROOT/C48_ATM_285cc940/gfs.20210323/12//model/med/restart
declare_from_tmpl :: COMIN_SNOW_ANALYSIS=/scratch1/NCEPDEV/global/glopara/CI/3745/RUNTESTS/COMROOT/C48_ATM_285cc940/gfs.20210323/12//analysis/snow
declare_from_tmpl :: COMIN_ICE_ANALYSIS=/scratch1/NCEPDEV/global/glopara/CI/3745/RUNTESTS/COMROOT/C48_ATM_285cc940/gfs.20210323/12//analysis/ice
declare_from_tmpl :: COMIN_ICE_BMATRIX=/scratch1/NCEPDEV/global/glopara/CI/3745/RUNTESTS/COMROOT/C48_ATM_285cc940/gfs.20210323/12//bmatrix/ice
declare_from_tmpl :: COMIN_ICE_HISTORY=/scratch1/NCEPDEV/global/glopara/CI/3745/RUNTESTS/COMROOT/C48_ATM_285cc940/gfs.20210323/12//model/ice/history
declare_from_tmpl :: COMIN_ICE_INPUT=/scratch1/NCEPDEV/global/glopara/CI/3745/RUNTESTS/COMROOT/C48_ATM_285cc940/gfs.20210323/12//model/ice/input
declare_from_tmpl :: COMIN_ICE_RESTART=/scratch1/NCEPDEV/global/glopara/CI/3745/RUNTESTS/COMROOT/C48_ATM_285cc940/gfs.20210323/12//model/ice/restart
declare_from_tmpl :: COMIN_ICE_GRIB=/scratch1/NCEPDEV/global/glopara/CI/3745/RUNTESTS/COMROOT/C48_ATM_285cc940/gfs.20210323/12//products/ice/grib2
declare_from_tmpl :: COMIN_OBS=/scratch1/NCEPDEV/global/glopara/CI/3745/RUNTESTS/COMROOT/C48_ATM_285cc940/gfs.20210323/12/obs
declare_from_tmpl :: COMIN_TOP=/scratch1/NCEPDEV/global/glopara/CI/3745/RUNTESTS/COMROOT/C48_ATM_285cc940/gfs.20210323/12
declare_from_tmpl :: COMIN_OCEAN_HISTORY=/scratch1/NCEPDEV/global/glopara/CI/3745/RUNTESTS/COMROOT/C48_ATM_285cc940/gfs.20210323/12//model/ocean/history
declare_from_tmpl :: COMIN_OCEAN_RESTART=/scratch1/NCEPDEV/global/glopara/CI/3745/RUNTESTS/COMROOT/C48_ATM_285cc940/gfs.20210323/12//model/ocean/restart
declare_from_tmpl :: COMIN_OCEAN_GRIB=/scratch1/NCEPDEV/global/glopara/CI/3745/RUNTESTS/COMROOT/C48_ATM_285cc940/gfs.20210323/12//products/ocean/grib2
declare_from_tmpl :: COMIN_OCEAN_NETCDF=/scratch1/NCEPDEV/global/glopara/CI/3745/RUNTESTS/COMROOT/C48_ATM_285cc940/gfs.20210323/12//products/ocean/netcdf
declare_from_tmpl :: COMIN_OCEAN_ANALYSIS=/scratch1/NCEPDEV/global/glopara/CI/3745/RUNTESTS/COMROOT/C48_ATM_285cc940/gfs.20210323/12//analysis/ocean
declare_from_tmpl :: COMIN_OCEAN_BMATRIX=/scratch1/NCEPDEV/global/glopara/CI/3745/RUNTESTS/COMROOT/C48_ATM_285cc940/gfs.20210323/12//bmatrix/ocean
declare_from_tmpl :: COMIN_WAVE_GRID=/scratch1/NCEPDEV/global/glopara/CI/3745/RUNTESTS/COMROOT/C48_ATM_285cc940/gfs.20210323/12//products/wave/gridded
declare_from_tmpl :: COMIN_WAVE_HISTORY=/scratch1/NCEPDEV/global/glopara/CI/3745/RUNTESTS/COMROOT/C48_ATM_285cc940/gfs.20210323/12//model/wave/history
declare_from_tmpl :: COMIN_WAVE_STATION=/scratch1/NCEPDEV/global/glopara/CI/3745/RUNTESTS/COMROOT/C48_ATM_285cc940/gfs.20210323/12//products/wave/station
declare_from_tmpl :: COMIN_WAVE_RESTART=/scratch1/NCEPDEV/global/glopara/CI/3745/RUNTESTS/COMROOT/C48_ATM_285cc940/gfs.20210323/12//model/wave/restart
declare_from_tmpl :: COMIN_ATMOS_OZNMON=/scratch1/NCEPDEV/global/glopara/CI/3745/RUNTESTS/COMROOT/C48_ATM_285cc940/gfs.20210323/12//products/atmos/oznmon
declare_from_tmpl :: COMIN_ATMOS_RADMON=/scratch1/NCEPDEV/global/glopara/CI/3745/RUNTESTS/COMROOT/C48_ATM_285cc940/gfs.20210323/12//products/atmos/radmon
declare_from_tmpl :: COMIN_ATMOS_MINMON=/scratch1/NCEPDEV/global/glopara/CI/3745/RUNTESTS/COMROOT/C48_ATM_285cc940/gfs.20210323/12//products/atmos/minmon
declare_from_tmpl :: COMIN_CONF=/scratch1/NCEPDEV/global/glopara/CI/3745/RUNTESTS/COMROOT/C48_ATM_285cc940/gfs.20210323/12//conf
declare_from_tmpl :: COMOUT_CONF=/scratch1/NCEPDEV/global/glopara/CI/3745/RUNTESTS/COMROOT/C48_ATM_285cc940/gfs.20210323/12//conf
declare_from_tmpl :: COMOUT_ATMOS_TRACK=/scratch1/NCEPDEV/global/glopara/CI/3745/RUNTESTS/COMROOT/C48_ATM_285cc940/gfs.20210323/12//products/atmos/cyclone/tracks
+ JGLOBAL_ARCHIVE_TARS[52][[ ! -d /scratch1/NCEPDEV/global/glopara/CI/3745/RUNTESTS/COMROOT/C48_ATM_285cc940/gfs.20210323/12//conf ]]
+ JGLOBAL_ARCHIVE_TARS[54]for grid in "0p25" "0p50" "1p00"
+ JGLOBAL_ARCHIVE_TARS[55]YMD=20210323
+ JGLOBAL_ARCHIVE_TARS[55]HH=12
+ JGLOBAL_ARCHIVE_TARS[55]GRID=0p25
+ JGLOBAL_ARCHIVE_TARS[55]declare_from_tmpl -rx COMIN_ATMOS_GRIB_0p25:COM_ATMOS_GRIB_GRID_TMPL
+ bash_utils.sh[39][[ NO == \N\O ]]
+ bash_utils.sh[39]set +x
declare_from_tmpl :: COMIN_ATMOS_GRIB_0p25=/scratch1/NCEPDEV/global/glopara/CI/3745/RUNTESTS/COMROOT/C48_ATM_285cc940/gfs.20210323/12//products/atmos/grib2/0p25
+ JGLOBAL_ARCHIVE_TARS[54]for grid in "0p25" "0p50" "1p00"
+ JGLOBAL_ARCHIVE_TARS[55]YMD=20210323
+ JGLOBAL_ARCHIVE_TARS[55]HH=12
+ JGLOBAL_ARCHIVE_TARS[55]GRID=0p50
+ JGLOBAL_ARCHIVE_TARS[55]declare_from_tmpl -rx COMIN_ATMOS_GRIB_0p50:COM_ATMOS_GRIB_GRID_TMPL
+ bash_utils.sh[39][[ NO == \N\O ]]
+ bash_utils.sh[39]set +x
declare_from_tmpl :: COMIN_ATMOS_GRIB_0p50=/scratch1/NCEPDEV/global/glopara/CI/3745/RUNTESTS/COMROOT/C48_ATM_285cc940/gfs.20210323/12//products/atmos/grib2/0p50
+ JGLOBAL_ARCHIVE_TARS[54]for grid in "0p25" "0p50" "1p00"
+ JGLOBAL_ARCHIVE_TARS[55]YMD=20210323
+ JGLOBAL_ARCHIVE_TARS[55]HH=12
+ JGLOBAL_ARCHIVE_TARS[55]GRID=1p00
+ JGLOBAL_ARCHIVE_TARS[55]declare_from_tmpl -rx COMIN_ATMOS_GRIB_1p00:COM_ATMOS_GRIB_GRID_TMPL
+ bash_utils.sh[39][[ NO == \N\O ]]
+ bash_utils.sh[39]set +x
declare_from_tmpl :: COMIN_ATMOS_GRIB_1p00=/scratch1/NCEPDEV/global/glopara/CI/3745/RUNTESTS/COMROOT/C48_ATM_285cc940/gfs.20210323/12//products/atmos/grib2/1p00
+ JGLOBAL_ARCHIVE_TARS[61][[ NO == \Y\E\S ]]
+ JGLOBAL_ARCHIVE_TARS[80]set +eu
+ JGLOBAL_ARCHIVE_TARS[82]export -n SHELLOPTS
+ JGLOBAL_ARCHIVE_TARS[83]/scratch1/NCEPDEV/global/glopara/CI/3745/global-workflow/scripts/exglobal_archive_tars.py
[38;21m2025-06-02 22:07:20,624 - INFO     - root        : BEGIN: __main__.main[0m
[38;5;39m2025-06-02 22:07:20,624 - DEBUG    - root        : (  )[0m
[38;21m2025-06-02 22:07:20,632 - INFO     - archive     : BEGIN: Archive.__init__[0m
[38;5;39m2025-06-02 22:07:20,632 - DEBUG    - archive     : ( <pygfs.task.archive.Archive object at 0x150c415af950>, {'envir': 'prod', 'HYDRA_LAUNCHER_EXTRA_ARGS': '--external-launcher', 'COMIN_WAVE_GRID': '/scratch1/NCEPDEV/global/glopara/CI/3745/RUNTESTS/COMROOT/C48_ATM_285cc940/gfs.20210323/12//products/wave/gridded', 'FRAC_GRID': True, 'waveGRD': 'uglo_100km', '_ModuleTable051_': 'fSwKWyJweS1tYXJrdXBzYWZlIl0gPSB7CmZuID0gIi9zY3JhdGNoMS9OQ0VQREVWL25lbXMvcm9sZS5lcGljL3NwYWNrLXN0YWNrL3NwYWNrLXN0YWNrLTEuNi4wL2VudnMvZ3NpLWFkZG9uLWRldi1mbXMtMjAyNC4wMS9pbnN0YWxsL21vZHVsZWZpbGVzL2ludGVsLzIwMjEuNS4wL3B5LW1hcmt1cHNhZmUvMi4xLjMubHVhIiwKZnVsbE5hbWUgPSAicHktbWFya3Vwc2FmZS8yLjEuMyIsCmxvYWRPcmRlciA9IDY0LApwcm9wVCA9IHt9LApyZWZfY291bnQgPSAxLApzdGFja0RlcHRoID0gMiwKc3RhdHVzID0gImFjdGl2ZSIsCnVzZXJOYW1lID0gInB5LW1hcmt1cHNhZmUvMi4xLjMiLAp3ViA9ICIwMDAwMDAwMDIuMDAwMDAwMDAxLjAwMDAwMDAwMy4qemZpbmFsIiwKfSwKWyJw', '_ModuleTable070_': 'bGxOYW1lID0gInNxbGl0ZS8zLjQzLjIiLApsb2FkT3JkZXIgPSA5LApwcm9wVCA9IHt9LApyZWZfY291bnQgPSAyLApzdGFja0RlcHRoID0gMiwKc3RhdHVzID0gImFjdGl2ZSIsCnVzZXJOYW1lID0gInNxbGl0ZS8zLjQzLjIiLAp3ViA9ICIwMDAwMDAwMDMuMDAwMDAwMDQzLjAwMDAwMDAwMi4qemZpbmFsIiwKfSwKWyJzdGFjay1pbnRlbCJdID0gewpmbiA9ICIvc2NyYXRjaDEvTkNFUERFVi9uZW1zL3JvbGUuZXBpYy9zcGFjay1zdGFjay9zcGFjay1zdGFjay0xLjYuMC9lbnZzL2dzaS1hZGRvbi1kZXYtZm1zLTIwMjQuMDEvaW5zdGFsbC9tb2R1bGVmaWxlcy9Db3JlL3N0YWNrLWludGVsLzIwMjEuNS4wLmx1YSIsCmZ1bGxOYW1lID0gInN0YWNrLWludGVsLzIwMjEuNS4w', 'G2TMPL_LIB': '/scratch1/NCEPDEV/nems/role.epic/spack-stack/spack-stack-1.6.0/envs/gsi-addon-dev-fms-2024.01/install/intel/2021.5.0/g2tmpl-1.13.0-xpw455u/lib/libg2tmpl.a', 'INCVARS_ZERO_STRAT': ["'sphum_inc'", "'liq_wat_inc'", "'icmr_inc'", "'rwmr_inc'", "'snmr_inc'", "'grle_inc'"], '_ModuleTable037_': 'ICJuZXRjZGYtZm9ydHJhbi80LjYuMSIsCmxvYWRPcmRlciA9IDM0LApwcm9wVCA9IHt9LApzdGFja0RlcHRoID0gMSwKc3RhdHVzID0gImFjdGl2ZSIsCnVzZXJOYW1lID0gIm5ldGNkZi1mb3J0cmFuLzQuNi4xIiwKd1YgPSAiMDAwMDAwMDA0LjAwMDAwMDAwNi4wMDAwMDAwMDEuKnpmaW5hbCIsCn0sCm5naHR0cDIgPSB7CmZuID0gIi9zY3JhdGNoMS9OQ0VQREVWL25lbXMvcm9sZS5lcGljL3NwYWNrLXN0YWNrL3NwYWNrLXN0YWNrLTEuNi4wL2VudnMvZ3NpLWFkZG9uLWRldi1mbXMtMjAyNC4wMS9pbnN0YWxsL21vZHVsZWZpbGVzL2ludGVsLzIwMjEuNS4wL25naHR0cDIvMS41Ny4wLmx1YSIsCmZ1bGxOYW1lID0gIm5naHR0cDIvMS41Ny4wIiwKbG9hZE9yZGVyID0gMjEs', 'COMIN_OCEAN_RESTART': '/scratch1/NCEPDEV/global/glopara/CI/3745/RUNTESTS/COMROOT/C48_ATM_285cc940/gfs.20210323/12//model/ocean/restart', 'COMOUT_CONF': '/scratch1/NCEPDEV/global/glopara/CI/3745/RUNTESTS/COMROOT/C48_ATM_285cc940/gfs.20210323/12//conf', 'COM_SNOW_ANALYSIS_TMPL': '${ROTDIR}/${RUN}.${YMD}/${HH}/${MEMDIR}/analysis/snow', 'COMIN_ATMOS_GENESIS': '/scratch1/NCEPDEV/global/glopara/CI/3745/RUNTESTS/COMROOT/C48_ATM_285cc940/gfs.20210323/12//products/atmos/cyclone/genesis_vital', '_ModuleTable064_': 'eGFycmF5LzIwMjMuNy4wIiwKd1YgPSAiMDAwMDAyMDIzLjAwMDAwMDAwNy4qemZpbmFsIiwKfSwKWyJweS14bHJkIl0gPSB7CmZuID0gIi9zY3JhdGNoMS9OQ0VQREVWL25lbXMvcm9sZS5lcGljL3NwYWNrLXN0YWNrL3NwYWNrLXN0YWNrLTEuNi4wL2VudnMvZ3NpLWFkZG9uLWRldi1mbXMtMjAyNC4wMS9pbnN0YWxsL21vZHVsZWZpbGVzL2ludGVsLzIwMjEuNS4wL3B5LXhscmQvMi4wLjEubHVhIiwKZnVsbE5hbWUgPSAicHkteGxyZC8yLjAuMSIsCmxvYWRPcmRlciA9IDcyLApwcm9wVCA9IHt9LApyZWZfY291bnQgPSAxLApzdGFja0RlcHRoID0gMiwKc3RhdHVzID0gImFjdGl2ZSIsCnVzZXJOYW1lID0gInB5LXhscmQvMi4wLjEiLAp3ViA9ICIwMDAwMDAwMDIuMDAwMDAw', 'LS_COLORS': ':or=0;31', 'LD_LIBRARY_PATH': '/scratch1/NCEPDEV/nems/role.epic/spack-stack/spack-stack-1.6.0/envs/gsi-addon-dev-fms-2024.01/install/intel/2021.5.0/py-xarray-2023.7.0-joweppx/lib:/scratch1/NCEPDEV/nems/role.epic/spack-stack/spack-stack-1.6.0/envs/gsi-addon-dev-fms-2024.01/install/intel/2021.5.0/py-packaging-23.1-5gvg7qo/lib:/scratch1/NCEPDEV/nems/role.epic/spack-stack/spack-stack-1.6.0/envs/unified-env-rocky8/install/intel/2021.5.0/netcdf-cxx4-4.3.1-wba23ef/lib:/scratch1/NCEPDEV/nems/role.epic/spack-stack/spack-stack-1.6.0/envs/gsi-addon-dev-fms-2024.01/install/intel/2021.5.0/g2c-1.8.0-ghlcvbx/lib64:/scratch1/NCEPDEV/nems/role.epic/spack-stack/spack-stack-1.6.0/envs/gsi-addon-dev-fms-2024.01/install/intel/2021.5.0/py-python-dateutil-2.8.2-3qglnj4/lib:/scratch1/NCEPDEV/nems/role.epic/spack-stack/spack-stack-1.6.0/envs/gsi-addon-dev-fms-2024.01/install/intel/2021.5.0/py-six-1.16.0-t54borv/lib:/scratch1/NCEPDEV/nems/role.epic/spack-stack/spack-stack-1.6.0/envs/gsi-addon-dev-fms-2024.01/install/intel/2021.5.0/py-pandas-1.5.3-tguwpv3/lib:/scratch1/NCEPDEV/nems/role.epic/spack-stack/spack-stack-1.6.0/envs/gsi-addon-dev-fms-2024.01/install/intel/2021.5.0/py-xlwt-1.3.0-5nxruci/lib:/scratch1/NCEPDEV/nems/role.epic/spack-stack/spack-stack-1.6.0/envs/gsi-addon-dev-fms-2024.01/install/intel/2021.5.0/py-xlsxwriter-3.1.7-7l25bnt/lib:/scratch1/NCEPDEV/nems/role.epic/spack-stack/spack-stack-1.6.0/envs/gsi-addon-dev-fms-2024.01/install/intel/2021.5.0/py-xlrd-2.0.1-fwxe33t/lib:/scratch1/NCEPDEV/nems/role.epic/spack-stack/spack-stack-1.6.0/envs/gsi-addon-dev-fms-2024.01/install/intel/2021.5.0/py-pyxlsb-1.0.10-ghdqaaw/lib:/scratch1/NCEPDEV/nems/role.epic/spack-stack/spack-stack-1.6.0/envs/gsi-addon-dev-fms-2024.01/install/intel/2021.5.0/py-pytz-2023.3-kkz2z3d/lib:/scratch1/NCEPDEV/nems/role.epic/spack-stack/spack-stack-1.6.0/envs/gsi-addon-dev-fms-2024.01/install/intel/2021.5.0/py-openpyxl-3.1.2-4tswswo/lib:/scratch1/NCEPDEV/nems/role.epic/spack-stack/spack-stack-1.6.0/envs/gsi-addon-dev-fms-2024.01/install/intel/2021.5.0/py-et-xmlfile-1.0.1-it6uamo/lib:/scratch1/NCEPDEV/nems/role.epic/spack-stack/spack-stack-1.6.0/envs/gsi-addon-dev-fms-2024.01/install/intel/2021.5.0/py-numexpr-2.8.4-uqnmadj/lib:/scratch1/NCEPDEV/nems/role.epic/spack-stack/spack-stack-1.6.0/envs/gsi-addon-dev-fms-2024.01/install/intel/2021.5.0/py-bottleneck-1.3.7-4itjkyr/lib:/scratch1/NCEPDEV/nems/role.epic/spack-stack/spack-stack-1.6.0/envs/gsi-addon-dev-fms-2024.01/install/intel/2021.5.0/py-jinja2-3.1.2-3yb4fme/lib:/scratch1/NCEPDEV/nems/role.epic/spack-stack/spack-stack-1.6.0/envs/gsi-addon-dev-fms-2024.01/install/intel/2021.5.0/py-markupsafe-2.1.3-clrlf2z/lib:/scratch1/NCEPDEV/nems/role.epic/spack-stack/spack-stack-1.6.0/envs/gsi-addon-dev-fms-2024.01/install/intel/2021.5.0/py-pyyaml-6.0-4sduut5/lib:/scratch1/NCEPDEV/nems/role.epic/spack-stack/spack-stack-1.6.0/envs/unified-env-rocky8/install/intel/2021.5.0/libyaml-0.2.5-f3a4y3h/lib:/scratch1/NCEPDEV/nems/role.epic/spack-stack/spack-stack-1.6.0/envs/gsi-addon-dev-fms-2024.01/install/intel/2021.5.0/py-netcdf4-1.5.8-haeompg/lib:/scratch1/NCEPDEV/nems/role.epic/spack-stack/spack-stack-1.6.0/envs/gsi-addon-dev-fms-2024.01/install/intel/2021.5.0/py-cftime-1.0.3.4-4s5bg7j/lib:/scratch1/NCEPDEV/nems/role.epic/spack-stack/spack-stack-1.6.0/envs/gsi-addon-dev-fms-2024.01/install/intel/2021.5.0/py-f90nml-1.4.3-b4vzhct/lib:/scratch1/NCEPDEV/nems/role.epic/spack-stack/spack-stack-1.6.0/envs/unified-env-rocky8/install/intel/2021.5.0/wgrib2-2.0.8-nauzcdx/lib:/scratch1/NCEPDEV/nems/role.epic/spack-stack/spack-stack-1.6.0/envs/gsi-addon-dev-fms-2024.01/install/intel/2021.5.0/bufr-11.7.0-w62mmgj/lib64:/scratch1/NCEPDEV/nems/role.epic/spack-stack/spack-stack-1.6.0/envs/gsi-addon-dev-fms-2024.01/install/intel/2021.5.0/bufr-11.7.0-w62mmgj/lib:/scratch1/NCEPDEV/nems/role.epic/spack-stack/spack-stack-1.6.0/envs/gsi-addon-dev-fms-2024.01/install/intel/2021.5.0/py-numpy-1.23.4-yrvnxwk/lib:/scratch1/NCEPDEV/nems/role.epic/spack-stack/spack-stack-1.6.0/envs/gsi-addon-dev-fms-2024.01/install/intel/2021.5.0/py-setuptools-63.4.3-qppw6fo/lib:/scratch1/NCEPDEV/nems/role.epic/spack-stack/spack-stack-1.6.0/envs/unified-env-rocky8/install/intel/2021.5.0/openblas-0.3.24-o6x5uk4/lib:/scratch1/NCEPDEV/nems/role.epic/spack-stack/spack-stack-1.6.0/envs/unified-env-rocky8/install/intel/2021.5.0/crtm-2.4.0.1-zg3ykcb/lib:/scratch1/NCEPDEV/nems/role.epic/spack-stack/spack-stack-1.6.0/envs/unified-env-rocky8/install/intel/2021.5.0/gsi-ncdiag-1.1.2-vwq6ky5/lib64:/scratch1/NCEPDEV/nems/role.epic/spack-stack/spack-stack-1.6.0/envs/gsi-addon-dev-fms-2024.01/install/intel/2021.5.0/g2tmpl-1.13.0-xpw455u/lib64:/scratch1/NCEPDEV/nems/role.epic/spack-stack/spack-stack-1.6.0/envs/unified-env-rocky8/install/intel/2021.5.0/ip-4.3.0-ozyjvbg/lib64:/scratch1/NCEPDEV/nems/role.epic/spack-stack/spack-stack-1.6.0/envs/unified-env-rocky8/install/intel/2021.5.0/sp-2.5.0-2pqzhuv/lib64:/scratch1/NCEPDEV/nems/role.epic/spack-stack/spack-stack-1.6.0/envs/unified-env-rocky8/install/intel/2021.5.0/g2-3.4.5-77xve5x/lib64:/scratch1/NCEPDEV/nems/role.epic/spack-stack/spack-stack-1.6.0/envs/unified-env-rocky8/install/intel/2021.5.0/w3emc-2.10.0-xer6twa/lib64:/scratch1/NCEPDEV/nems/role.epic/spack-stack/spack-stack-1.6.0/envs/unified-env-rocky8/install/intel/2021.5.0/bacio-2.4.1-wqq7qmr/lib:/scratch1/NCEPDEV/nems/role.epic/spack-stack/spack-stack-1.6.0/envs/unified-env-rocky8/install/intel/2021.5.0/nco-5.0.6-s5fkg5v/lib:/scratch1/NCEPDEV/nems/role.epic/spack-stack/spack-stack-1.6.0/envs/unified-env-rocky8/install/intel/2021.5.0/gsl-2.7.1-xf6mkfq/lib:/scratch1/NCEPDEV/nems/role.epic/spack-stack/spack-stack-1.6.0/envs/unified-env-rocky8/install/intel/2021.5.0/antlr-2.7.7-3kdtvjg/lib:/scratch1/NCEPDEV/nems/role.epic/spack-stack/spack-stack-1.6.0/envs/unified-env-rocky8/install/intel/2021.5.0/esmf-8.6.0-nnuwc5z/lib:/scratch1/NCEPDEV/nems/role.epic/spack-stack/spack-stack-1.6.0/envs/unified-env-rocky8/install/intel/2021.5.0/parallelio-2.5.10-2wulfav/lib:/scratch1/NCEPDEV/nems/role.epic/spack-stack/spack-stack-1.6.0/envs/unified-env-rocky8/install/intel/2021.5.0/parallel-netcdf-1.12.2-cwokdeb/lib:/scratch1/NCEPDEV/nems/role.epic/spack-stack/spack-stack-1.6.0/envs/unified-env-rocky8/install/intel/2021.5.0/netcdf-fortran-4.6.1-ifhqcwv/lib:/scratch1/NCEPDEV/nems/role.epic/spack-stack/spack-stack-1.6.0/envs/unified-env-rocky8/install/intel/2021.5.0/netcdf-c-4.9.2-ejp7j3k/lib:/scratch1/NCEPDEV/nems/role.epic/spack-stack/spack-stack-1.6.0/envs/unified-env-rocky8/install/intel/2021.5.0/c-blosc-1.21.5-2lodawi/lib64:/scratch1/NCEPDEV/nems/role.epic/spack-stack/spack-stack-1.6.0/envs/unified-env-rocky8/install/intel/2021.5.0/zstd-1.5.2-ui7ilkt/lib:/scratch1/NCEPDEV/nems/role.epic/spack-stack/spack-stack-1.6.0/envs/unified-env-rocky8/install/intel/2021.5.0/snappy-1.1.10-m42xdge/lib:/scratch1/NCEPDEV/nems/role.epic/spack-stack/spack-stack-1.6.0/envs/unified-env-rocky8/install/intel/2021.5.0/cdo-2.2.0-d25j3di/lib:/scratch1/NCEPDEV/nems/role.epic/spack-stack/spack-stack-1.6.0/envs/unified-env-rocky8/install/intel/2021.5.0/udunits-2.2.28-k3qzmyx/lib:/scratch1/NCEPDEV/nems/role.epic/spack-stack/spack-stack-1.6.0/envs/unified-env-rocky8/install/intel/2021.5.0/proj-9.2.1-xrx3crr/lib64:/scratch1/NCEPDEV/nems/role.epic/spack-stack/spack-stack-1.6.0/envs/unified-env-rocky8/install/intel/2021.5.0/curl-8.4.0-5lex66w/lib:/scratch1/NCEPDEV/nems/role.epic/spack-stack/spack-stack-1.6.0/envs/unified-env-rocky8/install/intel/2021.5.0/nghttp2-1.57.0-kvadra7/lib:/scratch1/NCEPDEV/nems/role.epic/spack-stack/spack-stack-1.6.0/envs/unified-env-rocky8/install/intel/2021.5.0/fftw-3.3.10-7ud23to/lib:/scratch1/NCEPDEV/nems/role.epic/spack-stack/spack-stack-1.6.0/envs/unified-env-rocky8/install/intel/2021.5.0/eccodes-2.32.0-vc72ssb/lib64:/scratch1/NCEPDEV/nems/role.epic/spack-stack/spack-stack-1.6.0/envs/unified-env-rocky8/install/intel/2021.5.0/openjpeg-2.3.1-zi6uhnw/lib:/scratch1/NCEPDEV/nems/role.epic/spack-stack/spack-stack-1.6.0/envs/unified-env-rocky8/install/intel/2021.5.0/libpng-1.6.37-cha7kfi/lib64:/scratch1/NCEPDEV/nems/role.epic/spack-stack/spack-stack-1.6.0/envs/unified-env-rocky8/install/intel/2021.5.0/libpng-1.6.37-cha7kfi/lib:/scratch1/NCEPDEV/nems/role.epic/spack-stack/spack-stack-1.6.0/envs/unified-env-rocky8/install/intel/2021.5.0/jasper-2.0.32-atr6lqe/lib64:/scratch1/NCEPDEV/nems/role.epic/spack-stack/spack-stack-1.6.0/envs/unified-env-rocky8/install/intel/2021.5.0/libjpeg-turbo-2.1.0-ovaykos/lib64:/scratch1/NCEPDEV/nems/role.epic/spack-stack/spack-stack-1.6.0/envs/gsi-addon-dev-fms-2024.01/install/intel/2021.5.0/python-3.11.6-b6ydksr/lib:/scratch1/NCEPDEV/nems/role.epic/spack-stack/spack-stack-1.6.0/envs/unified-env-rocky8/install/intel/2021.5.0/util-linux-uuid-2.38.1-lsjm2vl/lib:/scratch1/NCEPDEV/nems/role.epic/spack-stack/spack-stack-1.6.0/envs/unified-env-rocky8/install/intel/2021.5.0/sqlite-3.43.2-34hfinn/lib:/scratch1/NCEPDEV/nems/role.epic/spack-stack/spack-stack-1.6.0/envs/unified-env-rocky8/install/intel/2021.5.0/zlib-1.2.13-eabxx4z/lib:/scratch1/NCEPDEV/nems/role.epic/spack-stack/spack-stack-1.6.0/envs/unified-env-rocky8/install/intel/2021.5.0/libxcrypt-4.4.35-mfr2lca/lib:/apps/oneapi/mpi/2021.5.1/libfabric/lib:/apps/oneapi/mpi/2021.5.1/lib/release:/apps/oneapi/mpi/2021.5.1/lib:/apps/gnu/gcc-9.2.0/lib64:/apps/oneapi/mkl/2022.0.2/lib/intel64:/apps/oneapi/compiler/2022.0.2/linux/lib:/apps/oneapi/compiler/2022.0.2/linux/lib/x64:/apps/oneapi/compiler/2022.0.2/linux/lib/oclfpga/host/linux64/lib:/apps/oneapi/compiler/2022.0.2/linux/compiler/lib/intel64_lin:/scratch1/NCEPDEV/nems/role.epic/spack-stack/spack-stack-1.6.0/envs/unified-env-rocky8/install/intel/2021.5.0/hdf5-1.14.0-lixiejp/lib', 'sp_ROOT': '/scratch1/NCEPDEV/nems/role.epic/spack-stack/spack-stack-1.6.0/envs/unified-env-rocky8/install/intel/2021.5.0/sp-2.5.0-2pqzhuv', 'zlib_ROOT': '/scratch1/NCEPDEV/nems/role.epic/spack-stack/spack-stack-1.6.0/envs/unified-env-rocky8/install/intel/2021.5.0/zlib-1.2.13-eabxx4z', 'SENDDBN_NTC': False, 'cmake_ver': '3.23.1', 'COM_ATMOS_RADMON_TMPL': '${ROTDIR}/${RUN}.${YMD}/${HH}/${MEMDIR}/products/atmos/radmon', '__LMOD_REF_COUNT_HDF5_PLUGIN_PATH': '/scratch1/NCEPDEV/nems/role.epic/spack-stack/spack-stack-1.6.0/envs/unified-env-rocky8/install/intel/2021.5.0/netcdf-c-4.9.2-ejp7j3k/plugins:1', 'threads_per_task': 1, 'COM_ICE_GRIB_TMPL': '${ROTDIR}/${RUN}.${YMD}/${HH}/${MEMDIR}/products/ice/grib2', '_ModuleTable077_': 'biA9ICIvc2NyYXRjaDEvTkNFUERFVi9uZW1zL3JvbGUuZXBpYy9zcGFjay1zdGFjay9zcGFjay1zdGFjay0xLjYuMC9lbnZzL2dzaS1hZGRvbi1kZXYtZm1zLTIwMjQuMDEvaW5zdGFsbC9tb2R1bGVmaWxlcy9pbnRlbC8yMDIxLjUuMC96c3RkLzEuNS4yLmx1YSIsCmZ1bGxOYW1lID0gInpzdGQvMS41LjIiLApsb2FkT3JkZXIgPSAzMSwKcHJvcFQgPSB7fSwKcmVmX2NvdW50ID0gMiwKc3RhY2tEZXB0aCA9IDMsCnN0YXR1cyA9ICJhY3RpdmUiLAp1c2VyTmFtZSA9ICJ6c3RkLzEuNS4yIiwKd1YgPSAiMDAwMDAwMDAxLjAwMDAwMDAwNS4wMDAwMDAwMDIuKnpmaW5hbCIsCn0sCn0sCm1wYXRoQSA9IHsKIi9zY3JhdGNoMS9OQ0VQREVWL2dsb2JhbC9nbG9wYXJhL2dpdC9GaXQy', 'COMINnam': '/scratch1/NCEPDEV/global/glopara/data/external_gempak/nam', '_ModuleTable017_': 'Y291bnQgPSAxLApzdGFja0RlcHRoID0gMiwKc3RhdHVzID0gImFjdGl2ZSIsCnVzZXJOYW1lID0gImdldHRleHQvMC4xOS44LjEiLAp3ViA9ICIwMDAwMDAwMDAuMDAwMDAwMDE5LjAwMDAwMDAwOC4wMDAwMDAwMDEuKnpmaW5hbCIsCn0sClsiZ2l0LWxmcyJdID0gewpmbiA9ICIvc2NyYXRjaDEvTkNFUERFVi9uZW1zL3JvbGUuZXBpYy9zcGFjay1zdGFjay9zcGFjay1zdGFjay0xLjYuMC9lbnZzL2dzaS1hZGRvbi1kZXYtZm1zLTIwMjQuMDEvaW5zdGFsbC9tb2R1bGVmaWxlcy9pbnRlbC8yMDIxLjUuMC9naXQtbGZzLzIuMTAuMC5sdWEiLApmdWxsTmFtZSA9ICJnaXQtbGZzLzIuMTAuMCIsCmxvYWRPcmRlciA9IDUxLApwcm9wVCA9IHt9LApyZWZfY291bnQgPSAxLApzdGFj', 'SLURM_NODEID': 0, '_ModuleTable032_': 'a0RlcHRoID0gMSwKc3RhdHVzID0gImFjdGl2ZSIsCnVzZXJOYW1lID0gIm1ldHBsdXMvMy4xLjEiLAp3ViA9ICIwMDAwMDAwMDMuMDAwMDAwMDAxLjAwMDAwMDAwMS4qemZpbmFsIiwKfSwKWyJtb2R1bGVfYmFzZS5oZXJhIl0gPSB7CmZuID0gIi9zY3JhdGNoMS9OQ0VQREVWL2dsb2JhbC9nbG9wYXJhL0NJLzM3NDUvZ2xvYmFsLXdvcmtmbG93L21vZHVsZWZpbGVzL21vZHVsZV9iYXNlLmhlcmEubHVhIiwKZnVsbE5hbWUgPSAibW9kdWxlX2Jhc2UuaGVyYSIsCmxvYWRPcmRlciA9IDg3LApwcm9wVCA9IHt9LApzdGFja0RlcHRoID0gMCwKc3RhdHVzID0gImFjdGl2ZSIsCnVzZXJOYW1lID0gIm1vZHVsZV9iYXNlLmhlcmEiLAp3ViA9ICJNLip6ZmluYWwiLAp9LApuY2wgPSB7', 'WRITE_DOPOST': True, 'SLURM_TASK_PID': 1870899, 'prepobs_run_ver': '1.1.0', 'PIO_VERSION_MAJOR': 2, 'py_pandas_ver': '1.5.3', 'met_ROOT': '/scratch1/NCEPDEV/nems/role.epic/spack-stack/spack-stack-1.6.0/envs/gsi-addon-dev-fms-2024.01/install/intel/2021.5.0/met-9.1.3-comxucu', '__LMOD_REF_COUNT_PATH': '/apps/ImageMagick/7.1.1-11_gnu_13.2.0/bin:1;/scratch1/NCEPDEV/nems/role.epic/spack-stack/spack-stack-1.6.0/envs/gsi-addon-dev-fms-2024.01/install/intel/2021.5.0/metplus-3.1.1-sblgwf7/ush:1;/scratch1/NCEPDEV/nems/role.epic/spack-stack/spack-stack-1.6.0/envs/gsi-addon-dev-fms-2024.01/install/intel/2021.5.0/met-9.1.3-comxucu/bin:2;/scratch1/NCEPDEV/nems/role.epic/spack-stack/spack-stack-1.6.0/envs/unified-env-rocky8/install/intel/2021.5.0/netcdf-cxx4-4.3.1-wba23ef/bin:2;/scratch1/NCEPDEV/nems/role.epic/spack-stack/spack-stack-1.6.0/envs/gsi-addon-dev-fms-2024.01/install/intel/2021.5.0/py-xlsxwriter-3.1.7-7l25bnt/bin:2;/scratch1/NCEPDEV/nems/role.epic/spack-stack/spack-stack-1.6.0/envs/gsi-addon-dev-fms-2024.01/install/intel/2021.5.0/py-xlrd-2.0.1-fwxe33t/bin:2;/scratch1/NCEPDEV/nems/role.epic/spack-stack/spack-stack-1.6.0/envs/gsi-addon-dev-fms-2024.01/install/intel/2021.5.0/py-netcdf4-1.5.8-haeompg/bin:2;/scratch1/NCEPDEV/nems/role.epic/spack-stack/spack-stack-1.6.0/envs/gsi-addon-dev-fms-2024.01/install/intel/2021.5.0/py-f90nml-1.4.3-b4vzhct/bin:2;/scratch1/NCEPDEV/nems/role.epic/spack-stack/spack-stack-1.6.0/envs/unified-env-rocky8/install/intel/2021.5.0/wgrib2-2.0.8-nauzcdx/bin:2;/scratch1/NCEPDEV/nems/role.epic/spack-stack/spack-stack-1.6.0/envs/gsi-addon-dev-fms-2024.01/install/intel/2021.5.0/bufr-11.7.0-w62mmgj/bin:2;/scratch1/NCEPDEV/nems/role.epic/spack-stack/spack-stack-1.6.0/envs/gsi-addon-dev-fms-2024.01/install/intel/2021.5.0/py-numpy-1.23.4-yrvnxwk/bin:2;/scratch1/NCEPDEV/nems/role.epic/spack-stack/spack-stack-1.6.0/envs/unified-env-rocky8/install/intel/2021.5.0/openblas-0.3.24-o6x5uk4/bin:2;/scratch1/NCEPDEV/nems/role.epic/spack-stack/spack-stack-1.6.0/envs/unified-env-rocky8/install/intel/2021.5.0/gsi-ncdiag-1.1.2-vwq6ky5/bin:2;/scratch1/NCEPDEV/nems/role.epic/spack-stack/spack-stack-1.6.0/envs/gsi-addon-dev-fms-2024.01/install/intel/2021.5.0/grib-util-1.3.0-qbbcc54/bin:2;/scratch1/NCEPDEV/nems/role.epic/spack-stack/spack-stack-1.6.0/envs/unified-env-rocky8/install/intel/2021.5.0/prod-util-2.1.1-4vpcrpl/bin:2;/scratch1/NCEPDEV/nems/role.epic/spack-stack/spack-stack-1.6.0/envs/unified-env-rocky8/install/intel/2021.5.0/nco-5.0.6-s5fkg5v/bin:2;/scratch1/NCEPDEV/nems/role.epic/spack-stack/spack-stack-1.6.0/envs/unified-env-rocky8/install/intel/2021.5.0/gsl-2.7.1-xf6mkfq/bin:2;/scratch1/NCEPDEV/nems/role.epic/spack-stack/spack-stack-1.6.0/envs/unified-env-rocky8/install/intel/2021.5.0/antlr-2.7.7-3kdtvjg/bin:2;/scratch1/NCEPDEV/nems/role.epic/spack-stack/spack-stack-1.6.0/envs/unified-env-rocky8/install/intel/2021.5.0/esmf-8.6.0-nnuwc5z/bin:2;/scratch1/NCEPDEV/nems/role.epic/spack-stack/spack-stack-1.6.0/envs/unified-env-rocky8/install/intel/2021.5.0/parallel-netcdf-1.12.2-cwokdeb/bin:2;/scratch1/NCEPDEV/nems/role.epic/spack-stack/spack-stack-1.6.0/envs/unified-env-rocky8/install/intel/2021.5.0/netcdf-fortran-4.6.1-ifhqcwv/bin:2;/scratch1/NCEPDEV/nems/role.epic/spack-stack/spack-stack-1.6.0/envs/unified-env-rocky8/install/intel/2021.5.0/netcdf-c-4.9.2-ejp7j3k/bin:2;/scratch1/NCEPDEV/nems/role.epic/spack-stack/spack-stack-1.6.0/envs/unified-env-rocky8/install/intel/2021.5.0/zstd-1.5.2-ui7ilkt/bin:2;/scratch1/NCEPDEV/nems/role.epic/spack-stack/spack-stack-1.6.0/envs/unified-env-rocky8/install/intel/2021.5.0/hdf5-1.14.0-lixiejp/bin:2;/apps/spack/linux-rocky8-x86_64/gcc-13.2.0/perl-5.38.0-yl7cdgbmiic3h7gbvdthgequuixjvuja/bin:1;/apps/R/3.6.1/bin:1;/scratch1/NCEPDEV/nems/role.epic/spack-stack/spack-stack-1.6.0/envs/unified-env-rocky8/install/intel/2021.5.0/cdo-2.2.0-d25j3di/bin:2;/scratch1/NCEPDEV/nems/role.epic/spack-stack/spack-stack-1.6.0/envs/unified-env-rocky8/install/intel/2021.5.0/udunits-2.2.28-k3qzmyx/bin:2;/scratch1/NCEPDEV/nems/role.epic/spack-stack/spack-stack-1.6.0/envs/unified-env-rocky8/install/intel/2021.5.0/proj-9.2.1-xrx3crr/bin:2;/scratch1/NCEPDEV/nems/role.epic/spack-stack/spack-stack-1.6.0/envs/unified-env-rocky8/install/intel/2021.5.0/curl-8.4.0-5lex66w/bin:2;/scratch1/NCEPDEV/nems/role.epic/spack-stack/spack-stack-1.6.0/envs/unified-env-rocky8/install/intel/2021.5.0/nghttp2-1.57.0-kvadra7/bin:2;/scratch1/NCEPDEV/nems/role.epic/spack-stack/spack-stack-1.6.0/envs/unified-env-rocky8/install/intel/2021.5.0/fftw-3.3.10-7ud23to/bin:2;/scratch1/NCEPDEV/nems/role.epic/spack-stack/spack-stack-1.6.0/envs/unified-env-rocky8/install/intel/2021.5.0/libpng-1.6.37-cha7kfi/bin:2;/scratch1/NCEPDEV/nems/role.epic/spack-stack/spack-stack-1.6.0/envs/unified-env-rocky8/install/intel/2021.5.0/jasper-2.0.32-atr6lqe/bin:2;/scratch1/NCEPDEV/nems/role.epic/spack-stack/spack-stack-1.6.0/envs/unified-env-rocky8/install/intel/2021.5.0/libjpeg-turbo-2.1.0-ovaykos/bin:2;/apps/ncl/6.6.2-gcc-13.2.0/bin:1;/apps/gempak/7.17.0/os/linux64/bin:1;/apps/gempak/7.17.0/bin:1;/scratch1/NCEPDEV/nems/role.epic/spack-stack/spack-stack-1.6.0/envs/gsi-addon-dev-fms-2024.01/install/intel/2021.5.0/python-3.11.6-b6ydksr/bin:2;/scratch1/NCEPDEV/nems/role.epic/spack-stack/spack-stack-1.6.0/envs/unified-env-rocky8/install/intel/2021.5.0/util-linux-uuid-2.38.1-lsjm2vl/bin:2;/scratch1/NCEPDEV/nems/role.epic/spack-stack/spack-stack-1.6.0/envs/unified-env-rocky8/install/intel/2021.5.0/sqlite-3.43.2-34hfinn/bin:2;/apps/oneapi/mpi/2021.5.1/libfabric/bin:1;/apps/oneapi/mpi/2021.5.1/bin:1;/apps/gnu/gcc-9.2.0/bin:1;/apps/oneapi/mkl/2022.0.2/bin/intel64:1;/apps/oneapi/compiler/2022.0.2/linux/lib/oclfpga/bin:1;/apps/oneapi/compiler/2022.0.2/linux/bin/intel64:1;/apps/oneapi/compiler/2022.0.2/linux/bin:1;/scratch1/NCEPDEV/global/glopara/utils/bin:1;/scratch1/NCEPDEV/global/glopara/utils/src/rocoto-1.3.7-dryrun/bin:1;/apps/slurm/archive/bin:2;/apps/slurm/default/bin:2;/apps/slurm/default/sbin:2;/usr/local/bin:1;/usr/bin:1;/usr/local/sbin:1;/usr/sbin:1;/apps/hpss:1;/apps/local/bin:1;/apps/local/sbin:1;/apps/bin:1;/apps/spack/usr/bin:1', 'GEMNTS': '/apps/gempak/7.17.0/gempak/nts', '_ModuleTable061_': 'PSAicHktcHl5YW1sLzYuMCIsCmxvYWRPcmRlciA9IDYzLApwcm9wVCA9IHt9LApzdGFja0RlcHRoID0gMSwKc3RhdHVzID0gImFjdGl2ZSIsCnVzZXJOYW1lID0gInB5LXB5eWFtbC82LjAiLAp3ViA9ICIwMDAwMDAwMDYuKnpmaW5hbCIsCn0sClsicHktc2V0dXB0b29scyJdID0gewpmbiA9ICIvc2NyYXRjaDEvTkNFUERFVi9uZW1zL3JvbGUuZXBpYy9zcGFjay1zdGFjay9zcGFjay1zdGFjay0xLjYuMC9lbnZzL2dzaS1hZGRvbi1kZXYtZm1zLTIwMjQuMDEvaW5zdGFsbC9tb2R1bGVmaWxlcy9pbnRlbC8yMDIxLjUuMC9weS1zZXR1cHRvb2xzLzYzLjQuMy5sdWEiLApmdWxsTmFtZSA9ICJweS1zZXR1cHRvb2xzLzYzLjQuMyIsCmxvYWRPcmRlciA9IDU0LApwcm9wVCA9IHt9', '_ModuleTable002_': 'LjEiLAp3ViA9ICIwMDAwMDAwMDMuMDAwMDAwMDA2LjAwMDAwMDAwMS4qemZpbmFsIiwKfSwKYW50bHIgPSB7CmZuID0gIi9zY3JhdGNoMS9OQ0VQREVWL25lbXMvcm9sZS5lcGljL3NwYWNrLXN0YWNrL3NwYWNrLXN0YWNrLTEuNi4wL2VudnMvZ3NpLWFkZG9uLWRldi1mbXMtMjAyNC4wMS9pbnN0YWxsL21vZHVsZWZpbGVzL2ludGVsLzIwMjEuNS4wL2FudGxyLzIuNy43Lmx1YSIsCmZ1bGxOYW1lID0gImFudGxyLzIuNy43IiwKbG9hZE9yZGVyID0gMzgsCnByb3BUID0ge30sCnJlZl9jb3VudCA9IDEsCnN0YWNrRGVwdGggPSAyLApzdGF0dXMgPSAiYWN0aXZlIiwKdXNlck5hbWUgPSAiYW50bHIvMi43LjciLAp3ViA9ICIwMDAwMDAwMDIuMDAwMDAwMDA3LjAwMDAwMDAwNy4q', 'esmf_ROOT': '/scratch1/NCEPDEV/nems/role.epic/spack-stack/spack-stack-1.6.0/envs/unified-env-rocky8/install/intel/2021.5.0/esmf-8.6.0-nnuwc5z', 'FPGA_VARS_ARGS': '', 'libpng_ROOT': '/scratch1/NCEPDEV/nems/role.epic/spack-stack/spack-stack-1.6.0/envs/unified-env-rocky8/install/intel/2021.5.0/libpng-1.6.37-cha7kfi', 'GLOBUS_TCP_SOURCE_RANGE': [40000, 46999], 'RUN': 'gfs', '_ModuleTable047_': 'aXZlIiwKdXNlck5hbWUgPSAicHktYm90dGxlbmVjay8xLjMuNyIsCndWID0gIjAwMDAwMDAwMS4wMDAwMDAwMDMuMDAwMDAwMDA3Lip6ZmluYWwiLAp9LApbInB5LWNmdGltZSJdID0gewpmbiA9ICIvc2NyYXRjaDEvTkNFUERFVi9uZW1zL3JvbGUuZXBpYy9zcGFjay1zdGFjay9zcGFjay1zdGFjay0xLjYuMC9lbnZzL2dzaS1hZGRvbi1kZXYtZm1zLTIwMjQuMDEvaW5zdGFsbC9tb2R1bGVmaWxlcy9pbnRlbC8yMDIxLjUuMC9weS1jZnRpbWUvMS4wLjMuNC5sdWEiLApmdWxsTmFtZSA9ICJweS1jZnRpbWUvMS4wLjMuNCIsCmxvYWRPcmRlciA9IDYwLApwcm9wVCA9IHt9LApyZWZfY291bnQgPSAxLApzdGFja0RlcHRoID0gMiwKc3RhdHVzID0gImFjdGl2ZSIsCnVzZXJOYW1l', '__LMOD_REF_COUNT_DYLD_LIBRARY_PATH': '/scratch1/NCEPDEV/nems/role.epic/spack-stack/spack-stack-1.6.0/envs/gsi-addon-dev-fms-2024.01/install/intel/2021.5.0/py-xarray-2023.7.0-joweppx/lib:1;/scratch1/NCEPDEV/nems/role.epic/spack-stack/spack-stack-1.6.0/envs/gsi-addon-dev-fms-2024.01/install/intel/2021.5.0/py-packaging-23.1-5gvg7qo/lib:1;/scratch1/NCEPDEV/nems/role.epic/spack-stack/spack-stack-1.6.0/envs/unified-env-rocky8/install/intel/2021.5.0/netcdf-cxx4-4.3.1-wba23ef/lib:1;/scratch1/NCEPDEV/nems/role.epic/spack-stack/spack-stack-1.6.0/envs/gsi-addon-dev-fms-2024.01/install/intel/2021.5.0/g2c-1.8.0-ghlcvbx/lib64:1;/scratch1/NCEPDEV/nems/role.epic/spack-stack/spack-stack-1.6.0/envs/gsi-addon-dev-fms-2024.01/install/intel/2021.5.0/py-python-dateutil-2.8.2-3qglnj4/lib:1;/scratch1/NCEPDEV/nems/role.epic/spack-stack/spack-stack-1.6.0/envs/gsi-addon-dev-fms-2024.01/install/intel/2021.5.0/py-six-1.16.0-t54borv/lib:1;/scratch1/NCEPDEV/nems/role.epic/spack-stack/spack-stack-1.6.0/envs/gsi-addon-dev-fms-2024.01/install/intel/2021.5.0/py-pandas-1.5.3-tguwpv3/lib:1;/scratch1/NCEPDEV/nems/role.epic/spack-stack/spack-stack-1.6.0/envs/gsi-addon-dev-fms-2024.01/install/intel/2021.5.0/py-xlwt-1.3.0-5nxruci/lib:1;/scratch1/NCEPDEV/nems/role.epic/spack-stack/spack-stack-1.6.0/envs/gsi-addon-dev-fms-2024.01/install/intel/2021.5.0/py-xlsxwriter-3.1.7-7l25bnt/lib:1;/scratch1/NCEPDEV/nems/role.epic/spack-stack/spack-stack-1.6.0/envs/gsi-addon-dev-fms-2024.01/install/intel/2021.5.0/py-xlrd-2.0.1-fwxe33t/lib:1;/scratch1/NCEPDEV/nems/role.epic/spack-stack/spack-stack-1.6.0/envs/gsi-addon-dev-fms-2024.01/install/intel/2021.5.0/py-pyxlsb-1.0.10-ghdqaaw/lib:1;/scratch1/NCEPDEV/nems/role.epic/spack-stack/spack-stack-1.6.0/envs/gsi-addon-dev-fms-2024.01/install/intel/2021.5.0/py-pytz-2023.3-kkz2z3d/lib:1;/scratch1/NCEPDEV/nems/role.epic/spack-stack/spack-stack-1.6.0/envs/gsi-addon-dev-fms-2024.01/install/intel/2021.5.0/py-openpyxl-3.1.2-4tswswo/lib:1;/scratch1/NCEPDEV/nems/role.epic/spack-stack/spack-stack-1.6.0/envs/gsi-addon-dev-fms-2024.01/install/intel/2021.5.0/py-et-xmlfile-1.0.1-it6uamo/lib:1;/scratch1/NCEPDEV/nems/role.epic/spack-stack/spack-stack-1.6.0/envs/gsi-addon-dev-fms-2024.01/install/intel/2021.5.0/py-numexpr-2.8.4-uqnmadj/lib:1;/scratch1/NCEPDEV/nems/role.epic/spack-stack/spack-stack-1.6.0/envs/gsi-addon-dev-fms-2024.01/install/intel/2021.5.0/py-bottleneck-1.3.7-4itjkyr/lib:1;/scratch1/NCEPDEV/nems/role.epic/spack-stack/spack-stack-1.6.0/envs/gsi-addon-dev-fms-2024.01/install/intel/2021.5.0/py-jinja2-3.1.2-3yb4fme/lib:1;/scratch1/NCEPDEV/nems/role.epic/spack-stack/spack-stack-1.6.0/envs/gsi-addon-dev-fms-2024.01/install/intel/2021.5.0/py-markupsafe-2.1.3-clrlf2z/lib:1;/scratch1/NCEPDEV/nems/role.epic/spack-stack/spack-stack-1.6.0/envs/gsi-addon-dev-fms-2024.01/install/intel/2021.5.0/py-pyyaml-6.0-4sduut5/lib:1;/scratch1/NCEPDEV/nems/role.epic/spack-stack/spack-stack-1.6.0/envs/unified-env-rocky8/install/intel/2021.5.0/libyaml-0.2.5-f3a4y3h/lib:1;/scratch1/NCEPDEV/nems/role.epic/spack-stack/spack-stack-1.6.0/envs/gsi-addon-dev-fms-2024.01/install/intel/2021.5.0/py-netcdf4-1.5.8-haeompg/lib:1;/scratch1/NCEPDEV/nems/role.epic/spack-stack/spack-stack-1.6.0/envs/gsi-addon-dev-fms-2024.01/install/intel/2021.5.0/py-cftime-1.0.3.4-4s5bg7j/lib:1;/scratch1/NCEPDEV/nems/role.epic/spack-stack/spack-stack-1.6.0/envs/gsi-addon-dev-fms-2024.01/install/intel/2021.5.0/py-f90nml-1.4.3-b4vzhct/lib:1;/scratch1/NCEPDEV/nems/role.epic/spack-stack/spack-stack-1.6.0/envs/unified-env-rocky8/install/intel/2021.5.0/wgrib2-2.0.8-nauzcdx/lib:1;/scratch1/NCEPDEV/nems/role.epic/spack-stack/spack-stack-1.6.0/envs/gsi-addon-dev-fms-2024.01/install/intel/2021.5.0/bufr-11.7.0-w62mmgj/lib64:1;/scratch1/NCEPDEV/nems/role.epic/spack-stack/spack-stack-1.6.0/envs/gsi-addon-dev-fms-2024.01/install/intel/2021.5.0/bufr-11.7.0-w62mmgj/lib:1;/scratch1/NCEPDEV/nems/role.epic/spack-stack/spack-stack-1.6.0/envs/gsi-addon-dev-fms-2024.01/install/intel/2021.5.0/py-numpy-1.23.4-yrvnxwk/lib:1;/scratch1/NCEPDEV/nems/role.epic/spack-stack/spack-stack-1.6.0/envs/gsi-addon-dev-fms-2024.01/install/intel/2021.5.0/py-setuptools-63.4.3-qppw6fo/lib:1;/scratch1/NCEPDEV/nems/role.epic/spack-stack/spack-stack-1.6.0/envs/unified-env-rocky8/install/intel/2021.5.0/openblas-0.3.24-o6x5uk4/lib:1;/scratch1/NCEPDEV/nems/role.epic/spack-stack/spack-stack-1.6.0/envs/unified-env-rocky8/install/intel/2021.5.0/crtm-2.4.0.1-zg3ykcb/lib:1;/scratch1/NCEPDEV/nems/role.epic/spack-stack/spack-stack-1.6.0/envs/unified-env-rocky8/install/intel/2021.5.0/gsi-ncdiag-1.1.2-vwq6ky5/lib64:1;/scratch1/NCEPDEV/nems/role.epic/spack-stack/spack-stack-1.6.0/envs/gsi-addon-dev-fms-2024.01/install/intel/2021.5.0/g2tmpl-1.13.0-xpw455u/lib64:1;/scratch1/NCEPDEV/nems/role.epic/spack-stack/spack-stack-1.6.0/envs/unified-env-rocky8/install/intel/2021.5.0/ip-4.3.0-ozyjvbg/lib64:1;/scratch1/NCEPDEV/nems/role.epic/spack-stack/spack-stack-1.6.0/envs/unified-env-rocky8/install/intel/2021.5.0/sp-2.5.0-2pqzhuv/lib64:1;/scratch1/NCEPDEV/nems/role.epic/spack-stack/spack-stack-1.6.0/envs/unified-env-rocky8/install/intel/2021.5.0/g2-3.4.5-77xve5x/lib64:1;/scratch1/NCEPDEV/nems/role.epic/spack-stack/spack-stack-1.6.0/envs/unified-env-rocky8/install/intel/2021.5.0/w3emc-2.10.0-xer6twa/lib64:1;/scratch1/NCEPDEV/nems/role.epic/spack-stack/spack-stack-1.6.0/envs/unified-env-rocky8/install/intel/2021.5.0/bacio-2.4.1-wqq7qmr/lib:1;/scratch1/NCEPDEV/nems/role.epic/spack-stack/spack-stack-1.6.0/envs/unified-env-rocky8/install/intel/2021.5.0/nco-5.0.6-s5fkg5v/lib:1;/scratch1/NCEPDEV/nems/role.epic/spack-stack/spack-stack-1.6.0/envs/unified-env-rocky8/install/intel/2021.5.0/gsl-2.7.1-xf6mkfq/lib:1;/scratch1/NCEPDEV/nems/role.epic/spack-stack/spack-stack-1.6.0/envs/unified-env-rocky8/install/intel/2021.5.0/antlr-2.7.7-3kdtvjg/lib:1;/scratch1/NCEPDEV/nems/role.epic/spack-stack/spack-stack-1.6.0/envs/unified-env-rocky8/install/intel/2021.5.0/esmf-8.6.0-nnuwc5z/lib:1;/scratch1/NCEPDEV/nems/role.epic/spack-stack/spack-stack-1.6.0/envs/unified-env-rocky8/install/intel/2021.5.0/parallelio-2.5.10-2wulfav/lib:1;/scratch1/NCEPDEV/nems/role.epic/spack-stack/spack-stack-1.6.0/envs/unified-env-rocky8/install/intel/2021.5.0/parallel-netcdf-1.12.2-cwokdeb/lib:1;/scratch1/NCEPDEV/nems/role.epic/spack-stack/spack-stack-1.6.0/envs/unified-env-rocky8/install/intel/2021.5.0/netcdf-fortran-4.6.1-ifhqcwv/lib:1;/scratch1/NCEPDEV/nems/role.epic/spack-stack/spack-stack-1.6.0/envs/unified-env-rocky8/install/intel/2021.5.0/netcdf-c-4.9.2-ejp7j3k/lib:1;/scratch1/NCEPDEV/nems/role.epic/spack-stack/spack-stack-1.6.0/envs/unified-env-rocky8/install/intel/2021.5.0/c-blosc-1.21.5-2lodawi/lib64:1;/scratch1/NCEPDEV/nems/role.epic/spack-stack/spack-stack-1.6.0/envs/unified-env-rocky8/install/intel/2021.5.0/zstd-1.5.2-ui7ilkt/lib:1;/scratch1/NCEPDEV/nems/role.epic/spack-stack/spack-stack-1.6.0/envs/unified-env-rocky8/install/intel/2021.5.0/snappy-1.1.10-m42xdge/lib:1;/scratch1/NCEPDEV/nems/role.epic/spack-stack/spack-stack-1.6.0/envs/unified-env-rocky8/install/intel/2021.5.0/hdf5-1.14.0-lixiejp/lib:1;/scratch1/NCEPDEV/nems/role.epic/spack-stack/spack-stack-1.6.0/envs/unified-env-rocky8/install/intel/2021.5.0/cdo-2.2.0-d25j3di/lib:1;/scratch1/NCEPDEV/nems/role.epic/spack-stack/spack-stack-1.6.0/envs/unified-env-rocky8/install/intel/2021.5.0/udunits-2.2.28-k3qzmyx/lib:1;/scratch1/NCEPDEV/nems/role.epic/spack-stack/spack-stack-1.6.0/envs/unified-env-rocky8/install/intel/2021.5.0/proj-9.2.1-xrx3crr/lib64:1;/scratch1/NCEPDEV/nems/role.epic/spack-stack/spack-stack-1.6.0/envs/unified-env-rocky8/install/intel/2021.5.0/curl-8.4.0-5lex66w/lib:1;/scratch1/NCEPDEV/nems/role.epic/spack-stack/spack-stack-1.6.0/envs/unified-env-rocky8/install/intel/2021.5.0/nghttp2-1.57.0-kvadra7/lib:1;/scratch1/NCEPDEV/nems/role.epic/spack-stack/spack-stack-1.6.0/envs/unified-env-rocky8/install/intel/2021.5.0/fftw-3.3.10-7ud23to/lib:1;/scratch1/NCEPDEV/nems/role.epic/spack-stack/spack-stack-1.6.0/envs/unified-env-rocky8/install/intel/2021.5.0/eccodes-2.32.0-vc72ssb/lib64:1;/scratch1/NCEPDEV/nems/role.epic/spack-stack/spack-stack-1.6.0/envs/unified-env-rocky8/install/intel/2021.5.0/openjpeg-2.3.1-zi6uhnw/lib:1;/scratch1/NCEPDEV/nems/role.epic/spack-stack/spack-stack-1.6.0/envs/unified-env-rocky8/install/intel/2021.5.0/libpng-1.6.37-cha7kfi/lib64:1;/scratch1/NCEPDEV/nems/role.epic/spack-stack/spack-stack-1.6.0/envs/unified-env-rocky8/install/intel/2021.5.0/libpng-1.6.37-cha7kfi/lib:1;/scratch1/NCEPDEV/nems/role.epic/spack-stack/spack-stack-1.6.0/envs/unified-env-rocky8/install/intel/2021.5.0/jasper-2.0.32-atr6lqe/lib64:1;/scratch1/NCEPDEV/nems/role.epic/spack-stack/spack-stack-1.6.0/envs/unified-env-rocky8/install/intel/2021.5.0/libjpeg-turbo-2.1.0-ovaykos/lib64:1;/scratch1/NCEPDEV/nems/role.epic/spack-stack/spack-stack-1.6.0/envs/gsi-addon-dev-fms-2024.01/install/intel/2021.5.0/python-3.11.6-b6ydksr/lib:1;/scratch1/NCEPDEV/nems/role.epic/spack-stack/spack-stack-1.6.0/envs/unified-env-rocky8/install/intel/2021.5.0/util-linux-uuid-2.38.1-lsjm2vl/lib:1;/scratch1/NCEPDEV/nems/role.epic/spack-stack/spack-stack-1.6.0/envs/unified-env-rocky8/install/intel/2021.5.0/sqlite-3.43.2-34hfinn/lib:1;/scratch1/NCEPDEV/nems/role.epic/spack-stack/spack-stack-1.6.0/envs/unified-env-rocky8/install/intel/2021.5.0/zlib-1.2.13-eabxx4z/lib:1;/scratch1/NCEPDEV/nems/role.epic/spack-stack/spack-stack-1.6.0/envs/unified-env-rocky8/install/intel/2021.5.0/libxcrypt-4.4.35-mfr2lca/lib:1', 'CRTM_FIX': '/scratch1/NCEPDEV/nems/role.epic/spack-stack/spack-stack-1.6.0/envs/unified-env-rocky8/install/intel/2021.5.0/crtm-fix-2.4.0.1_emc-bm46d3q/fix', 'COM_RTOFS_TMPL': '${DMPDIR}', 'SLURM_PRIO_PROCESS': 0, 'COM_ATMOS_GRIB_GRID_TMPL': '${ROTDIR}/${RUN}.${YMD}/${HH}/${MEMDIR}/products/atmos/grib2/${GRID}', 'COMIN_CHEM_HISTORY': '/scratch1/NCEPDEV/global/glopara/CI/3745/RUNTESTS/COMROOT/C48_ATM_285cc940/gfs.20210323/12//model/chem/history', '__LMOD_REF_COUNT_XUSERFILESEARCHPATH': '/apps/gempak/7.17.0/resource/%N:1', 'OMP_STACKSIZE': 2048000, 'I_MPI_PMI_LIBRARY': '/apps/slurm/default/lib/libpmi2.so', 'openjpeg_ROOT': '/scratch1/NCEPDEV/nems/role.epic/spack-stack/spack-stack-1.6.0/envs/unified-env-rocky8/install/intel/2021.5.0/openjpeg-2.3.1-zi6uhnw', 'NUM_SND_COLLECTIVES': 9, 'OCL_ICD_FILENAMES': 'libintelocl_emu.so:libalteracl.so:/apps/oneapi/compiler/2022.0.2/linux/lib/x64/libintelocl.so', 'PSLOT': 'C48_ATM_285cc940', 'QUEUE': 'batch', 'DOIAU': True, 'GEMPARM': '/apps/gempak/7.17.0/gempak/parm', 'COMIN_ATMOS_INPUT': '/scratch1/NCEPDEV/global/glopara/CI/3745/RUNTESTS/COMROOT/C48_ATM_285cc940/gfs.20210323/12//model/atmos/input', 'PACKAGEROOT': '/scratch1/NCEPDEV/global/glopara/nwpara', 'NDATE': '/scratch1/NCEPDEV/nems/role.epic/spack-stack/spack-stack-1.6.0/envs/unified-env-rocky8/install/intel/2021.5.0/prod-util-2.1.1-4vpcrpl/bin/ndate', 'COM_ICE_RESTART_TMPL': '${ROTDIR}/${RUN}.${YMD}/${HH}/${MEMDIR}/model/ice/restart', 'LMOD_FAMILY_MPI_VERSION': '2022.1.2', 'COM_ICE_ANLMON_TMPL': '${ROTDIR}/${RUN}.${YMD}/${HH}/${MEMDIR}/products/ice/anlmon', 'FHOUT_ICE': 3, 'COM_SNOW_ANLMON_TMPL': '${ROTDIR}/${RUN}.${YMD}/${HH}/${MEMDIR}/products/snow/anlmon', 'py_netcdf4_ROOT': '/scratch1/NCEPDEV/nems/role.epic/spack-stack/spack-stack-1.6.0/envs/gsi-addon-dev-fms-2024.01/install/intel/2021.5.0/py-netcdf4-1.5.8-haeompg', 'I_MPI_HYDRA_BOOTSTRAP_EXEC_EXTRA_ARGS': '--external-launcher', 'EUPD_CYC': 'gdas', 'FETCHDIR': '/NCEPDEV/emc-global/1year/David.Grumm/test_data', '_ModuleTable056_': 'LXN0YWNrL3NwYWNrLXN0YWNrLTEuNi4wL2VudnMvZ3NpLWFkZG9uLWRldi1mbXMtMjAyNC4wMS9pbnN0YWxsL21vZHVsZWZpbGVzL2ludGVsLzIwMjEuNS4wL3B5LXBhY2thZ2luZy8yMy4xLmx1YSIsCmZ1bGxOYW1lID0gInB5LXBhY2thZ2luZy8yMy4xIiwKbG9hZE9yZGVyID0gODIsCnByb3BUID0ge30sCnJlZl9jb3VudCA9IDEsCnN0YWNrRGVwdGggPSAyLApzdGF0dXMgPSAiYWN0aXZlIiwKdXNlck5hbWUgPSAicHktcGFja2FnaW5nLzIzLjEiLAp3ViA9ICIwMDAwMDAwMjMuMDAwMDAwMDAxLip6ZmluYWwiLAp9LApbInB5LXBhbmRhcyJdID0gewpmbiA9ICIvc2NyYXRjaDEvTkNFUERFVi9uZW1zL3JvbGUuZXBpYy9zcGFjay1zdGFjay9zcGFjay1zdGFjay0xLjYuMC9l', 'CONFIGDIR': '/apps/gempak/7.17.0/config', 'netcdf_c_ROOT': '/scratch1/NCEPDEV/nems/role.epic/spack-stack/spack-stack-1.6.0/envs/unified-env-rocky8/install/intel/2021.5.0/netcdf-c-4.9.2-ejp7j3k', 'COMIN_OCEAN_HISTORY': '/scratch1/NCEPDEV/global/glopara/CI/3745/RUNTESTS/COMROOT/C48_ATM_285cc940/gfs.20210323/12//model/ocean/history', 'SLURM_SUBMIT_DIR': '/scratch1/NCEPDEV/global/glopara/CI/3745/RUNTESTS/EXPDIR/C48_ATM_285cc940', 'I_MPI_F90': 'ifort', '_ModuleTable019_': 'ODIiLAp3ViA9ICIwMDAwMDAwMDMuMDAwMDAwMDgyLip6ZmluYWwiLAp9LApbImdyaWItdXRpbCJdID0gewpmbiA9ICIvc2NyYXRjaDEvTkNFUERFVi9uZW1zL3JvbGUuZXBpYy9zcGFjay1zdGFjay9zcGFjay1zdGFjay0xLjYuMC9lbnZzL2dzaS1hZGRvbi1kZXYtZm1zLTIwMjQuMDEvaW5zdGFsbC9tb2R1bGVmaWxlcy9pbnRlbC8yMDIxLjUuMC9ncmliLXV0aWwvMS4zLjAubHVhIiwKZnVsbE5hbWUgPSAiZ3JpYi11dGlsLzEuMy4wIiwKbG9hZE9yZGVyID0gNDcsCnByb3BUID0ge30sCnN0YWNrRGVwdGggPSAxLApzdGF0dXMgPSAiYWN0aXZlIiwKdXNlck5hbWUgPSAiZ3JpYi11dGlsLzEuMy4wIiwKd1YgPSAiMDAwMDAwMDAxLjAwMDAwMDAwMy4qemZpbmFsIiwKfSwKWyJn', 'HISTCONTROL': 'ignoredups', 'EXECcfs': '/scratch1/NCEPDEV/global/glopara/git/Fit2Obs/v1.1.7/exec', 'imp_physics': 8, 'QUEUE_SERVICE': 'batch', 'COM_ICE_NETCDF_TMPL': '${ROTDIR}/${RUN}.${YMD}/${HH}/${MEMDIR}/products/ice/netcdf', '_ModuleTable008_': 'ID0gewpmbiA9ICIvc2NyYXRjaDEvTkNFUERFVi9uZW1zL3JvbGUuZXBpYy9zcGFjay1zdGFjay9zcGFjay1zdGFjay0xLjYuMC9lbnZzL2dzaS1hZGRvbi1kZXYtZm1zLTIwMjQuMDEvaW5zdGFsbC9tb2R1bGVmaWxlcy9pbnRlbC8yMDIxLjUuMC9jcnRtLWZpeC8yLjQuMC4xX2VtYy5sdWEiLApmdWxsTmFtZSA9ICJjcnRtLWZpeC8yLjQuMC4xX2VtYyIsCmxvYWRPcmRlciA9IDUwLApwcm9wVCA9IHt9LApyZWZfY291bnQgPSAxLApzdGFja0RlcHRoID0gMiwKc3RhdHVzID0gImFjdGl2ZSIsCnVzZXJOYW1lID0gImNydG0tZml4LzIuNC4wLjFfZW1jIiwKd1YgPSAiMDAwMDAwMDAyLjAwMDAwMDAwNC4wMDAwMDAwMDAuMDAwMDAwMDAxLipfLiplbWMuKnpmaW5hbCIsCn0sCmN1', 'OMPI_MCA_plm_slurm_args': '--external-launcher', 'COMIN_TOP': '/scratch1/NCEPDEV/global/glopara/CI/3745/RUNTESTS/COMROOT/C48_ATM_285cc940/gfs.20210323/12', 'SMOOTH_ENKF': False, 'spack_mod_path': '/scratch1/NCEPDEV/nems/role.epic/spack-stack/spack-stack-1.6.0/envs/gsi-addon-dev-fms-2024.01/install/modulefiles/Core', 'LMOD_FAMILY_COMPILER_VERSION': '2022.1.2', 'IAU_DELTHRS_ENKF': 6, 'COM_ATMOS_GRIB_TMPL': '${ROTDIR}/${RUN}.${YMD}/${HH}/${MEMDIR}/products/atmos/grib2', 'gsl_ROOT': '/scratch1/NCEPDEV/nems/role.epic/spack-stack/spack-stack-1.6.0/envs/unified-env-rocky8/install/intel/2021.5.0/gsl-2.7.1-xf6mkfq', 'cyc': 12, 'HOSTNAME': 'hfe06', 'COM_ICE_LETKF_TMPL': '${ROTDIR}/${RUN}.${YMD}/${HH}/${MEMDIR}/analysis/ice/letkf', 'W3EMC_INCd': '/scratch1/NCEPDEV/nems/role.epic/spack-stack/spack-stack-1.6.0/envs/unified-env-rocky8/install/intel/2021.5.0/w3emc-2.10.0-xer6twa/include_d', 'LMOD_SYSTEM_DEFAULT_MODULES': 'contrib', 'OLDPWD': '/scratch1/NCEPDEV/global/glopara/CI/3745/RUNTESTS/EXPDIR/C48_ATM_285cc940', 'g2_ROOT': '/scratch1/NCEPDEV/nems/role.epic/spack-stack/spack-stack-1.6.0/envs/unified-env-rocky8/install/intel/2021.5.0/g2-3.4.5-77xve5x', 'util_linux_uuid_ROOT': '/scratch1/NCEPDEV/nems/role.epic/spack-stack/spack-stack-1.6.0/envs/unified-env-rocky8/install/intel/2021.5.0/util-linux-uuid-2.38.1-lsjm2vl', 'stack_intel_ver': '2021.5.0', 'COM_WAVE_RESTART_TMPL': '${ROTDIR}/${RUN}.${YMD}/${HH}/${MEMDIR}/model/wave/restart', 'COM_ATMOS_RESTART_TMPL': '${ROTDIR}/${RUN}.${YMD}/${HH}/${MEMDIR}/model/atmos/restart', 'MEL_BUFR_TABLES': '/apps/gempak/7.17.0/gempak/tables/melbufr', 'SENDSDM': False, 'COM_ATMOS_BUFR_TMPL': '${ROTDIR}/${RUN}.${YMD}/${HH}/${MEMDIR}/products/atmos/bufr', 'netcdf_c_ver': '4.9.2', 'py_pandas_ROOT': '/scratch1/NCEPDEV/nems/role.epic/spack-stack/spack-stack-1.6.0/envs/gsi-addon-dev-fms-2024.01/install/intel/2021.5.0/py-pandas-1.5.3-tguwpv3', 'NMEM_ENS_GFS_OFFSET': 20, 'libpng_ver': '1.6.37', 'SLURM_CPUS_PER_TASK': 1, 'DO_ARCHCOM': True, 'DO_FIT2OBS': True, 'DO_ICE': False, 'CHGRP_CMD': 'chgrp rstprod', 'DO_NEST': False, 'met_ver': '9.1.3', 'ENVIRONMENT': 'BATCH', 'DO_AERO_FCST': False, 'py_et_xmlfile_ROOT': '/scratch1/NCEPDEV/nems/role.epic/spack-stack/spack-stack-1.6.0/envs/gsi-addon-dev-fms-2024.01/install/intel/2021.5.0/py-et-xmlfile-1.0.1-it6uamo', 'DOLETKF_OCN': False, 'PARMgfs': '/scratch1/NCEPDEV/global/glopara/CI/3745/global-workflow/parm', 'COM_WAVE_PREP_TMPL': '${ROTDIR}/${RUN}.${YMD}/${HH}/${MEMDIR}/model/wave/prep', 'ACL_BOARD_VENDOR_PATH': '/opt/Intel/OpenCLFPGA/oneAPI/Boards', 'py_numexpr_ROOT': '/scratch1/NCEPDEV/nems/role.epic/spack-stack/spack-stack-1.6.0/envs/gsi-addon-dev-fms-2024.01/install/intel/2021.5.0/py-numexpr-2.8.4-uqnmadj', 'GEMPTXT': '/apps/gempak/7.17.0/gempak/txt/programs', 'SERIAL_FC': '/apps/oneapi/compiler/2022.0.2/linux/bin/intel64/ifort', 'OS_INC': '/apps/gempak/7.17.0/os/linux64/include', 'py_jinja2_ver': '3.1.2', 'GSL_ROOT_DIR': '/scratch1/NCEPDEV/nems/role.epic/spack-stack/spack-stack-1.6.0/envs/unified-env-rocky8/install/intel/2021.5.0/gsl-2.7.1-xf6mkfq', 'COMIN_ATMOS_GEMPAK': '/scratch1/NCEPDEV/global/glopara/CI/3745/RUNTESTS/COMROOT/C48_ATM_285cc940/gfs.20210323/12//products/atmos/gempak/', 'DO_FETCH_HPSS': False, 'BASE_ENV': '/scratch1/NCEPDEV/global/glopara/CI/3745/global-workflow/env', 'NLN': '/bin/ln -sf', 'I_MPI_PIN_RESPECT_CPUSET': 'off', 'nst_anl': True, '__LMOD_REF_COUNT_XDG_DATA_DIRS': '/apps/spack/linux-rocky8-x86_64/gcc-13.2.0/pango-1.50.13-q4xnfqnzqwn2svm3ranztyidsrbl5bpt/share:1', 'job': 'arch_tars', 'RESERVATION': '', 'hdf5_ROOT': '/scratch1/NCEPDEV/nems/role.epic/spack-stack/spack-stack-1.6.0/envs/unified-env-rocky8/install/intel/2021.5.0/hdf5-1.14.0-lixiejp', 'LMOD_FAMILY_G2TMPLVIRT': 'g2tmpl', 'BUFR_ROOT': '/scratch1/NCEPDEV/nems/role.epic/spack-stack/spack-stack-1.6.0/envs/gsi-addon-dev-fms-2024.01/install/intel/2021.5.0/bufr-11.7.0-w62mmgj', '_ModuleTable039_': 'ID0gMywKc3RhdHVzID0gImFjdGl2ZSIsCnVzZXJOYW1lID0gIm9wZW5ibGFzLzAuMy4yNCIsCndWID0gIjAwMDAwMDAwMC4wMDAwMDAwMDMuMDAwMDAwMDI0Lip6ZmluYWwiLAp9LApvcGVuanBlZyA9IHsKZm4gPSAiL3NjcmF0Y2gxL05DRVBERVYvbmVtcy9yb2xlLmVwaWMvc3BhY2stc3RhY2svc3BhY2stc3RhY2stMS42LjAvZW52cy9nc2ktYWRkb24tZGV2LWZtcy0yMDI0LjAxL2luc3RhbGwvbW9kdWxlZmlsZXMvaW50ZWwvMjAyMS41LjAvb3BlbmpwZWcvMi4zLjEubHVhIiwKZnVsbE5hbWUgPSAib3BlbmpwZWcvMi4zLjEiLApsb2FkT3JkZXIgPSAxOCwKcHJvcFQgPSB7fSwKcmVmX2NvdW50ID0gMSwKc3RhY2tEZXB0aCA9IDMsCnN0YXR1cyA9ICJhY3RpdmUiLAp1c2Vy', 'COM_CHEM_HISTORY_TMPL': '${ROTDIR}/${RUN}.${YMD}/${HH}/${MEMDIR}/model/chem/history', 'COM_OBSPROC_TMPL': '${DMPDIR}/${RUN}${DUMP_SUFFIX}.${YMD}/${HH}/atmos', 'COMIN_WAVE_STATION': '/scratch1/NCEPDEV/global/glopara/CI/3745/RUNTESTS/COMROOT/C48_ATM_285cc940/gfs.20210323/12//products/wave/station', '_ModuleTable007_': 'bCIsCn0sCmNydG0gPSB7CmZuID0gIi9zY3JhdGNoMS9OQ0VQREVWL25lbXMvcm9sZS5lcGljL3NwYWNrLXN0YWNrL3NwYWNrLXN0YWNrLTEuNi4wL2VudnMvZ3NpLWFkZG9uLWRldi1mbXMtMjAyNC4wMS9pbnN0YWxsL21vZHVsZWZpbGVzL2ludGVsLW9uZWFwaS1tcGkvMjAyMS41LjEvaW50ZWwvMjAyMS41LjAvY3J0bS8yLjQuMC4xLmx1YSIsCmZ1bGxOYW1lID0gImNydG0vMi40LjAuMSIsCmxvYWRPcmRlciA9IDUyLApwcm9wVCA9IHt9LApzdGFja0RlcHRoID0gMSwKc3RhdHVzID0gImFjdGl2ZSIsCnVzZXJOYW1lID0gImNydG0vMi40LjAuMSIsCndWID0gIjAwMDAwMDAwMi4wMDAwMDAwMDQuMDAwMDAwMDAwLjAwMDAwMDAwMS4qemZpbmFsIiwKfSwKWyJjcnRtLWZpeCJd', 'ntasks': 1, 'W3EMC_INC4': '/scratch1/NCEPDEV/nems/role.epic/spack-stack/spack-stack-1.6.0/envs/unified-env-rocky8/install/intel/2021.5.0/w3emc-2.10.0-xer6twa/include_4', 'max_tasks_per_node': 40, 'OUTPUT_GRID': 'gaussian_grid', 'EXPDIR': '/scratch1/NCEPDEV/global/glopara/CI/3745/RUNTESTS/EXPDIR/C48_ATM_285cc940', 'W3EMC_INC8': '/scratch1/NCEPDEV/nems/role.epic/spack-stack/spack-stack-1.6.0/envs/unified-env-rocky8/install/intel/2021.5.0/w3emc-2.10.0-xer6twa/include_8', 'COM_OBS_JEDI': '${ROTDIR}/${RUN}.${YMD}/${HH}/${MEMDIR}/obs_jedi', '__LMOD_REF_COUNT_NLSPATH': '/apps/oneapi/mkl/2022.0.2/lib/intel64/locale/%l_%t/%N:1;/apps/oneapi/compiler/2022.0.2/linux/compiler/lib/intel64_lin/locale/%l_%t/%N:1', 'USHprepobs': '/scratch1/NCEPDEV/global/glopara/git/prepobs/v1.1.0/ush', 'FHMIN': 0, '_ModuleTable026_': 'biA9ICIvc2NyYXRjaDEvTkNFUERFVi9uZW1zL3JvbGUuZXBpYy9zcGFjay1zdGFjay9zcGFjay1zdGFjay0xLjYuMC9lbnZzL2dzaS1hZGRvbi1kZXYtZm1zLTIwMjQuMDEvaW5zdGFsbC9tb2R1bGVmaWxlcy9pbnRlbC8yMDIxLjUuMC9qYXNwZXIvMi4wLjMyLmx1YSIsCmZ1bGxOYW1lID0gImphc3Blci8yLjAuMzIiLApsb2FkT3JkZXIgPSAxNiwKcHJvcFQgPSB7fSwKc3RhY2tEZXB0aCA9IDEsCnN0YXR1cyA9ICJhY3RpdmUiLAp1c2VyTmFtZSA9ICJqYXNwZXIvMi4wLjMyIiwKd1YgPSAiMDAwMDAwMDAyLjAwMDAwMDAwMC4wMDAwMDAwMzIuKnpmaW5hbCIsCn0sCmxpYmpwZWcgPSB7CmZuID0gIi9zY3JhdGNoMS9OQ0VQREVWL25lbXMvcm9sZS5lcGljL3NwYWNrLXN0YWNr', 'py_packaging_ROOT': '/scratch1/NCEPDEV/nems/role.epic/spack-stack/spack-stack-1.6.0/envs/gsi-addon-dev-fms-2024.01/install/intel/2021.5.0/py-packaging-23.1-5gvg7qo', 'VERBOSE': True, 'TOCGRIB': '/scratch1/NCEPDEV/nems/role.epic/spack-stack/spack-stack-1.6.0/envs/gsi-addon-dev-fms-2024.01/install/intel/2021.5.0/grib-util-1.3.0-qbbcc54/bin/tocgrib', 'COMIN_ATMOS_RESTART': '/scratch1/NCEPDEV/global/glopara/CI/3745/RUNTESTS/COMROOT/C48_ATM_285cc940/gfs.20210323/12//model/atmos/restart', 'KDEDIRS': '/usr', 'NHOUR': '/scratch1/NCEPDEV/nems/role.epic/spack-stack/spack-stack-1.6.0/envs/unified-env-rocky8/install/intel/2021.5.0/prod-util-2.1.1-4vpcrpl/bin/nhour', 'SQUEUE_FORMAT': '%.10i %10P %24j %16u %8T %.8M %.10l %.5D %R', 'FHMAX_GFS': 120, 'SLURM_PROCID': 0, 'DO_STARTMEM_FROM_JEDIICE': False, 'SLURM_JOB_GID': 11806, 'memory': '4096M', 'DYLD_LIBRARY_PATH': '/scratch1/NCEPDEV/nems/role.epic/spack-stack/spack-stack-1.6.0/envs/gsi-addon-dev-fms-2024.01/install/intel/2021.5.0/py-xarray-2023.7.0-joweppx/lib:/scratch1/NCEPDEV/nems/role.epic/spack-stack/spack-stack-1.6.0/envs/gsi-addon-dev-fms-2024.01/install/intel/2021.5.0/py-packaging-23.1-5gvg7qo/lib:/scratch1/NCEPDEV/nems/role.epic/spack-stack/spack-stack-1.6.0/envs/unified-env-rocky8/install/intel/2021.5.0/netcdf-cxx4-4.3.1-wba23ef/lib:/scratch1/NCEPDEV/nems/role.epic/spack-stack/spack-stack-1.6.0/envs/gsi-addon-dev-fms-2024.01/install/intel/2021.5.0/g2c-1.8.0-ghlcvbx/lib64:/scratch1/NCEPDEV/nems/role.epic/spack-stack/spack-stack-1.6.0/envs/gsi-addon-dev-fms-2024.01/install/intel/2021.5.0/py-python-dateutil-2.8.2-3qglnj4/lib:/scratch1/NCEPDEV/nems/role.epic/spack-stack/spack-stack-1.6.0/envs/gsi-addon-dev-fms-2024.01/install/intel/2021.5.0/py-six-1.16.0-t54borv/lib:/scratch1/NCEPDEV/nems/role.epic/spack-stack/spack-stack-1.6.0/envs/gsi-addon-dev-fms-2024.01/install/intel/2021.5.0/py-pandas-1.5.3-tguwpv3/lib:/scratch1/NCEPDEV/nems/role.epic/spack-stack/spack-stack-1.6.0/envs/gsi-addon-dev-fms-2024.01/install/intel/2021.5.0/py-xlwt-1.3.0-5nxruci/lib:/scratch1/NCEPDEV/nems/role.epic/spack-stack/spack-stack-1.6.0/envs/gsi-addon-dev-fms-2024.01/install/intel/2021.5.0/py-xlsxwriter-3.1.7-7l25bnt/lib:/scratch1/NCEPDEV/nems/role.epic/spack-stack/spack-stack-1.6.0/envs/gsi-addon-dev-fms-2024.01/install/intel/2021.5.0/py-xlrd-2.0.1-fwxe33t/lib:/scratch1/NCEPDEV/nems/role.epic/spack-stack/spack-stack-1.6.0/envs/gsi-addon-dev-fms-2024.01/install/intel/2021.5.0/py-pyxlsb-1.0.10-ghdqaaw/lib:/scratch1/NCEPDEV/nems/role.epic/spack-stack/spack-stack-1.6.0/envs/gsi-addon-dev-fms-2024.01/install/intel/2021.5.0/py-pytz-2023.3-kkz2z3d/lib:/scratch1/NCEPDEV/nems/role.epic/spack-stack/spack-stack-1.6.0/envs/gsi-addon-dev-fms-2024.01/install/intel/2021.5.0/py-openpyxl-3.1.2-4tswswo/lib:/scratch1/NCEPDEV/nems/role.epic/spack-stack/spack-stack-1.6.0/envs/gsi-addon-dev-fms-2024.01/install/intel/2021.5.0/py-et-xmlfile-1.0.1-it6uamo/lib:/scratch1/NCEPDEV/nems/role.epic/spack-stack/spack-stack-1.6.0/envs/gsi-addon-dev-fms-2024.01/install/intel/2021.5.0/py-numexpr-2.8.4-uqnmadj/lib:/scratch1/NCEPDEV/nems/role.epic/spack-stack/spack-stack-1.6.0/envs/gsi-addon-dev-fms-2024.01/install/intel/2021.5.0/py-bottleneck-1.3.7-4itjkyr/lib:/scratch1/NCEPDEV/nems/role.epic/spack-stack/spack-stack-1.6.0/envs/gsi-addon-dev-fms-2024.01/install/intel/2021.5.0/py-jinja2-3.1.2-3yb4fme/lib:/scratch1/NCEPDEV/nems/role.epic/spack-stack/spack-stack-1.6.0/envs/gsi-addon-dev-fms-2024.01/install/intel/2021.5.0/py-markupsafe-2.1.3-clrlf2z/lib:/scratch1/NCEPDEV/nems/role.epic/spack-stack/spack-stack-1.6.0/envs/gsi-addon-dev-fms-2024.01/install/intel/2021.5.0/py-pyyaml-6.0-4sduut5/lib:/scratch1/NCEPDEV/nems/role.epic/spack-stack/spack-stack-1.6.0/envs/unified-env-rocky8/install/intel/2021.5.0/libyaml-0.2.5-f3a4y3h/lib:/scratch1/NCEPDEV/nems/role.epic/spack-stack/spack-stack-1.6.0/envs/gsi-addon-dev-fms-2024.01/install/intel/2021.5.0/py-netcdf4-1.5.8-haeompg/lib:/scratch1/NCEPDEV/nems/role.epic/spack-stack/spack-stack-1.6.0/envs/gsi-addon-dev-fms-2024.01/install/intel/2021.5.0/py-cftime-1.0.3.4-4s5bg7j/lib:/scratch1/NCEPDEV/nems/role.epic/spack-stack/spack-stack-1.6.0/envs/gsi-addon-dev-fms-2024.01/install/intel/2021.5.0/py-f90nml-1.4.3-b4vzhct/lib:/scratch1/NCEPDEV/nems/role.epic/spack-stack/spack-stack-1.6.0/envs/unified-env-rocky8/install/intel/2021.5.0/wgrib2-2.0.8-nauzcdx/lib:/scratch1/NCEPDEV/nems/role.epic/spack-stack/spack-stack-1.6.0/envs/gsi-addon-dev-fms-2024.01/install/intel/2021.5.0/bufr-11.7.0-w62mmgj/lib64:/scratch1/NCEPDEV/nems/role.epic/spack-stack/spack-stack-1.6.0/envs/gsi-addon-dev-fms-2024.01/install/intel/2021.5.0/bufr-11.7.0-w62mmgj/lib:/scratch1/NCEPDEV/nems/role.epic/spack-stack/spack-stack-1.6.0/envs/gsi-addon-dev-fms-2024.01/install/intel/2021.5.0/py-numpy-1.23.4-yrvnxwk/lib:/scratch1/NCEPDEV/nems/role.epic/spack-stack/spack-stack-1.6.0/envs/gsi-addon-dev-fms-2024.01/install/intel/2021.5.0/py-setuptools-63.4.3-qppw6fo/lib:/scratch1/NCEPDEV/nems/role.epic/spack-stack/spack-stack-1.6.0/envs/unified-env-rocky8/install/intel/2021.5.0/openblas-0.3.24-o6x5uk4/lib:/scratch1/NCEPDEV/nems/role.epic/spack-stack/spack-stack-1.6.0/envs/unified-env-rocky8/install/intel/2021.5.0/crtm-2.4.0.1-zg3ykcb/lib:/scratch1/NCEPDEV/nems/role.epic/spack-stack/spack-stack-1.6.0/envs/unified-env-rocky8/install/intel/2021.5.0/gsi-ncdiag-1.1.2-vwq6ky5/lib64:/scratch1/NCEPDEV/nems/role.epic/spack-stack/spack-stack-1.6.0/envs/gsi-addon-dev-fms-2024.01/install/intel/2021.5.0/g2tmpl-1.13.0-xpw455u/lib64:/scratch1/NCEPDEV/nems/role.epic/spack-stack/spack-stack-1.6.0/envs/unified-env-rocky8/install/intel/2021.5.0/ip-4.3.0-ozyjvbg/lib64:/scratch1/NCEPDEV/nems/role.epic/spack-stack/spack-stack-1.6.0/envs/unified-env-rocky8/install/intel/2021.5.0/sp-2.5.0-2pqzhuv/lib64:/scratch1/NCEPDEV/nems/role.epic/spack-stack/spack-stack-1.6.0/envs/unified-env-rocky8/install/intel/2021.5.0/g2-3.4.5-77xve5x/lib64:/scratch1/NCEPDEV/nems/role.epic/spack-stack/spack-stack-1.6.0/envs/unified-env-rocky8/install/intel/2021.5.0/w3emc-2.10.0-xer6twa/lib64:/scratch1/NCEPDEV/nems/role.epic/spack-stack/spack-stack-1.6.0/envs/unified-env-rocky8/install/intel/2021.5.0/bacio-2.4.1-wqq7qmr/lib:/scratch1/NCEPDEV/nems/role.epic/spack-stack/spack-stack-1.6.0/envs/unified-env-rocky8/install/intel/2021.5.0/nco-5.0.6-s5fkg5v/lib:/scratch1/NCEPDEV/nems/role.epic/spack-stack/spack-stack-1.6.0/envs/unified-env-rocky8/install/intel/2021.5.0/gsl-2.7.1-xf6mkfq/lib:/scratch1/NCEPDEV/nems/role.epic/spack-stack/spack-stack-1.6.0/envs/unified-env-rocky8/install/intel/2021.5.0/antlr-2.7.7-3kdtvjg/lib:/scratch1/NCEPDEV/nems/role.epic/spack-stack/spack-stack-1.6.0/envs/unified-env-rocky8/install/intel/2021.5.0/esmf-8.6.0-nnuwc5z/lib:/scratch1/NCEPDEV/nems/role.epic/spack-stack/spack-stack-1.6.0/envs/unified-env-rocky8/install/intel/2021.5.0/parallelio-2.5.10-2wulfav/lib:/scratch1/NCEPDEV/nems/role.epic/spack-stack/spack-stack-1.6.0/envs/unified-env-rocky8/install/intel/2021.5.0/parallel-netcdf-1.12.2-cwokdeb/lib:/scratch1/NCEPDEV/nems/role.epic/spack-stack/spack-stack-1.6.0/envs/unified-env-rocky8/install/intel/2021.5.0/netcdf-fortran-4.6.1-ifhqcwv/lib:/scratch1/NCEPDEV/nems/role.epic/spack-stack/spack-stack-1.6.0/envs/unified-env-rocky8/install/intel/2021.5.0/netcdf-c-4.9.2-ejp7j3k/lib:/scratch1/NCEPDEV/nems/role.epic/spack-stack/spack-stack-1.6.0/envs/unified-env-rocky8/install/intel/2021.5.0/c-blosc-1.21.5-2lodawi/lib64:/scratch1/NCEPDEV/nems/role.epic/spack-stack/spack-stack-1.6.0/envs/unified-env-rocky8/install/intel/2021.5.0/zstd-1.5.2-ui7ilkt/lib:/scratch1/NCEPDEV/nems/role.epic/spack-stack/spack-stack-1.6.0/envs/unified-env-rocky8/install/intel/2021.5.0/snappy-1.1.10-m42xdge/lib:/scratch1/NCEPDEV/nems/role.epic/spack-stack/spack-stack-1.6.0/envs/unified-env-rocky8/install/intel/2021.5.0/hdf5-1.14.0-lixiejp/lib:/scratch1/NCEPDEV/nems/role.epic/spack-stack/spack-stack-1.6.0/envs/unified-env-rocky8/install/intel/2021.5.0/cdo-2.2.0-d25j3di/lib:/scratch1/NCEPDEV/nems/role.epic/spack-stack/spack-stack-1.6.0/envs/unified-env-rocky8/install/intel/2021.5.0/udunits-2.2.28-k3qzmyx/lib:/scratch1/NCEPDEV/nems/role.epic/spack-stack/spack-stack-1.6.0/envs/unified-env-rocky8/install/intel/2021.5.0/proj-9.2.1-xrx3crr/lib64:/scratch1/NCEPDEV/nems/role.epic/spack-stack/spack-stack-1.6.0/envs/unified-env-rocky8/install/intel/2021.5.0/curl-8.4.0-5lex66w/lib:/scratch1/NCEPDEV/nems/role.epic/spack-stack/spack-stack-1.6.0/envs/unified-env-rocky8/install/intel/2021.5.0/nghttp2-1.57.0-kvadra7/lib:/scratch1/NCEPDEV/nems/role.epic/spack-stack/spack-stack-1.6.0/envs/unified-env-rocky8/install/intel/2021.5.0/fftw-3.3.10-7ud23to/lib:/scratch1/NCEPDEV/nems/role.epic/spack-stack/spack-stack-1.6.0/envs/unified-env-rocky8/install/intel/2021.5.0/eccodes-2.32.0-vc72ssb/lib64:/scratch1/NCEPDEV/nems/role.epic/spack-stack/spack-stack-1.6.0/envs/unified-env-rocky8/install/intel/2021.5.0/openjpeg-2.3.1-zi6uhnw/lib:/scratch1/NCEPDEV/nems/role.epic/spack-stack/spack-stack-1.6.0/envs/unified-env-rocky8/install/intel/2021.5.0/libpng-1.6.37-cha7kfi/lib64:/scratch1/NCEPDEV/nems/role.epic/spack-stack/spack-stack-1.6.0/envs/unified-env-rocky8/install/intel/2021.5.0/libpng-1.6.37-cha7kfi/lib:/scratch1/NCEPDEV/nems/role.epic/spack-stack/spack-stack-1.6.0/envs/unified-env-rocky8/install/intel/2021.5.0/jasper-2.0.32-atr6lqe/lib64:/scratch1/NCEPDEV/nems/role.epic/spack-stack/spack-stack-1.6.0/envs/unified-env-rocky8/install/intel/2021.5.0/libjpeg-turbo-2.1.0-ovaykos/lib64:/scratch1/NCEPDEV/nems/role.epic/spack-stack/spack-stack-1.6.0/envs/gsi-addon-dev-fms-2024.01/install/intel/2021.5.0/python-3.11.6-b6ydksr/lib:/scratch1/NCEPDEV/nems/role.epic/spack-stack/spack-stack-1.6.0/envs/unified-env-rocky8/install/intel/2021.5.0/util-linux-uuid-2.38.1-lsjm2vl/lib:/scratch1/NCEPDEV/nems/role.epic/spack-stack/spack-stack-1.6.0/envs/unified-env-rocky8/install/intel/2021.5.0/sqlite-3.43.2-34hfinn/lib:/scratch1/NCEPDEV/nems/role.epic/spack-stack/spack-stack-1.6.0/envs/unified-env-rocky8/install/intel/2021.5.0/zlib-1.2.13-eabxx4z/lib:/scratch1/NCEPDEV/nems/role.epic/spack-stack/spack-stack-1.6.0/envs/unified-env-rocky8/install/intel/2021.5.0/libxcrypt-4.4.35-mfr2lca/lib', 'FIXreg2grb2': '/scratch1/NCEPDEV/global/glopara/CI/3745/global-workflow/fix/reg2grb2', 'I_MPI_HYDRA_BOOTSTRAP': 'slurm', 'COM_WAVE_GEMPAK_TMPL': '${ROTDIR}/${RUN}.${YMD}/${HH}/${MEMDIR}/products/wave/gempak', '__LMOD_REF_COUNT_LD_LIBRARY_PATH': '/scratch1/NCEPDEV/nems/role.epic/spack-stack/spack-stack-1.6.0/envs/gsi-addon-dev-fms-2024.01/install/intel/2021.5.0/py-xarray-2023.7.0-joweppx/lib:1;/scratch1/NCEPDEV/nems/role.epic/spack-stack/spack-stack-1.6.0/envs/gsi-addon-dev-fms-2024.01/install/intel/2021.5.0/py-packaging-23.1-5gvg7qo/lib:1;/scratch1/NCEPDEV/nems/role.epic/spack-stack/spack-stack-1.6.0/envs/unified-env-rocky8/install/intel/2021.5.0/netcdf-cxx4-4.3.1-wba23ef/lib:1;/scratch1/NCEPDEV/nems/role.epic/spack-stack/spack-stack-1.6.0/envs/gsi-addon-dev-fms-2024.01/install/intel/2021.5.0/g2c-1.8.0-ghlcvbx/lib64:1;/scratch1/NCEPDEV/nems/role.epic/spack-stack/spack-stack-1.6.0/envs/gsi-addon-dev-fms-2024.01/install/intel/2021.5.0/py-python-dateutil-2.8.2-3qglnj4/lib:1;/scratch1/NCEPDEV/nems/role.epic/spack-stack/spack-stack-1.6.0/envs/gsi-addon-dev-fms-2024.01/install/intel/2021.5.0/py-six-1.16.0-t54borv/lib:1;/scratch1/NCEPDEV/nems/role.epic/spack-stack/spack-stack-1.6.0/envs/gsi-addon-dev-fms-2024.01/install/intel/2021.5.0/py-pandas-1.5.3-tguwpv3/lib:1;/scratch1/NCEPDEV/nems/role.epic/spack-stack/spack-stack-1.6.0/envs/gsi-addon-dev-fms-2024.01/install/intel/2021.5.0/py-xlwt-1.3.0-5nxruci/lib:1;/scratch1/NCEPDEV/nems/role.epic/spack-stack/spack-stack-1.6.0/envs/gsi-addon-dev-fms-2024.01/install/intel/2021.5.0/py-xlsxwriter-3.1.7-7l25bnt/lib:1;/scratch1/NCEPDEV/nems/role.epic/spack-stack/spack-stack-1.6.0/envs/gsi-addon-dev-fms-2024.01/install/intel/2021.5.0/py-xlrd-2.0.1-fwxe33t/lib:1;/scratch1/NCEPDEV/nems/role.epic/spack-stack/spack-stack-1.6.0/envs/gsi-addon-dev-fms-2024.01/install/intel/2021.5.0/py-pyxlsb-1.0.10-ghdqaaw/lib:1;/scratch1/NCEPDEV/nems/role.epic/spack-stack/spack-stack-1.6.0/envs/gsi-addon-dev-fms-2024.01/install/intel/2021.5.0/py-pytz-2023.3-kkz2z3d/lib:1;/scratch1/NCEPDEV/nems/role.epic/spack-stack/spack-stack-1.6.0/envs/gsi-addon-dev-fms-2024.01/install/intel/2021.5.0/py-openpyxl-3.1.2-4tswswo/lib:1;/scratch1/NCEPDEV/nems/role.epic/spack-stack/spack-stack-1.6.0/envs/gsi-addon-dev-fms-2024.01/install/intel/2021.5.0/py-et-xmlfile-1.0.1-it6uamo/lib:1;/scratch1/NCEPDEV/nems/role.epic/spack-stack/spack-stack-1.6.0/envs/gsi-addon-dev-fms-2024.01/install/intel/2021.5.0/py-numexpr-2.8.4-uqnmadj/lib:1;/scratch1/NCEPDEV/nems/role.epic/spack-stack/spack-stack-1.6.0/envs/gsi-addon-dev-fms-2024.01/install/intel/2021.5.0/py-bottleneck-1.3.7-4itjkyr/lib:1;/scratch1/NCEPDEV/nems/role.epic/spack-stack/spack-stack-1.6.0/envs/gsi-addon-dev-fms-2024.01/install/intel/2021.5.0/py-jinja2-3.1.2-3yb4fme/lib:1;/scratch1/NCEPDEV/nems/role.epic/spack-stack/spack-stack-1.6.0/envs/gsi-addon-dev-fms-2024.01/install/intel/2021.5.0/py-markupsafe-2.1.3-clrlf2z/lib:1;/scratch1/NCEPDEV/nems/role.epic/spack-stack/spack-stack-1.6.0/envs/gsi-addon-dev-fms-2024.01/install/intel/2021.5.0/py-pyyaml-6.0-4sduut5/lib:1;/scratch1/NCEPDEV/nems/role.epic/spack-stack/spack-stack-1.6.0/envs/unified-env-rocky8/install/intel/2021.5.0/libyaml-0.2.5-f3a4y3h/lib:1;/scratch1/NCEPDEV/nems/role.epic/spack-stack/spack-stack-1.6.0/envs/gsi-addon-dev-fms-2024.01/install/intel/2021.5.0/py-netcdf4-1.5.8-haeompg/lib:1;/scratch1/NCEPDEV/nems/role.epic/spack-stack/spack-stack-1.6.0/envs/gsi-addon-dev-fms-2024.01/install/intel/2021.5.0/py-cftime-1.0.3.4-4s5bg7j/lib:1;/scratch1/NCEPDEV/nems/role.epic/spack-stack/spack-stack-1.6.0/envs/gsi-addon-dev-fms-2024.01/install/intel/2021.5.0/py-f90nml-1.4.3-b4vzhct/lib:1;/scratch1/NCEPDEV/nems/role.epic/spack-stack/spack-stack-1.6.0/envs/unified-env-rocky8/install/intel/2021.5.0/wgrib2-2.0.8-nauzcdx/lib:1;/scratch1/NCEPDEV/nems/role.epic/spack-stack/spack-stack-1.6.0/envs/gsi-addon-dev-fms-2024.01/install/intel/2021.5.0/bufr-11.7.0-w62mmgj/lib64:1;/scratch1/NCEPDEV/nems/role.epic/spack-stack/spack-stack-1.6.0/envs/gsi-addon-dev-fms-2024.01/install/intel/2021.5.0/bufr-11.7.0-w62mmgj/lib:1;/scratch1/NCEPDEV/nems/role.epic/spack-stack/spack-stack-1.6.0/envs/gsi-addon-dev-fms-2024.01/install/intel/2021.5.0/py-numpy-1.23.4-yrvnxwk/lib:1;/scratch1/NCEPDEV/nems/role.epic/spack-stack/spack-stack-1.6.0/envs/gsi-addon-dev-fms-2024.01/install/intel/2021.5.0/py-setuptools-63.4.3-qppw6fo/lib:1;/scratch1/NCEPDEV/nems/role.epic/spack-stack/spack-stack-1.6.0/envs/unified-env-rocky8/install/intel/2021.5.0/openblas-0.3.24-o6x5uk4/lib:1;/scratch1/NCEPDEV/nems/role.epic/spack-stack/spack-stack-1.6.0/envs/unified-env-rocky8/install/intel/2021.5.0/crtm-2.4.0.1-zg3ykcb/lib:1;/scratch1/NCEPDEV/nems/role.epic/spack-stack/spack-stack-1.6.0/envs/unified-env-rocky8/install/intel/2021.5.0/gsi-ncdiag-1.1.2-vwq6ky5/lib64:1;/scratch1/NCEPDEV/nems/role.epic/spack-stack/spack-stack-1.6.0/envs/gsi-addon-dev-fms-2024.01/install/intel/2021.5.0/g2tmpl-1.13.0-xpw455u/lib64:1;/scratch1/NCEPDEV/nems/role.epic/spack-stack/spack-stack-1.6.0/envs/unified-env-rocky8/install/intel/2021.5.0/ip-4.3.0-ozyjvbg/lib64:1;/scratch1/NCEPDEV/nems/role.epic/spack-stack/spack-stack-1.6.0/envs/unified-env-rocky8/install/intel/2021.5.0/sp-2.5.0-2pqzhuv/lib64:1;/scratch1/NCEPDEV/nems/role.epic/spack-stack/spack-stack-1.6.0/envs/unified-env-rocky8/install/intel/2021.5.0/g2-3.4.5-77xve5x/lib64:1;/scratch1/NCEPDEV/nems/role.epic/spack-stack/spack-stack-1.6.0/envs/unified-env-rocky8/install/intel/2021.5.0/w3emc-2.10.0-xer6twa/lib64:1;/scratch1/NCEPDEV/nems/role.epic/spack-stack/spack-stack-1.6.0/envs/unified-env-rocky8/install/intel/2021.5.0/bacio-2.4.1-wqq7qmr/lib:1;/scratch1/NCEPDEV/nems/role.epic/spack-stack/spack-stack-1.6.0/envs/unified-env-rocky8/install/intel/2021.5.0/nco-5.0.6-s5fkg5v/lib:1;/scratch1/NCEPDEV/nems/role.epic/spack-stack/spack-stack-1.6.0/envs/unified-env-rocky8/install/intel/2021.5.0/gsl-2.7.1-xf6mkfq/lib:1;/scratch1/NCEPDEV/nems/role.epic/spack-stack/spack-stack-1.6.0/envs/unified-env-rocky8/install/intel/2021.5.0/antlr-2.7.7-3kdtvjg/lib:1;/scratch1/NCEPDEV/nems/role.epic/spack-stack/spack-stack-1.6.0/envs/unified-env-rocky8/install/intel/2021.5.0/esmf-8.6.0-nnuwc5z/lib:1;/scratch1/NCEPDEV/nems/role.epic/spack-stack/spack-stack-1.6.0/envs/unified-env-rocky8/install/intel/2021.5.0/parallelio-2.5.10-2wulfav/lib:1;/scratch1/NCEPDEV/nems/role.epic/spack-stack/spack-stack-1.6.0/envs/unified-env-rocky8/install/intel/2021.5.0/parallel-netcdf-1.12.2-cwokdeb/lib:1;/scratch1/NCEPDEV/nems/role.epic/spack-stack/spack-stack-1.6.0/envs/unified-env-rocky8/install/intel/2021.5.0/netcdf-fortran-4.6.1-ifhqcwv/lib:1;/scratch1/NCEPDEV/nems/role.epic/spack-stack/spack-stack-1.6.0/envs/unified-env-rocky8/install/intel/2021.5.0/netcdf-c-4.9.2-ejp7j3k/lib:1;/scratch1/NCEPDEV/nems/role.epic/spack-stack/spack-stack-1.6.0/envs/unified-env-rocky8/install/intel/2021.5.0/c-blosc-1.21.5-2lodawi/lib64:1;/scratch1/NCEPDEV/nems/role.epic/spack-stack/spack-stack-1.6.0/envs/unified-env-rocky8/install/intel/2021.5.0/zstd-1.5.2-ui7ilkt/lib:1;/scratch1/NCEPDEV/nems/role.epic/spack-stack/spack-stack-1.6.0/envs/unified-env-rocky8/install/intel/2021.5.0/snappy-1.1.10-m42xdge/lib:1;/scratch1/NCEPDEV/nems/role.epic/spack-stack/spack-stack-1.6.0/envs/unified-env-rocky8/install/intel/2021.5.0/cdo-2.2.0-d25j3di/lib:1;/scratch1/NCEPDEV/nems/role.epic/spack-stack/spack-stack-1.6.0/envs/unified-env-rocky8/install/intel/2021.5.0/udunits-2.2.28-k3qzmyx/lib:1;/scratch1/NCEPDEV/nems/role.epic/spack-stack/spack-stack-1.6.0/envs/unified-env-rocky8/install/intel/2021.5.0/proj-9.2.1-xrx3crr/lib64:1;/scratch1/NCEPDEV/nems/role.epic/spack-stack/spack-stack-1.6.0/envs/unified-env-rocky8/install/intel/2021.5.0/curl-8.4.0-5lex66w/lib:1;/scratch1/NCEPDEV/nems/role.epic/spack-stack/spack-stack-1.6.0/envs/unified-env-rocky8/install/intel/2021.5.0/nghttp2-1.57.0-kvadra7/lib:1;/scratch1/NCEPDEV/nems/role.epic/spack-stack/spack-stack-1.6.0/envs/unified-env-rocky8/install/intel/2021.5.0/fftw-3.3.10-7ud23to/lib:1;/scratch1/NCEPDEV/nems/role.epic/spack-stack/spack-stack-1.6.0/envs/unified-env-rocky8/install/intel/2021.5.0/eccodes-2.32.0-vc72ssb/lib64:1;/scratch1/NCEPDEV/nems/role.epic/spack-stack/spack-stack-1.6.0/envs/unified-env-rocky8/install/intel/2021.5.0/openjpeg-2.3.1-zi6uhnw/lib:1;/scratch1/NCEPDEV/nems/role.epic/spack-stack/spack-stack-1.6.0/envs/unified-env-rocky8/install/intel/2021.5.0/libpng-1.6.37-cha7kfi/lib64:1;/scratch1/NCEPDEV/nems/role.epic/spack-stack/spack-stack-1.6.0/envs/unified-env-rocky8/install/intel/2021.5.0/libpng-1.6.37-cha7kfi/lib:1;/scratch1/NCEPDEV/nems/role.epic/spack-stack/spack-stack-1.6.0/envs/unified-env-rocky8/install/intel/2021.5.0/jasper-2.0.32-atr6lqe/lib64:1;/scratch1/NCEPDEV/nems/role.epic/spack-stack/spack-stack-1.6.0/envs/unified-env-rocky8/install/intel/2021.5.0/libjpeg-turbo-2.1.0-ovaykos/lib64:1;/scratch1/NCEPDEV/nems/role.epic/spack-stack/spack-stack-1.6.0/envs/gsi-addon-dev-fms-2024.01/install/intel/2021.5.0/python-3.11.6-b6ydksr/lib:1;/scratch1/NCEPDEV/nems/role.epic/spack-stack/spack-stack-1.6.0/envs/unified-env-rocky8/install/intel/2021.5.0/util-linux-uuid-2.38.1-lsjm2vl/lib:1;/scratch1/NCEPDEV/nems/role.epic/spack-stack/spack-stack-1.6.0/envs/unified-env-rocky8/install/intel/2021.5.0/sqlite-3.43.2-34hfinn/lib:1;/scratch1/NCEPDEV/nems/role.epic/spack-stack/spack-stack-1.6.0/envs/unified-env-rocky8/install/intel/2021.5.0/zlib-1.2.13-eabxx4z/lib:1;/scratch1/NCEPDEV/nems/role.epic/spack-stack/spack-stack-1.6.0/envs/unified-env-rocky8/install/intel/2021.5.0/libxcrypt-4.4.35-mfr2lca/lib:1;/apps/oneapi/mpi/2021.5.1/libfabric/lib:1;/apps/oneapi/mpi/2021.5.1/lib/release:1;/apps/oneapi/mpi/2021.5.1/lib:1;/apps/gnu/gcc-9.2.0/lib64:1;/apps/oneapi/mkl/2022.0.2/lib/intel64:1;/apps/oneapi/compiler/2022.0.2/linux/lib:1;/apps/oneapi/compiler/2022.0.2/linux/lib/x64:1;/apps/oneapi/compiler/2022.0.2/linux/lib/oclfpga/host/linux64/lib:1;/apps/oneapi/compiler/2022.0.2/linux/compiler/lib/intel64_lin:1;/scratch1/NCEPDEV/nems/role.epic/spack-stack/spack-stack-1.6.0/envs/unified-env-rocky8/install/intel/2021.5.0/hdf5-1.14.0-lixiejp/lib:2', 'COM_OCEAN_LETKF_TMPL': '${ROTDIR}/${RUN}.${YMD}/${HH}/${MEMDIR}/analysis/ocean/letkf', 'EDATE': datetime.datetime(2021, 3, 23, 12, 0), '_ModuleTable049_': 'bWUgPSAicHktZXQteG1sZmlsZS8xLjAuMSIsCndWID0gIjAwMDAwMDAwMS4wMDAwMDAwMDAuMDAwMDAwMDAxLip6ZmluYWwiLAp9LApbInB5LWY5MG5tbCJdID0gewpmbiA9ICIvc2NyYXRjaDEvTkNFUERFVi9uZW1zL3JvbGUuZXBpYy9zcGFjay1zdGFjay9zcGFjay1zdGFjay0xLjYuMC9lbnZzL2dzaS1hZGRvbi1kZXYtZm1zLTIwMjQuMDEvaW5zdGFsbC9tb2R1bGVmaWxlcy9pbnRlbC8yMDIxLjUuMC9weS1mOTBubWwvMS40LjMubHVhIiwKZnVsbE5hbWUgPSAicHktZjkwbm1sLzEuNC4zIiwKbG9hZE9yZGVyID0gNTksCnByb3BUID0ge30sCnN0YWNrRGVwdGggPSAxLApzdGF0dXMgPSAiYWN0aXZlIiwKdXNlck5hbWUgPSAicHktZjkwbm1sLzEuNC4zIiwKd1YgPSAiMDAw', 'GEMLIB': '/apps/gempak/7.17.0/os/linux64/lib', '__LMOD_REF_COUNT_PKG_CONFIG_PATH': '/apps/ImageMagick/7.1.1-11_gnu_13.2.0/lib/pkgconfig:1;/scratch1/NCEPDEV/nems/role.epic/spack-stack/spack-stack-1.6.0/envs/unified-env-rocky8/install/intel/2021.5.0/netcdf-cxx4-4.3.1-wba23ef/lib/pkgconfig:2;/scratch1/NCEPDEV/nems/role.epic/spack-stack/spack-stack-1.6.0/envs/unified-env-rocky8/install/intel/2021.5.0/libyaml-0.2.5-f3a4y3h/lib/pkgconfig:2;/usr/share/pkgconfig:4;/usr/lib64/pkgconfig:8;/scratch1/NCEPDEV/nems/role.epic/spack-stack/spack-stack-1.6.0/envs/unified-env-rocky8/install/intel/2021.5.0/openblas-0.3.24-o6x5uk4/lib/pkgconfig:2;/scratch1/NCEPDEV/nems/role.epic/spack-stack/spack-stack-1.6.0/envs/unified-env-rocky8/install/intel/2021.5.0/gsl-2.7.1-xf6mkfq/lib/pkgconfig:2;/scratch1/NCEPDEV/nems/role.epic/spack-stack/spack-stack-1.6.0/envs/unified-env-rocky8/install/intel/2021.5.0/parallel-netcdf-1.12.2-cwokdeb/lib/pkgconfig:2;/scratch1/NCEPDEV/nems/role.epic/spack-stack/spack-stack-1.6.0/envs/unified-env-rocky8/install/intel/2021.5.0/netcdf-fortran-4.6.1-ifhqcwv/lib/pkgconfig:2;/scratch1/NCEPDEV/nems/role.epic/spack-stack/spack-stack-1.6.0/envs/unified-env-rocky8/install/intel/2021.5.0/netcdf-c-4.9.2-ejp7j3k/lib/pkgconfig:2;/scratch1/NCEPDEV/nems/role.epic/spack-stack/spack-stack-1.6.0/envs/unified-env-rocky8/install/intel/2021.5.0/c-blosc-1.21.5-2lodawi/lib64/pkgconfig:2;/scratch1/NCEPDEV/nems/role.epic/spack-stack/spack-stack-1.6.0/envs/unified-env-rocky8/install/intel/2021.5.0/zstd-1.5.2-ui7ilkt/lib/pkgconfig:2;/scratch1/NCEPDEV/nems/role.epic/spack-stack/spack-stack-1.6.0/envs/unified-env-rocky8/install/intel/2021.5.0/snappy-1.1.10-m42xdge/lib/pkgconfig:2;/scratch1/NCEPDEV/nems/role.epic/spack-stack/spack-stack-1.6.0/envs/unified-env-rocky8/install/intel/2021.5.0/hdf5-1.14.0-lixiejp/lib/pkgconfig:2;/scratch1/NCEPDEV/nems/role.epic/spack-stack/spack-stack-1.6.0/envs/unified-env-rocky8/install/intel/2021.5.0/cdo-2.2.0-d25j3di/lib/pkgconfig:2;/scratch1/NCEPDEV/nems/role.epic/spack-stack/spack-stack-1.6.0/envs/unified-env-rocky8/install/intel/2021.5.0/proj-9.2.1-xrx3crr/lib64/pkgconfig:2;/scratch1/NCEPDEV/nems/role.epic/spack-stack/spack-stack-1.6.0/envs/unified-env-rocky8/install/intel/2021.5.0/curl-8.4.0-5lex66w/lib/pkgconfig:2;/scratch1/NCEPDEV/nems/role.epic/spack-stack/spack-stack-1.6.0/envs/unified-env-rocky8/install/intel/2021.5.0/nghttp2-1.57.0-kvadra7/lib/pkgconfig:2;/scratch1/NCEPDEV/nems/role.epic/spack-stack/spack-stack-1.6.0/envs/unified-env-rocky8/install/intel/2021.5.0/fftw-3.3.10-7ud23to/lib/pkgconfig:2;/scratch1/NCEPDEV/nems/role.epic/spack-stack/spack-stack-1.6.0/envs/unified-env-rocky8/install/intel/2021.5.0/eccodes-2.32.0-vc72ssb/lib64/pkgconfig:2;/scratch1/NCEPDEV/nems/role.epic/spack-stack/spack-stack-1.6.0/envs/unified-env-rocky8/install/intel/2021.5.0/openjpeg-2.3.1-zi6uhnw/lib/pkgconfig:2;/scratch1/NCEPDEV/nems/role.epic/spack-stack/spack-stack-1.6.0/envs/unified-env-rocky8/install/intel/2021.5.0/libpng-1.6.37-cha7kfi/lib64/pkgconfig:2;/scratch1/NCEPDEV/nems/role.epic/spack-stack/spack-stack-1.6.0/envs/unified-env-rocky8/install/intel/2021.5.0/jasper-2.0.32-atr6lqe/lib64/pkgconfig:2;/scratch1/NCEPDEV/nems/role.epic/spack-stack/spack-stack-1.6.0/envs/unified-env-rocky8/install/intel/2021.5.0/libjpeg-turbo-2.1.0-ovaykos/lib64/pkgconfig:2;/scratch1/NCEPDEV/nems/role.epic/spack-stack/spack-stack-1.6.0/envs/gsi-addon-dev-fms-2024.01/install/intel/2021.5.0/python-3.11.6-b6ydksr/lib/pkgconfig:2;/scratch1/NCEPDEV/nems/role.epic/spack-stack/spack-stack-1.6.0/envs/unified-env-rocky8/install/intel/2021.5.0/util-linux-uuid-2.38.1-lsjm2vl/lib/pkgconfig:2;/scratch1/NCEPDEV/nems/role.epic/spack-stack/spack-stack-1.6.0/envs/unified-env-rocky8/install/intel/2021.5.0/sqlite-3.43.2-34hfinn/lib/pkgconfig:2;/scratch1/NCEPDEV/nems/role.epic/spack-stack/spack-stack-1.6.0/envs/unified-env-rocky8/install/intel/2021.5.0/zlib-1.2.13-eabxx4z/lib/pkgconfig:2;/scratch1/NCEPDEV/nems/role.epic/spack-stack/spack-stack-1.6.0/envs/unified-env-rocky8/install/intel/2021.5.0/libxcrypt-4.4.35-mfr2lca/lib/pkgconfig:2;/apps/oneapi/mpi/2021.5.1/lib/pkgconfig:1', 'ATARDIR': '/NCEPDEV/emc-global/1year/role.glopara/HERA/scratch/C48_ATM_285cc940', 'py_xlwt_ROOT': '/scratch1/NCEPDEV/nems/role.epic/spack-stack/spack-stack-1.6.0/envs/gsi-addon-dev-fms-2024.01/install/intel/2021.5.0/py-xlwt-1.3.0-5nxruci', 'DO_JEDIOCNVAR': False, 'DO_GSISOILDA': False, 'MPI_CXX': 'mpiicpc', 'SLURMD_NODENAME': 'hfe06', 'LMOD_ANCIENT_TIME': 1, 'UTILROOT': '/scratch1/NCEPDEV/nems/role.epic/spack-stack/spack-stack-1.6.0/envs/unified-env-rocky8/install/intel/2021.5.0/prod-util-2.1.1-4vpcrpl', '_ModuleTable024_': 'bGVzL21vZHVsZWZhbWlsaWVzL2ludGVsL2ltcGkvMjAyMi4xLjIiLApmdWxsTmFtZSA9ICJpbXBpLzIwMjIuMS4yIiwKbG9hZE9yZGVyID0gNCwKcHJvcFQgPSB7fSwKc3RhY2tEZXB0aCA9IDIsCnN0YXR1cyA9ICJhY3RpdmUiLAp1c2VyTmFtZSA9ICJpbXBpLzIwMjIuMS4yIiwKd1YgPSAiMDAwMDAyMDIyLjAwMDAwMDAwMS4wMDAwMDAwMDIuKnpmaW5hbCIsCn0sCmludGVsID0gewpmbiA9ICIvYXBwcy9tb2R1bGVzL21vZHVsZWZpbGVzL2ludGVsLzIwMjIuMS4yIiwKZnVsbE5hbWUgPSAiaW50ZWwvMjAyMi4xLjIiLApsb2FkT3JkZXIgPSAyLApwcm9wVCA9IHt9LApzdGFja0RlcHRoID0gMiwKc3RhdHVzID0gImFjdGl2ZSIsCnVzZXJOYW1lID0gImludGVsLzIwMjIuMS4y', 'nco_ver': '5.0.6', '_ModuleTable079_': 'dGVsLzIwMjEuNS4wIgosICIvYXBwcy9tb2R1bGVzL21vZHVsZWZhbWlsaWVzL2ludGVsX2ltcGkiCiwgIi9zY3JhdGNoMS9OQ0VQREVWL25lbXMvcm9sZS5lcGljL3NwYWNrLXN0YWNrL3NwYWNrLXN0YWNrLTEuNi4wL2VudnMvZ3NpLWFkZG9uLWRldi1mbXMtMjAyNC4wMS9pbnN0YWxsL21vZHVsZWZpbGVzL2ludGVsLzIwMjEuNS4wIgosICIvYXBwcy9tb2R1bGVzL21vZHVsZWZhbWlsaWVzL2ludGVsIgosICIvc2NyYXRjaDEvTkNFUERFVi9uZW1zL3JvbGUuZXBpYy9zcGFjay1zdGFjay9zcGFjay1zdGFjay0xLjYuMC9lbnZzL2dzaS1hZGRvbi1kZXYtZm1zLTIwMjQuMDEvaW5zdGFsbC9tb2R1bGVmaWxlcy9Db3JlIgosICIvc2NyYXRjaDEvTkNFUERFVi9nbG9iYWwvZ2xv', '_ModuleTable015_': 'bCA9IHsKZm4gPSAiL3NjcmF0Y2gxL05DRVBERVYvbmVtcy9yb2xlLmVwaWMvc3BhY2stc3RhY2svc3BhY2stc3RhY2stMS42LjAvZW52cy9nc2ktYWRkb24tZGV2LWZtcy0yMDI0LjAxL2luc3RhbGwvbW9kdWxlZmlsZXMvaW50ZWwvMjAyMS41LjAvZzJ0bXBsLzEuMTMuMC5sdWEiLApmdWxsTmFtZSA9ICJnMnRtcGwvMS4xMy4wIiwKbG9hZE9yZGVyID0gNDgsCnByb3BUID0ge30sCnN0YWNrRGVwdGggPSAxLApzdGF0dXMgPSAiYWN0aXZlIiwKdXNlck5hbWUgPSAiZzJ0bXBsLzEuMTMuMCIsCndWID0gIjAwMDAwMDAwMS4wMDAwMDAwMTMuKnpmaW5hbCIsCn0sCmdlbXBhayA9IHsKZm4gPSAiL2FwcHMvbW9kdWxlcy9tb2R1bGVmaWxlcy9nZW1wYWsvNy4xNy4wIiwKZnVsbE5h', 'SLURM_JOB_END_TIME': 1748923614, 'pkg_config_ROOT': '/usr', 'parallelio_ROOT': '/scratch1/NCEPDEV/nems/role.epic/spack-stack/spack-stack-1.6.0/envs/unified-env-rocky8/install/intel/2021.5.0/parallelio-2.5.10-2wulfav', 'OS_LIB': '/apps/gempak/7.17.0/os/linux64/lib', 'TOCGRIB2SUPER': '/scratch1/NCEPDEV/nems/role.epic/spack-stack/spack-stack-1.6.0/envs/gsi-addon-dev-fms-2024.01/install/intel/2021.5.0/grib-util-1.3.0-qbbcc54/bin/tocgrib2super', 'FI_PROVIDER_PATH': '/apps/oneapi/mpi/2021.5.1//libfabric/lib/prov:/usr/lib64/libfabric', '_ModuleTable004_': 'RVYvbmVtcy9yb2xlLmVwaWMvc3BhY2stc3RhY2svc3BhY2stc3RhY2stMS42LjAvZW52cy9nc2ktYWRkb24tZGV2LWZtcy0yMDI0LjAxL2luc3RhbGwvbW9kdWxlZmlsZXMvaW50ZWwvMjAyMS41LjAvYnVmci8xMS43LjAubHVhIiwKZnVsbE5hbWUgPSAiYnVmci8xMS43LjAiLApsb2FkT3JkZXIgPSA1NiwKcHJvcFQgPSB7fSwKc3RhY2tEZXB0aCA9IDEsCnN0YXR1cyA9ICJhY3RpdmUiLAp1c2VyTmFtZSA9ICJidWZyLzExLjcuMCIsCndWID0gIjAwMDAwMDAxMS4wMDAwMDAwMDcuKnpmaW5hbCIsCn0sClsiYy1ibG9zYyJdID0gewpmbiA9ICIvc2NyYXRjaDEvTkNFUERFVi9uZW1zL3JvbGUuZXBpYy9zcGFjay1zdGFjay9zcGFjay1zdGFjay0xLjYuMC9lbnZzL2dzaS1hZGRv', 'FIXorog': '/scratch1/NCEPDEV/global/glopara/CI/3745/global-workflow/fix/orog', 'FIXcfs': '/scratch1/NCEPDEV/global/glopara/git/Fit2Obs/v1.1.7/fix', 'libjpeg_turbo_ROOT': '/scratch1/NCEPDEV/nems/role.epic/spack-stack/spack-stack-1.6.0/envs/unified-env-rocky8/install/intel/2021.5.0/libjpeg-turbo-2.1.0-ovaykos', 'GEMPAKHOME': '/apps/gempak/7.17.0/gempak', 'FNTSFA': '        ', 'SLURM_TASKS_PER_NODE': 1, 'bacio_ROOT': '/scratch1/NCEPDEV/nems/role.epic/spack-stack/spack-stack-1.6.0/envs/unified-env-rocky8/install/intel/2021.5.0/bacio-2.4.1-wqq7qmr', 'NCARG_ROOT': '/apps/ncl/6.6.2-gcc-13.2.0', '_ModuleTable029_': 'cHQvNC40LjM1Lmx1YSIsCmZ1bGxOYW1lID0gImxpYnhjcnlwdC80LjQuMzUiLApsb2FkT3JkZXIgPSA3LApwcm9wVCA9IHt9LApyZWZfY291bnQgPSAxLApzdGFja0RlcHRoID0gMiwKc3RhdHVzID0gImFjdGl2ZSIsCnVzZXJOYW1lID0gImxpYnhjcnlwdC80LjQuMzUiLAp3ViA9ICIwMDAwMDAwMDQuMDAwMDAwMDA0LjAwMDAwMDAzNS4qemZpbmFsIiwKfSwKbGlieWFtbCA9IHsKZm4gPSAiL3NjcmF0Y2gxL05DRVBERVYvbmVtcy9yb2xlLmVwaWMvc3BhY2stc3RhY2svc3BhY2stc3RhY2stMS42LjAvZW52cy9nc2ktYWRkb24tZGV2LWZtcy0yMDI0LjAxL2luc3RhbGwvbW9kdWxlZmlsZXMvaW50ZWwvMjAyMS41LjAvbGlieWFtbC8wLjIuNS5sdWEiLApmdWxsTmFtZSA9ICJs', 'pgmout': 'OUTPUT.1871432', '__LMOD_REF_COUNT_PYTHONPATH': '/scratch1/NCEPDEV/nems/role.epic/spack-stack/spack-stack-1.6.0/envs/gsi-addon-dev-fms-2024.01/install/intel/2021.5.0/py-xarray-2023.7.0-joweppx/lib/python3.11/site-packages:1;/scratch1/NCEPDEV/nems/role.epic/spack-stack/spack-stack-1.6.0/envs/gsi-addon-dev-fms-2024.01/install/intel/2021.5.0/py-packaging-23.1-5gvg7qo/lib/python3.11/site-packages:1;/scratch1/NCEPDEV/nems/role.epic/spack-stack/spack-stack-1.6.0/envs/gsi-addon-dev-fms-2024.01/install/intel/2021.5.0/py-python-dateutil-2.8.2-3qglnj4/lib/python3.11/site-packages:1;/scratch1/NCEPDEV/nems/role.epic/spack-stack/spack-stack-1.6.0/envs/gsi-addon-dev-fms-2024.01/install/intel/2021.5.0/py-six-1.16.0-t54borv/lib/python3.11/site-packages:1;/scratch1/NCEPDEV/nems/role.epic/spack-stack/spack-stack-1.6.0/envs/gsi-addon-dev-fms-2024.01/install/intel/2021.5.0/py-pandas-1.5.3-tguwpv3/lib/python3.11/site-packages:1;/scratch1/NCEPDEV/nems/role.epic/spack-stack/spack-stack-1.6.0/envs/gsi-addon-dev-fms-2024.01/install/intel/2021.5.0/py-xlwt-1.3.0-5nxruci/lib/python3.11/site-packages:1;/scratch1/NCEPDEV/nems/role.epic/spack-stack/spack-stack-1.6.0/envs/gsi-addon-dev-fms-2024.01/install/intel/2021.5.0/py-xlsxwriter-3.1.7-7l25bnt/lib/python3.11/site-packages:1;/scratch1/NCEPDEV/nems/role.epic/spack-stack/spack-stack-1.6.0/envs/gsi-addon-dev-fms-2024.01/install/intel/2021.5.0/py-xlrd-2.0.1-fwxe33t/lib/python3.11/site-packages:1;/scratch1/NCEPDEV/nems/role.epic/spack-stack/spack-stack-1.6.0/envs/gsi-addon-dev-fms-2024.01/install/intel/2021.5.0/py-pyxlsb-1.0.10-ghdqaaw/lib/python3.11/site-packages:1;/scratch1/NCEPDEV/nems/role.epic/spack-stack/spack-stack-1.6.0/envs/gsi-addon-dev-fms-2024.01/install/intel/2021.5.0/py-pytz-2023.3-kkz2z3d/lib/python3.11/site-packages:1;/scratch1/NCEPDEV/nems/role.epic/spack-stack/spack-stack-1.6.0/envs/gsi-addon-dev-fms-2024.01/install/intel/2021.5.0/py-openpyxl-3.1.2-4tswswo/lib/python3.11/site-packages:1;/scratch1/NCEPDEV/nems/role.epic/spack-stack/spack-stack-1.6.0/envs/gsi-addon-dev-fms-2024.01/install/intel/2021.5.0/py-et-xmlfile-1.0.1-it6uamo/lib/python3.11/site-packages:1;/scratch1/NCEPDEV/nems/role.epic/spack-stack/spack-stack-1.6.0/envs/gsi-addon-dev-fms-2024.01/install/intel/2021.5.0/py-numexpr-2.8.4-uqnmadj/lib/python3.11/site-packages:1;/scratch1/NCEPDEV/nems/role.epic/spack-stack/spack-stack-1.6.0/envs/gsi-addon-dev-fms-2024.01/install/intel/2021.5.0/py-bottleneck-1.3.7-4itjkyr/lib/python3.11/site-packages:1;/scratch1/NCEPDEV/nems/role.epic/spack-stack/spack-stack-1.6.0/envs/gsi-addon-dev-fms-2024.01/install/intel/2021.5.0/py-jinja2-3.1.2-3yb4fme/lib/python3.11/site-packages:1;/scratch1/NCEPDEV/nems/role.epic/spack-stack/spack-stack-1.6.0/envs/gsi-addon-dev-fms-2024.01/install/intel/2021.5.0/py-markupsafe-2.1.3-clrlf2z/lib/python3.11/site-packages:1;/scratch1/NCEPDEV/nems/role.epic/spack-stack/spack-stack-1.6.0/envs/gsi-addon-dev-fms-2024.01/install/intel/2021.5.0/py-pyyaml-6.0-4sduut5/lib/python3.11/site-packages:1;/scratch1/NCEPDEV/nems/role.epic/spack-stack/spack-stack-1.6.0/envs/gsi-addon-dev-fms-2024.01/install/intel/2021.5.0/py-netcdf4-1.5.8-haeompg/lib/python3.11/site-packages:1;/scratch1/NCEPDEV/nems/role.epic/spack-stack/spack-stack-1.6.0/envs/gsi-addon-dev-fms-2024.01/install/intel/2021.5.0/py-cftime-1.0.3.4-4s5bg7j/lib/python3.11/site-packages:1;/scratch1/NCEPDEV/nems/role.epic/spack-stack/spack-stack-1.6.0/envs/gsi-addon-dev-fms-2024.01/install/intel/2021.5.0/py-f90nml-1.4.3-b4vzhct/lib/python3.11/site-packages:1;/scratch1/NCEPDEV/nems/role.epic/spack-stack/spack-stack-1.6.0/envs/gsi-addon-dev-fms-2024.01/install/intel/2021.5.0/bufr-11.7.0-w62mmgj/lib64/python3.11/site-packages:3;/scratch1/NCEPDEV/nems/role.epic/spack-stack/spack-stack-1.6.0/envs/gsi-addon-dev-fms-2024.01/install/intel/2021.5.0/bufr-11.7.0-w62mmgj/lib/python3.11/site-packages:1;/scratch1/NCEPDEV/nems/role.epic/spack-stack/spack-stack-1.6.0/envs/gsi-addon-dev-fms-2024.01/install/intel/2021.5.0/py-numpy-1.23.4-yrvnxwk/lib/python3.11/site-packages:1;/scratch1/NCEPDEV/nems/role.epic/spack-stack/spack-stack-1.6.0/envs/gsi-addon-dev-fms-2024.01/install/intel/2021.5.0/py-setuptools-63.4.3-qppw6fo/lib/python3.11/site-packages:1', 'FHOUT_WAV': 3, 'FHOUT': 3, 'S_COLORS': 'auto', 'COMIN_CONF': '/scratch1/NCEPDEV/global/glopara/CI/3745/RUNTESTS/COMROOT/C48_ATM_285cc940/gfs.20210323/12//conf', 'cdo_ROOT': '/scratch1/NCEPDEV/nems/role.epic/spack-stack/spack-stack-1.6.0/envs/unified-env-rocky8/install/intel/2021.5.0/cdo-2.2.0-d25j3di', 'DO_AWIPS': False, 'PRTE_MCA_plm_slurm_args': '--external-launcher', 'PARTITION_SERVICE': 'service', 'ESMFMKFILE': '/scratch1/NCEPDEV/nems/role.epic/spack-stack/spack-stack-1.6.0/envs/unified-env-rocky8/install/intel/2021.5.0/esmf-8.6.0-nnuwc5z/lib/esmf.mk', 'FHOUT_OCN_GFS': 6, 'which_declare': 'declare -f', 'COMIN_ATMOS_RADMON': '/scratch1/NCEPDEV/global/glopara/CI/3745/RUNTESTS/COMROOT/C48_ATM_285cc940/gfs.20210323/12//products/atmos/radmon', 'QUILTING': True, 'GLOBUS_TCP_PORT_RANGE': [40000, 46999], 'HDF5_PLUGIN_PATH': '/scratch1/NCEPDEV/nems/role.epic/spack-stack/spack-stack-1.6.0/envs/unified-env-rocky8/install/intel/2021.5.0/netcdf-c-4.9.2-ejp7j3k/plugins', 'launcher': 'srun -l --export=ALL --hint=nomultithread', 'FHOUT_GFS': 3, 'FIXlut': '/scratch1/NCEPDEV/global/glopara/CI/3745/global-workflow/fix/lut', 'CLASSPATH': '/apps/oneapi/mpi/2021.5.1/lib/mpi.jar', 'PIO_TYPENAME_VALID_VALUES': ['netcdf', 'netcdf4p', 'netcdf4c', 'pnetcdf'], 'udunits_ROOT': '/scratch1/NCEPDEV/nems/role.epic/spack-stack/spack-stack-1.6.0/envs/unified-env-rocky8/install/intel/2021.5.0/udunits-2.2.28-k3qzmyx', 'NMEM_ENS': 0, 'fms_ver': '2023.02.01', 'CC': '/apps/oneapi/compiler/2022.0.2/linux/bin/intel64/icc', 'MPIF90': 'mpiifort', 'COM_ICE_ANALYSIS_TMPL': '${ROTDIR}/${RUN}.${YMD}/${HH}/${MEMDIR}/analysis/ice', 'PROJ_LIB': '/scratch1/NCEPDEV/nems/role.epic/spack-stack/spack-stack-1.6.0/envs/unified-env-rocky8/install/intel/2021.5.0/proj-9.2.1-xrx3crr/share/proj', '_ModuleTable044_': 'bGVzL3ByZXBvYnMvMS4xLjAubHVhIiwKZnVsbE5hbWUgPSAicHJlcG9icy8xLjEuMCIsCmxvYWRPcmRlciA9IDg0LApwcm9wVCA9IHt9LApzdGFja0RlcHRoID0gMSwKc3RhdHVzID0gImFjdGl2ZSIsCnVzZXJOYW1lID0gInByZXBvYnMvMS4xLjAiLAp3ViA9ICIwMDAwMDAwMDEuMDAwMDAwMDAxLip6ZmluYWwiLAp9LApwcm9kX3V0aWwgPSB7CmZuID0gIi9zY3JhdGNoMS9OQ0VQREVWL25lbXMvcm9sZS5lcGljL3NwYWNrLXN0YWNrL3NwYWNrLXN0YWNrLTEuNi4wL2VudnMvZ3NpLWFkZG9uLWRldi1mbXMtMjAyNC4wMS9pbnN0YWxsL21vZHVsZWZpbGVzL2ludGVsLzIwMjEuNS4wL3Byb2RfdXRpbC8yLjEuMS5sdWEiLApmdWxsTmFtZSA9ICJwcm9kX3V0aWwvMi4xLjEiLAps', 'DO_AERO_ANL': False, 'lwrite4danl': True, 'FIXugwd': '/scratch1/NCEPDEV/global/glopara/CI/3745/global-workflow/fix/ugwd', 'FIXcpl': '/scratch1/NCEPDEV/global/glopara/CI/3745/global-workflow/fix/cpl', 'MPI_F90': 'mpiifort', 'GRIB2GRIB': '/scratch1/NCEPDEV/nems/role.epic/spack-stack/spack-stack-1.6.0/envs/gsi-addon-dev-fms-2024.01/install/intel/2021.5.0/grib-util-1.3.0-qbbcc54/bin/grib2grib2', 'SDATE': datetime.datetime(2021, 3, 23, 12, 0), 'COMIN_ATMOS_GRIB_0p50': '/scratch1/NCEPDEV/global/glopara/CI/3745/RUNTESTS/COMROOT/C48_ATM_285cc940/gfs.20210323/12//products/atmos/grib2/0p50', '_ModuleTable054_': 'dGNoMS9OQ0VQREVWL25lbXMvcm9sZS5lcGljL3NwYWNrLXN0YWNrL3NwYWNrLXN0YWNrLTEuNi4wL2VudnMvZ3NpLWFkZG9uLWRldi1mbXMtMjAyNC4wMS9pbnN0YWxsL21vZHVsZWZpbGVzL2ludGVsLzIwMjEuNS4wL3B5LW51bXB5LzEuMjMuNC5sdWEiLApmdWxsTmFtZSA9ICJweS1udW1weS8xLjIzLjQiLApsb2FkT3JkZXIgPSA1NSwKcHJvcFQgPSB7fSwKcmVmX2NvdW50ID0gOCwKc3RhY2tEZXB0aCA9IDIsCnN0YXR1cyA9ICJhY3RpdmUiLAp1c2VyTmFtZSA9ICJweS1udW1weS8xLjIzLjQiLAp3ViA9ICIwMDAwMDAwMDEuMDAwMDAwMDIzLjAwMDAwMDAwNC4qemZpbmFsIiwKfSwKWyJweS1vcGVucHl4bCJdID0gewpmbiA9ICIvc2NyYXRjaDEvTkNFUERFVi9uZW1zL3Jv', 'py_xlsxwriter_ROOT': '/scratch1/NCEPDEV/nems/role.epic/spack-stack/spack-stack-1.6.0/envs/gsi-addon-dev-fms-2024.01/install/intel/2021.5.0/py-xlsxwriter-3.1.7-7l25bnt', 'COMIN_ICE_HISTORY': '/scratch1/NCEPDEV/global/glopara/CI/3745/RUNTESTS/COMROOT/C48_ATM_285cc940/gfs.20210323/12//model/ice/history', 'SLURM_NNODES': 1, 'USER': 'role.glopara', 'SERIAL_F77': '/apps/oneapi/compiler/2022.0.2/linux/bin/intel64/ifort', 'FPGA_VARS_DIR': '/apps/oneapi/compiler/2022.0.2/linux/lib/oclfpga', 'OS_BIN': '/apps/gempak/7.17.0/os/linux64/bin', 'CMPLR_ROOT': '/apps/oneapi/compiler/2022.0.2', 'SERIAL_CC': '/apps/oneapi/compiler/2022.0.2/linux/bin/intel64/icc', 'LMOD_G2TMPLVIRT_NAME': 'g2tmpl', '_ModuleTable069_': 'MDEvaW5zdGFsbC9tb2R1bGVmaWxlcy9pbnRlbC8yMDIxLjUuMC9zcC8yLjUuMC5sdWEiLApmdWxsTmFtZSA9ICJzcC8yLjUuMCIsCmxvYWRPcmRlciA9IDQ1LApwcm9wVCA9IHt9LApyZWZfY291bnQgPSAyLApzdGFja0RlcHRoID0gMywKc3RhdHVzID0gImFjdGl2ZSIsCnVzZXJOYW1lID0gInNwLzIuNS4wIiwKd1YgPSAiMDAwMDAwMDAyLjAwMDAwMDAwNS4qemZpbmFsIiwKfSwKc3FsaXRlID0gewpmbiA9ICIvc2NyYXRjaDEvTkNFUERFVi9uZW1zL3JvbGUuZXBpYy9zcGFjay1zdGFjay9zcGFjay1zdGFjay0xLjYuMC9lbnZzL2dzaS1hZGRvbi1kZXYtZm1zLTIwMjQuMDEvaW5zdGFsbC9tb2R1bGVmaWxlcy9pbnRlbC8yMDIxLjUuMC9zcWxpdGUvMy40My4yLmx1YSIsCmZ1', 'DMPDIR': '/scratch1/NCEPDEV/global/glopara/dump', 'COMIN_SNOW_ANALYSIS': '/scratch1/NCEPDEV/global/glopara/CI/3745/RUNTESTS/COMROOT/C48_ATM_285cc940/gfs.20210323/12//analysis/snow', 'FIXmom': '/scratch1/NCEPDEV/global/glopara/CI/3745/global-workflow/fix/mom6', 'ip_ROOT': '/scratch1/NCEPDEV/nems/role.epic/spack-stack/spack-stack-1.6.0/envs/unified-env-rocky8/install/intel/2021.5.0/ip-4.3.0-ozyjvbg', 'py_python_dateutil_ROOT': '/scratch1/NCEPDEV/nems/role.epic/spack-stack/spack-stack-1.6.0/envs/gsi-addon-dev-fms-2024.01/install/intel/2021.5.0/py-python-dateutil-2.8.2-3qglnj4', 'crtm_ROOT': '/scratch1/NCEPDEV/nems/role.epic/spack-stack/spack-stack-1.6.0/envs/unified-env-rocky8/install/intel/2021.5.0/crtm-2.4.0.1-zg3ykcb', 'DO_FETCH_LOCAL': False, 'py_numpy_ver': '1.23.4', 'BACIO_INC4': '/scratch1/NCEPDEV/nems/role.epic/spack-stack/spack-stack-1.6.0/envs/unified-env-rocky8/install/intel/2021.5.0/bacio-2.4.1-wqq7qmr/include_4', '_ModuleTable041_': 'c3RhdHVzID0gImFjdGl2ZSIsCnVzZXJOYW1lID0gInBhcmFsbGVsLW5ldGNkZi8xLjEyLjIiLAp3ViA9ICIwMDAwMDAwMDEuMDAwMDAwMDEyLjAwMDAwMDAwMi4qemZpbmFsIiwKfSwKcGFyYWxsZWxpbyA9IHsKZm4gPSAiL3NjcmF0Y2gxL05DRVBERVYvbmVtcy9yb2xlLmVwaWMvc3BhY2stc3RhY2svc3BhY2stc3RhY2stMS42LjAvZW52cy9nc2ktYWRkb24tZGV2LWZtcy0yMDI0LjAxL2luc3RhbGwvbW9kdWxlZmlsZXMvaW50ZWwtb25lYXBpLW1waS8yMDIxLjUuMS9pbnRlbC8yMDIxLjUuMC9wYXJhbGxlbGlvLzIuNS4xMC5sdWEiLApmdWxsTmFtZSA9ICJwYXJhbGxlbGlvLzIuNS4xMCIsCmxvYWRPcmRlciA9IDM2LApwcm9wVCA9IHt9LApyZWZfY291bnQgPSAxLApzdGFj', 'COM_ATMOS_ANLMON_TMPL': '${ROTDIR}/${RUN}.${YMD}/${HH}/${MEMDIR}/products/atmos/anlmon', 'NMEM_ENS_GFS': 30, 'SRUN_CPUS_PER_TASK': 1, 'MPI_CC': 'mpiicc', '_ModuleTable023_': 'fSwKc3RhY2tEZXB0aCA9IDEsCnN0YXR1cyA9ICJhY3RpdmUiLAp1c2VyTmFtZSA9ICJocHNzL2hwc3MiLAp3ViA9ICJeaHBzcy4qemZpbmFsIiwKfSwKaW1hZ2VtYWdpY2sgPSB7CmZuID0gIi9hcHBzL21vZHVsZXMvbW9kdWxlZmlsZXMvaW1hZ2VtYWdpY2svNy4xLjEtMTEiLApmdWxsTmFtZSA9ICJpbWFnZW1hZ2ljay83LjEuMS0xMSIsCmxvYWRPcmRlciA9IDg2LApwcm9wVCA9IHt9LApzdGFja0RlcHRoID0gMSwKc3RhdHVzID0gImFjdGl2ZSIsCnVzZXJOYW1lID0gImltYWdlbWFnaWNrLzcuMS4xLTExIiwKd1YgPSAiMDAwMDAwMDA3LjAwMDAwMDAwMS4wMDAwMDAwMDEuKnpmaW5hbC0uMDAwMDAwMDExLip6ZmluYWwiLAp9LAppbXBpID0gewpmbiA9ICIvYXBwcy9tb2R1', 'COMIN_ATMOS_BUFR': '/scratch1/NCEPDEV/global/glopara/CI/3745/RUNTESTS/COMROOT/C48_ATM_285cc940/gfs.20210323/12//products/atmos/bufr', 'LMOD_REDIRECT': True, '_ModuleTable072_': 'LjEiLApsb2FkT3JkZXIgPSA1LApwcm9wVCA9IHt9LApzdGFja0RlcHRoID0gMSwKc3RhdHVzID0gImFjdGl2ZSIsCnVzZXJOYW1lID0gInN0YWNrLWludGVsLW9uZWFwaS1tcGkvMjAyMS41LjEiLAp3ViA9ICIwMDAwMDIwMjEuMDAwMDAwMDA1LjAwMDAwMDAwMS4qemZpbmFsIiwKfSwKdWR1bml0cyA9IHsKZm4gPSAiL3NjcmF0Y2gxL05DRVBERVYvbmVtcy9yb2xlLmVwaWMvc3BhY2stc3RhY2svc3BhY2stc3RhY2stMS42LjAvZW52cy9nc2ktYWRkb24tZGV2LWZtcy0yMDI0LjAxL2luc3RhbGwvbW9kdWxlZmlsZXMvaW50ZWwvMjAyMS41LjAvdWR1bml0cy8yLjIuMjgubHVhIiwKZnVsbE5hbWUgPSAidWR1bml0cy8yLjIuMjgiLApsb2FkT3JkZXIgPSAyNCwKcHJvcFQgPSB7', 'YAML_INC': '/scratch1/NCEPDEV/nems/role.epic/spack-stack/spack-stack-1.6.0/envs/unified-env-rocky8/install/intel/2021.5.0/libyaml-0.2.5-f3a4y3h/include', 'BACIO_INC8': '/scratch1/NCEPDEV/nems/role.epic/spack-stack/spack-stack-1.6.0/envs/unified-env-rocky8/install/intel/2021.5.0/bacio-2.4.1-wqq7qmr/include_8', '_ModuleTable012_': 'aS8yMDIxLjUuMS9pbnRlbC8yMDIxLjUuMC9mZnR3LzMuMy4xMC5sdWEiLApmdWxsTmFtZSA9ICJmZnR3LzMuMy4xMCIsCmxvYWRPcmRlciA9IDIwLApwcm9wVCA9IHt9LApyZWZfY291bnQgPSAxLApzdGFja0RlcHRoID0gMiwKc3RhdHVzID0gImFjdGl2ZSIsCnVzZXJOYW1lID0gImZmdHcvMy4zLjEwIiwKd1YgPSAiMDAwMDAwMDAzLjAwMDAwMDAwMy4wMDAwMDAwMTAuKnpmaW5hbCIsCn0sCmZpdDJvYnMgPSB7CmZuID0gIi9zY3JhdGNoMS9OQ0VQREVWL2dsb2JhbC9nbG9wYXJhL2dpdC9GaXQyT2JzL3YxLjEuNy9tb2R1bGVmaWxlcy9maXQyb2JzLzEuMS43Lmx1YSIsCmZ1bGxOYW1lID0gImZpdDJvYnMvMS4xLjciLApsb2FkT3JkZXIgPSA4NSwKcHJvcFQgPSB7fSwKc3Rh', 'COM_CHEM_BMAT_TMPL': '${ROTDIR}/${RUN}.${YMD}/${HH}/${MEMDIR}/analysis/chem/bmatrix', 'SLURM_GET_USER_ENV': 1, '_ModuleTable031_': 'cmRlciA9IDgwLApwcm9wVCA9IHt9LApzdGFja0RlcHRoID0gMSwKc3RhdHVzID0gImFjdGl2ZSIsCnVzZXJOYW1lID0gIm1ldC85LjEuMyIsCndWID0gIjAwMDAwMDAwOS4wMDAwMDAwMDEuMDAwMDAwMDAzLip6ZmluYWwiLAp9LAptZXRwbHVzID0gewpmbiA9ICIvc2NyYXRjaDEvTkNFUERFVi9uZW1zL3JvbGUuZXBpYy9zcGFjay1zdGFjay9zcGFjay1zdGFjay0xLjYuMC9lbnZzL2dzaS1hZGRvbi1kZXYtZm1zLTIwMjQuMDEvaW5zdGFsbC9tb2R1bGVmaWxlcy9pbnRlbC1vbmVhcGktbXBpLzIwMjEuNS4xL2ludGVsLzIwMjEuNS4wL21ldHBsdXMvMy4xLjEubHVhIiwKZnVsbE5hbWUgPSAibWV0cGx1cy8zLjEuMSIsCmxvYWRPcmRlciA9IDgxLApwcm9wVCA9IHt9LApzdGFj', 'FHMAX': 9, 'NAWIPS': '/apps/gempak/7.17.0', 'COM_WAVE_HISTORY_TMPL': '${ROTDIR}/${RUN}.${YMD}/${HH}/${MEMDIR}/model/wave/history', 'COMIN_MED_RESTART': '/scratch1/NCEPDEV/global/glopara/CI/3745/RUNTESTS/COMROOT/C48_ATM_285cc940/gfs.20210323/12//model/med/restart', '_ModuleTable062_': 'LApyZWZfY291bnQgPSAyLApzdGFja0RlcHRoID0gMywKc3RhdHVzID0gImFjdGl2ZSIsCnVzZXJOYW1lID0gInB5LXNldHVwdG9vbHMvNjMuNC4zIiwKd1YgPSAiMDAwMDAwMDYzLjAwMDAwMDAwNC4wMDAwMDAwMDMuKnpmaW5hbCIsCn0sClsicHktc2l4Il0gPSB7CmZuID0gIi9zY3JhdGNoMS9OQ0VQREVWL25lbXMvcm9sZS5lcGljL3NwYWNrLXN0YWNrL3NwYWNrLXN0YWNrLTEuNi4wL2VudnMvZ3NpLWFkZG9uLWRldi1mbXMtMjAyNC4wMS9pbnN0YWxsL21vZHVsZWZpbGVzL2ludGVsLzIwMjEuNS4wL3B5LXNpeC8xLjE2LjAubHVhIiwKZnVsbE5hbWUgPSAicHktc2l4LzEuMTYuMCIsCmxvYWRPcmRlciA9IDc2LApwcm9wVCA9IHt9LApyZWZfY291bnQgPSAxLApzdGFja0Rl', 'DEGRIB2': '/scratch1/NCEPDEV/nems/role.epic/spack-stack/spack-stack-1.6.0/envs/gsi-addon-dev-fms-2024.01/install/intel/2021.5.0/grib-util-1.3.0-qbbcc54/bin/degrib2', 'WGRIB': 'wgrib', 'eccodes_ROOT': '/scratch1/NCEPDEV/nems/role.epic/spack-stack/spack-stack-1.6.0/envs/unified-env-rocky8/install/intel/2021.5.0/eccodes-2.32.0-vc72ssb', 'MPICXX': 'mpiicpc', 'SLURM_JOB_START_TIME': 1748902014, 'py_bottleneck_ROOT': '/scratch1/NCEPDEV/nems/role.epic/spack-stack/spack-stack-1.6.0/envs/gsi-addon-dev-fms-2024.01/install/intel/2021.5.0/py-bottleneck-1.3.7-4itjkyr', 'MPI_F77': 'mpiifort', 'OS_ROOT': '/apps/gempak/7.17.0/os/linux64', 'SLURM_NTASKS_PER_NODE': 1, '__LMOD_REF_COUNT_MODULEPATH': '/scratch1/NCEPDEV/global/glopara/git/Fit2Obs/v1.1.7/modulefiles:1;/scratch1/NCEPDEV/global/glopara/git/prepobs/v1.1.0/modulefiles:1;/scratch1/NCEPDEV/nems/role.epic/spack-stack/spack-stack-1.6.0/envs/gsi-addon-dev-fms-2024.01/install/modulefiles/g2tmpl/1.13.0/intel/2021.5.0:1;/scratch1/NCEPDEV/nems/role.epic/spack-stack/spack-stack-1.6.0/envs/gsi-addon-dev-fms-2024.01/install/modulefiles/intel-oneapi-mpi/2021.5.1/intel/2021.5.0:1;/apps/modules/modulefamilies/intel_impi:1;/scratch1/NCEPDEV/nems/role.epic/spack-stack/spack-stack-1.6.0/envs/gsi-addon-dev-fms-2024.01/install/modulefiles/intel/2021.5.0:1;/apps/modules/modulefamilies/intel:1;/scratch1/NCEPDEV/nems/role.epic/spack-stack/spack-stack-1.6.0/envs/gsi-addon-dev-fms-2024.01/install/modulefiles/Core:1;/scratch1/NCEPDEV/global/glopara/CI/3745/global-workflow/modulefiles:1;/etc/scl/modulefiles:3;/apps/lmod/lmod/modulefiles/Core:1;/apps/modules/modulefiles/Linux:1;/apps/modules/modulefiles:1', 'GRB2INDEX': '/scratch1/NCEPDEV/nems/role.epic/spack-stack/spack-stack-1.6.0/envs/gsi-addon-dev-fms-2024.01/install/intel/2021.5.0/grib-util-1.3.0-qbbcc54/bin/grb2index', 'COMIN_WAVE_RESTART': '/scratch1/NCEPDEV/global/glopara/CI/3745/RUNTESTS/COMROOT/C48_ATM_285cc940/gfs.20210323/12//model/wave/restart', 'COMIN_ICE_BMATRIX': '/scratch1/NCEPDEV/global/glopara/CI/3745/RUNTESTS/COMROOT/C48_ATM_285cc940/gfs.20210323/12//bmatrix/ice', 'COM_OBS_TMPL': '${ROTDIR}/${RUN}.${YMD}/${HH}/obs', 'FIXprepobs': '/scratch1/NCEPDEV/global/glopara/git/prepobs/v1.1.0/fix', 'SERIAL_CXX': '/apps/oneapi/compiler/2022.0.2/linux/bin/intel64/icpc', '_ModuleTable057_': 'bnZzL2dzaS1hZGRvbi1kZXYtZm1zLTIwMjQuMDEvaW5zdGFsbC9tb2R1bGVmaWxlcy9pbnRlbC8yMDIxLjUuMC9weS1wYW5kYXMvMS41LjMubHVhIiwKZnVsbE5hbWUgPSAicHktcGFuZGFzLzEuNS4zIiwKbG9hZE9yZGVyID0gNzUsCnByb3BUID0ge30sCnN0YWNrRGVwdGggPSAxLApzdGF0dXMgPSAiYWN0aXZlIiwKdXNlck5hbWUgPSAicHktcGFuZGFzLzEuNS4zIiwKd1YgPSAiMDAwMDAwMDAxLjAwMDAwMDAwNS4wMDAwMDAwMDMuKnpmaW5hbCIsCn0sClsicHktcHl0aG9uLWRhdGV1dGlsIl0gPSB7CmZuID0gIi9zY3JhdGNoMS9OQ0VQREVWL25lbXMvcm9sZS5lcGljL3NwYWNrLXN0YWNrL3NwYWNrLXN0YWNrLTEuNi4wL2VudnMvZ3NpLWFkZG9uLWRldi1mbXMtMjAyNC4w', 'R_ver': '3.6.1', 'COM_ATMOS_ANALYSIS_TMPL': '${ROTDIR}/${RUN}.${YMD}/${HH}/${MEMDIR}/analysis/atmos', 'DO_CALC_INCREMENT_ENKF_GFS': False, 'COM_WAVE_WMO_TMPL': '${ROTDIR}/${RUN}.${YMD}/${HH}/${MEMDIR}/products/wave/wmo', 'DATA': '/scratch1/NCEPDEV/stmp2/role.glopara/RUNDIRS/C48_ATM_285cc940/gfs.2021032312/arch_tars.1870901', 'USHfit2obs': '/scratch1/NCEPDEV/global/glopara/git/Fit2Obs/v1.1.7/ush', 'G2TMPL_INC': '/scratch1/NCEPDEV/nems/role.epic/spack-stack/spack-stack-1.6.0/envs/gsi-addon-dev-fms-2024.01/install/intel/2021.5.0/g2tmpl-1.13.0-xpw455u/include', 'IAUFHRS': [6], 'COM_ATMOS_MASTER_TMPL': '${ROTDIR}/${RUN}.${YMD}/${HH}/${MEMDIR}/model/atmos/master', 'OPS_RES': 'C768', 'PWD': '/scratch1/NCEPDEV/stmp2/role.glopara/RUNDIRS/C48_ATM_285cc940/gfs.2021032312/arch_tars.1870901', 'MDATE': '/scratch1/NCEPDEV/nems/role.epic/spack-stack/spack-stack-1.6.0/envs/unified-env-rocky8/install/intel/2021.5.0/prod-util-2.1.1-4vpcrpl/bin/mdate', 'GEMMAPS': '/apps/gempak/7.17.0/gempak/maps', 'WGRIB2_LIB': '/scratch1/NCEPDEV/nems/role.epic/spack-stack/spack-stack-1.6.0/envs/unified-env-rocky8/install/intel/2021.5.0/wgrib2-2.0.8-nauzcdx/lib/libwgrib2.a', 'COMIN_ATMOS_MASTER': '/scratch1/NCEPDEV/global/glopara/CI/3745/RUNTESTS/COMROOT/C48_ATM_285cc940/gfs.20210323/12//model/atmos/master', 'IP_INC4': '/scratch1/NCEPDEV/nems/role.epic/spack-stack/spack-stack-1.6.0/envs/unified-env-rocky8/install/intel/2021.5.0/ip-4.3.0-ozyjvbg/include_4', 'XUSERFILESEARCHPATH': '/apps/gempak/7.17.0/resource/%N', 'WRITE_NSFLIP': True, 'bacio_ver': '2.4.1', '_ModuleTable046_': 'LApzdGF0dXMgPSAiYWN0aXZlIiwKdXNlck5hbWUgPSAicHJvai85LjIuMSIsCndWID0gIjAwMDAwMDAwOS4wMDAwMDAwMDIuMDAwMDAwMDAxLip6ZmluYWwiLAp9LApbInB5LWJvdHRsZW5lY2siXSA9IHsKZm4gPSAiL3NjcmF0Y2gxL05DRVBERVYvbmVtcy9yb2xlLmVwaWMvc3BhY2stc3RhY2svc3BhY2stc3RhY2stMS42LjAvZW52cy9nc2ktYWRkb24tZGV2LWZtcy0yMDI0LjAxL2luc3RhbGwvbW9kdWxlZmlsZXMvaW50ZWwvMjAyMS41LjAvcHktYm90dGxlbmVjay8xLjMuNy5sdWEiLApmdWxsTmFtZSA9ICJweS1ib3R0bGVuZWNrLzEuMy43IiwKbG9hZE9yZGVyID0gNjYsCnByb3BUID0ge30sCnJlZl9jb3VudCA9IDEsCnN0YWNrRGVwdGggPSAyLApzdGF0dXMgPSAiYWN0', 'IP_INC8': '/scratch1/NCEPDEV/nems/role.epic/spack-stack/spack-stack-1.6.0/envs/unified-env-rocky8/install/intel/2021.5.0/ip-4.3.0-ozyjvbg/include_8', 'jobid': 'arch_tars.1870901', 'SLURM_JOB_NODELIST': 'hfe06', 'COPYGB': '/scratch1/NCEPDEV/nems/role.epic/spack-stack/spack-stack-1.6.0/envs/gsi-addon-dev-fms-2024.01/install/intel/2021.5.0/grib-util-1.3.0-qbbcc54/bin/copygb', 'FHMIN_WAV': 0, 'HOME': '/home/role.glopara', 'COMIN_ATMOS_GRIB_0p25': '/scratch1/NCEPDEV/global/glopara/CI/3745/RUNTESTS/COMROOT/C48_ATM_285cc940/gfs.20210323/12//products/atmos/grib2/0p25', 'GEMEXE': '/apps/gempak/7.17.0/os/linux64/bin', 'SLURM_CLUSTER_NAME': 'hera', '_ModuleTable052_': 'eS1uZXRjZGY0Il0gPSB7CmZuID0gIi9zY3JhdGNoMS9OQ0VQREVWL25lbXMvcm9sZS5lcGljL3NwYWNrLXN0YWNrL3NwYWNrLXN0YWNrLTEuNi4wL2VudnMvZ3NpLWFkZG9uLWRldi1mbXMtMjAyNC4wMS9pbnN0YWxsL21vZHVsZWZpbGVzL2ludGVsLW9uZWFwaS1tcGkvMjAyMS41LjEvaW50ZWwvMjAyMS41LjAvcHktbmV0Y2RmNC8xLjUuOC5sdWEiLApmdWxsTmFtZSA9ICJweS1uZXRjZGY0LzEuNS44IiwKbG9hZE9yZGVyID0gNjEsCnByb3BUID0ge30sCnN0YWNrRGVwdGggPSAxLApzdGF0dXMgPSAiYWN0aXZlIiwKdXNlck5hbWUgPSAicHktbmV0Y2RmNC8xLjUuOCIsCndWID0gIjAwMDAwMDAwMS4wMDAwMDAwMDUuMDAwMDAwMDA4Lip6ZmluYWwiLAp9LApbInB5LW51bWV4', 'HOMEDIR': '/scratch1/NCEPDEV/global/role.glopara', '_ModuleTable071_': 'IiwKbG9hZE9yZGVyID0gMywKcHJvcFQgPSB7fSwKc3RhY2tEZXB0aCA9IDEsCnN0YXR1cyA9ICJhY3RpdmUiLAp1c2VyTmFtZSA9ICJzdGFjay1pbnRlbC8yMDIxLjUuMCIsCndWID0gIjAwMDAwMjAyMS4wMDAwMDAwMDUuKnpmaW5hbCIsCn0sClsic3RhY2staW50ZWwtb25lYXBpLW1waSJdID0gewpmbiA9ICIvc2NyYXRjaDEvTkNFUERFVi9uZW1zL3JvbGUuZXBpYy9zcGFjay1zdGFjay9zcGFjay1zdGFjay0xLjYuMC9lbnZzL2dzaS1hZGRvbi1kZXYtZm1zLTIwMjQuMDEvaW5zdGFsbC9tb2R1bGVmaWxlcy9pbnRlbC8yMDIxLjUuMC9zdGFjay1pbnRlbC1vbmVhcGktbXBpLzIwMjEuNS4xLmx1YSIsCmZ1bGxOYW1lID0gInN0YWNrLWludGVsLW9uZWFwaS1tcGkvMjAyMS41', 'REDOUT': '1>', 'LMOD_FAMILY_METACOMPILER_VERSION': '2021.5.0', 'COM_ICE_HISTORY_TMPL': '${ROTDIR}/${RUN}.${YMD}/${HH}/${MEMDIR}/model/ice/history', 'g2tmpl_ver': '1.13.0', '_ModuleTable034_': 'bHVhIiwKZnVsbE5hbWUgPSAibmNvLzUuMC42IiwKbG9hZE9yZGVyID0gNDAsCnByb3BUID0ge30sCnN0YWNrRGVwdGggPSAxLApzdGF0dXMgPSAiYWN0aXZlIiwKdXNlck5hbWUgPSAibmNvLzUuMC42IiwKd1YgPSAiMDAwMDAwMDA1LjAwMDAwMDAwMC4wMDAwMDAwMDYuKnpmaW5hbCIsCn0sClsibmV0Y2RmLWMiXSA9IHsKZm4gPSAiL3NjcmF0Y2gxL05DRVBERVYvbmVtcy9yb2xlLmVwaWMvc3BhY2stc3RhY2svc3BhY2stc3RhY2stMS42LjAvZW52cy9nc2ktYWRkb24tZGV2LWZtcy0yMDI0LjAxL2luc3RhbGwvbW9kdWxlZmlsZXMvaW50ZWwtb25lYXBpLW1waS8yMDIxLjUuMS9pbnRlbC8yMDIxLjUuMC9uZXRjZGYtYy80LjkuMi5sdWEiLApmdWxsTmFtZSA9ICJuZXRjZGYt', 'DO_NPOESS': False, 'INTERVAL_GFS': 6, 'prod_util_ROOT': '/scratch1/NCEPDEV/nems/role.epic/spack-stack/spack-stack-1.6.0/envs/unified-env-rocky8/install/intel/2021.5.0/prod-util-2.1.1-4vpcrpl', 'RUN_ENVIR': 'emc', 'CMAKE_PREFIX_PATH': '/apps/ImageMagick/7.1.1-11_gnu_13.2.0:/scratch1/NCEPDEV/nems/role.epic/spack-stack/spack-stack-1.6.0/envs/gsi-addon-dev-fms-2024.01/install/intel/2021.5.0/py-xarray-2023.7.0-joweppx:/scratch1/NCEPDEV/nems/role.epic/spack-stack/spack-stack-1.6.0/envs/gsi-addon-dev-fms-2024.01/install/intel/2021.5.0/py-packaging-23.1-5gvg7qo:/scratch1/NCEPDEV/nems/role.epic/spack-stack/spack-stack-1.6.0/envs/gsi-addon-dev-fms-2024.01/install/intel/2021.5.0/metplus-3.1.1-sblgwf7:/scratch1/NCEPDEV/nems/role.epic/spack-stack/spack-stack-1.6.0/envs/gsi-addon-dev-fms-2024.01/install/intel/2021.5.0/met-9.1.3-comxucu:/scratch1/NCEPDEV/nems/role.epic/spack-stack/spack-stack-1.6.0/envs/unified-env-rocky8/install/intel/2021.5.0/netcdf-cxx4-4.3.1-wba23ef:/scratch1/NCEPDEV/nems/role.epic/spack-stack/spack-stack-1.6.0/envs/gsi-addon-dev-fms-2024.01/install/intel/2021.5.0/g2c-1.8.0-ghlcvbx:/scratch1/NCEPDEV/nems/role.epic/spack-stack/spack-stack-1.6.0/envs/gsi-addon-dev-fms-2024.01/install/intel/2021.5.0/py-python-dateutil-2.8.2-3qglnj4:/scratch1/NCEPDEV/nems/role.epic/spack-stack/spack-stack-1.6.0/envs/gsi-addon-dev-fms-2024.01/install/intel/2021.5.0/py-six-1.16.0-t54borv:/scratch1/NCEPDEV/nems/role.epic/spack-stack/spack-stack-1.6.0/envs/gsi-addon-dev-fms-2024.01/install/intel/2021.5.0/py-pandas-1.5.3-tguwpv3:/scratch1/NCEPDEV/nems/role.epic/spack-stack/spack-stack-1.6.0/envs/gsi-addon-dev-fms-2024.01/install/intel/2021.5.0/py-xlwt-1.3.0-5nxruci:/scratch1/NCEPDEV/nems/role.epic/spack-stack/spack-stack-1.6.0/envs/gsi-addon-dev-fms-2024.01/install/intel/2021.5.0/py-xlsxwriter-3.1.7-7l25bnt:/scratch1/NCEPDEV/nems/role.epic/spack-stack/spack-stack-1.6.0/envs/gsi-addon-dev-fms-2024.01/install/intel/2021.5.0/py-xlrd-2.0.1-fwxe33t:/scratch1/NCEPDEV/nems/role.epic/spack-stack/spack-stack-1.6.0/envs/gsi-addon-dev-fms-2024.01/install/intel/2021.5.0/py-pyxlsb-1.0.10-ghdqaaw:/scratch1/NCEPDEV/nems/role.epic/spack-stack/spack-stack-1.6.0/envs/gsi-addon-dev-fms-2024.01/install/intel/2021.5.0/py-pytz-2023.3-kkz2z3d:/scratch1/NCEPDEV/nems/role.epic/spack-stack/spack-stack-1.6.0/envs/gsi-addon-dev-fms-2024.01/install/intel/2021.5.0/py-openpyxl-3.1.2-4tswswo:/scratch1/NCEPDEV/nems/role.epic/spack-stack/spack-stack-1.6.0/envs/gsi-addon-dev-fms-2024.01/install/intel/2021.5.0/py-et-xmlfile-1.0.1-it6uamo:/scratch1/NCEPDEV/nems/role.epic/spack-stack/spack-stack-1.6.0/envs/gsi-addon-dev-fms-2024.01/install/intel/2021.5.0/py-numexpr-2.8.4-uqnmadj:/scratch1/NCEPDEV/nems/role.epic/spack-stack/spack-stack-1.6.0/envs/gsi-addon-dev-fms-2024.01/install/intel/2021.5.0/py-bottleneck-1.3.7-4itjkyr:/scratch1/NCEPDEV/nems/role.epic/spack-stack/spack-stack-1.6.0/envs/gsi-addon-dev-fms-2024.01/install/intel/2021.5.0/py-jinja2-3.1.2-3yb4fme:/scratch1/NCEPDEV/nems/role.epic/spack-stack/spack-stack-1.6.0/envs/gsi-addon-dev-fms-2024.01/install/intel/2021.5.0/py-markupsafe-2.1.3-clrlf2z:/scratch1/NCEPDEV/nems/role.epic/spack-stack/spack-stack-1.6.0/envs/gsi-addon-dev-fms-2024.01/install/intel/2021.5.0/py-pyyaml-6.0-4sduut5:/scratch1/NCEPDEV/nems/role.epic/spack-stack/spack-stack-1.6.0/envs/unified-env-rocky8/install/intel/2021.5.0/libyaml-0.2.5-f3a4y3h:/scratch1/NCEPDEV/nems/role.epic/spack-stack/spack-stack-1.6.0/envs/gsi-addon-dev-fms-2024.01/install/intel/2021.5.0/py-netcdf4-1.5.8-haeompg:/scratch1/NCEPDEV/nems/role.epic/spack-stack/spack-stack-1.6.0/envs/gsi-addon-dev-fms-2024.01/install/intel/2021.5.0/py-cftime-1.0.3.4-4s5bg7j:/scratch1/NCEPDEV/nems/role.epic/spack-stack/spack-stack-1.6.0/envs/gsi-addon-dev-fms-2024.01/install/intel/2021.5.0/py-f90nml-1.4.3-b4vzhct:/scratch1/NCEPDEV/nems/role.epic/spack-stack/spack-stack-1.6.0/envs/unified-env-rocky8/install/intel/2021.5.0/wgrib2-2.0.8-nauzcdx:/scratch1/NCEPDEV/nems/role.epic/spack-stack/spack-stack-1.6.0/envs/gsi-addon-dev-fms-2024.01/install/intel/2021.5.0/bufr-11.7.0-w62mmgj:/scratch1/NCEPDEV/nems/role.epic/spack-stack/spack-stack-1.6.0/envs/gsi-addon-dev-fms-2024.01/install/intel/2021.5.0/py-numpy-1.23.4-yrvnxwk:/scratch1/NCEPDEV/nems/role.epic/spack-stack/spack-stack-1.6.0/envs/gsi-addon-dev-fms-2024.01/install/intel/2021.5.0/py-setuptools-63.4.3-qppw6fo:/scratch1/NCEPDEV/nems/role.epic/spack-stack/spack-stack-1.6.0/envs/unified-env-rocky8/install/intel/2021.5.0/openblas-0.3.24-o6x5uk4:/scratch1/NCEPDEV/nems/role.epic/spack-stack/spack-stack-1.6.0/envs/unified-env-rocky8/install/intel/2021.5.0/crtm-2.4.0.1-zg3ykcb:/scratch1/NCEPDEV/nems/role.epic/spack-stack/spack-stack-1.6.0/envs/unified-env-rocky8/install/intel/2021.5.0/crtm-fix-2.4.0.1_emc-bm46d3q:/scratch1/NCEPDEV/nems/role.epic/spack-stack/spack-stack-1.6.0/envs/unified-env-rocky8/install/intel/2021.5.0/gsi-ncdiag-1.1.2-vwq6ky5:/scratch1/NCEPDEV/nems/role.epic/spack-stack/spack-stack-1.6.0/envs/gsi-addon-dev-fms-2024.01/install/intel/2021.5.0/g2tmpl-1.13.0-xpw455u:/scratch1/NCEPDEV/nems/role.epic/spack-stack/spack-stack-1.6.0/envs/gsi-addon-dev-fms-2024.01/install/intel/2021.5.0/grib-util-1.3.0-qbbcc54:/scratch1/NCEPDEV/nems/role.epic/spack-stack/spack-stack-1.6.0/envs/unified-env-rocky8/install/intel/2021.5.0/ip-4.3.0-ozyjvbg:/scratch1/NCEPDEV/nems/role.epic/spack-stack/spack-stack-1.6.0/envs/unified-env-rocky8/install/intel/2021.5.0/sp-2.5.0-2pqzhuv:/scratch1/NCEPDEV/nems/role.epic/spack-stack/spack-stack-1.6.0/envs/unified-env-rocky8/install/intel/2021.5.0/g2-3.4.5-77xve5x:/scratch1/NCEPDEV/nems/role.epic/spack-stack/spack-stack-1.6.0/envs/unified-env-rocky8/install/intel/2021.5.0/prod-util-2.1.1-4vpcrpl:/scratch1/NCEPDEV/nems/role.epic/spack-stack/spack-stack-1.6.0/envs/unified-env-rocky8/install/intel/2021.5.0/w3emc-2.10.0-xer6twa:/scratch1/NCEPDEV/nems/role.epic/spack-stack/spack-stack-1.6.0/envs/unified-env-rocky8/install/intel/2021.5.0/bacio-2.4.1-wqq7qmr:/scratch1/NCEPDEV/nems/role.epic/spack-stack/spack-stack-1.6.0/envs/unified-env-rocky8/install/intel/2021.5.0/nco-5.0.6-s5fkg5v:/scratch1/NCEPDEV/nems/role.epic/spack-stack/spack-stack-1.6.0/envs/unified-env-rocky8/install/intel/2021.5.0/gsl-2.7.1-xf6mkfq:/scratch1/NCEPDEV/nems/role.epic/spack-stack/spack-stack-1.6.0/envs/unified-env-rocky8/install/intel/2021.5.0/antlr-2.7.7-3kdtvjg:/scratch1/NCEPDEV/nems/role.epic/spack-stack/spack-stack-1.6.0/envs/unified-env-rocky8/install/intel/2021.5.0/esmf-8.6.0-nnuwc5z:/scratch1/NCEPDEV/nems/role.epic/spack-stack/spack-stack-1.6.0/envs/unified-env-rocky8/install/intel/2021.5.0/parallelio-2.5.10-2wulfav:/scratch1/NCEPDEV/nems/role.epic/spack-stack/spack-stack-1.6.0/envs/unified-env-rocky8/install/intel/2021.5.0/parallel-netcdf-1.12.2-cwokdeb:/scratch1/NCEPDEV/nems/role.epic/spack-stack/spack-stack-1.6.0/envs/unified-env-rocky8/install/intel/2021.5.0/netcdf-fortran-4.6.1-ifhqcwv:/scratch1/NCEPDEV/nems/role.epic/spack-stack/spack-stack-1.6.0/envs/unified-env-rocky8/install/intel/2021.5.0/netcdf-c-4.9.2-ejp7j3k:/scratch1/NCEPDEV/nems/role.epic/spack-stack/spack-stack-1.6.0/envs/unified-env-rocky8/install/intel/2021.5.0/c-blosc-1.21.5-2lodawi:/scratch1/NCEPDEV/nems/role.epic/spack-stack/spack-stack-1.6.0/envs/unified-env-rocky8/install/intel/2021.5.0/zstd-1.5.2-ui7ilkt:/scratch1/NCEPDEV/nems/role.epic/spack-stack/spack-stack-1.6.0/envs/unified-env-rocky8/install/intel/2021.5.0/snappy-1.1.10-m42xdge:/scratch1/NCEPDEV/nems/role.epic/spack-stack/spack-stack-1.6.0/envs/unified-env-rocky8/install/intel/2021.5.0/hdf5-1.14.0-lixiejp:/apps/spack/linux-rocky8-x86_64/gcc-13.2.0/perl-5.38.0-yl7cdgbmiic3h7gbvdthgequuixjvuja:/scratch1/NCEPDEV/nems/role.epic/spack-stack/spack-stack-1.6.0/envs/unified-env-rocky8/install/intel/2021.5.0/cdo-2.2.0-d25j3di:/scratch1/NCEPDEV/nems/role.epic/spack-stack/spack-stack-1.6.0/envs/unified-env-rocky8/install/intel/2021.5.0/udunits-2.2.28-k3qzmyx:/scratch1/NCEPDEV/nems/role.epic/spack-stack/spack-stack-1.6.0/envs/unified-env-rocky8/install/intel/2021.5.0/proj-9.2.1-xrx3crr:/scratch1/NCEPDEV/nems/role.epic/spack-stack/spack-stack-1.6.0/envs/unified-env-rocky8/install/intel/2021.5.0/curl-8.4.0-5lex66w:/scratch1/NCEPDEV/nems/role.epic/spack-stack/spack-stack-1.6.0/envs/unified-env-rocky8/install/intel/2021.5.0/nghttp2-1.57.0-kvadra7:/scratch1/NCEPDEV/nems/role.epic/spack-stack/spack-stack-1.6.0/envs/unified-env-rocky8/install/intel/2021.5.0/fftw-3.3.10-7ud23to:/scratch1/NCEPDEV/nems/role.epic/spack-stack/spack-stack-1.6.0/envs/unified-env-rocky8/install/intel/2021.5.0/eccodes-2.32.0-vc72ssb:/scratch1/NCEPDEV/nems/role.epic/spack-stack/spack-stack-1.6.0/envs/unified-env-rocky8/install/intel/2021.5.0/openjpeg-2.3.1-zi6uhnw:/scratch1/NCEPDEV/nems/role.epic/spack-stack/spack-stack-1.6.0/envs/unified-env-rocky8/install/intel/2021.5.0/libpng-1.6.37-cha7kfi:/scratch1/NCEPDEV/nems/role.epic/spack-stack/spack-stack-1.6.0/envs/unified-env-rocky8/install/intel/2021.5.0/jasper-2.0.32-atr6lqe:/scratch1/NCEPDEV/nems/role.epic/spack-stack/spack-stack-1.6.0/envs/unified-env-rocky8/install/intel/2021.5.0/libjpeg-turbo-2.1.0-ovaykos:/apps/ncl/6.6.2-gcc-13.2.0:/scratch1/NCEPDEV/nems/role.epic/spack-stack/spack-stack-1.6.0/envs/gsi-addon-dev-fms-2024.01/install/intel/2021.5.0/python-3.11.6-b6ydksr:/scratch1/NCEPDEV/nems/role.epic/spack-stack/spack-stack-1.6.0/envs/unified-env-rocky8/install/intel/2021.5.0/util-linux-uuid-2.38.1-lsjm2vl:/scratch1/NCEPDEV/nems/role.epic/spack-stack/spack-stack-1.6.0/envs/unified-env-rocky8/install/intel/2021.5.0/sqlite-3.43.2-34hfinn:/scratch1/NCEPDEV/nems/role.epic/spack-stack/spack-stack-1.6.0/envs/unified-env-rocky8/install/intel/2021.5.0/zlib-1.2.13-eabxx4z:/scratch1/NCEPDEV/nems/role.epic/spack-stack/spack-stack-1.6.0/envs/unified-env-rocky8/install/intel/2021.5.0/libxcrypt-4.4.35-mfr2lca:/apps/oneapi/compiler/2022.0.2/linux/IntelDPCPP', '_ModuleTable067_': 'Y3JhdGNoMS9OQ0VQREVWL25lbXMvcm9sZS5lcGljL3NwYWNrLXN0YWNrL3NwYWNrLXN0YWNrLTEuNi4wL2VudnMvZ3NpLWFkZG9uLWRldi1mbXMtMjAyNC4wMS9pbnN0YWxsL21vZHVsZWZpbGVzL2ludGVsLzIwMjEuNS4wL3B5dGhvbi8zLjExLjYubHVhIiwKZnVsbE5hbWUgPSAicHl0aG9uLzMuMTEuNiIsCmxvYWRPcmRlciA9IDExLApwcm9wVCA9IHt9LApzdGFja0RlcHRoID0gMSwKc3RhdHVzID0gImFjdGl2ZSIsCnVzZXJOYW1lID0gInB5dGhvbi8zLjExLjYiLAp3ViA9ICIwMDAwMDAwMDMuMDAwMDAwMDExLjAwMDAwMDAwNi4qemZpbmFsIiwKfSwKc25hcHB5ID0gewpmbiA9ICIvc2NyYXRjaDEvTkNFUERFVi9uZW1zL3JvbGUuZXBpYy9zcGFjay1zdGFjay9zcGFjay1z', 'LMOD_COLORIZE': True, 'PARTITION_BATCH': 'hera', 'SLURM_NODELIST': 'hfe06', 'COM_OCEAN_RESTART_TMPL': '${ROTDIR}/${RUN}.${YMD}/${HH}/${MEMDIR}/model/ocean/restart', 'IAU_FHROT': 0, 'HOMEpost': '/scratch1/NCEPDEV/global/glopara/CI/3745/global-workflow', 'DO_VMINMON': True, 'COM_ICE_BMATRIX_TMPL': '${ROTDIR}/${RUN}.${YMD}/${HH}/${MEMDIR}/bmatrix/ice', 'obsproc_run_ver': '1.2.0', 'WGRIB2_INC': '/scratch1/NCEPDEV/nems/role.epic/spack-stack/spack-stack-1.6.0/envs/unified-env-rocky8/install/intel/2021.5.0/wgrib2-2.0.8-nauzcdx/include', 'grib_util_ROOT': '/scratch1/NCEPDEV/nems/role.epic/spack-stack/spack-stack-1.6.0/envs/gsi-addon-dev-fms-2024.01/install/intel/2021.5.0/grib-util-1.3.0-qbbcc54', 'LMOD_VERSION': '8.7.32', 'GEMTBL': '/apps/gempak/7.17.0/gempak/tables', 'zstd_ROOT': '/scratch1/NCEPDEV/nems/role.epic/spack-stack/spack-stack-1.6.0/envs/unified-env-rocky8/install/intel/2021.5.0/zstd-1.5.2-ui7ilkt', 'metplus_ROOT': '/scratch1/NCEPDEV/nems/role.epic/spack-stack/spack-stack-1.6.0/envs/gsi-addon-dev-fms-2024.01/install/intel/2021.5.0/metplus-3.1.1-sblgwf7', 'SINFO_FORMAT': '%10P %5a %.10l %.6D %8z %.6t %N', 'spack_stack_ver': '1.6.0', 'g2_ver': '3.4.5', 'CPATH': '/scratch1/NCEPDEV/nems/role.epic/spack-stack/spack-stack-1.6.0/envs/unified-env-rocky8/install/intel/2021.5.0/netcdf-cxx4-4.3.1-wba23ef/include:/scratch1/NCEPDEV/nems/role.epic/spack-stack/spack-stack-1.6.0/envs/gsi-addon-dev-fms-2024.01/install/intel/2021.5.0/g2c-1.8.0-ghlcvbx/include:/scratch1/NCEPDEV/nems/role.epic/spack-stack/spack-stack-1.6.0/envs/unified-env-rocky8/install/intel/2021.5.0/libyaml-0.2.5-f3a4y3h/include:/scratch1/NCEPDEV/nems/role.epic/spack-stack/spack-stack-1.6.0/envs/unified-env-rocky8/install/intel/2021.5.0/wgrib2-2.0.8-nauzcdx/include:/scratch1/NCEPDEV/nems/role.epic/spack-stack/spack-stack-1.6.0/envs/gsi-addon-dev-fms-2024.01/install/intel/2021.5.0/bufr-11.7.0-w62mmgj/include:/scratch1/NCEPDEV/nems/role.epic/spack-stack/spack-stack-1.6.0/envs/unified-env-rocky8/install/intel/2021.5.0/openblas-0.3.24-o6x5uk4/include:/scratch1/NCEPDEV/nems/role.epic/spack-stack/spack-stack-1.6.0/envs/unified-env-rocky8/install/intel/2021.5.0/crtm-2.4.0.1-zg3ykcb/include:/scratch1/NCEPDEV/nems/role.epic/spack-stack/spack-stack-1.6.0/envs/unified-env-rocky8/install/intel/2021.5.0/gsi-ncdiag-1.1.2-vwq6ky5/include:/scratch1/NCEPDEV/nems/role.epic/spack-stack/spack-stack-1.6.0/envs/gsi-addon-dev-fms-2024.01/install/intel/2021.5.0/g2tmpl-1.13.0-xpw455u/include:/scratch1/NCEPDEV/nems/role.epic/spack-stack/spack-stack-1.6.0/envs/unified-env-rocky8/install/intel/2021.5.0/gsl-2.7.1-xf6mkfq/include:/scratch1/NCEPDEV/nems/role.epic/spack-stack/spack-stack-1.6.0/envs/unified-env-rocky8/install/intel/2021.5.0/antlr-2.7.7-3kdtvjg/include:/scratch1/NCEPDEV/nems/role.epic/spack-stack/spack-stack-1.6.0/envs/unified-env-rocky8/install/intel/2021.5.0/esmf-8.6.0-nnuwc5z/include:/scratch1/NCEPDEV/nems/role.epic/spack-stack/spack-stack-1.6.0/envs/unified-env-rocky8/install/intel/2021.5.0/parallelio-2.5.10-2wulfav/include:/scratch1/NCEPDEV/nems/role.epic/spack-stack/spack-stack-1.6.0/envs/unified-env-rocky8/install/intel/2021.5.0/parallel-netcdf-1.12.2-cwokdeb/include:/scratch1/NCEPDEV/nems/role.epic/spack-stack/spack-stack-1.6.0/envs/unified-env-rocky8/install/intel/2021.5.0/netcdf-fortran-4.6.1-ifhqcwv/include:/scratch1/NCEPDEV/nems/role.epic/spack-stack/spack-stack-1.6.0/envs/unified-env-rocky8/install/intel/2021.5.0/netcdf-c-4.9.2-ejp7j3k/include:/scratch1/NCEPDEV/nems/role.epic/spack-stack/spack-stack-1.6.0/envs/unified-env-rocky8/install/intel/2021.5.0/c-blosc-1.21.5-2lodawi/include:/scratch1/NCEPDEV/nems/role.epic/spack-stack/spack-stack-1.6.0/envs/unified-env-rocky8/install/intel/2021.5.0/zstd-1.5.2-ui7ilkt/include:/scratch1/NCEPDEV/nems/role.epic/spack-stack/spack-stack-1.6.0/envs/unified-env-rocky8/install/intel/2021.5.0/snappy-1.1.10-m42xdge/include:/scratch1/NCEPDEV/nems/role.epic/spack-stack/spack-stack-1.6.0/envs/unified-env-rocky8/install/intel/2021.5.0/hdf5-1.14.0-lixiejp/include:/scratch1/NCEPDEV/nems/role.epic/spack-stack/spack-stack-1.6.0/envs/unified-env-rocky8/install/intel/2021.5.0/cdo-2.2.0-d25j3di/include:/scratch1/NCEPDEV/nems/role.epic/spack-stack/spack-stack-1.6.0/envs/unified-env-rocky8/install/intel/2021.5.0/udunits-2.2.28-k3qzmyx/include:/scratch1/NCEPDEV/nems/role.epic/spack-stack/spack-stack-1.6.0/envs/unified-env-rocky8/install/intel/2021.5.0/proj-9.2.1-xrx3crr/include:/scratch1/NCEPDEV/nems/role.epic/spack-stack/spack-stack-1.6.0/envs/unified-env-rocky8/install/intel/2021.5.0/curl-8.4.0-5lex66w/include:/scratch1/NCEPDEV/nems/role.epic/spack-stack/spack-stack-1.6.0/envs/unified-env-rocky8/install/intel/2021.5.0/nghttp2-1.57.0-kvadra7/include:/scratch1/NCEPDEV/nems/role.epic/spack-stack/spack-stack-1.6.0/envs/unified-env-rocky8/install/intel/2021.5.0/fftw-3.3.10-7ud23to/include:/scratch1/NCEPDEV/nems/role.epic/spack-stack/spack-stack-1.6.0/envs/unified-env-rocky8/install/intel/2021.5.0/eccodes-2.32.0-vc72ssb/include:/scratch1/NCEPDEV/nems/role.epic/spack-stack/spack-stack-1.6.0/envs/unified-env-rocky8/install/intel/2021.5.0/openjpeg-2.3.1-zi6uhnw/include:/scratch1/NCEPDEV/nems/role.epic/spack-stack/spack-stack-1.6.0/envs/unified-env-rocky8/install/intel/2021.5.0/libpng-1.6.37-cha7kfi/include:/scratch1/NCEPDEV/nems/role.epic/spack-stack/spack-stack-1.6.0/envs/unified-env-rocky8/install/intel/2021.5.0/jasper-2.0.32-atr6lqe/include:/scratch1/NCEPDEV/nems/role.epic/spack-stack/spack-stack-1.6.0/envs/unified-env-rocky8/install/intel/2021.5.0/libjpeg-turbo-2.1.0-ovaykos/include:/scratch1/NCEPDEV/nems/role.epic/spack-stack/spack-stack-1.6.0/envs/gsi-addon-dev-fms-2024.01/install/intel/2021.5.0/python-3.11.6-b6ydksr/include:/scratch1/NCEPDEV/nems/role.epic/spack-stack/spack-stack-1.6.0/envs/unified-env-rocky8/install/intel/2021.5.0/util-linux-uuid-2.38.1-lsjm2vl/include:/scratch1/NCEPDEV/nems/role.epic/spack-stack/spack-stack-1.6.0/envs/unified-env-rocky8/install/intel/2021.5.0/sqlite-3.43.2-34hfinn/include:/scratch1/NCEPDEV/nems/role.epic/spack-stack/spack-stack-1.6.0/envs/unified-env-rocky8/install/intel/2021.5.0/zlib-1.2.13-eabxx4z/include:/scratch1/NCEPDEV/nems/role.epic/spack-stack/spack-stack-1.6.0/envs/unified-env-rocky8/install/intel/2021.5.0/libxcrypt-4.4.35-mfr2lca/include:/apps/oneapi/mpi/2021.5.1/include:/apps/gnu/gcc-9.2.0/include:/apps/oneapi/mkl/2022.0.2/include', 'CDATE': datetime.datetime(2021, 3, 23, 12, 0), 'SLURM_NTASKS': 1, 'INTELFPGAOCLSDKROOT': '/apps/oneapi/compiler/2022.0.2/linux/lib/oclfpga', 'libxcrypt_ROOT': '/scratch1/NCEPDEV/nems/role.epic/spack-stack/spack-stack-1.6.0/envs/unified-env-rocky8/install/intel/2021.5.0/libxcrypt-4.4.35-mfr2lca', 'COM_ATMOS_GEMPAK_TMPL': '${ROTDIR}/${RUN}.${YMD}/${HH}/${MEMDIR}/products/atmos/gempak/${GRID}', 'DO_ANLSTAT': False, 'sqlite_ROOT': '/scratch1/NCEPDEV/nems/role.epic/spack-stack/spack-stack-1.6.0/envs/unified-env-rocky8/install/intel/2021.5.0/sqlite-3.43.2-34hfinn', 'ARCDIR': '/scratch1/NCEPDEV/global/role.glopara/archive/C48_ATM_285cc940', 'pid': 1871432, 'LMOD_SETTARG_CMD': ':', 'restart_interval_enkfgdas': 3, 'FCST_SEGMENTS': [0, 120], 'NTHSTACK': 1024000000, 'DO_VERFOZN': True, 'py_netcdf4_ver': '1.5.8', 'F77': '/apps/oneapi/compiler/2022.0.2/linux/bin/intel64/ifort', 'lobsdiag_forenkf': True, 'grib_util_ver': '1.3.0', 'nco_ROOT': '/scratch1/NCEPDEV/nems/role.epic/spack-stack/spack-stack-1.6.0/envs/unified-env-rocky8/install/intel/2021.5.0/nco-5.0.6-s5fkg5v', 'SLURM_JOB_CPUS_PER_NODE': 1, 'BASH_ENV': '/apps/lmod/lmod/init/bash', 'jasper_ROOT': '/scratch1/NCEPDEV/nems/role.epic/spack-stack/spack-stack-1.6.0/envs/unified-env-rocky8/install/intel/2021.5.0/jasper-2.0.32-atr6lqe', 'LOGSCRIPT': '', 'COM_TOP_TMPL': '${ROTDIR}/${RUN}.${YMD}/${HH}', 'COM_OCEAN_NETCDF_TMPL': '${ROTDIR}/${RUN}.${YMD}/${HH}/${MEMDIR}/products/ocean/netcdf', 'XDG_DATA_DIRS': '/apps/spack/linux-rocky8-x86_64/gcc-13.2.0/pango-1.50.13-q4xnfqnzqwn2svm3ranztyidsrbl5bpt/share', 'assim_freq': 6, 'COPYGB2': '/scratch1/NCEPDEV/nems/role.epic/spack-stack/spack-stack-1.6.0/envs/gsi-addon-dev-fms-2024.01/install/intel/2021.5.0/grib-util-1.3.0-qbbcc54/bin/copygb2', 'IP_INCd': '/scratch1/NCEPDEV/nems/role.epic/spack-stack/spack-stack-1.6.0/envs/unified-env-rocky8/install/intel/2021.5.0/ip-4.3.0-ozyjvbg/include_d', 'FHMAX_FITS': 120, 'GI_TYPELIB_PATH': '/apps/spack/linux-rocky8-x86_64/gcc-13.2.0/pango-1.50.13-q4xnfqnzqwn2svm3ranztyidsrbl5bpt/lib/girepository-1.0', 'DO_JEDISNOWDA': False, 'COMINsyn': '/scratch1/NCEPDEV/global/glopara/com/gfs/prod/syndat', 'CLUSTERS_SERVICE': '', 'NCDUMP': '/scratch1/NCEPDEV/nems/role.epic/spack-stack/spack-stack-1.6.0/envs/unified-env-rocky8/install/intel/2021.5.0/netcdf-c-4.9.2-ejp7j3k/bin/ncdump', 'G2_INCd': '/scratch1/NCEPDEV/nems/role.epic/spack-stack/spack-stack-1.6.0/envs/unified-env-rocky8/install/intel/2021.5.0/g2-3.4.5-77xve5x/include_d', 'FIXam': '/scratch1/NCEPDEV/global/glopara/CI/3745/global-workflow/fix/am', 'SLURM_TOPOLOGY_ADDR': 'all.hroot0.ibsw24.hfe06', 'ROTDIR': '/scratch1/NCEPDEV/global/glopara/CI/3745/RUNTESTS/COMROOT/C48_ATM_285cc940', 'PDY': datetime.datetime(2021, 3, 23, 0, 0), 'bufr_ROOT': '/scratch1/NCEPDEV/nems/role.epic/spack-stack/spack-stack-1.6.0/envs/gsi-addon-dev-fms-2024.01/install/intel/2021.5.0/bufr-11.7.0-w62mmgj', 'DOBNDPNT_WAVE': True, 'G2C_LIB': '/scratch1/NCEPDEV/nems/role.epic/spack-stack/spack-stack-1.6.0/envs/gsi-addon-dev-fms-2024.01/install/intel/2021.5.0/g2c-1.8.0-ghlcvbx/lib64/libg2c.so', 'REPLAY_ICS': False, 'LMOD_SHORT_TIME': 86400, 'COMIN_ICE_RESTART': '/scratch1/NCEPDEV/global/glopara/CI/3745/RUNTESTS/COMROOT/C48_ATM_285cc940/gfs.20210323/12//model/ice/restart', 'DOIAU_ENKF': True, 'FHMAX_GOES': 120, 'QUEUE_DTN': 'batch', 'snappy_ROOT': '/scratch1/NCEPDEV/nems/role.epic/spack-stack/spack-stack-1.6.0/envs/unified-env-rocky8/install/intel/2021.5.0/snappy-1.1.10-m42xdge', 'COMIN_WAVE_HISTORY': '/scratch1/NCEPDEV/global/glopara/CI/3745/RUNTESTS/COMROOT/C48_ATM_285cc940/gfs.20210323/12//model/wave/history', 'NLSPATH': '/apps/oneapi/mkl/2022.0.2/lib/intel64/locale/%l_%t/%N:/apps/oneapi/compiler/2022.0.2/linux/compiler/lib/intel64_lin/locale/%l_%t/%N', 'curl_ROOT': '/scratch1/NCEPDEV/nems/role.epic/spack-stack/spack-stack-1.6.0/envs/unified-env-rocky8/install/intel/2021.5.0/curl-8.4.0-5lex66w', 'ACCOUNT': 'fv3-cpu', 'HOMEobsproc': '/scratch1/NCEPDEV/global/glopara/git/obsproc/v1.2.0', 'DO_BUFRSND': False, '__LMOD_REF_COUNT_LIBRARY_PATH': '/apps/oneapi/mpi/2021.5.1/libfabric/lib:1;/apps/oneapi/mpi/2021.5.1/lib/release:1;/apps/oneapi/mpi/2021.5.1/lib:1;/apps/oneapi/mkl/2022.0.2/lib/intel64:1;/apps/oneapi/compiler/2022.0.2/linux/compiler/lib/intel64_lin:1;/apps/oneapi/compiler/2022.0.2/linux/lib:1', 'COMINukmet': '/scratch1/NCEPDEV/global/glopara/data/external_gempak/ukmet', 'tasks_per_node': 1, 'FHOUT_ICE_GFS': 6, 'HOMEfit2obs': '/scratch1/NCEPDEV/global/glopara/git/Fit2Obs/v1.1.7', 'py_xarray_ROOT': '/scratch1/NCEPDEV/nems/role.epic/spack-stack/spack-stack-1.6.0/envs/gsi-addon-dev-fms-2024.01/install/intel/2021.5.0/py-xarray-2023.7.0-joweppx', 'bufr_ver': '11.7.0', 'COM_CHEM_ANALYSIS_TMPL': '${ROTDIR}/${RUN}.${YMD}/${HH}/${MEMDIR}/analysis/chem', 'PNG_ROOT': '/scratch1/NCEPDEV/nems/role.epic/spack-stack/spack-stack-1.6.0/envs/unified-env-rocky8/install/intel/2021.5.0/libpng-1.6.37-cha7kfi', 'SLURM_JOB_NAME': 'C48_ATM_285cc940_gfs_arch_tars_12', 'DO_JEDIATMVAR': False, 'DOIBP_WAV': False, 'gempak_ver': '7.17.0', 'fftw_ROOT': '/scratch1/NCEPDEV/nems/role.epic/spack-stack/spack-stack-1.6.0/envs/unified-env-rocky8/install/intel/2021.5.0/fftw-3.3.10-7ud23to', 'py_markupsafe_ROOT': '/scratch1/NCEPDEV/nems/role.epic/spack-stack/spack-stack-1.6.0/envs/gsi-addon-dev-fms-2024.01/install/intel/2021.5.0/py-markupsafe-2.1.3-clrlf2z', 'DOHYBVAR': '{{ DOHYBVAR }}', 'wgrib2_ver': '2.0.8', '_ModuleTable043_': 'LXN0YWNrL3NwYWNrLXN0YWNrLTEuNi4wL2VudnMvZ3NpLWFkZG9uLWRldi1mbXMtMjAyNC4wMS9pbnN0YWxsL21vZHVsZWZpbGVzL2ludGVsLzIwMjEuNS4wL3BrZy1jb25maWcvMC4yNy4xLmx1YSIsCmZ1bGxOYW1lID0gInBrZy1jb25maWcvMC4yNy4xIiwKbG9hZE9yZGVyID0gMjgsCnByb3BUID0ge30sCnJlZl9jb3VudCA9IDEsCnN0YWNrRGVwdGggPSAyLApzdGF0dXMgPSAiYWN0aXZlIiwKdXNlck5hbWUgPSAicGtnLWNvbmZpZy8wLjI3LjEiLAp3ViA9ICIwMDAwMDAwMDAuMDAwMDAwMDI3LjAwMDAwMDAwMS4qemZpbmFsIiwKfSwKcHJlcG9icyA9IHsKZm4gPSAiL3NjcmF0Y2gxL05DRVBERVYvZ2xvYmFsL2dsb3BhcmEvZ2l0L3ByZXBvYnMvdjEuMS4wL21vZHVsZWZp', 'TMPDIR': '/tmp', 'LIBRARY_PATH': '/apps/oneapi/mpi/2021.5.1/libfabric/lib:/apps/oneapi/mpi/2021.5.1/lib/release:/apps/oneapi/mpi/2021.5.1/lib:/apps/oneapi/mkl/2022.0.2/lib/intel64:/apps/oneapi/compiler/2022.0.2/linux/compiler/lib/intel64_lin:/apps/oneapi/compiler/2022.0.2/linux/lib', 'mpmd_opt': '--multi-prog --output=mpmd.%j.%t.out', 'DO_ATM': True, '__LMOD_REF_COUNT_GI_TYPELIB_PATH': '/apps/spack/linux-rocky8-x86_64/gcc-13.2.0/pango-1.50.13-q4xnfqnzqwn2svm3ranztyidsrbl5bpt/lib/girepository-1.0:1', '_ModuleTable021_': 'ID0gIi9zY3JhdGNoMS9OQ0VQREVWL25lbXMvcm9sZS5lcGljL3NwYWNrLXN0YWNrL3NwYWNrLXN0YWNrLTEuNi4wL2VudnMvZ3NpLWFkZG9uLWRldi1mbXMtMjAyNC4wMS9pbnN0YWxsL21vZHVsZWZpbGVzL2ludGVsLzIwMjEuNS4wL2dzbC8yLjcuMS5sdWEiLApmdWxsTmFtZSA9ICJnc2wvMi43LjEiLApsb2FkT3JkZXIgPSAzOSwKcHJvcFQgPSB7fSwKcmVmX2NvdW50ID0gMiwKc3RhY2tEZXB0aCA9IDIsCnN0YXR1cyA9ICJhY3RpdmUiLAp1c2VyTmFtZSA9ICJnc2wvMi43LjEiLAp3ViA9ICIwMDAwMDAwMDIuMDAwMDAwMDA3LjAwMDAwMDAwMS4qemZpbmFsIiwKfSwKaGRmNSA9IHsKZm4gPSAiL3NjcmF0Y2gxL05DRVBERVYvbmVtcy9yb2xlLmVwaWMvc3BhY2stc3RhY2sv', 'py_six_ROOT': '/scratch1/NCEPDEV/nems/role.epic/spack-stack/spack-stack-1.6.0/envs/gsi-addon-dev-fms-2024.01/install/intel/2021.5.0/py-six-1.16.0-t54borv', 'py_pyxlsb_ROOT': '/scratch1/NCEPDEV/nems/role.epic/spack-stack/spack-stack-1.6.0/envs/gsi-addon-dev-fms-2024.01/install/intel/2021.5.0/py-pyxlsb-1.0.10-ghdqaaw', 'DO_VERFRAD': True, '__LMOD_REF_COUNT_CMAKE_PREFIX_PATH': '/apps/ImageMagick/7.1.1-11_gnu_13.2.0:1;/scratch1/NCEPDEV/nems/role.epic/spack-stack/spack-stack-1.6.0/envs/gsi-addon-dev-fms-2024.01/install/intel/2021.5.0/py-xarray-2023.7.0-joweppx:2;/scratch1/NCEPDEV/nems/role.epic/spack-stack/spack-stack-1.6.0/envs/gsi-addon-dev-fms-2024.01/install/intel/2021.5.0/py-packaging-23.1-5gvg7qo:2;/scratch1/NCEPDEV/nems/role.epic/spack-stack/spack-stack-1.6.0/envs/gsi-addon-dev-fms-2024.01/install/intel/2021.5.0/metplus-3.1.1-sblgwf7:2;/scratch1/NCEPDEV/nems/role.epic/spack-stack/spack-stack-1.6.0/envs/gsi-addon-dev-fms-2024.01/install/intel/2021.5.0/met-9.1.3-comxucu:2;/scratch1/NCEPDEV/nems/role.epic/spack-stack/spack-stack-1.6.0/envs/unified-env-rocky8/install/intel/2021.5.0/netcdf-cxx4-4.3.1-wba23ef:2;/scratch1/NCEPDEV/nems/role.epic/spack-stack/spack-stack-1.6.0/envs/gsi-addon-dev-fms-2024.01/install/intel/2021.5.0/g2c-1.8.0-ghlcvbx:2;/scratch1/NCEPDEV/nems/role.epic/spack-stack/spack-stack-1.6.0/envs/gsi-addon-dev-fms-2024.01/install/intel/2021.5.0/py-python-dateutil-2.8.2-3qglnj4:2;/scratch1/NCEPDEV/nems/role.epic/spack-stack/spack-stack-1.6.0/envs/gsi-addon-dev-fms-2024.01/install/intel/2021.5.0/py-six-1.16.0-t54borv:2;/scratch1/NCEPDEV/nems/role.epic/spack-stack/spack-stack-1.6.0/envs/gsi-addon-dev-fms-2024.01/install/intel/2021.5.0/py-pandas-1.5.3-tguwpv3:2;/scratch1/NCEPDEV/nems/role.epic/spack-stack/spack-stack-1.6.0/envs/gsi-addon-dev-fms-2024.01/install/intel/2021.5.0/py-xlwt-1.3.0-5nxruci:2;/scratch1/NCEPDEV/nems/role.epic/spack-stack/spack-stack-1.6.0/envs/gsi-addon-dev-fms-2024.01/install/intel/2021.5.0/py-xlsxwriter-3.1.7-7l25bnt:2;/scratch1/NCEPDEV/nems/role.epic/spack-stack/spack-stack-1.6.0/envs/gsi-addon-dev-fms-2024.01/install/intel/2021.5.0/py-xlrd-2.0.1-fwxe33t:2;/scratch1/NCEPDEV/nems/role.epic/spack-stack/spack-stack-1.6.0/envs/gsi-addon-dev-fms-2024.01/install/intel/2021.5.0/py-pyxlsb-1.0.10-ghdqaaw:2;/scratch1/NCEPDEV/nems/role.epic/spack-stack/spack-stack-1.6.0/envs/gsi-addon-dev-fms-2024.01/install/intel/2021.5.0/py-pytz-2023.3-kkz2z3d:2;/scratch1/NCEPDEV/nems/role.epic/spack-stack/spack-stack-1.6.0/envs/gsi-addon-dev-fms-2024.01/install/intel/2021.5.0/py-openpyxl-3.1.2-4tswswo:2;/scratch1/NCEPDEV/nems/role.epic/spack-stack/spack-stack-1.6.0/envs/gsi-addon-dev-fms-2024.01/install/intel/2021.5.0/py-et-xmlfile-1.0.1-it6uamo:2;/scratch1/NCEPDEV/nems/role.epic/spack-stack/spack-stack-1.6.0/envs/gsi-addon-dev-fms-2024.01/install/intel/2021.5.0/py-numexpr-2.8.4-uqnmadj:2;/scratch1/NCEPDEV/nems/role.epic/spack-stack/spack-stack-1.6.0/envs/gsi-addon-dev-fms-2024.01/install/intel/2021.5.0/py-bottleneck-1.3.7-4itjkyr:2;/scratch1/NCEPDEV/nems/role.epic/spack-stack/spack-stack-1.6.0/envs/gsi-addon-dev-fms-2024.01/install/intel/2021.5.0/py-jinja2-3.1.2-3yb4fme:2;/scratch1/NCEPDEV/nems/role.epic/spack-stack/spack-stack-1.6.0/envs/gsi-addon-dev-fms-2024.01/install/intel/2021.5.0/py-markupsafe-2.1.3-clrlf2z:2;/scratch1/NCEPDEV/nems/role.epic/spack-stack/spack-stack-1.6.0/envs/gsi-addon-dev-fms-2024.01/install/intel/2021.5.0/py-pyyaml-6.0-4sduut5:2;/scratch1/NCEPDEV/nems/role.epic/spack-stack/spack-stack-1.6.0/envs/unified-env-rocky8/install/intel/2021.5.0/libyaml-0.2.5-f3a4y3h:2;/scratch1/NCEPDEV/nems/role.epic/spack-stack/spack-stack-1.6.0/envs/gsi-addon-dev-fms-2024.01/install/intel/2021.5.0/py-netcdf4-1.5.8-haeompg:2;/scratch1/NCEPDEV/nems/role.epic/spack-stack/spack-stack-1.6.0/envs/gsi-addon-dev-fms-2024.01/install/intel/2021.5.0/py-cftime-1.0.3.4-4s5bg7j:2;/scratch1/NCEPDEV/nems/role.epic/spack-stack/spack-stack-1.6.0/envs/gsi-addon-dev-fms-2024.01/install/intel/2021.5.0/py-f90nml-1.4.3-b4vzhct:2;/scratch1/NCEPDEV/nems/role.epic/spack-stack/spack-stack-1.6.0/envs/unified-env-rocky8/install/intel/2021.5.0/wgrib2-2.0.8-nauzcdx:2;/scratch1/NCEPDEV/nems/role.epic/spack-stack/spack-stack-1.6.0/envs/gsi-addon-dev-fms-2024.01/install/intel/2021.5.0/bufr-11.7.0-w62mmgj:2;/scratch1/NCEPDEV/nems/role.epic/spack-stack/spack-stack-1.6.0/envs/gsi-addon-dev-fms-2024.01/install/intel/2021.5.0/py-numpy-1.23.4-yrvnxwk:2;/scratch1/NCEPDEV/nems/role.epic/spack-stack/spack-stack-1.6.0/envs/gsi-addon-dev-fms-2024.01/install/intel/2021.5.0/py-setuptools-63.4.3-qppw6fo:2;/scratch1/NCEPDEV/nems/role.epic/spack-stack/spack-stack-1.6.0/envs/unified-env-rocky8/install/intel/2021.5.0/openblas-0.3.24-o6x5uk4:2;/scratch1/NCEPDEV/nems/role.epic/spack-stack/spack-stack-1.6.0/envs/unified-env-rocky8/install/intel/2021.5.0/crtm-2.4.0.1-zg3ykcb:2;/scratch1/NCEPDEV/nems/role.epic/spack-stack/spack-stack-1.6.0/envs/unified-env-rocky8/install/intel/2021.5.0/crtm-fix-2.4.0.1_emc-bm46d3q:2;/scratch1/NCEPDEV/nems/role.epic/spack-stack/spack-stack-1.6.0/envs/unified-env-rocky8/install/intel/2021.5.0/gsi-ncdiag-1.1.2-vwq6ky5:2;/scratch1/NCEPDEV/nems/role.epic/spack-stack/spack-stack-1.6.0/envs/gsi-addon-dev-fms-2024.01/install/intel/2021.5.0/g2tmpl-1.13.0-xpw455u:2;/scratch1/NCEPDEV/nems/role.epic/spack-stack/spack-stack-1.6.0/envs/gsi-addon-dev-fms-2024.01/install/intel/2021.5.0/grib-util-1.3.0-qbbcc54:2;/scratch1/NCEPDEV/nems/role.epic/spack-stack/spack-stack-1.6.0/envs/unified-env-rocky8/install/intel/2021.5.0/ip-4.3.0-ozyjvbg:2;/scratch1/NCEPDEV/nems/role.epic/spack-stack/spack-stack-1.6.0/envs/unified-env-rocky8/install/intel/2021.5.0/sp-2.5.0-2pqzhuv:2;/scratch1/NCEPDEV/nems/role.epic/spack-stack/spack-stack-1.6.0/envs/unified-env-rocky8/install/intel/2021.5.0/g2-3.4.5-77xve5x:2;/scratch1/NCEPDEV/nems/role.epic/spack-stack/spack-stack-1.6.0/envs/unified-env-rocky8/install/intel/2021.5.0/prod-util-2.1.1-4vpcrpl:2;/scratch1/NCEPDEV/nems/role.epic/spack-stack/spack-stack-1.6.0/envs/unified-env-rocky8/install/intel/2021.5.0/w3emc-2.10.0-xer6twa:2;/scratch1/NCEPDEV/nems/role.epic/spack-stack/spack-stack-1.6.0/envs/unified-env-rocky8/install/intel/2021.5.0/bacio-2.4.1-wqq7qmr:2;/scratch1/NCEPDEV/nems/role.epic/spack-stack/spack-stack-1.6.0/envs/unified-env-rocky8/install/intel/2021.5.0/nco-5.0.6-s5fkg5v:2;/scratch1/NCEPDEV/nems/role.epic/spack-stack/spack-stack-1.6.0/envs/unified-env-rocky8/install/intel/2021.5.0/gsl-2.7.1-xf6mkfq:2;/scratch1/NCEPDEV/nems/role.epic/spack-stack/spack-stack-1.6.0/envs/unified-env-rocky8/install/intel/2021.5.0/antlr-2.7.7-3kdtvjg:2;/scratch1/NCEPDEV/nems/role.epic/spack-stack/spack-stack-1.6.0/envs/unified-env-rocky8/install/intel/2021.5.0/esmf-8.6.0-nnuwc5z:2;/scratch1/NCEPDEV/nems/role.epic/spack-stack/spack-stack-1.6.0/envs/unified-env-rocky8/install/intel/2021.5.0/parallelio-2.5.10-2wulfav:2;/scratch1/NCEPDEV/nems/role.epic/spack-stack/spack-stack-1.6.0/envs/unified-env-rocky8/install/intel/2021.5.0/parallel-netcdf-1.12.2-cwokdeb:2;/scratch1/NCEPDEV/nems/role.epic/spack-stack/spack-stack-1.6.0/envs/unified-env-rocky8/install/intel/2021.5.0/netcdf-fortran-4.6.1-ifhqcwv:2;/scratch1/NCEPDEV/nems/role.epic/spack-stack/spack-stack-1.6.0/envs/unified-env-rocky8/install/intel/2021.5.0/netcdf-c-4.9.2-ejp7j3k:2;/scratch1/NCEPDEV/nems/role.epic/spack-stack/spack-stack-1.6.0/envs/unified-env-rocky8/install/intel/2021.5.0/c-blosc-1.21.5-2lodawi:2;/scratch1/NCEPDEV/nems/role.epic/spack-stack/spack-stack-1.6.0/envs/unified-env-rocky8/install/intel/2021.5.0/zstd-1.5.2-ui7ilkt:2;/scratch1/NCEPDEV/nems/role.epic/spack-stack/spack-stack-1.6.0/envs/unified-env-rocky8/install/intel/2021.5.0/snappy-1.1.10-m42xdge:2;/scratch1/NCEPDEV/nems/role.epic/spack-stack/spack-stack-1.6.0/envs/unified-env-rocky8/install/intel/2021.5.0/hdf5-1.14.0-lixiejp:2;/apps/spack/linux-rocky8-x86_64/gcc-13.2.0/perl-5.38.0-yl7cdgbmiic3h7gbvdthgequuixjvuja:1;/scratch1/NCEPDEV/nems/role.epic/spack-stack/spack-stack-1.6.0/envs/unified-env-rocky8/install/intel/2021.5.0/cdo-2.2.0-d25j3di:2;/scratch1/NCEPDEV/nems/role.epic/spack-stack/spack-stack-1.6.0/envs/unified-env-rocky8/install/intel/2021.5.0/udunits-2.2.28-k3qzmyx:2;/scratch1/NCEPDEV/nems/role.epic/spack-stack/spack-stack-1.6.0/envs/unified-env-rocky8/install/intel/2021.5.0/proj-9.2.1-xrx3crr:2;/scratch1/NCEPDEV/nems/role.epic/spack-stack/spack-stack-1.6.0/envs/unified-env-rocky8/install/intel/2021.5.0/curl-8.4.0-5lex66w:2;/scratch1/NCEPDEV/nems/role.epic/spack-stack/spack-stack-1.6.0/envs/unified-env-rocky8/install/intel/2021.5.0/nghttp2-1.57.0-kvadra7:2;/scratch1/NCEPDEV/nems/role.epic/spack-stack/spack-stack-1.6.0/envs/unified-env-rocky8/install/intel/2021.5.0/fftw-3.3.10-7ud23to:2;/scratch1/NCEPDEV/nems/role.epic/spack-stack/spack-stack-1.6.0/envs/unified-env-rocky8/install/intel/2021.5.0/eccodes-2.32.0-vc72ssb:2;/scratch1/NCEPDEV/nems/role.epic/spack-stack/spack-stack-1.6.0/envs/unified-env-rocky8/install/intel/2021.5.0/openjpeg-2.3.1-zi6uhnw:2;/scratch1/NCEPDEV/nems/role.epic/spack-stack/spack-stack-1.6.0/envs/unified-env-rocky8/install/intel/2021.5.0/libpng-1.6.37-cha7kfi:2;/scratch1/NCEPDEV/nems/role.epic/spack-stack/spack-stack-1.6.0/envs/unified-env-rocky8/install/intel/2021.5.0/jasper-2.0.32-atr6lqe:2;/scratch1/NCEPDEV/nems/role.epic/spack-stack/spack-stack-1.6.0/envs/unified-env-rocky8/install/intel/2021.5.0/libjpeg-turbo-2.1.0-ovaykos:2;/apps/ncl/6.6.2-gcc-13.2.0:1;/scratch1/NCEPDEV/nems/role.epic/spack-stack/spack-stack-1.6.0/envs/gsi-addon-dev-fms-2024.01/install/intel/2021.5.0/python-3.11.6-b6ydksr:2;/scratch1/NCEPDEV/nems/role.epic/spack-stack/spack-stack-1.6.0/envs/unified-env-rocky8/install/intel/2021.5.0/util-linux-uuid-2.38.1-lsjm2vl:2;/scratch1/NCEPDEV/nems/role.epic/spack-stack/spack-stack-1.6.0/envs/unified-env-rocky8/install/intel/2021.5.0/sqlite-3.43.2-34hfinn:2;/scratch1/NCEPDEV/nems/role.epic/spack-stack/spack-stack-1.6.0/envs/unified-env-rocky8/install/intel/2021.5.0/zlib-1.2.13-eabxx4z:2;/scratch1/NCEPDEV/nems/role.epic/spack-stack/spack-stack-1.6.0/envs/unified-env-rocky8/install/intel/2021.5.0/libxcrypt-4.4.35-mfr2lca:2;/apps/oneapi/compiler/2022.0.2/linux/IntelDPCPP:1', '_ModuleTable074_': 'cmVmX2NvdW50ID0gMiwKc3RhY2tEZXB0aCA9IDIsCnN0YXR1cyA9ICJhY3RpdmUiLAp1c2VyTmFtZSA9ICJ1dGlsLWxpbnV4LXV1aWQvMi4zOC4xIiwKd1YgPSAiMDAwMDAwMDAyLjAwMDAwMDAzOC4wMDAwMDAwMDEuKnpmaW5hbCIsCn0sCnczZW1jID0gewpmbiA9ICIvc2NyYXRjaDEvTkNFUERFVi9uZW1zL3JvbGUuZXBpYy9zcGFjay1zdGFjay9zcGFjay1zdGFjay0xLjYuMC9lbnZzL2dzaS1hZGRvbi1kZXYtZm1zLTIwMjQuMDEvaW5zdGFsbC9tb2R1bGVmaWxlcy9pbnRlbC8yMDIxLjUuMC93M2VtYy8yLjEwLjAubHVhIiwKZnVsbE5hbWUgPSAidzNlbWMvMi4xMC4wIiwKbG9hZE9yZGVyID0gNDIsCnByb3BUID0ge30sCnJlZl9jb3VudCA9IDIsCnN0YWNrRGVwdGggPSAy', 'py_jinja2_ROOT': '/scratch1/NCEPDEV/nems/role.epic/spack-stack/spack-stack-1.6.0/envs/gsi-addon-dev-fms-2024.01/install/intel/2021.5.0/py-jinja2-3.1.2-3yb4fme', 'LMOD_sys': 'Linux', 'G2_INC4': '/scratch1/NCEPDEV/nems/role.epic/spack-stack/spack-stack-1.6.0/envs/unified-env-rocky8/install/intel/2021.5.0/g2-3.4.5-77xve5x/include_4', 'LMOD_FAMILY_METAMPI_VERSION': '2021.5.1', 'COM_WAVE_GRID_RES_TMPL': '${ROTDIR}/${RUN}.${YMD}/${HH}/${MEMDIR}/products/wave/gridded/${GRDRESNAME}', '_ModuleTable010_': 'dGFjay9zcGFjay1zdGFjay0xLjYuMC9lbnZzL2dzaS1hZGRvbi1kZXYtZm1zLTIwMjQuMDEvaW5zdGFsbC9tb2R1bGVmaWxlcy9pbnRlbC8yMDIxLjUuMC9lY2NvZGVzLzIuMzIuMC5sdWEiLApmdWxsTmFtZSA9ICJlY2NvZGVzLzIuMzIuMCIsCmxvYWRPcmRlciA9IDE5LApwcm9wVCA9IHt9LApyZWZfY291bnQgPSAxLApzdGFja0RlcHRoID0gMiwKc3RhdHVzID0gImFjdGl2ZSIsCnVzZXJOYW1lID0gImVjY29kZXMvMi4zMi4wIiwKd1YgPSAiMDAwMDAwMDAyLjAwMDAwMDAzMi4qemZpbmFsIiwKfSwKZXNtZiA9IHsKZm4gPSAiL3NjcmF0Y2gxL05DRVBERVYvbmVtcy9yb2xlLmVwaWMvc3BhY2stc3RhY2svc3BhY2stc3RhY2stMS42LjAvZW52cy9nc2ktYWRkb24tZGV2LWZt', '_ModuleTable033_': 'CmZuID0gIi9hcHBzL21vZHVsZXMvbW9kdWxlZmlsZXMvbmNsLzYuNi4yIiwKZnVsbE5hbWUgPSAibmNsLzYuNi4yIiwKbG9hZE9yZGVyID0gMTQsCnByb3BUID0ge30sCnN0YWNrRGVwdGggPSAxLApzdGF0dXMgPSAiYWN0aXZlIiwKdXNlck5hbWUgPSAibmNsLzYuNi4yIiwKd1YgPSAiMDAwMDAwMDA2LjAwMDAwMDAwNi4wMDAwMDAwMDIuKnpmaW5hbCIsCn0sCm5jbyA9IHsKZm4gPSAiL3NjcmF0Y2gxL05DRVBERVYvbmVtcy9yb2xlLmVwaWMvc3BhY2stc3RhY2svc3BhY2stc3RhY2stMS42LjAvZW52cy9nc2ktYWRkb24tZGV2LWZtcy0yMDI0LjAxL2luc3RhbGwvbW9kdWxlZmlsZXMvaW50ZWwtb25lYXBpLW1waS8yMDIxLjUuMS9pbnRlbC8yMDIxLjUuMC9uY28vNS4wLjYu', 'SLURM_JOBID': 11538492, 'cdo_ver': '2.2.0', 'HPSS_PROJECT': 'emc-global', 'COMIN_ATMOS_TRACK': '/scratch1/NCEPDEV/global/glopara/CI/3745/RUNTESTS/COMROOT/C48_ATM_285cc940/gfs.20210323/12//products/atmos/cyclone/tracks', 'GRBINDEX': '/scratch1/NCEPDEV/nems/role.epic/spack-stack/spack-stack-1.6.0/envs/gsi-addon-dev-fms-2024.01/install/intel/2021.5.0/grib-util-1.3.0-qbbcc54/bin/grbindex', 'BASE_DATA': '/scratch1/NCEPDEV/global/glopara/data', 'IAU_DELTHRS': 6, '_ModuleTable060_': 'MS4wLjEwLmx1YSIsCmZ1bGxOYW1lID0gInB5LXB5eGxzYi8xLjAuMTAiLApsb2FkT3JkZXIgPSA3MSwKcHJvcFQgPSB7fSwKcmVmX2NvdW50ID0gMSwKc3RhY2tEZXB0aCA9IDIsCnN0YXR1cyA9ICJhY3RpdmUiLAp1c2VyTmFtZSA9ICJweS1weXhsc2IvMS4wLjEwIiwKd1YgPSAiMDAwMDAwMDAxLjAwMDAwMDAwMC4wMDAwMDAwMTAuKnpmaW5hbCIsCn0sClsicHktcHl5YW1sIl0gPSB7CmZuID0gIi9zY3JhdGNoMS9OQ0VQREVWL25lbXMvcm9sZS5lcGljL3NwYWNrLXN0YWNrL3NwYWNrLXN0YWNrLTEuNi4wL2VudnMvZ3NpLWFkZG9uLWRldi1mbXMtMjAyNC4wMS9pbnN0YWxsL21vZHVsZWZpbGVzL2ludGVsLzIwMjEuNS4wL3B5LXB5eWFtbC82LjAubHVhIiwKZnVsbE5hbWUg', '_ModuleTable001_': 'X01vZHVsZVRhYmxlXyA9IHsKTVR2ZXJzaW9uID0gMywKY19yZWJ1aWxkVGltZSA9IGZhbHNlLApjX3Nob3J0VGltZSA9IGZhbHNlLApkZXB0aFQgPSB7fSwKZmFtaWx5ID0gewpNZXRhQ29tcGlsZXIgPSAic3RhY2staW50ZWwiLApNZXRhTVBJID0gInN0YWNrLWludGVsLW9uZWFwaS1tcGkiLApjb21waWxlciA9ICJpbnRlbCIsCmcydG1wbHZpcnQgPSAiZzJ0bXBsIiwKbXBpID0gImltcGkiLAp9LAptVCA9IHsKUiA9IHsKZm4gPSAiL2FwcHMvbW9kdWxlcy9tb2R1bGVmaWxlcy9SLzMuNi4xIiwKZnVsbE5hbWUgPSAiUi8zLjYuMSIsCmxvYWRPcmRlciA9IDI2LApwcm9wVCA9IHt9LApzdGFja0RlcHRoID0gMSwKc3RhdHVzID0gImFjdGl2ZSIsCnVzZXJOYW1lID0gIlIvMy42', 'YAML_DIR': '/scratch1/NCEPDEV/nems/role.epic/spack-stack/spack-stack-1.6.0/envs/unified-env-rocky8/install/intel/2021.5.0/libyaml-0.2.5-f3a4y3h', 'py_xlrd_ROOT': '/scratch1/NCEPDEV/nems/role.epic/spack-stack/spack-stack-1.6.0/envs/gsi-addon-dev-fms-2024.01/install/intel/2021.5.0/py-xlrd-2.0.1-fwxe33t', 'restart_interval_enkfgfs': 3, 'REDERR': '2>', 'SLURM_CONF': '/apps/slurm/23.11.9/etc/slurm.conf', 'EXECprepobs': '/scratch1/NCEPDEV/global/glopara/git/prepobs/v1.1.0/exec', 'py_numpy_ROOT': '/scratch1/NCEPDEV/nems/role.epic/spack-stack/spack-stack-1.6.0/envs/gsi-addon-dev-fms-2024.01/install/intel/2021.5.0/py-numpy-1.23.4-yrvnxwk', 'sp_ver': '2.5.0', 'DO_PREP_SFC': False, 'hpss_ver': 'hpss', 'COM_OCEAN_ANALYSIS_TMPL': '${ROTDIR}/${RUN}.${YMD}/${HH}/${MEMDIR}/analysis/ocean', 'LOADEDMODULES': 'contrib:intel/2022.1.2:stack-intel/2021.5.0:impi/2022.1.2:stack-intel-oneapi-mpi/2021.5.1:gettext/0.19.8.1:libxcrypt/4.4.35:zlib/1.2.13:sqlite/3.43.2:util-linux-uuid/2.38.1:python/3.11.6:hpss/hpss:gempak/7.17.0:ncl/6.6.2:libjpeg/2.1.0:jasper/2.0.32:libpng/1.6.37:openjpeg/2.3.1:eccodes/2.32.0:fftw/3.3.10:nghttp2/1.57.0:curl/8.4.0:proj/9.2.1:udunits/2.2.28:cdo/2.2.0:R/3.6.1:perl/5.38.0:pkg-config/0.27.1:hdf5/1.14.0:snappy/1.1.10:zstd/1.5.2:c-blosc/1.21.5:netcdf-c/4.9.2:netcdf-fortran/4.6.1:parallel-netcdf/1.12.2:parallelio/2.5.10:esmf/8.6.0:antlr/2.7.7:gsl/2.7.1:nco/5.0.6:bacio/2.4.1:w3emc/2.10.0:prod_util/2.1.1:g2/3.4.5:sp/2.5.0:ip/4.3.0:grib-util/1.3.0:g2tmpl/1.13.0:gsi-ncdiag/1.1.2:crtm-fix/2.4.0.1_emc:git-lfs/2.10.0:crtm/2.4.0.1:openblas/0.3.24:py-setuptools/63.4.3:py-numpy/1.23.4:bufr/11.7.0:gmake/3.82:wgrib2/2.0.8:py-f90nml/1.4.3:py-cftime/1.0.3.4:py-netcdf4/1.5.8:libyaml/0.2.5:py-pyyaml/6.0:py-markupsafe/2.1.3:py-jinja2/3.1.2:py-bottleneck/1.3.7:py-numexpr/2.8.4:py-et-xmlfile/1.0.1:py-openpyxl/3.1.2:py-pytz/2023.3:py-pyxlsb/1.0.10:py-xlrd/2.0.1:py-xlsxwriter/3.1.7:py-xlwt/1.3.0:py-pandas/1.5.3:py-six/1.16.0:py-python-dateutil/2.8.2:g2c/1.8.0:netcdf-cxx4/4.3.1:met/9.1.3:metplus/3.1.1:py-packaging/23.1:py-xarray/2023.7.0:prepobs/1.1.0:fit2obs/1.1.7:imagemagick/7.1.1-11:module_base.hera', '_ModuleTable048_': 'ID0gInB5LWNmdGltZS8xLjAuMy40IiwKd1YgPSAiMDAwMDAwMDAxLjAwMDAwMDAwMC4wMDAwMDAwMDMuMDAwMDAwMDA0Lip6ZmluYWwiLAp9LApbInB5LWV0LXhtbGZpbGUiXSA9IHsKZm4gPSAiL3NjcmF0Y2gxL05DRVBERVYvbmVtcy9yb2xlLmVwaWMvc3BhY2stc3RhY2svc3BhY2stc3RhY2stMS42LjAvZW52cy9nc2ktYWRkb24tZGV2LWZtcy0yMDI0LjAxL2luc3RhbGwvbW9kdWxlZmlsZXMvaW50ZWwvMjAyMS41LjAvcHktZXQteG1sZmlsZS8xLjAuMS5sdWEiLApmdWxsTmFtZSA9ICJweS1ldC14bWxmaWxlLzEuMC4xIiwKbG9hZE9yZGVyID0gNjgsCnByb3BUID0ge30sCnJlZl9jb3VudCA9IDEsCnN0YWNrRGVwdGggPSAzLApzdGF0dXMgPSAiYWN0aXZlIiwKdXNlck5h', 'py_pyyaml_ROOT': '/scratch1/NCEPDEV/nems/role.epic/spack-stack/spack-stack-1.6.0/envs/gsi-addon-dev-fms-2024.01/install/intel/2021.5.0/py-pyyaml-6.0-4sduut5', 'FHCYC': 24, 'COM_ATMOS_HISTORY_TMPL': '${ROTDIR}/${RUN}.${YMD}/${HH}/${MEMDIR}/model/atmos/history', 'I_MPI_CC': 'icc', 'COM_OCEAN_BMATRIX_TMPL': '${ROTDIR}/${RUN}.${YMD}/${HH}/${MEMDIR}/bmatrix/ocean', 'ICERES': 500, 'COMIN_ATMOS_MINMON': '/scratch1/NCEPDEV/global/glopara/CI/3745/RUNTESTS/COMROOT/C48_ATM_285cc940/gfs.20210323/12//products/atmos/minmon', '_ModuleTable058_': 'MS9pbnN0YWxsL21vZHVsZWZpbGVzL2ludGVsLzIwMjEuNS4wL3B5LXB5dGhvbi1kYXRldXRpbC8yLjguMi5sdWEiLApmdWxsTmFtZSA9ICJweS1weXRob24tZGF0ZXV0aWwvMi44LjIiLApsb2FkT3JkZXIgPSA3NywKcHJvcFQgPSB7fSwKc3RhY2tEZXB0aCA9IDEsCnN0YXR1cyA9ICJhY3RpdmUiLAp1c2VyTmFtZSA9ICJweS1weXRob24tZGF0ZXV0aWwvMi44LjIiLAp3ViA9ICIwMDAwMDAwMDIuMDAwMDAwMDA4LjAwMDAwMDAwMi4qemZpbmFsIiwKfSwKWyJweS1weXR6Il0gPSB7CmZuID0gIi9zY3JhdGNoMS9OQ0VQREVWL25lbXMvcm9sZS5lcGljL3NwYWNrLXN0YWNrL3NwYWNrLXN0YWNrLTEuNi4wL2VudnMvZ3NpLWFkZG9uLWRldi1mbXMtMjAyNC4wMS9pbnN0YWxsL21v', 'COMIN_OCEAN_BMATRIX': '/scratch1/NCEPDEV/global/glopara/CI/3745/RUNTESTS/COMROOT/C48_ATM_285cc940/gfs.20210323/12//bmatrix/ocean', 'FC': '/apps/oneapi/compiler/2022.0.2/linux/bin/intel64/ifort', 'DO_METP': False, 'OFFSET_START_HOUR': 0, 'COM_ATMOS_GOES_TMPL': '${ROTDIR}/${RUN}.${YMD}/${HH}/${MEMDIR}/products/atmos/goes_sim', '__LMOD_REF_COUNT_ACLOCAL_PATH': '/usr/share/aclocal:8;/scratch1/NCEPDEV/nems/role.epic/spack-stack/spack-stack-1.6.0/envs/unified-env-rocky8/install/intel/2021.5.0/gsl-2.7.1-xf6mkfq/share/aclocal:2;/scratch1/NCEPDEV/nems/role.epic/spack-stack/spack-stack-1.6.0/envs/unified-env-rocky8/install/intel/2021.5.0/curl-8.4.0-5lex66w/share/aclocal:2', 'gmake_ROOT': '/usr', 'COMOUT_ATMOS_TRACK': '/scratch1/NCEPDEV/global/glopara/CI/3745/RUNTESTS/COMROOT/C48_ATM_285cc940/gfs.20210323/12//products/atmos/cyclone/tracks', 'FHOUT_AERO': 3, 'SENDDBN': False, '__LMOD_REF_COUNT_MANPATH': '/apps/ImageMagick/7.1.1-11_gnu_13.2.0/share/man:1;/usr/share/man:10;/scratch1/NCEPDEV/nems/role.epic/spack-stack/spack-stack-1.6.0/envs/unified-env-rocky8/install/intel/2021.5.0/nco-5.0.6-s5fkg5v/share/man:2;/scratch1/NCEPDEV/nems/role.epic/spack-stack/spack-stack-1.6.0/envs/unified-env-rocky8/install/intel/2021.5.0/gsl-2.7.1-xf6mkfq/share/man:2;/scratch1/NCEPDEV/nems/role.epic/spack-stack/spack-stack-1.6.0/envs/unified-env-rocky8/install/intel/2021.5.0/parallel-netcdf-1.12.2-cwokdeb/share/man:2;/scratch1/NCEPDEV/nems/role.epic/spack-stack/spack-stack-1.6.0/envs/unified-env-rocky8/install/intel/2021.5.0/netcdf-fortran-4.6.1-ifhqcwv/share/man:2;/scratch1/NCEPDEV/nems/role.epic/spack-stack/spack-stack-1.6.0/envs/unified-env-rocky8/install/intel/2021.5.0/netcdf-c-4.9.2-ejp7j3k/share/man:2;/scratch1/NCEPDEV/nems/role.epic/spack-stack/spack-stack-1.6.0/envs/unified-env-rocky8/install/intel/2021.5.0/zstd-1.5.2-ui7ilkt/share/man:2;/apps/spack/linux-rocky8-x86_64/gcc-13.2.0/perl-5.38.0-yl7cdgbmiic3h7gbvdthgequuixjvuja/man:1;/apps/R/3.6.1/man:1;/scratch1/NCEPDEV/nems/role.epic/spack-stack/spack-stack-1.6.0/envs/unified-env-rocky8/install/intel/2021.5.0/proj-9.2.1-xrx3crr/share/man:2;/scratch1/NCEPDEV/nems/role.epic/spack-stack/spack-stack-1.6.0/envs/unified-env-rocky8/install/intel/2021.5.0/curl-8.4.0-5lex66w/share/man:2;/scratch1/NCEPDEV/nems/role.epic/spack-stack/spack-stack-1.6.0/envs/unified-env-rocky8/install/intel/2021.5.0/nghttp2-1.57.0-kvadra7/share/man:2;/scratch1/NCEPDEV/nems/role.epic/spack-stack/spack-stack-1.6.0/envs/unified-env-rocky8/install/intel/2021.5.0/fftw-3.3.10-7ud23to/share/man:2;/scratch1/NCEPDEV/nems/role.epic/spack-stack/spack-stack-1.6.0/envs/unified-env-rocky8/install/intel/2021.5.0/libpng-1.6.37-cha7kfi/share/man:2;/scratch1/NCEPDEV/nems/role.epic/spack-stack/spack-stack-1.6.0/envs/unified-env-rocky8/install/intel/2021.5.0/jasper-2.0.32-atr6lqe/share/man:2;/scratch1/NCEPDEV/nems/role.epic/spack-stack/spack-stack-1.6.0/envs/unified-env-rocky8/install/intel/2021.5.0/libjpeg-turbo-2.1.0-ovaykos/share/man:2;/apps/ncl/6.6.2-gcc-13.2.0/man:1;/scratch1/NCEPDEV/nems/role.epic/spack-stack/spack-stack-1.6.0/envs/gsi-addon-dev-fms-2024.01/install/intel/2021.5.0/python-3.11.6-b6ydksr/share/man:2;/scratch1/NCEPDEV/nems/role.epic/spack-stack/spack-stack-1.6.0/envs/unified-env-rocky8/install/intel/2021.5.0/util-linux-uuid-2.38.1-lsjm2vl/share/man:2;/scratch1/NCEPDEV/nems/role.epic/spack-stack/spack-stack-1.6.0/envs/unified-env-rocky8/install/intel/2021.5.0/sqlite-3.43.2-34hfinn/share/man:2;/scratch1/NCEPDEV/nems/role.epic/spack-stack/spack-stack-1.6.0/envs/unified-env-rocky8/install/intel/2021.5.0/zlib-1.2.13-eabxx4z/share/man:2;/scratch1/NCEPDEV/nems/role.epic/spack-stack/spack-stack-1.6.0/envs/unified-env-rocky8/install/intel/2021.5.0/libxcrypt-4.4.35-mfr2lca/share/man:2;/apps/oneapi/mpi/2021.5.1/man:1;/apps/oneapi/compiler/2022.0.2/documentation/en/man/common:1;/apps/slurm/default/share/man:2;/apps/lmod/lmod/share/man:1;/apps/local/man:1;:26', '_ModuleTable006_': 'ZXMvaW50ZWwtb25lYXBpLW1waS8yMDIxLjUuMS9pbnRlbC8yMDIxLjUuMC9jZG8vMi4yLjAubHVhIiwKZnVsbE5hbWUgPSAiY2RvLzIuMi4wIiwKbG9hZE9yZGVyID0gMjUsCnByb3BUID0ge30sCnN0YWNrRGVwdGggPSAxLApzdGF0dXMgPSAiYWN0aXZlIiwKdXNlck5hbWUgPSAiY2RvLzIuMi4wIiwKd1YgPSAiMDAwMDAwMDAyLjAwMDAwMDAwMi4qemZpbmFsIiwKfSwKY29udHJpYiA9IHsKZm4gPSAiL2FwcHMvbW9kdWxlcy9tb2R1bGVmaWxlcy9jb250cmliIiwKZnVsbE5hbWUgPSAiY29udHJpYiIsCmxvYWRPcmRlciA9IDEsCnByb3BUID0ge30sCnN0YWNrRGVwdGggPSAwLApzdGF0dXMgPSAiYWN0aXZlIiwKdXNlck5hbWUgPSAiY29udHJpYiIsCndWID0gIk0uKnpmaW5h', 'GEMERR': '/apps/gempak/7.17.0/gempak/error', '_ModuleTable003_': 'emZpbmFsIiwKfSwKYmFjaW8gPSB7CmZuID0gIi9zY3JhdGNoMS9OQ0VQREVWL25lbXMvcm9sZS5lcGljL3NwYWNrLXN0YWNrL3NwYWNrLXN0YWNrLTEuNi4wL2VudnMvZ3NpLWFkZG9uLWRldi1mbXMtMjAyNC4wMS9pbnN0YWxsL21vZHVsZWZpbGVzL2ludGVsLzIwMjEuNS4wL2JhY2lvLzIuNC4xLmx1YSIsCmZ1bGxOYW1lID0gImJhY2lvLzIuNC4xIiwKbG9hZE9yZGVyID0gNDEsCnByb3BUID0ge30sCnJlZl9jb3VudCA9IDIsCnN0YWNrRGVwdGggPSAzLApzdGF0dXMgPSAiYWN0aXZlIiwKdXNlck5hbWUgPSAiYmFjaW8vMi40LjEiLAp3ViA9ICIwMDAwMDAwMDIuMDAwMDAwMDA0LjAwMDAwMDAwMS4qemZpbmFsIiwKfSwKYnVmciA9IHsKZm4gPSAiL3NjcmF0Y2gxL05DRVBE', 'HDF5_DIR': '/scratch1/NCEPDEV/nems/role.epic/spack-stack/spack-stack-1.6.0/envs/unified-env-rocky8/install/intel/2021.5.0/hdf5-1.14.0-lixiejp', 'MPICC': 'mpiicc', 'machine': 'HERA', 'SLURM_JOB_QOS': 'batch', 'LMOD_ROOT': '/apps/lmod', 'SLURM_TOPOLOGY_ADDR_PATTERN': 'switch.switch.switch.node', 'G2_LIB4': '/scratch1/NCEPDEV/nems/role.epic/spack-stack/spack-stack-1.6.0/envs/unified-env-rocky8/install/intel/2021.5.0/g2-3.4.5-77xve5x/lib64/libg2_4.a', 'g2c_ROOT': '/scratch1/NCEPDEV/nems/role.epic/spack-stack/spack-stack-1.6.0/envs/gsi-addon-dev-fms-2024.01/install/intel/2021.5.0/g2c-1.8.0-ghlcvbx', 'DO_GOES': False, 'crtm_fix_ROOT': '/scratch1/NCEPDEV/nems/role.epic/spack-stack/spack-stack-1.6.0/envs/unified-env-rocky8/install/intel/2021.5.0/crtm-fix-2.4.0.1_emc-bm46d3q', '_ModuleTable040_': 'TmFtZSA9ICJvcGVuanBlZy8yLjMuMSIsCndWID0gIjAwMDAwMDAwMi4wMDAwMDAwMDMuMDAwMDAwMDAxLip6ZmluYWwiLAp9LApbInBhcmFsbGVsLW5ldGNkZiJdID0gewpmbiA9ICIvc2NyYXRjaDEvTkNFUERFVi9uZW1zL3JvbGUuZXBpYy9zcGFjay1zdGFjay9zcGFjay1zdGFjay0xLjYuMC9lbnZzL2dzaS1hZGRvbi1kZXYtZm1zLTIwMjQuMDEvaW5zdGFsbC9tb2R1bGVmaWxlcy9pbnRlbC1vbmVhcGktbXBpLzIwMjEuNS4xL2ludGVsLzIwMjEuNS4wL3BhcmFsbGVsLW5ldGNkZi8xLjEyLjIubHVhIiwKZnVsbE5hbWUgPSAicGFyYWxsZWwtbmV0Y2RmLzEuMTIuMiIsCmxvYWRPcmRlciA9IDM1LApwcm9wVCA9IHt9LApyZWZfY291bnQgPSAxLApzdGFja0RlcHRoID0gMywK', 'COM_ATMOS_MINMON_TMPL': '${ROTDIR}/${RUN}.${YMD}/${HH}/${MEMDIR}/products/atmos/minmon', 'CLUSTERS': '', '_ModuleTable022_': 'c3BhY2stc3RhY2stMS42LjAvZW52cy9nc2ktYWRkb24tZGV2LWZtcy0yMDI0LjAxL2luc3RhbGwvbW9kdWxlZmlsZXMvaW50ZWwtb25lYXBpLW1waS8yMDIxLjUuMS9pbnRlbC8yMDIxLjUuMC9oZGY1LzEuMTQuMC5sdWEiLApmdWxsTmFtZSA9ICJoZGY1LzEuMTQuMCIsCmxvYWRPcmRlciA9IDI5LApwcm9wVCA9IHt9LApzdGFja0RlcHRoID0gMSwKc3RhdHVzID0gImFjdGl2ZSIsCnVzZXJOYW1lID0gImhkZjUvMS4xNC4wIiwKd1YgPSAiMDAwMDAwMDAxLjAwMDAwMDAxNC4qemZpbmFsIiwKfSwKaHBzcyA9IHsKZm4gPSAiL2FwcHMvbW9kdWxlcy9tb2R1bGVmaWxlcy9ocHNzL2hwc3MiLApmdWxsTmFtZSA9ICJocHNzL2hwc3MiLApsb2FkT3JkZXIgPSAxMiwKcHJvcFQgPSB7', 'git_lfs_ROOT': '/usr', 'py_pyyaml_ver': 6.0, '_ModuleTable050_': 'MDAwMDAxLjAwMDAwMDAwNC4wMDAwMDAwMDMuKnpmaW5hbCIsCn0sClsicHktamluamEyIl0gPSB7CmZuID0gIi9zY3JhdGNoMS9OQ0VQREVWL25lbXMvcm9sZS5lcGljL3NwYWNrLXN0YWNrL3NwYWNrLXN0YWNrLTEuNi4wL2VudnMvZ3NpLWFkZG9uLWRldi1mbXMtMjAyNC4wMS9pbnN0YWxsL21vZHVsZWZpbGVzL2ludGVsLzIwMjEuNS4wL3B5LWppbmphMi8zLjEuMi5sdWEiLApmdWxsTmFtZSA9ICJweS1qaW5qYTIvMy4xLjIiLApsb2FkT3JkZXIgPSA2NSwKcHJvcFQgPSB7fSwKc3RhY2tEZXB0aCA9IDEsCnN0YXR1cyA9ICJhY3RpdmUiLAp1c2VyTmFtZSA9ICJweS1qaW5qYTIvMy4xLjIiLAp3ViA9ICIwMDAwMDAwMDMuMDAwMDAwMDAxLjAwMDAwMDAwMi4qemZpbmFsIiwK', '_JAVA_OPTIONS': '-Xmx6G', '_ModuleTable073_': 'fSwKcmVmX2NvdW50ID0gMiwKc3RhY2tEZXB0aCA9IDIsCnN0YXR1cyA9ICJhY3RpdmUiLAp1c2VyTmFtZSA9ICJ1ZHVuaXRzLzIuMi4yOCIsCndWID0gIjAwMDAwMDAwMi4wMDAwMDAwMDIuMDAwMDAwMDI4Lip6ZmluYWwiLAp9LApbInV0aWwtbGludXgtdXVpZCJdID0gewpmbiA9ICIvc2NyYXRjaDEvTkNFUERFVi9uZW1zL3JvbGUuZXBpYy9zcGFjay1zdGFjay9zcGFjay1zdGFjay0xLjYuMC9lbnZzL2dzaS1hZGRvbi1kZXYtZm1zLTIwMjQuMDEvaW5zdGFsbC9tb2R1bGVmaWxlcy9pbnRlbC8yMDIxLjUuMC91dGlsLWxpbnV4LXV1aWQvMi4zOC4xLmx1YSIsCmZ1bGxOYW1lID0gInV0aWwtbGludXgtdXVpZC8yLjM4LjEiLApsb2FkT3JkZXIgPSAxMCwKcHJvcFQgPSB7fSwK', 'openblas_ROOT': '/scratch1/NCEPDEV/nems/role.epic/spack-stack/spack-stack-1.6.0/envs/unified-env-rocky8/install/intel/2021.5.0/openblas-0.3.24-o6x5uk4', '_ModuleTable013_': 'Y2tEZXB0aCA9IDEsCnN0YXR1cyA9ICJhY3RpdmUiLAp1c2VyTmFtZSA9ICJmaXQyb2JzLzEuMS43IiwKd1YgPSAiMDAwMDAwMDAxLjAwMDAwMDAwMS4wMDAwMDAwMDcuKnpmaW5hbCIsCn0sCmcyID0gewpmbiA9ICIvc2NyYXRjaDEvTkNFUERFVi9uZW1zL3JvbGUuZXBpYy9zcGFjay1zdGFjay9zcGFjay1zdGFjay0xLjYuMC9lbnZzL2dzaS1hZGRvbi1kZXYtZm1zLTIwMjQuMDEvaW5zdGFsbC9tb2R1bGVmaWxlcy9pbnRlbC8yMDIxLjUuMC9nMi8zLjQuNS5sdWEiLApmdWxsTmFtZSA9ICJnMi8zLjQuNSIsCmxvYWRPcmRlciA9IDQ0LApwcm9wVCA9IHt9LApyZWZfY291bnQgPSAxLApzdGFja0RlcHRoID0gMiwKc3RhdHVzID0gImFjdGl2ZSIsCnVzZXJOYW1lID0gImcyLzMu', 'COMIN_ICE_INPUT': '/scratch1/NCEPDEV/global/glopara/CI/3745/RUNTESTS/COMROOT/C48_ATM_285cc940/gfs.20210323/12//model/ice/input', '_ModuleTable036_': 'MSIsCmxvYWRPcmRlciA9IDc5LApwcm9wVCA9IHt9LApyZWZfY291bnQgPSAxLApzdGFja0RlcHRoID0gMiwKc3RhdHVzID0gImFjdGl2ZSIsCnVzZXJOYW1lID0gIm5ldGNkZi1jeHg0LzQuMy4xIiwKd1YgPSAiMDAwMDAwMDA0LjAwMDAwMDAwMy4wMDAwMDAwMDEuKnpmaW5hbCIsCn0sClsibmV0Y2RmLWZvcnRyYW4iXSA9IHsKZm4gPSAiL3NjcmF0Y2gxL05DRVBERVYvbmVtcy9yb2xlLmVwaWMvc3BhY2stc3RhY2svc3BhY2stc3RhY2stMS42LjAvZW52cy9nc2ktYWRkb24tZGV2LWZtcy0yMDI0LjAxL2luc3RhbGwvbW9kdWxlZmlsZXMvaW50ZWwtb25lYXBpLW1waS8yMDIxLjUuMS9pbnRlbC8yMDIxLjUuMC9uZXRjZGYtZm9ydHJhbi80LjYuMS5sdWEiLApmdWxsTmFtZSA9', 'ILPOST': 3, 'MAIL': '/var/spool/mail/role.glopara', 'g2tmpl_ROOT': '/scratch1/NCEPDEV/nems/role.epic/spack-stack/spack-stack-1.6.0/envs/gsi-addon-dev-fms-2024.01/install/intel/2021.5.0/g2tmpl-1.13.0-xpw455u', 'parallel_netcdf_ROOT': '/scratch1/NCEPDEV/nems/role.epic/spack-stack/spack-stack-1.6.0/envs/unified-env-rocky8/install/intel/2021.5.0/parallel-netcdf-1.12.2-cwokdeb', 'GEMHLP': '/apps/gempak/7.17.0/gempak/help', 'netcdf_cxx4_ROOT': '/scratch1/NCEPDEV/nems/role.epic/spack-stack/spack-stack-1.6.0/envs/unified-env-rocky8/install/intel/2021.5.0/netcdf-cxx4-4.3.1-wba23ef', 'COMIN_ATMOS_GRIB_1p00': '/scratch1/NCEPDEV/global/glopara/CI/3745/RUNTESTS/COMROOT/C48_ATM_285cc940/gfs.20210323/12//products/atmos/grib2/1p00', 'GEMGTXT': '/apps/gempak/7.17.0/gempak/txt/gemlib', 'SLURM_CPUS_ON_NODE': 1, 'CXX': '/apps/oneapi/compiler/2022.0.2/linux/bin/intel64/icpc', 'zlib_ver': '1.2.13', '_ModuleTable027_': 'L3NwYWNrLXN0YWNrLTEuNi4wL2VudnMvZ3NpLWFkZG9uLWRldi1mbXMtMjAyNC4wMS9pbnN0YWxsL21vZHVsZWZpbGVzL2ludGVsLzIwMjEuNS4wL2xpYmpwZWcvMi4xLjAubHVhIiwKZnVsbE5hbWUgPSAibGlianBlZy8yLjEuMCIsCmxvYWRPcmRlciA9IDE1LApwcm9wVCA9IHt9LApyZWZfY291bnQgPSAxLApzdGFja0RlcHRoID0gMiwKc3RhdHVzID0gImFjdGl2ZSIsCnVzZXJOYW1lID0gImxpYmpwZWcvMi4xLjAiLAp3ViA9ICIwMDAwMDAwMDIuMDAwMDAwMDAxLip6ZmluYWwiLAp9LApsaWJwbmcgPSB7CmZuID0gIi9zY3JhdGNoMS9OQ0VQREVWL25lbXMvcm9sZS5lcGljL3NwYWNrLXN0YWNrL3NwYWNrLXN0YWNrLTEuNi4wL2VudnMvZ3NpLWFkZG9uLWRldi1mbXMtMjAy', 'LMOD_arch': 'x86_64', 'DO_GENESIS': True, 'COM_ATMOS_IMAGERY_TMPL': '${ROTDIR}/${RUN}.${YMD}/${HH}/${MEMDIR}/products/atmos/imagery', 'SLURM_JOB_NUM_NODES': 1, 'stack_impi_ver': '2021.5.1', 'LMOD_FAMILY_METACOMPILER': 'stack-intel', '_ModuleTable076_': 'LjAwMDAwMDAwMC4wMDAwMDAwMDguKnpmaW5hbCIsCn0sCnpsaWIgPSB7CmZuID0gIi9zY3JhdGNoMS9OQ0VQREVWL25lbXMvcm9sZS5lcGljL3NwYWNrLXN0YWNrL3NwYWNrLXN0YWNrLTEuNi4wL2VudnMvZ3NpLWFkZG9uLWRldi1mbXMtMjAyNC4wMS9pbnN0YWxsL21vZHVsZWZpbGVzL2ludGVsLzIwMjEuNS4wL3psaWIvMS4yLjEzLmx1YSIsCmZ1bGxOYW1lID0gInpsaWIvMS4yLjEzIiwKbG9hZE9yZGVyID0gOCwKcHJvcFQgPSB7fSwKcmVmX2NvdW50ID0gOSwKc3RhY2tEZXB0aCA9IDMsCnN0YXR1cyA9ICJhY3RpdmUiLAp1c2VyTmFtZSA9ICJ6bGliLzEuMi4xMyIsCndWID0gIjAwMDAwMDAwMS4wMDAwMDAwMDIuMDAwMDAwMDEzLip6ZmluYWwiLAp9LAp6c3RkID0gewpm', 'FHMIN_GFS': 0, '_ModuleTable016_': 'bWUgPSAiZ2VtcGFrLzcuMTcuMCIsCmxvYWRPcmRlciA9IDEzLApwcm9wVCA9IHt9LApzdGFja0RlcHRoID0gMSwKc3RhdHVzID0gImFjdGl2ZSIsCnVzZXJOYW1lID0gImdlbXBhay83LjE3LjAiLAp3ViA9ICIwMDAwMDAwMDcuMDAwMDAwMDE3Lip6ZmluYWwiLAp9LApnZXR0ZXh0ID0gewpmbiA9ICIvc2NyYXRjaDEvTkNFUERFVi9uZW1zL3JvbGUuZXBpYy9zcGFjay1zdGFjay9zcGFjay1zdGFjay0xLjYuMC9lbnZzL2dzaS1hZGRvbi1kZXYtZm1zLTIwMjQuMDEvaW5zdGFsbC9tb2R1bGVmaWxlcy9pbnRlbC8yMDIxLjUuMC9nZXR0ZXh0LzAuMTkuOC4xLmx1YSIsCmZ1bGxOYW1lID0gImdldHRleHQvMC4xOS44LjEiLApsb2FkT3JkZXIgPSA2LApwcm9wVCA9IHt9LApyZWZf', 'binary_diag': False, 'QT_PLUGIN_PATH': '/usr/lib64/kde4/plugins:/usr/lib/kde4/plugins', 'ntiles': 6, 'HOMEcfs': '/scratch1/NCEPDEV/global/glopara/git/Fit2Obs/v1.1.7', 'DO_MERGENSST': False, 'SLURM_MEM_PER_NODE': 4096, 'ip_ver': '4.3.0', 'COMIN_ATMOS_WMO': '/scratch1/NCEPDEV/global/glopara/CI/3745/RUNTESTS/COMROOT/C48_ATM_285cc940/gfs.20210323/12//products/atmos/wmo', '_ModuleTable068_': 'dGFjay0xLjYuMC9lbnZzL2dzaS1hZGRvbi1kZXYtZm1zLTIwMjQuMDEvaW5zdGFsbC9tb2R1bGVmaWxlcy9pbnRlbC8yMDIxLjUuMC9zbmFwcHkvMS4xLjEwLmx1YSIsCmZ1bGxOYW1lID0gInNuYXBweS8xLjEuMTAiLApsb2FkT3JkZXIgPSAzMCwKcHJvcFQgPSB7fSwKcmVmX2NvdW50ID0gMSwKc3RhY2tEZXB0aCA9IDMsCnN0YXR1cyA9ICJhY3RpdmUiLAp1c2VyTmFtZSA9ICJzbmFwcHkvMS4xLjEwIiwKd1YgPSAiMDAwMDAwMDAxLjAwMDAwMDAwMS4wMDAwMDAwMTAuKnpmaW5hbCIsCn0sCnNwID0gewpmbiA9ICIvc2NyYXRjaDEvTkNFUERFVi9uZW1zL3JvbGUuZXBpYy9zcGFjay1zdGFjay9zcGFjay1zdGFjay0xLjYuMC9lbnZzL2dzaS1hZGRvbi1kZXYtZm1zLTIwMjQu', 'YAML_LIB': '/scratch1/NCEPDEV/nems/role.epic/spack-stack/spack-stack-1.6.0/envs/unified-env-rocky8/install/intel/2021.5.0/libyaml-0.2.5-f3a4y3h/lib', '_ModuleTable009_': 'cmwgPSB7CmZuID0gIi9zY3JhdGNoMS9OQ0VQREVWL25lbXMvcm9sZS5lcGljL3NwYWNrLXN0YWNrL3NwYWNrLXN0YWNrLTEuNi4wL2VudnMvZ3NpLWFkZG9uLWRldi1mbXMtMjAyNC4wMS9pbnN0YWxsL21vZHVsZWZpbGVzL2ludGVsLzIwMjEuNS4wL2N1cmwvOC40LjAubHVhIiwKZnVsbE5hbWUgPSAiY3VybC84LjQuMCIsCmxvYWRPcmRlciA9IDIyLApwcm9wVCA9IHt9LApyZWZfY291bnQgPSAyLApzdGFja0RlcHRoID0gMywKc3RhdHVzID0gImFjdGl2ZSIsCnVzZXJOYW1lID0gImN1cmwvOC40LjAiLAp3ViA9ICIwMDAwMDAwMDguMDAwMDAwMDA0Lip6ZmluYWwiLAp9LAplY2NvZGVzID0gewpmbiA9ICIvc2NyYXRjaDEvTkNFUERFVi9uZW1zL3JvbGUuZXBpYy9zcGFjay1z', 'SHELL': '/bin/bash', 'nghttp2_ROOT': '/scratch1/NCEPDEV/nems/role.epic/spack-stack/spack-stack-1.6.0/envs/unified-env-rocky8/install/intel/2021.5.0/nghttp2-1.57.0-kvadra7', 'DUMP_SUFFIX': '', 'FIXgsi': '/scratch1/NCEPDEV/global/glopara/CI/3745/global-workflow/fix/gsi', 'OCNRES': 500, 'MEL_BUFR': '/apps/gempak/7.17.0/extlibs/melBUFR/melbufr', 'COMROOT': '/scratch1/NCEPDEV/global/glopara/CI/3745/RUNTESTS/COMROOT', 'G2C_INC': '/scratch1/NCEPDEV/nems/role.epic/spack-stack/spack-stack-1.6.0/envs/gsi-addon-dev-fms-2024.01/install/intel/2021.5.0/g2c-1.8.0-ghlcvbx/include', 'FIXgdas': '/scratch1/NCEPDEV/global/glopara/CI/3745/global-workflow/fix/gdas', 'GRPHGD': '/home/role.glopara', 'NMV': '/bin/mv', 'FIXcice': '/scratch1/NCEPDEV/global/glopara/CI/3745/global-workflow/fix/cice', 'hdf5_ver': '1.14.0', 'G2_LIBd': '/scratch1/NCEPDEV/nems/role.epic/spack-stack/spack-stack-1.6.0/envs/unified-env-rocky8/install/intel/2021.5.0/g2-3.4.5-77xve5x/lib64/libg2_d.a', 'py_python_dateutil_ver': '2.8.2', 'CLIENT_GLOBUS_UUID': '{{ CLIENT_GLOBUS_UUID }}', 'COMINecmwf': '/scratch1/NCEPDEV/global/glopara/data/external_gempak/ecmwf', 'proj_ROOT': '/scratch1/NCEPDEV/nems/role.epic/spack-stack/spack-stack-1.6.0/envs/unified-env-rocky8/install/intel/2021.5.0/proj-9.2.1-xrx3crr', 'TOCGRIB2': '/scratch1/NCEPDEV/nems/role.epic/spack-stack/spack-stack-1.6.0/envs/gsi-addon-dev-fms-2024.01/install/intel/2021.5.0/grib-util-1.3.0-qbbcc54/bin/tocgrib2', 'restart_interval_gdas': 3, '_ModuleTable065_': 'MDAwLjAwMDAwMDAwMS4qemZpbmFsIiwKfSwKWyJweS14bHN4d3JpdGVyIl0gPSB7CmZuID0gIi9zY3JhdGNoMS9OQ0VQREVWL25lbXMvcm9sZS5lcGljL3NwYWNrLXN0YWNrL3NwYWNrLXN0YWNrLTEuNi4wL2VudnMvZ3NpLWFkZG9uLWRldi1mbXMtMjAyNC4wMS9pbnN0YWxsL21vZHVsZWZpbGVzL2ludGVsLzIwMjEuNS4wL3B5LXhsc3h3cml0ZXIvMy4xLjcubHVhIiwKZnVsbE5hbWUgPSAicHkteGxzeHdyaXRlci8zLjEuNyIsCmxvYWRPcmRlciA9IDczLApwcm9wVCA9IHt9LApyZWZfY291bnQgPSAxLApzdGFja0RlcHRoID0gMiwKc3RhdHVzID0gImFjdGl2ZSIsCnVzZXJOYW1lID0gInB5LXhsc3h3cml0ZXIvMy4xLjciLAp3ViA9ICIwMDAwMDAwMDMuMDAwMDAwMDAxLjAw', 'SDATE_GFS': datetime.datetime(2021, 3, 23, 12, 0), 'CASE': 'C48', 'SLURM_JOB_UID': 11809, '_ModuleTable_Sz_': 80, 'NMAP_RESTORE': '/apps/gempak/7.17.0/gempak/nts/nmap/restore', 'APP': 'ATM', 'DO_COUPLED': False, 'NCLEN': '/scratch1/NCEPDEV/global/glopara/CI/3745/global-workflow/ush/getncdimlen', 'COMIN_CHEM_ANALYSIS': '/scratch1/NCEPDEV/global/glopara/CI/3745/RUNTESTS/COMROOT/C48_ATM_285cc940/gfs.20210323/12//analysis/chem', '__LMOD_REF_COUNT_CPATH': '/scratch1/NCEPDEV/nems/role.epic/spack-stack/spack-stack-1.6.0/envs/unified-env-rocky8/install/intel/2021.5.0/netcdf-cxx4-4.3.1-wba23ef/include:1;/scratch1/NCEPDEV/nems/role.epic/spack-stack/spack-stack-1.6.0/envs/gsi-addon-dev-fms-2024.01/install/intel/2021.5.0/g2c-1.8.0-ghlcvbx/include:1;/scratch1/NCEPDEV/nems/role.epic/spack-stack/spack-stack-1.6.0/envs/unified-env-rocky8/install/intel/2021.5.0/libyaml-0.2.5-f3a4y3h/include:1;/scratch1/NCEPDEV/nems/role.epic/spack-stack/spack-stack-1.6.0/envs/unified-env-rocky8/install/intel/2021.5.0/wgrib2-2.0.8-nauzcdx/include:1;/scratch1/NCEPDEV/nems/role.epic/spack-stack/spack-stack-1.6.0/envs/gsi-addon-dev-fms-2024.01/install/intel/2021.5.0/bufr-11.7.0-w62mmgj/include:1;/scratch1/NCEPDEV/nems/role.epic/spack-stack/spack-stack-1.6.0/envs/unified-env-rocky8/install/intel/2021.5.0/openblas-0.3.24-o6x5uk4/include:1;/scratch1/NCEPDEV/nems/role.epic/spack-stack/spack-stack-1.6.0/envs/unified-env-rocky8/install/intel/2021.5.0/crtm-2.4.0.1-zg3ykcb/include:1;/scratch1/NCEPDEV/nems/role.epic/spack-stack/spack-stack-1.6.0/envs/unified-env-rocky8/install/intel/2021.5.0/gsi-ncdiag-1.1.2-vwq6ky5/include:1;/scratch1/NCEPDEV/nems/role.epic/spack-stack/spack-stack-1.6.0/envs/gsi-addon-dev-fms-2024.01/install/intel/2021.5.0/g2tmpl-1.13.0-xpw455u/include:1;/scratch1/NCEPDEV/nems/role.epic/spack-stack/spack-stack-1.6.0/envs/unified-env-rocky8/install/intel/2021.5.0/gsl-2.7.1-xf6mkfq/include:1;/scratch1/NCEPDEV/nems/role.epic/spack-stack/spack-stack-1.6.0/envs/unified-env-rocky8/install/intel/2021.5.0/antlr-2.7.7-3kdtvjg/include:1;/scratch1/NCEPDEV/nems/role.epic/spack-stack/spack-stack-1.6.0/envs/unified-env-rocky8/install/intel/2021.5.0/esmf-8.6.0-nnuwc5z/include:1;/scratch1/NCEPDEV/nems/role.epic/spack-stack/spack-stack-1.6.0/envs/unified-env-rocky8/install/intel/2021.5.0/parallelio-2.5.10-2wulfav/include:1;/scratch1/NCEPDEV/nems/role.epic/spack-stack/spack-stack-1.6.0/envs/unified-env-rocky8/install/intel/2021.5.0/parallel-netcdf-1.12.2-cwokdeb/include:1;/scratch1/NCEPDEV/nems/role.epic/spack-stack/spack-stack-1.6.0/envs/unified-env-rocky8/install/intel/2021.5.0/netcdf-fortran-4.6.1-ifhqcwv/include:1;/scratch1/NCEPDEV/nems/role.epic/spack-stack/spack-stack-1.6.0/envs/unified-env-rocky8/install/intel/2021.5.0/netcdf-c-4.9.2-ejp7j3k/include:1;/scratch1/NCEPDEV/nems/role.epic/spack-stack/spack-stack-1.6.0/envs/unified-env-rocky8/install/intel/2021.5.0/c-blosc-1.21.5-2lodawi/include:1;/scratch1/NCEPDEV/nems/role.epic/spack-stack/spack-stack-1.6.0/envs/unified-env-rocky8/install/intel/2021.5.0/zstd-1.5.2-ui7ilkt/include:1;/scratch1/NCEPDEV/nems/role.epic/spack-stack/spack-stack-1.6.0/envs/unified-env-rocky8/install/intel/2021.5.0/snappy-1.1.10-m42xdge/include:1;/scratch1/NCEPDEV/nems/role.epic/spack-stack/spack-stack-1.6.0/envs/unified-env-rocky8/install/intel/2021.5.0/hdf5-1.14.0-lixiejp/include:1;/scratch1/NCEPDEV/nems/role.epic/spack-stack/spack-stack-1.6.0/envs/unified-env-rocky8/install/intel/2021.5.0/cdo-2.2.0-d25j3di/include:1;/scratch1/NCEPDEV/nems/role.epic/spack-stack/spack-stack-1.6.0/envs/unified-env-rocky8/install/intel/2021.5.0/udunits-2.2.28-k3qzmyx/include:1;/scratch1/NCEPDEV/nems/role.epic/spack-stack/spack-stack-1.6.0/envs/unified-env-rocky8/install/intel/2021.5.0/proj-9.2.1-xrx3crr/include:1;/scratch1/NCEPDEV/nems/role.epic/spack-stack/spack-stack-1.6.0/envs/unified-env-rocky8/install/intel/2021.5.0/curl-8.4.0-5lex66w/include:1;/scratch1/NCEPDEV/nems/role.epic/spack-stack/spack-stack-1.6.0/envs/unified-env-rocky8/install/intel/2021.5.0/nghttp2-1.57.0-kvadra7/include:1;/scratch1/NCEPDEV/nems/role.epic/spack-stack/spack-stack-1.6.0/envs/unified-env-rocky8/install/intel/2021.5.0/fftw-3.3.10-7ud23to/include:1;/scratch1/NCEPDEV/nems/role.epic/spack-stack/spack-stack-1.6.0/envs/unified-env-rocky8/install/intel/2021.5.0/eccodes-2.32.0-vc72ssb/include:1;/scratch1/NCEPDEV/nems/role.epic/spack-stack/spack-stack-1.6.0/envs/unified-env-rocky8/install/intel/2021.5.0/openjpeg-2.3.1-zi6uhnw/include:1;/scratch1/NCEPDEV/nems/role.epic/spack-stack/spack-stack-1.6.0/envs/unified-env-rocky8/install/intel/2021.5.0/libpng-1.6.37-cha7kfi/include:1;/scratch1/NCEPDEV/nems/role.epic/spack-stack/spack-stack-1.6.0/envs/unified-env-rocky8/install/intel/2021.5.0/jasper-2.0.32-atr6lqe/include:1;/scratch1/NCEPDEV/nems/role.epic/spack-stack/spack-stack-1.6.0/envs/unified-env-rocky8/install/intel/2021.5.0/libjpeg-turbo-2.1.0-ovaykos/include:1;/scratch1/NCEPDEV/nems/role.epic/spack-stack/spack-stack-1.6.0/envs/gsi-addon-dev-fms-2024.01/install/intel/2021.5.0/python-3.11.6-b6ydksr/include:1;/scratch1/NCEPDEV/nems/role.epic/spack-stack/spack-stack-1.6.0/envs/unified-env-rocky8/install/intel/2021.5.0/util-linux-uuid-2.38.1-lsjm2vl/include:1;/scratch1/NCEPDEV/nems/role.epic/spack-stack/spack-stack-1.6.0/envs/unified-env-rocky8/install/intel/2021.5.0/sqlite-3.43.2-34hfinn/include:1;/scratch1/NCEPDEV/nems/role.epic/spack-stack/spack-stack-1.6.0/envs/unified-env-rocky8/install/intel/2021.5.0/zlib-1.2.13-eabxx4z/include:1;/scratch1/NCEPDEV/nems/role.epic/spack-stack/spack-stack-1.6.0/envs/unified-env-rocky8/install/intel/2021.5.0/libxcrypt-4.4.35-mfr2lca/include:1;/apps/oneapi/mpi/2021.5.1/include:1;/apps/gnu/gcc-9.2.0/include:1;/apps/oneapi/mkl/2022.0.2/include:1', 'COM_ICE_INPUT_TMPL': '${ROTDIR}/${RUN}.${YMD}/${HH}/${MEMDIR}/model/ice/input', 'DO_TEST_MODE': True, 'SLURM_JOB_PARTITION': 'service', 'gsi_ncdiag_ver': '1.1.2', 'COM_OCEAN_GRIB_GRID_TMPL': '${ROTDIR}/${RUN}.${YMD}/${HH}/${MEMDIR}/products/ocean/grib2/${GRID}', 'walltime': '00:30:00', 'l4densvar': True, 'pgm': '', '_ModuleTable055_': 'bGUuZXBpYy9zcGFjay1zdGFjay9zcGFjay1zdGFjay0xLjYuMC9lbnZzL2dzaS1hZGRvbi1kZXYtZm1zLTIwMjQuMDEvaW5zdGFsbC9tb2R1bGVmaWxlcy9pbnRlbC8yMDIxLjUuMC9weS1vcGVucHl4bC8zLjEuMi5sdWEiLApmdWxsTmFtZSA9ICJweS1vcGVucHl4bC8zLjEuMiIsCmxvYWRPcmRlciA9IDY5LApwcm9wVCA9IHt9LApyZWZfY291bnQgPSAxLApzdGFja0RlcHRoID0gMiwKc3RhdHVzID0gImFjdGl2ZSIsCnVzZXJOYW1lID0gInB5LW9wZW5weXhsLzMuMS4yIiwKd1YgPSAiMDAwMDAwMDAzLjAwMDAwMDAwMS4wMDAwMDAwMDIuKnpmaW5hbCIsCn0sClsicHktcGFja2FnaW5nIl0gPSB7CmZuID0gIi9zY3JhdGNoMS9OQ0VQREVWL25lbXMvcm9sZS5lcGljL3NwYWNr', 'wgrib2_ROOT': '/scratch1/NCEPDEV/nems/role.epic/spack-stack/spack-stack-1.6.0/envs/unified-env-rocky8/install/intel/2021.5.0/wgrib2-2.0.8-nauzcdx', 'SLURM_SCRIPT_CONTEXT': 'prolog_task', 'LMOD_FAMILY_COMPILER': 'intel', 'COM_WAVE_GRID_TMPL': '${ROTDIR}/${RUN}.${YMD}/${HH}/${MEMDIR}/products/wave/gridded', 'USHcfs': '/scratch1/NCEPDEV/global/glopara/git/Fit2Obs/v1.1.7/ush', '_ModuleTable018_': 'a0RlcHRoID0gMiwKc3RhdHVzID0gImFjdGl2ZSIsCnVzZXJOYW1lID0gImdpdC1sZnMvMi4xMC4wIiwKd1YgPSAiMDAwMDAwMDAyLjAwMDAwMDAxMC4qemZpbmFsIiwKfSwKZ21ha2UgPSB7CmZuID0gIi9zY3JhdGNoMS9OQ0VQREVWL25lbXMvcm9sZS5lcGljL3NwYWNrLXN0YWNrL3NwYWNrLXN0YWNrLTEuNi4wL2VudnMvZ3NpLWFkZG9uLWRldi1mbXMtMjAyNC4wMS9pbnN0YWxsL21vZHVsZWZpbGVzL2ludGVsLzIwMjEuNS4wL2dtYWtlLzMuODIubHVhIiwKZnVsbE5hbWUgPSAiZ21ha2UvMy44MiIsCmxvYWRPcmRlciA9IDU3LApwcm9wVCA9IHt9LApyZWZfY291bnQgPSAxLApzdGFja0RlcHRoID0gMiwKc3RhdHVzID0gImFjdGl2ZSIsCnVzZXJOYW1lID0gImdtYWtlLzMu', 'netcdf_fortran_ROOT': '/scratch1/NCEPDEV/nems/role.epic/spack-stack/spack-stack-1.6.0/envs/unified-env-rocky8/install/intel/2021.5.0/netcdf-fortran-4.6.1-ifhqcwv', 'spack_env': 'gsi-addon-dev-fms-2024.01', 'COMIN_ATMOS_ANALYSIS': '/scratch1/NCEPDEV/global/glopara/CI/3745/RUNTESTS/COMROOT/C48_ATM_285cc940/gfs.20210323/12//analysis/atmos', 'DO_CA': True, 'XLOCALEDIR': '/apps/spack/linux-rocky8-x86_64/gcc-13.2.0/libx11-1.8.7-sj6go6lxw5ks3tzd5epr2bcfdvnhrvxb/share/X11/locale', 'FIXfit2obs': '/scratch1/NCEPDEV/global/glopara/git/Fit2Obs/v1.1.7/fix', 'PERL5LIB': '/apps/spack/linux-rocky8-x86_64/gcc-13.2.0/perl-list-moreutils-0.430-5d2u4nxculx5nb6m6j6cb6wv3uinvm5v/lib/perl5:/apps/spack/linux-rocky8-x86_64/gcc-13.2.0/perl-list-moreutils-xs-0.430-job4ukroa5lpfunty4z4px6feczlsd4m/lib/perl5:/apps/spack/linux-rocky8-x86_64/gcc-13.2.0/perl-exporter-tiny-1.006002-yctguzt6ejx5bftcfhjblwt6jjmc5xs3/lib/perl5:/apps/spack/linux-rocky8-x86_64/gcc-13.2.0/perl-xml-libxml-2.0201-ieap64ggc6erk4kmavvmx26ouz37qcth/lib/perl5/x86_64-linux-thread-multi:/apps/spack/linux-rocky8-x86_64/gcc-13.2.0/perl-xml-sax-1.02-7mtjnrdbi26m5hl2o3pqc6is67nccupf/lib/perl5:.', 'SP_LIB8': '/scratch1/NCEPDEV/nems/role.epic/spack-stack/spack-stack-1.6.0/envs/unified-env-rocky8/install/intel/2021.5.0/sp-2.5.0-2pqzhuv/lib64/libsp_8.a', 'py_f90nml_ROOT': '/scratch1/NCEPDEV/nems/role.epic/spack-stack/spack-stack-1.6.0/envs/gsi-addon-dev-fms-2024.01/install/intel/2021.5.0/py-f90nml-1.4.3-b4vzhct', 'MAKE_NSSTBUFR': False, 'COM_OCEAN_INPUT_TMPL': '${ROTDIR}/${RUN}.${YMD}/${HH}/${MEMDIR}/model/ocean/input', 'SP_LIB4': '/scratch1/NCEPDEV/nems/role.epic/spack-stack/spack-stack-1.6.0/envs/unified-env-rocky8/install/intel/2021.5.0/sp-2.5.0-2pqzhuv/lib64/libsp_4.a', 'DATAROOT': '/scratch1/NCEPDEV/stmp2/role.glopara/RUNDIRS/C48_ATM_285cc940/gfs.2021032312', 'SLURM_JOB_USER': 'role.glopara', 'LMOD_G2TMPLVIRT_VERSION': '1.13.0', 'DO_OCN': False, '_ModuleTable035_': 'Yy80LjkuMiIsCmxvYWRPcmRlciA9IDMzLApwcm9wVCA9IHt9LApzdGFja0RlcHRoID0gMSwKc3RhdHVzID0gImFjdGl2ZSIsCnVzZXJOYW1lID0gIm5ldGNkZi1jLzQuOS4yIiwKd1YgPSAiMDAwMDAwMDA0LjAwMDAwMDAwOS4wMDAwMDAwMDIuKnpmaW5hbCIsCn0sClsibmV0Y2RmLWN4eDQiXSA9IHsKZm4gPSAiL3NjcmF0Y2gxL05DRVBERVYvbmVtcy9yb2xlLmVwaWMvc3BhY2stc3RhY2svc3BhY2stc3RhY2stMS42LjAvZW52cy9nc2ktYWRkb24tZGV2LWZtcy0yMDI0LjAxL2luc3RhbGwvbW9kdWxlZmlsZXMvaW50ZWwtb25lYXBpLW1waS8yMDIxLjUuMS9pbnRlbC8yMDIxLjUuMC9uZXRjZGYtY3h4NC80LjMuMS5sdWEiLApmdWxsTmFtZSA9ICJuZXRjZGYtY3h4NC80LjMu', 'FIXaer': '/scratch1/NCEPDEV/global/glopara/CI/3745/global-workflow/fix/aer', 'DO_GEMPAK': False, 'COMIN_OCEAN_ANALYSIS': '/scratch1/NCEPDEV/global/glopara/CI/3745/RUNTESTS/COMROOT/C48_ATM_285cc940/gfs.20210323/12//analysis/ocean', 'FHMAX_HF_WAV': 120, 'SLURM_NPROCS': 1, '_ModuleTable066_': 'MDAwMDAwNy4qemZpbmFsIiwKfSwKWyJweS14bHd0Il0gPSB7CmZuID0gIi9zY3JhdGNoMS9OQ0VQREVWL25lbXMvcm9sZS5lcGljL3NwYWNrLXN0YWNrL3NwYWNrLXN0YWNrLTEuNi4wL2VudnMvZ3NpLWFkZG9uLWRldi1mbXMtMjAyNC4wMS9pbnN0YWxsL21vZHVsZWZpbGVzL2ludGVsLzIwMjEuNS4wL3B5LXhsd3QvMS4zLjAubHVhIiwKZnVsbE5hbWUgPSAicHkteGx3dC8xLjMuMCIsCmxvYWRPcmRlciA9IDc0LApwcm9wVCA9IHt9LApyZWZfY291bnQgPSAxLApzdGFja0RlcHRoID0gMiwKc3RhdHVzID0gImFjdGl2ZSIsCnVzZXJOYW1lID0gInB5LXhsd3QvMS4zLjAiLAp3ViA9ICIwMDAwMDAwMDEuMDAwMDAwMDAzLip6ZmluYWwiLAp9LApweXRob24gPSB7CmZuID0gIi9z', 'SHLVL': 4, 'SCRIPTSfit2obs': '/scratch1/NCEPDEV/global/glopara/git/Fit2Obs/v1.1.7/scripts', 'libyaml_ROOT': '/scratch1/NCEPDEV/nems/role.epic/spack-stack/spack-stack-1.6.0/envs/unified-env-rocky8/install/intel/2021.5.0/libyaml-0.2.5-f3a4y3h', 'ENKF_SPREAD': True, 'ARCHCOM_TO': 'hpss', 'HOMEgfs': '/scratch1/NCEPDEV/global/glopara/CI/3745/global-workflow', 'SLURM_SUBMIT_HOST': 'hfe03', 'IP_LIB8': '/scratch1/NCEPDEV/nems/role.epic/spack-stack/spack-stack-1.6.0/envs/unified-env-rocky8/install/intel/2021.5.0/ip-4.3.0-ozyjvbg/lib64/libip_8.a', 'COMIN_ATMOS_OZNMON': '/scratch1/NCEPDEV/global/glopara/CI/3745/RUNTESTS/COMROOT/C48_ATM_285cc940/gfs.20210323/12//products/atmos/oznmon', 'DEBUG_POSTSCRIPT': False, 'PYTHONPATH': '/scratch1/NCEPDEV/nems/role.epic/spack-stack/spack-stack-1.6.0/envs/gsi-addon-dev-fms-2024.01/install/intel/2021.5.0/py-xarray-2023.7.0-joweppx/lib/python3.11/site-packages:/scratch1/NCEPDEV/nems/role.epic/spack-stack/spack-stack-1.6.0/envs/gsi-addon-dev-fms-2024.01/install/intel/2021.5.0/py-packaging-23.1-5gvg7qo/lib/python3.11/site-packages:/scratch1/NCEPDEV/nems/role.epic/spack-stack/spack-stack-1.6.0/envs/gsi-addon-dev-fms-2024.01/install/intel/2021.5.0/py-python-dateutil-2.8.2-3qglnj4/lib/python3.11/site-packages:/scratch1/NCEPDEV/nems/role.epic/spack-stack/spack-stack-1.6.0/envs/gsi-addon-dev-fms-2024.01/install/intel/2021.5.0/py-six-1.16.0-t54borv/lib/python3.11/site-packages:/scratch1/NCEPDEV/nems/role.epic/spack-stack/spack-stack-1.6.0/envs/gsi-addon-dev-fms-2024.01/install/intel/2021.5.0/py-pandas-1.5.3-tguwpv3/lib/python3.11/site-packages:/scratch1/NCEPDEV/nems/role.epic/spack-stack/spack-stack-1.6.0/envs/gsi-addon-dev-fms-2024.01/install/intel/2021.5.0/py-xlwt-1.3.0-5nxruci/lib/python3.11/site-packages:/scratch1/NCEPDEV/nems/role.epic/spack-stack/spack-stack-1.6.0/envs/gsi-addon-dev-fms-2024.01/install/intel/2021.5.0/py-xlsxwriter-3.1.7-7l25bnt/lib/python3.11/site-packages:/scratch1/NCEPDEV/nems/role.epic/spack-stack/spack-stack-1.6.0/envs/gsi-addon-dev-fms-2024.01/install/intel/2021.5.0/py-xlrd-2.0.1-fwxe33t/lib/python3.11/site-packages:/scratch1/NCEPDEV/nems/role.epic/spack-stack/spack-stack-1.6.0/envs/gsi-addon-dev-fms-2024.01/install/intel/2021.5.0/py-pyxlsb-1.0.10-ghdqaaw/lib/python3.11/site-packages:/scratch1/NCEPDEV/nems/role.epic/spack-stack/spack-stack-1.6.0/envs/gsi-addon-dev-fms-2024.01/install/intel/2021.5.0/py-pytz-2023.3-kkz2z3d/lib/python3.11/site-packages:/scratch1/NCEPDEV/nems/role.epic/spack-stack/spack-stack-1.6.0/envs/gsi-addon-dev-fms-2024.01/install/intel/2021.5.0/py-openpyxl-3.1.2-4tswswo/lib/python3.11/site-packages:/scratch1/NCEPDEV/nems/role.epic/spack-stack/spack-stack-1.6.0/envs/gsi-addon-dev-fms-2024.01/install/intel/2021.5.0/py-et-xmlfile-1.0.1-it6uamo/lib/python3.11/site-packages:/scratch1/NCEPDEV/nems/role.epic/spack-stack/spack-stack-1.6.0/envs/gsi-addon-dev-fms-2024.01/install/intel/2021.5.0/py-numexpr-2.8.4-uqnmadj/lib/python3.11/site-packages:/scratch1/NCEPDEV/nems/role.epic/spack-stack/spack-stack-1.6.0/envs/gsi-addon-dev-fms-2024.01/install/intel/2021.5.0/py-bottleneck-1.3.7-4itjkyr/lib/python3.11/site-packages:/scratch1/NCEPDEV/nems/role.epic/spack-stack/spack-stack-1.6.0/envs/gsi-addon-dev-fms-2024.01/install/intel/2021.5.0/py-jinja2-3.1.2-3yb4fme/lib/python3.11/site-packages:/scratch1/NCEPDEV/nems/role.epic/spack-stack/spack-stack-1.6.0/envs/gsi-addon-dev-fms-2024.01/install/intel/2021.5.0/py-markupsafe-2.1.3-clrlf2z/lib/python3.11/site-packages:/scratch1/NCEPDEV/nems/role.epic/spack-stack/spack-stack-1.6.0/envs/gsi-addon-dev-fms-2024.01/install/intel/2021.5.0/py-pyyaml-6.0-4sduut5/lib/python3.11/site-packages:/scratch1/NCEPDEV/nems/role.epic/spack-stack/spack-stack-1.6.0/envs/gsi-addon-dev-fms-2024.01/install/intel/2021.5.0/py-netcdf4-1.5.8-haeompg/lib/python3.11/site-packages:/scratch1/NCEPDEV/nems/role.epic/spack-stack/spack-stack-1.6.0/envs/gsi-addon-dev-fms-2024.01/install/intel/2021.5.0/py-cftime-1.0.3.4-4s5bg7j/lib/python3.11/site-packages:/scratch1/NCEPDEV/nems/role.epic/spack-stack/spack-stack-1.6.0/envs/gsi-addon-dev-fms-2024.01/install/intel/2021.5.0/py-f90nml-1.4.3-b4vzhct/lib/python3.11/site-packages:/scratch1/NCEPDEV/nems/role.epic/spack-stack/spack-stack-1.6.0/envs/gsi-addon-dev-fms-2024.01/install/intel/2021.5.0/bufr-11.7.0-w62mmgj/lib64/python3.11/site-packages:/scratch1/NCEPDEV/nems/role.epic/spack-stack/spack-stack-1.6.0/envs/gsi-addon-dev-fms-2024.01/install/intel/2021.5.0/bufr-11.7.0-w62mmgj/lib/python3.11/site-packages:/scratch1/NCEPDEV/nems/role.epic/spack-stack/spack-stack-1.6.0/envs/gsi-addon-dev-fms-2024.01/install/intel/2021.5.0/py-numpy-1.23.4-yrvnxwk/lib/python3.11/site-packages:/scratch1/NCEPDEV/nems/role.epic/spack-stack/spack-stack-1.6.0/envs/gsi-addon-dev-fms-2024.01/install/intel/2021.5.0/py-setuptools-63.4.3-qppw6fo/lib/python3.11/site-packages:/scratch1/NCEPDEV/global/glopara/CI/3745/global-workflow/ush:/scratch1/NCEPDEV/global/glopara/CI/3745/global-workflow/ush/python', 'MPIF77': 'mpiifort', 'SLURM_JOB_ACCOUNT': 'fv3-cpu', 'PROMPT_COMMAND': 'prompt_command', 'metplus_ver': '3.1.1', 'ACLOCAL_PATH': '/usr/share/aclocal:/scratch1/NCEPDEV/nems/role.epic/spack-stack/spack-stack-1.6.0/envs/unified-env-rocky8/install/intel/2021.5.0/gsl-2.7.1-xf6mkfq/share/aclocal:/scratch1/NCEPDEV/nems/role.epic/spack-stack/spack-stack-1.6.0/envs/unified-env-rocky8/install/intel/2021.5.0/curl-8.4.0-5lex66w/share/aclocal', 'IP_LIB4': '/scratch1/NCEPDEV/nems/role.epic/spack-stack/spack-stack-1.6.0/envs/unified-env-rocky8/install/intel/2021.5.0/ip-4.3.0-ozyjvbg/lib64/libip_4.a', 'W3EMC_LIBd': '/scratch1/NCEPDEV/nems/role.epic/spack-stack/spack-stack-1.6.0/envs/unified-env-rocky8/install/intel/2021.5.0/w3emc-2.10.0-xer6twa/lib64/libw3emc_d.a', 'netcdf_diag': True, 'DO_WAVE': False, 'MANPATH': '/apps/ImageMagick/7.1.1-11_gnu_13.2.0/share/man:/usr/share/man:/scratch1/NCEPDEV/nems/role.epic/spack-stack/spack-stack-1.6.0/envs/unified-env-rocky8/install/intel/2021.5.0/nco-5.0.6-s5fkg5v/share/man:/scratch1/NCEPDEV/nems/role.epic/spack-stack/spack-stack-1.6.0/envs/unified-env-rocky8/install/intel/2021.5.0/gsl-2.7.1-xf6mkfq/share/man:/scratch1/NCEPDEV/nems/role.epic/spack-stack/spack-stack-1.6.0/envs/unified-env-rocky8/install/intel/2021.5.0/parallel-netcdf-1.12.2-cwokdeb/share/man:/scratch1/NCEPDEV/nems/role.epic/spack-stack/spack-stack-1.6.0/envs/unified-env-rocky8/install/intel/2021.5.0/netcdf-fortran-4.6.1-ifhqcwv/share/man:/scratch1/NCEPDEV/nems/role.epic/spack-stack/spack-stack-1.6.0/envs/unified-env-rocky8/install/intel/2021.5.0/netcdf-c-4.9.2-ejp7j3k/share/man:/scratch1/NCEPDEV/nems/role.epic/spack-stack/spack-stack-1.6.0/envs/unified-env-rocky8/install/intel/2021.5.0/zstd-1.5.2-ui7ilkt/share/man:/apps/spack/linux-rocky8-x86_64/gcc-13.2.0/perl-5.38.0-yl7cdgbmiic3h7gbvdthgequuixjvuja/man:/apps/R/3.6.1/man:/scratch1/NCEPDEV/nems/role.epic/spack-stack/spack-stack-1.6.0/envs/unified-env-rocky8/install/intel/2021.5.0/proj-9.2.1-xrx3crr/share/man:/scratch1/NCEPDEV/nems/role.epic/spack-stack/spack-stack-1.6.0/envs/unified-env-rocky8/install/intel/2021.5.0/curl-8.4.0-5lex66w/share/man:/scratch1/NCEPDEV/nems/role.epic/spack-stack/spack-stack-1.6.0/envs/unified-env-rocky8/install/intel/2021.5.0/nghttp2-1.57.0-kvadra7/share/man:/scratch1/NCEPDEV/nems/role.epic/spack-stack/spack-stack-1.6.0/envs/unified-env-rocky8/install/intel/2021.5.0/fftw-3.3.10-7ud23to/share/man:/scratch1/NCEPDEV/nems/role.epic/spack-stack/spack-stack-1.6.0/envs/unified-env-rocky8/install/intel/2021.5.0/libpng-1.6.37-cha7kfi/share/man:/scratch1/NCEPDEV/nems/role.epic/spack-stack/spack-stack-1.6.0/envs/unified-env-rocky8/install/intel/2021.5.0/jasper-2.0.32-atr6lqe/share/man:/scratch1/NCEPDEV/nems/role.epic/spack-stack/spack-stack-1.6.0/envs/unified-env-rocky8/install/intel/2021.5.0/libjpeg-turbo-2.1.0-ovaykos/share/man:/apps/ncl/6.6.2-gcc-13.2.0/man:/scratch1/NCEPDEV/nems/role.epic/spack-stack/spack-stack-1.6.0/envs/gsi-addon-dev-fms-2024.01/install/intel/2021.5.0/python-3.11.6-b6ydksr/share/man:/scratch1/NCEPDEV/nems/role.epic/spack-stack/spack-stack-1.6.0/envs/unified-env-rocky8/install/intel/2021.5.0/util-linux-uuid-2.38.1-lsjm2vl/share/man:/scratch1/NCEPDEV/nems/role.epic/spack-stack/spack-stack-1.6.0/envs/unified-env-rocky8/install/intel/2021.5.0/sqlite-3.43.2-34hfinn/share/man:/scratch1/NCEPDEV/nems/role.epic/spack-stack/spack-stack-1.6.0/envs/unified-env-rocky8/install/intel/2021.5.0/zlib-1.2.13-eabxx4z/share/man:/scratch1/NCEPDEV/nems/role.epic/spack-stack/spack-stack-1.6.0/envs/unified-env-rocky8/install/intel/2021.5.0/libxcrypt-4.4.35-mfr2lca/share/man:/apps/oneapi/mpi/2021.5.1/man:/apps/oneapi/compiler/2022.0.2/documentation/en/man/common:/apps/slurm/default/share/man:/apps/lmod/lmod/share/man:/apps/local/man::', '__LMOD_REF_COUNT_CLASSPATH': '/apps/oneapi/mpi/2021.5.1/lib/mpi.jar:1', 'SLURM_EXPORT_ENV': 'NONE', 'COMIN_ICE_ANALYSIS': '/scratch1/NCEPDEV/global/glopara/CI/3745/RUNTESTS/COMROOT/C48_ATM_285cc940/gfs.20210323/12//analysis/ice', 'NET': 'gfs', 'LMOD_FAMILY_METAMPI': 'stack-intel-oneapi-mpi', 'NA_OS': 'linux64', 'CASE_ENS': '{{ CASE_ENS }}', 'nemsio_ver': '2.5.4', 'imagemagick_ver': '7.1.1-11', 'SP_LIBd': '/scratch1/NCEPDEV/nems/role.epic/spack-stack/spack-stack-1.6.0/envs/unified-env-rocky8/install/intel/2021.5.0/sp-2.5.0-2pqzhuv/lib64/libsp_d.a', 'DO_PREP_OBS_AERO': False, '_ModuleTable028_': 'NC4wMS9pbnN0YWxsL21vZHVsZWZpbGVzL2ludGVsLzIwMjEuNS4wL2xpYnBuZy8xLjYuMzcubHVhIiwKZnVsbE5hbWUgPSAibGlicG5nLzEuNi4zNyIsCmxvYWRPcmRlciA9IDE3LApwcm9wVCA9IHt9LApzdGFja0RlcHRoID0gMSwKc3RhdHVzID0gImFjdGl2ZSIsCnVzZXJOYW1lID0gImxpYnBuZy8xLjYuMzciLAp3ViA9ICIwMDAwMDAwMDEuMDAwMDAwMDA2LjAwMDAwMDAzNy4qemZpbmFsIiwKfSwKbGlieGNyeXB0ID0gewpmbiA9ICIvc2NyYXRjaDEvTkNFUERFVi9uZW1zL3JvbGUuZXBpYy9zcGFjay1zdGFjay9zcGFjay1zdGFjay0xLjYuMC9lbnZzL2dzaS1hZGRvbi1kZXYtZm1zLTIwMjQuMDEvaW5zdGFsbC9tb2R1bGVmaWxlcy9pbnRlbC8yMDIxLjUuMC9saWJ4Y3J5', 'SLURM_TRES_PER_TASK': 'cpu:1', 'intel_oneapi_mpi_ROOT': '/apps/oneapi', 'COMIN_OCEAN_GRIB': '/scratch1/NCEPDEV/global/glopara/CI/3745/RUNTESTS/COMROOT/C48_ATM_285cc940/gfs.20210323/12//products/ocean/grib2', 'INCVARS_EFOLD': 5, 'HYDRA_BOOTSTRAP': 'slurm', 'python_ver': '3.11.6', 'c_blosc_ROOT': '/scratch1/NCEPDEV/nems/role.epic/spack-stack/spack-stack-1.6.0/envs/unified-env-rocky8/install/intel/2021.5.0/c-blosc-1.21.5-2lodawi', '_ModuleTable038_': 'CnByb3BUID0ge30sCnJlZl9jb3VudCA9IDEsCnN0YWNrRGVwdGggPSA0LApzdGF0dXMgPSAiYWN0aXZlIiwKdXNlck5hbWUgPSAibmdodHRwMi8xLjU3LjAiLAp3ViA9ICIwMDAwMDAwMDEuMDAwMDAwMDU3Lip6ZmluYWwiLAp9LApvcGVuYmxhcyA9IHsKZm4gPSAiL3NjcmF0Y2gxL05DRVBERVYvbmVtcy9yb2xlLmVwaWMvc3BhY2stc3RhY2svc3BhY2stc3RhY2stMS42LjAvZW52cy9nc2ktYWRkb24tZGV2LWZtcy0yMDI0LjAxL2luc3RhbGwvbW9kdWxlZmlsZXMvaW50ZWwvMjAyMS41LjAvb3BlbmJsYXMvMC4zLjI0Lmx1YSIsCmZ1bGxOYW1lID0gIm9wZW5ibGFzLzAuMy4yNCIsCmxvYWRPcmRlciA9IDUzLApwcm9wVCA9IHt9LApyZWZfY291bnQgPSAxLApzdGFja0RlcHRo', 'LMOD_PREPEND_BLOCK': 'normal', 'DOHYBVAR_OCN': False, 'COM_ICE_GRIB_GRID_TMPL': '${ROTDIR}/${RUN}.${YMD}/${HH}/${MEMDIR}/products/ice/grib2/${GRID}', 'FHMAX_WAV_GFS': 120, 'W3EMC_LIB8': '/scratch1/NCEPDEV/nems/role.epic/spack-stack/spack-stack-1.6.0/envs/unified-env-rocky8/install/intel/2021.5.0/w3emc-2.10.0-xer6twa/lib64/libw3emc_8.a', 'CLUSTERS_DTN': '', 'MODULEPATH': '/scratch1/NCEPDEV/global/glopara/git/Fit2Obs/v1.1.7/modulefiles:/scratch1/NCEPDEV/global/glopara/git/prepobs/v1.1.0/modulefiles:/scratch1/NCEPDEV/nems/role.epic/spack-stack/spack-stack-1.6.0/envs/gsi-addon-dev-fms-2024.01/install/modulefiles/g2tmpl/1.13.0/intel/2021.5.0:/scratch1/NCEPDEV/nems/role.epic/spack-stack/spack-stack-1.6.0/envs/gsi-addon-dev-fms-2024.01/install/modulefiles/intel-oneapi-mpi/2021.5.1/intel/2021.5.0:/apps/modules/modulefamilies/intel_impi:/scratch1/NCEPDEV/nems/role.epic/spack-stack/spack-stack-1.6.0/envs/gsi-addon-dev-fms-2024.01/install/modulefiles/intel/2021.5.0:/apps/modules/modulefamilies/intel:/scratch1/NCEPDEV/nems/role.epic/spack-stack/spack-stack-1.6.0/envs/gsi-addon-dev-fms-2024.01/install/modulefiles/Core:/scratch1/NCEPDEV/global/glopara/CI/3745/global-workflow/modulefiles:/etc/scl/modulefiles:/apps/lmod/lmod/modulefiles/Core:/apps/modules/modulefiles/Linux:/apps/modules/modulefiles', 'ncl_ver': '6.6.2', 'CRTM_LIB': '/scratch1/NCEPDEV/nems/role.epic/spack-stack/spack-stack-1.6.0/envs/unified-env-rocky8/install/intel/2021.5.0/crtm-2.4.0.1-zg3ykcb/lib/libcrtm.a', 'jasper_ver': '2.0.32', 'restart_interval_gfs': 12, 'COM_ATMOS_INPUT_TMPL': '${ROTDIR}/${RUN}.${YMD}/${HH}/${MEMDIR}/model/atmos/input', 'IP_LIBd': '/scratch1/NCEPDEV/nems/role.epic/spack-stack/spack-stack-1.6.0/envs/unified-env-rocky8/install/intel/2021.5.0/ip-4.3.0-ozyjvbg/lib64/libip_d.a', 'W3EMC_LIB4': '/scratch1/NCEPDEV/nems/role.epic/spack-stack/spack-stack-1.6.0/envs/unified-env-rocky8/install/intel/2021.5.0/w3emc-2.10.0-xer6twa/lib64/libw3emc_4.a', '__LMOD_REF_COUNT_PERL5LIB': '/apps/spack/linux-rocky8-x86_64/gcc-13.2.0/perl-list-moreutils-0.430-5d2u4nxculx5nb6m6j6cb6wv3uinvm5v/lib/perl5:1;/apps/spack/linux-rocky8-x86_64/gcc-13.2.0/perl-list-moreutils-xs-0.430-job4ukroa5lpfunty4z4px6feczlsd4m/lib/perl5:1;/apps/spack/linux-rocky8-x86_64/gcc-13.2.0/perl-exporter-tiny-1.006002-yctguzt6ejx5bftcfhjblwt6jjmc5xs3/lib/perl5:1;/apps/spack/linux-rocky8-x86_64/gcc-13.2.0/perl-xml-libxml-2.0201-ieap64ggc6erk4kmavvmx26ouz37qcth/lib/perl5/x86_64-linux-thread-multi:1;/apps/spack/linux-rocky8-x86_64/gcc-13.2.0/perl-xml-sax-1.02-7mtjnrdbi26m5hl2o3pqc6is67nccupf/lib/perl5:1;.:1', 'SCRIPTScfs': '/scratch1/NCEPDEV/global/glopara/git/Fit2Obs/v1.1.7/scripts', 'SLURM_GTIDS': 0, 'LOGNAME': 'role.glopara', 'FSYNC': '/scratch1/NCEPDEV/nems/role.epic/spack-stack/spack-stack-1.6.0/envs/unified-env-rocky8/install/intel/2021.5.0/prod-util-2.1.1-4vpcrpl/bin/fsync_file', 'crtm_ver': '2.4.0.1', '__LMOD_REF_COUNT_XLOCALEDIR': '/apps/spack/linux-rocky8-x86_64/gcc-13.2.0/libx11-1.8.7-sj6go6lxw5ks3tzd5epr2bcfdvnhrvxb/share/X11/locale:1', 'GEMPDF': '/apps/gempak/7.17.0/gempak/pdf', 'COM_MED_RESTART_TMPL': '${ROTDIR}/${RUN}.${YMD}/${HH}/${MEMDIR}/model/med/restart', 'DO_CALC_INCREMENT': False, 'COM_ATMOS_OZNMON_TMPL': '${ROTDIR}/${RUN}.${YMD}/${HH}/${MEMDIR}/products/atmos/oznmon', 'netcdf_fortran_ver': '4.6.1', 'CRTM_INC': '/scratch1/NCEPDEV/nems/role.epic/spack-stack/spack-stack-1.6.0/envs/unified-env-rocky8/install/intel/2021.5.0/crtm-2.4.0.1-zg3ykcb/include', 'COM_ATMOS_WMO_TMPL': '${ROTDIR}/${RUN}.${YMD}/${HH}/${MEMDIR}/products/atmos/wmo', 'MKLROOT': '/apps/oneapi/mkl/2022.0.2', 'MODE': 'forecast-only', 'CNVGRIB': '/scratch1/NCEPDEV/nems/role.epic/spack-stack/spack-stack-1.6.0/envs/gsi-addon-dev-fms-2024.01/install/intel/2021.5.0/grib-util-1.3.0-qbbcc54/bin/cnvgrib', 'NOSCRUB': '/scratch1/NCEPDEV/global/role.glopara', 'err': 0, 'FIXgfs': '/scratch1/NCEPDEV/global/glopara/CI/3745/global-workflow/fix', 'MODULEPATH_ROOT': '/apps/modules/modulefiles', 'LMOD_PACKAGE_PATH': '/apps/lmod/etc', 'FHOUT_GOES': 3, 'COMIN_ATMOS_HISTORY': '/scratch1/NCEPDEV/global/glopara/CI/3745/RUNTESTS/COMROOT/C48_ATM_285cc940/gfs.20210323/12//model/atmos/history', 'USHgfs': '/scratch1/NCEPDEV/global/glopara/CI/3745/global-workflow/ush', 'esmf_ver': '8.6.0', 'FHOUT_HF_GFS': 1, 'SENDECF': False, 'COM_OCEAN_GRIB_TMPL': '${ROTDIR}/${RUN}.${YMD}/${HH}/${MEMDIR}/products/ocean/grib2', 'COMIN_OCEAN_NETCDF': '/scratch1/NCEPDEV/global/glopara/CI/3745/RUNTESTS/COMROOT/C48_ATM_285cc940/gfs.20210323/12//products/ocean/netcdf', 'COM_OCEAN_ANLMON_TMPL': '${ROTDIR}/${RUN}.${YMD}/${HH}/${MEMDIR}/products/ocean/anlmon', 'py_pytz_ROOT': '/scratch1/NCEPDEV/nems/role.epic/spack-stack/spack-stack-1.6.0/envs/gsi-addon-dev-fms-2024.01/install/intel/2021.5.0/py-pytz-2023.3-kkz2z3d', 'SP_INC4': 'include_4', 'gettext_ROOT': '/usr', 'PARTITION_DTN': '', '_ModuleTable025_': 'IiwKd1YgPSAiMDAwMDAyMDIyLjAwMDAwMDAwMS4wMDAwMDAwMDIuKnpmaW5hbCIsCn0sCmlwID0gewpmbiA9ICIvc2NyYXRjaDEvTkNFUERFVi9uZW1zL3JvbGUuZXBpYy9zcGFjay1zdGFjay9zcGFjay1zdGFjay0xLjYuMC9lbnZzL2dzaS1hZGRvbi1kZXYtZm1zLTIwMjQuMDEvaW5zdGFsbC9tb2R1bGVmaWxlcy9pbnRlbC8yMDIxLjUuMC9pcC80LjMuMC5sdWEiLApmdWxsTmFtZSA9ICJpcC80LjMuMCIsCmxvYWRPcmRlciA9IDQ2LApwcm9wVCA9IHt9LApyZWZfY291bnQgPSAxLApzdGFja0RlcHRoID0gMiwKc3RhdHVzID0gImFjdGl2ZSIsCnVzZXJOYW1lID0gImlwLzQuMy4wIiwKd1YgPSAiMDAwMDAwMDA0LjAwMDAwMDAwMy4qemZpbmFsIiwKfSwKamFzcGVyID0gewpm', 'py_setuptools_ROOT': '/scratch1/NCEPDEV/nems/role.epic/spack-stack/spack-stack-1.6.0/envs/gsi-addon-dev-fms-2024.01/install/intel/2021.5.0/py-setuptools-63.4.3-qppw6fo', 'DO_JEDIATMENS': False, 'SP_INC8': 'include_8', 'BUFR_INCd': '/scratch1/NCEPDEV/nems/role.epic/spack-stack/spack-stack-1.6.0/envs/gsi-addon-dev-fms-2024.01/install/intel/2021.5.0/bufr-11.7.0-w62mmgj/include/bufr_d', 'KEEPDATA': False, 'MAKE_ACFTBUFR': False, '_ModuleTable059_': 'ZHVsZWZpbGVzL2ludGVsLzIwMjEuNS4wL3B5LXB5dHovMjAyMy4zLmx1YSIsCmZ1bGxOYW1lID0gInB5LXB5dHovMjAyMy4zIiwKbG9hZE9yZGVyID0gNzAsCnByb3BUID0ge30sCnJlZl9jb3VudCA9IDEsCnN0YWNrRGVwdGggPSAyLApzdGF0dXMgPSAiYWN0aXZlIiwKdXNlck5hbWUgPSAicHktcHl0ei8yMDIzLjMiLAp3ViA9ICIwMDAwMDIwMjMuMDAwMDAwMDAzLip6ZmluYWwiLAp9LApbInB5LXB5eGxzYiJdID0gewpmbiA9ICIvc2NyYXRjaDEvTkNFUERFVi9uZW1zL3JvbGUuZXBpYy9zcGFjay1zdGFjay9zcGFjay1zdGFjay0xLjYuMC9lbnZzL2dzaS1hZGRvbi1kZXYtZm1zLTIwMjQuMDEvaW5zdGFsbC9tb2R1bGVmaWxlcy9pbnRlbC8yMDIxLjUuMC9weS1weXhsc2Iv', 'PATH': '/apps/ImageMagick/7.1.1-11_gnu_13.2.0/bin:/scratch1/NCEPDEV/nems/role.epic/spack-stack/spack-stack-1.6.0/envs/gsi-addon-dev-fms-2024.01/install/intel/2021.5.0/metplus-3.1.1-sblgwf7/ush:/scratch1/NCEPDEV/nems/role.epic/spack-stack/spack-stack-1.6.0/envs/gsi-addon-dev-fms-2024.01/install/intel/2021.5.0/met-9.1.3-comxucu/bin:/scratch1/NCEPDEV/nems/role.epic/spack-stack/spack-stack-1.6.0/envs/unified-env-rocky8/install/intel/2021.5.0/netcdf-cxx4-4.3.1-wba23ef/bin:/scratch1/NCEPDEV/nems/role.epic/spack-stack/spack-stack-1.6.0/envs/gsi-addon-dev-fms-2024.01/install/intel/2021.5.0/py-xlsxwriter-3.1.7-7l25bnt/bin:/scratch1/NCEPDEV/nems/role.epic/spack-stack/spack-stack-1.6.0/envs/gsi-addon-dev-fms-2024.01/install/intel/2021.5.0/py-xlrd-2.0.1-fwxe33t/bin:/scratch1/NCEPDEV/nems/role.epic/spack-stack/spack-stack-1.6.0/envs/gsi-addon-dev-fms-2024.01/install/intel/2021.5.0/py-netcdf4-1.5.8-haeompg/bin:/scratch1/NCEPDEV/nems/role.epic/spack-stack/spack-stack-1.6.0/envs/gsi-addon-dev-fms-2024.01/install/intel/2021.5.0/py-f90nml-1.4.3-b4vzhct/bin:/scratch1/NCEPDEV/nems/role.epic/spack-stack/spack-stack-1.6.0/envs/unified-env-rocky8/install/intel/2021.5.0/wgrib2-2.0.8-nauzcdx/bin:/scratch1/NCEPDEV/nems/role.epic/spack-stack/spack-stack-1.6.0/envs/gsi-addon-dev-fms-2024.01/install/intel/2021.5.0/bufr-11.7.0-w62mmgj/bin:/scratch1/NCEPDEV/nems/role.epic/spack-stack/spack-stack-1.6.0/envs/gsi-addon-dev-fms-2024.01/install/intel/2021.5.0/py-numpy-1.23.4-yrvnxwk/bin:/scratch1/NCEPDEV/nems/role.epic/spack-stack/spack-stack-1.6.0/envs/unified-env-rocky8/install/intel/2021.5.0/openblas-0.3.24-o6x5uk4/bin:/scratch1/NCEPDEV/nems/role.epic/spack-stack/spack-stack-1.6.0/envs/unified-env-rocky8/install/intel/2021.5.0/gsi-ncdiag-1.1.2-vwq6ky5/bin:/scratch1/NCEPDEV/nems/role.epic/spack-stack/spack-stack-1.6.0/envs/gsi-addon-dev-fms-2024.01/install/intel/2021.5.0/grib-util-1.3.0-qbbcc54/bin:/scratch1/NCEPDEV/nems/role.epic/spack-stack/spack-stack-1.6.0/envs/unified-env-rocky8/install/intel/2021.5.0/prod-util-2.1.1-4vpcrpl/bin:/scratch1/NCEPDEV/nems/role.epic/spack-stack/spack-stack-1.6.0/envs/unified-env-rocky8/install/intel/2021.5.0/nco-5.0.6-s5fkg5v/bin:/scratch1/NCEPDEV/nems/role.epic/spack-stack/spack-stack-1.6.0/envs/unified-env-rocky8/install/intel/2021.5.0/gsl-2.7.1-xf6mkfq/bin:/scratch1/NCEPDEV/nems/role.epic/spack-stack/spack-stack-1.6.0/envs/unified-env-rocky8/install/intel/2021.5.0/antlr-2.7.7-3kdtvjg/bin:/scratch1/NCEPDEV/nems/role.epic/spack-stack/spack-stack-1.6.0/envs/unified-env-rocky8/install/intel/2021.5.0/esmf-8.6.0-nnuwc5z/bin:/scratch1/NCEPDEV/nems/role.epic/spack-stack/spack-stack-1.6.0/envs/unified-env-rocky8/install/intel/2021.5.0/parallel-netcdf-1.12.2-cwokdeb/bin:/scratch1/NCEPDEV/nems/role.epic/spack-stack/spack-stack-1.6.0/envs/unified-env-rocky8/install/intel/2021.5.0/netcdf-fortran-4.6.1-ifhqcwv/bin:/scratch1/NCEPDEV/nems/role.epic/spack-stack/spack-stack-1.6.0/envs/unified-env-rocky8/install/intel/2021.5.0/netcdf-c-4.9.2-ejp7j3k/bin:/scratch1/NCEPDEV/nems/role.epic/spack-stack/spack-stack-1.6.0/envs/unified-env-rocky8/install/intel/2021.5.0/zstd-1.5.2-ui7ilkt/bin:/scratch1/NCEPDEV/nems/role.epic/spack-stack/spack-stack-1.6.0/envs/unified-env-rocky8/install/intel/2021.5.0/hdf5-1.14.0-lixiejp/bin:/apps/spack/linux-rocky8-x86_64/gcc-13.2.0/perl-5.38.0-yl7cdgbmiic3h7gbvdthgequuixjvuja/bin:/apps/R/3.6.1/bin:/scratch1/NCEPDEV/nems/role.epic/spack-stack/spack-stack-1.6.0/envs/unified-env-rocky8/install/intel/2021.5.0/cdo-2.2.0-d25j3di/bin:/scratch1/NCEPDEV/nems/role.epic/spack-stack/spack-stack-1.6.0/envs/unified-env-rocky8/install/intel/2021.5.0/udunits-2.2.28-k3qzmyx/bin:/scratch1/NCEPDEV/nems/role.epic/spack-stack/spack-stack-1.6.0/envs/unified-env-rocky8/install/intel/2021.5.0/proj-9.2.1-xrx3crr/bin:/scratch1/NCEPDEV/nems/role.epic/spack-stack/spack-stack-1.6.0/envs/unified-env-rocky8/install/intel/2021.5.0/curl-8.4.0-5lex66w/bin:/scratch1/NCEPDEV/nems/role.epic/spack-stack/spack-stack-1.6.0/envs/unified-env-rocky8/install/intel/2021.5.0/nghttp2-1.57.0-kvadra7/bin:/scratch1/NCEPDEV/nems/role.epic/spack-stack/spack-stack-1.6.0/envs/unified-env-rocky8/install/intel/2021.5.0/fftw-3.3.10-7ud23to/bin:/scratch1/NCEPDEV/nems/role.epic/spack-stack/spack-stack-1.6.0/envs/unified-env-rocky8/install/intel/2021.5.0/libpng-1.6.37-cha7kfi/bin:/scratch1/NCEPDEV/nems/role.epic/spack-stack/spack-stack-1.6.0/envs/unified-env-rocky8/install/intel/2021.5.0/jasper-2.0.32-atr6lqe/bin:/scratch1/NCEPDEV/nems/role.epic/spack-stack/spack-stack-1.6.0/envs/unified-env-rocky8/install/intel/2021.5.0/libjpeg-turbo-2.1.0-ovaykos/bin:/apps/ncl/6.6.2-gcc-13.2.0/bin:/apps/gempak/7.17.0/os/linux64/bin:/apps/gempak/7.17.0/bin:/scratch1/NCEPDEV/nems/role.epic/spack-stack/spack-stack-1.6.0/envs/gsi-addon-dev-fms-2024.01/install/intel/2021.5.0/python-3.11.6-b6ydksr/bin:/scratch1/NCEPDEV/nems/role.epic/spack-stack/spack-stack-1.6.0/envs/unified-env-rocky8/install/intel/2021.5.0/util-linux-uuid-2.38.1-lsjm2vl/bin:/scratch1/NCEPDEV/nems/role.epic/spack-stack/spack-stack-1.6.0/envs/unified-env-rocky8/install/intel/2021.5.0/sqlite-3.43.2-34hfinn/bin:/apps/oneapi/mpi/2021.5.1/libfabric/bin:/apps/oneapi/mpi/2021.5.1/bin:/apps/gnu/gcc-9.2.0/bin:/apps/oneapi/mkl/2022.0.2/bin/intel64:/apps/oneapi/compiler/2022.0.2/linux/lib/oclfpga/bin:/apps/oneapi/compiler/2022.0.2/linux/bin/intel64:/apps/oneapi/compiler/2022.0.2/linux/bin:/scratch1/NCEPDEV/global/glopara/utils/bin:/scratch1/NCEPDEV/global/glopara/utils/src/rocoto-1.3.7-dryrun/bin:/apps/slurm/archive/bin:/apps/slurm/default/bin:/apps/slurm/default/sbin:/usr/local/bin:/usr/bin:/usr/local/sbin:/usr/sbin:/apps/hpss:/apps/local/bin:/apps/local/sbin:/apps/bin:/apps/spack/usr/bin', '_ModuleTable078_': 'T2JzL3YxLjEuNy9tb2R1bGVmaWxlcyIKLCAiL3NjcmF0Y2gxL05DRVBERVYvZ2xvYmFsL2dsb3BhcmEvZ2l0L3ByZXBvYnMvdjEuMS4wL21vZHVsZWZpbGVzIgosICIvc2NyYXRjaDEvTkNFUERFVi9uZW1zL3JvbGUuZXBpYy9zcGFjay1zdGFjay9zcGFjay1zdGFjay0xLjYuMC9lbnZzL2dzaS1hZGRvbi1kZXYtZm1zLTIwMjQuMDEvaW5zdGFsbC9tb2R1bGVmaWxlcy9nMnRtcGwvMS4xMy4wL2ludGVsLzIwMjEuNS4wIgosICIvc2NyYXRjaDEvTkNFUERFVi9uZW1zL3JvbGUuZXBpYy9zcGFjay1zdGFjay9zcGFjay1zdGFjay0xLjYuMC9lbnZzL2dzaS1hZGRvbi1kZXYtZm1zLTIwMjQuMDEvaW5zdGFsbC9tb2R1bGVmaWxlcy9pbnRlbC1vbmVhcGktbXBpLzIwMjEuNS4xL2lu', 'DO_TRACKER': True, 'SLURM_JOB_ID': 11538492, '_ModuleTable014_': 'NC41IiwKd1YgPSAiMDAwMDAwMDAzLjAwMDAwMDAwNC4wMDAwMDAwMDUuKnpmaW5hbCIsCn0sCmcyYyA9IHsKZm4gPSAiL3NjcmF0Y2gxL05DRVBERVYvbmVtcy9yb2xlLmVwaWMvc3BhY2stc3RhY2svc3BhY2stc3RhY2stMS42LjAvZW52cy9nc2ktYWRkb24tZGV2LWZtcy0yMDI0LjAxL2luc3RhbGwvbW9kdWxlZmlsZXMvaW50ZWwvMjAyMS41LjAvZzJjLzEuOC4wLmx1YSIsCmZ1bGxOYW1lID0gImcyYy8xLjguMCIsCmxvYWRPcmRlciA9IDc4LApwcm9wVCA9IHt9LApyZWZfY291bnQgPSAxLApzdGFja0RlcHRoID0gMiwKc3RhdHVzID0gImFjdGl2ZSIsCnVzZXJOYW1lID0gImcyYy8xLjguMCIsCndWID0gIjAwMDAwMDAwMS4wMDAwMDAwMDguKnpmaW5hbCIsCn0sCmcydG1w', 'py_xarray_ver': '2023.7.0', '_LMFILES_': '/apps/modules/modulefiles/contrib:/apps/modules/modulefiles/intel/2022.1.2:/scratch1/NCEPDEV/nems/role.epic/spack-stack/spack-stack-1.6.0/envs/gsi-addon-dev-fms-2024.01/install/modulefiles/Core/stack-intel/2021.5.0.lua:/apps/modules/modulefamilies/intel/impi/2022.1.2:/scratch1/NCEPDEV/nems/role.epic/spack-stack/spack-stack-1.6.0/envs/gsi-addon-dev-fms-2024.01/install/modulefiles/intel/2021.5.0/stack-intel-oneapi-mpi/2021.5.1.lua:/scratch1/NCEPDEV/nems/role.epic/spack-stack/spack-stack-1.6.0/envs/gsi-addon-dev-fms-2024.01/install/modulefiles/intel/2021.5.0/gettext/0.19.8.1.lua:/scratch1/NCEPDEV/nems/role.epic/spack-stack/spack-stack-1.6.0/envs/gsi-addon-dev-fms-2024.01/install/modulefiles/intel/2021.5.0/libxcrypt/4.4.35.lua:/scratch1/NCEPDEV/nems/role.epic/spack-stack/spack-stack-1.6.0/envs/gsi-addon-dev-fms-2024.01/install/modulefiles/intel/2021.5.0/zlib/1.2.13.lua:/scratch1/NCEPDEV/nems/role.epic/spack-stack/spack-stack-1.6.0/envs/gsi-addon-dev-fms-2024.01/install/modulefiles/intel/2021.5.0/sqlite/3.43.2.lua:/scratch1/NCEPDEV/nems/role.epic/spack-stack/spack-stack-1.6.0/envs/gsi-addon-dev-fms-2024.01/install/modulefiles/intel/2021.5.0/util-linux-uuid/2.38.1.lua:/scratch1/NCEPDEV/nems/role.epic/spack-stack/spack-stack-1.6.0/envs/gsi-addon-dev-fms-2024.01/install/modulefiles/intel/2021.5.0/python/3.11.6.lua:/apps/modules/modulefiles/hpss/hpss:/apps/modules/modulefiles/gempak/7.17.0:/apps/modules/modulefiles/ncl/6.6.2:/scratch1/NCEPDEV/nems/role.epic/spack-stack/spack-stack-1.6.0/envs/gsi-addon-dev-fms-2024.01/install/modulefiles/intel/2021.5.0/libjpeg/2.1.0.lua:/scratch1/NCEPDEV/nems/role.epic/spack-stack/spack-stack-1.6.0/envs/gsi-addon-dev-fms-2024.01/install/modulefiles/intel/2021.5.0/jasper/2.0.32.lua:/scratch1/NCEPDEV/nems/role.epic/spack-stack/spack-stack-1.6.0/envs/gsi-addon-dev-fms-2024.01/install/modulefiles/intel/2021.5.0/libpng/1.6.37.lua:/scratch1/NCEPDEV/nems/role.epic/spack-stack/spack-stack-1.6.0/envs/gsi-addon-dev-fms-2024.01/install/modulefiles/intel/2021.5.0/openjpeg/2.3.1.lua:/scratch1/NCEPDEV/nems/role.epic/spack-stack/spack-stack-1.6.0/envs/gsi-addon-dev-fms-2024.01/install/modulefiles/intel/2021.5.0/eccodes/2.32.0.lua:/scratch1/NCEPDEV/nems/role.epic/spack-stack/spack-stack-1.6.0/envs/gsi-addon-dev-fms-2024.01/install/modulefiles/intel-oneapi-mpi/2021.5.1/intel/2021.5.0/fftw/3.3.10.lua:/scratch1/NCEPDEV/nems/role.epic/spack-stack/spack-stack-1.6.0/envs/gsi-addon-dev-fms-2024.01/install/modulefiles/intel/2021.5.0/nghttp2/1.57.0.lua:/scratch1/NCEPDEV/nems/role.epic/spack-stack/spack-stack-1.6.0/envs/gsi-addon-dev-fms-2024.01/install/modulefiles/intel/2021.5.0/curl/8.4.0.lua:/scratch1/NCEPDEV/nems/role.epic/spack-stack/spack-stack-1.6.0/envs/gsi-addon-dev-fms-2024.01/install/modulefiles/intel/2021.5.0/proj/9.2.1.lua:/scratch1/NCEPDEV/nems/role.epic/spack-stack/spack-stack-1.6.0/envs/gsi-addon-dev-fms-2024.01/install/modulefiles/intel/2021.5.0/udunits/2.2.28.lua:/scratch1/NCEPDEV/nems/role.epic/spack-stack/spack-stack-1.6.0/envs/gsi-addon-dev-fms-2024.01/install/modulefiles/intel-oneapi-mpi/2021.5.1/intel/2021.5.0/cdo/2.2.0.lua:/apps/modules/modulefiles/R/3.6.1:/apps/modules/modulefiles/perl/5.38.0:/scratch1/NCEPDEV/nems/role.epic/spack-stack/spack-stack-1.6.0/envs/gsi-addon-dev-fms-2024.01/install/modulefiles/intel/2021.5.0/pkg-config/0.27.1.lua:/scratch1/NCEPDEV/nems/role.epic/spack-stack/spack-stack-1.6.0/envs/gsi-addon-dev-fms-2024.01/install/modulefiles/intel-oneapi-mpi/2021.5.1/intel/2021.5.0/hdf5/1.14.0.lua:/scratch1/NCEPDEV/nems/role.epic/spack-stack/spack-stack-1.6.0/envs/gsi-addon-dev-fms-2024.01/install/modulefiles/intel/2021.5.0/snappy/1.1.10.lua:/scratch1/NCEPDEV/nems/role.epic/spack-stack/spack-stack-1.6.0/envs/gsi-addon-dev-fms-2024.01/install/modulefiles/intel/2021.5.0/zstd/1.5.2.lua:/scratch1/NCEPDEV/nems/role.epic/spack-stack/spack-stack-1.6.0/envs/gsi-addon-dev-fms-2024.01/install/modulefiles/intel/2021.5.0/c-blosc/1.21.5.lua:/scratch1/NCEPDEV/nems/role.epic/spack-stack/spack-stack-1.6.0/envs/gsi-addon-dev-fms-2024.01/install/modulefiles/intel-oneapi-mpi/2021.5.1/intel/2021.5.0/netcdf-c/4.9.2.lua:/scratch1/NCEPDEV/nems/role.epic/spack-stack/spack-stack-1.6.0/envs/gsi-addon-dev-fms-2024.01/install/modulefiles/intel-oneapi-mpi/2021.5.1/intel/2021.5.0/netcdf-fortran/4.6.1.lua:/scratch1/NCEPDEV/nems/role.epic/spack-stack/spack-stack-1.6.0/envs/gsi-addon-dev-fms-2024.01/install/modulefiles/intel-oneapi-mpi/2021.5.1/intel/2021.5.0/parallel-netcdf/1.12.2.lua:/scratch1/NCEPDEV/nems/role.epic/spack-stack/spack-stack-1.6.0/envs/gsi-addon-dev-fms-2024.01/install/modulefiles/intel-oneapi-mpi/2021.5.1/intel/2021.5.0/parallelio/2.5.10.lua:/scratch1/NCEPDEV/nems/role.epic/spack-stack/spack-stack-1.6.0/envs/gsi-addon-dev-fms-2024.01/install/modulefiles/intel-oneapi-mpi/2021.5.1/intel/2021.5.0/esmf/8.6.0.lua:/scratch1/NCEPDEV/nems/role.epic/spack-stack/spack-stack-1.6.0/envs/gsi-addon-dev-fms-2024.01/install/modulefiles/intel/2021.5.0/antlr/2.7.7.lua:/scratch1/NCEPDEV/nems/role.epic/spack-stack/spack-stack-1.6.0/envs/gsi-addon-dev-fms-2024.01/install/modulefiles/intel/2021.5.0/gsl/2.7.1.lua:/scratch1/NCEPDEV/nems/role.epic/spack-stack/spack-stack-1.6.0/envs/gsi-addon-dev-fms-2024.01/install/modulefiles/intel-oneapi-mpi/2021.5.1/intel/2021.5.0/nco/5.0.6.lua:/scratch1/NCEPDEV/nems/role.epic/spack-stack/spack-stack-1.6.0/envs/gsi-addon-dev-fms-2024.01/install/modulefiles/intel/2021.5.0/bacio/2.4.1.lua:/scratch1/NCEPDEV/nems/role.epic/spack-stack/spack-stack-1.6.0/envs/gsi-addon-dev-fms-2024.01/install/modulefiles/intel/2021.5.0/w3emc/2.10.0.lua:/scratch1/NCEPDEV/nems/role.epic/spack-stack/spack-stack-1.6.0/envs/gsi-addon-dev-fms-2024.01/install/modulefiles/intel/2021.5.0/prod_util/2.1.1.lua:/scratch1/NCEPDEV/nems/role.epic/spack-stack/spack-stack-1.6.0/envs/gsi-addon-dev-fms-2024.01/install/modulefiles/intel/2021.5.0/g2/3.4.5.lua:/scratch1/NCEPDEV/nems/role.epic/spack-stack/spack-stack-1.6.0/envs/gsi-addon-dev-fms-2024.01/install/modulefiles/intel/2021.5.0/sp/2.5.0.lua:/scratch1/NCEPDEV/nems/role.epic/spack-stack/spack-stack-1.6.0/envs/gsi-addon-dev-fms-2024.01/install/modulefiles/intel/2021.5.0/ip/4.3.0.lua:/scratch1/NCEPDEV/nems/role.epic/spack-stack/spack-stack-1.6.0/envs/gsi-addon-dev-fms-2024.01/install/modulefiles/intel/2021.5.0/grib-util/1.3.0.lua:/scratch1/NCEPDEV/nems/role.epic/spack-stack/spack-stack-1.6.0/envs/gsi-addon-dev-fms-2024.01/install/modulefiles/intel/2021.5.0/g2tmpl/1.13.0.lua:/scratch1/NCEPDEV/nems/role.epic/spack-stack/spack-stack-1.6.0/envs/gsi-addon-dev-fms-2024.01/install/modulefiles/intel-oneapi-mpi/2021.5.1/intel/2021.5.0/gsi-ncdiag/1.1.2.lua:/scratch1/NCEPDEV/nems/role.epic/spack-stack/spack-stack-1.6.0/envs/gsi-addon-dev-fms-2024.01/install/modulefiles/intel/2021.5.0/crtm-fix/2.4.0.1_emc.lua:/scratch1/NCEPDEV/nems/role.epic/spack-stack/spack-stack-1.6.0/envs/gsi-addon-dev-fms-2024.01/install/modulefiles/intel/2021.5.0/git-lfs/2.10.0.lua:/scratch1/NCEPDEV/nems/role.epic/spack-stack/spack-stack-1.6.0/envs/gsi-addon-dev-fms-2024.01/install/modulefiles/intel-oneapi-mpi/2021.5.1/intel/2021.5.0/crtm/2.4.0.1.lua:/scratch1/NCEPDEV/nems/role.epic/spack-stack/spack-stack-1.6.0/envs/gsi-addon-dev-fms-2024.01/install/modulefiles/intel/2021.5.0/openblas/0.3.24.lua:/scratch1/NCEPDEV/nems/role.epic/spack-stack/spack-stack-1.6.0/envs/gsi-addon-dev-fms-2024.01/install/modulefiles/intel/2021.5.0/py-setuptools/63.4.3.lua:/scratch1/NCEPDEV/nems/role.epic/spack-stack/spack-stack-1.6.0/envs/gsi-addon-dev-fms-2024.01/install/modulefiles/intel/2021.5.0/py-numpy/1.23.4.lua:/scratch1/NCEPDEV/nems/role.epic/spack-stack/spack-stack-1.6.0/envs/gsi-addon-dev-fms-2024.01/install/modulefiles/intel/2021.5.0/bufr/11.7.0.lua:/scratch1/NCEPDEV/nems/role.epic/spack-stack/spack-stack-1.6.0/envs/gsi-addon-dev-fms-2024.01/install/modulefiles/intel/2021.5.0/gmake/3.82.lua:/scratch1/NCEPDEV/nems/role.epic/spack-stack/spack-stack-1.6.0/envs/gsi-addon-dev-fms-2024.01/install/modulefiles/intel/2021.5.0/wgrib2/2.0.8.lua:/scratch1/NCEPDEV/nems/role.epic/spack-stack/spack-stack-1.6.0/envs/gsi-addon-dev-fms-2024.01/install/modulefiles/intel/2021.5.0/py-f90nml/1.4.3.lua:/scratch1/NCEPDEV/nems/role.epic/spack-stack/spack-stack-1.6.0/envs/gsi-addon-dev-fms-2024.01/install/modulefiles/intel/2021.5.0/py-cftime/1.0.3.4.lua:/scratch1/NCEPDEV/nems/role.epic/spack-stack/spack-stack-1.6.0/envs/gsi-addon-dev-fms-2024.01/install/modulefiles/intel-oneapi-mpi/2021.5.1/intel/2021.5.0/py-netcdf4/1.5.8.lua:/scratch1/NCEPDEV/nems/role.epic/spack-stack/spack-stack-1.6.0/envs/gsi-addon-dev-fms-2024.01/install/modulefiles/intel/2021.5.0/libyaml/0.2.5.lua:/scratch1/NCEPDEV/nems/role.epic/spack-stack/spack-stack-1.6.0/envs/gsi-addon-dev-fms-2024.01/install/modulefiles/intel/2021.5.0/py-pyyaml/6.0.lua:/scratch1/NCEPDEV/nems/role.epic/spack-stack/spack-stack-1.6.0/envs/gsi-addon-dev-fms-2024.01/install/modulefiles/intel/2021.5.0/py-markupsafe/2.1.3.lua:/scratch1/NCEPDEV/nems/role.epic/spack-stack/spack-stack-1.6.0/envs/gsi-addon-dev-fms-2024.01/install/modulefiles/intel/2021.5.0/py-jinja2/3.1.2.lua:/scratch1/NCEPDEV/nems/role.epic/spack-stack/spack-stack-1.6.0/envs/gsi-addon-dev-fms-2024.01/install/modulefiles/intel/2021.5.0/py-bottleneck/1.3.7.lua:/scratch1/NCEPDEV/nems/role.epic/spack-stack/spack-stack-1.6.0/envs/gsi-addon-dev-fms-2024.01/install/modulefiles/intel/2021.5.0/py-numexpr/2.8.4.lua:/scratch1/NCEPDEV/nems/role.epic/spack-stack/spack-stack-1.6.0/envs/gsi-addon-dev-fms-2024.01/install/modulefiles/intel/2021.5.0/py-et-xmlfile/1.0.1.lua:/scratch1/NCEPDEV/nems/role.epic/spack-stack/spack-stack-1.6.0/envs/gsi-addon-dev-fms-2024.01/install/modulefiles/intel/2021.5.0/py-openpyxl/3.1.2.lua:/scratch1/NCEPDEV/nems/role.epic/spack-stack/spack-stack-1.6.0/envs/gsi-addon-dev-fms-2024.01/install/modulefiles/intel/2021.5.0/py-pytz/2023.3.lua:/scratch1/NCEPDEV/nems/role.epic/spack-stack/spack-stack-1.6.0/envs/gsi-addon-dev-fms-2024.01/install/modulefiles/intel/2021.5.0/py-pyxlsb/1.0.10.lua:/scratch1/NCEPDEV/nems/role.epic/spack-stack/spack-stack-1.6.0/envs/gsi-addon-dev-fms-2024.01/install/modulefiles/intel/2021.5.0/py-xlrd/2.0.1.lua:/scratch1/NCEPDEV/nems/role.epic/spack-stack/spack-stack-1.6.0/envs/gsi-addon-dev-fms-2024.01/install/modulefiles/intel/2021.5.0/py-xlsxwriter/3.1.7.lua:/scratch1/NCEPDEV/nems/role.epic/spack-stack/spack-stack-1.6.0/envs/gsi-addon-dev-fms-2024.01/install/modulefiles/intel/2021.5.0/py-xlwt/1.3.0.lua:/scratch1/NCEPDEV/nems/role.epic/spack-stack/spack-stack-1.6.0/envs/gsi-addon-dev-fms-2024.01/install/modulefiles/intel/2021.5.0/py-pandas/1.5.3.lua:/scratch1/NCEPDEV/nems/role.epic/spack-stack/spack-stack-1.6.0/envs/gsi-addon-dev-fms-2024.01/install/modulefiles/intel/2021.5.0/py-six/1.16.0.lua:/scratch1/NCEPDEV/nems/role.epic/spack-stack/spack-stack-1.6.0/envs/gsi-addon-dev-fms-2024.01/install/modulefiles/intel/2021.5.0/py-python-dateutil/2.8.2.lua:/scratch1/NCEPDEV/nems/role.epic/spack-stack/spack-stack-1.6.0/envs/gsi-addon-dev-fms-2024.01/install/modulefiles/intel/2021.5.0/g2c/1.8.0.lua:/scratch1/NCEPDEV/nems/role.epic/spack-stack/spack-stack-1.6.0/envs/gsi-addon-dev-fms-2024.01/install/modulefiles/intel-oneapi-mpi/2021.5.1/intel/2021.5.0/netcdf-cxx4/4.3.1.lua:/scratch1/NCEPDEV/nems/role.epic/spack-stack/spack-stack-1.6.0/envs/gsi-addon-dev-fms-2024.01/install/modulefiles/intel-oneapi-mpi/2021.5.1/intel/2021.5.0/met/9.1.3.lua:/scratch1/NCEPDEV/nems/role.epic/spack-stack/spack-stack-1.6.0/envs/gsi-addon-dev-fms-2024.01/install/modulefiles/intel-oneapi-mpi/2021.5.1/intel/2021.5.0/metplus/3.1.1.lua:/scratch1/NCEPDEV/nems/role.epic/spack-stack/spack-stack-1.6.0/envs/gsi-addon-dev-fms-2024.01/install/modulefiles/intel/2021.5.0/py-packaging/23.1.lua:/scratch1/NCEPDEV/nems/role.epic/spack-stack/spack-stack-1.6.0/envs/gsi-addon-dev-fms-2024.01/install/modulefiles/intel/2021.5.0/py-xarray/2023.7.0.lua:/scratch1/NCEPDEV/global/glopara/git/prepobs/v1.1.0/modulefiles/prepobs/1.1.0.lua:/scratch1/NCEPDEV/global/glopara/git/Fit2Obs/v1.1.7/modulefiles/fit2obs/1.1.7.lua:/apps/modules/modulefiles/imagemagick/7.1.1-11:/scratch1/NCEPDEV/global/glopara/CI/3745/global-workflow/modulefiles/module_base.hera.lua', 'BACIO_LIB4': '/scratch1/NCEPDEV/nems/role.epic/spack-stack/spack-stack-1.6.0/envs/unified-env-rocky8/install/intel/2021.5.0/bacio-2.4.1-wqq7qmr/lib/libbacio_4.a', 'LMOD_FAMILY_G2TMPLVIRT_VERSION': '1.13.0', 'EXECgfs': '/scratch1/NCEPDEV/global/glopara/CI/3745/global-workflow/exec', 'GEMPAK': '/apps/gempak/7.17.0/gempak', 'cycle': 't12z', 'w3emc_ROOT': '/scratch1/NCEPDEV/nems/role.epic/spack-stack/spack-stack-1.6.0/envs/unified-env-rocky8/install/intel/2021.5.0/w3emc-2.10.0-xer6twa', 'LEVS': 128, 'DEBUGINFOD_URLS': 'https://debuginfod.centos.org/ ', 'pgmerr': 'errfile', 'PS4': '+ $(basename ${BASH_SOURCE[0]:-${FUNCNAME[0]:-"Unknown"}})[${LINENO}]', 'BACIO_LIB8': '/scratch1/NCEPDEV/nems/role.epic/spack-stack/spack-stack-1.6.0/envs/unified-env-rocky8/install/intel/2021.5.0/bacio-2.4.1-wqq7qmr/lib/libbacio_8.a', 'py_f90nml_ver': '1.4.3', 'EXECfit2obs': '/scratch1/NCEPDEV/global/glopara/git/Fit2Obs/v1.1.7/exec', 'perl_ver': '5.38.0', 'w3emc_ver': '2.10.0', 'BUFR_LIBd': '/scratch1/NCEPDEV/nems/role.epic/spack-stack/spack-stack-1.6.0/envs/gsi-addon-dev-fms-2024.01/install/intel/2021.5.0/bufr-11.7.0-w62mmgj/lib64/libbufr_d.so', 'BASE_GIT': '/scratch1/NCEPDEV/global/glopara/git', 'MODULESHOME': '/apps/lmod/lmod', 'COM_CHEM_ANLMON_TMPL': '${ROTDIR}/${RUN}.${YMD}/${HH}/${MEMDIR}/products/chem/anlmon', 'LMOD_SETTARG_FULL_SUPPORT': False, 'PKG_CONFIG_PATH': '/apps/ImageMagick/7.1.1-11_gnu_13.2.0/lib/pkgconfig:/scratch1/NCEPDEV/nems/role.epic/spack-stack/spack-stack-1.6.0/envs/unified-env-rocky8/install/intel/2021.5.0/netcdf-cxx4-4.3.1-wba23ef/lib/pkgconfig:/scratch1/NCEPDEV/nems/role.epic/spack-stack/spack-stack-1.6.0/envs/unified-env-rocky8/install/intel/2021.5.0/libyaml-0.2.5-f3a4y3h/lib/pkgconfig:/usr/share/pkgconfig:/usr/lib64/pkgconfig:/scratch1/NCEPDEV/nems/role.epic/spack-stack/spack-stack-1.6.0/envs/unified-env-rocky8/install/intel/2021.5.0/openblas-0.3.24-o6x5uk4/lib/pkgconfig:/scratch1/NCEPDEV/nems/role.epic/spack-stack/spack-stack-1.6.0/envs/unified-env-rocky8/install/intel/2021.5.0/gsl-2.7.1-xf6mkfq/lib/pkgconfig:/scratch1/NCEPDEV/nems/role.epic/spack-stack/spack-stack-1.6.0/envs/unified-env-rocky8/install/intel/2021.5.0/parallel-netcdf-1.12.2-cwokdeb/lib/pkgconfig:/scratch1/NCEPDEV/nems/role.epic/spack-stack/spack-stack-1.6.0/envs/unified-env-rocky8/install/intel/2021.5.0/netcdf-fortran-4.6.1-ifhqcwv/lib/pkgconfig:/scratch1/NCEPDEV/nems/role.epic/spack-stack/spack-stack-1.6.0/envs/unified-env-rocky8/install/intel/2021.5.0/netcdf-c-4.9.2-ejp7j3k/lib/pkgconfig:/scratch1/NCEPDEV/nems/role.epic/spack-stack/spack-stack-1.6.0/envs/unified-env-rocky8/install/intel/2021.5.0/c-blosc-1.21.5-2lodawi/lib64/pkgconfig:/scratch1/NCEPDEV/nems/role.epic/spack-stack/spack-stack-1.6.0/envs/unified-env-rocky8/install/intel/2021.5.0/zstd-1.5.2-ui7ilkt/lib/pkgconfig:/scratch1/NCEPDEV/nems/role.epic/spack-stack/spack-stack-1.6.0/envs/unified-env-rocky8/install/intel/2021.5.0/snappy-1.1.10-m42xdge/lib/pkgconfig:/scratch1/NCEPDEV/nems/role.epic/spack-stack/spack-stack-1.6.0/envs/unified-env-rocky8/install/intel/2021.5.0/hdf5-1.14.0-lixiejp/lib/pkgconfig:/scratch1/NCEPDEV/nems/role.epic/spack-stack/spack-stack-1.6.0/envs/unified-env-rocky8/install/intel/2021.5.0/cdo-2.2.0-d25j3di/lib/pkgconfig:/scratch1/NCEPDEV/nems/role.epic/spack-stack/spack-stack-1.6.0/envs/unified-env-rocky8/install/intel/2021.5.0/proj-9.2.1-xrx3crr/lib64/pkgconfig:/scratch1/NCEPDEV/nems/role.epic/spack-stack/spack-stack-1.6.0/envs/unified-env-rocky8/install/intel/2021.5.0/curl-8.4.0-5lex66w/lib/pkgconfig:/scratch1/NCEPDEV/nems/role.epic/spack-stack/spack-stack-1.6.0/envs/unified-env-rocky8/install/intel/2021.5.0/nghttp2-1.57.0-kvadra7/lib/pkgconfig:/scratch1/NCEPDEV/nems/role.epic/spack-stack/spack-stack-1.6.0/envs/unified-env-rocky8/install/intel/2021.5.0/fftw-3.3.10-7ud23to/lib/pkgconfig:/scratch1/NCEPDEV/nems/role.epic/spack-stack/spack-stack-1.6.0/envs/unified-env-rocky8/install/intel/2021.5.0/eccodes-2.32.0-vc72ssb/lib64/pkgconfig:/scratch1/NCEPDEV/nems/role.epic/spack-stack/spack-stack-1.6.0/envs/unified-env-rocky8/install/intel/2021.5.0/openjpeg-2.3.1-zi6uhnw/lib/pkgconfig:/scratch1/NCEPDEV/nems/role.epic/spack-stack/spack-stack-1.6.0/envs/unified-env-rocky8/install/intel/2021.5.0/libpng-1.6.37-cha7kfi/lib64/pkgconfig:/scratch1/NCEPDEV/nems/role.epic/spack-stack/spack-stack-1.6.0/envs/unified-env-rocky8/install/intel/2021.5.0/jasper-2.0.32-atr6lqe/lib64/pkgconfig:/scratch1/NCEPDEV/nems/role.epic/spack-stack/spack-stack-1.6.0/envs/unified-env-rocky8/install/intel/2021.5.0/libjpeg-turbo-2.1.0-ovaykos/lib64/pkgconfig:/scratch1/NCEPDEV/nems/role.epic/spack-stack/spack-stack-1.6.0/envs/gsi-addon-dev-fms-2024.01/install/intel/2021.5.0/python-3.11.6-b6ydksr/lib/pkgconfig:/scratch1/NCEPDEV/nems/role.epic/spack-stack/spack-stack-1.6.0/envs/unified-env-rocky8/install/intel/2021.5.0/util-linux-uuid-2.38.1-lsjm2vl/lib/pkgconfig:/scratch1/NCEPDEV/nems/role.epic/spack-stack/spack-stack-1.6.0/envs/unified-env-rocky8/install/intel/2021.5.0/sqlite-3.43.2-34hfinn/lib/pkgconfig:/scratch1/NCEPDEV/nems/role.epic/spack-stack/spack-stack-1.6.0/envs/unified-env-rocky8/install/intel/2021.5.0/zlib-1.2.13-eabxx4z/lib/pkgconfig:/scratch1/NCEPDEV/nems/role.epic/spack-stack/spack-stack-1.6.0/envs/unified-env-rocky8/install/intel/2021.5.0/libxcrypt-4.4.35-mfr2lca/lib/pkgconfig:/apps/oneapi/mpi/2021.5.1/lib/pkgconfig', 'FHOUT_OCN': 3, 'COM_ATMOS_GENESIS_TMPL': '${ROTDIR}/${RUN}.${YMD}/${HH}/${MEMDIR}/products/atmos/cyclone/genesis_vital', 'I_MPI_ROOT': '/apps/oneapi/mpi/2021.5.1', '_ModuleTable011_': 'cy0yMDI0LjAxL2luc3RhbGwvbW9kdWxlZmlsZXMvaW50ZWwtb25lYXBpLW1waS8yMDIxLjUuMS9pbnRlbC8yMDIxLjUuMC9lc21mLzguNi4wLmx1YSIsCmZ1bGxOYW1lID0gImVzbWYvOC42LjAiLApsb2FkT3JkZXIgPSAzNywKcHJvcFQgPSB7fSwKc3RhY2tEZXB0aCA9IDEsCnN0YXR1cyA9ICJhY3RpdmUiLAp1c2VyTmFtZSA9ICJlc21mLzguNi4wIiwKd1YgPSAiMDAwMDAwMDA4LjAwMDAwMDAwNi4qemZpbmFsIiwKfSwKZmZ0dyA9IHsKZm4gPSAiL3NjcmF0Y2gxL05DRVBERVYvbmVtcy9yb2xlLmVwaWMvc3BhY2stc3RhY2svc3BhY2stc3RhY2stMS42LjAvZW52cy9nc2ktYWRkb24tZGV2LWZtcy0yMDI0LjAxL2luc3RhbGwvbW9kdWxlZmlsZXMvaW50ZWwtb25lYXBpLW1w', 'IAUFHRS_ENKF': [3, 6, 9], '_ModuleTable030_': 'aWJ5YW1sLzAuMi41IiwKbG9hZE9yZGVyID0gNjIsCnByb3BUID0ge30sCnJlZl9jb3VudCA9IDEsCnN0YWNrRGVwdGggPSAyLApzdGF0dXMgPSAiYWN0aXZlIiwKdXNlck5hbWUgPSAibGlieWFtbC8wLjIuNSIsCndWID0gIjAwMDAwMDAwMC4wMDAwMDAwMDIuMDAwMDAwMDA1Lip6ZmluYWwiLAp9LAptZXQgPSB7CmZuID0gIi9zY3JhdGNoMS9OQ0VQREVWL25lbXMvcm9sZS5lcGljL3NwYWNrLXN0YWNrL3NwYWNrLXN0YWNrLTEuNi4wL2VudnMvZ3NpLWFkZG9uLWRldi1mbXMtMjAyNC4wMS9pbnN0YWxsL21vZHVsZWZpbGVzL2ludGVsLW9uZWFwaS1tcGkvMjAyMS41LjEvaW50ZWwvMjAyMS41LjAvbWV0LzkuMS4zLmx1YSIsCmZ1bGxOYW1lID0gIm1ldC85LjEuMyIsCmxvYWRP', 'SP_INCd': 'include_d', 'BUFR_INC8': '/scratch1/NCEPDEV/nems/role.epic/spack-stack/spack-stack-1.6.0/envs/gsi-addon-dev-fms-2024.01/install/intel/2021.5.0/bufr-11.7.0-w62mmgj/include/bufr_8', 'HISTSIZE': 1000, '_ModuleTable063_': 'cHRoID0gMiwKc3RhdHVzID0gImFjdGl2ZSIsCnVzZXJOYW1lID0gInB5LXNpeC8xLjE2LjAiLAp3ViA9ICIwMDAwMDAwMDEuMDAwMDAwMDE2Lip6ZmluYWwiLAp9LApbInB5LXhhcnJheSJdID0gewpmbiA9ICIvc2NyYXRjaDEvTkNFUERFVi9uZW1zL3JvbGUuZXBpYy9zcGFjay1zdGFjay9zcGFjay1zdGFjay0xLjYuMC9lbnZzL2dzaS1hZGRvbi1kZXYtZm1zLTIwMjQuMDEvaW5zdGFsbC9tb2R1bGVmaWxlcy9pbnRlbC8yMDIxLjUuMC9weS14YXJyYXkvMjAyMy43LjAubHVhIiwKZnVsbE5hbWUgPSAicHkteGFycmF5LzIwMjMuNy4wIiwKbG9hZE9yZGVyID0gODMsCnByb3BUID0ge30sCnN0YWNrRGVwdGggPSAxLApzdGF0dXMgPSAiYWN0aXZlIiwKdXNlck5hbWUgPSAicHkt', 'BUFR_INC4': '/scratch1/NCEPDEV/nems/role.epic/spack-stack/spack-stack-1.6.0/envs/gsi-addon-dev-fms-2024.01/install/intel/2021.5.0/bufr-11.7.0-w62mmgj/include/bufr_4', 'COMIN_ICE_GRIB': '/scratch1/NCEPDEV/global/glopara/CI/3745/RUNTESTS/COMROOT/C48_ATM_285cc940/gfs.20210323/12//products/ice/grib2', 'INCREMENTS_TO_ZERO': ["'liq_wat_inc'", "'icmr_inc'", "'rwmr_inc'", "'snmr_inc'", "'grle_inc'"], 'LMOD_PKG': '/apps/lmod/lmod', 'IAU_OFFSET': 0, 'DO_GENESIS_FSU': False, 'prod_util_ver': '2.1.1', 'antlr_ROOT': '/scratch1/NCEPDEV/nems/role.epic/spack-stack/spack-stack-1.6.0/envs/unified-env-rocky8/install/intel/2021.5.0/antlr-2.7.7-3kdtvjg', 'sigio_ver': '2.3.2', '_ModuleTable080_': 'cGFyYS9DSS8zNzQ1L2dsb2JhbC13b3JrZmxvdy9tb2R1bGVmaWxlcyIKLCAiL2V0Yy9zY2wvbW9kdWxlZmlsZXMiLCAiL2FwcHMvbG1vZC9sbW9kL21vZHVsZWZpbGVzL0NvcmUiCiwgIi9hcHBzL21vZHVsZXMvbW9kdWxlZmlsZXMvTGludXgiLCAiL2FwcHMvbW9kdWxlcy9tb2R1bGVmaWxlcyIsCn0sCnN5c3RlbUJhc2VNUEFUSCA9ICIvZXRjL3NjbC9tb2R1bGVmaWxlczovZXRjL3NjbC9tb2R1bGVmaWxlczovYXBwcy9sbW9kL2xtb2QvbW9kdWxlZmlsZXMvQ29yZTovYXBwcy9tb2R1bGVzL21vZHVsZWZpbGVzL0xpbnV4Oi9hcHBzL21vZHVsZXMvbW9kdWxlZmlsZXMiLAp9Cg==', '_ModuleTable045_': 'b2FkT3JkZXIgPSA0MywKcHJvcFQgPSB7fSwKc3RhY2tEZXB0aCA9IDEsCnN0YXR1cyA9ICJhY3RpdmUiLAp1c2VyTmFtZSA9ICJwcm9kX3V0aWwvMi4xLjEiLAp3ViA9ICIwMDAwMDAwMDIuMDAwMDAwMDAxLjAwMDAwMDAwMS4qemZpbmFsIiwKfSwKcHJvaiA9IHsKZm4gPSAiL3NjcmF0Y2gxL05DRVBERVYvbmVtcy9yb2xlLmVwaWMvc3BhY2stc3RhY2svc3BhY2stc3RhY2stMS42LjAvZW52cy9nc2ktYWRkb24tZGV2LWZtcy0yMDI0LjAxL2luc3RhbGwvbW9kdWxlZmlsZXMvaW50ZWwvMjAyMS41LjAvcHJvai85LjIuMS5sdWEiLApmdWxsTmFtZSA9ICJwcm9qLzkuMi4xIiwKbG9hZE9yZGVyID0gMjMsCnByb3BUID0ge30sCnJlZl9jb3VudCA9IDEsCnN0YWNrRGVwdGggPSAy', 'FHMAX_HF_GFS': 0, 'COM_WAVE_STATION_TMPL': '${ROTDIR}/${RUN}.${YMD}/${HH}/${MEMDIR}/products/wave/station', 'py_cftime_ROOT': '/scratch1/NCEPDEV/nems/role.epic/spack-stack/spack-stack-1.6.0/envs/gsi-addon-dev-fms-2024.01/install/intel/2021.5.0/py-cftime-1.0.3.4-4s5bg7j', 'COMIN_OBS': '/scratch1/NCEPDEV/global/glopara/CI/3745/RUNTESTS/COMROOT/C48_ATM_285cc940/gfs.20210323/12/obs', 'gsi_ncdiag_ROOT': '/scratch1/NCEPDEV/nems/role.epic/spack-stack/spack-stack-1.6.0/envs/unified-env-rocky8/install/intel/2021.5.0/gsi-ncdiag-1.1.2-vwq6ky5', 'COM_CONF_TMPL': '${ROTDIR}/${RUN}.${YMD}/${HH}/${MEMDIR}/conf', '_ModuleTable053_': 'cHIiXSA9IHsKZm4gPSAiL3NjcmF0Y2gxL05DRVBERVYvbmVtcy9yb2xlLmVwaWMvc3BhY2stc3RhY2svc3BhY2stc3RhY2stMS42LjAvZW52cy9nc2ktYWRkb24tZGV2LWZtcy0yMDI0LjAxL2luc3RhbGwvbW9kdWxlZmlsZXMvaW50ZWwvMjAyMS41LjAvcHktbnVtZXhwci8yLjguNC5sdWEiLApmdWxsTmFtZSA9ICJweS1udW1leHByLzIuOC40IiwKbG9hZE9yZGVyID0gNjcsCnByb3BUID0ge30sCnJlZl9jb3VudCA9IDEsCnN0YWNrRGVwdGggPSAyLApzdGF0dXMgPSAiYWN0aXZlIiwKdXNlck5hbWUgPSAicHktbnVtZXhwci8yLjguNCIsCndWID0gIjAwMDAwMDAwMi4wMDAwMDAwMDguMDAwMDAwMDA0Lip6ZmluYWwiLAp9LApbInB5LW51bXB5Il0gPSB7CmZuID0gIi9zY3Jh', 'BUFR_LIB4': '/scratch1/NCEPDEV/nems/role.epic/spack-stack/spack-stack-1.6.0/envs/gsi-addon-dev-fms-2024.01/install/intel/2021.5.0/bufr-11.7.0-w62mmgj/lib64/libbufr_4.so', 'COM_ATMOS_TRACK_TMPL': '${ROTDIR}/${RUN}.${YMD}/${HH}/${MEMDIR}/products/atmos/cyclone/tracks', 'PTMP': '/scratch1/NCEPDEV/stmp4/role.glopara', 'FHOUT_HF_WAV': 1, 'DONST': True, 'LMOD_CMD': '/apps/lmod/lmod/libexec/lmod', 'ESMFBINDIR': '/apps/spack/linux-rocky8-x86_64/gcc-13.2.0/esmf-8.2.0-75bjvvfk4df6b5t3gsy3jqgf3xjmnut2/bin', 'SCRIPTSprepobs': '/scratch1/NCEPDEV/global/glopara/git/prepobs/v1.1.0/scripts', '_ModuleTable005_': 'bi1kZXYtZm1zLTIwMjQuMDEvaW5zdGFsbC9tb2R1bGVmaWxlcy9pbnRlbC8yMDIxLjUuMC9jLWJsb3NjLzEuMjEuNS5sdWEiLApmdWxsTmFtZSA9ICJjLWJsb3NjLzEuMjEuNSIsCmxvYWRPcmRlciA9IDMyLApwcm9wVCA9IHt9LApyZWZfY291bnQgPSAxLApzdGFja0RlcHRoID0gMiwKc3RhdHVzID0gImFjdGl2ZSIsCnVzZXJOYW1lID0gImMtYmxvc2MvMS4yMS41IiwKd1YgPSAiMDAwMDAwMDAxLjAwMDAwMDAyMS4wMDAwMDAwMDUuKnpmaW5hbCIsCn0sCmNkbyA9IHsKZm4gPSAiL3NjcmF0Y2gxL05DRVBERVYvbmVtcy9yb2xlLmVwaWMvc3BhY2stc3RhY2svc3BhY2stc3RhY2stMS42LjAvZW52cy9nc2ktYWRkb24tZGV2LWZtcy0yMDI0LjAxL2luc3RhbGwvbW9kdWxlZmls', 'ens_tracker_ver': 'v1.2.0', 'BUFR_LIB8': '/scratch1/NCEPDEV/nems/role.epic/spack-stack/spack-stack-1.6.0/envs/gsi-addon-dev-fms-2024.01/install/intel/2021.5.0/bufr-11.7.0-w62mmgj/lib64/libbufr_8.so', 'STMP': '/scratch1/NCEPDEV/stmp2/role.glopara', 'SLURM_LOCALID': 0, 'python_ROOT': '/scratch1/NCEPDEV/nems/role.epic/spack-stack/spack-stack-1.6.0/envs/gsi-addon-dev-fms-2024.01/install/intel/2021.5.0/python-3.11.6-b6ydksr', 'CHGRP_RSTPROD': True, 'DBNROOT': '/scratch1/NCEPDEV/nems/role.epic/spack-stack/spack-stack-1.6.0/envs/unified-env-rocky8/install/intel/2021.5.0/prod-util-2.1.1-4vpcrpl/fakedbn', 'CVS_RSH': 'ssh', '_ModuleTable042_': 'a0RlcHRoID0gMiwKc3RhdHVzID0gImFjdGl2ZSIsCnVzZXJOYW1lID0gInBhcmFsbGVsaW8vMi41LjEwIiwKd1YgPSAiMDAwMDAwMDAyLjAwMDAwMDAwNS4wMDAwMDAwMTAuKnpmaW5hbCIsCn0sCnBlcmwgPSB7CmZuID0gIi9hcHBzL21vZHVsZXMvbW9kdWxlZmlsZXMvcGVybC81LjM4LjAiLApmdWxsTmFtZSA9ICJwZXJsLzUuMzguMCIsCmxvYWRPcmRlciA9IDI3LApwcm9wVCA9IHt9LApzdGFja0RlcHRoID0gMSwKc3RhdHVzID0gImFjdGl2ZSIsCnVzZXJOYW1lID0gInBlcmwvNS4zOC4wIiwKd1YgPSAiMDAwMDAwMDA1LjAwMDAwMDAzOC4qemZpbmFsIiwKfSwKWyJwa2ctY29uZmlnIl0gPSB7CmZuID0gIi9zY3JhdGNoMS9OQ0VQREVWL25lbXMvcm9sZS5lcGljL3NwYWNr', 'WGRIB2': 'wgrib2', 'LESSOPEN': '||/usr/bin/lesspipe.sh %s', 'OMP_NUM_THREADS': 1, '_ModuleTable020_': 'c2ktbmNkaWFnIl0gPSB7CmZuID0gIi9zY3JhdGNoMS9OQ0VQREVWL25lbXMvcm9sZS5lcGljL3NwYWNrLXN0YWNrL3NwYWNrLXN0YWNrLTEuNi4wL2VudnMvZ3NpLWFkZG9uLWRldi1mbXMtMjAyNC4wMS9pbnN0YWxsL21vZHVsZWZpbGVzL2ludGVsLW9uZWFwaS1tcGkvMjAyMS41LjEvaW50ZWwvMjAyMS41LjAvZ3NpLW5jZGlhZy8xLjEuMi5sdWEiLApmdWxsTmFtZSA9ICJnc2ktbmNkaWFnLzEuMS4yIiwKbG9hZE9yZGVyID0gNDksCnByb3BUID0ge30sCnN0YWNrRGVwdGggPSAxLApzdGF0dXMgPSAiYWN0aXZlIiwKdXNlck5hbWUgPSAiZ3NpLW5jZGlhZy8xLjEuMiIsCndWID0gIjAwMDAwMDAwMS4wMDAwMDAwMDEuMDAwMDAwMDAyLip6ZmluYWwiLAp9LApnc2wgPSB7CmZu', 'COM_OCEAN_HISTORY_TMPL': '${ROTDIR}/${RUN}.${YMD}/${HH}/${MEMDIR}/model/ocean/history', 'LMOD_FULL_SETTARG_SUPPORT': False, 'EXP_WARM_START': False, 'FHMAX_WAV': 9, 'LMOD_DIR': '/apps/lmod/lmod/libexec', 'py_openpyxl_ROOT': '/scratch1/NCEPDEV/nems/role.epic/spack-stack/spack-stack-1.6.0/envs/gsi-addon-dev-fms-2024.01/install/intel/2021.5.0/py-openpyxl-3.1.2-4tswswo', 'SCRgfs': '/scratch1/NCEPDEV/global/glopara/CI/3745/global-workflow/scripts', 'HOMEprepobs': '/scratch1/NCEPDEV/global/glopara/git/prepobs/v1.1.0', 'LMOD_FAMILY_MPI': 'impi', '_ModuleTable075_': 'LApzdGF0dXMgPSAiYWN0aXZlIiwKdXNlck5hbWUgPSAidzNlbWMvMi4xMC4wIiwKd1YgPSAiMDAwMDAwMDAyLjAwMDAwMDAxMC4qemZpbmFsIiwKfSwKd2dyaWIyID0gewpmbiA9ICIvc2NyYXRjaDEvTkNFUERFVi9uZW1zL3JvbGUuZXBpYy9zcGFjay1zdGFjay9zcGFjay1zdGFjay0xLjYuMC9lbnZzL2dzaS1hZGRvbi1kZXYtZm1zLTIwMjQuMDEvaW5zdGFsbC9tb2R1bGVmaWxlcy9pbnRlbC8yMDIxLjUuMC93Z3JpYjIvMi4wLjgubHVhIiwKZnVsbE5hbWUgPSAid2dyaWIyLzIuMC44IiwKbG9hZE9yZGVyID0gNTgsCnByb3BUID0ge30sCnN0YWNrRGVwdGggPSAxLApzdGF0dXMgPSAiYWN0aXZlIiwKdXNlck5hbWUgPSAid2dyaWIyLzIuMC44IiwKd1YgPSAiMDAwMDAwMDAy', 'fit2obs_ver': '1.1.7', 'BASH_FUNC_postamble%%': '() {  set +x;\n script="${1}";\n start_time="${2}";\n rc="${3}";\n if [[ -v \'POSTAMBLE_CMD\' ]]; then\n ${POSTAMBLE_CMD};\n fi;\n end_time=$(date +%s);\n end_time_human=$(date -d@"${end_time}" -u +%H:%M:%S);\n elapsed_sec=$((end_time - start_time));\n elapsed=$(date -d@"${elapsed_sec}" -u +%H:%M:%S);\n echo "End ${script} at ${end_time_human} with error code ${rc:-0} (time elapsed: ${elapsed})";\n exit "${rc}"\n}', 'BASH_FUNC_set_strict%%': '() {  if [[ ${STRICT:-"YES"} == "YES" ]]; then\n set -eu;\n fi\n}', 'BASH_FUNC_which%%': '() {  ( alias;\n eval ${which_declare} ) | /usr/bin/which --tty-only --read-alias --read-functions --show-tilde --show-dot $@\n}', 'BASH_FUNC_module%%': '() {  if [ -z "${LMOD_SH_DBG_ON+x}" ]; then\n case "$-" in \n *v*x*)\n __lmod_sh_dbg=\'vx\'\n ;;\n *v*)\n __lmod_sh_dbg=\'v\'\n ;;\n *x*)\n __lmod_sh_dbg=\'x\'\n ;;\n esac;\n fi;\n if [ -n "${__lmod_sh_dbg:-}" ]; then\n set +$__lmod_sh_dbg;\n echo "Shell debugging temporarily silenced: export LMOD_SH_DBG_ON=1 for Lmod\'s output" 1>&2;\n fi;\n eval "$($LMOD_CMD shell "$@")" && eval "$(${LMOD_SETTARG_CMD:-:} -s sh)";\n __lmod_my_status=$?;\n if [ -n "${__lmod_sh_dbg:-}" ]; then\n echo "Shell debugging restarted" 1>&2;\n set -$__lmod_sh_dbg;\n fi;\n unset __lmod_sh_dbg;\n return $__lmod_my_status\n}', 'BASH_FUNC_set_trace%%': '() {  if [[ ${TRACE:-"YES"} == "YES" ]]; then\n set -x;\n fi\n}', 'BASH_FUNC_declare_from_tmpl%%': '() {  if [[ ${DEBUG_WORKFLOW:-"NO"} == "NO" ]]; then\n set +x;\n fi;\n local opts="-g";\n local OPTIND=1;\n while getopts "rx" option; do\n opts="${opts}${option}";\n done;\n shift $((OPTIND-1));\n for input in "$@";\n do\n IFS=\':\' read -ra args <<< "${input}";\n local com_var="${args[0]}";\n local template;\n local value;\n if (( ${#args[@]} > 1 )); then\n template="${args[1]}";\n else\n template="${com_var}_TMPL";\n fi;\n if [[ ! -v "${template}" ]]; then\n echo "FATAL ERROR in declare_from_tmpl: Requested template ${template} not defined!";\n exit 2;\n fi;\n value=$(echo "${!template}" | envsubst);\n declare ${opts} "${com_var}"="${value}";\n echo "declare_from_tmpl :: ${com_var}=${value}";\n done;\n set_trace\n}', 'BASH_FUNC_wait_for_file%%': '() {  set +x;\n local file_name=${1:?"wait_for_file() requires a file name"};\n local sleep_interval=${2:-60};\n local max_tries=${3:-100};\n for ((iter=0; iter<max_tries; iter++ ))\n do\n if [[ -r ${file_name} ]]; then\n set_trace;\n return 0;\n fi;\n sleep "${sleep_interval}";\n done;\n set_trace;\n return 1\n}', 'BASH_FUNC_scl%%': '() {  if [ "$1" = "load" -o "$1" = "unload" ]; then\n eval "module $@";\n else\n /usr/bin/scl "$@";\n fi\n}', 'BASH_FUNC_err_exit%%': ['() {  set +eux;\n msg1=${*:-Job ${jobid} failed};\n if [[ -n "${pgm}" ]]; then\n msg1+="', 'ERROR IN ${pgm}";\n fi;\n if [[ -n "${err}" ]]; then\n msg1+=" RETURN CODE ${err}";\n fi;\n msg2="\n    -------------------------------------------------------------\n    -- FATAL ERROR: ${msg1}\n    -- ABNORMAL EXIT at $(date) on ${HOSTNAME}\n    -------------------------------------------------------------\n    ";\n echo "${msg2}" 1>&2;\n module list;\n echo "" 1>&2;\n echo "${msg1}" 1>&2;\n if [[ -n "${DATA}" ]]; then\n echo "${DATA}" 1>&2;\n ls -ltr "${DATA}" 1>&2;\n else\n echo "WARNING: DATA variable not defined" 1>&2;\n fi;\n if [[ -n "${pgmout}" ]]; then\n if [[ -s errfile ]]; then\n echo "----- contents of errfile -----" >> "${pgmout}";\n cat errfile >> "${pgmout}";\n fi;\n cat "${pgmout}" 1>&2;\n else\n if [[ -s errfile ]]; then\n cat errfile 1>&2;\n fi;\n fi;\n if [[ "${SENDECF}" = "YES" ]]; then\n timeout 30 ecflow_client --msg "${ECF_NAME}: ${msg1}";\n timeout 30 ssh "${ECF_HOST}" "echo \\"${msg}2\\" >> ${ECF_JOBOUT:?}";\n fi;\n if [[ "${SENDECF}" = "YES" ]]; then\n ecflow_client --kill="${ECF_NAME:?}";\n fi;\n if [[ -n "${PBS_JOBID}" ]]; then\n qdel "${PBS_JOBID}";\n else\n if [[ -n "${SLURM_JOB_ID}" ]]; then\n scancel "${SLURM_JOB_ID}";\n fi;\n fi\n}'], 'BASH_FUNC_ml%%': '() {  eval "$($LMOD_DIR/ml_cmd "$@")"\n}', '_': '/scratch1/NCEPDEV/global/glopara/CI/3745/global-workflow/scripts/exglobal_archive_tars.py', 'LC_CTYPE': 'C.UTF-8'} )[0m
[38;5;39m2025-06-02 22:07:20,636 - DEBUG    - task        : current cycle: 2021-03-23 12:00:00[0m
[38;5;39m2025-06-02 22:07:20,636 - DEBUG    - task        : previous cycle: 2021-03-23 06:00:00[0m
[38;21m2025-06-02 22:07:20,636 - INFO     - archive     : BEGIN: pygfs.task.archive._gen_relative_paths[0m
[38;5;39m2025-06-02 22:07:20,636 - DEBUG    - archive     : ( <pygfs.task.archive.Archive object at 0x150c415af950>, '/scratch1/NCEPDEV/global/glopara/CI/3745/RUNTESTS/COMROOT/C48_ATM_285cc940/' )[0m
[38;21m2025-06-02 22:07:20,636 - INFO     - archive     :   END: pygfs.task.archive._gen_relative_paths[0m
[38;5;39m2025-06-02 22:07:20,636 - DEBUG    - archive     :  returning: {'n_wave_grid_dir': 'gfs.20210323/12//products/wave/gridded', 'n_ocean_restart_dir': 'gfs.20210323/12//model/ocean/restart', 'comout_conf_dir': 'gfs.20210323/12//conf', 'n_atmos_genesis_dir': 'gfs.20210323/12//products/atmos/cyclone/genesis_vital', 'n_chem_history_dir': 'gfs.20210323/12//model/chem/history', 'n_atmos_input_dir': 'gfs.20210323/12//model/atmos/input', 'n_ocean_history_dir': 'gfs.20210323/12//model/ocean/history', 'n_top_dir': 'gfs.20210323/12', 'n_atmos_gempak_dir': 'gfs.20210323/12//products/atmos/gempak/', 'n_wave_station_dir': 'gfs.20210323/12//products/wave/station', 'n_atmos_restart_dir': 'gfs.20210323/12//model/atmos/restart', 'n_conf_dir': 'gfs.20210323/12//conf', 'n_atmos_radmon_dir': 'gfs.20210323/12//products/atmos/radmon', 'n_atmos_grib_0p50_dir': 'gfs.20210323/12//products/atmos/grib2/0p50', 'n_ice_history_dir': 'gfs.20210323/12//model/ice/history', 'n_snow_analysis_dir': 'gfs.20210323/12//analysis/snow', 'n_atmos_bufr_dir': 'gfs.20210323/12//products/atmos/bufr', 'n_med_restart_dir': 'gfs.20210323/12//model/med/restart', 'n_wave_restart_dir': 'gfs.20210323/12//model/wave/restart', 'n_ice_bmatrix_dir': 'gfs.20210323/12//bmatrix/ice', 'n_atmos_master_dir': 'gfs.20210323/12//model/atmos/master', 'n_atmos_grib_0p25_dir': 'gfs.20210323/12//products/atmos/grib2/0p25', 'n_ice_restart_dir': 'gfs.20210323/12//model/ice/restart', 'n_wave_history_dir': 'gfs.20210323/12//model/wave/history', 'n_atmos_track_dir': 'gfs.20210323/12//products/atmos/cyclone/tracks', 'n_atmos_minmon_dir': 'gfs.20210323/12//products/atmos/minmon', 'n_ocean_bmatrix_dir': 'gfs.20210323/12//bmatrix/ocean', 'comout_atmos_track_dir': 'gfs.20210323/12//products/atmos/cyclone/tracks', 'n_ice_input_dir': 'gfs.20210323/12//model/ice/input', 'n_atmos_grib_1p00_dir': 'gfs.20210323/12//products/atmos/grib2/1p00', 'n_atmos_wmo_dir': 'gfs.20210323/12//products/atmos/wmo', 'n_chem_analysis_dir': 'gfs.20210323/12//analysis/chem', 'n_atmos_analysis_dir': 'gfs.20210323/12//analysis/atmos', 'n_ocean_analysis_dir': 'gfs.20210323/12//analysis/ocean', 'n_atmos_oznmon_dir': 'gfs.20210323/12//products/atmos/oznmon', 'n_ice_analysis_dir': 'gfs.20210323/12//analysis/ice', 'n_ocean_grib_dir': 'gfs.20210323/12//products/ocean/grib2', 'n_atmos_history_dir': 'gfs.20210323/12//model/atmos/history', 'n_ocean_netcdf_dir': 'gfs.20210323/12//products/ocean/netcdf', 'n_ice_grib_dir': 'gfs.20210323/12//products/ice/grib2', 'n_obs_dir': 'gfs.20210323/12/obs'}[0m
[38;21m2025-06-02 22:07:20,638 - INFO     - archive     :   END: Archive.__init__[0m
[38;5;39m2025-06-02 22:07:20,638 - DEBUG    - archive     :  returning: None[0m
[38;5;226m2025-06-02 22:07:20,638 - WARNING  - root        : WARNING: key (ARCH_WARMICFREQ) not found in task_config![0m
[38;5;226m2025-06-02 22:07:20,638 - WARNING  - root        : WARNING: key (ARCH_FCSTICFREQ) not found in task_config![0m
[38;5;226m2025-06-02 22:07:20,638 - WARNING  - root        : WARNING: key (ARCH_CYC) not found in task_config![0m
[38;5;226m2025-06-02 22:07:20,638 - WARNING  - root        : WARNING: key (ARCH_GAUSSIAN) not found in task_config![0m
[38;5;226m2025-06-02 22:07:20,638 - WARNING  - root        : WARNING: key (ARCH_GAUSSIAN_FHMAX) not found in task_config![0m
[38;5;226m2025-06-02 22:07:20,638 - WARNING  - root        : WARNING: key (ARCH_GAUSSIAN_FHINC) not found in task_config![0m
[38;5;226m2025-06-02 22:07:20,638 - WARNING  - root        : WARNING: key (ARCH_GAUSSIAN_FHINC) not found in task_config![0m
[38;5;226m2025-06-02 22:07:20,638 - WARNING  - root        : WARNING: key (ARCH_EXPDIR) not found in task_config![0m
[38;5;226m2025-06-02 22:07:20,638 - WARNING  - root        : WARNING: key (ARCH_EXPDIR_FREQ) not found in task_config![0m
[38;5;226m2025-06-02 22:07:20,639 - WARNING  - root        : WARNING: key (ARCH_HASHES) not found in task_config![0m
[38;5;226m2025-06-02 22:07:20,639 - WARNING  - root        : WARNING: key (ARCH_DIFFS) not found in task_config![0m
[38;5;226m2025-06-02 22:07:20,639 - WARNING  - root        : WARNING: key (DATASETS_YAML) not found in task_config![0m
[38;5;226m2025-06-02 22:07:20,639 - WARNING  - root        : WARNING: key (WAVE_OUT_GRIDS) not found in task_config![0m
[38;21m2025-06-02 22:07:20,639 - INFO     - archive     : BEGIN: pygfs.task.archive.configure_tars[0m
[38;5;39m2025-06-02 22:07:20,639 - DEBUG    - archive     : ( <pygfs.task.archive.Archive object at 0x150c415af950>, {'ATARDIR': '/NCEPDEV/emc-global/1year/role.glopara/HERA/scratch/C48_ATM_285cc940', 'current_cycle': datetime.datetime(2021, 3, 23, 12, 0), 'FHMIN': 0, 'FHMAX': 9, 'FHOUT': 3, 'RUN': 'gfs', 'PDY': datetime.datetime(2021, 3, 23, 0, 0), 'DO_VERFRAD': True, 'DO_VMINMON': True, 'DO_VERFOZN': True, 'DO_ICE': False, 'DO_PREP_OBS_AERO': False, 'PARMgfs': '/scratch1/NCEPDEV/global/glopara/CI/3745/global-workflow/parm', 'DO_OCN': False, 'DO_WAVE': False, 'WRITE_DOPOST': True, 'PSLOT': 'C48_ATM_285cc940', 'DO_JEDISNOWDA': False, 'DO_ARCHCOM': True, 'ARCHCOM_TO': 'hpss', 'ROTDIR': '/scratch1/NCEPDEV/global/glopara/CI/3745/RUNTESTS/COMROOT/C48_ATM_285cc940', 'ARCH_WARMICFREQ': None, 'ARCH_FCSTICFREQ': None, 'ARCH_CYC': None, 'assim_freq': 6, 'ARCDIR': '/scratch1/NCEPDEV/global/role.glopara/archive/C48_ATM_285cc940', 'SDATE': datetime.datetime(2021, 3, 23, 12, 0), 'FHMIN_GFS': 0, 'FHMAX_GFS': 120, 'FHOUT_GFS': 3, 'ARCH_GAUSSIAN': None, 'MODE': 'forecast-only', 'FHOUT_OCN': 3, 'FHOUT_ICE': 3, 'FHOUT_OCN_GFS': 6, 'FHOUT_ICE_GFS': 6, 'DO_BUFRSND': False, 'DOHYBVAR': '{{ DOHYBVAR }}', 'ARCH_GAUSSIAN_FHMAX': None, 'ARCH_GAUSSIAN_FHINC': None, 'DOIAU': True, 'OCNRES': '500', 'ICERES': '500', 'NUM_SND_COLLECTIVES': 9, 'FHOUT_WAV': 3, 'FHOUT_HF_WAV': 1, 'FHMAX_WAV': 9, 'FHMAX_HF_WAV': 120, 'FHMAX_WAV_GFS': 120, 'restart_interval_gdas': 3, 'restart_interval_gfs': 12, 'DO_AERO_ANL': False, 'DO_AERO_FCST': False, 'DO_CA': True, 'DOIBP_WAV': False, 'DO_JEDIOCNVAR': False, 'DOHYBVAR_OCN': False, 'DOLETKF_OCN': False, 'NMEM_ENS': 0, 'DO_JEDIATMVAR': False, 'FHMAX_FITS': 120, 'waveGRD': 'uglo_100km', 'IAUFHRS': [6], 'DO_FIT2OBS': True, 'NET': 'gfs', 'FHOUT_HF_GFS': 1, 'FHMAX_HF_GFS': 0, 'REPLAY_ICS': False, 'OFFSET_START_HOUR': 0, 'ARCH_EXPDIR': None, 'EXPDIR': '/scratch1/NCEPDEV/global/glopara/CI/3745/RUNTESTS/EXPDIR/C48_ATM_285cc940', 'ARCH_EXPDIR_FREQ': None, 'ARCH_HASHES': None, 'ARCH_DIFFS': None, 'EDATE': datetime.datetime(2021, 3, 23, 12, 0), 'HOMEgfs': '/scratch1/NCEPDEV/global/glopara/CI/3745/global-workflow', 'DO_GEMPAK': False, 'DATASETS_YAML': None, 'WAVE_OUT_GRIDS': None, 'COMIN_WAVE_GRID': '/scratch1/NCEPDEV/global/glopara/CI/3745/RUNTESTS/COMROOT/C48_ATM_285cc940/gfs.20210323/12//products/wave/gridded', 'COMIN_OCEAN_RESTART': '/scratch1/NCEPDEV/global/glopara/CI/3745/RUNTESTS/COMROOT/C48_ATM_285cc940/gfs.20210323/12//model/ocean/restart', 'COMOUT_CONF': '/scratch1/NCEPDEV/global/glopara/CI/3745/RUNTESTS/COMROOT/C48_ATM_285cc940/gfs.20210323/12//conf', 'COM_SNOW_ANALYSIS_TMPL': '${ROTDIR}/${RUN}.${YMD}/${HH}/${MEMDIR}/analysis/snow', 'COMIN_ATMOS_GENESIS': '/scratch1/NCEPDEV/global/glopara/CI/3745/RUNTESTS/COMROOT/C48_ATM_285cc940/gfs.20210323/12//products/atmos/cyclone/genesis_vital', 'COM_ATMOS_RADMON_TMPL': '${ROTDIR}/${RUN}.${YMD}/${HH}/${MEMDIR}/products/atmos/radmon', 'COM_ICE_GRIB_TMPL': '${ROTDIR}/${RUN}.${YMD}/${HH}/${MEMDIR}/products/ice/grib2', 'COM_RTOFS_TMPL': '${DMPDIR}', 'COM_ATMOS_GRIB_GRID_TMPL': '${ROTDIR}/${RUN}.${YMD}/${HH}/${MEMDIR}/products/atmos/grib2/${GRID}', 'COMIN_CHEM_HISTORY': '/scratch1/NCEPDEV/global/glopara/CI/3745/RUNTESTS/COMROOT/C48_ATM_285cc940/gfs.20210323/12//model/chem/history', 'COMIN_ATMOS_INPUT': '/scratch1/NCEPDEV/global/glopara/CI/3745/RUNTESTS/COMROOT/C48_ATM_285cc940/gfs.20210323/12//model/atmos/input', 'COM_ICE_RESTART_TMPL': '${ROTDIR}/${RUN}.${YMD}/${HH}/${MEMDIR}/model/ice/restart', 'COM_ICE_ANLMON_TMPL': '${ROTDIR}/${RUN}.${YMD}/${HH}/${MEMDIR}/products/ice/anlmon', 'COM_SNOW_ANLMON_TMPL': '${ROTDIR}/${RUN}.${YMD}/${HH}/${MEMDIR}/products/snow/anlmon', 'COMIN_OCEAN_HISTORY': '/scratch1/NCEPDEV/global/glopara/CI/3745/RUNTESTS/COMROOT/C48_ATM_285cc940/gfs.20210323/12//model/ocean/history', 'COM_ICE_NETCDF_TMPL': '${ROTDIR}/${RUN}.${YMD}/${HH}/${MEMDIR}/products/ice/netcdf', 'COMIN_TOP': '/scratch1/NCEPDEV/global/glopara/CI/3745/RUNTESTS/COMROOT/C48_ATM_285cc940/gfs.20210323/12', 'COM_ATMOS_GRIB_TMPL': '${ROTDIR}/${RUN}.${YMD}/${HH}/${MEMDIR}/products/atmos/grib2', 'COM_ICE_LETKF_TMPL': '${ROTDIR}/${RUN}.${YMD}/${HH}/${MEMDIR}/analysis/ice/letkf', 'COM_WAVE_RESTART_TMPL': '${ROTDIR}/${RUN}.${YMD}/${HH}/${MEMDIR}/model/wave/restart', 'COM_ATMOS_RESTART_TMPL': '${ROTDIR}/${RUN}.${YMD}/${HH}/${MEMDIR}/model/atmos/restart', 'COM_ATMOS_BUFR_TMPL': '${ROTDIR}/${RUN}.${YMD}/${HH}/${MEMDIR}/products/atmos/bufr', 'COM_WAVE_PREP_TMPL': '${ROTDIR}/${RUN}.${YMD}/${HH}/${MEMDIR}/model/wave/prep', 'COMIN_ATMOS_GEMPAK': '/scratch1/NCEPDEV/global/glopara/CI/3745/RUNTESTS/COMROOT/C48_ATM_285cc940/gfs.20210323/12//products/atmos/gempak/', 'COM_CHEM_HISTORY_TMPL': '${ROTDIR}/${RUN}.${YMD}/${HH}/${MEMDIR}/model/chem/history', 'COM_OBSPROC_TMPL': '${DMPDIR}/${RUN}${DUMP_SUFFIX}.${YMD}/${HH}/atmos', 'COMIN_WAVE_STATION': '/scratch1/NCEPDEV/global/glopara/CI/3745/RUNTESTS/COMROOT/C48_ATM_285cc940/gfs.20210323/12//products/wave/station', 'COM_OBS_JEDI': '${ROTDIR}/${RUN}.${YMD}/${HH}/${MEMDIR}/obs_jedi', 'COMIN_ATMOS_RESTART': '/scratch1/NCEPDEV/global/glopara/CI/3745/RUNTESTS/COMROOT/C48_ATM_285cc940/gfs.20210323/12//model/atmos/restart', 'COM_WAVE_GEMPAK_TMPL': '${ROTDIR}/${RUN}.${YMD}/${HH}/${MEMDIR}/products/wave/gempak', 'COM_OCEAN_LETKF_TMPL': '${ROTDIR}/${RUN}.${YMD}/${HH}/${MEMDIR}/analysis/ocean/letkf', 'COMIN_CONF': '/scratch1/NCEPDEV/global/glopara/CI/3745/RUNTESTS/COMROOT/C48_ATM_285cc940/gfs.20210323/12//conf', 'COMIN_ATMOS_RADMON': '/scratch1/NCEPDEV/global/glopara/CI/3745/RUNTESTS/COMROOT/C48_ATM_285cc940/gfs.20210323/12//products/atmos/radmon', 'COM_ICE_ANALYSIS_TMPL': '${ROTDIR}/${RUN}.${YMD}/${HH}/${MEMDIR}/analysis/ice', 'COMIN_ATMOS_GRIB_0p50': '/scratch1/NCEPDEV/global/glopara/CI/3745/RUNTESTS/COMROOT/C48_ATM_285cc940/gfs.20210323/12//products/atmos/grib2/0p50', 'COMIN_ICE_HISTORY': '/scratch1/NCEPDEV/global/glopara/CI/3745/RUNTESTS/COMROOT/C48_ATM_285cc940/gfs.20210323/12//model/ice/history', 'COMIN_SNOW_ANALYSIS': '/scratch1/NCEPDEV/global/glopara/CI/3745/RUNTESTS/COMROOT/C48_ATM_285cc940/gfs.20210323/12//analysis/snow', 'COM_ATMOS_ANLMON_TMPL': '${ROTDIR}/${RUN}.${YMD}/${HH}/${MEMDIR}/products/atmos/anlmon', 'COMIN_ATMOS_BUFR': '/scratch1/NCEPDEV/global/glopara/CI/3745/RUNTESTS/COMROOT/C48_ATM_285cc940/gfs.20210323/12//products/atmos/bufr', 'COM_CHEM_BMAT_TMPL': '${ROTDIR}/${RUN}.${YMD}/${HH}/${MEMDIR}/analysis/chem/bmatrix', 'COM_WAVE_HISTORY_TMPL': '${ROTDIR}/${RUN}.${YMD}/${HH}/${MEMDIR}/model/wave/history', 'COMIN_MED_RESTART': '/scratch1/NCEPDEV/global/glopara/CI/3745/RUNTESTS/COMROOT/C48_ATM_285cc940/gfs.20210323/12//model/med/restart', 'COMIN_WAVE_RESTART': '/scratch1/NCEPDEV/global/glopara/CI/3745/RUNTESTS/COMROOT/C48_ATM_285cc940/gfs.20210323/12//model/wave/restart', 'COMIN_ICE_BMATRIX': '/scratch1/NCEPDEV/global/glopara/CI/3745/RUNTESTS/COMROOT/C48_ATM_285cc940/gfs.20210323/12//bmatrix/ice', 'COM_OBS_TMPL': '${ROTDIR}/${RUN}.${YMD}/${HH}/obs', 'COM_ATMOS_ANALYSIS_TMPL': '${ROTDIR}/${RUN}.${YMD}/${HH}/${MEMDIR}/analysis/atmos', 'COM_WAVE_WMO_TMPL': '${ROTDIR}/${RUN}.${YMD}/${HH}/${MEMDIR}/products/wave/wmo', 'COM_ATMOS_MASTER_TMPL': '${ROTDIR}/${RUN}.${YMD}/${HH}/${MEMDIR}/model/atmos/master', 'COMIN_ATMOS_MASTER': '/scratch1/NCEPDEV/global/glopara/CI/3745/RUNTESTS/COMROOT/C48_ATM_285cc940/gfs.20210323/12//model/atmos/master', 'COMIN_ATMOS_GRIB_0p25': '/scratch1/NCEPDEV/global/glopara/CI/3745/RUNTESTS/COMROOT/C48_ATM_285cc940/gfs.20210323/12//products/atmos/grib2/0p25', 'COM_ICE_HISTORY_TMPL': '${ROTDIR}/${RUN}.${YMD}/${HH}/${MEMDIR}/model/ice/history', 'COM_OCEAN_RESTART_TMPL': '${ROTDIR}/${RUN}.${YMD}/${HH}/${MEMDIR}/model/ocean/restart', 'COM_ICE_BMATRIX_TMPL': '${ROTDIR}/${RUN}.${YMD}/${HH}/${MEMDIR}/bmatrix/ice', 'COM_ATMOS_GEMPAK_TMPL': '${ROTDIR}/${RUN}.${YMD}/${HH}/${MEMDIR}/products/atmos/gempak/${GRID}', 'COM_TOP_TMPL': '${ROTDIR}/${RUN}.${YMD}/${HH}', 'COM_OCEAN_NETCDF_TMPL': '${ROTDIR}/${RUN}.${YMD}/${HH}/${MEMDIR}/products/ocean/netcdf', 'COMIN_ICE_RESTART': '/scratch1/NCEPDEV/global/glopara/CI/3745/RUNTESTS/COMROOT/C48_ATM_285cc940/gfs.20210323/12//model/ice/restart', 'COMIN_WAVE_HISTORY': '/scratch1/NCEPDEV/global/glopara/CI/3745/RUNTESTS/COMROOT/C48_ATM_285cc940/gfs.20210323/12//model/wave/history', 'COM_CHEM_ANALYSIS_TMPL': '${ROTDIR}/${RUN}.${YMD}/${HH}/${MEMDIR}/analysis/chem', 'COM_WAVE_GRID_RES_TMPL': '${ROTDIR}/${RUN}.${YMD}/${HH}/${MEMDIR}/products/wave/gridded/${GRDRESNAME}', 'COMIN_ATMOS_TRACK': '/scratch1/NCEPDEV/global/glopara/CI/3745/RUNTESTS/COMROOT/C48_ATM_285cc940/gfs.20210323/12//products/atmos/cyclone/tracks', 'COM_OCEAN_ANALYSIS_TMPL': '${ROTDIR}/${RUN}.${YMD}/${HH}/${MEMDIR}/analysis/ocean', 'COM_ATMOS_HISTORY_TMPL': '${ROTDIR}/${RUN}.${YMD}/${HH}/${MEMDIR}/model/atmos/history', 'COM_OCEAN_BMATRIX_TMPL': '${ROTDIR}/${RUN}.${YMD}/${HH}/${MEMDIR}/bmatrix/ocean', 'COMIN_ATMOS_MINMON': '/scratch1/NCEPDEV/global/glopara/CI/3745/RUNTESTS/COMROOT/C48_ATM_285cc940/gfs.20210323/12//products/atmos/minmon', 'COMIN_OCEAN_BMATRIX': '/scratch1/NCEPDEV/global/glopara/CI/3745/RUNTESTS/COMROOT/C48_ATM_285cc940/gfs.20210323/12//bmatrix/ocean', 'COM_ATMOS_GOES_TMPL': '${ROTDIR}/${RUN}.${YMD}/${HH}/${MEMDIR}/products/atmos/goes_sim', 'COMOUT_ATMOS_TRACK': '/scratch1/NCEPDEV/global/glopara/CI/3745/RUNTESTS/COMROOT/C48_ATM_285cc940/gfs.20210323/12//products/atmos/cyclone/tracks', 'COM_ATMOS_MINMON_TMPL': '${ROTDIR}/${RUN}.${YMD}/${HH}/${MEMDIR}/products/atmos/minmon', 'COMIN_ICE_INPUT': '/scratch1/NCEPDEV/global/glopara/CI/3745/RUNTESTS/COMROOT/C48_ATM_285cc940/gfs.20210323/12//model/ice/input', 'COMIN_ATMOS_GRIB_1p00': '/scratch1/NCEPDEV/global/glopara/CI/3745/RUNTESTS/COMROOT/C48_ATM_285cc940/gfs.20210323/12//products/atmos/grib2/1p00', 'COM_ATMOS_IMAGERY_TMPL': '${ROTDIR}/${RUN}.${YMD}/${HH}/${MEMDIR}/products/atmos/imagery', 'COMIN_ATMOS_WMO': '/scratch1/NCEPDEV/global/glopara/CI/3745/RUNTESTS/COMROOT/C48_ATM_285cc940/gfs.20210323/12//products/atmos/wmo', 'COMIN_CHEM_ANALYSIS': '/scratch1/NCEPDEV/global/glopara/CI/3745/RUNTESTS/COMROOT/C48_ATM_285cc940/gfs.20210323/12//analysis/chem', 'COM_ICE_INPUT_TMPL': '${ROTDIR}/${RUN}.${YMD}/${HH}/${MEMDIR}/model/ice/input', 'COM_OCEAN_GRIB_GRID_TMPL': '${ROTDIR}/${RUN}.${YMD}/${HH}/${MEMDIR}/products/ocean/grib2/${GRID}', 'COM_WAVE_GRID_TMPL': '${ROTDIR}/${RUN}.${YMD}/${HH}/${MEMDIR}/products/wave/gridded', 'COMIN_ATMOS_ANALYSIS': '/scratch1/NCEPDEV/global/glopara/CI/3745/RUNTESTS/COMROOT/C48_ATM_285cc940/gfs.20210323/12//analysis/atmos', 'COM_OCEAN_INPUT_TMPL': '${ROTDIR}/${RUN}.${YMD}/${HH}/${MEMDIR}/model/ocean/input', 'COMIN_OCEAN_ANALYSIS': '/scratch1/NCEPDEV/global/glopara/CI/3745/RUNTESTS/COMROOT/C48_ATM_285cc940/gfs.20210323/12//analysis/ocean', 'COMIN_ATMOS_OZNMON': '/scratch1/NCEPDEV/global/glopara/CI/3745/RUNTESTS/COMROOT/C48_ATM_285cc940/gfs.20210323/12//products/atmos/oznmon', 'COMIN_ICE_ANALYSIS': '/scratch1/NCEPDEV/global/glopara/CI/3745/RUNTESTS/COMROOT/C48_ATM_285cc940/gfs.20210323/12//analysis/ice', 'COMIN_OCEAN_GRIB': '/scratch1/NCEPDEV/global/glopara/CI/3745/RUNTESTS/COMROOT/C48_ATM_285cc940/gfs.20210323/12//products/ocean/grib2', 'COM_ICE_GRIB_GRID_TMPL': '${ROTDIR}/${RUN}.${YMD}/${HH}/${MEMDIR}/products/ice/grib2/${GRID}', 'COM_ATMOS_INPUT_TMPL': '${ROTDIR}/${RUN}.${YMD}/${HH}/${MEMDIR}/model/atmos/input', 'COM_MED_RESTART_TMPL': '${ROTDIR}/${RUN}.${YMD}/${HH}/${MEMDIR}/model/med/restart', 'COM_ATMOS_OZNMON_TMPL': '${ROTDIR}/${RUN}.${YMD}/${HH}/${MEMDIR}/products/atmos/oznmon', 'COM_ATMOS_WMO_TMPL': '${ROTDIR}/${RUN}.${YMD}/${HH}/${MEMDIR}/products/atmos/wmo', 'COMIN_ATMOS_HISTORY': '/scratch1/NCEPDEV/global/glopara/CI/3745/RUNTESTS/COMROOT/C48_ATM_285cc940/gfs.20210323/12//model/atmos/history', 'COM_OCEAN_GRIB_TMPL': '${ROTDIR}/${RUN}.${YMD}/${HH}/${MEMDIR}/products/ocean/grib2', 'COMIN_OCEAN_NETCDF': '/scratch1/NCEPDEV/global/glopara/CI/3745/RUNTESTS/COMROOT/C48_ATM_285cc940/gfs.20210323/12//products/ocean/netcdf', 'COM_OCEAN_ANLMON_TMPL': '${ROTDIR}/${RUN}.${YMD}/${HH}/${MEMDIR}/products/ocean/anlmon', 'COM_CHEM_ANLMON_TMPL': '${ROTDIR}/${RUN}.${YMD}/${HH}/${MEMDIR}/products/chem/anlmon', 'COM_ATMOS_GENESIS_TMPL': '${ROTDIR}/${RUN}.${YMD}/${HH}/${MEMDIR}/products/atmos/cyclone/genesis_vital', 'COMIN_ICE_GRIB': '/scratch1/NCEPDEV/global/glopara/CI/3745/RUNTESTS/COMROOT/C48_ATM_285cc940/gfs.20210323/12//products/ice/grib2', 'COM_WAVE_STATION_TMPL': '${ROTDIR}/${RUN}.${YMD}/${HH}/${MEMDIR}/products/wave/station', 'COMIN_OBS': '/scratch1/NCEPDEV/global/glopara/CI/3745/RUNTESTS/COMROOT/C48_ATM_285cc940/gfs.20210323/12/obs', 'COM_CONF_TMPL': '${ROTDIR}/${RUN}.${YMD}/${HH}/${MEMDIR}/conf', 'COM_ATMOS_TRACK_TMPL': '${ROTDIR}/${RUN}.${YMD}/${HH}/${MEMDIR}/products/atmos/cyclone/tracks', 'COM_OCEAN_HISTORY_TMPL': '${ROTDIR}/${RUN}.${YMD}/${HH}/${MEMDIR}/model/ocean/history'} )[0m
[38;21m2025-06-02 22:07:20,640 - INFO     - archive     : BEGIN: pygfs.task.archive._rename_cyclone_expt[0m
[38;5;39m2025-06-02 22:07:20,640 - DEBUG    - archive     : ( {'ATARDIR': '/NCEPDEV/emc-global/1year/role.glopara/HERA/scratch/C48_ATM_285cc940', 'current_cycle': datetime.datetime(2021, 3, 23, 12, 0), 'FHMIN': 0, 'FHMAX': 9, 'FHOUT': 3, 'RUN': 'gfs', 'PDY': datetime.datetime(2021, 3, 23, 0, 0), 'DO_VERFRAD': True, 'DO_VMINMON': True, 'DO_VERFOZN': True, 'DO_ICE': False, 'DO_PREP_OBS_AERO': False, 'PARMgfs': '/scratch1/NCEPDEV/global/glopara/CI/3745/global-workflow/parm', 'DO_OCN': False, 'DO_WAVE': False, 'WRITE_DOPOST': True, 'PSLOT': 'C48_ATM_285cc940', 'DO_JEDISNOWDA': False, 'DO_ARCHCOM': True, 'ARCHCOM_TO': 'hpss', 'ROTDIR': '/scratch1/NCEPDEV/global/glopara/CI/3745/RUNTESTS/COMROOT/C48_ATM_285cc940', 'ARCH_WARMICFREQ': None, 'ARCH_FCSTICFREQ': None, 'ARCH_CYC': None, 'assim_freq': 6, 'ARCDIR': '/scratch1/NCEPDEV/global/role.glopara/archive/C48_ATM_285cc940', 'SDATE': datetime.datetime(2021, 3, 23, 12, 0), 'FHMIN_GFS': 0, 'FHMAX_GFS': 120, 'FHOUT_GFS': 3, 'ARCH_GAUSSIAN': None, 'MODE': 'forecast-only', 'FHOUT_OCN': 3, 'FHOUT_ICE': 3, 'FHOUT_OCN_GFS': 6, 'FHOUT_ICE_GFS': 6, 'DO_BUFRSND': False, 'DOHYBVAR': '{{ DOHYBVAR }}', 'ARCH_GAUSSIAN_FHMAX': None, 'ARCH_GAUSSIAN_FHINC': None, 'DOIAU': True, 'OCNRES': '500', 'ICERES': '500', 'NUM_SND_COLLECTIVES': 9, 'FHOUT_WAV': 3, 'FHOUT_HF_WAV': 1, 'FHMAX_WAV': 9, 'FHMAX_HF_WAV': 120, 'FHMAX_WAV_GFS': 120, 'restart_interval_gdas': 3, 'restart_interval_gfs': 12, 'DO_AERO_ANL': False, 'DO_AERO_FCST': False, 'DO_CA': True, 'DOIBP_WAV': False, 'DO_JEDIOCNVAR': False, 'DOHYBVAR_OCN': False, 'DOLETKF_OCN': False, 'NMEM_ENS': 0, 'DO_JEDIATMVAR': False, 'FHMAX_FITS': 120, 'waveGRD': 'uglo_100km', 'IAUFHRS': [6], 'DO_FIT2OBS': True, 'NET': 'gfs', 'FHOUT_HF_GFS': 1, 'FHMAX_HF_GFS': 0, 'REPLAY_ICS': False, 'OFFSET_START_HOUR': 0, 'ARCH_EXPDIR': None, 'EXPDIR': '/scratch1/NCEPDEV/global/glopara/CI/3745/RUNTESTS/EXPDIR/C48_ATM_285cc940', 'ARCH_EXPDIR_FREQ': None, 'ARCH_HASHES': None, 'ARCH_DIFFS': None, 'EDATE': datetime.datetime(2021, 3, 23, 12, 0), 'HOMEgfs': '/scratch1/NCEPDEV/global/glopara/CI/3745/global-workflow', 'DO_GEMPAK': False, 'DATASETS_YAML': None, 'WAVE_OUT_GRIDS': None, 'COMIN_WAVE_GRID': '/scratch1/NCEPDEV/global/glopara/CI/3745/RUNTESTS/COMROOT/C48_ATM_285cc940/gfs.20210323/12//products/wave/gridded', 'COMIN_OCEAN_RESTART': '/scratch1/NCEPDEV/global/glopara/CI/3745/RUNTESTS/COMROOT/C48_ATM_285cc940/gfs.20210323/12//model/ocean/restart', 'COMOUT_CONF': '/scratch1/NCEPDEV/global/glopara/CI/3745/RUNTESTS/COMROOT/C48_ATM_285cc940/gfs.20210323/12//conf', 'COM_SNOW_ANALYSIS_TMPL': '${ROTDIR}/${RUN}.${YMD}/${HH}/${MEMDIR}/analysis/snow', 'COMIN_ATMOS_GENESIS': '/scratch1/NCEPDEV/global/glopara/CI/3745/RUNTESTS/COMROOT/C48_ATM_285cc940/gfs.20210323/12//products/atmos/cyclone/genesis_vital', 'COM_ATMOS_RADMON_TMPL': '${ROTDIR}/${RUN}.${YMD}/${HH}/${MEMDIR}/products/atmos/radmon', 'COM_ICE_GRIB_TMPL': '${ROTDIR}/${RUN}.${YMD}/${HH}/${MEMDIR}/products/ice/grib2', 'COM_RTOFS_TMPL': '${DMPDIR}', 'COM_ATMOS_GRIB_GRID_TMPL': '${ROTDIR}/${RUN}.${YMD}/${HH}/${MEMDIR}/products/atmos/grib2/${GRID}', 'COMIN_CHEM_HISTORY': '/scratch1/NCEPDEV/global/glopara/CI/3745/RUNTESTS/COMROOT/C48_ATM_285cc940/gfs.20210323/12//model/chem/history', 'COMIN_ATMOS_INPUT': '/scratch1/NCEPDEV/global/glopara/CI/3745/RUNTESTS/COMROOT/C48_ATM_285cc940/gfs.20210323/12//model/atmos/input', 'COM_ICE_RESTART_TMPL': '${ROTDIR}/${RUN}.${YMD}/${HH}/${MEMDIR}/model/ice/restart', 'COM_ICE_ANLMON_TMPL': '${ROTDIR}/${RUN}.${YMD}/${HH}/${MEMDIR}/products/ice/anlmon', 'COM_SNOW_ANLMON_TMPL': '${ROTDIR}/${RUN}.${YMD}/${HH}/${MEMDIR}/products/snow/anlmon', 'COMIN_OCEAN_HISTORY': '/scratch1/NCEPDEV/global/glopara/CI/3745/RUNTESTS/COMROOT/C48_ATM_285cc940/gfs.20210323/12//model/ocean/history', 'COM_ICE_NETCDF_TMPL': '${ROTDIR}/${RUN}.${YMD}/${HH}/${MEMDIR}/products/ice/netcdf', 'COMIN_TOP': '/scratch1/NCEPDEV/global/glopara/CI/3745/RUNTESTS/COMROOT/C48_ATM_285cc940/gfs.20210323/12', 'COM_ATMOS_GRIB_TMPL': '${ROTDIR}/${RUN}.${YMD}/${HH}/${MEMDIR}/products/atmos/grib2', 'COM_ICE_LETKF_TMPL': '${ROTDIR}/${RUN}.${YMD}/${HH}/${MEMDIR}/analysis/ice/letkf', 'COM_WAVE_RESTART_TMPL': '${ROTDIR}/${RUN}.${YMD}/${HH}/${MEMDIR}/model/wave/restart', 'COM_ATMOS_RESTART_TMPL': '${ROTDIR}/${RUN}.${YMD}/${HH}/${MEMDIR}/model/atmos/restart', 'COM_ATMOS_BUFR_TMPL': '${ROTDIR}/${RUN}.${YMD}/${HH}/${MEMDIR}/products/atmos/bufr', 'COM_WAVE_PREP_TMPL': '${ROTDIR}/${RUN}.${YMD}/${HH}/${MEMDIR}/model/wave/prep', 'COMIN_ATMOS_GEMPAK': '/scratch1/NCEPDEV/global/glopara/CI/3745/RUNTESTS/COMROOT/C48_ATM_285cc940/gfs.20210323/12//products/atmos/gempak/', 'COM_CHEM_HISTORY_TMPL': '${ROTDIR}/${RUN}.${YMD}/${HH}/${MEMDIR}/model/chem/history', 'COM_OBSPROC_TMPL': '${DMPDIR}/${RUN}${DUMP_SUFFIX}.${YMD}/${HH}/atmos', 'COMIN_WAVE_STATION': '/scratch1/NCEPDEV/global/glopara/CI/3745/RUNTESTS/COMROOT/C48_ATM_285cc940/gfs.20210323/12//products/wave/station', 'COM_OBS_JEDI': '${ROTDIR}/${RUN}.${YMD}/${HH}/${MEMDIR}/obs_jedi', 'COMIN_ATMOS_RESTART': '/scratch1/NCEPDEV/global/glopara/CI/3745/RUNTESTS/COMROOT/C48_ATM_285cc940/gfs.20210323/12//model/atmos/restart', 'COM_WAVE_GEMPAK_TMPL': '${ROTDIR}/${RUN}.${YMD}/${HH}/${MEMDIR}/products/wave/gempak', 'COM_OCEAN_LETKF_TMPL': '${ROTDIR}/${RUN}.${YMD}/${HH}/${MEMDIR}/analysis/ocean/letkf', 'COMIN_CONF': '/scratch1/NCEPDEV/global/glopara/CI/3745/RUNTESTS/COMROOT/C48_ATM_285cc940/gfs.20210323/12//conf', 'COMIN_ATMOS_RADMON': '/scratch1/NCEPDEV/global/glopara/CI/3745/RUNTESTS/COMROOT/C48_ATM_285cc940/gfs.20210323/12//products/atmos/radmon', 'COM_ICE_ANALYSIS_TMPL': '${ROTDIR}/${RUN}.${YMD}/${HH}/${MEMDIR}/analysis/ice', 'COMIN_ATMOS_GRIB_0p50': '/scratch1/NCEPDEV/global/glopara/CI/3745/RUNTESTS/COMROOT/C48_ATM_285cc940/gfs.20210323/12//products/atmos/grib2/0p50', 'COMIN_ICE_HISTORY': '/scratch1/NCEPDEV/global/glopara/CI/3745/RUNTESTS/COMROOT/C48_ATM_285cc940/gfs.20210323/12//model/ice/history', 'COMIN_SNOW_ANALYSIS': '/scratch1/NCEPDEV/global/glopara/CI/3745/RUNTESTS/COMROOT/C48_ATM_285cc940/gfs.20210323/12//analysis/snow', 'COM_ATMOS_ANLMON_TMPL': '${ROTDIR}/${RUN}.${YMD}/${HH}/${MEMDIR}/products/atmos/anlmon', 'COMIN_ATMOS_BUFR': '/scratch1/NCEPDEV/global/glopara/CI/3745/RUNTESTS/COMROOT/C48_ATM_285cc940/gfs.20210323/12//products/atmos/bufr', 'COM_CHEM_BMAT_TMPL': '${ROTDIR}/${RUN}.${YMD}/${HH}/${MEMDIR}/analysis/chem/bmatrix', 'COM_WAVE_HISTORY_TMPL': '${ROTDIR}/${RUN}.${YMD}/${HH}/${MEMDIR}/model/wave/history', 'COMIN_MED_RESTART': '/scratch1/NCEPDEV/global/glopara/CI/3745/RUNTESTS/COMROOT/C48_ATM_285cc940/gfs.20210323/12//model/med/restart', 'COMIN_WAVE_RESTART': '/scratch1/NCEPDEV/global/glopara/CI/3745/RUNTESTS/COMROOT/C48_ATM_285cc940/gfs.20210323/12//model/wave/restart', 'COMIN_ICE_BMATRIX': '/scratch1/NCEPDEV/global/glopara/CI/3745/RUNTESTS/COMROOT/C48_ATM_285cc940/gfs.20210323/12//bmatrix/ice', 'COM_OBS_TMPL': '${ROTDIR}/${RUN}.${YMD}/${HH}/obs', 'COM_ATMOS_ANALYSIS_TMPL': '${ROTDIR}/${RUN}.${YMD}/${HH}/${MEMDIR}/analysis/atmos', 'COM_WAVE_WMO_TMPL': '${ROTDIR}/${RUN}.${YMD}/${HH}/${MEMDIR}/products/wave/wmo', 'COM_ATMOS_MASTER_TMPL': '${ROTDIR}/${RUN}.${YMD}/${HH}/${MEMDIR}/model/atmos/master', 'COMIN_ATMOS_MASTER': '/scratch1/NCEPDEV/global/glopara/CI/3745/RUNTESTS/COMROOT/C48_ATM_285cc940/gfs.20210323/12//model/atmos/master', 'COMIN_ATMOS_GRIB_0p25': '/scratch1/NCEPDEV/global/glopara/CI/3745/RUNTESTS/COMROOT/C48_ATM_285cc940/gfs.20210323/12//products/atmos/grib2/0p25', 'COM_ICE_HISTORY_TMPL': '${ROTDIR}/${RUN}.${YMD}/${HH}/${MEMDIR}/model/ice/history', 'COM_OCEAN_RESTART_TMPL': '${ROTDIR}/${RUN}.${YMD}/${HH}/${MEMDIR}/model/ocean/restart', 'COM_ICE_BMATRIX_TMPL': '${ROTDIR}/${RUN}.${YMD}/${HH}/${MEMDIR}/bmatrix/ice', 'COM_ATMOS_GEMPAK_TMPL': '${ROTDIR}/${RUN}.${YMD}/${HH}/${MEMDIR}/products/atmos/gempak/${GRID}', 'COM_TOP_TMPL': '${ROTDIR}/${RUN}.${YMD}/${HH}', 'COM_OCEAN_NETCDF_TMPL': '${ROTDIR}/${RUN}.${YMD}/${HH}/${MEMDIR}/products/ocean/netcdf', 'COMIN_ICE_RESTART': '/scratch1/NCEPDEV/global/glopara/CI/3745/RUNTESTS/COMROOT/C48_ATM_285cc940/gfs.20210323/12//model/ice/restart', 'COMIN_WAVE_HISTORY': '/scratch1/NCEPDEV/global/glopara/CI/3745/RUNTESTS/COMROOT/C48_ATM_285cc940/gfs.20210323/12//model/wave/history', 'COM_CHEM_ANALYSIS_TMPL': '${ROTDIR}/${RUN}.${YMD}/${HH}/${MEMDIR}/analysis/chem', 'COM_WAVE_GRID_RES_TMPL': '${ROTDIR}/${RUN}.${YMD}/${HH}/${MEMDIR}/products/wave/gridded/${GRDRESNAME}', 'COMIN_ATMOS_TRACK': '/scratch1/NCEPDEV/global/glopara/CI/3745/RUNTESTS/COMROOT/C48_ATM_285cc940/gfs.20210323/12//products/atmos/cyclone/tracks', 'COM_OCEAN_ANALYSIS_TMPL': '${ROTDIR}/${RUN}.${YMD}/${HH}/${MEMDIR}/analysis/ocean', 'COM_ATMOS_HISTORY_TMPL': '${ROTDIR}/${RUN}.${YMD}/${HH}/${MEMDIR}/model/atmos/history', 'COM_OCEAN_BMATRIX_TMPL': '${ROTDIR}/${RUN}.${YMD}/${HH}/${MEMDIR}/bmatrix/ocean', 'COMIN_ATMOS_MINMON': '/scratch1/NCEPDEV/global/glopara/CI/3745/RUNTESTS/COMROOT/C48_ATM_285cc940/gfs.20210323/12//products/atmos/minmon', 'COMIN_OCEAN_BMATRIX': '/scratch1/NCEPDEV/global/glopara/CI/3745/RUNTESTS/COMROOT/C48_ATM_285cc940/gfs.20210323/12//bmatrix/ocean', 'COM_ATMOS_GOES_TMPL': '${ROTDIR}/${RUN}.${YMD}/${HH}/${MEMDIR}/products/atmos/goes_sim', 'COMOUT_ATMOS_TRACK': '/scratch1/NCEPDEV/global/glopara/CI/3745/RUNTESTS/COMROOT/C48_ATM_285cc940/gfs.20210323/12//products/atmos/cyclone/tracks', 'COM_ATMOS_MINMON_TMPL': '${ROTDIR}/${RUN}.${YMD}/${HH}/${MEMDIR}/products/atmos/minmon', 'COMIN_ICE_INPUT': '/scratch1/NCEPDEV/global/glopara/CI/3745/RUNTESTS/COMROOT/C48_ATM_285cc940/gfs.20210323/12//model/ice/input', 'COMIN_ATMOS_GRIB_1p00': '/scratch1/NCEPDEV/global/glopara/CI/3745/RUNTESTS/COMROOT/C48_ATM_285cc940/gfs.20210323/12//products/atmos/grib2/1p00', 'COM_ATMOS_IMAGERY_TMPL': '${ROTDIR}/${RUN}.${YMD}/${HH}/${MEMDIR}/products/atmos/imagery', 'COMIN_ATMOS_WMO': '/scratch1/NCEPDEV/global/glopara/CI/3745/RUNTESTS/COMROOT/C48_ATM_285cc940/gfs.20210323/12//products/atmos/wmo', 'COMIN_CHEM_ANALYSIS': '/scratch1/NCEPDEV/global/glopara/CI/3745/RUNTESTS/COMROOT/C48_ATM_285cc940/gfs.20210323/12//analysis/chem', 'COM_ICE_INPUT_TMPL': '${ROTDIR}/${RUN}.${YMD}/${HH}/${MEMDIR}/model/ice/input', 'COM_OCEAN_GRIB_GRID_TMPL': '${ROTDIR}/${RUN}.${YMD}/${HH}/${MEMDIR}/products/ocean/grib2/${GRID}', 'COM_WAVE_GRID_TMPL': '${ROTDIR}/${RUN}.${YMD}/${HH}/${MEMDIR}/products/wave/gridded', 'COMIN_ATMOS_ANALYSIS': '/scratch1/NCEPDEV/global/glopara/CI/3745/RUNTESTS/COMROOT/C48_ATM_285cc940/gfs.20210323/12//analysis/atmos', 'COM_OCEAN_INPUT_TMPL': '${ROTDIR}/${RUN}.${YMD}/${HH}/${MEMDIR}/model/ocean/input', 'COMIN_OCEAN_ANALYSIS': '/scratch1/NCEPDEV/global/glopara/CI/3745/RUNTESTS/COMROOT/C48_ATM_285cc940/gfs.20210323/12//analysis/ocean', 'COMIN_ATMOS_OZNMON': '/scratch1/NCEPDEV/global/glopara/CI/3745/RUNTESTS/COMROOT/C48_ATM_285cc940/gfs.20210323/12//products/atmos/oznmon', 'COMIN_ICE_ANALYSIS': '/scratch1/NCEPDEV/global/glopara/CI/3745/RUNTESTS/COMROOT/C48_ATM_285cc940/gfs.20210323/12//analysis/ice', 'COMIN_OCEAN_GRIB': '/scratch1/NCEPDEV/global/glopara/CI/3745/RUNTESTS/COMROOT/C48_ATM_285cc940/gfs.20210323/12//products/ocean/grib2', 'COM_ICE_GRIB_GRID_TMPL': '${ROTDIR}/${RUN}.${YMD}/${HH}/${MEMDIR}/products/ice/grib2/${GRID}', 'COM_ATMOS_INPUT_TMPL': '${ROTDIR}/${RUN}.${YMD}/${HH}/${MEMDIR}/model/atmos/input', 'COM_MED_RESTART_TMPL': '${ROTDIR}/${RUN}.${YMD}/${HH}/${MEMDIR}/model/med/restart', 'COM_ATMOS_OZNMON_TMPL': '${ROTDIR}/${RUN}.${YMD}/${HH}/${MEMDIR}/products/atmos/oznmon', 'COM_ATMOS_WMO_TMPL': '${ROTDIR}/${RUN}.${YMD}/${HH}/${MEMDIR}/products/atmos/wmo', 'COMIN_ATMOS_HISTORY': '/scratch1/NCEPDEV/global/glopara/CI/3745/RUNTESTS/COMROOT/C48_ATM_285cc940/gfs.20210323/12//model/atmos/history', 'COM_OCEAN_GRIB_TMPL': '${ROTDIR}/${RUN}.${YMD}/${HH}/${MEMDIR}/products/ocean/grib2', 'COMIN_OCEAN_NETCDF': '/scratch1/NCEPDEV/global/glopara/CI/3745/RUNTESTS/COMROOT/C48_ATM_285cc940/gfs.20210323/12//products/ocean/netcdf', 'COM_OCEAN_ANLMON_TMPL': '${ROTDIR}/${RUN}.${YMD}/${HH}/${MEMDIR}/products/ocean/anlmon', 'COM_CHEM_ANLMON_TMPL': '${ROTDIR}/${RUN}.${YMD}/${HH}/${MEMDIR}/products/chem/anlmon', 'COM_ATMOS_GENESIS_TMPL': '${ROTDIR}/${RUN}.${YMD}/${HH}/${MEMDIR}/products/atmos/cyclone/genesis_vital', 'COMIN_ICE_GRIB': '/scratch1/NCEPDEV/global/glopara/CI/3745/RUNTESTS/COMROOT/C48_ATM_285cc940/gfs.20210323/12//products/ice/grib2', 'COM_WAVE_STATION_TMPL': '${ROTDIR}/${RUN}.${YMD}/${HH}/${MEMDIR}/products/wave/station', 'COMIN_OBS': '/scratch1/NCEPDEV/global/glopara/CI/3745/RUNTESTS/COMROOT/C48_ATM_285cc940/gfs.20210323/12/obs', 'COM_CONF_TMPL': '${ROTDIR}/${RUN}.${YMD}/${HH}/${MEMDIR}/conf', 'COM_ATMOS_TRACK_TMPL': '${ROTDIR}/${RUN}.${YMD}/${HH}/${MEMDIR}/products/atmos/cyclone/tracks', 'COM_OCEAN_HISTORY_TMPL': '${ROTDIR}/${RUN}.${YMD}/${HH}/${MEMDIR}/model/ocean/history'} )[0m
[38;21m2025-06-02 22:07:20,651 - INFO     - archive     :   END: pygfs.task.archive._rename_cyclone_expt[0m
[38;5;39m2025-06-02 22:07:20,651 - DEBUG    - archive     :  returning: None[0m
Traceback (most recent call last):
  File "/scratch1/NCEPDEV/global/glopara/CI/3745/global-workflow/ush/python/wxflow/jinja.py", line 230, in _render_template
    rendered = template.render(**self.data)
               ^^^^^^^^^^^^^^^^^^^^^^^^^^^^
  File "/scratch1/NCEPDEV/nems/role.epic/spack-stack/spack-stack-1.6.0/envs/gsi-addon-dev-fms-2024.01/install/intel/2021.5.0/py-jinja2-3.1.2-3yb4fme/lib/python3.11/site-packages/jinja2/environment.py", line 1301, in render
    self.environment.handle_exception()
  File "/scratch1/NCEPDEV/nems/role.epic/spack-stack/spack-stack-1.6.0/envs/gsi-addon-dev-fms-2024.01/install/intel/2021.5.0/py-jinja2-3.1.2-3yb4fme/lib/python3.11/site-packages/jinja2/environment.py", line 936, in handle_exception
    raise rewrite_traceback_stack(source=source)
  File "/scratch1/NCEPDEV/global/glopara/CI/3745/global-workflow/parm/archive/master_gfs.yaml.j2", line 82, in top-level template code
    {% if archive_expdir %}
    ^^^^^^^^^^^^^^^^^^^^^^^^
jinja2.exceptions.UndefinedError: 'archive_expdir' is undefined

During handling of the above exception, another exception occurred:

Traceback (most recent call last):
  File "/scratch1/NCEPDEV/global/glopara/CI/3745/global-workflow/scripts/exglobal_archive_tars.py", line 71, in <module>
    main()
  File "/scratch1/NCEPDEV/global/glopara/CI/3745/global-workflow/ush/python/wxflow/logger.py", line 266, in wrapper
    retval = func(*args, **kwargs)
             ^^^^^^^^^^^^^^^^^^^^^
  File "/scratch1/NCEPDEV/global/glopara/CI/3745/global-workflow/scripts/exglobal_archive_tars.py", line 60, in main
    atardir_sets = archive.configure_tars(archive_dict)
                   ^^^^^^^^^^^^^^^^^^^^^^^^^^^^^^^^^^^^
  File "/scratch1/NCEPDEV/global/glopara/CI/3745/global-workflow/ush/python/wxflow/logger.py", line 266, in wrapper
    retval = func(*args, **kwargs)
             ^^^^^^^^^^^^^^^^^^^^^
  File "/scratch1/NCEPDEV/global/glopara/CI/3745/global-workflow/ush/python/pygfs/task/archive.py", line 161, in configure_tars
    parsed_sets = parse_j2yaml(os.path.join(archive_parm, master_yaml),
                  ^^^^^^^^^^^^^^^^^^^^^^^^^^^^^^^^^^^^^^^^^^^^^^^^^^^^^
  File "/scratch1/NCEPDEV/global/glopara/CI/3745/global-workflow/ush/python/wxflow/yaml_file.py", line 185, in parse_j2yaml
    return YAMLFile(data=Jinja(path, data, searchpath=searchpath, allow_missing=allow_missing).render)
                         ^^^^^^^^^^^^^^^^^^^^^^^^^^^^^^^^^^^^^^^^^^^^^^^^^^^^^^^^^^^^^^^^^^^^^^^^^^^^
  File "/scratch1/NCEPDEV/global/glopara/CI/3745/global-workflow/ush/python/wxflow/jinja.py", line 202, in render
    return render_map[self.template_type]()
           ^^^^^^^^^^^^^^^^^^^^^^^^^^^^^^^^
  File "/scratch1/NCEPDEV/global/glopara/CI/3745/global-workflow/ush/python/wxflow/jinja.py", line 214, in _render_file
    return self._render_template(template)
           ^^^^^^^^^^^^^^^^^^^^^^^^^^^^^^^
  File "/scratch1/NCEPDEV/global/glopara/CI/3745/global-workflow/ush/python/wxflow/jinja.py", line 232, in _render_template
    raise NameError(f"Undefined variable in Jinja2 template\n{ee}")
NameError: Undefined variable in Jinja2 template
'archive_expdir' is undefined
+ JGLOBAL_ARCHIVE_TARS[84]export err=1
+ JGLOBAL_ARCHIVE_TARS[84]err=1
+ JGLOBAL_ARCHIVE_TARS[85]set +x

    -------------------------------------------------------------
    -- FATAL ERROR: failed to archive the COM structure RETURN CODE 1
    -- ABNORMAL EXIT at Mon Jun  2 22:07:20 UTC 2025 on hfe06
    -------------------------------------------------------------
    

Currently Loaded Modules:
  1) contrib                          45) sp/2.5.0
  2) intel/2022.1.2                   46) ip/4.3.0
  3) stack-intel/2021.5.0             47) grib-util/1.3.0
  4) impi/2022.1.2                    48) g2tmpl/1.13.0
  5) stack-intel-oneapi-mpi/2021.5.1  49) gsi-ncdiag/1.1.2
  6) gettext/0.19.8.1                 50) crtm-fix/2.4.0.1_emc
  7) libxcrypt/4.4.35                 51) git-lfs/2.10.0
  8) zlib/1.2.13                      52) crtm/2.4.0.1
  9) sqlite/3.43.2                    53) openblas/0.3.24
 10) util-linux-uuid/2.38.1           54) py-setuptools/63.4.3
 11) python/3.11.6                    55) py-numpy/1.23.4
 12) hpss/hpss                        56) bufr/11.7.0
 13) gempak/7.17.0                    57) gmake/3.82
 14) ncl/6.6.2                        58) wgrib2/2.0.8
 15) libjpeg/2.1.0                    59) py-f90nml/1.4.3
 16) jasper/2.0.32                    60) py-cftime/1.0.3.4
 17) libpng/1.6.37                    61) py-netcdf4/1.5.8
 18) openjpeg/2.3.1                   62) libyaml/0.2.5
 19) eccodes/2.32.0                   63) py-pyyaml/6.0
 20) fftw/3.3.10                      64) py-markupsafe/2.1.3
 21) nghttp2/1.57.0                   65) py-jinja2/3.1.2
 22) curl/8.4.0                       66) py-bottleneck/1.3.7
 23) proj/9.2.1                       67) py-numexpr/2.8.4
 24) udunits/2.2.28                   68) py-et-xmlfile/1.0.1
 25) cdo/2.2.0                        69) py-openpyxl/3.1.2
 26) R/3.6.1                          70) py-pytz/2023.3
 27) perl/5.38.0                      71) py-pyxlsb/1.0.10
 28) pkg-config/0.27.1                72) py-xlrd/2.0.1
 29) hdf5/1.14.0                      73) py-xlsxwriter/3.1.7
 30) snappy/1.1.10                    74) py-xlwt/1.3.0
 31) zstd/1.5.2                       75) py-pandas/1.5.3
 32) c-blosc/1.21.5                   76) py-six/1.16.0
 33) netcdf-c/4.9.2                   77) py-python-dateutil/2.8.2
 34) netcdf-fortran/4.6.1             78) g2c/1.8.0
 35) parallel-netcdf/1.12.2           79) netcdf-cxx4/4.3.1
 36) parallelio/2.5.10                80) met/9.1.3
 37) esmf/8.6.0                       81) metplus/3.1.1
 38) antlr/2.7.7                      82) py-packaging/23.1
 39) gsl/2.7.1                        83) py-xarray/2023.7.0
 40) nco/5.0.6                        84) prepobs/1.1.0
 41) bacio/2.4.1                      85) fit2obs/1.1.7
 42) w3emc/2.10.0                     86) imagemagick/7.1.1-11
 43) prod_util/2.1.1                  87) module_base.hera
 44) g2/3.4.5

 


failed to archive the COM structure RETURN CODE 1
/scratch1/NCEPDEV/stmp2/role.glopara/RUNDIRS/C48_ATM_285cc940/gfs.2021032312/arch_tars.1870901
total 0
-rw-rw-r--+ 1 role.glopara stmp 0 Jun  2 22:07 ncepdate
cat: OUTPUT.1871432: No such file or directory
slurmstepd: error: *** JOB 11538492 ON hfe06 CANCELLED AT 2025-06-02T22:07:21 ***
_______________________________________________________________
Start Epilog on node hfe06 for job 11538492 :: Mon Jun  2 22:07:23 UTC 2025
Job 11538492 finished for user role.glopara in partition service with exit code 0:0
_______________________________________________________________
End Epilogue Mon Jun  2 22:07:23 UTC 2025
