+ source /gpfs/f6/drsa-precip3/world-shared/global/CI/GITLAB/pr_cases_4328_be51ea02_6363/global-workflow/dev/ush/load_modules.sh gsi
++ [[ hxB == *x* ]]
++ set_x=YES
++ [[ NO == \N\O ]]
++ echo 'Loading modules quietly...'
Loading modules quietly...
++ set +x
Running "module reset". Resetting modules to system default. The following $MODULEPATH directories have been removed: None
INFO: gw_gsi.gaeac6 module not available, falling back to gw_run.gaeac6

Lmod is automatically replacing "intel/2025.2" with "intel-classic/2023.2.0".


The following have been reloaded with a version change:
  1) PrgEnv-intel/8.6.0 => PrgEnv-intel/8.5.0
  2) cray-mpich/8.1.32 => cray-mpich/8.1.30
  3) craype/2.7.34 => craype/2.7.30


Currently Loaded Modules:
  1) craype-x86-genoa                45) python-venv/1.0
  2) perftools-base/25.03.0          46) py-mpi4py/4.0.1
  3) xpmem/2.11.5-1.3_g73ade43320bc  47) openblas/0.3.24
  4) cray-pmi/6.1.15                 48) py-numpy/1.26.4
  5) CmrsEnv/default                 49) py-pip/23.1.2
  6) TimeZoneEDT/default             50) esmf/8.8.0
  7) Core/24.11                      51) antlr/2.7.7
  8) DefApps                         52) gsl/2.8
  9) cray-dsmml/0.3.1                53) nco/5.2.4
 10) PrgEnv-intel/8.5.0              54) bacio/2.4.1
 11) intel-classic/2023.2.0          55) w3emc/2.10.0
 12) craype/2.7.30                   56) prod_util/2.1.1
 13) stack-intel/2023.2.0            57) g2/3.5.1
 14) libfabric/1.22.0                58) ip/5.1.0
 15) craype-network-ofi              59) grib-util/1.4.0
 16) cray-mpich/8.1.30               60) g2tmpl/1.13.0
 17) stack-cray-mpich/8.1.30         61) gsi-ncdiag/1.1.2
 18) gettext/0.20.2                  62) crtm-fix/2.4.0.1_emc
 19) glibc/2.31                      63) git-lfs/2.11.0
 20) zlib/1.2.13                     64) crtm/2.4.0.1
 21) sqlite/3.46.0                   65) bufr/12.1.0
 22) util-linux-uuid/2.40.2          66) py-f90nml/1.4.3
 23) python/3.11.7                   67) py-certifi/2023.7.22
 24) stack-python/3.11.7             68) py-cftime/1.0.3.4
 25) cmake/3.27.9                    69) py-netcdf4/1.7.1.post2
 26) libjpeg/2.1.0                   70) libyaml/0.2.5
 27) jasper/2.0.32                   71) py-pyyaml/6.0.2
 28) libpng/1.6.37                   72) py-markupsafe/2.1.3
 29) openjpeg/2.3.1                  73) py-jinja2/3.1.4
 30) eccodes/2.33.0                  74) py-pytz/2023.3
 31) fftw/3.3.10                     75) py-tzdata/2023.3
 32) nghttp2/1.63.0                  76) py-pandas/2.2.3
 33) curl/8.10.1                     77) py-six/1.16.0
 34) proj/9.4.1                      78) py-python-dateutil/2.8.2
 35) udunits/2.2.28                  79) py-packaging/24.1
 36) cdo/2.3.0                       80) py-setuptools/69.2.0
 37) hdf5/1.14.3                     81) py-xarray/2024.7.0
 38) snappy/1.2.1                    82) gw_run.common
 39) zstd/1.5.6                      83) perlbrew/5.38.2
 40) c-blosc/1.21.5                  84) prepobs/1.1.3
 41) netcdf-c/4.9.2                  85) fit2obs/1.1.10
 42) netcdf-fortran/4.6.1            86) hsi/9.3
 43) parallel-netcdf/1.12.3          87) gw_run.gaeac6
 44) parallelio/2.6.2

 

++ [[ -d /gpfs/f6/drsa-precip3/world-shared/global/CI/GITLAB/pr_cases_4328_be51ea02_6363/global-workflow/sorc/wxflow/src ]]
++ PYTHONPATH=/gpfs/f6/drsa-precip3/world-shared/global/CI/GITLAB/pr_cases_4328_be51ea02_6363/global-workflow/sorc/wxflow/src:/autofs/ncrc-svm1_proj/epic/spack-stack/c6/spack-stack-1.9.2/envs/ue-intel-2023.2.0/install/intel/2023.2.0/py-xarray-2024.7.0-v7pxjmr/lib/python3.11/site-packages:/autofs/ncrc-svm1_proj/epic/spack-stack/c6/spack-stack-1.9.2/envs/ue-intel-2023.2.0/install/intel/2023.2.0/py-setuptools-69.2.0-q5x6352/lib/python3.11/site-packages:/autofs/ncrc-svm1_proj/epic/spack-stack/c6/spack-stack-1.9.2/envs/ue-intel-2023.2.0/install/intel/2023.2.0/py-packaging-24.1-acctrjw/lib/python3.11/site-packages:/autofs/ncrc-svm1_proj/epic/spack-stack/c6/spack-stack-1.9.2/envs/ue-intel-2023.2.0/install/intel/2023.2.0/py-python-dateutil-2.8.2-adj27qi/lib/python3.11/site-packages:/autofs/ncrc-svm1_proj/epic/spack-stack/c6/spack-stack-1.9.2/envs/ue-intel-2023.2.0/install/intel/2023.2.0/py-six-1.16.0-t2uhjfg/lib/python3.11/site-packages:/autofs/ncrc-svm1_proj/epic/spack-stack/c6/spack-stack-1.9.2/envs/ue-intel-2023.2.0/install/intel/2023.2.0/py-pandas-2.2.3-4bngjxo/lib/python3.11/site-packages:/autofs/ncrc-svm1_proj/epic/spack-stack/c6/spack-stack-1.9.2/envs/ue-intel-2023.2.0/install/intel/2023.2.0/py-tzdata-2023.3-t2nvl22/lib/python3.11/site-packages:/autofs/ncrc-svm1_proj/epic/spack-stack/c6/spack-stack-1.9.2/envs/ue-intel-2023.2.0/install/intel/2023.2.0/py-pytz-2023.3-wutyxsa/lib/python3.11/site-packages:/autofs/ncrc-svm1_proj/epic/spack-stack/c6/spack-stack-1.9.2/envs/ue-intel-2023.2.0/install/intel/2023.2.0/py-jinja2-3.1.4-pvwvqnp/lib/python3.11/site-packages:/autofs/ncrc-svm1_proj/epic/spack-stack/c6/spack-stack-1.9.2/envs/ue-intel-2023.2.0/install/intel/2023.2.0/py-markupsafe-2.1.3-3mredvv/lib/python3.11/site-packages:/autofs/ncrc-svm1_proj/epic/spack-stack/c6/spack-stack-1.9.2/envs/ue-intel-2023.2.0/install/intel/2023.2.0/py-pyyaml-6.0.2-4bqqjxa/lib/python3.11/site-packages:/autofs/ncrc-svm1_proj/epic/spack-stack/c6/spack-stack-1.9.2/envs/ue-intel-2023.2.0/install/intel/2023.2.0/py-netcdf4-1.7.1.post2-c25ja2t/lib/python3.11/site-packages:/autofs/ncrc-svm1_proj/epic/spack-stack/c6/spack-stack-1.9.2/envs/ue-intel-2023.2.0/install/intel/2023.2.0/py-cftime-1.0.3.4-t5euxp3/lib/python3.11/site-packages:/autofs/ncrc-svm1_proj/epic/spack-stack/c6/spack-stack-1.9.2/envs/ue-intel-2023.2.0/install/intel/2023.2.0/py-certifi-2023.7.22-5i3gpxz/lib/python3.11/site-packages:/autofs/ncrc-svm1_proj/epic/spack-stack/c6/spack-stack-1.9.2/envs/ue-intel-2023.2.0/install/intel/2023.2.0/py-f90nml-1.4.3-egb7j6f/lib/python3.11/site-packages:/autofs/ncrc-svm1_proj/epic/spack-stack/c6/spack-stack-1.9.2/envs/ue-intel-2023.2.0/install/intel/2023.2.0/bufr-12.1.0-3p4a2dt/lib64/python3.11/site-packages:/autofs/ncrc-svm1_proj/epic/spack-stack/c6/spack-stack-1.9.2/envs/ue-intel-2023.2.0/install/intel/2023.2.0/esmf-8.8.0-yzvp7jx/lib/python3.11/site-packages:/autofs/ncrc-svm1_proj/epic/spack-stack/c6/spack-stack-1.9.2/envs/ue-intel-2023.2.0/install/intel/2023.2.0/py-pip-23.1.2-nlzr4dk/lib/python3.11/site-packages:/autofs/ncrc-svm1_proj/epic/spack-stack/c6/spack-stack-1.9.2/envs/ue-intel-2023.2.0/install/intel/2023.2.0/py-numpy-1.26.4-oqfay67/lib/python3.11/site-packages:/autofs/ncrc-svm1_proj/epic/spack-stack/c6/spack-stack-1.9.2/envs/ue-intel-2023.2.0/install/intel/2023.2.0/py-mpi4py-4.0.1-xqxmfsx/lib/python3.11/site-packages:/autofs/ncrc-svm1_proj/epic/spack-stack/c6/spack-stack-1.9.2/envs/ue-intel-2023.2.0/install/intel/2023.2.0/python-venv-1.0-7sbmn7s/lib/python3.11/site-packages
++ PYTHONPATH=/gpfs/f6/drsa-precip3/world-shared/global/CI/GITLAB/pr_cases_4328_be51ea02_6363/global-workflow/sorc/wxflow/src:/autofs/ncrc-svm1_proj/epic/spack-stack/c6/spack-stack-1.9.2/envs/ue-intel-2023.2.0/install/intel/2023.2.0/py-xarray-2024.7.0-v7pxjmr/lib/python3.11/site-packages:/autofs/ncrc-svm1_proj/epic/spack-stack/c6/spack-stack-1.9.2/envs/ue-intel-2023.2.0/install/intel/2023.2.0/py-setuptools-69.2.0-q5x6352/lib/python3.11/site-packages:/autofs/ncrc-svm1_proj/epic/spack-stack/c6/spack-stack-1.9.2/envs/ue-intel-2023.2.0/install/intel/2023.2.0/py-packaging-24.1-acctrjw/lib/python3.11/site-packages:/autofs/ncrc-svm1_proj/epic/spack-stack/c6/spack-stack-1.9.2/envs/ue-intel-2023.2.0/install/intel/2023.2.0/py-python-dateutil-2.8.2-adj27qi/lib/python3.11/site-packages:/autofs/ncrc-svm1_proj/epic/spack-stack/c6/spack-stack-1.9.2/envs/ue-intel-2023.2.0/install/intel/2023.2.0/py-six-1.16.0-t2uhjfg/lib/python3.11/site-packages:/autofs/ncrc-svm1_proj/epic/spack-stack/c6/spack-stack-1.9.2/envs/ue-intel-2023.2.0/install/intel/2023.2.0/py-pandas-2.2.3-4bngjxo/lib/python3.11/site-packages:/autofs/ncrc-svm1_proj/epic/spack-stack/c6/spack-stack-1.9.2/envs/ue-intel-2023.2.0/install/intel/2023.2.0/py-tzdata-2023.3-t2nvl22/lib/python3.11/site-packages:/autofs/ncrc-svm1_proj/epic/spack-stack/c6/spack-stack-1.9.2/envs/ue-intel-2023.2.0/install/intel/2023.2.0/py-pytz-2023.3-wutyxsa/lib/python3.11/site-packages:/autofs/ncrc-svm1_proj/epic/spack-stack/c6/spack-stack-1.9.2/envs/ue-intel-2023.2.0/install/intel/2023.2.0/py-jinja2-3.1.4-pvwvqnp/lib/python3.11/site-packages:/autofs/ncrc-svm1_proj/epic/spack-stack/c6/spack-stack-1.9.2/envs/ue-intel-2023.2.0/install/intel/2023.2.0/py-markupsafe-2.1.3-3mredvv/lib/python3.11/site-packages:/autofs/ncrc-svm1_proj/epic/spack-stack/c6/spack-stack-1.9.2/envs/ue-intel-2023.2.0/install/intel/2023.2.0/py-pyyaml-6.0.2-4bqqjxa/lib/python3.11/site-packages:/autofs/ncrc-svm1_proj/epic/spack-stack/c6/spack-stack-1.9.2/envs/ue-intel-2023.2.0/install/intel/2023.2.0/py-netcdf4-1.7.1.post2-c25ja2t/lib/python3.11/site-packages:/autofs/ncrc-svm1_proj/epic/spack-stack/c6/spack-stack-1.9.2/envs/ue-intel-2023.2.0/install/intel/2023.2.0/py-cftime-1.0.3.4-t5euxp3/lib/python3.11/site-packages:/autofs/ncrc-svm1_proj/epic/spack-stack/c6/spack-stack-1.9.2/envs/ue-intel-2023.2.0/install/intel/2023.2.0/py-certifi-2023.7.22-5i3gpxz/lib/python3.11/site-packages:/autofs/ncrc-svm1_proj/epic/spack-stack/c6/spack-stack-1.9.2/envs/ue-intel-2023.2.0/install/intel/2023.2.0/py-f90nml-1.4.3-egb7j6f/lib/python3.11/site-packages:/autofs/ncrc-svm1_proj/epic/spack-stack/c6/spack-stack-1.9.2/envs/ue-intel-2023.2.0/install/intel/2023.2.0/bufr-12.1.0-3p4a2dt/lib64/python3.11/site-packages:/autofs/ncrc-svm1_proj/epic/spack-stack/c6/spack-stack-1.9.2/envs/ue-intel-2023.2.0/install/intel/2023.2.0/esmf-8.8.0-yzvp7jx/lib/python3.11/site-packages:/autofs/ncrc-svm1_proj/epic/spack-stack/c6/spack-stack-1.9.2/envs/ue-intel-2023.2.0/install/intel/2023.2.0/py-pip-23.1.2-nlzr4dk/lib/python3.11/site-packages:/autofs/ncrc-svm1_proj/epic/spack-stack/c6/spack-stack-1.9.2/envs/ue-intel-2023.2.0/install/intel/2023.2.0/py-numpy-1.26.4-oqfay67/lib/python3.11/site-packages:/autofs/ncrc-svm1_proj/epic/spack-stack/c6/spack-stack-1.9.2/envs/ue-intel-2023.2.0/install/intel/2023.2.0/py-mpi4py-4.0.1-xqxmfsx/lib/python3.11/site-packages:/autofs/ncrc-svm1_proj/epic/spack-stack/c6/spack-stack-1.9.2/envs/ue-intel-2023.2.0/install/intel/2023.2.0/python-venv-1.0-7sbmn7s/lib/python3.11/site-packages:/gpfs/f6/drsa-precip3/world-shared/global/CI/GITLAB/pr_cases_4328_be51ea02_6363/global-workflow/ush/python
++ export PYTHONPATH
++ ulimit -S -s 1048576
++ unset ulimit_s
++ [[ NO == \Y\E\S ]]
+ status=0
+ [[ 0 -ne 0 ]]
+ export job=analdiag
+ job=analdiag
+ export jobid=analdiag.2126922
+ jobid=analdiag.2126922
+ /gpfs/f6/drsa-precip3/world-shared/global/CI/GITLAB/pr_cases_4328_be51ea02_6363/global-workflow/dev/jobs/JGLOBAL_ATMOS_ANALYSIS_DIAG
Begin /gpfs/f6/drsa-precip3/world-shared/global/CI/GITLAB/pr_cases_4328_be51ea02_6363/global-workflow/dev/jobs/JGLOBAL_ATMOS_ANALYSIS_DIAG at 20:51:58
++ jjob_header.sh[46]OPTIND=1
++ jjob_header.sh[47]getopts c:e: option
++ jjob_header.sh[48]case "${option}" in
++ jjob_header.sh[50]env_job=analdiag
++ jjob_header.sh[47]getopts c:e: option
++ jjob_header.sh[48]case "${option}" in
++ jjob_header.sh[49]read -ra configs
++ jjob_header.sh[47]getopts c:e: option
++ jjob_header.sh[61]shift 4
++ jjob_header.sh[63][[ -z analdiag ]]
++ jjob_header.sh[71]export DATA=/gpfs/f6/drsa-precip4/world-shared/role.glopara/RUNDIRS/C48mx500_3DVarAOWCDA_be51ea02-6363/gdas.2021032500/analdiag.2126922
++ jjob_header.sh[71]DATA=/gpfs/f6/drsa-precip4/world-shared/role.glopara/RUNDIRS/C48mx500_3DVarAOWCDA_be51ea02-6363/gdas.2021032500/analdiag.2126922
++ jjob_header.sh[72][[ YES == \Y\E\S ]]
++ jjob_header.sh[73]rm -rf /gpfs/f6/drsa-precip4/world-shared/role.glopara/RUNDIRS/C48mx500_3DVarAOWCDA_be51ea02-6363/gdas.2021032500/analdiag.2126922
++ jjob_header.sh[75]mkdir -p /gpfs/f6/drsa-precip4/world-shared/role.glopara/RUNDIRS/C48mx500_3DVarAOWCDA_be51ea02-6363/gdas.2021032500/analdiag.2126922
++ jjob_header.sh[76]cd /gpfs/f6/drsa-precip4/world-shared/role.glopara/RUNDIRS/C48mx500_3DVarAOWCDA_be51ea02-6363/gdas.2021032500/analdiag.2126922
++ jjob_header.sh[84]export pid=2126972
++ jjob_header.sh[84]pid=2126972
++ jjob_header.sh[85]export pgmout=OUTPUT.2126972
++ jjob_header.sh[85]pgmout=OUTPUT.2126972
++ jjob_header.sh[86]export pgmerr=errfile
++ jjob_header.sh[86]pgmerr=errfile
++ jjob_header.sh[89]export pgm=
++ jjob_header.sh[89]pgm=
++ jjob_header.sh[94]export cycle=t00z
++ jjob_header.sh[94]cycle=t00z
++ jjob_header.sh[95]setpdy.sh
+ setpdy.sh[20]'[' /gpfs/f6/drsa-precip4/world-shared/role.glopara/RUNDIRS/C48mx500_3DVarAOWCDA_be51ea02-6363/gdas.2021032500/analdiag.2126922 == /ncrc/home1/role.glopara ']'
+ setpdy.sh[25][[ ! t00z =~ t??z ]]
+ setpdy.sh[30]case $# in
+ setpdy.sh[31]dates_before_PDY=7
+ setpdy.sh[32]dates_after_PDY=7
+ setpdy.sh[50]COMDATEROOT=/gpfs/f6/drsa-precip3/world-shared/global/CI/GITLAB/pr_cases_4328_be51ea02_6363/RUNTESTS/COMROOT
+ setpdy.sh[53]'[' -z 20210325 ']'
+ setpdy.sh[57]sed 's/[0-9]\{8\}/20210325/' /gpfs/f6/drsa-precip3/world-shared/global/CI/GITLAB/pr_cases_4328_be51ea02_6363/RUNTESTS/COMROOT/date/t00z
sed: can't read /gpfs/f6/drsa-precip3/world-shared/global/CI/GITLAB/pr_cases_4328_be51ea02_6363/RUNTESTS/COMROOT/date/t00z: No such file or directory
++ jjob_header.sh[95]true
++ jjob_header.sh[96]source ./PDY
/gpfs/f6/drsa-precip3/world-shared/global/CI/GITLAB/pr_cases_4328_be51ea02_6363/global-workflow/ush/jjob_header.sh: line 96: ./PDY: No such file or directory
++ jjob_header.sh[96]true
++ jjob_header.sh[101]export EXPDIR=/gpfs/f6/drsa-precip3/world-shared/global/CI/GITLAB/pr_cases_4328_be51ea02_6363/RUNTESTS/EXPDIR/C48mx500_3DVarAOWCDA_be51ea02-6363
++ jjob_header.sh[101]EXPDIR=/gpfs/f6/drsa-precip3/world-shared/global/CI/GITLAB/pr_cases_4328_be51ea02_6363/RUNTESTS/EXPDIR/C48mx500_3DVarAOWCDA_be51ea02-6363
++ jjob_header.sh[102]for config in "${configs[@]:-''}"
++ jjob_header.sh[103]source /gpfs/f6/drsa-precip3/world-shared/global/CI/GITLAB/pr_cases_4328_be51ea02_6363/RUNTESTS/EXPDIR/C48mx500_3DVarAOWCDA_be51ea02-6363/config.base
+++ config.base[6]echo 'BEGIN: config.base'
BEGIN: config.base
+++ config.base[9]export machine=GAEAC6
+++ config.base[9]machine=GAEAC6
+++ config.base[12]export RUN_ENVIR=emc
+++ config.base[12]RUN_ENVIR=emc
+++ config.base[15]export ACCOUNT=drsa-precip4
+++ config.base[15]ACCOUNT=drsa-precip4
+++ config.base[16]export QUEUE=normal
+++ config.base[16]QUEUE=normal
+++ config.base[17]export QUEUE_SERVICE=normal
+++ config.base[17]QUEUE_SERVICE=normal
+++ config.base[18]export QUEUE_DTN=hpss
+++ config.base[18]QUEUE_DTN=hpss
+++ config.base[19]export PARTITION_BATCH=batch
+++ config.base[19]PARTITION_BATCH=batch
+++ config.base[20]export PARTITION_SERVICE=batch
+++ config.base[20]PARTITION_SERVICE=batch
+++ config.base[21]export PARTITION_DTN=dtn_f5_f6
+++ config.base[21]PARTITION_DTN=dtn_f5_f6
+++ config.base[22]export RESERVATION=
+++ config.base[22]RESERVATION=
+++ config.base[23]export CLUSTERS=c6
+++ config.base[23]CLUSTERS=c6
+++ config.base[24]export CLUSTERS_SERVICE=c6
+++ config.base[24]CLUSTERS_SERVICE=c6
+++ config.base[25]export CLUSTERS_DTN=es
+++ config.base[25]CLUSTERS_DTN=es
+++ config.base[28]export HPSS_PROJECT=emc-global
+++ config.base[28]HPSS_PROJECT=emc-global
+++ config.base[31]export HOMEgfs=/gpfs/f6/drsa-precip3/world-shared/global/CI/GITLAB/pr_cases_4328_be51ea02_6363/global-workflow
+++ config.base[31]HOMEgfs=/gpfs/f6/drsa-precip3/world-shared/global/CI/GITLAB/pr_cases_4328_be51ea02_6363/global-workflow
+++ config.base[32]export EXECgfs=/gpfs/f6/drsa-precip3/world-shared/global/CI/GITLAB/pr_cases_4328_be51ea02_6363/global-workflow/exec
+++ config.base[32]EXECgfs=/gpfs/f6/drsa-precip3/world-shared/global/CI/GITLAB/pr_cases_4328_be51ea02_6363/global-workflow/exec
+++ config.base[33]export FIXgfs=/gpfs/f6/drsa-precip3/world-shared/global/CI/GITLAB/pr_cases_4328_be51ea02_6363/global-workflow/fix
+++ config.base[33]FIXgfs=/gpfs/f6/drsa-precip3/world-shared/global/CI/GITLAB/pr_cases_4328_be51ea02_6363/global-workflow/fix
+++ config.base[34]export PARMgfs=/gpfs/f6/drsa-precip3/world-shared/global/CI/GITLAB/pr_cases_4328_be51ea02_6363/global-workflow/parm
+++ config.base[34]PARMgfs=/gpfs/f6/drsa-precip3/world-shared/global/CI/GITLAB/pr_cases_4328_be51ea02_6363/global-workflow/parm
+++ config.base[35]export SCRgfs=/gpfs/f6/drsa-precip3/world-shared/global/CI/GITLAB/pr_cases_4328_be51ea02_6363/global-workflow/scripts
+++ config.base[35]SCRgfs=/gpfs/f6/drsa-precip3/world-shared/global/CI/GITLAB/pr_cases_4328_be51ea02_6363/global-workflow/scripts
+++ config.base[36]export USHgfs=/gpfs/f6/drsa-precip3/world-shared/global/CI/GITLAB/pr_cases_4328_be51ea02_6363/global-workflow/ush
+++ config.base[36]USHgfs=/gpfs/f6/drsa-precip3/world-shared/global/CI/GITLAB/pr_cases_4328_be51ea02_6363/global-workflow/ush
+++ config.base[38]export FIXam=/gpfs/f6/drsa-precip3/world-shared/global/CI/GITLAB/pr_cases_4328_be51ea02_6363/global-workflow/fix/am
+++ config.base[38]FIXam=/gpfs/f6/drsa-precip3/world-shared/global/CI/GITLAB/pr_cases_4328_be51ea02_6363/global-workflow/fix/am
+++ config.base[39]export FIXaer=/gpfs/f6/drsa-precip3/world-shared/global/CI/GITLAB/pr_cases_4328_be51ea02_6363/global-workflow/fix/aer
+++ config.base[39]FIXaer=/gpfs/f6/drsa-precip3/world-shared/global/CI/GITLAB/pr_cases_4328_be51ea02_6363/global-workflow/fix/aer
+++ config.base[40]export FIXcpl=/gpfs/f6/drsa-precip3/world-shared/global/CI/GITLAB/pr_cases_4328_be51ea02_6363/global-workflow/fix/cpl
+++ config.base[40]FIXcpl=/gpfs/f6/drsa-precip3/world-shared/global/CI/GITLAB/pr_cases_4328_be51ea02_6363/global-workflow/fix/cpl
+++ config.base[41]export FIXlut=/gpfs/f6/drsa-precip3/world-shared/global/CI/GITLAB/pr_cases_4328_be51ea02_6363/global-workflow/fix/lut
+++ config.base[41]FIXlut=/gpfs/f6/drsa-precip3/world-shared/global/CI/GITLAB/pr_cases_4328_be51ea02_6363/global-workflow/fix/lut
+++ config.base[42]export FIXcice=/gpfs/f6/drsa-precip3/world-shared/global/CI/GITLAB/pr_cases_4328_be51ea02_6363/global-workflow/fix/cice
+++ config.base[42]FIXcice=/gpfs/f6/drsa-precip3/world-shared/global/CI/GITLAB/pr_cases_4328_be51ea02_6363/global-workflow/fix/cice
+++ config.base[43]export FIXmom=/gpfs/f6/drsa-precip3/world-shared/global/CI/GITLAB/pr_cases_4328_be51ea02_6363/global-workflow/fix/mom6
+++ config.base[43]FIXmom=/gpfs/f6/drsa-precip3/world-shared/global/CI/GITLAB/pr_cases_4328_be51ea02_6363/global-workflow/fix/mom6
+++ config.base[44]export FIXreg2grb2=/gpfs/f6/drsa-precip3/world-shared/global/CI/GITLAB/pr_cases_4328_be51ea02_6363/global-workflow/fix/reg2grb2
+++ config.base[44]FIXreg2grb2=/gpfs/f6/drsa-precip3/world-shared/global/CI/GITLAB/pr_cases_4328_be51ea02_6363/global-workflow/fix/reg2grb2
+++ config.base[45]export FIXgdas=/gpfs/f6/drsa-precip3/world-shared/global/CI/GITLAB/pr_cases_4328_be51ea02_6363/global-workflow/fix/gdas
+++ config.base[45]FIXgdas=/gpfs/f6/drsa-precip3/world-shared/global/CI/GITLAB/pr_cases_4328_be51ea02_6363/global-workflow/fix/gdas
+++ config.base[50]export PACKAGEROOT=/gpfs/f6/drsa-precip3/world-shared/role.glopara/nwpara
+++ config.base[50]PACKAGEROOT=/gpfs/f6/drsa-precip3/world-shared/role.glopara/nwpara
+++ config.base[51]export COMROOT=/gpfs/f6/drsa-precip3/world-shared/global/CI/GITLAB/pr_cases_4328_be51ea02_6363/RUNTESTS/COMROOT
+++ config.base[51]COMROOT=/gpfs/f6/drsa-precip3/world-shared/global/CI/GITLAB/pr_cases_4328_be51ea02_6363/RUNTESTS/COMROOT
+++ config.base[52]export COMINsyn=/gpfs/f6/drsa-precip3/world-shared/role.glopara/com/syndat
+++ config.base[52]COMINsyn=/gpfs/f6/drsa-precip3/world-shared/role.glopara/com/syndat
+++ config.base[53]export DMPDIR=/gpfs/f6/drsa-precip3/world-shared/role.glopara/dump
+++ config.base[53]DMPDIR=/gpfs/f6/drsa-precip3/world-shared/role.glopara/dump
+++ config.base[54]export IODADIR=/gpfs/f6/drsa-precip3/world-shared/role.glopara/dump_ioda
+++ config.base[54]IODADIR=/gpfs/f6/drsa-precip3/world-shared/role.glopara/dump_ioda
+++ config.base[55]export 'USE_IODADIR={{ USE_IODADIR }}'
+++ config.base[55]USE_IODADIR='{{ USE_IODADIR }}'
+++ config.base[59]export 'COMINecmwf={{ COMINecmwf }}'
+++ config.base[59]COMINecmwf='{{ COMINecmwf }}'
+++ config.base[60]export 'COMINnam={{ COMINnam }}'
+++ config.base[60]COMINnam='{{ COMINnam }}'
+++ config.base[61]export 'COMINukmet={{ COMINukmet }}'
+++ config.base[61]COMINukmet='{{ COMINukmet }}'
+++ config.base[64]export HOMEDIR=/gpfs/f6/drsa-precip4/world-shared/role.glopara
+++ config.base[64]HOMEDIR=/gpfs/f6/drsa-precip4/world-shared/role.glopara
+++ config.base[65]export STMP=/gpfs/f6/drsa-precip4/world-shared/role.glopara
+++ config.base[65]STMP=/gpfs/f6/drsa-precip4/world-shared/role.glopara
+++ config.base[66]export PTMP=/gpfs/f6/drsa-precip4/world-shared/role.glopara
+++ config.base[66]PTMP=/gpfs/f6/drsa-precip4/world-shared/role.glopara
+++ config.base[67]export NOSCRUB=/gpfs/f6/drsa-precip4/world-shared/role.glopara
+++ config.base[67]NOSCRUB=/gpfs/f6/drsa-precip4/world-shared/role.glopara
+++ config.base[70]export BASE_GIT=/gpfs/f6/drsa-precip3/world-shared/role.glopara/git
+++ config.base[70]BASE_GIT=/gpfs/f6/drsa-precip3/world-shared/role.glopara/git
+++ config.base[73]export BASE_DATA=/gpfs/f6/drsa-precip3/world-shared/role.glopara/data
+++ config.base[73]BASE_DATA=/gpfs/f6/drsa-precip3/world-shared/role.glopara/data
+++ config.base[76]export DO_PREP_SFC=NO
+++ config.base[76]DO_PREP_SFC=NO
+++ config.base[79]export DO_GOES=NO
+++ config.base[79]DO_GOES=NO
+++ config.base[80]export DO_BUFRSND=NO
+++ config.base[80]DO_BUFRSND=NO
+++ config.base[81]export DO_GEMPAK=NO
+++ config.base[81]DO_GEMPAK=NO
+++ config.base[82]export DO_AWIPS=NO
+++ config.base[82]DO_AWIPS=NO
+++ config.base[83]export DO_NPOESS=NO
+++ config.base[83]DO_NPOESS=NO
+++ config.base[84]export DO_TRACKER=YES
+++ config.base[84]DO_TRACKER=YES
+++ config.base[85]export DO_GENESIS=YES
+++ config.base[85]DO_GENESIS=YES
+++ config.base[86]export DO_GENESIS_FSU=NO
+++ config.base[86]DO_GENESIS_FSU=NO
+++ config.base[87]export DO_VERFOZN=YES
+++ config.base[87]DO_VERFOZN=YES
+++ config.base[88]export DO_VERFRAD=YES
+++ config.base[88]DO_VERFRAD=YES
+++ config.base[89]export DO_VMINMON=YES
+++ config.base[89]DO_VMINMON=YES
+++ config.base[90]export DO_ANLSTAT=YES
+++ config.base[90]DO_ANLSTAT=YES
+++ config.base[93]export MODE=cycled
+++ config.base[93]MODE=cycled
+++ config.base[94]export DO_TEST_MODE=NO
+++ config.base[94]DO_TEST_MODE=NO
+++ config.base[103]export FIXgsi=/gpfs/f6/drsa-precip3/world-shared/global/CI/GITLAB/pr_cases_4328_be51ea02_6363/global-workflow/fix/gsi
+++ config.base[103]FIXgsi=/gpfs/f6/drsa-precip3/world-shared/global/CI/GITLAB/pr_cases_4328_be51ea02_6363/global-workflow/fix/gsi
+++ config.base[104]export HOMEpost=/gpfs/f6/drsa-precip3/world-shared/global/CI/GITLAB/pr_cases_4328_be51ea02_6363/global-workflow
+++ config.base[104]HOMEpost=/gpfs/f6/drsa-precip3/world-shared/global/CI/GITLAB/pr_cases_4328_be51ea02_6363/global-workflow
+++ config.base[105]export HOMEobsproc=/gpfs/f6/drsa-precip3/world-shared/role.glopara/git/obsproc/v1.2.0
+++ config.base[105]HOMEobsproc=/gpfs/f6/drsa-precip3/world-shared/role.glopara/git/obsproc/v1.2.0
+++ config.base[108]export NMV=/bin/mv
+++ config.base[108]NMV=/bin/mv
+++ config.base[109]export 'NLN=/bin/ln -sf'
+++ config.base[109]NLN='/bin/ln -sf'
+++ config.base[110]export VERBOSE=YES
+++ config.base[110]VERBOSE=YES
+++ config.base[111]export KEEPDATA=NO
+++ config.base[111]KEEPDATA=NO
+++ config.base[112]export DEBUG_POSTSCRIPT=NO
+++ config.base[112]DEBUG_POSTSCRIPT=NO
+++ config.base[113]export CHGRP_RSTPROD=NO
+++ config.base[113]CHGRP_RSTPROD=NO
+++ config.base[114]export 'CHGRP_CMD=chgrp rstprod'
+++ config.base[114]CHGRP_CMD='chgrp rstprod'
+++ config.base[115]export NCDUMP=/autofs/ncrc-svm1_proj/epic/spack-stack/c6/spack-stack-1.9.2/envs/ue-intel-2023.2.0/install/intel/2023.2.0/netcdf-c-4.9.2-rq4wo2g/bin/ncdump
+++ config.base[115]NCDUMP=/autofs/ncrc-svm1_proj/epic/spack-stack/c6/spack-stack-1.9.2/envs/ue-intel-2023.2.0/install/intel/2023.2.0/netcdf-c-4.9.2-rq4wo2g/bin/ncdump
+++ config.base[116]export NCLEN=/gpfs/f6/drsa-precip3/world-shared/global/CI/GITLAB/pr_cases_4328_be51ea02_6363/global-workflow/ush/getncdimlen
+++ config.base[116]NCLEN=/gpfs/f6/drsa-precip3/world-shared/global/CI/GITLAB/pr_cases_4328_be51ea02_6363/global-workflow/ush/getncdimlen
+++ config.base[119]export BASE_ENV=/gpfs/f6/drsa-precip3/world-shared/global/CI/GITLAB/pr_cases_4328_be51ea02_6363/global-workflow/env
+++ config.base[119]BASE_ENV=/gpfs/f6/drsa-precip3/world-shared/global/CI/GITLAB/pr_cases_4328_be51ea02_6363/global-workflow/env
+++ config.base[122]export SDATE=2021032418
+++ config.base[122]SDATE=2021032418
+++ config.base[123]export EDATE=2021032500
+++ config.base[123]EDATE=2021032500
+++ config.base[124]export EXP_WARM_START=.true.
+++ config.base[124]EXP_WARM_START=.true.
+++ config.base[125]export assim_freq=6
+++ config.base[125]assim_freq=6
+++ config.base[126]export PSLOT=C48mx500_3DVarAOWCDA_be51ea02-6363
+++ config.base[126]PSLOT=C48mx500_3DVarAOWCDA_be51ea02-6363
+++ config.base[127]export EXPDIR=/gpfs/f6/drsa-precip3/world-shared/global/CI/GITLAB/pr_cases_4328_be51ea02_6363/RUNTESTS/EXPDIR/C48mx500_3DVarAOWCDA_be51ea02-6363
+++ config.base[127]EXPDIR=/gpfs/f6/drsa-precip3/world-shared/global/CI/GITLAB/pr_cases_4328_be51ea02_6363/RUNTESTS/EXPDIR/C48mx500_3DVarAOWCDA_be51ea02-6363
+++ config.base[128]export ROTDIR=/gpfs/f6/drsa-precip3/world-shared/global/CI/GITLAB/pr_cases_4328_be51ea02_6363/RUNTESTS/COMROOT/C48mx500_3DVarAOWCDA_be51ea02-6363
+++ config.base[128]ROTDIR=/gpfs/f6/drsa-precip3/world-shared/global/CI/GITLAB/pr_cases_4328_be51ea02_6363/RUNTESTS/COMROOT/C48mx500_3DVarAOWCDA_be51ea02-6363
+++ config.base[129]export DUMP_SUFFIX=
+++ config.base[129]DUMP_SUFFIX=
+++ config.base[130][[ 2021032500 -ge 2019092100 ]]
+++ config.base[130][[ 2021032500 -le 2019110700 ]]
+++ config.base[133]export ARCDIR=/gpfs/f6/drsa-precip4/world-shared/role.glopara/archive/C48mx500_3DVarAOWCDA_be51ea02-6363
+++ config.base[133]ARCDIR=/gpfs/f6/drsa-precip4/world-shared/role.glopara/archive/C48mx500_3DVarAOWCDA_be51ea02-6363
+++ config.base[134]export ATARDIR=/NCEPDEV/emc-global/1year/role.glopara/GAEAC6/scratch/C48mx500_3DVarAOWCDA_be51ea02-6363
+++ config.base[134]ATARDIR=/NCEPDEV/emc-global/1year/role.glopara/GAEAC6/scratch/C48mx500_3DVarAOWCDA_be51ea02-6363
+++ config.base[135]export 'FETCHDIR={{ FETCHDIR }}'
+++ config.base[135]FETCHDIR='{{ FETCHDIR }}'
+++ config.base[138]export envir=prod
+++ config.base[138]envir=prod
+++ config.base[139]export NET=gfs
+++ config.base[139]NET=gfs
+++ config.base[140]export RUN=gdas
+++ config.base[140]RUN=gdas
+++ config.base[143]source /gpfs/f6/drsa-precip3/world-shared/global/CI/GITLAB/pr_cases_4328_be51ea02_6363/RUNTESTS/EXPDIR/C48mx500_3DVarAOWCDA_be51ea02-6363/config.com
++++ config.com[4]echo 'BEGIN: config.com'
BEGIN: config.com
++++ config.com[38][[ emc == \n\c\o ]]
++++ config.com[44]COM_OBSPROC_TMPL='${DMPDIR}/${RUN}${DUMP_SUFFIX}.${YMD}/${HH}/atmos'
++++ config.com[45]COM_OBSFORGE_TMPL='${IODADIR}/${RUN}${DUMP_SUFFIX}.${YMD}/${HH}'
++++ config.com[46]COM_RTOFS_TMPL='${DMPDIR}'
++++ config.com[47]COM_TCVITAL_TMPL='${DMPDIR}/${RUN}.${YMD}/${HH}/atmos'
++++ config.com[49]declare -rx 'COM_OBS_TMPL=${ROTDIR}/${RUN}.${YMD}/${HH}/obs'
++++ config.com[50]declare -rx COM_OBSPROC_TMPL COM_RTOFS_TMPL COM_OBSFORGE_TMPL
++++ config.com[52]COM_BASE='${ROTDIR}/${RUN}.${YMD}/${HH}/${MEMDIR}'
++++ config.com[54]declare -rx 'COM_TOP_TMPL=${ROTDIR}/${RUN}.${YMD}/${HH}'
++++ config.com[56]declare -rx 'COM_CONF_TMPL=${ROTDIR}/${RUN}.${YMD}/${HH}/${MEMDIR}/conf'
++++ config.com[58]declare -rx 'COM_ATMOS_INPUT_TMPL=${ROTDIR}/${RUN}.${YMD}/${HH}/${MEMDIR}/model/atmos/input'
++++ config.com[59]declare -rx 'COM_ATMOS_RESTART_TMPL=${ROTDIR}/${RUN}.${YMD}/${HH}/${MEMDIR}/model/atmos/restart'
++++ config.com[60]declare -rx 'COM_ATMOS_ANALYSIS_TMPL=${ROTDIR}/${RUN}.${YMD}/${HH}/${MEMDIR}/analysis/atmos'
++++ config.com[61]declare -rx 'COM_SNOW_ANALYSIS_TMPL=${ROTDIR}/${RUN}.${YMD}/${HH}/${MEMDIR}/analysis/snow'
++++ config.com[62]declare -rx 'COM_SNOW_ANLMON_TMPL=${ROTDIR}/${RUN}.${YMD}/${HH}/${MEMDIR}/products/snow/anlmon'
++++ config.com[63]declare -rx 'COM_ATMOS_HISTORY_TMPL=${ROTDIR}/${RUN}.${YMD}/${HH}/${MEMDIR}/model/atmos/history'
++++ config.com[64]declare -rx 'COM_ATMOS_MASTER_TMPL=${ROTDIR}/${RUN}.${YMD}/${HH}/${MEMDIR}/model/atmos/master'
++++ config.com[65]declare -rx 'COM_ATMOS_GRIB_TMPL=${ROTDIR}/${RUN}.${YMD}/${HH}/${MEMDIR}/products/atmos/grib2'
++++ config.com[66]declare -rx 'COM_ATMOS_GRIB_GRID_TMPL=${ROTDIR}/${RUN}.${YMD}/${HH}/${MEMDIR}/products/atmos/grib2/${GRID}'
++++ config.com[67]declare -rx 'COM_ATMOS_BUFR_TMPL=${ROTDIR}/${RUN}.${YMD}/${HH}/${MEMDIR}/products/atmos/bufr'
++++ config.com[68]declare -rx 'COM_ATMOS_GEMPAK_TMPL=${ROTDIR}/${RUN}.${YMD}/${HH}/${MEMDIR}/products/atmos/gempak/${GRID}'
++++ config.com[69]declare -rx 'COM_ATMOS_GENESIS_TMPL=${ROTDIR}/${RUN}.${YMD}/${HH}/${MEMDIR}/products/atmos/cyclone/genesis_vital'
++++ config.com[70]declare -rx 'COM_ATMOS_TRACK_TMPL=${ROTDIR}/${RUN}.${YMD}/${HH}/${MEMDIR}/products/atmos/cyclone/tracks'
++++ config.com[71]declare -rx 'COM_ATMOS_GOES_TMPL=${ROTDIR}/${RUN}.${YMD}/${HH}/${MEMDIR}/products/atmos/goes_sim'
++++ config.com[72]declare -rx 'COM_ATMOS_IMAGERY_TMPL=${ROTDIR}/${RUN}.${YMD}/${HH}/${MEMDIR}/products/atmos/imagery'
++++ config.com[73]declare -rx 'COM_ATMOS_OZNMON_TMPL=${ROTDIR}/${RUN}.${YMD}/${HH}/${MEMDIR}/products/atmos/oznmon'
++++ config.com[74]declare -rx 'COM_ATMOS_RADMON_TMPL=${ROTDIR}/${RUN}.${YMD}/${HH}/${MEMDIR}/products/atmos/radmon'
++++ config.com[75]declare -rx 'COM_ATMOS_MINMON_TMPL=${ROTDIR}/${RUN}.${YMD}/${HH}/${MEMDIR}/products/atmos/minmon'
++++ config.com[76]declare -rx 'COM_ATMOS_ANLMON_TMPL=${ROTDIR}/${RUN}.${YMD}/${HH}/${MEMDIR}/products/atmos/anlmon'
++++ config.com[77]declare -rx 'COM_ATMOS_WMO_TMPL=${ROTDIR}/${RUN}.${YMD}/${HH}/${MEMDIR}/products/atmos/wmo'
++++ config.com[79]declare -rx 'COM_WAVE_RESTART_TMPL=${ROTDIR}/${RUN}.${YMD}/${HH}/${MEMDIR}/model/wave/restart'
++++ config.com[80]declare -rx 'COM_WAVE_PREP_TMPL=${ROTDIR}/${RUN}.${YMD}/${HH}/${MEMDIR}/model/wave/prep'
++++ config.com[81]declare -rx 'COM_WAVE_HISTORY_TMPL=${ROTDIR}/${RUN}.${YMD}/${HH}/${MEMDIR}/model/wave/history'
++++ config.com[82]declare -rx 'COM_WAVE_GRID_TMPL=${ROTDIR}/${RUN}.${YMD}/${HH}/${MEMDIR}/products/wave/gridded'
++++ config.com[83]declare -rx 'COM_WAVE_GRID_RES_TMPL=${ROTDIR}/${RUN}.${YMD}/${HH}/${MEMDIR}/products/wave/gridded/${GRDRESNAME}'
++++ config.com[84]declare -rx 'COM_WAVE_STATION_TMPL=${ROTDIR}/${RUN}.${YMD}/${HH}/${MEMDIR}/products/wave/station'
++++ config.com[85]declare -rx 'COM_WAVE_GEMPAK_TMPL=${ROTDIR}/${RUN}.${YMD}/${HH}/${MEMDIR}/products/wave/gempak'
++++ config.com[86]declare -rx 'COM_WAVE_WMO_TMPL=${ROTDIR}/${RUN}.${YMD}/${HH}/${MEMDIR}/products/wave/wmo'
++++ config.com[88]declare -rx 'COM_OCEAN_HISTORY_TMPL=${ROTDIR}/${RUN}.${YMD}/${HH}/${MEMDIR}/model/ocean/history'
++++ config.com[89]declare -rx 'COM_OCEAN_RESTART_TMPL=${ROTDIR}/${RUN}.${YMD}/${HH}/${MEMDIR}/model/ocean/restart'
++++ config.com[90]declare -rx 'COM_OCEAN_INPUT_TMPL=${ROTDIR}/${RUN}.${YMD}/${HH}/${MEMDIR}/model/ocean/input'
++++ config.com[91]declare -rx 'COM_OCEAN_ANALYSIS_TMPL=${ROTDIR}/${RUN}.${YMD}/${HH}/${MEMDIR}/analysis/ocean'
++++ config.com[92]declare -rx 'COM_OCEAN_ANLMON_TMPL=${ROTDIR}/${RUN}.${YMD}/${HH}/${MEMDIR}/products/ocean/anlmon'
++++ config.com[93]declare -rx 'COM_OCEAN_LETKF_TMPL=${ROTDIR}/${RUN}.${YMD}/${HH}/${MEMDIR}/analysis/ocean/letkf'
++++ config.com[94]declare -rx 'COM_OCEAN_BMATRIX_TMPL=${ROTDIR}/${RUN}.${YMD}/${HH}/${MEMDIR}/bmatrix/ocean'
++++ config.com[95]declare -rx 'COM_OCEAN_NETCDF_TMPL=${ROTDIR}/${RUN}.${YMD}/${HH}/${MEMDIR}/products/ocean/netcdf'
++++ config.com[96]declare -rx 'COM_OCEAN_GRIB_TMPL=${ROTDIR}/${RUN}.${YMD}/${HH}/${MEMDIR}/products/ocean/grib2'
++++ config.com[97]declare -rx 'COM_OCEAN_GRIB_GRID_TMPL=${ROTDIR}/${RUN}.${YMD}/${HH}/${MEMDIR}/products/ocean/grib2/${GRID}'
++++ config.com[99]declare -rx 'COM_ICE_ANALYSIS_TMPL=${ROTDIR}/${RUN}.${YMD}/${HH}/${MEMDIR}/analysis/ice'
++++ config.com[100]declare -rx 'COM_ICE_LETKF_TMPL=${ROTDIR}/${RUN}.${YMD}/${HH}/${MEMDIR}/analysis/ice/letkf'
++++ config.com[101]declare -rx 'COM_ICE_ANLMON_TMPL=${ROTDIR}/${RUN}.${YMD}/${HH}/${MEMDIR}/products/ice/anlmon'
++++ config.com[102]declare -rx 'COM_ICE_BMATRIX_TMPL=${ROTDIR}/${RUN}.${YMD}/${HH}/${MEMDIR}/bmatrix/ice'
++++ config.com[103]declare -rx 'COM_ICE_INPUT_TMPL=${ROTDIR}/${RUN}.${YMD}/${HH}/${MEMDIR}/model/ice/input'
++++ config.com[104]declare -rx 'COM_ICE_HISTORY_TMPL=${ROTDIR}/${RUN}.${YMD}/${HH}/${MEMDIR}/model/ice/history'
++++ config.com[105]declare -rx 'COM_ICE_RESTART_TMPL=${ROTDIR}/${RUN}.${YMD}/${HH}/${MEMDIR}/model/ice/restart'
++++ config.com[106]declare -rx 'COM_ICE_NETCDF_TMPL=${ROTDIR}/${RUN}.${YMD}/${HH}/${MEMDIR}/products/ice/netcdf'
++++ config.com[107]declare -rx 'COM_ICE_GRIB_TMPL=${ROTDIR}/${RUN}.${YMD}/${HH}/${MEMDIR}/products/ice/grib2'
++++ config.com[108]declare -rx 'COM_ICE_GRIB_GRID_TMPL=${ROTDIR}/${RUN}.${YMD}/${HH}/${MEMDIR}/products/ice/grib2/${GRID}'
++++ config.com[110]declare -rx 'COM_CHEM_HISTORY_TMPL=${ROTDIR}/${RUN}.${YMD}/${HH}/${MEMDIR}/model/chem/history'
++++ config.com[111]declare -rx 'COM_CHEM_ANALYSIS_TMPL=${ROTDIR}/${RUN}.${YMD}/${HH}/${MEMDIR}/analysis/chem'
++++ config.com[112]declare -rx 'COM_CHEM_BMAT_TMPL=${ROTDIR}/${RUN}.${YMD}/${HH}/${MEMDIR}/analysis/chem/bmatrix'
++++ config.com[113]declare -rx 'COM_CHEM_ANLMON_TMPL=${ROTDIR}/${RUN}.${YMD}/${HH}/${MEMDIR}/products/chem/anlmon'
++++ config.com[115]declare -rx 'COM_MED_RESTART_TMPL=${ROTDIR}/${RUN}.${YMD}/${HH}/${MEMDIR}/model/med/restart'
+++ config.base[145]export LOGSCRIPT=
+++ config.base[145]LOGSCRIPT=
+++ config.base[148]export SENDECF=NO
+++ config.base[148]SENDECF=NO
+++ config.base[149]export SENDSDM=NO
+++ config.base[149]SENDSDM=NO
+++ config.base[150]export SENDDBN_NTC=NO
+++ config.base[150]SENDDBN_NTC=NO
+++ config.base[151]export SENDDBN=NO
+++ config.base[151]SENDDBN=NO
+++ config.base[152]export DBNROOT=/autofs/ncrc-svm1_proj/epic/spack-stack/c6/spack-stack-1.9.2/envs/ue-intel-2023.2.0/install/intel/2023.2.0/prod-util-2.1.1-dufpund/fakedbn
+++ config.base[152]DBNROOT=/autofs/ncrc-svm1_proj/epic/spack-stack/c6/spack-stack-1.9.2/envs/ue-intel-2023.2.0/install/intel/2023.2.0/prod-util-2.1.1-dufpund/fakedbn
+++ config.base[153]export SENDAWIP=NO
+++ config.base[153]SENDAWIP=NO
+++ config.base[156]export APP=S2SW
+++ config.base[156]APP=S2SW
+++ config.base[158]shopt -s extglob
+++ config.base[161]case "${RUN}" in
+++ config.base[168]shopt -u extglob
+++ config.base[171]export DO_ATM=YES
+++ config.base[171]DO_ATM=YES
+++ config.base[172]export DO_COUPLED=NO
+++ config.base[172]DO_COUPLED=NO
+++ config.base[173]export DO_WAVE=NO
+++ config.base[173]DO_WAVE=NO
+++ config.base[174]export DO_OCN=NO
+++ config.base[174]DO_OCN=NO
+++ config.base[175]export DO_ICE=NO
+++ config.base[175]DO_ICE=NO
+++ config.base[176]DO_AERO=NO
+++ config.base[177]export DO_PREP_OBS_AERO=NO
+++ config.base[177]DO_PREP_OBS_AERO=NO
+++ config.base[178]aero_fcst_runs=gdas
+++ config.base[179]aero_anl_runs='gdas gfs'
+++ config.base[180]export DO_AERO_FCST=NO
+++ config.base[180]DO_AERO_FCST=NO
+++ config.base[181]export DO_AERO_ANL=NO
+++ config.base[181]DO_AERO_ANL=NO
+++ config.base[182][[ gdas == \g\f\s ]]
+++ config.base[185]export DOBNDPNT_WAVE=NO
+++ config.base[185]DOBNDPNT_WAVE=NO
+++ config.base[188]export FRAC_GRID=.true.
+++ config.base[188]FRAC_GRID=.true.
+++ config.base[189]export DO_NEST=NO
+++ config.base[189]DO_NEST=NO
+++ config.base[190][[ NO == \Y\E\S ]]
+++ config.base[196]export ntiles=6
+++ config.base[196]ntiles=6
+++ config.base[197]export FIXugwd=/gpfs/f6/drsa-precip3/world-shared/global/CI/GITLAB/pr_cases_4328_be51ea02_6363/global-workflow/fix/ugwd
+++ config.base[197]FIXugwd=/gpfs/f6/drsa-precip3/world-shared/global/CI/GITLAB/pr_cases_4328_be51ea02_6363/global-workflow/fix/ugwd
+++ config.base[198]export FIXorog=/gpfs/f6/drsa-precip3/world-shared/global/CI/GITLAB/pr_cases_4328_be51ea02_6363/global-workflow/fix/orog
+++ config.base[198]FIXorog=/gpfs/f6/drsa-precip3/world-shared/global/CI/GITLAB/pr_cases_4328_be51ea02_6363/global-workflow/fix/orog
+++ config.base[202]export OPS_RES=C768
+++ config.base[202]OPS_RES=C768
+++ config.base[205]export LEVS=128
+++ config.base[205]LEVS=128
+++ config.base[206]export CASE=C48
+++ config.base[206]CASE=C48
+++ config.base[207]export 'CASE_ENS={{ CASE_ENS }}'
+++ config.base[207]CASE_ENS='{{ CASE_ENS }}'
+++ config.base[208]export CASE_ANL=C48
+++ config.base[208]CASE_ANL=C48
+++ config.base[209]export CASE_HIST=C48
+++ config.base[209]CASE_HIST=C48
+++ config.base[210]export OCNRES=500
+++ config.base[210]OCNRES=500
+++ config.base[211]export ICERES=500
+++ config.base[211]ICERES=500
+++ config.base[214]case "${CASE}" in
+++ config.base[216]export waveGRD=uglo_100km
+++ config.base[216]waveGRD=uglo_100km
+++ config.base[233]case "${APP}" in
+++ config.base[249]export DO_COUPLED=YES
+++ config.base[249]DO_COUPLED=YES
+++ config.base[250]export DO_OCN=YES
+++ config.base[250]DO_OCN=YES
+++ config.base[251]export DO_ICE=YES
+++ config.base[251]DO_ICE=YES
+++ config.base[253][[ S2SW =~ A$ ]]
+++ config.base[257][[ S2SW =~ ^S2SW ]]
+++ config.base[258]export DO_WAVE=YES
+++ config.base[258]DO_WAVE=YES
+++ config.base[268][[ NO == \Y\E\S ]]
+++ config.base[278][[ gdas =~ gdas ]]
+++ config.base[279]export FHCYC=1
+++ config.base[279]FHCYC=1
+++ config.base[280]export FTSFS=10
+++ config.base[280]FTSFS=10
+++ config.base[286]export FHMIN=0
+++ config.base[286]FHMIN=0
+++ config.base[287]export FHMAX=9
+++ config.base[287]FHMAX=9
+++ config.base[288]export FHOUT=3
+++ config.base[288]FHOUT=3
+++ config.base[289]export FHOUT_OCN=3
+++ config.base[289]FHOUT_OCN=3
+++ config.base[290]export FHOUT_ICE=3
+++ config.base[290]FHOUT_ICE=3
+++ config.base[291]export FHOUT_AERO=3
+++ config.base[291]FHOUT_AERO=3
+++ config.base[294]export EUPD_CYC=gdas
+++ config.base[294]EUPD_CYC=gdas
+++ config.base[297]export INTERVAL_GFS=6
+++ config.base[297]INTERVAL_GFS=6
+++ config.base[298]export SDATE_GFS=2021032500
+++ config.base[298]SDATE_GFS=2021032500
+++ config.base[301]export FHMIN_GFS=0
+++ config.base[301]FHMIN_GFS=0
+++ config.base[302]export FHMAX_GFS=120
+++ config.base[302]FHMAX_GFS=120
+++ config.base[304]breakpnts=
+++ config.base[305]export FCST_SEGMENTS=0,120
+++ config.base[305]FCST_SEGMENTS=0,120
+++ config.base[306]export FHOUT_GFS=3
+++ config.base[306]FHOUT_GFS=3
+++ config.base[307]export FHMAX_HF_GFS=48
+++ config.base[307]FHMAX_HF_GFS=48
+++ config.base[308]export FHMAX_HF_GFS=48
+++ config.base[308]FHMAX_HF_GFS=48
+++ config.base[309]export FHOUT_HF_GFS=1
+++ config.base[309]FHOUT_HF_GFS=1
+++ config.base[312]export FHMIN_WAV=0
+++ config.base[312]FHMIN_WAV=0
+++ config.base[313]export FHOUT_WAV=1
+++ config.base[313]FHOUT_WAV=1
+++ config.base[314]export FHMAX_WAV=9
+++ config.base[314]FHMAX_WAV=9
+++ config.base[315]export FHMAX_WAV=9
+++ config.base[315]FHMAX_WAV=9
+++ config.base[316]export FHOUT_WAV_GFS=3
+++ config.base[316]FHOUT_WAV_GFS=3
+++ config.base[317]export FHMAX_WAV_GFS=120
+++ config.base[317]FHMAX_WAV_GFS=120
+++ config.base[318]export FHOUT_HF_WAV=1
+++ config.base[318]FHOUT_HF_WAV=1
+++ config.base[319]export FHMAX_HF_WAV=48
+++ config.base[319]FHMAX_HF_WAV=48
+++ config.base[320]export FHMAX_HF_WAV=48
+++ config.base[320]FHMAX_HF_WAV=48
+++ config.base[323]export FHOUT_OCN_GFS=6
+++ config.base[323]FHOUT_OCN_GFS=6
+++ config.base[324]export FHOUT_ICE_GFS=6
+++ config.base[324]FHOUT_ICE_GFS=6
+++ config.base[327]export ILPOST=1
+++ config.base[327]ILPOST=1
+++ config.base[328]((  FHMAX_HF_GFS < 120  ))
+++ config.base[329]export ILPOST=3
+++ config.base[329]ILPOST=3
+++ config.base[333]export FHMAX_GOES=180
+++ config.base[333]FHMAX_GOES=180
+++ config.base[334]export FHOUT_GOES=3
+++ config.base[334]FHOUT_GOES=3
+++ config.base[335]((  FHMAX_GOES > FHMAX_GFS  ))
+++ config.base[336]export FHMAX_GOES=120
+++ config.base[336]FHMAX_GOES=120
+++ config.base[340]export restart_interval_gfs=12
+++ config.base[340]restart_interval_gfs=12
+++ config.base[345]export QUILTING=.true.
+++ config.base[345]QUILTING=.true.
+++ config.base[346]export OUTPUT_GRID=gaussian_grid
+++ config.base[346]OUTPUT_GRID=gaussian_grid
+++ config.base[347]export WRITE_DOPOST=.true.
+++ config.base[347]WRITE_DOPOST=.true.
+++ config.base[348]export WRITE_NSFLIP=.true.
+++ config.base[348]WRITE_NSFLIP=.true.
+++ config.base[351]export DOIAU=YES
+++ config.base[351]DOIAU=YES
+++ config.base[352]export IAUFHRS=3,6,9
+++ config.base[352]IAUFHRS=3,6,9
+++ config.base[353]export IAU_FHROT=3
+++ config.base[353]IAU_FHROT=3
+++ config.base[354]export IAU_DELTHRS=6
+++ config.base[354]IAU_DELTHRS=6
+++ config.base[355]export IAU_OFFSET=6
+++ config.base[355]IAU_OFFSET=6
+++ config.base[356]export DOIAU_ENKF=YES
+++ config.base[356]DOIAU_ENKF=YES
+++ config.base[357]export IAUFHRS_ENKF=3,6,9
+++ config.base[357]IAUFHRS_ENKF=3,6,9
+++ config.base[358]export IAU_DELTHRS_ENKF=6
+++ config.base[358]IAU_DELTHRS_ENKF=6
+++ config.base[361]export lobsdiag_forenkf=.true.
+++ config.base[361]lobsdiag_forenkf=.true.
+++ config.base[369]export imp_physics=8
+++ config.base[369]imp_physics=8
+++ config.base[373]export DO_JEDIATMVAR=NO
+++ config.base[373]DO_JEDIATMVAR=NO
+++ config.base[374]export DO_JEDIATMENS=NO
+++ config.base[374]DO_JEDIATMENS=NO
+++ config.base[375]export DO_JEDIOCNVAR=YES
+++ config.base[375]DO_JEDIOCNVAR=YES
+++ config.base[376]export DO_JEDISNOWDA=NO
+++ config.base[376]DO_JEDISNOWDA=NO
+++ config.base[377]export DO_MERGENSST=NO
+++ config.base[377]DO_MERGENSST=NO
+++ config.base[379][[ .true. = \.\t\r\u\e\. ]]
+++ config.base[380]export DO_STARTMEM_FROM_JEDIICE=YES
+++ config.base[380]DO_STARTMEM_FROM_JEDIICE=YES
+++ config.base[386]export DOHYBVAR=NO
+++ config.base[386]DOHYBVAR=NO
+++ config.base[387]export DOHYBVAR_OCN=NO
+++ config.base[387]DOHYBVAR_OCN=NO
+++ config.base[388]export DOLETKF_OCN=NO
+++ config.base[388]DOLETKF_OCN=NO
+++ config.base[389]export NMEM_ENS=0
+++ config.base[389]NMEM_ENS=0
+++ config.base[390]export SMOOTH_ENKF=NO
+++ config.base[390]SMOOTH_ENKF=NO
+++ config.base[391]export l4densvar=.true.
+++ config.base[391]l4densvar=.true.
+++ config.base[392]export lwrite4danl=.true.
+++ config.base[392]lwrite4danl=.true.
+++ config.base[393]export DO_CALC_INCREMENT=NO
+++ config.base[393]DO_CALC_INCREMENT=NO
+++ config.base[394]export USE_BUILD_GSINFO=YES
+++ config.base[394]USE_BUILD_GSINFO=YES
+++ config.base[395]export BUILD_GSINFO_DIR=/gpfs/f6/drsa-precip3/world-shared/global/CI/GITLAB/pr_cases_4328_be51ea02_6363/global-workflow/parm/gsinfo
+++ config.base[395]BUILD_GSINFO_DIR=/gpfs/f6/drsa-precip3/world-shared/global/CI/GITLAB/pr_cases_4328_be51ea02_6363/global-workflow/parm/gsinfo
+++ config.base[398]export NMEM_ENS_GFS=30
+++ config.base[398]NMEM_ENS_GFS=30
+++ config.base[399]export NMEM_ENS_GFS_OFFSET=20
+++ config.base[399]NMEM_ENS_GFS_OFFSET=20
+++ config.base[400]export DO_CALC_INCREMENT_ENKF_GFS=NO
+++ config.base[400]DO_CALC_INCREMENT_ENKF_GFS=NO
+++ config.base[403][[ NO = \Y\E\S ]]
+++ config.base[417][[ NO == \N\O ]]
+++ config.base[417][[ YES == \Y\E\S ]]
+++ config.base[418]export IAUFHRS=6,
+++ config.base[418]IAUFHRS=6,
+++ config.base[419]export IAU_FHROT=3
+++ config.base[419]IAU_FHROT=3
+++ config.base[420]export IAU_FILTER_INCREMENTS=.true.
+++ config.base[420]IAU_FILTER_INCREMENTS=.true.
+++ config.base[421]export IAUFHRS_ENKF=6,
+++ config.base[421]IAUFHRS_ENKF=6,
+++ config.base[425]export ENKF_SPREAD=YES
+++ config.base[425]ENKF_SPREAD=YES
+++ config.base[428][[ gdas == \g\d\a\s ]]
+++ config.base[429]export DO_GSISOILDA=NO
+++ config.base[429]DO_GSISOILDA=NO
+++ config.base[430]export DO_LAND_IAU=.false.
+++ config.base[430]DO_LAND_IAU=.false.
+++ config.base[435]export LSOIL_INCR=2
+++ config.base[435]LSOIL_INCR=2
+++ config.base[438][[ cycled = \c\y\c\l\e\d ]]
+++ config.base[438][[ 2021032418 = \2\0\2\1\0\3\2\5\0\0 ]]
+++ config.base[438][[ YES = \N\O ]]
+++ config.base[438][[ cycled = \f\o\r\e\c\a\s\t\-\o\n\l\y ]]
+++ config.base[445][[ YES = \N\O ]]
+++ config.base[451][[ YES == \Y\E\S ]]
+++ config.base[452]export restart_interval_enkfgdas=3
+++ config.base[452]restart_interval_enkfgdas=3
+++ config.base[457]export restart_interval_enkfgfs=3
+++ config.base[457]restart_interval_enkfgfs=3
+++ config.base[459][[ YES == \Y\E\S ]]
+++ config.base[460]export restart_interval_gdas=3
+++ config.base[460]restart_interval_gdas=3
+++ config.base[466]export DONST=YES
+++ config.base[466]DONST=YES
+++ config.base[467][[ YES = \Y\E\S ]]
+++ config.base[467]export 'FNTSFA=        '
+++ config.base[467]FNTSFA='        '
+++ config.base[470]export nst_anl=.true.
+++ config.base[470]nst_anl=.true.
+++ config.base[473]export 'INCREMENTS_TO_ZERO='\''liq_wat_inc'\'','\''icmr_inc'\'','\''rwmr_inc'\'','\''snmr_inc'\'','\''grle_inc'\'''
+++ config.base[473]INCREMENTS_TO_ZERO=''\''liq_wat_inc'\'','\''icmr_inc'\'','\''rwmr_inc'\'','\''snmr_inc'\'','\''grle_inc'\'''
+++ config.base[476]export 'INCVARS_ZERO_STRAT='\''sphum_inc'\'','\''liq_wat_inc'\'','\''icmr_inc'\'','\''rwmr_inc'\'','\''snmr_inc'\'','\''grle_inc'\'''
+++ config.base[476]INCVARS_ZERO_STRAT=''\''sphum_inc'\'','\''liq_wat_inc'\'','\''icmr_inc'\'','\''rwmr_inc'\'','\''snmr_inc'\'','\''grle_inc'\'''
+++ config.base[477]export INCVARS_EFOLD=5
+++ config.base[477]INCVARS_EFOLD=5
+++ config.base[482]export netcdf_diag=.true.
+++ config.base[482]netcdf_diag=.true.
+++ config.base[483]export binary_diag=.false.
+++ config.base[483]binary_diag=.false.
+++ config.base[486]export DO_CA=YES
+++ config.base[486]DO_CA=YES
+++ config.base[489]export DO_METP=NO
+++ config.base[489]DO_METP=NO
+++ config.base[490]export DO_FIT2OBS=YES
+++ config.base[490]DO_FIT2OBS=YES
+++ config.base[493]export FHMAX_FITS=132
+++ config.base[493]FHMAX_FITS=132
+++ config.base[494][[ 132 -gt 120 ]]
+++ config.base[495]export FHMAX_FITS=120
+++ config.base[495]FHMAX_FITS=120
+++ config.base[500]export DO_FETCH_HPSS=NO
+++ config.base[500]DO_FETCH_HPSS=NO
+++ config.base[501]export DO_FETCH_LOCAL=NO
+++ config.base[501]DO_FETCH_LOCAL=NO
+++ config.base[504]export DO_ARCHCOM=YES
+++ config.base[504]DO_ARCHCOM=YES
+++ config.base[505]export ARCHCOM_TO=hpss
+++ config.base[505]ARCHCOM_TO=hpss
+++ config.base[508]export 'CLIENT_GLOBUS_UUID={{ CLIENT_GLOBUS_UUID }}'
+++ config.base[508]CLIENT_GLOBUS_UUID='{{ CLIENT_GLOBUS_UUID }}'
+++ config.base[511][[ NO = \Y\E\S ]]
+++ config.base[520][[ GAEAC6 == \U\R\S\A ]]
+++ config.base[520][[ GAEAC6 == \G\A\E\A\C\6 ]]
+++ config.base[521]export DO_METP=NO
+++ config.base[521]DO_METP=NO
+++ config.base[525]export OFFSET_START_HOUR=0
+++ config.base[525]OFFSET_START_HOUR=0
+++ config.base[528]export NUM_SND_COLLECTIVES=9
+++ config.base[528]NUM_SND_COLLECTIVES=9
+++ config.base[531][[ NO == \Y\E\S ]]
+++ config.base[539]echo 'END: config.base'
END: config.base
++ jjob_header.sh[103]true
++ jjob_header.sh[104]export err=0
++ jjob_header.sh[104]err=0
++ jjob_header.sh[105][[ 0 -ne 0 ]]
++ jjob_header.sh[102]for config in "${configs[@]:-''}"
++ jjob_header.sh[103]source /gpfs/f6/drsa-precip3/world-shared/global/CI/GITLAB/pr_cases_4328_be51ea02_6363/RUNTESTS/EXPDIR/C48mx500_3DVarAOWCDA_be51ea02-6363/config.anal
+++ config.anal[6]echo 'BEGIN: config.anal'
BEGIN: config.anal
+++ config.anal[9]source /gpfs/f6/drsa-precip3/world-shared/global/CI/GITLAB/pr_cases_4328_be51ea02_6363/RUNTESTS/EXPDIR/C48mx500_3DVarAOWCDA_be51ea02-6363/config.resources anal
++++ config.resources[10]((  1 != 1  ))
++++ config.resources[34]step=anal
++++ config.resources[36]echo 'BEGIN: config.resources'
BEGIN: config.resources
++++ config.resources[38]case ${machine} in
++++ config.resources[57]max_tasks_per_node=192
++++ config.resources[58]mem_node_max=384GB
++++ config.resources[99]export max_tasks_per_node
++++ config.resources[101]case ${step} in
++++ config.resources[671][[ gdas = *gdas ]]
++++ config.resources[672]walltime=01:20:00
++++ config.resources[673]case ${CASE} in
++++ config.resources[684]ntasks=84
++++ config.resources[685]threads_per_task=5
++++ config.resources[712]tasks_per_node=38
++++ config.resources[713]export threads_per_task_cycle=5
++++ config.resources[713]threads_per_task_cycle=5
++++ config.resources[714]export tasks_per_node_cycle=38
++++ config.resources[714]tasks_per_node_cycle=38
++++ config.resources[715]export is_exclusive=True
++++ config.resources[715]is_exclusive=True
++++ config.resources[1401][[ -f /gpfs/f6/drsa-precip3/world-shared/global/CI/GITLAB/pr_cases_4328_be51ea02_6363/RUNTESTS/EXPDIR/C48mx500_3DVarAOWCDA_be51ea02-6363/config.resources.GAEAC6 ]]
++++ config.resources[1402]source /gpfs/f6/drsa-precip3/world-shared/global/CI/GITLAB/pr_cases_4328_be51ea02_6363/RUNTESTS/EXPDIR/C48mx500_3DVarAOWCDA_be51ea02-6363/config.resources.GAEAC6
+++++ config.resources.GAEAC6[6]unset memory
+++++ config.resources.GAEAC6[7]unset memory_gdas
+++++ config.resources.GAEAC6[9]case ${step} in
+++++ config.resources.GAEAC6[43]case ${CASE} in
+++++ config.resources.GAEAC6[53][[ C48 == \C\7\6\8 ]]
+++++ config.resources.GAEAC6[53][[ C48 == \C\1\1\5\2 ]]
++++ config.resources[1406]for resource_var in threads_per_task ntasks tasks_per_node NTASKS memory walltime
++++ config.resources[1407]run_resource_var=threads_per_task_gdas
++++ config.resources[1408][[ -n '' ]]
++++ config.resources[1410][[ -n 0 ]]
++++ config.resources[1411]export threads_per_task
++++ config.resources[1406]for resource_var in threads_per_task ntasks tasks_per_node NTASKS memory walltime
++++ config.resources[1407]run_resource_var=ntasks_gdas
++++ config.resources[1408][[ -n '' ]]
++++ config.resources[1410][[ -n 0 ]]
++++ config.resources[1411]export ntasks
++++ config.resources[1406]for resource_var in threads_per_task ntasks tasks_per_node NTASKS memory walltime
++++ config.resources[1407]run_resource_var=tasks_per_node_gdas
++++ config.resources[1408][[ -n '' ]]
++++ config.resources[1410][[ -n 0 ]]
++++ config.resources[1411]export tasks_per_node
++++ config.resources[1406]for resource_var in threads_per_task ntasks tasks_per_node NTASKS memory walltime
++++ config.resources[1407]run_resource_var=NTASKS_gdas
++++ config.resources[1408][[ -n '' ]]
++++ config.resources[1410][[ -n '' ]]
++++ config.resources[1406]for resource_var in threads_per_task ntasks tasks_per_node NTASKS memory walltime
++++ config.resources[1407]run_resource_var=memory_gdas
++++ config.resources[1408][[ -n '' ]]
++++ config.resources[1410][[ -n '' ]]
++++ config.resources[1406]for resource_var in threads_per_task ntasks tasks_per_node NTASKS memory walltime
++++ config.resources[1407]run_resource_var=walltime_gdas
++++ config.resources[1408][[ -n '' ]]
++++ config.resources[1410][[ -n 0 ]]
++++ config.resources[1411]export walltime
++++ config.resources[1415]echo 'END: config.resources'
END: config.resources
+++ config.anal[11][[ YES = \Y\E\S ]]
+++ config.anal[12]source /gpfs/f6/drsa-precip3/world-shared/global/CI/GITLAB/pr_cases_4328_be51ea02_6363/RUNTESTS/EXPDIR/C48mx500_3DVarAOWCDA_be51ea02-6363/config.nsst
++++ config.nsst[6]echo 'BEGIN: config.nsst'
BEGIN: config.nsst
++++ config.nsst[11]export NST_MODEL=2
++++ config.nsst[11]NST_MODEL=2
++++ config.nsst[14][[ NO == \Y\E\S ]]
++++ config.nsst[14][[ NO == \Y\E\S ]]
++++ config.nsst[19]export NST_SPINUP=0
++++ config.nsst[19]NST_SPINUP=0
++++ config.nsst[20]cdate=2021032500
++++ config.nsst[21]((  cdate < 2017072000  ))
++++ config.nsst[26]export NST_RESV=0
++++ config.nsst[26]NST_RESV=0
++++ config.nsst[29]export ZSEA1=0
++++ config.nsst[29]ZSEA1=0
++++ config.nsst[30]export ZSEA2=0
++++ config.nsst[30]ZSEA2=0
++++ config.nsst[32]export NST_GSI=3
++++ config.nsst[32]NST_GSI=3
++++ config.nsst[36]export NSTINFO=0
++++ config.nsst[36]NSTINFO=0
++++ config.nsst[37]((  NST_GSI > 0  ))
++++ config.nsst[37]export NSTINFO=4
++++ config.nsst[37]NSTINFO=4
++++ config.nsst[39]echo 'END: config.nsst'
END: config.nsst
+++ config.anal[15][[ gdas == \g\f\s ]]
+++ config.anal[23][[ 128 = \1\2\8 ]]
+++ config.anal[24]export 'GRIDOPTS=nlayers(63)=1,nlayers(64)=1,'
+++ config.anal[24]GRIDOPTS='nlayers(63)=1,nlayers(64)=1,'
+++ config.anal[25]export SETUP=gpstop=55,nsig_ext=45,
+++ config.anal[25]SETUP=gpstop=55,nsig_ext=45,
+++ config.anal[29]export lobsdiag_forenkf=.false.
+++ config.anal[29]lobsdiag_forenkf=.false.
+++ config.anal[33][[ NO = \Y\E\S ]]
+++ config.anal[38]export GSNDBF=/dev/null
+++ config.anal[38]GSNDBF=/dev/null
+++ config.anal[39]export AMSREBF=/dev/null
+++ config.anal[39]AMSREBF=/dev/null
+++ config.anal[40]export SSMITBF=/dev/null
+++ config.anal[40]SSMITBF=/dev/null
+++ config.anal[41]export AMSR2BF=/dev/null
+++ config.anal[41]AMSR2BF=/dev/null
+++ config.anal[46]export CONVINFO=/gpfs/f6/drsa-precip3/world-shared/global/CI/GITLAB/pr_cases_4328_be51ea02_6363/global-workflow/fix/gsi/global_convinfo.txt
+++ config.anal[46]CONVINFO=/gpfs/f6/drsa-precip3/world-shared/global/CI/GITLAB/pr_cases_4328_be51ea02_6363/global-workflow/fix/gsi/global_convinfo.txt
+++ config.anal[47]export OZINFO=/gpfs/f6/drsa-precip3/world-shared/global/CI/GITLAB/pr_cases_4328_be51ea02_6363/global-workflow/fix/gsi/global_ozinfo.txt
+++ config.anal[47]OZINFO=/gpfs/f6/drsa-precip3/world-shared/global/CI/GITLAB/pr_cases_4328_be51ea02_6363/global-workflow/fix/gsi/global_ozinfo.txt
+++ config.anal[48]export SATINFO=/gpfs/f6/drsa-precip3/world-shared/global/CI/GITLAB/pr_cases_4328_be51ea02_6363/global-workflow/fix/gsi/global_satinfo.txt
+++ config.anal[48]SATINFO=/gpfs/f6/drsa-precip3/world-shared/global/CI/GITLAB/pr_cases_4328_be51ea02_6363/global-workflow/fix/gsi/global_satinfo.txt
+++ config.anal[49]export OBERROR=/gpfs/f6/drsa-precip3/world-shared/global/CI/GITLAB/pr_cases_4328_be51ea02_6363/global-workflow/fix/gsi/prepobs_errtable.global
+++ config.anal[49]OBERROR=/gpfs/f6/drsa-precip3/world-shared/global/CI/GITLAB/pr_cases_4328_be51ea02_6363/global-workflow/fix/gsi/prepobs_errtable.global
+++ config.anal[52]export hofx_2m_sfcfile=.true.
+++ config.anal[52]hofx_2m_sfcfile=.true.
+++ config.anal[54][[ NO = \Y\E\S ]]
+++ config.anal[62][[ emc == \e\m\c ]]
+++ config.anal[64][[ 2021032500 -ge 2019021900 ]]
+++ config.anal[64][[ 2021032500 -lt 2019110706 ]]
+++ config.anal[70][[ 2021032500 -ge 2019110706 ]]
+++ config.anal[70][[ 2021032500 -lt 2020040718 ]]
+++ config.anal[76][[ 2021032500 -ge 2020040718 ]]
+++ config.anal[76][[ 2021032500 -lt 2020052612 ]]
+++ config.anal[82][[ 2021032500 -ge 2020052612 ]]
+++ config.anal[82][[ 2021032500 -lt 2020082412 ]]
+++ config.anal[88][[ 2021032500 -ge 2020082412 ]]
+++ config.anal[88][[ 2021032500 -lt 2020091612 ]]
+++ config.anal[93][[ 2021032500 -ge 2020091612 ]]
+++ config.anal[93][[ 2021032500 -lt 2021031712 ]]
+++ config.anal[98][[ 2021032500 -ge 2021031712 ]]
+++ config.anal[98][[ 2021032500 -lt 2021091612 ]]
+++ config.anal[99]export CONVINFO=/gpfs/f6/drsa-precip3/world-shared/global/CI/GITLAB/pr_cases_4328_be51ea02_6363/global-workflow/fix/gsi/gfsv16_historical/global_convinfo.txt.2021031712
+++ config.anal[99]CONVINFO=/gpfs/f6/drsa-precip3/world-shared/global/CI/GITLAB/pr_cases_4328_be51ea02_6363/global-workflow/fix/gsi/gfsv16_historical/global_convinfo.txt.2021031712
+++ config.anal[112][[ 2021032500 -ge 2020011600 ]]
+++ config.anal[112][[ 2021032500 -lt 2020011806 ]]
+++ config.anal[118][[ 2021032500 -ge 2019021900 ]]
+++ config.anal[118][[ 2021032500 -lt 2019110706 ]]
+++ config.anal[123][[ 2021032500 -ge 2019110706 ]]
+++ config.anal[123][[ 2021032500 -lt 2020022012 ]]
+++ config.anal[128][[ 2021032500 -ge 2020022012 ]]
+++ config.anal[128][[ 2021032500 -lt 2021052118 ]]
+++ config.anal[129]export SATINFO=/gpfs/f6/drsa-precip3/world-shared/global/CI/GITLAB/pr_cases_4328_be51ea02_6363/global-workflow/fix/gsi/gfsv16_historical/global_satinfo.txt.2020022012
+++ config.anal[129]SATINFO=/gpfs/f6/drsa-precip3/world-shared/global/CI/GITLAB/pr_cases_4328_be51ea02_6363/global-workflow/fix/gsi/gfsv16_historical/global_satinfo.txt.2020022012
+++ config.anal[133][[ 2021032500 -ge 2021052118 ]]
+++ config.anal[138][[ 2021032500 -ge 2021092206 ]]
+++ config.anal[153][[ YES == \Y\E\S ]]
+++ config.anal[155]export SATINFO=generate
+++ config.anal[155]SATINFO=generate
+++ config.anal[156]export CONVINFO=generate
+++ config.anal[156]CONVINFO=generate
+++ config.anal[157]export OZINFO=generate
+++ config.anal[157]OZINFO=generate
+++ config.anal[159]export OBS_INPUT=/gpfs/f6/drsa-precip3/world-shared/global/CI/GITLAB/pr_cases_4328_be51ea02_6363/global-workflow/parm/gsinfo/obs_input/obs_input_reanl_ncep_ozone.txt
+++ config.anal[159]OBS_INPUT=/gpfs/f6/drsa-precip3/world-shared/global/CI/GITLAB/pr_cases_4328_be51ea02_6363/global-workflow/parm/gsinfo/obs_input/obs_input_reanl_ncep_ozone.txt
+++ config.anal[163]export USE_2M_OBS=NO
+++ config.anal[163]USE_2M_OBS=NO
+++ config.anal[168]export HIRS_FIX=/gpfs/f6/drsa-precip3/world-shared/global/CI/GITLAB/pr_cases_4328_be51ea02_6363/global-workflow/parm/gsinfo/hirs_fix
+++ config.anal[168]HIRS_FIX=/gpfs/f6/drsa-precip3/world-shared/global/CI/GITLAB/pr_cases_4328_be51ea02_6363/global-workflow/parm/gsinfo/hirs_fix
+++ config.anal[172]export AIRS_CADS=.false.
+++ config.anal[172]AIRS_CADS=.false.
+++ config.anal[173]export CRIS_CADS=.false.
+++ config.anal[173]CRIS_CADS=.false.
+++ config.anal[174]export IASI_CADS=.false.
+++ config.anal[174]IASI_CADS=.false.
+++ config.anal[176]echo 'END: config.anal'
END: config.anal
++ jjob_header.sh[103]true
++ jjob_header.sh[104]export err=0
++ jjob_header.sh[104]err=0
++ jjob_header.sh[105][[ 0 -ne 0 ]]
++ jjob_header.sh[102]for config in "${configs[@]:-''}"
++ jjob_header.sh[103]source /gpfs/f6/drsa-precip3/world-shared/global/CI/GITLAB/pr_cases_4328_be51ea02_6363/RUNTESTS/EXPDIR/C48mx500_3DVarAOWCDA_be51ea02-6363/config.analdiag
+++ config.analdiag[6]echo 'BEGIN: config.analdiag'
BEGIN: config.analdiag
+++ config.analdiag[9]source /gpfs/f6/drsa-precip3/world-shared/global/CI/GITLAB/pr_cases_4328_be51ea02_6363/RUNTESTS/EXPDIR/C48mx500_3DVarAOWCDA_be51ea02-6363/config.resources analdiag
++++ config.resources[10]((  1 != 1  ))
++++ config.resources[34]step=analdiag
++++ config.resources[36]echo 'BEGIN: config.resources'
BEGIN: config.resources
++++ config.resources[38]case ${machine} in
++++ config.resources[57]max_tasks_per_node=192
++++ config.resources[58]mem_node_max=384GB
++++ config.resources[99]export max_tasks_per_node
++++ config.resources[101]case ${step} in
++++ config.resources[761]walltime=00:15:00
++++ config.resources[762]ntasks=96
++++ config.resources[763]memory=48GB
++++ config.resources[767]threads_per_task=1
++++ config.resources[768][[ 96 -gt 192 ]]
++++ config.resources[772]tasks_per_node=192
++++ config.resources[1401][[ -f /gpfs/f6/drsa-precip3/world-shared/global/CI/GITLAB/pr_cases_4328_be51ea02_6363/RUNTESTS/EXPDIR/C48mx500_3DVarAOWCDA_be51ea02-6363/config.resources.GAEAC6 ]]
++++ config.resources[1402]source /gpfs/f6/drsa-precip3/world-shared/global/CI/GITLAB/pr_cases_4328_be51ea02_6363/RUNTESTS/EXPDIR/C48mx500_3DVarAOWCDA_be51ea02-6363/config.resources.GAEAC6
+++++ config.resources.GAEAC6[6]unset memory
+++++ config.resources.GAEAC6[7]unset memory_gdas
+++++ config.resources.GAEAC6[9]case ${step} in
++++ config.resources[1406]for resource_var in threads_per_task ntasks tasks_per_node NTASKS memory walltime
++++ config.resources[1407]run_resource_var=threads_per_task_gdas
++++ config.resources[1408][[ -n '' ]]
++++ config.resources[1410][[ -n 0 ]]
++++ config.resources[1411]export threads_per_task
++++ config.resources[1406]for resource_var in threads_per_task ntasks tasks_per_node NTASKS memory walltime
++++ config.resources[1407]run_resource_var=ntasks_gdas
++++ config.resources[1408][[ -n '' ]]
++++ config.resources[1410][[ -n 0 ]]
++++ config.resources[1411]export ntasks
++++ config.resources[1406]for resource_var in threads_per_task ntasks tasks_per_node NTASKS memory walltime
++++ config.resources[1407]run_resource_var=tasks_per_node_gdas
++++ config.resources[1408][[ -n '' ]]
++++ config.resources[1410][[ -n 0 ]]
++++ config.resources[1411]export tasks_per_node
++++ config.resources[1406]for resource_var in threads_per_task ntasks tasks_per_node NTASKS memory walltime
++++ config.resources[1407]run_resource_var=NTASKS_gdas
++++ config.resources[1408][[ -n '' ]]
++++ config.resources[1410][[ -n '' ]]
++++ config.resources[1406]for resource_var in threads_per_task ntasks tasks_per_node NTASKS memory walltime
++++ config.resources[1407]run_resource_var=memory_gdas
++++ config.resources[1408][[ -n '' ]]
++++ config.resources[1410][[ -n '' ]]
++++ config.resources[1406]for resource_var in threads_per_task ntasks tasks_per_node NTASKS memory walltime
++++ config.resources[1407]run_resource_var=walltime_gdas
++++ config.resources[1408][[ -n '' ]]
++++ config.resources[1410][[ -n 0 ]]
++++ config.resources[1411]export walltime
++++ config.resources[1415]echo 'END: config.resources'
END: config.resources
+++ config.analdiag[11]echo 'END: config.analdiag'
END: config.analdiag
++ jjob_header.sh[103]true
++ jjob_header.sh[104]export err=0
++ jjob_header.sh[104]err=0
++ jjob_header.sh[105][[ 0 -ne 0 ]]
++ jjob_header.sh[113]source /gpfs/f6/drsa-precip3/world-shared/global/CI/GITLAB/pr_cases_4328_be51ea02_6363/global-workflow/env/GAEAC6.env analdiag
+++ GAEAC6.env[3][[ 1 -ne 1 ]]
+++ GAEAC6.env[10]step=analdiag
+++ GAEAC6.env[12]export 'launcher=srun -l --export=ALL --distribution=block:block'
+++ GAEAC6.env[12]launcher='srun -l --export=ALL --distribution=block:block'
+++ GAEAC6.env[13]export 'mpmd_opt=--multi-prog --output=mpmd.%j.%t.out'
+++ GAEAC6.env[13]mpmd_opt='--multi-prog --output=mpmd.%j.%t.out'
+++ GAEAC6.env[15]export OMP_STACKSIZE=2048000
+++ GAEAC6.env[15]OMP_STACKSIZE=2048000
+++ GAEAC6.env[16]export NTHSTACK=1024000000
+++ GAEAC6.env[16]NTHSTACK=1024000000
+++ GAEAC6.env[19]export FI_CXI_RX_MATCH_MODE=hybrid
+++ GAEAC6.env[19]FI_CXI_RX_MATCH_MODE=hybrid
+++ GAEAC6.env[21]ulimit -s unlimited
+++ GAEAC6.env[22]ulimit -a
core file size          (blocks, -c) 0
data seg size           (kbytes, -d) unlimited
scheduling priority             (-e) 0
file size               (blocks, -f) unlimited
pending signals                 (-i) 1540784
max locked memory       (kbytes, -l) unlimited
max memory size         (kbytes, -m) unlimited
open files                      (-n) 50000
pipe size            (512 bytes, -p) 8
POSIX message queues     (bytes, -q) 819200
real-time priority              (-r) 0
stack size              (kbytes, -s) unlimited
cpu time               (seconds, -t) unlimited
max user processes              (-u) 1540784
virtual memory          (kbytes, -v) unlimited
file locks                      (-x) unlimited
+++ GAEAC6.env[26][[ -n 96 ]]
+++ GAEAC6.env[26][[ -n 192 ]]
+++ GAEAC6.env[26][[ -n 192 ]]
+++ GAEAC6.env[27]max_threads_per_task=1
+++ GAEAC6.env[28]NTHREADSmax=1
+++ GAEAC6.env[29]NTHREADS1=1
+++ GAEAC6.env[30][[ 1 -gt 1 ]]
+++ GAEAC6.env[33][[ 1 -gt 1 ]]
+++ GAEAC6.env[38]APRUN_default='srun -l --export=ALL --distribution=block:block -n 96'
+++ GAEAC6.env[44]case ${step} in
+++ GAEAC6.env[203]export USE_CFP=YES
+++ GAEAC6.env[203]USE_CFP=YES
++ jjob_header.sh[113]true
++ jjob_header.sh[114]export err=0
++ jjob_header.sh[114]err=0
++ jjob_header.sh[115][[ 0 -ne 0 ]]
+ JGLOBAL_ATMOS_ANALYSIS_DIAG[24]YMD=20210325
+ JGLOBAL_ATMOS_ANALYSIS_DIAG[24]HH=00
+ JGLOBAL_ATMOS_ANALYSIS_DIAG[24]declare_from_tmpl -rx COMIN_ATMOS_ANALYSIS:COM_ATMOS_ANALYSIS_TMPL COMOUT_ATMOS_ANALYSIS:COM_ATMOS_ANALYSIS_TMPL
+ bash_utils.sh[39][[ NO == \N\O ]]
+ bash_utils.sh[39]set +x
declare_from_tmpl :: COMIN_ATMOS_ANALYSIS=/gpfs/f6/drsa-precip3/world-shared/global/CI/GITLAB/pr_cases_4328_be51ea02_6363/RUNTESTS/COMROOT/C48mx500_3DVarAOWCDA_be51ea02-6363/gdas.20210325/00//analysis/atmos
declare_from_tmpl :: COMOUT_ATMOS_ANALYSIS=/gpfs/f6/drsa-precip3/world-shared/global/CI/GITLAB/pr_cases_4328_be51ea02_6363/RUNTESTS/COMROOT/C48mx500_3DVarAOWCDA_be51ea02-6363/gdas.20210325/00//analysis/atmos
+ JGLOBAL_ATMOS_ANALYSIS_DIAG[27]mkdir -m 775 -p /gpfs/f6/drsa-precip3/world-shared/global/CI/GITLAB/pr_cases_4328_be51ea02_6363/RUNTESTS/COMROOT/C48mx500_3DVarAOWCDA_be51ea02-6363/gdas.20210325/00//analysis/atmos
+ JGLOBAL_ATMOS_ANALYSIS_DIAG[31]/gpfs/f6/drsa-precip3/world-shared/global/CI/GITLAB/pr_cases_4328_be51ea02_6363/global-workflow/scripts/exglobal_diag.sh
+ bash[8]'[' -z '' ']'
+ bash[9]case "$-" in
+ bash[12]__lmod_vx=x
+ bash[16]'[' -n x ']'
+ bash[16]set +x
Shell debugging temporarily silenced: export LMOD_SH_DBG_ON=1 for this output (/opt/cray/pe/lmod/lmod/init/bash)
Shell debugging restarted
+ bash[178]unset __lmod_vx
+ exglobal_diag.sh[21]cd /gpfs/f6/drsa-precip4/world-shared/role.glopara/RUNDIRS/C48mx500_3DVarAOWCDA_be51ea02-6363/gdas.2021032500/analdiag.2126922
+ exglobal_diag.sh[26]CHGRP_CMD='chgrp rstprod'
+ exglobal_diag.sh[27]CATEXEC=/autofs/ncrc-svm1_proj/epic/spack-stack/c6/spack-stack-1.9.2/envs/ue-intel-2023.2.0/install/intel/2023.2.0/gsi-ncdiag-1.1.2-ktvuwbk/bin/ncdiag_cat_serial.x
+ exglobal_diag.sh[28]COMPRESS=gzip
+ exglobal_diag.sh[31]APREFIX=gdas.t00z.
+ exglobal_diag.sh[32]CNVSTAT=/gpfs/f6/drsa-precip3/world-shared/global/CI/GITLAB/pr_cases_4328_be51ea02_6363/RUNTESTS/COMROOT/C48mx500_3DVarAOWCDA_be51ea02-6363/gdas.20210325/00//analysis/atmos/gdas.t00z.cnvstat.tar
+ exglobal_diag.sh[33]PCPSTAT=/gpfs/f6/drsa-precip3/world-shared/global/CI/GITLAB/pr_cases_4328_be51ea02_6363/RUNTESTS/COMROOT/C48mx500_3DVarAOWCDA_be51ea02-6363/gdas.20210325/00//analysis/atmos/gdas.t00z.pcpstat
+ exglobal_diag.sh[34]OZNSTAT=/gpfs/f6/drsa-precip3/world-shared/global/CI/GITLAB/pr_cases_4328_be51ea02_6363/RUNTESTS/COMROOT/C48mx500_3DVarAOWCDA_be51ea02-6363/gdas.20210325/00//analysis/atmos/gdas.t00z.oznstat.tar
+ exglobal_diag.sh[35]RADSTAT=/gpfs/f6/drsa-precip3/world-shared/global/CI/GITLAB/pr_cases_4328_be51ea02_6363/RUNTESTS/COMROOT/C48mx500_3DVarAOWCDA_be51ea02-6363/gdas.20210325/00//analysis/atmos/gdas.t00z.radstat.tar
+ exglobal_diag.sh[38]rm -f /gpfs/f6/drsa-precip3/world-shared/global/CI/GITLAB/pr_cases_4328_be51ea02_6363/RUNTESTS/COMROOT/C48mx500_3DVarAOWCDA_be51ea02-6363/gdas.20210325/00//analysis/atmos/gdas.t00z.radstat.tar /gpfs/f6/drsa-precip3/world-shared/global/CI/GITLAB/pr_cases_4328_be51ea02_6363/RUNTESTS/COMROOT/C48mx500_3DVarAOWCDA_be51ea02-6363/gdas.20210325/00//analysis/atmos/gdas.t00z.pcpstat /gpfs/f6/drsa-precip3/world-shared/global/CI/GITLAB/pr_cases_4328_be51ea02_6363/RUNTESTS/COMROOT/C48mx500_3DVarAOWCDA_be51ea02-6363/gdas.20210325/00//analysis/atmos/gdas.t00z.cnvstat.tar /gpfs/f6/drsa-precip3/world-shared/global/CI/GITLAB/pr_cases_4328_be51ea02_6363/RUNTESTS/COMROOT/C48mx500_3DVarAOWCDA_be51ea02-6363/gdas.20210325/00//analysis/atmos/gdas.t00z.oznstat.tar
+ exglobal_diag.sh[41]GENDIAG=YES
+ exglobal_diag.sh[42]GSIDIAG=/gpfs/f6/drsa-precip3/world-shared/global/CI/GITLAB/pr_cases_4328_be51ea02_6363/RUNTESTS/COMROOT/C48mx500_3DVarAOWCDA_be51ea02-6363/gdas.20210325/00//analysis/atmos/gdas.t00z.gsidiags.tar
+ exglobal_diag.sh[43]USE_BUILD_GSINFO=YES
+ exglobal_diag.sh[44]DIAG_COMPRESS=YES
+ exglobal_diag.sh[45][[ YES == \Y\E\S ]]
+ exglobal_diag.sh[46]COMPRESS_SUFFIX=.gz
+ exglobal_diag.sh[48]DIAG_TARBALL=YES
+ exglobal_diag.sh[53][[ YES != \Y\E\S ]]
+ exglobal_diag.sh[60]cpreq /gpfs/f6/drsa-precip3/world-shared/global/CI/GITLAB/pr_cases_4328_be51ea02_6363/RUNTESTS/COMROOT/C48mx500_3DVarAOWCDA_be51ea02-6363/gdas.20210325/00//analysis/atmos/gdas.t00z.gsidiags.tar ./gsidiags.tar
+ cpreq[3]cp /gpfs/f6/drsa-precip3/world-shared/global/CI/GITLAB/pr_cases_4328_be51ea02_6363/RUNTESTS/COMROOT/C48mx500_3DVarAOWCDA_be51ea02-6363/gdas.20210325/00//analysis/atmos/gdas.t00z.gsidiags.tar ./gsidiags.tar
+ cpreq[4]'[' 0 -ne 0 ']'
+ exglobal_diag.sh[61]tar -xvf gsidiags.tar
dir.0000/
dir.0000/atms_n20_01.nc4
dir.0000/avhrr_n19_01.nc4
dir.0000/amsua_metop-a_01.nc4
dir.0000/conv_ps_01.nc4
dir.0000/mhs_n19_03.nc4
dir.0000/mhs_n19_01.nc4
dir.0000/amsua_metop-b_03.nc4
dir.0000/amsua_metop-c_01.nc4
dir.0000/amsua_n18_03.nc4
dir.0000/iasi_metop-c_03.nc4
dir.0000/mhs_metop-c_01.nc4
dir.0000/cris-fsr_npp_01.nc4
dir.0000/avhrr_n18_03.nc4
dir.0000/ssmis_f18_01.nc4
dir.0000/cris-fsr_n20_03.nc4
dir.0000/atms_npp_01.nc4
dir.0000/avhrr_metop-a_03.nc4
dir.0000/hirs4_metop-a_03.nc4
dir.0000/amsua_n19_03.nc4
dir.0000/iasi_metop-a_01.nc4
dir.0000/mhs_metop-c_03.nc4
dir.0000/avhrr_n19_03.nc4
dir.0000/avhrr_metop-a_01.nc4
dir.0000/cris-fsr_npp_03.nc4
dir.0000/conv_uv_01.nc4
dir.0000/iasi_metop-b_01.nc4
dir.0000/avhrr_metop-b_01.nc4
dir.0000/hirs4_metop-a_01.nc4
dir.0000/conv_t_03.nc4
dir.0000/hirs4_n19_03.nc4
dir.0000/amsua_metop-a_03.nc4
dir.0000/conv_gps_01.nc4
dir.0000/mhs_metop-b_03.nc4
dir.0000/amsua_metop-c_03.nc4
dir.0000/atms_npp_03.nc4
dir.0000/obs_setup
dir.0000/amsua_n15_03.nc4
dir.0000/amsua_n18_01.nc4
dir.0000/conv_uv_03.nc4
dir.0000/amsua_metop-b_01.nc4
dir.0000/iasi_metop-b_03.nc4
dir.0000/iasi_metop-c_01.nc4
dir.0000/conv_gps_03.nc4
dir.0000/conv_t_01.nc4
dir.0000/ssmis_f17_03.nc4
dir.0000/mhs_metop-b_01.nc4
dir.0000/mhs_metop-a_03.nc4
dir.0000/mhs_metop-a_01.nc4
dir.0000/ssmis_f17_01.nc4
dir.0000/avhrr_n18_01.nc4
dir.0000/amsua_n19_01.nc4
dir.0000/cris-fsr_n20_01.nc4
dir.0000/avhrr_metop-b_03.nc4
dir.0000/conv_ps_03.nc4
dir.0000/hirs4_n19_01.nc4
dir.0000/atms_n20_03.nc4
dir.0000/amsua_n15_01.nc4
dir.0000/ssmis_f18_03.nc4
dir.0000/iasi_metop-a_03.nc4
dir.0001/
dir.0001/atms_n20_01.nc4
dir.0001/seviri_m08_03.nc4
dir.0001/avhrr_n19_01.nc4
dir.0001/amsua_metop-a_01.nc4
dir.0001/conv_ps_01.nc4
dir.0001/mhs_n19_03.nc4
dir.0001/mhs_n19_01.nc4
dir.0001/amsua_metop-b_03.nc4
dir.0001/amsua_metop-c_01.nc4
dir.0001/amsua_n18_03.nc4
dir.0001/iasi_metop-c_03.nc4
dir.0001/mhs_metop-c_01.nc4
dir.0001/cris-fsr_npp_01.nc4
dir.0001/avhrr_n18_03.nc4
dir.0001/ssmis_f18_01.nc4
dir.0001/cris-fsr_n20_03.nc4
dir.0001/atms_npp_01.nc4
dir.0001/avhrr_metop-a_03.nc4
dir.0001/hirs4_metop-a_03.nc4
dir.0001/amsua_n19_03.nc4
dir.0001/iasi_metop-a_01.nc4
dir.0001/mhs_metop-c_03.nc4
dir.0001/avhrr_n19_03.nc4
dir.0001/avhrr_metop-a_01.nc4
dir.0001/cris-fsr_npp_03.nc4
dir.0001/conv_uv_01.nc4
dir.0001/iasi_metop-b_01.nc4
dir.0001/avhrr_metop-b_01.nc4
dir.0001/hirs4_metop-a_01.nc4
dir.0001/hirs4_n19_03.nc4
dir.0001/amsua_metop-a_03.nc4
dir.0001/conv_gps_01.nc4
dir.0001/mhs_metop-b_03.nc4
dir.0001/amsua_metop-c_03.nc4
dir.0001/atms_npp_03.nc4
dir.0001/obs_setup
dir.0001/conv_sst_03.nc4
dir.0001/amsua_n15_03.nc4
dir.0001/amsua_n18_01.nc4
dir.0001/conv_uv_03.nc4
dir.0001/amsua_metop-b_01.nc4
dir.0001/iasi_metop-b_03.nc4
dir.0001/iasi_metop-c_01.nc4
dir.0001/conv_gps_03.nc4
dir.0001/ssmis_f17_03.nc4
dir.0001/mhs_metop-b_01.nc4
dir.0001/mhs_metop-a_03.nc4
dir.0001/mhs_metop-a_01.nc4
dir.0001/ssmis_f17_01.nc4
dir.0001/avhrr_n18_01.nc4
dir.0001/amsua_n19_01.nc4
dir.0001/conv_sst_01.nc4
dir.0001/cris-fsr_n20_01.nc4
dir.0001/avhrr_metop-b_03.nc4
dir.0001/conv_ps_03.nc4
dir.0001/hirs4_n19_01.nc4
dir.0001/atms_n20_03.nc4
dir.0001/amsua_n15_01.nc4
dir.0001/ssmis_f18_03.nc4
dir.0001/iasi_metop-a_03.nc4
dir.0001/seviri_m08_01.nc4
dir.0002/
dir.0002/atms_n20_01.nc4
dir.0002/seviri_m08_03.nc4
dir.0002/conv_pw_03.nc4
dir.0002/conv_pw_01.nc4
dir.0002/conv_ps_01.nc4
dir.0002/amsua_metop-b_03.nc4
dir.0002/amsua_metop-c_01.nc4
dir.0002/amsua_n18_03.nc4
dir.0002/iasi_metop-c_03.nc4
dir.0002/mhs_metop-c_01.nc4
dir.0002/cris-fsr_npp_01.nc4
dir.0002/avhrr_n18_03.nc4
dir.0002/ssmis_f18_01.nc4
dir.0002/cris-fsr_n20_03.nc4
dir.0002/atms_npp_01.nc4
dir.0002/mhs_metop-c_03.nc4
dir.0002/conv_q_01.nc4
dir.0002/cris-fsr_npp_03.nc4
dir.0002/conv_uv_01.nc4
dir.0002/iasi_metop-b_01.nc4
dir.0002/avhrr_metop-b_01.nc4
dir.0002/conv_q_03.nc4
dir.0002/conv_t_03.nc4
dir.0002/conv_gps_01.nc4
dir.0002/mhs_metop-b_03.nc4
dir.0002/amsua_metop-c_03.nc4
dir.0002/atms_npp_03.nc4
dir.0002/obs_setup
dir.0002/conv_sst_03.nc4
dir.0002/amsua_n18_01.nc4
dir.0002/conv_uv_03.nc4
dir.0002/amsua_metop-b_01.nc4
dir.0002/iasi_metop-b_03.nc4
dir.0002/iasi_metop-c_01.nc4
dir.0002/conv_gps_03.nc4
dir.0002/conv_t_01.nc4
dir.0002/mhs_metop-b_01.nc4
dir.0002/avhrr_n18_01.nc4
dir.0002/conv_sst_01.nc4
dir.0002/cris-fsr_n20_01.nc4
dir.0002/avhrr_metop-b_03.nc4
dir.0002/conv_ps_03.nc4
dir.0002/atms_n20_03.nc4
dir.0002/ssmis_f18_03.nc4
dir.0002/seviri_m08_01.nc4
dir.0003/
dir.0003/atms_n20_01.nc4
dir.0003/seviri_m08_03.nc4
dir.0003/conv_ps_01.nc4
dir.0003/amsua_metop-b_03.nc4
dir.0003/amsua_n18_03.nc4
dir.0003/cris-fsr_npp_01.nc4
dir.0003/avhrr_n18_03.nc4
dir.0003/cris-fsr_n20_03.nc4
dir.0003/atms_npp_01.nc4
dir.0003/conv_q_01.nc4
dir.0003/cris-fsr_npp_03.nc4
dir.0003/conv_uv_01.nc4
dir.0003/iasi_metop-b_01.nc4
dir.0003/avhrr_metop-b_01.nc4
dir.0003/conv_q_03.nc4
dir.0003/conv_t_03.nc4
dir.0003/conv_gps_01.nc4
dir.0003/mhs_metop-b_03.nc4
dir.0003/atms_npp_03.nc4
dir.0003/obs_setup
dir.0003/conv_sst_03.nc4
dir.0003/amsua_n18_01.nc4
dir.0003/conv_uv_03.nc4
dir.0003/amsua_metop-b_01.nc4
dir.0003/iasi_metop-b_03.nc4
dir.0003/conv_gps_03.nc4
dir.0003/conv_t_01.nc4
dir.0003/mhs_metop-b_01.nc4
dir.0003/avhrr_n18_01.nc4
dir.0003/conv_sst_01.nc4
dir.0003/cris-fsr_n20_01.nc4
dir.0003/avhrr_metop-b_03.nc4
dir.0003/conv_ps_03.nc4
dir.0003/atms_n20_03.nc4
dir.0003/seviri_m08_01.nc4
dir.0004/
dir.0004/atms_n20_01.nc4
dir.0004/seviri_m08_03.nc4
dir.0004/conv_ps_01.nc4
dir.0004/amsua_metop-b_03.nc4
dir.0004/amsua_metop-c_01.nc4
dir.0004/amsua_n18_03.nc4
dir.0004/iasi_metop-c_03.nc4
dir.0004/mhs_metop-c_01.nc4
dir.0004/cris-fsr_npp_01.nc4
dir.0004/avhrr_n18_03.nc4
dir.0004/ssmis_f18_01.nc4
dir.0004/cris-fsr_n20_03.nc4
dir.0004/atms_npp_01.nc4
dir.0004/mhs_metop-c_03.nc4
dir.0004/conv_q_01.nc4
dir.0004/cris-fsr_npp_03.nc4
dir.0004/conv_uv_01.nc4
dir.0004/iasi_metop-b_01.nc4
dir.0004/avhrr_metop-b_01.nc4
dir.0004/conv_q_03.nc4
dir.0004/conv_t_03.nc4
dir.0004/conv_gps_01.nc4
dir.0004/mhs_metop-b_03.nc4
dir.0004/amsua_metop-c_03.nc4
dir.0004/atms_npp_03.nc4
dir.0004/obs_setup
dir.0004/conv_sst_03.nc4
dir.0004/amsua_n18_01.nc4
dir.0004/conv_uv_03.nc4
dir.0004/amsua_metop-b_01.nc4
dir.0004/iasi_metop-b_03.nc4
dir.0004/iasi_metop-c_01.nc4
dir.0004/conv_gps_03.nc4
dir.0004/conv_t_01.nc4
dir.0004/mhs_metop-b_01.nc4
dir.0004/avhrr_n18_01.nc4
dir.0004/conv_sst_01.nc4
dir.0004/cris-fsr_n20_01.nc4
dir.0004/avhrr_metop-b_03.nc4
dir.0004/conv_ps_03.nc4
dir.0004/atms_n20_03.nc4
dir.0004/ssmis_f18_03.nc4
dir.0004/seviri_m08_01.nc4
dir.0005/
dir.0005/atms_n20_01.nc4
dir.0005/seviri_m08_03.nc4
dir.0005/conv_pw_03.nc4
dir.0005/conv_pw_01.nc4
dir.0005/conv_ps_01.nc4
dir.0005/amsua_metop-c_01.nc4
dir.0005/amsua_n18_03.nc4
dir.0005/iasi_metop-c_03.nc4
dir.0005/mhs_metop-c_01.nc4
dir.0005/cris-fsr_npp_01.nc4
dir.0005/avhrr_n18_03.nc4
dir.0005/ssmis_f18_01.nc4
dir.0005/cris-fsr_n20_03.nc4
dir.0005/atms_npp_01.nc4
dir.0005/mhs_metop-c_03.nc4
dir.0005/conv_q_01.nc4
dir.0005/cris-fsr_npp_03.nc4
dir.0005/conv_uv_01.nc4
dir.0005/avhrr_metop-b_01.nc4
dir.0005/conv_q_03.nc4
dir.0005/conv_t_03.nc4
dir.0005/conv_gps_01.nc4
dir.0005/amsua_metop-c_03.nc4
dir.0005/atms_npp_03.nc4
dir.0005/obs_setup
dir.0005/conv_sst_03.nc4
dir.0005/amsua_n18_01.nc4
dir.0005/conv_uv_03.nc4
dir.0005/iasi_metop-c_01.nc4
dir.0005/conv_gps_03.nc4
dir.0005/conv_t_01.nc4
dir.0005/avhrr_n18_01.nc4
dir.0005/conv_sst_01.nc4
dir.0005/cris-fsr_n20_01.nc4
dir.0005/avhrr_metop-b_03.nc4
dir.0005/conv_ps_03.nc4
dir.0005/atms_n20_03.nc4
dir.0005/ssmis_f18_03.nc4
dir.0005/seviri_m08_01.nc4
dir.0006/
dir.0006/atms_n20_01.nc4
dir.0006/conv_pw_03.nc4
dir.0006/conv_pw_01.nc4
dir.0006/conv_ps_01.nc4
dir.0006/amsua_metop-c_01.nc4
dir.0006/amsua_n18_03.nc4
dir.0006/iasi_metop-c_03.nc4
dir.0006/mhs_metop-c_01.nc4
dir.0006/cris-fsr_npp_01.nc4
dir.0006/avhrr_n18_03.nc4
dir.0006/ssmis_f18_01.nc4
dir.0006/cris-fsr_n20_03.nc4
dir.0006/atms_npp_01.nc4
dir.0006/mhs_metop-c_03.nc4
dir.0006/conv_q_01.nc4
dir.0006/cris-fsr_npp_03.nc4
dir.0006/conv_uv_01.nc4
dir.0006/conv_q_03.nc4
dir.0006/conv_t_03.nc4
dir.0006/conv_gps_01.nc4
dir.0006/amsua_metop-c_03.nc4
dir.0006/atms_npp_03.nc4
dir.0006/obs_setup
dir.0006/conv_sst_03.nc4
dir.0006/amsua_n18_01.nc4
dir.0006/conv_uv_03.nc4
dir.0006/iasi_metop-c_01.nc4
dir.0006/conv_gps_03.nc4
dir.0006/conv_t_01.nc4
dir.0006/avhrr_n18_01.nc4
dir.0006/conv_sst_01.nc4
dir.0006/cris-fsr_n20_01.nc4
dir.0006/conv_ps_03.nc4
dir.0006/atms_n20_03.nc4
dir.0006/ssmis_f18_03.nc4
dir.0007/
dir.0007/atms_n20_01.nc4
dir.0007/avhrr_n19_01.nc4
dir.0007/amsua_metop-a_01.nc4
dir.0007/conv_ps_01.nc4
dir.0007/mhs_n19_03.nc4
dir.0007/mhs_n19_01.nc4
dir.0007/amsua_metop-b_03.nc4
dir.0007/amsua_metop-c_01.nc4
dir.0007/amsua_n18_03.nc4
dir.0007/iasi_metop-c_03.nc4
dir.0007/mhs_metop-c_01.nc4
dir.0007/cris-fsr_npp_01.nc4
dir.0007/avhrr_n18_03.nc4
dir.0007/ssmis_f18_01.nc4
dir.0007/cris-fsr_n20_03.nc4
dir.0007/atms_npp_01.nc4
dir.0007/avhrr_metop-a_03.nc4
dir.0007/hirs4_metop-a_03.nc4
dir.0007/amsua_n19_03.nc4
dir.0007/iasi_metop-a_01.nc4
dir.0007/mhs_metop-c_03.nc4
dir.0007/avhrr_n19_03.nc4
dir.0007/avhrr_metop-a_01.nc4
dir.0007/conv_q_01.nc4
dir.0007/cris-fsr_npp_03.nc4
dir.0007/conv_uv_01.nc4
dir.0007/iasi_metop-b_01.nc4
dir.0007/avhrr_metop-b_01.nc4
dir.0007/hirs4_metop-a_01.nc4
dir.0007/conv_q_03.nc4
dir.0007/conv_t_03.nc4
dir.0007/hirs4_n19_03.nc4
dir.0007/amsua_metop-a_03.nc4
dir.0007/conv_gps_01.nc4
dir.0007/mhs_metop-b_03.nc4
dir.0007/amsua_metop-c_03.nc4
dir.0007/atms_npp_03.nc4
dir.0007/obs_setup
dir.0007/amsua_n15_03.nc4
dir.0007/amsua_n18_01.nc4
dir.0007/conv_uv_03.nc4
dir.0007/amsua_metop-b_01.nc4
dir.0007/iasi_metop-b_03.nc4
dir.0007/iasi_metop-c_01.nc4
dir.0007/conv_gps_03.nc4
dir.0007/conv_t_01.nc4
dir.0007/ssmis_f17_03.nc4
dir.0007/mhs_metop-b_01.nc4
dir.0007/mhs_metop-a_03.nc4
dir.0007/mhs_metop-a_01.nc4
dir.0007/ssmis_f17_01.nc4
dir.0007/avhrr_n18_01.nc4
dir.0007/amsua_n19_01.nc4
dir.0007/cris-fsr_n20_01.nc4
dir.0007/avhrr_metop-b_03.nc4
dir.0007/conv_ps_03.nc4
dir.0007/hirs4_n19_01.nc4
dir.0007/atms_n20_03.nc4
dir.0007/amsua_n15_01.nc4
dir.0007/ssmis_f18_03.nc4
dir.0007/iasi_metop-a_03.nc4
dir.0008/
dir.0008/atms_n20_01.nc4
dir.0008/seviri_m08_03.nc4
dir.0008/avhrr_n19_01.nc4
dir.0008/amsua_metop-a_01.nc4
dir.0008/conv_ps_01.nc4
dir.0008/mhs_n19_03.nc4
dir.0008/mhs_n19_01.nc4
dir.0008/amsua_metop-b_03.nc4
dir.0008/amsua_metop-c_01.nc4
dir.0008/amsua_n18_03.nc4
dir.0008/iasi_metop-c_03.nc4
dir.0008/mhs_metop-c_01.nc4
dir.0008/cris-fsr_npp_01.nc4
dir.0008/avhrr_n18_03.nc4
dir.0008/ssmis_f18_01.nc4
dir.0008/cris-fsr_n20_03.nc4
dir.0008/atms_npp_01.nc4
dir.0008/avhrr_metop-a_03.nc4
dir.0008/hirs4_metop-a_03.nc4
dir.0008/amsua_n19_03.nc4
dir.0008/iasi_metop-a_01.nc4
dir.0008/mhs_metop-c_03.nc4
dir.0008/avhrr_n19_03.nc4
dir.0008/avhrr_metop-a_01.nc4
dir.0008/conv_q_01.nc4
dir.0008/cris-fsr_npp_03.nc4
dir.0008/conv_uv_01.nc4
dir.0008/iasi_metop-b_01.nc4
dir.0008/avhrr_metop-b_01.nc4
dir.0008/hirs4_metop-a_01.nc4
dir.0008/conv_q_03.nc4
dir.0008/conv_t_03.nc4
dir.0008/hirs4_n19_03.nc4
dir.0008/amsua_metop-a_03.nc4
dir.0008/conv_gps_01.nc4
dir.0008/mhs_metop-b_03.nc4
dir.0008/amsua_metop-c_03.nc4
dir.0008/atms_npp_03.nc4
dir.0008/obs_setup
dir.0008/conv_sst_03.nc4
dir.0008/amsua_n15_03.nc4
dir.0008/amsua_n18_01.nc4
dir.0008/conv_uv_03.nc4
dir.0008/amsua_metop-b_01.nc4
dir.0008/iasi_metop-b_03.nc4
dir.0008/iasi_metop-c_01.nc4
dir.0008/conv_gps_03.nc4
dir.0008/conv_t_01.nc4
dir.0008/ssmis_f17_03.nc4
dir.0008/mhs_metop-b_01.nc4
dir.0008/mhs_metop-a_03.nc4
dir.0008/mhs_metop-a_01.nc4
dir.0008/ssmis_f17_01.nc4
dir.0008/avhrr_n18_01.nc4
dir.0008/amsua_n19_01.nc4
dir.0008/conv_sst_01.nc4
dir.0008/cris-fsr_n20_01.nc4
dir.0008/avhrr_metop-b_03.nc4
dir.0008/conv_ps_03.nc4
dir.0008/hirs4_n19_01.nc4
dir.0008/atms_n20_03.nc4
dir.0008/amsua_n15_01.nc4
dir.0008/ssmis_f18_03.nc4
dir.0008/iasi_metop-a_03.nc4
dir.0008/seviri_m08_01.nc4
dir.0009/
dir.0009/atms_n20_01.nc4
dir.0009/seviri_m08_03.nc4
dir.0009/avhrr_n19_01.nc4
dir.0009/conv_ps_01.nc4
dir.0009/mhs_n19_03.nc4
dir.0009/mhs_n19_01.nc4
dir.0009/cris-fsr_npp_01.nc4
dir.0009/ssmis_f18_01.nc4
dir.0009/cris-fsr_n20_03.nc4
dir.0009/atms_npp_01.nc4
dir.0009/amsua_n19_03.nc4
dir.0009/avhrr_n19_03.nc4
dir.0009/conv_q_01.nc4
dir.0009/cris-fsr_npp_03.nc4
dir.0009/conv_uv_01.nc4
dir.0009/conv_q_03.nc4
dir.0009/conv_t_03.nc4
dir.0009/hirs4_n19_03.nc4
dir.0009/conv_gps_01.nc4
dir.0009/atms_npp_03.nc4
dir.0009/obs_setup
dir.0009/conv_sst_03.nc4
dir.0009/conv_uv_03.nc4
dir.0009/conv_gps_03.nc4
dir.0009/conv_t_01.nc4
dir.0009/ssmis_f17_03.nc4
dir.0009/ssmis_f17_01.nc4
dir.0009/amsua_n19_01.nc4
dir.0009/conv_sst_01.nc4
dir.0009/cris-fsr_n20_01.nc4
dir.0009/conv_ps_03.nc4
dir.0009/hirs4_n19_01.nc4
dir.0009/atms_n20_03.nc4
dir.0009/ssmis_f18_03.nc4
dir.0009/seviri_m08_01.nc4
dir.0010/
dir.0010/atms_n20_01.nc4
dir.0010/seviri_m08_03.nc4
dir.0010/conv_ps_01.nc4
dir.0010/cris-fsr_npp_01.nc4
dir.0010/ssmis_f18_01.nc4
dir.0010/cris-fsr_n20_03.nc4
dir.0010/atms_npp_01.nc4
dir.0010/conv_q_01.nc4
dir.0010/cris-fsr_npp_03.nc4
dir.0010/conv_uv_01.nc4
dir.0010/conv_q_03.nc4
dir.0010/conv_t_03.nc4
dir.0010/conv_gps_01.nc4
dir.0010/atms_npp_03.nc4
dir.0010/obs_setup
dir.0010/conv_sst_03.nc4
dir.0010/conv_uv_03.nc4
dir.0010/conv_gps_03.nc4
dir.0010/conv_t_01.nc4
dir.0010/conv_sst_01.nc4
dir.0010/cris-fsr_n20_01.nc4
dir.0010/conv_ps_03.nc4
dir.0010/atms_n20_03.nc4
dir.0010/ssmis_f18_03.nc4
dir.0010/seviri_m08_01.nc4
dir.0011/
dir.0011/atms_n20_01.nc4
dir.0011/seviri_m08_03.nc4
dir.0011/conv_ps_01.nc4
dir.0011/cris-fsr_npp_01.nc4
dir.0011/ssmis_f18_01.nc4
dir.0011/cris-fsr_n20_03.nc4
dir.0011/atms_npp_01.nc4
dir.0011/conv_q_01.nc4
dir.0011/cris-fsr_npp_03.nc4
dir.0011/conv_uv_01.nc4
dir.0011/conv_q_03.nc4
dir.0011/conv_t_03.nc4
dir.0011/conv_gps_01.nc4
dir.0011/atms_npp_03.nc4
dir.0011/obs_setup
dir.0011/conv_sst_03.nc4
dir.0011/conv_uv_03.nc4
dir.0011/conv_gps_03.nc4
dir.0011/conv_t_01.nc4
dir.0011/conv_sst_01.nc4
dir.0011/cris-fsr_n20_01.nc4
dir.0011/conv_ps_03.nc4
dir.0011/atms_n20_03.nc4
dir.0011/ssmis_f18_03.nc4
dir.0011/seviri_m08_01.nc4
dir.0012/
dir.0012/atms_n20_01.nc4
dir.0012/seviri_m08_03.nc4
dir.0012/conv_pw_03.nc4
dir.0012/conv_pw_01.nc4
dir.0012/conv_ps_01.nc4
dir.0012/cris-fsr_npp_01.nc4
dir.0012/ssmis_f18_01.nc4
dir.0012/cris-fsr_n20_03.nc4
dir.0012/atms_npp_01.nc4
dir.0012/conv_q_01.nc4
dir.0012/cris-fsr_npp_03.nc4
dir.0012/conv_uv_01.nc4
dir.0012/conv_q_03.nc4
dir.0012/conv_t_03.nc4
dir.0012/conv_gps_01.nc4
dir.0012/atms_npp_03.nc4
dir.0012/obs_setup
dir.0012/conv_uv_03.nc4
dir.0012/conv_gps_03.nc4
dir.0012/conv_t_01.nc4
dir.0012/cris-fsr_n20_01.nc4
dir.0012/conv_ps_03.nc4
dir.0012/atms_n20_03.nc4
dir.0012/ssmis_f18_03.nc4
dir.0012/seviri_m08_01.nc4
dir.0013/
dir.0013/atms_n20_01.nc4
dir.0013/conv_ps_01.nc4
dir.0013/cris-fsr_npp_01.nc4
dir.0013/ssmis_f18_01.nc4
dir.0013/cris-fsr_n20_03.nc4
dir.0013/atms_npp_01.nc4
dir.0013/conv_q_01.nc4
dir.0013/cris-fsr_npp_03.nc4
dir.0013/conv_uv_01.nc4
dir.0013/conv_q_03.nc4
dir.0013/conv_t_03.nc4
dir.0013/conv_gps_01.nc4
dir.0013/atms_npp_03.nc4
dir.0013/obs_setup
dir.0013/conv_uv_03.nc4
dir.0013/conv_gps_03.nc4
dir.0013/conv_t_01.nc4
dir.0013/cris-fsr_n20_01.nc4
dir.0013/conv_ps_03.nc4
dir.0013/atms_n20_03.nc4
dir.0013/ssmis_f18_03.nc4
dir.0014/
dir.0014/avhrr_n19_01.nc4
dir.0014/amsua_metop-a_01.nc4
dir.0014/conv_ps_01.nc4
dir.0014/mhs_n19_03.nc4
dir.0014/mhs_n19_01.nc4
dir.0014/amsua_metop-b_03.nc4
dir.0014/amsua_metop-c_01.nc4
dir.0014/amsua_n18_03.nc4
dir.0014/gome_metop-b_01.nc4
dir.0014/iasi_metop-c_03.nc4
dir.0014/mhs_metop-c_01.nc4
dir.0014/cris-fsr_npp_01.nc4
dir.0014/avhrr_n18_03.nc4
dir.0014/ssmis_f18_01.nc4
dir.0014/cris-fsr_n20_03.nc4
dir.0014/gome_metop-a_01.nc4
dir.0014/atms_npp_01.nc4
dir.0014/avhrr_metop-a_03.nc4
dir.0014/hirs4_metop-a_03.nc4
dir.0014/amsua_n19_03.nc4
dir.0014/iasi_metop-a_01.nc4
dir.0014/mhs_metop-c_03.nc4
dir.0014/avhrr_n19_03.nc4
dir.0014/avhrr_metop-a_01.nc4
dir.0014/conv_q_01.nc4
dir.0014/cris-fsr_npp_03.nc4
dir.0014/conv_uv_01.nc4
dir.0014/iasi_metop-b_01.nc4
dir.0014/avhrr_metop-b_01.nc4
dir.0014/hirs4_metop-a_01.nc4
dir.0014/gome_metop-b_03.nc4
dir.0014/conv_q_03.nc4
dir.0014/conv_t_03.nc4
dir.0014/hirs4_n19_03.nc4
dir.0014/amsua_metop-a_03.nc4
dir.0014/conv_gps_01.nc4
dir.0014/mhs_metop-b_03.nc4
dir.0014/amsua_metop-c_03.nc4
dir.0014/atms_npp_03.nc4
dir.0014/gome_metop-a_03.nc4
dir.0014/obs_setup
dir.0014/conv_sst_03.nc4
dir.0014/amsua_n15_03.nc4
dir.0014/amsua_n18_01.nc4
dir.0014/conv_uv_03.nc4
dir.0014/amsua_metop-b_01.nc4
dir.0014/iasi_metop-b_03.nc4
dir.0014/iasi_metop-c_01.nc4
dir.0014/conv_gps_03.nc4
dir.0014/conv_t_01.nc4
dir.0014/ssmis_f17_03.nc4
dir.0014/mhs_metop-b_01.nc4
dir.0014/mhs_metop-a_03.nc4
dir.0014/mhs_metop-a_01.nc4
dir.0014/ssmis_f17_01.nc4
dir.0014/avhrr_n18_01.nc4
dir.0014/amsua_n19_01.nc4
dir.0014/conv_sst_01.nc4
dir.0014/cris-fsr_n20_01.nc4
dir.0014/avhrr_metop-b_03.nc4
dir.0014/conv_ps_03.nc4
dir.0014/hirs4_n19_01.nc4
dir.0014/amsua_n15_01.nc4
dir.0014/ssmis_f18_03.nc4
dir.0014/iasi_metop-a_03.nc4
dir.0015/
dir.0015/seviri_m08_03.nc4
dir.0015/avhrr_n19_01.nc4
dir.0015/amsua_metop-a_01.nc4
dir.0015/conv_ps_01.nc4
dir.0015/mhs_n19_03.nc4
dir.0015/mhs_n19_01.nc4
dir.0015/amsua_metop-b_03.nc4
dir.0015/amsua_metop-c_01.nc4
dir.0015/amsua_n18_03.nc4
dir.0015/gome_metop-b_01.nc4
dir.0015/iasi_metop-c_03.nc4
dir.0015/mhs_metop-c_01.nc4
dir.0015/cris-fsr_npp_01.nc4
dir.0015/avhrr_n18_03.nc4
dir.0015/ssmis_f18_01.nc4
dir.0015/gome_metop-a_01.nc4
dir.0015/atms_npp_01.nc4
dir.0015/avhrr_metop-a_03.nc4
dir.0015/hirs4_metop-a_03.nc4
dir.0015/amsua_n19_03.nc4
dir.0015/iasi_metop-a_01.nc4
dir.0015/mhs_metop-c_03.nc4
dir.0015/avhrr_n19_03.nc4
dir.0015/avhrr_metop-a_01.nc4
dir.0015/cris-fsr_npp_03.nc4
dir.0015/conv_uv_01.nc4
dir.0015/iasi_metop-b_01.nc4
dir.0015/avhrr_metop-b_01.nc4
dir.0015/hirs4_metop-a_01.nc4
dir.0015/gome_metop-b_03.nc4
dir.0015/hirs4_n19_03.nc4
dir.0015/amsua_metop-a_03.nc4
dir.0015/conv_gps_01.nc4
dir.0015/mhs_metop-b_03.nc4
dir.0015/amsua_metop-c_03.nc4
dir.0015/atms_npp_03.nc4
dir.0015/gome_metop-a_03.nc4
dir.0015/obs_setup
dir.0015/conv_sst_03.nc4
dir.0015/amsua_n15_03.nc4
dir.0015/amsua_n18_01.nc4
dir.0015/conv_uv_03.nc4
dir.0015/amsua_metop-b_01.nc4
dir.0015/iasi_metop-b_03.nc4
dir.0015/iasi_metop-c_01.nc4
dir.0015/conv_gps_03.nc4
dir.0015/ssmis_f17_03.nc4
dir.0015/mhs_metop-b_01.nc4
dir.0015/mhs_metop-a_03.nc4
dir.0015/mhs_metop-a_01.nc4
dir.0015/ssmis_f17_01.nc4
dir.0015/avhrr_n18_01.nc4
dir.0015/amsua_n19_01.nc4
dir.0015/conv_sst_01.nc4
dir.0015/avhrr_metop-b_03.nc4
dir.0015/conv_ps_03.nc4
dir.0015/hirs4_n19_01.nc4
dir.0015/amsua_n15_01.nc4
dir.0015/ssmis_f18_03.nc4
dir.0015/iasi_metop-a_03.nc4
dir.0015/seviri_m08_01.nc4
dir.0016/
dir.0016/atms_n20_01.nc4
dir.0016/seviri_m08_03.nc4
dir.0016/avhrr_n19_01.nc4
dir.0016/amsua_metop-a_01.nc4
dir.0016/conv_ps_01.nc4
dir.0016/mhs_n19_03.nc4
dir.0016/mhs_n19_01.nc4
dir.0016/amsua_metop-c_01.nc4
dir.0016/iasi_metop-c_03.nc4
dir.0016/mhs_metop-c_01.nc4
dir.0016/cris-fsr_npp_01.nc4
dir.0016/ssmis_f18_01.nc4
dir.0016/cris-fsr_n20_03.nc4
dir.0016/gome_metop-a_01.nc4
dir.0016/atms_npp_01.nc4
dir.0016/avhrr_metop-a_03.nc4
dir.0016/sbuv2_n19_01.nc4
dir.0016/hirs4_metop-a_03.nc4
dir.0016/amsua_n19_03.nc4
dir.0016/iasi_metop-a_01.nc4
dir.0016/mhs_metop-c_03.nc4
dir.0016/avhrr_n19_03.nc4
dir.0016/avhrr_metop-a_01.nc4
dir.0016/conv_q_01.nc4
dir.0016/cris-fsr_npp_03.nc4
dir.0016/conv_uv_01.nc4
dir.0016/hirs4_metop-a_01.nc4
dir.0016/conv_q_03.nc4
dir.0016/conv_t_03.nc4
dir.0016/hirs4_n19_03.nc4
dir.0016/amsua_metop-a_03.nc4
dir.0016/conv_gps_01.nc4
dir.0016/amsua_metop-c_03.nc4
dir.0016/atms_npp_03.nc4
dir.0016/gome_metop-a_03.nc4
dir.0016/obs_setup
dir.0016/conv_sst_03.nc4
dir.0016/amsua_n15_03.nc4
dir.0016/conv_uv_03.nc4
dir.0016/iasi_metop-c_01.nc4
dir.0016/conv_gps_03.nc4
dir.0016/conv_t_01.nc4
dir.0016/ssmis_f17_03.nc4
dir.0016/mhs_metop-a_03.nc4
dir.0016/mhs_metop-a_01.nc4
dir.0016/ssmis_f17_01.nc4
dir.0016/amsua_n19_01.nc4
dir.0016/sbuv2_n19_03.nc4
dir.0016/conv_sst_01.nc4
dir.0016/cris-fsr_n20_01.nc4
dir.0016/conv_ps_03.nc4
dir.0016/hirs4_n19_01.nc4
dir.0016/atms_n20_03.nc4
dir.0016/amsua_n15_01.nc4
dir.0016/ssmis_f18_03.nc4
dir.0016/iasi_metop-a_03.nc4
dir.0016/seviri_m08_01.nc4
dir.0017/
dir.0017/atms_n20_01.nc4
dir.0017/seviri_m08_03.nc4
dir.0017/avhrr_n19_01.nc4
dir.0017/conv_pw_03.nc4
dir.0017/amsua_metop-a_01.nc4
dir.0017/conv_pw_01.nc4
dir.0017/conv_ps_01.nc4
dir.0017/ahi_himawari8_01.nc4
dir.0017/mhs_n19_03.nc4
dir.0017/mhs_n19_01.nc4
dir.0017/cris-fsr_npp_01.nc4
dir.0017/ssmis_f18_01.nc4
dir.0017/cris-fsr_n20_03.nc4
dir.0017/gome_metop-a_01.nc4
dir.0017/atms_npp_01.nc4
dir.0017/avhrr_metop-a_03.nc4
dir.0017/sbuv2_n19_01.nc4
dir.0017/hirs4_metop-a_03.nc4
dir.0017/amsua_n19_03.nc4
dir.0017/iasi_metop-a_01.nc4
dir.0017/avhrr_n19_03.nc4
dir.0017/avhrr_metop-a_01.nc4
dir.0017/conv_q_01.nc4
dir.0017/cris-fsr_npp_03.nc4
dir.0017/conv_uv_01.nc4
dir.0017/hirs4_metop-a_01.nc4
dir.0017/conv_q_03.nc4
dir.0017/conv_t_03.nc4
dir.0017/hirs4_n19_03.nc4
dir.0017/amsua_metop-a_03.nc4
dir.0017/conv_gps_01.nc4
dir.0017/atms_npp_03.nc4
dir.0017/gome_metop-a_03.nc4
dir.0017/obs_setup
dir.0017/conv_sst_03.nc4
dir.0017/amsua_n15_03.nc4
dir.0017/conv_uv_03.nc4
dir.0017/conv_gps_03.nc4
dir.0017/conv_t_01.nc4
dir.0017/ahi_himawari8_03.nc4
dir.0017/ssmis_f17_03.nc4
dir.0017/mhs_metop-a_03.nc4
dir.0017/mhs_metop-a_01.nc4
dir.0017/ssmis_f17_01.nc4
dir.0017/amsua_n19_01.nc4
dir.0017/sbuv2_n19_03.nc4
dir.0017/conv_sst_01.nc4
dir.0017/cris-fsr_n20_01.nc4
dir.0017/conv_ps_03.nc4
dir.0017/hirs4_n19_01.nc4
dir.0017/atms_n20_03.nc4
dir.0017/amsua_n15_01.nc4
dir.0017/ssmis_f18_03.nc4
dir.0017/iasi_metop-a_03.nc4
dir.0017/seviri_m08_01.nc4
dir.0018/
dir.0018/atms_n20_01.nc4
dir.0018/seviri_m08_03.nc4
dir.0018/avhrr_n19_01.nc4
dir.0018/conv_pw_03.nc4
dir.0018/conv_pw_01.nc4
dir.0018/conv_ps_01.nc4
dir.0018/mhs_n19_03.nc4
dir.0018/mhs_n19_01.nc4
dir.0018/cris-fsr_npp_01.nc4
dir.0018/ssmis_f18_01.nc4
dir.0018/cris-fsr_n20_03.nc4
dir.0018/atms_npp_01.nc4
dir.0018/avhrr_metop-a_03.nc4
dir.0018/sbuv2_n19_01.nc4
dir.0018/amsua_n19_03.nc4
dir.0018/iasi_metop-a_01.nc4
dir.0018/avhrr_n19_03.nc4
dir.0018/avhrr_metop-a_01.nc4
dir.0018/conv_q_01.nc4
dir.0018/cris-fsr_npp_03.nc4
dir.0018/conv_uv_01.nc4
dir.0018/conv_q_03.nc4
dir.0018/conv_t_03.nc4
dir.0018/hirs4_n19_03.nc4
dir.0018/conv_gps_01.nc4
dir.0018/atms_npp_03.nc4
dir.0018/obs_setup
dir.0018/conv_sst_03.nc4
dir.0018/conv_uv_03.nc4
dir.0018/conv_gps_03.nc4
dir.0018/conv_t_01.nc4
dir.0018/ssmis_f17_03.nc4
dir.0018/ssmis_f17_01.nc4
dir.0018/amsua_n19_01.nc4
dir.0018/sbuv2_n19_03.nc4
dir.0018/conv_sst_01.nc4
dir.0018/cris-fsr_n20_01.nc4
dir.0018/conv_ps_03.nc4
dir.0018/hirs4_n19_01.nc4
dir.0018/atms_n20_03.nc4
dir.0018/ssmis_f18_03.nc4
dir.0018/iasi_metop-a_03.nc4
dir.0018/seviri_m08_01.nc4
dir.0019/
dir.0019/atms_n20_01.nc4
dir.0019/seviri_m08_03.nc4
dir.0019/conv_pw_03.nc4
dir.0019/conv_pw_01.nc4
dir.0019/conv_ps_01.nc4
dir.0019/mhs_n19_03.nc4
dir.0019/mhs_n19_01.nc4
dir.0019/cris-fsr_npp_01.nc4
dir.0019/ssmis_f18_01.nc4
dir.0019/cris-fsr_n20_03.nc4
dir.0019/atms_npp_01.nc4
dir.0019/sbuv2_n19_01.nc4
dir.0019/amsua_n19_03.nc4
dir.0019/conv_q_01.nc4
dir.0019/cris-fsr_npp_03.nc4
dir.0019/conv_uv_01.nc4
dir.0019/conv_q_03.nc4
dir.0019/conv_t_03.nc4
dir.0019/hirs4_n19_03.nc4
dir.0019/conv_gps_01.nc4
dir.0019/atms_npp_03.nc4
dir.0019/obs_setup
dir.0019/conv_uv_03.nc4
dir.0019/conv_gps_03.nc4
dir.0019/conv_t_01.nc4
dir.0019/ssmis_f17_03.nc4
dir.0019/ssmis_f17_01.nc4
dir.0019/amsua_n19_01.nc4
dir.0019/sbuv2_n19_03.nc4
dir.0019/cris-fsr_n20_01.nc4
dir.0019/conv_ps_03.nc4
dir.0019/hirs4_n19_01.nc4
dir.0019/atms_n20_03.nc4
dir.0019/ssmis_f18_03.nc4
dir.0019/seviri_m08_01.nc4
dir.0020/
dir.0020/atms_n20_01.nc4
dir.0020/ompstc8_n20_01.nc4
dir.0020/conv_ps_01.nc4
dir.0020/mhs_n19_03.nc4
dir.0020/mhs_n19_01.nc4
dir.0020/cris-fsr_npp_01.nc4
dir.0020/ssmis_f18_01.nc4
dir.0020/cris-fsr_n20_03.nc4
dir.0020/atms_npp_01.nc4
dir.0020/omi_aura_01.nc4
dir.0020/amsua_n19_03.nc4
dir.0020/ompsnp_n20_01.nc4
dir.0020/conv_q_01.nc4
dir.0020/cris-fsr_npp_03.nc4
dir.0020/conv_uv_01.nc4
dir.0020/conv_q_03.nc4
dir.0020/ompstc8_npp_03.nc4
dir.0020/conv_t_03.nc4
dir.0020/hirs4_n19_03.nc4
dir.0020/conv_gps_01.nc4
dir.0020/omi_aura_03.nc4
dir.0020/ompsnp_npp_01.nc4
dir.0020/atms_npp_03.nc4
dir.0020/ompsnp_npp_03.nc4
dir.0020/obs_setup
dir.0020/ompstc8_n20_03.nc4
dir.0020/ompstc8_npp_01.nc4
dir.0020/conv_uv_03.nc4
dir.0020/conv_gps_03.nc4
dir.0020/conv_t_01.nc4
dir.0020/ssmis_f17_03.nc4
dir.0020/ssmis_f17_01.nc4
dir.0020/amsua_n19_01.nc4
dir.0020/ompsnp_n20_03.nc4
dir.0020/cris-fsr_n20_01.nc4
dir.0020/conv_ps_03.nc4
dir.0020/hirs4_n19_01.nc4
dir.0020/atms_n20_03.nc4
dir.0020/ssmis_f18_03.nc4
dir.0021/
dir.0021/avhrr_n19_01.nc4
dir.0021/amsua_metop-a_01.nc4
dir.0021/conv_ps_01.nc4
dir.0021/mhs_n19_03.nc4
dir.0021/mhs_n19_01.nc4
dir.0021/amsua_metop-b_03.nc4
dir.0021/amsua_metop-c_01.nc4
dir.0021/amsua_n18_03.nc4
dir.0021/gome_metop-b_01.nc4
dir.0021/iasi_metop-c_03.nc4
dir.0021/mhs_metop-c_01.nc4
dir.0021/cris-fsr_npp_01.nc4
dir.0021/avhrr_n18_03.nc4
dir.0021/ssmis_f18_01.nc4
dir.0021/cris-fsr_n20_03.nc4
dir.0021/gome_metop-a_01.nc4
dir.0021/avhrr_metop-a_03.nc4
dir.0021/hirs4_metop-a_03.nc4
dir.0021/amsua_n19_03.nc4
dir.0021/iasi_metop-a_01.nc4
dir.0021/mhs_metop-c_03.nc4
dir.0021/avhrr_n19_03.nc4
dir.0021/avhrr_metop-a_01.nc4
dir.0021/conv_q_01.nc4
dir.0021/cris-fsr_npp_03.nc4
dir.0021/conv_uv_01.nc4
dir.0021/iasi_metop-b_01.nc4
dir.0021/avhrr_metop-b_01.nc4
dir.0021/hirs4_metop-a_01.nc4
dir.0021/gome_metop-b_03.nc4
dir.0021/conv_q_03.nc4
dir.0021/conv_t_03.nc4
dir.0021/hirs4_n19_03.nc4
dir.0021/amsua_metop-a_03.nc4
dir.0021/conv_gps_01.nc4
dir.0021/mhs_metop-b_03.nc4
dir.0021/amsua_metop-c_03.nc4
dir.0021/gome_metop-a_03.nc4
dir.0021/obs_setup
dir.0021/amsua_n15_03.nc4
dir.0021/amsua_n18_01.nc4
dir.0021/conv_uv_03.nc4
dir.0021/amsua_metop-b_01.nc4
dir.0021/iasi_metop-b_03.nc4
dir.0021/iasi_metop-c_01.nc4
dir.0021/conv_gps_03.nc4
dir.0021/conv_t_01.nc4
dir.0021/ssmis_f17_03.nc4
dir.0021/mhs_metop-b_01.nc4
dir.0021/mhs_metop-a_03.nc4
dir.0021/mhs_metop-a_01.nc4
dir.0021/ssmis_f17_01.nc4
dir.0021/avhrr_n18_01.nc4
dir.0021/amsua_n19_01.nc4
dir.0021/cris-fsr_n20_01.nc4
dir.0021/avhrr_metop-b_03.nc4
dir.0021/conv_ps_03.nc4
dir.0021/hirs4_n19_01.nc4
dir.0021/amsua_n15_01.nc4
dir.0021/ssmis_f18_03.nc4
dir.0021/iasi_metop-a_03.nc4
dir.0022/
dir.0022/seviri_m08_03.nc4
dir.0022/avhrr_n19_01.nc4
dir.0022/amsua_metop-a_01.nc4
dir.0022/conv_ps_01.nc4
dir.0022/ahi_himawari8_01.nc4
dir.0022/mhs_n19_03.nc4
dir.0022/mhs_n19_01.nc4
dir.0022/amsua_metop-b_03.nc4
dir.0022/amsua_metop-c_01.nc4
dir.0022/amsua_n18_03.nc4
dir.0022/gome_metop-b_01.nc4
dir.0022/iasi_metop-c_03.nc4
dir.0022/mhs_metop-c_01.nc4
dir.0022/avhrr_n18_03.nc4
dir.0022/ssmis_f18_01.nc4
dir.0022/gome_metop-a_01.nc4
dir.0022/avhrr_metop-a_03.nc4
dir.0022/hirs4_metop-a_03.nc4
dir.0022/amsua_n19_03.nc4
dir.0022/iasi_metop-a_01.nc4
dir.0022/mhs_metop-c_03.nc4
dir.0022/avhrr_n19_03.nc4
dir.0022/avhrr_metop-a_01.nc4
dir.0022/conv_uv_01.nc4
dir.0022/iasi_metop-b_01.nc4
dir.0022/avhrr_metop-b_01.nc4
dir.0022/hirs4_metop-a_01.nc4
dir.0022/gome_metop-b_03.nc4
dir.0022/hirs4_n19_03.nc4
dir.0022/amsua_metop-a_03.nc4
dir.0022/conv_gps_01.nc4
dir.0022/mhs_metop-b_03.nc4
dir.0022/amsua_metop-c_03.nc4
dir.0022/gome_metop-a_03.nc4
dir.0022/obs_setup
dir.0022/conv_sst_03.nc4
dir.0022/amsua_n15_03.nc4
dir.0022/amsua_n18_01.nc4
dir.0022/conv_uv_03.nc4
dir.0022/amsua_metop-b_01.nc4
dir.0022/iasi_metop-b_03.nc4
dir.0022/iasi_metop-c_01.nc4
dir.0022/conv_gps_03.nc4
dir.0022/ahi_himawari8_03.nc4
dir.0022/ssmis_f17_03.nc4
dir.0022/mhs_metop-b_01.nc4
dir.0022/mhs_metop-a_03.nc4
dir.0022/mhs_metop-a_01.nc4
dir.0022/ssmis_f17_01.nc4
dir.0022/avhrr_n18_01.nc4
dir.0022/amsua_n19_01.nc4
dir.0022/conv_sst_01.nc4
dir.0022/avhrr_metop-b_03.nc4
dir.0022/conv_ps_03.nc4
dir.0022/hirs4_n19_01.nc4
dir.0022/amsua_n15_01.nc4
dir.0022/ssmis_f18_03.nc4
dir.0022/iasi_metop-a_03.nc4
dir.0022/seviri_m08_01.nc4
dir.0023/
dir.0023/seviri_m08_03.nc4
dir.0023/avhrr_n19_01.nc4
dir.0023/amsua_metop-a_01.nc4
dir.0023/conv_ps_01.nc4
dir.0023/ahi_himawari8_01.nc4
dir.0023/mhs_n19_03.nc4
dir.0023/mhs_n19_01.nc4
dir.0023/amsua_metop-b_03.nc4
dir.0023/amsua_metop-c_01.nc4
dir.0023/amsua_n18_03.nc4
dir.0023/gome_metop-b_01.nc4
dir.0023/iasi_metop-c_03.nc4
dir.0023/mhs_metop-c_01.nc4
dir.0023/avhrr_n18_03.nc4
dir.0023/ssmis_f18_01.nc4
dir.0023/gome_metop-a_01.nc4
dir.0023/avhrr_metop-a_03.nc4
dir.0023/sbuv2_n19_01.nc4
dir.0023/hirs4_metop-a_03.nc4
dir.0023/amsua_n19_03.nc4
dir.0023/iasi_metop-a_01.nc4
dir.0023/mhs_metop-c_03.nc4
dir.0023/avhrr_n19_03.nc4
dir.0023/avhrr_metop-a_01.nc4
dir.0023/conv_q_01.nc4
dir.0023/conv_uv_01.nc4
dir.0023/iasi_metop-b_01.nc4
dir.0023/avhrr_metop-b_01.nc4
dir.0023/hirs4_metop-a_01.nc4
dir.0023/gome_metop-b_03.nc4
dir.0023/conv_q_03.nc4
dir.0023/conv_t_03.nc4
dir.0023/hirs4_n19_03.nc4
dir.0023/amsua_metop-a_03.nc4
dir.0023/conv_gps_01.nc4
dir.0023/mhs_metop-b_03.nc4
dir.0023/amsua_metop-c_03.nc4
dir.0023/gome_metop-a_03.nc4
dir.0023/obs_setup
dir.0023/conv_sst_03.nc4
dir.0023/amsua_n15_03.nc4
dir.0023/amsua_n18_01.nc4
dir.0023/conv_uv_03.nc4
dir.0023/amsua_metop-b_01.nc4
dir.0023/iasi_metop-b_03.nc4
dir.0023/iasi_metop-c_01.nc4
dir.0023/conv_gps_03.nc4
dir.0023/conv_t_01.nc4
dir.0023/ahi_himawari8_03.nc4
dir.0023/ssmis_f17_03.nc4
dir.0023/mhs_metop-b_01.nc4
dir.0023/mhs_metop-a_03.nc4
dir.0023/mhs_metop-a_01.nc4
dir.0023/ssmis_f17_01.nc4
dir.0023/avhrr_n18_01.nc4
dir.0023/amsua_n19_01.nc4
dir.0023/sbuv2_n19_03.nc4
dir.0023/conv_sst_01.nc4
dir.0023/avhrr_metop-b_03.nc4
dir.0023/conv_ps_03.nc4
dir.0023/hirs4_n19_01.nc4
dir.0023/amsua_n15_01.nc4
dir.0023/ssmis_f18_03.nc4
dir.0023/iasi_metop-a_03.nc4
dir.0023/seviri_m08_01.nc4
dir.0024/
dir.0024/seviri_m08_03.nc4
dir.0024/avhrr_n19_01.nc4
dir.0024/amsua_metop-a_01.nc4
dir.0024/conv_ps_01.nc4
dir.0024/ahi_himawari8_01.nc4
dir.0024/mhs_n19_03.nc4
dir.0024/mhs_n19_01.nc4
dir.0024/amsua_metop-b_03.nc4
dir.0024/amsua_metop-c_01.nc4
dir.0024/amsua_n18_03.nc4
dir.0024/gome_metop-b_01.nc4
dir.0024/iasi_metop-c_03.nc4
dir.0024/mhs_metop-c_01.nc4
dir.0024/avhrr_n18_03.nc4
dir.0024/ssmis_f18_01.nc4
dir.0024/gome_metop-a_01.nc4
dir.0024/avhrr_metop-a_03.nc4
dir.0024/sbuv2_n19_01.nc4
dir.0024/hirs4_metop-a_03.nc4
dir.0024/amsua_n19_03.nc4
dir.0024/iasi_metop-a_01.nc4
dir.0024/mhs_metop-c_03.nc4
dir.0024/avhrr_n19_03.nc4
dir.0024/avhrr_metop-a_01.nc4
dir.0024/conv_q_01.nc4
dir.0024/conv_uv_01.nc4
dir.0024/iasi_metop-b_01.nc4
dir.0024/avhrr_metop-b_01.nc4
dir.0024/hirs4_metop-a_01.nc4
dir.0024/gome_metop-b_03.nc4
dir.0024/conv_q_03.nc4
dir.0024/conv_t_03.nc4
dir.0024/hirs4_n19_03.nc4
dir.0024/amsua_metop-a_03.nc4
dir.0024/conv_gps_01.nc4
dir.0024/mhs_metop-b_03.nc4
dir.0024/amsua_metop-c_03.nc4
dir.0024/gome_metop-a_03.nc4
dir.0024/obs_setup
dir.0024/conv_sst_03.nc4
dir.0024/amsua_n15_03.nc4
dir.0024/amsua_n18_01.nc4
dir.0024/conv_uv_03.nc4
dir.0024/amsua_metop-b_01.nc4
dir.0024/iasi_metop-b_03.nc4
dir.0024/iasi_metop-c_01.nc4
dir.0024/conv_gps_03.nc4
dir.0024/conv_t_01.nc4
dir.0024/ahi_himawari8_03.nc4
dir.0024/ssmis_f17_03.nc4
dir.0024/mhs_metop-b_01.nc4
dir.0024/mhs_metop-a_03.nc4
dir.0024/mhs_metop-a_01.nc4
dir.0024/ssmis_f17_01.nc4
dir.0024/avhrr_n18_01.nc4
dir.0024/amsua_n19_01.nc4
dir.0024/sbuv2_n19_03.nc4
dir.0024/conv_sst_01.nc4
dir.0024/avhrr_metop-b_03.nc4
dir.0024/conv_ps_03.nc4
dir.0024/hirs4_n19_01.nc4
dir.0024/amsua_n15_01.nc4
dir.0024/ssmis_f18_03.nc4
dir.0024/iasi_metop-a_03.nc4
dir.0024/seviri_m08_01.nc4
dir.0025/
dir.0025/seviri_m08_03.nc4
dir.0025/avhrr_n19_01.nc4
dir.0025/amsua_metop-a_01.nc4
dir.0025/conv_ps_01.nc4
dir.0025/ahi_himawari8_01.nc4
dir.0025/mhs_n19_03.nc4
dir.0025/mhs_n19_01.nc4
dir.0025/amsua_metop-b_03.nc4
dir.0025/amsua_metop-c_01.nc4
dir.0025/amsua_n18_03.nc4
dir.0025/gome_metop-b_01.nc4
dir.0025/iasi_metop-c_03.nc4
dir.0025/mhs_metop-c_01.nc4
dir.0025/cris-fsr_npp_01.nc4
dir.0025/avhrr_n18_03.nc4
dir.0025/ssmis_f18_01.nc4
dir.0025/gome_metop-a_01.nc4
dir.0025/atms_npp_01.nc4
dir.0025/avhrr_metop-a_03.nc4
dir.0025/sbuv2_n19_01.nc4
dir.0025/hirs4_metop-a_03.nc4
dir.0025/amsua_n19_03.nc4
dir.0025/iasi_metop-a_01.nc4
dir.0025/mhs_metop-c_03.nc4
dir.0025/avhrr_n19_03.nc4
dir.0025/avhrr_metop-a_01.nc4
dir.0025/conv_q_01.nc4
dir.0025/cris-fsr_npp_03.nc4
dir.0025/conv_uv_01.nc4
dir.0025/iasi_metop-b_01.nc4
dir.0025/avhrr_metop-b_01.nc4
dir.0025/hirs4_metop-a_01.nc4
dir.0025/gome_metop-b_03.nc4
dir.0025/conv_q_03.nc4
dir.0025/conv_t_03.nc4
dir.0025/hirs4_n19_03.nc4
dir.0025/amsua_metop-a_03.nc4
dir.0025/conv_gps_01.nc4
dir.0025/mhs_metop-b_03.nc4
dir.0025/amsua_metop-c_03.nc4
dir.0025/atms_npp_03.nc4
dir.0025/gome_metop-a_03.nc4
dir.0025/obs_setup
dir.0025/conv_sst_03.nc4
dir.0025/amsua_n15_03.nc4
dir.0025/amsua_n18_01.nc4
dir.0025/conv_uv_03.nc4
dir.0025/amsua_metop-b_01.nc4
dir.0025/iasi_metop-b_03.nc4
dir.0025/iasi_metop-c_01.nc4
dir.0025/conv_gps_03.nc4
dir.0025/conv_t_01.nc4
dir.0025/ahi_himawari8_03.nc4
dir.0025/ssmis_f17_03.nc4
dir.0025/mhs_metop-b_01.nc4
dir.0025/mhs_metop-a_03.nc4
dir.0025/mhs_metop-a_01.nc4
dir.0025/ssmis_f17_01.nc4
dir.0025/avhrr_n18_01.nc4
dir.0025/amsua_n19_01.nc4
dir.0025/sbuv2_n19_03.nc4
dir.0025/conv_sst_01.nc4
dir.0025/avhrr_metop-b_03.nc4
dir.0025/conv_ps_03.nc4
dir.0025/hirs4_n19_01.nc4
dir.0025/amsua_n15_01.nc4
dir.0025/ssmis_f18_03.nc4
dir.0025/iasi_metop-a_03.nc4
dir.0025/seviri_m08_01.nc4
dir.0026/
dir.0026/atms_n20_01.nc4
dir.0026/ompstc8_n20_01.nc4
dir.0026/seviri_m08_03.nc4
dir.0026/conv_pw_03.nc4
dir.0026/amsua_metop-a_01.nc4
dir.0026/conv_pw_01.nc4
dir.0026/conv_ps_01.nc4
dir.0026/ahi_himawari8_01.nc4
dir.0026/mhs_n19_03.nc4
dir.0026/mhs_n19_01.nc4
dir.0026/amsua_metop-c_01.nc4
dir.0026/amsua_n18_03.nc4
dir.0026/iasi_metop-c_03.nc4
dir.0026/mhs_metop-c_01.nc4
dir.0026/cris-fsr_npp_01.nc4
dir.0026/ssmis_f18_01.nc4
dir.0026/cris-fsr_n20_03.nc4
dir.0026/gome_metop-a_01.nc4
dir.0026/atms_npp_01.nc4
dir.0026/sbuv2_n19_01.nc4
dir.0026/hirs4_metop-a_03.nc4
dir.0026/amsua_n19_03.nc4
dir.0026/iasi_metop-a_01.nc4
dir.0026/mhs_metop-c_03.nc4
dir.0026/conv_q_01.nc4
dir.0026/cris-fsr_npp_03.nc4
dir.0026/conv_uv_01.nc4
dir.0026/hirs4_metop-a_01.nc4
dir.0026/conv_q_03.nc4
dir.0026/conv_t_03.nc4
dir.0026/hirs4_n19_03.nc4
dir.0026/amsua_metop-a_03.nc4
dir.0026/conv_gps_01.nc4
dir.0026/amsua_metop-c_03.nc4
dir.0026/atms_npp_03.nc4
dir.0026/gome_metop-a_03.nc4
dir.0026/obs_setup
dir.0026/amsua_n15_03.nc4
dir.0026/ompstc8_n20_03.nc4
dir.0026/amsua_n18_01.nc4
dir.0026/conv_uv_03.nc4
dir.0026/iasi_metop-c_01.nc4
dir.0026/conv_gps_03.nc4
dir.0026/conv_t_01.nc4
dir.0026/ahi_himawari8_03.nc4
dir.0026/ssmis_f17_03.nc4
dir.0026/mhs_metop-a_03.nc4
dir.0026/mhs_metop-a_01.nc4
dir.0026/ssmis_f17_01.nc4
dir.0026/amsua_n19_01.nc4
dir.0026/sbuv2_n19_03.nc4
dir.0026/cris-fsr_n20_01.nc4
dir.0026/conv_ps_03.nc4
dir.0026/hirs4_n19_01.nc4
dir.0026/atms_n20_03.nc4
dir.0026/amsua_n15_01.nc4
dir.0026/ssmis_f18_03.nc4
dir.0026/iasi_metop-a_03.nc4
dir.0026/seviri_m08_01.nc4
dir.0027/
dir.0027/atms_n20_01.nc4
dir.0027/ompstc8_n20_01.nc4
dir.0027/amsua_metop-a_01.nc4
dir.0027/conv_ps_01.nc4
dir.0027/mhs_n19_03.nc4
dir.0027/mhs_n19_01.nc4
dir.0027/amsua_metop-c_01.nc4
dir.0027/amsua_n18_03.nc4
dir.0027/iasi_metop-c_03.nc4
dir.0027/mhs_metop-c_01.nc4
dir.0027/cris-fsr_npp_01.nc4
dir.0027/ssmis_f18_01.nc4
dir.0027/cris-fsr_n20_03.nc4
dir.0027/gome_metop-a_01.nc4
dir.0027/atms_npp_01.nc4
dir.0027/omi_aura_01.nc4
dir.0027/sbuv2_n19_01.nc4
dir.0027/hirs4_metop-a_03.nc4
dir.0027/amsua_n19_03.nc4
dir.0027/iasi_metop-a_01.nc4
dir.0027/mhs_metop-c_03.nc4
dir.0027/ompsnp_n20_01.nc4
dir.0027/conv_q_01.nc4
dir.0027/cris-fsr_npp_03.nc4
dir.0027/conv_uv_01.nc4
dir.0027/hirs4_metop-a_01.nc4
dir.0027/conv_q_03.nc4
dir.0027/ompstc8_npp_03.nc4
dir.0027/conv_t_03.nc4
dir.0027/hirs4_n19_03.nc4
dir.0027/amsua_metop-a_03.nc4
dir.0027/conv_gps_01.nc4
dir.0027/amsua_metop-c_03.nc4
dir.0027/omi_aura_03.nc4
dir.0027/ompsnp_npp_01.nc4
dir.0027/atms_npp_03.nc4
dir.0027/gome_metop-a_03.nc4
dir.0027/ompsnp_npp_03.nc4
dir.0027/obs_setup
dir.0027/amsua_n15_03.nc4
dir.0027/ompstc8_n20_03.nc4
dir.0027/amsua_n18_01.nc4
dir.0027/ompstc8_npp_01.nc4
dir.0027/conv_uv_03.nc4
dir.0027/iasi_metop-c_01.nc4
dir.0027/conv_gps_03.nc4
dir.0027/conv_t_01.nc4
dir.0027/ssmis_f17_03.nc4
dir.0027/mhs_metop-a_03.nc4
dir.0027/mhs_metop-a_01.nc4
dir.0027/ssmis_f17_01.nc4
dir.0027/amsua_n19_01.nc4
dir.0027/ompsnp_n20_03.nc4
dir.0027/sbuv2_n19_03.nc4
dir.0027/cris-fsr_n20_01.nc4
dir.0027/conv_ps_03.nc4
dir.0027/hirs4_n19_01.nc4
dir.0027/atms_n20_03.nc4
dir.0027/amsua_n15_01.nc4
dir.0027/ssmis_f18_03.nc4
dir.0027/iasi_metop-a_03.nc4
dir.0028/
dir.0028/avhrr_n19_01.nc4
dir.0028/amsua_metop-a_01.nc4
dir.0028/conv_ps_01.nc4
dir.0028/mhs_n19_03.nc4
dir.0028/mhs_n19_01.nc4
dir.0028/amsua_metop-b_03.nc4
dir.0028/amsua_metop-c_01.nc4
dir.0028/amsua_n18_03.nc4
dir.0028/gome_metop-b_01.nc4
dir.0028/iasi_metop-c_03.nc4
dir.0028/mhs_metop-c_01.nc4
dir.0028/cris-fsr_npp_01.nc4
dir.0028/avhrr_n18_03.nc4
dir.0028/cris-fsr_n20_03.nc4
dir.0028/gome_metop-a_01.nc4
dir.0028/avhrr_metop-a_03.nc4
dir.0028/omi_aura_01.nc4
dir.0028/hirs4_metop-a_03.nc4
dir.0028/amsua_n19_03.nc4
dir.0028/iasi_metop-a_01.nc4
dir.0028/mhs_metop-c_03.nc4
dir.0028/avhrr_n19_03.nc4
dir.0028/avhrr_metop-a_01.nc4
dir.0028/conv_q_01.nc4
dir.0028/cris-fsr_npp_03.nc4
dir.0028/conv_uv_01.nc4
dir.0028/iasi_metop-b_01.nc4
dir.0028/avhrr_metop-b_01.nc4
dir.0028/hirs4_metop-a_01.nc4
dir.0028/gome_metop-b_03.nc4
dir.0028/conv_q_03.nc4
dir.0028/ompstc8_npp_03.nc4
dir.0028/conv_t_03.nc4
dir.0028/hirs4_n19_03.nc4
dir.0028/amsua_metop-a_03.nc4
dir.0028/conv_gps_01.nc4
dir.0028/mhs_metop-b_03.nc4
dir.0028/amsua_metop-c_03.nc4
dir.0028/omi_aura_03.nc4
dir.0028/gome_metop-a_03.nc4
dir.0028/obs_setup
dir.0028/amsua_n15_03.nc4
dir.0028/amsua_n18_01.nc4
dir.0028/ompstc8_npp_01.nc4
dir.0028/conv_uv_03.nc4
dir.0028/amsua_metop-b_01.nc4
dir.0028/iasi_metop-b_03.nc4
dir.0028/iasi_metop-c_01.nc4
dir.0028/conv_gps_03.nc4
dir.0028/conv_t_01.nc4
dir.0028/ssmis_f17_03.nc4
dir.0028/mhs_metop-b_01.nc4
dir.0028/mhs_metop-a_03.nc4
dir.0028/mhs_metop-a_01.nc4
dir.0028/ssmis_f17_01.nc4
dir.0028/avhrr_n18_01.nc4
dir.0028/amsua_n19_01.nc4
dir.0028/cris-fsr_n20_01.nc4
dir.0028/avhrr_metop-b_03.nc4
dir.0028/conv_ps_03.nc4
dir.0028/hirs4_n19_01.nc4
dir.0028/amsua_n15_01.nc4
dir.0028/iasi_metop-a_03.nc4
dir.0029/
dir.0029/avhrr_n19_01.nc4
dir.0029/amsua_metop-a_01.nc4
dir.0029/conv_ps_01.nc4
dir.0029/ahi_himawari8_01.nc4
dir.0029/mhs_n19_03.nc4
dir.0029/mhs_n19_01.nc4
dir.0029/amsua_metop-b_03.nc4
dir.0029/amsua_metop-c_01.nc4
dir.0029/amsua_n18_03.nc4
dir.0029/gome_metop-b_01.nc4
dir.0029/iasi_metop-c_03.nc4
dir.0029/mhs_metop-c_01.nc4
dir.0029/avhrr_n18_03.nc4
dir.0029/gome_metop-a_01.nc4
dir.0029/avhrr_metop-a_03.nc4
dir.0029/hirs4_metop-a_03.nc4
dir.0029/amsua_n19_03.nc4
dir.0029/iasi_metop-a_01.nc4
dir.0029/mhs_metop-c_03.nc4
dir.0029/avhrr_n19_03.nc4
dir.0029/avhrr_metop-a_01.nc4
dir.0029/conv_uv_01.nc4
dir.0029/iasi_metop-b_01.nc4
dir.0029/avhrr_metop-b_01.nc4
dir.0029/hirs4_metop-a_01.nc4
dir.0029/gome_metop-b_03.nc4
dir.0029/hirs4_n19_03.nc4
dir.0029/amsua_metop-a_03.nc4
dir.0029/conv_gps_01.nc4
dir.0029/mhs_metop-b_03.nc4
dir.0029/amsua_metop-c_03.nc4
dir.0029/gome_metop-a_03.nc4
dir.0029/obs_setup
dir.0029/conv_sst_03.nc4
dir.0029/amsua_n15_03.nc4
dir.0029/amsua_n18_01.nc4
dir.0029/conv_uv_03.nc4
dir.0029/amsua_metop-b_01.nc4
dir.0029/iasi_metop-b_03.nc4
dir.0029/iasi_metop-c_01.nc4
dir.0029/conv_gps_03.nc4
dir.0029/ahi_himawari8_03.nc4
dir.0029/ssmis_f17_03.nc4
dir.0029/mhs_metop-b_01.nc4
dir.0029/mhs_metop-a_03.nc4
dir.0029/mhs_metop-a_01.nc4
dir.0029/ssmis_f17_01.nc4
dir.0029/avhrr_n18_01.nc4
dir.0029/amsua_n19_01.nc4
dir.0029/conv_sst_01.nc4
dir.0029/avhrr_metop-b_03.nc4
dir.0029/conv_ps_03.nc4
dir.0029/hirs4_n19_01.nc4
dir.0029/amsua_n15_01.nc4
dir.0029/iasi_metop-a_03.nc4
dir.0030/
dir.0030/avhrr_n19_01.nc4
dir.0030/amsua_metop-a_01.nc4
dir.0030/conv_ps_01.nc4
dir.0030/ahi_himawari8_01.nc4
dir.0030/mhs_n19_03.nc4
dir.0030/mhs_n19_01.nc4
dir.0030/amsua_metop-b_03.nc4
dir.0030/amsua_metop-c_01.nc4
dir.0030/amsua_n18_03.nc4
dir.0030/gome_metop-b_01.nc4
dir.0030/iasi_metop-c_03.nc4
dir.0030/mhs_metop-c_01.nc4
dir.0030/avhrr_n18_03.nc4
dir.0030/gome_metop-a_01.nc4
dir.0030/avhrr_metop-a_03.nc4
dir.0030/sbuv2_n19_01.nc4
dir.0030/hirs4_metop-a_03.nc4
dir.0030/amsua_n19_03.nc4
dir.0030/iasi_metop-a_01.nc4
dir.0030/mhs_metop-c_03.nc4
dir.0030/avhrr_n19_03.nc4
dir.0030/avhrr_metop-a_01.nc4
dir.0030/conv_q_01.nc4
dir.0030/conv_uv_01.nc4
dir.0030/iasi_metop-b_01.nc4
dir.0030/avhrr_metop-b_01.nc4
dir.0030/hirs4_metop-a_01.nc4
dir.0030/gome_metop-b_03.nc4
dir.0030/conv_q_03.nc4
dir.0030/conv_t_03.nc4
dir.0030/hirs4_n19_03.nc4
dir.0030/amsua_metop-a_03.nc4
dir.0030/conv_gps_01.nc4
dir.0030/mhs_metop-b_03.nc4
dir.0030/amsua_metop-c_03.nc4
dir.0030/gome_metop-a_03.nc4
dir.0030/obs_setup
dir.0030/conv_sst_03.nc4
dir.0030/amsua_n15_03.nc4
dir.0030/amsua_n18_01.nc4
dir.0030/conv_uv_03.nc4
dir.0030/amsua_metop-b_01.nc4
dir.0030/iasi_metop-b_03.nc4
dir.0030/iasi_metop-c_01.nc4
dir.0030/conv_gps_03.nc4
dir.0030/conv_t_01.nc4
dir.0030/ahi_himawari8_03.nc4
dir.0030/ssmis_f17_03.nc4
dir.0030/mhs_metop-b_01.nc4
dir.0030/mhs_metop-a_03.nc4
dir.0030/mhs_metop-a_01.nc4
dir.0030/ssmis_f17_01.nc4
dir.0030/avhrr_n18_01.nc4
dir.0030/amsua_n19_01.nc4
dir.0030/sbuv2_n19_03.nc4
dir.0030/conv_sst_01.nc4
dir.0030/avhrr_metop-b_03.nc4
dir.0030/conv_ps_03.nc4
dir.0030/hirs4_n19_01.nc4
dir.0030/amsua_n15_01.nc4
dir.0030/iasi_metop-a_03.nc4
dir.0031/
dir.0031/avhrr_n19_01.nc4
dir.0031/amsua_metop-a_01.nc4
dir.0031/conv_ps_01.nc4
dir.0031/ahi_himawari8_01.nc4
dir.0031/mhs_n19_03.nc4
dir.0031/mhs_n19_01.nc4
dir.0031/amsua_metop-b_03.nc4
dir.0031/amsua_metop-c_01.nc4
dir.0031/amsua_n18_03.nc4
dir.0031/gome_metop-b_01.nc4
dir.0031/iasi_metop-c_03.nc4
dir.0031/mhs_metop-c_01.nc4
dir.0031/avhrr_n18_03.nc4
dir.0031/gome_metop-a_01.nc4
dir.0031/avhrr_metop-a_03.nc4
dir.0031/sbuv2_n19_01.nc4
dir.0031/hirs4_metop-a_03.nc4
dir.0031/amsua_n19_03.nc4
dir.0031/iasi_metop-a_01.nc4
dir.0031/mhs_metop-c_03.nc4
dir.0031/avhrr_n19_03.nc4
dir.0031/avhrr_metop-a_01.nc4
dir.0031/conv_q_01.nc4
dir.0031/conv_uv_01.nc4
dir.0031/iasi_metop-b_01.nc4
dir.0031/avhrr_metop-b_01.nc4
dir.0031/hirs4_metop-a_01.nc4
dir.0031/gome_metop-b_03.nc4
dir.0031/conv_q_03.nc4
dir.0031/conv_t_03.nc4
dir.0031/hirs4_n19_03.nc4
dir.0031/amsua_metop-a_03.nc4
dir.0031/conv_gps_01.nc4
dir.0031/mhs_metop-b_03.nc4
dir.0031/amsua_metop-c_03.nc4
dir.0031/gome_metop-a_03.nc4
dir.0031/obs_setup
dir.0031/conv_sst_03.nc4
dir.0031/amsua_n15_03.nc4
dir.0031/amsua_n18_01.nc4
dir.0031/conv_uv_03.nc4
dir.0031/amsua_metop-b_01.nc4
dir.0031/iasi_metop-b_03.nc4
dir.0031/iasi_metop-c_01.nc4
dir.0031/conv_gps_03.nc4
dir.0031/conv_t_01.nc4
dir.0031/ahi_himawari8_03.nc4
dir.0031/ssmis_f17_03.nc4
dir.0031/mhs_metop-b_01.nc4
dir.0031/mhs_metop-a_03.nc4
dir.0031/mhs_metop-a_01.nc4
dir.0031/ssmis_f17_01.nc4
dir.0031/avhrr_n18_01.nc4
dir.0031/amsua_n19_01.nc4
dir.0031/sbuv2_n19_03.nc4
dir.0031/conv_sst_01.nc4
dir.0031/avhrr_metop-b_03.nc4
dir.0031/conv_ps_03.nc4
dir.0031/hirs4_n19_01.nc4
dir.0031/amsua_n15_01.nc4
dir.0031/iasi_metop-a_03.nc4
dir.0032/
dir.0032/avhrr_n19_01.nc4
dir.0032/amsua_metop-a_01.nc4
dir.0032/conv_ps_01.nc4
dir.0032/ahi_himawari8_01.nc4
dir.0032/mhs_n19_03.nc4
dir.0032/mhs_n19_01.nc4
dir.0032/amsua_metop-b_03.nc4
dir.0032/amsua_metop-c_01.nc4
dir.0032/amsua_n18_03.nc4
dir.0032/gome_metop-b_01.nc4
dir.0032/iasi_metop-c_03.nc4
dir.0032/mhs_metop-c_01.nc4
dir.0032/avhrr_n18_03.nc4
dir.0032/ssmis_f18_01.nc4
dir.0032/gome_metop-a_01.nc4
dir.0032/avhrr_metop-a_03.nc4
dir.0032/sbuv2_n19_01.nc4
dir.0032/hirs4_metop-a_03.nc4
dir.0032/amsua_n19_03.nc4
dir.0032/iasi_metop-a_01.nc4
dir.0032/mhs_metop-c_03.nc4
dir.0032/avhrr_n19_03.nc4
dir.0032/avhrr_metop-a_01.nc4
dir.0032/conv_q_01.nc4
dir.0032/conv_uv_01.nc4
dir.0032/iasi_metop-b_01.nc4
dir.0032/avhrr_metop-b_01.nc4
dir.0032/hirs4_metop-a_01.nc4
dir.0032/gome_metop-b_03.nc4
dir.0032/conv_q_03.nc4
dir.0032/conv_t_03.nc4
dir.0032/hirs4_n19_03.nc4
dir.0032/amsua_metop-a_03.nc4
dir.0032/conv_gps_01.nc4
dir.0032/mhs_metop-b_03.nc4
dir.0032/amsua_metop-c_03.nc4
dir.0032/gome_metop-a_03.nc4
dir.0032/obs_setup
dir.0032/conv_sst_03.nc4
dir.0032/amsua_n15_03.nc4
dir.0032/amsua_n18_01.nc4
dir.0032/conv_uv_03.nc4
dir.0032/amsua_metop-b_01.nc4
dir.0032/iasi_metop-b_03.nc4
dir.0032/iasi_metop-c_01.nc4
dir.0032/conv_gps_03.nc4
dir.0032/conv_t_01.nc4
dir.0032/ahi_himawari8_03.nc4
dir.0032/ssmis_f17_03.nc4
dir.0032/mhs_metop-b_01.nc4
dir.0032/mhs_metop-a_03.nc4
dir.0032/mhs_metop-a_01.nc4
dir.0032/ssmis_f17_01.nc4
dir.0032/avhrr_n18_01.nc4
dir.0032/amsua_n19_01.nc4
dir.0032/sbuv2_n19_03.nc4
dir.0032/conv_sst_01.nc4
dir.0032/avhrr_metop-b_03.nc4
dir.0032/conv_ps_03.nc4
dir.0032/hirs4_n19_01.nc4
dir.0032/amsua_n15_01.nc4
dir.0032/ssmis_f18_03.nc4
dir.0032/iasi_metop-a_03.nc4
dir.0033/
dir.0033/atms_n20_01.nc4
dir.0033/ompstc8_n20_01.nc4
dir.0033/avhrr_n19_01.nc4
dir.0033/amsua_metop-a_01.nc4
dir.0033/conv_ps_01.nc4
dir.0033/ahi_himawari8_01.nc4
dir.0033/mhs_n19_03.nc4
dir.0033/mhs_n19_01.nc4
dir.0033/amsua_metop-b_03.nc4
dir.0033/amsua_metop-c_01.nc4
dir.0033/amsua_n18_03.nc4
dir.0033/gome_metop-b_01.nc4
dir.0033/iasi_metop-c_03.nc4
dir.0033/mhs_metop-c_01.nc4
dir.0033/cris-fsr_npp_01.nc4
dir.0033/avhrr_n18_03.nc4
dir.0033/ssmis_f18_01.nc4
dir.0033/cris-fsr_n20_03.nc4
dir.0033/gome_metop-a_01.nc4
dir.0033/atms_npp_01.nc4
dir.0033/avhrr_metop-a_03.nc4
dir.0033/sbuv2_n19_01.nc4
dir.0033/hirs4_metop-a_03.nc4
dir.0033/amsua_n19_03.nc4
dir.0033/iasi_metop-a_01.nc4
dir.0033/mhs_metop-c_03.nc4
dir.0033/avhrr_n19_03.nc4
dir.0033/avhrr_metop-a_01.nc4
dir.0033/conv_q_01.nc4
dir.0033/cris-fsr_npp_03.nc4
dir.0033/conv_uv_01.nc4
dir.0033/iasi_metop-b_01.nc4
dir.0033/avhrr_metop-b_01.nc4
dir.0033/hirs4_metop-a_01.nc4
dir.0033/gome_metop-b_03.nc4
dir.0033/conv_q_03.nc4
dir.0033/ompstc8_npp_03.nc4
dir.0033/conv_t_03.nc4
dir.0033/hirs4_n19_03.nc4
dir.0033/amsua_metop-a_03.nc4
dir.0033/conv_gps_01.nc4
dir.0033/mhs_metop-b_03.nc4
dir.0033/amsua_metop-c_03.nc4
dir.0033/atms_npp_03.nc4
dir.0033/gome_metop-a_03.nc4
dir.0033/obs_setup
dir.0033/conv_sst_03.nc4
dir.0033/amsua_n15_03.nc4
dir.0033/ompstc8_n20_03.nc4
dir.0033/amsua_n18_01.nc4
dir.0033/ompstc8_npp_01.nc4
dir.0033/conv_uv_03.nc4
dir.0033/amsua_metop-b_01.nc4
dir.0033/iasi_metop-b_03.nc4
dir.0033/iasi_metop-c_01.nc4
dir.0033/conv_gps_03.nc4
dir.0033/conv_t_01.nc4
dir.0033/ahi_himawari8_03.nc4
dir.0033/ssmis_f17_03.nc4
dir.0033/mhs_metop-b_01.nc4
dir.0033/mhs_metop-a_03.nc4
dir.0033/mhs_metop-a_01.nc4
dir.0033/ssmis_f17_01.nc4
dir.0033/avhrr_n18_01.nc4
dir.0033/amsua_n19_01.nc4
dir.0033/sbuv2_n19_03.nc4
dir.0033/conv_sst_01.nc4
dir.0033/cris-fsr_n20_01.nc4
dir.0033/avhrr_metop-b_03.nc4
dir.0033/conv_ps_03.nc4
dir.0033/hirs4_n19_01.nc4
dir.0033/atms_n20_03.nc4
dir.0033/amsua_n15_01.nc4
dir.0033/ssmis_f18_03.nc4
dir.0033/iasi_metop-a_03.nc4
dir.0034/
dir.0034/atms_n20_01.nc4
dir.0034/ompstc8_n20_01.nc4
dir.0034/conv_pw_03.nc4
dir.0034/amsua_metop-a_01.nc4
dir.0034/conv_pw_01.nc4
dir.0034/conv_ps_01.nc4
dir.0034/mhs_n19_03.nc4
dir.0034/mhs_n19_01.nc4
dir.0034/amsua_metop-b_03.nc4
dir.0034/amsua_metop-c_01.nc4
dir.0034/amsua_n18_03.nc4
dir.0034/gome_metop-b_01.nc4
dir.0034/iasi_metop-c_03.nc4
dir.0034/mhs_metop-c_01.nc4
dir.0034/cris-fsr_npp_01.nc4
dir.0034/ssmis_f18_01.nc4
dir.0034/cris-fsr_n20_03.nc4
dir.0034/gome_metop-a_01.nc4
dir.0034/atms_npp_01.nc4
dir.0034/omi_aura_01.nc4
dir.0034/sbuv2_n19_01.nc4
dir.0034/hirs4_metop-a_03.nc4
dir.0034/amsua_n19_03.nc4
dir.0034/iasi_metop-a_01.nc4
dir.0034/mhs_metop-c_03.nc4
dir.0034/ompsnp_n20_01.nc4
dir.0034/conv_q_01.nc4
dir.0034/cris-fsr_npp_03.nc4
dir.0034/conv_uv_01.nc4
dir.0034/iasi_metop-b_01.nc4
dir.0034/hirs4_metop-a_01.nc4
dir.0034/gome_metop-b_03.nc4
dir.0034/conv_q_03.nc4
dir.0034/ompstc8_npp_03.nc4
dir.0034/conv_t_03.nc4
dir.0034/hirs4_n19_03.nc4
dir.0034/amsua_metop-a_03.nc4
dir.0034/conv_gps_01.nc4
dir.0034/ompslp_npp_01.nc4
dir.0034/mhs_metop-b_03.nc4
dir.0034/ompslp_npp_03.nc4
dir.0034/amsua_metop-c_03.nc4
dir.0034/omi_aura_03.nc4
dir.0034/ompsnp_npp_01.nc4
dir.0034/atms_npp_03.nc4
dir.0034/gome_metop-a_03.nc4
dir.0034/ompsnp_npp_03.nc4
dir.0034/obs_setup
dir.0034/amsua_n15_03.nc4
dir.0034/ompstc8_n20_03.nc4
dir.0034/amsua_n18_01.nc4
dir.0034/ompstc8_npp_01.nc4
dir.0034/conv_uv_03.nc4
dir.0034/amsua_metop-b_01.nc4
dir.0034/iasi_metop-b_03.nc4
dir.0034/iasi_metop-c_01.nc4
dir.0034/conv_gps_03.nc4
dir.0034/conv_t_01.nc4
dir.0034/ssmis_f17_03.nc4
dir.0034/mhs_metop-b_01.nc4
dir.0034/mhs_metop-a_03.nc4
dir.0034/mhs_metop-a_01.nc4
dir.0034/ssmis_f17_01.nc4
dir.0034/amsua_n19_01.nc4
dir.0034/ompsnp_n20_03.nc4
dir.0034/sbuv2_n19_03.nc4
dir.0034/cris-fsr_n20_01.nc4
dir.0034/conv_ps_03.nc4
dir.0034/hirs4_n19_01.nc4
dir.0034/atms_n20_03.nc4
dir.0034/amsua_n15_01.nc4
dir.0034/ssmis_f18_03.nc4
dir.0034/iasi_metop-a_03.nc4
dir.0035/
dir.0035/ompstc8_n20_01.nc4
dir.0035/amsua_metop-a_01.nc4
dir.0035/conv_ps_01.nc4
dir.0035/mhs_n19_03.nc4
dir.0035/mhs_n19_01.nc4
dir.0035/amsua_metop-b_03.nc4
dir.0035/amsua_metop-c_01.nc4
dir.0035/amsua_n18_03.nc4
dir.0035/gome_metop-b_01.nc4
dir.0035/iasi_metop-c_03.nc4
dir.0035/mhs_metop-c_01.nc4
dir.0035/cris-fsr_npp_01.nc4
dir.0035/cris-fsr_n20_03.nc4
dir.0035/gome_metop-a_01.nc4
dir.0035/atms_npp_01.nc4
dir.0035/omi_aura_01.nc4
dir.0035/hirs4_metop-a_03.nc4
dir.0035/amsua_n19_03.nc4
dir.0035/iasi_metop-a_01.nc4
dir.0035/mhs_metop-c_03.nc4
dir.0035/conv_q_01.nc4
dir.0035/cris-fsr_npp_03.nc4
dir.0035/conv_uv_01.nc4
dir.0035/iasi_metop-b_01.nc4
dir.0035/hirs4_metop-a_01.nc4
dir.0035/gome_metop-b_03.nc4
dir.0035/conv_q_03.nc4
dir.0035/ompstc8_npp_03.nc4
dir.0035/conv_t_03.nc4
dir.0035/hirs4_n19_03.nc4
dir.0035/amsua_metop-a_03.nc4
dir.0035/conv_gps_01.nc4
dir.0035/mhs_metop-b_03.nc4
dir.0035/amsua_metop-c_03.nc4
dir.0035/omi_aura_03.nc4
dir.0035/atms_npp_03.nc4
dir.0035/gome_metop-a_03.nc4
dir.0035/obs_setup
dir.0035/ompstc8_n20_03.nc4
dir.0035/amsua_n18_01.nc4
dir.0035/ompstc8_npp_01.nc4
dir.0035/conv_uv_03.nc4
dir.0035/amsua_metop-b_01.nc4
dir.0035/iasi_metop-b_03.nc4
dir.0035/iasi_metop-c_01.nc4
dir.0035/conv_gps_03.nc4
dir.0035/conv_t_01.nc4
dir.0035/ssmis_f17_03.nc4
dir.0035/mhs_metop-b_01.nc4
dir.0035/mhs_metop-a_03.nc4
dir.0035/mhs_metop-a_01.nc4
dir.0035/ssmis_f17_01.nc4
dir.0035/amsua_n19_01.nc4
dir.0035/cris-fsr_n20_01.nc4
dir.0035/conv_ps_03.nc4
dir.0035/hirs4_n19_01.nc4
dir.0035/iasi_metop-a_03.nc4
dir.0036/
dir.0036/atms_n20_01.nc4
dir.0036/ompstc8_n20_01.nc4
dir.0036/avhrr_n19_01.nc4
dir.0036/amsua_metop-a_01.nc4
dir.0036/conv_ps_01.nc4
dir.0036/ahi_himawari8_01.nc4
dir.0036/mhs_n19_03.nc4
dir.0036/mhs_n19_01.nc4
dir.0036/amsua_metop-b_03.nc4
dir.0036/amsua_metop-c_01.nc4
dir.0036/amsua_n18_03.nc4
dir.0036/gome_metop-b_01.nc4
dir.0036/iasi_metop-c_03.nc4
dir.0036/mhs_metop-c_01.nc4
dir.0036/cris-fsr_npp_01.nc4
dir.0036/avhrr_n18_03.nc4
dir.0036/cris-fsr_n20_03.nc4
dir.0036/gome_metop-a_01.nc4
dir.0036/atms_npp_01.nc4
dir.0036/avhrr_metop-a_03.nc4
dir.0036/omi_aura_01.nc4
dir.0036/hirs4_metop-a_03.nc4
dir.0036/amsua_n19_03.nc4
dir.0036/iasi_metop-a_01.nc4
dir.0036/mhs_metop-c_03.nc4
dir.0036/avhrr_n19_03.nc4
dir.0036/avhrr_metop-a_01.nc4
dir.0036/conv_q_01.nc4
dir.0036/cris-fsr_npp_03.nc4
dir.0036/conv_uv_01.nc4
dir.0036/iasi_metop-b_01.nc4
dir.0036/avhrr_metop-b_01.nc4
dir.0036/hirs4_metop-a_01.nc4
dir.0036/gome_metop-b_03.nc4
dir.0036/conv_q_03.nc4
dir.0036/ompstc8_npp_03.nc4
dir.0036/conv_t_03.nc4
dir.0036/hirs4_n19_03.nc4
dir.0036/amsua_metop-a_03.nc4
dir.0036/conv_gps_01.nc4
dir.0036/mhs_metop-b_03.nc4
dir.0036/amsua_metop-c_03.nc4
dir.0036/omi_aura_03.nc4
dir.0036/ompsnp_npp_01.nc4
dir.0036/atms_npp_03.nc4
dir.0036/gome_metop-a_03.nc4
dir.0036/ompsnp_npp_03.nc4
dir.0036/obs_setup
dir.0036/conv_sst_03.nc4
dir.0036/ompstc8_n20_03.nc4
dir.0036/amsua_n18_01.nc4
dir.0036/ompstc8_npp_01.nc4
dir.0036/conv_uv_03.nc4
dir.0036/amsua_metop-b_01.nc4
dir.0036/iasi_metop-b_03.nc4
dir.0036/iasi_metop-c_01.nc4
dir.0036/conv_gps_03.nc4
dir.0036/conv_t_01.nc4
dir.0036/ahi_himawari8_03.nc4
dir.0036/ssmis_f17_03.nc4
dir.0036/mhs_metop-b_01.nc4
dir.0036/mhs_metop-a_03.nc4
dir.0036/mhs_metop-a_01.nc4
dir.0036/ssmis_f17_01.nc4
dir.0036/avhrr_n18_01.nc4
dir.0036/amsua_n19_01.nc4
dir.0036/conv_sst_01.nc4
dir.0036/cris-fsr_n20_01.nc4
dir.0036/avhrr_metop-b_03.nc4
dir.0036/conv_ps_03.nc4
dir.0036/hirs4_n19_01.nc4
dir.0036/atms_n20_03.nc4
dir.0036/iasi_metop-a_03.nc4
dir.0037/
dir.0037/atms_n20_01.nc4
dir.0037/ompstc8_n20_01.nc4
dir.0037/amsua_metop-a_01.nc4
dir.0037/conv_ps_01.nc4
dir.0037/ahi_himawari8_01.nc4
dir.0037/amsua_metop-b_03.nc4
dir.0037/amsua_metop-c_01.nc4
dir.0037/amsua_n18_03.nc4
dir.0037/gome_metop-b_01.nc4
dir.0037/iasi_metop-c_03.nc4
dir.0037/mhs_metop-c_01.nc4
dir.0037/cris-fsr_npp_01.nc4
dir.0037/avhrr_n18_03.nc4
dir.0037/cris-fsr_n20_03.nc4
dir.0037/gome_metop-a_01.nc4
dir.0037/atms_npp_01.nc4
dir.0037/avhrr_metop-a_03.nc4
dir.0037/abi_g17_03.nc4
dir.0037/omi_aura_01.nc4
dir.0037/hirs4_metop-a_03.nc4
dir.0037/iasi_metop-a_01.nc4
dir.0037/mhs_metop-c_03.nc4
dir.0037/avhrr_metop-a_01.nc4
dir.0037/conv_q_01.nc4
dir.0037/cris-fsr_npp_03.nc4
dir.0037/conv_uv_01.nc4
dir.0037/iasi_metop-b_01.nc4
dir.0037/avhrr_metop-b_01.nc4
dir.0037/hirs4_metop-a_01.nc4
dir.0037/gome_metop-b_03.nc4
dir.0037/conv_q_03.nc4
dir.0037/ompstc8_npp_03.nc4
dir.0037/conv_t_03.nc4
dir.0037/amsua_metop-a_03.nc4
dir.0037/conv_gps_01.nc4
dir.0037/mhs_metop-b_03.nc4
dir.0037/abi_g17_01.nc4
dir.0037/amsua_metop-c_03.nc4
dir.0037/omi_aura_03.nc4
dir.0037/ompsnp_npp_01.nc4
dir.0037/atms_npp_03.nc4
dir.0037/gome_metop-a_03.nc4
dir.0037/ompsnp_npp_03.nc4
dir.0037/obs_setup
dir.0037/conv_sst_03.nc4
dir.0037/amsua_n15_03.nc4
dir.0037/ompstc8_n20_03.nc4
dir.0037/amsua_n18_01.nc4
dir.0037/ompstc8_npp_01.nc4
dir.0037/conv_uv_03.nc4
dir.0037/amsua_metop-b_01.nc4
dir.0037/iasi_metop-b_03.nc4
dir.0037/iasi_metop-c_01.nc4
dir.0037/conv_gps_03.nc4
dir.0037/conv_t_01.nc4
dir.0037/ahi_himawari8_03.nc4
dir.0037/ssmis_f17_03.nc4
dir.0037/mhs_metop-b_01.nc4
dir.0037/mhs_metop-a_03.nc4
dir.0037/mhs_metop-a_01.nc4
dir.0037/ssmis_f17_01.nc4
dir.0037/avhrr_n18_01.nc4
dir.0037/conv_sst_01.nc4
dir.0037/cris-fsr_n20_01.nc4
dir.0037/avhrr_metop-b_03.nc4
dir.0037/conv_ps_03.nc4
dir.0037/atms_n20_03.nc4
dir.0037/amsua_n15_01.nc4
dir.0037/iasi_metop-a_03.nc4
dir.0038/
dir.0038/atms_n20_01.nc4
dir.0038/ompstc8_n20_01.nc4
dir.0038/conv_pw_03.nc4
dir.0038/amsua_metop-a_01.nc4
dir.0038/conv_pw_01.nc4
dir.0038/conv_ps_01.nc4
dir.0038/ahi_himawari8_01.nc4
dir.0038/amsua_metop-b_03.nc4
dir.0038/amsua_metop-c_01.nc4
dir.0038/amsua_n18_03.nc4
dir.0038/gome_metop-b_01.nc4
dir.0038/iasi_metop-c_03.nc4
dir.0038/mhs_metop-c_01.nc4
dir.0038/cris-fsr_npp_01.nc4
dir.0038/avhrr_n18_03.nc4
dir.0038/cris-fsr_n20_03.nc4
dir.0038/gome_metop-a_01.nc4
dir.0038/atms_npp_01.nc4
dir.0038/avhrr_metop-a_03.nc4
dir.0038/abi_g17_03.nc4
dir.0038/omi_aura_01.nc4
dir.0038/hirs4_metop-a_03.nc4
dir.0038/iasi_metop-a_01.nc4
dir.0038/mhs_metop-c_03.nc4
dir.0038/ompsnp_n20_01.nc4
dir.0038/avhrr_metop-a_01.nc4
dir.0038/conv_q_01.nc4
dir.0038/cris-fsr_npp_03.nc4
dir.0038/conv_uv_01.nc4
dir.0038/iasi_metop-b_01.nc4
dir.0038/avhrr_metop-b_01.nc4
dir.0038/hirs4_metop-a_01.nc4
dir.0038/gome_metop-b_03.nc4
dir.0038/conv_q_03.nc4
dir.0038/ompstc8_npp_03.nc4
dir.0038/conv_t_03.nc4
dir.0038/amsua_metop-a_03.nc4
dir.0038/conv_gps_01.nc4
dir.0038/mhs_metop-b_03.nc4
dir.0038/abi_g17_01.nc4
dir.0038/amsua_metop-c_03.nc4
dir.0038/omi_aura_03.nc4
dir.0038/atms_npp_03.nc4
dir.0038/gome_metop-a_03.nc4
dir.0038/obs_setup
dir.0038/conv_sst_03.nc4
dir.0038/amsua_n15_03.nc4
dir.0038/ompstc8_n20_03.nc4
dir.0038/amsua_n18_01.nc4
dir.0038/ompstc8_npp_01.nc4
dir.0038/conv_uv_03.nc4
dir.0038/amsua_metop-b_01.nc4
dir.0038/iasi_metop-b_03.nc4
dir.0038/iasi_metop-c_01.nc4
dir.0038/conv_gps_03.nc4
dir.0038/conv_t_01.nc4
dir.0038/ahi_himawari8_03.nc4
dir.0038/mhs_metop-b_01.nc4
dir.0038/mhs_metop-a_03.nc4
dir.0038/mhs_metop-a_01.nc4
dir.0038/avhrr_n18_01.nc4
dir.0038/ompsnp_n20_03.nc4
dir.0038/conv_sst_01.nc4
dir.0038/cris-fsr_n20_01.nc4
dir.0038/avhrr_metop-b_03.nc4
dir.0038/conv_ps_03.nc4
dir.0038/atms_n20_03.nc4
dir.0038/amsua_n15_01.nc4
dir.0038/iasi_metop-a_03.nc4
dir.0039/
dir.0039/atms_n20_01.nc4
dir.0039/ompstc8_n20_01.nc4
dir.0039/avhrr_n19_01.nc4
dir.0039/conv_pw_03.nc4
dir.0039/amsua_metop-a_01.nc4
dir.0039/conv_pw_01.nc4
dir.0039/conv_ps_01.nc4
dir.0039/ahi_himawari8_01.nc4
dir.0039/mhs_n19_03.nc4
dir.0039/mhs_n19_01.nc4
dir.0039/amsua_metop-b_03.nc4
dir.0039/amsua_metop-c_01.nc4
dir.0039/amsua_n18_03.nc4
dir.0039/gome_metop-b_01.nc4
dir.0039/iasi_metop-c_03.nc4
dir.0039/mhs_metop-c_01.nc4
dir.0039/cris-fsr_npp_01.nc4
dir.0039/avhrr_n18_03.nc4
dir.0039/cris-fsr_n20_03.nc4
dir.0039/gome_metop-a_01.nc4
dir.0039/atms_npp_01.nc4
dir.0039/avhrr_metop-a_03.nc4
dir.0039/abi_g17_03.nc4
dir.0039/omi_aura_01.nc4
dir.0039/hirs4_metop-a_03.nc4
dir.0039/amsua_n19_03.nc4
dir.0039/iasi_metop-a_01.nc4
dir.0039/mhs_metop-c_03.nc4
dir.0039/ompsnp_n20_01.nc4
dir.0039/avhrr_n19_03.nc4
dir.0039/avhrr_metop-a_01.nc4
dir.0039/conv_q_01.nc4
dir.0039/cris-fsr_npp_03.nc4
dir.0039/conv_uv_01.nc4
dir.0039/iasi_metop-b_01.nc4
dir.0039/avhrr_metop-b_01.nc4
dir.0039/hirs4_metop-a_01.nc4
dir.0039/gome_metop-b_03.nc4
dir.0039/conv_q_03.nc4
dir.0039/ompstc8_npp_03.nc4
dir.0039/conv_t_03.nc4
dir.0039/hirs4_n19_03.nc4
dir.0039/amsua_metop-a_03.nc4
dir.0039/conv_gps_01.nc4
dir.0039/mhs_metop-b_03.nc4
dir.0039/abi_g17_01.nc4
dir.0039/amsua_metop-c_03.nc4
dir.0039/omi_aura_03.nc4
dir.0039/atms_npp_03.nc4
dir.0039/gome_metop-a_03.nc4
dir.0039/obs_setup
dir.0039/conv_sst_03.nc4
dir.0039/amsua_n15_03.nc4
dir.0039/ompstc8_n20_03.nc4
dir.0039/amsua_n18_01.nc4
dir.0039/ompstc8_npp_01.nc4
dir.0039/conv_uv_03.nc4
dir.0039/amsua_metop-b_01.nc4
dir.0039/iasi_metop-b_03.nc4
dir.0039/iasi_metop-c_01.nc4
dir.0039/conv_gps_03.nc4
dir.0039/conv_t_01.nc4
dir.0039/ahi_himawari8_03.nc4
dir.0039/ssmis_f17_03.nc4
dir.0039/mhs_metop-b_01.nc4
dir.0039/mhs_metop-a_03.nc4
dir.0039/mhs_metop-a_01.nc4
dir.0039/ssmis_f17_01.nc4
dir.0039/avhrr_n18_01.nc4
dir.0039/amsua_n19_01.nc4
dir.0039/ompsnp_n20_03.nc4
dir.0039/conv_sst_01.nc4
dir.0039/cris-fsr_n20_01.nc4
dir.0039/avhrr_metop-b_03.nc4
dir.0039/conv_ps_03.nc4
dir.0039/hirs4_n19_01.nc4
dir.0039/atms_n20_03.nc4
dir.0039/amsua_n15_01.nc4
dir.0039/iasi_metop-a_03.nc4
dir.0040/
dir.0040/atms_n20_01.nc4
dir.0040/ompstc8_n20_01.nc4
dir.0040/avhrr_n19_01.nc4
dir.0040/amsua_metop-a_01.nc4
dir.0040/conv_ps_01.nc4
dir.0040/ahi_himawari8_01.nc4
dir.0040/mhs_n19_03.nc4
dir.0040/mhs_n19_01.nc4
dir.0040/amsua_metop-b_03.nc4
dir.0040/amsua_metop-c_01.nc4
dir.0040/amsua_n18_03.nc4
dir.0040/gome_metop-b_01.nc4
dir.0040/iasi_metop-c_03.nc4
dir.0040/mhs_metop-c_01.nc4
dir.0040/cris-fsr_npp_01.nc4
dir.0040/avhrr_n18_03.nc4
dir.0040/ssmis_f18_01.nc4
dir.0040/cris-fsr_n20_03.nc4
dir.0040/gome_metop-a_01.nc4
dir.0040/atms_npp_01.nc4
dir.0040/avhrr_metop-a_03.nc4
dir.0040/omi_aura_01.nc4
dir.0040/sbuv2_n19_01.nc4
dir.0040/hirs4_metop-a_03.nc4
dir.0040/amsua_n19_03.nc4
dir.0040/iasi_metop-a_01.nc4
dir.0040/mhs_metop-c_03.nc4
dir.0040/ompsnp_n20_01.nc4
dir.0040/avhrr_n19_03.nc4
dir.0040/avhrr_metop-a_01.nc4
dir.0040/conv_q_01.nc4
dir.0040/cris-fsr_npp_03.nc4
dir.0040/conv_uv_01.nc4
dir.0040/iasi_metop-b_01.nc4
dir.0040/avhrr_metop-b_01.nc4
dir.0040/hirs4_metop-a_01.nc4
dir.0040/gome_metop-b_03.nc4
dir.0040/conv_q_03.nc4
dir.0040/ompstc8_npp_03.nc4
dir.0040/conv_t_03.nc4
dir.0040/hirs4_n19_03.nc4
dir.0040/amsua_metop-a_03.nc4
dir.0040/conv_gps_01.nc4
dir.0040/mhs_metop-b_03.nc4
dir.0040/amsua_metop-c_03.nc4
dir.0040/omi_aura_03.nc4
dir.0040/ompsnp_npp_01.nc4
dir.0040/atms_npp_03.nc4
dir.0040/gome_metop-a_03.nc4
dir.0040/ompsnp_npp_03.nc4
dir.0040/obs_setup
dir.0040/conv_sst_03.nc4
dir.0040/amsua_n15_03.nc4
dir.0040/ompstc8_n20_03.nc4
dir.0040/amsua_n18_01.nc4
dir.0040/ompstc8_npp_01.nc4
dir.0040/conv_uv_03.nc4
dir.0040/amsua_metop-b_01.nc4
dir.0040/iasi_metop-b_03.nc4
dir.0040/iasi_metop-c_01.nc4
dir.0040/conv_gps_03.nc4
dir.0040/conv_t_01.nc4
dir.0040/ahi_himawari8_03.nc4
dir.0040/ssmis_f17_03.nc4
dir.0040/mhs_metop-b_01.nc4
dir.0040/mhs_metop-a_03.nc4
dir.0040/mhs_metop-a_01.nc4
dir.0040/ssmis_f17_01.nc4
dir.0040/avhrr_n18_01.nc4
dir.0040/amsua_n19_01.nc4
dir.0040/ompsnp_n20_03.nc4
dir.0040/sbuv2_n19_03.nc4
dir.0040/conv_sst_01.nc4
dir.0040/cris-fsr_n20_01.nc4
dir.0040/avhrr_metop-b_03.nc4
dir.0040/conv_ps_03.nc4
dir.0040/hirs4_n19_01.nc4
dir.0040/atms_n20_03.nc4
dir.0040/amsua_n15_01.nc4
dir.0040/ssmis_f18_03.nc4
dir.0040/iasi_metop-a_03.nc4
dir.0041/
dir.0041/atms_n20_01.nc4
dir.0041/ompstc8_n20_01.nc4
dir.0041/amsua_metop-a_01.nc4
dir.0041/conv_ps_01.nc4
dir.0041/mhs_n19_03.nc4
dir.0041/mhs_n19_01.nc4
dir.0041/amsua_metop-b_03.nc4
dir.0041/amsua_metop-c_01.nc4
dir.0041/amsua_n18_03.nc4
dir.0041/gome_metop-b_01.nc4
dir.0041/iasi_metop-c_03.nc4
dir.0041/mhs_metop-c_01.nc4
dir.0041/cris-fsr_npp_01.nc4
dir.0041/ssmis_f18_01.nc4
dir.0041/cris-fsr_n20_03.nc4
dir.0041/gome_metop-a_01.nc4
dir.0041/atms_npp_01.nc4
dir.0041/omi_aura_01.nc4
dir.0041/sbuv2_n19_01.nc4
dir.0041/hirs4_metop-a_03.nc4
dir.0041/amsua_n19_03.nc4
dir.0041/iasi_metop-a_01.nc4
dir.0041/mhs_metop-c_03.nc4
dir.0041/ompsnp_n20_01.nc4
dir.0041/conv_q_01.nc4
dir.0041/cris-fsr_npp_03.nc4
dir.0041/conv_uv_01.nc4
dir.0041/iasi_metop-b_01.nc4
dir.0041/hirs4_metop-a_01.nc4
dir.0041/gome_metop-b_03.nc4
dir.0041/conv_q_03.nc4
dir.0041/ompstc8_npp_03.nc4
dir.0041/conv_t_03.nc4
dir.0041/hirs4_n19_03.nc4
dir.0041/amsua_metop-a_03.nc4
dir.0041/conv_gps_01.nc4
dir.0041/ompslp_npp_01.nc4
dir.0041/mhs_metop-b_03.nc4
dir.0041/ompslp_npp_03.nc4
dir.0041/amsua_metop-c_03.nc4
dir.0041/omi_aura_03.nc4
dir.0041/ompsnp_npp_01.nc4
dir.0041/atms_npp_03.nc4
dir.0041/gome_metop-a_03.nc4
dir.0041/ompsnp_npp_03.nc4
dir.0041/obs_setup
dir.0041/amsua_n15_03.nc4
dir.0041/ompstc8_n20_03.nc4
dir.0041/amsua_n18_01.nc4
dir.0041/ompstc8_npp_01.nc4
dir.0041/conv_uv_03.nc4
dir.0041/amsua_metop-b_01.nc4
dir.0041/iasi_metop-b_03.nc4
dir.0041/iasi_metop-c_01.nc4
dir.0041/conv_gps_03.nc4
dir.0041/conv_t_01.nc4
dir.0041/ssmis_f17_03.nc4
dir.0041/mhs_metop-b_01.nc4
dir.0041/mhs_metop-a_03.nc4
dir.0041/mhs_metop-a_01.nc4
dir.0041/ssmis_f17_01.nc4
dir.0041/amsua_n19_01.nc4
dir.0041/ompsnp_n20_03.nc4
dir.0041/sbuv2_n19_03.nc4
dir.0041/cris-fsr_n20_01.nc4
dir.0041/conv_ps_03.nc4
dir.0041/hirs4_n19_01.nc4
dir.0041/atms_n20_03.nc4
dir.0041/amsua_n15_01.nc4
dir.0041/ssmis_f18_03.nc4
dir.0041/iasi_metop-a_03.nc4
dir.0042/
dir.0042/atms_n20_01.nc4
dir.0042/ompstc8_n20_01.nc4
dir.0042/conv_ps_01.nc4
dir.0042/amsua_metop-b_03.nc4
dir.0042/amsua_metop-c_01.nc4
dir.0042/amsua_n18_03.nc4
dir.0042/gome_metop-b_01.nc4
dir.0042/iasi_metop-c_03.nc4
dir.0042/mhs_metop-c_01.nc4
dir.0042/cris-fsr_npp_01.nc4
dir.0042/cris-fsr_n20_03.nc4
dir.0042/atms_npp_01.nc4
dir.0042/omi_aura_01.nc4
dir.0042/mhs_metop-c_03.nc4
dir.0042/ompsnp_n20_01.nc4
dir.0042/conv_q_01.nc4
dir.0042/cris-fsr_npp_03.nc4
dir.0042/conv_uv_01.nc4
dir.0042/iasi_metop-b_01.nc4
dir.0042/avhrr_metop-b_01.nc4
dir.0042/gome_metop-b_03.nc4
dir.0042/conv_q_03.nc4
dir.0042/ompstc8_npp_03.nc4
dir.0042/conv_t_03.nc4
dir.0042/conv_gps_01.nc4
dir.0042/mhs_metop-b_03.nc4
dir.0042/amsua_metop-c_03.nc4
dir.0042/omi_aura_03.nc4
dir.0042/ompsnp_npp_01.nc4
dir.0042/atms_npp_03.nc4
dir.0042/ompsnp_npp_03.nc4
dir.0042/obs_setup
dir.0042/ompstc8_n20_03.nc4
dir.0042/amsua_n18_01.nc4
dir.0042/ompstc8_npp_01.nc4
dir.0042/conv_uv_03.nc4
dir.0042/amsua_metop-b_01.nc4
dir.0042/iasi_metop-b_03.nc4
dir.0042/iasi_metop-c_01.nc4
dir.0042/conv_gps_03.nc4
dir.0042/conv_t_01.nc4
dir.0042/mhs_metop-b_01.nc4
dir.0042/ompsnp_n20_03.nc4
dir.0042/cris-fsr_n20_01.nc4
dir.0042/avhrr_metop-b_03.nc4
dir.0042/conv_ps_03.nc4
dir.0042/atms_n20_03.nc4
dir.0043/
dir.0043/atms_n20_01.nc4
dir.0043/ompstc8_n20_01.nc4
dir.0043/conv_ps_01.nc4
dir.0043/ahi_himawari8_01.nc4
dir.0043/amsua_metop-b_03.nc4
dir.0043/amsua_metop-c_01.nc4
dir.0043/amsua_n18_03.nc4
dir.0043/gome_metop-b_01.nc4
dir.0043/iasi_metop-c_03.nc4
dir.0043/mhs_metop-c_01.nc4
dir.0043/cris-fsr_npp_01.nc4
dir.0043/avhrr_n18_03.nc4
dir.0043/cris-fsr_n20_03.nc4
dir.0043/atms_npp_01.nc4
dir.0043/avhrr_metop-a_03.nc4
dir.0043/abi_g17_03.nc4
dir.0043/omi_aura_01.nc4
dir.0043/mhs_metop-c_03.nc4
dir.0043/ompsnp_n20_01.nc4
dir.0043/avhrr_metop-a_01.nc4
dir.0043/conv_q_01.nc4
dir.0043/cris-fsr_npp_03.nc4
dir.0043/conv_uv_01.nc4
dir.0043/iasi_metop-b_01.nc4
dir.0043/avhrr_metop-b_01.nc4
dir.0043/gome_metop-b_03.nc4
dir.0043/conv_q_03.nc4
dir.0043/ompstc8_npp_03.nc4
dir.0043/conv_t_03.nc4
dir.0043/conv_gps_01.nc4
dir.0043/mhs_metop-b_03.nc4
dir.0043/abi_g17_01.nc4
dir.0043/amsua_metop-c_03.nc4
dir.0043/omi_aura_03.nc4
dir.0043/ompsnp_npp_01.nc4
dir.0043/atms_npp_03.nc4
dir.0043/ompsnp_npp_03.nc4
dir.0043/obs_setup
dir.0043/conv_sst_03.nc4
dir.0043/ompstc8_n20_03.nc4
dir.0043/amsua_n18_01.nc4
dir.0043/ompstc8_npp_01.nc4
dir.0043/conv_uv_03.nc4
dir.0043/amsua_metop-b_01.nc4
dir.0043/iasi_metop-b_03.nc4
dir.0043/iasi_metop-c_01.nc4
dir.0043/conv_gps_03.nc4
dir.0043/conv_t_01.nc4
dir.0043/ahi_himawari8_03.nc4
dir.0043/mhs_metop-b_01.nc4
dir.0043/avhrr_n18_01.nc4
dir.0043/ompsnp_n20_03.nc4
dir.0043/conv_sst_01.nc4
dir.0043/cris-fsr_n20_01.nc4
dir.0043/avhrr_metop-b_03.nc4
dir.0043/conv_ps_03.nc4
dir.0043/atms_n20_03.nc4
dir.0044/
dir.0044/atms_n20_01.nc4
dir.0044/ompstc8_n20_01.nc4
dir.0044/amsua_metop-a_01.nc4
dir.0044/conv_ps_01.nc4
dir.0044/ahi_himawari8_01.nc4
dir.0044/amsua_metop-b_03.nc4
dir.0044/amsua_metop-c_01.nc4
dir.0044/amsua_n18_03.nc4
dir.0044/gome_metop-b_01.nc4
dir.0044/iasi_metop-c_03.nc4
dir.0044/mhs_metop-c_01.nc4
dir.0044/cris-fsr_npp_01.nc4
dir.0044/avhrr_n18_03.nc4
dir.0044/cris-fsr_n20_03.nc4
dir.0044/gome_metop-a_01.nc4
dir.0044/atms_npp_01.nc4
dir.0044/avhrr_metop-a_03.nc4
dir.0044/abi_g17_03.nc4
dir.0044/hirs4_metop-a_03.nc4
dir.0044/iasi_metop-a_01.nc4
dir.0044/mhs_metop-c_03.nc4
dir.0044/ompsnp_n20_01.nc4
dir.0044/avhrr_metop-a_01.nc4
dir.0044/conv_q_01.nc4
dir.0044/cris-fsr_npp_03.nc4
dir.0044/conv_uv_01.nc4
dir.0044/iasi_metop-b_01.nc4
dir.0044/avhrr_metop-b_01.nc4
dir.0044/hirs4_metop-a_01.nc4
dir.0044/gome_metop-b_03.nc4
dir.0044/conv_q_03.nc4
dir.0044/ompstc8_npp_03.nc4
dir.0044/conv_t_03.nc4
dir.0044/amsua_metop-a_03.nc4
dir.0044/conv_gps_01.nc4
dir.0044/mhs_metop-b_03.nc4
dir.0044/abi_g17_01.nc4
dir.0044/amsua_metop-c_03.nc4
dir.0044/ompsnp_npp_01.nc4
dir.0044/atms_npp_03.nc4
dir.0044/gome_metop-a_03.nc4
dir.0044/ompsnp_npp_03.nc4
dir.0044/obs_setup
dir.0044/conv_sst_03.nc4
dir.0044/ompstc8_n20_03.nc4
dir.0044/amsua_n18_01.nc4
dir.0044/ompstc8_npp_01.nc4
dir.0044/conv_uv_03.nc4
dir.0044/amsua_metop-b_01.nc4
dir.0044/iasi_metop-b_03.nc4
dir.0044/iasi_metop-c_01.nc4
dir.0044/conv_gps_03.nc4
dir.0044/conv_t_01.nc4
dir.0044/ahi_himawari8_03.nc4
dir.0044/mhs_metop-b_01.nc4
dir.0044/mhs_metop-a_03.nc4
dir.0044/mhs_metop-a_01.nc4
dir.0044/avhrr_n18_01.nc4
dir.0044/ompsnp_n20_03.nc4
dir.0044/conv_sst_01.nc4
dir.0044/cris-fsr_n20_01.nc4
dir.0044/avhrr_metop-b_03.nc4
dir.0044/conv_ps_03.nc4
dir.0044/atms_n20_03.nc4
dir.0044/iasi_metop-a_03.nc4
dir.0045/
dir.0045/atms_n20_01.nc4
dir.0045/ompstc8_n20_01.nc4
dir.0045/amsua_metop-a_01.nc4
dir.0045/conv_ps_01.nc4
dir.0045/ahi_himawari8_01.nc4
dir.0045/amsua_metop-b_03.nc4
dir.0045/amsua_metop-c_01.nc4
dir.0045/amsua_n18_03.nc4
dir.0045/gome_metop-b_01.nc4
dir.0045/iasi_metop-c_03.nc4
dir.0045/mhs_metop-c_01.nc4
dir.0045/cris-fsr_npp_01.nc4
dir.0045/avhrr_n18_03.nc4
dir.0045/ssmis_f18_01.nc4
dir.0045/cris-fsr_n20_03.nc4
dir.0045/gome_metop-a_01.nc4
dir.0045/atms_npp_01.nc4
dir.0045/avhrr_metop-a_03.nc4
dir.0045/abi_g17_03.nc4
dir.0045/omi_aura_01.nc4
dir.0045/hirs4_metop-a_03.nc4
dir.0045/iasi_metop-a_01.nc4
dir.0045/mhs_metop-c_03.nc4
dir.0045/ompsnp_n20_01.nc4
dir.0045/avhrr_metop-a_01.nc4
dir.0045/conv_q_01.nc4
dir.0045/cris-fsr_npp_03.nc4
dir.0045/conv_uv_01.nc4
dir.0045/iasi_metop-b_01.nc4
dir.0045/avhrr_metop-b_01.nc4
dir.0045/hirs4_metop-a_01.nc4
dir.0045/gome_metop-b_03.nc4
dir.0045/conv_q_03.nc4
dir.0045/ompstc8_npp_03.nc4
dir.0045/conv_t_03.nc4
dir.0045/amsua_metop-a_03.nc4
dir.0045/conv_gps_01.nc4
dir.0045/ompslp_npp_01.nc4
dir.0045/mhs_metop-b_03.nc4
dir.0045/abi_g17_01.nc4
dir.0045/ompslp_npp_03.nc4
dir.0045/amsua_metop-c_03.nc4
dir.0045/omi_aura_03.nc4
dir.0045/ompsnp_npp_01.nc4
dir.0045/atms_npp_03.nc4
dir.0045/gome_metop-a_03.nc4
dir.0045/ompsnp_npp_03.nc4
dir.0045/obs_setup
dir.0045/conv_sst_03.nc4
dir.0045/ompstc8_n20_03.nc4
dir.0045/amsua_n18_01.nc4
dir.0045/ompstc8_npp_01.nc4
dir.0045/conv_uv_03.nc4
dir.0045/amsua_metop-b_01.nc4
dir.0045/iasi_metop-b_03.nc4
dir.0045/iasi_metop-c_01.nc4
dir.0045/conv_gps_03.nc4
dir.0045/conv_t_01.nc4
dir.0045/ahi_himawari8_03.nc4
dir.0045/mhs_metop-b_01.nc4
dir.0045/mhs_metop-a_03.nc4
dir.0045/mhs_metop-a_01.nc4
dir.0045/avhrr_n18_01.nc4
dir.0045/ompsnp_n20_03.nc4
dir.0045/conv_sst_01.nc4
dir.0045/cris-fsr_n20_01.nc4
dir.0045/avhrr_metop-b_03.nc4
dir.0045/conv_ps_03.nc4
dir.0045/atms_n20_03.nc4
dir.0045/ssmis_f18_03.nc4
dir.0045/iasi_metop-a_03.nc4
dir.0046/
dir.0046/atms_n20_01.nc4
dir.0046/ompstc8_n20_01.nc4
dir.0046/amsua_metop-a_01.nc4
dir.0046/conv_ps_01.nc4
dir.0046/ahi_himawari8_01.nc4
dir.0046/amsua_metop-b_03.nc4
dir.0046/amsua_metop-c_01.nc4
dir.0046/amsua_n18_03.nc4
dir.0046/gome_metop-b_01.nc4
dir.0046/iasi_metop-c_03.nc4
dir.0046/mhs_metop-c_01.nc4
dir.0046/cris-fsr_npp_01.nc4
dir.0046/avhrr_n18_03.nc4
dir.0046/ssmis_f18_01.nc4
dir.0046/cris-fsr_n20_03.nc4
dir.0046/gome_metop-a_01.nc4
dir.0046/atms_npp_01.nc4
dir.0046/avhrr_metop-a_03.nc4
dir.0046/abi_g17_03.nc4
dir.0046/omi_aura_01.nc4
dir.0046/hirs4_metop-a_03.nc4
dir.0046/iasi_metop-a_01.nc4
dir.0046/mhs_metop-c_03.nc4
dir.0046/ompsnp_n20_01.nc4
dir.0046/avhrr_metop-a_01.nc4
dir.0046/conv_q_01.nc4
dir.0046/cris-fsr_npp_03.nc4
dir.0046/conv_uv_01.nc4
dir.0046/iasi_metop-b_01.nc4
dir.0046/avhrr_metop-b_01.nc4
dir.0046/hirs4_metop-a_01.nc4
dir.0046/gome_metop-b_03.nc4
dir.0046/conv_q_03.nc4
dir.0046/ompstc8_npp_03.nc4
dir.0046/conv_t_03.nc4
dir.0046/amsua_metop-a_03.nc4
dir.0046/conv_gps_01.nc4
dir.0046/ompslp_npp_01.nc4
dir.0046/mhs_metop-b_03.nc4
dir.0046/abi_g17_01.nc4
dir.0046/ompslp_npp_03.nc4
dir.0046/amsua_metop-c_03.nc4
dir.0046/omi_aura_03.nc4
dir.0046/ompsnp_npp_01.nc4
dir.0046/atms_npp_03.nc4
dir.0046/gome_metop-a_03.nc4
dir.0046/ompsnp_npp_03.nc4
dir.0046/obs_setup
dir.0046/conv_sst_03.nc4
dir.0046/amsua_n15_03.nc4
dir.0046/ompstc8_n20_03.nc4
dir.0046/amsua_n18_01.nc4
dir.0046/ompstc8_npp_01.nc4
dir.0046/conv_uv_03.nc4
dir.0046/amsua_metop-b_01.nc4
dir.0046/iasi_metop-b_03.nc4
dir.0046/iasi_metop-c_01.nc4
dir.0046/conv_gps_03.nc4
dir.0046/conv_t_01.nc4
dir.0046/ahi_himawari8_03.nc4
dir.0046/mhs_metop-b_01.nc4
dir.0046/mhs_metop-a_03.nc4
dir.0046/mhs_metop-a_01.nc4
dir.0046/avhrr_n18_01.nc4
dir.0046/ompsnp_n20_03.nc4
dir.0046/conv_sst_01.nc4
dir.0046/cris-fsr_n20_01.nc4
dir.0046/avhrr_metop-b_03.nc4
dir.0046/conv_ps_03.nc4
dir.0046/atms_n20_03.nc4
dir.0046/amsua_n15_01.nc4
dir.0046/ssmis_f18_03.nc4
dir.0046/iasi_metop-a_03.nc4
dir.0047/
dir.0047/atms_n20_01.nc4
dir.0047/ompstc8_n20_01.nc4
dir.0047/amsua_metop-a_01.nc4
dir.0047/conv_ps_01.nc4
dir.0047/mhs_n19_03.nc4
dir.0047/mhs_n19_01.nc4
dir.0047/amsua_metop-b_03.nc4
dir.0047/amsua_metop-c_01.nc4
dir.0047/amsua_n18_03.nc4
dir.0047/gome_metop-b_01.nc4
dir.0047/iasi_metop-c_03.nc4
dir.0047/mhs_metop-c_01.nc4
dir.0047/cris-fsr_npp_01.nc4
dir.0047/avhrr_n18_03.nc4
dir.0047/ssmis_f18_01.nc4
dir.0047/cris-fsr_n20_03.nc4
dir.0047/gome_metop-a_01.nc4
dir.0047/atms_npp_01.nc4
dir.0047/omi_aura_01.nc4
dir.0047/sbuv2_n19_01.nc4
dir.0047/hirs4_metop-a_03.nc4
dir.0047/amsua_n19_03.nc4
dir.0047/iasi_metop-a_01.nc4
dir.0047/mhs_metop-c_03.nc4
dir.0047/ompsnp_n20_01.nc4
dir.0047/conv_q_01.nc4
dir.0047/cris-fsr_npp_03.nc4
dir.0047/conv_uv_01.nc4
dir.0047/iasi_metop-b_01.nc4
dir.0047/avhrr_metop-b_01.nc4
dir.0047/hirs4_metop-a_01.nc4
dir.0047/gome_metop-b_03.nc4
dir.0047/conv_q_03.nc4
dir.0047/ompstc8_npp_03.nc4
dir.0047/conv_t_03.nc4
dir.0047/hirs4_n19_03.nc4
dir.0047/amsua_metop-a_03.nc4
dir.0047/conv_gps_01.nc4
dir.0047/ompslp_npp_01.nc4
dir.0047/mhs_metop-b_03.nc4
dir.0047/ompslp_npp_03.nc4
dir.0047/amsua_metop-c_03.nc4
dir.0047/omi_aura_03.nc4
dir.0047/ompsnp_npp_01.nc4
dir.0047/atms_npp_03.nc4
dir.0047/gome_metop-a_03.nc4
dir.0047/ompsnp_npp_03.nc4
dir.0047/obs_setup
dir.0047/amsua_n15_03.nc4
dir.0047/ompstc8_n20_03.nc4
dir.0047/amsua_n18_01.nc4
dir.0047/ompstc8_npp_01.nc4
dir.0047/conv_uv_03.nc4
dir.0047/amsua_metop-b_01.nc4
dir.0047/iasi_metop-b_03.nc4
dir.0047/iasi_metop-c_01.nc4
dir.0047/conv_gps_03.nc4
dir.0047/conv_t_01.nc4
dir.0047/ssmis_f17_03.nc4
dir.0047/mhs_metop-b_01.nc4
dir.0047/mhs_metop-a_03.nc4
dir.0047/mhs_metop-a_01.nc4
dir.0047/ssmis_f17_01.nc4
dir.0047/avhrr_n18_01.nc4
dir.0047/amsua_n19_01.nc4
dir.0047/ompsnp_n20_03.nc4
dir.0047/sbuv2_n19_03.nc4
dir.0047/cris-fsr_n20_01.nc4
dir.0047/avhrr_metop-b_03.nc4
dir.0047/conv_ps_03.nc4
dir.0047/hirs4_n19_01.nc4
dir.0047/atms_n20_03.nc4
dir.0047/amsua_n15_01.nc4
dir.0047/ssmis_f18_03.nc4
dir.0047/iasi_metop-a_03.nc4
dir.0048/
dir.0048/atms_n20_01.nc4
dir.0048/ompstc8_n20_01.nc4
dir.0048/conv_ps_01.nc4
dir.0048/cris-fsr_npp_01.nc4
dir.0048/ssmis_f18_01.nc4
dir.0048/cris-fsr_n20_03.nc4
dir.0048/atms_npp_01.nc4
dir.0048/omi_aura_01.nc4
dir.0048/ompsnp_n20_01.nc4
dir.0048/cris-fsr_npp_03.nc4
dir.0048/conv_uv_01.nc4
dir.0048/ompstc8_npp_03.nc4
dir.0048/conv_t_03.nc4
dir.0048/conv_gps_01.nc4
dir.0048/ompslp_npp_01.nc4
dir.0048/ompslp_npp_03.nc4
dir.0048/omi_aura_03.nc4
dir.0048/ompsnp_npp_01.nc4
dir.0048/atms_npp_03.nc4
dir.0048/ompsnp_npp_03.nc4
dir.0048/obs_setup
dir.0048/conv_sst_03.nc4
dir.0048/ompstc8_n20_03.nc4
dir.0048/ompstc8_npp_01.nc4
dir.0048/conv_uv_03.nc4
dir.0048/conv_gps_03.nc4
dir.0048/conv_t_01.nc4
dir.0048/ompsnp_n20_03.nc4
dir.0048/conv_sst_01.nc4
dir.0048/cris-fsr_n20_01.nc4
dir.0048/conv_ps_03.nc4
dir.0048/atms_n20_03.nc4
dir.0048/ssmis_f18_03.nc4
dir.0049/
dir.0049/atms_n20_01.nc4
dir.0049/ompstc8_n20_01.nc4
dir.0049/conv_ps_01.nc4
dir.0049/cris-fsr_npp_01.nc4
dir.0049/ssmis_f18_01.nc4
dir.0049/cris-fsr_n20_03.nc4
dir.0049/atms_npp_01.nc4
dir.0049/abi_g17_03.nc4
dir.0049/omi_aura_01.nc4
dir.0049/ompsnp_n20_01.nc4
dir.0049/conv_q_01.nc4
dir.0049/cris-fsr_npp_03.nc4
dir.0049/conv_uv_01.nc4
dir.0049/conv_q_03.nc4
dir.0049/ompstc8_npp_03.nc4
dir.0049/conv_t_03.nc4
dir.0049/conv_gps_01.nc4
dir.0049/ompslp_npp_01.nc4
dir.0049/abi_g17_01.nc4
dir.0049/ompslp_npp_03.nc4
dir.0049/omi_aura_03.nc4
dir.0049/ompsnp_npp_01.nc4
dir.0049/atms_npp_03.nc4
dir.0049/ompsnp_npp_03.nc4
dir.0049/obs_setup
dir.0049/conv_sst_03.nc4
dir.0049/ompstc8_n20_03.nc4
dir.0049/ompstc8_npp_01.nc4
dir.0049/conv_uv_03.nc4
dir.0049/conv_gps_03.nc4
dir.0049/conv_t_01.nc4
dir.0049/ompsnp_n20_03.nc4
dir.0049/conv_sst_01.nc4
dir.0049/cris-fsr_n20_01.nc4
dir.0049/conv_ps_03.nc4
dir.0049/atms_n20_03.nc4
dir.0049/ssmis_f18_03.nc4
dir.0050/
dir.0050/atms_n20_01.nc4
dir.0050/ompstc8_n20_01.nc4
dir.0050/conv_ps_01.nc4
dir.0050/ahi_himawari8_01.nc4
dir.0050/cris-fsr_npp_01.nc4
dir.0050/ssmis_f18_01.nc4
dir.0050/cris-fsr_n20_03.nc4
dir.0050/atms_npp_01.nc4
dir.0050/abi_g17_03.nc4
dir.0050/omi_aura_01.nc4
dir.0050/ompsnp_n20_01.nc4
dir.0050/conv_q_01.nc4
dir.0050/cris-fsr_npp_03.nc4
dir.0050/conv_uv_01.nc4
dir.0050/conv_q_03.nc4
dir.0050/ompstc8_npp_03.nc4
dir.0050/conv_t_03.nc4
dir.0050/conv_gps_01.nc4
dir.0050/ompslp_npp_01.nc4
dir.0050/abi_g17_01.nc4
dir.0050/ompslp_npp_03.nc4
dir.0050/omi_aura_03.nc4
dir.0050/ompsnp_npp_01.nc4
dir.0050/atms_npp_03.nc4
dir.0050/ompsnp_npp_03.nc4
dir.0050/obs_setup
dir.0050/conv_sst_03.nc4
dir.0050/ompstc8_n20_03.nc4
dir.0050/ompstc8_npp_01.nc4
dir.0050/conv_uv_03.nc4
dir.0050/conv_gps_03.nc4
dir.0050/conv_t_01.nc4
dir.0050/ahi_himawari8_03.nc4
dir.0050/ompsnp_n20_03.nc4
dir.0050/conv_sst_01.nc4
dir.0050/cris-fsr_n20_01.nc4
dir.0050/conv_ps_03.nc4
dir.0050/atms_n20_03.nc4
dir.0050/ssmis_f18_03.nc4
dir.0051/
dir.0051/atms_n20_01.nc4
dir.0051/ompstc8_n20_01.nc4
dir.0051/avhrr_n19_01.nc4
dir.0051/conv_ps_01.nc4
dir.0051/ahi_himawari8_01.nc4
dir.0051/mhs_n19_03.nc4
dir.0051/mhs_n19_01.nc4
dir.0051/cris-fsr_npp_01.nc4
dir.0051/avhrr_n18_03.nc4
dir.0051/ssmis_f18_01.nc4
dir.0051/cris-fsr_n20_03.nc4
dir.0051/atms_npp_01.nc4
dir.0051/abi_g17_03.nc4
dir.0051/omi_aura_01.nc4
dir.0051/amsua_n19_03.nc4
dir.0051/ompsnp_n20_01.nc4
dir.0051/avhrr_n19_03.nc4
dir.0051/conv_q_01.nc4
dir.0051/cris-fsr_npp_03.nc4
dir.0051/conv_uv_01.nc4
dir.0051/conv_q_03.nc4
dir.0051/ompstc8_npp_03.nc4
dir.0051/conv_t_03.nc4
dir.0051/hirs4_n19_03.nc4
dir.0051/conv_gps_01.nc4
dir.0051/ompslp_npp_01.nc4
dir.0051/abi_g17_01.nc4
dir.0051/ompslp_npp_03.nc4
dir.0051/omi_aura_03.nc4
dir.0051/ompsnp_npp_01.nc4
dir.0051/atms_npp_03.nc4
dir.0051/ompsnp_npp_03.nc4
dir.0051/obs_setup
dir.0051/conv_sst_03.nc4
dir.0051/ompstc8_n20_03.nc4
dir.0051/ompstc8_npp_01.nc4
dir.0051/conv_uv_03.nc4
dir.0051/conv_gps_03.nc4
dir.0051/conv_t_01.nc4
dir.0051/ahi_himawari8_03.nc4
dir.0051/ssmis_f17_03.nc4
dir.0051/ssmis_f17_01.nc4
dir.0051/avhrr_n18_01.nc4
dir.0051/amsua_n19_01.nc4
dir.0051/ompsnp_n20_03.nc4
dir.0051/conv_sst_01.nc4
dir.0051/cris-fsr_n20_01.nc4
dir.0051/conv_ps_03.nc4
dir.0051/hirs4_n19_01.nc4
dir.0051/atms_n20_03.nc4
dir.0051/ssmis_f18_03.nc4
dir.0052/
dir.0052/atms_n20_01.nc4
dir.0052/ompstc8_n20_01.nc4
dir.0052/avhrr_n19_01.nc4
dir.0052/conv_pw_03.nc4
dir.0052/conv_pw_01.nc4
dir.0052/conv_ps_01.nc4
dir.0052/mhs_n19_03.nc4
dir.0052/mhs_n19_01.nc4
dir.0052/amsua_metop-b_03.nc4
dir.0052/amsua_metop-c_01.nc4
dir.0052/amsua_n18_03.nc4
dir.0052/gome_metop-b_01.nc4
dir.0052/iasi_metop-c_03.nc4
dir.0052/mhs_metop-c_01.nc4
dir.0052/cris-fsr_npp_01.nc4
dir.0052/avhrr_n18_03.nc4
dir.0052/ssmis_f18_01.nc4
dir.0052/cris-fsr_n20_03.nc4
dir.0052/atms_npp_01.nc4
dir.0052/avhrr_metop-a_03.nc4
dir.0052/abi_g17_03.nc4
dir.0052/omi_aura_01.nc4
dir.0052/sbuv2_n19_01.nc4
dir.0052/amsua_n19_03.nc4
dir.0052/iasi_metop-a_01.nc4
dir.0052/mhs_metop-c_03.nc4
dir.0052/ompsnp_n20_01.nc4
dir.0052/avhrr_n19_03.nc4
dir.0052/avhrr_metop-a_01.nc4
dir.0052/conv_q_01.nc4
dir.0052/cris-fsr_npp_03.nc4
dir.0052/conv_uv_01.nc4
dir.0052/iasi_metop-b_01.nc4
dir.0052/avhrr_metop-b_01.nc4
dir.0052/gome_metop-b_03.nc4
dir.0052/conv_q_03.nc4
dir.0052/ompstc8_npp_03.nc4
dir.0052/conv_t_03.nc4
dir.0052/hirs4_n19_03.nc4
dir.0052/conv_gps_01.nc4
dir.0052/ompslp_npp_01.nc4
dir.0052/mhs_metop-b_03.nc4
dir.0052/abi_g17_01.nc4
dir.0052/ompslp_npp_03.nc4
dir.0052/amsua_metop-c_03.nc4
dir.0052/omi_aura_03.nc4
dir.0052/ompsnp_npp_01.nc4
dir.0052/atms_npp_03.nc4
dir.0052/ompsnp_npp_03.nc4
dir.0052/obs_setup
dir.0052/conv_sst_03.nc4
dir.0052/ompstc8_n20_03.nc4
dir.0052/amsua_n18_01.nc4
dir.0052/ompstc8_npp_01.nc4
dir.0052/conv_uv_03.nc4
dir.0052/amsua_metop-b_01.nc4
dir.0052/iasi_metop-b_03.nc4
dir.0052/iasi_metop-c_01.nc4
dir.0052/conv_gps_03.nc4
dir.0052/conv_t_01.nc4
dir.0052/ssmis_f17_03.nc4
dir.0052/mhs_metop-b_01.nc4
dir.0052/ssmis_f17_01.nc4
dir.0052/avhrr_n18_01.nc4
dir.0052/amsua_n19_01.nc4
dir.0052/ompsnp_n20_03.nc4
dir.0052/sbuv2_n19_03.nc4
dir.0052/conv_sst_01.nc4
dir.0052/cris-fsr_n20_01.nc4
dir.0052/avhrr_metop-b_03.nc4
dir.0052/conv_ps_03.nc4
dir.0052/hirs4_n19_01.nc4
dir.0052/atms_n20_03.nc4
dir.0052/ssmis_f18_03.nc4
dir.0052/iasi_metop-a_03.nc4
dir.0053/
dir.0053/atms_n20_01.nc4
dir.0053/ompstc8_n20_01.nc4
dir.0053/conv_pw_03.nc4
dir.0053/amsua_metop-a_01.nc4
dir.0053/conv_pw_01.nc4
dir.0053/conv_ps_01.nc4
dir.0053/mhs_n19_03.nc4
dir.0053/mhs_n19_01.nc4
dir.0053/amsua_metop-b_03.nc4
dir.0053/amsua_metop-c_01.nc4
dir.0053/amsua_n18_03.nc4
dir.0053/gome_metop-b_01.nc4
dir.0053/iasi_metop-c_03.nc4
dir.0053/mhs_metop-c_01.nc4
dir.0053/cris-fsr_npp_01.nc4
dir.0053/ssmis_f18_01.nc4
dir.0053/cris-fsr_n20_03.nc4
dir.0053/gome_metop-a_01.nc4
dir.0053/atms_npp_01.nc4
dir.0053/omi_aura_01.nc4
dir.0053/sbuv2_n19_01.nc4
dir.0053/hirs4_metop-a_03.nc4
dir.0053/amsua_n19_03.nc4
dir.0053/iasi_metop-a_01.nc4
dir.0053/mhs_metop-c_03.nc4
dir.0053/ompsnp_n20_01.nc4
dir.0053/conv_q_01.nc4
dir.0053/cris-fsr_npp_03.nc4
dir.0053/conv_uv_01.nc4
dir.0053/iasi_metop-b_01.nc4
dir.0053/hirs4_metop-a_01.nc4
dir.0053/gome_metop-b_03.nc4
dir.0053/conv_q_03.nc4
dir.0053/ompstc8_npp_03.nc4
dir.0053/conv_t_03.nc4
dir.0053/hirs4_n19_03.nc4
dir.0053/amsua_metop-a_03.nc4
dir.0053/conv_gps_01.nc4
dir.0053/ompslp_npp_01.nc4
dir.0053/mhs_metop-b_03.nc4
dir.0053/ompslp_npp_03.nc4
dir.0053/amsua_metop-c_03.nc4
dir.0053/omi_aura_03.nc4
dir.0053/ompsnp_npp_01.nc4
dir.0053/atms_npp_03.nc4
dir.0053/gome_metop-a_03.nc4
dir.0053/ompsnp_npp_03.nc4
dir.0053/obs_setup
dir.0053/amsua_n15_03.nc4
dir.0053/ompstc8_n20_03.nc4
dir.0053/amsua_n18_01.nc4
dir.0053/ompstc8_npp_01.nc4
dir.0053/conv_uv_03.nc4
dir.0053/amsua_metop-b_01.nc4
dir.0053/iasi_metop-b_03.nc4
dir.0053/iasi_metop-c_01.nc4
dir.0053/conv_gps_03.nc4
dir.0053/conv_t_01.nc4
dir.0053/ssmis_f17_03.nc4
dir.0053/mhs_metop-b_01.nc4
dir.0053/mhs_metop-a_03.nc4
dir.0053/mhs_metop-a_01.nc4
dir.0053/ssmis_f17_01.nc4
dir.0053/amsua_n19_01.nc4
dir.0053/ompsnp_n20_03.nc4
dir.0053/sbuv2_n19_03.nc4
dir.0053/cris-fsr_n20_01.nc4
dir.0053/conv_ps_03.nc4
dir.0053/hirs4_n19_01.nc4
dir.0053/atms_n20_03.nc4
dir.0053/amsua_n15_01.nc4
dir.0053/ssmis_f18_03.nc4
dir.0053/iasi_metop-a_03.nc4
dir.0054/
dir.0054/atms_n20_01.nc4
dir.0054/ompstc8_n20_01.nc4
dir.0054/avhrr_n19_01.nc4
dir.0054/conv_ps_01.nc4
dir.0054/mhs_n19_03.nc4
dir.0054/mhs_n19_01.nc4
dir.0054/cris-fsr_npp_01.nc4
dir.0054/ssmis_f18_01.nc4
dir.0054/cris-fsr_n20_03.nc4
dir.0054/atms_npp_01.nc4
dir.0054/avhrr_metop-a_03.nc4
dir.0054/omi_aura_01.nc4
dir.0054/amsua_n19_03.nc4
dir.0054/ompsnp_n20_01.nc4
dir.0054/avhrr_n19_03.nc4
dir.0054/avhrr_metop-a_01.nc4
dir.0054/cris-fsr_npp_03.nc4
dir.0054/conv_uv_01.nc4
dir.0054/ompstc8_npp_03.nc4
dir.0054/conv_t_03.nc4
dir.0054/hirs4_n19_03.nc4
dir.0054/conv_gps_01.nc4
dir.0054/ompslp_npp_01.nc4
dir.0054/ompslp_npp_03.nc4
dir.0054/omi_aura_03.nc4
dir.0054/ompsnp_npp_01.nc4
dir.0054/atms_npp_03.nc4
dir.0054/ompsnp_npp_03.nc4
dir.0054/obs_setup
dir.0054/ompstc8_n20_03.nc4
dir.0054/ompstc8_npp_01.nc4
dir.0054/conv_uv_03.nc4
dir.0054/conv_gps_03.nc4
dir.0054/conv_t_01.nc4
dir.0054/ssmis_f17_03.nc4
dir.0054/ssmis_f17_01.nc4
dir.0054/amsua_n19_01.nc4
dir.0054/ompsnp_n20_03.nc4
dir.0054/cris-fsr_n20_01.nc4
dir.0054/conv_ps_03.nc4
dir.0054/hirs4_n19_01.nc4
dir.0054/atms_n20_03.nc4
dir.0054/ssmis_f18_03.nc4
dir.0055/
dir.0055/atms_n20_01.nc4
dir.0055/ompstc8_n20_01.nc4
dir.0055/avhrr_n19_01.nc4
dir.0055/conv_ps_01.nc4
dir.0055/mhs_n19_03.nc4
dir.0055/mhs_n19_01.nc4
dir.0055/cris-fsr_npp_01.nc4
dir.0055/ssmis_f18_01.nc4
dir.0055/cris-fsr_n20_03.nc4
dir.0055/atms_npp_01.nc4
dir.0055/avhrr_metop-a_03.nc4
dir.0055/abi_g17_03.nc4
dir.0055/omi_aura_01.nc4
dir.0055/amsua_n19_03.nc4
dir.0055/ompsnp_n20_01.nc4
dir.0055/avhrr_n19_03.nc4
dir.0055/avhrr_metop-a_01.nc4
dir.0055/conv_q_01.nc4
dir.0055/cris-fsr_npp_03.nc4
dir.0055/conv_uv_01.nc4
dir.0055/conv_q_03.nc4
dir.0055/ompstc8_npp_03.nc4
dir.0055/conv_t_03.nc4
dir.0055/hirs4_n19_03.nc4
dir.0055/conv_gps_01.nc4
dir.0055/ompslp_npp_01.nc4
dir.0055/abi_g17_01.nc4
dir.0055/ompslp_npp_03.nc4
dir.0055/omi_aura_03.nc4
dir.0055/ompsnp_npp_01.nc4
dir.0055/atms_npp_03.nc4
dir.0055/ompsnp_npp_03.nc4
dir.0055/obs_setup
dir.0055/conv_sst_03.nc4
dir.0055/ompstc8_n20_03.nc4
dir.0055/ompstc8_npp_01.nc4
dir.0055/conv_uv_03.nc4
dir.0055/conv_gps_03.nc4
dir.0055/conv_t_01.nc4
dir.0055/ssmis_f17_03.nc4
dir.0055/abi_g16_01.nc4
dir.0055/ssmis_f17_01.nc4
dir.0055/abi_g16_03.nc4
dir.0055/amsua_n19_01.nc4
dir.0055/ompsnp_n20_03.nc4
dir.0055/conv_sst_01.nc4
dir.0055/cris-fsr_n20_01.nc4
dir.0055/conv_ps_03.nc4
dir.0055/hirs4_n19_01.nc4
dir.0055/atms_n20_03.nc4
dir.0055/ssmis_f18_03.nc4
dir.0056/
dir.0056/atms_n20_01.nc4
dir.0056/ompstc8_n20_01.nc4
dir.0056/avhrr_n19_01.nc4
dir.0056/conv_ps_01.nc4
dir.0056/mhs_n19_03.nc4
dir.0056/mhs_n19_01.nc4
dir.0056/cris-fsr_npp_01.nc4
dir.0056/ssmis_f18_01.nc4
dir.0056/cris-fsr_n20_03.nc4
dir.0056/atms_npp_01.nc4
dir.0056/abi_g17_03.nc4
dir.0056/omi_aura_01.nc4
dir.0056/amsua_n19_03.nc4
dir.0056/ompsnp_n20_01.nc4
dir.0056/avhrr_n19_03.nc4
dir.0056/conv_q_01.nc4
dir.0056/cris-fsr_npp_03.nc4
dir.0056/conv_uv_01.nc4
dir.0056/conv_q_03.nc4
dir.0056/ompstc8_npp_03.nc4
dir.0056/conv_t_03.nc4
dir.0056/hirs4_n19_03.nc4
dir.0056/conv_gps_01.nc4
dir.0056/ompslp_npp_01.nc4
dir.0056/abi_g17_01.nc4
dir.0056/ompslp_npp_03.nc4
dir.0056/omi_aura_03.nc4
dir.0056/ompsnp_npp_01.nc4
dir.0056/atms_npp_03.nc4
dir.0056/ompsnp_npp_03.nc4
dir.0056/obs_setup
dir.0056/conv_sst_03.nc4
dir.0056/amsua_n15_03.nc4
dir.0056/ompstc8_n20_03.nc4
dir.0056/ompstc8_npp_01.nc4
dir.0056/conv_uv_03.nc4
dir.0056/conv_gps_03.nc4
dir.0056/conv_t_01.nc4
dir.0056/ssmis_f17_03.nc4
dir.0056/abi_g16_01.nc4
dir.0056/ssmis_f17_01.nc4
dir.0056/abi_g16_03.nc4
dir.0056/amsua_n19_01.nc4
dir.0056/ompsnp_n20_03.nc4
dir.0056/conv_sst_01.nc4
dir.0056/cris-fsr_n20_01.nc4
dir.0056/conv_ps_03.nc4
dir.0056/hirs4_n19_01.nc4
dir.0056/atms_n20_03.nc4
dir.0056/amsua_n15_01.nc4
dir.0056/ssmis_f18_03.nc4
dir.0057/
dir.0057/atms_n20_01.nc4
dir.0057/ompstc8_n20_01.nc4
dir.0057/avhrr_n19_01.nc4
dir.0057/conv_pw_03.nc4
dir.0057/conv_pw_01.nc4
dir.0057/conv_ps_01.nc4
dir.0057/mhs_n19_03.nc4
dir.0057/mhs_n19_01.nc4
dir.0057/cris-fsr_npp_01.nc4
dir.0057/ssmis_f18_01.nc4
dir.0057/cris-fsr_n20_03.nc4
dir.0057/atms_npp_01.nc4
dir.0057/abi_g17_03.nc4
dir.0057/omi_aura_01.nc4
dir.0057/amsua_n19_03.nc4
dir.0057/ompsnp_n20_01.nc4
dir.0057/avhrr_n19_03.nc4
dir.0057/conv_q_01.nc4
dir.0057/cris-fsr_npp_03.nc4
dir.0057/conv_uv_01.nc4
dir.0057/conv_q_03.nc4
dir.0057/ompstc8_npp_03.nc4
dir.0057/conv_t_03.nc4
dir.0057/hirs4_n19_03.nc4
dir.0057/conv_gps_01.nc4
dir.0057/ompslp_npp_01.nc4
dir.0057/abi_g17_01.nc4
dir.0057/ompslp_npp_03.nc4
dir.0057/omi_aura_03.nc4
dir.0057/ompsnp_npp_01.nc4
dir.0057/atms_npp_03.nc4
dir.0057/ompsnp_npp_03.nc4
dir.0057/obs_setup
dir.0057/conv_sst_03.nc4
dir.0057/amsua_n15_03.nc4
dir.0057/ompstc8_n20_03.nc4
dir.0057/ompstc8_npp_01.nc4
dir.0057/conv_uv_03.nc4
dir.0057/conv_gps_03.nc4
dir.0057/conv_t_01.nc4
dir.0057/ssmis_f17_03.nc4
dir.0057/abi_g16_01.nc4
dir.0057/ssmis_f17_01.nc4
dir.0057/abi_g16_03.nc4
dir.0057/amsua_n19_01.nc4
dir.0057/ompsnp_n20_03.nc4
dir.0057/conv_sst_01.nc4
dir.0057/cris-fsr_n20_01.nc4
dir.0057/conv_ps_03.nc4
dir.0057/hirs4_n19_01.nc4
dir.0057/atms_n20_03.nc4
dir.0057/amsua_n15_01.nc4
dir.0057/ssmis_f18_03.nc4
dir.0058/
dir.0058/atms_n20_01.nc4
dir.0058/ompstc8_n20_01.nc4
dir.0058/avhrr_n19_01.nc4
dir.0058/conv_pw_03.nc4
dir.0058/amsua_metop-a_01.nc4
dir.0058/conv_pw_01.nc4
dir.0058/conv_ps_01.nc4
dir.0058/mhs_n19_03.nc4
dir.0058/mhs_n19_01.nc4
dir.0058/cris-fsr_npp_01.nc4
dir.0058/ssmis_f18_01.nc4
dir.0058/cris-fsr_n20_03.nc4
dir.0058/atms_npp_01.nc4
dir.0058/abi_g17_03.nc4
dir.0058/omi_aura_01.nc4
dir.0058/sbuv2_n19_01.nc4
dir.0058/hirs4_metop-a_03.nc4
dir.0058/amsua_n19_03.nc4
dir.0058/iasi_metop-a_01.nc4
dir.0058/ompsnp_n20_01.nc4
dir.0058/avhrr_n19_03.nc4
dir.0058/conv_q_01.nc4
dir.0058/cris-fsr_npp_03.nc4
dir.0058/conv_uv_01.nc4
dir.0058/hirs4_metop-a_01.nc4
dir.0058/conv_q_03.nc4
dir.0058/ompstc8_npp_03.nc4
dir.0058/conv_t_03.nc4
dir.0058/hirs4_n19_03.nc4
dir.0058/amsua_metop-a_03.nc4
dir.0058/conv_gps_01.nc4
dir.0058/abi_g17_01.nc4
dir.0058/omi_aura_03.nc4
dir.0058/atms_npp_03.nc4
dir.0058/obs_setup
dir.0058/conv_sst_03.nc4
dir.0058/amsua_n15_03.nc4
dir.0058/ompstc8_n20_03.nc4
dir.0058/ompstc8_npp_01.nc4
dir.0058/conv_uv_03.nc4
dir.0058/conv_gps_03.nc4
dir.0058/conv_t_01.nc4
dir.0058/ssmis_f17_03.nc4
dir.0058/mhs_metop-a_03.nc4
dir.0058/abi_g16_01.nc4
dir.0058/mhs_metop-a_01.nc4
dir.0058/ssmis_f17_01.nc4
dir.0058/abi_g16_03.nc4
dir.0058/amsua_n19_01.nc4
dir.0058/ompsnp_n20_03.nc4
dir.0058/sbuv2_n19_03.nc4
dir.0058/conv_sst_01.nc4
dir.0058/cris-fsr_n20_01.nc4
dir.0058/conv_ps_03.nc4
dir.0058/hirs4_n19_01.nc4
dir.0058/atms_n20_03.nc4
dir.0058/amsua_n15_01.nc4
dir.0058/ssmis_f18_03.nc4
dir.0058/iasi_metop-a_03.nc4
dir.0059/
dir.0059/atms_n20_01.nc4
dir.0059/ompstc8_n20_01.nc4
dir.0059/amsua_metop-a_01.nc4
dir.0059/conv_ps_01.nc4
dir.0059/mhs_n19_03.nc4
dir.0059/mhs_n19_01.nc4
dir.0059/amsua_metop-b_03.nc4
dir.0059/amsua_metop-c_01.nc4
dir.0059/amsua_n18_03.nc4
dir.0059/gome_metop-b_01.nc4
dir.0059/iasi_metop-c_03.nc4
dir.0059/mhs_metop-c_01.nc4
dir.0059/cris-fsr_npp_01.nc4
dir.0059/ssmis_f18_01.nc4
dir.0059/cris-fsr_n20_03.nc4
dir.0059/gome_metop-a_01.nc4
dir.0059/atms_npp_01.nc4
dir.0059/sbuv2_n19_01.nc4
dir.0059/hirs4_metop-a_03.nc4
dir.0059/amsua_n19_03.nc4
dir.0059/iasi_metop-a_01.nc4
dir.0059/mhs_metop-c_03.nc4
dir.0059/conv_q_01.nc4
dir.0059/cris-fsr_npp_03.nc4
dir.0059/conv_uv_01.nc4
dir.0059/iasi_metop-b_01.nc4
dir.0059/hirs4_metop-a_01.nc4
dir.0059/gome_metop-b_03.nc4
dir.0059/conv_q_03.nc4
dir.0059/ompstc8_npp_03.nc4
dir.0059/conv_t_03.nc4
dir.0059/hirs4_n19_03.nc4
dir.0059/amsua_metop-a_03.nc4
dir.0059/conv_gps_01.nc4
dir.0059/mhs_metop-b_03.nc4
dir.0059/amsua_metop-c_03.nc4
dir.0059/atms_npp_03.nc4
dir.0059/gome_metop-a_03.nc4
dir.0059/obs_setup
dir.0059/amsua_n15_03.nc4
dir.0059/ompstc8_n20_03.nc4
dir.0059/amsua_n18_01.nc4
dir.0059/ompstc8_npp_01.nc4
dir.0059/conv_uv_03.nc4
dir.0059/amsua_metop-b_01.nc4
dir.0059/iasi_metop-b_03.nc4
dir.0059/iasi_metop-c_01.nc4
dir.0059/conv_gps_03.nc4
dir.0059/conv_t_01.nc4
dir.0059/ssmis_f17_03.nc4
dir.0059/mhs_metop-b_01.nc4
dir.0059/mhs_metop-a_03.nc4
dir.0059/mhs_metop-a_01.nc4
dir.0059/ssmis_f17_01.nc4
dir.0059/amsua_n19_01.nc4
dir.0059/sbuv2_n19_03.nc4
dir.0059/cris-fsr_n20_01.nc4
dir.0059/conv_ps_03.nc4
dir.0059/hirs4_n19_01.nc4
dir.0059/atms_n20_03.nc4
dir.0059/amsua_n15_01.nc4
dir.0059/ssmis_f18_03.nc4
dir.0059/iasi_metop-a_03.nc4
dir.0060/
dir.0060/atms_n20_01.nc4
dir.0060/ompstc8_n20_01.nc4
dir.0060/avhrr_n19_01.nc4
dir.0060/amsua_metop-a_01.nc4
dir.0060/conv_ps_01.nc4
dir.0060/mhs_n19_03.nc4
dir.0060/mhs_n19_01.nc4
dir.0060/cris-fsr_npp_01.nc4
dir.0060/ssmis_f18_01.nc4
dir.0060/cris-fsr_n20_03.nc4
dir.0060/atms_npp_01.nc4
dir.0060/avhrr_metop-a_03.nc4
dir.0060/omi_aura_01.nc4
dir.0060/hirs4_metop-a_03.nc4
dir.0060/amsua_n19_03.nc4
dir.0060/iasi_metop-a_01.nc4
dir.0060/ompsnp_n20_01.nc4
dir.0060/avhrr_n19_03.nc4
dir.0060/avhrr_metop-a_01.nc4
dir.0060/conv_q_01.nc4
dir.0060/cris-fsr_npp_03.nc4
dir.0060/conv_uv_01.nc4
dir.0060/avhrr_metop-b_01.nc4
dir.0060/hirs4_metop-a_01.nc4
dir.0060/conv_q_03.nc4
dir.0060/ompstc8_npp_03.nc4
dir.0060/conv_t_03.nc4
dir.0060/hirs4_n19_03.nc4
dir.0060/amsua_metop-a_03.nc4
dir.0060/conv_gps_01.nc4
dir.0060/ompslp_npp_01.nc4
dir.0060/ompslp_npp_03.nc4
dir.0060/omi_aura_03.nc4
dir.0060/ompsnp_npp_01.nc4
dir.0060/atms_npp_03.nc4
dir.0060/ompsnp_npp_03.nc4
dir.0060/obs_setup
dir.0060/amsua_n15_03.nc4
dir.0060/ompstc8_n20_03.nc4
dir.0060/ompstc8_npp_01.nc4
dir.0060/conv_uv_03.nc4
dir.0060/conv_gps_03.nc4
dir.0060/conv_t_01.nc4
dir.0060/ssmis_f17_03.nc4
dir.0060/mhs_metop-a_03.nc4
dir.0060/mhs_metop-a_01.nc4
dir.0060/ssmis_f17_01.nc4
dir.0060/amsua_n19_01.nc4
dir.0060/ompsnp_n20_03.nc4
dir.0060/cris-fsr_n20_01.nc4
dir.0060/avhrr_metop-b_03.nc4
dir.0060/conv_ps_03.nc4
dir.0060/hirs4_n19_01.nc4
dir.0060/atms_n20_03.nc4
dir.0060/amsua_n15_01.nc4
dir.0060/ssmis_f18_03.nc4
dir.0060/iasi_metop-a_03.nc4
dir.0061/
dir.0061/atms_n20_01.nc4
dir.0061/ompstc8_n20_01.nc4
dir.0061/avhrr_n19_01.nc4
dir.0061/amsua_metop-a_01.nc4
dir.0061/conv_ps_01.nc4
dir.0061/mhs_n19_03.nc4
dir.0061/mhs_n19_01.nc4
dir.0061/amsua_metop-b_03.nc4
dir.0061/cris-fsr_npp_01.nc4
dir.0061/ssmis_f18_01.nc4
dir.0061/cris-fsr_n20_03.nc4
dir.0061/atms_npp_01.nc4
dir.0061/avhrr_metop-a_03.nc4
dir.0061/abi_g17_03.nc4
dir.0061/hirs4_metop-a_03.nc4
dir.0061/amsua_n19_03.nc4
dir.0061/iasi_metop-a_01.nc4
dir.0061/ompsnp_n20_01.nc4
dir.0061/avhrr_n19_03.nc4
dir.0061/avhrr_metop-a_01.nc4
dir.0061/cris-fsr_npp_03.nc4
dir.0061/conv_uv_01.nc4
dir.0061/iasi_metop-b_01.nc4
dir.0061/avhrr_metop-b_01.nc4
dir.0061/hirs4_metop-a_01.nc4
dir.0061/ompstc8_npp_03.nc4
dir.0061/hirs4_n19_03.nc4
dir.0061/amsua_metop-a_03.nc4
dir.0061/conv_gps_01.nc4
dir.0061/mhs_metop-b_03.nc4
dir.0061/abi_g17_01.nc4
dir.0061/atms_npp_03.nc4
dir.0061/obs_setup
dir.0061/conv_sst_03.nc4
dir.0061/amsua_n15_03.nc4
dir.0061/ompstc8_n20_03.nc4
dir.0061/ompstc8_npp_01.nc4
dir.0061/conv_uv_03.nc4
dir.0061/amsua_metop-b_01.nc4
dir.0061/iasi_metop-b_03.nc4
dir.0061/conv_gps_03.nc4
dir.0061/ssmis_f17_03.nc4
dir.0061/mhs_metop-b_01.nc4
dir.0061/mhs_metop-a_03.nc4
dir.0061/abi_g16_01.nc4
dir.0061/mhs_metop-a_01.nc4
dir.0061/ssmis_f17_01.nc4
dir.0061/abi_g16_03.nc4
dir.0061/amsua_n19_01.nc4
dir.0061/ompsnp_n20_03.nc4
dir.0061/conv_sst_01.nc4
dir.0061/cris-fsr_n20_01.nc4
dir.0061/avhrr_metop-b_03.nc4
dir.0061/conv_ps_03.nc4
dir.0061/hirs4_n19_01.nc4
dir.0061/atms_n20_03.nc4
dir.0061/amsua_n15_01.nc4
dir.0061/ssmis_f18_03.nc4
dir.0061/iasi_metop-a_03.nc4
dir.0062/
dir.0062/atms_n20_01.nc4
dir.0062/ompstc8_n20_01.nc4
dir.0062/avhrr_n19_01.nc4
dir.0062/amsua_metop-a_01.nc4
dir.0062/conv_ps_01.nc4
dir.0062/mhs_n19_03.nc4
dir.0062/mhs_n19_01.nc4
dir.0062/amsua_metop-b_03.nc4
dir.0062/ssmis_f18_01.nc4
dir.0062/cris-fsr_n20_03.nc4
dir.0062/avhrr_metop-a_03.nc4
dir.0062/abi_g17_03.nc4
dir.0062/hirs4_metop-a_03.nc4
dir.0062/amsua_n19_03.nc4
dir.0062/iasi_metop-a_01.nc4
dir.0062/avhrr_n19_03.nc4
dir.0062/avhrr_metop-a_01.nc4
dir.0062/conv_q_01.nc4
dir.0062/conv_uv_01.nc4
dir.0062/iasi_metop-b_01.nc4
dir.0062/avhrr_metop-b_01.nc4
dir.0062/hirs4_metop-a_01.nc4
dir.0062/conv_q_03.nc4
dir.0062/conv_t_03.nc4
dir.0062/hirs4_n19_03.nc4
dir.0062/amsua_metop-a_03.nc4
dir.0062/conv_gps_01.nc4
dir.0062/mhs_metop-b_03.nc4
dir.0062/abi_g17_01.nc4
dir.0062/obs_setup
dir.0062/conv_sst_03.nc4
dir.0062/amsua_n15_03.nc4
dir.0062/ompstc8_n20_03.nc4
dir.0062/conv_uv_03.nc4
dir.0062/amsua_metop-b_01.nc4
dir.0062/iasi_metop-b_03.nc4
dir.0062/conv_gps_03.nc4
dir.0062/conv_t_01.nc4
dir.0062/ssmis_f17_03.nc4
dir.0062/mhs_metop-b_01.nc4
dir.0062/mhs_metop-a_03.nc4
dir.0062/abi_g16_01.nc4
dir.0062/mhs_metop-a_01.nc4
dir.0062/ssmis_f17_01.nc4
dir.0062/abi_g16_03.nc4
dir.0062/amsua_n19_01.nc4
dir.0062/conv_sst_01.nc4
dir.0062/cris-fsr_n20_01.nc4
dir.0062/avhrr_metop-b_03.nc4
dir.0062/conv_ps_03.nc4
dir.0062/hirs4_n19_01.nc4
dir.0062/atms_n20_03.nc4
dir.0062/amsua_n15_01.nc4
dir.0062/ssmis_f18_03.nc4
dir.0062/iasi_metop-a_03.nc4
dir.0063/
dir.0063/ompstc8_n20_01.nc4
dir.0063/avhrr_n19_01.nc4
dir.0063/conv_pw_03.nc4
dir.0063/amsua_metop-a_01.nc4
dir.0063/conv_pw_01.nc4
dir.0063/conv_ps_01.nc4
dir.0063/mhs_n19_03.nc4
dir.0063/mhs_n19_01.nc4
dir.0063/amsua_metop-b_03.nc4
dir.0063/amsua_metop-c_01.nc4
dir.0063/amsua_n18_03.nc4
dir.0063/iasi_metop-c_03.nc4
dir.0063/mhs_metop-c_01.nc4
dir.0063/avhrr_n18_03.nc4
dir.0063/ssmis_f18_01.nc4
dir.0063/cris-fsr_n20_03.nc4
dir.0063/avhrr_metop-a_03.nc4
dir.0063/abi_g17_03.nc4
dir.0063/hirs4_metop-a_03.nc4
dir.0063/amsua_n19_03.nc4
dir.0063/iasi_metop-a_01.nc4
dir.0063/mhs_metop-c_03.nc4
dir.0063/avhrr_n19_03.nc4
dir.0063/avhrr_metop-a_01.nc4
dir.0063/conv_q_01.nc4
dir.0063/conv_uv_01.nc4
dir.0063/iasi_metop-b_01.nc4
dir.0063/avhrr_metop-b_01.nc4
dir.0063/hirs4_metop-a_01.nc4
dir.0063/conv_q_03.nc4
dir.0063/conv_t_03.nc4
dir.0063/hirs4_n19_03.nc4
dir.0063/amsua_metop-a_03.nc4
dir.0063/conv_gps_01.nc4
dir.0063/mhs_metop-b_03.nc4
dir.0063/abi_g17_01.nc4
dir.0063/amsua_metop-c_03.nc4
dir.0063/obs_setup
dir.0063/conv_sst_03.nc4
dir.0063/amsua_n15_03.nc4
dir.0063/ompstc8_n20_03.nc4
dir.0063/amsua_n18_01.nc4
dir.0063/conv_uv_03.nc4
dir.0063/amsua_metop-b_01.nc4
dir.0063/iasi_metop-b_03.nc4
dir.0063/iasi_metop-c_01.nc4
dir.0063/conv_gps_03.nc4
dir.0063/conv_t_01.nc4
dir.0063/ssmis_f17_03.nc4
dir.0063/mhs_metop-b_01.nc4
dir.0063/mhs_metop-a_03.nc4
dir.0063/abi_g16_01.nc4
dir.0063/mhs_metop-a_01.nc4
dir.0063/ssmis_f17_01.nc4
dir.0063/avhrr_n18_01.nc4
dir.0063/abi_g16_03.nc4
dir.0063/amsua_n19_01.nc4
dir.0063/conv_sst_01.nc4
dir.0063/cris-fsr_n20_01.nc4
dir.0063/avhrr_metop-b_03.nc4
dir.0063/conv_ps_03.nc4
dir.0063/hirs4_n19_01.nc4
dir.0063/amsua_n15_01.nc4
dir.0063/ssmis_f18_03.nc4
dir.0063/iasi_metop-a_03.nc4
dir.0064/
dir.0064/avhrr_n19_01.nc4
dir.0064/conv_pw_03.nc4
dir.0064/amsua_metop-a_01.nc4
dir.0064/conv_pw_01.nc4
dir.0064/conv_ps_01.nc4
dir.0064/mhs_n19_03.nc4
dir.0064/mhs_n19_01.nc4
dir.0064/amsua_metop-b_03.nc4
dir.0064/amsua_metop-c_01.nc4
dir.0064/amsua_n18_03.nc4
dir.0064/iasi_metop-c_03.nc4
dir.0064/mhs_metop-c_01.nc4
dir.0064/avhrr_n18_03.nc4
dir.0064/ssmis_f18_01.nc4
dir.0064/avhrr_metop-a_03.nc4
dir.0064/abi_g17_03.nc4
dir.0064/sbuv2_n19_01.nc4
dir.0064/hirs4_metop-a_03.nc4
dir.0064/amsua_n19_03.nc4
dir.0064/iasi_metop-a_01.nc4
dir.0064/mhs_metop-c_03.nc4
dir.0064/avhrr_n19_03.nc4
dir.0064/avhrr_metop-a_01.nc4
dir.0064/conv_q_01.nc4
dir.0064/conv_uv_01.nc4
dir.0064/iasi_metop-b_01.nc4
dir.0064/avhrr_metop-b_01.nc4
dir.0064/hirs4_metop-a_01.nc4
dir.0064/conv_q_03.nc4
dir.0064/conv_t_03.nc4
dir.0064/hirs4_n19_03.nc4
dir.0064/amsua_metop-a_03.nc4
dir.0064/conv_gps_01.nc4
dir.0064/mhs_metop-b_03.nc4
dir.0064/abi_g17_01.nc4
dir.0064/amsua_metop-c_03.nc4
dir.0064/obs_setup
dir.0064/conv_sst_03.nc4
dir.0064/amsua_n15_03.nc4
dir.0064/amsua_n18_01.nc4
dir.0064/conv_uv_03.nc4
dir.0064/amsua_metop-b_01.nc4
dir.0064/iasi_metop-b_03.nc4
dir.0064/iasi_metop-c_01.nc4
dir.0064/conv_gps_03.nc4
dir.0064/conv_t_01.nc4
dir.0064/ssmis_f17_03.nc4
dir.0064/mhs_metop-b_01.nc4
dir.0064/mhs_metop-a_03.nc4
dir.0064/abi_g16_01.nc4
dir.0064/mhs_metop-a_01.nc4
dir.0064/ssmis_f17_01.nc4
dir.0064/avhrr_n18_01.nc4
dir.0064/abi_g16_03.nc4
dir.0064/amsua_n19_01.nc4
dir.0064/sbuv2_n19_03.nc4
dir.0064/conv_sst_01.nc4
dir.0064/avhrr_metop-b_03.nc4
dir.0064/conv_ps_03.nc4
dir.0064/hirs4_n19_01.nc4
dir.0064/amsua_n15_01.nc4
dir.0064/ssmis_f18_03.nc4
dir.0064/iasi_metop-a_03.nc4
dir.0065/
dir.0065/ompstc8_n20_01.nc4
dir.0065/conv_pw_03.nc4
dir.0065/amsua_metop-a_01.nc4
dir.0065/conv_pw_01.nc4
dir.0065/conv_ps_01.nc4
dir.0065/mhs_n19_03.nc4
dir.0065/mhs_n19_01.nc4
dir.0065/amsua_metop-b_03.nc4
dir.0065/amsua_metop-c_01.nc4
dir.0065/amsua_n18_03.nc4
dir.0065/gome_metop-b_01.nc4
dir.0065/iasi_metop-c_03.nc4
dir.0065/mhs_metop-c_01.nc4
dir.0065/cris-fsr_npp_01.nc4
dir.0065/ssmis_f18_01.nc4
dir.0065/cris-fsr_n20_03.nc4
dir.0065/gome_metop-a_01.nc4
dir.0065/sbuv2_n19_01.nc4
dir.0065/hirs4_metop-a_03.nc4
dir.0065/amsua_n19_03.nc4
dir.0065/iasi_metop-a_01.nc4
dir.0065/mhs_metop-c_03.nc4
dir.0065/conv_q_01.nc4
dir.0065/cris-fsr_npp_03.nc4
dir.0065/conv_uv_01.nc4
dir.0065/iasi_metop-b_01.nc4
dir.0065/hirs4_metop-a_01.nc4
dir.0065/gome_metop-b_03.nc4
dir.0065/conv_q_03.nc4
dir.0065/conv_t_03.nc4
dir.0065/hirs4_n19_03.nc4
dir.0065/amsua_metop-a_03.nc4
dir.0065/conv_gps_01.nc4
dir.0065/mhs_metop-b_03.nc4
dir.0065/amsua_metop-c_03.nc4
dir.0065/gome_metop-a_03.nc4
dir.0065/obs_setup
dir.0065/amsua_n15_03.nc4
dir.0065/ompstc8_n20_03.nc4
dir.0065/amsua_n18_01.nc4
dir.0065/conv_uv_03.nc4
dir.0065/amsua_metop-b_01.nc4
dir.0065/iasi_metop-b_03.nc4
dir.0065/iasi_metop-c_01.nc4
dir.0065/conv_gps_03.nc4
dir.0065/conv_t_01.nc4
dir.0065/ssmis_f17_03.nc4
dir.0065/mhs_metop-b_01.nc4
dir.0065/mhs_metop-a_03.nc4
dir.0065/mhs_metop-a_01.nc4
dir.0065/ssmis_f17_01.nc4
dir.0065/amsua_n19_01.nc4
dir.0065/sbuv2_n19_03.nc4
dir.0065/cris-fsr_n20_01.nc4
dir.0065/conv_ps_03.nc4
dir.0065/hirs4_n19_01.nc4
dir.0065/amsua_n15_01.nc4
dir.0065/ssmis_f18_03.nc4
dir.0065/iasi_metop-a_03.nc4
dir.0066/
dir.0066/atms_n20_01.nc4
dir.0066/avhrr_n19_01.nc4
dir.0066/amsua_metop-a_01.nc4
dir.0066/conv_ps_01.nc4
dir.0066/mhs_n19_03.nc4
dir.0066/mhs_n19_01.nc4
dir.0066/amsua_metop-b_03.nc4
dir.0066/amsua_metop-c_01.nc4
dir.0066/amsua_n18_03.nc4
dir.0066/iasi_metop-c_03.nc4
dir.0066/mhs_metop-c_01.nc4
dir.0066/cris-fsr_npp_01.nc4
dir.0066/avhrr_n18_03.nc4
dir.0066/ssmis_f18_01.nc4
dir.0066/cris-fsr_n20_03.nc4
dir.0066/atms_npp_01.nc4
dir.0066/avhrr_metop-a_03.nc4
dir.0066/hirs4_metop-a_03.nc4
dir.0066/amsua_n19_03.nc4
dir.0066/iasi_metop-a_01.nc4
dir.0066/mhs_metop-c_03.nc4
dir.0066/avhrr_n19_03.nc4
dir.0066/avhrr_metop-a_01.nc4
dir.0066/cris-fsr_npp_03.nc4
dir.0066/conv_uv_01.nc4
dir.0066/iasi_metop-b_01.nc4
dir.0066/avhrr_metop-b_01.nc4
dir.0066/hirs4_metop-a_01.nc4
dir.0066/ompstc8_npp_03.nc4
dir.0066/hirs4_n19_03.nc4
dir.0066/amsua_metop-a_03.nc4
dir.0066/conv_gps_01.nc4
dir.0066/ompslp_npp_01.nc4
dir.0066/mhs_metop-b_03.nc4
dir.0066/ompslp_npp_03.nc4
dir.0066/amsua_metop-c_03.nc4
dir.0066/ompsnp_npp_01.nc4
dir.0066/atms_npp_03.nc4
dir.0066/ompsnp_npp_03.nc4
dir.0066/obs_setup
dir.0066/amsua_n15_03.nc4
dir.0066/amsua_n18_01.nc4
dir.0066/ompstc8_npp_01.nc4
dir.0066/conv_uv_03.nc4
dir.0066/amsua_metop-b_01.nc4
dir.0066/iasi_metop-b_03.nc4
dir.0066/iasi_metop-c_01.nc4
dir.0066/conv_gps_03.nc4
dir.0066/ssmis_f17_03.nc4
dir.0066/mhs_metop-b_01.nc4
dir.0066/mhs_metop-a_03.nc4
dir.0066/mhs_metop-a_01.nc4
dir.0066/ssmis_f17_01.nc4
dir.0066/avhrr_n18_01.nc4
dir.0066/amsua_n19_01.nc4
dir.0066/cris-fsr_n20_01.nc4
dir.0066/avhrr_metop-b_03.nc4
dir.0066/conv_ps_03.nc4
dir.0066/hirs4_n19_01.nc4
dir.0066/atms_n20_03.nc4
dir.0066/amsua_n15_01.nc4
dir.0066/ssmis_f18_03.nc4
dir.0066/iasi_metop-a_03.nc4
dir.0067/
dir.0067/avhrr_n19_01.nc4
dir.0067/amsua_metop-a_01.nc4
dir.0067/conv_ps_01.nc4
dir.0067/mhs_n19_03.nc4
dir.0067/mhs_n19_01.nc4
dir.0067/amsua_metop-b_03.nc4
dir.0067/amsua_metop-c_01.nc4
dir.0067/amsua_n18_03.nc4
dir.0067/iasi_metop-c_03.nc4
dir.0067/mhs_metop-c_01.nc4
dir.0067/cris-fsr_npp_01.nc4
dir.0067/avhrr_n18_03.nc4
dir.0067/ssmis_f18_01.nc4
dir.0067/avhrr_metop-a_03.nc4
dir.0067/hirs4_metop-a_03.nc4
dir.0067/amsua_n19_03.nc4
dir.0067/iasi_metop-a_01.nc4
dir.0067/mhs_metop-c_03.nc4
dir.0067/avhrr_n19_03.nc4
dir.0067/avhrr_metop-a_01.nc4
dir.0067/conv_q_01.nc4
dir.0067/cris-fsr_npp_03.nc4
dir.0067/conv_uv_01.nc4
dir.0067/iasi_metop-b_01.nc4
dir.0067/avhrr_metop-b_01.nc4
dir.0067/hirs4_metop-a_01.nc4
dir.0067/conv_q_03.nc4
dir.0067/conv_t_03.nc4
dir.0067/hirs4_n19_03.nc4
dir.0067/amsua_metop-a_03.nc4
dir.0067/conv_gps_01.nc4
dir.0067/mhs_metop-b_03.nc4
dir.0067/amsua_metop-c_03.nc4
dir.0067/obs_setup
dir.0067/conv_sst_03.nc4
dir.0067/amsua_n15_03.nc4
dir.0067/amsua_n18_01.nc4
dir.0067/conv_uv_03.nc4
dir.0067/amsua_metop-b_01.nc4
dir.0067/iasi_metop-b_03.nc4
dir.0067/iasi_metop-c_01.nc4
dir.0067/conv_gps_03.nc4
dir.0067/conv_t_01.nc4
dir.0067/ssmis_f17_03.nc4
dir.0067/mhs_metop-b_01.nc4
dir.0067/mhs_metop-a_03.nc4
dir.0067/abi_g16_01.nc4
dir.0067/mhs_metop-a_01.nc4
dir.0067/ssmis_f17_01.nc4
dir.0067/avhrr_n18_01.nc4
dir.0067/abi_g16_03.nc4
dir.0067/amsua_n19_01.nc4
dir.0067/conv_sst_01.nc4
dir.0067/avhrr_metop-b_03.nc4
dir.0067/conv_ps_03.nc4
dir.0067/hirs4_n19_01.nc4
dir.0067/amsua_n15_01.nc4
dir.0067/ssmis_f18_03.nc4
dir.0067/iasi_metop-a_03.nc4
dir.0068/
dir.0068/avhrr_n19_01.nc4
dir.0068/amsua_metop-a_01.nc4
dir.0068/conv_ps_01.nc4
dir.0068/mhs_n19_03.nc4
dir.0068/mhs_n19_01.nc4
dir.0068/amsua_metop-b_03.nc4
dir.0068/amsua_metop-c_01.nc4
dir.0068/amsua_n18_03.nc4
dir.0068/iasi_metop-c_03.nc4
dir.0068/mhs_metop-c_01.nc4
dir.0068/avhrr_n18_03.nc4
dir.0068/ssmis_f18_01.nc4
dir.0068/avhrr_metop-a_03.nc4
dir.0068/abi_g17_03.nc4
dir.0068/hirs4_metop-a_03.nc4
dir.0068/amsua_n19_03.nc4
dir.0068/iasi_metop-a_01.nc4
dir.0068/mhs_metop-c_03.nc4
dir.0068/avhrr_n19_03.nc4
dir.0068/avhrr_metop-a_01.nc4
dir.0068/conv_q_01.nc4
dir.0068/conv_uv_01.nc4
dir.0068/iasi_metop-b_01.nc4
dir.0068/avhrr_metop-b_01.nc4
dir.0068/hirs4_metop-a_01.nc4
dir.0068/conv_q_03.nc4
dir.0068/conv_t_03.nc4
dir.0068/hirs4_n19_03.nc4
dir.0068/amsua_metop-a_03.nc4
dir.0068/conv_gps_01.nc4
dir.0068/mhs_metop-b_03.nc4
dir.0068/abi_g17_01.nc4
dir.0068/amsua_metop-c_03.nc4
dir.0068/obs_setup
dir.0068/amsua_n15_03.nc4
dir.0068/amsua_n18_01.nc4
dir.0068/conv_uv_03.nc4
dir.0068/amsua_metop-b_01.nc4
dir.0068/iasi_metop-b_03.nc4
dir.0068/iasi_metop-c_01.nc4
dir.0068/conv_gps_03.nc4
dir.0068/conv_t_01.nc4
dir.0068/ssmis_f17_03.nc4
dir.0068/mhs_metop-b_01.nc4
dir.0068/mhs_metop-a_03.nc4
dir.0068/abi_g16_01.nc4
dir.0068/mhs_metop-a_01.nc4
dir.0068/ssmis_f17_01.nc4
dir.0068/avhrr_n18_01.nc4
dir.0068/abi_g16_03.nc4
dir.0068/amsua_n19_01.nc4
dir.0068/avhrr_metop-b_03.nc4
dir.0068/conv_ps_03.nc4
dir.0068/hirs4_n19_01.nc4
dir.0068/amsua_n15_01.nc4
dir.0068/ssmis_f18_03.nc4
dir.0068/iasi_metop-a_03.nc4
dir.0069/
dir.0069/avhrr_n19_01.nc4
dir.0069/conv_pw_03.nc4
dir.0069/amsua_metop-a_01.nc4
dir.0069/conv_pw_01.nc4
dir.0069/conv_ps_01.nc4
dir.0069/mhs_n19_03.nc4
dir.0069/mhs_n19_01.nc4
dir.0069/amsua_metop-b_03.nc4
dir.0069/amsua_metop-c_01.nc4
dir.0069/amsua_n18_03.nc4
dir.0069/iasi_metop-c_03.nc4
dir.0069/mhs_metop-c_01.nc4
dir.0069/avhrr_n18_03.nc4
dir.0069/ssmis_f18_01.nc4
dir.0069/avhrr_metop-a_03.nc4
dir.0069/abi_g17_03.nc4
dir.0069/hirs4_metop-a_03.nc4
dir.0069/amsua_n19_03.nc4
dir.0069/iasi_metop-a_01.nc4
dir.0069/mhs_metop-c_03.nc4
dir.0069/avhrr_n19_03.nc4
dir.0069/avhrr_metop-a_01.nc4
dir.0069/conv_q_01.nc4
dir.0069/conv_uv_01.nc4
dir.0069/iasi_metop-b_01.nc4
dir.0069/avhrr_metop-b_01.nc4
dir.0069/hirs4_metop-a_01.nc4
dir.0069/conv_q_03.nc4
dir.0069/conv_t_03.nc4
dir.0069/hirs4_n19_03.nc4
dir.0069/amsua_metop-a_03.nc4
dir.0069/conv_gps_01.nc4
dir.0069/mhs_metop-b_03.nc4
dir.0069/abi_g17_01.nc4
dir.0069/amsua_metop-c_03.nc4
dir.0069/obs_setup
dir.0069/conv_sst_03.nc4
dir.0069/amsua_n15_03.nc4
dir.0069/amsua_n18_01.nc4
dir.0069/conv_uv_03.nc4
dir.0069/amsua_metop-b_01.nc4
dir.0069/iasi_metop-b_03.nc4
dir.0069/iasi_metop-c_01.nc4
dir.0069/conv_gps_03.nc4
dir.0069/conv_t_01.nc4
dir.0069/ssmis_f17_03.nc4
dir.0069/mhs_metop-b_01.nc4
dir.0069/mhs_metop-a_03.nc4
dir.0069/abi_g16_01.nc4
dir.0069/mhs_metop-a_01.nc4
dir.0069/ssmis_f17_01.nc4
dir.0069/avhrr_n18_01.nc4
dir.0069/abi_g16_03.nc4
dir.0069/amsua_n19_01.nc4
dir.0069/conv_sst_01.nc4
dir.0069/avhrr_metop-b_03.nc4
dir.0069/conv_ps_03.nc4
dir.0069/hirs4_n19_01.nc4
dir.0069/amsua_n15_01.nc4
dir.0069/ssmis_f18_03.nc4
dir.0069/iasi_metop-a_03.nc4
dir.0070/
dir.0070/avhrr_n19_01.nc4
dir.0070/conv_pw_03.nc4
dir.0070/amsua_metop-a_01.nc4
dir.0070/conv_pw_01.nc4
dir.0070/conv_ps_01.nc4
dir.0070/mhs_n19_03.nc4
dir.0070/mhs_n19_01.nc4
dir.0070/amsua_metop-b_03.nc4
dir.0070/amsua_metop-c_01.nc4
dir.0070/amsua_n18_03.nc4
dir.0070/iasi_metop-c_03.nc4
dir.0070/mhs_metop-c_01.nc4
dir.0070/avhrr_n18_03.nc4
dir.0070/ssmis_f18_01.nc4
dir.0070/avhrr_metop-a_03.nc4
dir.0070/sbuv2_n19_01.nc4
dir.0070/hirs4_metop-a_03.nc4
dir.0070/amsua_n19_03.nc4
dir.0070/iasi_metop-a_01.nc4
dir.0070/mhs_metop-c_03.nc4
dir.0070/avhrr_n19_03.nc4
dir.0070/avhrr_metop-a_01.nc4
dir.0070/conv_q_01.nc4
dir.0070/conv_uv_01.nc4
dir.0070/iasi_metop-b_01.nc4
dir.0070/avhrr_metop-b_01.nc4
dir.0070/hirs4_metop-a_01.nc4
dir.0070/conv_q_03.nc4
dir.0070/conv_t_03.nc4
dir.0070/hirs4_n19_03.nc4
dir.0070/amsua_metop-a_03.nc4
dir.0070/conv_gps_01.nc4
dir.0070/mhs_metop-b_03.nc4
dir.0070/amsua_metop-c_03.nc4
dir.0070/obs_setup
dir.0070/conv_sst_03.nc4
dir.0070/amsua_n15_03.nc4
dir.0070/amsua_n18_01.nc4
dir.0070/conv_uv_03.nc4
dir.0070/amsua_metop-b_01.nc4
dir.0070/iasi_metop-b_03.nc4
dir.0070/iasi_metop-c_01.nc4
dir.0070/conv_gps_03.nc4
dir.0070/conv_t_01.nc4
dir.0070/ssmis_f17_03.nc4
dir.0070/mhs_metop-b_01.nc4
dir.0070/mhs_metop-a_03.nc4
dir.0070/abi_g16_01.nc4
dir.0070/mhs_metop-a_01.nc4
dir.0070/ssmis_f17_01.nc4
dir.0070/avhrr_n18_01.nc4
dir.0070/abi_g16_03.nc4
dir.0070/amsua_n19_01.nc4
dir.0070/sbuv2_n19_03.nc4
dir.0070/conv_sst_01.nc4
dir.0070/avhrr_metop-b_03.nc4
dir.0070/conv_ps_03.nc4
dir.0070/hirs4_n19_01.nc4
dir.0070/amsua_n15_01.nc4
dir.0070/ssmis_f18_03.nc4
dir.0070/iasi_metop-a_03.nc4
dir.0071/
dir.0071/amsua_metop-a_01.nc4
dir.0071/conv_ps_01.nc4
dir.0071/mhs_n19_03.nc4
dir.0071/mhs_n19_01.nc4
dir.0071/amsua_metop-b_03.nc4
dir.0071/amsua_metop-c_01.nc4
dir.0071/amsua_n18_03.nc4
dir.0071/iasi_metop-c_03.nc4
dir.0071/mhs_metop-c_01.nc4
dir.0071/cris-fsr_npp_01.nc4
dir.0071/ssmis_f18_01.nc4
dir.0071/cris-fsr_n20_03.nc4
dir.0071/sbuv2_n19_01.nc4
dir.0071/hirs4_metop-a_03.nc4
dir.0071/amsua_n19_03.nc4
dir.0071/iasi_metop-a_01.nc4
dir.0071/mhs_metop-c_03.nc4
dir.0071/conv_q_01.nc4
dir.0071/cris-fsr_npp_03.nc4
dir.0071/conv_uv_01.nc4
dir.0071/iasi_metop-b_01.nc4
dir.0071/hirs4_metop-a_01.nc4
dir.0071/conv_q_03.nc4
dir.0071/conv_t_03.nc4
dir.0071/hirs4_n19_03.nc4
dir.0071/amsua_metop-a_03.nc4
dir.0071/conv_gps_01.nc4
dir.0071/mhs_metop-b_03.nc4
dir.0071/amsua_metop-c_03.nc4
dir.0071/obs_setup
dir.0071/amsua_n15_03.nc4
dir.0071/amsua_n18_01.nc4
dir.0071/conv_uv_03.nc4
dir.0071/amsua_metop-b_01.nc4
dir.0071/iasi_metop-b_03.nc4
dir.0071/iasi_metop-c_01.nc4
dir.0071/conv_gps_03.nc4
dir.0071/conv_t_01.nc4
dir.0071/ssmis_f17_03.nc4
dir.0071/mhs_metop-b_01.nc4
dir.0071/mhs_metop-a_03.nc4
dir.0071/mhs_metop-a_01.nc4
dir.0071/ssmis_f17_01.nc4
dir.0071/amsua_n19_01.nc4
dir.0071/sbuv2_n19_03.nc4
dir.0071/cris-fsr_n20_01.nc4
dir.0071/conv_ps_03.nc4
dir.0071/hirs4_n19_01.nc4
dir.0071/amsua_n15_01.nc4
dir.0071/ssmis_f18_03.nc4
dir.0071/iasi_metop-a_03.nc4
dir.0072/
dir.0072/atms_n20_01.nc4
dir.0072/avhrr_n19_01.nc4
dir.0072/amsua_metop-a_01.nc4
dir.0072/conv_ps_01.nc4
dir.0072/mhs_n19_03.nc4
dir.0072/mhs_n19_01.nc4
dir.0072/amsua_metop-b_03.nc4
dir.0072/amsua_metop-c_01.nc4
dir.0072/amsua_n18_03.nc4
dir.0072/iasi_metop-c_03.nc4
dir.0072/mhs_metop-c_01.nc4
dir.0072/cris-fsr_npp_01.nc4
dir.0072/avhrr_n18_03.nc4
dir.0072/ssmis_f18_01.nc4
dir.0072/cris-fsr_n20_03.nc4
dir.0072/atms_npp_01.nc4
dir.0072/avhrr_metop-a_03.nc4
dir.0072/hirs4_metop-a_03.nc4
dir.0072/amsua_n19_03.nc4
dir.0072/iasi_metop-a_01.nc4
dir.0072/mhs_metop-c_03.nc4
dir.0072/avhrr_n19_03.nc4
dir.0072/avhrr_metop-a_01.nc4
dir.0072/conv_q_01.nc4
dir.0072/cris-fsr_npp_03.nc4
dir.0072/conv_uv_01.nc4
dir.0072/iasi_metop-b_01.nc4
dir.0072/avhrr_metop-b_01.nc4
dir.0072/hirs4_metop-a_01.nc4
dir.0072/conv_q_03.nc4
dir.0072/conv_t_03.nc4
dir.0072/hirs4_n19_03.nc4
dir.0072/amsua_metop-a_03.nc4
dir.0072/conv_gps_01.nc4
dir.0072/mhs_metop-b_03.nc4
dir.0072/amsua_metop-c_03.nc4
dir.0072/atms_npp_03.nc4
dir.0072/obs_setup
dir.0072/conv_sst_03.nc4
dir.0072/amsua_n15_03.nc4
dir.0072/amsua_n18_01.nc4
dir.0072/conv_uv_03.nc4
dir.0072/amsua_metop-b_01.nc4
dir.0072/iasi_metop-b_03.nc4
dir.0072/iasi_metop-c_01.nc4
dir.0072/conv_gps_03.nc4
dir.0072/conv_t_01.nc4
dir.0072/ssmis_f17_03.nc4
dir.0072/mhs_metop-b_01.nc4
dir.0072/mhs_metop-a_03.nc4
dir.0072/mhs_metop-a_01.nc4
dir.0072/ssmis_f17_01.nc4
dir.0072/avhrr_n18_01.nc4
dir.0072/amsua_n19_01.nc4
dir.0072/conv_sst_01.nc4
dir.0072/cris-fsr_n20_01.nc4
dir.0072/avhrr_metop-b_03.nc4
dir.0072/conv_ps_03.nc4
dir.0072/hirs4_n19_01.nc4
dir.0072/atms_n20_03.nc4
dir.0072/amsua_n15_01.nc4
dir.0072/ssmis_f18_03.nc4
dir.0072/iasi_metop-a_03.nc4
dir.0073/
dir.0073/atms_n20_01.nc4
dir.0073/avhrr_n19_01.nc4
dir.0073/amsua_metop-a_01.nc4
dir.0073/conv_ps_01.nc4
dir.0073/mhs_n19_03.nc4
dir.0073/mhs_n19_01.nc4
dir.0073/amsua_metop-b_03.nc4
dir.0073/amsua_metop-c_01.nc4
dir.0073/amsua_n18_03.nc4
dir.0073/iasi_metop-c_03.nc4
dir.0073/mhs_metop-c_01.nc4
dir.0073/cris-fsr_npp_01.nc4
dir.0073/avhrr_n18_03.nc4
dir.0073/ssmis_f18_01.nc4
dir.0073/cris-fsr_n20_03.nc4
dir.0073/atms_npp_01.nc4
dir.0073/avhrr_metop-a_03.nc4
dir.0073/hirs4_metop-a_03.nc4
dir.0073/amsua_n19_03.nc4
dir.0073/iasi_metop-a_01.nc4
dir.0073/mhs_metop-c_03.nc4
dir.0073/avhrr_n19_03.nc4
dir.0073/avhrr_metop-a_01.nc4
dir.0073/conv_q_01.nc4
dir.0073/cris-fsr_npp_03.nc4
dir.0073/conv_uv_01.nc4
dir.0073/iasi_metop-b_01.nc4
dir.0073/avhrr_metop-b_01.nc4
dir.0073/hirs4_metop-a_01.nc4
dir.0073/conv_q_03.nc4
dir.0073/conv_t_03.nc4
dir.0073/hirs4_n19_03.nc4
dir.0073/amsua_metop-a_03.nc4
dir.0073/conv_gps_01.nc4
dir.0073/mhs_metop-b_03.nc4
dir.0073/amsua_metop-c_03.nc4
dir.0073/atms_npp_03.nc4
dir.0073/obs_setup
dir.0073/conv_sst_03.nc4
dir.0073/amsua_n15_03.nc4
dir.0073/amsua_n18_01.nc4
dir.0073/conv_uv_03.nc4
dir.0073/amsua_metop-b_01.nc4
dir.0073/iasi_metop-b_03.nc4
dir.0073/iasi_metop-c_01.nc4
dir.0073/conv_gps_03.nc4
dir.0073/conv_t_01.nc4
dir.0073/ssmis_f17_03.nc4
dir.0073/mhs_metop-b_01.nc4
dir.0073/mhs_metop-a_03.nc4
dir.0073/abi_g16_01.nc4
dir.0073/mhs_metop-a_01.nc4
dir.0073/ssmis_f17_01.nc4
dir.0073/avhrr_n18_01.nc4
dir.0073/abi_g16_03.nc4
dir.0073/amsua_n19_01.nc4
dir.0073/conv_sst_01.nc4
dir.0073/cris-fsr_n20_01.nc4
dir.0073/avhrr_metop-b_03.nc4
dir.0073/conv_ps_03.nc4
dir.0073/hirs4_n19_01.nc4
dir.0073/atms_n20_03.nc4
dir.0073/amsua_n15_01.nc4
dir.0073/ssmis_f18_03.nc4
dir.0073/iasi_metop-a_03.nc4
dir.0074/
dir.0074/avhrr_n19_01.nc4
dir.0074/amsua_metop-a_01.nc4
dir.0074/conv_ps_01.nc4
dir.0074/mhs_n19_03.nc4
dir.0074/mhs_n19_01.nc4
dir.0074/amsua_metop-b_03.nc4
dir.0074/amsua_metop-c_01.nc4
dir.0074/amsua_n18_03.nc4
dir.0074/iasi_metop-c_03.nc4
dir.0074/mhs_metop-c_01.nc4
dir.0074/cris-fsr_npp_01.nc4
dir.0074/avhrr_n18_03.nc4
dir.0074/atms_npp_01.nc4
dir.0074/avhrr_metop-a_03.nc4
dir.0074/hirs4_metop-a_03.nc4
dir.0074/amsua_n19_03.nc4
dir.0074/iasi_metop-a_01.nc4
dir.0074/mhs_metop-c_03.nc4
dir.0074/avhrr_n19_03.nc4
dir.0074/avhrr_metop-a_01.nc4
dir.0074/conv_q_01.nc4
dir.0074/cris-fsr_npp_03.nc4
dir.0074/conv_uv_01.nc4
dir.0074/iasi_metop-b_01.nc4
dir.0074/avhrr_metop-b_01.nc4
dir.0074/hirs4_metop-a_01.nc4
dir.0074/conv_q_03.nc4
dir.0074/conv_t_03.nc4
dir.0074/hirs4_n19_03.nc4
dir.0074/amsua_metop-a_03.nc4
dir.0074/conv_gps_01.nc4
dir.0074/mhs_metop-b_03.nc4
dir.0074/amsua_metop-c_03.nc4
dir.0074/atms_npp_03.nc4
dir.0074/obs_setup
dir.0074/conv_sst_03.nc4
dir.0074/amsua_n15_03.nc4
dir.0074/amsua_n18_01.nc4
dir.0074/conv_uv_03.nc4
dir.0074/amsua_metop-b_01.nc4
dir.0074/iasi_metop-b_03.nc4
dir.0074/iasi_metop-c_01.nc4
dir.0074/conv_gps_03.nc4
dir.0074/conv_t_01.nc4
dir.0074/ssmis_f17_03.nc4
dir.0074/mhs_metop-b_01.nc4
dir.0074/mhs_metop-a_03.nc4
dir.0074/abi_g16_01.nc4
dir.0074/mhs_metop-a_01.nc4
dir.0074/ssmis_f17_01.nc4
dir.0074/avhrr_n18_01.nc4
dir.0074/abi_g16_03.nc4
dir.0074/amsua_n19_01.nc4
dir.0074/conv_sst_01.nc4
dir.0074/avhrr_metop-b_03.nc4
dir.0074/conv_ps_03.nc4
dir.0074/hirs4_n19_01.nc4
dir.0074/amsua_n15_01.nc4
dir.0074/iasi_metop-a_03.nc4
dir.0075/
dir.0075/atms_n20_01.nc4
dir.0075/avhrr_n19_01.nc4
dir.0075/amsua_metop-a_01.nc4
dir.0075/conv_ps_01.nc4
dir.0075/mhs_n19_03.nc4
dir.0075/mhs_n19_01.nc4
dir.0075/amsua_metop-b_03.nc4
dir.0075/amsua_metop-c_01.nc4
dir.0075/amsua_n18_03.nc4
dir.0075/iasi_metop-c_03.nc4
dir.0075/mhs_metop-c_01.nc4
dir.0075/avhrr_n18_03.nc4
dir.0075/cris-fsr_n20_03.nc4
dir.0075/avhrr_metop-a_03.nc4
dir.0075/hirs4_metop-a_03.nc4
dir.0075/amsua_n19_03.nc4
dir.0075/iasi_metop-a_01.nc4
dir.0075/mhs_metop-c_03.nc4
dir.0075/avhrr_n19_03.nc4
dir.0075/avhrr_metop-a_01.nc4
dir.0075/conv_q_01.nc4
dir.0075/conv_uv_01.nc4
dir.0075/iasi_metop-b_01.nc4
dir.0075/avhrr_metop-b_01.nc4
dir.0075/hirs4_metop-a_01.nc4
dir.0075/conv_q_03.nc4
dir.0075/conv_t_03.nc4
dir.0075/hirs4_n19_03.nc4
dir.0075/amsua_metop-a_03.nc4
dir.0075/conv_gps_01.nc4
dir.0075/mhs_metop-b_03.nc4
dir.0075/amsua_metop-c_03.nc4
dir.0075/obs_setup
dir.0075/conv_sst_03.nc4
dir.0075/amsua_n15_03.nc4
dir.0075/amsua_n18_01.nc4
dir.0075/conv_uv_03.nc4
dir.0075/amsua_metop-b_01.nc4
dir.0075/iasi_metop-b_03.nc4
dir.0075/iasi_metop-c_01.nc4
dir.0075/conv_gps_03.nc4
dir.0075/conv_t_01.nc4
dir.0075/ssmis_f17_03.nc4
dir.0075/mhs_metop-b_01.nc4
dir.0075/mhs_metop-a_03.nc4
dir.0075/abi_g16_01.nc4
dir.0075/mhs_metop-a_01.nc4
dir.0075/ssmis_f17_01.nc4
dir.0075/avhrr_n18_01.nc4
dir.0075/abi_g16_03.nc4
dir.0075/amsua_n19_01.nc4
dir.0075/conv_sst_01.nc4
dir.0075/cris-fsr_n20_01.nc4
dir.0075/avhrr_metop-b_03.nc4
dir.0075/conv_ps_03.nc4
dir.0075/hirs4_n19_01.nc4
dir.0075/atms_n20_03.nc4
dir.0075/amsua_n15_01.nc4
dir.0075/iasi_metop-a_03.nc4
dir.0076/
dir.0076/atms_n20_01.nc4
dir.0076/avhrr_n19_01.nc4
dir.0076/amsua_metop-a_01.nc4
dir.0076/conv_ps_01.nc4
dir.0076/mhs_n19_03.nc4
dir.0076/mhs_n19_01.nc4
dir.0076/amsua_metop-b_03.nc4
dir.0076/amsua_metop-c_01.nc4
dir.0076/amsua_n18_03.nc4
dir.0076/iasi_metop-c_03.nc4
dir.0076/mhs_metop-c_01.nc4
dir.0076/avhrr_n18_03.nc4
dir.0076/cris-fsr_n20_03.nc4
dir.0076/avhrr_metop-a_03.nc4
dir.0076/hirs4_metop-a_03.nc4
dir.0076/amsua_n19_03.nc4
dir.0076/iasi_metop-a_01.nc4
dir.0076/mhs_metop-c_03.nc4
dir.0076/avhrr_n19_03.nc4
dir.0076/avhrr_metop-a_01.nc4
dir.0076/conv_q_01.nc4
dir.0076/conv_uv_01.nc4
dir.0076/iasi_metop-b_01.nc4
dir.0076/avhrr_metop-b_01.nc4
dir.0076/hirs4_metop-a_01.nc4
dir.0076/conv_q_03.nc4
dir.0076/conv_t_03.nc4
dir.0076/hirs4_n19_03.nc4
dir.0076/amsua_metop-a_03.nc4
dir.0076/conv_gps_01.nc4
dir.0076/mhs_metop-b_03.nc4
dir.0076/amsua_metop-c_03.nc4
dir.0076/obs_setup
dir.0076/conv_sst_03.nc4
dir.0076/amsua_n15_03.nc4
dir.0076/amsua_n18_01.nc4
dir.0076/conv_uv_03.nc4
dir.0076/amsua_metop-b_01.nc4
dir.0076/iasi_metop-b_03.nc4
dir.0076/iasi_metop-c_01.nc4
dir.0076/conv_gps_03.nc4
dir.0076/conv_t_01.nc4
dir.0076/ssmis_f17_03.nc4
dir.0076/mhs_metop-b_01.nc4
dir.0076/mhs_metop-a_03.nc4
dir.0076/abi_g16_01.nc4
dir.0076/mhs_metop-a_01.nc4
dir.0076/ssmis_f17_01.nc4
dir.0076/avhrr_n18_01.nc4
dir.0076/abi_g16_03.nc4
dir.0076/amsua_n19_01.nc4
dir.0076/conv_sst_01.nc4
dir.0076/cris-fsr_n20_01.nc4
dir.0076/avhrr_metop-b_03.nc4
dir.0076/conv_ps_03.nc4
dir.0076/hirs4_n19_01.nc4
dir.0076/atms_n20_03.nc4
dir.0076/amsua_n15_01.nc4
dir.0076/iasi_metop-a_03.nc4
dir.0077/
dir.0077/amsua_metop-a_01.nc4
dir.0077/conv_ps_01.nc4
dir.0077/mhs_n19_03.nc4
dir.0077/mhs_n19_01.nc4
dir.0077/amsua_metop-b_03.nc4
dir.0077/amsua_metop-c_01.nc4
dir.0077/amsua_n18_03.nc4
dir.0077/iasi_metop-c_03.nc4
dir.0077/mhs_metop-c_01.nc4
dir.0077/cris-fsr_npp_01.nc4
dir.0077/avhrr_n18_03.nc4
dir.0077/cris-fsr_n20_03.nc4
dir.0077/avhrr_metop-a_03.nc4
dir.0077/hirs4_metop-a_03.nc4
dir.0077/amsua_n19_03.nc4
dir.0077/iasi_metop-a_01.nc4
dir.0077/mhs_metop-c_03.nc4
dir.0077/avhrr_metop-a_01.nc4
dir.0077/conv_q_01.nc4
dir.0077/cris-fsr_npp_03.nc4
dir.0077/conv_uv_01.nc4
dir.0077/iasi_metop-b_01.nc4
dir.0077/avhrr_metop-b_01.nc4
dir.0077/hirs4_metop-a_01.nc4
dir.0077/conv_q_03.nc4
dir.0077/conv_t_03.nc4
dir.0077/hirs4_n19_03.nc4
dir.0077/amsua_metop-a_03.nc4
dir.0077/conv_gps_01.nc4
dir.0077/mhs_metop-b_03.nc4
dir.0077/amsua_metop-c_03.nc4
dir.0077/obs_setup
dir.0077/conv_sst_03.nc4
dir.0077/amsua_n15_03.nc4
dir.0077/amsua_n18_01.nc4
dir.0077/conv_uv_03.nc4
dir.0077/amsua_metop-b_01.nc4
dir.0077/iasi_metop-b_03.nc4
dir.0077/iasi_metop-c_01.nc4
dir.0077/conv_gps_03.nc4
dir.0077/conv_t_01.nc4
dir.0077/ssmis_f17_03.nc4
dir.0077/mhs_metop-b_01.nc4
dir.0077/mhs_metop-a_03.nc4
dir.0077/mhs_metop-a_01.nc4
dir.0077/ssmis_f17_01.nc4
dir.0077/avhrr_n18_01.nc4
dir.0077/amsua_n19_01.nc4
dir.0077/conv_sst_01.nc4
dir.0077/cris-fsr_n20_01.nc4
dir.0077/avhrr_metop-b_03.nc4
dir.0077/conv_ps_03.nc4
dir.0077/hirs4_n19_01.nc4
dir.0077/amsua_n15_01.nc4
dir.0077/iasi_metop-a_03.nc4
dir.0078/
dir.0078/atms_n20_01.nc4
dir.0078/avhrr_n19_01.nc4
dir.0078/amsua_metop-a_01.nc4
dir.0078/conv_ps_01.nc4
dir.0078/mhs_n19_03.nc4
dir.0078/mhs_n19_01.nc4
dir.0078/amsua_metop-b_03.nc4
dir.0078/amsua_metop-c_01.nc4
dir.0078/amsua_n18_03.nc4
dir.0078/iasi_metop-c_03.nc4
dir.0078/mhs_metop-c_01.nc4
dir.0078/cris-fsr_npp_01.nc4
dir.0078/avhrr_n18_03.nc4
dir.0078/ssmis_f18_01.nc4
dir.0078/cris-fsr_n20_03.nc4
dir.0078/atms_npp_01.nc4
dir.0078/avhrr_metop-a_03.nc4
dir.0078/hirs4_metop-a_03.nc4
dir.0078/amsua_n19_03.nc4
dir.0078/iasi_metop-a_01.nc4
dir.0078/mhs_metop-c_03.nc4
dir.0078/avhrr_n19_03.nc4
dir.0078/avhrr_metop-a_01.nc4
dir.0078/cris-fsr_npp_03.nc4
dir.0078/conv_uv_01.nc4
dir.0078/iasi_metop-b_01.nc4
dir.0078/avhrr_metop-b_01.nc4
dir.0078/hirs4_metop-a_01.nc4
dir.0078/hirs4_n19_03.nc4
dir.0078/amsua_metop-a_03.nc4
dir.0078/conv_gps_01.nc4
dir.0078/mhs_metop-b_03.nc4
dir.0078/amsua_metop-c_03.nc4
dir.0078/atms_npp_03.nc4
dir.0078/obs_setup
dir.0078/conv_sst_03.nc4
dir.0078/amsua_n15_03.nc4
dir.0078/amsua_n18_01.nc4
dir.0078/conv_uv_03.nc4
dir.0078/amsua_metop-b_01.nc4
dir.0078/iasi_metop-b_03.nc4
dir.0078/iasi_metop-c_01.nc4
dir.0078/conv_gps_03.nc4
dir.0078/ssmis_f17_03.nc4
dir.0078/mhs_metop-b_01.nc4
dir.0078/mhs_metop-a_03.nc4
dir.0078/mhs_metop-a_01.nc4
dir.0078/ssmis_f17_01.nc4
dir.0078/avhrr_n18_01.nc4
dir.0078/amsua_n19_01.nc4
dir.0078/conv_sst_01.nc4
dir.0078/cris-fsr_n20_01.nc4
dir.0078/avhrr_metop-b_03.nc4
dir.0078/conv_ps_03.nc4
dir.0078/hirs4_n19_01.nc4
dir.0078/atms_n20_03.nc4
dir.0078/amsua_n15_01.nc4
dir.0078/ssmis_f18_03.nc4
dir.0078/iasi_metop-a_03.nc4
dir.0079/
dir.0079/atms_n20_01.nc4
dir.0079/seviri_m08_03.nc4
dir.0079/avhrr_n19_01.nc4
dir.0079/amsua_metop-a_01.nc4
dir.0079/conv_ps_01.nc4
dir.0079/mhs_n19_03.nc4
dir.0079/mhs_n19_01.nc4
dir.0079/amsua_metop-b_03.nc4
dir.0079/amsua_metop-c_01.nc4
dir.0079/amsua_n18_03.nc4
dir.0079/iasi_metop-c_03.nc4
dir.0079/mhs_metop-c_01.nc4
dir.0079/cris-fsr_npp_01.nc4
dir.0079/avhrr_n18_03.nc4
dir.0079/cris-fsr_n20_03.nc4
dir.0079/atms_npp_01.nc4
dir.0079/avhrr_metop-a_03.nc4
dir.0079/hirs4_metop-a_03.nc4
dir.0079/amsua_n19_03.nc4
dir.0079/iasi_metop-a_01.nc4
dir.0079/mhs_metop-c_03.nc4
dir.0079/avhrr_n19_03.nc4
dir.0079/avhrr_metop-a_01.nc4
dir.0079/conv_q_01.nc4
dir.0079/cris-fsr_npp_03.nc4
dir.0079/conv_uv_01.nc4
dir.0079/iasi_metop-b_01.nc4
dir.0079/avhrr_metop-b_01.nc4
dir.0079/hirs4_metop-a_01.nc4
dir.0079/conv_q_03.nc4
dir.0079/conv_t_03.nc4
dir.0079/hirs4_n19_03.nc4
dir.0079/amsua_metop-a_03.nc4
dir.0079/conv_gps_01.nc4
dir.0079/mhs_metop-b_03.nc4
dir.0079/amsua_metop-c_03.nc4
dir.0079/atms_npp_03.nc4
dir.0079/obs_setup
dir.0079/conv_sst_03.nc4
dir.0079/amsua_n15_03.nc4
dir.0079/amsua_n18_01.nc4
dir.0079/conv_uv_03.nc4
dir.0079/amsua_metop-b_01.nc4
dir.0079/iasi_metop-b_03.nc4
dir.0079/iasi_metop-c_01.nc4
dir.0079/conv_gps_03.nc4
dir.0079/conv_t_01.nc4
dir.0079/ssmis_f17_03.nc4
dir.0079/mhs_metop-b_01.nc4
dir.0079/mhs_metop-a_03.nc4
dir.0079/abi_g16_01.nc4
dir.0079/mhs_metop-a_01.nc4
dir.0079/ssmis_f17_01.nc4
dir.0079/avhrr_n18_01.nc4
dir.0079/abi_g16_03.nc4
dir.0079/amsua_n19_01.nc4
dir.0079/conv_sst_01.nc4
dir.0079/cris-fsr_n20_01.nc4
dir.0079/avhrr_metop-b_03.nc4
dir.0079/conv_ps_03.nc4
dir.0079/hirs4_n19_01.nc4
dir.0079/atms_n20_03.nc4
dir.0079/amsua_n15_01.nc4
dir.0079/iasi_metop-a_03.nc4
dir.0079/seviri_m08_01.nc4
dir.0080/
dir.0080/atms_n20_01.nc4
dir.0080/seviri_m08_03.nc4
dir.0080/avhrr_n19_01.nc4
dir.0080/amsua_metop-a_01.nc4
dir.0080/conv_ps_01.nc4
dir.0080/amsua_metop-b_03.nc4
dir.0080/amsua_metop-c_01.nc4
dir.0080/amsua_n18_03.nc4
dir.0080/iasi_metop-c_03.nc4
dir.0080/mhs_metop-c_01.nc4
dir.0080/cris-fsr_npp_01.nc4
dir.0080/avhrr_n18_03.nc4
dir.0080/cris-fsr_n20_03.nc4
dir.0080/atms_npp_01.nc4
dir.0080/avhrr_metop-a_03.nc4
dir.0080/hirs4_metop-a_03.nc4
dir.0080/iasi_metop-a_01.nc4
dir.0080/mhs_metop-c_03.nc4
dir.0080/avhrr_n19_03.nc4
dir.0080/avhrr_metop-a_01.nc4
dir.0080/conv_q_01.nc4
dir.0080/cris-fsr_npp_03.nc4
dir.0080/conv_uv_01.nc4
dir.0080/iasi_metop-b_01.nc4
dir.0080/avhrr_metop-b_01.nc4
dir.0080/hirs4_metop-a_01.nc4
dir.0080/conv_q_03.nc4
dir.0080/conv_t_03.nc4
dir.0080/amsua_metop-a_03.nc4
dir.0080/conv_gps_01.nc4
dir.0080/mhs_metop-b_03.nc4
dir.0080/amsua_metop-c_03.nc4
dir.0080/atms_npp_03.nc4
dir.0080/obs_setup
dir.0080/conv_sst_03.nc4
dir.0080/amsua_n15_03.nc4
dir.0080/amsua_n18_01.nc4
dir.0080/conv_uv_03.nc4
dir.0080/amsua_metop-b_01.nc4
dir.0080/iasi_metop-b_03.nc4
dir.0080/iasi_metop-c_01.nc4
dir.0080/conv_gps_03.nc4
dir.0080/conv_t_01.nc4
dir.0080/mhs_metop-b_01.nc4
dir.0080/mhs_metop-a_03.nc4
dir.0080/abi_g16_01.nc4
dir.0080/mhs_metop-a_01.nc4
dir.0080/avhrr_n18_01.nc4
dir.0080/abi_g16_03.nc4
dir.0080/conv_sst_01.nc4
dir.0080/cris-fsr_n20_01.nc4
dir.0080/avhrr_metop-b_03.nc4
dir.0080/conv_ps_03.nc4
dir.0080/atms_n20_03.nc4
dir.0080/amsua_n15_01.nc4
dir.0080/iasi_metop-a_03.nc4
dir.0080/seviri_m08_01.nc4
dir.0081/
dir.0081/atms_n20_01.nc4
dir.0081/seviri_m08_03.nc4
dir.0081/amsua_metop-a_01.nc4
dir.0081/conv_ps_01.nc4
dir.0081/amsua_metop-b_03.nc4
dir.0081/amsua_metop-c_01.nc4
dir.0081/amsua_n18_03.nc4
dir.0081/iasi_metop-c_03.nc4
dir.0081/mhs_metop-c_01.nc4
dir.0081/cris-fsr_npp_01.nc4
dir.0081/avhrr_n18_03.nc4
dir.0081/cris-fsr_n20_03.nc4
dir.0081/atms_npp_01.nc4
dir.0081/avhrr_metop-a_03.nc4
dir.0081/hirs4_metop-a_03.nc4
dir.0081/iasi_metop-a_01.nc4
dir.0081/mhs_metop-c_03.nc4
dir.0081/avhrr_metop-a_01.nc4
dir.0081/conv_q_01.nc4
dir.0081/cris-fsr_npp_03.nc4
dir.0081/conv_uv_01.nc4
dir.0081/iasi_metop-b_01.nc4
dir.0081/avhrr_metop-b_01.nc4
dir.0081/hirs4_metop-a_01.nc4
dir.0081/conv_q_03.nc4
dir.0081/conv_t_03.nc4
dir.0081/amsua_metop-a_03.nc4
dir.0081/conv_gps_01.nc4
dir.0081/mhs_metop-b_03.nc4
dir.0081/amsua_metop-c_03.nc4
dir.0081/atms_npp_03.nc4
dir.0081/obs_setup
dir.0081/conv_sst_03.nc4
dir.0081/amsua_n15_03.nc4
dir.0081/amsua_n18_01.nc4
dir.0081/conv_uv_03.nc4
dir.0081/amsua_metop-b_01.nc4
dir.0081/iasi_metop-b_03.nc4
dir.0081/iasi_metop-c_01.nc4
dir.0081/conv_gps_03.nc4
dir.0081/conv_t_01.nc4
dir.0081/mhs_metop-b_01.nc4
dir.0081/mhs_metop-a_03.nc4
dir.0081/abi_g16_01.nc4
dir.0081/mhs_metop-a_01.nc4
dir.0081/avhrr_n18_01.nc4
dir.0081/abi_g16_03.nc4
dir.0081/conv_sst_01.nc4
dir.0081/cris-fsr_n20_01.nc4
dir.0081/avhrr_metop-b_03.nc4
dir.0081/conv_ps_03.nc4
dir.0081/atms_n20_03.nc4
dir.0081/amsua_n15_01.nc4
dir.0081/iasi_metop-a_03.nc4
dir.0081/seviri_m08_01.nc4
dir.0082/
dir.0082/atms_n20_01.nc4
dir.0082/seviri_m08_03.nc4
dir.0082/conv_ps_01.nc4
dir.0082/amsua_metop-b_03.nc4
dir.0082/amsua_metop-c_01.nc4
dir.0082/amsua_n18_03.nc4
dir.0082/iasi_metop-c_03.nc4
dir.0082/mhs_metop-c_01.nc4
dir.0082/cris-fsr_npp_01.nc4
dir.0082/avhrr_n18_03.nc4
dir.0082/cris-fsr_n20_03.nc4
dir.0082/atms_npp_01.nc4
dir.0082/avhrr_metop-a_03.nc4
dir.0082/hirs4_metop-a_03.nc4
dir.0082/iasi_metop-a_01.nc4
dir.0082/mhs_metop-c_03.nc4
dir.0082/avhrr_metop-a_01.nc4
dir.0082/conv_q_01.nc4
dir.0082/cris-fsr_npp_03.nc4
dir.0082/conv_uv_01.nc4
dir.0082/iasi_metop-b_01.nc4
dir.0082/avhrr_metop-b_01.nc4
dir.0082/hirs4_metop-a_01.nc4
dir.0082/conv_q_03.nc4
dir.0082/conv_t_03.nc4
dir.0082/conv_gps_01.nc4
dir.0082/mhs_metop-b_03.nc4
dir.0082/amsua_metop-c_03.nc4
dir.0082/atms_npp_03.nc4
dir.0082/obs_setup
dir.0082/conv_sst_03.nc4
dir.0082/amsua_n18_01.nc4
dir.0082/conv_uv_03.nc4
dir.0082/amsua_metop-b_01.nc4
dir.0082/iasi_metop-b_03.nc4
dir.0082/iasi_metop-c_01.nc4
dir.0082/conv_gps_03.nc4
dir.0082/conv_t_01.nc4
dir.0082/mhs_metop-b_01.nc4
dir.0082/mhs_metop-a_03.nc4
dir.0082/abi_g16_01.nc4
dir.0082/mhs_metop-a_01.nc4
dir.0082/avhrr_n18_01.nc4
dir.0082/abi_g16_03.nc4
dir.0082/conv_sst_01.nc4
dir.0082/cris-fsr_n20_01.nc4
dir.0082/avhrr_metop-b_03.nc4
dir.0082/conv_ps_03.nc4
dir.0082/atms_n20_03.nc4
dir.0082/iasi_metop-a_03.nc4
dir.0082/seviri_m08_01.nc4
dir.0083/
dir.0083/atms_n20_01.nc4
dir.0083/conv_ps_01.nc4
dir.0083/amsua_metop-b_03.nc4
dir.0083/amsua_metop-c_01.nc4
dir.0083/amsua_n18_03.nc4
dir.0083/iasi_metop-c_03.nc4
dir.0083/mhs_metop-c_01.nc4
dir.0083/cris-fsr_npp_01.nc4
dir.0083/avhrr_n18_03.nc4
dir.0083/cris-fsr_n20_03.nc4
dir.0083/atms_npp_01.nc4
dir.0083/avhrr_metop-a_03.nc4
dir.0083/mhs_metop-c_03.nc4
dir.0083/avhrr_metop-a_01.nc4
dir.0083/conv_q_01.nc4
dir.0083/cris-fsr_npp_03.nc4
dir.0083/conv_uv_01.nc4
dir.0083/iasi_metop-b_01.nc4
dir.0083/avhrr_metop-b_01.nc4
dir.0083/conv_q_03.nc4
dir.0083/conv_t_03.nc4
dir.0083/conv_gps_01.nc4
dir.0083/mhs_metop-b_03.nc4
dir.0083/amsua_metop-c_03.nc4
dir.0083/atms_npp_03.nc4
dir.0083/obs_setup
dir.0083/conv_sst_03.nc4
dir.0083/amsua_n18_01.nc4
dir.0083/conv_uv_03.nc4
dir.0083/amsua_metop-b_01.nc4
dir.0083/iasi_metop-b_03.nc4
dir.0083/iasi_metop-c_01.nc4
dir.0083/conv_gps_03.nc4
dir.0083/conv_t_01.nc4
dir.0083/mhs_metop-b_01.nc4
dir.0083/avhrr_n18_01.nc4
dir.0083/conv_sst_01.nc4
dir.0083/cris-fsr_n20_01.nc4
dir.0083/avhrr_metop-b_03.nc4
dir.0083/conv_ps_03.nc4
dir.0083/atms_n20_03.nc4
dir.0084/
+ exglobal_diag.sh[62]export err=0
+ exglobal_diag.sh[62]err=0
+ exglobal_diag.sh[63][[ 0 -ne 0 ]]
+ exglobal_diag.sh[68]ntype=3
+ exglobal_diag.sh[70]diagtype[0]='conv conv_gps conv_ps conv_pw conv_q conv_sst conv_t conv_tcp conv_uv conv_spd'
+ exglobal_diag.sh[71]diagtype[1]='pcp_ssmi_dmsp pcp_tmi_trmm'
+ exglobal_diag.sh[72][[ YES == \Y\E\S ]]
++ exglobal_diag.sh[73]cat /gpfs/f6/drsa-precip3/world-shared/global/CI/GITLAB/pr_cases_4328_be51ea02_6363/global-workflow/parm/gsinfo/ozinfo/satellites
+ exglobal_diag.sh[73]diagtype[2]='omi_aura
mls55_aura
omieff_aura
ompsnp_npp
ompsnmeff_npp
ompsnpnc_npp
ompslpnc_npp
ompsnp_n20
ompsnp_n21
ompstc8_npp
ompstc8_n20
ompstc8_n21
ompslp_npp
ompslp_n21
sbuv2_nim07
sbuv2_n09
sbuv2_n11
sbuv2_n14
sbuv2_n16
sbuv2_n17
sbuv2_n18
sbuv2_n19
gome_metop-a
gome_metop-b
gome_metop-c'
++ exglobal_diag.sh[74]cat /gpfs/f6/drsa-precip3/world-shared/global/CI/GITLAB/pr_cases_4328_be51ea02_6363/global-workflow/parm/gsinfo/satinfo/satellites
+ exglobal_diag.sh[74]diagtype[3]='abi_g16
abi_g17
abi_g18
abi_g19
ahi_himawari8
ahi_himawari9
airs_aqua
amsre_aqua
amsr2_gcom-w1
amsua_aqua
amsua_metop-a
amsua_metop-b
amsua_metop-c
amsua_n15
amsua_n16
amsua_n17
amsua_n18
amsua_n19
amsub_n15
amsub_n16
amsub_n17
atms_npp
atms_n20
atms_n21
avhrr2_n14
avhrr3_metop-a
avhrr3_metop-b
avhrr3_metop-c
avhrr3_n15
avhrr3_n16
avhrr3_n17
avhrr3_n18
avhrr3_n19
cris_npp
cris-fsr_npp
cris-fsr_n20
cris-fsr_n21
gmi_gpm
hirs2_tirosn
hirs2_n06
hirs2_n07
hirs2_n08
hirs2_n09
hirs2_n10
hirs2_n11
hirs2_n12
hirs2_n14
hirs3_n15
hirs3_n16
hirs3_n17
hirs4_metop-a
hirs4_metop-b
hirs4_n19
iasi_metop-a
iasi_metop-b
iasi_metop-c
mhs_metop-a
mhs_metop-b
mhs_metop-c
mhs_n18
mhs_n19
msu_tirosn
msu_n06
msu_n07
msu_n08
msu_n09
msu_n10
msu_n11
msu_n12
msu_n14
mws_metop-sg-a1
saphir_meghat
seviri_m08
seviri_m09
seviri_m10
seviri_m11
sndrD_g11
sndrD_g12
sndrD_g13
sndrD_g14
sndrD_g15
sndr_g08
sndr_g10
sndr_g11
sndr_g12
ssmi_f10
ssmi_f11
ssmi_f13
ssmi_f14
ssmi_f15
ssmis_f16
ssmis_f17
ssmis_f18
ssu_tirosn
ssu_n06
ssu_n07
ssu_n08
ssu_n09
ssu_n11
ssu_n14
viirs-m_npp
viirs-m_j1
viirs-m_j2'
+ exglobal_diag.sh[80]diaglist[0]=listcnv
+ exglobal_diag.sh[81]diaglist[1]=listpcp
+ exglobal_diag.sh[82]diaglist[2]=listozn
+ exglobal_diag.sh[83]diaglist[3]=listrad
+ exglobal_diag.sh[85]diagfile[0]=/gpfs/f6/drsa-precip3/world-shared/global/CI/GITLAB/pr_cases_4328_be51ea02_6363/RUNTESTS/COMROOT/C48mx500_3DVarAOWCDA_be51ea02-6363/gdas.20210325/00//analysis/atmos/gdas.t00z.cnvstat.tar
+ exglobal_diag.sh[86]diagfile[1]=/gpfs/f6/drsa-precip3/world-shared/global/CI/GITLAB/pr_cases_4328_be51ea02_6363/RUNTESTS/COMROOT/C48mx500_3DVarAOWCDA_be51ea02-6363/gdas.20210325/00//analysis/atmos/gdas.t00z.pcpstat
+ exglobal_diag.sh[87]diagfile[2]=/gpfs/f6/drsa-precip3/world-shared/global/CI/GITLAB/pr_cases_4328_be51ea02_6363/RUNTESTS/COMROOT/C48mx500_3DVarAOWCDA_be51ea02-6363/gdas.20210325/00//analysis/atmos/gdas.t00z.oznstat.tar
+ exglobal_diag.sh[88]diagfile[3]=/gpfs/f6/drsa-precip3/world-shared/global/CI/GITLAB/pr_cases_4328_be51ea02_6363/RUNTESTS/COMROOT/C48mx500_3DVarAOWCDA_be51ea02-6363/gdas.20210325/00//analysis/atmos/gdas.t00z.radstat.tar
+ exglobal_diag.sh[90]numfile[0]=0
+ exglobal_diag.sh[91]numfile[1]=0
+ exglobal_diag.sh[92]numfile[2]=0
+ exglobal_diag.sh[93]numfile[3]=0
+ exglobal_diag.sh[95]rm -f /gpfs/f6/drsa-precip4/world-shared/role.glopara/RUNDIRS/C48mx500_3DVarAOWCDA_be51ea02-6363/gdas.2021032500/analdiag.2126922/diag.sh
+ exglobal_diag.sh[96]cat
+ exglobal_diag.sh[126]chmod 755 /gpfs/f6/drsa-precip4/world-shared/role.glopara/RUNDIRS/C48mx500_3DVarAOWCDA_be51ea02-6363/gdas.2021032500/analdiag.2126922/diag.sh
+ exglobal_diag.sh[139]rm -f cmdfile
+ exglobal_diag.sh[140]touch cmdfile
+ exglobal_diag.sh[141]loops='01 03'
+ exglobal_diag.sh[142]for loop in ${loops}
+ exglobal_diag.sh[143]case ${loop} in
+ exglobal_diag.sh[144]string=ges
+ exglobal_diag.sh[148]echo 'START loop ges'
START loop ges
+ exglobal_diag.sh[149]n=-1
+ exglobal_diag.sh[150][[ -1 -lt 3 ]]
+ exglobal_diag.sh[151]n=0
+ exglobal_diag.sh[152]for type in ${diagtype[n]}
++ exglobal_diag.sh[153]wc -c
++ exglobal_diag.sh[153]find './dir.*/conv_01*' -type f -printf .
find: â./dir.*/conv_01*â: No such file or directory
++ exglobal_diag.sh[153]echo 0
+ exglobal_diag.sh[153]count='0
0'
+ exglobal_diag.sh[154][[ 0
0 -eq 0 ]]
/gpfs/f6/drsa-precip3/world-shared/global/CI/GITLAB/pr_cases_4328_be51ea02_6363/global-workflow/scripts/exglobal_diag.sh: line 154: [[: 0
0: syntax error in expression (error token is "0")
+ exglobal_diag.sh[157]echo '/gpfs/f6/drsa-precip4/world-shared/role.glopara/RUNDIRS/C48mx500_3DVarAOWCDA_be51ea02-6363/gdas.2021032500/analdiag.2126922/diag.sh conv 01 ges 0
0 .nc4'
+ exglobal_diag.sh[158]echo diag_conv_ges.2021032500.nc4.gz
+ exglobal_diag.sh[159]numfile[n]=1
+ exglobal_diag.sh[152]for type in ${diagtype[n]}
++ exglobal_diag.sh[153]wc -c
++ exglobal_diag.sh[153]find ./dir.0000/conv_gps_01.nc4 ./dir.0001/conv_gps_01.nc4 ./dir.0002/conv_gps_01.nc4 ./dir.0003/conv_gps_01.nc4 ./dir.0004/conv_gps_01.nc4 ./dir.0005/conv_gps_01.nc4 ./dir.0006/conv_gps_01.nc4 ./dir.0007/conv_gps_01.nc4 ./dir.0008/conv_gps_01.nc4 ./dir.0009/conv_gps_01.nc4 ./dir.0010/conv_gps_01.nc4 ./dir.0011/conv_gps_01.nc4 ./dir.0012/conv_gps_01.nc4 ./dir.0013/conv_gps_01.nc4 ./dir.0014/conv_gps_01.nc4 ./dir.0015/conv_gps_01.nc4 ./dir.0016/conv_gps_01.nc4 ./dir.0017/conv_gps_01.nc4 ./dir.0018/conv_gps_01.nc4 ./dir.0019/conv_gps_01.nc4 ./dir.0020/conv_gps_01.nc4 ./dir.0021/conv_gps_01.nc4 ./dir.0022/conv_gps_01.nc4 ./dir.0023/conv_gps_01.nc4 ./dir.0024/conv_gps_01.nc4 ./dir.0025/conv_gps_01.nc4 ./dir.0026/conv_gps_01.nc4 ./dir.0027/conv_gps_01.nc4 ./dir.0028/conv_gps_01.nc4 ./dir.0029/conv_gps_01.nc4 ./dir.0030/conv_gps_01.nc4 ./dir.0031/conv_gps_01.nc4 ./dir.0032/conv_gps_01.nc4 ./dir.0033/conv_gps_01.nc4 ./dir.0034/conv_gps_01.nc4 ./dir.0035/conv_gps_01.nc4 ./dir.0036/conv_gps_01.nc4 ./dir.0037/conv_gps_01.nc4 ./dir.0038/conv_gps_01.nc4 ./dir.0039/conv_gps_01.nc4 ./dir.0040/conv_gps_01.nc4 ./dir.0041/conv_gps_01.nc4 ./dir.0042/conv_gps_01.nc4 ./dir.0043/conv_gps_01.nc4 ./dir.0044/conv_gps_01.nc4 ./dir.0045/conv_gps_01.nc4 ./dir.0046/conv_gps_01.nc4 ./dir.0047/conv_gps_01.nc4 ./dir.0048/conv_gps_01.nc4 ./dir.0049/conv_gps_01.nc4 ./dir.0050/conv_gps_01.nc4 ./dir.0051/conv_gps_01.nc4 ./dir.0052/conv_gps_01.nc4 ./dir.0053/conv_gps_01.nc4 ./dir.0054/conv_gps_01.nc4 ./dir.0055/conv_gps_01.nc4 ./dir.0056/conv_gps_01.nc4 ./dir.0057/conv_gps_01.nc4 ./dir.0058/conv_gps_01.nc4 ./dir.0059/conv_gps_01.nc4 ./dir.0060/conv_gps_01.nc4 ./dir.0061/conv_gps_01.nc4 ./dir.0062/conv_gps_01.nc4 ./dir.0063/conv_gps_01.nc4 ./dir.0064/conv_gps_01.nc4 ./dir.0065/conv_gps_01.nc4 ./dir.0066/conv_gps_01.nc4 ./dir.0067/conv_gps_01.nc4 ./dir.0068/conv_gps_01.nc4 ./dir.0069/conv_gps_01.nc4 ./dir.0070/conv_gps_01.nc4 ./dir.0071/conv_gps_01.nc4 ./dir.0072/conv_gps_01.nc4 ./dir.0073/conv_gps_01.nc4 ./dir.0074/conv_gps_01.nc4 ./dir.0075/conv_gps_01.nc4 ./dir.0076/conv_gps_01.nc4 ./dir.0077/conv_gps_01.nc4 ./dir.0078/conv_gps_01.nc4 ./dir.0079/conv_gps_01.nc4 ./dir.0080/conv_gps_01.nc4 ./dir.0081/conv_gps_01.nc4 ./dir.0082/conv_gps_01.nc4 ./dir.0083/conv_gps_01.nc4 -type f -printf .
+ exglobal_diag.sh[153]count=84
+ exglobal_diag.sh[154][[ 84 -eq 0 ]]
+ exglobal_diag.sh[157]echo '/gpfs/f6/drsa-precip4/world-shared/role.glopara/RUNDIRS/C48mx500_3DVarAOWCDA_be51ea02-6363/gdas.2021032500/analdiag.2126922/diag.sh conv_gps 01 ges 84 .nc4'
+ exglobal_diag.sh[158]echo diag_conv_gps_ges.2021032500.nc4.gz
+ exglobal_diag.sh[159]numfile[n]=2
+ exglobal_diag.sh[152]for type in ${diagtype[n]}
++ exglobal_diag.sh[153]wc -c
++ exglobal_diag.sh[153]find ./dir.0000/conv_ps_01.nc4 ./dir.0001/conv_ps_01.nc4 ./dir.0002/conv_ps_01.nc4 ./dir.0003/conv_ps_01.nc4 ./dir.0004/conv_ps_01.nc4 ./dir.0005/conv_ps_01.nc4 ./dir.0006/conv_ps_01.nc4 ./dir.0007/conv_ps_01.nc4 ./dir.0008/conv_ps_01.nc4 ./dir.0009/conv_ps_01.nc4 ./dir.0010/conv_ps_01.nc4 ./dir.0011/conv_ps_01.nc4 ./dir.0012/conv_ps_01.nc4 ./dir.0013/conv_ps_01.nc4 ./dir.0014/conv_ps_01.nc4 ./dir.0015/conv_ps_01.nc4 ./dir.0016/conv_ps_01.nc4 ./dir.0017/conv_ps_01.nc4 ./dir.0018/conv_ps_01.nc4 ./dir.0019/conv_ps_01.nc4 ./dir.0020/conv_ps_01.nc4 ./dir.0021/conv_ps_01.nc4 ./dir.0022/conv_ps_01.nc4 ./dir.0023/conv_ps_01.nc4 ./dir.0024/conv_ps_01.nc4 ./dir.0025/conv_ps_01.nc4 ./dir.0026/conv_ps_01.nc4 ./dir.0027/conv_ps_01.nc4 ./dir.0028/conv_ps_01.nc4 ./dir.0029/conv_ps_01.nc4 ./dir.0030/conv_ps_01.nc4 ./dir.0031/conv_ps_01.nc4 ./dir.0032/conv_ps_01.nc4 ./dir.0033/conv_ps_01.nc4 ./dir.0034/conv_ps_01.nc4 ./dir.0035/conv_ps_01.nc4 ./dir.0036/conv_ps_01.nc4 ./dir.0037/conv_ps_01.nc4 ./dir.0038/conv_ps_01.nc4 ./dir.0039/conv_ps_01.nc4 ./dir.0040/conv_ps_01.nc4 ./dir.0041/conv_ps_01.nc4 ./dir.0042/conv_ps_01.nc4 ./dir.0043/conv_ps_01.nc4 ./dir.0044/conv_ps_01.nc4 ./dir.0045/conv_ps_01.nc4 ./dir.0046/conv_ps_01.nc4 ./dir.0047/conv_ps_01.nc4 ./dir.0048/conv_ps_01.nc4 ./dir.0049/conv_ps_01.nc4 ./dir.0050/conv_ps_01.nc4 ./dir.0051/conv_ps_01.nc4 ./dir.0052/conv_ps_01.nc4 ./dir.0053/conv_ps_01.nc4 ./dir.0054/conv_ps_01.nc4 ./dir.0055/conv_ps_01.nc4 ./dir.0056/conv_ps_01.nc4 ./dir.0057/conv_ps_01.nc4 ./dir.0058/conv_ps_01.nc4 ./dir.0059/conv_ps_01.nc4 ./dir.0060/conv_ps_01.nc4 ./dir.0061/conv_ps_01.nc4 ./dir.0062/conv_ps_01.nc4 ./dir.0063/conv_ps_01.nc4 ./dir.0064/conv_ps_01.nc4 ./dir.0065/conv_ps_01.nc4 ./dir.0066/conv_ps_01.nc4 ./dir.0067/conv_ps_01.nc4 ./dir.0068/conv_ps_01.nc4 ./dir.0069/conv_ps_01.nc4 ./dir.0070/conv_ps_01.nc4 ./dir.0071/conv_ps_01.nc4 ./dir.0072/conv_ps_01.nc4 ./dir.0073/conv_ps_01.nc4 ./dir.0074/conv_ps_01.nc4 ./dir.0075/conv_ps_01.nc4 ./dir.0076/conv_ps_01.nc4 ./dir.0077/conv_ps_01.nc4 ./dir.0078/conv_ps_01.nc4 ./dir.0079/conv_ps_01.nc4 ./dir.0080/conv_ps_01.nc4 ./dir.0081/conv_ps_01.nc4 ./dir.0082/conv_ps_01.nc4 ./dir.0083/conv_ps_01.nc4 -type f -printf .
+ exglobal_diag.sh[153]count=84
+ exglobal_diag.sh[154][[ 84 -eq 0 ]]
+ exglobal_diag.sh[157]echo '/gpfs/f6/drsa-precip4/world-shared/role.glopara/RUNDIRS/C48mx500_3DVarAOWCDA_be51ea02-6363/gdas.2021032500/analdiag.2126922/diag.sh conv_ps 01 ges 84 .nc4'
+ exglobal_diag.sh[158]echo diag_conv_ps_ges.2021032500.nc4.gz
+ exglobal_diag.sh[159]numfile[n]=3
+ exglobal_diag.sh[152]for type in ${diagtype[n]}
++ exglobal_diag.sh[153]wc -c
++ exglobal_diag.sh[153]find ./dir.0002/conv_pw_01.nc4 ./dir.0005/conv_pw_01.nc4 ./dir.0006/conv_pw_01.nc4 ./dir.0012/conv_pw_01.nc4 ./dir.0017/conv_pw_01.nc4 ./dir.0018/conv_pw_01.nc4 ./dir.0019/conv_pw_01.nc4 ./dir.0026/conv_pw_01.nc4 ./dir.0034/conv_pw_01.nc4 ./dir.0038/conv_pw_01.nc4 ./dir.0039/conv_pw_01.nc4 ./dir.0052/conv_pw_01.nc4 ./dir.0053/conv_pw_01.nc4 ./dir.0057/conv_pw_01.nc4 ./dir.0058/conv_pw_01.nc4 ./dir.0063/conv_pw_01.nc4 ./dir.0064/conv_pw_01.nc4 ./dir.0065/conv_pw_01.nc4 ./dir.0069/conv_pw_01.nc4 ./dir.0070/conv_pw_01.nc4 -type f -printf .
+ exglobal_diag.sh[153]count=20
+ exglobal_diag.sh[154][[ 20 -eq 0 ]]
+ exglobal_diag.sh[157]echo '/gpfs/f6/drsa-precip4/world-shared/role.glopara/RUNDIRS/C48mx500_3DVarAOWCDA_be51ea02-6363/gdas.2021032500/analdiag.2126922/diag.sh conv_pw 01 ges 20 .nc4'
+ exglobal_diag.sh[158]echo diag_conv_pw_ges.2021032500.nc4.gz
+ exglobal_diag.sh[159]numfile[n]=4
+ exglobal_diag.sh[152]for type in ${diagtype[n]}
++ exglobal_diag.sh[153]wc -c
++ exglobal_diag.sh[153]find ./dir.0002/conv_q_01.nc4 ./dir.0003/conv_q_01.nc4 ./dir.0004/conv_q_01.nc4 ./dir.0005/conv_q_01.nc4 ./dir.0006/conv_q_01.nc4 ./dir.0007/conv_q_01.nc4 ./dir.0008/conv_q_01.nc4 ./dir.0009/conv_q_01.nc4 ./dir.0010/conv_q_01.nc4 ./dir.0011/conv_q_01.nc4 ./dir.0012/conv_q_01.nc4 ./dir.0013/conv_q_01.nc4 ./dir.0014/conv_q_01.nc4 ./dir.0016/conv_q_01.nc4 ./dir.0017/conv_q_01.nc4 ./dir.0018/conv_q_01.nc4 ./dir.0019/conv_q_01.nc4 ./dir.0020/conv_q_01.nc4 ./dir.0021/conv_q_01.nc4 ./dir.0023/conv_q_01.nc4 ./dir.0024/conv_q_01.nc4 ./dir.0025/conv_q_01.nc4 ./dir.0026/conv_q_01.nc4 ./dir.0027/conv_q_01.nc4 ./dir.0028/conv_q_01.nc4 ./dir.0030/conv_q_01.nc4 ./dir.0031/conv_q_01.nc4 ./dir.0032/conv_q_01.nc4 ./dir.0033/conv_q_01.nc4 ./dir.0034/conv_q_01.nc4 ./dir.0035/conv_q_01.nc4 ./dir.0036/conv_q_01.nc4 ./dir.0037/conv_q_01.nc4 ./dir.0038/conv_q_01.nc4 ./dir.0039/conv_q_01.nc4 ./dir.0040/conv_q_01.nc4 ./dir.0041/conv_q_01.nc4 ./dir.0042/conv_q_01.nc4 ./dir.0043/conv_q_01.nc4 ./dir.0044/conv_q_01.nc4 ./dir.0045/conv_q_01.nc4 ./dir.0046/conv_q_01.nc4 ./dir.0047/conv_q_01.nc4 ./dir.0049/conv_q_01.nc4 ./dir.0050/conv_q_01.nc4 ./dir.0051/conv_q_01.nc4 ./dir.0052/conv_q_01.nc4 ./dir.0053/conv_q_01.nc4 ./dir.0055/conv_q_01.nc4 ./dir.0056/conv_q_01.nc4 ./dir.0057/conv_q_01.nc4 ./dir.0058/conv_q_01.nc4 ./dir.0059/conv_q_01.nc4 ./dir.0060/conv_q_01.nc4 ./dir.0062/conv_q_01.nc4 ./dir.0063/conv_q_01.nc4 ./dir.0064/conv_q_01.nc4 ./dir.0065/conv_q_01.nc4 ./dir.0067/conv_q_01.nc4 ./dir.0068/conv_q_01.nc4 ./dir.0069/conv_q_01.nc4 ./dir.0070/conv_q_01.nc4 ./dir.0071/conv_q_01.nc4 ./dir.0072/conv_q_01.nc4 ./dir.0073/conv_q_01.nc4 ./dir.0074/conv_q_01.nc4 ./dir.0075/conv_q_01.nc4 ./dir.0076/conv_q_01.nc4 ./dir.0077/conv_q_01.nc4 ./dir.0079/conv_q_01.nc4 ./dir.0080/conv_q_01.nc4 ./dir.0081/conv_q_01.nc4 ./dir.0082/conv_q_01.nc4 ./dir.0083/conv_q_01.nc4 -type f -printf .
+ exglobal_diag.sh[153]count=74
+ exglobal_diag.sh[154][[ 74 -eq 0 ]]
+ exglobal_diag.sh[157]echo '/gpfs/f6/drsa-precip4/world-shared/role.glopara/RUNDIRS/C48mx500_3DVarAOWCDA_be51ea02-6363/gdas.2021032500/analdiag.2126922/diag.sh conv_q 01 ges 74 .nc4'
+ exglobal_diag.sh[158]echo diag_conv_q_ges.2021032500.nc4.gz
+ exglobal_diag.sh[159]numfile[n]=5
+ exglobal_diag.sh[152]for type in ${diagtype[n]}
++ exglobal_diag.sh[153]wc -c
++ exglobal_diag.sh[153]find ./dir.0001/conv_sst_01.nc4 ./dir.0002/conv_sst_01.nc4 ./dir.0003/conv_sst_01.nc4 ./dir.0004/conv_sst_01.nc4 ./dir.0005/conv_sst_01.nc4 ./dir.0006/conv_sst_01.nc4 ./dir.0008/conv_sst_01.nc4 ./dir.0009/conv_sst_01.nc4 ./dir.0010/conv_sst_01.nc4 ./dir.0011/conv_sst_01.nc4 ./dir.0014/conv_sst_01.nc4 ./dir.0015/conv_sst_01.nc4 ./dir.0016/conv_sst_01.nc4 ./dir.0017/conv_sst_01.nc4 ./dir.0018/conv_sst_01.nc4 ./dir.0022/conv_sst_01.nc4 ./dir.0023/conv_sst_01.nc4 ./dir.0024/conv_sst_01.nc4 ./dir.0025/conv_sst_01.nc4 ./dir.0029/conv_sst_01.nc4 ./dir.0030/conv_sst_01.nc4 ./dir.0031/conv_sst_01.nc4 ./dir.0032/conv_sst_01.nc4 ./dir.0033/conv_sst_01.nc4 ./dir.0036/conv_sst_01.nc4 ./dir.0037/conv_sst_01.nc4 ./dir.0038/conv_sst_01.nc4 ./dir.0039/conv_sst_01.nc4 ./dir.0040/conv_sst_01.nc4 ./dir.0043/conv_sst_01.nc4 ./dir.0044/conv_sst_01.nc4 ./dir.0045/conv_sst_01.nc4 ./dir.0046/conv_sst_01.nc4 ./dir.0048/conv_sst_01.nc4 ./dir.0049/conv_sst_01.nc4 ./dir.0050/conv_sst_01.nc4 ./dir.0051/conv_sst_01.nc4 ./dir.0052/conv_sst_01.nc4 ./dir.0055/conv_sst_01.nc4 ./dir.0056/conv_sst_01.nc4 ./dir.0057/conv_sst_01.nc4 ./dir.0058/conv_sst_01.nc4 ./dir.0061/conv_sst_01.nc4 ./dir.0062/conv_sst_01.nc4 ./dir.0063/conv_sst_01.nc4 ./dir.0064/conv_sst_01.nc4 ./dir.0067/conv_sst_01.nc4 ./dir.0069/conv_sst_01.nc4 ./dir.0070/conv_sst_01.nc4 ./dir.0072/conv_sst_01.nc4 ./dir.0073/conv_sst_01.nc4 ./dir.0074/conv_sst_01.nc4 ./dir.0075/conv_sst_01.nc4 ./dir.0076/conv_sst_01.nc4 ./dir.0077/conv_sst_01.nc4 ./dir.0078/conv_sst_01.nc4 ./dir.0079/conv_sst_01.nc4 ./dir.0080/conv_sst_01.nc4 ./dir.0081/conv_sst_01.nc4 ./dir.0082/conv_sst_01.nc4 ./dir.0083/conv_sst_01.nc4 -type f -printf .
+ exglobal_diag.sh[153]count=61
+ exglobal_diag.sh[154][[ 61 -eq 0 ]]
+ exglobal_diag.sh[157]echo '/gpfs/f6/drsa-precip4/world-shared/role.glopara/RUNDIRS/C48mx500_3DVarAOWCDA_be51ea02-6363/gdas.2021032500/analdiag.2126922/diag.sh conv_sst 01 ges 61 .nc4'
+ exglobal_diag.sh[158]echo diag_conv_sst_ges.2021032500.nc4.gz
+ exglobal_diag.sh[159]numfile[n]=6
+ exglobal_diag.sh[152]for type in ${diagtype[n]}
++ exglobal_diag.sh[153]wc -c
++ exglobal_diag.sh[153]find ./dir.0000/conv_t_01.nc4 ./dir.0002/conv_t_01.nc4 ./dir.0003/conv_t_01.nc4 ./dir.0004/conv_t_01.nc4 ./dir.0005/conv_t_01.nc4 ./dir.0006/conv_t_01.nc4 ./dir.0007/conv_t_01.nc4 ./dir.0008/conv_t_01.nc4 ./dir.0009/conv_t_01.nc4 ./dir.0010/conv_t_01.nc4 ./dir.0011/conv_t_01.nc4 ./dir.0012/conv_t_01.nc4 ./dir.0013/conv_t_01.nc4 ./dir.0014/conv_t_01.nc4 ./dir.0016/conv_t_01.nc4 ./dir.0017/conv_t_01.nc4 ./dir.0018/conv_t_01.nc4 ./dir.0019/conv_t_01.nc4 ./dir.0020/conv_t_01.nc4 ./dir.0021/conv_t_01.nc4 ./dir.0023/conv_t_01.nc4 ./dir.0024/conv_t_01.nc4 ./dir.0025/conv_t_01.nc4 ./dir.0026/conv_t_01.nc4 ./dir.0027/conv_t_01.nc4 ./dir.0028/conv_t_01.nc4 ./dir.0030/conv_t_01.nc4 ./dir.0031/conv_t_01.nc4 ./dir.0032/conv_t_01.nc4 ./dir.0033/conv_t_01.nc4 ./dir.0034/conv_t_01.nc4 ./dir.0035/conv_t_01.nc4 ./dir.0036/conv_t_01.nc4 ./dir.0037/conv_t_01.nc4 ./dir.0038/conv_t_01.nc4 ./dir.0039/conv_t_01.nc4 ./dir.0040/conv_t_01.nc4 ./dir.0041/conv_t_01.nc4 ./dir.0042/conv_t_01.nc4 ./dir.0043/conv_t_01.nc4 ./dir.0044/conv_t_01.nc4 ./dir.0045/conv_t_01.nc4 ./dir.0046/conv_t_01.nc4 ./dir.0047/conv_t_01.nc4 ./dir.0048/conv_t_01.nc4 ./dir.0049/conv_t_01.nc4 ./dir.0050/conv_t_01.nc4 ./dir.0051/conv_t_01.nc4 ./dir.0052/conv_t_01.nc4 ./dir.0053/conv_t_01.nc4 ./dir.0054/conv_t_01.nc4 ./dir.0055/conv_t_01.nc4 ./dir.0056/conv_t_01.nc4 ./dir.0057/conv_t_01.nc4 ./dir.0058/conv_t_01.nc4 ./dir.0059/conv_t_01.nc4 ./dir.0060/conv_t_01.nc4 ./dir.0062/conv_t_01.nc4 ./dir.0063/conv_t_01.nc4 ./dir.0064/conv_t_01.nc4 ./dir.0065/conv_t_01.nc4 ./dir.0067/conv_t_01.nc4 ./dir.0068/conv_t_01.nc4 ./dir.0069/conv_t_01.nc4 ./dir.0070/conv_t_01.nc4 ./dir.0071/conv_t_01.nc4 ./dir.0072/conv_t_01.nc4 ./dir.0073/conv_t_01.nc4 ./dir.0074/conv_t_01.nc4 ./dir.0075/conv_t_01.nc4 ./dir.0076/conv_t_01.nc4 ./dir.0077/conv_t_01.nc4 ./dir.0079/conv_t_01.nc4 ./dir.0080/conv_t_01.nc4 ./dir.0081/conv_t_01.nc4 ./dir.0082/conv_t_01.nc4 ./dir.0083/conv_t_01.nc4 -type f -printf .
+ exglobal_diag.sh[153]count=77
+ exglobal_diag.sh[154][[ 77 -eq 0 ]]
+ exglobal_diag.sh[157]echo '/gpfs/f6/drsa-precip4/world-shared/role.glopara/RUNDIRS/C48mx500_3DVarAOWCDA_be51ea02-6363/gdas.2021032500/analdiag.2126922/diag.sh conv_t 01 ges 77 .nc4'
+ exglobal_diag.sh[158]echo diag_conv_t_ges.2021032500.nc4.gz
+ exglobal_diag.sh[159]numfile[n]=7
+ exglobal_diag.sh[152]for type in ${diagtype[n]}
++ exglobal_diag.sh[153]wc -c
++ exglobal_diag.sh[153]find './dir.*/conv_tcp_01*' -type f -printf .
find: â./dir.*/conv_tcp_01*â: No such file or directory
++ exglobal_diag.sh[153]echo 0
+ exglobal_diag.sh[153]count='0
0'
+ exglobal_diag.sh[154][[ 0
0 -eq 0 ]]
/gpfs/f6/drsa-precip3/world-shared/global/CI/GITLAB/pr_cases_4328_be51ea02_6363/global-workflow/scripts/exglobal_diag.sh: line 154: [[: 0
0: syntax error in expression (error token is "0")
+ exglobal_diag.sh[157]echo '/gpfs/f6/drsa-precip4/world-shared/role.glopara/RUNDIRS/C48mx500_3DVarAOWCDA_be51ea02-6363/gdas.2021032500/analdiag.2126922/diag.sh conv_tcp 01 ges 0
0 .nc4'
+ exglobal_diag.sh[158]echo diag_conv_tcp_ges.2021032500.nc4.gz
+ exglobal_diag.sh[159]numfile[n]=8
+ exglobal_diag.sh[152]for type in ${diagtype[n]}
++ exglobal_diag.sh[153]wc -c
++ exglobal_diag.sh[153]find ./dir.0000/conv_uv_01.nc4 ./dir.0001/conv_uv_01.nc4 ./dir.0002/conv_uv_01.nc4 ./dir.0003/conv_uv_01.nc4 ./dir.0004/conv_uv_01.nc4 ./dir.0005/conv_uv_01.nc4 ./dir.0006/conv_uv_01.nc4 ./dir.0007/conv_uv_01.nc4 ./dir.0008/conv_uv_01.nc4 ./dir.0009/conv_uv_01.nc4 ./dir.0010/conv_uv_01.nc4 ./dir.0011/conv_uv_01.nc4 ./dir.0012/conv_uv_01.nc4 ./dir.0013/conv_uv_01.nc4 ./dir.0014/conv_uv_01.nc4 ./dir.0015/conv_uv_01.nc4 ./dir.0016/conv_uv_01.nc4 ./dir.0017/conv_uv_01.nc4 ./dir.0018/conv_uv_01.nc4 ./dir.0019/conv_uv_01.nc4 ./dir.0020/conv_uv_01.nc4 ./dir.0021/conv_uv_01.nc4 ./dir.0022/conv_uv_01.nc4 ./dir.0023/conv_uv_01.nc4 ./dir.0024/conv_uv_01.nc4 ./dir.0025/conv_uv_01.nc4 ./dir.0026/conv_uv_01.nc4 ./dir.0027/conv_uv_01.nc4 ./dir.0028/conv_uv_01.nc4 ./dir.0029/conv_uv_01.nc4 ./dir.0030/conv_uv_01.nc4 ./dir.0031/conv_uv_01.nc4 ./dir.0032/conv_uv_01.nc4 ./dir.0033/conv_uv_01.nc4 ./dir.0034/conv_uv_01.nc4 ./dir.0035/conv_uv_01.nc4 ./dir.0036/conv_uv_01.nc4 ./dir.0037/conv_uv_01.nc4 ./dir.0038/conv_uv_01.nc4 ./dir.0039/conv_uv_01.nc4 ./dir.0040/conv_uv_01.nc4 ./dir.0041/conv_uv_01.nc4 ./dir.0042/conv_uv_01.nc4 ./dir.0043/conv_uv_01.nc4 ./dir.0044/conv_uv_01.nc4 ./dir.0045/conv_uv_01.nc4 ./dir.0046/conv_uv_01.nc4 ./dir.0047/conv_uv_01.nc4 ./dir.0048/conv_uv_01.nc4 ./dir.0049/conv_uv_01.nc4 ./dir.0050/conv_uv_01.nc4 ./dir.0051/conv_uv_01.nc4 ./dir.0052/conv_uv_01.nc4 ./dir.0053/conv_uv_01.nc4 ./dir.0054/conv_uv_01.nc4 ./dir.0055/conv_uv_01.nc4 ./dir.0056/conv_uv_01.nc4 ./dir.0057/conv_uv_01.nc4 ./dir.0058/conv_uv_01.nc4 ./dir.0059/conv_uv_01.nc4 ./dir.0060/conv_uv_01.nc4 ./dir.0061/conv_uv_01.nc4 ./dir.0062/conv_uv_01.nc4 ./dir.0063/conv_uv_01.nc4 ./dir.0064/conv_uv_01.nc4 ./dir.0065/conv_uv_01.nc4 ./dir.0066/conv_uv_01.nc4 ./dir.0067/conv_uv_01.nc4 ./dir.0068/conv_uv_01.nc4 ./dir.0069/conv_uv_01.nc4 ./dir.0070/conv_uv_01.nc4 ./dir.0071/conv_uv_01.nc4 ./dir.0072/conv_uv_01.nc4 ./dir.0073/conv_uv_01.nc4 ./dir.0074/conv_uv_01.nc4 ./dir.0075/conv_uv_01.nc4 ./dir.0076/conv_uv_01.nc4 ./dir.0077/conv_uv_01.nc4 ./dir.0078/conv_uv_01.nc4 ./dir.0079/conv_uv_01.nc4 ./dir.0080/conv_uv_01.nc4 ./dir.0081/conv_uv_01.nc4 ./dir.0082/conv_uv_01.nc4 ./dir.0083/conv_uv_01.nc4 -type f -printf .
+ exglobal_diag.sh[153]count=84
+ exglobal_diag.sh[154][[ 84 -eq 0 ]]
+ exglobal_diag.sh[157]echo '/gpfs/f6/drsa-precip4/world-shared/role.glopara/RUNDIRS/C48mx500_3DVarAOWCDA_be51ea02-6363/gdas.2021032500/analdiag.2126922/diag.sh conv_uv 01 ges 84 .nc4'
+ exglobal_diag.sh[158]echo diag_conv_uv_ges.2021032500.nc4.gz
+ exglobal_diag.sh[159]numfile[n]=9
+ exglobal_diag.sh[152]for type in ${diagtype[n]}
++ exglobal_diag.sh[153]wc -c
++ exglobal_diag.sh[153]find './dir.*/conv_spd_01*' -type f -printf .
find: â./dir.*/conv_spd_01*â: No such file or directory
++ exglobal_diag.sh[153]echo 0
+ exglobal_diag.sh[153]count='0
0'
+ exglobal_diag.sh[154][[ 0
0 -eq 0 ]]
/gpfs/f6/drsa-precip3/world-shared/global/CI/GITLAB/pr_cases_4328_be51ea02_6363/global-workflow/scripts/exglobal_diag.sh: line 154: [[: 0
0: syntax error in expression (error token is "0")
+ exglobal_diag.sh[157]echo '/gpfs/f6/drsa-precip4/world-shared/role.glopara/RUNDIRS/C48mx500_3DVarAOWCDA_be51ea02-6363/gdas.2021032500/analdiag.2126922/diag.sh conv_spd 01 ges 0
0 .nc4'
+ exglobal_diag.sh[158]echo diag_conv_spd_ges.2021032500.nc4.gz
+ exglobal_diag.sh[159]numfile[n]=10
+ exglobal_diag.sh[150][[ 0 -lt 3 ]]
+ exglobal_diag.sh[151]n=1
+ exglobal_diag.sh[152]for type in ${diagtype[n]}
++ exglobal_diag.sh[153]wc -c
++ exglobal_diag.sh[153]find './dir.*/pcp_ssmi_dmsp_01*' -type f -printf .
find: â./dir.*/pcp_ssmi_dmsp_01*â: No such file or directory
++ exglobal_diag.sh[153]echo 0
+ exglobal_diag.sh[153]count='0
0'
+ exglobal_diag.sh[154][[ 0
0 -eq 0 ]]
/gpfs/f6/drsa-precip3/world-shared/global/CI/GITLAB/pr_cases_4328_be51ea02_6363/global-workflow/scripts/exglobal_diag.sh: line 154: [[: 0
0: syntax error in expression (error token is "0")
+ exglobal_diag.sh[157]echo '/gpfs/f6/drsa-precip4/world-shared/role.glopara/RUNDIRS/C48mx500_3DVarAOWCDA_be51ea02-6363/gdas.2021032500/analdiag.2126922/diag.sh pcp_ssmi_dmsp 01 ges 0
0 .nc4'
+ exglobal_diag.sh[158]echo diag_pcp_ssmi_dmsp_ges.2021032500.nc4.gz
+ exglobal_diag.sh[159]numfile[n]=1
+ exglobal_diag.sh[152]for type in ${diagtype[n]}
++ exglobal_diag.sh[153]wc -c
++ exglobal_diag.sh[153]find './dir.*/pcp_tmi_trmm_01*' -type f -printf .
find: â./dir.*/pcp_tmi_trmm_01*â: No such file or directory
++ exglobal_diag.sh[153]echo 0
+ exglobal_diag.sh[153]count='0
0'
+ exglobal_diag.sh[154][[ 0
0 -eq 0 ]]
/gpfs/f6/drsa-precip3/world-shared/global/CI/GITLAB/pr_cases_4328_be51ea02_6363/global-workflow/scripts/exglobal_diag.sh: line 154: [[: 0
0: syntax error in expression (error token is "0")
+ exglobal_diag.sh[157]echo '/gpfs/f6/drsa-precip4/world-shared/role.glopara/RUNDIRS/C48mx500_3DVarAOWCDA_be51ea02-6363/gdas.2021032500/analdiag.2126922/diag.sh pcp_tmi_trmm 01 ges 0
0 .nc4'
+ exglobal_diag.sh[158]echo diag_pcp_tmi_trmm_ges.2021032500.nc4.gz
+ exglobal_diag.sh[159]numfile[n]=2
+ exglobal_diag.sh[150][[ 1 -lt 3 ]]
+ exglobal_diag.sh[151]n=2
+ exglobal_diag.sh[152]for type in ${diagtype[n]}
++ exglobal_diag.sh[153]wc -c
++ exglobal_diag.sh[153]find ./dir.0020/omi_aura_01.nc4 ./dir.0027/omi_aura_01.nc4 ./dir.0028/omi_aura_01.nc4 ./dir.0034/omi_aura_01.nc4 ./dir.0035/omi_aura_01.nc4 ./dir.0036/omi_aura_01.nc4 ./dir.0037/omi_aura_01.nc4 ./dir.0038/omi_aura_01.nc4 ./dir.0039/omi_aura_01.nc4 ./dir.0040/omi_aura_01.nc4 ./dir.0041/omi_aura_01.nc4 ./dir.0042/omi_aura_01.nc4 ./dir.0043/omi_aura_01.nc4 ./dir.0045/omi_aura_01.nc4 ./dir.0046/omi_aura_01.nc4 ./dir.0047/omi_aura_01.nc4 ./dir.0048/omi_aura_01.nc4 ./dir.0049/omi_aura_01.nc4 ./dir.0050/omi_aura_01.nc4 ./dir.0051/omi_aura_01.nc4 ./dir.0052/omi_aura_01.nc4 ./dir.0053/omi_aura_01.nc4 ./dir.0054/omi_aura_01.nc4 ./dir.0055/omi_aura_01.nc4 ./dir.0056/omi_aura_01.nc4 ./dir.0057/omi_aura_01.nc4 ./dir.0058/omi_aura_01.nc4 ./dir.0060/omi_aura_01.nc4 -type f -printf .
+ exglobal_diag.sh[153]count=28
+ exglobal_diag.sh[154][[ 28 -eq 0 ]]
+ exglobal_diag.sh[157]echo '/gpfs/f6/drsa-precip4/world-shared/role.glopara/RUNDIRS/C48mx500_3DVarAOWCDA_be51ea02-6363/gdas.2021032500/analdiag.2126922/diag.sh omi_aura 01 ges 28 .nc4'
+ exglobal_diag.sh[158]echo diag_omi_aura_ges.2021032500.nc4.gz
+ exglobal_diag.sh[159]numfile[n]=1
+ exglobal_diag.sh[152]for type in ${diagtype[n]}
++ exglobal_diag.sh[153]wc -c
++ exglobal_diag.sh[153]find './dir.*/mls55_aura_01*' -type f -printf .
find: â./dir.*/mls55_aura_01*â: No such file or directory
++ exglobal_diag.sh[153]echo 0
+ exglobal_diag.sh[153]count='0
0'
+ exglobal_diag.sh[154][[ 0
0 -eq 0 ]]
/gpfs/f6/drsa-precip3/world-shared/global/CI/GITLAB/pr_cases_4328_be51ea02_6363/global-workflow/scripts/exglobal_diag.sh: line 154: [[: 0
0: syntax error in expression (error token is "0")
+ exglobal_diag.sh[157]echo '/gpfs/f6/drsa-precip4/world-shared/role.glopara/RUNDIRS/C48mx500_3DVarAOWCDA_be51ea02-6363/gdas.2021032500/analdiag.2126922/diag.sh mls55_aura 01 ges 0
0 .nc4'
+ exglobal_diag.sh[158]echo diag_mls55_aura_ges.2021032500.nc4.gz
+ exglobal_diag.sh[159]numfile[n]=2
+ exglobal_diag.sh[152]for type in ${diagtype[n]}
++ exglobal_diag.sh[153]wc -c
++ exglobal_diag.sh[153]find './dir.*/omieff_aura_01*' -type f -printf .
find: â./dir.*/omieff_aura_01*â: No such file or directory
++ exglobal_diag.sh[153]echo 0
+ exglobal_diag.sh[153]count='0
0'
+ exglobal_diag.sh[154][[ 0
0 -eq 0 ]]
/gpfs/f6/drsa-precip3/world-shared/global/CI/GITLAB/pr_cases_4328_be51ea02_6363/global-workflow/scripts/exglobal_diag.sh: line 154: [[: 0
0: syntax error in expression (error token is "0")
+ exglobal_diag.sh[157]echo '/gpfs/f6/drsa-precip4/world-shared/role.glopara/RUNDIRS/C48mx500_3DVarAOWCDA_be51ea02-6363/gdas.2021032500/analdiag.2126922/diag.sh omieff_aura 01 ges 0
0 .nc4'
+ exglobal_diag.sh[158]echo diag_omieff_aura_ges.2021032500.nc4.gz
+ exglobal_diag.sh[159]numfile[n]=3
+ exglobal_diag.sh[152]for type in ${diagtype[n]}
++ exglobal_diag.sh[153]wc -c
++ exglobal_diag.sh[153]find ./dir.0020/ompsnp_npp_01.nc4 ./dir.0027/ompsnp_npp_01.nc4 ./dir.0034/ompsnp_npp_01.nc4 ./dir.0036/ompsnp_npp_01.nc4 ./dir.0037/ompsnp_npp_01.nc4 ./dir.0040/ompsnp_npp_01.nc4 ./dir.0041/ompsnp_npp_01.nc4 ./dir.0042/ompsnp_npp_01.nc4 ./dir.0043/ompsnp_npp_01.nc4 ./dir.0044/ompsnp_npp_01.nc4 ./dir.0045/ompsnp_npp_01.nc4 ./dir.0046/ompsnp_npp_01.nc4 ./dir.0047/ompsnp_npp_01.nc4 ./dir.0048/ompsnp_npp_01.nc4 ./dir.0049/ompsnp_npp_01.nc4 ./dir.0050/ompsnp_npp_01.nc4 ./dir.0051/ompsnp_npp_01.nc4 ./dir.0052/ompsnp_npp_01.nc4 ./dir.0053/ompsnp_npp_01.nc4 ./dir.0054/ompsnp_npp_01.nc4 ./dir.0055/ompsnp_npp_01.nc4 ./dir.0056/ompsnp_npp_01.nc4 ./dir.0057/ompsnp_npp_01.nc4 ./dir.0060/ompsnp_npp_01.nc4 ./dir.0066/ompsnp_npp_01.nc4 -type f -printf .
+ exglobal_diag.sh[153]count=25
+ exglobal_diag.sh[154][[ 25 -eq 0 ]]
+ exglobal_diag.sh[157]echo '/gpfs/f6/drsa-precip4/world-shared/role.glopara/RUNDIRS/C48mx500_3DVarAOWCDA_be51ea02-6363/gdas.2021032500/analdiag.2126922/diag.sh ompsnp_npp 01 ges 25 .nc4'
+ exglobal_diag.sh[158]echo diag_ompsnp_npp_ges.2021032500.nc4.gz
+ exglobal_diag.sh[159]numfile[n]=4
+ exglobal_diag.sh[152]for type in ${diagtype[n]}
++ exglobal_diag.sh[153]wc -c
++ exglobal_diag.sh[153]find './dir.*/ompsnmeff_npp_01*' -type f -printf .
find: â./dir.*/ompsnmeff_npp_01*â: No such file or directory
++ exglobal_diag.sh[153]echo 0
+ exglobal_diag.sh[153]count='0
0'
+ exglobal_diag.sh[154][[ 0
0 -eq 0 ]]
/gpfs/f6/drsa-precip3/world-shared/global/CI/GITLAB/pr_cases_4328_be51ea02_6363/global-workflow/scripts/exglobal_diag.sh: line 154: [[: 0
0: syntax error in expression (error token is "0")
+ exglobal_diag.sh[157]echo '/gpfs/f6/drsa-precip4/world-shared/role.glopara/RUNDIRS/C48mx500_3DVarAOWCDA_be51ea02-6363/gdas.2021032500/analdiag.2126922/diag.sh ompsnmeff_npp 01 ges 0
0 .nc4'
+ exglobal_diag.sh[158]echo diag_ompsnmeff_npp_ges.2021032500.nc4.gz
+ exglobal_diag.sh[159]numfile[n]=5
+ exglobal_diag.sh[152]for type in ${diagtype[n]}
++ exglobal_diag.sh[153]wc -c
++ exglobal_diag.sh[153]find './dir.*/ompsnpnc_npp_01*' -type f -printf .
find: â./dir.*/ompsnpnc_npp_01*â: No such file or directory
++ exglobal_diag.sh[153]echo 0
+ exglobal_diag.sh[153]count='0
0'
+ exglobal_diag.sh[154][[ 0
0 -eq 0 ]]
/gpfs/f6/drsa-precip3/world-shared/global/CI/GITLAB/pr_cases_4328_be51ea02_6363/global-workflow/scripts/exglobal_diag.sh: line 154: [[: 0
0: syntax error in expression (error token is "0")
+ exglobal_diag.sh[157]echo '/gpfs/f6/drsa-precip4/world-shared/role.glopara/RUNDIRS/C48mx500_3DVarAOWCDA_be51ea02-6363/gdas.2021032500/analdiag.2126922/diag.sh ompsnpnc_npp 01 ges 0
0 .nc4'
+ exglobal_diag.sh[158]echo diag_ompsnpnc_npp_ges.2021032500.nc4.gz
+ exglobal_diag.sh[159]numfile[n]=6
+ exglobal_diag.sh[152]for type in ${diagtype[n]}
++ exglobal_diag.sh[153]wc -c
++ exglobal_diag.sh[153]find './dir.*/ompslpnc_npp_01*' -type f -printf .
find: â./dir.*/ompslpnc_npp_01*â: No such file or directory
++ exglobal_diag.sh[153]echo 0
+ exglobal_diag.sh[153]count='0
0'
+ exglobal_diag.sh[154][[ 0
0 -eq 0 ]]
/gpfs/f6/drsa-precip3/world-shared/global/CI/GITLAB/pr_cases_4328_be51ea02_6363/global-workflow/scripts/exglobal_diag.sh: line 154: [[: 0
0: syntax error in expression (error token is "0")
+ exglobal_diag.sh[157]echo '/gpfs/f6/drsa-precip4/world-shared/role.glopara/RUNDIRS/C48mx500_3DVarAOWCDA_be51ea02-6363/gdas.2021032500/analdiag.2126922/diag.sh ompslpnc_npp 01 ges 0
0 .nc4'
+ exglobal_diag.sh[158]echo diag_ompslpnc_npp_ges.2021032500.nc4.gz
+ exglobal_diag.sh[159]numfile[n]=7
+ exglobal_diag.sh[152]for type in ${diagtype[n]}
++ exglobal_diag.sh[153]wc -c
++ exglobal_diag.sh[153]find ./dir.0020/ompsnp_n20_01.nc4 ./dir.0027/ompsnp_n20_01.nc4 ./dir.0034/ompsnp_n20_01.nc4 ./dir.0038/ompsnp_n20_01.nc4 ./dir.0039/ompsnp_n20_01.nc4 ./dir.0040/ompsnp_n20_01.nc4 ./dir.0041/ompsnp_n20_01.nc4 ./dir.0042/ompsnp_n20_01.nc4 ./dir.0043/ompsnp_n20_01.nc4 ./dir.0044/ompsnp_n20_01.nc4 ./dir.0045/ompsnp_n20_01.nc4 ./dir.0046/ompsnp_n20_01.nc4 ./dir.0047/ompsnp_n20_01.nc4 ./dir.0048/ompsnp_n20_01.nc4 ./dir.0049/ompsnp_n20_01.nc4 ./dir.0050/ompsnp_n20_01.nc4 ./dir.0051/ompsnp_n20_01.nc4 ./dir.0052/ompsnp_n20_01.nc4 ./dir.0053/ompsnp_n20_01.nc4 ./dir.0054/ompsnp_n20_01.nc4 ./dir.0055/ompsnp_n20_01.nc4 ./dir.0056/ompsnp_n20_01.nc4 ./dir.0057/ompsnp_n20_01.nc4 ./dir.0058/ompsnp_n20_01.nc4 ./dir.0060/ompsnp_n20_01.nc4 ./dir.0061/ompsnp_n20_01.nc4 -type f -printf .
+ exglobal_diag.sh[153]count=26
+ exglobal_diag.sh[154][[ 26 -eq 0 ]]
+ exglobal_diag.sh[157]echo '/gpfs/f6/drsa-precip4/world-shared/role.glopara/RUNDIRS/C48mx500_3DVarAOWCDA_be51ea02-6363/gdas.2021032500/analdiag.2126922/diag.sh ompsnp_n20 01 ges 26 .nc4'
+ exglobal_diag.sh[158]echo diag_ompsnp_n20_ges.2021032500.nc4.gz
+ exglobal_diag.sh[159]numfile[n]=8
+ exglobal_diag.sh[152]for type in ${diagtype[n]}
++ exglobal_diag.sh[153]wc -c
++ exglobal_diag.sh[153]find './dir.*/ompsnp_n21_01*' -type f -printf .
find: â./dir.*/ompsnp_n21_01*â: No such file or directory
++ exglobal_diag.sh[153]echo 0
+ exglobal_diag.sh[153]count='0
0'
+ exglobal_diag.sh[154][[ 0
0 -eq 0 ]]
/gpfs/f6/drsa-precip3/world-shared/global/CI/GITLAB/pr_cases_4328_be51ea02_6363/global-workflow/scripts/exglobal_diag.sh: line 154: [[: 0
0: syntax error in expression (error token is "0")
+ exglobal_diag.sh[157]echo '/gpfs/f6/drsa-precip4/world-shared/role.glopara/RUNDIRS/C48mx500_3DVarAOWCDA_be51ea02-6363/gdas.2021032500/analdiag.2126922/diag.sh ompsnp_n21 01 ges 0
0 .nc4'
+ exglobal_diag.sh[158]echo diag_ompsnp_n21_ges.2021032500.nc4.gz
+ exglobal_diag.sh[159]numfile[n]=9
+ exglobal_diag.sh[152]for type in ${diagtype[n]}
++ exglobal_diag.sh[153]wc -c
++ exglobal_diag.sh[153]find ./dir.0020/ompstc8_npp_01.nc4 ./dir.0027/ompstc8_npp_01.nc4 ./dir.0028/ompstc8_npp_01.nc4 ./dir.0033/ompstc8_npp_01.nc4 ./dir.0034/ompstc8_npp_01.nc4 ./dir.0035/ompstc8_npp_01.nc4 ./dir.0036/ompstc8_npp_01.nc4 ./dir.0037/ompstc8_npp_01.nc4 ./dir.0038/ompstc8_npp_01.nc4 ./dir.0039/ompstc8_npp_01.nc4 ./dir.0040/ompstc8_npp_01.nc4 ./dir.0041/ompstc8_npp_01.nc4 ./dir.0042/ompstc8_npp_01.nc4 ./dir.0043/ompstc8_npp_01.nc4 ./dir.0044/ompstc8_npp_01.nc4 ./dir.0045/ompstc8_npp_01.nc4 ./dir.0046/ompstc8_npp_01.nc4 ./dir.0047/ompstc8_npp_01.nc4 ./dir.0048/ompstc8_npp_01.nc4 ./dir.0049/ompstc8_npp_01.nc4 ./dir.0050/ompstc8_npp_01.nc4 ./dir.0051/ompstc8_npp_01.nc4 ./dir.0052/ompstc8_npp_01.nc4 ./dir.0053/ompstc8_npp_01.nc4 ./dir.0054/ompstc8_npp_01.nc4 ./dir.0055/ompstc8_npp_01.nc4 ./dir.0056/ompstc8_npp_01.nc4 ./dir.0057/ompstc8_npp_01.nc4 ./dir.0058/ompstc8_npp_01.nc4 ./dir.0059/ompstc8_npp_01.nc4 ./dir.0060/ompstc8_npp_01.nc4 ./dir.0061/ompstc8_npp_01.nc4 ./dir.0066/ompstc8_npp_01.nc4 -type f -printf .
+ exglobal_diag.sh[153]count=33
+ exglobal_diag.sh[154][[ 33 -eq 0 ]]
+ exglobal_diag.sh[157]echo '/gpfs/f6/drsa-precip4/world-shared/role.glopara/RUNDIRS/C48mx500_3DVarAOWCDA_be51ea02-6363/gdas.2021032500/analdiag.2126922/diag.sh ompstc8_npp 01 ges 33 .nc4'
+ exglobal_diag.sh[158]echo diag_ompstc8_npp_ges.2021032500.nc4.gz
+ exglobal_diag.sh[159]numfile[n]=10
+ exglobal_diag.sh[152]for type in ${diagtype[n]}
++ exglobal_diag.sh[153]wc -c
++ exglobal_diag.sh[153]find ./dir.0020/ompstc8_n20_01.nc4 ./dir.0026/ompstc8_n20_01.nc4 ./dir.0027/ompstc8_n20_01.nc4 ./dir.0033/ompstc8_n20_01.nc4 ./dir.0034/ompstc8_n20_01.nc4 ./dir.0035/ompstc8_n20_01.nc4 ./dir.0036/ompstc8_n20_01.nc4 ./dir.0037/ompstc8_n20_01.nc4 ./dir.0038/ompstc8_n20_01.nc4 ./dir.0039/ompstc8_n20_01.nc4 ./dir.0040/ompstc8_n20_01.nc4 ./dir.0041/ompstc8_n20_01.nc4 ./dir.0042/ompstc8_n20_01.nc4 ./dir.0043/ompstc8_n20_01.nc4 ./dir.0044/ompstc8_n20_01.nc4 ./dir.0045/ompstc8_n20_01.nc4 ./dir.0046/ompstc8_n20_01.nc4 ./dir.0047/ompstc8_n20_01.nc4 ./dir.0048/ompstc8_n20_01.nc4 ./dir.0049/ompstc8_n20_01.nc4 ./dir.0050/ompstc8_n20_01.nc4 ./dir.0051/ompstc8_n20_01.nc4 ./dir.0052/ompstc8_n20_01.nc4 ./dir.0053/ompstc8_n20_01.nc4 ./dir.0054/ompstc8_n20_01.nc4 ./dir.0055/ompstc8_n20_01.nc4 ./dir.0056/ompstc8_n20_01.nc4 ./dir.0057/ompstc8_n20_01.nc4 ./dir.0058/ompstc8_n20_01.nc4 ./dir.0059/ompstc8_n20_01.nc4 ./dir.0060/ompstc8_n20_01.nc4 ./dir.0061/ompstc8_n20_01.nc4 ./dir.0062/ompstc8_n20_01.nc4 ./dir.0063/ompstc8_n20_01.nc4 ./dir.0065/ompstc8_n20_01.nc4 -type f -printf .
+ exglobal_diag.sh[153]count=35
+ exglobal_diag.sh[154][[ 35 -eq 0 ]]
+ exglobal_diag.sh[157]echo '/gpfs/f6/drsa-precip4/world-shared/role.glopara/RUNDIRS/C48mx500_3DVarAOWCDA_be51ea02-6363/gdas.2021032500/analdiag.2126922/diag.sh ompstc8_n20 01 ges 35 .nc4'
+ exglobal_diag.sh[158]echo diag_ompstc8_n20_ges.2021032500.nc4.gz
+ exglobal_diag.sh[159]numfile[n]=11
+ exglobal_diag.sh[152]for type in ${diagtype[n]}
++ exglobal_diag.sh[153]wc -c
++ exglobal_diag.sh[153]find './dir.*/ompstc8_n21_01*' -type f -printf .
find: â./dir.*/ompstc8_n21_01*â: No such file or directory
++ exglobal_diag.sh[153]echo 0
+ exglobal_diag.sh[153]count='0
0'
+ exglobal_diag.sh[154][[ 0
0 -eq 0 ]]
/gpfs/f6/drsa-precip3/world-shared/global/CI/GITLAB/pr_cases_4328_be51ea02_6363/global-workflow/scripts/exglobal_diag.sh: line 154: [[: 0
0: syntax error in expression (error token is "0")
+ exglobal_diag.sh[157]echo '/gpfs/f6/drsa-precip4/world-shared/role.glopara/RUNDIRS/C48mx500_3DVarAOWCDA_be51ea02-6363/gdas.2021032500/analdiag.2126922/diag.sh ompstc8_n21 01 ges 0
0 .nc4'
+ exglobal_diag.sh[158]echo diag_ompstc8_n21_ges.2021032500.nc4.gz
+ exglobal_diag.sh[159]numfile[n]=12
+ exglobal_diag.sh[152]for type in ${diagtype[n]}
++ exglobal_diag.sh[153]wc -c
++ exglobal_diag.sh[153]find ./dir.0034/ompslp_npp_01.nc4 ./dir.0041/ompslp_npp_01.nc4 ./dir.0045/ompslp_npp_01.nc4 ./dir.0046/ompslp_npp_01.nc4 ./dir.0047/ompslp_npp_01.nc4 ./dir.0048/ompslp_npp_01.nc4 ./dir.0049/ompslp_npp_01.nc4 ./dir.0050/ompslp_npp_01.nc4 ./dir.0051/ompslp_npp_01.nc4 ./dir.0052/ompslp_npp_01.nc4 ./dir.0053/ompslp_npp_01.nc4 ./dir.0054/ompslp_npp_01.nc4 ./dir.0055/ompslp_npp_01.nc4 ./dir.0056/ompslp_npp_01.nc4 ./dir.0057/ompslp_npp_01.nc4 ./dir.0060/ompslp_npp_01.nc4 ./dir.0066/ompslp_npp_01.nc4 -type f -printf .
+ exglobal_diag.sh[153]count=17
+ exglobal_diag.sh[154][[ 17 -eq 0 ]]
+ exglobal_diag.sh[157]echo '/gpfs/f6/drsa-precip4/world-shared/role.glopara/RUNDIRS/C48mx500_3DVarAOWCDA_be51ea02-6363/gdas.2021032500/analdiag.2126922/diag.sh ompslp_npp 01 ges 17 .nc4'
+ exglobal_diag.sh[158]echo diag_ompslp_npp_ges.2021032500.nc4.gz
+ exglobal_diag.sh[159]numfile[n]=13
+ exglobal_diag.sh[152]for type in ${diagtype[n]}
++ exglobal_diag.sh[153]wc -c
++ exglobal_diag.sh[153]find './dir.*/ompslp_n21_01*' -type f -printf .
find: â./dir.*/ompslp_n21_01*â: No such file or directory
++ exglobal_diag.sh[153]echo 0
+ exglobal_diag.sh[153]count='0
0'
+ exglobal_diag.sh[154][[ 0
0 -eq 0 ]]
/gpfs/f6/drsa-precip3/world-shared/global/CI/GITLAB/pr_cases_4328_be51ea02_6363/global-workflow/scripts/exglobal_diag.sh: line 154: [[: 0
0: syntax error in expression (error token is "0")
+ exglobal_diag.sh[157]echo '/gpfs/f6/drsa-precip4/world-shared/role.glopara/RUNDIRS/C48mx500_3DVarAOWCDA_be51ea02-6363/gdas.2021032500/analdiag.2126922/diag.sh ompslp_n21 01 ges 0
0 .nc4'
+ exglobal_diag.sh[158]echo diag_ompslp_n21_ges.2021032500.nc4.gz
+ exglobal_diag.sh[159]numfile[n]=14
+ exglobal_diag.sh[152]for type in ${diagtype[n]}
++ exglobal_diag.sh[153]wc -c
++ exglobal_diag.sh[153]find './dir.*/sbuv2_nim07_01*' -type f -printf .
find: â./dir.*/sbuv2_nim07_01*â: No such file or directory
++ exglobal_diag.sh[153]echo 0
+ exglobal_diag.sh[153]count='0
0'
+ exglobal_diag.sh[154][[ 0
0 -eq 0 ]]
/gpfs/f6/drsa-precip3/world-shared/global/CI/GITLAB/pr_cases_4328_be51ea02_6363/global-workflow/scripts/exglobal_diag.sh: line 154: [[: 0
0: syntax error in expression (error token is "0")
+ exglobal_diag.sh[157]echo '/gpfs/f6/drsa-precip4/world-shared/role.glopara/RUNDIRS/C48mx500_3DVarAOWCDA_be51ea02-6363/gdas.2021032500/analdiag.2126922/diag.sh sbuv2_nim07 01 ges 0
0 .nc4'
+ exglobal_diag.sh[158]echo diag_sbuv2_nim07_ges.2021032500.nc4.gz
+ exglobal_diag.sh[159]numfile[n]=15
+ exglobal_diag.sh[152]for type in ${diagtype[n]}
++ exglobal_diag.sh[153]wc -c
++ exglobal_diag.sh[153]find './dir.*/sbuv2_n09_01*' -type f -printf .
find: â./dir.*/sbuv2_n09_01*â: No such file or directory
++ exglobal_diag.sh[153]echo 0
+ exglobal_diag.sh[153]count='0
0'
+ exglobal_diag.sh[154][[ 0
0 -eq 0 ]]
/gpfs/f6/drsa-precip3/world-shared/global/CI/GITLAB/pr_cases_4328_be51ea02_6363/global-workflow/scripts/exglobal_diag.sh: line 154: [[: 0
0: syntax error in expression (error token is "0")
+ exglobal_diag.sh[157]echo '/gpfs/f6/drsa-precip4/world-shared/role.glopara/RUNDIRS/C48mx500_3DVarAOWCDA_be51ea02-6363/gdas.2021032500/analdiag.2126922/diag.sh sbuv2_n09 01 ges 0
0 .nc4'
+ exglobal_diag.sh[158]echo diag_sbuv2_n09_ges.2021032500.nc4.gz
+ exglobal_diag.sh[159]numfile[n]=16
+ exglobal_diag.sh[152]for type in ${diagtype[n]}
++ exglobal_diag.sh[153]wc -c
++ exglobal_diag.sh[153]find './dir.*/sbuv2_n11_01*' -type f -printf .
find: â./dir.*/sbuv2_n11_01*â: No such file or directory
++ exglobal_diag.sh[153]echo 0
+ exglobal_diag.sh[153]count='0
0'
+ exglobal_diag.sh[154][[ 0
0 -eq 0 ]]
/gpfs/f6/drsa-precip3/world-shared/global/CI/GITLAB/pr_cases_4328_be51ea02_6363/global-workflow/scripts/exglobal_diag.sh: line 154: [[: 0
0: syntax error in expression (error token is "0")
+ exglobal_diag.sh[157]echo '/gpfs/f6/drsa-precip4/world-shared/role.glopara/RUNDIRS/C48mx500_3DVarAOWCDA_be51ea02-6363/gdas.2021032500/analdiag.2126922/diag.sh sbuv2_n11 01 ges 0
0 .nc4'
+ exglobal_diag.sh[158]echo diag_sbuv2_n11_ges.2021032500.nc4.gz
+ exglobal_diag.sh[159]numfile[n]=17
+ exglobal_diag.sh[152]for type in ${diagtype[n]}
++ exglobal_diag.sh[153]wc -c
++ exglobal_diag.sh[153]find './dir.*/sbuv2_n14_01*' -type f -printf .
find: â./dir.*/sbuv2_n14_01*â: No such file or directory
++ exglobal_diag.sh[153]echo 0
+ exglobal_diag.sh[153]count='0
0'
+ exglobal_diag.sh[154][[ 0
0 -eq 0 ]]
/gpfs/f6/drsa-precip3/world-shared/global/CI/GITLAB/pr_cases_4328_be51ea02_6363/global-workflow/scripts/exglobal_diag.sh: line 154: [[: 0
0: syntax error in expression (error token is "0")
+ exglobal_diag.sh[157]echo '/gpfs/f6/drsa-precip4/world-shared/role.glopara/RUNDIRS/C48mx500_3DVarAOWCDA_be51ea02-6363/gdas.2021032500/analdiag.2126922/diag.sh sbuv2_n14 01 ges 0
0 .nc4'
+ exglobal_diag.sh[158]echo diag_sbuv2_n14_ges.2021032500.nc4.gz
+ exglobal_diag.sh[159]numfile[n]=18
+ exglobal_diag.sh[152]for type in ${diagtype[n]}
++ exglobal_diag.sh[153]wc -c
++ exglobal_diag.sh[153]find './dir.*/sbuv2_n16_01*' -type f -printf .
find: â./dir.*/sbuv2_n16_01*â: No such file or directory
++ exglobal_diag.sh[153]echo 0
+ exglobal_diag.sh[153]count='0
0'
+ exglobal_diag.sh[154][[ 0
0 -eq 0 ]]
/gpfs/f6/drsa-precip3/world-shared/global/CI/GITLAB/pr_cases_4328_be51ea02_6363/global-workflow/scripts/exglobal_diag.sh: line 154: [[: 0
0: syntax error in expression (error token is "0")
+ exglobal_diag.sh[157]echo '/gpfs/f6/drsa-precip4/world-shared/role.glopara/RUNDIRS/C48mx500_3DVarAOWCDA_be51ea02-6363/gdas.2021032500/analdiag.2126922/diag.sh sbuv2_n16 01 ges 0
0 .nc4'
+ exglobal_diag.sh[158]echo diag_sbuv2_n16_ges.2021032500.nc4.gz
+ exglobal_diag.sh[159]numfile[n]=19
+ exglobal_diag.sh[152]for type in ${diagtype[n]}
++ exglobal_diag.sh[153]wc -c
++ exglobal_diag.sh[153]find './dir.*/sbuv2_n17_01*' -type f -printf .
find: â./dir.*/sbuv2_n17_01*â: No such file or directory
++ exglobal_diag.sh[153]echo 0
+ exglobal_diag.sh[153]count='0
0'
+ exglobal_diag.sh[154][[ 0
0 -eq 0 ]]
/gpfs/f6/drsa-precip3/world-shared/global/CI/GITLAB/pr_cases_4328_be51ea02_6363/global-workflow/scripts/exglobal_diag.sh: line 154: [[: 0
0: syntax error in expression (error token is "0")
+ exglobal_diag.sh[157]echo '/gpfs/f6/drsa-precip4/world-shared/role.glopara/RUNDIRS/C48mx500_3DVarAOWCDA_be51ea02-6363/gdas.2021032500/analdiag.2126922/diag.sh sbuv2_n17 01 ges 0
0 .nc4'
+ exglobal_diag.sh[158]echo diag_sbuv2_n17_ges.2021032500.nc4.gz
+ exglobal_diag.sh[159]numfile[n]=20
+ exglobal_diag.sh[152]for type in ${diagtype[n]}
++ exglobal_diag.sh[153]wc -c
++ exglobal_diag.sh[153]find './dir.*/sbuv2_n18_01*' -type f -printf .
find: â./dir.*/sbuv2_n18_01*â: No such file or directory
++ exglobal_diag.sh[153]echo 0
+ exglobal_diag.sh[153]count='0
0'
+ exglobal_diag.sh[154][[ 0
0 -eq 0 ]]
/gpfs/f6/drsa-precip3/world-shared/global/CI/GITLAB/pr_cases_4328_be51ea02_6363/global-workflow/scripts/exglobal_diag.sh: line 154: [[: 0
0: syntax error in expression (error token is "0")
+ exglobal_diag.sh[157]echo '/gpfs/f6/drsa-precip4/world-shared/role.glopara/RUNDIRS/C48mx500_3DVarAOWCDA_be51ea02-6363/gdas.2021032500/analdiag.2126922/diag.sh sbuv2_n18 01 ges 0
0 .nc4'
+ exglobal_diag.sh[158]echo diag_sbuv2_n18_ges.2021032500.nc4.gz
+ exglobal_diag.sh[159]numfile[n]=21
+ exglobal_diag.sh[152]for type in ${diagtype[n]}
++ exglobal_diag.sh[153]wc -c
++ exglobal_diag.sh[153]find ./dir.0016/sbuv2_n19_01.nc4 ./dir.0017/sbuv2_n19_01.nc4 ./dir.0018/sbuv2_n19_01.nc4 ./dir.0019/sbuv2_n19_01.nc4 ./dir.0023/sbuv2_n19_01.nc4 ./dir.0024/sbuv2_n19_01.nc4 ./dir.0025/sbuv2_n19_01.nc4 ./dir.0026/sbuv2_n19_01.nc4 ./dir.0027/sbuv2_n19_01.nc4 ./dir.0030/sbuv2_n19_01.nc4 ./dir.0031/sbuv2_n19_01.nc4 ./dir.0032/sbuv2_n19_01.nc4 ./dir.0033/sbuv2_n19_01.nc4 ./dir.0034/sbuv2_n19_01.nc4 ./dir.0040/sbuv2_n19_01.nc4 ./dir.0041/sbuv2_n19_01.nc4 ./dir.0047/sbuv2_n19_01.nc4 ./dir.0052/sbuv2_n19_01.nc4 ./dir.0053/sbuv2_n19_01.nc4 ./dir.0058/sbuv2_n19_01.nc4 ./dir.0059/sbuv2_n19_01.nc4 ./dir.0064/sbuv2_n19_01.nc4 ./dir.0065/sbuv2_n19_01.nc4 ./dir.0070/sbuv2_n19_01.nc4 ./dir.0071/sbuv2_n19_01.nc4 -type f -printf .
+ exglobal_diag.sh[153]count=25
+ exglobal_diag.sh[154][[ 25 -eq 0 ]]
+ exglobal_diag.sh[157]echo '/gpfs/f6/drsa-precip4/world-shared/role.glopara/RUNDIRS/C48mx500_3DVarAOWCDA_be51ea02-6363/gdas.2021032500/analdiag.2126922/diag.sh sbuv2_n19 01 ges 25 .nc4'
+ exglobal_diag.sh[158]echo diag_sbuv2_n19_ges.2021032500.nc4.gz
+ exglobal_diag.sh[159]numfile[n]=22
+ exglobal_diag.sh[152]for type in ${diagtype[n]}
++ exglobal_diag.sh[153]wc -c
++ exglobal_diag.sh[153]find ./dir.0014/gome_metop-a_01.nc4 ./dir.0015/gome_metop-a_01.nc4 ./dir.0016/gome_metop-a_01.nc4 ./dir.0017/gome_metop-a_01.nc4 ./dir.0021/gome_metop-a_01.nc4 ./dir.0022/gome_metop-a_01.nc4 ./dir.0023/gome_metop-a_01.nc4 ./dir.0024/gome_metop-a_01.nc4 ./dir.0025/gome_metop-a_01.nc4 ./dir.0026/gome_metop-a_01.nc4 ./dir.0027/gome_metop-a_01.nc4 ./dir.0028/gome_metop-a_01.nc4 ./dir.0029/gome_metop-a_01.nc4 ./dir.0030/gome_metop-a_01.nc4 ./dir.0031/gome_metop-a_01.nc4 ./dir.0032/gome_metop-a_01.nc4 ./dir.0033/gome_metop-a_01.nc4 ./dir.0034/gome_metop-a_01.nc4 ./dir.0035/gome_metop-a_01.nc4 ./dir.0036/gome_metop-a_01.nc4 ./dir.0037/gome_metop-a_01.nc4 ./dir.0038/gome_metop-a_01.nc4 ./dir.0039/gome_metop-a_01.nc4 ./dir.0040/gome_metop-a_01.nc4 ./dir.0041/gome_metop-a_01.nc4 ./dir.0044/gome_metop-a_01.nc4 ./dir.0045/gome_metop-a_01.nc4 ./dir.0046/gome_metop-a_01.nc4 ./dir.0047/gome_metop-a_01.nc4 ./dir.0053/gome_metop-a_01.nc4 ./dir.0059/gome_metop-a_01.nc4 ./dir.0065/gome_metop-a_01.nc4 -type f -printf .
+ exglobal_diag.sh[153]count=32
+ exglobal_diag.sh[154][[ 32 -eq 0 ]]
+ exglobal_diag.sh[157]echo '/gpfs/f6/drsa-precip4/world-shared/role.glopara/RUNDIRS/C48mx500_3DVarAOWCDA_be51ea02-6363/gdas.2021032500/analdiag.2126922/diag.sh gome_metop-a 01 ges 32 .nc4'
+ exglobal_diag.sh[158]echo diag_gome_metop-a_ges.2021032500.nc4.gz
+ exglobal_diag.sh[159]numfile[n]=23
+ exglobal_diag.sh[152]for type in ${diagtype[n]}
++ exglobal_diag.sh[153]wc -c
++ exglobal_diag.sh[153]find ./dir.0014/gome_metop-b_01.nc4 ./dir.0015/gome_metop-b_01.nc4 ./dir.0021/gome_metop-b_01.nc4 ./dir.0022/gome_metop-b_01.nc4 ./dir.0023/gome_metop-b_01.nc4 ./dir.0024/gome_metop-b_01.nc4 ./dir.0025/gome_metop-b_01.nc4 ./dir.0028/gome_metop-b_01.nc4 ./dir.0029/gome_metop-b_01.nc4 ./dir.0030/gome_metop-b_01.nc4 ./dir.0031/gome_metop-b_01.nc4 ./dir.0032/gome_metop-b_01.nc4 ./dir.0033/gome_metop-b_01.nc4 ./dir.0034/gome_metop-b_01.nc4 ./dir.0035/gome_metop-b_01.nc4 ./dir.0036/gome_metop-b_01.nc4 ./dir.0037/gome_metop-b_01.nc4 ./dir.0038/gome_metop-b_01.nc4 ./dir.0039/gome_metop-b_01.nc4 ./dir.0040/gome_metop-b_01.nc4 ./dir.0041/gome_metop-b_01.nc4 ./dir.0042/gome_metop-b_01.nc4 ./dir.0043/gome_metop-b_01.nc4 ./dir.0044/gome_metop-b_01.nc4 ./dir.0045/gome_metop-b_01.nc4 ./dir.0046/gome_metop-b_01.nc4 ./dir.0047/gome_metop-b_01.nc4 ./dir.0052/gome_metop-b_01.nc4 ./dir.0053/gome_metop-b_01.nc4 ./dir.0059/gome_metop-b_01.nc4 ./dir.0065/gome_metop-b_01.nc4 -type f -printf .
+ exglobal_diag.sh[153]count=31
+ exglobal_diag.sh[154][[ 31 -eq 0 ]]
+ exglobal_diag.sh[157]echo '/gpfs/f6/drsa-precip4/world-shared/role.glopara/RUNDIRS/C48mx500_3DVarAOWCDA_be51ea02-6363/gdas.2021032500/analdiag.2126922/diag.sh gome_metop-b 01 ges 31 .nc4'
+ exglobal_diag.sh[158]echo diag_gome_metop-b_ges.2021032500.nc4.gz
+ exglobal_diag.sh[159]numfile[n]=24
+ exglobal_diag.sh[152]for type in ${diagtype[n]}
++ exglobal_diag.sh[153]wc -c
++ exglobal_diag.sh[153]find './dir.*/gome_metop-c_01*' -type f -printf .
find: â./dir.*/gome_metop-c_01*â: No such file or directory
++ exglobal_diag.sh[153]echo 0
+ exglobal_diag.sh[153]count='0
0'
+ exglobal_diag.sh[154][[ 0
0 -eq 0 ]]
/gpfs/f6/drsa-precip3/world-shared/global/CI/GITLAB/pr_cases_4328_be51ea02_6363/global-workflow/scripts/exglobal_diag.sh: line 154: [[: 0
0: syntax error in expression (error token is "0")
+ exglobal_diag.sh[157]echo '/gpfs/f6/drsa-precip4/world-shared/role.glopara/RUNDIRS/C48mx500_3DVarAOWCDA_be51ea02-6363/gdas.2021032500/analdiag.2126922/diag.sh gome_metop-c 01 ges 0
0 .nc4'
+ exglobal_diag.sh[158]echo diag_gome_metop-c_ges.2021032500.nc4.gz
+ exglobal_diag.sh[159]numfile[n]=25
+ exglobal_diag.sh[150][[ 2 -lt 3 ]]
+ exglobal_diag.sh[151]n=3
+ exglobal_diag.sh[152]for type in ${diagtype[n]}
++ exglobal_diag.sh[153]wc -c
++ exglobal_diag.sh[153]find ./dir.0055/abi_g16_01.nc4 ./dir.0056/abi_g16_01.nc4 ./dir.0057/abi_g16_01.nc4 ./dir.0058/abi_g16_01.nc4 ./dir.0061/abi_g16_01.nc4 ./dir.0062/abi_g16_01.nc4 ./dir.0063/abi_g16_01.nc4 ./dir.0064/abi_g16_01.nc4 ./dir.0067/abi_g16_01.nc4 ./dir.0068/abi_g16_01.nc4 ./dir.0069/abi_g16_01.nc4 ./dir.0070/abi_g16_01.nc4 ./dir.0073/abi_g16_01.nc4 ./dir.0074/abi_g16_01.nc4 ./dir.0075/abi_g16_01.nc4 ./dir.0076/abi_g16_01.nc4 ./dir.0079/abi_g16_01.nc4 ./dir.0080/abi_g16_01.nc4 ./dir.0081/abi_g16_01.nc4 ./dir.0082/abi_g16_01.nc4 -type f -printf .
+ exglobal_diag.sh[153]count=20
+ exglobal_diag.sh[154][[ 20 -eq 0 ]]
+ exglobal_diag.sh[157]echo '/gpfs/f6/drsa-precip4/world-shared/role.glopara/RUNDIRS/C48mx500_3DVarAOWCDA_be51ea02-6363/gdas.2021032500/analdiag.2126922/diag.sh abi_g16 01 ges 20 .nc4'
+ exglobal_diag.sh[158]echo diag_abi_g16_ges.2021032500.nc4.gz
+ exglobal_diag.sh[159]numfile[n]=1
+ exglobal_diag.sh[152]for type in ${diagtype[n]}
++ exglobal_diag.sh[153]wc -c
++ exglobal_diag.sh[153]find ./dir.0037/abi_g17_01.nc4 ./dir.0038/abi_g17_01.nc4 ./dir.0039/abi_g17_01.nc4 ./dir.0043/abi_g17_01.nc4 ./dir.0044/abi_g17_01.nc4 ./dir.0045/abi_g17_01.nc4 ./dir.0046/abi_g17_01.nc4 ./dir.0049/abi_g17_01.nc4 ./dir.0050/abi_g17_01.nc4 ./dir.0051/abi_g17_01.nc4 ./dir.0052/abi_g17_01.nc4 ./dir.0055/abi_g17_01.nc4 ./dir.0056/abi_g17_01.nc4 ./dir.0057/abi_g17_01.nc4 ./dir.0058/abi_g17_01.nc4 ./dir.0061/abi_g17_01.nc4 ./dir.0062/abi_g17_01.nc4 ./dir.0063/abi_g17_01.nc4 ./dir.0064/abi_g17_01.nc4 ./dir.0068/abi_g17_01.nc4 ./dir.0069/abi_g17_01.nc4 -type f -printf .
+ exglobal_diag.sh[153]count=21
+ exglobal_diag.sh[154][[ 21 -eq 0 ]]
+ exglobal_diag.sh[157]echo '/gpfs/f6/drsa-precip4/world-shared/role.glopara/RUNDIRS/C48mx500_3DVarAOWCDA_be51ea02-6363/gdas.2021032500/analdiag.2126922/diag.sh abi_g17 01 ges 21 .nc4'
+ exglobal_diag.sh[158]echo diag_abi_g17_ges.2021032500.nc4.gz
+ exglobal_diag.sh[159]numfile[n]=2
+ exglobal_diag.sh[152]for type in ${diagtype[n]}
++ exglobal_diag.sh[153]wc -c
++ exglobal_diag.sh[153]find './dir.*/abi_g18_01*' -type f -printf .
find: â./dir.*/abi_g18_01*â: No such file or directory
++ exglobal_diag.sh[153]echo 0
+ exglobal_diag.sh[153]count='0
0'
+ exglobal_diag.sh[154][[ 0
0 -eq 0 ]]
/gpfs/f6/drsa-precip3/world-shared/global/CI/GITLAB/pr_cases_4328_be51ea02_6363/global-workflow/scripts/exglobal_diag.sh: line 154: [[: 0
0: syntax error in expression (error token is "0")
+ exglobal_diag.sh[157]echo '/gpfs/f6/drsa-precip4/world-shared/role.glopara/RUNDIRS/C48mx500_3DVarAOWCDA_be51ea02-6363/gdas.2021032500/analdiag.2126922/diag.sh abi_g18 01 ges 0
0 .nc4'
+ exglobal_diag.sh[158]echo diag_abi_g18_ges.2021032500.nc4.gz
+ exglobal_diag.sh[159]numfile[n]=3
+ exglobal_diag.sh[152]for type in ${diagtype[n]}
++ exglobal_diag.sh[153]wc -c
++ exglobal_diag.sh[153]find './dir.*/abi_g19_01*' -type f -printf .
find: â./dir.*/abi_g19_01*â: No such file or directory
++ exglobal_diag.sh[153]echo 0
+ exglobal_diag.sh[153]count='0
0'
+ exglobal_diag.sh[154][[ 0
0 -eq 0 ]]
/gpfs/f6/drsa-precip3/world-shared/global/CI/GITLAB/pr_cases_4328_be51ea02_6363/global-workflow/scripts/exglobal_diag.sh: line 154: [[: 0
0: syntax error in expression (error token is "0")
+ exglobal_diag.sh[157]echo '/gpfs/f6/drsa-precip4/world-shared/role.glopara/RUNDIRS/C48mx500_3DVarAOWCDA_be51ea02-6363/gdas.2021032500/analdiag.2126922/diag.sh abi_g19 01 ges 0
0 .nc4'
+ exglobal_diag.sh[158]echo diag_abi_g19_ges.2021032500.nc4.gz
+ exglobal_diag.sh[159]numfile[n]=4
+ exglobal_diag.sh[152]for type in ${diagtype[n]}
++ exglobal_diag.sh[153]wc -c
++ exglobal_diag.sh[153]find ./dir.0017/ahi_himawari8_01.nc4 ./dir.0022/ahi_himawari8_01.nc4 ./dir.0023/ahi_himawari8_01.nc4 ./dir.0024/ahi_himawari8_01.nc4 ./dir.0025/ahi_himawari8_01.nc4 ./dir.0026/ahi_himawari8_01.nc4 ./dir.0029/ahi_himawari8_01.nc4 ./dir.0030/ahi_himawari8_01.nc4 ./dir.0031/ahi_himawari8_01.nc4 ./dir.0032/ahi_himawari8_01.nc4 ./dir.0033/ahi_himawari8_01.nc4 ./dir.0036/ahi_himawari8_01.nc4 ./dir.0037/ahi_himawari8_01.nc4 ./dir.0038/ahi_himawari8_01.nc4 ./dir.0039/ahi_himawari8_01.nc4 ./dir.0040/ahi_himawari8_01.nc4 ./dir.0043/ahi_himawari8_01.nc4 ./dir.0044/ahi_himawari8_01.nc4 ./dir.0045/ahi_himawari8_01.nc4 ./dir.0046/ahi_himawari8_01.nc4 ./dir.0050/ahi_himawari8_01.nc4 ./dir.0051/ahi_himawari8_01.nc4 -type f -printf .
+ exglobal_diag.sh[153]count=22
+ exglobal_diag.sh[154][[ 22 -eq 0 ]]
+ exglobal_diag.sh[157]echo '/gpfs/f6/drsa-precip4/world-shared/role.glopara/RUNDIRS/C48mx500_3DVarAOWCDA_be51ea02-6363/gdas.2021032500/analdiag.2126922/diag.sh ahi_himawari8 01 ges 22 .nc4'
+ exglobal_diag.sh[158]echo diag_ahi_himawari8_ges.2021032500.nc4.gz
+ exglobal_diag.sh[159]numfile[n]=5
+ exglobal_diag.sh[152]for type in ${diagtype[n]}
++ exglobal_diag.sh[153]wc -c
++ exglobal_diag.sh[153]find './dir.*/ahi_himawari9_01*' -type f -printf .
find: â./dir.*/ahi_himawari9_01*â: No such file or directory
++ exglobal_diag.sh[153]echo 0
+ exglobal_diag.sh[153]count='0
0'
+ exglobal_diag.sh[154][[ 0
0 -eq 0 ]]
/gpfs/f6/drsa-precip3/world-shared/global/CI/GITLAB/pr_cases_4328_be51ea02_6363/global-workflow/scripts/exglobal_diag.sh: line 154: [[: 0
0: syntax error in expression (error token is "0")
+ exglobal_diag.sh[157]echo '/gpfs/f6/drsa-precip4/world-shared/role.glopara/RUNDIRS/C48mx500_3DVarAOWCDA_be51ea02-6363/gdas.2021032500/analdiag.2126922/diag.sh ahi_himawari9 01 ges 0
0 .nc4'
+ exglobal_diag.sh[158]echo diag_ahi_himawari9_ges.2021032500.nc4.gz
+ exglobal_diag.sh[159]numfile[n]=6
+ exglobal_diag.sh[152]for type in ${diagtype[n]}
++ exglobal_diag.sh[153]wc -c
++ exglobal_diag.sh[153]find './dir.*/airs_aqua_01*' -type f -printf .
find: â./dir.*/airs_aqua_01*â: No such file or directory
++ exglobal_diag.sh[153]echo 0
+ exglobal_diag.sh[153]count='0
0'
+ exglobal_diag.sh[154][[ 0
0 -eq 0 ]]
/gpfs/f6/drsa-precip3/world-shared/global/CI/GITLAB/pr_cases_4328_be51ea02_6363/global-workflow/scripts/exglobal_diag.sh: line 154: [[: 0
0: syntax error in expression (error token is "0")
+ exglobal_diag.sh[157]echo '/gpfs/f6/drsa-precip4/world-shared/role.glopara/RUNDIRS/C48mx500_3DVarAOWCDA_be51ea02-6363/gdas.2021032500/analdiag.2126922/diag.sh airs_aqua 01 ges 0
0 .nc4'
+ exglobal_diag.sh[158]echo diag_airs_aqua_ges.2021032500.nc4.gz
+ exglobal_diag.sh[159]numfile[n]=7
+ exglobal_diag.sh[152]for type in ${diagtype[n]}
++ exglobal_diag.sh[153]wc -c
++ exglobal_diag.sh[153]find './dir.*/amsre_aqua_01*' -type f -printf .
find: â./dir.*/amsre_aqua_01*â: No such file or directory
++ exglobal_diag.sh[153]echo 0
+ exglobal_diag.sh[153]count='0
0'
+ exglobal_diag.sh[154][[ 0
0 -eq 0 ]]
/gpfs/f6/drsa-precip3/world-shared/global/CI/GITLAB/pr_cases_4328_be51ea02_6363/global-workflow/scripts/exglobal_diag.sh: line 154: [[: 0
0: syntax error in expression (error token is "0")
+ exglobal_diag.sh[157]echo '/gpfs/f6/drsa-precip4/world-shared/role.glopara/RUNDIRS/C48mx500_3DVarAOWCDA_be51ea02-6363/gdas.2021032500/analdiag.2126922/diag.sh amsre_aqua 01 ges 0
0 .nc4'
+ exglobal_diag.sh[158]echo diag_amsre_aqua_ges.2021032500.nc4.gz
+ exglobal_diag.sh[159]numfile[n]=8
+ exglobal_diag.sh[152]for type in ${diagtype[n]}
++ exglobal_diag.sh[153]wc -c
++ exglobal_diag.sh[153]find './dir.*/amsr2_gcom-w1_01*' -type f -printf .
find: â./dir.*/amsr2_gcom-w1_01*â: No such file or directory
++ exglobal_diag.sh[153]echo 0
+ exglobal_diag.sh[153]count='0
0'
+ exglobal_diag.sh[154][[ 0
0 -eq 0 ]]
/gpfs/f6/drsa-precip3/world-shared/global/CI/GITLAB/pr_cases_4328_be51ea02_6363/global-workflow/scripts/exglobal_diag.sh: line 154: [[: 0
0: syntax error in expression (error token is "0")
+ exglobal_diag.sh[157]echo '/gpfs/f6/drsa-precip4/world-shared/role.glopara/RUNDIRS/C48mx500_3DVarAOWCDA_be51ea02-6363/gdas.2021032500/analdiag.2126922/diag.sh amsr2_gcom-w1 01 ges 0
0 .nc4'
+ exglobal_diag.sh[158]echo diag_amsr2_gcom-w1_ges.2021032500.nc4.gz
+ exglobal_diag.sh[159]numfile[n]=9
+ exglobal_diag.sh[152]for type in ${diagtype[n]}
++ exglobal_diag.sh[153]wc -c
++ exglobal_diag.sh[153]find './dir.*/amsua_aqua_01*' -type f -printf .
find: â./dir.*/amsua_aqua_01*â: No such file or directory
++ exglobal_diag.sh[153]echo 0
+ exglobal_diag.sh[153]count='0
0'
+ exglobal_diag.sh[154][[ 0
0 -eq 0 ]]
/gpfs/f6/drsa-precip3/world-shared/global/CI/GITLAB/pr_cases_4328_be51ea02_6363/global-workflow/scripts/exglobal_diag.sh: line 154: [[: 0
0: syntax error in expression (error token is "0")
+ exglobal_diag.sh[157]echo '/gpfs/f6/drsa-precip4/world-shared/role.glopara/RUNDIRS/C48mx500_3DVarAOWCDA_be51ea02-6363/gdas.2021032500/analdiag.2126922/diag.sh amsua_aqua 01 ges 0
0 .nc4'
+ exglobal_diag.sh[158]echo diag_amsua_aqua_ges.2021032500.nc4.gz
+ exglobal_diag.sh[159]numfile[n]=10
+ exglobal_diag.sh[152]for type in ${diagtype[n]}
++ exglobal_diag.sh[153]wc -c
++ exglobal_diag.sh[153]find ./dir.0000/amsua_metop-a_01.nc4 ./dir.0001/amsua_metop-a_01.nc4 ./dir.0007/amsua_metop-a_01.nc4 ./dir.0008/amsua_metop-a_01.nc4 ./dir.0014/amsua_metop-a_01.nc4 ./dir.0015/amsua_metop-a_01.nc4 ./dir.0016/amsua_metop-a_01.nc4 ./dir.0017/amsua_metop-a_01.nc4 ./dir.0021/amsua_metop-a_01.nc4 ./dir.0022/amsua_metop-a_01.nc4 ./dir.0023/amsua_metop-a_01.nc4 ./dir.0024/amsua_metop-a_01.nc4 ./dir.0025/amsua_metop-a_01.nc4 ./dir.0026/amsua_metop-a_01.nc4 ./dir.0027/amsua_metop-a_01.nc4 ./dir.0028/amsua_metop-a_01.nc4 ./dir.0029/amsua_metop-a_01.nc4 ./dir.0030/amsua_metop-a_01.nc4 ./dir.0031/amsua_metop-a_01.nc4 ./dir.0032/amsua_metop-a_01.nc4 ./dir.0033/amsua_metop-a_01.nc4 ./dir.0034/amsua_metop-a_01.nc4 ./dir.0035/amsua_metop-a_01.nc4 ./dir.0036/amsua_metop-a_01.nc4 ./dir.0037/amsua_metop-a_01.nc4 ./dir.0038/amsua_metop-a_01.nc4 ./dir.0039/amsua_metop-a_01.nc4 ./dir.0040/amsua_metop-a_01.nc4 ./dir.0041/amsua_metop-a_01.nc4 ./dir.0044/amsua_metop-a_01.nc4 ./dir.0045/amsua_metop-a_01.nc4 ./dir.0046/amsua_metop-a_01.nc4 ./dir.0047/amsua_metop-a_01.nc4 ./dir.0053/amsua_metop-a_01.nc4 ./dir.0058/amsua_metop-a_01.nc4 ./dir.0059/amsua_metop-a_01.nc4 ./dir.0060/amsua_metop-a_01.nc4 ./dir.0061/amsua_metop-a_01.nc4 ./dir.0062/amsua_metop-a_01.nc4 ./dir.0063/amsua_metop-a_01.nc4 ./dir.0064/amsua_metop-a_01.nc4 ./dir.0065/amsua_metop-a_01.nc4 ./dir.0066/amsua_metop-a_01.nc4 ./dir.0067/amsua_metop-a_01.nc4 ./dir.0068/amsua_metop-a_01.nc4 ./dir.0069/amsua_metop-a_01.nc4 ./dir.0070/amsua_metop-a_01.nc4 ./dir.0071/amsua_metop-a_01.nc4 ./dir.0072/amsua_metop-a_01.nc4 ./dir.0073/amsua_metop-a_01.nc4 ./dir.0074/amsua_metop-a_01.nc4 ./dir.0075/amsua_metop-a_01.nc4 ./dir.0076/amsua_metop-a_01.nc4 ./dir.0077/amsua_metop-a_01.nc4 ./dir.0078/amsua_metop-a_01.nc4 ./dir.0079/amsua_metop-a_01.nc4 ./dir.0080/amsua_metop-a_01.nc4 ./dir.0081/amsua_metop-a_01.nc4 -type f -printf .
+ exglobal_diag.sh[153]count=58
+ exglobal_diag.sh[154][[ 58 -eq 0 ]]
+ exglobal_diag.sh[157]echo '/gpfs/f6/drsa-precip4/world-shared/role.glopara/RUNDIRS/C48mx500_3DVarAOWCDA_be51ea02-6363/gdas.2021032500/analdiag.2126922/diag.sh amsua_metop-a 01 ges 58 .nc4'
+ exglobal_diag.sh[158]echo diag_amsua_metop-a_ges.2021032500.nc4.gz
+ exglobal_diag.sh[159]numfile[n]=11
+ exglobal_diag.sh[152]for type in ${diagtype[n]}
++ exglobal_diag.sh[153]wc -c
++ exglobal_diag.sh[153]find ./dir.0000/amsua_metop-b_01.nc4 ./dir.0001/amsua_metop-b_01.nc4 ./dir.0002/amsua_metop-b_01.nc4 ./dir.0003/amsua_metop-b_01.nc4 ./dir.0004/amsua_metop-b_01.nc4 ./dir.0007/amsua_metop-b_01.nc4 ./dir.0008/amsua_metop-b_01.nc4 ./dir.0014/amsua_metop-b_01.nc4 ./dir.0015/amsua_metop-b_01.nc4 ./dir.0021/amsua_metop-b_01.nc4 ./dir.0022/amsua_metop-b_01.nc4 ./dir.0023/amsua_metop-b_01.nc4 ./dir.0024/amsua_metop-b_01.nc4 ./dir.0025/amsua_metop-b_01.nc4 ./dir.0028/amsua_metop-b_01.nc4 ./dir.0029/amsua_metop-b_01.nc4 ./dir.0030/amsua_metop-b_01.nc4 ./dir.0031/amsua_metop-b_01.nc4 ./dir.0032/amsua_metop-b_01.nc4 ./dir.0033/amsua_metop-b_01.nc4 ./dir.0034/amsua_metop-b_01.nc4 ./dir.0035/amsua_metop-b_01.nc4 ./dir.0036/amsua_metop-b_01.nc4 ./dir.0037/amsua_metop-b_01.nc4 ./dir.0038/amsua_metop-b_01.nc4 ./dir.0039/amsua_metop-b_01.nc4 ./dir.0040/amsua_metop-b_01.nc4 ./dir.0041/amsua_metop-b_01.nc4 ./dir.0042/amsua_metop-b_01.nc4 ./dir.0043/amsua_metop-b_01.nc4 ./dir.0044/amsua_metop-b_01.nc4 ./dir.0045/amsua_metop-b_01.nc4 ./dir.0046/amsua_metop-b_01.nc4 ./dir.0047/amsua_metop-b_01.nc4 ./dir.0052/amsua_metop-b_01.nc4 ./dir.0053/amsua_metop-b_01.nc4 ./dir.0059/amsua_metop-b_01.nc4 ./dir.0061/amsua_metop-b_01.nc4 ./dir.0062/amsua_metop-b_01.nc4 ./dir.0063/amsua_metop-b_01.nc4 ./dir.0064/amsua_metop-b_01.nc4 ./dir.0065/amsua_metop-b_01.nc4 ./dir.0066/amsua_metop-b_01.nc4 ./dir.0067/amsua_metop-b_01.nc4 ./dir.0068/amsua_metop-b_01.nc4 ./dir.0069/amsua_metop-b_01.nc4 ./dir.0070/amsua_metop-b_01.nc4 ./dir.0071/amsua_metop-b_01.nc4 ./dir.0072/amsua_metop-b_01.nc4 ./dir.0073/amsua_metop-b_01.nc4 ./dir.0074/amsua_metop-b_01.nc4 ./dir.0075/amsua_metop-b_01.nc4 ./dir.0076/amsua_metop-b_01.nc4 ./dir.0077/amsua_metop-b_01.nc4 ./dir.0078/amsua_metop-b_01.nc4 ./dir.0079/amsua_metop-b_01.nc4 ./dir.0080/amsua_metop-b_01.nc4 ./dir.0081/amsua_metop-b_01.nc4 ./dir.0082/amsua_metop-b_01.nc4 ./dir.0083/amsua_metop-b_01.nc4 -type f -printf .
+ exglobal_diag.sh[153]count=60
+ exglobal_diag.sh[154][[ 60 -eq 0 ]]
+ exglobal_diag.sh[157]echo '/gpfs/f6/drsa-precip4/world-shared/role.glopara/RUNDIRS/C48mx500_3DVarAOWCDA_be51ea02-6363/gdas.2021032500/analdiag.2126922/diag.sh amsua_metop-b 01 ges 60 .nc4'
+ exglobal_diag.sh[158]echo diag_amsua_metop-b_ges.2021032500.nc4.gz
+ exglobal_diag.sh[159]numfile[n]=12
+ exglobal_diag.sh[152]for type in ${diagtype[n]}
++ exglobal_diag.sh[153]wc -c
++ exglobal_diag.sh[153]find ./dir.0000/amsua_metop-c_01.nc4 ./dir.0001/amsua_metop-c_01.nc4 ./dir.0002/amsua_metop-c_01.nc4 ./dir.0004/amsua_metop-c_01.nc4 ./dir.0005/amsua_metop-c_01.nc4 ./dir.0006/amsua_metop-c_01.nc4 ./dir.0007/amsua_metop-c_01.nc4 ./dir.0008/amsua_metop-c_01.nc4 ./dir.0014/amsua_metop-c_01.nc4 ./dir.0015/amsua_metop-c_01.nc4 ./dir.0016/amsua_metop-c_01.nc4 ./dir.0021/amsua_metop-c_01.nc4 ./dir.0022/amsua_metop-c_01.nc4 ./dir.0023/amsua_metop-c_01.nc4 ./dir.0024/amsua_metop-c_01.nc4 ./dir.0025/amsua_metop-c_01.nc4 ./dir.0026/amsua_metop-c_01.nc4 ./dir.0027/amsua_metop-c_01.nc4 ./dir.0028/amsua_metop-c_01.nc4 ./dir.0029/amsua_metop-c_01.nc4 ./dir.0030/amsua_metop-c_01.nc4 ./dir.0031/amsua_metop-c_01.nc4 ./dir.0032/amsua_metop-c_01.nc4 ./dir.0033/amsua_metop-c_01.nc4 ./dir.0034/amsua_metop-c_01.nc4 ./dir.0035/amsua_metop-c_01.nc4 ./dir.0036/amsua_metop-c_01.nc4 ./dir.0037/amsua_metop-c_01.nc4 ./dir.0038/amsua_metop-c_01.nc4 ./dir.0039/amsua_metop-c_01.nc4 ./dir.0040/amsua_metop-c_01.nc4 ./dir.0041/amsua_metop-c_01.nc4 ./dir.0042/amsua_metop-c_01.nc4 ./dir.0043/amsua_metop-c_01.nc4 ./dir.0044/amsua_metop-c_01.nc4 ./dir.0045/amsua_metop-c_01.nc4 ./dir.0046/amsua_metop-c_01.nc4 ./dir.0047/amsua_metop-c_01.nc4 ./dir.0052/amsua_metop-c_01.nc4 ./dir.0053/amsua_metop-c_01.nc4 ./dir.0059/amsua_metop-c_01.nc4 ./dir.0063/amsua_metop-c_01.nc4 ./dir.0064/amsua_metop-c_01.nc4 ./dir.0065/amsua_metop-c_01.nc4 ./dir.0066/amsua_metop-c_01.nc4 ./dir.0067/amsua_metop-c_01.nc4 ./dir.0068/amsua_metop-c_01.nc4 ./dir.0069/amsua_metop-c_01.nc4 ./dir.0070/amsua_metop-c_01.nc4 ./dir.0071/amsua_metop-c_01.nc4 ./dir.0072/amsua_metop-c_01.nc4 ./dir.0073/amsua_metop-c_01.nc4 ./dir.0074/amsua_metop-c_01.nc4 ./dir.0075/amsua_metop-c_01.nc4 ./dir.0076/amsua_metop-c_01.nc4 ./dir.0077/amsua_metop-c_01.nc4 ./dir.0078/amsua_metop-c_01.nc4 ./dir.0079/amsua_metop-c_01.nc4 ./dir.0080/amsua_metop-c_01.nc4 ./dir.0081/amsua_metop-c_01.nc4 ./dir.0082/amsua_metop-c_01.nc4 ./dir.0083/amsua_metop-c_01.nc4 -type f -printf .
+ exglobal_diag.sh[153]count=62
+ exglobal_diag.sh[154][[ 62 -eq 0 ]]
+ exglobal_diag.sh[157]echo '/gpfs/f6/drsa-precip4/world-shared/role.glopara/RUNDIRS/C48mx500_3DVarAOWCDA_be51ea02-6363/gdas.2021032500/analdiag.2126922/diag.sh amsua_metop-c 01 ges 62 .nc4'
+ exglobal_diag.sh[158]echo diag_amsua_metop-c_ges.2021032500.nc4.gz
+ exglobal_diag.sh[159]numfile[n]=13
+ exglobal_diag.sh[152]for type in ${diagtype[n]}
++ exglobal_diag.sh[153]wc -c
++ exglobal_diag.sh[153]find ./dir.0000/amsua_n15_01.nc4 ./dir.0001/amsua_n15_01.nc4 ./dir.0007/amsua_n15_01.nc4 ./dir.0008/amsua_n15_01.nc4 ./dir.0014/amsua_n15_01.nc4 ./dir.0015/amsua_n15_01.nc4 ./dir.0016/amsua_n15_01.nc4 ./dir.0017/amsua_n15_01.nc4 ./dir.0021/amsua_n15_01.nc4 ./dir.0022/amsua_n15_01.nc4 ./dir.0023/amsua_n15_01.nc4 ./dir.0024/amsua_n15_01.nc4 ./dir.0025/amsua_n15_01.nc4 ./dir.0026/amsua_n15_01.nc4 ./dir.0027/amsua_n15_01.nc4 ./dir.0028/amsua_n15_01.nc4 ./dir.0029/amsua_n15_01.nc4 ./dir.0030/amsua_n15_01.nc4 ./dir.0031/amsua_n15_01.nc4 ./dir.0032/amsua_n15_01.nc4 ./dir.0033/amsua_n15_01.nc4 ./dir.0034/amsua_n15_01.nc4 ./dir.0037/amsua_n15_01.nc4 ./dir.0038/amsua_n15_01.nc4 ./dir.0039/amsua_n15_01.nc4 ./dir.0040/amsua_n15_01.nc4 ./dir.0041/amsua_n15_01.nc4 ./dir.0046/amsua_n15_01.nc4 ./dir.0047/amsua_n15_01.nc4 ./dir.0053/amsua_n15_01.nc4 ./dir.0056/amsua_n15_01.nc4 ./dir.0057/amsua_n15_01.nc4 ./dir.0058/amsua_n15_01.nc4 ./dir.0059/amsua_n15_01.nc4 ./dir.0060/amsua_n15_01.nc4 ./dir.0061/amsua_n15_01.nc4 ./dir.0062/amsua_n15_01.nc4 ./dir.0063/amsua_n15_01.nc4 ./dir.0064/amsua_n15_01.nc4 ./dir.0065/amsua_n15_01.nc4 ./dir.0066/amsua_n15_01.nc4 ./dir.0067/amsua_n15_01.nc4 ./dir.0068/amsua_n15_01.nc4 ./dir.0069/amsua_n15_01.nc4 ./dir.0070/amsua_n15_01.nc4 ./dir.0071/amsua_n15_01.nc4 ./dir.0072/amsua_n15_01.nc4 ./dir.0073/amsua_n15_01.nc4 ./dir.0074/amsua_n15_01.nc4 ./dir.0075/amsua_n15_01.nc4 ./dir.0076/amsua_n15_01.nc4 ./dir.0077/amsua_n15_01.nc4 ./dir.0078/amsua_n15_01.nc4 ./dir.0079/amsua_n15_01.nc4 ./dir.0080/amsua_n15_01.nc4 ./dir.0081/amsua_n15_01.nc4 -type f -printf .
+ exglobal_diag.sh[153]count=56
+ exglobal_diag.sh[154][[ 56 -eq 0 ]]
+ exglobal_diag.sh[157]echo '/gpfs/f6/drsa-precip4/world-shared/role.glopara/RUNDIRS/C48mx500_3DVarAOWCDA_be51ea02-6363/gdas.2021032500/analdiag.2126922/diag.sh amsua_n15 01 ges 56 .nc4'
+ exglobal_diag.sh[158]echo diag_amsua_n15_ges.2021032500.nc4.gz
+ exglobal_diag.sh[159]numfile[n]=14
+ exglobal_diag.sh[152]for type in ${diagtype[n]}
++ exglobal_diag.sh[153]wc -c
++ exglobal_diag.sh[153]find './dir.*/amsua_n16_01*' -type f -printf .
find: â./dir.*/amsua_n16_01*â: No such file or directory
++ exglobal_diag.sh[153]echo 0
+ exglobal_diag.sh[153]count='0
0'
+ exglobal_diag.sh[154][[ 0
0 -eq 0 ]]
/gpfs/f6/drsa-precip3/world-shared/global/CI/GITLAB/pr_cases_4328_be51ea02_6363/global-workflow/scripts/exglobal_diag.sh: line 154: [[: 0
0: syntax error in expression (error token is "0")
+ exglobal_diag.sh[157]echo '/gpfs/f6/drsa-precip4/world-shared/role.glopara/RUNDIRS/C48mx500_3DVarAOWCDA_be51ea02-6363/gdas.2021032500/analdiag.2126922/diag.sh amsua_n16 01 ges 0
0 .nc4'
+ exglobal_diag.sh[158]echo diag_amsua_n16_ges.2021032500.nc4.gz
+ exglobal_diag.sh[159]numfile[n]=15
+ exglobal_diag.sh[152]for type in ${diagtype[n]}
++ exglobal_diag.sh[153]wc -c
++ exglobal_diag.sh[153]find './dir.*/amsua_n17_01*' -type f -printf .
find: â./dir.*/amsua_n17_01*â: No such file or directory
++ exglobal_diag.sh[153]echo 0
+ exglobal_diag.sh[153]count='0
0'
+ exglobal_diag.sh[154][[ 0
0 -eq 0 ]]
/gpfs/f6/drsa-precip3/world-shared/global/CI/GITLAB/pr_cases_4328_be51ea02_6363/global-workflow/scripts/exglobal_diag.sh: line 154: [[: 0
0: syntax error in expression (error token is "0")
+ exglobal_diag.sh[157]echo '/gpfs/f6/drsa-precip4/world-shared/role.glopara/RUNDIRS/C48mx500_3DVarAOWCDA_be51ea02-6363/gdas.2021032500/analdiag.2126922/diag.sh amsua_n17 01 ges 0
0 .nc4'
+ exglobal_diag.sh[158]echo diag_amsua_n17_ges.2021032500.nc4.gz
+ exglobal_diag.sh[159]numfile[n]=16
+ exglobal_diag.sh[152]for type in ${diagtype[n]}
++ exglobal_diag.sh[153]wc -c
++ exglobal_diag.sh[153]find ./dir.0000/amsua_n18_01.nc4 ./dir.0001/amsua_n18_01.nc4 ./dir.0002/amsua_n18_01.nc4 ./dir.0003/amsua_n18_01.nc4 ./dir.0004/amsua_n18_01.nc4 ./dir.0005/amsua_n18_01.nc4 ./dir.0006/amsua_n18_01.nc4 ./dir.0007/amsua_n18_01.nc4 ./dir.0008/amsua_n18_01.nc4 ./dir.0014/amsua_n18_01.nc4 ./dir.0015/amsua_n18_01.nc4 ./dir.0021/amsua_n18_01.nc4 ./dir.0022/amsua_n18_01.nc4 ./dir.0023/amsua_n18_01.nc4 ./dir.0024/amsua_n18_01.nc4 ./dir.0025/amsua_n18_01.nc4 ./dir.0026/amsua_n18_01.nc4 ./dir.0027/amsua_n18_01.nc4 ./dir.0028/amsua_n18_01.nc4 ./dir.0029/amsua_n18_01.nc4 ./dir.0030/amsua_n18_01.nc4 ./dir.0031/amsua_n18_01.nc4 ./dir.0032/amsua_n18_01.nc4 ./dir.0033/amsua_n18_01.nc4 ./dir.0034/amsua_n18_01.nc4 ./dir.0035/amsua_n18_01.nc4 ./dir.0036/amsua_n18_01.nc4 ./dir.0037/amsua_n18_01.nc4 ./dir.0038/amsua_n18_01.nc4 ./dir.0039/amsua_n18_01.nc4 ./dir.0040/amsua_n18_01.nc4 ./dir.0041/amsua_n18_01.nc4 ./dir.0042/amsua_n18_01.nc4 ./dir.0043/amsua_n18_01.nc4 ./dir.0044/amsua_n18_01.nc4 ./dir.0045/amsua_n18_01.nc4 ./dir.0046/amsua_n18_01.nc4 ./dir.0047/amsua_n18_01.nc4 ./dir.0052/amsua_n18_01.nc4 ./dir.0053/amsua_n18_01.nc4 ./dir.0059/amsua_n18_01.nc4 ./dir.0063/amsua_n18_01.nc4 ./dir.0064/amsua_n18_01.nc4 ./dir.0065/amsua_n18_01.nc4 ./dir.0066/amsua_n18_01.nc4 ./dir.0067/amsua_n18_01.nc4 ./dir.0068/amsua_n18_01.nc4 ./dir.0069/amsua_n18_01.nc4 ./dir.0070/amsua_n18_01.nc4 ./dir.0071/amsua_n18_01.nc4 ./dir.0072/amsua_n18_01.nc4 ./dir.0073/amsua_n18_01.nc4 ./dir.0074/amsua_n18_01.nc4 ./dir.0075/amsua_n18_01.nc4 ./dir.0076/amsua_n18_01.nc4 ./dir.0077/amsua_n18_01.nc4 ./dir.0078/amsua_n18_01.nc4 ./dir.0079/amsua_n18_01.nc4 ./dir.0080/amsua_n18_01.nc4 ./dir.0081/amsua_n18_01.nc4 ./dir.0082/amsua_n18_01.nc4 ./dir.0083/amsua_n18_01.nc4 -type f -printf .
+ exglobal_diag.sh[153]count=62
+ exglobal_diag.sh[154][[ 62 -eq 0 ]]
+ exglobal_diag.sh[157]echo '/gpfs/f6/drsa-precip4/world-shared/role.glopara/RUNDIRS/C48mx500_3DVarAOWCDA_be51ea02-6363/gdas.2021032500/analdiag.2126922/diag.sh amsua_n18 01 ges 62 .nc4'
+ exglobal_diag.sh[158]echo diag_amsua_n18_ges.2021032500.nc4.gz
+ exglobal_diag.sh[159]numfile[n]=17
+ exglobal_diag.sh[152]for type in ${diagtype[n]}
++ exglobal_diag.sh[153]wc -c
++ exglobal_diag.sh[153]find ./dir.0000/amsua_n19_01.nc4 ./dir.0001/amsua_n19_01.nc4 ./dir.0007/amsua_n19_01.nc4 ./dir.0008/amsua_n19_01.nc4 ./dir.0009/amsua_n19_01.nc4 ./dir.0014/amsua_n19_01.nc4 ./dir.0015/amsua_n19_01.nc4 ./dir.0016/amsua_n19_01.nc4 ./dir.0017/amsua_n19_01.nc4 ./dir.0018/amsua_n19_01.nc4 ./dir.0019/amsua_n19_01.nc4 ./dir.0020/amsua_n19_01.nc4 ./dir.0021/amsua_n19_01.nc4 ./dir.0022/amsua_n19_01.nc4 ./dir.0023/amsua_n19_01.nc4 ./dir.0024/amsua_n19_01.nc4 ./dir.0025/amsua_n19_01.nc4 ./dir.0026/amsua_n19_01.nc4 ./dir.0027/amsua_n19_01.nc4 ./dir.0028/amsua_n19_01.nc4 ./dir.0029/amsua_n19_01.nc4 ./dir.0030/amsua_n19_01.nc4 ./dir.0031/amsua_n19_01.nc4 ./dir.0032/amsua_n19_01.nc4 ./dir.0033/amsua_n19_01.nc4 ./dir.0034/amsua_n19_01.nc4 ./dir.0035/amsua_n19_01.nc4 ./dir.0036/amsua_n19_01.nc4 ./dir.0039/amsua_n19_01.nc4 ./dir.0040/amsua_n19_01.nc4 ./dir.0041/amsua_n19_01.nc4 ./dir.0047/amsua_n19_01.nc4 ./dir.0051/amsua_n19_01.nc4 ./dir.0052/amsua_n19_01.nc4 ./dir.0053/amsua_n19_01.nc4 ./dir.0054/amsua_n19_01.nc4 ./dir.0055/amsua_n19_01.nc4 ./dir.0056/amsua_n19_01.nc4 ./dir.0057/amsua_n19_01.nc4 ./dir.0058/amsua_n19_01.nc4 ./dir.0059/amsua_n19_01.nc4 ./dir.0060/amsua_n19_01.nc4 ./dir.0061/amsua_n19_01.nc4 ./dir.0062/amsua_n19_01.nc4 ./dir.0063/amsua_n19_01.nc4 ./dir.0064/amsua_n19_01.nc4 ./dir.0065/amsua_n19_01.nc4 ./dir.0066/amsua_n19_01.nc4 ./dir.0067/amsua_n19_01.nc4 ./dir.0068/amsua_n19_01.nc4 ./dir.0069/amsua_n19_01.nc4 ./dir.0070/amsua_n19_01.nc4 ./dir.0071/amsua_n19_01.nc4 ./dir.0072/amsua_n19_01.nc4 ./dir.0073/amsua_n19_01.nc4 ./dir.0074/amsua_n19_01.nc4 ./dir.0075/amsua_n19_01.nc4 ./dir.0076/amsua_n19_01.nc4 ./dir.0077/amsua_n19_01.nc4 ./dir.0078/amsua_n19_01.nc4 ./dir.0079/amsua_n19_01.nc4 -type f -printf .
+ exglobal_diag.sh[153]count=61
+ exglobal_diag.sh[154][[ 61 -eq 0 ]]
+ exglobal_diag.sh[157]echo '/gpfs/f6/drsa-precip4/world-shared/role.glopara/RUNDIRS/C48mx500_3DVarAOWCDA_be51ea02-6363/gdas.2021032500/analdiag.2126922/diag.sh amsua_n19 01 ges 61 .nc4'
+ exglobal_diag.sh[158]echo diag_amsua_n19_ges.2021032500.nc4.gz
+ exglobal_diag.sh[159]numfile[n]=18
+ exglobal_diag.sh[152]for type in ${diagtype[n]}
++ exglobal_diag.sh[153]wc -c
++ exglobal_diag.sh[153]find './dir.*/amsub_n15_01*' -type f -printf .
find: â./dir.*/amsub_n15_01*â: No such file or directory
++ exglobal_diag.sh[153]echo 0
+ exglobal_diag.sh[153]count='0
0'
+ exglobal_diag.sh[154][[ 0
0 -eq 0 ]]
/gpfs/f6/drsa-precip3/world-shared/global/CI/GITLAB/pr_cases_4328_be51ea02_6363/global-workflow/scripts/exglobal_diag.sh: line 154: [[: 0
0: syntax error in expression (error token is "0")
+ exglobal_diag.sh[157]echo '/gpfs/f6/drsa-precip4/world-shared/role.glopara/RUNDIRS/C48mx500_3DVarAOWCDA_be51ea02-6363/gdas.2021032500/analdiag.2126922/diag.sh amsub_n15 01 ges 0
0 .nc4'
+ exglobal_diag.sh[158]echo diag_amsub_n15_ges.2021032500.nc4.gz
+ exglobal_diag.sh[159]numfile[n]=19
+ exglobal_diag.sh[152]for type in ${diagtype[n]}
++ exglobal_diag.sh[153]wc -c
++ exglobal_diag.sh[153]find './dir.*/amsub_n16_01*' -type f -printf .
find: â./dir.*/amsub_n16_01*â: No such file or directory
++ exglobal_diag.sh[153]echo 0
+ exglobal_diag.sh[153]count='0
0'
+ exglobal_diag.sh[154][[ 0
0 -eq 0 ]]
/gpfs/f6/drsa-precip3/world-shared/global/CI/GITLAB/pr_cases_4328_be51ea02_6363/global-workflow/scripts/exglobal_diag.sh: line 154: [[: 0
0: syntax error in expression (error token is "0")
+ exglobal_diag.sh[157]echo '/gpfs/f6/drsa-precip4/world-shared/role.glopara/RUNDIRS/C48mx500_3DVarAOWCDA_be51ea02-6363/gdas.2021032500/analdiag.2126922/diag.sh amsub_n16 01 ges 0
0 .nc4'
+ exglobal_diag.sh[158]echo diag_amsub_n16_ges.2021032500.nc4.gz
+ exglobal_diag.sh[159]numfile[n]=20
+ exglobal_diag.sh[152]for type in ${diagtype[n]}
++ exglobal_diag.sh[153]wc -c
++ exglobal_diag.sh[153]find './dir.*/amsub_n17_01*' -type f -printf .
find: â./dir.*/amsub_n17_01*â: No such file or directory
++ exglobal_diag.sh[153]echo 0
+ exglobal_diag.sh[153]count='0
0'
+ exglobal_diag.sh[154][[ 0
0 -eq 0 ]]
/gpfs/f6/drsa-precip3/world-shared/global/CI/GITLAB/pr_cases_4328_be51ea02_6363/global-workflow/scripts/exglobal_diag.sh: line 154: [[: 0
0: syntax error in expression (error token is "0")
+ exglobal_diag.sh[157]echo '/gpfs/f6/drsa-precip4/world-shared/role.glopara/RUNDIRS/C48mx500_3DVarAOWCDA_be51ea02-6363/gdas.2021032500/analdiag.2126922/diag.sh amsub_n17 01 ges 0
0 .nc4'
+ exglobal_diag.sh[158]echo diag_amsub_n17_ges.2021032500.nc4.gz
+ exglobal_diag.sh[159]numfile[n]=21
+ exglobal_diag.sh[152]for type in ${diagtype[n]}
++ exglobal_diag.sh[153]wc -c
++ exglobal_diag.sh[153]find ./dir.0000/atms_npp_01.nc4 ./dir.0001/atms_npp_01.nc4 ./dir.0002/atms_npp_01.nc4 ./dir.0003/atms_npp_01.nc4 ./dir.0004/atms_npp_01.nc4 ./dir.0005/atms_npp_01.nc4 ./dir.0006/atms_npp_01.nc4 ./dir.0007/atms_npp_01.nc4 ./dir.0008/atms_npp_01.nc4 ./dir.0009/atms_npp_01.nc4 ./dir.0010/atms_npp_01.nc4 ./dir.0011/atms_npp_01.nc4 ./dir.0012/atms_npp_01.nc4 ./dir.0013/atms_npp_01.nc4 ./dir.0014/atms_npp_01.nc4 ./dir.0015/atms_npp_01.nc4 ./dir.0016/atms_npp_01.nc4 ./dir.0017/atms_npp_01.nc4 ./dir.0018/atms_npp_01.nc4 ./dir.0019/atms_npp_01.nc4 ./dir.0020/atms_npp_01.nc4 ./dir.0025/atms_npp_01.nc4 ./dir.0026/atms_npp_01.nc4 ./dir.0027/atms_npp_01.nc4 ./dir.0033/atms_npp_01.nc4 ./dir.0034/atms_npp_01.nc4 ./dir.0035/atms_npp_01.nc4 ./dir.0036/atms_npp_01.nc4 ./dir.0037/atms_npp_01.nc4 ./dir.0038/atms_npp_01.nc4 ./dir.0039/atms_npp_01.nc4 ./dir.0040/atms_npp_01.nc4 ./dir.0041/atms_npp_01.nc4 ./dir.0042/atms_npp_01.nc4 ./dir.0043/atms_npp_01.nc4 ./dir.0044/atms_npp_01.nc4 ./dir.0045/atms_npp_01.nc4 ./dir.0046/atms_npp_01.nc4 ./dir.0047/atms_npp_01.nc4 ./dir.0048/atms_npp_01.nc4 ./dir.0049/atms_npp_01.nc4 ./dir.0050/atms_npp_01.nc4 ./dir.0051/atms_npp_01.nc4 ./dir.0052/atms_npp_01.nc4 ./dir.0053/atms_npp_01.nc4 ./dir.0054/atms_npp_01.nc4 ./dir.0055/atms_npp_01.nc4 ./dir.0056/atms_npp_01.nc4 ./dir.0057/atms_npp_01.nc4 ./dir.0058/atms_npp_01.nc4 ./dir.0059/atms_npp_01.nc4 ./dir.0060/atms_npp_01.nc4 ./dir.0061/atms_npp_01.nc4 ./dir.0066/atms_npp_01.nc4 ./dir.0072/atms_npp_01.nc4 ./dir.0073/atms_npp_01.nc4 ./dir.0074/atms_npp_01.nc4 ./dir.0078/atms_npp_01.nc4 ./dir.0079/atms_npp_01.nc4 ./dir.0080/atms_npp_01.nc4 ./dir.0081/atms_npp_01.nc4 ./dir.0082/atms_npp_01.nc4 ./dir.0083/atms_npp_01.nc4 -type f -printf .
+ exglobal_diag.sh[153]count=63
+ exglobal_diag.sh[154][[ 63 -eq 0 ]]
+ exglobal_diag.sh[157]echo '/gpfs/f6/drsa-precip4/world-shared/role.glopara/RUNDIRS/C48mx500_3DVarAOWCDA_be51ea02-6363/gdas.2021032500/analdiag.2126922/diag.sh atms_npp 01 ges 63 .nc4'
+ exglobal_diag.sh[158]echo diag_atms_npp_ges.2021032500.nc4.gz
+ exglobal_diag.sh[159]numfile[n]=22
+ exglobal_diag.sh[152]for type in ${diagtype[n]}
++ exglobal_diag.sh[153]wc -c
++ exglobal_diag.sh[153]find ./dir.0000/atms_n20_01.nc4 ./dir.0001/atms_n20_01.nc4 ./dir.0002/atms_n20_01.nc4 ./dir.0003/atms_n20_01.nc4 ./dir.0004/atms_n20_01.nc4 ./dir.0005/atms_n20_01.nc4 ./dir.0006/atms_n20_01.nc4 ./dir.0007/atms_n20_01.nc4 ./dir.0008/atms_n20_01.nc4 ./dir.0009/atms_n20_01.nc4 ./dir.0010/atms_n20_01.nc4 ./dir.0011/atms_n20_01.nc4 ./dir.0012/atms_n20_01.nc4 ./dir.0013/atms_n20_01.nc4 ./dir.0016/atms_n20_01.nc4 ./dir.0017/atms_n20_01.nc4 ./dir.0018/atms_n20_01.nc4 ./dir.0019/atms_n20_01.nc4 ./dir.0020/atms_n20_01.nc4 ./dir.0026/atms_n20_01.nc4 ./dir.0027/atms_n20_01.nc4 ./dir.0033/atms_n20_01.nc4 ./dir.0034/atms_n20_01.nc4 ./dir.0036/atms_n20_01.nc4 ./dir.0037/atms_n20_01.nc4 ./dir.0038/atms_n20_01.nc4 ./dir.0039/atms_n20_01.nc4 ./dir.0040/atms_n20_01.nc4 ./dir.0041/atms_n20_01.nc4 ./dir.0042/atms_n20_01.nc4 ./dir.0043/atms_n20_01.nc4 ./dir.0044/atms_n20_01.nc4 ./dir.0045/atms_n20_01.nc4 ./dir.0046/atms_n20_01.nc4 ./dir.0047/atms_n20_01.nc4 ./dir.0048/atms_n20_01.nc4 ./dir.0049/atms_n20_01.nc4 ./dir.0050/atms_n20_01.nc4 ./dir.0051/atms_n20_01.nc4 ./dir.0052/atms_n20_01.nc4 ./dir.0053/atms_n20_01.nc4 ./dir.0054/atms_n20_01.nc4 ./dir.0055/atms_n20_01.nc4 ./dir.0056/atms_n20_01.nc4 ./dir.0057/atms_n20_01.nc4 ./dir.0058/atms_n20_01.nc4 ./dir.0059/atms_n20_01.nc4 ./dir.0060/atms_n20_01.nc4 ./dir.0061/atms_n20_01.nc4 ./dir.0062/atms_n20_01.nc4 ./dir.0066/atms_n20_01.nc4 ./dir.0072/atms_n20_01.nc4 ./dir.0073/atms_n20_01.nc4 ./dir.0075/atms_n20_01.nc4 ./dir.0076/atms_n20_01.nc4 ./dir.0078/atms_n20_01.nc4 ./dir.0079/atms_n20_01.nc4 ./dir.0080/atms_n20_01.nc4 ./dir.0081/atms_n20_01.nc4 ./dir.0082/atms_n20_01.nc4 ./dir.0083/atms_n20_01.nc4 -type f -printf .
+ exglobal_diag.sh[153]count=61
+ exglobal_diag.sh[154][[ 61 -eq 0 ]]
+ exglobal_diag.sh[157]echo '/gpfs/f6/drsa-precip4/world-shared/role.glopara/RUNDIRS/C48mx500_3DVarAOWCDA_be51ea02-6363/gdas.2021032500/analdiag.2126922/diag.sh atms_n20 01 ges 61 .nc4'
+ exglobal_diag.sh[158]echo diag_atms_n20_ges.2021032500.nc4.gz
+ exglobal_diag.sh[159]numfile[n]=23
+ exglobal_diag.sh[152]for type in ${diagtype[n]}
++ exglobal_diag.sh[153]wc -c
++ exglobal_diag.sh[153]find './dir.*/atms_n21_01*' -type f -printf .
find: â./dir.*/atms_n21_01*â: No such file or directory
++ exglobal_diag.sh[153]echo 0
+ exglobal_diag.sh[153]count='0
0'
+ exglobal_diag.sh[154][[ 0
0 -eq 0 ]]
/gpfs/f6/drsa-precip3/world-shared/global/CI/GITLAB/pr_cases_4328_be51ea02_6363/global-workflow/scripts/exglobal_diag.sh: line 154: [[: 0
0: syntax error in expression (error token is "0")
+ exglobal_diag.sh[157]echo '/gpfs/f6/drsa-precip4/world-shared/role.glopara/RUNDIRS/C48mx500_3DVarAOWCDA_be51ea02-6363/gdas.2021032500/analdiag.2126922/diag.sh atms_n21 01 ges 0
0 .nc4'
+ exglobal_diag.sh[158]echo diag_atms_n21_ges.2021032500.nc4.gz
+ exglobal_diag.sh[159]numfile[n]=24
+ exglobal_diag.sh[152]for type in ${diagtype[n]}
++ exglobal_diag.sh[153]wc -c
++ exglobal_diag.sh[153]find './dir.*/avhrr2_n14_01*' -type f -printf .
find: â./dir.*/avhrr2_n14_01*â: No such file or directory
++ exglobal_diag.sh[153]echo 0
+ exglobal_diag.sh[153]count='0
0'
+ exglobal_diag.sh[154][[ 0
0 -eq 0 ]]
/gpfs/f6/drsa-precip3/world-shared/global/CI/GITLAB/pr_cases_4328_be51ea02_6363/global-workflow/scripts/exglobal_diag.sh: line 154: [[: 0
0: syntax error in expression (error token is "0")
+ exglobal_diag.sh[157]echo '/gpfs/f6/drsa-precip4/world-shared/role.glopara/RUNDIRS/C48mx500_3DVarAOWCDA_be51ea02-6363/gdas.2021032500/analdiag.2126922/diag.sh avhrr2_n14 01 ges 0
0 .nc4'
+ exglobal_diag.sh[158]echo diag_avhrr2_n14_ges.2021032500.nc4.gz
+ exglobal_diag.sh[159]numfile[n]=25
+ exglobal_diag.sh[152]for type in ${diagtype[n]}
++ exglobal_diag.sh[153]wc -c
++ exglobal_diag.sh[153]find './dir.*/avhrr3_metop-a_01*' -type f -printf .
find: â./dir.*/avhrr3_metop-a_01*â: No such file or directory
++ exglobal_diag.sh[153]echo 0
+ exglobal_diag.sh[153]count='0
0'
+ exglobal_diag.sh[154][[ 0
0 -eq 0 ]]
/gpfs/f6/drsa-precip3/world-shared/global/CI/GITLAB/pr_cases_4328_be51ea02_6363/global-workflow/scripts/exglobal_diag.sh: line 154: [[: 0
0: syntax error in expression (error token is "0")
+ exglobal_diag.sh[157]echo '/gpfs/f6/drsa-precip4/world-shared/role.glopara/RUNDIRS/C48mx500_3DVarAOWCDA_be51ea02-6363/gdas.2021032500/analdiag.2126922/diag.sh avhrr3_metop-a 01 ges 0
0 .nc4'
+ exglobal_diag.sh[158]echo diag_avhrr3_metop-a_ges.2021032500.nc4.gz
+ exglobal_diag.sh[159]numfile[n]=26
+ exglobal_diag.sh[152]for type in ${diagtype[n]}
++ exglobal_diag.sh[153]wc -c
++ exglobal_diag.sh[153]find './dir.*/avhrr3_metop-b_01*' -type f -printf .
find: â./dir.*/avhrr3_metop-b_01*â: No such file or directory
++ exglobal_diag.sh[153]echo 0
+ exglobal_diag.sh[153]count='0
0'
+ exglobal_diag.sh[154][[ 0
0 -eq 0 ]]
/gpfs/f6/drsa-precip3/world-shared/global/CI/GITLAB/pr_cases_4328_be51ea02_6363/global-workflow/scripts/exglobal_diag.sh: line 154: [[: 0
0: syntax error in expression (error token is "0")
+ exglobal_diag.sh[157]echo '/gpfs/f6/drsa-precip4/world-shared/role.glopara/RUNDIRS/C48mx500_3DVarAOWCDA_be51ea02-6363/gdas.2021032500/analdiag.2126922/diag.sh avhrr3_metop-b 01 ges 0
0 .nc4'
+ exglobal_diag.sh[158]echo diag_avhrr3_metop-b_ges.2021032500.nc4.gz
+ exglobal_diag.sh[159]numfile[n]=27
+ exglobal_diag.sh[152]for type in ${diagtype[n]}
++ exglobal_diag.sh[153]wc -c
++ exglobal_diag.sh[153]find './dir.*/avhrr3_metop-c_01*' -type f -printf .
find: â./dir.*/avhrr3_metop-c_01*â: No such file or directory
++ exglobal_diag.sh[153]echo 0
+ exglobal_diag.sh[153]count='0
0'
+ exglobal_diag.sh[154][[ 0
0 -eq 0 ]]
/gpfs/f6/drsa-precip3/world-shared/global/CI/GITLAB/pr_cases_4328_be51ea02_6363/global-workflow/scripts/exglobal_diag.sh: line 154: [[: 0
0: syntax error in expression (error token is "0")
+ exglobal_diag.sh[157]echo '/gpfs/f6/drsa-precip4/world-shared/role.glopara/RUNDIRS/C48mx500_3DVarAOWCDA_be51ea02-6363/gdas.2021032500/analdiag.2126922/diag.sh avhrr3_metop-c 01 ges 0
0 .nc4'
+ exglobal_diag.sh[158]echo diag_avhrr3_metop-c_ges.2021032500.nc4.gz
+ exglobal_diag.sh[159]numfile[n]=28
+ exglobal_diag.sh[152]for type in ${diagtype[n]}
++ exglobal_diag.sh[153]wc -c
++ exglobal_diag.sh[153]find './dir.*/avhrr3_n15_01*' -type f -printf .
find: â./dir.*/avhrr3_n15_01*â: No such file or directory
++ exglobal_diag.sh[153]echo 0
+ exglobal_diag.sh[153]count='0
0'
+ exglobal_diag.sh[154][[ 0
0 -eq 0 ]]
/gpfs/f6/drsa-precip3/world-shared/global/CI/GITLAB/pr_cases_4328_be51ea02_6363/global-workflow/scripts/exglobal_diag.sh: line 154: [[: 0
0: syntax error in expression (error token is "0")
+ exglobal_diag.sh[157]echo '/gpfs/f6/drsa-precip4/world-shared/role.glopara/RUNDIRS/C48mx500_3DVarAOWCDA_be51ea02-6363/gdas.2021032500/analdiag.2126922/diag.sh avhrr3_n15 01 ges 0
0 .nc4'
+ exglobal_diag.sh[158]echo diag_avhrr3_n15_ges.2021032500.nc4.gz
+ exglobal_diag.sh[159]numfile[n]=29
+ exglobal_diag.sh[152]for type in ${diagtype[n]}
++ exglobal_diag.sh[153]wc -c
++ exglobal_diag.sh[153]find './dir.*/avhrr3_n16_01*' -type f -printf .
find: â./dir.*/avhrr3_n16_01*â: No such file or directory
++ exglobal_diag.sh[153]echo 0
+ exglobal_diag.sh[153]count='0
0'
+ exglobal_diag.sh[154][[ 0
0 -eq 0 ]]
/gpfs/f6/drsa-precip3/world-shared/global/CI/GITLAB/pr_cases_4328_be51ea02_6363/global-workflow/scripts/exglobal_diag.sh: line 154: [[: 0
0: syntax error in expression (error token is "0")
+ exglobal_diag.sh[157]echo '/gpfs/f6/drsa-precip4/world-shared/role.glopara/RUNDIRS/C48mx500_3DVarAOWCDA_be51ea02-6363/gdas.2021032500/analdiag.2126922/diag.sh avhrr3_n16 01 ges 0
0 .nc4'
+ exglobal_diag.sh[158]echo diag_avhrr3_n16_ges.2021032500.nc4.gz
+ exglobal_diag.sh[159]numfile[n]=30
+ exglobal_diag.sh[152]for type in ${diagtype[n]}
++ exglobal_diag.sh[153]wc -c
++ exglobal_diag.sh[153]find './dir.*/avhrr3_n17_01*' -type f -printf .
find: â./dir.*/avhrr3_n17_01*â: No such file or directory
++ exglobal_diag.sh[153]echo 0
+ exglobal_diag.sh[153]count='0
0'
+ exglobal_diag.sh[154][[ 0
0 -eq 0 ]]
/gpfs/f6/drsa-precip3/world-shared/global/CI/GITLAB/pr_cases_4328_be51ea02_6363/global-workflow/scripts/exglobal_diag.sh: line 154: [[: 0
0: syntax error in expression (error token is "0")
+ exglobal_diag.sh[157]echo '/gpfs/f6/drsa-precip4/world-shared/role.glopara/RUNDIRS/C48mx500_3DVarAOWCDA_be51ea02-6363/gdas.2021032500/analdiag.2126922/diag.sh avhrr3_n17 01 ges 0
0 .nc4'
+ exglobal_diag.sh[158]echo diag_avhrr3_n17_ges.2021032500.nc4.gz
+ exglobal_diag.sh[159]numfile[n]=31
+ exglobal_diag.sh[152]for type in ${diagtype[n]}
++ exglobal_diag.sh[153]wc -c
++ exglobal_diag.sh[153]find './dir.*/avhrr3_n18_01*' -type f -printf .
find: â./dir.*/avhrr3_n18_01*â: No such file or directory
++ exglobal_diag.sh[153]echo 0
+ exglobal_diag.sh[153]count='0
0'
+ exglobal_diag.sh[154][[ 0
0 -eq 0 ]]
/gpfs/f6/drsa-precip3/world-shared/global/CI/GITLAB/pr_cases_4328_be51ea02_6363/global-workflow/scripts/exglobal_diag.sh: line 154: [[: 0
0: syntax error in expression (error token is "0")
+ exglobal_diag.sh[157]echo '/gpfs/f6/drsa-precip4/world-shared/role.glopara/RUNDIRS/C48mx500_3DVarAOWCDA_be51ea02-6363/gdas.2021032500/analdiag.2126922/diag.sh avhrr3_n18 01 ges 0
0 .nc4'
+ exglobal_diag.sh[158]echo diag_avhrr3_n18_ges.2021032500.nc4.gz
+ exglobal_diag.sh[159]numfile[n]=32
+ exglobal_diag.sh[152]for type in ${diagtype[n]}
++ exglobal_diag.sh[153]wc -c
++ exglobal_diag.sh[153]find './dir.*/avhrr3_n19_01*' -type f -printf .
find: â./dir.*/avhrr3_n19_01*â: No such file or directory
++ exglobal_diag.sh[153]echo 0
+ exglobal_diag.sh[153]count='0
0'
+ exglobal_diag.sh[154][[ 0
0 -eq 0 ]]
/gpfs/f6/drsa-precip3/world-shared/global/CI/GITLAB/pr_cases_4328_be51ea02_6363/global-workflow/scripts/exglobal_diag.sh: line 154: [[: 0
0: syntax error in expression (error token is "0")
+ exglobal_diag.sh[157]echo '/gpfs/f6/drsa-precip4/world-shared/role.glopara/RUNDIRS/C48mx500_3DVarAOWCDA_be51ea02-6363/gdas.2021032500/analdiag.2126922/diag.sh avhrr3_n19 01 ges 0
0 .nc4'
+ exglobal_diag.sh[158]echo diag_avhrr3_n19_ges.2021032500.nc4.gz
+ exglobal_diag.sh[159]numfile[n]=33
+ exglobal_diag.sh[152]for type in ${diagtype[n]}
++ exglobal_diag.sh[153]wc -c
++ exglobal_diag.sh[153]find './dir.*/cris_npp_01*' -type f -printf .
find: â./dir.*/cris_npp_01*â: No such file or directory
++ exglobal_diag.sh[153]echo 0
+ exglobal_diag.sh[153]count='0
0'
+ exglobal_diag.sh[154][[ 0
0 -eq 0 ]]
/gpfs/f6/drsa-precip3/world-shared/global/CI/GITLAB/pr_cases_4328_be51ea02_6363/global-workflow/scripts/exglobal_diag.sh: line 154: [[: 0
0: syntax error in expression (error token is "0")
+ exglobal_diag.sh[157]echo '/gpfs/f6/drsa-precip4/world-shared/role.glopara/RUNDIRS/C48mx500_3DVarAOWCDA_be51ea02-6363/gdas.2021032500/analdiag.2126922/diag.sh cris_npp 01 ges 0
0 .nc4'
+ exglobal_diag.sh[158]echo diag_cris_npp_ges.2021032500.nc4.gz
+ exglobal_diag.sh[159]numfile[n]=34
+ exglobal_diag.sh[152]for type in ${diagtype[n]}
++ exglobal_diag.sh[153]wc -c
++ exglobal_diag.sh[153]find ./dir.0000/cris-fsr_npp_01.nc4 ./dir.0001/cris-fsr_npp_01.nc4 ./dir.0002/cris-fsr_npp_01.nc4 ./dir.0003/cris-fsr_npp_01.nc4 ./dir.0004/cris-fsr_npp_01.nc4 ./dir.0005/cris-fsr_npp_01.nc4 ./dir.0006/cris-fsr_npp_01.nc4 ./dir.0007/cris-fsr_npp_01.nc4 ./dir.0008/cris-fsr_npp_01.nc4 ./dir.0009/cris-fsr_npp_01.nc4 ./dir.0010/cris-fsr_npp_01.nc4 ./dir.0011/cris-fsr_npp_01.nc4 ./dir.0012/cris-fsr_npp_01.nc4 ./dir.0013/cris-fsr_npp_01.nc4 ./dir.0014/cris-fsr_npp_01.nc4 ./dir.0015/cris-fsr_npp_01.nc4 ./dir.0016/cris-fsr_npp_01.nc4 ./dir.0017/cris-fsr_npp_01.nc4 ./dir.0018/cris-fsr_npp_01.nc4 ./dir.0019/cris-fsr_npp_01.nc4 ./dir.0020/cris-fsr_npp_01.nc4 ./dir.0021/cris-fsr_npp_01.nc4 ./dir.0025/cris-fsr_npp_01.nc4 ./dir.0026/cris-fsr_npp_01.nc4 ./dir.0027/cris-fsr_npp_01.nc4 ./dir.0028/cris-fsr_npp_01.nc4 ./dir.0033/cris-fsr_npp_01.nc4 ./dir.0034/cris-fsr_npp_01.nc4 ./dir.0035/cris-fsr_npp_01.nc4 ./dir.0036/cris-fsr_npp_01.nc4 ./dir.0037/cris-fsr_npp_01.nc4 ./dir.0038/cris-fsr_npp_01.nc4 ./dir.0039/cris-fsr_npp_01.nc4 ./dir.0040/cris-fsr_npp_01.nc4 ./dir.0041/cris-fsr_npp_01.nc4 ./dir.0042/cris-fsr_npp_01.nc4 ./dir.0043/cris-fsr_npp_01.nc4 ./dir.0044/cris-fsr_npp_01.nc4 ./dir.0045/cris-fsr_npp_01.nc4 ./dir.0046/cris-fsr_npp_01.nc4 ./dir.0047/cris-fsr_npp_01.nc4 ./dir.0048/cris-fsr_npp_01.nc4 ./dir.0049/cris-fsr_npp_01.nc4 ./dir.0050/cris-fsr_npp_01.nc4 ./dir.0051/cris-fsr_npp_01.nc4 ./dir.0052/cris-fsr_npp_01.nc4 ./dir.0053/cris-fsr_npp_01.nc4 ./dir.0054/cris-fsr_npp_01.nc4 ./dir.0055/cris-fsr_npp_01.nc4 ./dir.0056/cris-fsr_npp_01.nc4 ./dir.0057/cris-fsr_npp_01.nc4 ./dir.0058/cris-fsr_npp_01.nc4 ./dir.0059/cris-fsr_npp_01.nc4 ./dir.0060/cris-fsr_npp_01.nc4 ./dir.0061/cris-fsr_npp_01.nc4 ./dir.0065/cris-fsr_npp_01.nc4 ./dir.0066/cris-fsr_npp_01.nc4 ./dir.0067/cris-fsr_npp_01.nc4 ./dir.0071/cris-fsr_npp_01.nc4 ./dir.0072/cris-fsr_npp_01.nc4 ./dir.0073/cris-fsr_npp_01.nc4 ./dir.0074/cris-fsr_npp_01.nc4 ./dir.0077/cris-fsr_npp_01.nc4 ./dir.0078/cris-fsr_npp_01.nc4 ./dir.0079/cris-fsr_npp_01.nc4 ./dir.0080/cris-fsr_npp_01.nc4 ./dir.0081/cris-fsr_npp_01.nc4 ./dir.0082/cris-fsr_npp_01.nc4 ./dir.0083/cris-fsr_npp_01.nc4 -type f -printf .
+ exglobal_diag.sh[153]count=69
+ exglobal_diag.sh[154][[ 69 -eq 0 ]]
+ exglobal_diag.sh[157]echo '/gpfs/f6/drsa-precip4/world-shared/role.glopara/RUNDIRS/C48mx500_3DVarAOWCDA_be51ea02-6363/gdas.2021032500/analdiag.2126922/diag.sh cris-fsr_npp 01 ges 69 .nc4'
+ exglobal_diag.sh[158]echo diag_cris-fsr_npp_ges.2021032500.nc4.gz
+ exglobal_diag.sh[159]numfile[n]=35
+ exglobal_diag.sh[152]for type in ${diagtype[n]}
++ exglobal_diag.sh[153]wc -c
++ exglobal_diag.sh[153]find ./dir.0000/cris-fsr_n20_01.nc4 ./dir.0001/cris-fsr_n20_01.nc4 ./dir.0002/cris-fsr_n20_01.nc4 ./dir.0003/cris-fsr_n20_01.nc4 ./dir.0004/cris-fsr_n20_01.nc4 ./dir.0005/cris-fsr_n20_01.nc4 ./dir.0006/cris-fsr_n20_01.nc4 ./dir.0007/cris-fsr_n20_01.nc4 ./dir.0008/cris-fsr_n20_01.nc4 ./dir.0009/cris-fsr_n20_01.nc4 ./dir.0010/cris-fsr_n20_01.nc4 ./dir.0011/cris-fsr_n20_01.nc4 ./dir.0012/cris-fsr_n20_01.nc4 ./dir.0013/cris-fsr_n20_01.nc4 ./dir.0014/cris-fsr_n20_01.nc4 ./dir.0016/cris-fsr_n20_01.nc4 ./dir.0017/cris-fsr_n20_01.nc4 ./dir.0018/cris-fsr_n20_01.nc4 ./dir.0019/cris-fsr_n20_01.nc4 ./dir.0020/cris-fsr_n20_01.nc4 ./dir.0021/cris-fsr_n20_01.nc4 ./dir.0026/cris-fsr_n20_01.nc4 ./dir.0027/cris-fsr_n20_01.nc4 ./dir.0028/cris-fsr_n20_01.nc4 ./dir.0033/cris-fsr_n20_01.nc4 ./dir.0034/cris-fsr_n20_01.nc4 ./dir.0035/cris-fsr_n20_01.nc4 ./dir.0036/cris-fsr_n20_01.nc4 ./dir.0037/cris-fsr_n20_01.nc4 ./dir.0038/cris-fsr_n20_01.nc4 ./dir.0039/cris-fsr_n20_01.nc4 ./dir.0040/cris-fsr_n20_01.nc4 ./dir.0041/cris-fsr_n20_01.nc4 ./dir.0042/cris-fsr_n20_01.nc4 ./dir.0043/cris-fsr_n20_01.nc4 ./dir.0044/cris-fsr_n20_01.nc4 ./dir.0045/cris-fsr_n20_01.nc4 ./dir.0046/cris-fsr_n20_01.nc4 ./dir.0047/cris-fsr_n20_01.nc4 ./dir.0048/cris-fsr_n20_01.nc4 ./dir.0049/cris-fsr_n20_01.nc4 ./dir.0050/cris-fsr_n20_01.nc4 ./dir.0051/cris-fsr_n20_01.nc4 ./dir.0052/cris-fsr_n20_01.nc4 ./dir.0053/cris-fsr_n20_01.nc4 ./dir.0054/cris-fsr_n20_01.nc4 ./dir.0055/cris-fsr_n20_01.nc4 ./dir.0056/cris-fsr_n20_01.nc4 ./dir.0057/cris-fsr_n20_01.nc4 ./dir.0058/cris-fsr_n20_01.nc4 ./dir.0059/cris-fsr_n20_01.nc4 ./dir.0060/cris-fsr_n20_01.nc4 ./dir.0061/cris-fsr_n20_01.nc4 ./dir.0062/cris-fsr_n20_01.nc4 ./dir.0063/cris-fsr_n20_01.nc4 ./dir.0065/cris-fsr_n20_01.nc4 ./dir.0066/cris-fsr_n20_01.nc4 ./dir.0071/cris-fsr_n20_01.nc4 ./dir.0072/cris-fsr_n20_01.nc4 ./dir.0073/cris-fsr_n20_01.nc4 ./dir.0075/cris-fsr_n20_01.nc4 ./dir.0076/cris-fsr_n20_01.nc4 ./dir.0077/cris-fsr_n20_01.nc4 ./dir.0078/cris-fsr_n20_01.nc4 ./dir.0079/cris-fsr_n20_01.nc4 ./dir.0080/cris-fsr_n20_01.nc4 ./dir.0081/cris-fsr_n20_01.nc4 ./dir.0082/cris-fsr_n20_01.nc4 ./dir.0083/cris-fsr_n20_01.nc4 -type f -printf .
+ exglobal_diag.sh[153]count=69
+ exglobal_diag.sh[154][[ 69 -eq 0 ]]
+ exglobal_diag.sh[157]echo '/gpfs/f6/drsa-precip4/world-shared/role.glopara/RUNDIRS/C48mx500_3DVarAOWCDA_be51ea02-6363/gdas.2021032500/analdiag.2126922/diag.sh cris-fsr_n20 01 ges 69 .nc4'
+ exglobal_diag.sh[158]echo diag_cris-fsr_n20_ges.2021032500.nc4.gz
+ exglobal_diag.sh[159]numfile[n]=36
+ exglobal_diag.sh[152]for type in ${diagtype[n]}
++ exglobal_diag.sh[153]wc -c
++ exglobal_diag.sh[153]find './dir.*/cris-fsr_n21_01*' -type f -printf .
find: â./dir.*/cris-fsr_n21_01*â: No such file or directory
++ exglobal_diag.sh[153]echo 0
+ exglobal_diag.sh[153]count='0
0'
+ exglobal_diag.sh[154][[ 0
0 -eq 0 ]]
/gpfs/f6/drsa-precip3/world-shared/global/CI/GITLAB/pr_cases_4328_be51ea02_6363/global-workflow/scripts/exglobal_diag.sh: line 154: [[: 0
0: syntax error in expression (error token is "0")
+ exglobal_diag.sh[157]echo '/gpfs/f6/drsa-precip4/world-shared/role.glopara/RUNDIRS/C48mx500_3DVarAOWCDA_be51ea02-6363/gdas.2021032500/analdiag.2126922/diag.sh cris-fsr_n21 01 ges 0
0 .nc4'
+ exglobal_diag.sh[158]echo diag_cris-fsr_n21_ges.2021032500.nc4.gz
+ exglobal_diag.sh[159]numfile[n]=37
+ exglobal_diag.sh[152]for type in ${diagtype[n]}
++ exglobal_diag.sh[153]wc -c
++ exglobal_diag.sh[153]find './dir.*/gmi_gpm_01*' -type f -printf .
find: â./dir.*/gmi_gpm_01*â: No such file or directory
++ exglobal_diag.sh[153]echo 0
+ exglobal_diag.sh[153]count='0
0'
+ exglobal_diag.sh[154][[ 0
0 -eq 0 ]]
/gpfs/f6/drsa-precip3/world-shared/global/CI/GITLAB/pr_cases_4328_be51ea02_6363/global-workflow/scripts/exglobal_diag.sh: line 154: [[: 0
0: syntax error in expression (error token is "0")
+ exglobal_diag.sh[157]echo '/gpfs/f6/drsa-precip4/world-shared/role.glopara/RUNDIRS/C48mx500_3DVarAOWCDA_be51ea02-6363/gdas.2021032500/analdiag.2126922/diag.sh gmi_gpm 01 ges 0
0 .nc4'
+ exglobal_diag.sh[158]echo diag_gmi_gpm_ges.2021032500.nc4.gz
+ exglobal_diag.sh[159]numfile[n]=38
+ exglobal_diag.sh[152]for type in ${diagtype[n]}
++ exglobal_diag.sh[153]wc -c
++ exglobal_diag.sh[153]find './dir.*/hirs2_tirosn_01*' -type f -printf .
find: â./dir.*/hirs2_tirosn_01*â: No such file or directory
++ exglobal_diag.sh[153]echo 0
+ exglobal_diag.sh[153]count='0
0'
+ exglobal_diag.sh[154][[ 0
0 -eq 0 ]]
/gpfs/f6/drsa-precip3/world-shared/global/CI/GITLAB/pr_cases_4328_be51ea02_6363/global-workflow/scripts/exglobal_diag.sh: line 154: [[: 0
0: syntax error in expression (error token is "0")
+ exglobal_diag.sh[157]echo '/gpfs/f6/drsa-precip4/world-shared/role.glopara/RUNDIRS/C48mx500_3DVarAOWCDA_be51ea02-6363/gdas.2021032500/analdiag.2126922/diag.sh hirs2_tirosn 01 ges 0
0 .nc4'
+ exglobal_diag.sh[158]echo diag_hirs2_tirosn_ges.2021032500.nc4.gz
+ exglobal_diag.sh[159]numfile[n]=39
+ exglobal_diag.sh[152]for type in ${diagtype[n]}
++ exglobal_diag.sh[153]wc -c
++ exglobal_diag.sh[153]find './dir.*/hirs2_n06_01*' -type f -printf .
find: â./dir.*/hirs2_n06_01*â: No such file or directory
++ exglobal_diag.sh[153]echo 0
+ exglobal_diag.sh[153]count='0
0'
+ exglobal_diag.sh[154][[ 0
0 -eq 0 ]]
/gpfs/f6/drsa-precip3/world-shared/global/CI/GITLAB/pr_cases_4328_be51ea02_6363/global-workflow/scripts/exglobal_diag.sh: line 154: [[: 0
0: syntax error in expression (error token is "0")
+ exglobal_diag.sh[157]echo '/gpfs/f6/drsa-precip4/world-shared/role.glopara/RUNDIRS/C48mx500_3DVarAOWCDA_be51ea02-6363/gdas.2021032500/analdiag.2126922/diag.sh hirs2_n06 01 ges 0
0 .nc4'
+ exglobal_diag.sh[158]echo diag_hirs2_n06_ges.2021032500.nc4.gz
+ exglobal_diag.sh[159]numfile[n]=40
+ exglobal_diag.sh[152]for type in ${diagtype[n]}
++ exglobal_diag.sh[153]wc -c
++ exglobal_diag.sh[153]find './dir.*/hirs2_n07_01*' -type f -printf .
find: â./dir.*/hirs2_n07_01*â: No such file or directory
++ exglobal_diag.sh[153]echo 0
+ exglobal_diag.sh[153]count='0
0'
+ exglobal_diag.sh[154][[ 0
0 -eq 0 ]]
/gpfs/f6/drsa-precip3/world-shared/global/CI/GITLAB/pr_cases_4328_be51ea02_6363/global-workflow/scripts/exglobal_diag.sh: line 154: [[: 0
0: syntax error in expression (error token is "0")
+ exglobal_diag.sh[157]echo '/gpfs/f6/drsa-precip4/world-shared/role.glopara/RUNDIRS/C48mx500_3DVarAOWCDA_be51ea02-6363/gdas.2021032500/analdiag.2126922/diag.sh hirs2_n07 01 ges 0
0 .nc4'
+ exglobal_diag.sh[158]echo diag_hirs2_n07_ges.2021032500.nc4.gz
+ exglobal_diag.sh[159]numfile[n]=41
+ exglobal_diag.sh[152]for type in ${diagtype[n]}
++ exglobal_diag.sh[153]wc -c
++ exglobal_diag.sh[153]find './dir.*/hirs2_n08_01*' -type f -printf .
find: â./dir.*/hirs2_n08_01*â: No such file or directory
++ exglobal_diag.sh[153]echo 0
+ exglobal_diag.sh[153]count='0
0'
+ exglobal_diag.sh[154][[ 0
0 -eq 0 ]]
/gpfs/f6/drsa-precip3/world-shared/global/CI/GITLAB/pr_cases_4328_be51ea02_6363/global-workflow/scripts/exglobal_diag.sh: line 154: [[: 0
0: syntax error in expression (error token is "0")
+ exglobal_diag.sh[157]echo '/gpfs/f6/drsa-precip4/world-shared/role.glopara/RUNDIRS/C48mx500_3DVarAOWCDA_be51ea02-6363/gdas.2021032500/analdiag.2126922/diag.sh hirs2_n08 01 ges 0
0 .nc4'
+ exglobal_diag.sh[158]echo diag_hirs2_n08_ges.2021032500.nc4.gz
+ exglobal_diag.sh[159]numfile[n]=42
+ exglobal_diag.sh[152]for type in ${diagtype[n]}
++ exglobal_diag.sh[153]wc -c
++ exglobal_diag.sh[153]find './dir.*/hirs2_n09_01*' -type f -printf .
find: â./dir.*/hirs2_n09_01*â: No such file or directory
++ exglobal_diag.sh[153]echo 0
+ exglobal_diag.sh[153]count='0
0'
+ exglobal_diag.sh[154][[ 0
0 -eq 0 ]]
/gpfs/f6/drsa-precip3/world-shared/global/CI/GITLAB/pr_cases_4328_be51ea02_6363/global-workflow/scripts/exglobal_diag.sh: line 154: [[: 0
0: syntax error in expression (error token is "0")
+ exglobal_diag.sh[157]echo '/gpfs/f6/drsa-precip4/world-shared/role.glopara/RUNDIRS/C48mx500_3DVarAOWCDA_be51ea02-6363/gdas.2021032500/analdiag.2126922/diag.sh hirs2_n09 01 ges 0
0 .nc4'
+ exglobal_diag.sh[158]echo diag_hirs2_n09_ges.2021032500.nc4.gz
+ exglobal_diag.sh[159]numfile[n]=43
+ exglobal_diag.sh[152]for type in ${diagtype[n]}
++ exglobal_diag.sh[153]wc -c
++ exglobal_diag.sh[153]find './dir.*/hirs2_n10_01*' -type f -printf .
find: â./dir.*/hirs2_n10_01*â: No such file or directory
++ exglobal_diag.sh[153]echo 0
+ exglobal_diag.sh[153]count='0
0'
+ exglobal_diag.sh[154][[ 0
0 -eq 0 ]]
/gpfs/f6/drsa-precip3/world-shared/global/CI/GITLAB/pr_cases_4328_be51ea02_6363/global-workflow/scripts/exglobal_diag.sh: line 154: [[: 0
0: syntax error in expression (error token is "0")
+ exglobal_diag.sh[157]echo '/gpfs/f6/drsa-precip4/world-shared/role.glopara/RUNDIRS/C48mx500_3DVarAOWCDA_be51ea02-6363/gdas.2021032500/analdiag.2126922/diag.sh hirs2_n10 01 ges 0
0 .nc4'
+ exglobal_diag.sh[158]echo diag_hirs2_n10_ges.2021032500.nc4.gz
+ exglobal_diag.sh[159]numfile[n]=44
+ exglobal_diag.sh[152]for type in ${diagtype[n]}
++ exglobal_diag.sh[153]wc -c
++ exglobal_diag.sh[153]find './dir.*/hirs2_n11_01*' -type f -printf .
find: â./dir.*/hirs2_n11_01*â: No such file or directory
++ exglobal_diag.sh[153]echo 0
+ exglobal_diag.sh[153]count='0
0'
+ exglobal_diag.sh[154][[ 0
0 -eq 0 ]]
/gpfs/f6/drsa-precip3/world-shared/global/CI/GITLAB/pr_cases_4328_be51ea02_6363/global-workflow/scripts/exglobal_diag.sh: line 154: [[: 0
0: syntax error in expression (error token is "0")
+ exglobal_diag.sh[157]echo '/gpfs/f6/drsa-precip4/world-shared/role.glopara/RUNDIRS/C48mx500_3DVarAOWCDA_be51ea02-6363/gdas.2021032500/analdiag.2126922/diag.sh hirs2_n11 01 ges 0
0 .nc4'
+ exglobal_diag.sh[158]echo diag_hirs2_n11_ges.2021032500.nc4.gz
+ exglobal_diag.sh[159]numfile[n]=45
+ exglobal_diag.sh[152]for type in ${diagtype[n]}
++ exglobal_diag.sh[153]wc -c
++ exglobal_diag.sh[153]find './dir.*/hirs2_n12_01*' -type f -printf .
find: â./dir.*/hirs2_n12_01*â: No such file or directory
++ exglobal_diag.sh[153]echo 0
+ exglobal_diag.sh[153]count='0
0'
+ exglobal_diag.sh[154][[ 0
0 -eq 0 ]]
/gpfs/f6/drsa-precip3/world-shared/global/CI/GITLAB/pr_cases_4328_be51ea02_6363/global-workflow/scripts/exglobal_diag.sh: line 154: [[: 0
0: syntax error in expression (error token is "0")
+ exglobal_diag.sh[157]echo '/gpfs/f6/drsa-precip4/world-shared/role.glopara/RUNDIRS/C48mx500_3DVarAOWCDA_be51ea02-6363/gdas.2021032500/analdiag.2126922/diag.sh hirs2_n12 01 ges 0
0 .nc4'
+ exglobal_diag.sh[158]echo diag_hirs2_n12_ges.2021032500.nc4.gz
+ exglobal_diag.sh[159]numfile[n]=46
+ exglobal_diag.sh[152]for type in ${diagtype[n]}
++ exglobal_diag.sh[153]wc -c
++ exglobal_diag.sh[153]find './dir.*/hirs2_n14_01*' -type f -printf .
find: â./dir.*/hirs2_n14_01*â: No such file or directory
++ exglobal_diag.sh[153]echo 0
+ exglobal_diag.sh[153]count='0
0'
+ exglobal_diag.sh[154][[ 0
0 -eq 0 ]]
/gpfs/f6/drsa-precip3/world-shared/global/CI/GITLAB/pr_cases_4328_be51ea02_6363/global-workflow/scripts/exglobal_diag.sh: line 154: [[: 0
0: syntax error in expression (error token is "0")
+ exglobal_diag.sh[157]echo '/gpfs/f6/drsa-precip4/world-shared/role.glopara/RUNDIRS/C48mx500_3DVarAOWCDA_be51ea02-6363/gdas.2021032500/analdiag.2126922/diag.sh hirs2_n14 01 ges 0
0 .nc4'
+ exglobal_diag.sh[158]echo diag_hirs2_n14_ges.2021032500.nc4.gz
+ exglobal_diag.sh[159]numfile[n]=47
+ exglobal_diag.sh[152]for type in ${diagtype[n]}
++ exglobal_diag.sh[153]wc -c
++ exglobal_diag.sh[153]find './dir.*/hirs3_n15_01*' -type f -printf .
find: â./dir.*/hirs3_n15_01*â: No such file or directory
++ exglobal_diag.sh[153]echo 0
+ exglobal_diag.sh[153]count='0
0'
+ exglobal_diag.sh[154][[ 0
0 -eq 0 ]]
/gpfs/f6/drsa-precip3/world-shared/global/CI/GITLAB/pr_cases_4328_be51ea02_6363/global-workflow/scripts/exglobal_diag.sh: line 154: [[: 0
0: syntax error in expression (error token is "0")
+ exglobal_diag.sh[157]echo '/gpfs/f6/drsa-precip4/world-shared/role.glopara/RUNDIRS/C48mx500_3DVarAOWCDA_be51ea02-6363/gdas.2021032500/analdiag.2126922/diag.sh hirs3_n15 01 ges 0
0 .nc4'
+ exglobal_diag.sh[158]echo diag_hirs3_n15_ges.2021032500.nc4.gz
+ exglobal_diag.sh[159]numfile[n]=48
+ exglobal_diag.sh[152]for type in ${diagtype[n]}
++ exglobal_diag.sh[153]wc -c
++ exglobal_diag.sh[153]find './dir.*/hirs3_n16_01*' -type f -printf .
find: â./dir.*/hirs3_n16_01*â: No such file or directory
++ exglobal_diag.sh[153]echo 0
+ exglobal_diag.sh[153]count='0
0'
+ exglobal_diag.sh[154][[ 0
0 -eq 0 ]]
/gpfs/f6/drsa-precip3/world-shared/global/CI/GITLAB/pr_cases_4328_be51ea02_6363/global-workflow/scripts/exglobal_diag.sh: line 154: [[: 0
0: syntax error in expression (error token is "0")
+ exglobal_diag.sh[157]echo '/gpfs/f6/drsa-precip4/world-shared/role.glopara/RUNDIRS/C48mx500_3DVarAOWCDA_be51ea02-6363/gdas.2021032500/analdiag.2126922/diag.sh hirs3_n16 01 ges 0
0 .nc4'
+ exglobal_diag.sh[158]echo diag_hirs3_n16_ges.2021032500.nc4.gz
+ exglobal_diag.sh[159]numfile[n]=49
+ exglobal_diag.sh[152]for type in ${diagtype[n]}
++ exglobal_diag.sh[153]wc -c
++ exglobal_diag.sh[153]find './dir.*/hirs3_n17_01*' -type f -printf .
find: â./dir.*/hirs3_n17_01*â: No such file or directory
++ exglobal_diag.sh[153]echo 0
+ exglobal_diag.sh[153]count='0
0'
+ exglobal_diag.sh[154][[ 0
0 -eq 0 ]]
/gpfs/f6/drsa-precip3/world-shared/global/CI/GITLAB/pr_cases_4328_be51ea02_6363/global-workflow/scripts/exglobal_diag.sh: line 154: [[: 0
0: syntax error in expression (error token is "0")
+ exglobal_diag.sh[157]echo '/gpfs/f6/drsa-precip4/world-shared/role.glopara/RUNDIRS/C48mx500_3DVarAOWCDA_be51ea02-6363/gdas.2021032500/analdiag.2126922/diag.sh hirs3_n17 01 ges 0
0 .nc4'
+ exglobal_diag.sh[158]echo diag_hirs3_n17_ges.2021032500.nc4.gz
+ exglobal_diag.sh[159]numfile[n]=50
+ exglobal_diag.sh[152]for type in ${diagtype[n]}
++ exglobal_diag.sh[153]wc -c
++ exglobal_diag.sh[153]find ./dir.0000/hirs4_metop-a_01.nc4 ./dir.0001/hirs4_metop-a_01.nc4 ./dir.0007/hirs4_metop-a_01.nc4 ./dir.0008/hirs4_metop-a_01.nc4 ./dir.0014/hirs4_metop-a_01.nc4 ./dir.0015/hirs4_metop-a_01.nc4 ./dir.0016/hirs4_metop-a_01.nc4 ./dir.0017/hirs4_metop-a_01.nc4 ./dir.0021/hirs4_metop-a_01.nc4 ./dir.0022/hirs4_metop-a_01.nc4 ./dir.0023/hirs4_metop-a_01.nc4 ./dir.0024/hirs4_metop-a_01.nc4 ./dir.0025/hirs4_metop-a_01.nc4 ./dir.0026/hirs4_metop-a_01.nc4 ./dir.0027/hirs4_metop-a_01.nc4 ./dir.0028/hirs4_metop-a_01.nc4 ./dir.0029/hirs4_metop-a_01.nc4 ./dir.0030/hirs4_metop-a_01.nc4 ./dir.0031/hirs4_metop-a_01.nc4 ./dir.0032/hirs4_metop-a_01.nc4 ./dir.0033/hirs4_metop-a_01.nc4 ./dir.0034/hirs4_metop-a_01.nc4 ./dir.0035/hirs4_metop-a_01.nc4 ./dir.0036/hirs4_metop-a_01.nc4 ./dir.0037/hirs4_metop-a_01.nc4 ./dir.0038/hirs4_metop-a_01.nc4 ./dir.0039/hirs4_metop-a_01.nc4 ./dir.0040/hirs4_metop-a_01.nc4 ./dir.0041/hirs4_metop-a_01.nc4 ./dir.0044/hirs4_metop-a_01.nc4 ./dir.0045/hirs4_metop-a_01.nc4 ./dir.0046/hirs4_metop-a_01.nc4 ./dir.0047/hirs4_metop-a_01.nc4 ./dir.0053/hirs4_metop-a_01.nc4 ./dir.0058/hirs4_metop-a_01.nc4 ./dir.0059/hirs4_metop-a_01.nc4 ./dir.0060/hirs4_metop-a_01.nc4 ./dir.0061/hirs4_metop-a_01.nc4 ./dir.0062/hirs4_metop-a_01.nc4 ./dir.0063/hirs4_metop-a_01.nc4 ./dir.0064/hirs4_metop-a_01.nc4 ./dir.0065/hirs4_metop-a_01.nc4 ./dir.0066/hirs4_metop-a_01.nc4 ./dir.0067/hirs4_metop-a_01.nc4 ./dir.0068/hirs4_metop-a_01.nc4 ./dir.0069/hirs4_metop-a_01.nc4 ./dir.0070/hirs4_metop-a_01.nc4 ./dir.0071/hirs4_metop-a_01.nc4 ./dir.0072/hirs4_metop-a_01.nc4 ./dir.0073/hirs4_metop-a_01.nc4 ./dir.0074/hirs4_metop-a_01.nc4 ./dir.0075/hirs4_metop-a_01.nc4 ./dir.0076/hirs4_metop-a_01.nc4 ./dir.0077/hirs4_metop-a_01.nc4 ./dir.0078/hirs4_metop-a_01.nc4 ./dir.0079/hirs4_metop-a_01.nc4 ./dir.0080/hirs4_metop-a_01.nc4 ./dir.0081/hirs4_metop-a_01.nc4 ./dir.0082/hirs4_metop-a_01.nc4 -type f -printf .
+ exglobal_diag.sh[153]count=59
+ exglobal_diag.sh[154][[ 59 -eq 0 ]]
+ exglobal_diag.sh[157]echo '/gpfs/f6/drsa-precip4/world-shared/role.glopara/RUNDIRS/C48mx500_3DVarAOWCDA_be51ea02-6363/gdas.2021032500/analdiag.2126922/diag.sh hirs4_metop-a 01 ges 59 .nc4'
+ exglobal_diag.sh[158]echo diag_hirs4_metop-a_ges.2021032500.nc4.gz
+ exglobal_diag.sh[159]numfile[n]=51
+ exglobal_diag.sh[152]for type in ${diagtype[n]}
++ exglobal_diag.sh[153]wc -c
++ exglobal_diag.sh[153]find './dir.*/hirs4_metop-b_01*' -type f -printf .
find: â./dir.*/hirs4_metop-b_01*â: No such file or directory
++ exglobal_diag.sh[153]echo 0
+ exglobal_diag.sh[153]count='0
0'
+ exglobal_diag.sh[154][[ 0
0 -eq 0 ]]
/gpfs/f6/drsa-precip3/world-shared/global/CI/GITLAB/pr_cases_4328_be51ea02_6363/global-workflow/scripts/exglobal_diag.sh: line 154: [[: 0
0: syntax error in expression (error token is "0")
+ exglobal_diag.sh[157]echo '/gpfs/f6/drsa-precip4/world-shared/role.glopara/RUNDIRS/C48mx500_3DVarAOWCDA_be51ea02-6363/gdas.2021032500/analdiag.2126922/diag.sh hirs4_metop-b 01 ges 0
0 .nc4'
+ exglobal_diag.sh[158]echo diag_hirs4_metop-b_ges.2021032500.nc4.gz
+ exglobal_diag.sh[159]numfile[n]=52
+ exglobal_diag.sh[152]for type in ${diagtype[n]}
++ exglobal_diag.sh[153]wc -c
++ exglobal_diag.sh[153]find ./dir.0000/hirs4_n19_01.nc4 ./dir.0001/hirs4_n19_01.nc4 ./dir.0007/hirs4_n19_01.nc4 ./dir.0008/hirs4_n19_01.nc4 ./dir.0009/hirs4_n19_01.nc4 ./dir.0014/hirs4_n19_01.nc4 ./dir.0015/hirs4_n19_01.nc4 ./dir.0016/hirs4_n19_01.nc4 ./dir.0017/hirs4_n19_01.nc4 ./dir.0018/hirs4_n19_01.nc4 ./dir.0019/hirs4_n19_01.nc4 ./dir.0020/hirs4_n19_01.nc4 ./dir.0021/hirs4_n19_01.nc4 ./dir.0022/hirs4_n19_01.nc4 ./dir.0023/hirs4_n19_01.nc4 ./dir.0024/hirs4_n19_01.nc4 ./dir.0025/hirs4_n19_01.nc4 ./dir.0026/hirs4_n19_01.nc4 ./dir.0027/hirs4_n19_01.nc4 ./dir.0028/hirs4_n19_01.nc4 ./dir.0029/hirs4_n19_01.nc4 ./dir.0030/hirs4_n19_01.nc4 ./dir.0031/hirs4_n19_01.nc4 ./dir.0032/hirs4_n19_01.nc4 ./dir.0033/hirs4_n19_01.nc4 ./dir.0034/hirs4_n19_01.nc4 ./dir.0035/hirs4_n19_01.nc4 ./dir.0036/hirs4_n19_01.nc4 ./dir.0039/hirs4_n19_01.nc4 ./dir.0040/hirs4_n19_01.nc4 ./dir.0041/hirs4_n19_01.nc4 ./dir.0047/hirs4_n19_01.nc4 ./dir.0051/hirs4_n19_01.nc4 ./dir.0052/hirs4_n19_01.nc4 ./dir.0053/hirs4_n19_01.nc4 ./dir.0054/hirs4_n19_01.nc4 ./dir.0055/hirs4_n19_01.nc4 ./dir.0056/hirs4_n19_01.nc4 ./dir.0057/hirs4_n19_01.nc4 ./dir.0058/hirs4_n19_01.nc4 ./dir.0059/hirs4_n19_01.nc4 ./dir.0060/hirs4_n19_01.nc4 ./dir.0061/hirs4_n19_01.nc4 ./dir.0062/hirs4_n19_01.nc4 ./dir.0063/hirs4_n19_01.nc4 ./dir.0064/hirs4_n19_01.nc4 ./dir.0065/hirs4_n19_01.nc4 ./dir.0066/hirs4_n19_01.nc4 ./dir.0067/hirs4_n19_01.nc4 ./dir.0068/hirs4_n19_01.nc4 ./dir.0069/hirs4_n19_01.nc4 ./dir.0070/hirs4_n19_01.nc4 ./dir.0071/hirs4_n19_01.nc4 ./dir.0072/hirs4_n19_01.nc4 ./dir.0073/hirs4_n19_01.nc4 ./dir.0074/hirs4_n19_01.nc4 ./dir.0075/hirs4_n19_01.nc4 ./dir.0076/hirs4_n19_01.nc4 ./dir.0077/hirs4_n19_01.nc4 ./dir.0078/hirs4_n19_01.nc4 ./dir.0079/hirs4_n19_01.nc4 -type f -printf .
+ exglobal_diag.sh[153]count=61
+ exglobal_diag.sh[154][[ 61 -eq 0 ]]
+ exglobal_diag.sh[157]echo '/gpfs/f6/drsa-precip4/world-shared/role.glopara/RUNDIRS/C48mx500_3DVarAOWCDA_be51ea02-6363/gdas.2021032500/analdiag.2126922/diag.sh hirs4_n19 01 ges 61 .nc4'
+ exglobal_diag.sh[158]echo diag_hirs4_n19_ges.2021032500.nc4.gz
+ exglobal_diag.sh[159]numfile[n]=53
+ exglobal_diag.sh[152]for type in ${diagtype[n]}
++ exglobal_diag.sh[153]wc -c
++ exglobal_diag.sh[153]find ./dir.0000/iasi_metop-a_01.nc4 ./dir.0001/iasi_metop-a_01.nc4 ./dir.0007/iasi_metop-a_01.nc4 ./dir.0008/iasi_metop-a_01.nc4 ./dir.0014/iasi_metop-a_01.nc4 ./dir.0015/iasi_metop-a_01.nc4 ./dir.0016/iasi_metop-a_01.nc4 ./dir.0017/iasi_metop-a_01.nc4 ./dir.0018/iasi_metop-a_01.nc4 ./dir.0021/iasi_metop-a_01.nc4 ./dir.0022/iasi_metop-a_01.nc4 ./dir.0023/iasi_metop-a_01.nc4 ./dir.0024/iasi_metop-a_01.nc4 ./dir.0025/iasi_metop-a_01.nc4 ./dir.0026/iasi_metop-a_01.nc4 ./dir.0027/iasi_metop-a_01.nc4 ./dir.0028/iasi_metop-a_01.nc4 ./dir.0029/iasi_metop-a_01.nc4 ./dir.0030/iasi_metop-a_01.nc4 ./dir.0031/iasi_metop-a_01.nc4 ./dir.0032/iasi_metop-a_01.nc4 ./dir.0033/iasi_metop-a_01.nc4 ./dir.0034/iasi_metop-a_01.nc4 ./dir.0035/iasi_metop-a_01.nc4 ./dir.0036/iasi_metop-a_01.nc4 ./dir.0037/iasi_metop-a_01.nc4 ./dir.0038/iasi_metop-a_01.nc4 ./dir.0039/iasi_metop-a_01.nc4 ./dir.0040/iasi_metop-a_01.nc4 ./dir.0041/iasi_metop-a_01.nc4 ./dir.0044/iasi_metop-a_01.nc4 ./dir.0045/iasi_metop-a_01.nc4 ./dir.0046/iasi_metop-a_01.nc4 ./dir.0047/iasi_metop-a_01.nc4 ./dir.0052/iasi_metop-a_01.nc4 ./dir.0053/iasi_metop-a_01.nc4 ./dir.0058/iasi_metop-a_01.nc4 ./dir.0059/iasi_metop-a_01.nc4 ./dir.0060/iasi_metop-a_01.nc4 ./dir.0061/iasi_metop-a_01.nc4 ./dir.0062/iasi_metop-a_01.nc4 ./dir.0063/iasi_metop-a_01.nc4 ./dir.0064/iasi_metop-a_01.nc4 ./dir.0065/iasi_metop-a_01.nc4 ./dir.0066/iasi_metop-a_01.nc4 ./dir.0067/iasi_metop-a_01.nc4 ./dir.0068/iasi_metop-a_01.nc4 ./dir.0069/iasi_metop-a_01.nc4 ./dir.0070/iasi_metop-a_01.nc4 ./dir.0071/iasi_metop-a_01.nc4 ./dir.0072/iasi_metop-a_01.nc4 ./dir.0073/iasi_metop-a_01.nc4 ./dir.0074/iasi_metop-a_01.nc4 ./dir.0075/iasi_metop-a_01.nc4 ./dir.0076/iasi_metop-a_01.nc4 ./dir.0077/iasi_metop-a_01.nc4 ./dir.0078/iasi_metop-a_01.nc4 ./dir.0079/iasi_metop-a_01.nc4 ./dir.0080/iasi_metop-a_01.nc4 ./dir.0081/iasi_metop-a_01.nc4 ./dir.0082/iasi_metop-a_01.nc4 -type f -printf .
+ exglobal_diag.sh[153]count=61
+ exglobal_diag.sh[154][[ 61 -eq 0 ]]
+ exglobal_diag.sh[157]echo '/gpfs/f6/drsa-precip4/world-shared/role.glopara/RUNDIRS/C48mx500_3DVarAOWCDA_be51ea02-6363/gdas.2021032500/analdiag.2126922/diag.sh iasi_metop-a 01 ges 61 .nc4'
+ exglobal_diag.sh[158]echo diag_iasi_metop-a_ges.2021032500.nc4.gz
+ exglobal_diag.sh[159]numfile[n]=54
+ exglobal_diag.sh[152]for type in ${diagtype[n]}
++ exglobal_diag.sh[153]wc -c
++ exglobal_diag.sh[153]find ./dir.0000/iasi_metop-b_01.nc4 ./dir.0001/iasi_metop-b_01.nc4 ./dir.0002/iasi_metop-b_01.nc4 ./dir.0003/iasi_metop-b_01.nc4 ./dir.0004/iasi_metop-b_01.nc4 ./dir.0007/iasi_metop-b_01.nc4 ./dir.0008/iasi_metop-b_01.nc4 ./dir.0014/iasi_metop-b_01.nc4 ./dir.0015/iasi_metop-b_01.nc4 ./dir.0021/iasi_metop-b_01.nc4 ./dir.0022/iasi_metop-b_01.nc4 ./dir.0023/iasi_metop-b_01.nc4 ./dir.0024/iasi_metop-b_01.nc4 ./dir.0025/iasi_metop-b_01.nc4 ./dir.0028/iasi_metop-b_01.nc4 ./dir.0029/iasi_metop-b_01.nc4 ./dir.0030/iasi_metop-b_01.nc4 ./dir.0031/iasi_metop-b_01.nc4 ./dir.0032/iasi_metop-b_01.nc4 ./dir.0033/iasi_metop-b_01.nc4 ./dir.0034/iasi_metop-b_01.nc4 ./dir.0035/iasi_metop-b_01.nc4 ./dir.0036/iasi_metop-b_01.nc4 ./dir.0037/iasi_metop-b_01.nc4 ./dir.0038/iasi_metop-b_01.nc4 ./dir.0039/iasi_metop-b_01.nc4 ./dir.0040/iasi_metop-b_01.nc4 ./dir.0041/iasi_metop-b_01.nc4 ./dir.0042/iasi_metop-b_01.nc4 ./dir.0043/iasi_metop-b_01.nc4 ./dir.0044/iasi_metop-b_01.nc4 ./dir.0045/iasi_metop-b_01.nc4 ./dir.0046/iasi_metop-b_01.nc4 ./dir.0047/iasi_metop-b_01.nc4 ./dir.0052/iasi_metop-b_01.nc4 ./dir.0053/iasi_metop-b_01.nc4 ./dir.0059/iasi_metop-b_01.nc4 ./dir.0061/iasi_metop-b_01.nc4 ./dir.0062/iasi_metop-b_01.nc4 ./dir.0063/iasi_metop-b_01.nc4 ./dir.0064/iasi_metop-b_01.nc4 ./dir.0065/iasi_metop-b_01.nc4 ./dir.0066/iasi_metop-b_01.nc4 ./dir.0067/iasi_metop-b_01.nc4 ./dir.0068/iasi_metop-b_01.nc4 ./dir.0069/iasi_metop-b_01.nc4 ./dir.0070/iasi_metop-b_01.nc4 ./dir.0071/iasi_metop-b_01.nc4 ./dir.0072/iasi_metop-b_01.nc4 ./dir.0073/iasi_metop-b_01.nc4 ./dir.0074/iasi_metop-b_01.nc4 ./dir.0075/iasi_metop-b_01.nc4 ./dir.0076/iasi_metop-b_01.nc4 ./dir.0077/iasi_metop-b_01.nc4 ./dir.0078/iasi_metop-b_01.nc4 ./dir.0079/iasi_metop-b_01.nc4 ./dir.0080/iasi_metop-b_01.nc4 ./dir.0081/iasi_metop-b_01.nc4 ./dir.0082/iasi_metop-b_01.nc4 ./dir.0083/iasi_metop-b_01.nc4 -type f -printf .
+ exglobal_diag.sh[153]count=60
+ exglobal_diag.sh[154][[ 60 -eq 0 ]]
+ exglobal_diag.sh[157]echo '/gpfs/f6/drsa-precip4/world-shared/role.glopara/RUNDIRS/C48mx500_3DVarAOWCDA_be51ea02-6363/gdas.2021032500/analdiag.2126922/diag.sh iasi_metop-b 01 ges 60 .nc4'
+ exglobal_diag.sh[158]echo diag_iasi_metop-b_ges.2021032500.nc4.gz
+ exglobal_diag.sh[159]numfile[n]=55
+ exglobal_diag.sh[152]for type in ${diagtype[n]}
++ exglobal_diag.sh[153]wc -c
++ exglobal_diag.sh[153]find ./dir.0000/iasi_metop-c_01.nc4 ./dir.0001/iasi_metop-c_01.nc4 ./dir.0002/iasi_metop-c_01.nc4 ./dir.0004/iasi_metop-c_01.nc4 ./dir.0005/iasi_metop-c_01.nc4 ./dir.0006/iasi_metop-c_01.nc4 ./dir.0007/iasi_metop-c_01.nc4 ./dir.0008/iasi_metop-c_01.nc4 ./dir.0014/iasi_metop-c_01.nc4 ./dir.0015/iasi_metop-c_01.nc4 ./dir.0016/iasi_metop-c_01.nc4 ./dir.0021/iasi_metop-c_01.nc4 ./dir.0022/iasi_metop-c_01.nc4 ./dir.0023/iasi_metop-c_01.nc4 ./dir.0024/iasi_metop-c_01.nc4 ./dir.0025/iasi_metop-c_01.nc4 ./dir.0026/iasi_metop-c_01.nc4 ./dir.0027/iasi_metop-c_01.nc4 ./dir.0028/iasi_metop-c_01.nc4 ./dir.0029/iasi_metop-c_01.nc4 ./dir.0030/iasi_metop-c_01.nc4 ./dir.0031/iasi_metop-c_01.nc4 ./dir.0032/iasi_metop-c_01.nc4 ./dir.0033/iasi_metop-c_01.nc4 ./dir.0034/iasi_metop-c_01.nc4 ./dir.0035/iasi_metop-c_01.nc4 ./dir.0036/iasi_metop-c_01.nc4 ./dir.0037/iasi_metop-c_01.nc4 ./dir.0038/iasi_metop-c_01.nc4 ./dir.0039/iasi_metop-c_01.nc4 ./dir.0040/iasi_metop-c_01.nc4 ./dir.0041/iasi_metop-c_01.nc4 ./dir.0042/iasi_metop-c_01.nc4 ./dir.0043/iasi_metop-c_01.nc4 ./dir.0044/iasi_metop-c_01.nc4 ./dir.0045/iasi_metop-c_01.nc4 ./dir.0046/iasi_metop-c_01.nc4 ./dir.0047/iasi_metop-c_01.nc4 ./dir.0052/iasi_metop-c_01.nc4 ./dir.0053/iasi_metop-c_01.nc4 ./dir.0059/iasi_metop-c_01.nc4 ./dir.0063/iasi_metop-c_01.nc4 ./dir.0064/iasi_metop-c_01.nc4 ./dir.0065/iasi_metop-c_01.nc4 ./dir.0066/iasi_metop-c_01.nc4 ./dir.0067/iasi_metop-c_01.nc4 ./dir.0068/iasi_metop-c_01.nc4 ./dir.0069/iasi_metop-c_01.nc4 ./dir.0070/iasi_metop-c_01.nc4 ./dir.0071/iasi_metop-c_01.nc4 ./dir.0072/iasi_metop-c_01.nc4 ./dir.0073/iasi_metop-c_01.nc4 ./dir.0074/iasi_metop-c_01.nc4 ./dir.0075/iasi_metop-c_01.nc4 ./dir.0076/iasi_metop-c_01.nc4 ./dir.0077/iasi_metop-c_01.nc4 ./dir.0078/iasi_metop-c_01.nc4 ./dir.0079/iasi_metop-c_01.nc4 ./dir.0080/iasi_metop-c_01.nc4 ./dir.0081/iasi_metop-c_01.nc4 ./dir.0082/iasi_metop-c_01.nc4 ./dir.0083/iasi_metop-c_01.nc4 -type f -printf .
+ exglobal_diag.sh[153]count=62
+ exglobal_diag.sh[154][[ 62 -eq 0 ]]
+ exglobal_diag.sh[157]echo '/gpfs/f6/drsa-precip4/world-shared/role.glopara/RUNDIRS/C48mx500_3DVarAOWCDA_be51ea02-6363/gdas.2021032500/analdiag.2126922/diag.sh iasi_metop-c 01 ges 62 .nc4'
+ exglobal_diag.sh[158]echo diag_iasi_metop-c_ges.2021032500.nc4.gz
+ exglobal_diag.sh[159]numfile[n]=56
+ exglobal_diag.sh[152]for type in ${diagtype[n]}
++ exglobal_diag.sh[153]wc -c
++ exglobal_diag.sh[153]find ./dir.0000/mhs_metop-a_01.nc4 ./dir.0001/mhs_metop-a_01.nc4 ./dir.0007/mhs_metop-a_01.nc4 ./dir.0008/mhs_metop-a_01.nc4 ./dir.0014/mhs_metop-a_01.nc4 ./dir.0015/mhs_metop-a_01.nc4 ./dir.0016/mhs_metop-a_01.nc4 ./dir.0017/mhs_metop-a_01.nc4 ./dir.0021/mhs_metop-a_01.nc4 ./dir.0022/mhs_metop-a_01.nc4 ./dir.0023/mhs_metop-a_01.nc4 ./dir.0024/mhs_metop-a_01.nc4 ./dir.0025/mhs_metop-a_01.nc4 ./dir.0026/mhs_metop-a_01.nc4 ./dir.0027/mhs_metop-a_01.nc4 ./dir.0028/mhs_metop-a_01.nc4 ./dir.0029/mhs_metop-a_01.nc4 ./dir.0030/mhs_metop-a_01.nc4 ./dir.0031/mhs_metop-a_01.nc4 ./dir.0032/mhs_metop-a_01.nc4 ./dir.0033/mhs_metop-a_01.nc4 ./dir.0034/mhs_metop-a_01.nc4 ./dir.0035/mhs_metop-a_01.nc4 ./dir.0036/mhs_metop-a_01.nc4 ./dir.0037/mhs_metop-a_01.nc4 ./dir.0038/mhs_metop-a_01.nc4 ./dir.0039/mhs_metop-a_01.nc4 ./dir.0040/mhs_metop-a_01.nc4 ./dir.0041/mhs_metop-a_01.nc4 ./dir.0044/mhs_metop-a_01.nc4 ./dir.0045/mhs_metop-a_01.nc4 ./dir.0046/mhs_metop-a_01.nc4 ./dir.0047/mhs_metop-a_01.nc4 ./dir.0053/mhs_metop-a_01.nc4 ./dir.0058/mhs_metop-a_01.nc4 ./dir.0059/mhs_metop-a_01.nc4 ./dir.0060/mhs_metop-a_01.nc4 ./dir.0061/mhs_metop-a_01.nc4 ./dir.0062/mhs_metop-a_01.nc4 ./dir.0063/mhs_metop-a_01.nc4 ./dir.0064/mhs_metop-a_01.nc4 ./dir.0065/mhs_metop-a_01.nc4 ./dir.0066/mhs_metop-a_01.nc4 ./dir.0067/mhs_metop-a_01.nc4 ./dir.0068/mhs_metop-a_01.nc4 ./dir.0069/mhs_metop-a_01.nc4 ./dir.0070/mhs_metop-a_01.nc4 ./dir.0071/mhs_metop-a_01.nc4 ./dir.0072/mhs_metop-a_01.nc4 ./dir.0073/mhs_metop-a_01.nc4 ./dir.0074/mhs_metop-a_01.nc4 ./dir.0075/mhs_metop-a_01.nc4 ./dir.0076/mhs_metop-a_01.nc4 ./dir.0077/mhs_metop-a_01.nc4 ./dir.0078/mhs_metop-a_01.nc4 ./dir.0079/mhs_metop-a_01.nc4 ./dir.0080/mhs_metop-a_01.nc4 ./dir.0081/mhs_metop-a_01.nc4 ./dir.0082/mhs_metop-a_01.nc4 -type f -printf .
+ exglobal_diag.sh[153]count=59
+ exglobal_diag.sh[154][[ 59 -eq 0 ]]
+ exglobal_diag.sh[157]echo '/gpfs/f6/drsa-precip4/world-shared/role.glopara/RUNDIRS/C48mx500_3DVarAOWCDA_be51ea02-6363/gdas.2021032500/analdiag.2126922/diag.sh mhs_metop-a 01 ges 59 .nc4'
+ exglobal_diag.sh[158]echo diag_mhs_metop-a_ges.2021032500.nc4.gz
+ exglobal_diag.sh[159]numfile[n]=57
+ exglobal_diag.sh[152]for type in ${diagtype[n]}
++ exglobal_diag.sh[153]wc -c
++ exglobal_diag.sh[153]find ./dir.0000/mhs_metop-b_01.nc4 ./dir.0001/mhs_metop-b_01.nc4 ./dir.0002/mhs_metop-b_01.nc4 ./dir.0003/mhs_metop-b_01.nc4 ./dir.0004/mhs_metop-b_01.nc4 ./dir.0007/mhs_metop-b_01.nc4 ./dir.0008/mhs_metop-b_01.nc4 ./dir.0014/mhs_metop-b_01.nc4 ./dir.0015/mhs_metop-b_01.nc4 ./dir.0021/mhs_metop-b_01.nc4 ./dir.0022/mhs_metop-b_01.nc4 ./dir.0023/mhs_metop-b_01.nc4 ./dir.0024/mhs_metop-b_01.nc4 ./dir.0025/mhs_metop-b_01.nc4 ./dir.0028/mhs_metop-b_01.nc4 ./dir.0029/mhs_metop-b_01.nc4 ./dir.0030/mhs_metop-b_01.nc4 ./dir.0031/mhs_metop-b_01.nc4 ./dir.0032/mhs_metop-b_01.nc4 ./dir.0033/mhs_metop-b_01.nc4 ./dir.0034/mhs_metop-b_01.nc4 ./dir.0035/mhs_metop-b_01.nc4 ./dir.0036/mhs_metop-b_01.nc4 ./dir.0037/mhs_metop-b_01.nc4 ./dir.0038/mhs_metop-b_01.nc4 ./dir.0039/mhs_metop-b_01.nc4 ./dir.0040/mhs_metop-b_01.nc4 ./dir.0041/mhs_metop-b_01.nc4 ./dir.0042/mhs_metop-b_01.nc4 ./dir.0043/mhs_metop-b_01.nc4 ./dir.0044/mhs_metop-b_01.nc4 ./dir.0045/mhs_metop-b_01.nc4 ./dir.0046/mhs_metop-b_01.nc4 ./dir.0047/mhs_metop-b_01.nc4 ./dir.0052/mhs_metop-b_01.nc4 ./dir.0053/mhs_metop-b_01.nc4 ./dir.0059/mhs_metop-b_01.nc4 ./dir.0061/mhs_metop-b_01.nc4 ./dir.0062/mhs_metop-b_01.nc4 ./dir.0063/mhs_metop-b_01.nc4 ./dir.0064/mhs_metop-b_01.nc4 ./dir.0065/mhs_metop-b_01.nc4 ./dir.0066/mhs_metop-b_01.nc4 ./dir.0067/mhs_metop-b_01.nc4 ./dir.0068/mhs_metop-b_01.nc4 ./dir.0069/mhs_metop-b_01.nc4 ./dir.0070/mhs_metop-b_01.nc4 ./dir.0071/mhs_metop-b_01.nc4 ./dir.0072/mhs_metop-b_01.nc4 ./dir.0073/mhs_metop-b_01.nc4 ./dir.0074/mhs_metop-b_01.nc4 ./dir.0075/mhs_metop-b_01.nc4 ./dir.0076/mhs_metop-b_01.nc4 ./dir.0077/mhs_metop-b_01.nc4 ./dir.0078/mhs_metop-b_01.nc4 ./dir.0079/mhs_metop-b_01.nc4 ./dir.0080/mhs_metop-b_01.nc4 ./dir.0081/mhs_metop-b_01.nc4 ./dir.0082/mhs_metop-b_01.nc4 ./dir.0083/mhs_metop-b_01.nc4 -type f -printf .
+ exglobal_diag.sh[153]count=60
+ exglobal_diag.sh[154][[ 60 -eq 0 ]]
+ exglobal_diag.sh[157]echo '/gpfs/f6/drsa-precip4/world-shared/role.glopara/RUNDIRS/C48mx500_3DVarAOWCDA_be51ea02-6363/gdas.2021032500/analdiag.2126922/diag.sh mhs_metop-b 01 ges 60 .nc4'
+ exglobal_diag.sh[158]echo diag_mhs_metop-b_ges.2021032500.nc4.gz
+ exglobal_diag.sh[159]numfile[n]=58
+ exglobal_diag.sh[152]for type in ${diagtype[n]}
++ exglobal_diag.sh[153]wc -c
++ exglobal_diag.sh[153]find ./dir.0000/mhs_metop-c_01.nc4 ./dir.0001/mhs_metop-c_01.nc4 ./dir.0002/mhs_metop-c_01.nc4 ./dir.0004/mhs_metop-c_01.nc4 ./dir.0005/mhs_metop-c_01.nc4 ./dir.0006/mhs_metop-c_01.nc4 ./dir.0007/mhs_metop-c_01.nc4 ./dir.0008/mhs_metop-c_01.nc4 ./dir.0014/mhs_metop-c_01.nc4 ./dir.0015/mhs_metop-c_01.nc4 ./dir.0016/mhs_metop-c_01.nc4 ./dir.0021/mhs_metop-c_01.nc4 ./dir.0022/mhs_metop-c_01.nc4 ./dir.0023/mhs_metop-c_01.nc4 ./dir.0024/mhs_metop-c_01.nc4 ./dir.0025/mhs_metop-c_01.nc4 ./dir.0026/mhs_metop-c_01.nc4 ./dir.0027/mhs_metop-c_01.nc4 ./dir.0028/mhs_metop-c_01.nc4 ./dir.0029/mhs_metop-c_01.nc4 ./dir.0030/mhs_metop-c_01.nc4 ./dir.0031/mhs_metop-c_01.nc4 ./dir.0032/mhs_metop-c_01.nc4 ./dir.0033/mhs_metop-c_01.nc4 ./dir.0034/mhs_metop-c_01.nc4 ./dir.0035/mhs_metop-c_01.nc4 ./dir.0036/mhs_metop-c_01.nc4 ./dir.0037/mhs_metop-c_01.nc4 ./dir.0038/mhs_metop-c_01.nc4 ./dir.0039/mhs_metop-c_01.nc4 ./dir.0040/mhs_metop-c_01.nc4 ./dir.0041/mhs_metop-c_01.nc4 ./dir.0042/mhs_metop-c_01.nc4 ./dir.0043/mhs_metop-c_01.nc4 ./dir.0044/mhs_metop-c_01.nc4 ./dir.0045/mhs_metop-c_01.nc4 ./dir.0046/mhs_metop-c_01.nc4 ./dir.0047/mhs_metop-c_01.nc4 ./dir.0052/mhs_metop-c_01.nc4 ./dir.0053/mhs_metop-c_01.nc4 ./dir.0059/mhs_metop-c_01.nc4 ./dir.0063/mhs_metop-c_01.nc4 ./dir.0064/mhs_metop-c_01.nc4 ./dir.0065/mhs_metop-c_01.nc4 ./dir.0066/mhs_metop-c_01.nc4 ./dir.0067/mhs_metop-c_01.nc4 ./dir.0068/mhs_metop-c_01.nc4 ./dir.0069/mhs_metop-c_01.nc4 ./dir.0070/mhs_metop-c_01.nc4 ./dir.0071/mhs_metop-c_01.nc4 ./dir.0072/mhs_metop-c_01.nc4 ./dir.0073/mhs_metop-c_01.nc4 ./dir.0074/mhs_metop-c_01.nc4 ./dir.0075/mhs_metop-c_01.nc4 ./dir.0076/mhs_metop-c_01.nc4 ./dir.0077/mhs_metop-c_01.nc4 ./dir.0078/mhs_metop-c_01.nc4 ./dir.0079/mhs_metop-c_01.nc4 ./dir.0080/mhs_metop-c_01.nc4 ./dir.0081/mhs_metop-c_01.nc4 ./dir.0082/mhs_metop-c_01.nc4 ./dir.0083/mhs_metop-c_01.nc4 -type f -printf .
+ exglobal_diag.sh[153]count=62
+ exglobal_diag.sh[154][[ 62 -eq 0 ]]
+ exglobal_diag.sh[157]echo '/gpfs/f6/drsa-precip4/world-shared/role.glopara/RUNDIRS/C48mx500_3DVarAOWCDA_be51ea02-6363/gdas.2021032500/analdiag.2126922/diag.sh mhs_metop-c 01 ges 62 .nc4'
+ exglobal_diag.sh[158]echo diag_mhs_metop-c_ges.2021032500.nc4.gz
+ exglobal_diag.sh[159]numfile[n]=59
+ exglobal_diag.sh[152]for type in ${diagtype[n]}
++ exglobal_diag.sh[153]wc -c
++ exglobal_diag.sh[153]find './dir.*/mhs_n18_01*' -type f -printf .
find: â./dir.*/mhs_n18_01*â: No such file or directory
++ exglobal_diag.sh[153]echo 0
+ exglobal_diag.sh[153]count='0
0'
+ exglobal_diag.sh[154][[ 0
0 -eq 0 ]]
/gpfs/f6/drsa-precip3/world-shared/global/CI/GITLAB/pr_cases_4328_be51ea02_6363/global-workflow/scripts/exglobal_diag.sh: line 154: [[: 0
0: syntax error in expression (error token is "0")
+ exglobal_diag.sh[157]echo '/gpfs/f6/drsa-precip4/world-shared/role.glopara/RUNDIRS/C48mx500_3DVarAOWCDA_be51ea02-6363/gdas.2021032500/analdiag.2126922/diag.sh mhs_n18 01 ges 0
0 .nc4'
+ exglobal_diag.sh[158]echo diag_mhs_n18_ges.2021032500.nc4.gz
+ exglobal_diag.sh[159]numfile[n]=60
+ exglobal_diag.sh[152]for type in ${diagtype[n]}
++ exglobal_diag.sh[153]wc -c
++ exglobal_diag.sh[153]find ./dir.0000/mhs_n19_01.nc4 ./dir.0001/mhs_n19_01.nc4 ./dir.0007/mhs_n19_01.nc4 ./dir.0008/mhs_n19_01.nc4 ./dir.0009/mhs_n19_01.nc4 ./dir.0014/mhs_n19_01.nc4 ./dir.0015/mhs_n19_01.nc4 ./dir.0016/mhs_n19_01.nc4 ./dir.0017/mhs_n19_01.nc4 ./dir.0018/mhs_n19_01.nc4 ./dir.0019/mhs_n19_01.nc4 ./dir.0020/mhs_n19_01.nc4 ./dir.0021/mhs_n19_01.nc4 ./dir.0022/mhs_n19_01.nc4 ./dir.0023/mhs_n19_01.nc4 ./dir.0024/mhs_n19_01.nc4 ./dir.0025/mhs_n19_01.nc4 ./dir.0026/mhs_n19_01.nc4 ./dir.0027/mhs_n19_01.nc4 ./dir.0028/mhs_n19_01.nc4 ./dir.0029/mhs_n19_01.nc4 ./dir.0030/mhs_n19_01.nc4 ./dir.0031/mhs_n19_01.nc4 ./dir.0032/mhs_n19_01.nc4 ./dir.0033/mhs_n19_01.nc4 ./dir.0034/mhs_n19_01.nc4 ./dir.0035/mhs_n19_01.nc4 ./dir.0036/mhs_n19_01.nc4 ./dir.0039/mhs_n19_01.nc4 ./dir.0040/mhs_n19_01.nc4 ./dir.0041/mhs_n19_01.nc4 ./dir.0047/mhs_n19_01.nc4 ./dir.0051/mhs_n19_01.nc4 ./dir.0052/mhs_n19_01.nc4 ./dir.0053/mhs_n19_01.nc4 ./dir.0054/mhs_n19_01.nc4 ./dir.0055/mhs_n19_01.nc4 ./dir.0056/mhs_n19_01.nc4 ./dir.0057/mhs_n19_01.nc4 ./dir.0058/mhs_n19_01.nc4 ./dir.0059/mhs_n19_01.nc4 ./dir.0060/mhs_n19_01.nc4 ./dir.0061/mhs_n19_01.nc4 ./dir.0062/mhs_n19_01.nc4 ./dir.0063/mhs_n19_01.nc4 ./dir.0064/mhs_n19_01.nc4 ./dir.0065/mhs_n19_01.nc4 ./dir.0066/mhs_n19_01.nc4 ./dir.0067/mhs_n19_01.nc4 ./dir.0068/mhs_n19_01.nc4 ./dir.0069/mhs_n19_01.nc4 ./dir.0070/mhs_n19_01.nc4 ./dir.0071/mhs_n19_01.nc4 ./dir.0072/mhs_n19_01.nc4 ./dir.0073/mhs_n19_01.nc4 ./dir.0074/mhs_n19_01.nc4 ./dir.0075/mhs_n19_01.nc4 ./dir.0076/mhs_n19_01.nc4 ./dir.0077/mhs_n19_01.nc4 ./dir.0078/mhs_n19_01.nc4 ./dir.0079/mhs_n19_01.nc4 -type f -printf .
+ exglobal_diag.sh[153]count=61
+ exglobal_diag.sh[154][[ 61 -eq 0 ]]
+ exglobal_diag.sh[157]echo '/gpfs/f6/drsa-precip4/world-shared/role.glopara/RUNDIRS/C48mx500_3DVarAOWCDA_be51ea02-6363/gdas.2021032500/analdiag.2126922/diag.sh mhs_n19 01 ges 61 .nc4'
+ exglobal_diag.sh[158]echo diag_mhs_n19_ges.2021032500.nc4.gz
+ exglobal_diag.sh[159]numfile[n]=61
+ exglobal_diag.sh[152]for type in ${diagtype[n]}
++ exglobal_diag.sh[153]wc -c
++ exglobal_diag.sh[153]find './dir.*/msu_tirosn_01*' -type f -printf .
find: â./dir.*/msu_tirosn_01*â: No such file or directory
++ exglobal_diag.sh[153]echo 0
+ exglobal_diag.sh[153]count='0
0'
+ exglobal_diag.sh[154][[ 0
0 -eq 0 ]]
/gpfs/f6/drsa-precip3/world-shared/global/CI/GITLAB/pr_cases_4328_be51ea02_6363/global-workflow/scripts/exglobal_diag.sh: line 154: [[: 0
0: syntax error in expression (error token is "0")
+ exglobal_diag.sh[157]echo '/gpfs/f6/drsa-precip4/world-shared/role.glopara/RUNDIRS/C48mx500_3DVarAOWCDA_be51ea02-6363/gdas.2021032500/analdiag.2126922/diag.sh msu_tirosn 01 ges 0
0 .nc4'
+ exglobal_diag.sh[158]echo diag_msu_tirosn_ges.2021032500.nc4.gz
+ exglobal_diag.sh[159]numfile[n]=62
+ exglobal_diag.sh[152]for type in ${diagtype[n]}
++ exglobal_diag.sh[153]wc -c
++ exglobal_diag.sh[153]find './dir.*/msu_n06_01*' -type f -printf .
find: â./dir.*/msu_n06_01*â: No such file or directory
++ exglobal_diag.sh[153]echo 0
+ exglobal_diag.sh[153]count='0
0'
+ exglobal_diag.sh[154][[ 0
0 -eq 0 ]]
/gpfs/f6/drsa-precip3/world-shared/global/CI/GITLAB/pr_cases_4328_be51ea02_6363/global-workflow/scripts/exglobal_diag.sh: line 154: [[: 0
0: syntax error in expression (error token is "0")
+ exglobal_diag.sh[157]echo '/gpfs/f6/drsa-precip4/world-shared/role.glopara/RUNDIRS/C48mx500_3DVarAOWCDA_be51ea02-6363/gdas.2021032500/analdiag.2126922/diag.sh msu_n06 01 ges 0
0 .nc4'
+ exglobal_diag.sh[158]echo diag_msu_n06_ges.2021032500.nc4.gz
+ exglobal_diag.sh[159]numfile[n]=63
+ exglobal_diag.sh[152]for type in ${diagtype[n]}
++ exglobal_diag.sh[153]wc -c
++ exglobal_diag.sh[153]find './dir.*/msu_n07_01*' -type f -printf .
find: â./dir.*/msu_n07_01*â: No such file or directory
++ exglobal_diag.sh[153]echo 0
+ exglobal_diag.sh[153]count='0
0'
+ exglobal_diag.sh[154][[ 0
0 -eq 0 ]]
/gpfs/f6/drsa-precip3/world-shared/global/CI/GITLAB/pr_cases_4328_be51ea02_6363/global-workflow/scripts/exglobal_diag.sh: line 154: [[: 0
0: syntax error in expression (error token is "0")
+ exglobal_diag.sh[157]echo '/gpfs/f6/drsa-precip4/world-shared/role.glopara/RUNDIRS/C48mx500_3DVarAOWCDA_be51ea02-6363/gdas.2021032500/analdiag.2126922/diag.sh msu_n07 01 ges 0
0 .nc4'
+ exglobal_diag.sh[158]echo diag_msu_n07_ges.2021032500.nc4.gz
+ exglobal_diag.sh[159]numfile[n]=64
+ exglobal_diag.sh[152]for type in ${diagtype[n]}
++ exglobal_diag.sh[153]wc -c
++ exglobal_diag.sh[153]find './dir.*/msu_n08_01*' -type f -printf .
find: â./dir.*/msu_n08_01*â: No such file or directory
++ exglobal_diag.sh[153]echo 0
+ exglobal_diag.sh[153]count='0
0'
+ exglobal_diag.sh[154][[ 0
0 -eq 0 ]]
/gpfs/f6/drsa-precip3/world-shared/global/CI/GITLAB/pr_cases_4328_be51ea02_6363/global-workflow/scripts/exglobal_diag.sh: line 154: [[: 0
0: syntax error in expression (error token is "0")
+ exglobal_diag.sh[157]echo '/gpfs/f6/drsa-precip4/world-shared/role.glopara/RUNDIRS/C48mx500_3DVarAOWCDA_be51ea02-6363/gdas.2021032500/analdiag.2126922/diag.sh msu_n08 01 ges 0
0 .nc4'
+ exglobal_diag.sh[158]echo diag_msu_n08_ges.2021032500.nc4.gz
+ exglobal_diag.sh[159]numfile[n]=65
+ exglobal_diag.sh[152]for type in ${diagtype[n]}
++ exglobal_diag.sh[153]wc -c
++ exglobal_diag.sh[153]find './dir.*/msu_n09_01*' -type f -printf .
find: â./dir.*/msu_n09_01*â: No such file or directory
++ exglobal_diag.sh[153]echo 0
+ exglobal_diag.sh[153]count='0
0'
+ exglobal_diag.sh[154][[ 0
0 -eq 0 ]]
/gpfs/f6/drsa-precip3/world-shared/global/CI/GITLAB/pr_cases_4328_be51ea02_6363/global-workflow/scripts/exglobal_diag.sh: line 154: [[: 0
0: syntax error in expression (error token is "0")
+ exglobal_diag.sh[157]echo '/gpfs/f6/drsa-precip4/world-shared/role.glopara/RUNDIRS/C48mx500_3DVarAOWCDA_be51ea02-6363/gdas.2021032500/analdiag.2126922/diag.sh msu_n09 01 ges 0
0 .nc4'
+ exglobal_diag.sh[158]echo diag_msu_n09_ges.2021032500.nc4.gz
+ exglobal_diag.sh[159]numfile[n]=66
+ exglobal_diag.sh[152]for type in ${diagtype[n]}
++ exglobal_diag.sh[153]wc -c
++ exglobal_diag.sh[153]find './dir.*/msu_n10_01*' -type f -printf .
find: â./dir.*/msu_n10_01*â: No such file or directory
++ exglobal_diag.sh[153]echo 0
+ exglobal_diag.sh[153]count='0
0'
+ exglobal_diag.sh[154][[ 0
0 -eq 0 ]]
/gpfs/f6/drsa-precip3/world-shared/global/CI/GITLAB/pr_cases_4328_be51ea02_6363/global-workflow/scripts/exglobal_diag.sh: line 154: [[: 0
0: syntax error in expression (error token is "0")
+ exglobal_diag.sh[157]echo '/gpfs/f6/drsa-precip4/world-shared/role.glopara/RUNDIRS/C48mx500_3DVarAOWCDA_be51ea02-6363/gdas.2021032500/analdiag.2126922/diag.sh msu_n10 01 ges 0
0 .nc4'
+ exglobal_diag.sh[158]echo diag_msu_n10_ges.2021032500.nc4.gz
+ exglobal_diag.sh[159]numfile[n]=67
+ exglobal_diag.sh[152]for type in ${diagtype[n]}
++ exglobal_diag.sh[153]wc -c
++ exglobal_diag.sh[153]find './dir.*/msu_n11_01*' -type f -printf .
find: â./dir.*/msu_n11_01*â: No such file or directory
++ exglobal_diag.sh[153]echo 0
+ exglobal_diag.sh[153]count='0
0'
+ exglobal_diag.sh[154][[ 0
0 -eq 0 ]]
/gpfs/f6/drsa-precip3/world-shared/global/CI/GITLAB/pr_cases_4328_be51ea02_6363/global-workflow/scripts/exglobal_diag.sh: line 154: [[: 0
0: syntax error in expression (error token is "0")
+ exglobal_diag.sh[157]echo '/gpfs/f6/drsa-precip4/world-shared/role.glopara/RUNDIRS/C48mx500_3DVarAOWCDA_be51ea02-6363/gdas.2021032500/analdiag.2126922/diag.sh msu_n11 01 ges 0
0 .nc4'
+ exglobal_diag.sh[158]echo diag_msu_n11_ges.2021032500.nc4.gz
+ exglobal_diag.sh[159]numfile[n]=68
+ exglobal_diag.sh[152]for type in ${diagtype[n]}
++ exglobal_diag.sh[153]wc -c
++ exglobal_diag.sh[153]find './dir.*/msu_n12_01*' -type f -printf .
find: â./dir.*/msu_n12_01*â: No such file or directory
++ exglobal_diag.sh[153]echo 0
+ exglobal_diag.sh[153]count='0
0'
+ exglobal_diag.sh[154][[ 0
0 -eq 0 ]]
/gpfs/f6/drsa-precip3/world-shared/global/CI/GITLAB/pr_cases_4328_be51ea02_6363/global-workflow/scripts/exglobal_diag.sh: line 154: [[: 0
0: syntax error in expression (error token is "0")
+ exglobal_diag.sh[157]echo '/gpfs/f6/drsa-precip4/world-shared/role.glopara/RUNDIRS/C48mx500_3DVarAOWCDA_be51ea02-6363/gdas.2021032500/analdiag.2126922/diag.sh msu_n12 01 ges 0
0 .nc4'
+ exglobal_diag.sh[158]echo diag_msu_n12_ges.2021032500.nc4.gz
+ exglobal_diag.sh[159]numfile[n]=69
+ exglobal_diag.sh[152]for type in ${diagtype[n]}
++ exglobal_diag.sh[153]wc -c
++ exglobal_diag.sh[153]find './dir.*/msu_n14_01*' -type f -printf .
find: â./dir.*/msu_n14_01*â: No such file or directory
++ exglobal_diag.sh[153]echo 0
+ exglobal_diag.sh[153]count='0
0'
+ exglobal_diag.sh[154][[ 0
0 -eq 0 ]]
/gpfs/f6/drsa-precip3/world-shared/global/CI/GITLAB/pr_cases_4328_be51ea02_6363/global-workflow/scripts/exglobal_diag.sh: line 154: [[: 0
0: syntax error in expression (error token is "0")
+ exglobal_diag.sh[157]echo '/gpfs/f6/drsa-precip4/world-shared/role.glopara/RUNDIRS/C48mx500_3DVarAOWCDA_be51ea02-6363/gdas.2021032500/analdiag.2126922/diag.sh msu_n14 01 ges 0
0 .nc4'
+ exglobal_diag.sh[158]echo diag_msu_n14_ges.2021032500.nc4.gz
+ exglobal_diag.sh[159]numfile[n]=70
+ exglobal_diag.sh[152]for type in ${diagtype[n]}
++ exglobal_diag.sh[153]wc -c
++ exglobal_diag.sh[153]find './dir.*/mws_metop-sg-a1_01*' -type f -printf .
find: â./dir.*/mws_metop-sg-a1_01*â: No such file or directory
++ exglobal_diag.sh[153]echo 0
+ exglobal_diag.sh[153]count='0
0'
+ exglobal_diag.sh[154][[ 0
0 -eq 0 ]]
/gpfs/f6/drsa-precip3/world-shared/global/CI/GITLAB/pr_cases_4328_be51ea02_6363/global-workflow/scripts/exglobal_diag.sh: line 154: [[: 0
0: syntax error in expression (error token is "0")
+ exglobal_diag.sh[157]echo '/gpfs/f6/drsa-precip4/world-shared/role.glopara/RUNDIRS/C48mx500_3DVarAOWCDA_be51ea02-6363/gdas.2021032500/analdiag.2126922/diag.sh mws_metop-sg-a1 01 ges 0
0 .nc4'
+ exglobal_diag.sh[158]echo diag_mws_metop-sg-a1_ges.2021032500.nc4.gz
+ exglobal_diag.sh[159]numfile[n]=71
+ exglobal_diag.sh[152]for type in ${diagtype[n]}
++ exglobal_diag.sh[153]wc -c
++ exglobal_diag.sh[153]find './dir.*/saphir_meghat_01*' -type f -printf .
find: â./dir.*/saphir_meghat_01*â: No such file or directory
++ exglobal_diag.sh[153]echo 0
+ exglobal_diag.sh[153]count='0
0'
+ exglobal_diag.sh[154][[ 0
0 -eq 0 ]]
/gpfs/f6/drsa-precip3/world-shared/global/CI/GITLAB/pr_cases_4328_be51ea02_6363/global-workflow/scripts/exglobal_diag.sh: line 154: [[: 0
0: syntax error in expression (error token is "0")
+ exglobal_diag.sh[157]echo '/gpfs/f6/drsa-precip4/world-shared/role.glopara/RUNDIRS/C48mx500_3DVarAOWCDA_be51ea02-6363/gdas.2021032500/analdiag.2126922/diag.sh saphir_meghat 01 ges 0
0 .nc4'
+ exglobal_diag.sh[158]echo diag_saphir_meghat_ges.2021032500.nc4.gz
+ exglobal_diag.sh[159]numfile[n]=72
+ exglobal_diag.sh[152]for type in ${diagtype[n]}
++ exglobal_diag.sh[153]wc -c
++ exglobal_diag.sh[153]find ./dir.0001/seviri_m08_01.nc4 ./dir.0002/seviri_m08_01.nc4 ./dir.0003/seviri_m08_01.nc4 ./dir.0004/seviri_m08_01.nc4 ./dir.0005/seviri_m08_01.nc4 ./dir.0008/seviri_m08_01.nc4 ./dir.0009/seviri_m08_01.nc4 ./dir.0010/seviri_m08_01.nc4 ./dir.0011/seviri_m08_01.nc4 ./dir.0012/seviri_m08_01.nc4 ./dir.0015/seviri_m08_01.nc4 ./dir.0016/seviri_m08_01.nc4 ./dir.0017/seviri_m08_01.nc4 ./dir.0018/seviri_m08_01.nc4 ./dir.0019/seviri_m08_01.nc4 ./dir.0022/seviri_m08_01.nc4 ./dir.0023/seviri_m08_01.nc4 ./dir.0024/seviri_m08_01.nc4 ./dir.0025/seviri_m08_01.nc4 ./dir.0026/seviri_m08_01.nc4 ./dir.0079/seviri_m08_01.nc4 ./dir.0080/seviri_m08_01.nc4 ./dir.0081/seviri_m08_01.nc4 ./dir.0082/seviri_m08_01.nc4 -type f -printf .
+ exglobal_diag.sh[153]count=24
+ exglobal_diag.sh[154][[ 24 -eq 0 ]]
+ exglobal_diag.sh[157]echo '/gpfs/f6/drsa-precip4/world-shared/role.glopara/RUNDIRS/C48mx500_3DVarAOWCDA_be51ea02-6363/gdas.2021032500/analdiag.2126922/diag.sh seviri_m08 01 ges 24 .nc4'
+ exglobal_diag.sh[158]echo diag_seviri_m08_ges.2021032500.nc4.gz
+ exglobal_diag.sh[159]numfile[n]=73
+ exglobal_diag.sh[152]for type in ${diagtype[n]}
++ exglobal_diag.sh[153]wc -c
++ exglobal_diag.sh[153]find './dir.*/seviri_m09_01*' -type f -printf .
find: â./dir.*/seviri_m09_01*â: No such file or directory
++ exglobal_diag.sh[153]echo 0
+ exglobal_diag.sh[153]count='0
0'
+ exglobal_diag.sh[154][[ 0
0 -eq 0 ]]
/gpfs/f6/drsa-precip3/world-shared/global/CI/GITLAB/pr_cases_4328_be51ea02_6363/global-workflow/scripts/exglobal_diag.sh: line 154: [[: 0
0: syntax error in expression (error token is "0")
+ exglobal_diag.sh[157]echo '/gpfs/f6/drsa-precip4/world-shared/role.glopara/RUNDIRS/C48mx500_3DVarAOWCDA_be51ea02-6363/gdas.2021032500/analdiag.2126922/diag.sh seviri_m09 01 ges 0
0 .nc4'
+ exglobal_diag.sh[158]echo diag_seviri_m09_ges.2021032500.nc4.gz
+ exglobal_diag.sh[159]numfile[n]=74
+ exglobal_diag.sh[152]for type in ${diagtype[n]}
++ exglobal_diag.sh[153]wc -c
++ exglobal_diag.sh[153]find './dir.*/seviri_m10_01*' -type f -printf .
find: â./dir.*/seviri_m10_01*â: No such file or directory
++ exglobal_diag.sh[153]echo 0
+ exglobal_diag.sh[153]count='0
0'
+ exglobal_diag.sh[154][[ 0
0 -eq 0 ]]
/gpfs/f6/drsa-precip3/world-shared/global/CI/GITLAB/pr_cases_4328_be51ea02_6363/global-workflow/scripts/exglobal_diag.sh: line 154: [[: 0
0: syntax error in expression (error token is "0")
+ exglobal_diag.sh[157]echo '/gpfs/f6/drsa-precip4/world-shared/role.glopara/RUNDIRS/C48mx500_3DVarAOWCDA_be51ea02-6363/gdas.2021032500/analdiag.2126922/diag.sh seviri_m10 01 ges 0
0 .nc4'
+ exglobal_diag.sh[158]echo diag_seviri_m10_ges.2021032500.nc4.gz
+ exglobal_diag.sh[159]numfile[n]=75
+ exglobal_diag.sh[152]for type in ${diagtype[n]}
++ exglobal_diag.sh[153]wc -c
++ exglobal_diag.sh[153]find './dir.*/seviri_m11_01*' -type f -printf .
find: â./dir.*/seviri_m11_01*â: No such file or directory
++ exglobal_diag.sh[153]echo 0
+ exglobal_diag.sh[153]count='0
0'
+ exglobal_diag.sh[154][[ 0
0 -eq 0 ]]
/gpfs/f6/drsa-precip3/world-shared/global/CI/GITLAB/pr_cases_4328_be51ea02_6363/global-workflow/scripts/exglobal_diag.sh: line 154: [[: 0
0: syntax error in expression (error token is "0")
+ exglobal_diag.sh[157]echo '/gpfs/f6/drsa-precip4/world-shared/role.glopara/RUNDIRS/C48mx500_3DVarAOWCDA_be51ea02-6363/gdas.2021032500/analdiag.2126922/diag.sh seviri_m11 01 ges 0
0 .nc4'
+ exglobal_diag.sh[158]echo diag_seviri_m11_ges.2021032500.nc4.gz
+ exglobal_diag.sh[159]numfile[n]=76
+ exglobal_diag.sh[152]for type in ${diagtype[n]}
++ exglobal_diag.sh[153]wc -c
++ exglobal_diag.sh[153]find './dir.*/sndrD_g11_01*' -type f -printf .
find: â./dir.*/sndrD_g11_01*â: No such file or directory
++ exglobal_diag.sh[153]echo 0
+ exglobal_diag.sh[153]count='0
0'
+ exglobal_diag.sh[154][[ 0
0 -eq 0 ]]
/gpfs/f6/drsa-precip3/world-shared/global/CI/GITLAB/pr_cases_4328_be51ea02_6363/global-workflow/scripts/exglobal_diag.sh: line 154: [[: 0
0: syntax error in expression (error token is "0")
+ exglobal_diag.sh[157]echo '/gpfs/f6/drsa-precip4/world-shared/role.glopara/RUNDIRS/C48mx500_3DVarAOWCDA_be51ea02-6363/gdas.2021032500/analdiag.2126922/diag.sh sndrD_g11 01 ges 0
0 .nc4'
+ exglobal_diag.sh[158]echo diag_sndrD_g11_ges.2021032500.nc4.gz
+ exglobal_diag.sh[159]numfile[n]=77
+ exglobal_diag.sh[152]for type in ${diagtype[n]}
++ exglobal_diag.sh[153]wc -c
++ exglobal_diag.sh[153]find './dir.*/sndrD_g12_01*' -type f -printf .
find: â./dir.*/sndrD_g12_01*â: No such file or directory
++ exglobal_diag.sh[153]echo 0
+ exglobal_diag.sh[153]count='0
0'
+ exglobal_diag.sh[154][[ 0
0 -eq 0 ]]
/gpfs/f6/drsa-precip3/world-shared/global/CI/GITLAB/pr_cases_4328_be51ea02_6363/global-workflow/scripts/exglobal_diag.sh: line 154: [[: 0
0: syntax error in expression (error token is "0")
+ exglobal_diag.sh[157]echo '/gpfs/f6/drsa-precip4/world-shared/role.glopara/RUNDIRS/C48mx500_3DVarAOWCDA_be51ea02-6363/gdas.2021032500/analdiag.2126922/diag.sh sndrD_g12 01 ges 0
0 .nc4'
+ exglobal_diag.sh[158]echo diag_sndrD_g12_ges.2021032500.nc4.gz
+ exglobal_diag.sh[159]numfile[n]=78
+ exglobal_diag.sh[152]for type in ${diagtype[n]}
++ exglobal_diag.sh[153]wc -c
++ exglobal_diag.sh[153]find './dir.*/sndrD_g13_01*' -type f -printf .
find: â./dir.*/sndrD_g13_01*â: No such file or directory
++ exglobal_diag.sh[153]echo 0
+ exglobal_diag.sh[153]count='0
0'
+ exglobal_diag.sh[154][[ 0
0 -eq 0 ]]
/gpfs/f6/drsa-precip3/world-shared/global/CI/GITLAB/pr_cases_4328_be51ea02_6363/global-workflow/scripts/exglobal_diag.sh: line 154: [[: 0
0: syntax error in expression (error token is "0")
+ exglobal_diag.sh[157]echo '/gpfs/f6/drsa-precip4/world-shared/role.glopara/RUNDIRS/C48mx500_3DVarAOWCDA_be51ea02-6363/gdas.2021032500/analdiag.2126922/diag.sh sndrD_g13 01 ges 0
0 .nc4'
+ exglobal_diag.sh[158]echo diag_sndrD_g13_ges.2021032500.nc4.gz
+ exglobal_diag.sh[159]numfile[n]=79
+ exglobal_diag.sh[152]for type in ${diagtype[n]}
++ exglobal_diag.sh[153]wc -c
++ exglobal_diag.sh[153]find './dir.*/sndrD_g14_01*' -type f -printf .
find: â./dir.*/sndrD_g14_01*â: No such file or directory
++ exglobal_diag.sh[153]echo 0
+ exglobal_diag.sh[153]count='0
0'
+ exglobal_diag.sh[154][[ 0
0 -eq 0 ]]
/gpfs/f6/drsa-precip3/world-shared/global/CI/GITLAB/pr_cases_4328_be51ea02_6363/global-workflow/scripts/exglobal_diag.sh: line 154: [[: 0
0: syntax error in expression (error token is "0")
+ exglobal_diag.sh[157]echo '/gpfs/f6/drsa-precip4/world-shared/role.glopara/RUNDIRS/C48mx500_3DVarAOWCDA_be51ea02-6363/gdas.2021032500/analdiag.2126922/diag.sh sndrD_g14 01 ges 0
0 .nc4'
+ exglobal_diag.sh[158]echo diag_sndrD_g14_ges.2021032500.nc4.gz
+ exglobal_diag.sh[159]numfile[n]=80
+ exglobal_diag.sh[152]for type in ${diagtype[n]}
++ exglobal_diag.sh[153]wc -c
++ exglobal_diag.sh[153]find './dir.*/sndrD_g15_01*' -type f -printf .
find: â./dir.*/sndrD_g15_01*â: No such file or directory
++ exglobal_diag.sh[153]echo 0
+ exglobal_diag.sh[153]count='0
0'
+ exglobal_diag.sh[154][[ 0
0 -eq 0 ]]
/gpfs/f6/drsa-precip3/world-shared/global/CI/GITLAB/pr_cases_4328_be51ea02_6363/global-workflow/scripts/exglobal_diag.sh: line 154: [[: 0
0: syntax error in expression (error token is "0")
+ exglobal_diag.sh[157]echo '/gpfs/f6/drsa-precip4/world-shared/role.glopara/RUNDIRS/C48mx500_3DVarAOWCDA_be51ea02-6363/gdas.2021032500/analdiag.2126922/diag.sh sndrD_g15 01 ges 0
0 .nc4'
+ exglobal_diag.sh[158]echo diag_sndrD_g15_ges.2021032500.nc4.gz
+ exglobal_diag.sh[159]numfile[n]=81
+ exglobal_diag.sh[152]for type in ${diagtype[n]}
++ exglobal_diag.sh[153]wc -c
++ exglobal_diag.sh[153]find './dir.*/sndr_g08_01*' -type f -printf .
find: â./dir.*/sndr_g08_01*â: No such file or directory
++ exglobal_diag.sh[153]echo 0
+ exglobal_diag.sh[153]count='0
0'
+ exglobal_diag.sh[154][[ 0
0 -eq 0 ]]
/gpfs/f6/drsa-precip3/world-shared/global/CI/GITLAB/pr_cases_4328_be51ea02_6363/global-workflow/scripts/exglobal_diag.sh: line 154: [[: 0
0: syntax error in expression (error token is "0")
+ exglobal_diag.sh[157]echo '/gpfs/f6/drsa-precip4/world-shared/role.glopara/RUNDIRS/C48mx500_3DVarAOWCDA_be51ea02-6363/gdas.2021032500/analdiag.2126922/diag.sh sndr_g08 01 ges 0
0 .nc4'
+ exglobal_diag.sh[158]echo diag_sndr_g08_ges.2021032500.nc4.gz
+ exglobal_diag.sh[159]numfile[n]=82
+ exglobal_diag.sh[152]for type in ${diagtype[n]}
++ exglobal_diag.sh[153]wc -c
++ exglobal_diag.sh[153]find './dir.*/sndr_g10_01*' -type f -printf .
find: â./dir.*/sndr_g10_01*â: No such file or directory
++ exglobal_diag.sh[153]echo 0
+ exglobal_diag.sh[153]count='0
0'
+ exglobal_diag.sh[154][[ 0
0 -eq 0 ]]
/gpfs/f6/drsa-precip3/world-shared/global/CI/GITLAB/pr_cases_4328_be51ea02_6363/global-workflow/scripts/exglobal_diag.sh: line 154: [[: 0
0: syntax error in expression (error token is "0")
+ exglobal_diag.sh[157]echo '/gpfs/f6/drsa-precip4/world-shared/role.glopara/RUNDIRS/C48mx500_3DVarAOWCDA_be51ea02-6363/gdas.2021032500/analdiag.2126922/diag.sh sndr_g10 01 ges 0
0 .nc4'
+ exglobal_diag.sh[158]echo diag_sndr_g10_ges.2021032500.nc4.gz
+ exglobal_diag.sh[159]numfile[n]=83
+ exglobal_diag.sh[152]for type in ${diagtype[n]}
++ exglobal_diag.sh[153]wc -c
++ exglobal_diag.sh[153]find './dir.*/sndr_g11_01*' -type f -printf .
find: â./dir.*/sndr_g11_01*â: No such file or directory
++ exglobal_diag.sh[153]echo 0
+ exglobal_diag.sh[153]count='0
0'
+ exglobal_diag.sh[154][[ 0
0 -eq 0 ]]
/gpfs/f6/drsa-precip3/world-shared/global/CI/GITLAB/pr_cases_4328_be51ea02_6363/global-workflow/scripts/exglobal_diag.sh: line 154: [[: 0
0: syntax error in expression (error token is "0")
+ exglobal_diag.sh[157]echo '/gpfs/f6/drsa-precip4/world-shared/role.glopara/RUNDIRS/C48mx500_3DVarAOWCDA_be51ea02-6363/gdas.2021032500/analdiag.2126922/diag.sh sndr_g11 01 ges 0
0 .nc4'
+ exglobal_diag.sh[158]echo diag_sndr_g11_ges.2021032500.nc4.gz
+ exglobal_diag.sh[159]numfile[n]=84
+ exglobal_diag.sh[152]for type in ${diagtype[n]}
++ exglobal_diag.sh[153]wc -c
++ exglobal_diag.sh[153]find './dir.*/sndr_g12_01*' -type f -printf .
find: â./dir.*/sndr_g12_01*â: No such file or directory
++ exglobal_diag.sh[153]echo 0
+ exglobal_diag.sh[153]count='0
0'
+ exglobal_diag.sh[154][[ 0
0 -eq 0 ]]
/gpfs/f6/drsa-precip3/world-shared/global/CI/GITLAB/pr_cases_4328_be51ea02_6363/global-workflow/scripts/exglobal_diag.sh: line 154: [[: 0
0: syntax error in expression (error token is "0")
+ exglobal_diag.sh[157]echo '/gpfs/f6/drsa-precip4/world-shared/role.glopara/RUNDIRS/C48mx500_3DVarAOWCDA_be51ea02-6363/gdas.2021032500/analdiag.2126922/diag.sh sndr_g12 01 ges 0
0 .nc4'
+ exglobal_diag.sh[158]echo diag_sndr_g12_ges.2021032500.nc4.gz
+ exglobal_diag.sh[159]numfile[n]=85
+ exglobal_diag.sh[152]for type in ${diagtype[n]}
++ exglobal_diag.sh[153]wc -c
++ exglobal_diag.sh[153]find './dir.*/ssmi_f10_01*' -type f -printf .
find: â./dir.*/ssmi_f10_01*â: No such file or directory
++ exglobal_diag.sh[153]echo 0
+ exglobal_diag.sh[153]count='0
0'
+ exglobal_diag.sh[154][[ 0
0 -eq 0 ]]
/gpfs/f6/drsa-precip3/world-shared/global/CI/GITLAB/pr_cases_4328_be51ea02_6363/global-workflow/scripts/exglobal_diag.sh: line 154: [[: 0
0: syntax error in expression (error token is "0")
+ exglobal_diag.sh[157]echo '/gpfs/f6/drsa-precip4/world-shared/role.glopara/RUNDIRS/C48mx500_3DVarAOWCDA_be51ea02-6363/gdas.2021032500/analdiag.2126922/diag.sh ssmi_f10 01 ges 0
0 .nc4'
+ exglobal_diag.sh[158]echo diag_ssmi_f10_ges.2021032500.nc4.gz
+ exglobal_diag.sh[159]numfile[n]=86
+ exglobal_diag.sh[152]for type in ${diagtype[n]}
++ exglobal_diag.sh[153]wc -c
++ exglobal_diag.sh[153]find './dir.*/ssmi_f11_01*' -type f -printf .
find: â./dir.*/ssmi_f11_01*â: No such file or directory
++ exglobal_diag.sh[153]echo 0
+ exglobal_diag.sh[153]count='0
0'
+ exglobal_diag.sh[154][[ 0
0 -eq 0 ]]
/gpfs/f6/drsa-precip3/world-shared/global/CI/GITLAB/pr_cases_4328_be51ea02_6363/global-workflow/scripts/exglobal_diag.sh: line 154: [[: 0
0: syntax error in expression (error token is "0")
+ exglobal_diag.sh[157]echo '/gpfs/f6/drsa-precip4/world-shared/role.glopara/RUNDIRS/C48mx500_3DVarAOWCDA_be51ea02-6363/gdas.2021032500/analdiag.2126922/diag.sh ssmi_f11 01 ges 0
0 .nc4'
+ exglobal_diag.sh[158]echo diag_ssmi_f11_ges.2021032500.nc4.gz
+ exglobal_diag.sh[159]numfile[n]=87
+ exglobal_diag.sh[152]for type in ${diagtype[n]}
++ exglobal_diag.sh[153]wc -c
++ exglobal_diag.sh[153]find './dir.*/ssmi_f13_01*' -type f -printf .
find: â./dir.*/ssmi_f13_01*â: No such file or directory
++ exglobal_diag.sh[153]echo 0
+ exglobal_diag.sh[153]count='0
0'
+ exglobal_diag.sh[154][[ 0
0 -eq 0 ]]
/gpfs/f6/drsa-precip3/world-shared/global/CI/GITLAB/pr_cases_4328_be51ea02_6363/global-workflow/scripts/exglobal_diag.sh: line 154: [[: 0
0: syntax error in expression (error token is "0")
+ exglobal_diag.sh[157]echo '/gpfs/f6/drsa-precip4/world-shared/role.glopara/RUNDIRS/C48mx500_3DVarAOWCDA_be51ea02-6363/gdas.2021032500/analdiag.2126922/diag.sh ssmi_f13 01 ges 0
0 .nc4'
+ exglobal_diag.sh[158]echo diag_ssmi_f13_ges.2021032500.nc4.gz
+ exglobal_diag.sh[159]numfile[n]=88
+ exglobal_diag.sh[152]for type in ${diagtype[n]}
++ exglobal_diag.sh[153]wc -c
++ exglobal_diag.sh[153]find './dir.*/ssmi_f14_01*' -type f -printf .
find: â./dir.*/ssmi_f14_01*â: No such file or directory
++ exglobal_diag.sh[153]echo 0
+ exglobal_diag.sh[153]count='0
0'
+ exglobal_diag.sh[154][[ 0
0 -eq 0 ]]
/gpfs/f6/drsa-precip3/world-shared/global/CI/GITLAB/pr_cases_4328_be51ea02_6363/global-workflow/scripts/exglobal_diag.sh: line 154: [[: 0
0: syntax error in expression (error token is "0")
+ exglobal_diag.sh[157]echo '/gpfs/f6/drsa-precip4/world-shared/role.glopara/RUNDIRS/C48mx500_3DVarAOWCDA_be51ea02-6363/gdas.2021032500/analdiag.2126922/diag.sh ssmi_f14 01 ges 0
0 .nc4'
+ exglobal_diag.sh[158]echo diag_ssmi_f14_ges.2021032500.nc4.gz
+ exglobal_diag.sh[159]numfile[n]=89
+ exglobal_diag.sh[152]for type in ${diagtype[n]}
++ exglobal_diag.sh[153]wc -c
++ exglobal_diag.sh[153]find './dir.*/ssmi_f15_01*' -type f -printf .
find: â./dir.*/ssmi_f15_01*â: No such file or directory
++ exglobal_diag.sh[153]echo 0
+ exglobal_diag.sh[153]count='0
0'
+ exglobal_diag.sh[154][[ 0
0 -eq 0 ]]
/gpfs/f6/drsa-precip3/world-shared/global/CI/GITLAB/pr_cases_4328_be51ea02_6363/global-workflow/scripts/exglobal_diag.sh: line 154: [[: 0
0: syntax error in expression (error token is "0")
+ exglobal_diag.sh[157]echo '/gpfs/f6/drsa-precip4/world-shared/role.glopara/RUNDIRS/C48mx500_3DVarAOWCDA_be51ea02-6363/gdas.2021032500/analdiag.2126922/diag.sh ssmi_f15 01 ges 0
0 .nc4'
+ exglobal_diag.sh[158]echo diag_ssmi_f15_ges.2021032500.nc4.gz
+ exglobal_diag.sh[159]numfile[n]=90
+ exglobal_diag.sh[152]for type in ${diagtype[n]}
++ exglobal_diag.sh[153]wc -c
++ exglobal_diag.sh[153]find './dir.*/ssmis_f16_01*' -type f -printf .
find: â./dir.*/ssmis_f16_01*â: No such file or directory
++ exglobal_diag.sh[153]echo 0
+ exglobal_diag.sh[153]count='0
0'
+ exglobal_diag.sh[154][[ 0
0 -eq 0 ]]
/gpfs/f6/drsa-precip3/world-shared/global/CI/GITLAB/pr_cases_4328_be51ea02_6363/global-workflow/scripts/exglobal_diag.sh: line 154: [[: 0
0: syntax error in expression (error token is "0")
+ exglobal_diag.sh[157]echo '/gpfs/f6/drsa-precip4/world-shared/role.glopara/RUNDIRS/C48mx500_3DVarAOWCDA_be51ea02-6363/gdas.2021032500/analdiag.2126922/diag.sh ssmis_f16 01 ges 0
0 .nc4'
+ exglobal_diag.sh[158]echo diag_ssmis_f16_ges.2021032500.nc4.gz
+ exglobal_diag.sh[159]numfile[n]=91
+ exglobal_diag.sh[152]for type in ${diagtype[n]}
++ exglobal_diag.sh[153]wc -c
++ exglobal_diag.sh[153]find ./dir.0000/ssmis_f17_01.nc4 ./dir.0001/ssmis_f17_01.nc4 ./dir.0007/ssmis_f17_01.nc4 ./dir.0008/ssmis_f17_01.nc4 ./dir.0009/ssmis_f17_01.nc4 ./dir.0014/ssmis_f17_01.nc4 ./dir.0015/ssmis_f17_01.nc4 ./dir.0016/ssmis_f17_01.nc4 ./dir.0017/ssmis_f17_01.nc4 ./dir.0018/ssmis_f17_01.nc4 ./dir.0019/ssmis_f17_01.nc4 ./dir.0020/ssmis_f17_01.nc4 ./dir.0021/ssmis_f17_01.nc4 ./dir.0022/ssmis_f17_01.nc4 ./dir.0023/ssmis_f17_01.nc4 ./dir.0024/ssmis_f17_01.nc4 ./dir.0025/ssmis_f17_01.nc4 ./dir.0026/ssmis_f17_01.nc4 ./dir.0027/ssmis_f17_01.nc4 ./dir.0028/ssmis_f17_01.nc4 ./dir.0029/ssmis_f17_01.nc4 ./dir.0030/ssmis_f17_01.nc4 ./dir.0031/ssmis_f17_01.nc4 ./dir.0032/ssmis_f17_01.nc4 ./dir.0033/ssmis_f17_01.nc4 ./dir.0034/ssmis_f17_01.nc4 ./dir.0035/ssmis_f17_01.nc4 ./dir.0036/ssmis_f17_01.nc4 ./dir.0037/ssmis_f17_01.nc4 ./dir.0039/ssmis_f17_01.nc4 ./dir.0040/ssmis_f17_01.nc4 ./dir.0041/ssmis_f17_01.nc4 ./dir.0047/ssmis_f17_01.nc4 ./dir.0051/ssmis_f17_01.nc4 ./dir.0052/ssmis_f17_01.nc4 ./dir.0053/ssmis_f17_01.nc4 ./dir.0054/ssmis_f17_01.nc4 ./dir.0055/ssmis_f17_01.nc4 ./dir.0056/ssmis_f17_01.nc4 ./dir.0057/ssmis_f17_01.nc4 ./dir.0058/ssmis_f17_01.nc4 ./dir.0059/ssmis_f17_01.nc4 ./dir.0060/ssmis_f17_01.nc4 ./dir.0061/ssmis_f17_01.nc4 ./dir.0062/ssmis_f17_01.nc4 ./dir.0063/ssmis_f17_01.nc4 ./dir.0064/ssmis_f17_01.nc4 ./dir.0065/ssmis_f17_01.nc4 ./dir.0066/ssmis_f17_01.nc4 ./dir.0067/ssmis_f17_01.nc4 ./dir.0068/ssmis_f17_01.nc4 ./dir.0069/ssmis_f17_01.nc4 ./dir.0070/ssmis_f17_01.nc4 ./dir.0071/ssmis_f17_01.nc4 ./dir.0072/ssmis_f17_01.nc4 ./dir.0073/ssmis_f17_01.nc4 ./dir.0074/ssmis_f17_01.nc4 ./dir.0075/ssmis_f17_01.nc4 ./dir.0076/ssmis_f17_01.nc4 ./dir.0077/ssmis_f17_01.nc4 ./dir.0078/ssmis_f17_01.nc4 ./dir.0079/ssmis_f17_01.nc4 -type f -printf .
+ exglobal_diag.sh[153]count=62
+ exglobal_diag.sh[154][[ 62 -eq 0 ]]
+ exglobal_diag.sh[157]echo '/gpfs/f6/drsa-precip4/world-shared/role.glopara/RUNDIRS/C48mx500_3DVarAOWCDA_be51ea02-6363/gdas.2021032500/analdiag.2126922/diag.sh ssmis_f17 01 ges 62 .nc4'
+ exglobal_diag.sh[158]echo diag_ssmis_f17_ges.2021032500.nc4.gz
+ exglobal_diag.sh[159]numfile[n]=92
+ exglobal_diag.sh[152]for type in ${diagtype[n]}
++ exglobal_diag.sh[153]wc -c
++ exglobal_diag.sh[153]find ./dir.0000/ssmis_f18_01.nc4 ./dir.0001/ssmis_f18_01.nc4 ./dir.0002/ssmis_f18_01.nc4 ./dir.0004/ssmis_f18_01.nc4 ./dir.0005/ssmis_f18_01.nc4 ./dir.0006/ssmis_f18_01.nc4 ./dir.0007/ssmis_f18_01.nc4 ./dir.0008/ssmis_f18_01.nc4 ./dir.0009/ssmis_f18_01.nc4 ./dir.0010/ssmis_f18_01.nc4 ./dir.0011/ssmis_f18_01.nc4 ./dir.0012/ssmis_f18_01.nc4 ./dir.0013/ssmis_f18_01.nc4 ./dir.0014/ssmis_f18_01.nc4 ./dir.0015/ssmis_f18_01.nc4 ./dir.0016/ssmis_f18_01.nc4 ./dir.0017/ssmis_f18_01.nc4 ./dir.0018/ssmis_f18_01.nc4 ./dir.0019/ssmis_f18_01.nc4 ./dir.0020/ssmis_f18_01.nc4 ./dir.0021/ssmis_f18_01.nc4 ./dir.0022/ssmis_f18_01.nc4 ./dir.0023/ssmis_f18_01.nc4 ./dir.0024/ssmis_f18_01.nc4 ./dir.0025/ssmis_f18_01.nc4 ./dir.0026/ssmis_f18_01.nc4 ./dir.0027/ssmis_f18_01.nc4 ./dir.0032/ssmis_f18_01.nc4 ./dir.0033/ssmis_f18_01.nc4 ./dir.0034/ssmis_f18_01.nc4 ./dir.0040/ssmis_f18_01.nc4 ./dir.0041/ssmis_f18_01.nc4 ./dir.0045/ssmis_f18_01.nc4 ./dir.0046/ssmis_f18_01.nc4 ./dir.0047/ssmis_f18_01.nc4 ./dir.0048/ssmis_f18_01.nc4 ./dir.0049/ssmis_f18_01.nc4 ./dir.0050/ssmis_f18_01.nc4 ./dir.0051/ssmis_f18_01.nc4 ./dir.0052/ssmis_f18_01.nc4 ./dir.0053/ssmis_f18_01.nc4 ./dir.0054/ssmis_f18_01.nc4 ./dir.0055/ssmis_f18_01.nc4 ./dir.0056/ssmis_f18_01.nc4 ./dir.0057/ssmis_f18_01.nc4 ./dir.0058/ssmis_f18_01.nc4 ./dir.0059/ssmis_f18_01.nc4 ./dir.0060/ssmis_f18_01.nc4 ./dir.0061/ssmis_f18_01.nc4 ./dir.0062/ssmis_f18_01.nc4 ./dir.0063/ssmis_f18_01.nc4 ./dir.0064/ssmis_f18_01.nc4 ./dir.0065/ssmis_f18_01.nc4 ./dir.0066/ssmis_f18_01.nc4 ./dir.0067/ssmis_f18_01.nc4 ./dir.0068/ssmis_f18_01.nc4 ./dir.0069/ssmis_f18_01.nc4 ./dir.0070/ssmis_f18_01.nc4 ./dir.0071/ssmis_f18_01.nc4 ./dir.0072/ssmis_f18_01.nc4 ./dir.0073/ssmis_f18_01.nc4 ./dir.0078/ssmis_f18_01.nc4 -type f -printf .
+ exglobal_diag.sh[153]count=62
+ exglobal_diag.sh[154][[ 62 -eq 0 ]]
+ exglobal_diag.sh[157]echo '/gpfs/f6/drsa-precip4/world-shared/role.glopara/RUNDIRS/C48mx500_3DVarAOWCDA_be51ea02-6363/gdas.2021032500/analdiag.2126922/diag.sh ssmis_f18 01 ges 62 .nc4'
+ exglobal_diag.sh[158]echo diag_ssmis_f18_ges.2021032500.nc4.gz
+ exglobal_diag.sh[159]numfile[n]=93
+ exglobal_diag.sh[152]for type in ${diagtype[n]}
++ exglobal_diag.sh[153]wc -c
++ exglobal_diag.sh[153]find './dir.*/ssu_tirosn_01*' -type f -printf .
find: â./dir.*/ssu_tirosn_01*â: No such file or directory
++ exglobal_diag.sh[153]echo 0
+ exglobal_diag.sh[153]count='0
0'
+ exglobal_diag.sh[154][[ 0
0 -eq 0 ]]
/gpfs/f6/drsa-precip3/world-shared/global/CI/GITLAB/pr_cases_4328_be51ea02_6363/global-workflow/scripts/exglobal_diag.sh: line 154: [[: 0
0: syntax error in expression (error token is "0")
+ exglobal_diag.sh[157]echo '/gpfs/f6/drsa-precip4/world-shared/role.glopara/RUNDIRS/C48mx500_3DVarAOWCDA_be51ea02-6363/gdas.2021032500/analdiag.2126922/diag.sh ssu_tirosn 01 ges 0
0 .nc4'
+ exglobal_diag.sh[158]echo diag_ssu_tirosn_ges.2021032500.nc4.gz
+ exglobal_diag.sh[159]numfile[n]=94
+ exglobal_diag.sh[152]for type in ${diagtype[n]}
++ exglobal_diag.sh[153]wc -c
++ exglobal_diag.sh[153]find './dir.*/ssu_n06_01*' -type f -printf .
find: â./dir.*/ssu_n06_01*â: No such file or directory
++ exglobal_diag.sh[153]echo 0
+ exglobal_diag.sh[153]count='0
0'
+ exglobal_diag.sh[154][[ 0
0 -eq 0 ]]
/gpfs/f6/drsa-precip3/world-shared/global/CI/GITLAB/pr_cases_4328_be51ea02_6363/global-workflow/scripts/exglobal_diag.sh: line 154: [[: 0
0: syntax error in expression (error token is "0")
+ exglobal_diag.sh[157]echo '/gpfs/f6/drsa-precip4/world-shared/role.glopara/RUNDIRS/C48mx500_3DVarAOWCDA_be51ea02-6363/gdas.2021032500/analdiag.2126922/diag.sh ssu_n06 01 ges 0
0 .nc4'
+ exglobal_diag.sh[158]echo diag_ssu_n06_ges.2021032500.nc4.gz
+ exglobal_diag.sh[159]numfile[n]=95
+ exglobal_diag.sh[152]for type in ${diagtype[n]}
++ exglobal_diag.sh[153]wc -c
++ exglobal_diag.sh[153]find './dir.*/ssu_n07_01*' -type f -printf .
find: â./dir.*/ssu_n07_01*â: No such file or directory
++ exglobal_diag.sh[153]echo 0
+ exglobal_diag.sh[153]count='0
0'
+ exglobal_diag.sh[154][[ 0
0 -eq 0 ]]
/gpfs/f6/drsa-precip3/world-shared/global/CI/GITLAB/pr_cases_4328_be51ea02_6363/global-workflow/scripts/exglobal_diag.sh: line 154: [[: 0
0: syntax error in expression (error token is "0")
+ exglobal_diag.sh[157]echo '/gpfs/f6/drsa-precip4/world-shared/role.glopara/RUNDIRS/C48mx500_3DVarAOWCDA_be51ea02-6363/gdas.2021032500/analdiag.2126922/diag.sh ssu_n07 01 ges 0
0 .nc4'
+ exglobal_diag.sh[158]echo diag_ssu_n07_ges.2021032500.nc4.gz
+ exglobal_diag.sh[159]numfile[n]=96
+ exglobal_diag.sh[152]for type in ${diagtype[n]}
++ exglobal_diag.sh[153]wc -c
++ exglobal_diag.sh[153]find './dir.*/ssu_n08_01*' -type f -printf .
find: â./dir.*/ssu_n08_01*â: No such file or directory
++ exglobal_diag.sh[153]echo 0
+ exglobal_diag.sh[153]count='0
0'
+ exglobal_diag.sh[154][[ 0
0 -eq 0 ]]
/gpfs/f6/drsa-precip3/world-shared/global/CI/GITLAB/pr_cases_4328_be51ea02_6363/global-workflow/scripts/exglobal_diag.sh: line 154: [[: 0
0: syntax error in expression (error token is "0")
+ exglobal_diag.sh[157]echo '/gpfs/f6/drsa-precip4/world-shared/role.glopara/RUNDIRS/C48mx500_3DVarAOWCDA_be51ea02-6363/gdas.2021032500/analdiag.2126922/diag.sh ssu_n08 01 ges 0
0 .nc4'
+ exglobal_diag.sh[158]echo diag_ssu_n08_ges.2021032500.nc4.gz
+ exglobal_diag.sh[159]numfile[n]=97
+ exglobal_diag.sh[152]for type in ${diagtype[n]}
++ exglobal_diag.sh[153]wc -c
++ exglobal_diag.sh[153]find './dir.*/ssu_n09_01*' -type f -printf .
find: â./dir.*/ssu_n09_01*â: No such file or directory
++ exglobal_diag.sh[153]echo 0
+ exglobal_diag.sh[153]count='0
0'
+ exglobal_diag.sh[154][[ 0
0 -eq 0 ]]
/gpfs/f6/drsa-precip3/world-shared/global/CI/GITLAB/pr_cases_4328_be51ea02_6363/global-workflow/scripts/exglobal_diag.sh: line 154: [[: 0
0: syntax error in expression (error token is "0")
+ exglobal_diag.sh[157]echo '/gpfs/f6/drsa-precip4/world-shared/role.glopara/RUNDIRS/C48mx500_3DVarAOWCDA_be51ea02-6363/gdas.2021032500/analdiag.2126922/diag.sh ssu_n09 01 ges 0
0 .nc4'
+ exglobal_diag.sh[158]echo diag_ssu_n09_ges.2021032500.nc4.gz
+ exglobal_diag.sh[159]numfile[n]=98
+ exglobal_diag.sh[152]for type in ${diagtype[n]}
++ exglobal_diag.sh[153]wc -c
++ exglobal_diag.sh[153]find './dir.*/ssu_n11_01*' -type f -printf .
find: â./dir.*/ssu_n11_01*â: No such file or directory
++ exglobal_diag.sh[153]echo 0
+ exglobal_diag.sh[153]count='0
0'
+ exglobal_diag.sh[154][[ 0
0 -eq 0 ]]
/gpfs/f6/drsa-precip3/world-shared/global/CI/GITLAB/pr_cases_4328_be51ea02_6363/global-workflow/scripts/exglobal_diag.sh: line 154: [[: 0
0: syntax error in expression (error token is "0")
+ exglobal_diag.sh[157]echo '/gpfs/f6/drsa-precip4/world-shared/role.glopara/RUNDIRS/C48mx500_3DVarAOWCDA_be51ea02-6363/gdas.2021032500/analdiag.2126922/diag.sh ssu_n11 01 ges 0
0 .nc4'
+ exglobal_diag.sh[158]echo diag_ssu_n11_ges.2021032500.nc4.gz
+ exglobal_diag.sh[159]numfile[n]=99
+ exglobal_diag.sh[152]for type in ${diagtype[n]}
++ exglobal_diag.sh[153]wc -c
++ exglobal_diag.sh[153]find './dir.*/ssu_n14_01*' -type f -printf .
find: â./dir.*/ssu_n14_01*â: No such file or directory
++ exglobal_diag.sh[153]echo 0
+ exglobal_diag.sh[153]count='0
0'
+ exglobal_diag.sh[154][[ 0
0 -eq 0 ]]
/gpfs/f6/drsa-precip3/world-shared/global/CI/GITLAB/pr_cases_4328_be51ea02_6363/global-workflow/scripts/exglobal_diag.sh: line 154: [[: 0
0: syntax error in expression (error token is "0")
+ exglobal_diag.sh[157]echo '/gpfs/f6/drsa-precip4/world-shared/role.glopara/RUNDIRS/C48mx500_3DVarAOWCDA_be51ea02-6363/gdas.2021032500/analdiag.2126922/diag.sh ssu_n14 01 ges 0
0 .nc4'
+ exglobal_diag.sh[158]echo diag_ssu_n14_ges.2021032500.nc4.gz
+ exglobal_diag.sh[159]numfile[n]=100
+ exglobal_diag.sh[152]for type in ${diagtype[n]}
++ exglobal_diag.sh[153]wc -c
++ exglobal_diag.sh[153]find './dir.*/viirs-m_npp_01*' -type f -printf .
find: â./dir.*/viirs-m_npp_01*â: No such file or directory
++ exglobal_diag.sh[153]echo 0
+ exglobal_diag.sh[153]count='0
0'
+ exglobal_diag.sh[154][[ 0
0 -eq 0 ]]
/gpfs/f6/drsa-precip3/world-shared/global/CI/GITLAB/pr_cases_4328_be51ea02_6363/global-workflow/scripts/exglobal_diag.sh: line 154: [[: 0
0: syntax error in expression (error token is "0")
+ exglobal_diag.sh[157]echo '/gpfs/f6/drsa-precip4/world-shared/role.glopara/RUNDIRS/C48mx500_3DVarAOWCDA_be51ea02-6363/gdas.2021032500/analdiag.2126922/diag.sh viirs-m_npp 01 ges 0
0 .nc4'
+ exglobal_diag.sh[158]echo diag_viirs-m_npp_ges.2021032500.nc4.gz
+ exglobal_diag.sh[159]numfile[n]=101
+ exglobal_diag.sh[152]for type in ${diagtype[n]}
++ exglobal_diag.sh[153]wc -c
++ exglobal_diag.sh[153]find './dir.*/viirs-m_j1_01*' -type f -printf .
find: â./dir.*/viirs-m_j1_01*â: No such file or directory
++ exglobal_diag.sh[153]echo 0
+ exglobal_diag.sh[153]count='0
0'
+ exglobal_diag.sh[154][[ 0
0 -eq 0 ]]
/gpfs/f6/drsa-precip3/world-shared/global/CI/GITLAB/pr_cases_4328_be51ea02_6363/global-workflow/scripts/exglobal_diag.sh: line 154: [[: 0
0: syntax error in expression (error token is "0")
+ exglobal_diag.sh[157]echo '/gpfs/f6/drsa-precip4/world-shared/role.glopara/RUNDIRS/C48mx500_3DVarAOWCDA_be51ea02-6363/gdas.2021032500/analdiag.2126922/diag.sh viirs-m_j1 01 ges 0
0 .nc4'
+ exglobal_diag.sh[158]echo diag_viirs-m_j1_ges.2021032500.nc4.gz
+ exglobal_diag.sh[159]numfile[n]=102
+ exglobal_diag.sh[152]for type in ${diagtype[n]}
++ exglobal_diag.sh[153]wc -c
++ exglobal_diag.sh[153]find './dir.*/viirs-m_j2_01*' -type f -printf .
find: â./dir.*/viirs-m_j2_01*â: No such file or directory
++ exglobal_diag.sh[153]echo 0
+ exglobal_diag.sh[153]count='0
0'
+ exglobal_diag.sh[154][[ 0
0 -eq 0 ]]
/gpfs/f6/drsa-precip3/world-shared/global/CI/GITLAB/pr_cases_4328_be51ea02_6363/global-workflow/scripts/exglobal_diag.sh: line 154: [[: 0
0: syntax error in expression (error token is "0")
+ exglobal_diag.sh[157]echo '/gpfs/f6/drsa-precip4/world-shared/role.glopara/RUNDIRS/C48mx500_3DVarAOWCDA_be51ea02-6363/gdas.2021032500/analdiag.2126922/diag.sh viirs-m_j2 01 ges 0
0 .nc4'
+ exglobal_diag.sh[158]echo diag_viirs-m_j2_ges.2021032500.nc4.gz
+ exglobal_diag.sh[159]numfile[n]=103
+ exglobal_diag.sh[150][[ 3 -lt 3 ]]
+ exglobal_diag.sh[162]echo 'END loop ges'
END loop ges
+ exglobal_diag.sh[142]for loop in ${loops}
+ exglobal_diag.sh[143]case ${loop} in
+ exglobal_diag.sh[145]string=anl
+ exglobal_diag.sh[148]echo 'START loop anl'
START loop anl
+ exglobal_diag.sh[149]n=-1
+ exglobal_diag.sh[150][[ -1 -lt 3 ]]
+ exglobal_diag.sh[151]n=0
+ exglobal_diag.sh[152]for type in ${diagtype[n]}
++ exglobal_diag.sh[153]wc -c
++ exglobal_diag.sh[153]find './dir.*/conv_03*' -type f -printf .
find: â./dir.*/conv_03*â: No such file or directory
++ exglobal_diag.sh[153]echo 0
+ exglobal_diag.sh[153]count='0
0'
+ exglobal_diag.sh[154][[ 0
0 -eq 0 ]]
/gpfs/f6/drsa-precip3/world-shared/global/CI/GITLAB/pr_cases_4328_be51ea02_6363/global-workflow/scripts/exglobal_diag.sh: line 154: [[: 0
0: syntax error in expression (error token is "0")
+ exglobal_diag.sh[157]echo '/gpfs/f6/drsa-precip4/world-shared/role.glopara/RUNDIRS/C48mx500_3DVarAOWCDA_be51ea02-6363/gdas.2021032500/analdiag.2126922/diag.sh conv 03 anl 0
0 .nc4'
+ exglobal_diag.sh[158]echo diag_conv_anl.2021032500.nc4.gz
+ exglobal_diag.sh[159]numfile[n]=11
+ exglobal_diag.sh[152]for type in ${diagtype[n]}
++ exglobal_diag.sh[153]wc -c
++ exglobal_diag.sh[153]find ./dir.0000/conv_gps_03.nc4 ./dir.0001/conv_gps_03.nc4 ./dir.0002/conv_gps_03.nc4 ./dir.0003/conv_gps_03.nc4 ./dir.0004/conv_gps_03.nc4 ./dir.0005/conv_gps_03.nc4 ./dir.0006/conv_gps_03.nc4 ./dir.0007/conv_gps_03.nc4 ./dir.0008/conv_gps_03.nc4 ./dir.0009/conv_gps_03.nc4 ./dir.0010/conv_gps_03.nc4 ./dir.0011/conv_gps_03.nc4 ./dir.0012/conv_gps_03.nc4 ./dir.0013/conv_gps_03.nc4 ./dir.0014/conv_gps_03.nc4 ./dir.0015/conv_gps_03.nc4 ./dir.0016/conv_gps_03.nc4 ./dir.0017/conv_gps_03.nc4 ./dir.0018/conv_gps_03.nc4 ./dir.0019/conv_gps_03.nc4 ./dir.0020/conv_gps_03.nc4 ./dir.0021/conv_gps_03.nc4 ./dir.0022/conv_gps_03.nc4 ./dir.0023/conv_gps_03.nc4 ./dir.0024/conv_gps_03.nc4 ./dir.0025/conv_gps_03.nc4 ./dir.0026/conv_gps_03.nc4 ./dir.0027/conv_gps_03.nc4 ./dir.0028/conv_gps_03.nc4 ./dir.0029/conv_gps_03.nc4 ./dir.0030/conv_gps_03.nc4 ./dir.0031/conv_gps_03.nc4 ./dir.0032/conv_gps_03.nc4 ./dir.0033/conv_gps_03.nc4 ./dir.0034/conv_gps_03.nc4 ./dir.0035/conv_gps_03.nc4 ./dir.0036/conv_gps_03.nc4 ./dir.0037/conv_gps_03.nc4 ./dir.0038/conv_gps_03.nc4 ./dir.0039/conv_gps_03.nc4 ./dir.0040/conv_gps_03.nc4 ./dir.0041/conv_gps_03.nc4 ./dir.0042/conv_gps_03.nc4 ./dir.0043/conv_gps_03.nc4 ./dir.0044/conv_gps_03.nc4 ./dir.0045/conv_gps_03.nc4 ./dir.0046/conv_gps_03.nc4 ./dir.0047/conv_gps_03.nc4 ./dir.0048/conv_gps_03.nc4 ./dir.0049/conv_gps_03.nc4 ./dir.0050/conv_gps_03.nc4 ./dir.0051/conv_gps_03.nc4 ./dir.0052/conv_gps_03.nc4 ./dir.0053/conv_gps_03.nc4 ./dir.0054/conv_gps_03.nc4 ./dir.0055/conv_gps_03.nc4 ./dir.0056/conv_gps_03.nc4 ./dir.0057/conv_gps_03.nc4 ./dir.0058/conv_gps_03.nc4 ./dir.0059/conv_gps_03.nc4 ./dir.0060/conv_gps_03.nc4 ./dir.0061/conv_gps_03.nc4 ./dir.0062/conv_gps_03.nc4 ./dir.0063/conv_gps_03.nc4 ./dir.0064/conv_gps_03.nc4 ./dir.0065/conv_gps_03.nc4 ./dir.0066/conv_gps_03.nc4 ./dir.0067/conv_gps_03.nc4 ./dir.0068/conv_gps_03.nc4 ./dir.0069/conv_gps_03.nc4 ./dir.0070/conv_gps_03.nc4 ./dir.0071/conv_gps_03.nc4 ./dir.0072/conv_gps_03.nc4 ./dir.0073/conv_gps_03.nc4 ./dir.0074/conv_gps_03.nc4 ./dir.0075/conv_gps_03.nc4 ./dir.0076/conv_gps_03.nc4 ./dir.0077/conv_gps_03.nc4 ./dir.0078/conv_gps_03.nc4 ./dir.0079/conv_gps_03.nc4 ./dir.0080/conv_gps_03.nc4 ./dir.0081/conv_gps_03.nc4 ./dir.0082/conv_gps_03.nc4 ./dir.0083/conv_gps_03.nc4 -type f -printf .
+ exglobal_diag.sh[153]count=84
+ exglobal_diag.sh[154][[ 84 -eq 0 ]]
+ exglobal_diag.sh[157]echo '/gpfs/f6/drsa-precip4/world-shared/role.glopara/RUNDIRS/C48mx500_3DVarAOWCDA_be51ea02-6363/gdas.2021032500/analdiag.2126922/diag.sh conv_gps 03 anl 84 .nc4'
+ exglobal_diag.sh[158]echo diag_conv_gps_anl.2021032500.nc4.gz
+ exglobal_diag.sh[159]numfile[n]=12
+ exglobal_diag.sh[152]for type in ${diagtype[n]}
++ exglobal_diag.sh[153]wc -c
++ exglobal_diag.sh[153]find ./dir.0000/conv_ps_03.nc4 ./dir.0001/conv_ps_03.nc4 ./dir.0002/conv_ps_03.nc4 ./dir.0003/conv_ps_03.nc4 ./dir.0004/conv_ps_03.nc4 ./dir.0005/conv_ps_03.nc4 ./dir.0006/conv_ps_03.nc4 ./dir.0007/conv_ps_03.nc4 ./dir.0008/conv_ps_03.nc4 ./dir.0009/conv_ps_03.nc4 ./dir.0010/conv_ps_03.nc4 ./dir.0011/conv_ps_03.nc4 ./dir.0012/conv_ps_03.nc4 ./dir.0013/conv_ps_03.nc4 ./dir.0014/conv_ps_03.nc4 ./dir.0015/conv_ps_03.nc4 ./dir.0016/conv_ps_03.nc4 ./dir.0017/conv_ps_03.nc4 ./dir.0018/conv_ps_03.nc4 ./dir.0019/conv_ps_03.nc4 ./dir.0020/conv_ps_03.nc4 ./dir.0021/conv_ps_03.nc4 ./dir.0022/conv_ps_03.nc4 ./dir.0023/conv_ps_03.nc4 ./dir.0024/conv_ps_03.nc4 ./dir.0025/conv_ps_03.nc4 ./dir.0026/conv_ps_03.nc4 ./dir.0027/conv_ps_03.nc4 ./dir.0028/conv_ps_03.nc4 ./dir.0029/conv_ps_03.nc4 ./dir.0030/conv_ps_03.nc4 ./dir.0031/conv_ps_03.nc4 ./dir.0032/conv_ps_03.nc4 ./dir.0033/conv_ps_03.nc4 ./dir.0034/conv_ps_03.nc4 ./dir.0035/conv_ps_03.nc4 ./dir.0036/conv_ps_03.nc4 ./dir.0037/conv_ps_03.nc4 ./dir.0038/conv_ps_03.nc4 ./dir.0039/conv_ps_03.nc4 ./dir.0040/conv_ps_03.nc4 ./dir.0041/conv_ps_03.nc4 ./dir.0042/conv_ps_03.nc4 ./dir.0043/conv_ps_03.nc4 ./dir.0044/conv_ps_03.nc4 ./dir.0045/conv_ps_03.nc4 ./dir.0046/conv_ps_03.nc4 ./dir.0047/conv_ps_03.nc4 ./dir.0048/conv_ps_03.nc4 ./dir.0049/conv_ps_03.nc4 ./dir.0050/conv_ps_03.nc4 ./dir.0051/conv_ps_03.nc4 ./dir.0052/conv_ps_03.nc4 ./dir.0053/conv_ps_03.nc4 ./dir.0054/conv_ps_03.nc4 ./dir.0055/conv_ps_03.nc4 ./dir.0056/conv_ps_03.nc4 ./dir.0057/conv_ps_03.nc4 ./dir.0058/conv_ps_03.nc4 ./dir.0059/conv_ps_03.nc4 ./dir.0060/conv_ps_03.nc4 ./dir.0061/conv_ps_03.nc4 ./dir.0062/conv_ps_03.nc4 ./dir.0063/conv_ps_03.nc4 ./dir.0064/conv_ps_03.nc4 ./dir.0065/conv_ps_03.nc4 ./dir.0066/conv_ps_03.nc4 ./dir.0067/conv_ps_03.nc4 ./dir.0068/conv_ps_03.nc4 ./dir.0069/conv_ps_03.nc4 ./dir.0070/conv_ps_03.nc4 ./dir.0071/conv_ps_03.nc4 ./dir.0072/conv_ps_03.nc4 ./dir.0073/conv_ps_03.nc4 ./dir.0074/conv_ps_03.nc4 ./dir.0075/conv_ps_03.nc4 ./dir.0076/conv_ps_03.nc4 ./dir.0077/conv_ps_03.nc4 ./dir.0078/conv_ps_03.nc4 ./dir.0079/conv_ps_03.nc4 ./dir.0080/conv_ps_03.nc4 ./dir.0081/conv_ps_03.nc4 ./dir.0082/conv_ps_03.nc4 ./dir.0083/conv_ps_03.nc4 -type f -printf .
+ exglobal_diag.sh[153]count=84
+ exglobal_diag.sh[154][[ 84 -eq 0 ]]
+ exglobal_diag.sh[157]echo '/gpfs/f6/drsa-precip4/world-shared/role.glopara/RUNDIRS/C48mx500_3DVarAOWCDA_be51ea02-6363/gdas.2021032500/analdiag.2126922/diag.sh conv_ps 03 anl 84 .nc4'
+ exglobal_diag.sh[158]echo diag_conv_ps_anl.2021032500.nc4.gz
+ exglobal_diag.sh[159]numfile[n]=13
+ exglobal_diag.sh[152]for type in ${diagtype[n]}
++ exglobal_diag.sh[153]wc -c
++ exglobal_diag.sh[153]find ./dir.0002/conv_pw_03.nc4 ./dir.0005/conv_pw_03.nc4 ./dir.0006/conv_pw_03.nc4 ./dir.0012/conv_pw_03.nc4 ./dir.0017/conv_pw_03.nc4 ./dir.0018/conv_pw_03.nc4 ./dir.0019/conv_pw_03.nc4 ./dir.0026/conv_pw_03.nc4 ./dir.0034/conv_pw_03.nc4 ./dir.0038/conv_pw_03.nc4 ./dir.0039/conv_pw_03.nc4 ./dir.0052/conv_pw_03.nc4 ./dir.0053/conv_pw_03.nc4 ./dir.0057/conv_pw_03.nc4 ./dir.0058/conv_pw_03.nc4 ./dir.0063/conv_pw_03.nc4 ./dir.0064/conv_pw_03.nc4 ./dir.0065/conv_pw_03.nc4 ./dir.0069/conv_pw_03.nc4 ./dir.0070/conv_pw_03.nc4 -type f -printf .
+ exglobal_diag.sh[153]count=20
+ exglobal_diag.sh[154][[ 20 -eq 0 ]]
+ exglobal_diag.sh[157]echo '/gpfs/f6/drsa-precip4/world-shared/role.glopara/RUNDIRS/C48mx500_3DVarAOWCDA_be51ea02-6363/gdas.2021032500/analdiag.2126922/diag.sh conv_pw 03 anl 20 .nc4'
+ exglobal_diag.sh[158]echo diag_conv_pw_anl.2021032500.nc4.gz
+ exglobal_diag.sh[159]numfile[n]=14
+ exglobal_diag.sh[152]for type in ${diagtype[n]}
++ exglobal_diag.sh[153]wc -c
++ exglobal_diag.sh[153]find ./dir.0002/conv_q_03.nc4 ./dir.0003/conv_q_03.nc4 ./dir.0004/conv_q_03.nc4 ./dir.0005/conv_q_03.nc4 ./dir.0006/conv_q_03.nc4 ./dir.0007/conv_q_03.nc4 ./dir.0008/conv_q_03.nc4 ./dir.0009/conv_q_03.nc4 ./dir.0010/conv_q_03.nc4 ./dir.0011/conv_q_03.nc4 ./dir.0012/conv_q_03.nc4 ./dir.0013/conv_q_03.nc4 ./dir.0014/conv_q_03.nc4 ./dir.0016/conv_q_03.nc4 ./dir.0017/conv_q_03.nc4 ./dir.0018/conv_q_03.nc4 ./dir.0019/conv_q_03.nc4 ./dir.0020/conv_q_03.nc4 ./dir.0021/conv_q_03.nc4 ./dir.0023/conv_q_03.nc4 ./dir.0024/conv_q_03.nc4 ./dir.0025/conv_q_03.nc4 ./dir.0026/conv_q_03.nc4 ./dir.0027/conv_q_03.nc4 ./dir.0028/conv_q_03.nc4 ./dir.0030/conv_q_03.nc4 ./dir.0031/conv_q_03.nc4 ./dir.0032/conv_q_03.nc4 ./dir.0033/conv_q_03.nc4 ./dir.0034/conv_q_03.nc4 ./dir.0035/conv_q_03.nc4 ./dir.0036/conv_q_03.nc4 ./dir.0037/conv_q_03.nc4 ./dir.0038/conv_q_03.nc4 ./dir.0039/conv_q_03.nc4 ./dir.0040/conv_q_03.nc4 ./dir.0041/conv_q_03.nc4 ./dir.0042/conv_q_03.nc4 ./dir.0043/conv_q_03.nc4 ./dir.0044/conv_q_03.nc4 ./dir.0045/conv_q_03.nc4 ./dir.0046/conv_q_03.nc4 ./dir.0047/conv_q_03.nc4 ./dir.0049/conv_q_03.nc4 ./dir.0050/conv_q_03.nc4 ./dir.0051/conv_q_03.nc4 ./dir.0052/conv_q_03.nc4 ./dir.0053/conv_q_03.nc4 ./dir.0055/conv_q_03.nc4 ./dir.0056/conv_q_03.nc4 ./dir.0057/conv_q_03.nc4 ./dir.0058/conv_q_03.nc4 ./dir.0059/conv_q_03.nc4 ./dir.0060/conv_q_03.nc4 ./dir.0062/conv_q_03.nc4 ./dir.0063/conv_q_03.nc4 ./dir.0064/conv_q_03.nc4 ./dir.0065/conv_q_03.nc4 ./dir.0067/conv_q_03.nc4 ./dir.0068/conv_q_03.nc4 ./dir.0069/conv_q_03.nc4 ./dir.0070/conv_q_03.nc4 ./dir.0071/conv_q_03.nc4 ./dir.0072/conv_q_03.nc4 ./dir.0073/conv_q_03.nc4 ./dir.0074/conv_q_03.nc4 ./dir.0075/conv_q_03.nc4 ./dir.0076/conv_q_03.nc4 ./dir.0077/conv_q_03.nc4 ./dir.0079/conv_q_03.nc4 ./dir.0080/conv_q_03.nc4 ./dir.0081/conv_q_03.nc4 ./dir.0082/conv_q_03.nc4 ./dir.0083/conv_q_03.nc4 -type f -printf .
+ exglobal_diag.sh[153]count=74
+ exglobal_diag.sh[154][[ 74 -eq 0 ]]
+ exglobal_diag.sh[157]echo '/gpfs/f6/drsa-precip4/world-shared/role.glopara/RUNDIRS/C48mx500_3DVarAOWCDA_be51ea02-6363/gdas.2021032500/analdiag.2126922/diag.sh conv_q 03 anl 74 .nc4'
+ exglobal_diag.sh[158]echo diag_conv_q_anl.2021032500.nc4.gz
+ exglobal_diag.sh[159]numfile[n]=15
+ exglobal_diag.sh[152]for type in ${diagtype[n]}
++ exglobal_diag.sh[153]wc -c
++ exglobal_diag.sh[153]find ./dir.0001/conv_sst_03.nc4 ./dir.0002/conv_sst_03.nc4 ./dir.0003/conv_sst_03.nc4 ./dir.0004/conv_sst_03.nc4 ./dir.0005/conv_sst_03.nc4 ./dir.0006/conv_sst_03.nc4 ./dir.0008/conv_sst_03.nc4 ./dir.0009/conv_sst_03.nc4 ./dir.0010/conv_sst_03.nc4 ./dir.0011/conv_sst_03.nc4 ./dir.0014/conv_sst_03.nc4 ./dir.0015/conv_sst_03.nc4 ./dir.0016/conv_sst_03.nc4 ./dir.0017/conv_sst_03.nc4 ./dir.0018/conv_sst_03.nc4 ./dir.0022/conv_sst_03.nc4 ./dir.0023/conv_sst_03.nc4 ./dir.0024/conv_sst_03.nc4 ./dir.0025/conv_sst_03.nc4 ./dir.0029/conv_sst_03.nc4 ./dir.0030/conv_sst_03.nc4 ./dir.0031/conv_sst_03.nc4 ./dir.0032/conv_sst_03.nc4 ./dir.0033/conv_sst_03.nc4 ./dir.0036/conv_sst_03.nc4 ./dir.0037/conv_sst_03.nc4 ./dir.0038/conv_sst_03.nc4 ./dir.0039/conv_sst_03.nc4 ./dir.0040/conv_sst_03.nc4 ./dir.0043/conv_sst_03.nc4 ./dir.0044/conv_sst_03.nc4 ./dir.0045/conv_sst_03.nc4 ./dir.0046/conv_sst_03.nc4 ./dir.0048/conv_sst_03.nc4 ./dir.0049/conv_sst_03.nc4 ./dir.0050/conv_sst_03.nc4 ./dir.0051/conv_sst_03.nc4 ./dir.0052/conv_sst_03.nc4 ./dir.0055/conv_sst_03.nc4 ./dir.0056/conv_sst_03.nc4 ./dir.0057/conv_sst_03.nc4 ./dir.0058/conv_sst_03.nc4 ./dir.0061/conv_sst_03.nc4 ./dir.0062/conv_sst_03.nc4 ./dir.0063/conv_sst_03.nc4 ./dir.0064/conv_sst_03.nc4 ./dir.0067/conv_sst_03.nc4 ./dir.0069/conv_sst_03.nc4 ./dir.0070/conv_sst_03.nc4 ./dir.0072/conv_sst_03.nc4 ./dir.0073/conv_sst_03.nc4 ./dir.0074/conv_sst_03.nc4 ./dir.0075/conv_sst_03.nc4 ./dir.0076/conv_sst_03.nc4 ./dir.0077/conv_sst_03.nc4 ./dir.0078/conv_sst_03.nc4 ./dir.0079/conv_sst_03.nc4 ./dir.0080/conv_sst_03.nc4 ./dir.0081/conv_sst_03.nc4 ./dir.0082/conv_sst_03.nc4 ./dir.0083/conv_sst_03.nc4 -type f -printf .
+ exglobal_diag.sh[153]count=61
+ exglobal_diag.sh[154][[ 61 -eq 0 ]]
+ exglobal_diag.sh[157]echo '/gpfs/f6/drsa-precip4/world-shared/role.glopara/RUNDIRS/C48mx500_3DVarAOWCDA_be51ea02-6363/gdas.2021032500/analdiag.2126922/diag.sh conv_sst 03 anl 61 .nc4'
+ exglobal_diag.sh[158]echo diag_conv_sst_anl.2021032500.nc4.gz
+ exglobal_diag.sh[159]numfile[n]=16
+ exglobal_diag.sh[152]for type in ${diagtype[n]}
++ exglobal_diag.sh[153]wc -c
++ exglobal_diag.sh[153]find ./dir.0000/conv_t_03.nc4 ./dir.0002/conv_t_03.nc4 ./dir.0003/conv_t_03.nc4 ./dir.0004/conv_t_03.nc4 ./dir.0005/conv_t_03.nc4 ./dir.0006/conv_t_03.nc4 ./dir.0007/conv_t_03.nc4 ./dir.0008/conv_t_03.nc4 ./dir.0009/conv_t_03.nc4 ./dir.0010/conv_t_03.nc4 ./dir.0011/conv_t_03.nc4 ./dir.0012/conv_t_03.nc4 ./dir.0013/conv_t_03.nc4 ./dir.0014/conv_t_03.nc4 ./dir.0016/conv_t_03.nc4 ./dir.0017/conv_t_03.nc4 ./dir.0018/conv_t_03.nc4 ./dir.0019/conv_t_03.nc4 ./dir.0020/conv_t_03.nc4 ./dir.0021/conv_t_03.nc4 ./dir.0023/conv_t_03.nc4 ./dir.0024/conv_t_03.nc4 ./dir.0025/conv_t_03.nc4 ./dir.0026/conv_t_03.nc4 ./dir.0027/conv_t_03.nc4 ./dir.0028/conv_t_03.nc4 ./dir.0030/conv_t_03.nc4 ./dir.0031/conv_t_03.nc4 ./dir.0032/conv_t_03.nc4 ./dir.0033/conv_t_03.nc4 ./dir.0034/conv_t_03.nc4 ./dir.0035/conv_t_03.nc4 ./dir.0036/conv_t_03.nc4 ./dir.0037/conv_t_03.nc4 ./dir.0038/conv_t_03.nc4 ./dir.0039/conv_t_03.nc4 ./dir.0040/conv_t_03.nc4 ./dir.0041/conv_t_03.nc4 ./dir.0042/conv_t_03.nc4 ./dir.0043/conv_t_03.nc4 ./dir.0044/conv_t_03.nc4 ./dir.0045/conv_t_03.nc4 ./dir.0046/conv_t_03.nc4 ./dir.0047/conv_t_03.nc4 ./dir.0048/conv_t_03.nc4 ./dir.0049/conv_t_03.nc4 ./dir.0050/conv_t_03.nc4 ./dir.0051/conv_t_03.nc4 ./dir.0052/conv_t_03.nc4 ./dir.0053/conv_t_03.nc4 ./dir.0054/conv_t_03.nc4 ./dir.0055/conv_t_03.nc4 ./dir.0056/conv_t_03.nc4 ./dir.0057/conv_t_03.nc4 ./dir.0058/conv_t_03.nc4 ./dir.0059/conv_t_03.nc4 ./dir.0060/conv_t_03.nc4 ./dir.0062/conv_t_03.nc4 ./dir.0063/conv_t_03.nc4 ./dir.0064/conv_t_03.nc4 ./dir.0065/conv_t_03.nc4 ./dir.0067/conv_t_03.nc4 ./dir.0068/conv_t_03.nc4 ./dir.0069/conv_t_03.nc4 ./dir.0070/conv_t_03.nc4 ./dir.0071/conv_t_03.nc4 ./dir.0072/conv_t_03.nc4 ./dir.0073/conv_t_03.nc4 ./dir.0074/conv_t_03.nc4 ./dir.0075/conv_t_03.nc4 ./dir.0076/conv_t_03.nc4 ./dir.0077/conv_t_03.nc4 ./dir.0079/conv_t_03.nc4 ./dir.0080/conv_t_03.nc4 ./dir.0081/conv_t_03.nc4 ./dir.0082/conv_t_03.nc4 ./dir.0083/conv_t_03.nc4 -type f -printf .
+ exglobal_diag.sh[153]count=77
+ exglobal_diag.sh[154][[ 77 -eq 0 ]]
+ exglobal_diag.sh[157]echo '/gpfs/f6/drsa-precip4/world-shared/role.glopara/RUNDIRS/C48mx500_3DVarAOWCDA_be51ea02-6363/gdas.2021032500/analdiag.2126922/diag.sh conv_t 03 anl 77 .nc4'
+ exglobal_diag.sh[158]echo diag_conv_t_anl.2021032500.nc4.gz
+ exglobal_diag.sh[159]numfile[n]=17
+ exglobal_diag.sh[152]for type in ${diagtype[n]}
++ exglobal_diag.sh[153]wc -c
++ exglobal_diag.sh[153]find './dir.*/conv_tcp_03*' -type f -printf .
find: â./dir.*/conv_tcp_03*â: No such file or directory
++ exglobal_diag.sh[153]echo 0
+ exglobal_diag.sh[153]count='0
0'
+ exglobal_diag.sh[154][[ 0
0 -eq 0 ]]
/gpfs/f6/drsa-precip3/world-shared/global/CI/GITLAB/pr_cases_4328_be51ea02_6363/global-workflow/scripts/exglobal_diag.sh: line 154: [[: 0
0: syntax error in expression (error token is "0")
+ exglobal_diag.sh[157]echo '/gpfs/f6/drsa-precip4/world-shared/role.glopara/RUNDIRS/C48mx500_3DVarAOWCDA_be51ea02-6363/gdas.2021032500/analdiag.2126922/diag.sh conv_tcp 03 anl 0
0 .nc4'
+ exglobal_diag.sh[158]echo diag_conv_tcp_anl.2021032500.nc4.gz
+ exglobal_diag.sh[159]numfile[n]=18
+ exglobal_diag.sh[152]for type in ${diagtype[n]}
++ exglobal_diag.sh[153]wc -c
++ exglobal_diag.sh[153]find ./dir.0000/conv_uv_03.nc4 ./dir.0001/conv_uv_03.nc4 ./dir.0002/conv_uv_03.nc4 ./dir.0003/conv_uv_03.nc4 ./dir.0004/conv_uv_03.nc4 ./dir.0005/conv_uv_03.nc4 ./dir.0006/conv_uv_03.nc4 ./dir.0007/conv_uv_03.nc4 ./dir.0008/conv_uv_03.nc4 ./dir.0009/conv_uv_03.nc4 ./dir.0010/conv_uv_03.nc4 ./dir.0011/conv_uv_03.nc4 ./dir.0012/conv_uv_03.nc4 ./dir.0013/conv_uv_03.nc4 ./dir.0014/conv_uv_03.nc4 ./dir.0015/conv_uv_03.nc4 ./dir.0016/conv_uv_03.nc4 ./dir.0017/conv_uv_03.nc4 ./dir.0018/conv_uv_03.nc4 ./dir.0019/conv_uv_03.nc4 ./dir.0020/conv_uv_03.nc4 ./dir.0021/conv_uv_03.nc4 ./dir.0022/conv_uv_03.nc4 ./dir.0023/conv_uv_03.nc4 ./dir.0024/conv_uv_03.nc4 ./dir.0025/conv_uv_03.nc4 ./dir.0026/conv_uv_03.nc4 ./dir.0027/conv_uv_03.nc4 ./dir.0028/conv_uv_03.nc4 ./dir.0029/conv_uv_03.nc4 ./dir.0030/conv_uv_03.nc4 ./dir.0031/conv_uv_03.nc4 ./dir.0032/conv_uv_03.nc4 ./dir.0033/conv_uv_03.nc4 ./dir.0034/conv_uv_03.nc4 ./dir.0035/conv_uv_03.nc4 ./dir.0036/conv_uv_03.nc4 ./dir.0037/conv_uv_03.nc4 ./dir.0038/conv_uv_03.nc4 ./dir.0039/conv_uv_03.nc4 ./dir.0040/conv_uv_03.nc4 ./dir.0041/conv_uv_03.nc4 ./dir.0042/conv_uv_03.nc4 ./dir.0043/conv_uv_03.nc4 ./dir.0044/conv_uv_03.nc4 ./dir.0045/conv_uv_03.nc4 ./dir.0046/conv_uv_03.nc4 ./dir.0047/conv_uv_03.nc4 ./dir.0048/conv_uv_03.nc4 ./dir.0049/conv_uv_03.nc4 ./dir.0050/conv_uv_03.nc4 ./dir.0051/conv_uv_03.nc4 ./dir.0052/conv_uv_03.nc4 ./dir.0053/conv_uv_03.nc4 ./dir.0054/conv_uv_03.nc4 ./dir.0055/conv_uv_03.nc4 ./dir.0056/conv_uv_03.nc4 ./dir.0057/conv_uv_03.nc4 ./dir.0058/conv_uv_03.nc4 ./dir.0059/conv_uv_03.nc4 ./dir.0060/conv_uv_03.nc4 ./dir.0061/conv_uv_03.nc4 ./dir.0062/conv_uv_03.nc4 ./dir.0063/conv_uv_03.nc4 ./dir.0064/conv_uv_03.nc4 ./dir.0065/conv_uv_03.nc4 ./dir.0066/conv_uv_03.nc4 ./dir.0067/conv_uv_03.nc4 ./dir.0068/conv_uv_03.nc4 ./dir.0069/conv_uv_03.nc4 ./dir.0070/conv_uv_03.nc4 ./dir.0071/conv_uv_03.nc4 ./dir.0072/conv_uv_03.nc4 ./dir.0073/conv_uv_03.nc4 ./dir.0074/conv_uv_03.nc4 ./dir.0075/conv_uv_03.nc4 ./dir.0076/conv_uv_03.nc4 ./dir.0077/conv_uv_03.nc4 ./dir.0078/conv_uv_03.nc4 ./dir.0079/conv_uv_03.nc4 ./dir.0080/conv_uv_03.nc4 ./dir.0081/conv_uv_03.nc4 ./dir.0082/conv_uv_03.nc4 ./dir.0083/conv_uv_03.nc4 -type f -printf .
+ exglobal_diag.sh[153]count=84
+ exglobal_diag.sh[154][[ 84 -eq 0 ]]
+ exglobal_diag.sh[157]echo '/gpfs/f6/drsa-precip4/world-shared/role.glopara/RUNDIRS/C48mx500_3DVarAOWCDA_be51ea02-6363/gdas.2021032500/analdiag.2126922/diag.sh conv_uv 03 anl 84 .nc4'
+ exglobal_diag.sh[158]echo diag_conv_uv_anl.2021032500.nc4.gz
+ exglobal_diag.sh[159]numfile[n]=19
+ exglobal_diag.sh[152]for type in ${diagtype[n]}
++ exglobal_diag.sh[153]wc -c
++ exglobal_diag.sh[153]find './dir.*/conv_spd_03*' -type f -printf .
find: â./dir.*/conv_spd_03*â: No such file or directory
++ exglobal_diag.sh[153]echo 0
+ exglobal_diag.sh[153]count='0
0'
+ exglobal_diag.sh[154][[ 0
0 -eq 0 ]]
/gpfs/f6/drsa-precip3/world-shared/global/CI/GITLAB/pr_cases_4328_be51ea02_6363/global-workflow/scripts/exglobal_diag.sh: line 154: [[: 0
0: syntax error in expression (error token is "0")
+ exglobal_diag.sh[157]echo '/gpfs/f6/drsa-precip4/world-shared/role.glopara/RUNDIRS/C48mx500_3DVarAOWCDA_be51ea02-6363/gdas.2021032500/analdiag.2126922/diag.sh conv_spd 03 anl 0
0 .nc4'
+ exglobal_diag.sh[158]echo diag_conv_spd_anl.2021032500.nc4.gz
+ exglobal_diag.sh[159]numfile[n]=20
+ exglobal_diag.sh[150][[ 0 -lt 3 ]]
+ exglobal_diag.sh[151]n=1
+ exglobal_diag.sh[152]for type in ${diagtype[n]}
++ exglobal_diag.sh[153]wc -c
++ exglobal_diag.sh[153]find './dir.*/pcp_ssmi_dmsp_03*' -type f -printf .
find: â./dir.*/pcp_ssmi_dmsp_03*â: No such file or directory
++ exglobal_diag.sh[153]echo 0
+ exglobal_diag.sh[153]count='0
0'
+ exglobal_diag.sh[154][[ 0
0 -eq 0 ]]
/gpfs/f6/drsa-precip3/world-shared/global/CI/GITLAB/pr_cases_4328_be51ea02_6363/global-workflow/scripts/exglobal_diag.sh: line 154: [[: 0
0: syntax error in expression (error token is "0")
+ exglobal_diag.sh[157]echo '/gpfs/f6/drsa-precip4/world-shared/role.glopara/RUNDIRS/C48mx500_3DVarAOWCDA_be51ea02-6363/gdas.2021032500/analdiag.2126922/diag.sh pcp_ssmi_dmsp 03 anl 0
0 .nc4'
+ exglobal_diag.sh[158]echo diag_pcp_ssmi_dmsp_anl.2021032500.nc4.gz
+ exglobal_diag.sh[159]numfile[n]=3
+ exglobal_diag.sh[152]for type in ${diagtype[n]}
++ exglobal_diag.sh[153]wc -c
++ exglobal_diag.sh[153]find './dir.*/pcp_tmi_trmm_03*' -type f -printf .
find: â./dir.*/pcp_tmi_trmm_03*â: No such file or directory
++ exglobal_diag.sh[153]echo 0
+ exglobal_diag.sh[153]count='0
0'
+ exglobal_diag.sh[154][[ 0
0 -eq 0 ]]
/gpfs/f6/drsa-precip3/world-shared/global/CI/GITLAB/pr_cases_4328_be51ea02_6363/global-workflow/scripts/exglobal_diag.sh: line 154: [[: 0
0: syntax error in expression (error token is "0")
+ exglobal_diag.sh[157]echo '/gpfs/f6/drsa-precip4/world-shared/role.glopara/RUNDIRS/C48mx500_3DVarAOWCDA_be51ea02-6363/gdas.2021032500/analdiag.2126922/diag.sh pcp_tmi_trmm 03 anl 0
0 .nc4'
+ exglobal_diag.sh[158]echo diag_pcp_tmi_trmm_anl.2021032500.nc4.gz
+ exglobal_diag.sh[159]numfile[n]=4
+ exglobal_diag.sh[150][[ 1 -lt 3 ]]
+ exglobal_diag.sh[151]n=2
+ exglobal_diag.sh[152]for type in ${diagtype[n]}
++ exglobal_diag.sh[153]wc -c
++ exglobal_diag.sh[153]find ./dir.0020/omi_aura_03.nc4 ./dir.0027/omi_aura_03.nc4 ./dir.0028/omi_aura_03.nc4 ./dir.0034/omi_aura_03.nc4 ./dir.0035/omi_aura_03.nc4 ./dir.0036/omi_aura_03.nc4 ./dir.0037/omi_aura_03.nc4 ./dir.0038/omi_aura_03.nc4 ./dir.0039/omi_aura_03.nc4 ./dir.0040/omi_aura_03.nc4 ./dir.0041/omi_aura_03.nc4 ./dir.0042/omi_aura_03.nc4 ./dir.0043/omi_aura_03.nc4 ./dir.0045/omi_aura_03.nc4 ./dir.0046/omi_aura_03.nc4 ./dir.0047/omi_aura_03.nc4 ./dir.0048/omi_aura_03.nc4 ./dir.0049/omi_aura_03.nc4 ./dir.0050/omi_aura_03.nc4 ./dir.0051/omi_aura_03.nc4 ./dir.0052/omi_aura_03.nc4 ./dir.0053/omi_aura_03.nc4 ./dir.0054/omi_aura_03.nc4 ./dir.0055/omi_aura_03.nc4 ./dir.0056/omi_aura_03.nc4 ./dir.0057/omi_aura_03.nc4 ./dir.0058/omi_aura_03.nc4 ./dir.0060/omi_aura_03.nc4 -type f -printf .
+ exglobal_diag.sh[153]count=28
+ exglobal_diag.sh[154][[ 28 -eq 0 ]]
+ exglobal_diag.sh[157]echo '/gpfs/f6/drsa-precip4/world-shared/role.glopara/RUNDIRS/C48mx500_3DVarAOWCDA_be51ea02-6363/gdas.2021032500/analdiag.2126922/diag.sh omi_aura 03 anl 28 .nc4'
+ exglobal_diag.sh[158]echo diag_omi_aura_anl.2021032500.nc4.gz
+ exglobal_diag.sh[159]numfile[n]=26
+ exglobal_diag.sh[152]for type in ${diagtype[n]}
++ exglobal_diag.sh[153]wc -c
++ exglobal_diag.sh[153]find './dir.*/mls55_aura_03*' -type f -printf .
find: â./dir.*/mls55_aura_03*â: No such file or directory
++ exglobal_diag.sh[153]echo 0
+ exglobal_diag.sh[153]count='0
0'
+ exglobal_diag.sh[154][[ 0
0 -eq 0 ]]
/gpfs/f6/drsa-precip3/world-shared/global/CI/GITLAB/pr_cases_4328_be51ea02_6363/global-workflow/scripts/exglobal_diag.sh: line 154: [[: 0
0: syntax error in expression (error token is "0")
+ exglobal_diag.sh[157]echo '/gpfs/f6/drsa-precip4/world-shared/role.glopara/RUNDIRS/C48mx500_3DVarAOWCDA_be51ea02-6363/gdas.2021032500/analdiag.2126922/diag.sh mls55_aura 03 anl 0
0 .nc4'
+ exglobal_diag.sh[158]echo diag_mls55_aura_anl.2021032500.nc4.gz
+ exglobal_diag.sh[159]numfile[n]=27
+ exglobal_diag.sh[152]for type in ${diagtype[n]}
++ exglobal_diag.sh[153]wc -c
++ exglobal_diag.sh[153]find './dir.*/omieff_aura_03*' -type f -printf .
find: â./dir.*/omieff_aura_03*â: No such file or directory
++ exglobal_diag.sh[153]echo 0
+ exglobal_diag.sh[153]count='0
0'
+ exglobal_diag.sh[154][[ 0
0 -eq 0 ]]
/gpfs/f6/drsa-precip3/world-shared/global/CI/GITLAB/pr_cases_4328_be51ea02_6363/global-workflow/scripts/exglobal_diag.sh: line 154: [[: 0
0: syntax error in expression (error token is "0")
+ exglobal_diag.sh[157]echo '/gpfs/f6/drsa-precip4/world-shared/role.glopara/RUNDIRS/C48mx500_3DVarAOWCDA_be51ea02-6363/gdas.2021032500/analdiag.2126922/diag.sh omieff_aura 03 anl 0
0 .nc4'
+ exglobal_diag.sh[158]echo diag_omieff_aura_anl.2021032500.nc4.gz
+ exglobal_diag.sh[159]numfile[n]=28
+ exglobal_diag.sh[152]for type in ${diagtype[n]}
++ exglobal_diag.sh[153]wc -c
++ exglobal_diag.sh[153]find ./dir.0020/ompsnp_npp_03.nc4 ./dir.0027/ompsnp_npp_03.nc4 ./dir.0034/ompsnp_npp_03.nc4 ./dir.0036/ompsnp_npp_03.nc4 ./dir.0037/ompsnp_npp_03.nc4 ./dir.0040/ompsnp_npp_03.nc4 ./dir.0041/ompsnp_npp_03.nc4 ./dir.0042/ompsnp_npp_03.nc4 ./dir.0043/ompsnp_npp_03.nc4 ./dir.0044/ompsnp_npp_03.nc4 ./dir.0045/ompsnp_npp_03.nc4 ./dir.0046/ompsnp_npp_03.nc4 ./dir.0047/ompsnp_npp_03.nc4 ./dir.0048/ompsnp_npp_03.nc4 ./dir.0049/ompsnp_npp_03.nc4 ./dir.0050/ompsnp_npp_03.nc4 ./dir.0051/ompsnp_npp_03.nc4 ./dir.0052/ompsnp_npp_03.nc4 ./dir.0053/ompsnp_npp_03.nc4 ./dir.0054/ompsnp_npp_03.nc4 ./dir.0055/ompsnp_npp_03.nc4 ./dir.0056/ompsnp_npp_03.nc4 ./dir.0057/ompsnp_npp_03.nc4 ./dir.0060/ompsnp_npp_03.nc4 ./dir.0066/ompsnp_npp_03.nc4 -type f -printf .
+ exglobal_diag.sh[153]count=25
+ exglobal_diag.sh[154][[ 25 -eq 0 ]]
+ exglobal_diag.sh[157]echo '/gpfs/f6/drsa-precip4/world-shared/role.glopara/RUNDIRS/C48mx500_3DVarAOWCDA_be51ea02-6363/gdas.2021032500/analdiag.2126922/diag.sh ompsnp_npp 03 anl 25 .nc4'
+ exglobal_diag.sh[158]echo diag_ompsnp_npp_anl.2021032500.nc4.gz
+ exglobal_diag.sh[159]numfile[n]=29
+ exglobal_diag.sh[152]for type in ${diagtype[n]}
++ exglobal_diag.sh[153]wc -c
++ exglobal_diag.sh[153]find './dir.*/ompsnmeff_npp_03*' -type f -printf .
find: â./dir.*/ompsnmeff_npp_03*â: No such file or directory
++ exglobal_diag.sh[153]echo 0
+ exglobal_diag.sh[153]count='0
0'
+ exglobal_diag.sh[154][[ 0
0 -eq 0 ]]
/gpfs/f6/drsa-precip3/world-shared/global/CI/GITLAB/pr_cases_4328_be51ea02_6363/global-workflow/scripts/exglobal_diag.sh: line 154: [[: 0
0: syntax error in expression (error token is "0")
+ exglobal_diag.sh[157]echo '/gpfs/f6/drsa-precip4/world-shared/role.glopara/RUNDIRS/C48mx500_3DVarAOWCDA_be51ea02-6363/gdas.2021032500/analdiag.2126922/diag.sh ompsnmeff_npp 03 anl 0
0 .nc4'
+ exglobal_diag.sh[158]echo diag_ompsnmeff_npp_anl.2021032500.nc4.gz
+ exglobal_diag.sh[159]numfile[n]=30
+ exglobal_diag.sh[152]for type in ${diagtype[n]}
++ exglobal_diag.sh[153]wc -c
++ exglobal_diag.sh[153]find './dir.*/ompsnpnc_npp_03*' -type f -printf .
find: â./dir.*/ompsnpnc_npp_03*â: No such file or directory
++ exglobal_diag.sh[153]echo 0
+ exglobal_diag.sh[153]count='0
0'
+ exglobal_diag.sh[154][[ 0
0 -eq 0 ]]
/gpfs/f6/drsa-precip3/world-shared/global/CI/GITLAB/pr_cases_4328_be51ea02_6363/global-workflow/scripts/exglobal_diag.sh: line 154: [[: 0
0: syntax error in expression (error token is "0")
+ exglobal_diag.sh[157]echo '/gpfs/f6/drsa-precip4/world-shared/role.glopara/RUNDIRS/C48mx500_3DVarAOWCDA_be51ea02-6363/gdas.2021032500/analdiag.2126922/diag.sh ompsnpnc_npp 03 anl 0
0 .nc4'
+ exglobal_diag.sh[158]echo diag_ompsnpnc_npp_anl.2021032500.nc4.gz
+ exglobal_diag.sh[159]numfile[n]=31
+ exglobal_diag.sh[152]for type in ${diagtype[n]}
++ exglobal_diag.sh[153]wc -c
++ exglobal_diag.sh[153]find './dir.*/ompslpnc_npp_03*' -type f -printf .
find: â./dir.*/ompslpnc_npp_03*â: No such file or directory
++ exglobal_diag.sh[153]echo 0
+ exglobal_diag.sh[153]count='0
0'
+ exglobal_diag.sh[154][[ 0
0 -eq 0 ]]
/gpfs/f6/drsa-precip3/world-shared/global/CI/GITLAB/pr_cases_4328_be51ea02_6363/global-workflow/scripts/exglobal_diag.sh: line 154: [[: 0
0: syntax error in expression (error token is "0")
+ exglobal_diag.sh[157]echo '/gpfs/f6/drsa-precip4/world-shared/role.glopara/RUNDIRS/C48mx500_3DVarAOWCDA_be51ea02-6363/gdas.2021032500/analdiag.2126922/diag.sh ompslpnc_npp 03 anl 0
0 .nc4'
+ exglobal_diag.sh[158]echo diag_ompslpnc_npp_anl.2021032500.nc4.gz
+ exglobal_diag.sh[159]numfile[n]=32
+ exglobal_diag.sh[152]for type in ${diagtype[n]}
++ exglobal_diag.sh[153]wc -c
++ exglobal_diag.sh[153]find ./dir.0020/ompsnp_n20_03.nc4 ./dir.0027/ompsnp_n20_03.nc4 ./dir.0034/ompsnp_n20_03.nc4 ./dir.0038/ompsnp_n20_03.nc4 ./dir.0039/ompsnp_n20_03.nc4 ./dir.0040/ompsnp_n20_03.nc4 ./dir.0041/ompsnp_n20_03.nc4 ./dir.0042/ompsnp_n20_03.nc4 ./dir.0043/ompsnp_n20_03.nc4 ./dir.0044/ompsnp_n20_03.nc4 ./dir.0045/ompsnp_n20_03.nc4 ./dir.0046/ompsnp_n20_03.nc4 ./dir.0047/ompsnp_n20_03.nc4 ./dir.0048/ompsnp_n20_03.nc4 ./dir.0049/ompsnp_n20_03.nc4 ./dir.0050/ompsnp_n20_03.nc4 ./dir.0051/ompsnp_n20_03.nc4 ./dir.0052/ompsnp_n20_03.nc4 ./dir.0053/ompsnp_n20_03.nc4 ./dir.0054/ompsnp_n20_03.nc4 ./dir.0055/ompsnp_n20_03.nc4 ./dir.0056/ompsnp_n20_03.nc4 ./dir.0057/ompsnp_n20_03.nc4 ./dir.0058/ompsnp_n20_03.nc4 ./dir.0060/ompsnp_n20_03.nc4 ./dir.0061/ompsnp_n20_03.nc4 -type f -printf .
+ exglobal_diag.sh[153]count=26
+ exglobal_diag.sh[154][[ 26 -eq 0 ]]
+ exglobal_diag.sh[157]echo '/gpfs/f6/drsa-precip4/world-shared/role.glopara/RUNDIRS/C48mx500_3DVarAOWCDA_be51ea02-6363/gdas.2021032500/analdiag.2126922/diag.sh ompsnp_n20 03 anl 26 .nc4'
+ exglobal_diag.sh[158]echo diag_ompsnp_n20_anl.2021032500.nc4.gz
+ exglobal_diag.sh[159]numfile[n]=33
+ exglobal_diag.sh[152]for type in ${diagtype[n]}
++ exglobal_diag.sh[153]wc -c
++ exglobal_diag.sh[153]find './dir.*/ompsnp_n21_03*' -type f -printf .
find: â./dir.*/ompsnp_n21_03*â: No such file or directory
++ exglobal_diag.sh[153]echo 0
+ exglobal_diag.sh[153]count='0
0'
+ exglobal_diag.sh[154][[ 0
0 -eq 0 ]]
/gpfs/f6/drsa-precip3/world-shared/global/CI/GITLAB/pr_cases_4328_be51ea02_6363/global-workflow/scripts/exglobal_diag.sh: line 154: [[: 0
0: syntax error in expression (error token is "0")
+ exglobal_diag.sh[157]echo '/gpfs/f6/drsa-precip4/world-shared/role.glopara/RUNDIRS/C48mx500_3DVarAOWCDA_be51ea02-6363/gdas.2021032500/analdiag.2126922/diag.sh ompsnp_n21 03 anl 0
0 .nc4'
+ exglobal_diag.sh[158]echo diag_ompsnp_n21_anl.2021032500.nc4.gz
+ exglobal_diag.sh[159]numfile[n]=34
+ exglobal_diag.sh[152]for type in ${diagtype[n]}
++ exglobal_diag.sh[153]wc -c
++ exglobal_diag.sh[153]find ./dir.0020/ompstc8_npp_03.nc4 ./dir.0027/ompstc8_npp_03.nc4 ./dir.0028/ompstc8_npp_03.nc4 ./dir.0033/ompstc8_npp_03.nc4 ./dir.0034/ompstc8_npp_03.nc4 ./dir.0035/ompstc8_npp_03.nc4 ./dir.0036/ompstc8_npp_03.nc4 ./dir.0037/ompstc8_npp_03.nc4 ./dir.0038/ompstc8_npp_03.nc4 ./dir.0039/ompstc8_npp_03.nc4 ./dir.0040/ompstc8_npp_03.nc4 ./dir.0041/ompstc8_npp_03.nc4 ./dir.0042/ompstc8_npp_03.nc4 ./dir.0043/ompstc8_npp_03.nc4 ./dir.0044/ompstc8_npp_03.nc4 ./dir.0045/ompstc8_npp_03.nc4 ./dir.0046/ompstc8_npp_03.nc4 ./dir.0047/ompstc8_npp_03.nc4 ./dir.0048/ompstc8_npp_03.nc4 ./dir.0049/ompstc8_npp_03.nc4 ./dir.0050/ompstc8_npp_03.nc4 ./dir.0051/ompstc8_npp_03.nc4 ./dir.0052/ompstc8_npp_03.nc4 ./dir.0053/ompstc8_npp_03.nc4 ./dir.0054/ompstc8_npp_03.nc4 ./dir.0055/ompstc8_npp_03.nc4 ./dir.0056/ompstc8_npp_03.nc4 ./dir.0057/ompstc8_npp_03.nc4 ./dir.0058/ompstc8_npp_03.nc4 ./dir.0059/ompstc8_npp_03.nc4 ./dir.0060/ompstc8_npp_03.nc4 ./dir.0061/ompstc8_npp_03.nc4 ./dir.0066/ompstc8_npp_03.nc4 -type f -printf .
+ exglobal_diag.sh[153]count=33
+ exglobal_diag.sh[154][[ 33 -eq 0 ]]
+ exglobal_diag.sh[157]echo '/gpfs/f6/drsa-precip4/world-shared/role.glopara/RUNDIRS/C48mx500_3DVarAOWCDA_be51ea02-6363/gdas.2021032500/analdiag.2126922/diag.sh ompstc8_npp 03 anl 33 .nc4'
+ exglobal_diag.sh[158]echo diag_ompstc8_npp_anl.2021032500.nc4.gz
+ exglobal_diag.sh[159]numfile[n]=35
+ exglobal_diag.sh[152]for type in ${diagtype[n]}
++ exglobal_diag.sh[153]wc -c
++ exglobal_diag.sh[153]find ./dir.0020/ompstc8_n20_03.nc4 ./dir.0026/ompstc8_n20_03.nc4 ./dir.0027/ompstc8_n20_03.nc4 ./dir.0033/ompstc8_n20_03.nc4 ./dir.0034/ompstc8_n20_03.nc4 ./dir.0035/ompstc8_n20_03.nc4 ./dir.0036/ompstc8_n20_03.nc4 ./dir.0037/ompstc8_n20_03.nc4 ./dir.0038/ompstc8_n20_03.nc4 ./dir.0039/ompstc8_n20_03.nc4 ./dir.0040/ompstc8_n20_03.nc4 ./dir.0041/ompstc8_n20_03.nc4 ./dir.0042/ompstc8_n20_03.nc4 ./dir.0043/ompstc8_n20_03.nc4 ./dir.0044/ompstc8_n20_03.nc4 ./dir.0045/ompstc8_n20_03.nc4 ./dir.0046/ompstc8_n20_03.nc4 ./dir.0047/ompstc8_n20_03.nc4 ./dir.0048/ompstc8_n20_03.nc4 ./dir.0049/ompstc8_n20_03.nc4 ./dir.0050/ompstc8_n20_03.nc4 ./dir.0051/ompstc8_n20_03.nc4 ./dir.0052/ompstc8_n20_03.nc4 ./dir.0053/ompstc8_n20_03.nc4 ./dir.0054/ompstc8_n20_03.nc4 ./dir.0055/ompstc8_n20_03.nc4 ./dir.0056/ompstc8_n20_03.nc4 ./dir.0057/ompstc8_n20_03.nc4 ./dir.0058/ompstc8_n20_03.nc4 ./dir.0059/ompstc8_n20_03.nc4 ./dir.0060/ompstc8_n20_03.nc4 ./dir.0061/ompstc8_n20_03.nc4 ./dir.0062/ompstc8_n20_03.nc4 ./dir.0063/ompstc8_n20_03.nc4 ./dir.0065/ompstc8_n20_03.nc4 -type f -printf .
+ exglobal_diag.sh[153]count=35
+ exglobal_diag.sh[154][[ 35 -eq 0 ]]
+ exglobal_diag.sh[157]echo '/gpfs/f6/drsa-precip4/world-shared/role.glopara/RUNDIRS/C48mx500_3DVarAOWCDA_be51ea02-6363/gdas.2021032500/analdiag.2126922/diag.sh ompstc8_n20 03 anl 35 .nc4'
+ exglobal_diag.sh[158]echo diag_ompstc8_n20_anl.2021032500.nc4.gz
+ exglobal_diag.sh[159]numfile[n]=36
+ exglobal_diag.sh[152]for type in ${diagtype[n]}
++ exglobal_diag.sh[153]wc -c
++ exglobal_diag.sh[153]find './dir.*/ompstc8_n21_03*' -type f -printf .
find: â./dir.*/ompstc8_n21_03*â: No such file or directory
++ exglobal_diag.sh[153]echo 0
+ exglobal_diag.sh[153]count='0
0'
+ exglobal_diag.sh[154][[ 0
0 -eq 0 ]]
/gpfs/f6/drsa-precip3/world-shared/global/CI/GITLAB/pr_cases_4328_be51ea02_6363/global-workflow/scripts/exglobal_diag.sh: line 154: [[: 0
0: syntax error in expression (error token is "0")
+ exglobal_diag.sh[157]echo '/gpfs/f6/drsa-precip4/world-shared/role.glopara/RUNDIRS/C48mx500_3DVarAOWCDA_be51ea02-6363/gdas.2021032500/analdiag.2126922/diag.sh ompstc8_n21 03 anl 0
0 .nc4'
+ exglobal_diag.sh[158]echo diag_ompstc8_n21_anl.2021032500.nc4.gz
+ exglobal_diag.sh[159]numfile[n]=37
+ exglobal_diag.sh[152]for type in ${diagtype[n]}
++ exglobal_diag.sh[153]wc -c
++ exglobal_diag.sh[153]find ./dir.0034/ompslp_npp_03.nc4 ./dir.0041/ompslp_npp_03.nc4 ./dir.0045/ompslp_npp_03.nc4 ./dir.0046/ompslp_npp_03.nc4 ./dir.0047/ompslp_npp_03.nc4 ./dir.0048/ompslp_npp_03.nc4 ./dir.0049/ompslp_npp_03.nc4 ./dir.0050/ompslp_npp_03.nc4 ./dir.0051/ompslp_npp_03.nc4 ./dir.0052/ompslp_npp_03.nc4 ./dir.0053/ompslp_npp_03.nc4 ./dir.0054/ompslp_npp_03.nc4 ./dir.0055/ompslp_npp_03.nc4 ./dir.0056/ompslp_npp_03.nc4 ./dir.0057/ompslp_npp_03.nc4 ./dir.0060/ompslp_npp_03.nc4 ./dir.0066/ompslp_npp_03.nc4 -type f -printf .
+ exglobal_diag.sh[153]count=17
+ exglobal_diag.sh[154][[ 17 -eq 0 ]]
+ exglobal_diag.sh[157]echo '/gpfs/f6/drsa-precip4/world-shared/role.glopara/RUNDIRS/C48mx500_3DVarAOWCDA_be51ea02-6363/gdas.2021032500/analdiag.2126922/diag.sh ompslp_npp 03 anl 17 .nc4'
+ exglobal_diag.sh[158]echo diag_ompslp_npp_anl.2021032500.nc4.gz
+ exglobal_diag.sh[159]numfile[n]=38
+ exglobal_diag.sh[152]for type in ${diagtype[n]}
++ exglobal_diag.sh[153]wc -c
++ exglobal_diag.sh[153]find './dir.*/ompslp_n21_03*' -type f -printf .
find: â./dir.*/ompslp_n21_03*â: No such file or directory
++ exglobal_diag.sh[153]echo 0
+ exglobal_diag.sh[153]count='0
0'
+ exglobal_diag.sh[154][[ 0
0 -eq 0 ]]
/gpfs/f6/drsa-precip3/world-shared/global/CI/GITLAB/pr_cases_4328_be51ea02_6363/global-workflow/scripts/exglobal_diag.sh: line 154: [[: 0
0: syntax error in expression (error token is "0")
+ exglobal_diag.sh[157]echo '/gpfs/f6/drsa-precip4/world-shared/role.glopara/RUNDIRS/C48mx500_3DVarAOWCDA_be51ea02-6363/gdas.2021032500/analdiag.2126922/diag.sh ompslp_n21 03 anl 0
0 .nc4'
+ exglobal_diag.sh[158]echo diag_ompslp_n21_anl.2021032500.nc4.gz
+ exglobal_diag.sh[159]numfile[n]=39
+ exglobal_diag.sh[152]for type in ${diagtype[n]}
++ exglobal_diag.sh[153]wc -c
++ exglobal_diag.sh[153]find './dir.*/sbuv2_nim07_03*' -type f -printf .
find: â./dir.*/sbuv2_nim07_03*â: No such file or directory
++ exglobal_diag.sh[153]echo 0
+ exglobal_diag.sh[153]count='0
0'
+ exglobal_diag.sh[154][[ 0
0 -eq 0 ]]
/gpfs/f6/drsa-precip3/world-shared/global/CI/GITLAB/pr_cases_4328_be51ea02_6363/global-workflow/scripts/exglobal_diag.sh: line 154: [[: 0
0: syntax error in expression (error token is "0")
+ exglobal_diag.sh[157]echo '/gpfs/f6/drsa-precip4/world-shared/role.glopara/RUNDIRS/C48mx500_3DVarAOWCDA_be51ea02-6363/gdas.2021032500/analdiag.2126922/diag.sh sbuv2_nim07 03 anl 0
0 .nc4'
+ exglobal_diag.sh[158]echo diag_sbuv2_nim07_anl.2021032500.nc4.gz
+ exglobal_diag.sh[159]numfile[n]=40
+ exglobal_diag.sh[152]for type in ${diagtype[n]}
++ exglobal_diag.sh[153]wc -c
++ exglobal_diag.sh[153]find './dir.*/sbuv2_n09_03*' -type f -printf .
find: â./dir.*/sbuv2_n09_03*â: No such file or directory
++ exglobal_diag.sh[153]echo 0
+ exglobal_diag.sh[153]count='0
0'
+ exglobal_diag.sh[154][[ 0
0 -eq 0 ]]
/gpfs/f6/drsa-precip3/world-shared/global/CI/GITLAB/pr_cases_4328_be51ea02_6363/global-workflow/scripts/exglobal_diag.sh: line 154: [[: 0
0: syntax error in expression (error token is "0")
+ exglobal_diag.sh[157]echo '/gpfs/f6/drsa-precip4/world-shared/role.glopara/RUNDIRS/C48mx500_3DVarAOWCDA_be51ea02-6363/gdas.2021032500/analdiag.2126922/diag.sh sbuv2_n09 03 anl 0
0 .nc4'
+ exglobal_diag.sh[158]echo diag_sbuv2_n09_anl.2021032500.nc4.gz
+ exglobal_diag.sh[159]numfile[n]=41
+ exglobal_diag.sh[152]for type in ${diagtype[n]}
++ exglobal_diag.sh[153]wc -c
++ exglobal_diag.sh[153]find './dir.*/sbuv2_n11_03*' -type f -printf .
find: â./dir.*/sbuv2_n11_03*â: No such file or directory
++ exglobal_diag.sh[153]echo 0
+ exglobal_diag.sh[153]count='0
0'
+ exglobal_diag.sh[154][[ 0
0 -eq 0 ]]
/gpfs/f6/drsa-precip3/world-shared/global/CI/GITLAB/pr_cases_4328_be51ea02_6363/global-workflow/scripts/exglobal_diag.sh: line 154: [[: 0
0: syntax error in expression (error token is "0")
+ exglobal_diag.sh[157]echo '/gpfs/f6/drsa-precip4/world-shared/role.glopara/RUNDIRS/C48mx500_3DVarAOWCDA_be51ea02-6363/gdas.2021032500/analdiag.2126922/diag.sh sbuv2_n11 03 anl 0
0 .nc4'
+ exglobal_diag.sh[158]echo diag_sbuv2_n11_anl.2021032500.nc4.gz
+ exglobal_diag.sh[159]numfile[n]=42
+ exglobal_diag.sh[152]for type in ${diagtype[n]}
++ exglobal_diag.sh[153]wc -c
++ exglobal_diag.sh[153]find './dir.*/sbuv2_n14_03*' -type f -printf .
find: â./dir.*/sbuv2_n14_03*â: No such file or directory
++ exglobal_diag.sh[153]echo 0
+ exglobal_diag.sh[153]count='0
0'
+ exglobal_diag.sh[154][[ 0
0 -eq 0 ]]
/gpfs/f6/drsa-precip3/world-shared/global/CI/GITLAB/pr_cases_4328_be51ea02_6363/global-workflow/scripts/exglobal_diag.sh: line 154: [[: 0
0: syntax error in expression (error token is "0")
+ exglobal_diag.sh[157]echo '/gpfs/f6/drsa-precip4/world-shared/role.glopara/RUNDIRS/C48mx500_3DVarAOWCDA_be51ea02-6363/gdas.2021032500/analdiag.2126922/diag.sh sbuv2_n14 03 anl 0
0 .nc4'
+ exglobal_diag.sh[158]echo diag_sbuv2_n14_anl.2021032500.nc4.gz
+ exglobal_diag.sh[159]numfile[n]=43
+ exglobal_diag.sh[152]for type in ${diagtype[n]}
++ exglobal_diag.sh[153]wc -c
++ exglobal_diag.sh[153]find './dir.*/sbuv2_n16_03*' -type f -printf .
find: â./dir.*/sbuv2_n16_03*â: No such file or directory
++ exglobal_diag.sh[153]echo 0
+ exglobal_diag.sh[153]count='0
0'
+ exglobal_diag.sh[154][[ 0
0 -eq 0 ]]
/gpfs/f6/drsa-precip3/world-shared/global/CI/GITLAB/pr_cases_4328_be51ea02_6363/global-workflow/scripts/exglobal_diag.sh: line 154: [[: 0
0: syntax error in expression (error token is "0")
+ exglobal_diag.sh[157]echo '/gpfs/f6/drsa-precip4/world-shared/role.glopara/RUNDIRS/C48mx500_3DVarAOWCDA_be51ea02-6363/gdas.2021032500/analdiag.2126922/diag.sh sbuv2_n16 03 anl 0
0 .nc4'
+ exglobal_diag.sh[158]echo diag_sbuv2_n16_anl.2021032500.nc4.gz
+ exglobal_diag.sh[159]numfile[n]=44
+ exglobal_diag.sh[152]for type in ${diagtype[n]}
++ exglobal_diag.sh[153]wc -c
++ exglobal_diag.sh[153]find './dir.*/sbuv2_n17_03*' -type f -printf .
find: â./dir.*/sbuv2_n17_03*â: No such file or directory
++ exglobal_diag.sh[153]echo 0
+ exglobal_diag.sh[153]count='0
0'
+ exglobal_diag.sh[154][[ 0
0 -eq 0 ]]
/gpfs/f6/drsa-precip3/world-shared/global/CI/GITLAB/pr_cases_4328_be51ea02_6363/global-workflow/scripts/exglobal_diag.sh: line 154: [[: 0
0: syntax error in expression (error token is "0")
+ exglobal_diag.sh[157]echo '/gpfs/f6/drsa-precip4/world-shared/role.glopara/RUNDIRS/C48mx500_3DVarAOWCDA_be51ea02-6363/gdas.2021032500/analdiag.2126922/diag.sh sbuv2_n17 03 anl 0
0 .nc4'
+ exglobal_diag.sh[158]echo diag_sbuv2_n17_anl.2021032500.nc4.gz
+ exglobal_diag.sh[159]numfile[n]=45
+ exglobal_diag.sh[152]for type in ${diagtype[n]}
++ exglobal_diag.sh[153]wc -c
++ exglobal_diag.sh[153]find './dir.*/sbuv2_n18_03*' -type f -printf .
find: â./dir.*/sbuv2_n18_03*â: No such file or directory
++ exglobal_diag.sh[153]echo 0
+ exglobal_diag.sh[153]count='0
0'
+ exglobal_diag.sh[154][[ 0
0 -eq 0 ]]
/gpfs/f6/drsa-precip3/world-shared/global/CI/GITLAB/pr_cases_4328_be51ea02_6363/global-workflow/scripts/exglobal_diag.sh: line 154: [[: 0
0: syntax error in expression (error token is "0")
+ exglobal_diag.sh[157]echo '/gpfs/f6/drsa-precip4/world-shared/role.glopara/RUNDIRS/C48mx500_3DVarAOWCDA_be51ea02-6363/gdas.2021032500/analdiag.2126922/diag.sh sbuv2_n18 03 anl 0
0 .nc4'
+ exglobal_diag.sh[158]echo diag_sbuv2_n18_anl.2021032500.nc4.gz
+ exglobal_diag.sh[159]numfile[n]=46
+ exglobal_diag.sh[152]for type in ${diagtype[n]}
++ exglobal_diag.sh[153]wc -c
++ exglobal_diag.sh[153]find ./dir.0016/sbuv2_n19_03.nc4 ./dir.0017/sbuv2_n19_03.nc4 ./dir.0018/sbuv2_n19_03.nc4 ./dir.0019/sbuv2_n19_03.nc4 ./dir.0023/sbuv2_n19_03.nc4 ./dir.0024/sbuv2_n19_03.nc4 ./dir.0025/sbuv2_n19_03.nc4 ./dir.0026/sbuv2_n19_03.nc4 ./dir.0027/sbuv2_n19_03.nc4 ./dir.0030/sbuv2_n19_03.nc4 ./dir.0031/sbuv2_n19_03.nc4 ./dir.0032/sbuv2_n19_03.nc4 ./dir.0033/sbuv2_n19_03.nc4 ./dir.0034/sbuv2_n19_03.nc4 ./dir.0040/sbuv2_n19_03.nc4 ./dir.0041/sbuv2_n19_03.nc4 ./dir.0047/sbuv2_n19_03.nc4 ./dir.0052/sbuv2_n19_03.nc4 ./dir.0053/sbuv2_n19_03.nc4 ./dir.0058/sbuv2_n19_03.nc4 ./dir.0059/sbuv2_n19_03.nc4 ./dir.0064/sbuv2_n19_03.nc4 ./dir.0065/sbuv2_n19_03.nc4 ./dir.0070/sbuv2_n19_03.nc4 ./dir.0071/sbuv2_n19_03.nc4 -type f -printf .
+ exglobal_diag.sh[153]count=25
+ exglobal_diag.sh[154][[ 25 -eq 0 ]]
+ exglobal_diag.sh[157]echo '/gpfs/f6/drsa-precip4/world-shared/role.glopara/RUNDIRS/C48mx500_3DVarAOWCDA_be51ea02-6363/gdas.2021032500/analdiag.2126922/diag.sh sbuv2_n19 03 anl 25 .nc4'
+ exglobal_diag.sh[158]echo diag_sbuv2_n19_anl.2021032500.nc4.gz
+ exglobal_diag.sh[159]numfile[n]=47
+ exglobal_diag.sh[152]for type in ${diagtype[n]}
++ exglobal_diag.sh[153]wc -c
++ exglobal_diag.sh[153]find ./dir.0014/gome_metop-a_03.nc4 ./dir.0015/gome_metop-a_03.nc4 ./dir.0016/gome_metop-a_03.nc4 ./dir.0017/gome_metop-a_03.nc4 ./dir.0021/gome_metop-a_03.nc4 ./dir.0022/gome_metop-a_03.nc4 ./dir.0023/gome_metop-a_03.nc4 ./dir.0024/gome_metop-a_03.nc4 ./dir.0025/gome_metop-a_03.nc4 ./dir.0026/gome_metop-a_03.nc4 ./dir.0027/gome_metop-a_03.nc4 ./dir.0028/gome_metop-a_03.nc4 ./dir.0029/gome_metop-a_03.nc4 ./dir.0030/gome_metop-a_03.nc4 ./dir.0031/gome_metop-a_03.nc4 ./dir.0032/gome_metop-a_03.nc4 ./dir.0033/gome_metop-a_03.nc4 ./dir.0034/gome_metop-a_03.nc4 ./dir.0035/gome_metop-a_03.nc4 ./dir.0036/gome_metop-a_03.nc4 ./dir.0037/gome_metop-a_03.nc4 ./dir.0038/gome_metop-a_03.nc4 ./dir.0039/gome_metop-a_03.nc4 ./dir.0040/gome_metop-a_03.nc4 ./dir.0041/gome_metop-a_03.nc4 ./dir.0044/gome_metop-a_03.nc4 ./dir.0045/gome_metop-a_03.nc4 ./dir.0046/gome_metop-a_03.nc4 ./dir.0047/gome_metop-a_03.nc4 ./dir.0053/gome_metop-a_03.nc4 ./dir.0059/gome_metop-a_03.nc4 ./dir.0065/gome_metop-a_03.nc4 -type f -printf .
+ exglobal_diag.sh[153]count=32
+ exglobal_diag.sh[154][[ 32 -eq 0 ]]
+ exglobal_diag.sh[157]echo '/gpfs/f6/drsa-precip4/world-shared/role.glopara/RUNDIRS/C48mx500_3DVarAOWCDA_be51ea02-6363/gdas.2021032500/analdiag.2126922/diag.sh gome_metop-a 03 anl 32 .nc4'
+ exglobal_diag.sh[158]echo diag_gome_metop-a_anl.2021032500.nc4.gz
+ exglobal_diag.sh[159]numfile[n]=48
+ exglobal_diag.sh[152]for type in ${diagtype[n]}
++ exglobal_diag.sh[153]wc -c
++ exglobal_diag.sh[153]find ./dir.0014/gome_metop-b_03.nc4 ./dir.0015/gome_metop-b_03.nc4 ./dir.0021/gome_metop-b_03.nc4 ./dir.0022/gome_metop-b_03.nc4 ./dir.0023/gome_metop-b_03.nc4 ./dir.0024/gome_metop-b_03.nc4 ./dir.0025/gome_metop-b_03.nc4 ./dir.0028/gome_metop-b_03.nc4 ./dir.0029/gome_metop-b_03.nc4 ./dir.0030/gome_metop-b_03.nc4 ./dir.0031/gome_metop-b_03.nc4 ./dir.0032/gome_metop-b_03.nc4 ./dir.0033/gome_metop-b_03.nc4 ./dir.0034/gome_metop-b_03.nc4 ./dir.0035/gome_metop-b_03.nc4 ./dir.0036/gome_metop-b_03.nc4 ./dir.0037/gome_metop-b_03.nc4 ./dir.0038/gome_metop-b_03.nc4 ./dir.0039/gome_metop-b_03.nc4 ./dir.0040/gome_metop-b_03.nc4 ./dir.0041/gome_metop-b_03.nc4 ./dir.0042/gome_metop-b_03.nc4 ./dir.0043/gome_metop-b_03.nc4 ./dir.0044/gome_metop-b_03.nc4 ./dir.0045/gome_metop-b_03.nc4 ./dir.0046/gome_metop-b_03.nc4 ./dir.0047/gome_metop-b_03.nc4 ./dir.0052/gome_metop-b_03.nc4 ./dir.0053/gome_metop-b_03.nc4 ./dir.0059/gome_metop-b_03.nc4 ./dir.0065/gome_metop-b_03.nc4 -type f -printf .
+ exglobal_diag.sh[153]count=31
+ exglobal_diag.sh[154][[ 31 -eq 0 ]]
+ exglobal_diag.sh[157]echo '/gpfs/f6/drsa-precip4/world-shared/role.glopara/RUNDIRS/C48mx500_3DVarAOWCDA_be51ea02-6363/gdas.2021032500/analdiag.2126922/diag.sh gome_metop-b 03 anl 31 .nc4'
+ exglobal_diag.sh[158]echo diag_gome_metop-b_anl.2021032500.nc4.gz
+ exglobal_diag.sh[159]numfile[n]=49
+ exglobal_diag.sh[152]for type in ${diagtype[n]}
++ exglobal_diag.sh[153]wc -c
++ exglobal_diag.sh[153]find './dir.*/gome_metop-c_03*' -type f -printf .
find: â./dir.*/gome_metop-c_03*â: No such file or directory
++ exglobal_diag.sh[153]echo 0
+ exglobal_diag.sh[153]count='0
0'
+ exglobal_diag.sh[154][[ 0
0 -eq 0 ]]
/gpfs/f6/drsa-precip3/world-shared/global/CI/GITLAB/pr_cases_4328_be51ea02_6363/global-workflow/scripts/exglobal_diag.sh: line 154: [[: 0
0: syntax error in expression (error token is "0")
+ exglobal_diag.sh[157]echo '/gpfs/f6/drsa-precip4/world-shared/role.glopara/RUNDIRS/C48mx500_3DVarAOWCDA_be51ea02-6363/gdas.2021032500/analdiag.2126922/diag.sh gome_metop-c 03 anl 0
0 .nc4'
+ exglobal_diag.sh[158]echo diag_gome_metop-c_anl.2021032500.nc4.gz
+ exglobal_diag.sh[159]numfile[n]=50
+ exglobal_diag.sh[150][[ 2 -lt 3 ]]
+ exglobal_diag.sh[151]n=3
+ exglobal_diag.sh[152]for type in ${diagtype[n]}
++ exglobal_diag.sh[153]wc -c
++ exglobal_diag.sh[153]find ./dir.0055/abi_g16_03.nc4 ./dir.0056/abi_g16_03.nc4 ./dir.0057/abi_g16_03.nc4 ./dir.0058/abi_g16_03.nc4 ./dir.0061/abi_g16_03.nc4 ./dir.0062/abi_g16_03.nc4 ./dir.0063/abi_g16_03.nc4 ./dir.0064/abi_g16_03.nc4 ./dir.0067/abi_g16_03.nc4 ./dir.0068/abi_g16_03.nc4 ./dir.0069/abi_g16_03.nc4 ./dir.0070/abi_g16_03.nc4 ./dir.0073/abi_g16_03.nc4 ./dir.0074/abi_g16_03.nc4 ./dir.0075/abi_g16_03.nc4 ./dir.0076/abi_g16_03.nc4 ./dir.0079/abi_g16_03.nc4 ./dir.0080/abi_g16_03.nc4 ./dir.0081/abi_g16_03.nc4 ./dir.0082/abi_g16_03.nc4 -type f -printf .
+ exglobal_diag.sh[153]count=20
+ exglobal_diag.sh[154][[ 20 -eq 0 ]]
+ exglobal_diag.sh[157]echo '/gpfs/f6/drsa-precip4/world-shared/role.glopara/RUNDIRS/C48mx500_3DVarAOWCDA_be51ea02-6363/gdas.2021032500/analdiag.2126922/diag.sh abi_g16 03 anl 20 .nc4'
+ exglobal_diag.sh[158]echo diag_abi_g16_anl.2021032500.nc4.gz
+ exglobal_diag.sh[159]numfile[n]=104
+ exglobal_diag.sh[152]for type in ${diagtype[n]}
++ exglobal_diag.sh[153]wc -c
++ exglobal_diag.sh[153]find ./dir.0037/abi_g17_03.nc4 ./dir.0038/abi_g17_03.nc4 ./dir.0039/abi_g17_03.nc4 ./dir.0043/abi_g17_03.nc4 ./dir.0044/abi_g17_03.nc4 ./dir.0045/abi_g17_03.nc4 ./dir.0046/abi_g17_03.nc4 ./dir.0049/abi_g17_03.nc4 ./dir.0050/abi_g17_03.nc4 ./dir.0051/abi_g17_03.nc4 ./dir.0052/abi_g17_03.nc4 ./dir.0055/abi_g17_03.nc4 ./dir.0056/abi_g17_03.nc4 ./dir.0057/abi_g17_03.nc4 ./dir.0058/abi_g17_03.nc4 ./dir.0061/abi_g17_03.nc4 ./dir.0062/abi_g17_03.nc4 ./dir.0063/abi_g17_03.nc4 ./dir.0064/abi_g17_03.nc4 ./dir.0068/abi_g17_03.nc4 ./dir.0069/abi_g17_03.nc4 -type f -printf .
+ exglobal_diag.sh[153]count=21
+ exglobal_diag.sh[154][[ 21 -eq 0 ]]
+ exglobal_diag.sh[157]echo '/gpfs/f6/drsa-precip4/world-shared/role.glopara/RUNDIRS/C48mx500_3DVarAOWCDA_be51ea02-6363/gdas.2021032500/analdiag.2126922/diag.sh abi_g17 03 anl 21 .nc4'
+ exglobal_diag.sh[158]echo diag_abi_g17_anl.2021032500.nc4.gz
+ exglobal_diag.sh[159]numfile[n]=105
+ exglobal_diag.sh[152]for type in ${diagtype[n]}
++ exglobal_diag.sh[153]wc -c
++ exglobal_diag.sh[153]find './dir.*/abi_g18_03*' -type f -printf .
find: â./dir.*/abi_g18_03*â: No such file or directory
++ exglobal_diag.sh[153]echo 0
+ exglobal_diag.sh[153]count='0
0'
+ exglobal_diag.sh[154][[ 0
0 -eq 0 ]]
/gpfs/f6/drsa-precip3/world-shared/global/CI/GITLAB/pr_cases_4328_be51ea02_6363/global-workflow/scripts/exglobal_diag.sh: line 154: [[: 0
0: syntax error in expression (error token is "0")
+ exglobal_diag.sh[157]echo '/gpfs/f6/drsa-precip4/world-shared/role.glopara/RUNDIRS/C48mx500_3DVarAOWCDA_be51ea02-6363/gdas.2021032500/analdiag.2126922/diag.sh abi_g18 03 anl 0
0 .nc4'
+ exglobal_diag.sh[158]echo diag_abi_g18_anl.2021032500.nc4.gz
+ exglobal_diag.sh[159]numfile[n]=106
+ exglobal_diag.sh[152]for type in ${diagtype[n]}
++ exglobal_diag.sh[153]wc -c
++ exglobal_diag.sh[153]find './dir.*/abi_g19_03*' -type f -printf .
find: â./dir.*/abi_g19_03*â: No such file or directory
++ exglobal_diag.sh[153]echo 0
+ exglobal_diag.sh[153]count='0
0'
+ exglobal_diag.sh[154][[ 0
0 -eq 0 ]]
/gpfs/f6/drsa-precip3/world-shared/global/CI/GITLAB/pr_cases_4328_be51ea02_6363/global-workflow/scripts/exglobal_diag.sh: line 154: [[: 0
0: syntax error in expression (error token is "0")
+ exglobal_diag.sh[157]echo '/gpfs/f6/drsa-precip4/world-shared/role.glopara/RUNDIRS/C48mx500_3DVarAOWCDA_be51ea02-6363/gdas.2021032500/analdiag.2126922/diag.sh abi_g19 03 anl 0
0 .nc4'
+ exglobal_diag.sh[158]echo diag_abi_g19_anl.2021032500.nc4.gz
+ exglobal_diag.sh[159]numfile[n]=107
+ exglobal_diag.sh[152]for type in ${diagtype[n]}
++ exglobal_diag.sh[153]wc -c
++ exglobal_diag.sh[153]find ./dir.0017/ahi_himawari8_03.nc4 ./dir.0022/ahi_himawari8_03.nc4 ./dir.0023/ahi_himawari8_03.nc4 ./dir.0024/ahi_himawari8_03.nc4 ./dir.0025/ahi_himawari8_03.nc4 ./dir.0026/ahi_himawari8_03.nc4 ./dir.0029/ahi_himawari8_03.nc4 ./dir.0030/ahi_himawari8_03.nc4 ./dir.0031/ahi_himawari8_03.nc4 ./dir.0032/ahi_himawari8_03.nc4 ./dir.0033/ahi_himawari8_03.nc4 ./dir.0036/ahi_himawari8_03.nc4 ./dir.0037/ahi_himawari8_03.nc4 ./dir.0038/ahi_himawari8_03.nc4 ./dir.0039/ahi_himawari8_03.nc4 ./dir.0040/ahi_himawari8_03.nc4 ./dir.0043/ahi_himawari8_03.nc4 ./dir.0044/ahi_himawari8_03.nc4 ./dir.0045/ahi_himawari8_03.nc4 ./dir.0046/ahi_himawari8_03.nc4 ./dir.0050/ahi_himawari8_03.nc4 ./dir.0051/ahi_himawari8_03.nc4 -type f -printf .
+ exglobal_diag.sh[153]count=22
+ exglobal_diag.sh[154][[ 22 -eq 0 ]]
+ exglobal_diag.sh[157]echo '/gpfs/f6/drsa-precip4/world-shared/role.glopara/RUNDIRS/C48mx500_3DVarAOWCDA_be51ea02-6363/gdas.2021032500/analdiag.2126922/diag.sh ahi_himawari8 03 anl 22 .nc4'
+ exglobal_diag.sh[158]echo diag_ahi_himawari8_anl.2021032500.nc4.gz
+ exglobal_diag.sh[159]numfile[n]=108
+ exglobal_diag.sh[152]for type in ${diagtype[n]}
++ exglobal_diag.sh[153]wc -c
++ exglobal_diag.sh[153]find './dir.*/ahi_himawari9_03*' -type f -printf .
find: â./dir.*/ahi_himawari9_03*â: No such file or directory
++ exglobal_diag.sh[153]echo 0
+ exglobal_diag.sh[153]count='0
0'
+ exglobal_diag.sh[154][[ 0
0 -eq 0 ]]
/gpfs/f6/drsa-precip3/world-shared/global/CI/GITLAB/pr_cases_4328_be51ea02_6363/global-workflow/scripts/exglobal_diag.sh: line 154: [[: 0
0: syntax error in expression (error token is "0")
+ exglobal_diag.sh[157]echo '/gpfs/f6/drsa-precip4/world-shared/role.glopara/RUNDIRS/C48mx500_3DVarAOWCDA_be51ea02-6363/gdas.2021032500/analdiag.2126922/diag.sh ahi_himawari9 03 anl 0
0 .nc4'
+ exglobal_diag.sh[158]echo diag_ahi_himawari9_anl.2021032500.nc4.gz
+ exglobal_diag.sh[159]numfile[n]=109
+ exglobal_diag.sh[152]for type in ${diagtype[n]}
++ exglobal_diag.sh[153]wc -c
++ exglobal_diag.sh[153]find './dir.*/airs_aqua_03*' -type f -printf .
find: â./dir.*/airs_aqua_03*â: No such file or directory
++ exglobal_diag.sh[153]echo 0
+ exglobal_diag.sh[153]count='0
0'
+ exglobal_diag.sh[154][[ 0
0 -eq 0 ]]
/gpfs/f6/drsa-precip3/world-shared/global/CI/GITLAB/pr_cases_4328_be51ea02_6363/global-workflow/scripts/exglobal_diag.sh: line 154: [[: 0
0: syntax error in expression (error token is "0")
+ exglobal_diag.sh[157]echo '/gpfs/f6/drsa-precip4/world-shared/role.glopara/RUNDIRS/C48mx500_3DVarAOWCDA_be51ea02-6363/gdas.2021032500/analdiag.2126922/diag.sh airs_aqua 03 anl 0
0 .nc4'
+ exglobal_diag.sh[158]echo diag_airs_aqua_anl.2021032500.nc4.gz
+ exglobal_diag.sh[159]numfile[n]=110
+ exglobal_diag.sh[152]for type in ${diagtype[n]}
++ exglobal_diag.sh[153]wc -c
++ exglobal_diag.sh[153]find './dir.*/amsre_aqua_03*' -type f -printf .
find: â./dir.*/amsre_aqua_03*â: No such file or directory
++ exglobal_diag.sh[153]echo 0
+ exglobal_diag.sh[153]count='0
0'
+ exglobal_diag.sh[154][[ 0
0 -eq 0 ]]
/gpfs/f6/drsa-precip3/world-shared/global/CI/GITLAB/pr_cases_4328_be51ea02_6363/global-workflow/scripts/exglobal_diag.sh: line 154: [[: 0
0: syntax error in expression (error token is "0")
+ exglobal_diag.sh[157]echo '/gpfs/f6/drsa-precip4/world-shared/role.glopara/RUNDIRS/C48mx500_3DVarAOWCDA_be51ea02-6363/gdas.2021032500/analdiag.2126922/diag.sh amsre_aqua 03 anl 0
0 .nc4'
+ exglobal_diag.sh[158]echo diag_amsre_aqua_anl.2021032500.nc4.gz
+ exglobal_diag.sh[159]numfile[n]=111
+ exglobal_diag.sh[152]for type in ${diagtype[n]}
++ exglobal_diag.sh[153]wc -c
++ exglobal_diag.sh[153]find './dir.*/amsr2_gcom-w1_03*' -type f -printf .
find: â./dir.*/amsr2_gcom-w1_03*â: No such file or directory
++ exglobal_diag.sh[153]echo 0
+ exglobal_diag.sh[153]count='0
0'
+ exglobal_diag.sh[154][[ 0
0 -eq 0 ]]
/gpfs/f6/drsa-precip3/world-shared/global/CI/GITLAB/pr_cases_4328_be51ea02_6363/global-workflow/scripts/exglobal_diag.sh: line 154: [[: 0
0: syntax error in expression (error token is "0")
+ exglobal_diag.sh[157]echo '/gpfs/f6/drsa-precip4/world-shared/role.glopara/RUNDIRS/C48mx500_3DVarAOWCDA_be51ea02-6363/gdas.2021032500/analdiag.2126922/diag.sh amsr2_gcom-w1 03 anl 0
0 .nc4'
+ exglobal_diag.sh[158]echo diag_amsr2_gcom-w1_anl.2021032500.nc4.gz
+ exglobal_diag.sh[159]numfile[n]=112
+ exglobal_diag.sh[152]for type in ${diagtype[n]}
++ exglobal_diag.sh[153]wc -c
++ exglobal_diag.sh[153]find './dir.*/amsua_aqua_03*' -type f -printf .
find: â./dir.*/amsua_aqua_03*â: No such file or directory
++ exglobal_diag.sh[153]echo 0
+ exglobal_diag.sh[153]count='0
0'
+ exglobal_diag.sh[154][[ 0
0 -eq 0 ]]
/gpfs/f6/drsa-precip3/world-shared/global/CI/GITLAB/pr_cases_4328_be51ea02_6363/global-workflow/scripts/exglobal_diag.sh: line 154: [[: 0
0: syntax error in expression (error token is "0")
+ exglobal_diag.sh[157]echo '/gpfs/f6/drsa-precip4/world-shared/role.glopara/RUNDIRS/C48mx500_3DVarAOWCDA_be51ea02-6363/gdas.2021032500/analdiag.2126922/diag.sh amsua_aqua 03 anl 0
0 .nc4'
+ exglobal_diag.sh[158]echo diag_amsua_aqua_anl.2021032500.nc4.gz
+ exglobal_diag.sh[159]numfile[n]=113
+ exglobal_diag.sh[152]for type in ${diagtype[n]}
++ exglobal_diag.sh[153]wc -c
++ exglobal_diag.sh[153]find ./dir.0000/amsua_metop-a_03.nc4 ./dir.0001/amsua_metop-a_03.nc4 ./dir.0007/amsua_metop-a_03.nc4 ./dir.0008/amsua_metop-a_03.nc4 ./dir.0014/amsua_metop-a_03.nc4 ./dir.0015/amsua_metop-a_03.nc4 ./dir.0016/amsua_metop-a_03.nc4 ./dir.0017/amsua_metop-a_03.nc4 ./dir.0021/amsua_metop-a_03.nc4 ./dir.0022/amsua_metop-a_03.nc4 ./dir.0023/amsua_metop-a_03.nc4 ./dir.0024/amsua_metop-a_03.nc4 ./dir.0025/amsua_metop-a_03.nc4 ./dir.0026/amsua_metop-a_03.nc4 ./dir.0027/amsua_metop-a_03.nc4 ./dir.0028/amsua_metop-a_03.nc4 ./dir.0029/amsua_metop-a_03.nc4 ./dir.0030/amsua_metop-a_03.nc4 ./dir.0031/amsua_metop-a_03.nc4 ./dir.0032/amsua_metop-a_03.nc4 ./dir.0033/amsua_metop-a_03.nc4 ./dir.0034/amsua_metop-a_03.nc4 ./dir.0035/amsua_metop-a_03.nc4 ./dir.0036/amsua_metop-a_03.nc4 ./dir.0037/amsua_metop-a_03.nc4 ./dir.0038/amsua_metop-a_03.nc4 ./dir.0039/amsua_metop-a_03.nc4 ./dir.0040/amsua_metop-a_03.nc4 ./dir.0041/amsua_metop-a_03.nc4 ./dir.0044/amsua_metop-a_03.nc4 ./dir.0045/amsua_metop-a_03.nc4 ./dir.0046/amsua_metop-a_03.nc4 ./dir.0047/amsua_metop-a_03.nc4 ./dir.0053/amsua_metop-a_03.nc4 ./dir.0058/amsua_metop-a_03.nc4 ./dir.0059/amsua_metop-a_03.nc4 ./dir.0060/amsua_metop-a_03.nc4 ./dir.0061/amsua_metop-a_03.nc4 ./dir.0062/amsua_metop-a_03.nc4 ./dir.0063/amsua_metop-a_03.nc4 ./dir.0064/amsua_metop-a_03.nc4 ./dir.0065/amsua_metop-a_03.nc4 ./dir.0066/amsua_metop-a_03.nc4 ./dir.0067/amsua_metop-a_03.nc4 ./dir.0068/amsua_metop-a_03.nc4 ./dir.0069/amsua_metop-a_03.nc4 ./dir.0070/amsua_metop-a_03.nc4 ./dir.0071/amsua_metop-a_03.nc4 ./dir.0072/amsua_metop-a_03.nc4 ./dir.0073/amsua_metop-a_03.nc4 ./dir.0074/amsua_metop-a_03.nc4 ./dir.0075/amsua_metop-a_03.nc4 ./dir.0076/amsua_metop-a_03.nc4 ./dir.0077/amsua_metop-a_03.nc4 ./dir.0078/amsua_metop-a_03.nc4 ./dir.0079/amsua_metop-a_03.nc4 ./dir.0080/amsua_metop-a_03.nc4 ./dir.0081/amsua_metop-a_03.nc4 -type f -printf .
+ exglobal_diag.sh[153]count=58
+ exglobal_diag.sh[154][[ 58 -eq 0 ]]
+ exglobal_diag.sh[157]echo '/gpfs/f6/drsa-precip4/world-shared/role.glopara/RUNDIRS/C48mx500_3DVarAOWCDA_be51ea02-6363/gdas.2021032500/analdiag.2126922/diag.sh amsua_metop-a 03 anl 58 .nc4'
+ exglobal_diag.sh[158]echo diag_amsua_metop-a_anl.2021032500.nc4.gz
+ exglobal_diag.sh[159]numfile[n]=114
+ exglobal_diag.sh[152]for type in ${diagtype[n]}
++ exglobal_diag.sh[153]wc -c
++ exglobal_diag.sh[153]find ./dir.0000/amsua_metop-b_03.nc4 ./dir.0001/amsua_metop-b_03.nc4 ./dir.0002/amsua_metop-b_03.nc4 ./dir.0003/amsua_metop-b_03.nc4 ./dir.0004/amsua_metop-b_03.nc4 ./dir.0007/amsua_metop-b_03.nc4 ./dir.0008/amsua_metop-b_03.nc4 ./dir.0014/amsua_metop-b_03.nc4 ./dir.0015/amsua_metop-b_03.nc4 ./dir.0021/amsua_metop-b_03.nc4 ./dir.0022/amsua_metop-b_03.nc4 ./dir.0023/amsua_metop-b_03.nc4 ./dir.0024/amsua_metop-b_03.nc4 ./dir.0025/amsua_metop-b_03.nc4 ./dir.0028/amsua_metop-b_03.nc4 ./dir.0029/amsua_metop-b_03.nc4 ./dir.0030/amsua_metop-b_03.nc4 ./dir.0031/amsua_metop-b_03.nc4 ./dir.0032/amsua_metop-b_03.nc4 ./dir.0033/amsua_metop-b_03.nc4 ./dir.0034/amsua_metop-b_03.nc4 ./dir.0035/amsua_metop-b_03.nc4 ./dir.0036/amsua_metop-b_03.nc4 ./dir.0037/amsua_metop-b_03.nc4 ./dir.0038/amsua_metop-b_03.nc4 ./dir.0039/amsua_metop-b_03.nc4 ./dir.0040/amsua_metop-b_03.nc4 ./dir.0041/amsua_metop-b_03.nc4 ./dir.0042/amsua_metop-b_03.nc4 ./dir.0043/amsua_metop-b_03.nc4 ./dir.0044/amsua_metop-b_03.nc4 ./dir.0045/amsua_metop-b_03.nc4 ./dir.0046/amsua_metop-b_03.nc4 ./dir.0047/amsua_metop-b_03.nc4 ./dir.0052/amsua_metop-b_03.nc4 ./dir.0053/amsua_metop-b_03.nc4 ./dir.0059/amsua_metop-b_03.nc4 ./dir.0061/amsua_metop-b_03.nc4 ./dir.0062/amsua_metop-b_03.nc4 ./dir.0063/amsua_metop-b_03.nc4 ./dir.0064/amsua_metop-b_03.nc4 ./dir.0065/amsua_metop-b_03.nc4 ./dir.0066/amsua_metop-b_03.nc4 ./dir.0067/amsua_metop-b_03.nc4 ./dir.0068/amsua_metop-b_03.nc4 ./dir.0069/amsua_metop-b_03.nc4 ./dir.0070/amsua_metop-b_03.nc4 ./dir.0071/amsua_metop-b_03.nc4 ./dir.0072/amsua_metop-b_03.nc4 ./dir.0073/amsua_metop-b_03.nc4 ./dir.0074/amsua_metop-b_03.nc4 ./dir.0075/amsua_metop-b_03.nc4 ./dir.0076/amsua_metop-b_03.nc4 ./dir.0077/amsua_metop-b_03.nc4 ./dir.0078/amsua_metop-b_03.nc4 ./dir.0079/amsua_metop-b_03.nc4 ./dir.0080/amsua_metop-b_03.nc4 ./dir.0081/amsua_metop-b_03.nc4 ./dir.0082/amsua_metop-b_03.nc4 ./dir.0083/amsua_metop-b_03.nc4 -type f -printf .
+ exglobal_diag.sh[153]count=60
+ exglobal_diag.sh[154][[ 60 -eq 0 ]]
+ exglobal_diag.sh[157]echo '/gpfs/f6/drsa-precip4/world-shared/role.glopara/RUNDIRS/C48mx500_3DVarAOWCDA_be51ea02-6363/gdas.2021032500/analdiag.2126922/diag.sh amsua_metop-b 03 anl 60 .nc4'
+ exglobal_diag.sh[158]echo diag_amsua_metop-b_anl.2021032500.nc4.gz
+ exglobal_diag.sh[159]numfile[n]=115
+ exglobal_diag.sh[152]for type in ${diagtype[n]}
++ exglobal_diag.sh[153]wc -c
++ exglobal_diag.sh[153]find ./dir.0000/amsua_metop-c_03.nc4 ./dir.0001/amsua_metop-c_03.nc4 ./dir.0002/amsua_metop-c_03.nc4 ./dir.0004/amsua_metop-c_03.nc4 ./dir.0005/amsua_metop-c_03.nc4 ./dir.0006/amsua_metop-c_03.nc4 ./dir.0007/amsua_metop-c_03.nc4 ./dir.0008/amsua_metop-c_03.nc4 ./dir.0014/amsua_metop-c_03.nc4 ./dir.0015/amsua_metop-c_03.nc4 ./dir.0016/amsua_metop-c_03.nc4 ./dir.0021/amsua_metop-c_03.nc4 ./dir.0022/amsua_metop-c_03.nc4 ./dir.0023/amsua_metop-c_03.nc4 ./dir.0024/amsua_metop-c_03.nc4 ./dir.0025/amsua_metop-c_03.nc4 ./dir.0026/amsua_metop-c_03.nc4 ./dir.0027/amsua_metop-c_03.nc4 ./dir.0028/amsua_metop-c_03.nc4 ./dir.0029/amsua_metop-c_03.nc4 ./dir.0030/amsua_metop-c_03.nc4 ./dir.0031/amsua_metop-c_03.nc4 ./dir.0032/amsua_metop-c_03.nc4 ./dir.0033/amsua_metop-c_03.nc4 ./dir.0034/amsua_metop-c_03.nc4 ./dir.0035/amsua_metop-c_03.nc4 ./dir.0036/amsua_metop-c_03.nc4 ./dir.0037/amsua_metop-c_03.nc4 ./dir.0038/amsua_metop-c_03.nc4 ./dir.0039/amsua_metop-c_03.nc4 ./dir.0040/amsua_metop-c_03.nc4 ./dir.0041/amsua_metop-c_03.nc4 ./dir.0042/amsua_metop-c_03.nc4 ./dir.0043/amsua_metop-c_03.nc4 ./dir.0044/amsua_metop-c_03.nc4 ./dir.0045/amsua_metop-c_03.nc4 ./dir.0046/amsua_metop-c_03.nc4 ./dir.0047/amsua_metop-c_03.nc4 ./dir.0052/amsua_metop-c_03.nc4 ./dir.0053/amsua_metop-c_03.nc4 ./dir.0059/amsua_metop-c_03.nc4 ./dir.0063/amsua_metop-c_03.nc4 ./dir.0064/amsua_metop-c_03.nc4 ./dir.0065/amsua_metop-c_03.nc4 ./dir.0066/amsua_metop-c_03.nc4 ./dir.0067/amsua_metop-c_03.nc4 ./dir.0068/amsua_metop-c_03.nc4 ./dir.0069/amsua_metop-c_03.nc4 ./dir.0070/amsua_metop-c_03.nc4 ./dir.0071/amsua_metop-c_03.nc4 ./dir.0072/amsua_metop-c_03.nc4 ./dir.0073/amsua_metop-c_03.nc4 ./dir.0074/amsua_metop-c_03.nc4 ./dir.0075/amsua_metop-c_03.nc4 ./dir.0076/amsua_metop-c_03.nc4 ./dir.0077/amsua_metop-c_03.nc4 ./dir.0078/amsua_metop-c_03.nc4 ./dir.0079/amsua_metop-c_03.nc4 ./dir.0080/amsua_metop-c_03.nc4 ./dir.0081/amsua_metop-c_03.nc4 ./dir.0082/amsua_metop-c_03.nc4 ./dir.0083/amsua_metop-c_03.nc4 -type f -printf .
+ exglobal_diag.sh[153]count=62
+ exglobal_diag.sh[154][[ 62 -eq 0 ]]
+ exglobal_diag.sh[157]echo '/gpfs/f6/drsa-precip4/world-shared/role.glopara/RUNDIRS/C48mx500_3DVarAOWCDA_be51ea02-6363/gdas.2021032500/analdiag.2126922/diag.sh amsua_metop-c 03 anl 62 .nc4'
+ exglobal_diag.sh[158]echo diag_amsua_metop-c_anl.2021032500.nc4.gz
+ exglobal_diag.sh[159]numfile[n]=116
+ exglobal_diag.sh[152]for type in ${diagtype[n]}
++ exglobal_diag.sh[153]wc -c
++ exglobal_diag.sh[153]find ./dir.0000/amsua_n15_03.nc4 ./dir.0001/amsua_n15_03.nc4 ./dir.0007/amsua_n15_03.nc4 ./dir.0008/amsua_n15_03.nc4 ./dir.0014/amsua_n15_03.nc4 ./dir.0015/amsua_n15_03.nc4 ./dir.0016/amsua_n15_03.nc4 ./dir.0017/amsua_n15_03.nc4 ./dir.0021/amsua_n15_03.nc4 ./dir.0022/amsua_n15_03.nc4 ./dir.0023/amsua_n15_03.nc4 ./dir.0024/amsua_n15_03.nc4 ./dir.0025/amsua_n15_03.nc4 ./dir.0026/amsua_n15_03.nc4 ./dir.0027/amsua_n15_03.nc4 ./dir.0028/amsua_n15_03.nc4 ./dir.0029/amsua_n15_03.nc4 ./dir.0030/amsua_n15_03.nc4 ./dir.0031/amsua_n15_03.nc4 ./dir.0032/amsua_n15_03.nc4 ./dir.0033/amsua_n15_03.nc4 ./dir.0034/amsua_n15_03.nc4 ./dir.0037/amsua_n15_03.nc4 ./dir.0038/amsua_n15_03.nc4 ./dir.0039/amsua_n15_03.nc4 ./dir.0040/amsua_n15_03.nc4 ./dir.0041/amsua_n15_03.nc4 ./dir.0046/amsua_n15_03.nc4 ./dir.0047/amsua_n15_03.nc4 ./dir.0053/amsua_n15_03.nc4 ./dir.0056/amsua_n15_03.nc4 ./dir.0057/amsua_n15_03.nc4 ./dir.0058/amsua_n15_03.nc4 ./dir.0059/amsua_n15_03.nc4 ./dir.0060/amsua_n15_03.nc4 ./dir.0061/amsua_n15_03.nc4 ./dir.0062/amsua_n15_03.nc4 ./dir.0063/amsua_n15_03.nc4 ./dir.0064/amsua_n15_03.nc4 ./dir.0065/amsua_n15_03.nc4 ./dir.0066/amsua_n15_03.nc4 ./dir.0067/amsua_n15_03.nc4 ./dir.0068/amsua_n15_03.nc4 ./dir.0069/amsua_n15_03.nc4 ./dir.0070/amsua_n15_03.nc4 ./dir.0071/amsua_n15_03.nc4 ./dir.0072/amsua_n15_03.nc4 ./dir.0073/amsua_n15_03.nc4 ./dir.0074/amsua_n15_03.nc4 ./dir.0075/amsua_n15_03.nc4 ./dir.0076/amsua_n15_03.nc4 ./dir.0077/amsua_n15_03.nc4 ./dir.0078/amsua_n15_03.nc4 ./dir.0079/amsua_n15_03.nc4 ./dir.0080/amsua_n15_03.nc4 ./dir.0081/amsua_n15_03.nc4 -type f -printf .
+ exglobal_diag.sh[153]count=56
+ exglobal_diag.sh[154][[ 56 -eq 0 ]]
+ exglobal_diag.sh[157]echo '/gpfs/f6/drsa-precip4/world-shared/role.glopara/RUNDIRS/C48mx500_3DVarAOWCDA_be51ea02-6363/gdas.2021032500/analdiag.2126922/diag.sh amsua_n15 03 anl 56 .nc4'
+ exglobal_diag.sh[158]echo diag_amsua_n15_anl.2021032500.nc4.gz
+ exglobal_diag.sh[159]numfile[n]=117
+ exglobal_diag.sh[152]for type in ${diagtype[n]}
++ exglobal_diag.sh[153]wc -c
++ exglobal_diag.sh[153]find './dir.*/amsua_n16_03*' -type f -printf .
find: â./dir.*/amsua_n16_03*â: No such file or directory
++ exglobal_diag.sh[153]echo 0
+ exglobal_diag.sh[153]count='0
0'
+ exglobal_diag.sh[154][[ 0
0 -eq 0 ]]
/gpfs/f6/drsa-precip3/world-shared/global/CI/GITLAB/pr_cases_4328_be51ea02_6363/global-workflow/scripts/exglobal_diag.sh: line 154: [[: 0
0: syntax error in expression (error token is "0")
+ exglobal_diag.sh[157]echo '/gpfs/f6/drsa-precip4/world-shared/role.glopara/RUNDIRS/C48mx500_3DVarAOWCDA_be51ea02-6363/gdas.2021032500/analdiag.2126922/diag.sh amsua_n16 03 anl 0
0 .nc4'
+ exglobal_diag.sh[158]echo diag_amsua_n16_anl.2021032500.nc4.gz
+ exglobal_diag.sh[159]numfile[n]=118
+ exglobal_diag.sh[152]for type in ${diagtype[n]}
++ exglobal_diag.sh[153]wc -c
++ exglobal_diag.sh[153]find './dir.*/amsua_n17_03*' -type f -printf .
find: â./dir.*/amsua_n17_03*â: No such file or directory
++ exglobal_diag.sh[153]echo 0
+ exglobal_diag.sh[153]count='0
0'
+ exglobal_diag.sh[154][[ 0
0 -eq 0 ]]
/gpfs/f6/drsa-precip3/world-shared/global/CI/GITLAB/pr_cases_4328_be51ea02_6363/global-workflow/scripts/exglobal_diag.sh: line 154: [[: 0
0: syntax error in expression (error token is "0")
+ exglobal_diag.sh[157]echo '/gpfs/f6/drsa-precip4/world-shared/role.glopara/RUNDIRS/C48mx500_3DVarAOWCDA_be51ea02-6363/gdas.2021032500/analdiag.2126922/diag.sh amsua_n17 03 anl 0
0 .nc4'
+ exglobal_diag.sh[158]echo diag_amsua_n17_anl.2021032500.nc4.gz
+ exglobal_diag.sh[159]numfile[n]=119
+ exglobal_diag.sh[152]for type in ${diagtype[n]}
++ exglobal_diag.sh[153]wc -c
++ exglobal_diag.sh[153]find ./dir.0000/amsua_n18_03.nc4 ./dir.0001/amsua_n18_03.nc4 ./dir.0002/amsua_n18_03.nc4 ./dir.0003/amsua_n18_03.nc4 ./dir.0004/amsua_n18_03.nc4 ./dir.0005/amsua_n18_03.nc4 ./dir.0006/amsua_n18_03.nc4 ./dir.0007/amsua_n18_03.nc4 ./dir.0008/amsua_n18_03.nc4 ./dir.0014/amsua_n18_03.nc4 ./dir.0015/amsua_n18_03.nc4 ./dir.0021/amsua_n18_03.nc4 ./dir.0022/amsua_n18_03.nc4 ./dir.0023/amsua_n18_03.nc4 ./dir.0024/amsua_n18_03.nc4 ./dir.0025/amsua_n18_03.nc4 ./dir.0026/amsua_n18_03.nc4 ./dir.0027/amsua_n18_03.nc4 ./dir.0028/amsua_n18_03.nc4 ./dir.0029/amsua_n18_03.nc4 ./dir.0030/amsua_n18_03.nc4 ./dir.0031/amsua_n18_03.nc4 ./dir.0032/amsua_n18_03.nc4 ./dir.0033/amsua_n18_03.nc4 ./dir.0034/amsua_n18_03.nc4 ./dir.0035/amsua_n18_03.nc4 ./dir.0036/amsua_n18_03.nc4 ./dir.0037/amsua_n18_03.nc4 ./dir.0038/amsua_n18_03.nc4 ./dir.0039/amsua_n18_03.nc4 ./dir.0040/amsua_n18_03.nc4 ./dir.0041/amsua_n18_03.nc4 ./dir.0042/amsua_n18_03.nc4 ./dir.0043/amsua_n18_03.nc4 ./dir.0044/amsua_n18_03.nc4 ./dir.0045/amsua_n18_03.nc4 ./dir.0046/amsua_n18_03.nc4 ./dir.0047/amsua_n18_03.nc4 ./dir.0052/amsua_n18_03.nc4 ./dir.0053/amsua_n18_03.nc4 ./dir.0059/amsua_n18_03.nc4 ./dir.0063/amsua_n18_03.nc4 ./dir.0064/amsua_n18_03.nc4 ./dir.0065/amsua_n18_03.nc4 ./dir.0066/amsua_n18_03.nc4 ./dir.0067/amsua_n18_03.nc4 ./dir.0068/amsua_n18_03.nc4 ./dir.0069/amsua_n18_03.nc4 ./dir.0070/amsua_n18_03.nc4 ./dir.0071/amsua_n18_03.nc4 ./dir.0072/amsua_n18_03.nc4 ./dir.0073/amsua_n18_03.nc4 ./dir.0074/amsua_n18_03.nc4 ./dir.0075/amsua_n18_03.nc4 ./dir.0076/amsua_n18_03.nc4 ./dir.0077/amsua_n18_03.nc4 ./dir.0078/amsua_n18_03.nc4 ./dir.0079/amsua_n18_03.nc4 ./dir.0080/amsua_n18_03.nc4 ./dir.0081/amsua_n18_03.nc4 ./dir.0082/amsua_n18_03.nc4 ./dir.0083/amsua_n18_03.nc4 -type f -printf .
+ exglobal_diag.sh[153]count=62
+ exglobal_diag.sh[154][[ 62 -eq 0 ]]
+ exglobal_diag.sh[157]echo '/gpfs/f6/drsa-precip4/world-shared/role.glopara/RUNDIRS/C48mx500_3DVarAOWCDA_be51ea02-6363/gdas.2021032500/analdiag.2126922/diag.sh amsua_n18 03 anl 62 .nc4'
+ exglobal_diag.sh[158]echo diag_amsua_n18_anl.2021032500.nc4.gz
+ exglobal_diag.sh[159]numfile[n]=120
+ exglobal_diag.sh[152]for type in ${diagtype[n]}
++ exglobal_diag.sh[153]wc -c
++ exglobal_diag.sh[153]find ./dir.0000/amsua_n19_03.nc4 ./dir.0001/amsua_n19_03.nc4 ./dir.0007/amsua_n19_03.nc4 ./dir.0008/amsua_n19_03.nc4 ./dir.0009/amsua_n19_03.nc4 ./dir.0014/amsua_n19_03.nc4 ./dir.0015/amsua_n19_03.nc4 ./dir.0016/amsua_n19_03.nc4 ./dir.0017/amsua_n19_03.nc4 ./dir.0018/amsua_n19_03.nc4 ./dir.0019/amsua_n19_03.nc4 ./dir.0020/amsua_n19_03.nc4 ./dir.0021/amsua_n19_03.nc4 ./dir.0022/amsua_n19_03.nc4 ./dir.0023/amsua_n19_03.nc4 ./dir.0024/amsua_n19_03.nc4 ./dir.0025/amsua_n19_03.nc4 ./dir.0026/amsua_n19_03.nc4 ./dir.0027/amsua_n19_03.nc4 ./dir.0028/amsua_n19_03.nc4 ./dir.0029/amsua_n19_03.nc4 ./dir.0030/amsua_n19_03.nc4 ./dir.0031/amsua_n19_03.nc4 ./dir.0032/amsua_n19_03.nc4 ./dir.0033/amsua_n19_03.nc4 ./dir.0034/amsua_n19_03.nc4 ./dir.0035/amsua_n19_03.nc4 ./dir.0036/amsua_n19_03.nc4 ./dir.0039/amsua_n19_03.nc4 ./dir.0040/amsua_n19_03.nc4 ./dir.0041/amsua_n19_03.nc4 ./dir.0047/amsua_n19_03.nc4 ./dir.0051/amsua_n19_03.nc4 ./dir.0052/amsua_n19_03.nc4 ./dir.0053/amsua_n19_03.nc4 ./dir.0054/amsua_n19_03.nc4 ./dir.0055/amsua_n19_03.nc4 ./dir.0056/amsua_n19_03.nc4 ./dir.0057/amsua_n19_03.nc4 ./dir.0058/amsua_n19_03.nc4 ./dir.0059/amsua_n19_03.nc4 ./dir.0060/amsua_n19_03.nc4 ./dir.0061/amsua_n19_03.nc4 ./dir.0062/amsua_n19_03.nc4 ./dir.0063/amsua_n19_03.nc4 ./dir.0064/amsua_n19_03.nc4 ./dir.0065/amsua_n19_03.nc4 ./dir.0066/amsua_n19_03.nc4 ./dir.0067/amsua_n19_03.nc4 ./dir.0068/amsua_n19_03.nc4 ./dir.0069/amsua_n19_03.nc4 ./dir.0070/amsua_n19_03.nc4 ./dir.0071/amsua_n19_03.nc4 ./dir.0072/amsua_n19_03.nc4 ./dir.0073/amsua_n19_03.nc4 ./dir.0074/amsua_n19_03.nc4 ./dir.0075/amsua_n19_03.nc4 ./dir.0076/amsua_n19_03.nc4 ./dir.0077/amsua_n19_03.nc4 ./dir.0078/amsua_n19_03.nc4 ./dir.0079/amsua_n19_03.nc4 -type f -printf .
+ exglobal_diag.sh[153]count=61
+ exglobal_diag.sh[154][[ 61 -eq 0 ]]
+ exglobal_diag.sh[157]echo '/gpfs/f6/drsa-precip4/world-shared/role.glopara/RUNDIRS/C48mx500_3DVarAOWCDA_be51ea02-6363/gdas.2021032500/analdiag.2126922/diag.sh amsua_n19 03 anl 61 .nc4'
+ exglobal_diag.sh[158]echo diag_amsua_n19_anl.2021032500.nc4.gz
+ exglobal_diag.sh[159]numfile[n]=121
+ exglobal_diag.sh[152]for type in ${diagtype[n]}
++ exglobal_diag.sh[153]wc -c
++ exglobal_diag.sh[153]find './dir.*/amsub_n15_03*' -type f -printf .
find: â./dir.*/amsub_n15_03*â: No such file or directory
++ exglobal_diag.sh[153]echo 0
+ exglobal_diag.sh[153]count='0
0'
+ exglobal_diag.sh[154][[ 0
0 -eq 0 ]]
/gpfs/f6/drsa-precip3/world-shared/global/CI/GITLAB/pr_cases_4328_be51ea02_6363/global-workflow/scripts/exglobal_diag.sh: line 154: [[: 0
0: syntax error in expression (error token is "0")
+ exglobal_diag.sh[157]echo '/gpfs/f6/drsa-precip4/world-shared/role.glopara/RUNDIRS/C48mx500_3DVarAOWCDA_be51ea02-6363/gdas.2021032500/analdiag.2126922/diag.sh amsub_n15 03 anl 0
0 .nc4'
+ exglobal_diag.sh[158]echo diag_amsub_n15_anl.2021032500.nc4.gz
+ exglobal_diag.sh[159]numfile[n]=122
+ exglobal_diag.sh[152]for type in ${diagtype[n]}
++ exglobal_diag.sh[153]wc -c
++ exglobal_diag.sh[153]find './dir.*/amsub_n16_03*' -type f -printf .
find: â./dir.*/amsub_n16_03*â: No such file or directory
++ exglobal_diag.sh[153]echo 0
+ exglobal_diag.sh[153]count='0
0'
+ exglobal_diag.sh[154][[ 0
0 -eq 0 ]]
/gpfs/f6/drsa-precip3/world-shared/global/CI/GITLAB/pr_cases_4328_be51ea02_6363/global-workflow/scripts/exglobal_diag.sh: line 154: [[: 0
0: syntax error in expression (error token is "0")
+ exglobal_diag.sh[157]echo '/gpfs/f6/drsa-precip4/world-shared/role.glopara/RUNDIRS/C48mx500_3DVarAOWCDA_be51ea02-6363/gdas.2021032500/analdiag.2126922/diag.sh amsub_n16 03 anl 0
0 .nc4'
+ exglobal_diag.sh[158]echo diag_amsub_n16_anl.2021032500.nc4.gz
+ exglobal_diag.sh[159]numfile[n]=123
+ exglobal_diag.sh[152]for type in ${diagtype[n]}
++ exglobal_diag.sh[153]wc -c
++ exglobal_diag.sh[153]find './dir.*/amsub_n17_03*' -type f -printf .
find: â./dir.*/amsub_n17_03*â: No such file or directory
++ exglobal_diag.sh[153]echo 0
+ exglobal_diag.sh[153]count='0
0'
+ exglobal_diag.sh[154][[ 0
0 -eq 0 ]]
/gpfs/f6/drsa-precip3/world-shared/global/CI/GITLAB/pr_cases_4328_be51ea02_6363/global-workflow/scripts/exglobal_diag.sh: line 154: [[: 0
0: syntax error in expression (error token is "0")
+ exglobal_diag.sh[157]echo '/gpfs/f6/drsa-precip4/world-shared/role.glopara/RUNDIRS/C48mx500_3DVarAOWCDA_be51ea02-6363/gdas.2021032500/analdiag.2126922/diag.sh amsub_n17 03 anl 0
0 .nc4'
+ exglobal_diag.sh[158]echo diag_amsub_n17_anl.2021032500.nc4.gz
+ exglobal_diag.sh[159]numfile[n]=124
+ exglobal_diag.sh[152]for type in ${diagtype[n]}
++ exglobal_diag.sh[153]wc -c
++ exglobal_diag.sh[153]find ./dir.0000/atms_npp_03.nc4 ./dir.0001/atms_npp_03.nc4 ./dir.0002/atms_npp_03.nc4 ./dir.0003/atms_npp_03.nc4 ./dir.0004/atms_npp_03.nc4 ./dir.0005/atms_npp_03.nc4 ./dir.0006/atms_npp_03.nc4 ./dir.0007/atms_npp_03.nc4 ./dir.0008/atms_npp_03.nc4 ./dir.0009/atms_npp_03.nc4 ./dir.0010/atms_npp_03.nc4 ./dir.0011/atms_npp_03.nc4 ./dir.0012/atms_npp_03.nc4 ./dir.0013/atms_npp_03.nc4 ./dir.0014/atms_npp_03.nc4 ./dir.0015/atms_npp_03.nc4 ./dir.0016/atms_npp_03.nc4 ./dir.0017/atms_npp_03.nc4 ./dir.0018/atms_npp_03.nc4 ./dir.0019/atms_npp_03.nc4 ./dir.0020/atms_npp_03.nc4 ./dir.0025/atms_npp_03.nc4 ./dir.0026/atms_npp_03.nc4 ./dir.0027/atms_npp_03.nc4 ./dir.0033/atms_npp_03.nc4 ./dir.0034/atms_npp_03.nc4 ./dir.0035/atms_npp_03.nc4 ./dir.0036/atms_npp_03.nc4 ./dir.0037/atms_npp_03.nc4 ./dir.0038/atms_npp_03.nc4 ./dir.0039/atms_npp_03.nc4 ./dir.0040/atms_npp_03.nc4 ./dir.0041/atms_npp_03.nc4 ./dir.0042/atms_npp_03.nc4 ./dir.0043/atms_npp_03.nc4 ./dir.0044/atms_npp_03.nc4 ./dir.0045/atms_npp_03.nc4 ./dir.0046/atms_npp_03.nc4 ./dir.0047/atms_npp_03.nc4 ./dir.0048/atms_npp_03.nc4 ./dir.0049/atms_npp_03.nc4 ./dir.0050/atms_npp_03.nc4 ./dir.0051/atms_npp_03.nc4 ./dir.0052/atms_npp_03.nc4 ./dir.0053/atms_npp_03.nc4 ./dir.0054/atms_npp_03.nc4 ./dir.0055/atms_npp_03.nc4 ./dir.0056/atms_npp_03.nc4 ./dir.0057/atms_npp_03.nc4 ./dir.0058/atms_npp_03.nc4 ./dir.0059/atms_npp_03.nc4 ./dir.0060/atms_npp_03.nc4 ./dir.0061/atms_npp_03.nc4 ./dir.0066/atms_npp_03.nc4 ./dir.0072/atms_npp_03.nc4 ./dir.0073/atms_npp_03.nc4 ./dir.0074/atms_npp_03.nc4 ./dir.0078/atms_npp_03.nc4 ./dir.0079/atms_npp_03.nc4 ./dir.0080/atms_npp_03.nc4 ./dir.0081/atms_npp_03.nc4 ./dir.0082/atms_npp_03.nc4 ./dir.0083/atms_npp_03.nc4 -type f -printf .
+ exglobal_diag.sh[153]count=63
+ exglobal_diag.sh[154][[ 63 -eq 0 ]]
+ exglobal_diag.sh[157]echo '/gpfs/f6/drsa-precip4/world-shared/role.glopara/RUNDIRS/C48mx500_3DVarAOWCDA_be51ea02-6363/gdas.2021032500/analdiag.2126922/diag.sh atms_npp 03 anl 63 .nc4'
+ exglobal_diag.sh[158]echo diag_atms_npp_anl.2021032500.nc4.gz
+ exglobal_diag.sh[159]numfile[n]=125
+ exglobal_diag.sh[152]for type in ${diagtype[n]}
++ exglobal_diag.sh[153]wc -c
++ exglobal_diag.sh[153]find ./dir.0000/atms_n20_03.nc4 ./dir.0001/atms_n20_03.nc4 ./dir.0002/atms_n20_03.nc4 ./dir.0003/atms_n20_03.nc4 ./dir.0004/atms_n20_03.nc4 ./dir.0005/atms_n20_03.nc4 ./dir.0006/atms_n20_03.nc4 ./dir.0007/atms_n20_03.nc4 ./dir.0008/atms_n20_03.nc4 ./dir.0009/atms_n20_03.nc4 ./dir.0010/atms_n20_03.nc4 ./dir.0011/atms_n20_03.nc4 ./dir.0012/atms_n20_03.nc4 ./dir.0013/atms_n20_03.nc4 ./dir.0016/atms_n20_03.nc4 ./dir.0017/atms_n20_03.nc4 ./dir.0018/atms_n20_03.nc4 ./dir.0019/atms_n20_03.nc4 ./dir.0020/atms_n20_03.nc4 ./dir.0026/atms_n20_03.nc4 ./dir.0027/atms_n20_03.nc4 ./dir.0033/atms_n20_03.nc4 ./dir.0034/atms_n20_03.nc4 ./dir.0036/atms_n20_03.nc4 ./dir.0037/atms_n20_03.nc4 ./dir.0038/atms_n20_03.nc4 ./dir.0039/atms_n20_03.nc4 ./dir.0040/atms_n20_03.nc4 ./dir.0041/atms_n20_03.nc4 ./dir.0042/atms_n20_03.nc4 ./dir.0043/atms_n20_03.nc4 ./dir.0044/atms_n20_03.nc4 ./dir.0045/atms_n20_03.nc4 ./dir.0046/atms_n20_03.nc4 ./dir.0047/atms_n20_03.nc4 ./dir.0048/atms_n20_03.nc4 ./dir.0049/atms_n20_03.nc4 ./dir.0050/atms_n20_03.nc4 ./dir.0051/atms_n20_03.nc4 ./dir.0052/atms_n20_03.nc4 ./dir.0053/atms_n20_03.nc4 ./dir.0054/atms_n20_03.nc4 ./dir.0055/atms_n20_03.nc4 ./dir.0056/atms_n20_03.nc4 ./dir.0057/atms_n20_03.nc4 ./dir.0058/atms_n20_03.nc4 ./dir.0059/atms_n20_03.nc4 ./dir.0060/atms_n20_03.nc4 ./dir.0061/atms_n20_03.nc4 ./dir.0062/atms_n20_03.nc4 ./dir.0066/atms_n20_03.nc4 ./dir.0072/atms_n20_03.nc4 ./dir.0073/atms_n20_03.nc4 ./dir.0075/atms_n20_03.nc4 ./dir.0076/atms_n20_03.nc4 ./dir.0078/atms_n20_03.nc4 ./dir.0079/atms_n20_03.nc4 ./dir.0080/atms_n20_03.nc4 ./dir.0081/atms_n20_03.nc4 ./dir.0082/atms_n20_03.nc4 ./dir.0083/atms_n20_03.nc4 -type f -printf .
+ exglobal_diag.sh[153]count=61
+ exglobal_diag.sh[154][[ 61 -eq 0 ]]
+ exglobal_diag.sh[157]echo '/gpfs/f6/drsa-precip4/world-shared/role.glopara/RUNDIRS/C48mx500_3DVarAOWCDA_be51ea02-6363/gdas.2021032500/analdiag.2126922/diag.sh atms_n20 03 anl 61 .nc4'
+ exglobal_diag.sh[158]echo diag_atms_n20_anl.2021032500.nc4.gz
+ exglobal_diag.sh[159]numfile[n]=126
+ exglobal_diag.sh[152]for type in ${diagtype[n]}
++ exglobal_diag.sh[153]wc -c
++ exglobal_diag.sh[153]find './dir.*/atms_n21_03*' -type f -printf .
find: â./dir.*/atms_n21_03*â: No such file or directory
++ exglobal_diag.sh[153]echo 0
+ exglobal_diag.sh[153]count='0
0'
+ exglobal_diag.sh[154][[ 0
0 -eq 0 ]]
/gpfs/f6/drsa-precip3/world-shared/global/CI/GITLAB/pr_cases_4328_be51ea02_6363/global-workflow/scripts/exglobal_diag.sh: line 154: [[: 0
0: syntax error in expression (error token is "0")
+ exglobal_diag.sh[157]echo '/gpfs/f6/drsa-precip4/world-shared/role.glopara/RUNDIRS/C48mx500_3DVarAOWCDA_be51ea02-6363/gdas.2021032500/analdiag.2126922/diag.sh atms_n21 03 anl 0
0 .nc4'
+ exglobal_diag.sh[158]echo diag_atms_n21_anl.2021032500.nc4.gz
+ exglobal_diag.sh[159]numfile[n]=127
+ exglobal_diag.sh[152]for type in ${diagtype[n]}
++ exglobal_diag.sh[153]wc -c
++ exglobal_diag.sh[153]find './dir.*/avhrr2_n14_03*' -type f -printf .
find: â./dir.*/avhrr2_n14_03*â: No such file or directory
++ exglobal_diag.sh[153]echo 0
+ exglobal_diag.sh[153]count='0
0'
+ exglobal_diag.sh[154][[ 0
0 -eq 0 ]]
/gpfs/f6/drsa-precip3/world-shared/global/CI/GITLAB/pr_cases_4328_be51ea02_6363/global-workflow/scripts/exglobal_diag.sh: line 154: [[: 0
0: syntax error in expression (error token is "0")
+ exglobal_diag.sh[157]echo '/gpfs/f6/drsa-precip4/world-shared/role.glopara/RUNDIRS/C48mx500_3DVarAOWCDA_be51ea02-6363/gdas.2021032500/analdiag.2126922/diag.sh avhrr2_n14 03 anl 0
0 .nc4'
+ exglobal_diag.sh[158]echo diag_avhrr2_n14_anl.2021032500.nc4.gz
+ exglobal_diag.sh[159]numfile[n]=128
+ exglobal_diag.sh[152]for type in ${diagtype[n]}
++ exglobal_diag.sh[153]wc -c
++ exglobal_diag.sh[153]find './dir.*/avhrr3_metop-a_03*' -type f -printf .
find: â./dir.*/avhrr3_metop-a_03*â: No such file or directory
++ exglobal_diag.sh[153]echo 0
+ exglobal_diag.sh[153]count='0
0'
+ exglobal_diag.sh[154][[ 0
0 -eq 0 ]]
/gpfs/f6/drsa-precip3/world-shared/global/CI/GITLAB/pr_cases_4328_be51ea02_6363/global-workflow/scripts/exglobal_diag.sh: line 154: [[: 0
0: syntax error in expression (error token is "0")
+ exglobal_diag.sh[157]echo '/gpfs/f6/drsa-precip4/world-shared/role.glopara/RUNDIRS/C48mx500_3DVarAOWCDA_be51ea02-6363/gdas.2021032500/analdiag.2126922/diag.sh avhrr3_metop-a 03 anl 0
0 .nc4'
+ exglobal_diag.sh[158]echo diag_avhrr3_metop-a_anl.2021032500.nc4.gz
+ exglobal_diag.sh[159]numfile[n]=129
+ exglobal_diag.sh[152]for type in ${diagtype[n]}
++ exglobal_diag.sh[153]wc -c
++ exglobal_diag.sh[153]find './dir.*/avhrr3_metop-b_03*' -type f -printf .
find: â./dir.*/avhrr3_metop-b_03*â: No such file or directory
++ exglobal_diag.sh[153]echo 0
+ exglobal_diag.sh[153]count='0
0'
+ exglobal_diag.sh[154][[ 0
0 -eq 0 ]]
/gpfs/f6/drsa-precip3/world-shared/global/CI/GITLAB/pr_cases_4328_be51ea02_6363/global-workflow/scripts/exglobal_diag.sh: line 154: [[: 0
0: syntax error in expression (error token is "0")
+ exglobal_diag.sh[157]echo '/gpfs/f6/drsa-precip4/world-shared/role.glopara/RUNDIRS/C48mx500_3DVarAOWCDA_be51ea02-6363/gdas.2021032500/analdiag.2126922/diag.sh avhrr3_metop-b 03 anl 0
0 .nc4'
+ exglobal_diag.sh[158]echo diag_avhrr3_metop-b_anl.2021032500.nc4.gz
+ exglobal_diag.sh[159]numfile[n]=130
+ exglobal_diag.sh[152]for type in ${diagtype[n]}
++ exglobal_diag.sh[153]wc -c
++ exglobal_diag.sh[153]find './dir.*/avhrr3_metop-c_03*' -type f -printf .
find: â./dir.*/avhrr3_metop-c_03*â: No such file or directory
++ exglobal_diag.sh[153]echo 0
+ exglobal_diag.sh[153]count='0
0'
+ exglobal_diag.sh[154][[ 0
0 -eq 0 ]]
/gpfs/f6/drsa-precip3/world-shared/global/CI/GITLAB/pr_cases_4328_be51ea02_6363/global-workflow/scripts/exglobal_diag.sh: line 154: [[: 0
0: syntax error in expression (error token is "0")
+ exglobal_diag.sh[157]echo '/gpfs/f6/drsa-precip4/world-shared/role.glopara/RUNDIRS/C48mx500_3DVarAOWCDA_be51ea02-6363/gdas.2021032500/analdiag.2126922/diag.sh avhrr3_metop-c 03 anl 0
0 .nc4'
+ exglobal_diag.sh[158]echo diag_avhrr3_metop-c_anl.2021032500.nc4.gz
+ exglobal_diag.sh[159]numfile[n]=131
+ exglobal_diag.sh[152]for type in ${diagtype[n]}
++ exglobal_diag.sh[153]wc -c
++ exglobal_diag.sh[153]find './dir.*/avhrr3_n15_03*' -type f -printf .
find: â./dir.*/avhrr3_n15_03*â: No such file or directory
++ exglobal_diag.sh[153]echo 0
+ exglobal_diag.sh[153]count='0
0'
+ exglobal_diag.sh[154][[ 0
0 -eq 0 ]]
/gpfs/f6/drsa-precip3/world-shared/global/CI/GITLAB/pr_cases_4328_be51ea02_6363/global-workflow/scripts/exglobal_diag.sh: line 154: [[: 0
0: syntax error in expression (error token is "0")
+ exglobal_diag.sh[157]echo '/gpfs/f6/drsa-precip4/world-shared/role.glopara/RUNDIRS/C48mx500_3DVarAOWCDA_be51ea02-6363/gdas.2021032500/analdiag.2126922/diag.sh avhrr3_n15 03 anl 0
0 .nc4'
+ exglobal_diag.sh[158]echo diag_avhrr3_n15_anl.2021032500.nc4.gz
+ exglobal_diag.sh[159]numfile[n]=132
+ exglobal_diag.sh[152]for type in ${diagtype[n]}
++ exglobal_diag.sh[153]wc -c
++ exglobal_diag.sh[153]find './dir.*/avhrr3_n16_03*' -type f -printf .
find: â./dir.*/avhrr3_n16_03*â: No such file or directory
++ exglobal_diag.sh[153]echo 0
+ exglobal_diag.sh[153]count='0
0'
+ exglobal_diag.sh[154][[ 0
0 -eq 0 ]]
/gpfs/f6/drsa-precip3/world-shared/global/CI/GITLAB/pr_cases_4328_be51ea02_6363/global-workflow/scripts/exglobal_diag.sh: line 154: [[: 0
0: syntax error in expression (error token is "0")
+ exglobal_diag.sh[157]echo '/gpfs/f6/drsa-precip4/world-shared/role.glopara/RUNDIRS/C48mx500_3DVarAOWCDA_be51ea02-6363/gdas.2021032500/analdiag.2126922/diag.sh avhrr3_n16 03 anl 0
0 .nc4'
+ exglobal_diag.sh[158]echo diag_avhrr3_n16_anl.2021032500.nc4.gz
+ exglobal_diag.sh[159]numfile[n]=133
+ exglobal_diag.sh[152]for type in ${diagtype[n]}
++ exglobal_diag.sh[153]wc -c
++ exglobal_diag.sh[153]find './dir.*/avhrr3_n17_03*' -type f -printf .
find: â./dir.*/avhrr3_n17_03*â: No such file or directory
++ exglobal_diag.sh[153]echo 0
+ exglobal_diag.sh[153]count='0
0'
+ exglobal_diag.sh[154][[ 0
0 -eq 0 ]]
/gpfs/f6/drsa-precip3/world-shared/global/CI/GITLAB/pr_cases_4328_be51ea02_6363/global-workflow/scripts/exglobal_diag.sh: line 154: [[: 0
0: syntax error in expression (error token is "0")
+ exglobal_diag.sh[157]echo '/gpfs/f6/drsa-precip4/world-shared/role.glopara/RUNDIRS/C48mx500_3DVarAOWCDA_be51ea02-6363/gdas.2021032500/analdiag.2126922/diag.sh avhrr3_n17 03 anl 0
0 .nc4'
+ exglobal_diag.sh[158]echo diag_avhrr3_n17_anl.2021032500.nc4.gz
+ exglobal_diag.sh[159]numfile[n]=134
+ exglobal_diag.sh[152]for type in ${diagtype[n]}
++ exglobal_diag.sh[153]wc -c
++ exglobal_diag.sh[153]find './dir.*/avhrr3_n18_03*' -type f -printf .
find: â./dir.*/avhrr3_n18_03*â: No such file or directory
++ exglobal_diag.sh[153]echo 0
+ exglobal_diag.sh[153]count='0
0'
+ exglobal_diag.sh[154][[ 0
0 -eq 0 ]]
/gpfs/f6/drsa-precip3/world-shared/global/CI/GITLAB/pr_cases_4328_be51ea02_6363/global-workflow/scripts/exglobal_diag.sh: line 154: [[: 0
0: syntax error in expression (error token is "0")
+ exglobal_diag.sh[157]echo '/gpfs/f6/drsa-precip4/world-shared/role.glopara/RUNDIRS/C48mx500_3DVarAOWCDA_be51ea02-6363/gdas.2021032500/analdiag.2126922/diag.sh avhrr3_n18 03 anl 0
0 .nc4'
+ exglobal_diag.sh[158]echo diag_avhrr3_n18_anl.2021032500.nc4.gz
+ exglobal_diag.sh[159]numfile[n]=135
+ exglobal_diag.sh[152]for type in ${diagtype[n]}
++ exglobal_diag.sh[153]wc -c
++ exglobal_diag.sh[153]find './dir.*/avhrr3_n19_03*' -type f -printf .
find: â./dir.*/avhrr3_n19_03*â: No such file or directory
++ exglobal_diag.sh[153]echo 0
+ exglobal_diag.sh[153]count='0
0'
+ exglobal_diag.sh[154][[ 0
0 -eq 0 ]]
/gpfs/f6/drsa-precip3/world-shared/global/CI/GITLAB/pr_cases_4328_be51ea02_6363/global-workflow/scripts/exglobal_diag.sh: line 154: [[: 0
0: syntax error in expression (error token is "0")
+ exglobal_diag.sh[157]echo '/gpfs/f6/drsa-precip4/world-shared/role.glopara/RUNDIRS/C48mx500_3DVarAOWCDA_be51ea02-6363/gdas.2021032500/analdiag.2126922/diag.sh avhrr3_n19 03 anl 0
0 .nc4'
+ exglobal_diag.sh[158]echo diag_avhrr3_n19_anl.2021032500.nc4.gz
+ exglobal_diag.sh[159]numfile[n]=136
+ exglobal_diag.sh[152]for type in ${diagtype[n]}
++ exglobal_diag.sh[153]wc -c
++ exglobal_diag.sh[153]find './dir.*/cris_npp_03*' -type f -printf .
find: â./dir.*/cris_npp_03*â: No such file or directory
++ exglobal_diag.sh[153]echo 0
+ exglobal_diag.sh[153]count='0
0'
+ exglobal_diag.sh[154][[ 0
0 -eq 0 ]]
/gpfs/f6/drsa-precip3/world-shared/global/CI/GITLAB/pr_cases_4328_be51ea02_6363/global-workflow/scripts/exglobal_diag.sh: line 154: [[: 0
0: syntax error in expression (error token is "0")
+ exglobal_diag.sh[157]echo '/gpfs/f6/drsa-precip4/world-shared/role.glopara/RUNDIRS/C48mx500_3DVarAOWCDA_be51ea02-6363/gdas.2021032500/analdiag.2126922/diag.sh cris_npp 03 anl 0
0 .nc4'
+ exglobal_diag.sh[158]echo diag_cris_npp_anl.2021032500.nc4.gz
+ exglobal_diag.sh[159]numfile[n]=137
+ exglobal_diag.sh[152]for type in ${diagtype[n]}
++ exglobal_diag.sh[153]wc -c
++ exglobal_diag.sh[153]find ./dir.0000/cris-fsr_npp_03.nc4 ./dir.0001/cris-fsr_npp_03.nc4 ./dir.0002/cris-fsr_npp_03.nc4 ./dir.0003/cris-fsr_npp_03.nc4 ./dir.0004/cris-fsr_npp_03.nc4 ./dir.0005/cris-fsr_npp_03.nc4 ./dir.0006/cris-fsr_npp_03.nc4 ./dir.0007/cris-fsr_npp_03.nc4 ./dir.0008/cris-fsr_npp_03.nc4 ./dir.0009/cris-fsr_npp_03.nc4 ./dir.0010/cris-fsr_npp_03.nc4 ./dir.0011/cris-fsr_npp_03.nc4 ./dir.0012/cris-fsr_npp_03.nc4 ./dir.0013/cris-fsr_npp_03.nc4 ./dir.0014/cris-fsr_npp_03.nc4 ./dir.0015/cris-fsr_npp_03.nc4 ./dir.0016/cris-fsr_npp_03.nc4 ./dir.0017/cris-fsr_npp_03.nc4 ./dir.0018/cris-fsr_npp_03.nc4 ./dir.0019/cris-fsr_npp_03.nc4 ./dir.0020/cris-fsr_npp_03.nc4 ./dir.0021/cris-fsr_npp_03.nc4 ./dir.0025/cris-fsr_npp_03.nc4 ./dir.0026/cris-fsr_npp_03.nc4 ./dir.0027/cris-fsr_npp_03.nc4 ./dir.0028/cris-fsr_npp_03.nc4 ./dir.0033/cris-fsr_npp_03.nc4 ./dir.0034/cris-fsr_npp_03.nc4 ./dir.0035/cris-fsr_npp_03.nc4 ./dir.0036/cris-fsr_npp_03.nc4 ./dir.0037/cris-fsr_npp_03.nc4 ./dir.0038/cris-fsr_npp_03.nc4 ./dir.0039/cris-fsr_npp_03.nc4 ./dir.0040/cris-fsr_npp_03.nc4 ./dir.0041/cris-fsr_npp_03.nc4 ./dir.0042/cris-fsr_npp_03.nc4 ./dir.0043/cris-fsr_npp_03.nc4 ./dir.0044/cris-fsr_npp_03.nc4 ./dir.0045/cris-fsr_npp_03.nc4 ./dir.0046/cris-fsr_npp_03.nc4 ./dir.0047/cris-fsr_npp_03.nc4 ./dir.0048/cris-fsr_npp_03.nc4 ./dir.0049/cris-fsr_npp_03.nc4 ./dir.0050/cris-fsr_npp_03.nc4 ./dir.0051/cris-fsr_npp_03.nc4 ./dir.0052/cris-fsr_npp_03.nc4 ./dir.0053/cris-fsr_npp_03.nc4 ./dir.0054/cris-fsr_npp_03.nc4 ./dir.0055/cris-fsr_npp_03.nc4 ./dir.0056/cris-fsr_npp_03.nc4 ./dir.0057/cris-fsr_npp_03.nc4 ./dir.0058/cris-fsr_npp_03.nc4 ./dir.0059/cris-fsr_npp_03.nc4 ./dir.0060/cris-fsr_npp_03.nc4 ./dir.0061/cris-fsr_npp_03.nc4 ./dir.0065/cris-fsr_npp_03.nc4 ./dir.0066/cris-fsr_npp_03.nc4 ./dir.0067/cris-fsr_npp_03.nc4 ./dir.0071/cris-fsr_npp_03.nc4 ./dir.0072/cris-fsr_npp_03.nc4 ./dir.0073/cris-fsr_npp_03.nc4 ./dir.0074/cris-fsr_npp_03.nc4 ./dir.0077/cris-fsr_npp_03.nc4 ./dir.0078/cris-fsr_npp_03.nc4 ./dir.0079/cris-fsr_npp_03.nc4 ./dir.0080/cris-fsr_npp_03.nc4 ./dir.0081/cris-fsr_npp_03.nc4 ./dir.0082/cris-fsr_npp_03.nc4 ./dir.0083/cris-fsr_npp_03.nc4 -type f -printf .
+ exglobal_diag.sh[153]count=69
+ exglobal_diag.sh[154][[ 69 -eq 0 ]]
+ exglobal_diag.sh[157]echo '/gpfs/f6/drsa-precip4/world-shared/role.glopara/RUNDIRS/C48mx500_3DVarAOWCDA_be51ea02-6363/gdas.2021032500/analdiag.2126922/diag.sh cris-fsr_npp 03 anl 69 .nc4'
+ exglobal_diag.sh[158]echo diag_cris-fsr_npp_anl.2021032500.nc4.gz
+ exglobal_diag.sh[159]numfile[n]=138
+ exglobal_diag.sh[152]for type in ${diagtype[n]}
++ exglobal_diag.sh[153]wc -c
++ exglobal_diag.sh[153]find ./dir.0000/cris-fsr_n20_03.nc4 ./dir.0001/cris-fsr_n20_03.nc4 ./dir.0002/cris-fsr_n20_03.nc4 ./dir.0003/cris-fsr_n20_03.nc4 ./dir.0004/cris-fsr_n20_03.nc4 ./dir.0005/cris-fsr_n20_03.nc4 ./dir.0006/cris-fsr_n20_03.nc4 ./dir.0007/cris-fsr_n20_03.nc4 ./dir.0008/cris-fsr_n20_03.nc4 ./dir.0009/cris-fsr_n20_03.nc4 ./dir.0010/cris-fsr_n20_03.nc4 ./dir.0011/cris-fsr_n20_03.nc4 ./dir.0012/cris-fsr_n20_03.nc4 ./dir.0013/cris-fsr_n20_03.nc4 ./dir.0014/cris-fsr_n20_03.nc4 ./dir.0016/cris-fsr_n20_03.nc4 ./dir.0017/cris-fsr_n20_03.nc4 ./dir.0018/cris-fsr_n20_03.nc4 ./dir.0019/cris-fsr_n20_03.nc4 ./dir.0020/cris-fsr_n20_03.nc4 ./dir.0021/cris-fsr_n20_03.nc4 ./dir.0026/cris-fsr_n20_03.nc4 ./dir.0027/cris-fsr_n20_03.nc4 ./dir.0028/cris-fsr_n20_03.nc4 ./dir.0033/cris-fsr_n20_03.nc4 ./dir.0034/cris-fsr_n20_03.nc4 ./dir.0035/cris-fsr_n20_03.nc4 ./dir.0036/cris-fsr_n20_03.nc4 ./dir.0037/cris-fsr_n20_03.nc4 ./dir.0038/cris-fsr_n20_03.nc4 ./dir.0039/cris-fsr_n20_03.nc4 ./dir.0040/cris-fsr_n20_03.nc4 ./dir.0041/cris-fsr_n20_03.nc4 ./dir.0042/cris-fsr_n20_03.nc4 ./dir.0043/cris-fsr_n20_03.nc4 ./dir.0044/cris-fsr_n20_03.nc4 ./dir.0045/cris-fsr_n20_03.nc4 ./dir.0046/cris-fsr_n20_03.nc4 ./dir.0047/cris-fsr_n20_03.nc4 ./dir.0048/cris-fsr_n20_03.nc4 ./dir.0049/cris-fsr_n20_03.nc4 ./dir.0050/cris-fsr_n20_03.nc4 ./dir.0051/cris-fsr_n20_03.nc4 ./dir.0052/cris-fsr_n20_03.nc4 ./dir.0053/cris-fsr_n20_03.nc4 ./dir.0054/cris-fsr_n20_03.nc4 ./dir.0055/cris-fsr_n20_03.nc4 ./dir.0056/cris-fsr_n20_03.nc4 ./dir.0057/cris-fsr_n20_03.nc4 ./dir.0058/cris-fsr_n20_03.nc4 ./dir.0059/cris-fsr_n20_03.nc4 ./dir.0060/cris-fsr_n20_03.nc4 ./dir.0061/cris-fsr_n20_03.nc4 ./dir.0062/cris-fsr_n20_03.nc4 ./dir.0063/cris-fsr_n20_03.nc4 ./dir.0065/cris-fsr_n20_03.nc4 ./dir.0066/cris-fsr_n20_03.nc4 ./dir.0071/cris-fsr_n20_03.nc4 ./dir.0072/cris-fsr_n20_03.nc4 ./dir.0073/cris-fsr_n20_03.nc4 ./dir.0075/cris-fsr_n20_03.nc4 ./dir.0076/cris-fsr_n20_03.nc4 ./dir.0077/cris-fsr_n20_03.nc4 ./dir.0078/cris-fsr_n20_03.nc4 ./dir.0079/cris-fsr_n20_03.nc4 ./dir.0080/cris-fsr_n20_03.nc4 ./dir.0081/cris-fsr_n20_03.nc4 ./dir.0082/cris-fsr_n20_03.nc4 ./dir.0083/cris-fsr_n20_03.nc4 -type f -printf .
+ exglobal_diag.sh[153]count=69
+ exglobal_diag.sh[154][[ 69 -eq 0 ]]
+ exglobal_diag.sh[157]echo '/gpfs/f6/drsa-precip4/world-shared/role.glopara/RUNDIRS/C48mx500_3DVarAOWCDA_be51ea02-6363/gdas.2021032500/analdiag.2126922/diag.sh cris-fsr_n20 03 anl 69 .nc4'
+ exglobal_diag.sh[158]echo diag_cris-fsr_n20_anl.2021032500.nc4.gz
+ exglobal_diag.sh[159]numfile[n]=139
+ exglobal_diag.sh[152]for type in ${diagtype[n]}
++ exglobal_diag.sh[153]wc -c
++ exglobal_diag.sh[153]find './dir.*/cris-fsr_n21_03*' -type f -printf .
find: â./dir.*/cris-fsr_n21_03*â: No such file or directory
++ exglobal_diag.sh[153]echo 0
+ exglobal_diag.sh[153]count='0
0'
+ exglobal_diag.sh[154][[ 0
0 -eq 0 ]]
/gpfs/f6/drsa-precip3/world-shared/global/CI/GITLAB/pr_cases_4328_be51ea02_6363/global-workflow/scripts/exglobal_diag.sh: line 154: [[: 0
0: syntax error in expression (error token is "0")
+ exglobal_diag.sh[157]echo '/gpfs/f6/drsa-precip4/world-shared/role.glopara/RUNDIRS/C48mx500_3DVarAOWCDA_be51ea02-6363/gdas.2021032500/analdiag.2126922/diag.sh cris-fsr_n21 03 anl 0
0 .nc4'
+ exglobal_diag.sh[158]echo diag_cris-fsr_n21_anl.2021032500.nc4.gz
+ exglobal_diag.sh[159]numfile[n]=140
+ exglobal_diag.sh[152]for type in ${diagtype[n]}
++ exglobal_diag.sh[153]wc -c
++ exglobal_diag.sh[153]find './dir.*/gmi_gpm_03*' -type f -printf .
find: â./dir.*/gmi_gpm_03*â: No such file or directory
++ exglobal_diag.sh[153]echo 0
+ exglobal_diag.sh[153]count='0
0'
+ exglobal_diag.sh[154][[ 0
0 -eq 0 ]]
/gpfs/f6/drsa-precip3/world-shared/global/CI/GITLAB/pr_cases_4328_be51ea02_6363/global-workflow/scripts/exglobal_diag.sh: line 154: [[: 0
0: syntax error in expression (error token is "0")
+ exglobal_diag.sh[157]echo '/gpfs/f6/drsa-precip4/world-shared/role.glopara/RUNDIRS/C48mx500_3DVarAOWCDA_be51ea02-6363/gdas.2021032500/analdiag.2126922/diag.sh gmi_gpm 03 anl 0
0 .nc4'
+ exglobal_diag.sh[158]echo diag_gmi_gpm_anl.2021032500.nc4.gz
+ exglobal_diag.sh[159]numfile[n]=141
+ exglobal_diag.sh[152]for type in ${diagtype[n]}
++ exglobal_diag.sh[153]wc -c
++ exglobal_diag.sh[153]find './dir.*/hirs2_tirosn_03*' -type f -printf .
find: â./dir.*/hirs2_tirosn_03*â: No such file or directory
++ exglobal_diag.sh[153]echo 0
+ exglobal_diag.sh[153]count='0
0'
+ exglobal_diag.sh[154][[ 0
0 -eq 0 ]]
/gpfs/f6/drsa-precip3/world-shared/global/CI/GITLAB/pr_cases_4328_be51ea02_6363/global-workflow/scripts/exglobal_diag.sh: line 154: [[: 0
0: syntax error in expression (error token is "0")
+ exglobal_diag.sh[157]echo '/gpfs/f6/drsa-precip4/world-shared/role.glopara/RUNDIRS/C48mx500_3DVarAOWCDA_be51ea02-6363/gdas.2021032500/analdiag.2126922/diag.sh hirs2_tirosn 03 anl 0
0 .nc4'
+ exglobal_diag.sh[158]echo diag_hirs2_tirosn_anl.2021032500.nc4.gz
+ exglobal_diag.sh[159]numfile[n]=142
+ exglobal_diag.sh[152]for type in ${diagtype[n]}
++ exglobal_diag.sh[153]wc -c
++ exglobal_diag.sh[153]find './dir.*/hirs2_n06_03*' -type f -printf .
find: â./dir.*/hirs2_n06_03*â: No such file or directory
++ exglobal_diag.sh[153]echo 0
+ exglobal_diag.sh[153]count='0
0'
+ exglobal_diag.sh[154][[ 0
0 -eq 0 ]]
/gpfs/f6/drsa-precip3/world-shared/global/CI/GITLAB/pr_cases_4328_be51ea02_6363/global-workflow/scripts/exglobal_diag.sh: line 154: [[: 0
0: syntax error in expression (error token is "0")
+ exglobal_diag.sh[157]echo '/gpfs/f6/drsa-precip4/world-shared/role.glopara/RUNDIRS/C48mx500_3DVarAOWCDA_be51ea02-6363/gdas.2021032500/analdiag.2126922/diag.sh hirs2_n06 03 anl 0
0 .nc4'
+ exglobal_diag.sh[158]echo diag_hirs2_n06_anl.2021032500.nc4.gz
+ exglobal_diag.sh[159]numfile[n]=143
+ exglobal_diag.sh[152]for type in ${diagtype[n]}
++ exglobal_diag.sh[153]wc -c
++ exglobal_diag.sh[153]find './dir.*/hirs2_n07_03*' -type f -printf .
find: â./dir.*/hirs2_n07_03*â: No such file or directory
++ exglobal_diag.sh[153]echo 0
+ exglobal_diag.sh[153]count='0
0'
+ exglobal_diag.sh[154][[ 0
0 -eq 0 ]]
/gpfs/f6/drsa-precip3/world-shared/global/CI/GITLAB/pr_cases_4328_be51ea02_6363/global-workflow/scripts/exglobal_diag.sh: line 154: [[: 0
0: syntax error in expression (error token is "0")
+ exglobal_diag.sh[157]echo '/gpfs/f6/drsa-precip4/world-shared/role.glopara/RUNDIRS/C48mx500_3DVarAOWCDA_be51ea02-6363/gdas.2021032500/analdiag.2126922/diag.sh hirs2_n07 03 anl 0
0 .nc4'
+ exglobal_diag.sh[158]echo diag_hirs2_n07_anl.2021032500.nc4.gz
+ exglobal_diag.sh[159]numfile[n]=144
+ exglobal_diag.sh[152]for type in ${diagtype[n]}
++ exglobal_diag.sh[153]wc -c
++ exglobal_diag.sh[153]find './dir.*/hirs2_n08_03*' -type f -printf .
find: â./dir.*/hirs2_n08_03*â: No such file or directory
++ exglobal_diag.sh[153]echo 0
+ exglobal_diag.sh[153]count='0
0'
+ exglobal_diag.sh[154][[ 0
0 -eq 0 ]]
/gpfs/f6/drsa-precip3/world-shared/global/CI/GITLAB/pr_cases_4328_be51ea02_6363/global-workflow/scripts/exglobal_diag.sh: line 154: [[: 0
0: syntax error in expression (error token is "0")
+ exglobal_diag.sh[157]echo '/gpfs/f6/drsa-precip4/world-shared/role.glopara/RUNDIRS/C48mx500_3DVarAOWCDA_be51ea02-6363/gdas.2021032500/analdiag.2126922/diag.sh hirs2_n08 03 anl 0
0 .nc4'
+ exglobal_diag.sh[158]echo diag_hirs2_n08_anl.2021032500.nc4.gz
+ exglobal_diag.sh[159]numfile[n]=145
+ exglobal_diag.sh[152]for type in ${diagtype[n]}
++ exglobal_diag.sh[153]wc -c
++ exglobal_diag.sh[153]find './dir.*/hirs2_n09_03*' -type f -printf .
find: â./dir.*/hirs2_n09_03*â: No such file or directory
++ exglobal_diag.sh[153]echo 0
+ exglobal_diag.sh[153]count='0
0'
+ exglobal_diag.sh[154][[ 0
0 -eq 0 ]]
/gpfs/f6/drsa-precip3/world-shared/global/CI/GITLAB/pr_cases_4328_be51ea02_6363/global-workflow/scripts/exglobal_diag.sh: line 154: [[: 0
0: syntax error in expression (error token is "0")
+ exglobal_diag.sh[157]echo '/gpfs/f6/drsa-precip4/world-shared/role.glopara/RUNDIRS/C48mx500_3DVarAOWCDA_be51ea02-6363/gdas.2021032500/analdiag.2126922/diag.sh hirs2_n09 03 anl 0
0 .nc4'
+ exglobal_diag.sh[158]echo diag_hirs2_n09_anl.2021032500.nc4.gz
+ exglobal_diag.sh[159]numfile[n]=146
+ exglobal_diag.sh[152]for type in ${diagtype[n]}
++ exglobal_diag.sh[153]wc -c
++ exglobal_diag.sh[153]find './dir.*/hirs2_n10_03*' -type f -printf .
find: â./dir.*/hirs2_n10_03*â: No such file or directory
++ exglobal_diag.sh[153]echo 0
+ exglobal_diag.sh[153]count='0
0'
+ exglobal_diag.sh[154][[ 0
0 -eq 0 ]]
/gpfs/f6/drsa-precip3/world-shared/global/CI/GITLAB/pr_cases_4328_be51ea02_6363/global-workflow/scripts/exglobal_diag.sh: line 154: [[: 0
0: syntax error in expression (error token is "0")
+ exglobal_diag.sh[157]echo '/gpfs/f6/drsa-precip4/world-shared/role.glopara/RUNDIRS/C48mx500_3DVarAOWCDA_be51ea02-6363/gdas.2021032500/analdiag.2126922/diag.sh hirs2_n10 03 anl 0
0 .nc4'
+ exglobal_diag.sh[158]echo diag_hirs2_n10_anl.2021032500.nc4.gz
+ exglobal_diag.sh[159]numfile[n]=147
+ exglobal_diag.sh[152]for type in ${diagtype[n]}
++ exglobal_diag.sh[153]wc -c
++ exglobal_diag.sh[153]find './dir.*/hirs2_n11_03*' -type f -printf .
find: â./dir.*/hirs2_n11_03*â: No such file or directory
++ exglobal_diag.sh[153]echo 0
+ exglobal_diag.sh[153]count='0
0'
+ exglobal_diag.sh[154][[ 0
0 -eq 0 ]]
/gpfs/f6/drsa-precip3/world-shared/global/CI/GITLAB/pr_cases_4328_be51ea02_6363/global-workflow/scripts/exglobal_diag.sh: line 154: [[: 0
0: syntax error in expression (error token is "0")
+ exglobal_diag.sh[157]echo '/gpfs/f6/drsa-precip4/world-shared/role.glopara/RUNDIRS/C48mx500_3DVarAOWCDA_be51ea02-6363/gdas.2021032500/analdiag.2126922/diag.sh hirs2_n11 03 anl 0
0 .nc4'
+ exglobal_diag.sh[158]echo diag_hirs2_n11_anl.2021032500.nc4.gz
+ exglobal_diag.sh[159]numfile[n]=148
+ exglobal_diag.sh[152]for type in ${diagtype[n]}
++ exglobal_diag.sh[153]wc -c
++ exglobal_diag.sh[153]find './dir.*/hirs2_n12_03*' -type f -printf .
find: â./dir.*/hirs2_n12_03*â: No such file or directory
++ exglobal_diag.sh[153]echo 0
+ exglobal_diag.sh[153]count='0
0'
+ exglobal_diag.sh[154][[ 0
0 -eq 0 ]]
/gpfs/f6/drsa-precip3/world-shared/global/CI/GITLAB/pr_cases_4328_be51ea02_6363/global-workflow/scripts/exglobal_diag.sh: line 154: [[: 0
0: syntax error in expression (error token is "0")
+ exglobal_diag.sh[157]echo '/gpfs/f6/drsa-precip4/world-shared/role.glopara/RUNDIRS/C48mx500_3DVarAOWCDA_be51ea02-6363/gdas.2021032500/analdiag.2126922/diag.sh hirs2_n12 03 anl 0
0 .nc4'
+ exglobal_diag.sh[158]echo diag_hirs2_n12_anl.2021032500.nc4.gz
+ exglobal_diag.sh[159]numfile[n]=149
+ exglobal_diag.sh[152]for type in ${diagtype[n]}
++ exglobal_diag.sh[153]wc -c
++ exglobal_diag.sh[153]find './dir.*/hirs2_n14_03*' -type f -printf .
find: â./dir.*/hirs2_n14_03*â: No such file or directory
++ exglobal_diag.sh[153]echo 0
+ exglobal_diag.sh[153]count='0
0'
+ exglobal_diag.sh[154][[ 0
0 -eq 0 ]]
/gpfs/f6/drsa-precip3/world-shared/global/CI/GITLAB/pr_cases_4328_be51ea02_6363/global-workflow/scripts/exglobal_diag.sh: line 154: [[: 0
0: syntax error in expression (error token is "0")
+ exglobal_diag.sh[157]echo '/gpfs/f6/drsa-precip4/world-shared/role.glopara/RUNDIRS/C48mx500_3DVarAOWCDA_be51ea02-6363/gdas.2021032500/analdiag.2126922/diag.sh hirs2_n14 03 anl 0
0 .nc4'
+ exglobal_diag.sh[158]echo diag_hirs2_n14_anl.2021032500.nc4.gz
+ exglobal_diag.sh[159]numfile[n]=150
+ exglobal_diag.sh[152]for type in ${diagtype[n]}
++ exglobal_diag.sh[153]wc -c
++ exglobal_diag.sh[153]find './dir.*/hirs3_n15_03*' -type f -printf .
find: â./dir.*/hirs3_n15_03*â: No such file or directory
++ exglobal_diag.sh[153]echo 0
+ exglobal_diag.sh[153]count='0
0'
+ exglobal_diag.sh[154][[ 0
0 -eq 0 ]]
/gpfs/f6/drsa-precip3/world-shared/global/CI/GITLAB/pr_cases_4328_be51ea02_6363/global-workflow/scripts/exglobal_diag.sh: line 154: [[: 0
0: syntax error in expression (error token is "0")
+ exglobal_diag.sh[157]echo '/gpfs/f6/drsa-precip4/world-shared/role.glopara/RUNDIRS/C48mx500_3DVarAOWCDA_be51ea02-6363/gdas.2021032500/analdiag.2126922/diag.sh hirs3_n15 03 anl 0
0 .nc4'
+ exglobal_diag.sh[158]echo diag_hirs3_n15_anl.2021032500.nc4.gz
+ exglobal_diag.sh[159]numfile[n]=151
+ exglobal_diag.sh[152]for type in ${diagtype[n]}
++ exglobal_diag.sh[153]wc -c
++ exglobal_diag.sh[153]find './dir.*/hirs3_n16_03*' -type f -printf .
find: â./dir.*/hirs3_n16_03*â: No such file or directory
++ exglobal_diag.sh[153]echo 0
+ exglobal_diag.sh[153]count='0
0'
+ exglobal_diag.sh[154][[ 0
0 -eq 0 ]]
/gpfs/f6/drsa-precip3/world-shared/global/CI/GITLAB/pr_cases_4328_be51ea02_6363/global-workflow/scripts/exglobal_diag.sh: line 154: [[: 0
0: syntax error in expression (error token is "0")
+ exglobal_diag.sh[157]echo '/gpfs/f6/drsa-precip4/world-shared/role.glopara/RUNDIRS/C48mx500_3DVarAOWCDA_be51ea02-6363/gdas.2021032500/analdiag.2126922/diag.sh hirs3_n16 03 anl 0
0 .nc4'
+ exglobal_diag.sh[158]echo diag_hirs3_n16_anl.2021032500.nc4.gz
+ exglobal_diag.sh[159]numfile[n]=152
+ exglobal_diag.sh[152]for type in ${diagtype[n]}
++ exglobal_diag.sh[153]wc -c
++ exglobal_diag.sh[153]find './dir.*/hirs3_n17_03*' -type f -printf .
find: â./dir.*/hirs3_n17_03*â: No such file or directory
++ exglobal_diag.sh[153]echo 0
+ exglobal_diag.sh[153]count='0
0'
+ exglobal_diag.sh[154][[ 0
0 -eq 0 ]]
/gpfs/f6/drsa-precip3/world-shared/global/CI/GITLAB/pr_cases_4328_be51ea02_6363/global-workflow/scripts/exglobal_diag.sh: line 154: [[: 0
0: syntax error in expression (error token is "0")
+ exglobal_diag.sh[157]echo '/gpfs/f6/drsa-precip4/world-shared/role.glopara/RUNDIRS/C48mx500_3DVarAOWCDA_be51ea02-6363/gdas.2021032500/analdiag.2126922/diag.sh hirs3_n17 03 anl 0
0 .nc4'
+ exglobal_diag.sh[158]echo diag_hirs3_n17_anl.2021032500.nc4.gz
+ exglobal_diag.sh[159]numfile[n]=153
+ exglobal_diag.sh[152]for type in ${diagtype[n]}
++ exglobal_diag.sh[153]wc -c
++ exglobal_diag.sh[153]find ./dir.0000/hirs4_metop-a_03.nc4 ./dir.0001/hirs4_metop-a_03.nc4 ./dir.0007/hirs4_metop-a_03.nc4 ./dir.0008/hirs4_metop-a_03.nc4 ./dir.0014/hirs4_metop-a_03.nc4 ./dir.0015/hirs4_metop-a_03.nc4 ./dir.0016/hirs4_metop-a_03.nc4 ./dir.0017/hirs4_metop-a_03.nc4 ./dir.0021/hirs4_metop-a_03.nc4 ./dir.0022/hirs4_metop-a_03.nc4 ./dir.0023/hirs4_metop-a_03.nc4 ./dir.0024/hirs4_metop-a_03.nc4 ./dir.0025/hirs4_metop-a_03.nc4 ./dir.0026/hirs4_metop-a_03.nc4 ./dir.0027/hirs4_metop-a_03.nc4 ./dir.0028/hirs4_metop-a_03.nc4 ./dir.0029/hirs4_metop-a_03.nc4 ./dir.0030/hirs4_metop-a_03.nc4 ./dir.0031/hirs4_metop-a_03.nc4 ./dir.0032/hirs4_metop-a_03.nc4 ./dir.0033/hirs4_metop-a_03.nc4 ./dir.0034/hirs4_metop-a_03.nc4 ./dir.0035/hirs4_metop-a_03.nc4 ./dir.0036/hirs4_metop-a_03.nc4 ./dir.0037/hirs4_metop-a_03.nc4 ./dir.0038/hirs4_metop-a_03.nc4 ./dir.0039/hirs4_metop-a_03.nc4 ./dir.0040/hirs4_metop-a_03.nc4 ./dir.0041/hirs4_metop-a_03.nc4 ./dir.0044/hirs4_metop-a_03.nc4 ./dir.0045/hirs4_metop-a_03.nc4 ./dir.0046/hirs4_metop-a_03.nc4 ./dir.0047/hirs4_metop-a_03.nc4 ./dir.0053/hirs4_metop-a_03.nc4 ./dir.0058/hirs4_metop-a_03.nc4 ./dir.0059/hirs4_metop-a_03.nc4 ./dir.0060/hirs4_metop-a_03.nc4 ./dir.0061/hirs4_metop-a_03.nc4 ./dir.0062/hirs4_metop-a_03.nc4 ./dir.0063/hirs4_metop-a_03.nc4 ./dir.0064/hirs4_metop-a_03.nc4 ./dir.0065/hirs4_metop-a_03.nc4 ./dir.0066/hirs4_metop-a_03.nc4 ./dir.0067/hirs4_metop-a_03.nc4 ./dir.0068/hirs4_metop-a_03.nc4 ./dir.0069/hirs4_metop-a_03.nc4 ./dir.0070/hirs4_metop-a_03.nc4 ./dir.0071/hirs4_metop-a_03.nc4 ./dir.0072/hirs4_metop-a_03.nc4 ./dir.0073/hirs4_metop-a_03.nc4 ./dir.0074/hirs4_metop-a_03.nc4 ./dir.0075/hirs4_metop-a_03.nc4 ./dir.0076/hirs4_metop-a_03.nc4 ./dir.0077/hirs4_metop-a_03.nc4 ./dir.0078/hirs4_metop-a_03.nc4 ./dir.0079/hirs4_metop-a_03.nc4 ./dir.0080/hirs4_metop-a_03.nc4 ./dir.0081/hirs4_metop-a_03.nc4 ./dir.0082/hirs4_metop-a_03.nc4 -type f -printf .
+ exglobal_diag.sh[153]count=59
+ exglobal_diag.sh[154][[ 59 -eq 0 ]]
+ exglobal_diag.sh[157]echo '/gpfs/f6/drsa-precip4/world-shared/role.glopara/RUNDIRS/C48mx500_3DVarAOWCDA_be51ea02-6363/gdas.2021032500/analdiag.2126922/diag.sh hirs4_metop-a 03 anl 59 .nc4'
+ exglobal_diag.sh[158]echo diag_hirs4_metop-a_anl.2021032500.nc4.gz
+ exglobal_diag.sh[159]numfile[n]=154
+ exglobal_diag.sh[152]for type in ${diagtype[n]}
++ exglobal_diag.sh[153]wc -c
++ exglobal_diag.sh[153]find './dir.*/hirs4_metop-b_03*' -type f -printf .
find: â./dir.*/hirs4_metop-b_03*â: No such file or directory
++ exglobal_diag.sh[153]echo 0
+ exglobal_diag.sh[153]count='0
0'
+ exglobal_diag.sh[154][[ 0
0 -eq 0 ]]
/gpfs/f6/drsa-precip3/world-shared/global/CI/GITLAB/pr_cases_4328_be51ea02_6363/global-workflow/scripts/exglobal_diag.sh: line 154: [[: 0
0: syntax error in expression (error token is "0")
+ exglobal_diag.sh[157]echo '/gpfs/f6/drsa-precip4/world-shared/role.glopara/RUNDIRS/C48mx500_3DVarAOWCDA_be51ea02-6363/gdas.2021032500/analdiag.2126922/diag.sh hirs4_metop-b 03 anl 0
0 .nc4'
+ exglobal_diag.sh[158]echo diag_hirs4_metop-b_anl.2021032500.nc4.gz
+ exglobal_diag.sh[159]numfile[n]=155
+ exglobal_diag.sh[152]for type in ${diagtype[n]}
++ exglobal_diag.sh[153]wc -c
++ exglobal_diag.sh[153]find ./dir.0000/hirs4_n19_03.nc4 ./dir.0001/hirs4_n19_03.nc4 ./dir.0007/hirs4_n19_03.nc4 ./dir.0008/hirs4_n19_03.nc4 ./dir.0009/hirs4_n19_03.nc4 ./dir.0014/hirs4_n19_03.nc4 ./dir.0015/hirs4_n19_03.nc4 ./dir.0016/hirs4_n19_03.nc4 ./dir.0017/hirs4_n19_03.nc4 ./dir.0018/hirs4_n19_03.nc4 ./dir.0019/hirs4_n19_03.nc4 ./dir.0020/hirs4_n19_03.nc4 ./dir.0021/hirs4_n19_03.nc4 ./dir.0022/hirs4_n19_03.nc4 ./dir.0023/hirs4_n19_03.nc4 ./dir.0024/hirs4_n19_03.nc4 ./dir.0025/hirs4_n19_03.nc4 ./dir.0026/hirs4_n19_03.nc4 ./dir.0027/hirs4_n19_03.nc4 ./dir.0028/hirs4_n19_03.nc4 ./dir.0029/hirs4_n19_03.nc4 ./dir.0030/hirs4_n19_03.nc4 ./dir.0031/hirs4_n19_03.nc4 ./dir.0032/hirs4_n19_03.nc4 ./dir.0033/hirs4_n19_03.nc4 ./dir.0034/hirs4_n19_03.nc4 ./dir.0035/hirs4_n19_03.nc4 ./dir.0036/hirs4_n19_03.nc4 ./dir.0039/hirs4_n19_03.nc4 ./dir.0040/hirs4_n19_03.nc4 ./dir.0041/hirs4_n19_03.nc4 ./dir.0047/hirs4_n19_03.nc4 ./dir.0051/hirs4_n19_03.nc4 ./dir.0052/hirs4_n19_03.nc4 ./dir.0053/hirs4_n19_03.nc4 ./dir.0054/hirs4_n19_03.nc4 ./dir.0055/hirs4_n19_03.nc4 ./dir.0056/hirs4_n19_03.nc4 ./dir.0057/hirs4_n19_03.nc4 ./dir.0058/hirs4_n19_03.nc4 ./dir.0059/hirs4_n19_03.nc4 ./dir.0060/hirs4_n19_03.nc4 ./dir.0061/hirs4_n19_03.nc4 ./dir.0062/hirs4_n19_03.nc4 ./dir.0063/hirs4_n19_03.nc4 ./dir.0064/hirs4_n19_03.nc4 ./dir.0065/hirs4_n19_03.nc4 ./dir.0066/hirs4_n19_03.nc4 ./dir.0067/hirs4_n19_03.nc4 ./dir.0068/hirs4_n19_03.nc4 ./dir.0069/hirs4_n19_03.nc4 ./dir.0070/hirs4_n19_03.nc4 ./dir.0071/hirs4_n19_03.nc4 ./dir.0072/hirs4_n19_03.nc4 ./dir.0073/hirs4_n19_03.nc4 ./dir.0074/hirs4_n19_03.nc4 ./dir.0075/hirs4_n19_03.nc4 ./dir.0076/hirs4_n19_03.nc4 ./dir.0077/hirs4_n19_03.nc4 ./dir.0078/hirs4_n19_03.nc4 ./dir.0079/hirs4_n19_03.nc4 -type f -printf .
+ exglobal_diag.sh[153]count=61
+ exglobal_diag.sh[154][[ 61 -eq 0 ]]
+ exglobal_diag.sh[157]echo '/gpfs/f6/drsa-precip4/world-shared/role.glopara/RUNDIRS/C48mx500_3DVarAOWCDA_be51ea02-6363/gdas.2021032500/analdiag.2126922/diag.sh hirs4_n19 03 anl 61 .nc4'
+ exglobal_diag.sh[158]echo diag_hirs4_n19_anl.2021032500.nc4.gz
+ exglobal_diag.sh[159]numfile[n]=156
+ exglobal_diag.sh[152]for type in ${diagtype[n]}
++ exglobal_diag.sh[153]wc -c
++ exglobal_diag.sh[153]find ./dir.0000/iasi_metop-a_03.nc4 ./dir.0001/iasi_metop-a_03.nc4 ./dir.0007/iasi_metop-a_03.nc4 ./dir.0008/iasi_metop-a_03.nc4 ./dir.0014/iasi_metop-a_03.nc4 ./dir.0015/iasi_metop-a_03.nc4 ./dir.0016/iasi_metop-a_03.nc4 ./dir.0017/iasi_metop-a_03.nc4 ./dir.0018/iasi_metop-a_03.nc4 ./dir.0021/iasi_metop-a_03.nc4 ./dir.0022/iasi_metop-a_03.nc4 ./dir.0023/iasi_metop-a_03.nc4 ./dir.0024/iasi_metop-a_03.nc4 ./dir.0025/iasi_metop-a_03.nc4 ./dir.0026/iasi_metop-a_03.nc4 ./dir.0027/iasi_metop-a_03.nc4 ./dir.0028/iasi_metop-a_03.nc4 ./dir.0029/iasi_metop-a_03.nc4 ./dir.0030/iasi_metop-a_03.nc4 ./dir.0031/iasi_metop-a_03.nc4 ./dir.0032/iasi_metop-a_03.nc4 ./dir.0033/iasi_metop-a_03.nc4 ./dir.0034/iasi_metop-a_03.nc4 ./dir.0035/iasi_metop-a_03.nc4 ./dir.0036/iasi_metop-a_03.nc4 ./dir.0037/iasi_metop-a_03.nc4 ./dir.0038/iasi_metop-a_03.nc4 ./dir.0039/iasi_metop-a_03.nc4 ./dir.0040/iasi_metop-a_03.nc4 ./dir.0041/iasi_metop-a_03.nc4 ./dir.0044/iasi_metop-a_03.nc4 ./dir.0045/iasi_metop-a_03.nc4 ./dir.0046/iasi_metop-a_03.nc4 ./dir.0047/iasi_metop-a_03.nc4 ./dir.0052/iasi_metop-a_03.nc4 ./dir.0053/iasi_metop-a_03.nc4 ./dir.0058/iasi_metop-a_03.nc4 ./dir.0059/iasi_metop-a_03.nc4 ./dir.0060/iasi_metop-a_03.nc4 ./dir.0061/iasi_metop-a_03.nc4 ./dir.0062/iasi_metop-a_03.nc4 ./dir.0063/iasi_metop-a_03.nc4 ./dir.0064/iasi_metop-a_03.nc4 ./dir.0065/iasi_metop-a_03.nc4 ./dir.0066/iasi_metop-a_03.nc4 ./dir.0067/iasi_metop-a_03.nc4 ./dir.0068/iasi_metop-a_03.nc4 ./dir.0069/iasi_metop-a_03.nc4 ./dir.0070/iasi_metop-a_03.nc4 ./dir.0071/iasi_metop-a_03.nc4 ./dir.0072/iasi_metop-a_03.nc4 ./dir.0073/iasi_metop-a_03.nc4 ./dir.0074/iasi_metop-a_03.nc4 ./dir.0075/iasi_metop-a_03.nc4 ./dir.0076/iasi_metop-a_03.nc4 ./dir.0077/iasi_metop-a_03.nc4 ./dir.0078/iasi_metop-a_03.nc4 ./dir.0079/iasi_metop-a_03.nc4 ./dir.0080/iasi_metop-a_03.nc4 ./dir.0081/iasi_metop-a_03.nc4 ./dir.0082/iasi_metop-a_03.nc4 -type f -printf .
+ exglobal_diag.sh[153]count=61
+ exglobal_diag.sh[154][[ 61 -eq 0 ]]
+ exglobal_diag.sh[157]echo '/gpfs/f6/drsa-precip4/world-shared/role.glopara/RUNDIRS/C48mx500_3DVarAOWCDA_be51ea02-6363/gdas.2021032500/analdiag.2126922/diag.sh iasi_metop-a 03 anl 61 .nc4'
+ exglobal_diag.sh[158]echo diag_iasi_metop-a_anl.2021032500.nc4.gz
+ exglobal_diag.sh[159]numfile[n]=157
+ exglobal_diag.sh[152]for type in ${diagtype[n]}
++ exglobal_diag.sh[153]wc -c
++ exglobal_diag.sh[153]find ./dir.0000/iasi_metop-b_03.nc4 ./dir.0001/iasi_metop-b_03.nc4 ./dir.0002/iasi_metop-b_03.nc4 ./dir.0003/iasi_metop-b_03.nc4 ./dir.0004/iasi_metop-b_03.nc4 ./dir.0007/iasi_metop-b_03.nc4 ./dir.0008/iasi_metop-b_03.nc4 ./dir.0014/iasi_metop-b_03.nc4 ./dir.0015/iasi_metop-b_03.nc4 ./dir.0021/iasi_metop-b_03.nc4 ./dir.0022/iasi_metop-b_03.nc4 ./dir.0023/iasi_metop-b_03.nc4 ./dir.0024/iasi_metop-b_03.nc4 ./dir.0025/iasi_metop-b_03.nc4 ./dir.0028/iasi_metop-b_03.nc4 ./dir.0029/iasi_metop-b_03.nc4 ./dir.0030/iasi_metop-b_03.nc4 ./dir.0031/iasi_metop-b_03.nc4 ./dir.0032/iasi_metop-b_03.nc4 ./dir.0033/iasi_metop-b_03.nc4 ./dir.0034/iasi_metop-b_03.nc4 ./dir.0035/iasi_metop-b_03.nc4 ./dir.0036/iasi_metop-b_03.nc4 ./dir.0037/iasi_metop-b_03.nc4 ./dir.0038/iasi_metop-b_03.nc4 ./dir.0039/iasi_metop-b_03.nc4 ./dir.0040/iasi_metop-b_03.nc4 ./dir.0041/iasi_metop-b_03.nc4 ./dir.0042/iasi_metop-b_03.nc4 ./dir.0043/iasi_metop-b_03.nc4 ./dir.0044/iasi_metop-b_03.nc4 ./dir.0045/iasi_metop-b_03.nc4 ./dir.0046/iasi_metop-b_03.nc4 ./dir.0047/iasi_metop-b_03.nc4 ./dir.0052/iasi_metop-b_03.nc4 ./dir.0053/iasi_metop-b_03.nc4 ./dir.0059/iasi_metop-b_03.nc4 ./dir.0061/iasi_metop-b_03.nc4 ./dir.0062/iasi_metop-b_03.nc4 ./dir.0063/iasi_metop-b_03.nc4 ./dir.0064/iasi_metop-b_03.nc4 ./dir.0065/iasi_metop-b_03.nc4 ./dir.0066/iasi_metop-b_03.nc4 ./dir.0067/iasi_metop-b_03.nc4 ./dir.0068/iasi_metop-b_03.nc4 ./dir.0069/iasi_metop-b_03.nc4 ./dir.0070/iasi_metop-b_03.nc4 ./dir.0071/iasi_metop-b_03.nc4 ./dir.0072/iasi_metop-b_03.nc4 ./dir.0073/iasi_metop-b_03.nc4 ./dir.0074/iasi_metop-b_03.nc4 ./dir.0075/iasi_metop-b_03.nc4 ./dir.0076/iasi_metop-b_03.nc4 ./dir.0077/iasi_metop-b_03.nc4 ./dir.0078/iasi_metop-b_03.nc4 ./dir.0079/iasi_metop-b_03.nc4 ./dir.0080/iasi_metop-b_03.nc4 ./dir.0081/iasi_metop-b_03.nc4 ./dir.0082/iasi_metop-b_03.nc4 ./dir.0083/iasi_metop-b_03.nc4 -type f -printf .
+ exglobal_diag.sh[153]count=60
+ exglobal_diag.sh[154][[ 60 -eq 0 ]]
+ exglobal_diag.sh[157]echo '/gpfs/f6/drsa-precip4/world-shared/role.glopara/RUNDIRS/C48mx500_3DVarAOWCDA_be51ea02-6363/gdas.2021032500/analdiag.2126922/diag.sh iasi_metop-b 03 anl 60 .nc4'
+ exglobal_diag.sh[158]echo diag_iasi_metop-b_anl.2021032500.nc4.gz
+ exglobal_diag.sh[159]numfile[n]=158
+ exglobal_diag.sh[152]for type in ${diagtype[n]}
++ exglobal_diag.sh[153]wc -c
++ exglobal_diag.sh[153]find ./dir.0000/iasi_metop-c_03.nc4 ./dir.0001/iasi_metop-c_03.nc4 ./dir.0002/iasi_metop-c_03.nc4 ./dir.0004/iasi_metop-c_03.nc4 ./dir.0005/iasi_metop-c_03.nc4 ./dir.0006/iasi_metop-c_03.nc4 ./dir.0007/iasi_metop-c_03.nc4 ./dir.0008/iasi_metop-c_03.nc4 ./dir.0014/iasi_metop-c_03.nc4 ./dir.0015/iasi_metop-c_03.nc4 ./dir.0016/iasi_metop-c_03.nc4 ./dir.0021/iasi_metop-c_03.nc4 ./dir.0022/iasi_metop-c_03.nc4 ./dir.0023/iasi_metop-c_03.nc4 ./dir.0024/iasi_metop-c_03.nc4 ./dir.0025/iasi_metop-c_03.nc4 ./dir.0026/iasi_metop-c_03.nc4 ./dir.0027/iasi_metop-c_03.nc4 ./dir.0028/iasi_metop-c_03.nc4 ./dir.0029/iasi_metop-c_03.nc4 ./dir.0030/iasi_metop-c_03.nc4 ./dir.0031/iasi_metop-c_03.nc4 ./dir.0032/iasi_metop-c_03.nc4 ./dir.0033/iasi_metop-c_03.nc4 ./dir.0034/iasi_metop-c_03.nc4 ./dir.0035/iasi_metop-c_03.nc4 ./dir.0036/iasi_metop-c_03.nc4 ./dir.0037/iasi_metop-c_03.nc4 ./dir.0038/iasi_metop-c_03.nc4 ./dir.0039/iasi_metop-c_03.nc4 ./dir.0040/iasi_metop-c_03.nc4 ./dir.0041/iasi_metop-c_03.nc4 ./dir.0042/iasi_metop-c_03.nc4 ./dir.0043/iasi_metop-c_03.nc4 ./dir.0044/iasi_metop-c_03.nc4 ./dir.0045/iasi_metop-c_03.nc4 ./dir.0046/iasi_metop-c_03.nc4 ./dir.0047/iasi_metop-c_03.nc4 ./dir.0052/iasi_metop-c_03.nc4 ./dir.0053/iasi_metop-c_03.nc4 ./dir.0059/iasi_metop-c_03.nc4 ./dir.0063/iasi_metop-c_03.nc4 ./dir.0064/iasi_metop-c_03.nc4 ./dir.0065/iasi_metop-c_03.nc4 ./dir.0066/iasi_metop-c_03.nc4 ./dir.0067/iasi_metop-c_03.nc4 ./dir.0068/iasi_metop-c_03.nc4 ./dir.0069/iasi_metop-c_03.nc4 ./dir.0070/iasi_metop-c_03.nc4 ./dir.0071/iasi_metop-c_03.nc4 ./dir.0072/iasi_metop-c_03.nc4 ./dir.0073/iasi_metop-c_03.nc4 ./dir.0074/iasi_metop-c_03.nc4 ./dir.0075/iasi_metop-c_03.nc4 ./dir.0076/iasi_metop-c_03.nc4 ./dir.0077/iasi_metop-c_03.nc4 ./dir.0078/iasi_metop-c_03.nc4 ./dir.0079/iasi_metop-c_03.nc4 ./dir.0080/iasi_metop-c_03.nc4 ./dir.0081/iasi_metop-c_03.nc4 ./dir.0082/iasi_metop-c_03.nc4 ./dir.0083/iasi_metop-c_03.nc4 -type f -printf .
+ exglobal_diag.sh[153]count=62
+ exglobal_diag.sh[154][[ 62 -eq 0 ]]
+ exglobal_diag.sh[157]echo '/gpfs/f6/drsa-precip4/world-shared/role.glopara/RUNDIRS/C48mx500_3DVarAOWCDA_be51ea02-6363/gdas.2021032500/analdiag.2126922/diag.sh iasi_metop-c 03 anl 62 .nc4'
+ exglobal_diag.sh[158]echo diag_iasi_metop-c_anl.2021032500.nc4.gz
+ exglobal_diag.sh[159]numfile[n]=159
+ exglobal_diag.sh[152]for type in ${diagtype[n]}
++ exglobal_diag.sh[153]wc -c
++ exglobal_diag.sh[153]find ./dir.0000/mhs_metop-a_03.nc4 ./dir.0001/mhs_metop-a_03.nc4 ./dir.0007/mhs_metop-a_03.nc4 ./dir.0008/mhs_metop-a_03.nc4 ./dir.0014/mhs_metop-a_03.nc4 ./dir.0015/mhs_metop-a_03.nc4 ./dir.0016/mhs_metop-a_03.nc4 ./dir.0017/mhs_metop-a_03.nc4 ./dir.0021/mhs_metop-a_03.nc4 ./dir.0022/mhs_metop-a_03.nc4 ./dir.0023/mhs_metop-a_03.nc4 ./dir.0024/mhs_metop-a_03.nc4 ./dir.0025/mhs_metop-a_03.nc4 ./dir.0026/mhs_metop-a_03.nc4 ./dir.0027/mhs_metop-a_03.nc4 ./dir.0028/mhs_metop-a_03.nc4 ./dir.0029/mhs_metop-a_03.nc4 ./dir.0030/mhs_metop-a_03.nc4 ./dir.0031/mhs_metop-a_03.nc4 ./dir.0032/mhs_metop-a_03.nc4 ./dir.0033/mhs_metop-a_03.nc4 ./dir.0034/mhs_metop-a_03.nc4 ./dir.0035/mhs_metop-a_03.nc4 ./dir.0036/mhs_metop-a_03.nc4 ./dir.0037/mhs_metop-a_03.nc4 ./dir.0038/mhs_metop-a_03.nc4 ./dir.0039/mhs_metop-a_03.nc4 ./dir.0040/mhs_metop-a_03.nc4 ./dir.0041/mhs_metop-a_03.nc4 ./dir.0044/mhs_metop-a_03.nc4 ./dir.0045/mhs_metop-a_03.nc4 ./dir.0046/mhs_metop-a_03.nc4 ./dir.0047/mhs_metop-a_03.nc4 ./dir.0053/mhs_metop-a_03.nc4 ./dir.0058/mhs_metop-a_03.nc4 ./dir.0059/mhs_metop-a_03.nc4 ./dir.0060/mhs_metop-a_03.nc4 ./dir.0061/mhs_metop-a_03.nc4 ./dir.0062/mhs_metop-a_03.nc4 ./dir.0063/mhs_metop-a_03.nc4 ./dir.0064/mhs_metop-a_03.nc4 ./dir.0065/mhs_metop-a_03.nc4 ./dir.0066/mhs_metop-a_03.nc4 ./dir.0067/mhs_metop-a_03.nc4 ./dir.0068/mhs_metop-a_03.nc4 ./dir.0069/mhs_metop-a_03.nc4 ./dir.0070/mhs_metop-a_03.nc4 ./dir.0071/mhs_metop-a_03.nc4 ./dir.0072/mhs_metop-a_03.nc4 ./dir.0073/mhs_metop-a_03.nc4 ./dir.0074/mhs_metop-a_03.nc4 ./dir.0075/mhs_metop-a_03.nc4 ./dir.0076/mhs_metop-a_03.nc4 ./dir.0077/mhs_metop-a_03.nc4 ./dir.0078/mhs_metop-a_03.nc4 ./dir.0079/mhs_metop-a_03.nc4 ./dir.0080/mhs_metop-a_03.nc4 ./dir.0081/mhs_metop-a_03.nc4 ./dir.0082/mhs_metop-a_03.nc4 -type f -printf .
+ exglobal_diag.sh[153]count=59
+ exglobal_diag.sh[154][[ 59 -eq 0 ]]
+ exglobal_diag.sh[157]echo '/gpfs/f6/drsa-precip4/world-shared/role.glopara/RUNDIRS/C48mx500_3DVarAOWCDA_be51ea02-6363/gdas.2021032500/analdiag.2126922/diag.sh mhs_metop-a 03 anl 59 .nc4'
+ exglobal_diag.sh[158]echo diag_mhs_metop-a_anl.2021032500.nc4.gz
+ exglobal_diag.sh[159]numfile[n]=160
+ exglobal_diag.sh[152]for type in ${diagtype[n]}
++ exglobal_diag.sh[153]wc -c
++ exglobal_diag.sh[153]find ./dir.0000/mhs_metop-b_03.nc4 ./dir.0001/mhs_metop-b_03.nc4 ./dir.0002/mhs_metop-b_03.nc4 ./dir.0003/mhs_metop-b_03.nc4 ./dir.0004/mhs_metop-b_03.nc4 ./dir.0007/mhs_metop-b_03.nc4 ./dir.0008/mhs_metop-b_03.nc4 ./dir.0014/mhs_metop-b_03.nc4 ./dir.0015/mhs_metop-b_03.nc4 ./dir.0021/mhs_metop-b_03.nc4 ./dir.0022/mhs_metop-b_03.nc4 ./dir.0023/mhs_metop-b_03.nc4 ./dir.0024/mhs_metop-b_03.nc4 ./dir.0025/mhs_metop-b_03.nc4 ./dir.0028/mhs_metop-b_03.nc4 ./dir.0029/mhs_metop-b_03.nc4 ./dir.0030/mhs_metop-b_03.nc4 ./dir.0031/mhs_metop-b_03.nc4 ./dir.0032/mhs_metop-b_03.nc4 ./dir.0033/mhs_metop-b_03.nc4 ./dir.0034/mhs_metop-b_03.nc4 ./dir.0035/mhs_metop-b_03.nc4 ./dir.0036/mhs_metop-b_03.nc4 ./dir.0037/mhs_metop-b_03.nc4 ./dir.0038/mhs_metop-b_03.nc4 ./dir.0039/mhs_metop-b_03.nc4 ./dir.0040/mhs_metop-b_03.nc4 ./dir.0041/mhs_metop-b_03.nc4 ./dir.0042/mhs_metop-b_03.nc4 ./dir.0043/mhs_metop-b_03.nc4 ./dir.0044/mhs_metop-b_03.nc4 ./dir.0045/mhs_metop-b_03.nc4 ./dir.0046/mhs_metop-b_03.nc4 ./dir.0047/mhs_metop-b_03.nc4 ./dir.0052/mhs_metop-b_03.nc4 ./dir.0053/mhs_metop-b_03.nc4 ./dir.0059/mhs_metop-b_03.nc4 ./dir.0061/mhs_metop-b_03.nc4 ./dir.0062/mhs_metop-b_03.nc4 ./dir.0063/mhs_metop-b_03.nc4 ./dir.0064/mhs_metop-b_03.nc4 ./dir.0065/mhs_metop-b_03.nc4 ./dir.0066/mhs_metop-b_03.nc4 ./dir.0067/mhs_metop-b_03.nc4 ./dir.0068/mhs_metop-b_03.nc4 ./dir.0069/mhs_metop-b_03.nc4 ./dir.0070/mhs_metop-b_03.nc4 ./dir.0071/mhs_metop-b_03.nc4 ./dir.0072/mhs_metop-b_03.nc4 ./dir.0073/mhs_metop-b_03.nc4 ./dir.0074/mhs_metop-b_03.nc4 ./dir.0075/mhs_metop-b_03.nc4 ./dir.0076/mhs_metop-b_03.nc4 ./dir.0077/mhs_metop-b_03.nc4 ./dir.0078/mhs_metop-b_03.nc4 ./dir.0079/mhs_metop-b_03.nc4 ./dir.0080/mhs_metop-b_03.nc4 ./dir.0081/mhs_metop-b_03.nc4 ./dir.0082/mhs_metop-b_03.nc4 ./dir.0083/mhs_metop-b_03.nc4 -type f -printf .
+ exglobal_diag.sh[153]count=60
+ exglobal_diag.sh[154][[ 60 -eq 0 ]]
+ exglobal_diag.sh[157]echo '/gpfs/f6/drsa-precip4/world-shared/role.glopara/RUNDIRS/C48mx500_3DVarAOWCDA_be51ea02-6363/gdas.2021032500/analdiag.2126922/diag.sh mhs_metop-b 03 anl 60 .nc4'
+ exglobal_diag.sh[158]echo diag_mhs_metop-b_anl.2021032500.nc4.gz
+ exglobal_diag.sh[159]numfile[n]=161
+ exglobal_diag.sh[152]for type in ${diagtype[n]}
++ exglobal_diag.sh[153]wc -c
++ exglobal_diag.sh[153]find ./dir.0000/mhs_metop-c_03.nc4 ./dir.0001/mhs_metop-c_03.nc4 ./dir.0002/mhs_metop-c_03.nc4 ./dir.0004/mhs_metop-c_03.nc4 ./dir.0005/mhs_metop-c_03.nc4 ./dir.0006/mhs_metop-c_03.nc4 ./dir.0007/mhs_metop-c_03.nc4 ./dir.0008/mhs_metop-c_03.nc4 ./dir.0014/mhs_metop-c_03.nc4 ./dir.0015/mhs_metop-c_03.nc4 ./dir.0016/mhs_metop-c_03.nc4 ./dir.0021/mhs_metop-c_03.nc4 ./dir.0022/mhs_metop-c_03.nc4 ./dir.0023/mhs_metop-c_03.nc4 ./dir.0024/mhs_metop-c_03.nc4 ./dir.0025/mhs_metop-c_03.nc4 ./dir.0026/mhs_metop-c_03.nc4 ./dir.0027/mhs_metop-c_03.nc4 ./dir.0028/mhs_metop-c_03.nc4 ./dir.0029/mhs_metop-c_03.nc4 ./dir.0030/mhs_metop-c_03.nc4 ./dir.0031/mhs_metop-c_03.nc4 ./dir.0032/mhs_metop-c_03.nc4 ./dir.0033/mhs_metop-c_03.nc4 ./dir.0034/mhs_metop-c_03.nc4 ./dir.0035/mhs_metop-c_03.nc4 ./dir.0036/mhs_metop-c_03.nc4 ./dir.0037/mhs_metop-c_03.nc4 ./dir.0038/mhs_metop-c_03.nc4 ./dir.0039/mhs_metop-c_03.nc4 ./dir.0040/mhs_metop-c_03.nc4 ./dir.0041/mhs_metop-c_03.nc4 ./dir.0042/mhs_metop-c_03.nc4 ./dir.0043/mhs_metop-c_03.nc4 ./dir.0044/mhs_metop-c_03.nc4 ./dir.0045/mhs_metop-c_03.nc4 ./dir.0046/mhs_metop-c_03.nc4 ./dir.0047/mhs_metop-c_03.nc4 ./dir.0052/mhs_metop-c_03.nc4 ./dir.0053/mhs_metop-c_03.nc4 ./dir.0059/mhs_metop-c_03.nc4 ./dir.0063/mhs_metop-c_03.nc4 ./dir.0064/mhs_metop-c_03.nc4 ./dir.0065/mhs_metop-c_03.nc4 ./dir.0066/mhs_metop-c_03.nc4 ./dir.0067/mhs_metop-c_03.nc4 ./dir.0068/mhs_metop-c_03.nc4 ./dir.0069/mhs_metop-c_03.nc4 ./dir.0070/mhs_metop-c_03.nc4 ./dir.0071/mhs_metop-c_03.nc4 ./dir.0072/mhs_metop-c_03.nc4 ./dir.0073/mhs_metop-c_03.nc4 ./dir.0074/mhs_metop-c_03.nc4 ./dir.0075/mhs_metop-c_03.nc4 ./dir.0076/mhs_metop-c_03.nc4 ./dir.0077/mhs_metop-c_03.nc4 ./dir.0078/mhs_metop-c_03.nc4 ./dir.0079/mhs_metop-c_03.nc4 ./dir.0080/mhs_metop-c_03.nc4 ./dir.0081/mhs_metop-c_03.nc4 ./dir.0082/mhs_metop-c_03.nc4 ./dir.0083/mhs_metop-c_03.nc4 -type f -printf .
+ exglobal_diag.sh[153]count=62
+ exglobal_diag.sh[154][[ 62 -eq 0 ]]
+ exglobal_diag.sh[157]echo '/gpfs/f6/drsa-precip4/world-shared/role.glopara/RUNDIRS/C48mx500_3DVarAOWCDA_be51ea02-6363/gdas.2021032500/analdiag.2126922/diag.sh mhs_metop-c 03 anl 62 .nc4'
+ exglobal_diag.sh[158]echo diag_mhs_metop-c_anl.2021032500.nc4.gz
+ exglobal_diag.sh[159]numfile[n]=162
+ exglobal_diag.sh[152]for type in ${diagtype[n]}
++ exglobal_diag.sh[153]wc -c
++ exglobal_diag.sh[153]find './dir.*/mhs_n18_03*' -type f -printf .
find: â./dir.*/mhs_n18_03*â: No such file or directory
++ exglobal_diag.sh[153]echo 0
+ exglobal_diag.sh[153]count='0
0'
+ exglobal_diag.sh[154][[ 0
0 -eq 0 ]]
/gpfs/f6/drsa-precip3/world-shared/global/CI/GITLAB/pr_cases_4328_be51ea02_6363/global-workflow/scripts/exglobal_diag.sh: line 154: [[: 0
0: syntax error in expression (error token is "0")
+ exglobal_diag.sh[157]echo '/gpfs/f6/drsa-precip4/world-shared/role.glopara/RUNDIRS/C48mx500_3DVarAOWCDA_be51ea02-6363/gdas.2021032500/analdiag.2126922/diag.sh mhs_n18 03 anl 0
0 .nc4'
+ exglobal_diag.sh[158]echo diag_mhs_n18_anl.2021032500.nc4.gz
+ exglobal_diag.sh[159]numfile[n]=163
+ exglobal_diag.sh[152]for type in ${diagtype[n]}
++ exglobal_diag.sh[153]wc -c
++ exglobal_diag.sh[153]find ./dir.0000/mhs_n19_03.nc4 ./dir.0001/mhs_n19_03.nc4 ./dir.0007/mhs_n19_03.nc4 ./dir.0008/mhs_n19_03.nc4 ./dir.0009/mhs_n19_03.nc4 ./dir.0014/mhs_n19_03.nc4 ./dir.0015/mhs_n19_03.nc4 ./dir.0016/mhs_n19_03.nc4 ./dir.0017/mhs_n19_03.nc4 ./dir.0018/mhs_n19_03.nc4 ./dir.0019/mhs_n19_03.nc4 ./dir.0020/mhs_n19_03.nc4 ./dir.0021/mhs_n19_03.nc4 ./dir.0022/mhs_n19_03.nc4 ./dir.0023/mhs_n19_03.nc4 ./dir.0024/mhs_n19_03.nc4 ./dir.0025/mhs_n19_03.nc4 ./dir.0026/mhs_n19_03.nc4 ./dir.0027/mhs_n19_03.nc4 ./dir.0028/mhs_n19_03.nc4 ./dir.0029/mhs_n19_03.nc4 ./dir.0030/mhs_n19_03.nc4 ./dir.0031/mhs_n19_03.nc4 ./dir.0032/mhs_n19_03.nc4 ./dir.0033/mhs_n19_03.nc4 ./dir.0034/mhs_n19_03.nc4 ./dir.0035/mhs_n19_03.nc4 ./dir.0036/mhs_n19_03.nc4 ./dir.0039/mhs_n19_03.nc4 ./dir.0040/mhs_n19_03.nc4 ./dir.0041/mhs_n19_03.nc4 ./dir.0047/mhs_n19_03.nc4 ./dir.0051/mhs_n19_03.nc4 ./dir.0052/mhs_n19_03.nc4 ./dir.0053/mhs_n19_03.nc4 ./dir.0054/mhs_n19_03.nc4 ./dir.0055/mhs_n19_03.nc4 ./dir.0056/mhs_n19_03.nc4 ./dir.0057/mhs_n19_03.nc4 ./dir.0058/mhs_n19_03.nc4 ./dir.0059/mhs_n19_03.nc4 ./dir.0060/mhs_n19_03.nc4 ./dir.0061/mhs_n19_03.nc4 ./dir.0062/mhs_n19_03.nc4 ./dir.0063/mhs_n19_03.nc4 ./dir.0064/mhs_n19_03.nc4 ./dir.0065/mhs_n19_03.nc4 ./dir.0066/mhs_n19_03.nc4 ./dir.0067/mhs_n19_03.nc4 ./dir.0068/mhs_n19_03.nc4 ./dir.0069/mhs_n19_03.nc4 ./dir.0070/mhs_n19_03.nc4 ./dir.0071/mhs_n19_03.nc4 ./dir.0072/mhs_n19_03.nc4 ./dir.0073/mhs_n19_03.nc4 ./dir.0074/mhs_n19_03.nc4 ./dir.0075/mhs_n19_03.nc4 ./dir.0076/mhs_n19_03.nc4 ./dir.0077/mhs_n19_03.nc4 ./dir.0078/mhs_n19_03.nc4 ./dir.0079/mhs_n19_03.nc4 -type f -printf .
+ exglobal_diag.sh[153]count=61
+ exglobal_diag.sh[154][[ 61 -eq 0 ]]
+ exglobal_diag.sh[157]echo '/gpfs/f6/drsa-precip4/world-shared/role.glopara/RUNDIRS/C48mx500_3DVarAOWCDA_be51ea02-6363/gdas.2021032500/analdiag.2126922/diag.sh mhs_n19 03 anl 61 .nc4'
+ exglobal_diag.sh[158]echo diag_mhs_n19_anl.2021032500.nc4.gz
+ exglobal_diag.sh[159]numfile[n]=164
+ exglobal_diag.sh[152]for type in ${diagtype[n]}
++ exglobal_diag.sh[153]wc -c
++ exglobal_diag.sh[153]find './dir.*/msu_tirosn_03*' -type f -printf .
find: â./dir.*/msu_tirosn_03*â: No such file or directory
++ exglobal_diag.sh[153]echo 0
+ exglobal_diag.sh[153]count='0
0'
+ exglobal_diag.sh[154][[ 0
0 -eq 0 ]]
/gpfs/f6/drsa-precip3/world-shared/global/CI/GITLAB/pr_cases_4328_be51ea02_6363/global-workflow/scripts/exglobal_diag.sh: line 154: [[: 0
0: syntax error in expression (error token is "0")
+ exglobal_diag.sh[157]echo '/gpfs/f6/drsa-precip4/world-shared/role.glopara/RUNDIRS/C48mx500_3DVarAOWCDA_be51ea02-6363/gdas.2021032500/analdiag.2126922/diag.sh msu_tirosn 03 anl 0
0 .nc4'
+ exglobal_diag.sh[158]echo diag_msu_tirosn_anl.2021032500.nc4.gz
+ exglobal_diag.sh[159]numfile[n]=165
+ exglobal_diag.sh[152]for type in ${diagtype[n]}
++ exglobal_diag.sh[153]wc -c
++ exglobal_diag.sh[153]find './dir.*/msu_n06_03*' -type f -printf .
find: â./dir.*/msu_n06_03*â: No such file or directory
++ exglobal_diag.sh[153]echo 0
+ exglobal_diag.sh[153]count='0
0'
+ exglobal_diag.sh[154][[ 0
0 -eq 0 ]]
/gpfs/f6/drsa-precip3/world-shared/global/CI/GITLAB/pr_cases_4328_be51ea02_6363/global-workflow/scripts/exglobal_diag.sh: line 154: [[: 0
0: syntax error in expression (error token is "0")
+ exglobal_diag.sh[157]echo '/gpfs/f6/drsa-precip4/world-shared/role.glopara/RUNDIRS/C48mx500_3DVarAOWCDA_be51ea02-6363/gdas.2021032500/analdiag.2126922/diag.sh msu_n06 03 anl 0
0 .nc4'
+ exglobal_diag.sh[158]echo diag_msu_n06_anl.2021032500.nc4.gz
+ exglobal_diag.sh[159]numfile[n]=166
+ exglobal_diag.sh[152]for type in ${diagtype[n]}
++ exglobal_diag.sh[153]wc -c
++ exglobal_diag.sh[153]find './dir.*/msu_n07_03*' -type f -printf .
find: â./dir.*/msu_n07_03*â: No such file or directory
++ exglobal_diag.sh[153]echo 0
+ exglobal_diag.sh[153]count='0
0'
+ exglobal_diag.sh[154][[ 0
0 -eq 0 ]]
/gpfs/f6/drsa-precip3/world-shared/global/CI/GITLAB/pr_cases_4328_be51ea02_6363/global-workflow/scripts/exglobal_diag.sh: line 154: [[: 0
0: syntax error in expression (error token is "0")
+ exglobal_diag.sh[157]echo '/gpfs/f6/drsa-precip4/world-shared/role.glopara/RUNDIRS/C48mx500_3DVarAOWCDA_be51ea02-6363/gdas.2021032500/analdiag.2126922/diag.sh msu_n07 03 anl 0
0 .nc4'
+ exglobal_diag.sh[158]echo diag_msu_n07_anl.2021032500.nc4.gz
+ exglobal_diag.sh[159]numfile[n]=167
+ exglobal_diag.sh[152]for type in ${diagtype[n]}
++ exglobal_diag.sh[153]wc -c
++ exglobal_diag.sh[153]find './dir.*/msu_n08_03*' -type f -printf .
find: â./dir.*/msu_n08_03*â: No such file or directory
++ exglobal_diag.sh[153]echo 0
+ exglobal_diag.sh[153]count='0
0'
+ exglobal_diag.sh[154][[ 0
0 -eq 0 ]]
/gpfs/f6/drsa-precip3/world-shared/global/CI/GITLAB/pr_cases_4328_be51ea02_6363/global-workflow/scripts/exglobal_diag.sh: line 154: [[: 0
0: syntax error in expression (error token is "0")
+ exglobal_diag.sh[157]echo '/gpfs/f6/drsa-precip4/world-shared/role.glopara/RUNDIRS/C48mx500_3DVarAOWCDA_be51ea02-6363/gdas.2021032500/analdiag.2126922/diag.sh msu_n08 03 anl 0
0 .nc4'
+ exglobal_diag.sh[158]echo diag_msu_n08_anl.2021032500.nc4.gz
+ exglobal_diag.sh[159]numfile[n]=168
+ exglobal_diag.sh[152]for type in ${diagtype[n]}
++ exglobal_diag.sh[153]wc -c
++ exglobal_diag.sh[153]find './dir.*/msu_n09_03*' -type f -printf .
find: â./dir.*/msu_n09_03*â: No such file or directory
++ exglobal_diag.sh[153]echo 0
+ exglobal_diag.sh[153]count='0
0'
+ exglobal_diag.sh[154][[ 0
0 -eq 0 ]]
/gpfs/f6/drsa-precip3/world-shared/global/CI/GITLAB/pr_cases_4328_be51ea02_6363/global-workflow/scripts/exglobal_diag.sh: line 154: [[: 0
0: syntax error in expression (error token is "0")
+ exglobal_diag.sh[157]echo '/gpfs/f6/drsa-precip4/world-shared/role.glopara/RUNDIRS/C48mx500_3DVarAOWCDA_be51ea02-6363/gdas.2021032500/analdiag.2126922/diag.sh msu_n09 03 anl 0
0 .nc4'
+ exglobal_diag.sh[158]echo diag_msu_n09_anl.2021032500.nc4.gz
+ exglobal_diag.sh[159]numfile[n]=169
+ exglobal_diag.sh[152]for type in ${diagtype[n]}
++ exglobal_diag.sh[153]wc -c
++ exglobal_diag.sh[153]find './dir.*/msu_n10_03*' -type f -printf .
find: â./dir.*/msu_n10_03*â: No such file or directory
++ exglobal_diag.sh[153]echo 0
+ exglobal_diag.sh[153]count='0
0'
+ exglobal_diag.sh[154][[ 0
0 -eq 0 ]]
/gpfs/f6/drsa-precip3/world-shared/global/CI/GITLAB/pr_cases_4328_be51ea02_6363/global-workflow/scripts/exglobal_diag.sh: line 154: [[: 0
0: syntax error in expression (error token is "0")
+ exglobal_diag.sh[157]echo '/gpfs/f6/drsa-precip4/world-shared/role.glopara/RUNDIRS/C48mx500_3DVarAOWCDA_be51ea02-6363/gdas.2021032500/analdiag.2126922/diag.sh msu_n10 03 anl 0
0 .nc4'
+ exglobal_diag.sh[158]echo diag_msu_n10_anl.2021032500.nc4.gz
+ exglobal_diag.sh[159]numfile[n]=170
+ exglobal_diag.sh[152]for type in ${diagtype[n]}
++ exglobal_diag.sh[153]wc -c
++ exglobal_diag.sh[153]find './dir.*/msu_n11_03*' -type f -printf .
find: â./dir.*/msu_n11_03*â: No such file or directory
++ exglobal_diag.sh[153]echo 0
+ exglobal_diag.sh[153]count='0
0'
+ exglobal_diag.sh[154][[ 0
0 -eq 0 ]]
/gpfs/f6/drsa-precip3/world-shared/global/CI/GITLAB/pr_cases_4328_be51ea02_6363/global-workflow/scripts/exglobal_diag.sh: line 154: [[: 0
0: syntax error in expression (error token is "0")
+ exglobal_diag.sh[157]echo '/gpfs/f6/drsa-precip4/world-shared/role.glopara/RUNDIRS/C48mx500_3DVarAOWCDA_be51ea02-6363/gdas.2021032500/analdiag.2126922/diag.sh msu_n11 03 anl 0
0 .nc4'
+ exglobal_diag.sh[158]echo diag_msu_n11_anl.2021032500.nc4.gz
+ exglobal_diag.sh[159]numfile[n]=171
+ exglobal_diag.sh[152]for type in ${diagtype[n]}
++ exglobal_diag.sh[153]wc -c
++ exglobal_diag.sh[153]find './dir.*/msu_n12_03*' -type f -printf .
find: â./dir.*/msu_n12_03*â: No such file or directory
++ exglobal_diag.sh[153]echo 0
+ exglobal_diag.sh[153]count='0
0'
+ exglobal_diag.sh[154][[ 0
0 -eq 0 ]]
/gpfs/f6/drsa-precip3/world-shared/global/CI/GITLAB/pr_cases_4328_be51ea02_6363/global-workflow/scripts/exglobal_diag.sh: line 154: [[: 0
0: syntax error in expression (error token is "0")
+ exglobal_diag.sh[157]echo '/gpfs/f6/drsa-precip4/world-shared/role.glopara/RUNDIRS/C48mx500_3DVarAOWCDA_be51ea02-6363/gdas.2021032500/analdiag.2126922/diag.sh msu_n12 03 anl 0
0 .nc4'
+ exglobal_diag.sh[158]echo diag_msu_n12_anl.2021032500.nc4.gz
+ exglobal_diag.sh[159]numfile[n]=172
+ exglobal_diag.sh[152]for type in ${diagtype[n]}
++ exglobal_diag.sh[153]wc -c
++ exglobal_diag.sh[153]find './dir.*/msu_n14_03*' -type f -printf .
find: â./dir.*/msu_n14_03*â: No such file or directory
++ exglobal_diag.sh[153]echo 0
+ exglobal_diag.sh[153]count='0
0'
+ exglobal_diag.sh[154][[ 0
0 -eq 0 ]]
/gpfs/f6/drsa-precip3/world-shared/global/CI/GITLAB/pr_cases_4328_be51ea02_6363/global-workflow/scripts/exglobal_diag.sh: line 154: [[: 0
0: syntax error in expression (error token is "0")
+ exglobal_diag.sh[157]echo '/gpfs/f6/drsa-precip4/world-shared/role.glopara/RUNDIRS/C48mx500_3DVarAOWCDA_be51ea02-6363/gdas.2021032500/analdiag.2126922/diag.sh msu_n14 03 anl 0
0 .nc4'
+ exglobal_diag.sh[158]echo diag_msu_n14_anl.2021032500.nc4.gz
+ exglobal_diag.sh[159]numfile[n]=173
+ exglobal_diag.sh[152]for type in ${diagtype[n]}
++ exglobal_diag.sh[153]wc -c
++ exglobal_diag.sh[153]find './dir.*/mws_metop-sg-a1_03*' -type f -printf .
find: â./dir.*/mws_metop-sg-a1_03*â: No such file or directory
++ exglobal_diag.sh[153]echo 0
+ exglobal_diag.sh[153]count='0
0'
+ exglobal_diag.sh[154][[ 0
0 -eq 0 ]]
/gpfs/f6/drsa-precip3/world-shared/global/CI/GITLAB/pr_cases_4328_be51ea02_6363/global-workflow/scripts/exglobal_diag.sh: line 154: [[: 0
0: syntax error in expression (error token is "0")
+ exglobal_diag.sh[157]echo '/gpfs/f6/drsa-precip4/world-shared/role.glopara/RUNDIRS/C48mx500_3DVarAOWCDA_be51ea02-6363/gdas.2021032500/analdiag.2126922/diag.sh mws_metop-sg-a1 03 anl 0
0 .nc4'
+ exglobal_diag.sh[158]echo diag_mws_metop-sg-a1_anl.2021032500.nc4.gz
+ exglobal_diag.sh[159]numfile[n]=174
+ exglobal_diag.sh[152]for type in ${diagtype[n]}
++ exglobal_diag.sh[153]wc -c
++ exglobal_diag.sh[153]find './dir.*/saphir_meghat_03*' -type f -printf .
find: â./dir.*/saphir_meghat_03*â: No such file or directory
++ exglobal_diag.sh[153]echo 0
+ exglobal_diag.sh[153]count='0
0'
+ exglobal_diag.sh[154][[ 0
0 -eq 0 ]]
/gpfs/f6/drsa-precip3/world-shared/global/CI/GITLAB/pr_cases_4328_be51ea02_6363/global-workflow/scripts/exglobal_diag.sh: line 154: [[: 0
0: syntax error in expression (error token is "0")
+ exglobal_diag.sh[157]echo '/gpfs/f6/drsa-precip4/world-shared/role.glopara/RUNDIRS/C48mx500_3DVarAOWCDA_be51ea02-6363/gdas.2021032500/analdiag.2126922/diag.sh saphir_meghat 03 anl 0
0 .nc4'
+ exglobal_diag.sh[158]echo diag_saphir_meghat_anl.2021032500.nc4.gz
+ exglobal_diag.sh[159]numfile[n]=175
+ exglobal_diag.sh[152]for type in ${diagtype[n]}
++ exglobal_diag.sh[153]wc -c
++ exglobal_diag.sh[153]find ./dir.0001/seviri_m08_03.nc4 ./dir.0002/seviri_m08_03.nc4 ./dir.0003/seviri_m08_03.nc4 ./dir.0004/seviri_m08_03.nc4 ./dir.0005/seviri_m08_03.nc4 ./dir.0008/seviri_m08_03.nc4 ./dir.0009/seviri_m08_03.nc4 ./dir.0010/seviri_m08_03.nc4 ./dir.0011/seviri_m08_03.nc4 ./dir.0012/seviri_m08_03.nc4 ./dir.0015/seviri_m08_03.nc4 ./dir.0016/seviri_m08_03.nc4 ./dir.0017/seviri_m08_03.nc4 ./dir.0018/seviri_m08_03.nc4 ./dir.0019/seviri_m08_03.nc4 ./dir.0022/seviri_m08_03.nc4 ./dir.0023/seviri_m08_03.nc4 ./dir.0024/seviri_m08_03.nc4 ./dir.0025/seviri_m08_03.nc4 ./dir.0026/seviri_m08_03.nc4 ./dir.0079/seviri_m08_03.nc4 ./dir.0080/seviri_m08_03.nc4 ./dir.0081/seviri_m08_03.nc4 ./dir.0082/seviri_m08_03.nc4 -type f -printf .
+ exglobal_diag.sh[153]count=24
+ exglobal_diag.sh[154][[ 24 -eq 0 ]]
+ exglobal_diag.sh[157]echo '/gpfs/f6/drsa-precip4/world-shared/role.glopara/RUNDIRS/C48mx500_3DVarAOWCDA_be51ea02-6363/gdas.2021032500/analdiag.2126922/diag.sh seviri_m08 03 anl 24 .nc4'
+ exglobal_diag.sh[158]echo diag_seviri_m08_anl.2021032500.nc4.gz
+ exglobal_diag.sh[159]numfile[n]=176
+ exglobal_diag.sh[152]for type in ${diagtype[n]}
++ exglobal_diag.sh[153]wc -c
++ exglobal_diag.sh[153]find './dir.*/seviri_m09_03*' -type f -printf .
find: â./dir.*/seviri_m09_03*â: No such file or directory
++ exglobal_diag.sh[153]echo 0
+ exglobal_diag.sh[153]count='0
0'
+ exglobal_diag.sh[154][[ 0
0 -eq 0 ]]
/gpfs/f6/drsa-precip3/world-shared/global/CI/GITLAB/pr_cases_4328_be51ea02_6363/global-workflow/scripts/exglobal_diag.sh: line 154: [[: 0
0: syntax error in expression (error token is "0")
+ exglobal_diag.sh[157]echo '/gpfs/f6/drsa-precip4/world-shared/role.glopara/RUNDIRS/C48mx500_3DVarAOWCDA_be51ea02-6363/gdas.2021032500/analdiag.2126922/diag.sh seviri_m09 03 anl 0
0 .nc4'
+ exglobal_diag.sh[158]echo diag_seviri_m09_anl.2021032500.nc4.gz
+ exglobal_diag.sh[159]numfile[n]=177
+ exglobal_diag.sh[152]for type in ${diagtype[n]}
++ exglobal_diag.sh[153]wc -c
++ exglobal_diag.sh[153]find './dir.*/seviri_m10_03*' -type f -printf .
find: â./dir.*/seviri_m10_03*â: No such file or directory
++ exglobal_diag.sh[153]echo 0
+ exglobal_diag.sh[153]count='0
0'
+ exglobal_diag.sh[154][[ 0
0 -eq 0 ]]
/gpfs/f6/drsa-precip3/world-shared/global/CI/GITLAB/pr_cases_4328_be51ea02_6363/global-workflow/scripts/exglobal_diag.sh: line 154: [[: 0
0: syntax error in expression (error token is "0")
+ exglobal_diag.sh[157]echo '/gpfs/f6/drsa-precip4/world-shared/role.glopara/RUNDIRS/C48mx500_3DVarAOWCDA_be51ea02-6363/gdas.2021032500/analdiag.2126922/diag.sh seviri_m10 03 anl 0
0 .nc4'
+ exglobal_diag.sh[158]echo diag_seviri_m10_anl.2021032500.nc4.gz
+ exglobal_diag.sh[159]numfile[n]=178
+ exglobal_diag.sh[152]for type in ${diagtype[n]}
++ exglobal_diag.sh[153]wc -c
++ exglobal_diag.sh[153]find './dir.*/seviri_m11_03*' -type f -printf .
find: â./dir.*/seviri_m11_03*â: No such file or directory
++ exglobal_diag.sh[153]echo 0
+ exglobal_diag.sh[153]count='0
0'
+ exglobal_diag.sh[154][[ 0
0 -eq 0 ]]
/gpfs/f6/drsa-precip3/world-shared/global/CI/GITLAB/pr_cases_4328_be51ea02_6363/global-workflow/scripts/exglobal_diag.sh: line 154: [[: 0
0: syntax error in expression (error token is "0")
+ exglobal_diag.sh[157]echo '/gpfs/f6/drsa-precip4/world-shared/role.glopara/RUNDIRS/C48mx500_3DVarAOWCDA_be51ea02-6363/gdas.2021032500/analdiag.2126922/diag.sh seviri_m11 03 anl 0
0 .nc4'
+ exglobal_diag.sh[158]echo diag_seviri_m11_anl.2021032500.nc4.gz
+ exglobal_diag.sh[159]numfile[n]=179
+ exglobal_diag.sh[152]for type in ${diagtype[n]}
++ exglobal_diag.sh[153]wc -c
++ exglobal_diag.sh[153]find './dir.*/sndrD_g11_03*' -type f -printf .
find: â./dir.*/sndrD_g11_03*â: No such file or directory
++ exglobal_diag.sh[153]echo 0
+ exglobal_diag.sh[153]count='0
0'
+ exglobal_diag.sh[154][[ 0
0 -eq 0 ]]
/gpfs/f6/drsa-precip3/world-shared/global/CI/GITLAB/pr_cases_4328_be51ea02_6363/global-workflow/scripts/exglobal_diag.sh: line 154: [[: 0
0: syntax error in expression (error token is "0")
+ exglobal_diag.sh[157]echo '/gpfs/f6/drsa-precip4/world-shared/role.glopara/RUNDIRS/C48mx500_3DVarAOWCDA_be51ea02-6363/gdas.2021032500/analdiag.2126922/diag.sh sndrD_g11 03 anl 0
0 .nc4'
+ exglobal_diag.sh[158]echo diag_sndrD_g11_anl.2021032500.nc4.gz
+ exglobal_diag.sh[159]numfile[n]=180
+ exglobal_diag.sh[152]for type in ${diagtype[n]}
++ exglobal_diag.sh[153]wc -c
++ exglobal_diag.sh[153]find './dir.*/sndrD_g12_03*' -type f -printf .
find: â./dir.*/sndrD_g12_03*â: No such file or directory
++ exglobal_diag.sh[153]echo 0
+ exglobal_diag.sh[153]count='0
0'
+ exglobal_diag.sh[154][[ 0
0 -eq 0 ]]
/gpfs/f6/drsa-precip3/world-shared/global/CI/GITLAB/pr_cases_4328_be51ea02_6363/global-workflow/scripts/exglobal_diag.sh: line 154: [[: 0
0: syntax error in expression (error token is "0")
+ exglobal_diag.sh[157]echo '/gpfs/f6/drsa-precip4/world-shared/role.glopara/RUNDIRS/C48mx500_3DVarAOWCDA_be51ea02-6363/gdas.2021032500/analdiag.2126922/diag.sh sndrD_g12 03 anl 0
0 .nc4'
+ exglobal_diag.sh[158]echo diag_sndrD_g12_anl.2021032500.nc4.gz
+ exglobal_diag.sh[159]numfile[n]=181
+ exglobal_diag.sh[152]for type in ${diagtype[n]}
++ exglobal_diag.sh[153]wc -c
++ exglobal_diag.sh[153]find './dir.*/sndrD_g13_03*' -type f -printf .
find: â./dir.*/sndrD_g13_03*â: No such file or directory
++ exglobal_diag.sh[153]echo 0
+ exglobal_diag.sh[153]count='0
0'
+ exglobal_diag.sh[154][[ 0
0 -eq 0 ]]
/gpfs/f6/drsa-precip3/world-shared/global/CI/GITLAB/pr_cases_4328_be51ea02_6363/global-workflow/scripts/exglobal_diag.sh: line 154: [[: 0
0: syntax error in expression (error token is "0")
+ exglobal_diag.sh[157]echo '/gpfs/f6/drsa-precip4/world-shared/role.glopara/RUNDIRS/C48mx500_3DVarAOWCDA_be51ea02-6363/gdas.2021032500/analdiag.2126922/diag.sh sndrD_g13 03 anl 0
0 .nc4'
+ exglobal_diag.sh[158]echo diag_sndrD_g13_anl.2021032500.nc4.gz
+ exglobal_diag.sh[159]numfile[n]=182
+ exglobal_diag.sh[152]for type in ${diagtype[n]}
++ exglobal_diag.sh[153]wc -c
++ exglobal_diag.sh[153]find './dir.*/sndrD_g14_03*' -type f -printf .
find: â./dir.*/sndrD_g14_03*â: No such file or directory
++ exglobal_diag.sh[153]echo 0
+ exglobal_diag.sh[153]count='0
0'
+ exglobal_diag.sh[154][[ 0
0 -eq 0 ]]
/gpfs/f6/drsa-precip3/world-shared/global/CI/GITLAB/pr_cases_4328_be51ea02_6363/global-workflow/scripts/exglobal_diag.sh: line 154: [[: 0
0: syntax error in expression (error token is "0")
+ exglobal_diag.sh[157]echo '/gpfs/f6/drsa-precip4/world-shared/role.glopara/RUNDIRS/C48mx500_3DVarAOWCDA_be51ea02-6363/gdas.2021032500/analdiag.2126922/diag.sh sndrD_g14 03 anl 0
0 .nc4'
+ exglobal_diag.sh[158]echo diag_sndrD_g14_anl.2021032500.nc4.gz
+ exglobal_diag.sh[159]numfile[n]=183
+ exglobal_diag.sh[152]for type in ${diagtype[n]}
++ exglobal_diag.sh[153]wc -c
++ exglobal_diag.sh[153]find './dir.*/sndrD_g15_03*' -type f -printf .
find: â./dir.*/sndrD_g15_03*â: No such file or directory
++ exglobal_diag.sh[153]echo 0
+ exglobal_diag.sh[153]count='0
0'
+ exglobal_diag.sh[154][[ 0
0 -eq 0 ]]
/gpfs/f6/drsa-precip3/world-shared/global/CI/GITLAB/pr_cases_4328_be51ea02_6363/global-workflow/scripts/exglobal_diag.sh: line 154: [[: 0
0: syntax error in expression (error token is "0")
+ exglobal_diag.sh[157]echo '/gpfs/f6/drsa-precip4/world-shared/role.glopara/RUNDIRS/C48mx500_3DVarAOWCDA_be51ea02-6363/gdas.2021032500/analdiag.2126922/diag.sh sndrD_g15 03 anl 0
0 .nc4'
+ exglobal_diag.sh[158]echo diag_sndrD_g15_anl.2021032500.nc4.gz
+ exglobal_diag.sh[159]numfile[n]=184
+ exglobal_diag.sh[152]for type in ${diagtype[n]}
++ exglobal_diag.sh[153]wc -c
++ exglobal_diag.sh[153]find './dir.*/sndr_g08_03*' -type f -printf .
find: â./dir.*/sndr_g08_03*â: No such file or directory
++ exglobal_diag.sh[153]echo 0
+ exglobal_diag.sh[153]count='0
0'
+ exglobal_diag.sh[154][[ 0
0 -eq 0 ]]
/gpfs/f6/drsa-precip3/world-shared/global/CI/GITLAB/pr_cases_4328_be51ea02_6363/global-workflow/scripts/exglobal_diag.sh: line 154: [[: 0
0: syntax error in expression (error token is "0")
+ exglobal_diag.sh[157]echo '/gpfs/f6/drsa-precip4/world-shared/role.glopara/RUNDIRS/C48mx500_3DVarAOWCDA_be51ea02-6363/gdas.2021032500/analdiag.2126922/diag.sh sndr_g08 03 anl 0
0 .nc4'
+ exglobal_diag.sh[158]echo diag_sndr_g08_anl.2021032500.nc4.gz
+ exglobal_diag.sh[159]numfile[n]=185
+ exglobal_diag.sh[152]for type in ${diagtype[n]}
++ exglobal_diag.sh[153]wc -c
++ exglobal_diag.sh[153]find './dir.*/sndr_g10_03*' -type f -printf .
find: â./dir.*/sndr_g10_03*â: No such file or directory
++ exglobal_diag.sh[153]echo 0
+ exglobal_diag.sh[153]count='0
0'
+ exglobal_diag.sh[154][[ 0
0 -eq 0 ]]
/gpfs/f6/drsa-precip3/world-shared/global/CI/GITLAB/pr_cases_4328_be51ea02_6363/global-workflow/scripts/exglobal_diag.sh: line 154: [[: 0
0: syntax error in expression (error token is "0")
+ exglobal_diag.sh[157]echo '/gpfs/f6/drsa-precip4/world-shared/role.glopara/RUNDIRS/C48mx500_3DVarAOWCDA_be51ea02-6363/gdas.2021032500/analdiag.2126922/diag.sh sndr_g10 03 anl 0
0 .nc4'
+ exglobal_diag.sh[158]echo diag_sndr_g10_anl.2021032500.nc4.gz
+ exglobal_diag.sh[159]numfile[n]=186
+ exglobal_diag.sh[152]for type in ${diagtype[n]}
++ exglobal_diag.sh[153]wc -c
++ exglobal_diag.sh[153]find './dir.*/sndr_g11_03*' -type f -printf .
find: â./dir.*/sndr_g11_03*â: No such file or directory
++ exglobal_diag.sh[153]echo 0
+ exglobal_diag.sh[153]count='0
0'
+ exglobal_diag.sh[154][[ 0
0 -eq 0 ]]
/gpfs/f6/drsa-precip3/world-shared/global/CI/GITLAB/pr_cases_4328_be51ea02_6363/global-workflow/scripts/exglobal_diag.sh: line 154: [[: 0
0: syntax error in expression (error token is "0")
+ exglobal_diag.sh[157]echo '/gpfs/f6/drsa-precip4/world-shared/role.glopara/RUNDIRS/C48mx500_3DVarAOWCDA_be51ea02-6363/gdas.2021032500/analdiag.2126922/diag.sh sndr_g11 03 anl 0
0 .nc4'
+ exglobal_diag.sh[158]echo diag_sndr_g11_anl.2021032500.nc4.gz
+ exglobal_diag.sh[159]numfile[n]=187
+ exglobal_diag.sh[152]for type in ${diagtype[n]}
++ exglobal_diag.sh[153]wc -c
++ exglobal_diag.sh[153]find './dir.*/sndr_g12_03*' -type f -printf .
find: â./dir.*/sndr_g12_03*â: No such file or directory
++ exglobal_diag.sh[153]echo 0
+ exglobal_diag.sh[153]count='0
0'
+ exglobal_diag.sh[154][[ 0
0 -eq 0 ]]
/gpfs/f6/drsa-precip3/world-shared/global/CI/GITLAB/pr_cases_4328_be51ea02_6363/global-workflow/scripts/exglobal_diag.sh: line 154: [[: 0
0: syntax error in expression (error token is "0")
+ exglobal_diag.sh[157]echo '/gpfs/f6/drsa-precip4/world-shared/role.glopara/RUNDIRS/C48mx500_3DVarAOWCDA_be51ea02-6363/gdas.2021032500/analdiag.2126922/diag.sh sndr_g12 03 anl 0
0 .nc4'
+ exglobal_diag.sh[158]echo diag_sndr_g12_anl.2021032500.nc4.gz
+ exglobal_diag.sh[159]numfile[n]=188
+ exglobal_diag.sh[152]for type in ${diagtype[n]}
++ exglobal_diag.sh[153]wc -c
++ exglobal_diag.sh[153]find './dir.*/ssmi_f10_03*' -type f -printf .
find: â./dir.*/ssmi_f10_03*â: No such file or directory
++ exglobal_diag.sh[153]echo 0
+ exglobal_diag.sh[153]count='0
0'
+ exglobal_diag.sh[154][[ 0
0 -eq 0 ]]
/gpfs/f6/drsa-precip3/world-shared/global/CI/GITLAB/pr_cases_4328_be51ea02_6363/global-workflow/scripts/exglobal_diag.sh: line 154: [[: 0
0: syntax error in expression (error token is "0")
+ exglobal_diag.sh[157]echo '/gpfs/f6/drsa-precip4/world-shared/role.glopara/RUNDIRS/C48mx500_3DVarAOWCDA_be51ea02-6363/gdas.2021032500/analdiag.2126922/diag.sh ssmi_f10 03 anl 0
0 .nc4'
+ exglobal_diag.sh[158]echo diag_ssmi_f10_anl.2021032500.nc4.gz
+ exglobal_diag.sh[159]numfile[n]=189
+ exglobal_diag.sh[152]for type in ${diagtype[n]}
++ exglobal_diag.sh[153]wc -c
++ exglobal_diag.sh[153]find './dir.*/ssmi_f11_03*' -type f -printf .
find: â./dir.*/ssmi_f11_03*â: No such file or directory
++ exglobal_diag.sh[153]echo 0
+ exglobal_diag.sh[153]count='0
0'
+ exglobal_diag.sh[154][[ 0
0 -eq 0 ]]
/gpfs/f6/drsa-precip3/world-shared/global/CI/GITLAB/pr_cases_4328_be51ea02_6363/global-workflow/scripts/exglobal_diag.sh: line 154: [[: 0
0: syntax error in expression (error token is "0")
+ exglobal_diag.sh[157]echo '/gpfs/f6/drsa-precip4/world-shared/role.glopara/RUNDIRS/C48mx500_3DVarAOWCDA_be51ea02-6363/gdas.2021032500/analdiag.2126922/diag.sh ssmi_f11 03 anl 0
0 .nc4'
+ exglobal_diag.sh[158]echo diag_ssmi_f11_anl.2021032500.nc4.gz
+ exglobal_diag.sh[159]numfile[n]=190
+ exglobal_diag.sh[152]for type in ${diagtype[n]}
++ exglobal_diag.sh[153]wc -c
++ exglobal_diag.sh[153]find './dir.*/ssmi_f13_03*' -type f -printf .
find: â./dir.*/ssmi_f13_03*â: No such file or directory
++ exglobal_diag.sh[153]echo 0
+ exglobal_diag.sh[153]count='0
0'
+ exglobal_diag.sh[154][[ 0
0 -eq 0 ]]
/gpfs/f6/drsa-precip3/world-shared/global/CI/GITLAB/pr_cases_4328_be51ea02_6363/global-workflow/scripts/exglobal_diag.sh: line 154: [[: 0
0: syntax error in expression (error token is "0")
+ exglobal_diag.sh[157]echo '/gpfs/f6/drsa-precip4/world-shared/role.glopara/RUNDIRS/C48mx500_3DVarAOWCDA_be51ea02-6363/gdas.2021032500/analdiag.2126922/diag.sh ssmi_f13 03 anl 0
0 .nc4'
+ exglobal_diag.sh[158]echo diag_ssmi_f13_anl.2021032500.nc4.gz
+ exglobal_diag.sh[159]numfile[n]=191
+ exglobal_diag.sh[152]for type in ${diagtype[n]}
++ exglobal_diag.sh[153]wc -c
++ exglobal_diag.sh[153]find './dir.*/ssmi_f14_03*' -type f -printf .
find: â./dir.*/ssmi_f14_03*â: No such file or directory
++ exglobal_diag.sh[153]echo 0
+ exglobal_diag.sh[153]count='0
0'
+ exglobal_diag.sh[154][[ 0
0 -eq 0 ]]
/gpfs/f6/drsa-precip3/world-shared/global/CI/GITLAB/pr_cases_4328_be51ea02_6363/global-workflow/scripts/exglobal_diag.sh: line 154: [[: 0
0: syntax error in expression (error token is "0")
+ exglobal_diag.sh[157]echo '/gpfs/f6/drsa-precip4/world-shared/role.glopara/RUNDIRS/C48mx500_3DVarAOWCDA_be51ea02-6363/gdas.2021032500/analdiag.2126922/diag.sh ssmi_f14 03 anl 0
0 .nc4'
+ exglobal_diag.sh[158]echo diag_ssmi_f14_anl.2021032500.nc4.gz
+ exglobal_diag.sh[159]numfile[n]=192
+ exglobal_diag.sh[152]for type in ${diagtype[n]}
++ exglobal_diag.sh[153]wc -c
++ exglobal_diag.sh[153]find './dir.*/ssmi_f15_03*' -type f -printf .
find: â./dir.*/ssmi_f15_03*â: No such file or directory
++ exglobal_diag.sh[153]echo 0
+ exglobal_diag.sh[153]count='0
0'
+ exglobal_diag.sh[154][[ 0
0 -eq 0 ]]
/gpfs/f6/drsa-precip3/world-shared/global/CI/GITLAB/pr_cases_4328_be51ea02_6363/global-workflow/scripts/exglobal_diag.sh: line 154: [[: 0
0: syntax error in expression (error token is "0")
+ exglobal_diag.sh[157]echo '/gpfs/f6/drsa-precip4/world-shared/role.glopara/RUNDIRS/C48mx500_3DVarAOWCDA_be51ea02-6363/gdas.2021032500/analdiag.2126922/diag.sh ssmi_f15 03 anl 0
0 .nc4'
+ exglobal_diag.sh[158]echo diag_ssmi_f15_anl.2021032500.nc4.gz
+ exglobal_diag.sh[159]numfile[n]=193
+ exglobal_diag.sh[152]for type in ${diagtype[n]}
++ exglobal_diag.sh[153]wc -c
++ exglobal_diag.sh[153]find './dir.*/ssmis_f16_03*' -type f -printf .
find: â./dir.*/ssmis_f16_03*â: No such file or directory
++ exglobal_diag.sh[153]echo 0
+ exglobal_diag.sh[153]count='0
0'
+ exglobal_diag.sh[154][[ 0
0 -eq 0 ]]
/gpfs/f6/drsa-precip3/world-shared/global/CI/GITLAB/pr_cases_4328_be51ea02_6363/global-workflow/scripts/exglobal_diag.sh: line 154: [[: 0
0: syntax error in expression (error token is "0")
+ exglobal_diag.sh[157]echo '/gpfs/f6/drsa-precip4/world-shared/role.glopara/RUNDIRS/C48mx500_3DVarAOWCDA_be51ea02-6363/gdas.2021032500/analdiag.2126922/diag.sh ssmis_f16 03 anl 0
0 .nc4'
+ exglobal_diag.sh[158]echo diag_ssmis_f16_anl.2021032500.nc4.gz
+ exglobal_diag.sh[159]numfile[n]=194
+ exglobal_diag.sh[152]for type in ${diagtype[n]}
++ exglobal_diag.sh[153]wc -c
++ exglobal_diag.sh[153]find ./dir.0000/ssmis_f17_03.nc4 ./dir.0001/ssmis_f17_03.nc4 ./dir.0007/ssmis_f17_03.nc4 ./dir.0008/ssmis_f17_03.nc4 ./dir.0009/ssmis_f17_03.nc4 ./dir.0014/ssmis_f17_03.nc4 ./dir.0015/ssmis_f17_03.nc4 ./dir.0016/ssmis_f17_03.nc4 ./dir.0017/ssmis_f17_03.nc4 ./dir.0018/ssmis_f17_03.nc4 ./dir.0019/ssmis_f17_03.nc4 ./dir.0020/ssmis_f17_03.nc4 ./dir.0021/ssmis_f17_03.nc4 ./dir.0022/ssmis_f17_03.nc4 ./dir.0023/ssmis_f17_03.nc4 ./dir.0024/ssmis_f17_03.nc4 ./dir.0025/ssmis_f17_03.nc4 ./dir.0026/ssmis_f17_03.nc4 ./dir.0027/ssmis_f17_03.nc4 ./dir.0028/ssmis_f17_03.nc4 ./dir.0029/ssmis_f17_03.nc4 ./dir.0030/ssmis_f17_03.nc4 ./dir.0031/ssmis_f17_03.nc4 ./dir.0032/ssmis_f17_03.nc4 ./dir.0033/ssmis_f17_03.nc4 ./dir.0034/ssmis_f17_03.nc4 ./dir.0035/ssmis_f17_03.nc4 ./dir.0036/ssmis_f17_03.nc4 ./dir.0037/ssmis_f17_03.nc4 ./dir.0039/ssmis_f17_03.nc4 ./dir.0040/ssmis_f17_03.nc4 ./dir.0041/ssmis_f17_03.nc4 ./dir.0047/ssmis_f17_03.nc4 ./dir.0051/ssmis_f17_03.nc4 ./dir.0052/ssmis_f17_03.nc4 ./dir.0053/ssmis_f17_03.nc4 ./dir.0054/ssmis_f17_03.nc4 ./dir.0055/ssmis_f17_03.nc4 ./dir.0056/ssmis_f17_03.nc4 ./dir.0057/ssmis_f17_03.nc4 ./dir.0058/ssmis_f17_03.nc4 ./dir.0059/ssmis_f17_03.nc4 ./dir.0060/ssmis_f17_03.nc4 ./dir.0061/ssmis_f17_03.nc4 ./dir.0062/ssmis_f17_03.nc4 ./dir.0063/ssmis_f17_03.nc4 ./dir.0064/ssmis_f17_03.nc4 ./dir.0065/ssmis_f17_03.nc4 ./dir.0066/ssmis_f17_03.nc4 ./dir.0067/ssmis_f17_03.nc4 ./dir.0068/ssmis_f17_03.nc4 ./dir.0069/ssmis_f17_03.nc4 ./dir.0070/ssmis_f17_03.nc4 ./dir.0071/ssmis_f17_03.nc4 ./dir.0072/ssmis_f17_03.nc4 ./dir.0073/ssmis_f17_03.nc4 ./dir.0074/ssmis_f17_03.nc4 ./dir.0075/ssmis_f17_03.nc4 ./dir.0076/ssmis_f17_03.nc4 ./dir.0077/ssmis_f17_03.nc4 ./dir.0078/ssmis_f17_03.nc4 ./dir.0079/ssmis_f17_03.nc4 -type f -printf .
+ exglobal_diag.sh[153]count=62
+ exglobal_diag.sh[154][[ 62 -eq 0 ]]
+ exglobal_diag.sh[157]echo '/gpfs/f6/drsa-precip4/world-shared/role.glopara/RUNDIRS/C48mx500_3DVarAOWCDA_be51ea02-6363/gdas.2021032500/analdiag.2126922/diag.sh ssmis_f17 03 anl 62 .nc4'
+ exglobal_diag.sh[158]echo diag_ssmis_f17_anl.2021032500.nc4.gz
+ exglobal_diag.sh[159]numfile[n]=195
+ exglobal_diag.sh[152]for type in ${diagtype[n]}
++ exglobal_diag.sh[153]wc -c
++ exglobal_diag.sh[153]find ./dir.0000/ssmis_f18_03.nc4 ./dir.0001/ssmis_f18_03.nc4 ./dir.0002/ssmis_f18_03.nc4 ./dir.0004/ssmis_f18_03.nc4 ./dir.0005/ssmis_f18_03.nc4 ./dir.0006/ssmis_f18_03.nc4 ./dir.0007/ssmis_f18_03.nc4 ./dir.0008/ssmis_f18_03.nc4 ./dir.0009/ssmis_f18_03.nc4 ./dir.0010/ssmis_f18_03.nc4 ./dir.0011/ssmis_f18_03.nc4 ./dir.0012/ssmis_f18_03.nc4 ./dir.0013/ssmis_f18_03.nc4 ./dir.0014/ssmis_f18_03.nc4 ./dir.0015/ssmis_f18_03.nc4 ./dir.0016/ssmis_f18_03.nc4 ./dir.0017/ssmis_f18_03.nc4 ./dir.0018/ssmis_f18_03.nc4 ./dir.0019/ssmis_f18_03.nc4 ./dir.0020/ssmis_f18_03.nc4 ./dir.0021/ssmis_f18_03.nc4 ./dir.0022/ssmis_f18_03.nc4 ./dir.0023/ssmis_f18_03.nc4 ./dir.0024/ssmis_f18_03.nc4 ./dir.0025/ssmis_f18_03.nc4 ./dir.0026/ssmis_f18_03.nc4 ./dir.0027/ssmis_f18_03.nc4 ./dir.0032/ssmis_f18_03.nc4 ./dir.0033/ssmis_f18_03.nc4 ./dir.0034/ssmis_f18_03.nc4 ./dir.0040/ssmis_f18_03.nc4 ./dir.0041/ssmis_f18_03.nc4 ./dir.0045/ssmis_f18_03.nc4 ./dir.0046/ssmis_f18_03.nc4 ./dir.0047/ssmis_f18_03.nc4 ./dir.0048/ssmis_f18_03.nc4 ./dir.0049/ssmis_f18_03.nc4 ./dir.0050/ssmis_f18_03.nc4 ./dir.0051/ssmis_f18_03.nc4 ./dir.0052/ssmis_f18_03.nc4 ./dir.0053/ssmis_f18_03.nc4 ./dir.0054/ssmis_f18_03.nc4 ./dir.0055/ssmis_f18_03.nc4 ./dir.0056/ssmis_f18_03.nc4 ./dir.0057/ssmis_f18_03.nc4 ./dir.0058/ssmis_f18_03.nc4 ./dir.0059/ssmis_f18_03.nc4 ./dir.0060/ssmis_f18_03.nc4 ./dir.0061/ssmis_f18_03.nc4 ./dir.0062/ssmis_f18_03.nc4 ./dir.0063/ssmis_f18_03.nc4 ./dir.0064/ssmis_f18_03.nc4 ./dir.0065/ssmis_f18_03.nc4 ./dir.0066/ssmis_f18_03.nc4 ./dir.0067/ssmis_f18_03.nc4 ./dir.0068/ssmis_f18_03.nc4 ./dir.0069/ssmis_f18_03.nc4 ./dir.0070/ssmis_f18_03.nc4 ./dir.0071/ssmis_f18_03.nc4 ./dir.0072/ssmis_f18_03.nc4 ./dir.0073/ssmis_f18_03.nc4 ./dir.0078/ssmis_f18_03.nc4 -type f -printf .
+ exglobal_diag.sh[153]count=62
+ exglobal_diag.sh[154][[ 62 -eq 0 ]]
+ exglobal_diag.sh[157]echo '/gpfs/f6/drsa-precip4/world-shared/role.glopara/RUNDIRS/C48mx500_3DVarAOWCDA_be51ea02-6363/gdas.2021032500/analdiag.2126922/diag.sh ssmis_f18 03 anl 62 .nc4'
+ exglobal_diag.sh[158]echo diag_ssmis_f18_anl.2021032500.nc4.gz
+ exglobal_diag.sh[159]numfile[n]=196
+ exglobal_diag.sh[152]for type in ${diagtype[n]}
++ exglobal_diag.sh[153]wc -c
++ exglobal_diag.sh[153]find './dir.*/ssu_tirosn_03*' -type f -printf .
find: â./dir.*/ssu_tirosn_03*â: No such file or directory
++ exglobal_diag.sh[153]echo 0
+ exglobal_diag.sh[153]count='0
0'
+ exglobal_diag.sh[154][[ 0
0 -eq 0 ]]
/gpfs/f6/drsa-precip3/world-shared/global/CI/GITLAB/pr_cases_4328_be51ea02_6363/global-workflow/scripts/exglobal_diag.sh: line 154: [[: 0
0: syntax error in expression (error token is "0")
+ exglobal_diag.sh[157]echo '/gpfs/f6/drsa-precip4/world-shared/role.glopara/RUNDIRS/C48mx500_3DVarAOWCDA_be51ea02-6363/gdas.2021032500/analdiag.2126922/diag.sh ssu_tirosn 03 anl 0
0 .nc4'
+ exglobal_diag.sh[158]echo diag_ssu_tirosn_anl.2021032500.nc4.gz
+ exglobal_diag.sh[159]numfile[n]=197
+ exglobal_diag.sh[152]for type in ${diagtype[n]}
++ exglobal_diag.sh[153]wc -c
++ exglobal_diag.sh[153]find './dir.*/ssu_n06_03*' -type f -printf .
find: â./dir.*/ssu_n06_03*â: No such file or directory
++ exglobal_diag.sh[153]echo 0
+ exglobal_diag.sh[153]count='0
0'
+ exglobal_diag.sh[154][[ 0
0 -eq 0 ]]
/gpfs/f6/drsa-precip3/world-shared/global/CI/GITLAB/pr_cases_4328_be51ea02_6363/global-workflow/scripts/exglobal_diag.sh: line 154: [[: 0
0: syntax error in expression (error token is "0")
+ exglobal_diag.sh[157]echo '/gpfs/f6/drsa-precip4/world-shared/role.glopara/RUNDIRS/C48mx500_3DVarAOWCDA_be51ea02-6363/gdas.2021032500/analdiag.2126922/diag.sh ssu_n06 03 anl 0
0 .nc4'
+ exglobal_diag.sh[158]echo diag_ssu_n06_anl.2021032500.nc4.gz
+ exglobal_diag.sh[159]numfile[n]=198
+ exglobal_diag.sh[152]for type in ${diagtype[n]}
++ exglobal_diag.sh[153]wc -c
++ exglobal_diag.sh[153]find './dir.*/ssu_n07_03*' -type f -printf .
find: â./dir.*/ssu_n07_03*â: No such file or directory
++ exglobal_diag.sh[153]echo 0
+ exglobal_diag.sh[153]count='0
0'
+ exglobal_diag.sh[154][[ 0
0 -eq 0 ]]
/gpfs/f6/drsa-precip3/world-shared/global/CI/GITLAB/pr_cases_4328_be51ea02_6363/global-workflow/scripts/exglobal_diag.sh: line 154: [[: 0
0: syntax error in expression (error token is "0")
+ exglobal_diag.sh[157]echo '/gpfs/f6/drsa-precip4/world-shared/role.glopara/RUNDIRS/C48mx500_3DVarAOWCDA_be51ea02-6363/gdas.2021032500/analdiag.2126922/diag.sh ssu_n07 03 anl 0
0 .nc4'
+ exglobal_diag.sh[158]echo diag_ssu_n07_anl.2021032500.nc4.gz
+ exglobal_diag.sh[159]numfile[n]=199
+ exglobal_diag.sh[152]for type in ${diagtype[n]}
++ exglobal_diag.sh[153]wc -c
++ exglobal_diag.sh[153]find './dir.*/ssu_n08_03*' -type f -printf .
find: â./dir.*/ssu_n08_03*â: No such file or directory
++ exglobal_diag.sh[153]echo 0
+ exglobal_diag.sh[153]count='0
0'
+ exglobal_diag.sh[154][[ 0
0 -eq 0 ]]
/gpfs/f6/drsa-precip3/world-shared/global/CI/GITLAB/pr_cases_4328_be51ea02_6363/global-workflow/scripts/exglobal_diag.sh: line 154: [[: 0
0: syntax error in expression (error token is "0")
+ exglobal_diag.sh[157]echo '/gpfs/f6/drsa-precip4/world-shared/role.glopara/RUNDIRS/C48mx500_3DVarAOWCDA_be51ea02-6363/gdas.2021032500/analdiag.2126922/diag.sh ssu_n08 03 anl 0
0 .nc4'
+ exglobal_diag.sh[158]echo diag_ssu_n08_anl.2021032500.nc4.gz
+ exglobal_diag.sh[159]numfile[n]=200
+ exglobal_diag.sh[152]for type in ${diagtype[n]}
++ exglobal_diag.sh[153]wc -c
++ exglobal_diag.sh[153]find './dir.*/ssu_n09_03*' -type f -printf .
find: â./dir.*/ssu_n09_03*â: No such file or directory
++ exglobal_diag.sh[153]echo 0
+ exglobal_diag.sh[153]count='0
0'
+ exglobal_diag.sh[154][[ 0
0 -eq 0 ]]
/gpfs/f6/drsa-precip3/world-shared/global/CI/GITLAB/pr_cases_4328_be51ea02_6363/global-workflow/scripts/exglobal_diag.sh: line 154: [[: 0
0: syntax error in expression (error token is "0")
+ exglobal_diag.sh[157]echo '/gpfs/f6/drsa-precip4/world-shared/role.glopara/RUNDIRS/C48mx500_3DVarAOWCDA_be51ea02-6363/gdas.2021032500/analdiag.2126922/diag.sh ssu_n09 03 anl 0
0 .nc4'
+ exglobal_diag.sh[158]echo diag_ssu_n09_anl.2021032500.nc4.gz
+ exglobal_diag.sh[159]numfile[n]=201
+ exglobal_diag.sh[152]for type in ${diagtype[n]}
++ exglobal_diag.sh[153]wc -c
++ exglobal_diag.sh[153]find './dir.*/ssu_n11_03*' -type f -printf .
find: â./dir.*/ssu_n11_03*â: No such file or directory
++ exglobal_diag.sh[153]echo 0
+ exglobal_diag.sh[153]count='0
0'
+ exglobal_diag.sh[154][[ 0
0 -eq 0 ]]
/gpfs/f6/drsa-precip3/world-shared/global/CI/GITLAB/pr_cases_4328_be51ea02_6363/global-workflow/scripts/exglobal_diag.sh: line 154: [[: 0
0: syntax error in expression (error token is "0")
+ exglobal_diag.sh[157]echo '/gpfs/f6/drsa-precip4/world-shared/role.glopara/RUNDIRS/C48mx500_3DVarAOWCDA_be51ea02-6363/gdas.2021032500/analdiag.2126922/diag.sh ssu_n11 03 anl 0
0 .nc4'
+ exglobal_diag.sh[158]echo diag_ssu_n11_anl.2021032500.nc4.gz
+ exglobal_diag.sh[159]numfile[n]=202
+ exglobal_diag.sh[152]for type in ${diagtype[n]}
++ exglobal_diag.sh[153]wc -c
++ exglobal_diag.sh[153]find './dir.*/ssu_n14_03*' -type f -printf .
find: â./dir.*/ssu_n14_03*â: No such file or directory
++ exglobal_diag.sh[153]echo 0
+ exglobal_diag.sh[153]count='0
0'
+ exglobal_diag.sh[154][[ 0
0 -eq 0 ]]
/gpfs/f6/drsa-precip3/world-shared/global/CI/GITLAB/pr_cases_4328_be51ea02_6363/global-workflow/scripts/exglobal_diag.sh: line 154: [[: 0
0: syntax error in expression (error token is "0")
+ exglobal_diag.sh[157]echo '/gpfs/f6/drsa-precip4/world-shared/role.glopara/RUNDIRS/C48mx500_3DVarAOWCDA_be51ea02-6363/gdas.2021032500/analdiag.2126922/diag.sh ssu_n14 03 anl 0
0 .nc4'
+ exglobal_diag.sh[158]echo diag_ssu_n14_anl.2021032500.nc4.gz
+ exglobal_diag.sh[159]numfile[n]=203
+ exglobal_diag.sh[152]for type in ${diagtype[n]}
++ exglobal_diag.sh[153]wc -c
++ exglobal_diag.sh[153]find './dir.*/viirs-m_npp_03*' -type f -printf .
find: â./dir.*/viirs-m_npp_03*â: No such file or directory
++ exglobal_diag.sh[153]echo 0
+ exglobal_diag.sh[153]count='0
0'
+ exglobal_diag.sh[154][[ 0
0 -eq 0 ]]
/gpfs/f6/drsa-precip3/world-shared/global/CI/GITLAB/pr_cases_4328_be51ea02_6363/global-workflow/scripts/exglobal_diag.sh: line 154: [[: 0
0: syntax error in expression (error token is "0")
+ exglobal_diag.sh[157]echo '/gpfs/f6/drsa-precip4/world-shared/role.glopara/RUNDIRS/C48mx500_3DVarAOWCDA_be51ea02-6363/gdas.2021032500/analdiag.2126922/diag.sh viirs-m_npp 03 anl 0
0 .nc4'
+ exglobal_diag.sh[158]echo diag_viirs-m_npp_anl.2021032500.nc4.gz
+ exglobal_diag.sh[159]numfile[n]=204
+ exglobal_diag.sh[152]for type in ${diagtype[n]}
++ exglobal_diag.sh[153]wc -c
++ exglobal_diag.sh[153]find './dir.*/viirs-m_j1_03*' -type f -printf .
find: â./dir.*/viirs-m_j1_03*â: No such file or directory
++ exglobal_diag.sh[153]echo 0
+ exglobal_diag.sh[153]count='0
0'
+ exglobal_diag.sh[154][[ 0
0 -eq 0 ]]
/gpfs/f6/drsa-precip3/world-shared/global/CI/GITLAB/pr_cases_4328_be51ea02_6363/global-workflow/scripts/exglobal_diag.sh: line 154: [[: 0
0: syntax error in expression (error token is "0")
+ exglobal_diag.sh[157]echo '/gpfs/f6/drsa-precip4/world-shared/role.glopara/RUNDIRS/C48mx500_3DVarAOWCDA_be51ea02-6363/gdas.2021032500/analdiag.2126922/diag.sh viirs-m_j1 03 anl 0
0 .nc4'
+ exglobal_diag.sh[158]echo diag_viirs-m_j1_anl.2021032500.nc4.gz
+ exglobal_diag.sh[159]numfile[n]=205
+ exglobal_diag.sh[152]for type in ${diagtype[n]}
++ exglobal_diag.sh[153]wc -c
++ exglobal_diag.sh[153]find './dir.*/viirs-m_j2_03*' -type f -printf .
find: â./dir.*/viirs-m_j2_03*â: No such file or directory
++ exglobal_diag.sh[153]echo 0
+ exglobal_diag.sh[153]count='0
0'
+ exglobal_diag.sh[154][[ 0
0 -eq 0 ]]
/gpfs/f6/drsa-precip3/world-shared/global/CI/GITLAB/pr_cases_4328_be51ea02_6363/global-workflow/scripts/exglobal_diag.sh: line 154: [[: 0
0: syntax error in expression (error token is "0")
+ exglobal_diag.sh[157]echo '/gpfs/f6/drsa-precip4/world-shared/role.glopara/RUNDIRS/C48mx500_3DVarAOWCDA_be51ea02-6363/gdas.2021032500/analdiag.2126922/diag.sh viirs-m_j2 03 anl 0
0 .nc4'
+ exglobal_diag.sh[158]echo diag_viirs-m_j2_anl.2021032500.nc4.gz
+ exglobal_diag.sh[159]numfile[n]=206
+ exglobal_diag.sh[150][[ 3 -lt 3 ]]
+ exglobal_diag.sh[162]echo 'END loop anl'
END loop anl
++ exglobal_diag.sh[165]wc -l
+ exglobal_diag.sh[165]ncmd=478
+ exglobal_diag.sh[166][[ 478 -eq 0 ]]
+ exglobal_diag.sh[174]split -l 192 ./cmdfile cmdfile_part_
++ exglobal_diag.sh[175]ls cmdfile_part_aa cmdfile_part_ab cmdfile_part_ac
+ exglobal_diag.sh[175]cmdfile_parts='cmdfile_part_aa
cmdfile_part_ab
cmdfile_part_ac'
+ exglobal_diag.sh[176]for partfile in ${cmdfile_parts}
+ exglobal_diag.sh[177]/gpfs/f6/drsa-precip3/world-shared/global/CI/GITLAB/pr_cases_4328_be51ea02_6363/global-workflow/ush/run_mpmd.sh cmdfile_part_aa
+ bash[8]'[' -z '' ']'
+ bash[9]case "$-" in
+ bash[12]__lmod_vx=x
+ bash[16]'[' -n x ']'
+ bash[16]set +x
Shell debugging temporarily silenced: export LMOD_SH_DBG_ON=1 for this output (/opt/cray/pe/lmod/lmod/init/bash)
Shell debugging restarted
+ bash[178]unset __lmod_vx
+ run_mpmd.sh[31]source /gpfs/f6/drsa-precip3/world-shared/global/CI/GITLAB/pr_cases_4328_be51ea02_6363/global-workflow/ush/preamble.sh
++ preamble.sh[20]set +x
Begin run_mpmd.sh at 20:52:34
+ run_mpmd.sh[33]cmdfile=cmdfile_part_aa
+ run_mpmd.sh[36][[ YES != \Y\E\S ]]
+ run_mpmd.sh[46]export OMP_NUM_THREADS=1
+ run_mpmd.sh[46]OMP_NUM_THREADS=1
++ run_mpmd.sh[49]wc -l
+ run_mpmd.sh[49]nprocs=192
+ run_mpmd.sh[52]mpmd_cmdfile=/gpfs/f6/drsa-precip4/world-shared/role.glopara/RUNDIRS/C48mx500_3DVarAOWCDA_be51ea02-6363/gdas.2021032500/analdiag.2126922/mpmd_cmdfile
+ run_mpmd.sh[53][[ -s /gpfs/f6/drsa-precip4/world-shared/role.glopara/RUNDIRS/C48mx500_3DVarAOWCDA_be51ea02-6363/gdas.2021032500/analdiag.2126922/mpmd_cmdfile ]]
+ run_mpmd.sh[55]cat
  INFO: Executing MPMD job, STDOUT redirected for each process separately
  INFO: On failure, logs for each job will be available in /gpfs/f6/drsa-precip4/world-shared/role.glopara/RUNDIRS/C48mx500_3DVarAOWCDA_be51ea02-6363/gdas.2021032500/analdiag.2126922/mpmd.proc_num.out
  INFO: The proc_num corresponds to the line in '/gpfs/f6/drsa-precip4/world-shared/role.glopara/RUNDIRS/C48mx500_3DVarAOWCDA_be51ea02-6363/gdas.2021032500/analdiag.2126922/mpmd_cmdfile'
+ run_mpmd.sh[61][[ srun -l --export=ALL --distribution=block:block =~ ^srun.* ]]
+ run_mpmd.sh[65]nm=0
+ run_mpmd.sh[66]IFS=
+ run_mpmd.sh[66]read -r line
+ run_mpmd.sh[67]echo '0 /gpfs/f6/drsa-precip4/world-shared/role.glopara/RUNDIRS/C48mx500_3DVarAOWCDA_be51ea02-6363/gdas.2021032500/analdiag.2126922/diag.sh conv 01 ges 0'
+ run_mpmd.sh[68](( nm = nm + 1 ))
+ run_mpmd.sh[66]IFS=
+ run_mpmd.sh[66]read -r line
+ run_mpmd.sh[67]echo '1 0 .nc4'
+ run_mpmd.sh[68](( nm = nm + 1 ))
+ run_mpmd.sh[66]IFS=
+ run_mpmd.sh[66]read -r line
+ run_mpmd.sh[67]echo '2 /gpfs/f6/drsa-precip4/world-shared/role.glopara/RUNDIRS/C48mx500_3DVarAOWCDA_be51ea02-6363/gdas.2021032500/analdiag.2126922/diag.sh conv_gps 01 ges 84 .nc4'
+ run_mpmd.sh[68](( nm = nm + 1 ))
+ run_mpmd.sh[66]IFS=
+ run_mpmd.sh[66]read -r line
+ run_mpmd.sh[67]echo '3 /gpfs/f6/drsa-precip4/world-shared/role.glopara/RUNDIRS/C48mx500_3DVarAOWCDA_be51ea02-6363/gdas.2021032500/analdiag.2126922/diag.sh conv_ps 01 ges 84 .nc4'
+ run_mpmd.sh[68](( nm = nm + 1 ))
+ run_mpmd.sh[66]IFS=
+ run_mpmd.sh[66]read -r line
+ run_mpmd.sh[67]echo '4 /gpfs/f6/drsa-precip4/world-shared/role.glopara/RUNDIRS/C48mx500_3DVarAOWCDA_be51ea02-6363/gdas.2021032500/analdiag.2126922/diag.sh conv_pw 01 ges 20 .nc4'
+ run_mpmd.sh[68](( nm = nm + 1 ))
+ run_mpmd.sh[66]IFS=
+ run_mpmd.sh[66]read -r line
+ run_mpmd.sh[67]echo '5 /gpfs/f6/drsa-precip4/world-shared/role.glopara/RUNDIRS/C48mx500_3DVarAOWCDA_be51ea02-6363/gdas.2021032500/analdiag.2126922/diag.sh conv_q 01 ges 74 .nc4'
+ run_mpmd.sh[68](( nm = nm + 1 ))
+ run_mpmd.sh[66]IFS=
+ run_mpmd.sh[66]read -r line
+ run_mpmd.sh[67]echo '6 /gpfs/f6/drsa-precip4/world-shared/role.glopara/RUNDIRS/C48mx500_3DVarAOWCDA_be51ea02-6363/gdas.2021032500/analdiag.2126922/diag.sh conv_sst 01 ges 61 .nc4'
+ run_mpmd.sh[68](( nm = nm + 1 ))
+ run_mpmd.sh[66]IFS=
+ run_mpmd.sh[66]read -r line
+ run_mpmd.sh[67]echo '7 /gpfs/f6/drsa-precip4/world-shared/role.glopara/RUNDIRS/C48mx500_3DVarAOWCDA_be51ea02-6363/gdas.2021032500/analdiag.2126922/diag.sh conv_t 01 ges 77 .nc4'
+ run_mpmd.sh[68](( nm = nm + 1 ))
+ run_mpmd.sh[66]IFS=
+ run_mpmd.sh[66]read -r line
+ run_mpmd.sh[67]echo '8 /gpfs/f6/drsa-precip4/world-shared/role.glopara/RUNDIRS/C48mx500_3DVarAOWCDA_be51ea02-6363/gdas.2021032500/analdiag.2126922/diag.sh conv_tcp 01 ges 0'
+ run_mpmd.sh[68](( nm = nm + 1 ))
+ run_mpmd.sh[66]IFS=
+ run_mpmd.sh[66]read -r line
+ run_mpmd.sh[67]echo '9 0 .nc4'
+ run_mpmd.sh[68](( nm = nm + 1 ))
+ run_mpmd.sh[66]IFS=
+ run_mpmd.sh[66]read -r line
+ run_mpmd.sh[67]echo '10 /gpfs/f6/drsa-precip4/world-shared/role.glopara/RUNDIRS/C48mx500_3DVarAOWCDA_be51ea02-6363/gdas.2021032500/analdiag.2126922/diag.sh conv_uv 01 ges 84 .nc4'
+ run_mpmd.sh[68](( nm = nm + 1 ))
+ run_mpmd.sh[66]IFS=
+ run_mpmd.sh[66]read -r line
+ run_mpmd.sh[67]echo '11 /gpfs/f6/drsa-precip4/world-shared/role.glopara/RUNDIRS/C48mx500_3DVarAOWCDA_be51ea02-6363/gdas.2021032500/analdiag.2126922/diag.sh conv_spd 01 ges 0'
+ run_mpmd.sh[68](( nm = nm + 1 ))
+ run_mpmd.sh[66]IFS=
+ run_mpmd.sh[66]read -r line
+ run_mpmd.sh[67]echo '12 0 .nc4'
+ run_mpmd.sh[68](( nm = nm + 1 ))
+ run_mpmd.sh[66]IFS=
+ run_mpmd.sh[66]read -r line
+ run_mpmd.sh[67]echo '13 /gpfs/f6/drsa-precip4/world-shared/role.glopara/RUNDIRS/C48mx500_3DVarAOWCDA_be51ea02-6363/gdas.2021032500/analdiag.2126922/diag.sh pcp_ssmi_dmsp 01 ges 0'
+ run_mpmd.sh[68](( nm = nm + 1 ))
+ run_mpmd.sh[66]IFS=
+ run_mpmd.sh[66]read -r line
+ run_mpmd.sh[67]echo '14 0 .nc4'
+ run_mpmd.sh[68](( nm = nm + 1 ))
+ run_mpmd.sh[66]IFS=
+ run_mpmd.sh[66]read -r line
+ run_mpmd.sh[67]echo '15 /gpfs/f6/drsa-precip4/world-shared/role.glopara/RUNDIRS/C48mx500_3DVarAOWCDA_be51ea02-6363/gdas.2021032500/analdiag.2126922/diag.sh pcp_tmi_trmm 01 ges 0'
+ run_mpmd.sh[68](( nm = nm + 1 ))
+ run_mpmd.sh[66]IFS=
+ run_mpmd.sh[66]read -r line
+ run_mpmd.sh[67]echo '16 0 .nc4'
+ run_mpmd.sh[68](( nm = nm + 1 ))
+ run_mpmd.sh[66]IFS=
+ run_mpmd.sh[66]read -r line
+ run_mpmd.sh[67]echo '17 /gpfs/f6/drsa-precip4/world-shared/role.glopara/RUNDIRS/C48mx500_3DVarAOWCDA_be51ea02-6363/gdas.2021032500/analdiag.2126922/diag.sh omi_aura 01 ges 28 .nc4'
+ run_mpmd.sh[68](( nm = nm + 1 ))
+ run_mpmd.sh[66]IFS=
+ run_mpmd.sh[66]read -r line
+ run_mpmd.sh[67]echo '18 /gpfs/f6/drsa-precip4/world-shared/role.glopara/RUNDIRS/C48mx500_3DVarAOWCDA_be51ea02-6363/gdas.2021032500/analdiag.2126922/diag.sh mls55_aura 01 ges 0'
+ run_mpmd.sh[68](( nm = nm + 1 ))
+ run_mpmd.sh[66]IFS=
+ run_mpmd.sh[66]read -r line
+ run_mpmd.sh[67]echo '19 0 .nc4'
+ run_mpmd.sh[68](( nm = nm + 1 ))
+ run_mpmd.sh[66]IFS=
+ run_mpmd.sh[66]read -r line
+ run_mpmd.sh[67]echo '20 /gpfs/f6/drsa-precip4/world-shared/role.glopara/RUNDIRS/C48mx500_3DVarAOWCDA_be51ea02-6363/gdas.2021032500/analdiag.2126922/diag.sh omieff_aura 01 ges 0'
+ run_mpmd.sh[68](( nm = nm + 1 ))
+ run_mpmd.sh[66]IFS=
+ run_mpmd.sh[66]read -r line
+ run_mpmd.sh[67]echo '21 0 .nc4'
+ run_mpmd.sh[68](( nm = nm + 1 ))
+ run_mpmd.sh[66]IFS=
+ run_mpmd.sh[66]read -r line
+ run_mpmd.sh[67]echo '22 /gpfs/f6/drsa-precip4/world-shared/role.glopara/RUNDIRS/C48mx500_3DVarAOWCDA_be51ea02-6363/gdas.2021032500/analdiag.2126922/diag.sh ompsnp_npp 01 ges 25 .nc4'
+ run_mpmd.sh[68](( nm = nm + 1 ))
+ run_mpmd.sh[66]IFS=
+ run_mpmd.sh[66]read -r line
+ run_mpmd.sh[67]echo '23 /gpfs/f6/drsa-precip4/world-shared/role.glopara/RUNDIRS/C48mx500_3DVarAOWCDA_be51ea02-6363/gdas.2021032500/analdiag.2126922/diag.sh ompsnmeff_npp 01 ges 0'
+ run_mpmd.sh[68](( nm = nm + 1 ))
+ run_mpmd.sh[66]IFS=
+ run_mpmd.sh[66]read -r line
+ run_mpmd.sh[67]echo '24 0 .nc4'
+ run_mpmd.sh[68](( nm = nm + 1 ))
+ run_mpmd.sh[66]IFS=
+ run_mpmd.sh[66]read -r line
+ run_mpmd.sh[67]echo '25 /gpfs/f6/drsa-precip4/world-shared/role.glopara/RUNDIRS/C48mx500_3DVarAOWCDA_be51ea02-6363/gdas.2021032500/analdiag.2126922/diag.sh ompsnpnc_npp 01 ges 0'
+ run_mpmd.sh[68](( nm = nm + 1 ))
+ run_mpmd.sh[66]IFS=
+ run_mpmd.sh[66]read -r line
+ run_mpmd.sh[67]echo '26 0 .nc4'
+ run_mpmd.sh[68](( nm = nm + 1 ))
+ run_mpmd.sh[66]IFS=
+ run_mpmd.sh[66]read -r line
+ run_mpmd.sh[67]echo '27 /gpfs/f6/drsa-precip4/world-shared/role.glopara/RUNDIRS/C48mx500_3DVarAOWCDA_be51ea02-6363/gdas.2021032500/analdiag.2126922/diag.sh ompslpnc_npp 01 ges 0'
+ run_mpmd.sh[68](( nm = nm + 1 ))
+ run_mpmd.sh[66]IFS=
+ run_mpmd.sh[66]read -r line
+ run_mpmd.sh[67]echo '28 0 .nc4'
+ run_mpmd.sh[68](( nm = nm + 1 ))
+ run_mpmd.sh[66]IFS=
+ run_mpmd.sh[66]read -r line
+ run_mpmd.sh[67]echo '29 /gpfs/f6/drsa-precip4/world-shared/role.glopara/RUNDIRS/C48mx500_3DVarAOWCDA_be51ea02-6363/gdas.2021032500/analdiag.2126922/diag.sh ompsnp_n20 01 ges 26 .nc4'
+ run_mpmd.sh[68](( nm = nm + 1 ))
+ run_mpmd.sh[66]IFS=
+ run_mpmd.sh[66]read -r line
+ run_mpmd.sh[67]echo '30 /gpfs/f6/drsa-precip4/world-shared/role.glopara/RUNDIRS/C48mx500_3DVarAOWCDA_be51ea02-6363/gdas.2021032500/analdiag.2126922/diag.sh ompsnp_n21 01 ges 0'
+ run_mpmd.sh[68](( nm = nm + 1 ))
+ run_mpmd.sh[66]IFS=
+ run_mpmd.sh[66]read -r line
+ run_mpmd.sh[67]echo '31 0 .nc4'
+ run_mpmd.sh[68](( nm = nm + 1 ))
+ run_mpmd.sh[66]IFS=
+ run_mpmd.sh[66]read -r line
+ run_mpmd.sh[67]echo '32 /gpfs/f6/drsa-precip4/world-shared/role.glopara/RUNDIRS/C48mx500_3DVarAOWCDA_be51ea02-6363/gdas.2021032500/analdiag.2126922/diag.sh ompstc8_npp 01 ges 33 .nc4'
+ run_mpmd.sh[68](( nm = nm + 1 ))
+ run_mpmd.sh[66]IFS=
+ run_mpmd.sh[66]read -r line
+ run_mpmd.sh[67]echo '33 /gpfs/f6/drsa-precip4/world-shared/role.glopara/RUNDIRS/C48mx500_3DVarAOWCDA_be51ea02-6363/gdas.2021032500/analdiag.2126922/diag.sh ompstc8_n20 01 ges 35 .nc4'
+ run_mpmd.sh[68](( nm = nm + 1 ))
+ run_mpmd.sh[66]IFS=
+ run_mpmd.sh[66]read -r line
+ run_mpmd.sh[67]echo '34 /gpfs/f6/drsa-precip4/world-shared/role.glopara/RUNDIRS/C48mx500_3DVarAOWCDA_be51ea02-6363/gdas.2021032500/analdiag.2126922/diag.sh ompstc8_n21 01 ges 0'
+ run_mpmd.sh[68](( nm = nm + 1 ))
+ run_mpmd.sh[66]IFS=
+ run_mpmd.sh[66]read -r line
+ run_mpmd.sh[67]echo '35 0 .nc4'
+ run_mpmd.sh[68](( nm = nm + 1 ))
+ run_mpmd.sh[66]IFS=
+ run_mpmd.sh[66]read -r line
+ run_mpmd.sh[67]echo '36 /gpfs/f6/drsa-precip4/world-shared/role.glopara/RUNDIRS/C48mx500_3DVarAOWCDA_be51ea02-6363/gdas.2021032500/analdiag.2126922/diag.sh ompslp_npp 01 ges 17 .nc4'
+ run_mpmd.sh[68](( nm = nm + 1 ))
+ run_mpmd.sh[66]IFS=
+ run_mpmd.sh[66]read -r line
+ run_mpmd.sh[67]echo '37 /gpfs/f6/drsa-precip4/world-shared/role.glopara/RUNDIRS/C48mx500_3DVarAOWCDA_be51ea02-6363/gdas.2021032500/analdiag.2126922/diag.sh ompslp_n21 01 ges 0'
+ run_mpmd.sh[68](( nm = nm + 1 ))
+ run_mpmd.sh[66]IFS=
+ run_mpmd.sh[66]read -r line
+ run_mpmd.sh[67]echo '38 0 .nc4'
+ run_mpmd.sh[68](( nm = nm + 1 ))
+ run_mpmd.sh[66]IFS=
+ run_mpmd.sh[66]read -r line
+ run_mpmd.sh[67]echo '39 /gpfs/f6/drsa-precip4/world-shared/role.glopara/RUNDIRS/C48mx500_3DVarAOWCDA_be51ea02-6363/gdas.2021032500/analdiag.2126922/diag.sh sbuv2_nim07 01 ges 0'
+ run_mpmd.sh[68](( nm = nm + 1 ))
+ run_mpmd.sh[66]IFS=
+ run_mpmd.sh[66]read -r line
+ run_mpmd.sh[67]echo '40 0 .nc4'
+ run_mpmd.sh[68](( nm = nm + 1 ))
+ run_mpmd.sh[66]IFS=
+ run_mpmd.sh[66]read -r line
+ run_mpmd.sh[67]echo '41 /gpfs/f6/drsa-precip4/world-shared/role.glopara/RUNDIRS/C48mx500_3DVarAOWCDA_be51ea02-6363/gdas.2021032500/analdiag.2126922/diag.sh sbuv2_n09 01 ges 0'
+ run_mpmd.sh[68](( nm = nm + 1 ))
+ run_mpmd.sh[66]IFS=
+ run_mpmd.sh[66]read -r line
+ run_mpmd.sh[67]echo '42 0 .nc4'
+ run_mpmd.sh[68](( nm = nm + 1 ))
+ run_mpmd.sh[66]IFS=
+ run_mpmd.sh[66]read -r line
+ run_mpmd.sh[67]echo '43 /gpfs/f6/drsa-precip4/world-shared/role.glopara/RUNDIRS/C48mx500_3DVarAOWCDA_be51ea02-6363/gdas.2021032500/analdiag.2126922/diag.sh sbuv2_n11 01 ges 0'
+ run_mpmd.sh[68](( nm = nm + 1 ))
+ run_mpmd.sh[66]IFS=
+ run_mpmd.sh[66]read -r line
+ run_mpmd.sh[67]echo '44 0 .nc4'
+ run_mpmd.sh[68](( nm = nm + 1 ))
+ run_mpmd.sh[66]IFS=
+ run_mpmd.sh[66]read -r line
+ run_mpmd.sh[67]echo '45 /gpfs/f6/drsa-precip4/world-shared/role.glopara/RUNDIRS/C48mx500_3DVarAOWCDA_be51ea02-6363/gdas.2021032500/analdiag.2126922/diag.sh sbuv2_n14 01 ges 0'
+ run_mpmd.sh[68](( nm = nm + 1 ))
+ run_mpmd.sh[66]IFS=
+ run_mpmd.sh[66]read -r line
+ run_mpmd.sh[67]echo '46 0 .nc4'
+ run_mpmd.sh[68](( nm = nm + 1 ))
+ run_mpmd.sh[66]IFS=
+ run_mpmd.sh[66]read -r line
+ run_mpmd.sh[67]echo '47 /gpfs/f6/drsa-precip4/world-shared/role.glopara/RUNDIRS/C48mx500_3DVarAOWCDA_be51ea02-6363/gdas.2021032500/analdiag.2126922/diag.sh sbuv2_n16 01 ges 0'
+ run_mpmd.sh[68](( nm = nm + 1 ))
+ run_mpmd.sh[66]IFS=
+ run_mpmd.sh[66]read -r line
+ run_mpmd.sh[67]echo '48 0 .nc4'
+ run_mpmd.sh[68](( nm = nm + 1 ))
+ run_mpmd.sh[66]IFS=
+ run_mpmd.sh[66]read -r line
+ run_mpmd.sh[67]echo '49 /gpfs/f6/drsa-precip4/world-shared/role.glopara/RUNDIRS/C48mx500_3DVarAOWCDA_be51ea02-6363/gdas.2021032500/analdiag.2126922/diag.sh sbuv2_n17 01 ges 0'
+ run_mpmd.sh[68](( nm = nm + 1 ))
+ run_mpmd.sh[66]IFS=
+ run_mpmd.sh[66]read -r line
+ run_mpmd.sh[67]echo '50 0 .nc4'
+ run_mpmd.sh[68](( nm = nm + 1 ))
+ run_mpmd.sh[66]IFS=
+ run_mpmd.sh[66]read -r line
+ run_mpmd.sh[67]echo '51 /gpfs/f6/drsa-precip4/world-shared/role.glopara/RUNDIRS/C48mx500_3DVarAOWCDA_be51ea02-6363/gdas.2021032500/analdiag.2126922/diag.sh sbuv2_n18 01 ges 0'
+ run_mpmd.sh[68](( nm = nm + 1 ))
+ run_mpmd.sh[66]IFS=
+ run_mpmd.sh[66]read -r line
+ run_mpmd.sh[67]echo '52 0 .nc4'
+ run_mpmd.sh[68](( nm = nm + 1 ))
+ run_mpmd.sh[66]IFS=
+ run_mpmd.sh[66]read -r line
+ run_mpmd.sh[67]echo '53 /gpfs/f6/drsa-precip4/world-shared/role.glopara/RUNDIRS/C48mx500_3DVarAOWCDA_be51ea02-6363/gdas.2021032500/analdiag.2126922/diag.sh sbuv2_n19 01 ges 25 .nc4'
+ run_mpmd.sh[68](( nm = nm + 1 ))
+ run_mpmd.sh[66]IFS=
+ run_mpmd.sh[66]read -r line
+ run_mpmd.sh[67]echo '54 /gpfs/f6/drsa-precip4/world-shared/role.glopara/RUNDIRS/C48mx500_3DVarAOWCDA_be51ea02-6363/gdas.2021032500/analdiag.2126922/diag.sh gome_metop-a 01 ges 32 .nc4'
+ run_mpmd.sh[68](( nm = nm + 1 ))
+ run_mpmd.sh[66]IFS=
+ run_mpmd.sh[66]read -r line
+ run_mpmd.sh[67]echo '55 /gpfs/f6/drsa-precip4/world-shared/role.glopara/RUNDIRS/C48mx500_3DVarAOWCDA_be51ea02-6363/gdas.2021032500/analdiag.2126922/diag.sh gome_metop-b 01 ges 31 .nc4'
+ run_mpmd.sh[68](( nm = nm + 1 ))
+ run_mpmd.sh[66]IFS=
+ run_mpmd.sh[66]read -r line
+ run_mpmd.sh[67]echo '56 /gpfs/f6/drsa-precip4/world-shared/role.glopara/RUNDIRS/C48mx500_3DVarAOWCDA_be51ea02-6363/gdas.2021032500/analdiag.2126922/diag.sh gome_metop-c 01 ges 0'
+ run_mpmd.sh[68](( nm = nm + 1 ))
+ run_mpmd.sh[66]IFS=
+ run_mpmd.sh[66]read -r line
+ run_mpmd.sh[67]echo '57 0 .nc4'
+ run_mpmd.sh[68](( nm = nm + 1 ))
+ run_mpmd.sh[66]IFS=
+ run_mpmd.sh[66]read -r line
+ run_mpmd.sh[67]echo '58 /gpfs/f6/drsa-precip4/world-shared/role.glopara/RUNDIRS/C48mx500_3DVarAOWCDA_be51ea02-6363/gdas.2021032500/analdiag.2126922/diag.sh abi_g16 01 ges 20 .nc4'
+ run_mpmd.sh[68](( nm = nm + 1 ))
+ run_mpmd.sh[66]IFS=
+ run_mpmd.sh[66]read -r line
+ run_mpmd.sh[67]echo '59 /gpfs/f6/drsa-precip4/world-shared/role.glopara/RUNDIRS/C48mx500_3DVarAOWCDA_be51ea02-6363/gdas.2021032500/analdiag.2126922/diag.sh abi_g17 01 ges 21 .nc4'
+ run_mpmd.sh[68](( nm = nm + 1 ))
+ run_mpmd.sh[66]IFS=
+ run_mpmd.sh[66]read -r line
+ run_mpmd.sh[67]echo '60 /gpfs/f6/drsa-precip4/world-shared/role.glopara/RUNDIRS/C48mx500_3DVarAOWCDA_be51ea02-6363/gdas.2021032500/analdiag.2126922/diag.sh abi_g18 01 ges 0'
+ run_mpmd.sh[68](( nm = nm + 1 ))
+ run_mpmd.sh[66]IFS=
+ run_mpmd.sh[66]read -r line
+ run_mpmd.sh[67]echo '61 0 .nc4'
+ run_mpmd.sh[68](( nm = nm + 1 ))
+ run_mpmd.sh[66]IFS=
+ run_mpmd.sh[66]read -r line
+ run_mpmd.sh[67]echo '62 /gpfs/f6/drsa-precip4/world-shared/role.glopara/RUNDIRS/C48mx500_3DVarAOWCDA_be51ea02-6363/gdas.2021032500/analdiag.2126922/diag.sh abi_g19 01 ges 0'
+ run_mpmd.sh[68](( nm = nm + 1 ))
+ run_mpmd.sh[66]IFS=
+ run_mpmd.sh[66]read -r line
+ run_mpmd.sh[67]echo '63 0 .nc4'
+ run_mpmd.sh[68](( nm = nm + 1 ))
+ run_mpmd.sh[66]IFS=
+ run_mpmd.sh[66]read -r line
+ run_mpmd.sh[67]echo '64 /gpfs/f6/drsa-precip4/world-shared/role.glopara/RUNDIRS/C48mx500_3DVarAOWCDA_be51ea02-6363/gdas.2021032500/analdiag.2126922/diag.sh ahi_himawari8 01 ges 22 .nc4'
+ run_mpmd.sh[68](( nm = nm + 1 ))
+ run_mpmd.sh[66]IFS=
+ run_mpmd.sh[66]read -r line
+ run_mpmd.sh[67]echo '65 /gpfs/f6/drsa-precip4/world-shared/role.glopara/RUNDIRS/C48mx500_3DVarAOWCDA_be51ea02-6363/gdas.2021032500/analdiag.2126922/diag.sh ahi_himawari9 01 ges 0'
+ run_mpmd.sh[68](( nm = nm + 1 ))
+ run_mpmd.sh[66]IFS=
+ run_mpmd.sh[66]read -r line
+ run_mpmd.sh[67]echo '66 0 .nc4'
+ run_mpmd.sh[68](( nm = nm + 1 ))
+ run_mpmd.sh[66]IFS=
+ run_mpmd.sh[66]read -r line
+ run_mpmd.sh[67]echo '67 /gpfs/f6/drsa-precip4/world-shared/role.glopara/RUNDIRS/C48mx500_3DVarAOWCDA_be51ea02-6363/gdas.2021032500/analdiag.2126922/diag.sh airs_aqua 01 ges 0'
+ run_mpmd.sh[68](( nm = nm + 1 ))
+ run_mpmd.sh[66]IFS=
+ run_mpmd.sh[66]read -r line
+ run_mpmd.sh[67]echo '68 0 .nc4'
+ run_mpmd.sh[68](( nm = nm + 1 ))
+ run_mpmd.sh[66]IFS=
+ run_mpmd.sh[66]read -r line
+ run_mpmd.sh[67]echo '69 /gpfs/f6/drsa-precip4/world-shared/role.glopara/RUNDIRS/C48mx500_3DVarAOWCDA_be51ea02-6363/gdas.2021032500/analdiag.2126922/diag.sh amsre_aqua 01 ges 0'
+ run_mpmd.sh[68](( nm = nm + 1 ))
+ run_mpmd.sh[66]IFS=
+ run_mpmd.sh[66]read -r line
+ run_mpmd.sh[67]echo '70 0 .nc4'
+ run_mpmd.sh[68](( nm = nm + 1 ))
+ run_mpmd.sh[66]IFS=
+ run_mpmd.sh[66]read -r line
+ run_mpmd.sh[67]echo '71 /gpfs/f6/drsa-precip4/world-shared/role.glopara/RUNDIRS/C48mx500_3DVarAOWCDA_be51ea02-6363/gdas.2021032500/analdiag.2126922/diag.sh amsr2_gcom-w1 01 ges 0'
+ run_mpmd.sh[68](( nm = nm + 1 ))
+ run_mpmd.sh[66]IFS=
+ run_mpmd.sh[66]read -r line
+ run_mpmd.sh[67]echo '72 0 .nc4'
+ run_mpmd.sh[68](( nm = nm + 1 ))
+ run_mpmd.sh[66]IFS=
+ run_mpmd.sh[66]read -r line
+ run_mpmd.sh[67]echo '73 /gpfs/f6/drsa-precip4/world-shared/role.glopara/RUNDIRS/C48mx500_3DVarAOWCDA_be51ea02-6363/gdas.2021032500/analdiag.2126922/diag.sh amsua_aqua 01 ges 0'
+ run_mpmd.sh[68](( nm = nm + 1 ))
+ run_mpmd.sh[66]IFS=
+ run_mpmd.sh[66]read -r line
+ run_mpmd.sh[67]echo '74 0 .nc4'
+ run_mpmd.sh[68](( nm = nm + 1 ))
+ run_mpmd.sh[66]IFS=
+ run_mpmd.sh[66]read -r line
+ run_mpmd.sh[67]echo '75 /gpfs/f6/drsa-precip4/world-shared/role.glopara/RUNDIRS/C48mx500_3DVarAOWCDA_be51ea02-6363/gdas.2021032500/analdiag.2126922/diag.sh amsua_metop-a 01 ges 58 .nc4'
+ run_mpmd.sh[68](( nm = nm + 1 ))
+ run_mpmd.sh[66]IFS=
+ run_mpmd.sh[66]read -r line
+ run_mpmd.sh[67]echo '76 /gpfs/f6/drsa-precip4/world-shared/role.glopara/RUNDIRS/C48mx500_3DVarAOWCDA_be51ea02-6363/gdas.2021032500/analdiag.2126922/diag.sh amsua_metop-b 01 ges 60 .nc4'
+ run_mpmd.sh[68](( nm = nm + 1 ))
+ run_mpmd.sh[66]IFS=
+ run_mpmd.sh[66]read -r line
+ run_mpmd.sh[67]echo '77 /gpfs/f6/drsa-precip4/world-shared/role.glopara/RUNDIRS/C48mx500_3DVarAOWCDA_be51ea02-6363/gdas.2021032500/analdiag.2126922/diag.sh amsua_metop-c 01 ges 62 .nc4'
+ run_mpmd.sh[68](( nm = nm + 1 ))
+ run_mpmd.sh[66]IFS=
+ run_mpmd.sh[66]read -r line
+ run_mpmd.sh[67]echo '78 /gpfs/f6/drsa-precip4/world-shared/role.glopara/RUNDIRS/C48mx500_3DVarAOWCDA_be51ea02-6363/gdas.2021032500/analdiag.2126922/diag.sh amsua_n15 01 ges 56 .nc4'
+ run_mpmd.sh[68](( nm = nm + 1 ))
+ run_mpmd.sh[66]IFS=
+ run_mpmd.sh[66]read -r line
+ run_mpmd.sh[67]echo '79 /gpfs/f6/drsa-precip4/world-shared/role.glopara/RUNDIRS/C48mx500_3DVarAOWCDA_be51ea02-6363/gdas.2021032500/analdiag.2126922/diag.sh amsua_n16 01 ges 0'
+ run_mpmd.sh[68](( nm = nm + 1 ))
+ run_mpmd.sh[66]IFS=
+ run_mpmd.sh[66]read -r line
+ run_mpmd.sh[67]echo '80 0 .nc4'
+ run_mpmd.sh[68](( nm = nm + 1 ))
+ run_mpmd.sh[66]IFS=
+ run_mpmd.sh[66]read -r line
+ run_mpmd.sh[67]echo '81 /gpfs/f6/drsa-precip4/world-shared/role.glopara/RUNDIRS/C48mx500_3DVarAOWCDA_be51ea02-6363/gdas.2021032500/analdiag.2126922/diag.sh amsua_n17 01 ges 0'
+ run_mpmd.sh[68](( nm = nm + 1 ))
+ run_mpmd.sh[66]IFS=
+ run_mpmd.sh[66]read -r line
+ run_mpmd.sh[67]echo '82 0 .nc4'
+ run_mpmd.sh[68](( nm = nm + 1 ))
+ run_mpmd.sh[66]IFS=
+ run_mpmd.sh[66]read -r line
+ run_mpmd.sh[67]echo '83 /gpfs/f6/drsa-precip4/world-shared/role.glopara/RUNDIRS/C48mx500_3DVarAOWCDA_be51ea02-6363/gdas.2021032500/analdiag.2126922/diag.sh amsua_n18 01 ges 62 .nc4'
+ run_mpmd.sh[68](( nm = nm + 1 ))
+ run_mpmd.sh[66]IFS=
+ run_mpmd.sh[66]read -r line
+ run_mpmd.sh[67]echo '84 /gpfs/f6/drsa-precip4/world-shared/role.glopara/RUNDIRS/C48mx500_3DVarAOWCDA_be51ea02-6363/gdas.2021032500/analdiag.2126922/diag.sh amsua_n19 01 ges 61 .nc4'
+ run_mpmd.sh[68](( nm = nm + 1 ))
+ run_mpmd.sh[66]IFS=
+ run_mpmd.sh[66]read -r line
+ run_mpmd.sh[67]echo '85 /gpfs/f6/drsa-precip4/world-shared/role.glopara/RUNDIRS/C48mx500_3DVarAOWCDA_be51ea02-6363/gdas.2021032500/analdiag.2126922/diag.sh amsub_n15 01 ges 0'
+ run_mpmd.sh[68](( nm = nm + 1 ))
+ run_mpmd.sh[66]IFS=
+ run_mpmd.sh[66]read -r line
+ run_mpmd.sh[67]echo '86 0 .nc4'
+ run_mpmd.sh[68](( nm = nm + 1 ))
+ run_mpmd.sh[66]IFS=
+ run_mpmd.sh[66]read -r line
+ run_mpmd.sh[67]echo '87 /gpfs/f6/drsa-precip4/world-shared/role.glopara/RUNDIRS/C48mx500_3DVarAOWCDA_be51ea02-6363/gdas.2021032500/analdiag.2126922/diag.sh amsub_n16 01 ges 0'
+ run_mpmd.sh[68](( nm = nm + 1 ))
+ run_mpmd.sh[66]IFS=
+ run_mpmd.sh[66]read -r line
+ run_mpmd.sh[67]echo '88 0 .nc4'
+ run_mpmd.sh[68](( nm = nm + 1 ))
+ run_mpmd.sh[66]IFS=
+ run_mpmd.sh[66]read -r line
+ run_mpmd.sh[67]echo '89 /gpfs/f6/drsa-precip4/world-shared/role.glopara/RUNDIRS/C48mx500_3DVarAOWCDA_be51ea02-6363/gdas.2021032500/analdiag.2126922/diag.sh amsub_n17 01 ges 0'
+ run_mpmd.sh[68](( nm = nm + 1 ))
+ run_mpmd.sh[66]IFS=
+ run_mpmd.sh[66]read -r line
+ run_mpmd.sh[67]echo '90 0 .nc4'
+ run_mpmd.sh[68](( nm = nm + 1 ))
+ run_mpmd.sh[66]IFS=
+ run_mpmd.sh[66]read -r line
+ run_mpmd.sh[67]echo '91 /gpfs/f6/drsa-precip4/world-shared/role.glopara/RUNDIRS/C48mx500_3DVarAOWCDA_be51ea02-6363/gdas.2021032500/analdiag.2126922/diag.sh atms_npp 01 ges 63 .nc4'
+ run_mpmd.sh[68](( nm = nm + 1 ))
+ run_mpmd.sh[66]IFS=
+ run_mpmd.sh[66]read -r line
+ run_mpmd.sh[67]echo '92 /gpfs/f6/drsa-precip4/world-shared/role.glopara/RUNDIRS/C48mx500_3DVarAOWCDA_be51ea02-6363/gdas.2021032500/analdiag.2126922/diag.sh atms_n20 01 ges 61 .nc4'
+ run_mpmd.sh[68](( nm = nm + 1 ))
+ run_mpmd.sh[66]IFS=
+ run_mpmd.sh[66]read -r line
+ run_mpmd.sh[67]echo '93 /gpfs/f6/drsa-precip4/world-shared/role.glopara/RUNDIRS/C48mx500_3DVarAOWCDA_be51ea02-6363/gdas.2021032500/analdiag.2126922/diag.sh atms_n21 01 ges 0'
+ run_mpmd.sh[68](( nm = nm + 1 ))
+ run_mpmd.sh[66]IFS=
+ run_mpmd.sh[66]read -r line
+ run_mpmd.sh[67]echo '94 0 .nc4'
+ run_mpmd.sh[68](( nm = nm + 1 ))
+ run_mpmd.sh[66]IFS=
+ run_mpmd.sh[66]read -r line
+ run_mpmd.sh[67]echo '95 /gpfs/f6/drsa-precip4/world-shared/role.glopara/RUNDIRS/C48mx500_3DVarAOWCDA_be51ea02-6363/gdas.2021032500/analdiag.2126922/diag.sh avhrr2_n14 01 ges 0'
+ run_mpmd.sh[68](( nm = nm + 1 ))
+ run_mpmd.sh[66]IFS=
+ run_mpmd.sh[66]read -r line
+ run_mpmd.sh[67]echo '96 0 .nc4'
+ run_mpmd.sh[68](( nm = nm + 1 ))
+ run_mpmd.sh[66]IFS=
+ run_mpmd.sh[66]read -r line
+ run_mpmd.sh[67]echo '97 /gpfs/f6/drsa-precip4/world-shared/role.glopara/RUNDIRS/C48mx500_3DVarAOWCDA_be51ea02-6363/gdas.2021032500/analdiag.2126922/diag.sh avhrr3_metop-a 01 ges 0'
+ run_mpmd.sh[68](( nm = nm + 1 ))
+ run_mpmd.sh[66]IFS=
+ run_mpmd.sh[66]read -r line
+ run_mpmd.sh[67]echo '98 0 .nc4'
+ run_mpmd.sh[68](( nm = nm + 1 ))
+ run_mpmd.sh[66]IFS=
+ run_mpmd.sh[66]read -r line
+ run_mpmd.sh[67]echo '99 /gpfs/f6/drsa-precip4/world-shared/role.glopara/RUNDIRS/C48mx500_3DVarAOWCDA_be51ea02-6363/gdas.2021032500/analdiag.2126922/diag.sh avhrr3_metop-b 01 ges 0'
+ run_mpmd.sh[68](( nm = nm + 1 ))
+ run_mpmd.sh[66]IFS=
+ run_mpmd.sh[66]read -r line
+ run_mpmd.sh[67]echo '100 0 .nc4'
+ run_mpmd.sh[68](( nm = nm + 1 ))
+ run_mpmd.sh[66]IFS=
+ run_mpmd.sh[66]read -r line
+ run_mpmd.sh[67]echo '101 /gpfs/f6/drsa-precip4/world-shared/role.glopara/RUNDIRS/C48mx500_3DVarAOWCDA_be51ea02-6363/gdas.2021032500/analdiag.2126922/diag.sh avhrr3_metop-c 01 ges 0'
+ run_mpmd.sh[68](( nm = nm + 1 ))
+ run_mpmd.sh[66]IFS=
+ run_mpmd.sh[66]read -r line
+ run_mpmd.sh[67]echo '102 0 .nc4'
+ run_mpmd.sh[68](( nm = nm + 1 ))
+ run_mpmd.sh[66]IFS=
+ run_mpmd.sh[66]read -r line
+ run_mpmd.sh[67]echo '103 /gpfs/f6/drsa-precip4/world-shared/role.glopara/RUNDIRS/C48mx500_3DVarAOWCDA_be51ea02-6363/gdas.2021032500/analdiag.2126922/diag.sh avhrr3_n15 01 ges 0'
+ run_mpmd.sh[68](( nm = nm + 1 ))
+ run_mpmd.sh[66]IFS=
+ run_mpmd.sh[66]read -r line
+ run_mpmd.sh[67]echo '104 0 .nc4'
+ run_mpmd.sh[68](( nm = nm + 1 ))
+ run_mpmd.sh[66]IFS=
+ run_mpmd.sh[66]read -r line
+ run_mpmd.sh[67]echo '105 /gpfs/f6/drsa-precip4/world-shared/role.glopara/RUNDIRS/C48mx500_3DVarAOWCDA_be51ea02-6363/gdas.2021032500/analdiag.2126922/diag.sh avhrr3_n16 01 ges 0'
+ run_mpmd.sh[68](( nm = nm + 1 ))
+ run_mpmd.sh[66]IFS=
+ run_mpmd.sh[66]read -r line
+ run_mpmd.sh[67]echo '106 0 .nc4'
+ run_mpmd.sh[68](( nm = nm + 1 ))
+ run_mpmd.sh[66]IFS=
+ run_mpmd.sh[66]read -r line
+ run_mpmd.sh[67]echo '107 /gpfs/f6/drsa-precip4/world-shared/role.glopara/RUNDIRS/C48mx500_3DVarAOWCDA_be51ea02-6363/gdas.2021032500/analdiag.2126922/diag.sh avhrr3_n17 01 ges 0'
+ run_mpmd.sh[68](( nm = nm + 1 ))
+ run_mpmd.sh[66]IFS=
+ run_mpmd.sh[66]read -r line
+ run_mpmd.sh[67]echo '108 0 .nc4'
+ run_mpmd.sh[68](( nm = nm + 1 ))
+ run_mpmd.sh[66]IFS=
+ run_mpmd.sh[66]read -r line
+ run_mpmd.sh[67]echo '109 /gpfs/f6/drsa-precip4/world-shared/role.glopara/RUNDIRS/C48mx500_3DVarAOWCDA_be51ea02-6363/gdas.2021032500/analdiag.2126922/diag.sh avhrr3_n18 01 ges 0'
+ run_mpmd.sh[68](( nm = nm + 1 ))
+ run_mpmd.sh[66]IFS=
+ run_mpmd.sh[66]read -r line
+ run_mpmd.sh[67]echo '110 0 .nc4'
+ run_mpmd.sh[68](( nm = nm + 1 ))
+ run_mpmd.sh[66]IFS=
+ run_mpmd.sh[66]read -r line
+ run_mpmd.sh[67]echo '111 /gpfs/f6/drsa-precip4/world-shared/role.glopara/RUNDIRS/C48mx500_3DVarAOWCDA_be51ea02-6363/gdas.2021032500/analdiag.2126922/diag.sh avhrr3_n19 01 ges 0'
+ run_mpmd.sh[68](( nm = nm + 1 ))
+ run_mpmd.sh[66]IFS=
+ run_mpmd.sh[66]read -r line
+ run_mpmd.sh[67]echo '112 0 .nc4'
+ run_mpmd.sh[68](( nm = nm + 1 ))
+ run_mpmd.sh[66]IFS=
+ run_mpmd.sh[66]read -r line
+ run_mpmd.sh[67]echo '113 /gpfs/f6/drsa-precip4/world-shared/role.glopara/RUNDIRS/C48mx500_3DVarAOWCDA_be51ea02-6363/gdas.2021032500/analdiag.2126922/diag.sh cris_npp 01 ges 0'
+ run_mpmd.sh[68](( nm = nm + 1 ))
+ run_mpmd.sh[66]IFS=
+ run_mpmd.sh[66]read -r line
+ run_mpmd.sh[67]echo '114 0 .nc4'
+ run_mpmd.sh[68](( nm = nm + 1 ))
+ run_mpmd.sh[66]IFS=
+ run_mpmd.sh[66]read -r line
+ run_mpmd.sh[67]echo '115 /gpfs/f6/drsa-precip4/world-shared/role.glopara/RUNDIRS/C48mx500_3DVarAOWCDA_be51ea02-6363/gdas.2021032500/analdiag.2126922/diag.sh cris-fsr_npp 01 ges 69 .nc4'
+ run_mpmd.sh[68](( nm = nm + 1 ))
+ run_mpmd.sh[66]IFS=
+ run_mpmd.sh[66]read -r line
+ run_mpmd.sh[67]echo '116 /gpfs/f6/drsa-precip4/world-shared/role.glopara/RUNDIRS/C48mx500_3DVarAOWCDA_be51ea02-6363/gdas.2021032500/analdiag.2126922/diag.sh cris-fsr_n20 01 ges 69 .nc4'
+ run_mpmd.sh[68](( nm = nm + 1 ))
+ run_mpmd.sh[66]IFS=
+ run_mpmd.sh[66]read -r line
+ run_mpmd.sh[67]echo '117 /gpfs/f6/drsa-precip4/world-shared/role.glopara/RUNDIRS/C48mx500_3DVarAOWCDA_be51ea02-6363/gdas.2021032500/analdiag.2126922/diag.sh cris-fsr_n21 01 ges 0'
+ run_mpmd.sh[68](( nm = nm + 1 ))
+ run_mpmd.sh[66]IFS=
+ run_mpmd.sh[66]read -r line
+ run_mpmd.sh[67]echo '118 0 .nc4'
+ run_mpmd.sh[68](( nm = nm + 1 ))
+ run_mpmd.sh[66]IFS=
+ run_mpmd.sh[66]read -r line
+ run_mpmd.sh[67]echo '119 /gpfs/f6/drsa-precip4/world-shared/role.glopara/RUNDIRS/C48mx500_3DVarAOWCDA_be51ea02-6363/gdas.2021032500/analdiag.2126922/diag.sh gmi_gpm 01 ges 0'
+ run_mpmd.sh[68](( nm = nm + 1 ))
+ run_mpmd.sh[66]IFS=
+ run_mpmd.sh[66]read -r line
+ run_mpmd.sh[67]echo '120 0 .nc4'
+ run_mpmd.sh[68](( nm = nm + 1 ))
+ run_mpmd.sh[66]IFS=
+ run_mpmd.sh[66]read -r line
+ run_mpmd.sh[67]echo '121 /gpfs/f6/drsa-precip4/world-shared/role.glopara/RUNDIRS/C48mx500_3DVarAOWCDA_be51ea02-6363/gdas.2021032500/analdiag.2126922/diag.sh hirs2_tirosn 01 ges 0'
+ run_mpmd.sh[68](( nm = nm + 1 ))
+ run_mpmd.sh[66]IFS=
+ run_mpmd.sh[66]read -r line
+ run_mpmd.sh[67]echo '122 0 .nc4'
+ run_mpmd.sh[68](( nm = nm + 1 ))
+ run_mpmd.sh[66]IFS=
+ run_mpmd.sh[66]read -r line
+ run_mpmd.sh[67]echo '123 /gpfs/f6/drsa-precip4/world-shared/role.glopara/RUNDIRS/C48mx500_3DVarAOWCDA_be51ea02-6363/gdas.2021032500/analdiag.2126922/diag.sh hirs2_n06 01 ges 0'
+ run_mpmd.sh[68](( nm = nm + 1 ))
+ run_mpmd.sh[66]IFS=
+ run_mpmd.sh[66]read -r line
+ run_mpmd.sh[67]echo '124 0 .nc4'
+ run_mpmd.sh[68](( nm = nm + 1 ))
+ run_mpmd.sh[66]IFS=
+ run_mpmd.sh[66]read -r line
+ run_mpmd.sh[67]echo '125 /gpfs/f6/drsa-precip4/world-shared/role.glopara/RUNDIRS/C48mx500_3DVarAOWCDA_be51ea02-6363/gdas.2021032500/analdiag.2126922/diag.sh hirs2_n07 01 ges 0'
+ run_mpmd.sh[68](( nm = nm + 1 ))
+ run_mpmd.sh[66]IFS=
+ run_mpmd.sh[66]read -r line
+ run_mpmd.sh[67]echo '126 0 .nc4'
+ run_mpmd.sh[68](( nm = nm + 1 ))
+ run_mpmd.sh[66]IFS=
+ run_mpmd.sh[66]read -r line
+ run_mpmd.sh[67]echo '127 /gpfs/f6/drsa-precip4/world-shared/role.glopara/RUNDIRS/C48mx500_3DVarAOWCDA_be51ea02-6363/gdas.2021032500/analdiag.2126922/diag.sh hirs2_n08 01 ges 0'
+ run_mpmd.sh[68](( nm = nm + 1 ))
+ run_mpmd.sh[66]IFS=
+ run_mpmd.sh[66]read -r line
+ run_mpmd.sh[67]echo '128 0 .nc4'
+ run_mpmd.sh[68](( nm = nm + 1 ))
+ run_mpmd.sh[66]IFS=
+ run_mpmd.sh[66]read -r line
+ run_mpmd.sh[67]echo '129 /gpfs/f6/drsa-precip4/world-shared/role.glopara/RUNDIRS/C48mx500_3DVarAOWCDA_be51ea02-6363/gdas.2021032500/analdiag.2126922/diag.sh hirs2_n09 01 ges 0'
+ run_mpmd.sh[68](( nm = nm + 1 ))
+ run_mpmd.sh[66]IFS=
+ run_mpmd.sh[66]read -r line
+ run_mpmd.sh[67]echo '130 0 .nc4'
+ run_mpmd.sh[68](( nm = nm + 1 ))
+ run_mpmd.sh[66]IFS=
+ run_mpmd.sh[66]read -r line
+ run_mpmd.sh[67]echo '131 /gpfs/f6/drsa-precip4/world-shared/role.glopara/RUNDIRS/C48mx500_3DVarAOWCDA_be51ea02-6363/gdas.2021032500/analdiag.2126922/diag.sh hirs2_n10 01 ges 0'
+ run_mpmd.sh[68](( nm = nm + 1 ))
+ run_mpmd.sh[66]IFS=
+ run_mpmd.sh[66]read -r line
+ run_mpmd.sh[67]echo '132 0 .nc4'
+ run_mpmd.sh[68](( nm = nm + 1 ))
+ run_mpmd.sh[66]IFS=
+ run_mpmd.sh[66]read -r line
+ run_mpmd.sh[67]echo '133 /gpfs/f6/drsa-precip4/world-shared/role.glopara/RUNDIRS/C48mx500_3DVarAOWCDA_be51ea02-6363/gdas.2021032500/analdiag.2126922/diag.sh hirs2_n11 01 ges 0'
+ run_mpmd.sh[68](( nm = nm + 1 ))
+ run_mpmd.sh[66]IFS=
+ run_mpmd.sh[66]read -r line
+ run_mpmd.sh[67]echo '134 0 .nc4'
+ run_mpmd.sh[68](( nm = nm + 1 ))
+ run_mpmd.sh[66]IFS=
+ run_mpmd.sh[66]read -r line
+ run_mpmd.sh[67]echo '135 /gpfs/f6/drsa-precip4/world-shared/role.glopara/RUNDIRS/C48mx500_3DVarAOWCDA_be51ea02-6363/gdas.2021032500/analdiag.2126922/diag.sh hirs2_n12 01 ges 0'
+ run_mpmd.sh[68](( nm = nm + 1 ))
+ run_mpmd.sh[66]IFS=
+ run_mpmd.sh[66]read -r line
+ run_mpmd.sh[67]echo '136 0 .nc4'
+ run_mpmd.sh[68](( nm = nm + 1 ))
+ run_mpmd.sh[66]IFS=
+ run_mpmd.sh[66]read -r line
+ run_mpmd.sh[67]echo '137 /gpfs/f6/drsa-precip4/world-shared/role.glopara/RUNDIRS/C48mx500_3DVarAOWCDA_be51ea02-6363/gdas.2021032500/analdiag.2126922/diag.sh hirs2_n14 01 ges 0'
+ run_mpmd.sh[68](( nm = nm + 1 ))
+ run_mpmd.sh[66]IFS=
+ run_mpmd.sh[66]read -r line
+ run_mpmd.sh[67]echo '138 0 .nc4'
+ run_mpmd.sh[68](( nm = nm + 1 ))
+ run_mpmd.sh[66]IFS=
+ run_mpmd.sh[66]read -r line
+ run_mpmd.sh[67]echo '139 /gpfs/f6/drsa-precip4/world-shared/role.glopara/RUNDIRS/C48mx500_3DVarAOWCDA_be51ea02-6363/gdas.2021032500/analdiag.2126922/diag.sh hirs3_n15 01 ges 0'
+ run_mpmd.sh[68](( nm = nm + 1 ))
+ run_mpmd.sh[66]IFS=
+ run_mpmd.sh[66]read -r line
+ run_mpmd.sh[67]echo '140 0 .nc4'
+ run_mpmd.sh[68](( nm = nm + 1 ))
+ run_mpmd.sh[66]IFS=
+ run_mpmd.sh[66]read -r line
+ run_mpmd.sh[67]echo '141 /gpfs/f6/drsa-precip4/world-shared/role.glopara/RUNDIRS/C48mx500_3DVarAOWCDA_be51ea02-6363/gdas.2021032500/analdiag.2126922/diag.sh hirs3_n16 01 ges 0'
+ run_mpmd.sh[68](( nm = nm + 1 ))
+ run_mpmd.sh[66]IFS=
+ run_mpmd.sh[66]read -r line
+ run_mpmd.sh[67]echo '142 0 .nc4'
+ run_mpmd.sh[68](( nm = nm + 1 ))
+ run_mpmd.sh[66]IFS=
+ run_mpmd.sh[66]read -r line
+ run_mpmd.sh[67]echo '143 /gpfs/f6/drsa-precip4/world-shared/role.glopara/RUNDIRS/C48mx500_3DVarAOWCDA_be51ea02-6363/gdas.2021032500/analdiag.2126922/diag.sh hirs3_n17 01 ges 0'
+ run_mpmd.sh[68](( nm = nm + 1 ))
+ run_mpmd.sh[66]IFS=
+ run_mpmd.sh[66]read -r line
+ run_mpmd.sh[67]echo '144 0 .nc4'
+ run_mpmd.sh[68](( nm = nm + 1 ))
+ run_mpmd.sh[66]IFS=
+ run_mpmd.sh[66]read -r line
+ run_mpmd.sh[67]echo '145 /gpfs/f6/drsa-precip4/world-shared/role.glopara/RUNDIRS/C48mx500_3DVarAOWCDA_be51ea02-6363/gdas.2021032500/analdiag.2126922/diag.sh hirs4_metop-a 01 ges 59 .nc4'
+ run_mpmd.sh[68](( nm = nm + 1 ))
+ run_mpmd.sh[66]IFS=
+ run_mpmd.sh[66]read -r line
+ run_mpmd.sh[67]echo '146 /gpfs/f6/drsa-precip4/world-shared/role.glopara/RUNDIRS/C48mx500_3DVarAOWCDA_be51ea02-6363/gdas.2021032500/analdiag.2126922/diag.sh hirs4_metop-b 01 ges 0'
+ run_mpmd.sh[68](( nm = nm + 1 ))
+ run_mpmd.sh[66]IFS=
+ run_mpmd.sh[66]read -r line
+ run_mpmd.sh[67]echo '147 0 .nc4'
+ run_mpmd.sh[68](( nm = nm + 1 ))
+ run_mpmd.sh[66]IFS=
+ run_mpmd.sh[66]read -r line
+ run_mpmd.sh[67]echo '148 /gpfs/f6/drsa-precip4/world-shared/role.glopara/RUNDIRS/C48mx500_3DVarAOWCDA_be51ea02-6363/gdas.2021032500/analdiag.2126922/diag.sh hirs4_n19 01 ges 61 .nc4'
+ run_mpmd.sh[68](( nm = nm + 1 ))
+ run_mpmd.sh[66]IFS=
+ run_mpmd.sh[66]read -r line
+ run_mpmd.sh[67]echo '149 /gpfs/f6/drsa-precip4/world-shared/role.glopara/RUNDIRS/C48mx500_3DVarAOWCDA_be51ea02-6363/gdas.2021032500/analdiag.2126922/diag.sh iasi_metop-a 01 ges 61 .nc4'
+ run_mpmd.sh[68](( nm = nm + 1 ))
+ run_mpmd.sh[66]IFS=
+ run_mpmd.sh[66]read -r line
+ run_mpmd.sh[67]echo '150 /gpfs/f6/drsa-precip4/world-shared/role.glopara/RUNDIRS/C48mx500_3DVarAOWCDA_be51ea02-6363/gdas.2021032500/analdiag.2126922/diag.sh iasi_metop-b 01 ges 60 .nc4'
+ run_mpmd.sh[68](( nm = nm + 1 ))
+ run_mpmd.sh[66]IFS=
+ run_mpmd.sh[66]read -r line
+ run_mpmd.sh[67]echo '151 /gpfs/f6/drsa-precip4/world-shared/role.glopara/RUNDIRS/C48mx500_3DVarAOWCDA_be51ea02-6363/gdas.2021032500/analdiag.2126922/diag.sh iasi_metop-c 01 ges 62 .nc4'
+ run_mpmd.sh[68](( nm = nm + 1 ))
+ run_mpmd.sh[66]IFS=
+ run_mpmd.sh[66]read -r line
+ run_mpmd.sh[67]echo '152 /gpfs/f6/drsa-precip4/world-shared/role.glopara/RUNDIRS/C48mx500_3DVarAOWCDA_be51ea02-6363/gdas.2021032500/analdiag.2126922/diag.sh mhs_metop-a 01 ges 59 .nc4'
+ run_mpmd.sh[68](( nm = nm + 1 ))
+ run_mpmd.sh[66]IFS=
+ run_mpmd.sh[66]read -r line
+ run_mpmd.sh[67]echo '153 /gpfs/f6/drsa-precip4/world-shared/role.glopara/RUNDIRS/C48mx500_3DVarAOWCDA_be51ea02-6363/gdas.2021032500/analdiag.2126922/diag.sh mhs_metop-b 01 ges 60 .nc4'
+ run_mpmd.sh[68](( nm = nm + 1 ))
+ run_mpmd.sh[66]IFS=
+ run_mpmd.sh[66]read -r line
+ run_mpmd.sh[67]echo '154 /gpfs/f6/drsa-precip4/world-shared/role.glopara/RUNDIRS/C48mx500_3DVarAOWCDA_be51ea02-6363/gdas.2021032500/analdiag.2126922/diag.sh mhs_metop-c 01 ges 62 .nc4'
+ run_mpmd.sh[68](( nm = nm + 1 ))
+ run_mpmd.sh[66]IFS=
+ run_mpmd.sh[66]read -r line
+ run_mpmd.sh[67]echo '155 /gpfs/f6/drsa-precip4/world-shared/role.glopara/RUNDIRS/C48mx500_3DVarAOWCDA_be51ea02-6363/gdas.2021032500/analdiag.2126922/diag.sh mhs_n18 01 ges 0'
+ run_mpmd.sh[68](( nm = nm + 1 ))
+ run_mpmd.sh[66]IFS=
+ run_mpmd.sh[66]read -r line
+ run_mpmd.sh[67]echo '156 0 .nc4'
+ run_mpmd.sh[68](( nm = nm + 1 ))
+ run_mpmd.sh[66]IFS=
+ run_mpmd.sh[66]read -r line
+ run_mpmd.sh[67]echo '157 /gpfs/f6/drsa-precip4/world-shared/role.glopara/RUNDIRS/C48mx500_3DVarAOWCDA_be51ea02-6363/gdas.2021032500/analdiag.2126922/diag.sh mhs_n19 01 ges 61 .nc4'
+ run_mpmd.sh[68](( nm = nm + 1 ))
+ run_mpmd.sh[66]IFS=
+ run_mpmd.sh[66]read -r line
+ run_mpmd.sh[67]echo '158 /gpfs/f6/drsa-precip4/world-shared/role.glopara/RUNDIRS/C48mx500_3DVarAOWCDA_be51ea02-6363/gdas.2021032500/analdiag.2126922/diag.sh msu_tirosn 01 ges 0'
+ run_mpmd.sh[68](( nm = nm + 1 ))
+ run_mpmd.sh[66]IFS=
+ run_mpmd.sh[66]read -r line
+ run_mpmd.sh[67]echo '159 0 .nc4'
+ run_mpmd.sh[68](( nm = nm + 1 ))
+ run_mpmd.sh[66]IFS=
+ run_mpmd.sh[66]read -r line
+ run_mpmd.sh[67]echo '160 /gpfs/f6/drsa-precip4/world-shared/role.glopara/RUNDIRS/C48mx500_3DVarAOWCDA_be51ea02-6363/gdas.2021032500/analdiag.2126922/diag.sh msu_n06 01 ges 0'
+ run_mpmd.sh[68](( nm = nm + 1 ))
+ run_mpmd.sh[66]IFS=
+ run_mpmd.sh[66]read -r line
+ run_mpmd.sh[67]echo '161 0 .nc4'
+ run_mpmd.sh[68](( nm = nm + 1 ))
+ run_mpmd.sh[66]IFS=
+ run_mpmd.sh[66]read -r line
+ run_mpmd.sh[67]echo '162 /gpfs/f6/drsa-precip4/world-shared/role.glopara/RUNDIRS/C48mx500_3DVarAOWCDA_be51ea02-6363/gdas.2021032500/analdiag.2126922/diag.sh msu_n07 01 ges 0'
+ run_mpmd.sh[68](( nm = nm + 1 ))
+ run_mpmd.sh[66]IFS=
+ run_mpmd.sh[66]read -r line
+ run_mpmd.sh[67]echo '163 0 .nc4'
+ run_mpmd.sh[68](( nm = nm + 1 ))
+ run_mpmd.sh[66]IFS=
+ run_mpmd.sh[66]read -r line
+ run_mpmd.sh[67]echo '164 /gpfs/f6/drsa-precip4/world-shared/role.glopara/RUNDIRS/C48mx500_3DVarAOWCDA_be51ea02-6363/gdas.2021032500/analdiag.2126922/diag.sh msu_n08 01 ges 0'
+ run_mpmd.sh[68](( nm = nm + 1 ))
+ run_mpmd.sh[66]IFS=
+ run_mpmd.sh[66]read -r line
+ run_mpmd.sh[67]echo '165 0 .nc4'
+ run_mpmd.sh[68](( nm = nm + 1 ))
+ run_mpmd.sh[66]IFS=
+ run_mpmd.sh[66]read -r line
+ run_mpmd.sh[67]echo '166 /gpfs/f6/drsa-precip4/world-shared/role.glopara/RUNDIRS/C48mx500_3DVarAOWCDA_be51ea02-6363/gdas.2021032500/analdiag.2126922/diag.sh msu_n09 01 ges 0'
+ run_mpmd.sh[68](( nm = nm + 1 ))
+ run_mpmd.sh[66]IFS=
+ run_mpmd.sh[66]read -r line
+ run_mpmd.sh[67]echo '167 0 .nc4'
+ run_mpmd.sh[68](( nm = nm + 1 ))
+ run_mpmd.sh[66]IFS=
+ run_mpmd.sh[66]read -r line
+ run_mpmd.sh[67]echo '168 /gpfs/f6/drsa-precip4/world-shared/role.glopara/RUNDIRS/C48mx500_3DVarAOWCDA_be51ea02-6363/gdas.2021032500/analdiag.2126922/diag.sh msu_n10 01 ges 0'
+ run_mpmd.sh[68](( nm = nm + 1 ))
+ run_mpmd.sh[66]IFS=
+ run_mpmd.sh[66]read -r line
+ run_mpmd.sh[67]echo '169 0 .nc4'
+ run_mpmd.sh[68](( nm = nm + 1 ))
+ run_mpmd.sh[66]IFS=
+ run_mpmd.sh[66]read -r line
+ run_mpmd.sh[67]echo '170 /gpfs/f6/drsa-precip4/world-shared/role.glopara/RUNDIRS/C48mx500_3DVarAOWCDA_be51ea02-6363/gdas.2021032500/analdiag.2126922/diag.sh msu_n11 01 ges 0'
+ run_mpmd.sh[68](( nm = nm + 1 ))
+ run_mpmd.sh[66]IFS=
+ run_mpmd.sh[66]read -r line
+ run_mpmd.sh[67]echo '171 0 .nc4'
+ run_mpmd.sh[68](( nm = nm + 1 ))
+ run_mpmd.sh[66]IFS=
+ run_mpmd.sh[66]read -r line
+ run_mpmd.sh[67]echo '172 /gpfs/f6/drsa-precip4/world-shared/role.glopara/RUNDIRS/C48mx500_3DVarAOWCDA_be51ea02-6363/gdas.2021032500/analdiag.2126922/diag.sh msu_n12 01 ges 0'
+ run_mpmd.sh[68](( nm = nm + 1 ))
+ run_mpmd.sh[66]IFS=
+ run_mpmd.sh[66]read -r line
+ run_mpmd.sh[67]echo '173 0 .nc4'
+ run_mpmd.sh[68](( nm = nm + 1 ))
+ run_mpmd.sh[66]IFS=
+ run_mpmd.sh[66]read -r line
+ run_mpmd.sh[67]echo '174 /gpfs/f6/drsa-precip4/world-shared/role.glopara/RUNDIRS/C48mx500_3DVarAOWCDA_be51ea02-6363/gdas.2021032500/analdiag.2126922/diag.sh msu_n14 01 ges 0'
+ run_mpmd.sh[68](( nm = nm + 1 ))
+ run_mpmd.sh[66]IFS=
+ run_mpmd.sh[66]read -r line
+ run_mpmd.sh[67]echo '175 0 .nc4'
+ run_mpmd.sh[68](( nm = nm + 1 ))
+ run_mpmd.sh[66]IFS=
+ run_mpmd.sh[66]read -r line
+ run_mpmd.sh[67]echo '176 /gpfs/f6/drsa-precip4/world-shared/role.glopara/RUNDIRS/C48mx500_3DVarAOWCDA_be51ea02-6363/gdas.2021032500/analdiag.2126922/diag.sh mws_metop-sg-a1 01 ges 0'
+ run_mpmd.sh[68](( nm = nm + 1 ))
+ run_mpmd.sh[66]IFS=
+ run_mpmd.sh[66]read -r line
+ run_mpmd.sh[67]echo '177 0 .nc4'
+ run_mpmd.sh[68](( nm = nm + 1 ))
+ run_mpmd.sh[66]IFS=
+ run_mpmd.sh[66]read -r line
+ run_mpmd.sh[67]echo '178 /gpfs/f6/drsa-precip4/world-shared/role.glopara/RUNDIRS/C48mx500_3DVarAOWCDA_be51ea02-6363/gdas.2021032500/analdiag.2126922/diag.sh saphir_meghat 01 ges 0'
+ run_mpmd.sh[68](( nm = nm + 1 ))
+ run_mpmd.sh[66]IFS=
+ run_mpmd.sh[66]read -r line
+ run_mpmd.sh[67]echo '179 0 .nc4'
+ run_mpmd.sh[68](( nm = nm + 1 ))
+ run_mpmd.sh[66]IFS=
+ run_mpmd.sh[66]read -r line
+ run_mpmd.sh[67]echo '180 /gpfs/f6/drsa-precip4/world-shared/role.glopara/RUNDIRS/C48mx500_3DVarAOWCDA_be51ea02-6363/gdas.2021032500/analdiag.2126922/diag.sh seviri_m08 01 ges 24 .nc4'
+ run_mpmd.sh[68](( nm = nm + 1 ))
+ run_mpmd.sh[66]IFS=
+ run_mpmd.sh[66]read -r line
+ run_mpmd.sh[67]echo '181 /gpfs/f6/drsa-precip4/world-shared/role.glopara/RUNDIRS/C48mx500_3DVarAOWCDA_be51ea02-6363/gdas.2021032500/analdiag.2126922/diag.sh seviri_m09 01 ges 0'
+ run_mpmd.sh[68](( nm = nm + 1 ))
+ run_mpmd.sh[66]IFS=
+ run_mpmd.sh[66]read -r line
+ run_mpmd.sh[67]echo '182 0 .nc4'
+ run_mpmd.sh[68](( nm = nm + 1 ))
+ run_mpmd.sh[66]IFS=
+ run_mpmd.sh[66]read -r line
+ run_mpmd.sh[67]echo '183 /gpfs/f6/drsa-precip4/world-shared/role.glopara/RUNDIRS/C48mx500_3DVarAOWCDA_be51ea02-6363/gdas.2021032500/analdiag.2126922/diag.sh seviri_m10 01 ges 0'
+ run_mpmd.sh[68](( nm = nm + 1 ))
+ run_mpmd.sh[66]IFS=
+ run_mpmd.sh[66]read -r line
+ run_mpmd.sh[67]echo '184 0 .nc4'
+ run_mpmd.sh[68](( nm = nm + 1 ))
+ run_mpmd.sh[66]IFS=
+ run_mpmd.sh[66]read -r line
+ run_mpmd.sh[67]echo '185 /gpfs/f6/drsa-precip4/world-shared/role.glopara/RUNDIRS/C48mx500_3DVarAOWCDA_be51ea02-6363/gdas.2021032500/analdiag.2126922/diag.sh seviri_m11 01 ges 0'
+ run_mpmd.sh[68](( nm = nm + 1 ))
+ run_mpmd.sh[66]IFS=
+ run_mpmd.sh[66]read -r line
+ run_mpmd.sh[67]echo '186 0 .nc4'
+ run_mpmd.sh[68](( nm = nm + 1 ))
+ run_mpmd.sh[66]IFS=
+ run_mpmd.sh[66]read -r line
+ run_mpmd.sh[67]echo '187 /gpfs/f6/drsa-precip4/world-shared/role.glopara/RUNDIRS/C48mx500_3DVarAOWCDA_be51ea02-6363/gdas.2021032500/analdiag.2126922/diag.sh sndrD_g11 01 ges 0'
+ run_mpmd.sh[68](( nm = nm + 1 ))
+ run_mpmd.sh[66]IFS=
+ run_mpmd.sh[66]read -r line
+ run_mpmd.sh[67]echo '188 0 .nc4'
+ run_mpmd.sh[68](( nm = nm + 1 ))
+ run_mpmd.sh[66]IFS=
+ run_mpmd.sh[66]read -r line
+ run_mpmd.sh[67]echo '189 /gpfs/f6/drsa-precip4/world-shared/role.glopara/RUNDIRS/C48mx500_3DVarAOWCDA_be51ea02-6363/gdas.2021032500/analdiag.2126922/diag.sh sndrD_g12 01 ges 0'
+ run_mpmd.sh[68](( nm = nm + 1 ))
+ run_mpmd.sh[66]IFS=
+ run_mpmd.sh[66]read -r line
+ run_mpmd.sh[67]echo '190 0 .nc4'
+ run_mpmd.sh[68](( nm = nm + 1 ))
+ run_mpmd.sh[66]IFS=
+ run_mpmd.sh[66]read -r line
+ run_mpmd.sh[67]echo '191 /gpfs/f6/drsa-precip4/world-shared/role.glopara/RUNDIRS/C48mx500_3DVarAOWCDA_be51ea02-6363/gdas.2021032500/analdiag.2126922/diag.sh sndrD_g13 01 ges 0'
+ run_mpmd.sh[68](( nm = nm + 1 ))
+ run_mpmd.sh[66]IFS=
+ run_mpmd.sh[66]read -r line
+ run_mpmd.sh[71]set +e
+ run_mpmd.sh[73]srun -l --export=ALL --distribution=block:block --multi-prog --output=mpmd.%j.%t.out -n 192 /gpfs/f6/drsa-precip4/world-shared/role.glopara/RUNDIRS/C48mx500_3DVarAOWCDA_be51ea02-6363/gdas.2021032500/analdiag.2126922/mpmd_cmdfile
srun: error: c6n1020: tasks 0,8,11,13,15,18,20,23,25,27,30,34,37,39,41,43,45,47,49,51,56,60,62,65,67,69,71,73,79,81,85,87,89,93,95,97,99,101,103,105,107,109,111,113,117,119,121,123,125,127,129,131,133,135,137,139,141,143,146,155,158,160,162,164,166,168,170,172,174,176,178,181,183,185,187,189,191: Exited with exit code 1
srun: Terminating StepId=213378140.0
srun: error: c6n1020: tasks 1,9,12,14,16,19,21,24,26,28,31,35,38,40,42,44,46,48,50,52,57,61,63,66,68,70,72,74,80,82,86,88,90,94,96,98,100,102,104,106,108,110,112,114,118,120,122,124,126,128,130,132,134,136,138,140,142,144,147,156,159,161,163,165,167,169,171,173,175,177,179,182,184,186,188,190: Exited with exit code 2
srun: error: c6n1020: tasks 2-3,5-7,10,75-78,83-84,91-92,115-116,145,148-154,157: Terminated
srun: Force Terminated StepId=213378140.0
+ run_mpmd.sh[74]err=143
+ run_mpmd.sh[75]set_strict
+ preamble.sh[35][[ YES == \Y\E\S ]]
+ preamble.sh[37]set -eu
+ preamble.sh[39]set -o pipefail
+ run_mpmd.sh[101][[ 143 -eq 0 ]]
+ run_mpmd.sh[111]exit 143
+ run_mpmd.sh[1]postamble run_mpmd.sh 1765831954 143
+ preamble.sh[70]set +x
End run_mpmd.sh at 20:52:48 with error code 143 (time elapsed: 00:00:14)
+ exglobal_diag.sh[178]export err=143
+ exglobal_diag.sh[178]err=143
+ exglobal_diag.sh[179][[ 143 -ne 0 ]]
+ exglobal_diag.sh[180]err_exit 'Failed to create one or more observation diagnostic files for cmdfile_part_aa!'
+ environment[0]set +eux

    -------------------------------------------------------------
    -- FATAL ERROR: Failed to create one or more observation diagnostic files for cmdfile_part_aa! RETURN CODE 143
    -- ABNORMAL EXIT at Mon Dec 15 03:52:48 PM EST 2025 on c6n1020
    -------------------------------------------------------------
    

Currently Loaded Modules:
  1) craype-x86-genoa                45) python-venv/1.0
  2) perftools-base/25.03.0          46) py-mpi4py/4.0.1
  3) xpmem/2.11.5-1.3_g73ade43320bc  47) openblas/0.3.24
  4) cray-pmi/6.1.15                 48) py-numpy/1.26.4
  5) CmrsEnv/default                 49) py-pip/23.1.2
  6) TimeZoneEDT/default             50) esmf/8.8.0
  7) Core/24.11                      51) antlr/2.7.7
  8) DefApps                         52) gsl/2.8
  9) cray-dsmml/0.3.1                53) nco/5.2.4
 10) PrgEnv-intel/8.5.0              54) bacio/2.4.1
 11) intel-classic/2023.2.0          55) w3emc/2.10.0
 12) craype/2.7.30                   56) prod_util/2.1.1
 13) stack-intel/2023.2.0            57) g2/3.5.1
 14) libfabric/1.22.0                58) ip/5.1.0
 15) craype-network-ofi              59) grib-util/1.4.0
 16) cray-mpich/8.1.30               60) g2tmpl/1.13.0
 17) stack-cray-mpich/8.1.30         61) gsi-ncdiag/1.1.2
 18) gettext/0.20.2                  62) crtm-fix/2.4.0.1_emc
 19) glibc/2.31                      63) git-lfs/2.11.0
 20) zlib/1.2.13                     64) crtm/2.4.0.1
 21) sqlite/3.46.0                   65) bufr/12.1.0
 22) util-linux-uuid/2.40.2          66) py-f90nml/1.4.3
 23) python/3.11.7                   67) py-certifi/2023.7.22
 24) stack-python/3.11.7             68) py-cftime/1.0.3.4
 25) cmake/3.27.9                    69) py-netcdf4/1.7.1.post2
 26) libjpeg/2.1.0                   70) libyaml/0.2.5
 27) jasper/2.0.32                   71) py-pyyaml/6.0.2
 28) libpng/1.6.37                   72) py-markupsafe/2.1.3
 29) openjpeg/2.3.1                  73) py-jinja2/3.1.4
 30) eccodes/2.33.0                  74) py-pytz/2023.3
 31) fftw/3.3.10                     75) py-tzdata/2023.3
 32) nghttp2/1.63.0                  76) py-pandas/2.2.3
 33) curl/8.10.1                     77) py-six/1.16.0
 34) proj/9.4.1                      78) py-python-dateutil/2.8.2
 35) udunits/2.2.28                  79) py-packaging/24.1
 36) cdo/2.3.0                       80) py-setuptools/69.2.0
 37) hdf5/1.14.3                     81) py-xarray/2024.7.0
 38) snappy/1.2.1                    82) gw_run.common
 39) zstd/1.5.6                      83) perlbrew/5.38.2
 40) c-blosc/1.21.5                  84) prepobs/1.1.3
 41) netcdf-c/4.9.2                  85) fit2obs/1.1.10
 42) netcdf-fortran/4.6.1            86) hsi/9.3
 43) parallel-netcdf/1.12.3          87) gw_run.gaeac6
 44) parallelio/2.6.2

 


Failed to create one or more observation diagnostic files for cmdfile_part_aa! RETURN CODE 143
/gpfs/f6/drsa-precip4/world-shared/role.glopara/RUNDIRS/C48mx500_3DVarAOWCDA_be51ea02-6363/gdas.2021032500/analdiag.2126922
total 4421072
drwxr-sr-x 2 role.glopara drsa-precip4       4096 Dec 15 15:25 dir.0084
drwxr-sr-x 2 role.glopara drsa-precip4       4096 Dec 15 15:40 dir.0082
drwxr-sr-x 2 role.glopara drsa-precip4       4096 Dec 15 15:40 dir.0043
drwxr-sr-x 2 role.glopara drsa-precip4       4096 Dec 15 15:40 dir.0046
drwxr-sr-x 2 role.glopara drsa-precip4       4096 Dec 15 15:40 dir.0032
drwxr-sr-x 2 role.glopara drsa-precip4       4096 Dec 15 15:40 dir.0005
drwxr-sr-x 2 role.glopara drsa-precip4       4096 Dec 15 15:40 dir.0000
drwxr-sr-x 2 role.glopara drsa-precip4       4096 Dec 15 15:40 dir.0017
drwxr-sr-x 2 role.glopara drsa-precip4       4096 Dec 15 15:40 dir.0004
drwxr-sr-x 2 role.glopara drsa-precip4       4096 Dec 15 15:40 dir.0068
drwxr-sr-x 2 role.glopara drsa-precip4       4096 Dec 15 15:40 dir.0026
drwxr-sr-x 2 role.glopara drsa-precip4       4096 Dec 15 15:40 dir.0061
drwxr-sr-x 2 role.glopara drsa-precip4       4096 Dec 15 15:40 dir.0042
drwxr-sr-x 2 role.glopara drsa-precip4       4096 Dec 15 15:40 dir.0070
drwxr-sr-x 2 role.glopara drsa-precip4       4096 Dec 15 15:40 dir.0074
drwxr-sr-x 2 role.glopara drsa-precip4       4096 Dec 15 15:40 dir.0058
drwxr-sr-x 2 role.glopara drsa-precip4       4096 Dec 15 15:40 dir.0056
drwxr-sr-x 2 role.glopara drsa-precip4       4096 Dec 15 15:40 dir.0062
drwxr-sr-x 2 role.glopara drsa-precip4       4096 Dec 15 15:40 dir.0077
drwxr-sr-x 2 role.glopara drsa-precip4       4096 Dec 15 15:40 dir.0047
drwxr-sr-x 2 role.glopara drsa-precip4       4096 Dec 15 15:40 dir.0035
drwxr-sr-x 2 role.glopara drsa-precip4       4096 Dec 15 15:40 dir.0066
drwxr-sr-x 2 role.glopara drsa-precip4       4096 Dec 15 15:40 dir.0006
drwxr-sr-x 2 role.glopara drsa-precip4       4096 Dec 15 15:40 dir.0031
drwxr-sr-x 2 role.glopara drsa-precip4       4096 Dec 15 15:40 dir.0054
drwxr-sr-x 2 role.glopara drsa-precip4       4096 Dec 15 15:40 dir.0036
drwxr-sr-x 2 role.glopara drsa-precip4       4096 Dec 15 15:40 dir.0055
drwxr-sr-x 2 role.glopara drsa-precip4       4096 Dec 15 15:40 dir.0048
drwxr-sr-x 2 role.glopara drsa-precip4       4096 Dec 15 15:40 dir.0071
drwxr-sr-x 2 role.glopara drsa-precip4       4096 Dec 15 15:40 dir.0078
drwxr-sr-x 2 role.glopara drsa-precip4       4096 Dec 15 15:40 dir.0040
drwxr-sr-x 2 role.glopara drsa-precip4       4096 Dec 15 15:40 dir.0083
drwxr-sr-x 2 role.glopara drsa-precip4       4096 Dec 15 15:40 dir.0051
drwxr-sr-x 2 role.glopara drsa-precip4       4096 Dec 15 15:40 dir.0022
drwxr-sr-x 2 role.glopara drsa-precip4       4096 Dec 15 15:40 dir.0050
drwxr-sr-x 2 role.glopara drsa-precip4       4096 Dec 15 15:40 dir.0037
drwxr-sr-x 2 role.glopara drsa-precip4       4096 Dec 15 15:40 dir.0021
drwxr-sr-x 2 role.glopara drsa-precip4       4096 Dec 15 15:40 dir.0079
drwxr-sr-x 2 role.glopara drsa-precip4       4096 Dec 15 15:40 dir.0053
drwxr-sr-x 2 role.glopara drsa-precip4       4096 Dec 15 15:40 dir.0016
drwxr-sr-x 2 role.glopara drsa-precip4       4096 Dec 15 15:40 dir.0052
drwxr-sr-x 2 role.glopara drsa-precip4       4096 Dec 15 15:40 dir.0028
drwxr-sr-x 2 role.glopara drsa-precip4       4096 Dec 15 15:40 dir.0025
drwxr-sr-x 2 role.glopara drsa-precip4       4096 Dec 15 15:40 dir.0019
drwxr-sr-x 2 role.glopara drsa-precip4       4096 Dec 15 15:40 dir.0049
drwxr-sr-x 2 role.glopara drsa-precip4       4096 Dec 15 15:40 dir.0011
drwxr-sr-x 2 role.glopara drsa-precip4       4096 Dec 15 15:40 dir.0039
drwxr-sr-x 2 role.glopara drsa-precip4       4096 Dec 15 15:40 dir.0041
drwxr-sr-x 2 role.glopara drsa-precip4       4096 Dec 15 15:40 dir.0075
drwxr-sr-x 2 role.glopara drsa-precip4       4096 Dec 15 15:40 dir.0080
drwxr-sr-x 2 role.glopara drsa-precip4       4096 Dec 15 15:40 dir.0045
drwxr-sr-x 2 role.glopara drsa-precip4       4096 Dec 15 15:40 dir.0003
drwxr-sr-x 2 role.glopara drsa-precip4       4096 Dec 15 15:40 dir.0020
drwxr-sr-x 2 role.glopara drsa-precip4       4096 Dec 15 15:40 dir.0024
drwxr-sr-x 2 role.glopara drsa-precip4       4096 Dec 15 15:40 dir.0023
drwxr-sr-x 2 role.glopara drsa-precip4       4096 Dec 15 15:40 dir.0038
drwxr-sr-x 2 role.glopara drsa-precip4       4096 Dec 15 15:40 dir.0081
drwxr-sr-x 2 role.glopara drsa-precip4       4096 Dec 15 15:40 dir.0014
drwxr-sr-x 2 role.glopara drsa-precip4       4096 Dec 15 15:40 dir.0015
drwxr-sr-x 2 role.glopara drsa-precip4       4096 Dec 15 15:40 dir.0009
drwxr-sr-x 2 role.glopara drsa-precip4       4096 Dec 15 15:40 dir.0065
drwxr-sr-x 2 role.glopara drsa-precip4       4096 Dec 15 15:40 dir.0001
drwxr-sr-x 2 role.glopara drsa-precip4       4096 Dec 15 15:40 dir.0063
drwxr-sr-x 2 role.glopara drsa-precip4       4096 Dec 15 15:40 dir.0060
drwxr-sr-x 2 role.glopara drsa-precip4       4096 Dec 15 15:40 dir.0044
drwxr-sr-x 2 role.glopara drsa-precip4       4096 Dec 15 15:40 dir.0008
drwxr-sr-x 2 role.glopara drsa-precip4       4096 Dec 15 15:40 dir.0034
drwxr-sr-x 2 role.glopara drsa-precip4       4096 Dec 15 15:40 dir.0069
drwxr-sr-x 2 role.glopara drsa-precip4       4096 Dec 15 15:40 dir.0018
drwxr-sr-x 2 role.glopara drsa-precip4       4096 Dec 15 15:40 dir.0002
drwxr-sr-x 2 role.glopara drsa-precip4       4096 Dec 15 15:40 dir.0012
drwxr-sr-x 2 role.glopara drsa-precip4       4096 Dec 15 15:40 dir.0030
drwxr-sr-x 2 role.glopara drsa-precip4       4096 Dec 15 15:40 dir.0076
drwxr-sr-x 2 role.glopara drsa-precip4       4096 Dec 15 15:40 dir.0059
drwxr-sr-x 2 role.glopara drsa-precip4       4096 Dec 15 15:40 dir.0067
drwxr-sr-x 2 role.glopara drsa-precip4       4096 Dec 15 15:40 dir.0064
drwxr-sr-x 2 role.glopara drsa-precip4       4096 Dec 15 15:40 dir.0029
drwxr-sr-x 2 role.glopara drsa-precip4       4096 Dec 15 15:40 dir.0072
drwxr-sr-x 2 role.glopara drsa-precip4       4096 Dec 15 15:40 dir.0027
drwxr-sr-x 2 role.glopara drsa-precip4       4096 Dec 15 15:40 dir.0057
drwxr-sr-x 2 role.glopara drsa-precip4       4096 Dec 15 15:40 dir.0033
drwxr-sr-x 2 role.glopara drsa-precip4       4096 Dec 15 15:40 dir.0010
drwxr-sr-x 2 role.glopara drsa-precip4       4096 Dec 15 15:40 dir.0073
drwxr-sr-x 2 role.glopara drsa-precip4       4096 Dec 15 15:40 dir.0007
drwxr-sr-x 2 role.glopara drsa-precip4       4096 Dec 15 15:40 dir.0013
-rw-r--r-- 1 role.glopara drsa-precip4          0 Dec 15 15:51 ncepdate
-rw-r--r-- 1 role.glopara drsa-precip4 4526991360 Dec 15 15:52 gsidiags.tar
-rwxr-xr-x 1 role.glopara drsa-precip4        657 Dec 15 15:52 diag.sh
-rw-r--r-- 1 role.glopara drsa-precip4        698 Dec 15 15:52 listcnv
-rw-r--r-- 1 role.glopara drsa-precip4        162 Dec 15 15:52 listpcp
-rw-r--r-- 1 role.glopara drsa-precip4       1918 Dec 15 15:52 listozn
-rw-r--r-- 1 role.glopara drsa-precip4      44292 Dec 15 15:52 cmdfile
-rw-r--r-- 1 role.glopara drsa-precip4       7716 Dec 15 15:52 listrad
-rw-r--r-- 1 role.glopara drsa-precip4      18365 Dec 15 15:52 cmdfile_part_aa
-rw-r--r-- 1 role.glopara drsa-precip4      17563 Dec 15 15:52 cmdfile_part_ab
-rw-r--r-- 1 role.glopara drsa-precip4       8364 Dec 15 15:52 cmdfile_part_ac
-rw-r--r-- 1 role.glopara drsa-precip4      19023 Dec 15 15:52 mpmd_cmdfile
-rw-r--r-- 1 role.glopara drsa-precip4         63 Dec 15 15:52 mpmd.213378140.102.out
-rw-r--r-- 1 role.glopara drsa-precip4         63 Dec 15 15:52 mpmd.213378140.120.out
-rw-r--r-- 1 role.glopara drsa-precip4         63 Dec 15 15:52 mpmd.213378140.122.out
-rw-r--r-- 1 role.glopara drsa-precip4         63 Dec 15 15:52 mpmd.213378140.124.out
-rw-r--r-- 1 role.glopara drsa-precip4         63 Dec 15 15:52 mpmd.213378140.126.out
-rw-r--r-- 1 role.glopara drsa-precip4         63 Dec 15 15:52 mpmd.213378140.132.out
-rw-r--r-- 1 role.glopara drsa-precip4         63 Dec 15 15:52 mpmd.213378140.161.out
-rw-r--r-- 1 role.glopara drsa-precip4         63 Dec 15 15:52 mpmd.213378140.165.out
-rw-r--r-- 1 role.glopara drsa-precip4         63 Dec 15 15:52 mpmd.213378140.169.out
-rw-r--r-- 1 role.glopara drsa-precip4         63 Dec 15 15:52 mpmd.213378140.186.out
-rw-r--r-- 1 role.glopara drsa-precip4         63 Dec 15 15:52 mpmd.213378140.188.out
-rw-r--r-- 1 role.glopara drsa-precip4         63 Dec 15 15:52 mpmd.213378140.190.out
-rw-r--r-- 1 role.glopara drsa-precip4         63 Dec 15 15:52 mpmd.213378140.1.out
-rw-r--r-- 1 role.glopara drsa-precip4         63 Dec 15 15:52 mpmd.213378140.9.out
-rw-r--r-- 1 role.glopara drsa-precip4         63 Dec 15 15:52 mpmd.213378140.12.out
-rw-r--r-- 1 role.glopara drsa-precip4         63 Dec 15 15:52 mpmd.213378140.14.out
-rw-r--r-- 1 role.glopara drsa-precip4         63 Dec 15 15:52 mpmd.213378140.19.out
-rw-r--r-- 1 role.glopara drsa-precip4         63 Dec 15 15:52 mpmd.213378140.21.out
-rw-r--r-- 1 role.glopara drsa-precip4         63 Dec 15 15:52 mpmd.213378140.24.out
-rw-r--r-- 1 role.glopara drsa-precip4         63 Dec 15 15:52 mpmd.213378140.26.out
-rw-r--r-- 1 role.glopara drsa-precip4         63 Dec 15 15:52 mpmd.213378140.31.out
-rw-r--r-- 1 role.glopara drsa-precip4         63 Dec 15 15:52 mpmd.213378140.35.out
-rw-r--r-- 1 role.glopara drsa-precip4         63 Dec 15 15:52 mpmd.213378140.38.out
-rw-r--r-- 1 role.glopara drsa-precip4         63 Dec 15 15:52 mpmd.213378140.44.out
-rw-r--r-- 1 role.glopara drsa-precip4         63 Dec 15 15:52 mpmd.213378140.46.out
-rw-r--r-- 1 role.glopara drsa-precip4         63 Dec 15 15:52 mpmd.213378140.50.out
-rw-r--r-- 1 role.glopara drsa-precip4         63 Dec 15 15:52 mpmd.213378140.52.out
-rw-r--r-- 1 role.glopara drsa-precip4         63 Dec 15 15:52 mpmd.213378140.57.out
-rw-r--r-- 1 role.glopara drsa-precip4         63 Dec 15 15:52 mpmd.213378140.66.out
-rw-r--r-- 1 role.glopara drsa-precip4         63 Dec 15 15:52 mpmd.213378140.68.out
-rw-r--r-- 1 role.glopara drsa-precip4         63 Dec 15 15:52 mpmd.213378140.72.out
-rw-r--r-- 1 role.glopara drsa-precip4         63 Dec 15 15:52 mpmd.213378140.80.out
-rw-r--r-- 1 role.glopara drsa-precip4         63 Dec 15 15:52 mpmd.213378140.88.out
-rw-r--r-- 1 role.glopara drsa-precip4         63 Dec 15 15:52 mpmd.213378140.90.out
-rw-r--r-- 1 role.glopara drsa-precip4         63 Dec 15 15:52 mpmd.213378140.96.out
-rw-r--r-- 1 role.glopara drsa-precip4         63 Dec 15 15:52 mpmd.213378140.100.out
-rw-r--r-- 1 role.glopara drsa-precip4         63 Dec 15 15:52 mpmd.213378140.104.out
-rw-r--r-- 1 role.glopara drsa-precip4         63 Dec 15 15:52 mpmd.213378140.106.out
-rw-r--r-- 1 role.glopara drsa-precip4         63 Dec 15 15:52 mpmd.213378140.110.out
-rw-r--r-- 1 role.glopara drsa-precip4         63 Dec 15 15:52 mpmd.213378140.112.out
-rw-r--r-- 1 role.glopara drsa-precip4         63 Dec 15 15:52 mpmd.213378140.114.out
-rw-r--r-- 1 role.glopara drsa-precip4         63 Dec 15 15:52 mpmd.213378140.118.out
-rw-r--r-- 1 role.glopara drsa-precip4         63 Dec 15 15:52 mpmd.213378140.134.out
-rw-r--r-- 1 role.glopara drsa-precip4         63 Dec 15 15:52 mpmd.213378140.136.out
-rw-r--r-- 1 role.glopara drsa-precip4         63 Dec 15 15:52 mpmd.213378140.142.out
-rw-r--r-- 1 role.glopara drsa-precip4         63 Dec 15 15:52 mpmd.213378140.167.out
-rw-r--r-- 1 role.glopara drsa-precip4         63 Dec 15 15:52 mpmd.213378140.171.out
-rw-r--r-- 1 role.glopara drsa-precip4         63 Dec 15 15:52 mpmd.213378140.173.out
-rw-r--r-- 1 role.glopara drsa-precip4         63 Dec 15 15:52 mpmd.213378140.179.out
-rw-r--r-- 1 role.glopara drsa-precip4         63 Dec 15 15:52 mpmd.213378140.182.out
-rw-r--r-- 1 role.glopara drsa-precip4         63 Dec 15 15:52 mpmd.213378140.184.out
-rw-r--r-- 1 role.glopara drsa-precip4         63 Dec 15 15:52 mpmd.213378140.40.out
-rw-r--r-- 1 role.glopara drsa-precip4         63 Dec 15 15:52 mpmd.213378140.70.out
-rw-r--r-- 1 role.glopara drsa-precip4         63 Dec 15 15:52 mpmd.213378140.86.out
-rw-r--r-- 1 role.glopara drsa-precip4         63 Dec 15 15:52 mpmd.213378140.128.out
-rw-r--r-- 1 role.glopara drsa-precip4         63 Dec 15 15:52 mpmd.213378140.140.out
-rw-r--r-- 1 role.glopara drsa-precip4         63 Dec 15 15:52 mpmd.213378140.144.out
-rw-r--r-- 1 role.glopara drsa-precip4         63 Dec 15 15:52 mpmd.213378140.163.out
-rw-r--r-- 1 role.glopara drsa-precip4         63 Dec 15 15:52 mpmd.213378140.175.out
-rw-r--r-- 1 role.glopara drsa-precip4         63 Dec 15 15:52 mpmd.213378140.177.out
-rw-r--r-- 1 role.glopara drsa-precip4         63 Dec 15 15:52 mpmd.213378140.16.out
-rw-r--r-- 1 role.glopara drsa-precip4         63 Dec 15 15:52 mpmd.213378140.28.out
-rw-r--r-- 1 role.glopara drsa-precip4         63 Dec 15 15:52 mpmd.213378140.42.out
-rw-r--r-- 1 role.glopara drsa-precip4         63 Dec 15 15:52 mpmd.213378140.48.out
-rw-r--r-- 1 role.glopara drsa-precip4         63 Dec 15 15:52 mpmd.213378140.82.out
-rw-r--r-- 1 role.glopara drsa-precip4         63 Dec 15 15:52 mpmd.213378140.94.out
-rw-r--r-- 1 role.glopara drsa-precip4         63 Dec 15 15:52 mpmd.213378140.61.out
-rw-r--r-- 1 role.glopara drsa-precip4         63 Dec 15 15:52 mpmd.213378140.63.out
-rw-r--r-- 1 role.glopara drsa-precip4         63 Dec 15 15:52 mpmd.213378140.74.out
-rw-r--r-- 1 role.glopara drsa-precip4         63 Dec 15 15:52 mpmd.213378140.98.out
-rw-r--r-- 1 role.glopara drsa-precip4         63 Dec 15 15:52 mpmd.213378140.108.out
-rw-r--r-- 1 role.glopara drsa-precip4         63 Dec 15 15:52 mpmd.213378140.130.out
-rw-r--r-- 1 role.glopara drsa-precip4         63 Dec 15 15:52 mpmd.213378140.138.out
-rw-r--r-- 1 role.glopara drsa-precip4         63 Dec 15 15:52 mpmd.213378140.147.out
-rw-r--r-- 1 role.glopara drsa-precip4         63 Dec 15 15:52 mpmd.213378140.156.out
-rw-r--r-- 1 role.glopara drsa-precip4         63 Dec 15 15:52 mpmd.213378140.159.out
-rw-r--r-- 1 role.glopara drsa-precip4        617 Dec 15 15:52 mpmd.213378140.25.out
-rw-r--r-- 1 role.glopara drsa-precip4        617 Dec 15 15:52 mpmd.213378140.27.out
-rw-r--r-- 1 role.glopara drsa-precip4        614 Dec 15 15:52 mpmd.213378140.41.out
-rw-r--r-- 1 role.glopara drsa-precip4        614 Dec 15 15:52 mpmd.213378140.43.out
-rw-r--r-- 1 role.glopara drsa-precip4        614 Dec 15 15:52 mpmd.213378140.45.out
-rw-r--r-- 1 role.glopara drsa-precip4        614 Dec 15 15:52 mpmd.213378140.49.out
-rw-r--r-- 1 role.glopara drsa-precip4        614 Dec 15 15:52 mpmd.213378140.51.out
-rw-r--r-- 1 role.glopara drsa-precip4        614 Dec 15 15:52 mpmd.213378140.47.out
-rw-r--r-- 1 role.glopara drsa-precip4        615 Dec 15 15:52 mpmd.213378140.30.out
-rw-r--r-- 1 role.glopara drsa-precip4        618 Dec 15 15:52 mpmd.213378140.13.out
-rw-r--r-- 1 role.glopara drsa-precip4        617 Dec 15 15:52 mpmd.213378140.15.out
-rw-r--r-- 1 role.glopara drsa-precip4        614 Dec 15 15:52 mpmd.213378140.85.out
-rw-r--r-- 1 role.glopara drsa-precip4        614 Dec 15 15:52 mpmd.213378140.81.out
-rw-r--r-- 1 role.glopara drsa-precip4        613 Dec 15 15:52 mpmd.213378140.11.out
-rw-r--r-- 1 role.glopara drsa-precip4        614 Dec 15 15:52 mpmd.213378140.89.out
-rw-r--r-- 1 role.glopara drsa-precip4        615 Dec 15 15:52 mpmd.213378140.95.out
-rw-r--r-- 1 role.glopara drsa-precip4        613 Dec 15 15:52 mpmd.213378140.93.out
-rw-r--r-- 1 role.glopara drsa-precip4        613 Dec 15 15:52 mpmd.213378140.8.out
-rw-r--r-- 1 role.glopara drsa-precip4        612 Dec 15 15:52 mpmd.213378140.62.out
-rw-r--r-- 1 role.glopara drsa-precip4        614 Dec 15 15:52 mpmd.213378140.87.out
-rw-r--r-- 1 role.glopara drsa-precip4        617 Dec 15 15:52 mpmd.213378140.56.out
-rw-r--r-- 1 role.glopara drsa-precip4        616 Dec 15 15:52 mpmd.213378140.20.out
-rw-r--r-- 1 role.glopara drsa-precip4        615 Dec 15 15:52 mpmd.213378140.18.out
-rw-r--r-- 1 role.glopara drsa-precip4        615 Dec 15 15:52 mpmd.213378140.69.out
-rw-r--r-- 1 role.glopara drsa-precip4        614 Dec 15 15:52 mpmd.213378140.67.out
-rw-r--r-- 1 role.glopara drsa-precip4        618 Dec 15 15:52 mpmd.213378140.23.out
-rw-r--r-- 1 role.glopara drsa-precip4        618 Dec 15 15:52 mpmd.213378140.65.out
-rw-r--r-- 1 role.glopara drsa-precip4        618 Dec 15 15:52 mpmd.213378140.71.out
-rw-r--r-- 1 role.glopara drsa-precip4        612 Dec 15 15:52 mpmd.213378140.60.out
-rw-r--r-- 1 role.glopara drsa-precip4        614 Dec 15 15:52 mpmd.213378140.79.out
-rw-r--r-- 1 role.glopara drsa-precip4        615 Dec 15 15:52 mpmd.213378140.73.out
-rw-r--r-- 1 role.glopara drsa-precip4        615 Dec 15 15:52 mpmd.213378140.37.out
-rw-r--r-- 1 role.glopara drsa-precip4        616 Dec 15 15:52 mpmd.213378140.34.out
-rw-r--r-- 1 role.glopara drsa-precip4        616 Dec 15 15:52 mpmd.213378140.39.out
-rw-r--r-- 1 role.glopara drsa-precip4        615 Dec 15 15:52 mpmd.213378140.185.out
-rw-r--r-- 1 role.glopara drsa-precip4        614 Dec 15 15:52 mpmd.213378140.123.out
-rw-r--r-- 1 role.glopara drsa-precip4        614 Dec 15 15:52 mpmd.213378140.131.out
-rw-r--r-- 1 role.glopara drsa-precip4        614 Dec 15 15:52 mpmd.213378140.187.out
-rw-r--r-- 1 role.glopara drsa-precip4        614 Dec 15 15:52 mpmd.213378140.191.out
-rw-r--r-- 1 role.glopara drsa-precip4        614 Dec 15 15:52 mpmd.213378140.189.out
-rw-r--r-- 1 role.glopara drsa-precip4        614 Dec 15 15:52 mpmd.213378140.129.out
-rw-r--r-- 1 role.glopara drsa-precip4        614 Dec 15 15:52 mpmd.213378140.137.out
-rw-r--r-- 1 role.glopara drsa-precip4        614 Dec 15 15:52 mpmd.213378140.133.out
-rw-r--r-- 1 role.glopara drsa-precip4        614 Dec 15 15:52 mpmd.213378140.135.out
-rw-r--r-- 1 role.glopara drsa-precip4        617 Dec 15 15:52 mpmd.213378140.121.out
-rw-r--r-- 1 role.glopara drsa-precip4        614 Dec 15 15:52 mpmd.213378140.125.out
-rw-r--r-- 1 role.glopara drsa-precip4        614 Dec 15 15:52 mpmd.213378140.127.out
-rw-r--r-- 1 role.glopara drsa-precip4        615 Dec 15 15:52 mpmd.213378140.105.out
-rw-r--r-- 1 role.glopara drsa-precip4        615 Dec 15 15:52 mpmd.213378140.107.out
-rw-r--r-- 1 role.glopara drsa-precip4        620 Dec 15 15:52 mpmd.213378140.176.out
-rw-r--r-- 1 role.glopara drsa-precip4        612 Dec 15 15:52 mpmd.213378140.160.out
-rw-r--r-- 1 role.glopara drsa-precip4        615 Dec 15 15:52 mpmd.213378140.109.out
-rw-r--r-- 1 role.glopara drsa-precip4        615 Dec 15 15:52 mpmd.213378140.111.out
-rw-r--r-- 1 role.glopara drsa-precip4        612 Dec 15 15:52 mpmd.213378140.162.out
-rw-r--r-- 1 role.glopara drsa-precip4        612 Dec 15 15:52 mpmd.213378140.164.out
-rw-r--r-- 1 role.glopara drsa-precip4        612 Dec 15 15:52 mpmd.213378140.166.out
-rw-r--r-- 1 role.glopara drsa-precip4        614 Dec 15 15:52 mpmd.213378140.139.out
-rw-r--r-- 1 role.glopara drsa-precip4        614 Dec 15 15:52 mpmd.213378140.141.out
-rw-r--r-- 1 role.glopara drsa-precip4        612 Dec 15 15:52 mpmd.213378140.168.out
-rw-r--r-- 1 role.glopara drsa-precip4        612 Dec 15 15:52 mpmd.213378140.170.out
-rw-r--r-- 1 role.glopara drsa-precip4        612 Dec 15 15:52 mpmd.213378140.172.out
-rw-r--r-- 1 role.glopara drsa-precip4        614 Dec 15 15:52 mpmd.213378140.143.out
-rw-r--r-- 1 role.glopara drsa-precip4        612 Dec 15 15:52 mpmd.213378140.174.out
-rw-r--r-- 1 role.glopara drsa-precip4        618 Dec 15 15:52 mpmd.213378140.178.out
-rw-r--r-- 1 role.glopara drsa-precip4        619 Dec 15 15:52 mpmd.213378140.99.out
-rw-r--r-- 1 role.glopara drsa-precip4        619 Dec 15 15:52 mpmd.213378140.101.out
-rw-r--r-- 1 role.glopara drsa-precip4        615 Dec 15 15:52 mpmd.213378140.103.out
-rw-r--r-- 1 role.glopara drsa-precip4        619 Dec 15 15:52 mpmd.213378140.97.out
-rw-r--r-- 1 role.glopara drsa-precip4        615 Dec 15 15:52 mpmd.213378140.181.out
-rw-r--r-- 1 role.glopara drsa-precip4        615 Dec 15 15:52 mpmd.213378140.183.out
-rw-r--r-- 1 role.glopara drsa-precip4        612 Dec 15 15:52 mpmd.213378140.119.out
-rw-r--r-- 1 role.glopara drsa-precip4        613 Dec 15 15:52 mpmd.213378140.113.out
-rw-r--r-- 1 role.glopara drsa-precip4        617 Dec 15 15:52 mpmd.213378140.117.out
-rw-r--r-- 1 role.glopara drsa-precip4        618 Dec 15 15:52 mpmd.213378140.146.out
-rw-r--r-- 1 role.glopara drsa-precip4        612 Dec 15 15:52 mpmd.213378140.155.out
-rw-r--r-- 1 role.glopara drsa-precip4        615 Dec 15 15:52 mpmd.213378140.158.out
-rw-r--r-- 1 role.glopara drsa-precip4         48 Dec 15 15:52 diag_cris-fsr_npp_ges.2021032500.nc4
-rw-r--r-- 1 role.glopara drsa-precip4         48 Dec 15 15:52 diag_mhs_n19_ges.2021032500.nc4
-rw-r--r-- 1 role.glopara drsa-precip4         48 Dec 15 15:52 diag_conv_gps_ges.2021032500.nc4
-rw-r--r-- 1 role.glopara drsa-precip4         48 Dec 15 15:52 diag_conv_sst_ges.2021032500.nc4
-rw-r--r-- 1 role.glopara drsa-precip4         48 Dec 15 15:52 diag_hirs4_metop-a_ges.2021032500.nc4
-rw-r--r-- 1 role.glopara drsa-precip4         48 Dec 15 15:52 diag_atms_npp_ges.2021032500.nc4
-rw-r--r-- 1 role.glopara drsa-precip4         48 Dec 15 15:52 diag_mhs_metop-b_ges.2021032500.nc4
-rw-r--r-- 1 role.glopara drsa-precip4         48 Dec 15 15:52 diag_amsua_n18_ges.2021032500.nc4
-rw-r--r-- 1 role.glopara drsa-precip4         48 Dec 15 15:52 diag_conv_q_ges.2021032500.nc4
-rw-r--r-- 1 role.glopara drsa-precip4         48 Dec 15 15:52 diag_iasi_metop-c_ges.2021032500.nc4
-rw-r--r-- 1 role.glopara drsa-precip4         48 Dec 15 15:52 diag_cris-fsr_n20_ges.2021032500.nc4
-rw-r--r-- 1 role.glopara drsa-precip4         48 Dec 15 15:52 diag_hirs4_n19_ges.2021032500.nc4
-rw-r--r-- 1 role.glopara drsa-precip4         48 Dec 15 15:52 diag_mhs_metop-c_ges.2021032500.nc4
-rw-r--r-- 1 role.glopara drsa-precip4         48 Dec 15 15:52 diag_amsua_metop-c_ges.2021032500.nc4
-rw-r--r-- 1 role.glopara drsa-precip4         48 Dec 15 15:52 diag_amsua_n15_ges.2021032500.nc4
-rw-r--r-- 1 role.glopara drsa-precip4         48 Dec 15 15:52 diag_atms_n20_ges.2021032500.nc4
-rw-r--r-- 1 role.glopara drsa-precip4         48 Dec 15 15:52 diag_mhs_metop-a_ges.2021032500.nc4
-rw-r--r-- 1 role.glopara drsa-precip4         48 Dec 15 15:52 diag_conv_uv_ges.2021032500.nc4
-rw-r--r-- 1 role.glopara drsa-precip4         48 Dec 15 15:52 diag_iasi_metop-b_ges.2021032500.nc4
-rw-r--r-- 1 role.glopara drsa-precip4         48 Dec 15 15:52 diag_iasi_metop-a_ges.2021032500.nc4
-rw-r--r-- 1 role.glopara drsa-precip4         48 Dec 15 15:52 diag_amsua_metop-b_ges.2021032500.nc4
-rw-r--r-- 1 role.glopara drsa-precip4         48 Dec 15 15:52 diag_amsua_metop-a_ges.2021032500.nc4
-rw-r--r-- 1 role.glopara drsa-precip4         48 Dec 15 15:52 diag_conv_ps_ges.2021032500.nc4
-rw-r--r-- 1 role.glopara drsa-precip4         48 Dec 15 15:52 diag_conv_t_ges.2021032500.nc4
-rw-r--r-- 1 role.glopara drsa-precip4         48 Dec 15 15:52 diag_amsua_n19_ges.2021032500.nc4
-rw-r--r-- 1 role.glopara drsa-precip4     337999 Dec 15 15:52 diag_ompslp_npp_ges.2021032500.nc4.gz
-rw-r--r-- 1 role.glopara drsa-precip4       5974 Dec 15 15:52 mpmd.213378140.36.out
-rw-r--r-- 1 role.glopara drsa-precip4      53530 Dec 15 15:52 diag_ompsnp_npp_ges.2021032500.nc4.gz
-rw-r--r-- 1 role.glopara drsa-precip4      15730 Dec 15 15:52 diag_conv_pw_ges.2021032500.nc4.gz
-rw-r--r-- 1 role.glopara drsa-precip4     395698 Dec 15 15:52 diag_ompsnp_n20_ges.2021032500.nc4.gz
-rw-r--r-- 1 role.glopara drsa-precip4       7254 Dec 15 15:52 mpmd.213378140.22.out
-rw-r--r-- 1 role.glopara drsa-precip4       6852 Dec 15 15:52 mpmd.213378140.4.out
-rw-r--r-- 1 role.glopara drsa-precip4       7425 Dec 15 15:52 mpmd.213378140.29.out
-rw-r--r-- 1 role.glopara drsa-precip4      50077 Dec 15 15:52 diag_omi_aura_ges.2021032500.nc4.gz
-rw-r--r-- 1 role.glopara drsa-precip4       7757 Dec 15 15:52 mpmd.213378140.17.out
-rw-r--r-- 1 role.glopara drsa-precip4      59962 Dec 15 15:52 diag_sbuv2_n19_ges.2021032500.nc4.gz
-rw-r--r-- 1 role.glopara drsa-precip4       7173 Dec 15 15:52 mpmd.213378140.53.out
-rw-r--r-- 1 role.glopara drsa-precip4      92890 Dec 15 15:52 diag_ompstc8_npp_ges.2021032500.nc4.gz
-rw-r--r-- 1 role.glopara drsa-precip4     107375 Dec 15 15:52 diag_ompstc8_n20_ges.2021032500.nc4.gz
-rw-r--r-- 1 role.glopara drsa-precip4       8909 Dec 15 15:52 mpmd.213378140.32.out
-rw-r--r-- 1 role.glopara drsa-precip4      65106 Dec 15 15:52 diag_gome_metop-a_ges.2021032500.nc4.gz
-rw-r--r-- 1 role.glopara drsa-precip4       9609 Dec 15 15:52 mpmd.213378140.33.out
-rw-r--r-- 1 role.glopara drsa-precip4       8661 Dec 15 15:52 mpmd.213378140.54.out
-rw-r--r-- 1 role.glopara drsa-precip4      94099 Dec 15 15:52 diag_gome_metop-b_ges.2021032500.nc4.gz
-rw-r--r-- 1 role.glopara drsa-precip4       8484 Dec 15 15:52 mpmd.213378140.55.out
-rw-r--r-- 1 role.glopara drsa-precip4    1504747 Dec 15 15:52 diag_abi_g16_ges.2021032500.nc4.gz
-rw-r--r-- 1 role.glopara drsa-precip4       9204 Dec 15 15:52 mpmd.213378140.58.out
-rw-r--r-- 1 role.glopara drsa-precip4    1252084 Dec 15 15:52 diag_abi_g17_ges.2021032500.nc4.gz
-rw-r--r-- 1 role.glopara drsa-precip4    1241833 Dec 15 15:52 diag_seviri_m08_ges.2021032500.nc4.gz
-rw-r--r-- 1 role.glopara drsa-precip4       9760 Dec 15 15:52 mpmd.213378140.59.out
-rw-r--r-- 1 role.glopara drsa-precip4      10086 Dec 15 15:52 mpmd.213378140.180.out
-rw-r--r-- 1 role.glopara drsa-precip4    1320073 Dec 15 15:52 diag_ahi_himawari8_ges.2021032500.nc4.gz
-rw-r--r-- 1 role.glopara drsa-precip4       9960 Dec 15 15:52 mpmd.213378140.64.out
-rw-r--r-- 1 role.glopara drsa-precip4        702 Dec 15 15:52 mpmd.213378140.0.out
-rw-r--r-- 1 role.glopara drsa-precip4       9388 Dec 15 15:52 mpmd.213378140.116.out
-rw-r--r-- 1 role.glopara drsa-precip4       9274 Dec 15 15:52 mpmd.213378140.148.out
-rw-r--r-- 1 role.glopara drsa-precip4       9038 Dec 15 15:52 mpmd.213378140.78.out
-rw-r--r-- 1 role.glopara drsa-precip4       9236 Dec 15 15:52 mpmd.213378140.75.out
-rw-r--r-- 1 role.glopara drsa-precip4      10377 Dec 15 15:52 mpmd.213378140.83.out
-rw-r--r-- 1 role.glopara drsa-precip4       9071 Dec 15 15:52 mpmd.213378140.76.out
-rw-r--r-- 1 role.glopara drsa-precip4       8189 Dec 15 15:52 mpmd.213378140.150.out
-rw-r--r-- 1 role.glopara drsa-precip4       8915 Dec 15 15:52 mpmd.213378140.91.out
-rw-r--r-- 1 role.glopara drsa-precip4       9436 Dec 15 15:52 mpmd.213378140.92.out
-rw-r--r-- 1 role.glopara drsa-precip4       9840 Dec 15 15:52 mpmd.213378140.152.out
-rw-r--r-- 1 role.glopara drsa-precip4       8509 Dec 15 15:52 mpmd.213378140.157.out
-rw-r--r-- 1 role.glopara drsa-precip4       8777 Dec 15 15:52 mpmd.213378140.84.out
-rw-r--r-- 1 role.glopara drsa-precip4      13286 Dec 15 15:52 mpmd.213378140.10.out
-rw-r--r-- 1 role.glopara drsa-precip4       8987 Dec 15 15:52 mpmd.213378140.149.out
-rw-r--r-- 1 role.glopara drsa-precip4      11527 Dec 15 15:52 mpmd.213378140.5.out
-rw-r--r-- 1 role.glopara drsa-precip4      10304 Dec 15 15:52 mpmd.213378140.7.out
-rw-r--r-- 1 role.glopara drsa-precip4       9196 Dec 15 15:52 mpmd.213378140.115.out
-rw-r--r-- 1 role.glopara drsa-precip4      11557 Dec 15 15:52 mpmd.213378140.2.out
-rw-r--r-- 1 role.glopara drsa-precip4       8735 Dec 15 15:52 mpmd.213378140.151.out
-rw-r--r-- 1 role.glopara drsa-precip4       9400 Dec 15 15:52 mpmd.213378140.145.out
-rw-r--r-- 1 role.glopara drsa-precip4       9340 Dec 15 15:52 mpmd.213378140.154.out
-rw-r--r-- 1 role.glopara drsa-precip4      11396 Dec 15 15:52 mpmd.213378140.6.out
-rw-r--r-- 1 role.glopara drsa-precip4      10005 Dec 15 15:52 mpmd.213378140.77.out
-rw-r--r-- 1 role.glopara drsa-precip4      11837 Dec 15 15:52 mpmd.213378140.3.out
-rw-r--r-- 1 role.glopara drsa-precip4       9736 Dec 15 15:52 mpmd.213378140.153.out
cat: OUTPUT.2126972: No such file or directory
slurmstepd: error: *** JOB 213378140 ON c6n1020 CANCELLED AT 2025-12-15T15:52:49 ***
