Begin fcst.sh at Tue Nov 26 21:02:37 UTC 2024
+ fcst.sh[8]: source /work2/noaa/global/CI/HERCULES/3077/gefs/ush/detect_machine.sh
++ detect_machine.sh[12]: [[ -n '' ]]
++ detect_machine.sh[15]: case $(hostname -f) in
+++ detect_machine.sh[15]: hostname -f
++ detect_machine.sh[45]: MACHINE_ID=UNKNOWN
++ detect_machine.sh[48]: [[ UNKNOWN == \U\N\K\N\O\W\N ]]
++ detect_machine.sh[49]: case ${PW_CSP:-} in
++ detect_machine.sh[51]: PW_CSP=UNKNOWN
++ detect_machine.sh[56]: MACHINE_ID=UNKNOWN
++ detect_machine.sh[59]: [[ UNKNOWN != \U\N\K\N\O\W\N ]]
++ detect_machine.sh[64]: [[ -d /lfs/h3 ]]
++ detect_machine.sh[67]: [[ -d /lfs/h1 ]]
++ detect_machine.sh[70]: [[ -d /mnt/lfs5 ]]
++ detect_machine.sh[73]: [[ -d /scratch1 ]]
++ detect_machine.sh[76]: [[ -d /work ]]
+++ detect_machine.sh[78]: findmnt -n -o SOURCE /home
++ detect_machine.sh[78]: mount=hercules-nfs.hpc.msstate.edu:/home-hercules
++ detect_machine.sh[79]: [[ hercules-nfs.hpc.msstate.edu:/home-hercules =~ hercules ]]
++ detect_machine.sh[80]: MACHINE_ID=hercules
+ fcst.sh[9]: [[ hercules == \w\c\o\s\s\2 ]]
+ fcst.sh[12]: . /work2/noaa/global/CI/HERCULES/3077/gefs/ush/load_fv3gfs_modules.sh
++ load_fv3gfs_modules.sh[4]: [[ NO == \N\O ]]
++ load_fv3gfs_modules.sh[5]: echo 'Loading modules quietly...'
Loading modules quietly...
++ load_fv3gfs_modules.sh[6]: set +x
Running "module reset". Resetting modules to system default. The following $MODULEPATH directories have been removed: /work2/noaa/global/CI/HERCULES/3077/gefs/modulefiles

Currently Loaded Modules:
  1) contrib/0.1                      41) grib-util/1.3.0
  2) intel-oneapi-compilers/2023.1.0  42) g2tmpl/1.10.2
  3) stack-intel/2021.9.0             43) gsi-ncdiag/1.1.2
  4) intel-oneapi-mpi/2021.9.0        44) crtm-fix/2.4.0.1_emc
  5) stack-intel-oneapi-mpi/2021.9.0  45) git-lfs/3.1.2
  6) intel-oneapi-mkl/2023.1.0        46) crtm/2.4.0.1
  7) zlib/1.2.13                      47) openblas/0.3.24
  8) pigz/2.7                         48) py-setuptools/63.4.3
  9) zstd/1.5.2                       49) py-numpy/1.23.4
 10) tar/1.34                         50) bufr/11.7.0
 11) gettext/0.21.1                   51) gmake/4.2.1
 12) libxcrypt/4.4.35                 52) wgrib2/2.0.8
 13) sqlite/3.43.2                    53) py-f90nml/1.4.3
 14) util-linux-uuid/2.38.1           54) py-cftime/1.0.3.4
 15) python/3.11.6                    55) py-netcdf4/1.5.8
 16) libjpeg/2.1.0                    56) libyaml/0.2.5
 17) jasper/2.0.32                    57) py-pyyaml/6.0
 18) libpng/1.6.37                    58) py-markupsafe/2.1.3
 19) openjpeg/2.3.1                   59) py-jinja2/3.1.2
 20) eccodes/2.32.0                   60) py-bottleneck/1.3.7
 21) fftw/3.3.10                      61) py-numexpr/2.8.4
 22) nghttp2/1.57.0                   62) py-et-xmlfile/1.0.1
 23) curl/8.4.0                       63) py-openpyxl/3.1.2
 24) proj/9.2.1                       64) py-pytz/2023.3
 25) udunits/2.2.28                   65) py-pyxlsb/1.0.10
 26) cdo/2.2.0                        66) py-xlrd/2.0.1
 27) hdf5/1.14.0                      67) py-xlsxwriter/3.1.7
 28) snappy/1.1.10                    68) py-xlwt/1.3.0
 29) c-blosc/1.21.5                   69) py-pandas/1.5.3
 30) netcdf-c/4.9.2                   70) py-six/1.16.0
 31) netcdf-fortran/4.6.1             71) py-python-dateutil/2.8.2
 32) antlr/2.7.7                      72) g2c/1.6.4
 33) gsl/2.7.1                        73) netcdf-cxx4/4.3.1
 34) nco/5.0.6                        74) met/9.1.3
 35) bacio/2.4.1                      75) metplus/3.1.1
 36) w3emc/2.10.0                     76) py-packaging/23.1
 37) prod_util/2.1.1                  77) py-xarray/2023.7.0
 38) g2/3.4.5                         78) prepobs/1.1.0
 39) sp/2.5.0                         79) fit2obs/1.1.4
 40) ip/4.3.0                         80) module_base.hercules

 

+ fcst.sh[14]: status=0
+ fcst.sh[15]: [[ 0 -ne 0 ]]
+ fcst.sh[17]: export job=fcst
+ fcst.sh[17]: job=fcst
+ fcst.sh[18]: export jobid=fcst.259473
+ fcst.sh[18]: jobid=fcst.259473
+ fcst.sh[21]: /work2/noaa/global/CI/HERCULES/3077/gefs/jobs/JGLOBAL_FORECAST
Begin JGLOBAL_FORECAST at Tue Nov 26 21:02:39 UTC 2024
+ JGLOBAL_FORECAST[5]: ((  10#001 > 0  ))
+ JGLOBAL_FORECAST[6]: export DATAjob=/work/noaa/stmp/mterry/HERCULES/RUNDIRS/C48_S2SWA_gefs_c38dbcfd/gefs.2021032312/gefsefcs001.2021032312
+ JGLOBAL_FORECAST[6]: DATAjob=/work/noaa/stmp/mterry/HERCULES/RUNDIRS/C48_S2SWA_gefs_c38dbcfd/gefs.2021032312/gefsefcs001.2021032312
+ JGLOBAL_FORECAST[7]: export DATA=/work/noaa/stmp/mterry/HERCULES/RUNDIRS/C48_S2SWA_gefs_c38dbcfd/gefs.2021032312/gefsefcs001.2021032312/fcst.259473
+ JGLOBAL_FORECAST[7]: DATA=/work/noaa/stmp/mterry/HERCULES/RUNDIRS/C48_S2SWA_gefs_c38dbcfd/gefs.2021032312/gefsefcs001.2021032312/fcst.259473
+ JGLOBAL_FORECAST[8]: source /work2/noaa/global/CI/HERCULES/3077/gefs/ush/jjob_header.sh -e efcs -c 'base fcst efcs'
++ jjob_header.sh[43]: OPTIND=1
++ jjob_header.sh[44]: getopts c:e: option
++ jjob_header.sh[45]: case "${option}" in
++ jjob_header.sh[47]: env_job=efcs
++ jjob_header.sh[44]: getopts c:e: option
++ jjob_header.sh[45]: case "${option}" in
++ jjob_header.sh[46]: read -ra configs
++ jjob_header.sh[44]: getopts c:e: option
++ jjob_header.sh[58]: shift 4
++ jjob_header.sh[60]: [[ -z efcs ]]
++ jjob_header.sh[68]: export DATA=/work/noaa/stmp/mterry/HERCULES/RUNDIRS/C48_S2SWA_gefs_c38dbcfd/gefs.2021032312/gefsefcs001.2021032312/fcst.259473
++ jjob_header.sh[68]: DATA=/work/noaa/stmp/mterry/HERCULES/RUNDIRS/C48_S2SWA_gefs_c38dbcfd/gefs.2021032312/gefsefcs001.2021032312/fcst.259473
++ jjob_header.sh[69]: [[ YES == \Y\E\S ]]
++ jjob_header.sh[70]: rm -rf /work/noaa/stmp/mterry/HERCULES/RUNDIRS/C48_S2SWA_gefs_c38dbcfd/gefs.2021032312/gefsefcs001.2021032312/fcst.259473
++ jjob_header.sh[72]: mkdir -p /work/noaa/stmp/mterry/HERCULES/RUNDIRS/C48_S2SWA_gefs_c38dbcfd/gefs.2021032312/gefsefcs001.2021032312/fcst.259473
++ jjob_header.sh[73]: cd /work/noaa/stmp/mterry/HERCULES/RUNDIRS/C48_S2SWA_gefs_c38dbcfd/gefs.2021032312/gefsefcs001.2021032312/fcst.259473
++ jjob_header.sh[79]: export cycle=t12z
++ jjob_header.sh[79]: cycle=t12z
++ jjob_header.sh[80]: setpdy.sh
sed: can't read /work2/noaa/global/CI/HERCULES/3077/RUNTESTS/COMROOT/date/t12z: No such file or directory
 completed cleanly
 completed cleanly
Source PDY script to export PDYm7, ..., PDY, ..., PDYp7 variables.
++ jjob_header.sh[81]: source ./PDY
+++ PDY[1]: export PDYm7=20210316
+++ PDY[1]: PDYm7=20210316
+++ PDY[2]: export PDYm6=20210317
+++ PDY[2]: PDYm6=20210317
+++ PDY[3]: export PDYm5=20210318
+++ PDY[3]: PDYm5=20210318
+++ PDY[4]: export PDYm4=20210319
+++ PDY[4]: PDYm4=20210319
+++ PDY[5]: export PDYm3=20210320
+++ PDY[5]: PDYm3=20210320
+++ PDY[6]: export PDYm2=20210321
+++ PDY[6]: PDYm2=20210321
+++ PDY[7]: export PDYm1=20210322
+++ PDY[7]: PDYm1=20210322
+++ PDY[8]: export PDY=20210323
+++ PDY[8]: PDY=20210323
+++ PDY[9]: export PDYp1=20210324
+++ PDY[9]: PDYp1=20210324
+++ PDY[10]: export PDYp2=20210325
+++ PDY[10]: PDYp2=20210325
+++ PDY[11]: export PDYp3=20210326
+++ PDY[11]: PDYp3=20210326
+++ PDY[12]: export PDYp4=20210327
+++ PDY[12]: PDYp4=20210327
+++ PDY[13]: export PDYp5=20210328
+++ PDY[13]: PDYp5=20210328
+++ PDY[14]: export PDYp6=20210329
+++ PDY[14]: PDYp6=20210329
+++ PDY[15]: export PDYp7=20210330
+++ PDY[15]: PDYp7=20210330
++ jjob_header.sh[87]: export pid=259967
++ jjob_header.sh[87]: pid=259967
++ jjob_header.sh[88]: export pgmout=OUTPUT.259967
++ jjob_header.sh[88]: pgmout=OUTPUT.259967
++ jjob_header.sh[89]: export pgmerr=errfile
++ jjob_header.sh[89]: pgmerr=errfile
++ jjob_header.sh[95]: export EXPDIR=/work2/noaa/global/CI/HERCULES/3077/RUNTESTS/EXPDIR/C48_S2SWA_gefs_c38dbcfd
++ jjob_header.sh[95]: EXPDIR=/work2/noaa/global/CI/HERCULES/3077/RUNTESTS/EXPDIR/C48_S2SWA_gefs_c38dbcfd
++ jjob_header.sh[96]: for config in "${configs[@]:-''}"
++ jjob_header.sh[97]: source /work2/noaa/global/CI/HERCULES/3077/RUNTESTS/EXPDIR/C48_S2SWA_gefs_c38dbcfd/config.base
+++ config.base[6]: echo 'BEGIN: config.base'
BEGIN: config.base
+++ config.base[9]: export machine=HERCULES
+++ config.base[9]: machine=HERCULES
+++ config.base[12]: export RUN_ENVIR=emc
+++ config.base[12]: RUN_ENVIR=emc
+++ config.base[15]: export ACCOUNT=fv3-cpu
+++ config.base[15]: ACCOUNT=fv3-cpu
+++ config.base[16]: export QUEUE=batch
+++ config.base[16]: QUEUE=batch
+++ config.base[17]: export QUEUE_SERVICE=batch
+++ config.base[17]: QUEUE_SERVICE=batch
+++ config.base[18]: export PARTITION_BATCH=hercules
+++ config.base[18]: PARTITION_BATCH=hercules
+++ config.base[19]: export PARTITION_SERVICE=service
+++ config.base[19]: PARTITION_SERVICE=service
+++ config.base[20]: export RESERVATION=
+++ config.base[20]: RESERVATION=
+++ config.base[23]: export HPSS_PROJECT=emc-global
+++ config.base[23]: HPSS_PROJECT=emc-global
+++ config.base[26]: export HOMEgfs=/work2/noaa/global/CI/HERCULES/3077/gefs
+++ config.base[26]: HOMEgfs=/work2/noaa/global/CI/HERCULES/3077/gefs
+++ config.base[27]: export EXECgfs=/work2/noaa/global/CI/HERCULES/3077/gefs/exec
+++ config.base[27]: EXECgfs=/work2/noaa/global/CI/HERCULES/3077/gefs/exec
+++ config.base[28]: export FIXgfs=/work2/noaa/global/CI/HERCULES/3077/gefs/fix
+++ config.base[28]: FIXgfs=/work2/noaa/global/CI/HERCULES/3077/gefs/fix
+++ config.base[29]: export PARMgfs=/work2/noaa/global/CI/HERCULES/3077/gefs/parm
+++ config.base[29]: PARMgfs=/work2/noaa/global/CI/HERCULES/3077/gefs/parm
+++ config.base[30]: export SCRgfs=/work2/noaa/global/CI/HERCULES/3077/gefs/scripts
+++ config.base[30]: SCRgfs=/work2/noaa/global/CI/HERCULES/3077/gefs/scripts
+++ config.base[31]: export USHgfs=/work2/noaa/global/CI/HERCULES/3077/gefs/ush
+++ config.base[31]: USHgfs=/work2/noaa/global/CI/HERCULES/3077/gefs/ush
+++ config.base[32]: export FIXorog=/work2/noaa/global/CI/HERCULES/3077/gefs/fix/orog
+++ config.base[32]: FIXorog=/work2/noaa/global/CI/HERCULES/3077/gefs/fix/orog
+++ config.base[33]: export FIXugwd=/work2/noaa/global/CI/HERCULES/3077/gefs/fix/ugwd
+++ config.base[33]: FIXugwd=/work2/noaa/global/CI/HERCULES/3077/gefs/fix/ugwd
+++ config.base[38]: export PACKAGEROOT=/work/noaa/global/glopara/nwpara
+++ config.base[38]: PACKAGEROOT=/work/noaa/global/glopara/nwpara
+++ config.base[39]: export COMROOT=/work2/noaa/global/CI/HERCULES/3077/RUNTESTS/COMROOT
+++ config.base[39]: COMROOT=/work2/noaa/global/CI/HERCULES/3077/RUNTESTS/COMROOT
+++ config.base[40]: export COMINsyn=/work/noaa/global/glopara/com/gfs/prod/syndat
+++ config.base[40]: COMINsyn=/work/noaa/global/glopara/com/gfs/prod/syndat
+++ config.base[43]: export HOMEDIR=/work/noaa/global/mterry
+++ config.base[43]: HOMEDIR=/work/noaa/global/mterry
+++ config.base[44]: export STMP=/work/noaa/stmp/mterry/HERCULES
+++ config.base[44]: STMP=/work/noaa/stmp/mterry/HERCULES
+++ config.base[45]: export PTMP=/work/noaa/stmp/mterry/HERCULES
+++ config.base[45]: PTMP=/work/noaa/stmp/mterry/HERCULES
+++ config.base[46]: export NOSCRUB=/work/noaa/global/mterry
+++ config.base[46]: NOSCRUB=/work/noaa/global/mterry
+++ config.base[49]: export BASE_GIT=/work/noaa/global/glopara/git_rocky9
+++ config.base[49]: BASE_GIT=/work/noaa/global/glopara/git_rocky9
+++ config.base[52]: export BASE_DATA=/work/noaa/global/glopara/data
+++ config.base[52]: BASE_DATA=/work/noaa/global/glopara/data
+++ config.base[55]: export DO_BUFRSND=NO
+++ config.base[55]: DO_BUFRSND=NO
+++ config.base[56]: export DO_GEMPAK=NO
+++ config.base[56]: DO_GEMPAK=NO
+++ config.base[57]: export DO_AWIPS=NO
+++ config.base[57]: DO_AWIPS=NO
+++ config.base[63]: export REALTIME=YES
+++ config.base[63]: REALTIME=YES
+++ config.base[66]: export MODE=forecast-only
+++ config.base[66]: MODE=forecast-only
+++ config.base[67]: export SFS_POST=NO
+++ config.base[67]: SFS_POST=NO
+++ config.base[68]: export DO_TEST_MODE=NO
+++ config.base[68]: DO_TEST_MODE=NO
+++ config.base[77]: export HOMEpost=/work2/noaa/global/CI/HERCULES/3077/gefs
+++ config.base[77]: HOMEpost=/work2/noaa/global/CI/HERCULES/3077/gefs
+++ config.base[80]: export 'NCP=/bin/cp -p'
+++ config.base[80]: NCP='/bin/cp -p'
+++ config.base[81]: export NMV=/bin/mv
+++ config.base[81]: NMV=/bin/mv
+++ config.base[82]: export 'NLN=/bin/ln -sf'
+++ config.base[82]: NLN='/bin/ln -sf'
+++ config.base[83]: export VERBOSE=YES
+++ config.base[83]: VERBOSE=YES
+++ config.base[84]: export KEEPDATA=NO
+++ config.base[84]: KEEPDATA=NO
+++ config.base[85]: export DEBUG_POSTSCRIPT=NO
+++ config.base[85]: DEBUG_POSTSCRIPT=NO
+++ config.base[86]: export CHGRP_RSTPROD=YES
+++ config.base[86]: CHGRP_RSTPROD=YES
+++ config.base[87]: export 'CHGRP_CMD=chgrp rstprod'
+++ config.base[87]: CHGRP_CMD='chgrp rstprod'
+++ config.base[88]: export NCDUMP=/work/noaa/epic/role-epic/spack-stack/hercules/spack-stack-1.6.0/envs/unified-env/install/intel/2021.9.0/netcdf-c-4.9.2-tslbcfy/bin/ncdump
+++ config.base[88]: NCDUMP=/work/noaa/epic/role-epic/spack-stack/hercules/spack-stack-1.6.0/envs/unified-env/install/intel/2021.9.0/netcdf-c-4.9.2-tslbcfy/bin/ncdump
+++ config.base[89]: export NCLEN=/work2/noaa/global/CI/HERCULES/3077/gefs/ush/getncdimlen
+++ config.base[89]: NCLEN=/work2/noaa/global/CI/HERCULES/3077/gefs/ush/getncdimlen
+++ config.base[92]: export BASE_ENV=/work2/noaa/global/CI/HERCULES/3077/gefs/env
+++ config.base[92]: BASE_ENV=/work2/noaa/global/CI/HERCULES/3077/gefs/env
+++ config.base[93]: export BASE_JOB=/work2/noaa/global/CI/HERCULES/3077/gefs/jobs/rocoto
+++ config.base[93]: BASE_JOB=/work2/noaa/global/CI/HERCULES/3077/gefs/jobs/rocoto
+++ config.base[96]: export SDATE=2021032312
+++ config.base[96]: SDATE=2021032312
+++ config.base[97]: export EDATE=2021032312
+++ config.base[97]: EDATE=2021032312
+++ config.base[98]: export EXP_WARM_START=.false.
+++ config.base[98]: EXP_WARM_START=.false.
+++ config.base[99]: export assim_freq=6
+++ config.base[99]: assim_freq=6
+++ config.base[100]: export PSLOT=C48_S2SWA_gefs_c38dbcfd
+++ config.base[100]: PSLOT=C48_S2SWA_gefs_c38dbcfd
+++ config.base[101]: export EXPDIR=/work2/noaa/global/CI/HERCULES/3077/RUNTESTS/EXPDIR/C48_S2SWA_gefs_c38dbcfd
+++ config.base[101]: EXPDIR=/work2/noaa/global/CI/HERCULES/3077/RUNTESTS/EXPDIR/C48_S2SWA_gefs_c38dbcfd
+++ config.base[102]: export ROTDIR=/work2/noaa/global/CI/HERCULES/3077/RUNTESTS/COMROOT/C48_S2SWA_gefs_c38dbcfd
+++ config.base[102]: ROTDIR=/work2/noaa/global/CI/HERCULES/3077/RUNTESTS/COMROOT/C48_S2SWA_gefs_c38dbcfd
+++ config.base[104]: export ARCDIR=/work/noaa/global/mterry/archive/C48_S2SWA_gefs_c38dbcfd
+++ config.base[104]: ARCDIR=/work/noaa/global/mterry/archive/C48_S2SWA_gefs_c38dbcfd
+++ config.base[105]: export ATARDIR=/work/noaa/global/mterry/archive_rotdir/C48_S2SWA_gefs_c38dbcfd
+++ config.base[105]: ATARDIR=/work/noaa/global/mterry/archive_rotdir/C48_S2SWA_gefs_c38dbcfd
+++ config.base[108]: export envir=prod
+++ config.base[108]: envir=prod
+++ config.base[109]: export NET=gefs
+++ config.base[109]: NET=gefs
+++ config.base[110]: export RUN=gefs
+++ config.base[110]: RUN=gefs
+++ config.base[113]: source /work2/noaa/global/CI/HERCULES/3077/RUNTESTS/EXPDIR/C48_S2SWA_gefs_c38dbcfd/config.com
++++ config.com[4]: echo 'BEGIN: config.com'
BEGIN: config.com
++++ config.com[37]: [[ emc == \n\c\o ]]
++++ config.com[41]: COM_OBS_TMPL='${ROTDIR}/${RUN}.${YMD}/${HH}/obs'
++++ config.com[42]: COM_RTOFS_TMPL='${DMPDIR}'
++++ config.com[44]: declare -rx COM_OBS_TMPL COM_RTOFS_TMPL
++++ config.com[45]: declare -rx 'COM_OBSDMP_TMPL=${DMPDIR}/${DUMP}${DUMP_SUFFIX}.${YMD}/${HH}/atmos'
++++ config.com[47]: COM_BASE='${ROTDIR}/${RUN}.${YMD}/${HH}/${MEMDIR}'
++++ config.com[49]: declare -rx 'COM_TOP_TMPL=${ROTDIR}/${RUN}.${YMD}/${HH}'
++++ config.com[51]: declare -rx 'COM_CONF_TMPL=${ROTDIR}/${RUN}.${YMD}/${HH}/${MEMDIR}/conf'
++++ config.com[52]: declare -rx 'COM_OBS_JEDI=${ROTDIR}/${RUN}.${YMD}/${HH}/${MEMDIR}/obs_jedi'
++++ config.com[54]: declare -rx 'COM_ATMOS_INPUT_TMPL=${ROTDIR}/${RUN}.${YMD}/${HH}/${MEMDIR}/model/atmos/input'
++++ config.com[55]: declare -rx 'COM_ATMOS_RESTART_TMPL=${ROTDIR}/${RUN}.${YMD}/${HH}/${MEMDIR}/model/atmos/restart'
++++ config.com[56]: declare -rx 'COM_ATMOS_ANALYSIS_TMPL=${ROTDIR}/${RUN}.${YMD}/${HH}/${MEMDIR}/analysis/atmos'
++++ config.com[57]: declare -rx 'COM_SNOW_ANALYSIS_TMPL=${ROTDIR}/${RUN}.${YMD}/${HH}/${MEMDIR}/analysis/snow'
++++ config.com[58]: declare -rx 'COM_ATMOS_HISTORY_TMPL=${ROTDIR}/${RUN}.${YMD}/${HH}/${MEMDIR}/model/atmos/history'
++++ config.com[59]: declare -rx 'COM_ATMOS_MASTER_TMPL=${ROTDIR}/${RUN}.${YMD}/${HH}/${MEMDIR}/model/atmos/master'
++++ config.com[60]: declare -rx 'COM_ATMOS_GRIB_TMPL=${ROTDIR}/${RUN}.${YMD}/${HH}/${MEMDIR}/products/atmos/grib2'
++++ config.com[61]: declare -rx 'COM_ATMOS_GRIB_GRID_TMPL=${ROTDIR}/${RUN}.${YMD}/${HH}/${MEMDIR}/products/atmos/grib2/${GRID}'
++++ config.com[62]: declare -rx 'COM_ATMOS_BUFR_TMPL=${ROTDIR}/${RUN}.${YMD}/${HH}/${MEMDIR}/products/atmos/bufr'
++++ config.com[63]: declare -rx 'COM_ATMOS_GEMPAK_TMPL=${ROTDIR}/${RUN}.${YMD}/${HH}/${MEMDIR}/products/atmos/gempak/${GRID}'
++++ config.com[64]: declare -rx 'COM_ATMOS_GENESIS_TMPL=${ROTDIR}/${RUN}.${YMD}/${HH}/${MEMDIR}/products/atmos/cyclone/genesis_vital'
++++ config.com[65]: declare -rx 'COM_ATMOS_TRACK_TMPL=${ROTDIR}/${RUN}.${YMD}/${HH}/${MEMDIR}/products/atmos/cyclone/tracks'
++++ config.com[66]: declare -rx 'COM_ATMOS_GOES_TMPL=${ROTDIR}/${RUN}.${YMD}/${HH}/${MEMDIR}/products/atmos/goes_sim'
++++ config.com[67]: declare -rx 'COM_ATMOS_IMAGERY_TMPL=${ROTDIR}/${RUN}.${YMD}/${HH}/${MEMDIR}/products/atmos/imagery'
++++ config.com[68]: declare -rx 'COM_ATMOS_OZNMON_TMPL=${ROTDIR}/${RUN}.${YMD}/${HH}/${MEMDIR}/products/atmos/oznmon'
++++ config.com[69]: declare -rx 'COM_ATMOS_RADMON_TMPL=${ROTDIR}/${RUN}.${YMD}/${HH}/${MEMDIR}/products/atmos/radmon'
++++ config.com[70]: declare -rx 'COM_ATMOS_MINMON_TMPL=${ROTDIR}/${RUN}.${YMD}/${HH}/${MEMDIR}/products/atmos/minmon'
++++ config.com[71]: declare -rx 'COM_ATMOS_WMO_TMPL=${ROTDIR}/${RUN}.${YMD}/${HH}/${MEMDIR}/products/atmos/wmo'
++++ config.com[73]: declare -rx 'COM_WAVE_RESTART_TMPL=${ROTDIR}/${RUN}.${YMD}/${HH}/${MEMDIR}/model/wave/restart'
++++ config.com[74]: declare -rx 'COM_WAVE_PREP_TMPL=${ROTDIR}/${RUN}.${YMD}/${HH}/${MEMDIR}/model/wave/prep'
++++ config.com[75]: declare -rx 'COM_WAVE_HISTORY_TMPL=${ROTDIR}/${RUN}.${YMD}/${HH}/${MEMDIR}/model/wave/history'
++++ config.com[76]: declare -rx 'COM_WAVE_GRID_TMPL=${ROTDIR}/${RUN}.${YMD}/${HH}/${MEMDIR}/products/wave/gridded'
++++ config.com[77]: declare -rx 'COM_WAVE_STATION_TMPL=${ROTDIR}/${RUN}.${YMD}/${HH}/${MEMDIR}/products/wave/station'
++++ config.com[78]: declare -rx 'COM_WAVE_GEMPAK_TMPL=${ROTDIR}/${RUN}.${YMD}/${HH}/${MEMDIR}/products/wave/gempak'
++++ config.com[79]: declare -rx 'COM_WAVE_WMO_TMPL=${ROTDIR}/${RUN}.${YMD}/${HH}/${MEMDIR}/products/wave/wmo'
++++ config.com[81]: declare -rx 'COM_OCEAN_HISTORY_TMPL=${ROTDIR}/${RUN}.${YMD}/${HH}/${MEMDIR}/model/ocean/history'
++++ config.com[82]: declare -rx 'COM_OCEAN_RESTART_TMPL=${ROTDIR}/${RUN}.${YMD}/${HH}/${MEMDIR}/model/ocean/restart'
++++ config.com[83]: declare -rx 'COM_OCEAN_INPUT_TMPL=${ROTDIR}/${RUN}.${YMD}/${HH}/${MEMDIR}/model/ocean/input'
++++ config.com[84]: declare -rx 'COM_OCEAN_ANALYSIS_TMPL=${ROTDIR}/${RUN}.${YMD}/${HH}/${MEMDIR}/analysis/ocean'
++++ config.com[85]: declare -rx 'COM_OCEAN_LETKF_TMPL=${ROTDIR}/${RUN}.${YMD}/${HH}/${MEMDIR}/analysis/ocean/letkf'
++++ config.com[86]: declare -rx 'COM_OCEAN_BMATRIX_TMPL=${ROTDIR}/${RUN}.${YMD}/${HH}/${MEMDIR}/bmatrix/ocean'
++++ config.com[87]: declare -rx 'COM_OCEAN_NETCDF_TMPL=${ROTDIR}/${RUN}.${YMD}/${HH}/${MEMDIR}/products/ocean/netcdf'
++++ config.com[88]: declare -rx 'COM_OCEAN_GRIB_TMPL=${ROTDIR}/${RUN}.${YMD}/${HH}/${MEMDIR}/products/ocean/grib2'
++++ config.com[89]: declare -rx 'COM_OCEAN_GRIB_GRID_TMPL=${ROTDIR}/${RUN}.${YMD}/${HH}/${MEMDIR}/products/ocean/grib2/${GRID}'
++++ config.com[91]: declare -rx 'COM_ICE_ANALYSIS_TMPL=${ROTDIR}/${RUN}.${YMD}/${HH}/${MEMDIR}/analysis/ice'
++++ config.com[92]: declare -rx 'COM_ICE_LETKF_TMPL=${ROTDIR}/${RUN}.${YMD}/${HH}/${MEMDIR}/analysis/ice/letkf'
++++ config.com[93]: declare -rx 'COM_ICE_BMATRIX_TMPL=${ROTDIR}/${RUN}.${YMD}/${HH}/${MEMDIR}/bmatrix/ice'
++++ config.com[94]: declare -rx 'COM_ICE_INPUT_TMPL=${ROTDIR}/${RUN}.${YMD}/${HH}/${MEMDIR}/model/ice/input'
++++ config.com[95]: declare -rx 'COM_ICE_HISTORY_TMPL=${ROTDIR}/${RUN}.${YMD}/${HH}/${MEMDIR}/model/ice/history'
++++ config.com[96]: declare -rx 'COM_ICE_RESTART_TMPL=${ROTDIR}/${RUN}.${YMD}/${HH}/${MEMDIR}/model/ice/restart'
++++ config.com[97]: declare -rx 'COM_ICE_NETCDF_TMPL=${ROTDIR}/${RUN}.${YMD}/${HH}/${MEMDIR}/products/ice/netcdf'
++++ config.com[98]: declare -rx 'COM_ICE_GRIB_TMPL=${ROTDIR}/${RUN}.${YMD}/${HH}/${MEMDIR}/products/ice/grib2'
++++ config.com[99]: declare -rx 'COM_ICE_GRIB_GRID_TMPL=${ROTDIR}/${RUN}.${YMD}/${HH}/${MEMDIR}/products/ice/grib2/${GRID}'
++++ config.com[101]: declare -rx 'COM_CHEM_HISTORY_TMPL=${ROTDIR}/${RUN}.${YMD}/${HH}/${MEMDIR}/model/chem/history'
++++ config.com[102]: declare -rx 'COM_CHEM_ANALYSIS_TMPL=${ROTDIR}/${RUN}.${YMD}/${HH}/${MEMDIR}/analysis/chem'
++++ config.com[103]: declare -rx 'COM_CHEM_BMAT_TMPL=${ROTDIR}/${RUN}.${YMD}/${HH}/${MEMDIR}/analysis/chem/bmatrix'
++++ config.com[105]: declare -rx 'COM_MED_RESTART_TMPL=${ROTDIR}/${RUN}.${YMD}/${HH}/${MEMDIR}/model/med/restart'
+++ config.base[116]: export 'ERRSCRIPT=eval [[ $err = 0 ]]'
+++ config.base[116]: ERRSCRIPT='eval [[ $err = 0 ]]'
+++ config.base[117]: export LOGSCRIPT=
+++ config.base[117]: LOGSCRIPT=
+++ config.base[120]: export 'REDOUT=1>'
+++ config.base[120]: REDOUT='1>'
+++ config.base[121]: export 'REDERR=2>'
+++ config.base[121]: REDERR='2>'
+++ config.base[123]: export SENDECF=NO
+++ config.base[123]: SENDECF=NO
+++ config.base[124]: export SENDSDM=NO
+++ config.base[124]: SENDSDM=NO
+++ config.base[125]: export SENDDBN_NTC=NO
+++ config.base[125]: SENDDBN_NTC=NO
+++ config.base[126]: export SENDDBN=NO
+++ config.base[126]: SENDDBN=NO
+++ config.base[127]: export DBNROOT=/work/noaa/epic/role-epic/spack-stack/hercules/spack-stack-1.6.0/envs/unified-env/install/intel/2021.9.0/prod-util-2.1.1-ddlo2cq/fakedbn
+++ config.base[127]: DBNROOT=/work/noaa/epic/role-epic/spack-stack/hercules/spack-stack-1.6.0/envs/unified-env/install/intel/2021.9.0/prod-util-2.1.1-ddlo2cq/fakedbn
+++ config.base[130]: export APP=S2SWA
+++ config.base[130]: APP=S2SWA
+++ config.base[133]: export DO_ATM=YES
+++ config.base[133]: DO_ATM=YES
+++ config.base[134]: export DO_COUPLED=NO
+++ config.base[134]: DO_COUPLED=NO
+++ config.base[135]: export DO_WAVE=NO
+++ config.base[135]: DO_WAVE=NO
+++ config.base[136]: export DO_OCN=NO
+++ config.base[136]: DO_OCN=NO
+++ config.base[137]: export DO_ICE=NO
+++ config.base[137]: DO_ICE=NO
+++ config.base[138]: export DO_EXTRACTVARS=NO
+++ config.base[138]: DO_EXTRACTVARS=NO
+++ config.base[139]: export DO_AERO_FCST=NO
+++ config.base[139]: DO_AERO_FCST=NO
+++ config.base[140]: export DOBNDPNT_WAVE=NO
+++ config.base[140]: DOBNDPNT_WAVE=NO
+++ config.base[141]: export DOIBP_WAV=NO
+++ config.base[141]: DOIBP_WAV=NO
+++ config.base[142]: export FRAC_GRID=.true.
+++ config.base[142]: FRAC_GRID=.true.
+++ config.base[143]: export DO_NEST=NO
+++ config.base[143]: DO_NEST=NO
+++ config.base[144]: [[ NO == \Y\E\S ]]
+++ config.base[148]: export ntiles=6
+++ config.base[148]: ntiles=6
+++ config.base[152]: export OPS_RES=C768
+++ config.base[152]: OPS_RES=C768
+++ config.base[155]: export LEVS=128
+++ config.base[155]: LEVS=128
+++ config.base[156]: export CASE=C48
+++ config.base[156]: CASE=C48
+++ config.base[157]: export CASE_ENS=C48
+++ config.base[157]: CASE_ENS=C48
+++ config.base[158]: export OCNRES=500
+++ config.base[158]: OCNRES=500
+++ config.base[159]: export ICERES=500
+++ config.base[159]: ICERES=500
+++ config.base[161]: case "${CASE}" in
+++ config.base[163]: export waveGRD=glo_500
+++ config.base[163]: waveGRD=glo_500
+++ config.base[180]: case "${APP}" in
+++ config.base[196]: export DO_COUPLED=YES
+++ config.base[196]: DO_COUPLED=YES
+++ config.base[197]: export DO_OCN=YES
+++ config.base[197]: DO_OCN=YES
+++ config.base[198]: export DO_ICE=YES
+++ config.base[198]: DO_ICE=YES
+++ config.base[200]: [[ S2SWA =~ A$ ]]
+++ config.base[201]: export DO_AERO_FCST=YES
+++ config.base[201]: DO_AERO_FCST=YES
+++ config.base[204]: [[ S2SWA =~ ^S2SW ]]
+++ config.base[205]: export DO_WAVE=YES
+++ config.base[205]: DO_WAVE=YES
+++ config.base[215]: export FHMIN=0
+++ config.base[215]: FHMIN=0
+++ config.base[216]: export FHMAX=9
+++ config.base[216]: FHMAX=9
+++ config.base[217]: export FHOUT=3
+++ config.base[217]: FHOUT=3
+++ config.base[218]: export FHOUT_OCN=3
+++ config.base[218]: FHOUT_OCN=3
+++ config.base[219]: export FHOUT_ICE=3
+++ config.base[219]: FHOUT_ICE=3
+++ config.base[220]: export FHOUT_AERO=3
+++ config.base[220]: FHOUT_AERO=3
+++ config.base[223]: export INTERVAL_GFS=24
+++ config.base[223]: INTERVAL_GFS=24
+++ config.base[224]: export SDATE_GFS=2021032312
+++ config.base[224]: SDATE_GFS=2021032312
+++ config.base[227]: export REPLAY_ICS=NO
+++ config.base[227]: REPLAY_ICS=NO
+++ config.base[228]: [[ NO == \Y\E\S ]]
+++ config.base[231]: export OFFSET_START_HOUR=0
+++ config.base[231]: OFFSET_START_HOUR=0
+++ config.base[235]: export FHMIN_GFS=0
+++ config.base[235]: FHMIN_GFS=0
+++ config.base[236]: export FHMAX_GFS=120
+++ config.base[236]: FHMAX_GFS=120
+++ config.base[238]: breakpnts=48
+++ config.base[239]: export FCST_SEGMENTS=0,48,120
+++ config.base[239]: FCST_SEGMENTS=0,48,120
+++ config.base[241]: export FHOUT_GFS=6
+++ config.base[241]: FHOUT_GFS=6
+++ config.base[242]: export FHMAX_HF_GFS=0
+++ config.base[242]: FHMAX_HF_GFS=0
+++ config.base[243]: export FHOUT_HF_GFS=1
+++ config.base[243]: FHOUT_HF_GFS=1
+++ config.base[244]: export FHOUT_OCN_GFS=6
+++ config.base[244]: FHOUT_OCN_GFS=6
+++ config.base[245]: export FHOUT_ICE_GFS=6
+++ config.base[245]: FHOUT_ICE_GFS=6
+++ config.base[246]: export FHMIN_WAV=0
+++ config.base[246]: FHMIN_WAV=0
+++ config.base[247]: export FHOUT_WAV=3
+++ config.base[247]: FHOUT_WAV=3
+++ config.base[248]: export FHMAX_HF_WAV=120
+++ config.base[248]: FHMAX_HF_WAV=120
+++ config.base[249]: export FHOUT_HF_WAV=1
+++ config.base[249]: FHOUT_HF_WAV=1
+++ config.base[250]: export FHMAX_WAV=120
+++ config.base[250]: FHMAX_WAV=120
+++ config.base[251]: export ILPOST=1
+++ config.base[251]: ILPOST=1
+++ config.base[253]: export FHMIN_ENKF=0
+++ config.base[253]: FHMIN_ENKF=0
+++ config.base[254]: export FHMAX_ENKF=120
+++ config.base[254]: FHMAX_ENKF=120
+++ config.base[255]: export FHOUT_ENKF=6
+++ config.base[255]: FHOUT_ENKF=6
+++ config.base[256]: export FHOUT_OCN=6
+++ config.base[256]: FHOUT_OCN=6
+++ config.base[257]: export FHOUT_ICE=6
+++ config.base[257]: FHOUT_ICE=6
+++ config.base[260]: export restart_interval_gfs=12
+++ config.base[260]: restart_interval_gfs=12
+++ config.base[261]: export restart_interval_enkfgfs=12
+++ config.base[261]: restart_interval_enkfgfs=12
+++ config.base[266]: export QUILTING=.true.
+++ config.base[266]: QUILTING=.true.
+++ config.base[267]: export OUTPUT_GRID=gaussian_grid
+++ config.base[267]: OUTPUT_GRID=gaussian_grid
+++ config.base[268]: export WRITE_DOPOST=.true.
+++ config.base[268]: WRITE_DOPOST=.true.
+++ config.base[269]: export WRITE_NSFLIP=.true.
+++ config.base[269]: WRITE_NSFLIP=.true.
+++ config.base[272]: export imp_physics=8
+++ config.base[272]: imp_physics=8
+++ config.base[276]: export DO_JEDIATMVAR=NO
+++ config.base[276]: DO_JEDIATMVAR=NO
+++ config.base[277]: export DO_JEDIATMENS=NO
+++ config.base[277]: DO_JEDIATMENS=NO
+++ config.base[278]: export DO_JEDIOCNVAR=NO
+++ config.base[278]: DO_JEDIOCNVAR=NO
+++ config.base[279]: export DO_JEDISNOWDA=NO
+++ config.base[279]: DO_JEDISNOWDA=NO
+++ config.base[280]: export DO_MERGENSST=NO
+++ config.base[280]: DO_MERGENSST=NO
+++ config.base[283]: export NMEM_ENS=2
+++ config.base[283]: NMEM_ENS=2
+++ config.base[287]: export ENSMEM=001
+++ config.base[287]: ENSMEM=001
+++ config.base[288]: export MEMDIR=mem001
+++ config.base[288]: MEMDIR=mem001
+++ config.base[291]: ((  ENSMEM == 0  ))
+++ config.base[294]: export DO_CA=YES
+++ config.base[294]: DO_CA=YES
+++ config.base[297]: export DOIAU=NO
+++ config.base[297]: DOIAU=NO
+++ config.base[300]: [[ .false. = \.\t\r\u\e\. ]]
+++ config.base[309]: export DONST=YES
+++ config.base[309]: DONST=YES
+++ config.base[310]: [[ YES = \Y\E\S ]]
+++ config.base[310]: export 'FNTSFA=        '
+++ config.base[310]: FNTSFA='        '
+++ config.base[313]: export nst_anl=.true.
+++ config.base[313]: nst_anl=.true.
+++ config.base[316]: export MAKE_NSSTBUFR=NO
+++ config.base[316]: MAKE_NSSTBUFR=NO
+++ config.base[319]: export MAKE_ACFTBUFR=NO
+++ config.base[319]: MAKE_ACFTBUFR=NO
+++ config.base[322]: export DO_METP=NO
+++ config.base[322]: DO_METP=NO
+++ config.base[323]: export DO_FIT2OBS=NO
+++ config.base[323]: DO_FIT2OBS=NO
+++ config.base[326]: export HPSSARCH=NO
+++ config.base[326]: HPSSARCH=NO
+++ config.base[327]: export LOCALARCH=NO
+++ config.base[327]: LOCALARCH=NO
+++ config.base[328]: [[ NO = \Y\E\S ]]
+++ config.base[332]: export ARCH_CYC=00
+++ config.base[332]: ARCH_CYC=00
+++ config.base[333]: export ARCH_WARMICFREQ=4
+++ config.base[333]: ARCH_WARMICFREQ=4
+++ config.base[334]: export ARCH_FCSTICFREQ=1
+++ config.base[334]: ARCH_FCSTICFREQ=1
+++ config.base[336]: export DELETE_COM_IN_ARCHIVE_JOB=YES
+++ config.base[336]: DELETE_COM_IN_ARCHIVE_JOB=YES
+++ config.base[339]: export NUM_SND_COLLECTIVES=9
+++ config.base[339]: NUM_SND_COLLECTIVES=9
+++ config.base[341]: echo 'END: config.base'
END: config.base
++ jjob_header.sh[98]: status=0
++ jjob_header.sh[99]: ((  status != 0  ))
++ jjob_header.sh[96]: for config in "${configs[@]:-''}"
++ jjob_header.sh[97]: source /work2/noaa/global/CI/HERCULES/3077/RUNTESTS/EXPDIR/C48_S2SWA_gefs_c38dbcfd/config.fcst
+++ config.fcst[6]: echo 'BEGIN: config.fcst'
BEGIN: config.fcst
+++ config.fcst[8]: export USE_ESMF_THREADING=YES
+++ config.fcst[8]: USE_ESMF_THREADING=YES
+++ config.fcst[9]: export COPY_FINAL_RESTARTS=NO
+++ config.fcst[9]: COPY_FINAL_RESTARTS=NO
+++ config.fcst[12]: string='--fv3 C48'
+++ config.fcst[13]: [[ YES == \Y\E\S ]]
+++ config.fcst[13]: string='--fv3 C48 --mom6 500'
+++ config.fcst[14]: [[ YES == \Y\E\S ]]
+++ config.fcst[14]: string='--fv3 C48 --mom6 500 --cice6 500'
+++ config.fcst[15]: [[ YES == \Y\E\S ]]
+++ config.fcst[15]: string='--fv3 C48 --mom6 500 --cice6 500 --ww3 glo_500'
+++ config.fcst[16]: [[ YES == \Y\E\S ]]
+++ config.fcst[16]: string='--fv3 C48 --mom6 500 --cice6 500 --ww3 glo_500 --gocart'
+++ config.fcst[19]: source /work2/noaa/global/CI/HERCULES/3077/RUNTESTS/EXPDIR/C48_S2SWA_gefs_c38dbcfd/config.ufs --fv3 C48 --mom6 500 --cice6 500 --ww3 glo_500 --gocart
++++ config.ufs[9]: echo 'BEGIN: config.ufs'
BEGIN: config.ufs
++++ config.ufs[11]: ((  9 <= 1  ))
++++ config.ufs[26]: skip_mom6=true
++++ config.ufs[27]: skip_cice6=true
++++ config.ufs[28]: skip_ww3=true
++++ config.ufs[29]: skip_gocart=true
++++ config.ufs[30]: skip_mediator=true
++++ config.ufs[33]: ((  9 > 0  ))
++++ config.ufs[34]: key=--fv3
++++ config.ufs[35]: case "${key}" in
++++ config.ufs[37]: fv3_res=C48
++++ config.ufs[38]: shift
++++ config.ufs[63]: shift
++++ config.ufs[33]: ((  7 > 0  ))
++++ config.ufs[34]: key=--mom6
++++ config.ufs[35]: case "${key}" in
++++ config.ufs[41]: mom6_res=500
++++ config.ufs[42]: skip_mom6=false
++++ config.ufs[43]: shift
++++ config.ufs[63]: shift
++++ config.ufs[33]: ((  5 > 0  ))
++++ config.ufs[34]: key=--cice6
++++ config.ufs[35]: case "${key}" in
++++ config.ufs[46]: cice6_res=500
++++ config.ufs[47]: skip_cice6=false
++++ config.ufs[48]: shift
++++ config.ufs[63]: shift
++++ config.ufs[33]: ((  3 > 0  ))
++++ config.ufs[34]: key=--ww3
++++ config.ufs[35]: case "${key}" in
++++ config.ufs[51]: ww3_res=glo_500
++++ config.ufs[52]: skip_ww3=false
++++ config.ufs[53]: shift
++++ config.ufs[63]: shift
++++ config.ufs[33]: ((  1 > 0  ))
++++ config.ufs[34]: key=--gocart
++++ config.ufs[35]: case "${key}" in
++++ config.ufs[56]: skip_gocart=false
++++ config.ufs[63]: shift
++++ config.ufs[33]: ((  0 > 0  ))
++++ config.ufs[67]: [[ false == \f\a\l\s\e ]]
++++ config.ufs[68]: skip_mediator=false
++++ config.ufs[72]: case "${fv3_res}" in
++++ config.ufs[74]: export DELTIM=1200
++++ config.ufs[74]: DELTIM=1200
++++ config.ufs[75]: export layout_x=1
++++ config.ufs[75]: layout_x=1
++++ config.ufs[76]: export layout_y=1
++++ config.ufs[76]: layout_y=1
++++ config.ufs[77]: export layout_x_gfs=1
++++ config.ufs[77]: layout_x_gfs=1
++++ config.ufs[78]: export layout_y_gfs=1
++++ config.ufs[78]: layout_y_gfs=1
++++ config.ufs[79]: export nthreads_fv3=1
++++ config.ufs[79]: nthreads_fv3=1
++++ config.ufs[80]: export nthreads_fv3_gfs=1
++++ config.ufs[80]: nthreads_fv3_gfs=1
++++ config.ufs[81]: export nthreads_ufs=1
++++ config.ufs[81]: nthreads_ufs=1
++++ config.ufs[82]: export nthreads_ufs_gfs=1
++++ config.ufs[82]: nthreads_ufs_gfs=1
++++ config.ufs[83]: export xr_cnvcld=.true.
++++ config.ufs[83]: xr_cnvcld=.true.
++++ config.ufs[84]: export cdmbgwd=0.071,2.1,1.0,1.0
++++ config.ufs[84]: cdmbgwd=0.071,2.1,1.0,1.0
++++ config.ufs[85]: export cdmbgwd_gsl=40.0,1.77,1.0,1.0
++++ config.ufs[85]: cdmbgwd_gsl=40.0,1.77,1.0,1.0
++++ config.ufs[86]: export k_split=1
++++ config.ufs[86]: k_split=1
++++ config.ufs[87]: export n_split=4
++++ config.ufs[87]: n_split=4
++++ config.ufs[88]: export tau=10.0
++++ config.ufs[88]: tau=10.0
++++ config.ufs[89]: export rf_cutoff=100.0
++++ config.ufs[89]: rf_cutoff=100.0
++++ config.ufs[90]: export fv_sg_adj=3600
++++ config.ufs[90]: fv_sg_adj=3600
++++ config.ufs[91]: export knob_ugwp_tauamp=6.0e-3
++++ config.ufs[91]: knob_ugwp_tauamp=6.0e-3
++++ config.ufs[92]: export WRITE_GROUP=1
++++ config.ufs[92]: WRITE_GROUP=1
++++ config.ufs[93]: export WRTTASK_PER_GROUP_PER_THREAD_PER_TILE=1
++++ config.ufs[93]: WRTTASK_PER_GROUP_PER_THREAD_PER_TILE=1
++++ config.ufs[94]: export WRITE_GROUP_GFS=1
++++ config.ufs[94]: WRITE_GROUP_GFS=1
++++ config.ufs[95]: export WRTTASK_PER_GROUP_PER_THREAD_PER_TILE_GFS=1
++++ config.ufs[95]: WRTTASK_PER_GROUP_PER_THREAD_PER_TILE_GFS=1
++++ config.ufs[243]: ((  WRTTASK_PER_GROUP_PER_THREAD = WRTTASK_PER_GROUP_PER_THREAD_PER_TILE * 6  ))
++++ config.ufs[244]: ((  WRTTASK_PER_GROUP_PER_THREAD_GFS = WRTTASK_PER_GROUP_PER_THREAD_PER_TILE_GFS * 6  ))
++++ config.ufs[245]: export WRTTASK_PER_GROUP_PER_THREAD
++++ config.ufs[246]: export WRTTASK_PER_GROUP_PER_THREAD_GFS
++++ config.ufs[248]: ((  ntasks_fv3 = layout_x * layout_y * 6  ))
++++ config.ufs[249]: ((  ntasks_fv3_gfs = layout_x_gfs * layout_y_gfs * 6  ))
++++ config.ufs[250]: export ntasks_fv3
++++ config.ufs[251]: export ntasks_fv3_gfs
++++ config.ufs[253]: ((  ntasks_quilt = WRITE_GROUP * WRTTASK_PER_GROUP_PER_THREAD  ))
++++ config.ufs[254]: ((  ntasks_quilt_gfs = WRITE_GROUP_GFS * WRTTASK_PER_GROUP_PER_THREAD_GFS  ))
++++ config.ufs[255]: export ntasks_quilt
++++ config.ufs[256]: export ntasks_quilt_gfs
++++ config.ufs[260]: case ${fv3_res} in
++++ config.ufs[262]: zstandard_level=0
++++ config.ufs[263]: ideflate=0
++++ config.ufs[264]: quantize_nsd=0
++++ config.ufs[265]: OUTPUT_FILETYPE_ATM=netcdf
++++ config.ufs[266]: OUTPUT_FILETYPE_SFC=netcdf
++++ config.ufs[284]: export zstandard_level ideflate quantize_nsd
++++ config.ufs[285]: export OUTPUT_FILETYPE_ATM OUTPUT_FILETYPE_SFC
++++ config.ufs[288]: export cpl=.false.
++++ config.ufs[288]: cpl=.false.
++++ config.ufs[289]: export cplflx=.false.
++++ config.ufs[289]: cplflx=.false.
++++ config.ufs[290]: export cplice=.false.
++++ config.ufs[290]: cplice=.false.
++++ config.ufs[291]: export cplchm=.false.
++++ config.ufs[291]: cplchm=.false.
++++ config.ufs[292]: export cplwav=.false.
++++ config.ufs[292]: cplwav=.false.
++++ config.ufs[293]: export cplwav2atm=.false.
++++ config.ufs[293]: cplwav2atm=.false.
++++ config.ufs[294]: export CCPP_SUITE=FV3_GFS_v17_p8_ugwpv1
++++ config.ufs[294]: CCPP_SUITE=FV3_GFS_v17_p8_ugwpv1
++++ config.ufs[295]: model_list=atm
++++ config.ufs[298]: [[ false == \f\a\l\s\e ]]
++++ config.ufs[299]: export cpl=.true.
++++ config.ufs[299]: cpl=.true.
++++ config.ufs[300]: export nthreads_mediator=1
++++ config.ufs[300]: nthreads_mediator=1
++++ config.ufs[301]: export CCPP_SUITE=FV3_GFS_v17_coupled_p8_ugwpv1
++++ config.ufs[301]: CCPP_SUITE=FV3_GFS_v17_coupled_p8_ugwpv1
++++ config.ufs[305]: [[ false == \f\a\l\s\e ]]
++++ config.ufs[306]: source /work2/noaa/global/CI/HERCULES/3077/RUNTESTS/EXPDIR/C48_S2SWA_gefs_c38dbcfd/config.ocn
+++++ config.ocn[3]: echo 'BEGIN: config.ocn'
BEGIN: config.ocn
+++++ config.ocn[5]: export MESH_OCN=mesh.mx500.nc
+++++ config.ocn[5]: MESH_OCN=mesh.mx500.nc
+++++ config.ocn[7]: export DO_OCN_SPPT=NO
+++++ config.ocn[7]: DO_OCN_SPPT=NO
+++++ config.ocn[8]: export DO_OCN_PERT_EPBL=NO
+++++ config.ocn[8]: DO_OCN_PERT_EPBL=NO
+++++ config.ocn[11]: export MOM6_USE_LI2016=True
+++++ config.ocn[11]: MOM6_USE_LI2016=True
+++++ config.ocn[12]: export MOM6_THERMO_SPAN=False
+++++ config.ocn[12]: MOM6_THERMO_SPAN=False
+++++ config.ocn[14]: [[ NO == \Y\E\S ]]
+++++ config.ocn[17]: export ODA_INCUPD=False
+++++ config.ocn[17]: ODA_INCUPD=False
+++++ config.ocn[21]: [[ NO == \Y\E\S ]]
+++++ config.ocn[24]: export ODA_INCUPD_NHOURS=3.0
+++++ config.ocn[24]: ODA_INCUPD_NHOURS=3.0
+++++ config.ocn[27]: MOM6_INTERP_ICS=NO
+++++ config.ocn[28]: [[ NO == \Y\E\S ]]
+++++ config.ocn[34]: echo 'END: config.ocn'
END: config.ocn
++++ config.ufs[307]: export cplflx=.true.
++++ config.ufs[307]: cplflx=.true.
++++ config.ufs[308]: model_list=atm.ocean
++++ config.ufs[309]: nthreads_mom6=1
++++ config.ufs[310]: case "${mom6_res}" in
++++ config.ufs[312]: ntasks_mom6=8
++++ config.ufs[313]: OCNTIM=3600
++++ config.ufs[314]: NX_GLB=72
++++ config.ufs[315]: NY_GLB=35
++++ config.ufs[316]: DT_DYNAM_MOM6=3600
++++ config.ufs[317]: DT_THERM_MOM6=3600
++++ config.ufs[318]: FRUNOFF=
++++ config.ufs[319]: CHLCLIM=seawifs_1998-2006_smoothed_2X.nc
++++ config.ufs[320]: MOM6_RESTART_SETTING=r
++++ config.ufs[321]: MOM6_RIVER_RUNOFF=False
++++ config.ufs[322]: [[ gefs == \g\f\s ]]
++++ config.ufs[322]: [[ gefs == \g\e\f\s ]]
++++ config.ufs[323]: MOM6_DIAG_MISVAL=-1e34
++++ config.ufs[327]: eps_imesh=4.0e-1
++++ config.ufs[328]: MOM6_DIAG_COORD_DEF_Z_FILE=oceanda_zgrid_25L.nc
++++ config.ufs[329]: MOM6_ALLOW_LANDMASK_CHANGES=False
++++ config.ufs[330]: TOPOEDITS=
++++ config.ufs[404]: export nthreads_mom6 ntasks_mom6
++++ config.ufs[405]: export OCNTIM
++++ config.ufs[406]: export NX_GLB NY_GLB
++++ config.ufs[407]: export DT_DYNAM_MOM6 DT_THERM_MOM6
++++ config.ufs[408]: export FRUNOFF
++++ config.ufs[409]: export CHLCLIM
++++ config.ufs[410]: export TOPOEDITS
++++ config.ufs[411]: export MOM6_RIVER_RUNOFF
++++ config.ufs[412]: export MOM6_RESTART_SETTING
++++ config.ufs[413]: export eps_imesh
++++ config.ufs[414]: export MOM6_DIAG_COORD_DEF_Z_FILE
++++ config.ufs[415]: export MOM6_DIAG_MISVAL
++++ config.ufs[416]: export MOM6_ALLOW_LANDMASK_CHANGES
++++ config.ufs[420]: [[ false == \f\a\l\s\e ]]
++++ config.ufs[421]: source /work2/noaa/global/CI/HERCULES/3077/RUNTESTS/EXPDIR/C48_S2SWA_gefs_c38dbcfd/config.ice
+++++ config.ice[3]: echo 'BEGIN: config.ice'
BEGIN: config.ice
+++++ config.ice[6]: export min_seaice=1.0e-6
+++++ config.ice[6]: min_seaice=1.0e-6
+++++ config.ice[7]: export use_cice_alb=.true.
+++++ config.ice[7]: use_cice_alb=.true.
+++++ config.ice[9]: export MESH_ICE=mesh.mx500.nc
+++++ config.ice[9]: MESH_ICE=mesh.mx500.nc
+++++ config.ice[11]: export CICE_GRID=grid_cice_NEMS_mx500.nc
+++++ config.ice[11]: CICE_GRID=grid_cice_NEMS_mx500.nc
+++++ config.ice[12]: export CICE_MASK=kmtu_cice_NEMS_mx500.nc
+++++ config.ice[12]: CICE_MASK=kmtu_cice_NEMS_mx500.nc
+++++ config.ice[14]: echo 'END: config.ice'
END: config.ice
++++ config.ufs[422]: export cplice=.true.
++++ config.ufs[422]: cplice=.true.
++++ config.ufs[423]: model_list=atm.ocean.ice
++++ config.ufs[425]: [[ false == \t\r\u\e ]]
++++ config.ufs[430]: nthreads_cice6=1
++++ config.ufs[431]: case "${cice6_res}" in
++++ config.ufs[433]: ntasks_cice6=4
++++ config.ufs[434]: cice6_processor_shape=slenderX1
++++ config.ufs[455]: export nthreads_cice6 ntasks_cice6
++++ config.ufs[456]: export cice6_processor_shape
++++ config.ufs[460]: [[ false == \f\a\l\s\e ]]
++++ config.ufs[461]: source /work2/noaa/global/CI/HERCULES/3077/RUNTESTS/EXPDIR/C48_S2SWA_gefs_c38dbcfd/config.wave
+++++ config.wave[6]: echo 'BEGIN: config.wave'
BEGIN: config.wave
+++++ config.wave[13]: export RUNwave=gefswave
+++++ config.wave[13]: RUNwave=gefswave
+++++ config.wave[16]: export RUNRSTwave=gdas
+++++ config.wave[16]: RUNRSTwave=gdas
+++++ config.wave[19]: export waveGRDN=1
+++++ config.wave[19]: waveGRDN=1
+++++ config.wave[20]: export waveGRDG=10
+++++ config.wave[20]: waveGRDG=10
+++++ config.wave[21]: export USE_WAV_RMP=NO
+++++ config.wave[21]: USE_WAV_RMP=NO
+++++ config.wave[22]: export waveMULTIGRID=.false.
+++++ config.wave[22]: waveMULTIGRID=.false.
+++++ config.wave[23]: export MESH_WAV=mesh.glo_500.nc
+++++ config.wave[23]: MESH_WAV=mesh.glo_500.nc
+++++ config.wave[24]: export 'waveesmfGRD= '
+++++ config.wave[24]: waveesmfGRD=' '
+++++ config.wave[27]: case "${waveGRD}" in
+++++ config.wave[73]: export waveinterpGRD=
+++++ config.wave[73]: waveinterpGRD=
+++++ config.wave[74]: export wavepostGRD=glo_500
+++++ config.wave[74]: wavepostGRD=glo_500
+++++ config.wave[75]: export waveuoutpGRD=glo_500
+++++ config.wave[75]: waveuoutpGRD=glo_500
+++++ config.wave[84]: export WAVEWND_DID=
+++++ config.wave[84]: WAVEWND_DID=
+++++ config.wave[85]: export WAVEWND_FID=
+++++ config.wave[85]: WAVEWND_FID=
+++++ config.wave[88]: export WAVHINDH=0
+++++ config.wave[88]: WAVHINDH=0
+++++ config.wave[89]: export FHMAX_WAV_IBP=180
+++++ config.wave[89]: FHMAX_WAV_IBP=180
+++++ config.wave[90]: ((  FHMAX_WAV < FHMAX_WAV_IBP  ))
+++++ config.wave[90]: export FHMAX_WAV_IBP=120
+++++ config.wave[90]: FHMAX_WAV_IBP=120
+++++ config.wave[93]: export DTFLD_WAV=3600
+++++ config.wave[93]: DTFLD_WAV=3600
+++++ config.wave[94]: export DTPNT_WAV=3600
+++++ config.wave[94]: DTPNT_WAV=3600
+++++ config.wave[95]: export FHINCP_WAV=1
+++++ config.wave[95]: FHINCP_WAV=1
+++++ config.wave[98]: export 'OUTPARS_WAV=WND CUR ICE HS T01 T02 DIR FP DP PHS PTP PDIR CHA'
+++++ config.wave[98]: OUTPARS_WAV='WND CUR ICE HS T01 T02 DIR FP DP PHS PTP PDIR CHA'
+++++ config.wave[101]: export WAVHCYC=6
+++++ config.wave[101]: WAVHCYC=6
+++++ config.wave[102]: export FHMAX_WAV_CUR=192
+++++ config.wave[102]: FHMAX_WAV_CUR=192
+++++ config.wave[106]: export RSTTYPE_WAV=T
+++++ config.wave[106]: RSTTYPE_WAV=T
+++++ config.wave[107]: rst_dt_gfs=43200
+++++ config.wave[108]: [[ 43200 -gt 0 ]]
+++++ config.wave[109]: export DT_1_RST_WAV=0
+++++ config.wave[109]: DT_1_RST_WAV=0
+++++ config.wave[112]: export DT_2_RST_WAV=43200
+++++ config.wave[112]: DT_2_RST_WAV=43200
+++++ config.wave[118]: export RSTIOFF_WAV=0
+++++ config.wave[118]: RSTIOFF_WAV=0
+++++ config.wave[122]: export RUNMEM=-1
+++++ config.wave[122]: RUNMEM=-1
+++++ config.wave[125]: ((  RUNMEM == -1  ))
+++++ config.wave[127]: export waveMEMB=
+++++ config.wave[127]: waveMEMB=
+++++ config.wave[134]: export WW3ATMINP=CPL
+++++ config.wave[134]: WW3ATMINP=CPL
+++++ config.wave[135]: [[ YES == \Y\E\S ]]
+++++ config.wave[136]: export WW3ICEINP=CPL
+++++ config.wave[136]: WW3ICEINP=CPL
+++++ config.wave[137]: export WAVEICE_FID=
+++++ config.wave[137]: WAVEICE_FID=
+++++ config.wave[143]: export WAVECUR_DID=rtofs
+++++ config.wave[143]: WAVECUR_DID=rtofs
+++++ config.wave[144]: [[ YES == \Y\E\S ]]
+++++ config.wave[145]: export WW3CURINP=CPL
+++++ config.wave[145]: WW3CURINP=CPL
+++++ config.wave[146]: export WAVECUR_FID=
+++++ config.wave[146]: WAVECUR_FID=
+++++ config.wave[153]: export WW3ATMIENS=F
+++++ config.wave[153]: WW3ATMIENS=F
+++++ config.wave[154]: export WW3ICEIENS=F
+++++ config.wave[154]: WW3ICEIENS=F
+++++ config.wave[155]: export WW3CURIENS=F
+++++ config.wave[155]: WW3CURIENS=F
+++++ config.wave[157]: export GOFILETYPE=1
+++++ config.wave[157]: GOFILETYPE=1
+++++ config.wave[158]: export POFILETYPE=1
+++++ config.wave[158]: POFILETYPE=1
+++++ config.wave[162]: export FUNIPNT=T
+++++ config.wave[162]: FUNIPNT=T
+++++ config.wave[164]: export IOSRV=1
+++++ config.wave[164]: IOSRV=1
+++++ config.wave[166]: export FPNTPROC=T
+++++ config.wave[166]: FPNTPROC=T
+++++ config.wave[168]: export FGRDPROC=F
+++++ config.wave[168]: FGRDPROC=F
+++++ config.wave[170]: export FLAGMASKCOMP=F
+++++ config.wave[170]: FLAGMASKCOMP=F
+++++ config.wave[172]: export FLAGMASKOUT=F
+++++ config.wave[172]: FLAGMASKOUT=F
+++++ config.wave[174]: echo 'END: config.wave'
END: config.wave
++++ config.ufs[462]: export cplwav=.true.
++++ config.ufs[462]: cplwav=.true.
++++ config.ufs[463]: export cplwav2atm=.true.
++++ config.ufs[463]: cplwav2atm=.true.
++++ config.ufs[464]: model_list=atm.ocean.ice.wave
++++ config.ufs[465]: nthreads_ww3=2
++++ config.ufs[466]: case "${ww3_res}" in
++++ config.ufs[485]: ntasks_ww3=12
++++ config.ufs[486]: nthreads_ww3=1
++++ config.ufs[496]: export ntasks_ww3 nthreads_ww3
++++ config.ufs[500]: [[ false == \f\a\l\s\e ]]
++++ config.ufs[501]: source /work2/noaa/global/CI/HERCULES/3077/RUNTESTS/EXPDIR/C48_S2SWA_gefs_c38dbcfd/config.aero
+++++ config.aero[6]: export AERO_INPUTS_DIR=/work2/noaa/global/wkolczyn/noscrub/global-workflow/gocart_emissions
+++++ config.aero[6]: AERO_INPUTS_DIR=/work2/noaa/global/wkolczyn/noscrub/global-workflow/gocart_emissions
+++++ config.aero[8]: export AERO_DIAG_TABLE=/work2/noaa/global/CI/HERCULES/3077/gefs/parm/ufs/fv3/diag_table.aero
+++++ config.aero[8]: AERO_DIAG_TABLE=/work2/noaa/global/CI/HERCULES/3077/gefs/parm/ufs/fv3/diag_table.aero
+++++ config.aero[9]: export AERO_FIELD_TABLE=/work2/noaa/global/CI/HERCULES/3077/gefs/parm/ufs/fv3/field_table.aero
+++++ config.aero[9]: AERO_FIELD_TABLE=/work2/noaa/global/CI/HERCULES/3077/gefs/parm/ufs/fv3/field_table.aero
+++++ config.aero[11]: export AERO_EMIS_FIRE=qfed
+++++ config.aero[11]: AERO_EMIS_FIRE=qfed
+++++ config.aero[13]: export AERO_CONFIG_DIR=/work2/noaa/global/CI/HERCULES/3077/gefs/parm/ufs/gocart
+++++ config.aero[13]: AERO_CONFIG_DIR=/work2/noaa/global/CI/HERCULES/3077/gefs/parm/ufs/gocart
+++++ config.aero[18]: export 'fscav_aero='\''*:0.3'\'','\''so2:0.0'\'','\''msa:0.0'\'','\''dms:0.0'\'','\''nh3:0.4'\'','\''nh4:0.6'\'','\''bc1:0.6'\'','\''bc2:0.6'\'','\''oc1:0.4'\'','\''oc2:0.4'\'','\''dust1:0.6'\'','\''dust2:0.6'\'', '\''dust3:0.6'\'','\''dust4:0.6'\'','\''dust5:0.6'\'','\''seas1:0.5'\'','\''seas2:0.5'\'','\''seas3:0.5'\'','\''seas4:0.5'\'','\''seas5:0.5'\'''
+++++ config.aero[18]: fscav_aero=''\''*:0.3'\'','\''so2:0.0'\'','\''msa:0.0'\'','\''dms:0.0'\'','\''nh3:0.4'\'','\''nh4:0.6'\'','\''bc1:0.6'\'','\''bc2:0.6'\'','\''oc1:0.4'\'','\''oc2:0.4'\'','\''dust1:0.6'\'','\''dust2:0.6'\'', '\''dust3:0.6'\'','\''dust4:0.6'\'','\''dust5:0.6'\'','\''seas1:0.5'\'','\''seas2:0.5'\'','\''seas3:0.5'\'','\''seas4:0.5'\'','\''seas5:0.5'\'''
+++++ config.aero[21]: export dnats_aero=2
+++++ config.aero[21]: dnats_aero=2
++++ config.ufs[502]: export cplchm=.true.
++++ config.ufs[502]: cplchm=.true.
++++ config.ufs[503]: model_list=atm.ocean.ice.wave.aero
++++ config.ufs[508]: [[ YES == \Y\E\S ]]
++++ config.ufs[509]: tmpl_suffix=_esmf
++++ config.ufs[511]: case "${model_list}" in
++++ config.ufs[531]: default_template=/work2/noaa/global/CI/HERCULES/3077/gefs/parm/ufs/ufs.configure.s2swa_esmf.IN
++++ config.ufs[540]: export ufs_configure_template=/work2/noaa/global/CI/HERCULES/3077/gefs/parm/ufs/ufs.configure.s2swa_esmf.IN
++++ config.ufs[540]: ufs_configure_template=/work2/noaa/global/CI/HERCULES/3077/gefs/parm/ufs/ufs.configure.s2swa_esmf.IN
++++ config.ufs[541]: unset model_list default_template
++++ config.ufs[543]: [[ ! -r /work2/noaa/global/CI/HERCULES/3077/gefs/parm/ufs/ufs.configure.s2swa_esmf.IN ]]
++++ config.ufs[548]: echo 'END: config.ufs'
END: config.ufs
+++ config.fcst[22]: IFS=', '
+++ config.fcst[22]: read -ra segments
+++ config.fcst[24]: export FHMIN=48
+++ config.fcst[24]: FHMIN=48
+++ config.fcst[25]: export FHMAX=120
+++ config.fcst[25]: FHMAX=120
+++ config.fcst[27]: export FHMIN_WAV=48
+++ config.fcst[27]: FHMIN_WAV=48
+++ config.fcst[28]: export FHMAX_HF=0
+++ config.fcst[28]: FHMAX_HF=0
+++ config.fcst[29]: export FHMAX_WAV=120
+++ config.fcst[29]: FHMAX_WAV=120
+++ config.fcst[31]: export FHOUT=6
+++ config.fcst[31]: FHOUT=6
+++ config.fcst[32]: export FHOUT_HF=1
+++ config.fcst[32]: FHOUT_HF=1
+++ config.fcst[33]: export FHOUT_OCN=6
+++ config.fcst[33]: FHOUT_OCN=6
+++ config.fcst[34]: export FHOUT_ICE=6
+++ config.fcst[34]: FHOUT_ICE=6
+++ config.fcst[35]: export FHZER=6
+++ config.fcst[35]: FHZER=6
+++ config.fcst[38]: source /work2/noaa/global/CI/HERCULES/3077/RUNTESTS/EXPDIR/C48_S2SWA_gefs_c38dbcfd/config.resources fcst
++++ config.resources[7]: ((  1 != 1  ))
++++ config.resources[14]: step=fcst
++++ config.resources[16]: echo 'BEGIN: config.resources'
BEGIN: config.resources
++++ config.resources[18]: case ${machine} in
++++ config.resources[22]: max_tasks_per_node=80
++++ config.resources[59]: export max_tasks_per_node
++++ config.resources[61]: case ${step} in
++++ config.resources[89]: export is_exclusive=True
++++ config.resources[89]: is_exclusive=True
++++ config.resources[91]: export layout_x=1
++++ config.resources[91]: layout_x=1
++++ config.resources[92]: export layout_y=1
++++ config.resources[92]: layout_y=1
++++ config.resources[93]: export WRITE_GROUP=1
++++ config.resources[93]: WRITE_GROUP=1
++++ config.resources[94]: export WRTTASK_PER_GROUP_PER_THREAD=6
++++ config.resources[94]: WRTTASK_PER_GROUP_PER_THREAD=6
++++ config.resources[95]: ntasks_fv3=6
++++ config.resources[96]: ntasks_quilt=6
++++ config.resources[97]: nthreads_fv3=1
++++ config.resources[98]: nthreads_ufs=1
++++ config.resources[102]: [[ YES == \Y\E\S ]]
++++ config.resources[103]: export UFS_THREADS=1
++++ config.resources[103]: UFS_THREADS=1
++++ config.resources[114]: ((  FV3PETS = ntasks_fv3 * nthreads_fv3  ))
++++ config.resources[115]: echo 'FV3 using (nthreads, PETS) = (1, 6)'
FV3 using (nthreads, PETS) = (1, 6)
++++ config.resources[118]: [[ .true. == \.\t\r\u\e\. ]]
++++ config.resources[119]: ((  QUILTPETS = ntasks_quilt * nthreads_fv3  ))
++++ config.resources[120]: ((  WRTTASK_PER_GROUP = WRTTASK_PER_GROUP_PER_THREAD  ))
++++ config.resources[121]: export WRTTASK_PER_GROUP
++++ config.resources[125]: echo 'QUILT using (nthreads, PETS) = (1, 6)'
QUILT using (nthreads, PETS) = (1, 6)
++++ config.resources[128]: ATMTHREADS=1
++++ config.resources[129]: ((  ATMPETS = FV3PETS + QUILTPETS  ))
++++ config.resources[130]: export ATMPETS ATMTHREADS
++++ config.resources[131]: echo 'FV3ATM using (nthreads, PETS) = (1, 12)'
FV3ATM using (nthreads, PETS) = (1, 12)
++++ config.resources[134]: NTASKS_TOT=12
++++ config.resources[140]: MEDTHREADS=1
++++ config.resources[141]: MEDPETS=6
++++ config.resources[142]: ((  6 > 300  ))
++++ config.resources[143]: export MEDPETS MEDTHREADS
++++ config.resources[144]: echo 'MEDIATOR using (threads, PETS) = (1, 6)'
MEDIATOR using (threads, PETS) = (1, 6)
++++ config.resources[146]: CHMPETS=0
++++ config.resources[146]: CHMTHREADS=0
++++ config.resources[147]: [[ YES == \Y\E\S ]]
++++ config.resources[149]: ((  CHMTHREADS = ATMTHREADS  ))
++++ config.resources[150]: ((  CHMPETS = FV3PETS  ))
++++ config.resources[152]: echo 'GOCART using (threads, PETS) = (1, 6)'
GOCART using (threads, PETS) = (1, 6)
++++ config.resources[154]: export CHMPETS CHMTHREADS
++++ config.resources[156]: WAVPETS=0
++++ config.resources[156]: WAVTHREADS=0
++++ config.resources[157]: [[ YES == \Y\E\S ]]
++++ config.resources[158]: ((  WAVPETS = ntasks_ww3 * nthreads_ww3  ))
++++ config.resources[159]: ((  WAVTHREADS = nthreads_ww3  ))
++++ config.resources[160]: echo 'WW3 using (threads, PETS) = (1, 12)'
WW3 using (threads, PETS) = (1, 12)
++++ config.resources[161]: ((  NTASKS_TOT = NTASKS_TOT + WAVPETS  ))
++++ config.resources[163]: export WAVPETS WAVTHREADS
++++ config.resources[165]: OCNPETS=0
++++ config.resources[165]: OCNTHREADS=0
++++ config.resources[166]: [[ YES == \Y\E\S ]]
++++ config.resources[167]: ((  OCNPETS = ntasks_mom6 * nthreads_mom6  ))
++++ config.resources[168]: ((  OCNTHREADS = nthreads_mom6  ))
++++ config.resources[169]: echo 'MOM6 using (threads, PETS) = (1, 8)'
MOM6 using (threads, PETS) = (1, 8)
++++ config.resources[170]: ((  NTASKS_TOT = NTASKS_TOT + OCNPETS  ))
++++ config.resources[172]: export OCNPETS OCNTHREADS
++++ config.resources[174]: ICEPETS=0
++++ config.resources[174]: ICETHREADS=0
++++ config.resources[175]: [[ YES == \Y\E\S ]]
++++ config.resources[176]: ((  ICEPETS = ntasks_cice6 * nthreads_cice6  ))
++++ config.resources[177]: ((  ICETHREADS = nthreads_cice6  ))
++++ config.resources[178]: echo 'CICE6 using (threads, PETS) = (1, 4)'
CICE6 using (threads, PETS) = (1, 4)
++++ config.resources[179]: ((  NTASKS_TOT = NTASKS_TOT + ICEPETS  ))
++++ config.resources[181]: export ICEPETS ICETHREADS
++++ config.resources[183]: echo 'Total PETS = 36'
Total PETS = 36
++++ config.resources[185]: declare -x ntasks=36
++++ config.resources[186]: declare -x threads_per_task=1
++++ config.resources[187]: declare -x tasks_per_node=80
++++ config.resources[189]: case "${CASE}" in
++++ config.resources[191]: declare -x walltime=03:00:00
++++ config.resources[202]: unset NTASKS_TOT
++++ config.resources[314]: [[ -f /work2/noaa/global/CI/HERCULES/3077/RUNTESTS/EXPDIR/C48_S2SWA_gefs_c38dbcfd/config.resources.HERCULES ]]
++++ config.resources[319]: for resource_var in threads_per_task ntasks tasks_per_node NTASKS memory walltime
++++ config.resources[320]: run_resource_var=threads_per_task_gefs
++++ config.resources[321]: [[ -n '' ]]
++++ config.resources[323]: [[ -n 0 ]]
++++ config.resources[324]: export threads_per_task
++++ config.resources[319]: for resource_var in threads_per_task ntasks tasks_per_node NTASKS memory walltime
++++ config.resources[320]: run_resource_var=ntasks_gefs
++++ config.resources[321]: [[ -n '' ]]
++++ config.resources[323]: [[ -n 0 ]]
++++ config.resources[324]: export ntasks
++++ config.resources[319]: for resource_var in threads_per_task ntasks tasks_per_node NTASKS memory walltime
++++ config.resources[320]: run_resource_var=tasks_per_node_gefs
++++ config.resources[321]: [[ -n '' ]]
++++ config.resources[323]: [[ -n 0 ]]
++++ config.resources[324]: export tasks_per_node
++++ config.resources[319]: for resource_var in threads_per_task ntasks tasks_per_node NTASKS memory walltime
++++ config.resources[320]: run_resource_var=NTASKS_gefs
++++ config.resources[321]: [[ -n '' ]]
++++ config.resources[323]: [[ -n '' ]]
++++ config.resources[319]: for resource_var in threads_per_task ntasks tasks_per_node NTASKS memory walltime
++++ config.resources[320]: run_resource_var=memory_gefs
++++ config.resources[321]: [[ -n '' ]]
++++ config.resources[323]: [[ -n '' ]]
++++ config.resources[319]: for resource_var in threads_per_task ntasks tasks_per_node NTASKS memory walltime
++++ config.resources[320]: run_resource_var=walltime_gefs
++++ config.resources[321]: [[ -n '' ]]
++++ config.resources[323]: [[ -n 0 ]]
++++ config.resources[324]: export walltime
++++ config.resources[328]: echo 'END: config.resources'
END: config.resources
+++ config.fcst[39]: export domains_stack_size=16000000
+++ config.fcst[39]: domains_stack_size=16000000
+++ config.fcst[42]: [[ YES == \Y\E\S ]]
+++ config.fcst[43]: source /work2/noaa/global/CI/HERCULES/3077/RUNTESTS/EXPDIR/C48_S2SWA_gefs_c38dbcfd/config.nsst
++++ config.nsst[6]: echo 'BEGIN: config.nsst'
BEGIN: config.nsst
++++ config.nsst[11]: export NST_MODEL=2
++++ config.nsst[11]: NST_MODEL=2
++++ config.nsst[14]: export NST_SPINUP=0
++++ config.nsst[14]: NST_SPINUP=0
++++ config.nsst[15]: cdate=2021032312
++++ config.nsst[16]: ((  cdate < 2017072000  ))
++++ config.nsst[21]: export NST_RESV=0
++++ config.nsst[21]: NST_RESV=0
++++ config.nsst[24]: export ZSEA1=0
++++ config.nsst[24]: ZSEA1=0
++++ config.nsst[25]: export ZSEA2=0
++++ config.nsst[25]: ZSEA2=0
++++ config.nsst[27]: export NST_GSI=3
++++ config.nsst[27]: NST_GSI=3
++++ config.nsst[31]: export NSTINFO=0
++++ config.nsst[31]: NSTINFO=0
++++ config.nsst[32]: ((  NST_GSI > 0  ))
++++ config.nsst[32]: export NSTINFO=4
++++ config.nsst[32]: NSTINFO=4
++++ config.nsst[34]: echo 'END: config.nsst'
END: config.nsst
+++ config.fcst[46]: export esmf_profile=.false.
+++ config.fcst[46]: esmf_profile=.false.
+++ config.fcst[47]: export esmf_logkind=ESMF_LOGKIND_MULTI_ON_ERROR
+++ config.fcst[47]: esmf_logkind=ESMF_LOGKIND_MULTI_ON_ERROR
+++ config.fcst[52]: export FORECASTSH=/work2/noaa/global/CI/HERCULES/3077/gefs/scripts/exglobal_forecast.sh
+++ config.fcst[52]: FORECASTSH=/work2/noaa/global/CI/HERCULES/3077/gefs/scripts/exglobal_forecast.sh
+++ config.fcst[54]: export FCSTEXEC=ufs_model.x
+++ config.fcst[54]: FCSTEXEC=ufs_model.x
+++ config.fcst[58]: export TYPE=nh
+++ config.fcst[58]: TYPE=nh
+++ config.fcst[59]: export MONO=non-mono
+++ config.fcst[59]: MONO=non-mono
+++ config.fcst[62]: export h2o_phys=.true.
+++ config.fcst[62]: h2o_phys=.true.
+++ config.fcst[65]: export new_o3forc=YES
+++ config.fcst[65]: new_o3forc=YES
+++ config.fcst[67]: export gwd_opt=2
+++ config.fcst[67]: gwd_opt=2
+++ config.fcst[72]: ((  gwd_opt == 1  ))
+++ config.fcst[82]: ((  gwd_opt == 2  ))
+++ config.fcst[98]: export knob_ugwp_version=1
+++ config.fcst[98]: knob_ugwp_version=1
+++ config.fcst[99]: export do_ugwp=.false.
+++ config.fcst[99]: do_ugwp=.false.
+++ config.fcst[100]: export do_tofd=.false.
+++ config.fcst[100]: do_tofd=.false.
+++ config.fcst[101]: export do_ugwp_v0=.false.
+++ config.fcst[101]: do_ugwp_v0=.false.
+++ config.fcst[102]: export do_ugwp_v1=.true.
+++ config.fcst[102]: do_ugwp_v1=.true.
+++ config.fcst[103]: export do_ugwp_v0_orog_only=.false.
+++ config.fcst[103]: do_ugwp_v0_orog_only=.false.
+++ config.fcst[104]: export do_ugwp_v0_nst_only=.false.
+++ config.fcst[104]: do_ugwp_v0_nst_only=.false.
+++ config.fcst[105]: export do_gsl_drag_ls_bl=.true.
+++ config.fcst[105]: do_gsl_drag_ls_bl=.true.
+++ config.fcst[106]: export do_gsl_drag_ss=.false.
+++ config.fcst[106]: do_gsl_drag_ss=.false.
+++ config.fcst[107]: export do_gsl_drag_tofd=.true.
+++ config.fcst[107]: do_gsl_drag_tofd=.true.
+++ config.fcst[108]: export do_gwd_opt_psl=.true.
+++ config.fcst[108]: do_gwd_opt_psl=.true.
+++ config.fcst[109]: export do_ugwp_v1_orog_only=.false.
+++ config.fcst[109]: do_ugwp_v1_orog_only=.false.
++++ config.fcst[110]: echo 128/2.35
++++ config.fcst[110]: bc
+++ config.fcst[110]: launch_level=54
+++ config.fcst[111]: export launch_level
+++ config.fcst[115]: export d2_bg_k1=0.20
+++ config.fcst[115]: d2_bg_k1=0.20
+++ config.fcst[116]: export d2_bg_k2=0.04
+++ config.fcst[116]: d2_bg_k2=0.04
+++ config.fcst[117]: export dz_min=6
+++ config.fcst[117]: dz_min=6
+++ config.fcst[118]: export n_sponge=42
+++ config.fcst[118]: n_sponge=42
+++ config.fcst[121]: export hybedmf=.false.
+++ config.fcst[121]: hybedmf=.false.
+++ config.fcst[122]: export satmedmf=.true.
+++ config.fcst[122]: satmedmf=.true.
+++ config.fcst[123]: export isatmedmf=1
+++ config.fcst[123]: isatmedmf=1
+++ config.fcst[124]: tbf=
+++ config.fcst[125]: [[ .true. == \.\t\r\u\e\. ]]
+++ config.fcst[125]: tbf=_satmedmf
+++ config.fcst[128]: export progsigma=.true.
+++ config.fcst[128]: progsigma=.true.
+++ config.fcst[129]: tbp=
+++ config.fcst[130]: [[ .true. == \.\t\r\u\e\. ]]
+++ config.fcst[130]: tbp=_progsigma
+++ config.fcst[133]: [[ YES == \Y\E\S ]]
+++ config.fcst[134]: export IAER=2011
+++ config.fcst[134]: IAER=2011
+++ config.fcst[138]: export iovr_lw=3
+++ config.fcst[138]: iovr_lw=3
+++ config.fcst[139]: export iovr_sw=3
+++ config.fcst[139]: iovr_sw=3
+++ config.fcst[140]: export iovr=3
+++ config.fcst[140]: iovr=3
+++ config.fcst[141]: export icliq_sw=2
+++ config.fcst[141]: icliq_sw=2
+++ config.fcst[142]: export isubc_sw=2
+++ config.fcst[142]: isubc_sw=2
+++ config.fcst[143]: export isubc_lw=2
+++ config.fcst[143]: isubc_lw=2
+++ config.fcst[146]: export do_RRTMGP=.false.
+++ config.fcst[146]: do_RRTMGP=.false.
+++ config.fcst[147]: export doGP_cldoptics_LUT=.false.
+++ config.fcst[147]: doGP_cldoptics_LUT=.false.
+++ config.fcst[148]: export doGP_lwscat=.false.
+++ config.fcst[148]: doGP_lwscat=.false.
+++ config.fcst[152]: export iopt_sfc=3
+++ config.fcst[152]: iopt_sfc=3
+++ config.fcst[153]: export iopt_trs=2
+++ config.fcst[153]: iopt_trs=2
+++ config.fcst[156]: export dnats=0
+++ config.fcst[156]: dnats=0
+++ config.fcst[157]: export cal_pre=.true.
+++ config.fcst[157]: cal_pre=.true.
+++ config.fcst[158]: export do_sat_adj=.false.
+++ config.fcst[158]: do_sat_adj=.false.
+++ config.fcst[159]: export random_clds=.true.
+++ config.fcst[159]: random_clds=.true.
+++ config.fcst[161]: case ${imp_physics} in
+++ config.fcst[173]: export ncld=2
+++ config.fcst[173]: ncld=2
+++ config.fcst[174]: export FIELD_TABLE=/work2/noaa/global/CI/HERCULES/3077/gefs/parm/ufs/fv3/field_table_thompson_noaero_tke_progsigma
+++ config.fcst[174]: FIELD_TABLE=/work2/noaa/global/CI/HERCULES/3077/gefs/parm/ufs/fv3/field_table_thompson_noaero_tke_progsigma
+++ config.fcst[175]: export nwat=6
+++ config.fcst[175]: nwat=6
+++ config.fcst[177]: export cal_pre=.false.
+++ config.fcst[177]: cal_pre=.false.
+++ config.fcst[178]: export random_clds=.false.
+++ config.fcst[178]: random_clds=.false.
+++ config.fcst[179]: export effr_in=.true.
+++ config.fcst[179]: effr_in=.true.
+++ config.fcst[180]: export ltaerosol=.false.
+++ config.fcst[180]: ltaerosol=.false.
+++ config.fcst[181]: export lradar=.true.
+++ config.fcst[181]: lradar=.true.
+++ config.fcst[182]: export ttendlim=-999
+++ config.fcst[182]: ttendlim=-999
+++ config.fcst[183]: export dt_inner=600
+++ config.fcst[183]: dt_inner=600
+++ config.fcst[184]: export sedi_semi=.true.
+++ config.fcst[184]: sedi_semi=.true.
+++ config.fcst[185]: [[ .true. == .true. ]]
+++ config.fcst[185]: export dt_inner=1200
+++ config.fcst[185]: dt_inner=1200
+++ config.fcst[186]: [[ dt_inner -gt 300 ]]
+++ config.fcst[186]: export dt_inner=300
+++ config.fcst[186]: dt_inner=300
+++ config.fcst[187]: export decfl=10
+++ config.fcst[187]: decfl=10
+++ config.fcst[189]: export hord_mt_nh_nonmono=5
+++ config.fcst[189]: hord_mt_nh_nonmono=5
+++ config.fcst[190]: export hord_xx_nh_nonmono=5
+++ config.fcst[190]: hord_xx_nh_nonmono=5
+++ config.fcst[191]: export vtdm4_nh_nonmono=0.02
+++ config.fcst[191]: vtdm4_nh_nonmono=0.02
+++ config.fcst[192]: export nord=2
+++ config.fcst[192]: nord=2
+++ config.fcst[193]: [[ nh == \n\h* ]]
+++ config.fcst[194]: export dddmp=0.1
+++ config.fcst[194]: dddmp=0.1
+++ config.fcst[198]: export dddmp=0.1
+++ config.fcst[198]: dddmp=0.1
+++ config.fcst[199]: export d4_bg=0.12
+++ config.fcst[199]: d4_bg=0.12
+++ config.fcst[228]: export DO_SPPT=NO
+++ config.fcst[228]: DO_SPPT=NO
+++ config.fcst[229]: export DO_SKEB=NO
+++ config.fcst[229]: DO_SKEB=NO
+++ config.fcst[230]: export DO_SHUM=NO
+++ config.fcst[230]: DO_SHUM=NO
+++ config.fcst[231]: export DO_LAND_PERT=NO
+++ config.fcst[231]: DO_LAND_PERT=NO
+++ config.fcst[232]: export DO_OCN_SPPT=NO
+++ config.fcst[232]: DO_OCN_SPPT=NO
+++ config.fcst[233]: export DO_OCN_PERT_EPBL=NO
+++ config.fcst[233]: DO_OCN_PERT_EPBL=NO
+++ config.fcst[236]: export cplmode=ufs.frac
+++ config.fcst[236]: cplmode=ufs.frac
+++ config.fcst[237]: [[ .true. == \.\f\a\l\s\e\. ]]
+++ config.fcst[240]: export psm_bc=1
+++ config.fcst[240]: psm_bc=1
+++ config.fcst[242]: export min_lakeice=0.15
+++ config.fcst[242]: min_lakeice=0.15
+++ config.fcst[243]: export min_seaice=1.0e-6
+++ config.fcst[243]: min_seaice=1.0e-6
+++ config.fcst[244]: export use_cice_alb=.true.
+++ config.fcst[244]: use_cice_alb=.true.
+++ config.fcst[246]: export FSICL=0
+++ config.fcst[246]: FSICL=0
+++ config.fcst[247]: export FSICS=0
+++ config.fcst[247]: FSICS=0
+++ config.fcst[251]: [[ NO == \Y\E\S ]]
+++ config.fcst[254]: export DIAG_TABLE=/work2/noaa/global/CI/HERCULES/3077/gefs/parm/ufs/fv3/diag_table
+++ config.fcst[254]: DIAG_TABLE=/work2/noaa/global/CI/HERCULES/3077/gefs/parm/ufs/fv3/diag_table
+++ config.fcst[258]: export restart_interval=12
+++ config.fcst[258]: restart_interval=12
+++ config.fcst[261]: export adjust_dry_mass=.false.
+++ config.fcst[261]: adjust_dry_mass=.false.
+++ config.fcst[264]: [[ C48 = C768 ]]
+++ config.fcst[267]: export io_layout=1,1
+++ config.fcst[267]: io_layout=1,1
+++ config.fcst[270]: export reforecast=NO
+++ config.fcst[270]: reforecast=NO
+++ config.fcst[275]: echo 'END: config.fcst'
END: config.fcst
++ jjob_header.sh[98]: status=0
++ jjob_header.sh[99]: ((  status != 0  ))
++ jjob_header.sh[96]: for config in "${configs[@]:-''}"
++ jjob_header.sh[97]: source /work2/noaa/global/CI/HERCULES/3077/RUNTESTS/EXPDIR/C48_S2SWA_gefs_c38dbcfd/config.efcs
+++ config.efcs[6]: echo 'BEGIN: config.efcs'
BEGIN: config.efcs
+++ config.efcs[14]: export CASE=C48
+++ config.efcs[14]: CASE=C48
+++ config.efcs[17]: string='--fv3 C48'
+++ config.efcs[19]: [[ YES == \Y\E\S ]]
+++ config.efcs[19]: string='--fv3 C48 --mom6 500'
+++ config.efcs[20]: [[ YES == \Y\E\S ]]
+++ config.efcs[20]: string='--fv3 C48 --mom6 500 --cice6 500'
+++ config.efcs[21]: [[ YES == \Y\E\S ]]
+++ config.efcs[21]: string='--fv3 C48 --mom6 500 --cice6 500 --ww3 glo_500'
+++ config.efcs[22]: [[ YES == \Y\E\S ]]
+++ config.efcs[22]: string='--fv3 C48 --mom6 500 --cice6 500 --ww3 glo_500 --gocart'
+++ config.efcs[24]: source /work2/noaa/global/CI/HERCULES/3077/RUNTESTS/EXPDIR/C48_S2SWA_gefs_c38dbcfd/config.ufs --fv3 C48 --mom6 500 --cice6 500 --ww3 glo_500 --gocart
++++ config.ufs[9]: echo 'BEGIN: config.ufs'
BEGIN: config.ufs
++++ config.ufs[11]: ((  9 <= 1  ))
++++ config.ufs[26]: skip_mom6=true
++++ config.ufs[27]: skip_cice6=true
++++ config.ufs[28]: skip_ww3=true
++++ config.ufs[29]: skip_gocart=true
++++ config.ufs[30]: skip_mediator=true
++++ config.ufs[33]: ((  9 > 0  ))
++++ config.ufs[34]: key=--fv3
++++ config.ufs[35]: case "${key}" in
++++ config.ufs[37]: fv3_res=C48
++++ config.ufs[38]: shift
++++ config.ufs[63]: shift
++++ config.ufs[33]: ((  7 > 0  ))
++++ config.ufs[34]: key=--mom6
++++ config.ufs[35]: case "${key}" in
++++ config.ufs[41]: mom6_res=500
++++ config.ufs[42]: skip_mom6=false
++++ config.ufs[43]: shift
++++ config.ufs[63]: shift
++++ config.ufs[33]: ((  5 > 0  ))
++++ config.ufs[34]: key=--cice6
++++ config.ufs[35]: case "${key}" in
++++ config.ufs[46]: cice6_res=500
++++ config.ufs[47]: skip_cice6=false
++++ config.ufs[48]: shift
++++ config.ufs[63]: shift
++++ config.ufs[33]: ((  3 > 0  ))
++++ config.ufs[34]: key=--ww3
++++ config.ufs[35]: case "${key}" in
++++ config.ufs[51]: ww3_res=glo_500
++++ config.ufs[52]: skip_ww3=false
++++ config.ufs[53]: shift
++++ config.ufs[63]: shift
++++ config.ufs[33]: ((  1 > 0  ))
++++ config.ufs[34]: key=--gocart
++++ config.ufs[35]: case "${key}" in
++++ config.ufs[56]: skip_gocart=false
++++ config.ufs[63]: shift
++++ config.ufs[33]: ((  0 > 0  ))
++++ config.ufs[67]: [[ false == \f\a\l\s\e ]]
++++ config.ufs[68]: skip_mediator=false
++++ config.ufs[72]: case "${fv3_res}" in
++++ config.ufs[74]: export DELTIM=1200
++++ config.ufs[74]: DELTIM=1200
++++ config.ufs[75]: export layout_x=1
++++ config.ufs[75]: layout_x=1
++++ config.ufs[76]: export layout_y=1
++++ config.ufs[76]: layout_y=1
++++ config.ufs[77]: export layout_x_gfs=1
++++ config.ufs[77]: layout_x_gfs=1
++++ config.ufs[78]: export layout_y_gfs=1
++++ config.ufs[78]: layout_y_gfs=1
++++ config.ufs[79]: export nthreads_fv3=1
++++ config.ufs[79]: nthreads_fv3=1
++++ config.ufs[80]: export nthreads_fv3_gfs=1
++++ config.ufs[80]: nthreads_fv3_gfs=1
++++ config.ufs[81]: export nthreads_ufs=1
++++ config.ufs[81]: nthreads_ufs=1
++++ config.ufs[82]: export nthreads_ufs_gfs=1
++++ config.ufs[82]: nthreads_ufs_gfs=1
++++ config.ufs[83]: export xr_cnvcld=.true.
++++ config.ufs[83]: xr_cnvcld=.true.
++++ config.ufs[84]: export cdmbgwd=0.071,2.1,1.0,1.0
++++ config.ufs[84]: cdmbgwd=0.071,2.1,1.0,1.0
++++ config.ufs[85]: export cdmbgwd_gsl=40.0,1.77,1.0,1.0
++++ config.ufs[85]: cdmbgwd_gsl=40.0,1.77,1.0,1.0
++++ config.ufs[86]: export k_split=1
++++ config.ufs[86]: k_split=1
++++ config.ufs[87]: export n_split=4
++++ config.ufs[87]: n_split=4
++++ config.ufs[88]: export tau=10.0
++++ config.ufs[88]: tau=10.0
++++ config.ufs[89]: export rf_cutoff=100.0
++++ config.ufs[89]: rf_cutoff=100.0
++++ config.ufs[90]: export fv_sg_adj=3600
++++ config.ufs[90]: fv_sg_adj=3600
++++ config.ufs[91]: export knob_ugwp_tauamp=6.0e-3
++++ config.ufs[91]: knob_ugwp_tauamp=6.0e-3
++++ config.ufs[92]: export WRITE_GROUP=1
++++ config.ufs[92]: WRITE_GROUP=1
++++ config.ufs[93]: export WRTTASK_PER_GROUP_PER_THREAD_PER_TILE=1
++++ config.ufs[93]: WRTTASK_PER_GROUP_PER_THREAD_PER_TILE=1
++++ config.ufs[94]: export WRITE_GROUP_GFS=1
++++ config.ufs[94]: WRITE_GROUP_GFS=1
++++ config.ufs[95]: export WRTTASK_PER_GROUP_PER_THREAD_PER_TILE_GFS=1
++++ config.ufs[95]: WRTTASK_PER_GROUP_PER_THREAD_PER_TILE_GFS=1
++++ config.ufs[243]: ((  WRTTASK_PER_GROUP_PER_THREAD = WRTTASK_PER_GROUP_PER_THREAD_PER_TILE * 6  ))
++++ config.ufs[244]: ((  WRTTASK_PER_GROUP_PER_THREAD_GFS = WRTTASK_PER_GROUP_PER_THREAD_PER_TILE_GFS * 6  ))
++++ config.ufs[245]: export WRTTASK_PER_GROUP_PER_THREAD
++++ config.ufs[246]: export WRTTASK_PER_GROUP_PER_THREAD_GFS
++++ config.ufs[248]: ((  ntasks_fv3 = layout_x * layout_y * 6  ))
++++ config.ufs[249]: ((  ntasks_fv3_gfs = layout_x_gfs * layout_y_gfs * 6  ))
++++ config.ufs[250]: export ntasks_fv3
++++ config.ufs[251]: export ntasks_fv3_gfs
++++ config.ufs[253]: ((  ntasks_quilt = WRITE_GROUP * WRTTASK_PER_GROUP_PER_THREAD  ))
++++ config.ufs[254]: ((  ntasks_quilt_gfs = WRITE_GROUP_GFS * WRTTASK_PER_GROUP_PER_THREAD_GFS  ))
++++ config.ufs[255]: export ntasks_quilt
++++ config.ufs[256]: export ntasks_quilt_gfs
++++ config.ufs[260]: case ${fv3_res} in
++++ config.ufs[262]: zstandard_level=0
++++ config.ufs[263]: ideflate=0
++++ config.ufs[264]: quantize_nsd=0
++++ config.ufs[265]: OUTPUT_FILETYPE_ATM=netcdf
++++ config.ufs[266]: OUTPUT_FILETYPE_SFC=netcdf
++++ config.ufs[284]: export zstandard_level ideflate quantize_nsd
++++ config.ufs[285]: export OUTPUT_FILETYPE_ATM OUTPUT_FILETYPE_SFC
++++ config.ufs[288]: export cpl=.false.
++++ config.ufs[288]: cpl=.false.
++++ config.ufs[289]: export cplflx=.false.
++++ config.ufs[289]: cplflx=.false.
++++ config.ufs[290]: export cplice=.false.
++++ config.ufs[290]: cplice=.false.
++++ config.ufs[291]: export cplchm=.false.
++++ config.ufs[291]: cplchm=.false.
++++ config.ufs[292]: export cplwav=.false.
++++ config.ufs[292]: cplwav=.false.
++++ config.ufs[293]: export cplwav2atm=.false.
++++ config.ufs[293]: cplwav2atm=.false.
++++ config.ufs[294]: export CCPP_SUITE=FV3_GFS_v17_p8_ugwpv1
++++ config.ufs[294]: CCPP_SUITE=FV3_GFS_v17_p8_ugwpv1
++++ config.ufs[295]: model_list=atm
++++ config.ufs[298]: [[ false == \f\a\l\s\e ]]
++++ config.ufs[299]: export cpl=.true.
++++ config.ufs[299]: cpl=.true.
++++ config.ufs[300]: export nthreads_mediator=1
++++ config.ufs[300]: nthreads_mediator=1
++++ config.ufs[301]: export CCPP_SUITE=FV3_GFS_v17_coupled_p8_ugwpv1
++++ config.ufs[301]: CCPP_SUITE=FV3_GFS_v17_coupled_p8_ugwpv1
++++ config.ufs[305]: [[ false == \f\a\l\s\e ]]
++++ config.ufs[306]: source /work2/noaa/global/CI/HERCULES/3077/RUNTESTS/EXPDIR/C48_S2SWA_gefs_c38dbcfd/config.ocn
+++++ config.ocn[3]: echo 'BEGIN: config.ocn'
BEGIN: config.ocn
+++++ config.ocn[5]: export MESH_OCN=mesh.mx500.nc
+++++ config.ocn[5]: MESH_OCN=mesh.mx500.nc
+++++ config.ocn[7]: export DO_OCN_SPPT=NO
+++++ config.ocn[7]: DO_OCN_SPPT=NO
+++++ config.ocn[8]: export DO_OCN_PERT_EPBL=NO
+++++ config.ocn[8]: DO_OCN_PERT_EPBL=NO
+++++ config.ocn[11]: export MOM6_USE_LI2016=True
+++++ config.ocn[11]: MOM6_USE_LI2016=True
+++++ config.ocn[12]: export MOM6_THERMO_SPAN=False
+++++ config.ocn[12]: MOM6_THERMO_SPAN=False
+++++ config.ocn[14]: [[ NO == \Y\E\S ]]
+++++ config.ocn[17]: export ODA_INCUPD=False
+++++ config.ocn[17]: ODA_INCUPD=False
+++++ config.ocn[21]: [[ NO == \Y\E\S ]]
+++++ config.ocn[24]: export ODA_INCUPD_NHOURS=3.0
+++++ config.ocn[24]: ODA_INCUPD_NHOURS=3.0
+++++ config.ocn[27]: MOM6_INTERP_ICS=NO
+++++ config.ocn[28]: [[ NO == \Y\E\S ]]
+++++ config.ocn[34]: echo 'END: config.ocn'
END: config.ocn
++++ config.ufs[307]: export cplflx=.true.
++++ config.ufs[307]: cplflx=.true.
++++ config.ufs[308]: model_list=atm.ocean
++++ config.ufs[309]: nthreads_mom6=1
++++ config.ufs[310]: case "${mom6_res}" in
++++ config.ufs[312]: ntasks_mom6=8
++++ config.ufs[313]: OCNTIM=3600
++++ config.ufs[314]: NX_GLB=72
++++ config.ufs[315]: NY_GLB=35
++++ config.ufs[316]: DT_DYNAM_MOM6=3600
++++ config.ufs[317]: DT_THERM_MOM6=3600
++++ config.ufs[318]: FRUNOFF=
++++ config.ufs[319]: CHLCLIM=seawifs_1998-2006_smoothed_2X.nc
++++ config.ufs[320]: MOM6_RESTART_SETTING=r
++++ config.ufs[321]: MOM6_RIVER_RUNOFF=False
++++ config.ufs[322]: [[ gefs == \g\f\s ]]
++++ config.ufs[322]: [[ gefs == \g\e\f\s ]]
++++ config.ufs[323]: MOM6_DIAG_MISVAL=-1e34
++++ config.ufs[327]: eps_imesh=4.0e-1
++++ config.ufs[328]: MOM6_DIAG_COORD_DEF_Z_FILE=oceanda_zgrid_25L.nc
++++ config.ufs[329]: MOM6_ALLOW_LANDMASK_CHANGES=False
++++ config.ufs[330]: TOPOEDITS=
++++ config.ufs[404]: export nthreads_mom6 ntasks_mom6
++++ config.ufs[405]: export OCNTIM
++++ config.ufs[406]: export NX_GLB NY_GLB
++++ config.ufs[407]: export DT_DYNAM_MOM6 DT_THERM_MOM6
++++ config.ufs[408]: export FRUNOFF
++++ config.ufs[409]: export CHLCLIM
++++ config.ufs[410]: export TOPOEDITS
++++ config.ufs[411]: export MOM6_RIVER_RUNOFF
++++ config.ufs[412]: export MOM6_RESTART_SETTING
++++ config.ufs[413]: export eps_imesh
++++ config.ufs[414]: export MOM6_DIAG_COORD_DEF_Z_FILE
++++ config.ufs[415]: export MOM6_DIAG_MISVAL
++++ config.ufs[416]: export MOM6_ALLOW_LANDMASK_CHANGES
++++ config.ufs[420]: [[ false == \f\a\l\s\e ]]
++++ config.ufs[421]: source /work2/noaa/global/CI/HERCULES/3077/RUNTESTS/EXPDIR/C48_S2SWA_gefs_c38dbcfd/config.ice
+++++ config.ice[3]: echo 'BEGIN: config.ice'
BEGIN: config.ice
+++++ config.ice[6]: export min_seaice=1.0e-6
+++++ config.ice[6]: min_seaice=1.0e-6
+++++ config.ice[7]: export use_cice_alb=.true.
+++++ config.ice[7]: use_cice_alb=.true.
+++++ config.ice[9]: export MESH_ICE=mesh.mx500.nc
+++++ config.ice[9]: MESH_ICE=mesh.mx500.nc
+++++ config.ice[11]: export CICE_GRID=grid_cice_NEMS_mx500.nc
+++++ config.ice[11]: CICE_GRID=grid_cice_NEMS_mx500.nc
+++++ config.ice[12]: export CICE_MASK=kmtu_cice_NEMS_mx500.nc
+++++ config.ice[12]: CICE_MASK=kmtu_cice_NEMS_mx500.nc
+++++ config.ice[14]: echo 'END: config.ice'
END: config.ice
++++ config.ufs[422]: export cplice=.true.
++++ config.ufs[422]: cplice=.true.
++++ config.ufs[423]: model_list=atm.ocean.ice
++++ config.ufs[425]: [[ false == \t\r\u\e ]]
++++ config.ufs[430]: nthreads_cice6=1
++++ config.ufs[431]: case "${cice6_res}" in
++++ config.ufs[433]: ntasks_cice6=4
++++ config.ufs[434]: cice6_processor_shape=slenderX1
++++ config.ufs[455]: export nthreads_cice6 ntasks_cice6
++++ config.ufs[456]: export cice6_processor_shape
++++ config.ufs[460]: [[ false == \f\a\l\s\e ]]
++++ config.ufs[461]: source /work2/noaa/global/CI/HERCULES/3077/RUNTESTS/EXPDIR/C48_S2SWA_gefs_c38dbcfd/config.wave
+++++ config.wave[6]: echo 'BEGIN: config.wave'
BEGIN: config.wave
+++++ config.wave[13]: export RUNwave=gefswave
+++++ config.wave[13]: RUNwave=gefswave
+++++ config.wave[16]: export RUNRSTwave=gdas
+++++ config.wave[16]: RUNRSTwave=gdas
+++++ config.wave[19]: export waveGRDN=1
+++++ config.wave[19]: waveGRDN=1
+++++ config.wave[20]: export waveGRDG=10
+++++ config.wave[20]: waveGRDG=10
+++++ config.wave[21]: export USE_WAV_RMP=NO
+++++ config.wave[21]: USE_WAV_RMP=NO
+++++ config.wave[22]: export waveMULTIGRID=.false.
+++++ config.wave[22]: waveMULTIGRID=.false.
+++++ config.wave[23]: export MESH_WAV=mesh.glo_500.nc
+++++ config.wave[23]: MESH_WAV=mesh.glo_500.nc
+++++ config.wave[24]: export 'waveesmfGRD= '
+++++ config.wave[24]: waveesmfGRD=' '
+++++ config.wave[27]: case "${waveGRD}" in
+++++ config.wave[73]: export waveinterpGRD=
+++++ config.wave[73]: waveinterpGRD=
+++++ config.wave[74]: export wavepostGRD=glo_500
+++++ config.wave[74]: wavepostGRD=glo_500
+++++ config.wave[75]: export waveuoutpGRD=glo_500
+++++ config.wave[75]: waveuoutpGRD=glo_500
+++++ config.wave[84]: export WAVEWND_DID=
+++++ config.wave[84]: WAVEWND_DID=
+++++ config.wave[85]: export WAVEWND_FID=
+++++ config.wave[85]: WAVEWND_FID=
+++++ config.wave[88]: export WAVHINDH=0
+++++ config.wave[88]: WAVHINDH=0
+++++ config.wave[89]: export FHMAX_WAV_IBP=180
+++++ config.wave[89]: FHMAX_WAV_IBP=180
+++++ config.wave[90]: ((  FHMAX_WAV < FHMAX_WAV_IBP  ))
+++++ config.wave[90]: export FHMAX_WAV_IBP=120
+++++ config.wave[90]: FHMAX_WAV_IBP=120
+++++ config.wave[93]: export DTFLD_WAV=3600
+++++ config.wave[93]: DTFLD_WAV=3600
+++++ config.wave[94]: export DTPNT_WAV=3600
+++++ config.wave[94]: DTPNT_WAV=3600
+++++ config.wave[95]: export FHINCP_WAV=1
+++++ config.wave[95]: FHINCP_WAV=1
+++++ config.wave[98]: export 'OUTPARS_WAV=WND CUR ICE HS T01 T02 DIR FP DP PHS PTP PDIR CHA'
+++++ config.wave[98]: OUTPARS_WAV='WND CUR ICE HS T01 T02 DIR FP DP PHS PTP PDIR CHA'
+++++ config.wave[101]: export WAVHCYC=6
+++++ config.wave[101]: WAVHCYC=6
+++++ config.wave[102]: export FHMAX_WAV_CUR=192
+++++ config.wave[102]: FHMAX_WAV_CUR=192
+++++ config.wave[106]: export RSTTYPE_WAV=T
+++++ config.wave[106]: RSTTYPE_WAV=T
+++++ config.wave[107]: rst_dt_gfs=43200
+++++ config.wave[108]: [[ 43200 -gt 0 ]]
+++++ config.wave[109]: export DT_1_RST_WAV=0
+++++ config.wave[109]: DT_1_RST_WAV=0
+++++ config.wave[112]: export DT_2_RST_WAV=43200
+++++ config.wave[112]: DT_2_RST_WAV=43200
+++++ config.wave[118]: export RSTIOFF_WAV=0
+++++ config.wave[118]: RSTIOFF_WAV=0
+++++ config.wave[122]: export RUNMEM=-1
+++++ config.wave[122]: RUNMEM=-1
+++++ config.wave[125]: ((  RUNMEM == -1  ))
+++++ config.wave[127]: export waveMEMB=
+++++ config.wave[127]: waveMEMB=
+++++ config.wave[134]: export WW3ATMINP=CPL
+++++ config.wave[134]: WW3ATMINP=CPL
+++++ config.wave[135]: [[ YES == \Y\E\S ]]
+++++ config.wave[136]: export WW3ICEINP=CPL
+++++ config.wave[136]: WW3ICEINP=CPL
+++++ config.wave[137]: export WAVEICE_FID=
+++++ config.wave[137]: WAVEICE_FID=
+++++ config.wave[143]: export WAVECUR_DID=rtofs
+++++ config.wave[143]: WAVECUR_DID=rtofs
+++++ config.wave[144]: [[ YES == \Y\E\S ]]
+++++ config.wave[145]: export WW3CURINP=CPL
+++++ config.wave[145]: WW3CURINP=CPL
+++++ config.wave[146]: export WAVECUR_FID=
+++++ config.wave[146]: WAVECUR_FID=
+++++ config.wave[153]: export WW3ATMIENS=F
+++++ config.wave[153]: WW3ATMIENS=F
+++++ config.wave[154]: export WW3ICEIENS=F
+++++ config.wave[154]: WW3ICEIENS=F
+++++ config.wave[155]: export WW3CURIENS=F
+++++ config.wave[155]: WW3CURIENS=F
+++++ config.wave[157]: export GOFILETYPE=1
+++++ config.wave[157]: GOFILETYPE=1
+++++ config.wave[158]: export POFILETYPE=1
+++++ config.wave[158]: POFILETYPE=1
+++++ config.wave[162]: export FUNIPNT=T
+++++ config.wave[162]: FUNIPNT=T
+++++ config.wave[164]: export IOSRV=1
+++++ config.wave[164]: IOSRV=1
+++++ config.wave[166]: export FPNTPROC=T
+++++ config.wave[166]: FPNTPROC=T
+++++ config.wave[168]: export FGRDPROC=F
+++++ config.wave[168]: FGRDPROC=F
+++++ config.wave[170]: export FLAGMASKCOMP=F
+++++ config.wave[170]: FLAGMASKCOMP=F
+++++ config.wave[172]: export FLAGMASKOUT=F
+++++ config.wave[172]: FLAGMASKOUT=F
+++++ config.wave[174]: echo 'END: config.wave'
END: config.wave
++++ config.ufs[462]: export cplwav=.true.
++++ config.ufs[462]: cplwav=.true.
++++ config.ufs[463]: export cplwav2atm=.true.
++++ config.ufs[463]: cplwav2atm=.true.
++++ config.ufs[464]: model_list=atm.ocean.ice.wave
++++ config.ufs[465]: nthreads_ww3=2
++++ config.ufs[466]: case "${ww3_res}" in
++++ config.ufs[485]: ntasks_ww3=12
++++ config.ufs[486]: nthreads_ww3=1
++++ config.ufs[496]: export ntasks_ww3 nthreads_ww3
++++ config.ufs[500]: [[ false == \f\a\l\s\e ]]
++++ config.ufs[501]: source /work2/noaa/global/CI/HERCULES/3077/RUNTESTS/EXPDIR/C48_S2SWA_gefs_c38dbcfd/config.aero
+++++ config.aero[6]: export AERO_INPUTS_DIR=/work2/noaa/global/wkolczyn/noscrub/global-workflow/gocart_emissions
+++++ config.aero[6]: AERO_INPUTS_DIR=/work2/noaa/global/wkolczyn/noscrub/global-workflow/gocart_emissions
+++++ config.aero[8]: export AERO_DIAG_TABLE=/work2/noaa/global/CI/HERCULES/3077/gefs/parm/ufs/fv3/diag_table.aero
+++++ config.aero[8]: AERO_DIAG_TABLE=/work2/noaa/global/CI/HERCULES/3077/gefs/parm/ufs/fv3/diag_table.aero
+++++ config.aero[9]: export AERO_FIELD_TABLE=/work2/noaa/global/CI/HERCULES/3077/gefs/parm/ufs/fv3/field_table.aero
+++++ config.aero[9]: AERO_FIELD_TABLE=/work2/noaa/global/CI/HERCULES/3077/gefs/parm/ufs/fv3/field_table.aero
+++++ config.aero[11]: export AERO_EMIS_FIRE=qfed
+++++ config.aero[11]: AERO_EMIS_FIRE=qfed
+++++ config.aero[13]: export AERO_CONFIG_DIR=/work2/noaa/global/CI/HERCULES/3077/gefs/parm/ufs/gocart
+++++ config.aero[13]: AERO_CONFIG_DIR=/work2/noaa/global/CI/HERCULES/3077/gefs/parm/ufs/gocart
+++++ config.aero[18]: export 'fscav_aero='\''*:0.3'\'','\''so2:0.0'\'','\''msa:0.0'\'','\''dms:0.0'\'','\''nh3:0.4'\'','\''nh4:0.6'\'','\''bc1:0.6'\'','\''bc2:0.6'\'','\''oc1:0.4'\'','\''oc2:0.4'\'','\''dust1:0.6'\'','\''dust2:0.6'\'', '\''dust3:0.6'\'','\''dust4:0.6'\'','\''dust5:0.6'\'','\''seas1:0.5'\'','\''seas2:0.5'\'','\''seas3:0.5'\'','\''seas4:0.5'\'','\''seas5:0.5'\'''
+++++ config.aero[18]: fscav_aero=''\''*:0.3'\'','\''so2:0.0'\'','\''msa:0.0'\'','\''dms:0.0'\'','\''nh3:0.4'\'','\''nh4:0.6'\'','\''bc1:0.6'\'','\''bc2:0.6'\'','\''oc1:0.4'\'','\''oc2:0.4'\'','\''dust1:0.6'\'','\''dust2:0.6'\'', '\''dust3:0.6'\'','\''dust4:0.6'\'','\''dust5:0.6'\'','\''seas1:0.5'\'','\''seas2:0.5'\'','\''seas3:0.5'\'','\''seas4:0.5'\'','\''seas5:0.5'\'''
+++++ config.aero[21]: export dnats_aero=2
+++++ config.aero[21]: dnats_aero=2
++++ config.ufs[502]: export cplchm=.true.
++++ config.ufs[502]: cplchm=.true.
++++ config.ufs[503]: model_list=atm.ocean.ice.wave.aero
++++ config.ufs[508]: [[ YES == \Y\E\S ]]
++++ config.ufs[509]: tmpl_suffix=_esmf
++++ config.ufs[511]: case "${model_list}" in
++++ config.ufs[531]: default_template=/work2/noaa/global/CI/HERCULES/3077/gefs/parm/ufs/ufs.configure.s2swa_esmf.IN
++++ config.ufs[540]: export ufs_configure_template=/work2/noaa/global/CI/HERCULES/3077/gefs/parm/ufs/ufs.configure.s2swa_esmf.IN
++++ config.ufs[540]: ufs_configure_template=/work2/noaa/global/CI/HERCULES/3077/gefs/parm/ufs/ufs.configure.s2swa_esmf.IN
++++ config.ufs[541]: unset model_list default_template
++++ config.ufs[543]: [[ ! -r /work2/noaa/global/CI/HERCULES/3077/gefs/parm/ufs/ufs.configure.s2swa_esmf.IN ]]
++++ config.ufs[548]: echo 'END: config.ufs'
END: config.ufs
+++ config.efcs[27]: source /work2/noaa/global/CI/HERCULES/3077/RUNTESTS/EXPDIR/C48_S2SWA_gefs_c38dbcfd/config.resources efcs
++++ config.resources[7]: ((  1 != 1  ))
++++ config.resources[14]: step=efcs
++++ config.resources[16]: echo 'BEGIN: config.resources'
BEGIN: config.resources
++++ config.resources[18]: case ${machine} in
++++ config.resources[22]: max_tasks_per_node=80
++++ config.resources[59]: export max_tasks_per_node
++++ config.resources[61]: case ${step} in
++++ config.resources[89]: export is_exclusive=True
++++ config.resources[89]: is_exclusive=True
++++ config.resources[91]: export layout_x=1
++++ config.resources[91]: layout_x=1
++++ config.resources[92]: export layout_y=1
++++ config.resources[92]: layout_y=1
++++ config.resources[93]: export WRITE_GROUP=1
++++ config.resources[93]: WRITE_GROUP=1
++++ config.resources[94]: export WRTTASK_PER_GROUP_PER_THREAD=6
++++ config.resources[94]: WRTTASK_PER_GROUP_PER_THREAD=6
++++ config.resources[95]: ntasks_fv3=6
++++ config.resources[96]: ntasks_quilt=6
++++ config.resources[97]: nthreads_fv3=1
++++ config.resources[98]: nthreads_ufs=1
++++ config.resources[102]: [[ YES == \Y\E\S ]]
++++ config.resources[103]: export UFS_THREADS=1
++++ config.resources[103]: UFS_THREADS=1
++++ config.resources[114]: ((  FV3PETS = ntasks_fv3 * nthreads_fv3  ))
++++ config.resources[115]: echo 'FV3 using (nthreads, PETS) = (1, 6)'
FV3 using (nthreads, PETS) = (1, 6)
++++ config.resources[118]: [[ .true. == \.\t\r\u\e\. ]]
++++ config.resources[119]: ((  QUILTPETS = ntasks_quilt * nthreads_fv3  ))
++++ config.resources[120]: ((  WRTTASK_PER_GROUP = WRTTASK_PER_GROUP_PER_THREAD  ))
++++ config.resources[121]: export WRTTASK_PER_GROUP
++++ config.resources[125]: echo 'QUILT using (nthreads, PETS) = (1, 6)'
QUILT using (nthreads, PETS) = (1, 6)
++++ config.resources[128]: ATMTHREADS=1
++++ config.resources[129]: ((  ATMPETS = FV3PETS + QUILTPETS  ))
++++ config.resources[130]: export ATMPETS ATMTHREADS
++++ config.resources[131]: echo 'FV3ATM using (nthreads, PETS) = (1, 12)'
FV3ATM using (nthreads, PETS) = (1, 12)
++++ config.resources[134]: NTASKS_TOT=12
++++ config.resources[140]: MEDTHREADS=1
++++ config.resources[141]: MEDPETS=6
++++ config.resources[142]: ((  6 > 300  ))
++++ config.resources[143]: export MEDPETS MEDTHREADS
++++ config.resources[144]: echo 'MEDIATOR using (threads, PETS) = (1, 6)'
MEDIATOR using (threads, PETS) = (1, 6)
++++ config.resources[146]: CHMPETS=0
++++ config.resources[146]: CHMTHREADS=0
++++ config.resources[147]: [[ YES == \Y\E\S ]]
++++ config.resources[149]: ((  CHMTHREADS = ATMTHREADS  ))
++++ config.resources[150]: ((  CHMPETS = FV3PETS  ))
++++ config.resources[152]: echo 'GOCART using (threads, PETS) = (1, 6)'
GOCART using (threads, PETS) = (1, 6)
++++ config.resources[154]: export CHMPETS CHMTHREADS
++++ config.resources[156]: WAVPETS=0
++++ config.resources[156]: WAVTHREADS=0
++++ config.resources[157]: [[ YES == \Y\E\S ]]
++++ config.resources[158]: ((  WAVPETS = ntasks_ww3 * nthreads_ww3  ))
++++ config.resources[159]: ((  WAVTHREADS = nthreads_ww3  ))
++++ config.resources[160]: echo 'WW3 using (threads, PETS) = (1, 12)'
WW3 using (threads, PETS) = (1, 12)
++++ config.resources[161]: ((  NTASKS_TOT = NTASKS_TOT + WAVPETS  ))
++++ config.resources[163]: export WAVPETS WAVTHREADS
++++ config.resources[165]: OCNPETS=0
++++ config.resources[165]: OCNTHREADS=0
++++ config.resources[166]: [[ YES == \Y\E\S ]]
++++ config.resources[167]: ((  OCNPETS = ntasks_mom6 * nthreads_mom6  ))
++++ config.resources[168]: ((  OCNTHREADS = nthreads_mom6  ))
++++ config.resources[169]: echo 'MOM6 using (threads, PETS) = (1, 8)'
MOM6 using (threads, PETS) = (1, 8)
++++ config.resources[170]: ((  NTASKS_TOT = NTASKS_TOT + OCNPETS  ))
++++ config.resources[172]: export OCNPETS OCNTHREADS
++++ config.resources[174]: ICEPETS=0
++++ config.resources[174]: ICETHREADS=0
++++ config.resources[175]: [[ YES == \Y\E\S ]]
++++ config.resources[176]: ((  ICEPETS = ntasks_cice6 * nthreads_cice6  ))
++++ config.resources[177]: ((  ICETHREADS = nthreads_cice6  ))
++++ config.resources[178]: echo 'CICE6 using (threads, PETS) = (1, 4)'
CICE6 using (threads, PETS) = (1, 4)
++++ config.resources[179]: ((  NTASKS_TOT = NTASKS_TOT + ICEPETS  ))
++++ config.resources[181]: export ICEPETS ICETHREADS
++++ config.resources[183]: echo 'Total PETS = 36'
Total PETS = 36
++++ config.resources[185]: declare -x ntasks=36
++++ config.resources[186]: declare -x threads_per_task=1
++++ config.resources[187]: declare -x tasks_per_node=80
++++ config.resources[189]: case "${CASE}" in
++++ config.resources[191]: declare -x walltime=03:00:00
++++ config.resources[202]: unset NTASKS_TOT
++++ config.resources[314]: [[ -f /work2/noaa/global/CI/HERCULES/3077/RUNTESTS/EXPDIR/C48_S2SWA_gefs_c38dbcfd/config.resources.HERCULES ]]
++++ config.resources[319]: for resource_var in threads_per_task ntasks tasks_per_node NTASKS memory walltime
++++ config.resources[320]: run_resource_var=threads_per_task_gefs
++++ config.resources[321]: [[ -n '' ]]
++++ config.resources[323]: [[ -n 0 ]]
++++ config.resources[324]: export threads_per_task
++++ config.resources[319]: for resource_var in threads_per_task ntasks tasks_per_node NTASKS memory walltime
++++ config.resources[320]: run_resource_var=ntasks_gefs
++++ config.resources[321]: [[ -n '' ]]
++++ config.resources[323]: [[ -n 0 ]]
++++ config.resources[324]: export ntasks
++++ config.resources[319]: for resource_var in threads_per_task ntasks tasks_per_node NTASKS memory walltime
++++ config.resources[320]: run_resource_var=tasks_per_node_gefs
++++ config.resources[321]: [[ -n '' ]]
++++ config.resources[323]: [[ -n 0 ]]
++++ config.resources[324]: export tasks_per_node
++++ config.resources[319]: for resource_var in threads_per_task ntasks tasks_per_node NTASKS memory walltime
++++ config.resources[320]: run_resource_var=NTASKS_gefs
++++ config.resources[321]: [[ -n '' ]]
++++ config.resources[323]: [[ -n '' ]]
++++ config.resources[319]: for resource_var in threads_per_task ntasks tasks_per_node NTASKS memory walltime
++++ config.resources[320]: run_resource_var=memory_gefs
++++ config.resources[321]: [[ -n '' ]]
++++ config.resources[323]: [[ -n '' ]]
++++ config.resources[319]: for resource_var in threads_per_task ntasks tasks_per_node NTASKS memory walltime
++++ config.resources[320]: run_resource_var=walltime_gefs
++++ config.resources[321]: [[ -n '' ]]
++++ config.resources[323]: [[ -n 0 ]]
++++ config.resources[324]: export walltime
++++ config.resources[328]: echo 'END: config.resources'
END: config.resources
+++ config.efcs[30]: [[ C48 == \C\9\6 ]]
+++ config.efcs[33]: export DO_SKEB=YES
+++ config.efcs[33]: DO_SKEB=YES
+++ config.efcs[35]: export SKEB=0.8,-999,-999,-999,-999
+++ config.efcs[35]: SKEB=0.8,-999,-999,-999,-999
+++ config.efcs[36]: export SKEB_TAU=2.16E4,2.592E5,2.592E6,7.776E6,3.1536E7
+++ config.efcs[36]: SKEB_TAU=2.16E4,2.592E5,2.592E6,7.776E6,3.1536E7
+++ config.efcs[37]: export SKEB_LSCALE=500.E3,1000.E3,2000.E3,2000.E3,2000.E3
+++ config.efcs[37]: SKEB_LSCALE=500.E3,1000.E3,2000.E3,2000.E3,2000.E3
+++ config.efcs[38]: export SKEBNORM=1
+++ config.efcs[38]: SKEBNORM=1
+++ config.efcs[39]: export SKEB_NPASS=30
+++ config.efcs[39]: SKEB_NPASS=30
+++ config.efcs[40]: export SKEB_VDOF=5
+++ config.efcs[40]: SKEB_VDOF=5
+++ config.efcs[41]: export DO_SPPT=YES
+++ config.efcs[41]: DO_SPPT=YES
+++ config.efcs[42]: export SPPT=0.56,0.28,0.14,0.056,0.028
+++ config.efcs[42]: SPPT=0.56,0.28,0.14,0.056,0.028
+++ config.efcs[43]: export SPPT_TAU=2.16E4,2.592E5,2.592E6,7.776E6,3.1536E7
+++ config.efcs[43]: SPPT_TAU=2.16E4,2.592E5,2.592E6,7.776E6,3.1536E7
+++ config.efcs[44]: export SPPT_LSCALE=500.E3,1000.E3,2000.E3,2000.E3,2000.E3
+++ config.efcs[44]: SPPT_LSCALE=500.E3,1000.E3,2000.E3,2000.E3,2000.E3
+++ config.efcs[45]: export SPPT_LOGIT=.true.
+++ config.efcs[45]: SPPT_LOGIT=.true.
+++ config.efcs[46]: export SPPT_SFCLIMIT=.true.
+++ config.efcs[46]: SPPT_SFCLIMIT=.true.
+++ config.efcs[48]: ((  OCNRES > 100  ))
+++ config.efcs[50]: export DO_OCN_SPPT=YES
+++ config.efcs[50]: DO_OCN_SPPT=YES
+++ config.efcs[51]: export OCNSPPT=0.8,0.4,0.2,0.08,0.04
+++ config.efcs[51]: OCNSPPT=0.8,0.4,0.2,0.08,0.04
+++ config.efcs[52]: export OCNSPPT_TAU=2.16E4,2.592E5,2.592E6,7.776E6,3.1536E7
+++ config.efcs[52]: OCNSPPT_TAU=2.16E4,2.592E5,2.592E6,7.776E6,3.1536E7
+++ config.efcs[53]: export OCNSPPT_LSCALE=500.E3,1000.E3,2000.E3,2000.E3,2000.E3
+++ config.efcs[53]: OCNSPPT_LSCALE=500.E3,1000.E3,2000.E3,2000.E3,2000.E3
+++ config.efcs[54]: export DO_OCN_PERT_EPBL=YES
+++ config.efcs[54]: DO_OCN_PERT_EPBL=YES
+++ config.efcs[55]: export EPBL=0.8,0.4,0.2,0.08,0.04
+++ config.efcs[55]: EPBL=0.8,0.4,0.2,0.08,0.04
+++ config.efcs[56]: export EPBL_TAU=2.16E4,2.592E5,2.592E6,7.776E6,3.1536E7
+++ config.efcs[56]: EPBL_TAU=2.16E4,2.592E5,2.592E6,7.776E6,3.1536E7
+++ config.efcs[57]: export EPBL_LSCALE=500.E3,1000.E3,2000.E3,2000.E3,2000.E3
+++ config.efcs[57]: EPBL_LSCALE=500.E3,1000.E3,2000.E3,2000.E3,2000.E3
+++ config.efcs[60]: [[ NO == \Y\E\S ]]
+++ config.efcs[69]: export ODA_INCUPD=False
+++ config.efcs[69]: ODA_INCUPD=False
+++ config.efcs[71]: export restart_interval=12
+++ config.efcs[71]: restart_interval=12
+++ config.efcs[73]: echo 'END: config.efcs'
END: config.efcs
++ jjob_header.sh[98]: status=0
++ jjob_header.sh[99]: ((  status != 0  ))
++ jjob_header.sh[109]: source /work2/noaa/global/CI/HERCULES/3077/gefs/env/HERCULES.env efcs
+++ HERCULES.env[3]: [[ 1 -ne 1 ]]
+++ HERCULES.env[10]: step=efcs
+++ HERCULES.env[12]: export 'launcher=srun -l --export=ALL --hint=nomultithread'
+++ HERCULES.env[12]: launcher='srun -l --export=ALL --hint=nomultithread'
+++ HERCULES.env[13]: export 'mpmd_opt=--multi-prog --output=mpmd.%j.%t.out'
+++ HERCULES.env[13]: mpmd_opt='--multi-prog --output=mpmd.%j.%t.out'
+++ HERCULES.env[16]: export MPI_BUFS_PER_PROC=2048
+++ HERCULES.env[16]: MPI_BUFS_PER_PROC=2048
+++ HERCULES.env[17]: export MPI_BUFS_PER_HOST=2048
+++ HERCULES.env[17]: MPI_BUFS_PER_HOST=2048
+++ HERCULES.env[18]: export MPI_GROUP_MAX=256
+++ HERCULES.env[18]: MPI_GROUP_MAX=256
+++ HERCULES.env[19]: export MPI_MEMMAP_OFF=1
+++ HERCULES.env[19]: MPI_MEMMAP_OFF=1
+++ HERCULES.env[20]: export MP_STDOUTMODE=ORDERED
+++ HERCULES.env[20]: MP_STDOUTMODE=ORDERED
+++ HERCULES.env[21]: export KMP_AFFINITY=scatter
+++ HERCULES.env[21]: KMP_AFFINITY=scatter
+++ HERCULES.env[22]: export OMP_STACKSIZE=2048000
+++ HERCULES.env[22]: OMP_STACKSIZE=2048000
+++ HERCULES.env[23]: export NTHSTACK=1024000000
+++ HERCULES.env[23]: NTHSTACK=1024000000
+++ HERCULES.env[25]: export I_MPI_EXTRA_FILESYSTEM=1
+++ HERCULES.env[25]: I_MPI_EXTRA_FILESYSTEM=1
+++ HERCULES.env[26]: export I_MPI_EXTRA_FILESYSTEM_LIST=lustre
+++ HERCULES.env[26]: I_MPI_EXTRA_FILESYSTEM_LIST=lustre
+++ HERCULES.env[28]: ulimit -s unlimited
+++ HERCULES.env[29]: ulimit -a
real-time non-blocking time  (microseconds, -R) unlimited
core file size              (blocks, -c) 0
data seg size               (kbytes, -d) unlimited
scheduling priority                 (-e) 0
file size                   (blocks, -f) unlimited
pending signals                     (-i) 2049808
max locked memory           (kbytes, -l) unlimited
max memory size             (kbytes, -m) 520192000
open files                          (-n) 131072
pipe size                (512 bytes, -p) 8
POSIX message queues         (bytes, -q) 819200
real-time priority                  (-r) 0
stack size                  (kbytes, -s) unlimited
cpu time                   (seconds, -t) unlimited
max user processes                  (-u) 1028698
virtual memory              (kbytes, -v) unlimited
file locks                          (-x) unlimited
+++ HERCULES.env[33]: [[ -n 36 ]]
+++ HERCULES.env[33]: [[ -n 80 ]]
+++ HERCULES.env[33]: [[ -n 80 ]]
+++ HERCULES.env[34]: max_threads_per_task=1
+++ HERCULES.env[35]: NTHREADSmax=1
+++ HERCULES.env[36]: NTHREADS1=1
+++ HERCULES.env[37]: [[ 1 -gt 1 ]]
+++ HERCULES.env[38]: [[ 1 -gt 1 ]]
+++ HERCULES.env[39]: APRUN_default='srun -l --export=ALL --hint=nomultithread -n 36'
+++ HERCULES.env[45]: case ${step} in
+++ HERCULES.env[219]: export OMP_STACKSIZE=512M
+++ HERCULES.env[219]: OMP_STACKSIZE=512M
+++ HERCULES.env[221]: ((  nnodes = (ntasks+tasks_per_node-1)/tasks_per_node  ))
+++ HERCULES.env[222]: ((  ufs_ntasks = nnodes*tasks_per_node  ))
+++ HERCULES.env[224]: export 'APRUN_UFS=srun -l --export=ALL --hint=nomultithread -n 80'
+++ HERCULES.env[224]: APRUN_UFS='srun -l --export=ALL --hint=nomultithread -n 80'
+++ HERCULES.env[225]: unset nnodes ufs_ntasks
++ jjob_header.sh[110]: status=0
++ jjob_header.sh[111]: ((  status != 0  ))
+ JGLOBAL_FORECAST[16]: export DATArestart=/work/noaa/stmp/mterry/HERCULES/RUNDIRS/C48_S2SWA_gefs_c38dbcfd/gefs.2021032312/gefsefcs001.2021032312/restart
+ JGLOBAL_FORECAST[16]: DATArestart=/work/noaa/stmp/mterry/HERCULES/RUNDIRS/C48_S2SWA_gefs_c38dbcfd/gefs.2021032312/gefsefcs001.2021032312/restart
+ JGLOBAL_FORECAST[17]: [[ ! -d /work/noaa/stmp/mterry/HERCULES/RUNDIRS/C48_S2SWA_gefs_c38dbcfd/gefs.2021032312/gefsefcs001.2021032312/restart ]]
+ JGLOBAL_FORECAST[18]: export DATAoutput=/work/noaa/stmp/mterry/HERCULES/RUNDIRS/C48_S2SWA_gefs_c38dbcfd/gefs.2021032312/gefsefcs001.2021032312/output
+ JGLOBAL_FORECAST[18]: DATAoutput=/work/noaa/stmp/mterry/HERCULES/RUNDIRS/C48_S2SWA_gefs_c38dbcfd/gefs.2021032312/gefsefcs001.2021032312/output
+ JGLOBAL_FORECAST[19]: [[ ! -d /work/noaa/stmp/mterry/HERCULES/RUNDIRS/C48_S2SWA_gefs_c38dbcfd/gefs.2021032312/gefsefcs001.2021032312/output ]]
+ JGLOBAL_FORECAST[26]: rCDUMP=gefs
+ JGLOBAL_FORECAST[27]: export rCDUMP=gefs
+ JGLOBAL_FORECAST[27]: rCDUMP=gefs
++ JGLOBAL_FORECAST[31]: date --utc -d '20210323 12 - 6 hours' +%Y%m%d%H
+ JGLOBAL_FORECAST[31]: GDATE=2021032306
+ JGLOBAL_FORECAST[32]: declare -rx GDATE
+ JGLOBAL_FORECAST[34]: declare -rx gPDY=20210323
+ JGLOBAL_FORECAST[35]: declare -rx gcyc=06
+ JGLOBAL_FORECAST[38]: YMD=20210323
+ JGLOBAL_FORECAST[38]: HH=12
+ JGLOBAL_FORECAST[38]: declare_from_tmpl -rx COMIN_ATMOS_INPUT:COM_ATMOS_INPUT_TMPL COMIN_ATMOS_ANALYSIS:COM_ATMOS_ANALYSIS_TMPL COMOUT_CONF:COM_CONF_TMPL COMOUT_ATMOS_RESTART:COM_ATMOS_RESTART_TMPL COMOUT_ATMOS_HISTORY:COM_ATMOS_HISTORY_TMPL COMOUT_ATMOS_MASTER:COM_ATMOS_MASTER_TMPL
+ bash_utils.sh[35]: [[ NO == \N\O ]]
+ bash_utils.sh[35]: set +x
declare_from_tmpl :: COMIN_ATMOS_INPUT=/work2/noaa/global/CI/HERCULES/3077/RUNTESTS/COMROOT/C48_S2SWA_gefs_c38dbcfd/gefs.20210323/12/mem001/model/atmos/input
declare_from_tmpl :: COMIN_ATMOS_ANALYSIS=/work2/noaa/global/CI/HERCULES/3077/RUNTESTS/COMROOT/C48_S2SWA_gefs_c38dbcfd/gefs.20210323/12/mem001/analysis/atmos
declare_from_tmpl :: COMOUT_CONF=/work2/noaa/global/CI/HERCULES/3077/RUNTESTS/COMROOT/C48_S2SWA_gefs_c38dbcfd/gefs.20210323/12/mem001/conf
declare_from_tmpl :: COMOUT_ATMOS_RESTART=/work2/noaa/global/CI/HERCULES/3077/RUNTESTS/COMROOT/C48_S2SWA_gefs_c38dbcfd/gefs.20210323/12/mem001/model/atmos/restart
declare_from_tmpl :: COMOUT_ATMOS_HISTORY=/work2/noaa/global/CI/HERCULES/3077/RUNTESTS/COMROOT/C48_S2SWA_gefs_c38dbcfd/gefs.20210323/12/mem001/model/atmos/history
declare_from_tmpl :: COMOUT_ATMOS_MASTER=/work2/noaa/global/CI/HERCULES/3077/RUNTESTS/COMROOT/C48_S2SWA_gefs_c38dbcfd/gefs.20210323/12/mem001/model/atmos/master
+ JGLOBAL_FORECAST[46]: RUN=gefs
+ JGLOBAL_FORECAST[46]: YMD=20210323
+ JGLOBAL_FORECAST[46]: HH=06
+ JGLOBAL_FORECAST[46]: declare_from_tmpl -rx COMIN_ATMOS_RESTART_PREV:COM_ATMOS_RESTART_TMPL
+ bash_utils.sh[35]: [[ NO == \N\O ]]
+ bash_utils.sh[35]: set +x
declare_from_tmpl :: COMIN_ATMOS_RESTART_PREV=/work2/noaa/global/CI/HERCULES/3077/RUNTESTS/COMROOT/C48_S2SWA_gefs_c38dbcfd/gefs.20210323/06/mem001/model/atmos/restart
+ JGLOBAL_FORECAST[49]: [[ YES == \Y\E\S ]]
+ JGLOBAL_FORECAST[50]: YMD=20210323
+ JGLOBAL_FORECAST[50]: HH=12
+ JGLOBAL_FORECAST[50]: declare_from_tmpl -rx COMIN_WAVE_PREP:COM_WAVE_PREP_TMPL COMOUT_WAVE_RESTART:COM_WAVE_RESTART_TMPL COMOUT_WAVE_HISTORY:COM_WAVE_HISTORY_TMPL
+ bash_utils.sh[35]: [[ NO == \N\O ]]
+ bash_utils.sh[35]: set +x
declare_from_tmpl :: COMIN_WAVE_PREP=/work2/noaa/global/CI/HERCULES/3077/RUNTESTS/COMROOT/C48_S2SWA_gefs_c38dbcfd/gefs.20210323/12/mem001/model/wave/prep
declare_from_tmpl :: COMOUT_WAVE_RESTART=/work2/noaa/global/CI/HERCULES/3077/RUNTESTS/COMROOT/C48_S2SWA_gefs_c38dbcfd/gefs.20210323/12/mem001/model/wave/restart
declare_from_tmpl :: COMOUT_WAVE_HISTORY=/work2/noaa/global/CI/HERCULES/3077/RUNTESTS/COMROOT/C48_S2SWA_gefs_c38dbcfd/gefs.20210323/12/mem001/model/wave/history
+ JGLOBAL_FORECAST[54]: RUN=gefs
+ JGLOBAL_FORECAST[54]: YMD=20210323
+ JGLOBAL_FORECAST[54]: HH=06
+ JGLOBAL_FORECAST[54]: declare_from_tmpl -rx COMIN_WAVE_RESTART_PREV:COM_WAVE_RESTART_TMPL
+ bash_utils.sh[35]: [[ NO == \N\O ]]
+ bash_utils.sh[35]: set +x
declare_from_tmpl :: COMIN_WAVE_RESTART_PREV=/work2/noaa/global/CI/HERCULES/3077/RUNTESTS/COMROOT/C48_S2SWA_gefs_c38dbcfd/gefs.20210323/06/mem001/model/wave/restart
+ JGLOBAL_FORECAST[58]: [[ YES == \Y\E\S ]]
+ JGLOBAL_FORECAST[59]: YMD=20210323
+ JGLOBAL_FORECAST[59]: HH=12
+ JGLOBAL_FORECAST[59]: declare_from_tmpl -rx COMIN_OCEAN_ANALYSIS:COM_OCEAN_ANALYSIS_TMPL COMIN_OCEAN_INPUT:COM_OCEAN_INPUT_TMPL COMOUT_MED_RESTART:COM_MED_RESTART_TMPL COMOUT_OCEAN_RESTART:COM_OCEAN_RESTART_TMPL COMOUT_OCEAN_HISTORY:COM_OCEAN_HISTORY_TMPL
+ bash_utils.sh[35]: [[ NO == \N\O ]]
+ bash_utils.sh[35]: set +x
declare_from_tmpl :: COMIN_OCEAN_ANALYSIS=/work2/noaa/global/CI/HERCULES/3077/RUNTESTS/COMROOT/C48_S2SWA_gefs_c38dbcfd/gefs.20210323/12/mem001/analysis/ocean
declare_from_tmpl :: COMIN_OCEAN_INPUT=/work2/noaa/global/CI/HERCULES/3077/RUNTESTS/COMROOT/C48_S2SWA_gefs_c38dbcfd/gefs.20210323/12/mem001/model/ocean/input
declare_from_tmpl :: COMOUT_MED_RESTART=/work2/noaa/global/CI/HERCULES/3077/RUNTESTS/COMROOT/C48_S2SWA_gefs_c38dbcfd/gefs.20210323/12/mem001/model/med/restart
declare_from_tmpl :: COMOUT_OCEAN_RESTART=/work2/noaa/global/CI/HERCULES/3077/RUNTESTS/COMROOT/C48_S2SWA_gefs_c38dbcfd/gefs.20210323/12/mem001/model/ocean/restart
declare_from_tmpl :: COMOUT_OCEAN_HISTORY=/work2/noaa/global/CI/HERCULES/3077/RUNTESTS/COMROOT/C48_S2SWA_gefs_c38dbcfd/gefs.20210323/12/mem001/model/ocean/history
+ JGLOBAL_FORECAST[65]: RUN=gefs
+ JGLOBAL_FORECAST[65]: YMD=20210323
+ JGLOBAL_FORECAST[65]: HH=06
+ JGLOBAL_FORECAST[65]: declare_from_tmpl -rx COMIN_OCEAN_RESTART_PREV:COM_OCEAN_RESTART_TMPL COMIN_MED_RESTART_PREV:COM_MED_RESTART_TMPL
+ bash_utils.sh[35]: [[ NO == \N\O ]]
+ bash_utils.sh[35]: set +x
declare_from_tmpl :: COMIN_OCEAN_RESTART_PREV=/work2/noaa/global/CI/HERCULES/3077/RUNTESTS/COMROOT/C48_S2SWA_gefs_c38dbcfd/gefs.20210323/06/mem001/model/ocean/restart
declare_from_tmpl :: COMIN_MED_RESTART_PREV=/work2/noaa/global/CI/HERCULES/3077/RUNTESTS/COMROOT/C48_S2SWA_gefs_c38dbcfd/gefs.20210323/06/mem001/model/med/restart
+ JGLOBAL_FORECAST[70]: [[ YES == \Y\E\S ]]
+ JGLOBAL_FORECAST[71]: YMD=20210323
+ JGLOBAL_FORECAST[71]: HH=12
+ JGLOBAL_FORECAST[71]: declare_from_tmpl -rx COMIN_ICE_INPUT:COM_ICE_INPUT_TMPL COMIN_ICE_ANALYSIS:COM_ICE_ANALYSIS_TMPL COMOUT_ICE_RESTART:COM_ICE_RESTART_TMPL COMOUT_ICE_HISTORY:COM_ICE_HISTORY_TMPL
+ bash_utils.sh[35]: [[ NO == \N\O ]]
+ bash_utils.sh[35]: set +x
declare_from_tmpl :: COMIN_ICE_INPUT=/work2/noaa/global/CI/HERCULES/3077/RUNTESTS/COMROOT/C48_S2SWA_gefs_c38dbcfd/gefs.20210323/12/mem001/model/ice/input
declare_from_tmpl :: COMIN_ICE_ANALYSIS=/work2/noaa/global/CI/HERCULES/3077/RUNTESTS/COMROOT/C48_S2SWA_gefs_c38dbcfd/gefs.20210323/12/mem001/analysis/ice
declare_from_tmpl :: COMOUT_ICE_RESTART=/work2/noaa/global/CI/HERCULES/3077/RUNTESTS/COMROOT/C48_S2SWA_gefs_c38dbcfd/gefs.20210323/12/mem001/model/ice/restart
declare_from_tmpl :: COMOUT_ICE_HISTORY=/work2/noaa/global/CI/HERCULES/3077/RUNTESTS/COMROOT/C48_S2SWA_gefs_c38dbcfd/gefs.20210323/12/mem001/model/ice/history
+ JGLOBAL_FORECAST[76]: RUN=gefs
+ JGLOBAL_FORECAST[76]: YMD=20210323
+ JGLOBAL_FORECAST[76]: HH=06
+ JGLOBAL_FORECAST[76]: declare_from_tmpl -rx COMIN_ICE_RESTART_PREV:COM_ICE_RESTART_TMPL
+ bash_utils.sh[35]: [[ NO == \N\O ]]
+ bash_utils.sh[35]: set +x
declare_from_tmpl :: COMIN_ICE_RESTART_PREV=/work2/noaa/global/CI/HERCULES/3077/RUNTESTS/COMROOT/C48_S2SWA_gefs_c38dbcfd/gefs.20210323/06/mem001/model/ice/restart
+ JGLOBAL_FORECAST[80]: [[ YES == \Y\E\S ]]
+ JGLOBAL_FORECAST[81]: YMD=20210323
+ JGLOBAL_FORECAST[81]: HH=12
+ JGLOBAL_FORECAST[81]: declare_from_tmpl -rx COMOUT_CHEM_HISTORY:COM_CHEM_HISTORY_TMPL
+ bash_utils.sh[35]: [[ NO == \N\O ]]
+ bash_utils.sh[35]: set +x
declare_from_tmpl :: COMOUT_CHEM_HISTORY=/work2/noaa/global/CI/HERCULES/3077/RUNTESTS/COMROOT/C48_S2SWA_gefs_c38dbcfd/gefs.20210323/12/mem001/model/chem/history
+ JGLOBAL_FORECAST[89]: /work2/noaa/global/CI/HERCULES/3077/gefs/scripts/exglobal_forecast.sh
Begin exglobal_forecast.sh at Tue Nov 26 21:03:09 UTC 2024
+ exglobal_forecast.sh[83]: source /work2/noaa/global/CI/HERCULES/3077/gefs/ush/forecast_predet.sh
+ exglobal_forecast.sh[84]: source /work2/noaa/global/CI/HERCULES/3077/gefs/ush/forecast_det.sh
+ exglobal_forecast.sh[85]: source /work2/noaa/global/CI/HERCULES/3077/gefs/ush/forecast_postdet.sh
+ exglobal_forecast.sh[86]: source /work2/noaa/global/CI/HERCULES/3077/gefs/ush/parsing_ufs_configure.sh
+ exglobal_forecast.sh[88]: source /work2/noaa/global/CI/HERCULES/3077/gefs/ush/atparse.bash
+ exglobal_forecast.sh[91]: cpl=.true.
+ exglobal_forecast.sh[92]: cplflx=.true.
+ exglobal_forecast.sh[93]: cplwav=.true.
+ exglobal_forecast.sh[94]: cplchm=.true.
+ exglobal_forecast.sh[95]: cplice=.true.
+ exglobal_forecast.sh[97]: OCNTIM=3600
+ exglobal_forecast.sh[98]: DELTIM=1200
+ exglobal_forecast.sh[99]: ICETIM=1200
+ exglobal_forecast.sh[101]: CPL_SLOW=3600
+ exglobal_forecast.sh[102]: CPL_FAST=1200
+ exglobal_forecast.sh[104]: echo 'MAIN: Loading common variables before determination of run type'
MAIN: Loading common variables before determination of run type
+ exglobal_forecast.sh[105]: common_predet
+ forecast_predet.sh[92]: echo 'SUB common_predet: Defining variables for shared through model components'
SUB common_predet: Defining variables for shared through model components
+ forecast_predet.sh[94]: RUN=gefs
+ forecast_predet.sh[95]: rCDUMP=gefs
+ forecast_predet.sh[97]: CDATE=2021032312
+ forecast_predet.sh[98]: ENSMEM=001
+ forecast_predet.sh[99]: MEMBER=1
+ forecast_predet.sh[102]: half_window=3
+ forecast_predet.sh[103]: current_cycle=2021032312
++ forecast_predet.sh[104]: date --utc -d '20210323 12 - 6 hours' +%Y%m%d%H
+ forecast_predet.sh[104]: previous_cycle=2021032306
++ forecast_predet.sh[105]: date --utc -d '20210323 12 + 6 hours' +%Y%m%d%H
+ forecast_predet.sh[105]: next_cycle=2021032318
++ forecast_predet.sh[106]: date --utc -d '20210323 12 - 3 hours' +%Y%m%d%H
+ forecast_predet.sh[106]: current_cycle_begin=2021032309
++ forecast_predet.sh[107]: date --utc -d '20210323 12 + 3 hours' +%Y%m%d%H
+ forecast_predet.sh[107]: current_cycle_end=2021032315
++ forecast_predet.sh[108]: date --utc -d '20210323 18 - 3 hours' +%Y%m%d%H
+ forecast_predet.sh[108]: next_cycle_begin=2021032315
++ forecast_predet.sh[109]: date --utc -d '20210323 12 + 120 hours' +%Y%m%d%H
+ forecast_predet.sh[109]: forecast_end_cycle=2021032812
+ forecast_predet.sh[112]: [[ NO == \Y\E\S ]]
+ forecast_predet.sh[116]: [[ NO == \Y\E\S ]]
+ forecast_predet.sh[119]: model_start_date_current_cycle=2021032312
+ forecast_predet.sh[121]: model_start_date_next_cycle=2021032318
+ forecast_predet.sh[124]: FHMIN=48
+ forecast_predet.sh[125]: FHMAX=120
+ forecast_predet.sh[126]: FHOUT=6
+ forecast_predet.sh[127]: FHMAX_HF=0
+ forecast_predet.sh[128]: FHOUT_HF=1
+ forecast_predet.sh[130]: [[ ! -d /work2/noaa/global/CI/HERCULES/3077/RUNTESTS/COMROOT/C48_S2SWA_gefs_c38dbcfd/gefs.20210323/12/mem001/conf ]]
+ forecast_predet.sh[132]: cd /work/noaa/stmp/mterry/HERCULES/RUNDIRS/C48_S2SWA_gefs_c38dbcfd/gefs.2021032312/gefsefcs001.2021032312/fcst.259473
+ forecast_predet.sh[135]: [[ ! -d /work/noaa/stmp/mterry/HERCULES/RUNDIRS/C48_S2SWA_gefs_c38dbcfd/gefs.2021032312/gefsefcs001.2021032312/fcst.259473/INPUT ]]
+ forecast_predet.sh[135]: mkdir -p /work/noaa/stmp/mterry/HERCULES/RUNDIRS/C48_S2SWA_gefs_c38dbcfd/gefs.2021032312/gefsefcs001.2021032312/fcst.259473/INPUT
+ exglobal_forecast.sh[107]: echo 'MAIN: Loading variables before determination of run type'
MAIN: Loading variables before determination of run type
+ exglobal_forecast.sh[108]: FV3_predet
+ forecast_predet.sh[141]: echo 'SUB FV3_predet: Defining variables for FV3'
SUB FV3_predet: Defining variables for FV3
+ forecast_predet.sh[143]: [[ ! -d /work2/noaa/global/CI/HERCULES/3077/RUNTESTS/COMROOT/C48_S2SWA_gefs_c38dbcfd/gefs.20210323/12/mem001/model/atmos/history ]]
+ forecast_predet.sh[144]: [[ ! -d /work2/noaa/global/CI/HERCULES/3077/RUNTESTS/COMROOT/C48_S2SWA_gefs_c38dbcfd/gefs.20210323/12/mem001/model/atmos/master ]]
+ forecast_predet.sh[145]: [[ ! -d /work2/noaa/global/CI/HERCULES/3077/RUNTESTS/COMROOT/C48_S2SWA_gefs_c38dbcfd/gefs.20210323/12/mem001/model/atmos/restart ]]
+ forecast_predet.sh[146]: [[ ! -d /work/noaa/stmp/mterry/HERCULES/RUNDIRS/C48_S2SWA_gefs_c38dbcfd/gefs.2021032312/gefsefcs001.2021032312/restart/FV3_RESTART ]]
+ forecast_predet.sh[147]: /bin/ln -sf /work/noaa/stmp/mterry/HERCULES/RUNDIRS/C48_S2SWA_gefs_c38dbcfd/gefs.2021032312/gefsefcs001.2021032312/restart/FV3_RESTART /work/noaa/stmp/mterry/HERCULES/RUNDIRS/C48_S2SWA_gefs_c38dbcfd/gefs.2021032312/gefsefcs001.2021032312/fcst.259473/RESTART
+ forecast_predet.sh[149]: FHZER=6
+ forecast_predet.sh[150]: FHCYC=24
+ forecast_predet.sh[151]: restart_interval=12
+ forecast_predet.sh[154]: ((  restart_interval == 0  ))
+ forecast_predet.sh[159]: mapfile -t FV3_RESTART_FH
++ forecast_predet.sh[159]: seq 12 12 120
+ forecast_predet.sh[161]: local nrestarts=10
+ forecast_predet.sh[162]: ((  FV3_RESTART_FH[nrestarts-1] != FHMAX  ))
+ forecast_predet.sh[169]: FV3_OUTPUT_FH=
+ forecast_predet.sh[170]: local fhr=48
+ forecast_predet.sh[171]: ((  FHOUT_HF > 0 && FHMAX_HF > 0  ))
++ forecast_predet.sh[175]: seq -s ' ' 48 6 120
+ forecast_predet.sh[175]: FV3_OUTPUT_FH=' 48 54 60 66 72 78 84 90 96 102 108 114 120'
+ forecast_predet.sh[180]: [[ NO == \Y\E\S ]]
+ forecast_predet.sh[203]: FV3_OUTPUT_FH_NML=' 48 54 60 66 72 78 84 90 96 102 108 114 120'
+ forecast_predet.sh[207]: PREFIX_ATMINC=
+ forecast_predet.sh[210]: IAUFHRS=0
+ forecast_predet.sh[211]: IAU_DELTHRS=0
+ forecast_predet.sh[216]: res=48
+ forecast_predet.sh[217]: resp=49
+ forecast_predet.sh[218]: npx=49
+ forecast_predet.sh[219]: npy=49
+ forecast_predet.sh[220]: npz=127
+ forecast_predet.sh[221]: io_layout=1,1
+ forecast_predet.sh[225]: JCAP_CASE=94
+ forecast_predet.sh[226]: LONB_CASE=192
+ forecast_predet.sh[227]: LATB_CASE=96
+ forecast_predet.sh[229]: JCAP=94
+ forecast_predet.sh[230]: LONB=192
+ forecast_predet.sh[231]: LATB=96
+ forecast_predet.sh[233]: LONB_IMO=192
+ forecast_predet.sh[234]: LATB_JMO=96
+ forecast_predet.sh[244]: NST_MODEL=2
+ forecast_predet.sh[245]: NST_SPINUP=0
+ forecast_predet.sh[246]: NST_RESV=0
+ forecast_predet.sh[247]: ZSEA1=0
+ forecast_predet.sh[248]: ZSEA2=0
+ forecast_predet.sh[249]: nstf_name=2,0,0,0,0
+ forecast_predet.sh[250]: nst_anl=.true.
+ forecast_predet.sh[256]: blocksize=32
+ forecast_predet.sh[259]: filtered_terrain=.true.
+ forecast_predet.sh[260]: gfs_dwinds=.true.
+ forecast_predet.sh[263]: no_dycore=.false.
+ forecast_predet.sh[264]: dycore_only=.false.
+ forecast_predet.sh[265]: chksum_debug=.false.
+ forecast_predet.sh[266]: print_freq=6
+ forecast_predet.sh[272]: na_init=1
+ forecast_predet.sh[274]: local suite_file=/work2/noaa/global/CI/HERCULES/3077/gefs/sorc/ufs_model.fd/FV3/ccpp/suites/suite_FV3_GFS_v17_coupled_p8_ugwpv1.xml
+ forecast_predet.sh[275]: [[ ! -f /work2/noaa/global/CI/HERCULES/3077/gefs/sorc/ufs_model.fd/FV3/ccpp/suites/suite_FV3_GFS_v17_coupled_p8_ugwpv1.xml ]]
+ forecast_predet.sh[281]: local num_noahmpdrv
++ forecast_predet.sh[282]: grep -c noahmpdrv /work2/noaa/global/CI/HERCULES/3077/gefs/sorc/ufs_model.fd/FV3/ccpp/suites/suite_FV3_GFS_v17_coupled_p8_ugwpv1.xml
+ forecast_predet.sh[282]: num_noahmpdrv=1
+ forecast_predet.sh[283]: ((  num_noahmpdrv > 0  ))
+ forecast_predet.sh[284]: lsm=2
+ forecast_predet.sh[285]: lheatstrg=.false.
+ forecast_predet.sh[286]: landice=.false.
+ forecast_predet.sh[287]: iopt_dveg=4
+ forecast_predet.sh[288]: iopt_crs=2
+ forecast_predet.sh[289]: iopt_btr=1
+ forecast_predet.sh[290]: iopt_run=1
+ forecast_predet.sh[291]: iopt_sfc=3
+ forecast_predet.sh[292]: iopt_frz=1
+ forecast_predet.sh[293]: iopt_inf=1
+ forecast_predet.sh[294]: iopt_rad=3
+ forecast_predet.sh[295]: iopt_alb=1
+ forecast_predet.sh[296]: iopt_snf=4
+ forecast_predet.sh[297]: iopt_tbot=2
+ forecast_predet.sh[298]: iopt_stc=3
+ forecast_predet.sh[299]: IALB=2
+ forecast_predet.sh[300]: IEMS=2
+ forecast_predet.sh[321]: [[ nh == \n\h ]]
+ forecast_predet.sh[322]: hydrostatic=.false.
+ forecast_predet.sh[323]: phys_hydrostatic=.false.
+ forecast_predet.sh[324]: use_hydro_pressure=.false.
+ forecast_predet.sh[325]: make_nh=.true.
+ forecast_predet.sh[326]: pass_full_omega_to_physics_in_non_hydrostatic_mode=.true.
+ forecast_predet.sh[335]: consv_te=1.
+ forecast_predet.sh[336]: [[ NO == \Y\E\S ]]
+ forecast_predet.sh[341]: consv_te=1.
+ forecast_predet.sh[342]: k_split=1
+ forecast_predet.sh[346]: n_split=4
+ forecast_predet.sh[348]: [[ non- == \m\o\n\o ]]
+ forecast_predet.sh[361]: d_con=1.
+ forecast_predet.sh[362]: do_vort_damp=.true.
+ forecast_predet.sh[363]: [[ nh == \n\h ]]
+ forecast_predet.sh[364]: hord_mt=5
+ forecast_predet.sh[365]: hord_xx=5
+ forecast_predet.sh[366]: hord_dp=-5
+ forecast_predet.sh[378]: [[ non- != \m\o\n\o ]]
+ forecast_predet.sh[378]: [[ nh == \n\h ]]
+ forecast_predet.sh[379]: vtdm4=0.02
+ forecast_predet.sh[385]: nggps_ic=.true.
+ forecast_predet.sh[386]: ncep_ic=.false.
+ forecast_predet.sh[387]: external_ic=.true.
+ forecast_predet.sh[388]: mountain=.false.
+ forecast_predet.sh[389]: warm_start=.false.
+ forecast_predet.sh[390]: read_increment=.false.
+ forecast_predet.sh[391]: res_latlon_dynamics='""'
+ forecast_predet.sh[394]: do_skeb=.false.
+ forecast_predet.sh[395]: do_shum=.false.
+ forecast_predet.sh[396]: do_sppt=.false.
+ forecast_predet.sh[397]: do_ca=.false.
+ forecast_predet.sh[398]: ISEED=0
+ forecast_predet.sh[399]: local imem=1
+ forecast_predet.sh[400]: local base_seed=20210323120100
+ forecast_predet.sh[402]: [[ YES == \Y\E\S ]]
+ forecast_predet.sh[403]: do_skeb=.true.
+ forecast_predet.sh[404]: ISEED_SKEB=20210323120101
+ forecast_predet.sh[407]: [[ NO == \Y\E\S ]]
+ forecast_predet.sh[412]: [[ YES == \Y\E\S ]]
+ forecast_predet.sh[413]: do_sppt=.true.
+ forecast_predet.sh[414]: ISEED_SPPT=20210323120103,20210323120104,20210323120105,20210323120106,20210323120107
+ forecast_predet.sh[417]: [[ YES == \Y\E\S ]]
+ forecast_predet.sh[418]: do_ca=.true.
+ forecast_predet.sh[419]: ISEED_CA=354518201
+ forecast_predet.sh[422]: [[ NO == \Y\E\S ]]
+ forecast_predet.sh[435]: FNGLAC=/work2/noaa/global/CI/HERCULES/3077/gefs/fix/am/global_glacier.2x2.grb
+ forecast_predet.sh[436]: FNMXIC=/work2/noaa/global/CI/HERCULES/3077/gefs/fix/am/global_maxice.2x2.grb
+ forecast_predet.sh[437]: FNTSFC=/work2/noaa/global/CI/HERCULES/3077/gefs/fix/am/RTGSST.1982.2012.monthly.clim.grb
+ forecast_predet.sh[438]: FNSNOC=/work2/noaa/global/CI/HERCULES/3077/gefs/fix/am/global_snoclim.1.875.grb
+ forecast_predet.sh[439]: FNZORC=igbp
+ forecast_predet.sh[440]: FNAISC=/work2/noaa/global/CI/HERCULES/3077/gefs/fix/am/IMS-NIC.blended.ice.monthly.clim.grb
+ forecast_predet.sh[441]: FNALBC2=/work2/noaa/global/CI/HERCULES/3077/gefs/fix/orog/C48/sfc/C48.mx500.facsf.tileX.nc
+ forecast_predet.sh[442]: FNTG3C=/work2/noaa/global/CI/HERCULES/3077/gefs/fix/orog/C48/sfc/C48.mx500.substrate_temperature.tileX.nc
+ forecast_predet.sh[443]: FNVEGC=/work2/noaa/global/CI/HERCULES/3077/gefs/fix/orog/C48/sfc/C48.mx500.vegetation_greenness.tileX.nc
+ forecast_predet.sh[444]: FNMSKH=/work2/noaa/global/CI/HERCULES/3077/gefs/fix/am/global_slmask.t1534.3072.1536.grb
+ forecast_predet.sh[445]: FNVMNC=/work2/noaa/global/CI/HERCULES/3077/gefs/fix/orog/C48/sfc/C48.mx500.vegetation_greenness.tileX.nc
+ forecast_predet.sh[446]: FNVMXC=/work2/noaa/global/CI/HERCULES/3077/gefs/fix/orog/C48/sfc/C48.mx500.vegetation_greenness.tileX.nc
+ forecast_predet.sh[447]: FNSLPC=/work2/noaa/global/CI/HERCULES/3077/gefs/fix/orog/C48/sfc/C48.mx500.slope_type.tileX.nc
+ forecast_predet.sh[448]: FNALBC=/work2/noaa/global/CI/HERCULES/3077/gefs/fix/orog/C48/sfc/C48.mx500.snowfree_albedo.tileX.nc
+ forecast_predet.sh[449]: FNVETC=/work2/noaa/global/CI/HERCULES/3077/gefs/fix/orog/C48/sfc/C48.mx500.vegetation_type.tileX.nc
+ forecast_predet.sh[450]: FNSOTC=/work2/noaa/global/CI/HERCULES/3077/gefs/fix/orog/C48/sfc/C48.mx500.soil_type.tileX.nc
+ forecast_predet.sh[451]: FNSOCC=/work2/noaa/global/CI/HERCULES/3077/gefs/fix/orog/C48/sfc/C48.mx500.soil_color.tileX.nc
+ forecast_predet.sh[452]: FNABSC=/work2/noaa/global/CI/HERCULES/3077/gefs/fix/orog/C48/sfc/C48.mx500.maximum_snow_albedo.tileX.nc
+ forecast_predet.sh[453]: FNSMCC=/work2/noaa/global/CI/HERCULES/3077/gefs/fix/am/global_soilmgldas.statsgo.t94.192.96.grb
+ forecast_predet.sh[456]: [[ ! -f /work2/noaa/global/CI/HERCULES/3077/gefs/fix/am/global_soilmgldas.statsgo.t94.192.96.grb ]]
+ forecast_predet.sh[459]: [[ .true. == \.\f\a\l\s\e\. ]]
+ forecast_predet.sh[462]: /bin/cp -p /work2/noaa/global/CI/HERCULES/3077/gefs/fix/orog/C48/C48_mosaic.nc /work/noaa/stmp/mterry/HERCULES/RUNDIRS/C48_S2SWA_gefs_c38dbcfd/gefs.2021032312/gefsefcs001.2021032312/fcst.259473/INPUT/C48_mosaic.nc
+ forecast_predet.sh[466]: /bin/cp -p /work2/noaa/global/CI/HERCULES/3077/gefs/fix/ugwd/ugwp_limb_tau.nc /work/noaa/stmp/mterry/HERCULES/RUNDIRS/C48_S2SWA_gefs_c38dbcfd/gefs.2021032312/gefsefcs001.2021032312/fcst.259473/ugwp_limb_tau.nc
+ forecast_predet.sh[469]: local tt
+ forecast_predet.sh[470]: (( tt = 1 ))
+ forecast_predet.sh[470]: (( tt <= ntiles ))
+ forecast_predet.sh[471]: /bin/cp -p /work2/noaa/global/CI/HERCULES/3077/gefs/fix/orog/C48/C48.mx500_oro_data.tile1.nc /work/noaa/stmp/mterry/HERCULES/RUNDIRS/C48_S2SWA_gefs_c38dbcfd/gefs.2021032312/gefsefcs001.2021032312/fcst.259473/INPUT/oro_data.tile1.nc
+ forecast_predet.sh[472]: /bin/cp -p /work2/noaa/global/CI/HERCULES/3077/gefs/fix/orog/C48/C48_grid.tile1.nc /work/noaa/stmp/mterry/HERCULES/RUNDIRS/C48_S2SWA_gefs_c38dbcfd/gefs.2021032312/gefsefcs001.2021032312/fcst.259473/INPUT/C48_grid.tile1.nc
+ forecast_predet.sh[473]: /bin/cp -p /work2/noaa/global/CI/HERCULES/3077/gefs/fix/ugwd/C48/C48_oro_data_ls.tile1.nc /work/noaa/stmp/mterry/HERCULES/RUNDIRS/C48_S2SWA_gefs_c38dbcfd/gefs.2021032312/gefsefcs001.2021032312/fcst.259473/INPUT/oro_data_ls.tile1.nc
+ forecast_predet.sh[474]: /bin/cp -p /work2/noaa/global/CI/HERCULES/3077/gefs/fix/ugwd/C48/C48_oro_data_ss.tile1.nc /work/noaa/stmp/mterry/HERCULES/RUNDIRS/C48_S2SWA_gefs_c38dbcfd/gefs.2021032312/gefsefcs001.2021032312/fcst.259473/INPUT/oro_data_ss.tile1.nc
+ forecast_predet.sh[470]: (( tt++  ))
+ forecast_predet.sh[470]: (( tt <= ntiles ))
+ forecast_predet.sh[471]: /bin/cp -p /work2/noaa/global/CI/HERCULES/3077/gefs/fix/orog/C48/C48.mx500_oro_data.tile2.nc /work/noaa/stmp/mterry/HERCULES/RUNDIRS/C48_S2SWA_gefs_c38dbcfd/gefs.2021032312/gefsefcs001.2021032312/fcst.259473/INPUT/oro_data.tile2.nc
+ forecast_predet.sh[472]: /bin/cp -p /work2/noaa/global/CI/HERCULES/3077/gefs/fix/orog/C48/C48_grid.tile2.nc /work/noaa/stmp/mterry/HERCULES/RUNDIRS/C48_S2SWA_gefs_c38dbcfd/gefs.2021032312/gefsefcs001.2021032312/fcst.259473/INPUT/C48_grid.tile2.nc
+ forecast_predet.sh[473]: /bin/cp -p /work2/noaa/global/CI/HERCULES/3077/gefs/fix/ugwd/C48/C48_oro_data_ls.tile2.nc /work/noaa/stmp/mterry/HERCULES/RUNDIRS/C48_S2SWA_gefs_c38dbcfd/gefs.2021032312/gefsefcs001.2021032312/fcst.259473/INPUT/oro_data_ls.tile2.nc
+ forecast_predet.sh[474]: /bin/cp -p /work2/noaa/global/CI/HERCULES/3077/gefs/fix/ugwd/C48/C48_oro_data_ss.tile2.nc /work/noaa/stmp/mterry/HERCULES/RUNDIRS/C48_S2SWA_gefs_c38dbcfd/gefs.2021032312/gefsefcs001.2021032312/fcst.259473/INPUT/oro_data_ss.tile2.nc
+ forecast_predet.sh[470]: (( tt++  ))
+ forecast_predet.sh[470]: (( tt <= ntiles ))
+ forecast_predet.sh[471]: /bin/cp -p /work2/noaa/global/CI/HERCULES/3077/gefs/fix/orog/C48/C48.mx500_oro_data.tile3.nc /work/noaa/stmp/mterry/HERCULES/RUNDIRS/C48_S2SWA_gefs_c38dbcfd/gefs.2021032312/gefsefcs001.2021032312/fcst.259473/INPUT/oro_data.tile3.nc
+ forecast_predet.sh[472]: /bin/cp -p /work2/noaa/global/CI/HERCULES/3077/gefs/fix/orog/C48/C48_grid.tile3.nc /work/noaa/stmp/mterry/HERCULES/RUNDIRS/C48_S2SWA_gefs_c38dbcfd/gefs.2021032312/gefsefcs001.2021032312/fcst.259473/INPUT/C48_grid.tile3.nc
+ forecast_predet.sh[473]: /bin/cp -p /work2/noaa/global/CI/HERCULES/3077/gefs/fix/ugwd/C48/C48_oro_data_ls.tile3.nc /work/noaa/stmp/mterry/HERCULES/RUNDIRS/C48_S2SWA_gefs_c38dbcfd/gefs.2021032312/gefsefcs001.2021032312/fcst.259473/INPUT/oro_data_ls.tile3.nc
+ forecast_predet.sh[474]: /bin/cp -p /work2/noaa/global/CI/HERCULES/3077/gefs/fix/ugwd/C48/C48_oro_data_ss.tile3.nc /work/noaa/stmp/mterry/HERCULES/RUNDIRS/C48_S2SWA_gefs_c38dbcfd/gefs.2021032312/gefsefcs001.2021032312/fcst.259473/INPUT/oro_data_ss.tile3.nc
+ forecast_predet.sh[470]: (( tt++  ))
+ forecast_predet.sh[470]: (( tt <= ntiles ))
+ forecast_predet.sh[471]: /bin/cp -p /work2/noaa/global/CI/HERCULES/3077/gefs/fix/orog/C48/C48.mx500_oro_data.tile4.nc /work/noaa/stmp/mterry/HERCULES/RUNDIRS/C48_S2SWA_gefs_c38dbcfd/gefs.2021032312/gefsefcs001.2021032312/fcst.259473/INPUT/oro_data.tile4.nc
+ forecast_predet.sh[472]: /bin/cp -p /work2/noaa/global/CI/HERCULES/3077/gefs/fix/orog/C48/C48_grid.tile4.nc /work/noaa/stmp/mterry/HERCULES/RUNDIRS/C48_S2SWA_gefs_c38dbcfd/gefs.2021032312/gefsefcs001.2021032312/fcst.259473/INPUT/C48_grid.tile4.nc
+ forecast_predet.sh[473]: /bin/cp -p /work2/noaa/global/CI/HERCULES/3077/gefs/fix/ugwd/C48/C48_oro_data_ls.tile4.nc /work/noaa/stmp/mterry/HERCULES/RUNDIRS/C48_S2SWA_gefs_c38dbcfd/gefs.2021032312/gefsefcs001.2021032312/fcst.259473/INPUT/oro_data_ls.tile4.nc
+ forecast_predet.sh[474]: /bin/cp -p /work2/noaa/global/CI/HERCULES/3077/gefs/fix/ugwd/C48/C48_oro_data_ss.tile4.nc /work/noaa/stmp/mterry/HERCULES/RUNDIRS/C48_S2SWA_gefs_c38dbcfd/gefs.2021032312/gefsefcs001.2021032312/fcst.259473/INPUT/oro_data_ss.tile4.nc
+ forecast_predet.sh[470]: (( tt++  ))
+ forecast_predet.sh[470]: (( tt <= ntiles ))
+ forecast_predet.sh[471]: /bin/cp -p /work2/noaa/global/CI/HERCULES/3077/gefs/fix/orog/C48/C48.mx500_oro_data.tile5.nc /work/noaa/stmp/mterry/HERCULES/RUNDIRS/C48_S2SWA_gefs_c38dbcfd/gefs.2021032312/gefsefcs001.2021032312/fcst.259473/INPUT/oro_data.tile5.nc
+ forecast_predet.sh[472]: /bin/cp -p /work2/noaa/global/CI/HERCULES/3077/gefs/fix/orog/C48/C48_grid.tile5.nc /work/noaa/stmp/mterry/HERCULES/RUNDIRS/C48_S2SWA_gefs_c38dbcfd/gefs.2021032312/gefsefcs001.2021032312/fcst.259473/INPUT/C48_grid.tile5.nc
+ forecast_predet.sh[473]: /bin/cp -p /work2/noaa/global/CI/HERCULES/3077/gefs/fix/ugwd/C48/C48_oro_data_ls.tile5.nc /work/noaa/stmp/mterry/HERCULES/RUNDIRS/C48_S2SWA_gefs_c38dbcfd/gefs.2021032312/gefsefcs001.2021032312/fcst.259473/INPUT/oro_data_ls.tile5.nc
+ forecast_predet.sh[474]: /bin/cp -p /work2/noaa/global/CI/HERCULES/3077/gefs/fix/ugwd/C48/C48_oro_data_ss.tile5.nc /work/noaa/stmp/mterry/HERCULES/RUNDIRS/C48_S2SWA_gefs_c38dbcfd/gefs.2021032312/gefsefcs001.2021032312/fcst.259473/INPUT/oro_data_ss.tile5.nc
+ forecast_predet.sh[470]: (( tt++  ))
+ forecast_predet.sh[470]: (( tt <= ntiles ))
+ forecast_predet.sh[471]: /bin/cp -p /work2/noaa/global/CI/HERCULES/3077/gefs/fix/orog/C48/C48.mx500_oro_data.tile6.nc /work/noaa/stmp/mterry/HERCULES/RUNDIRS/C48_S2SWA_gefs_c38dbcfd/gefs.2021032312/gefsefcs001.2021032312/fcst.259473/INPUT/oro_data.tile6.nc
+ forecast_predet.sh[472]: /bin/cp -p /work2/noaa/global/CI/HERCULES/3077/gefs/fix/orog/C48/C48_grid.tile6.nc /work/noaa/stmp/mterry/HERCULES/RUNDIRS/C48_S2SWA_gefs_c38dbcfd/gefs.2021032312/gefsefcs001.2021032312/fcst.259473/INPUT/C48_grid.tile6.nc
+ forecast_predet.sh[473]: /bin/cp -p /work2/noaa/global/CI/HERCULES/3077/gefs/fix/ugwd/C48/C48_oro_data_ls.tile6.nc /work/noaa/stmp/mterry/HERCULES/RUNDIRS/C48_S2SWA_gefs_c38dbcfd/gefs.2021032312/gefsefcs001.2021032312/fcst.259473/INPUT/oro_data_ls.tile6.nc
+ forecast_predet.sh[474]: /bin/cp -p /work2/noaa/global/CI/HERCULES/3077/gefs/fix/ugwd/C48/C48_oro_data_ss.tile6.nc /work/noaa/stmp/mterry/HERCULES/RUNDIRS/C48_S2SWA_gefs_c38dbcfd/gefs.2021032312/gefsefcs001.2021032312/fcst.259473/INPUT/oro_data_ss.tile6.nc
+ forecast_predet.sh[470]: (( tt++  ))
+ forecast_predet.sh[470]: (( tt <= ntiles ))
+ forecast_predet.sh[476]: [[ NO == \Y\E\S ]]
+ forecast_predet.sh[485]: local noahmptablefile=/work2/noaa/global/CI/HERCULES/3077/gefs/parm/ufs/noahmptable.tbl
+ forecast_predet.sh[486]: [[ ! -f /work2/noaa/global/CI/HERCULES/3077/gefs/parm/ufs/noahmptable.tbl ]]
+ forecast_predet.sh[490]: /bin/cp -p /work2/noaa/global/CI/HERCULES/3077/gefs/parm/ufs/noahmptable.tbl /work/noaa/stmp/mterry/HERCULES/RUNDIRS/C48_S2SWA_gefs_c38dbcfd/gefs.2021032312/gefsefcs001.2021032312/fcst.259473/noahmptable.tbl
+ forecast_predet.sh[494]: ((  imp_physics == 8  ))
+ forecast_predet.sh[495]: /bin/cp -p /work2/noaa/global/CI/HERCULES/3077/gefs/fix/am/CCN_ACTIVATE.BIN /work/noaa/stmp/mterry/HERCULES/RUNDIRS/C48_S2SWA_gefs_c38dbcfd/gefs.2021032312/gefsefcs001.2021032312/fcst.259473/CCN_ACTIVATE.BIN
+ forecast_predet.sh[496]: /bin/cp -p /work2/noaa/global/CI/HERCULES/3077/gefs/fix/am/freezeH2O.dat /work/noaa/stmp/mterry/HERCULES/RUNDIRS/C48_S2SWA_gefs_c38dbcfd/gefs.2021032312/gefsefcs001.2021032312/fcst.259473/freezeH2O.dat
+ forecast_predet.sh[497]: /bin/cp -p /work2/noaa/global/CI/HERCULES/3077/gefs/fix/am/qr_acr_qgV2.dat /work/noaa/stmp/mterry/HERCULES/RUNDIRS/C48_S2SWA_gefs_c38dbcfd/gefs.2021032312/gefsefcs001.2021032312/fcst.259473/qr_acr_qgV2.dat
+ forecast_predet.sh[498]: /bin/cp -p /work2/noaa/global/CI/HERCULES/3077/gefs/fix/am/qr_acr_qsV2.dat /work/noaa/stmp/mterry/HERCULES/RUNDIRS/C48_S2SWA_gefs_c38dbcfd/gefs.2021032312/gefsefcs001.2021032312/fcst.259473/qr_acr_qsV2.dat
+ forecast_predet.sh[501]: [[ YES == \Y\E\S ]]
+ forecast_predet.sh[502]: O3FORC=ozprdlos_2015_new_sbuvO3_tclm15_nuchem.f77
+ forecast_predet.sh[506]: H2OFORC=global_h2o_pltc.f77
+ forecast_predet.sh[507]: /bin/cp -p /work2/noaa/global/CI/HERCULES/3077/gefs/fix/am/ozprdlos_2015_new_sbuvO3_tclm15_nuchem.f77 /work/noaa/stmp/mterry/HERCULES/RUNDIRS/C48_S2SWA_gefs_c38dbcfd/gefs.2021032312/gefsefcs001.2021032312/fcst.259473/global_o3prdlos.f77
+ forecast_predet.sh[508]: /bin/cp -p /work2/noaa/global/CI/HERCULES/3077/gefs/fix/am/global_h2o_pltc.f77 /work/noaa/stmp/mterry/HERCULES/RUNDIRS/C48_S2SWA_gefs_c38dbcfd/gefs.2021032312/gefsefcs001.2021032312/fcst.259473/global_h2oprdlos.f77
+ forecast_predet.sh[512]: ISOL=2
+ forecast_predet.sh[514]: /bin/cp -p /work2/noaa/global/CI/HERCULES/3077/gefs/fix/am/global_solarconstant_noaa_an.txt /work/noaa/stmp/mterry/HERCULES/RUNDIRS/C48_S2SWA_gefs_c38dbcfd/gefs.2021032312/gefsefcs001.2021032312/fcst.259473/solarconstant_noaa_an.txt
+ forecast_predet.sh[515]: /bin/cp -p /work2/noaa/global/CI/HERCULES/3077/gefs/fix/am/global_sfc_emissivity_idx.txt /work/noaa/stmp/mterry/HERCULES/RUNDIRS/C48_S2SWA_gefs_c38dbcfd/gefs.2021032312/gefsefcs001.2021032312/fcst.259473/sfc_emissivity_idx.txt
+ forecast_predet.sh[518]: IAER=2011
+ forecast_predet.sh[521]: ((  IAER == 1011  ))
+ forecast_predet.sh[529]: /bin/cp -p /work2/noaa/global/CI/HERCULES/3077/gefs/fix/am/global_climaeropac_global.txt /work/noaa/stmp/mterry/HERCULES/RUNDIRS/C48_S2SWA_gefs_c38dbcfd/gefs.2021032312/gefsefcs001.2021032312/fcst.259473/aerosol.dat
+ forecast_predet.sh[530]: ((  IAER > 0  ))
+ forecast_predet.sh[531]: local file
+ forecast_predet.sh[532]: for file in "${FIXgfs}/am/global_volcanic_aerosols"*
++ forecast_predet.sh[533]: basename /work2/noaa/global/CI/HERCULES/3077/gefs/fix/am/volcanic_aerosols_1850-1859.txt
+ forecast_predet.sh[533]: /bin/cp -p /work2/noaa/global/CI/HERCULES/3077/gefs/fix/am/global_volcanic_aerosols_1850-1859.txt /work/noaa/stmp/mterry/HERCULES/RUNDIRS/C48_S2SWA_gefs_c38dbcfd/gefs.2021032312/gefsefcs001.2021032312/fcst.259473/volcanic_aerosols_1850-1859.txt
+ forecast_predet.sh[532]: for file in "${FIXgfs}/am/global_volcanic_aerosols"*
++ forecast_predet.sh[533]: basename /work2/noaa/global/CI/HERCULES/3077/gefs/fix/am/volcanic_aerosols_1860-1869.txt
+ forecast_predet.sh[533]: /bin/cp -p /work2/noaa/global/CI/HERCULES/3077/gefs/fix/am/global_volcanic_aerosols_1860-1869.txt /work/noaa/stmp/mterry/HERCULES/RUNDIRS/C48_S2SWA_gefs_c38dbcfd/gefs.2021032312/gefsefcs001.2021032312/fcst.259473/volcanic_aerosols_1860-1869.txt
+ forecast_predet.sh[532]: for file in "${FIXgfs}/am/global_volcanic_aerosols"*
++ forecast_predet.sh[533]: basename /work2/noaa/global/CI/HERCULES/3077/gefs/fix/am/volcanic_aerosols_1870-1879.txt
+ forecast_predet.sh[533]: /bin/cp -p /work2/noaa/global/CI/HERCULES/3077/gefs/fix/am/global_volcanic_aerosols_1870-1879.txt /work/noaa/stmp/mterry/HERCULES/RUNDIRS/C48_S2SWA_gefs_c38dbcfd/gefs.2021032312/gefsefcs001.2021032312/fcst.259473/volcanic_aerosols_1870-1879.txt
+ forecast_predet.sh[532]: for file in "${FIXgfs}/am/global_volcanic_aerosols"*
++ forecast_predet.sh[533]: basename /work2/noaa/global/CI/HERCULES/3077/gefs/fix/am/volcanic_aerosols_1880-1889.txt
+ forecast_predet.sh[533]: /bin/cp -p /work2/noaa/global/CI/HERCULES/3077/gefs/fix/am/global_volcanic_aerosols_1880-1889.txt /work/noaa/stmp/mterry/HERCULES/RUNDIRS/C48_S2SWA_gefs_c38dbcfd/gefs.2021032312/gefsefcs001.2021032312/fcst.259473/volcanic_aerosols_1880-1889.txt
+ forecast_predet.sh[532]: for file in "${FIXgfs}/am/global_volcanic_aerosols"*
++ forecast_predet.sh[533]: basename /work2/noaa/global/CI/HERCULES/3077/gefs/fix/am/volcanic_aerosols_1890-1899.txt
+ forecast_predet.sh[533]: /bin/cp -p /work2/noaa/global/CI/HERCULES/3077/gefs/fix/am/global_volcanic_aerosols_1890-1899.txt /work/noaa/stmp/mterry/HERCULES/RUNDIRS/C48_S2SWA_gefs_c38dbcfd/gefs.2021032312/gefsefcs001.2021032312/fcst.259473/volcanic_aerosols_1890-1899.txt
+ forecast_predet.sh[532]: for file in "${FIXgfs}/am/global_volcanic_aerosols"*
++ forecast_predet.sh[533]: basename /work2/noaa/global/CI/HERCULES/3077/gefs/fix/am/volcanic_aerosols_1900-1909.txt
+ forecast_predet.sh[533]: /bin/cp -p /work2/noaa/global/CI/HERCULES/3077/gefs/fix/am/global_volcanic_aerosols_1900-1909.txt /work/noaa/stmp/mterry/HERCULES/RUNDIRS/C48_S2SWA_gefs_c38dbcfd/gefs.2021032312/gefsefcs001.2021032312/fcst.259473/volcanic_aerosols_1900-1909.txt
+ forecast_predet.sh[532]: for file in "${FIXgfs}/am/global_volcanic_aerosols"*
++ forecast_predet.sh[533]: basename /work2/noaa/global/CI/HERCULES/3077/gefs/fix/am/volcanic_aerosols_1910-1919.txt
+ forecast_predet.sh[533]: /bin/cp -p /work2/noaa/global/CI/HERCULES/3077/gefs/fix/am/global_volcanic_aerosols_1910-1919.txt /work/noaa/stmp/mterry/HERCULES/RUNDIRS/C48_S2SWA_gefs_c38dbcfd/gefs.2021032312/gefsefcs001.2021032312/fcst.259473/volcanic_aerosols_1910-1919.txt
+ forecast_predet.sh[532]: for file in "${FIXgfs}/am/global_volcanic_aerosols"*
++ forecast_predet.sh[533]: basename /work2/noaa/global/CI/HERCULES/3077/gefs/fix/am/volcanic_aerosols_1920-1929.txt
+ forecast_predet.sh[533]: /bin/cp -p /work2/noaa/global/CI/HERCULES/3077/gefs/fix/am/global_volcanic_aerosols_1920-1929.txt /work/noaa/stmp/mterry/HERCULES/RUNDIRS/C48_S2SWA_gefs_c38dbcfd/gefs.2021032312/gefsefcs001.2021032312/fcst.259473/volcanic_aerosols_1920-1929.txt
+ forecast_predet.sh[532]: for file in "${FIXgfs}/am/global_volcanic_aerosols"*
++ forecast_predet.sh[533]: basename /work2/noaa/global/CI/HERCULES/3077/gefs/fix/am/volcanic_aerosols_1930-1939.txt
+ forecast_predet.sh[533]: /bin/cp -p /work2/noaa/global/CI/HERCULES/3077/gefs/fix/am/global_volcanic_aerosols_1930-1939.txt /work/noaa/stmp/mterry/HERCULES/RUNDIRS/C48_S2SWA_gefs_c38dbcfd/gefs.2021032312/gefsefcs001.2021032312/fcst.259473/volcanic_aerosols_1930-1939.txt
+ forecast_predet.sh[532]: for file in "${FIXgfs}/am/global_volcanic_aerosols"*
++ forecast_predet.sh[533]: basename /work2/noaa/global/CI/HERCULES/3077/gefs/fix/am/volcanic_aerosols_1940-1949.txt
+ forecast_predet.sh[533]: /bin/cp -p /work2/noaa/global/CI/HERCULES/3077/gefs/fix/am/global_volcanic_aerosols_1940-1949.txt /work/noaa/stmp/mterry/HERCULES/RUNDIRS/C48_S2SWA_gefs_c38dbcfd/gefs.2021032312/gefsefcs001.2021032312/fcst.259473/volcanic_aerosols_1940-1949.txt
+ forecast_predet.sh[532]: for file in "${FIXgfs}/am/global_volcanic_aerosols"*
++ forecast_predet.sh[533]: basename /work2/noaa/global/CI/HERCULES/3077/gefs/fix/am/volcanic_aerosols_1950-1959.txt
+ forecast_predet.sh[533]: /bin/cp -p /work2/noaa/global/CI/HERCULES/3077/gefs/fix/am/global_volcanic_aerosols_1950-1959.txt /work/noaa/stmp/mterry/HERCULES/RUNDIRS/C48_S2SWA_gefs_c38dbcfd/gefs.2021032312/gefsefcs001.2021032312/fcst.259473/volcanic_aerosols_1950-1959.txt
+ forecast_predet.sh[532]: for file in "${FIXgfs}/am/global_volcanic_aerosols"*
++ forecast_predet.sh[533]: basename /work2/noaa/global/CI/HERCULES/3077/gefs/fix/am/volcanic_aerosols_1960-1969.txt
+ forecast_predet.sh[533]: /bin/cp -p /work2/noaa/global/CI/HERCULES/3077/gefs/fix/am/global_volcanic_aerosols_1960-1969.txt /work/noaa/stmp/mterry/HERCULES/RUNDIRS/C48_S2SWA_gefs_c38dbcfd/gefs.2021032312/gefsefcs001.2021032312/fcst.259473/volcanic_aerosols_1960-1969.txt
+ forecast_predet.sh[532]: for file in "${FIXgfs}/am/global_volcanic_aerosols"*
++ forecast_predet.sh[533]: basename /work2/noaa/global/CI/HERCULES/3077/gefs/fix/am/volcanic_aerosols_1970-1979.txt
+ forecast_predet.sh[533]: /bin/cp -p /work2/noaa/global/CI/HERCULES/3077/gefs/fix/am/global_volcanic_aerosols_1970-1979.txt /work/noaa/stmp/mterry/HERCULES/RUNDIRS/C48_S2SWA_gefs_c38dbcfd/gefs.2021032312/gefsefcs001.2021032312/fcst.259473/volcanic_aerosols_1970-1979.txt
+ forecast_predet.sh[532]: for file in "${FIXgfs}/am/global_volcanic_aerosols"*
++ forecast_predet.sh[533]: basename /work2/noaa/global/CI/HERCULES/3077/gefs/fix/am/volcanic_aerosols_1980-1989.txt
+ forecast_predet.sh[533]: /bin/cp -p /work2/noaa/global/CI/HERCULES/3077/gefs/fix/am/global_volcanic_aerosols_1980-1989.txt /work/noaa/stmp/mterry/HERCULES/RUNDIRS/C48_S2SWA_gefs_c38dbcfd/gefs.2021032312/gefsefcs001.2021032312/fcst.259473/volcanic_aerosols_1980-1989.txt
+ forecast_predet.sh[532]: for file in "${FIXgfs}/am/global_volcanic_aerosols"*
++ forecast_predet.sh[533]: basename /work2/noaa/global/CI/HERCULES/3077/gefs/fix/am/volcanic_aerosols_1990-1999.txt
+ forecast_predet.sh[533]: /bin/cp -p /work2/noaa/global/CI/HERCULES/3077/gefs/fix/am/global_volcanic_aerosols_1990-1999.txt /work/noaa/stmp/mterry/HERCULES/RUNDIRS/C48_S2SWA_gefs_c38dbcfd/gefs.2021032312/gefsefcs001.2021032312/fcst.259473/volcanic_aerosols_1990-1999.txt
+ forecast_predet.sh[537]: /bin/cp -p /work2/noaa/global/CI/HERCULES/3077/gefs/fix/lut/optics_BC.v1_3.dat /work/noaa/stmp/mterry/HERCULES/RUNDIRS/C48_S2SWA_gefs_c38dbcfd/gefs.2021032312/gefsefcs001.2021032312/fcst.259473/optics_BC.dat
+ forecast_predet.sh[538]: /bin/cp -p /work2/noaa/global/CI/HERCULES/3077/gefs/fix/lut/optics_OC.v1_3.dat /work/noaa/stmp/mterry/HERCULES/RUNDIRS/C48_S2SWA_gefs_c38dbcfd/gefs.2021032312/gefsefcs001.2021032312/fcst.259473/optics_OC.dat
+ forecast_predet.sh[539]: /bin/cp -p /work2/noaa/global/CI/HERCULES/3077/gefs/fix/lut/optics_DU.v15_3.dat /work/noaa/stmp/mterry/HERCULES/RUNDIRS/C48_S2SWA_gefs_c38dbcfd/gefs.2021032312/gefsefcs001.2021032312/fcst.259473/optics_DU.dat
+ forecast_predet.sh[540]: /bin/cp -p /work2/noaa/global/CI/HERCULES/3077/gefs/fix/lut/optics_SS.v3_3.dat /work/noaa/stmp/mterry/HERCULES/RUNDIRS/C48_S2SWA_gefs_c38dbcfd/gefs.2021032312/gefsefcs001.2021032312/fcst.259473/optics_SS.dat
+ forecast_predet.sh[541]: /bin/cp -p /work2/noaa/global/CI/HERCULES/3077/gefs/fix/lut/optics_SU.v1_3.dat /work/noaa/stmp/mterry/HERCULES/RUNDIRS/C48_S2SWA_gefs_c38dbcfd/gefs.2021032312/gefsefcs001.2021032312/fcst.259473/optics_SU.dat
+ forecast_predet.sh[544]: ICO2=2
+ forecast_predet.sh[546]: /bin/cp -p /work2/noaa/global/CI/HERCULES/3077/gefs/fix/am/global_co2historicaldata_glob.txt /work/noaa/stmp/mterry/HERCULES/RUNDIRS/C48_S2SWA_gefs_c38dbcfd/gefs.2021032312/gefsefcs001.2021032312/fcst.259473/co2historicaldata_glob.txt
+ forecast_predet.sh[547]: /bin/cp -p /work2/noaa/global/CI/HERCULES/3077/gefs/fix/am/co2monthlycyc.txt /work/noaa/stmp/mterry/HERCULES/RUNDIRS/C48_S2SWA_gefs_c38dbcfd/gefs.2021032312/gefsefcs001.2021032312/fcst.259473/co2monthlycyc.txt
+ forecast_predet.sh[550]: local co2dir
+ forecast_predet.sh[551]: co2dir=fix_co2_proj
+ forecast_predet.sh[552]: [[ NO == \Y\E\S ]]
+ forecast_predet.sh[555]: ((  ICO2 > 0  ))
+ forecast_predet.sh[556]: local file
+ forecast_predet.sh[557]: for file in "${FIXgfs}/am/${co2dir}/global_co2historicaldata"*
++ forecast_predet.sh[558]: basename /work2/noaa/global/CI/HERCULES/3077/gefs/fix/am/fix_co2_proj/co2historicaldata_2009.txt
+ forecast_predet.sh[558]: /bin/cp -p /work2/noaa/global/CI/HERCULES/3077/gefs/fix/am/fix_co2_proj/global_co2historicaldata_2009.txt /work/noaa/stmp/mterry/HERCULES/RUNDIRS/C48_S2SWA_gefs_c38dbcfd/gefs.2021032312/gefsefcs001.2021032312/fcst.259473/co2historicaldata_2009.txt
+ forecast_predet.sh[557]: for file in "${FIXgfs}/am/${co2dir}/global_co2historicaldata"*
++ forecast_predet.sh[558]: basename /work2/noaa/global/CI/HERCULES/3077/gefs/fix/am/fix_co2_proj/co2historicaldata_2010.txt
+ forecast_predet.sh[558]: /bin/cp -p /work2/noaa/global/CI/HERCULES/3077/gefs/fix/am/fix_co2_proj/global_co2historicaldata_2010.txt /work/noaa/stmp/mterry/HERCULES/RUNDIRS/C48_S2SWA_gefs_c38dbcfd/gefs.2021032312/gefsefcs001.2021032312/fcst.259473/co2historicaldata_2010.txt
+ forecast_predet.sh[557]: for file in "${FIXgfs}/am/${co2dir}/global_co2historicaldata"*
++ forecast_predet.sh[558]: basename /work2/noaa/global/CI/HERCULES/3077/gefs/fix/am/fix_co2_proj/co2historicaldata_2011.txt
+ forecast_predet.sh[558]: /bin/cp -p /work2/noaa/global/CI/HERCULES/3077/gefs/fix/am/fix_co2_proj/global_co2historicaldata_2011.txt /work/noaa/stmp/mterry/HERCULES/RUNDIRS/C48_S2SWA_gefs_c38dbcfd/gefs.2021032312/gefsefcs001.2021032312/fcst.259473/co2historicaldata_2011.txt
+ forecast_predet.sh[557]: for file in "${FIXgfs}/am/${co2dir}/global_co2historicaldata"*
++ forecast_predet.sh[558]: basename /work2/noaa/global/CI/HERCULES/3077/gefs/fix/am/fix_co2_proj/co2historicaldata_2012.txt
+ forecast_predet.sh[558]: /bin/cp -p /work2/noaa/global/CI/HERCULES/3077/gefs/fix/am/fix_co2_proj/global_co2historicaldata_2012.txt /work/noaa/stmp/mterry/HERCULES/RUNDIRS/C48_S2SWA_gefs_c38dbcfd/gefs.2021032312/gefsefcs001.2021032312/fcst.259473/co2historicaldata_2012.txt
+ forecast_predet.sh[557]: for file in "${FIXgfs}/am/${co2dir}/global_co2historicaldata"*
++ forecast_predet.sh[558]: basename /work2/noaa/global/CI/HERCULES/3077/gefs/fix/am/fix_co2_proj/co2historicaldata_2013.txt
+ forecast_predet.sh[558]: /bin/cp -p /work2/noaa/global/CI/HERCULES/3077/gefs/fix/am/fix_co2_proj/global_co2historicaldata_2013.txt /work/noaa/stmp/mterry/HERCULES/RUNDIRS/C48_S2SWA_gefs_c38dbcfd/gefs.2021032312/gefsefcs001.2021032312/fcst.259473/co2historicaldata_2013.txt
+ forecast_predet.sh[557]: for file in "${FIXgfs}/am/${co2dir}/global_co2historicaldata"*
++ forecast_predet.sh[558]: basename /work2/noaa/global/CI/HERCULES/3077/gefs/fix/am/fix_co2_proj/co2historicaldata_2014.txt
+ forecast_predet.sh[558]: /bin/cp -p /work2/noaa/global/CI/HERCULES/3077/gefs/fix/am/fix_co2_proj/global_co2historicaldata_2014.txt /work/noaa/stmp/mterry/HERCULES/RUNDIRS/C48_S2SWA_gefs_c38dbcfd/gefs.2021032312/gefsefcs001.2021032312/fcst.259473/co2historicaldata_2014.txt
+ forecast_predet.sh[557]: for file in "${FIXgfs}/am/${co2dir}/global_co2historicaldata"*
++ forecast_predet.sh[558]: basename /work2/noaa/global/CI/HERCULES/3077/gefs/fix/am/fix_co2_proj/co2historicaldata_2015.txt
+ forecast_predet.sh[558]: /bin/cp -p /work2/noaa/global/CI/HERCULES/3077/gefs/fix/am/fix_co2_proj/global_co2historicaldata_2015.txt /work/noaa/stmp/mterry/HERCULES/RUNDIRS/C48_S2SWA_gefs_c38dbcfd/gefs.2021032312/gefsefcs001.2021032312/fcst.259473/co2historicaldata_2015.txt
+ forecast_predet.sh[557]: for file in "${FIXgfs}/am/${co2dir}/global_co2historicaldata"*
++ forecast_predet.sh[558]: basename /work2/noaa/global/CI/HERCULES/3077/gefs/fix/am/fix_co2_proj/co2historicaldata_2016.txt
+ forecast_predet.sh[558]: /bin/cp -p /work2/noaa/global/CI/HERCULES/3077/gefs/fix/am/fix_co2_proj/global_co2historicaldata_2016.txt /work/noaa/stmp/mterry/HERCULES/RUNDIRS/C48_S2SWA_gefs_c38dbcfd/gefs.2021032312/gefsefcs001.2021032312/fcst.259473/co2historicaldata_2016.txt
+ forecast_predet.sh[557]: for file in "${FIXgfs}/am/${co2dir}/global_co2historicaldata"*
++ forecast_predet.sh[558]: basename /work2/noaa/global/CI/HERCULES/3077/gefs/fix/am/fix_co2_proj/co2historicaldata_2017.txt
+ forecast_predet.sh[558]: /bin/cp -p /work2/noaa/global/CI/HERCULES/3077/gefs/fix/am/fix_co2_proj/global_co2historicaldata_2017.txt /work/noaa/stmp/mterry/HERCULES/RUNDIRS/C48_S2SWA_gefs_c38dbcfd/gefs.2021032312/gefsefcs001.2021032312/fcst.259473/co2historicaldata_2017.txt
+ forecast_predet.sh[557]: for file in "${FIXgfs}/am/${co2dir}/global_co2historicaldata"*
++ forecast_predet.sh[558]: basename /work2/noaa/global/CI/HERCULES/3077/gefs/fix/am/fix_co2_proj/co2historicaldata_2018.txt
+ forecast_predet.sh[558]: /bin/cp -p /work2/noaa/global/CI/HERCULES/3077/gefs/fix/am/fix_co2_proj/global_co2historicaldata_2018.txt /work/noaa/stmp/mterry/HERCULES/RUNDIRS/C48_S2SWA_gefs_c38dbcfd/gefs.2021032312/gefsefcs001.2021032312/fcst.259473/co2historicaldata_2018.txt
+ forecast_predet.sh[557]: for file in "${FIXgfs}/am/${co2dir}/global_co2historicaldata"*
++ forecast_predet.sh[558]: basename /work2/noaa/global/CI/HERCULES/3077/gefs/fix/am/fix_co2_proj/co2historicaldata_2019.txt
+ forecast_predet.sh[558]: /bin/cp -p /work2/noaa/global/CI/HERCULES/3077/gefs/fix/am/fix_co2_proj/global_co2historicaldata_2019.txt /work/noaa/stmp/mterry/HERCULES/RUNDIRS/C48_S2SWA_gefs_c38dbcfd/gefs.2021032312/gefsefcs001.2021032312/fcst.259473/co2historicaldata_2019.txt
+ forecast_predet.sh[557]: for file in "${FIXgfs}/am/${co2dir}/global_co2historicaldata"*
++ forecast_predet.sh[558]: basename /work2/noaa/global/CI/HERCULES/3077/gefs/fix/am/fix_co2_proj/co2historicaldata_2020.txt
+ forecast_predet.sh[558]: /bin/cp -p /work2/noaa/global/CI/HERCULES/3077/gefs/fix/am/fix_co2_proj/global_co2historicaldata_2020.txt /work/noaa/stmp/mterry/HERCULES/RUNDIRS/C48_S2SWA_gefs_c38dbcfd/gefs.2021032312/gefsefcs001.2021032312/fcst.259473/co2historicaldata_2020.txt
+ forecast_predet.sh[557]: for file in "${FIXgfs}/am/${co2dir}/global_co2historicaldata"*
++ forecast_predet.sh[558]: basename /work2/noaa/global/CI/HERCULES/3077/gefs/fix/am/fix_co2_proj/co2historicaldata_2021.txt
+ forecast_predet.sh[558]: /bin/cp -p /work2/noaa/global/CI/HERCULES/3077/gefs/fix/am/fix_co2_proj/global_co2historicaldata_2021.txt /work/noaa/stmp/mterry/HERCULES/RUNDIRS/C48_S2SWA_gefs_c38dbcfd/gefs.2021032312/gefsefcs001.2021032312/fcst.259473/co2historicaldata_2021.txt
+ forecast_predet.sh[557]: for file in "${FIXgfs}/am/${co2dir}/global_co2historicaldata"*
++ forecast_predet.sh[558]: basename /work2/noaa/global/CI/HERCULES/3077/gefs/fix/am/fix_co2_proj/co2historicaldata_2022.txt
+ forecast_predet.sh[558]: /bin/cp -p /work2/noaa/global/CI/HERCULES/3077/gefs/fix/am/fix_co2_proj/global_co2historicaldata_2022.txt /work/noaa/stmp/mterry/HERCULES/RUNDIRS/C48_S2SWA_gefs_c38dbcfd/gefs.2021032312/gefsefcs001.2021032312/fcst.259473/co2historicaldata_2022.txt
+ forecast_predet.sh[557]: for file in "${FIXgfs}/am/${co2dir}/global_co2historicaldata"*
++ forecast_predet.sh[558]: basename /work2/noaa/global/CI/HERCULES/3077/gefs/fix/am/fix_co2_proj/co2historicaldata_2023.txt
+ forecast_predet.sh[558]: /bin/cp -p /work2/noaa/global/CI/HERCULES/3077/gefs/fix/am/fix_co2_proj/global_co2historicaldata_2023.txt /work/noaa/stmp/mterry/HERCULES/RUNDIRS/C48_S2SWA_gefs_c38dbcfd/gefs.2021032312/gefsefcs001.2021032312/fcst.259473/co2historicaldata_2023.txt
+ forecast_predet.sh[557]: for file in "${FIXgfs}/am/${co2dir}/global_co2historicaldata"*
++ forecast_predet.sh[558]: basename /work2/noaa/global/CI/HERCULES/3077/gefs/fix/am/fix_co2_proj/co2historicaldata_2024.txt
+ forecast_predet.sh[558]: /bin/cp -p /work2/noaa/global/CI/HERCULES/3077/gefs/fix/am/fix_co2_proj/global_co2historicaldata_2024.txt /work/noaa/stmp/mterry/HERCULES/RUNDIRS/C48_S2SWA_gefs_c38dbcfd/gefs.2021032312/gefsefcs001.2021032312/fcst.259473/co2historicaldata_2024.txt
+ forecast_predet.sh[557]: for file in "${FIXgfs}/am/${co2dir}/global_co2historicaldata"*
++ forecast_predet.sh[558]: basename /work2/noaa/global/CI/HERCULES/3077/gefs/fix/am/fix_co2_proj/co2historicaldata_2025.txt
+ forecast_predet.sh[558]: /bin/cp -p /work2/noaa/global/CI/HERCULES/3077/gefs/fix/am/fix_co2_proj/global_co2historicaldata_2025.txt /work/noaa/stmp/mterry/HERCULES/RUNDIRS/C48_S2SWA_gefs_c38dbcfd/gefs.2021032312/gefsefcs001.2021032312/fcst.259473/co2historicaldata_2025.txt
+ forecast_predet.sh[563]: [[ .true. == \.\t\r\u\e\. ]]
+ forecast_predet.sh[564]: /bin/cp -p /work2/noaa/global/CI/HERCULES/3077/gefs/parm/post/params_grib2_tbl_new /work/noaa/stmp/mterry/HERCULES/RUNDIRS/C48_S2SWA_gefs_c38dbcfd/gefs.2021032312/gefsefcs001.2021032312/fcst.259473/params_grib2_tbl_new
+ forecast_predet.sh[565]: /bin/cp -p /work2/noaa/global/CI/HERCULES/3077/gefs/parm/ufs/post_itag_gfs /work/noaa/stmp/mterry/HERCULES/RUNDIRS/C48_S2SWA_gefs_c38dbcfd/gefs.2021032312/gefsefcs001.2021032312/fcst.259473/itag
+ forecast_predet.sh[567]: [[ gefs =~ gdas ]]
+ forecast_predet.sh[567]: [[ gefs =~ gfs ]]
+ forecast_predet.sh[570]: [[ gefs == \g\e\f\s ]]
+ forecast_predet.sh[570]: [[ NO == \N\O ]]
+ forecast_predet.sh[571]: /bin/cp -p /work2/noaa/global/CI/HERCULES/3077/gefs/parm/post/gefs/postxconfig-NT-gefs.txt /work/noaa/stmp/mterry/HERCULES/RUNDIRS/C48_S2SWA_gefs_c38dbcfd/gefs.2021032312/gefsefcs001.2021032312/fcst.259473/postxconfig-NT.txt
+ forecast_predet.sh[572]: /bin/cp -p /work2/noaa/global/CI/HERCULES/3077/gefs/parm/post/gefs/postxconfig-NT-gefs-f00.txt /work/noaa/stmp/mterry/HERCULES/RUNDIRS/C48_S2SWA_gefs_c38dbcfd/gefs.2021032312/gefsefcs001.2021032312/fcst.259473/postxconfig-NT_FH00.txt
+ exglobal_forecast.sh[109]: [[ .true. = .true. ]]
+ exglobal_forecast.sh[109]: CMEPS_predet
+ forecast_predet.sh[726]: echo 'SUB CMEPS_predet: CMEPS before run type determination'
SUB CMEPS_predet: CMEPS before run type determination
+ forecast_predet.sh[728]: [[ ! -d /work2/noaa/global/CI/HERCULES/3077/RUNTESTS/COMROOT/C48_S2SWA_gefs_c38dbcfd/gefs.20210323/12/mem001/model/med/restart ]]
+ forecast_predet.sh[730]: [[ ! -d /work/noaa/stmp/mterry/HERCULES/RUNDIRS/C48_S2SWA_gefs_c38dbcfd/gefs.2021032312/gefsefcs001.2021032312/restart/CMEPS_RESTART ]]
+ forecast_predet.sh[731]: /bin/ln -sf /work/noaa/stmp/mterry/HERCULES/RUNDIRS/C48_S2SWA_gefs_c38dbcfd/gefs.2021032312/gefsefcs001.2021032312/restart/CMEPS_RESTART /work/noaa/stmp/mterry/HERCULES/RUNDIRS/C48_S2SWA_gefs_c38dbcfd/gefs.2021032312/gefsefcs001.2021032312/fcst.259473/CMEPS_RESTART
+ exglobal_forecast.sh[110]: [[ .true. = .true. ]]
+ exglobal_forecast.sh[110]: MOM6_predet
+ forecast_predet.sh[683]: echo 'SUB MOM6_predet: MOM6 before run type determination'
SUB MOM6_predet: MOM6 before run type determination
+ forecast_predet.sh[685]: [[ ! -d /work2/noaa/global/CI/HERCULES/3077/RUNTESTS/COMROOT/C48_S2SWA_gefs_c38dbcfd/gefs.20210323/12/mem001/model/ocean/history ]]
+ forecast_predet.sh[686]: [[ ! -d /work2/noaa/global/CI/HERCULES/3077/RUNTESTS/COMROOT/C48_S2SWA_gefs_c38dbcfd/gefs.20210323/12/mem001/model/ocean/restart ]]
+ forecast_predet.sh[687]: [[ ! -d /work2/noaa/global/CI/HERCULES/3077/RUNTESTS/COMROOT/C48_S2SWA_gefs_c38dbcfd/gefs.20210323/12/mem001/model/ocean/input ]]
+ forecast_predet.sh[689]: [[ ! -d /work/noaa/stmp/mterry/HERCULES/RUNDIRS/C48_S2SWA_gefs_c38dbcfd/gefs.2021032312/gefsefcs001.2021032312/fcst.259473/MOM6_OUTPUT ]]
+ forecast_predet.sh[689]: mkdir -p /work/noaa/stmp/mterry/HERCULES/RUNDIRS/C48_S2SWA_gefs_c38dbcfd/gefs.2021032312/gefsefcs001.2021032312/fcst.259473/MOM6_OUTPUT
+ forecast_predet.sh[690]: [[ ! -d /work/noaa/stmp/mterry/HERCULES/RUNDIRS/C48_S2SWA_gefs_c38dbcfd/gefs.2021032312/gefsefcs001.2021032312/restart/MOM6_RESTART ]]
+ forecast_predet.sh[691]: /bin/ln -sf /work/noaa/stmp/mterry/HERCULES/RUNDIRS/C48_S2SWA_gefs_c38dbcfd/gefs.2021032312/gefsefcs001.2021032312/restart/MOM6_RESTART /work/noaa/stmp/mterry/HERCULES/RUNDIRS/C48_S2SWA_gefs_c38dbcfd/gefs.2021032312/gefsefcs001.2021032312/fcst.259473/MOM6_RESTART
++ forecast_predet.sh[695]: seq -s ' ' 48 6 120
+ forecast_predet.sh[695]: MOM6_OUTPUT_FH='48 54 60 66 72 78 84 90 96 102 108 114 120'
+ forecast_predet.sh[699]: local imem=1
+ forecast_predet.sh[700]: local base_seed=20210323120100
+ forecast_predet.sh[702]: [[ YES == \Y\E\S ]]
+ forecast_predet.sh[703]: ISEED_OCNSPPT=20210323120108,20210323120109,20210323120110,20210323120111,20210323120112
+ forecast_predet.sh[706]: [[ YES == \Y\E\S ]]
+ forecast_predet.sh[707]: ISEED_EPBL=20210323120113,20210323120114,20210323120115,20210323120116,20210323120117
+ forecast_predet.sh[711]: /bin/cp -p /work2/noaa/global/CI/HERCULES/3077/gefs/fix/mom6/500/MOM_override /work2/noaa/global/CI/HERCULES/3077/gefs/fix/mom6/500/hycom1_25.nc /work2/noaa/global/CI/HERCULES/3077/gefs/fix/mom6/500/layer_coord25.nc /work2/noaa/global/CI/HERCULES/3077/gefs/fix/mom6/500/ocean_hgrid.nc /work2/noaa/global/CI/HERCULES/3077/gefs/fix/mom6/500/ocean_mask.nc /work2/noaa/global/CI/HERCULES/3077/gefs/fix/mom6/500/ocean_mosaic.nc /work2/noaa/global/CI/HERCULES/3077/gefs/fix/mom6/500/ocean_topog.nc /work2/noaa/global/CI/HERCULES/3077/gefs/fix/mom6/500/oceanda_zgrid_25L.nc /work/noaa/stmp/mterry/HERCULES/RUNDIRS/C48_S2SWA_gefs_c38dbcfd/gefs.2021032312/gefsefcs001.2021032312/fcst.259473/INPUT/
+ forecast_predet.sh[714]: local spec_file
+ forecast_predet.sh[715]: spec_file=/work2/noaa/global/CI/HERCULES/3077/gefs/fix/cpl/aC48o500/grid_spec.nc
+ forecast_predet.sh[716]: [[ -s /work2/noaa/global/CI/HERCULES/3077/gefs/fix/cpl/aC48o500/grid_spec.nc ]]
+ forecast_predet.sh[717]: /bin/cp -p /work2/noaa/global/CI/HERCULES/3077/gefs/fix/cpl/aC48o500/grid_spec.nc /work/noaa/stmp/mterry/HERCULES/RUNDIRS/C48_S2SWA_gefs_c38dbcfd/gefs.2021032312/gefsefcs001.2021032312/fcst.259473/INPUT/
+ exglobal_forecast.sh[111]: [[ .true. = .true. ]]
+ exglobal_forecast.sh[111]: WW3_predet
+ forecast_predet.sh[583]: echo 'SUB WW3_predet: WW3 before run type determination'
SUB WW3_predet: WW3 before run type determination
+ forecast_predet.sh[585]: [[ ! -d /work2/noaa/global/CI/HERCULES/3077/RUNTESTS/COMROOT/C48_S2SWA_gefs_c38dbcfd/gefs.20210323/12/mem001/model/wave/history ]]
+ forecast_predet.sh[586]: [[ ! -d /work2/noaa/global/CI/HERCULES/3077/RUNTESTS/COMROOT/C48_S2SWA_gefs_c38dbcfd/gefs.20210323/12/mem001/model/wave/restart ]]
+ forecast_predet.sh[588]: [[ ! -d /work/noaa/stmp/mterry/HERCULES/RUNDIRS/C48_S2SWA_gefs_c38dbcfd/gefs.2021032312/gefsefcs001.2021032312/restart/WW3_RESTART ]]
+ forecast_predet.sh[593]: local ww3_grid
+ forecast_predet.sh[594]: [[ .false. == \.\t\r\u\e\. ]]
+ forecast_predet.sh[607]: /bin/cp -p /work2/noaa/global/CI/HERCULES/3077/RUNTESTS/COMROOT/C48_S2SWA_gefs_c38dbcfd/gefs.20210323/12/mem001/model/wave/prep/gefswave.mod_def.glo_500 /work/noaa/stmp/mterry/HERCULES/RUNDIRS/C48_S2SWA_gefs_c38dbcfd/gefs.2021032312/gefsefcs001.2021032312/fcst.259473/mod_def.ww3
+ forecast_predet.sh[611]: [[ CPL == \Y\E\S ]]
+ forecast_predet.sh[621]: [[ CPL == \Y\E\S ]]
+ forecast_predet.sh[633]: [[ mesh.glo_500.nc == \m\e\s\h\.\m\x\5\0\0\.\n\c ]]
+ forecast_predet.sh[636]: echo 'Wave is NOT on the same mesh as ocean'
Wave is NOT on the same mesh as ocean
+ forecast_predet.sh[637]: /bin/cp -p /work2/noaa/global/CI/HERCULES/3077/gefs/fix/wave/mesh.glo_500.nc /work/noaa/stmp/mterry/HERCULES/RUNDIRS/C48_S2SWA_gefs_c38dbcfd/gefs.2021032312/gefsefcs001.2021032312/fcst.259473/
+ forecast_predet.sh[640]: WAV_MOD_TAG=gefswave
+ forecast_predet.sh[641]: [[ NO == \Y\E\S ]]
+ exglobal_forecast.sh[112]: [[ .true. = .true. ]]
+ exglobal_forecast.sh[112]: CICE_predet
+ forecast_predet.sh[659]: echo 'SUB CICE_predet: CICE before run type determination'
SUB CICE_predet: CICE before run type determination
+ forecast_predet.sh[661]: [[ ! -d /work2/noaa/global/CI/HERCULES/3077/RUNTESTS/COMROOT/C48_S2SWA_gefs_c38dbcfd/gefs.20210323/12/mem001/model/ice/history ]]
+ forecast_predet.sh[662]: [[ ! -d /work2/noaa/global/CI/HERCULES/3077/RUNTESTS/COMROOT/C48_S2SWA_gefs_c38dbcfd/gefs.20210323/12/mem001/model/ice/restart ]]
+ forecast_predet.sh[663]: [[ ! -d /work2/noaa/global/CI/HERCULES/3077/RUNTESTS/COMROOT/C48_S2SWA_gefs_c38dbcfd/gefs.20210323/12/mem001/model/ice/input ]]
+ forecast_predet.sh[665]: [[ ! -d /work/noaa/stmp/mterry/HERCULES/RUNDIRS/C48_S2SWA_gefs_c38dbcfd/gefs.2021032312/gefsefcs001.2021032312/fcst.259473/CICE_OUTPUT ]]
+ forecast_predet.sh[665]: mkdir -p /work/noaa/stmp/mterry/HERCULES/RUNDIRS/C48_S2SWA_gefs_c38dbcfd/gefs.2021032312/gefsefcs001.2021032312/fcst.259473/CICE_OUTPUT
+ forecast_predet.sh[666]: [[ ! -d /work/noaa/stmp/mterry/HERCULES/RUNDIRS/C48_S2SWA_gefs_c38dbcfd/gefs.2021032312/gefsefcs001.2021032312/restart/CICE_RESTART ]]
+ forecast_predet.sh[667]: /bin/ln -sf /work/noaa/stmp/mterry/HERCULES/RUNDIRS/C48_S2SWA_gefs_c38dbcfd/gefs.2021032312/gefsefcs001.2021032312/restart/CICE_RESTART /work/noaa/stmp/mterry/HERCULES/RUNDIRS/C48_S2SWA_gefs_c38dbcfd/gefs.2021032312/gefsefcs001.2021032312/fcst.259473/CICE_RESTART
+ forecast_predet.sh[672]: mapfile -t CICE_OUTPUT_FH
++ forecast_predet.sh[672]: seq 48 6 120
+ forecast_predet.sh[675]: /bin/cp -p /work2/noaa/global/CI/HERCULES/3077/gefs/fix/cice/500/grid_cice_NEMS_mx500.nc /work/noaa/stmp/mterry/HERCULES/RUNDIRS/C48_S2SWA_gefs_c38dbcfd/gefs.2021032312/gefsefcs001.2021032312/fcst.259473/
+ forecast_predet.sh[676]: /bin/cp -p /work2/noaa/global/CI/HERCULES/3077/gefs/fix/cice/500/kmtu_cice_NEMS_mx500.nc /work/noaa/stmp/mterry/HERCULES/RUNDIRS/C48_S2SWA_gefs_c38dbcfd/gefs.2021032312/gefsefcs001.2021032312/fcst.259473/
+ forecast_predet.sh[677]: /bin/cp -p /work2/noaa/global/CI/HERCULES/3077/gefs/fix/cice/500/mesh.mx500.nc /work/noaa/stmp/mterry/HERCULES/RUNDIRS/C48_S2SWA_gefs_c38dbcfd/gefs.2021032312/gefsefcs001.2021032312/fcst.259473/
+ exglobal_forecast.sh[113]: [[ .true. = .true. ]]
+ exglobal_forecast.sh[113]: GOCART_predet
+ forecast_predet.sh[737]: echo 'SUB GOCART_predet: GOCART before run type determination'
SUB GOCART_predet: GOCART before run type determination
+ forecast_predet.sh[739]: [[ ! -d /work2/noaa/global/CI/HERCULES/3077/RUNTESTS/COMROOT/C48_S2SWA_gefs_c38dbcfd/gefs.20210323/12/mem001/model/chem/history ]]
+ forecast_predet.sh[742]: GOCART_MAX=120
+ exglobal_forecast.sh[114]: echo 'MAIN: Variables before determination of run type loaded'
MAIN: Variables before determination of run type loaded
+ exglobal_forecast.sh[116]: echo 'MAIN: Determining run type'
MAIN: Determining run type
+ exglobal_forecast.sh[117]: UFS_det
+ forecast_det.sh[6]: echo 'SUB UFS_det: Run type determination for UFS'
SUB UFS_det: Run type determination for UFS
+ forecast_det.sh[9]: [[ -f /work2/noaa/global/CI/HERCULES/3077/RUNTESTS/COMROOT/C48_S2SWA_gefs_c38dbcfd/gefs.20210323/06/mem001/model/atmos/restart/20210323.120000.coupler.res ]]
+ forecast_det.sh[14]: [[ .false. == \.\f\a\l\s\e\. ]]
+ forecast_det.sh[19]: [[ ! -f /work2/noaa/global/CI/HERCULES/3077/RUNTESTS/COMROOT/C48_S2SWA_gefs_c38dbcfd/gefs.20210323/12/mem001/model/atmos/input/gfs_ctrl.nc ]]
+ forecast_det.sh[25]: DOIAU=NO
+ forecast_det.sh[26]: IAU_OFFSET=0
+ forecast_det.sh[27]: model_start_date_current_cycle=2021032312
+ forecast_det.sh[34]: RERUN=NO
+ forecast_det.sh[37]: [[ gefs =~ gdas ]]
+ forecast_det.sh[37]: [[ gefs == \e\n\k\f\g\f\s ]]
+ forecast_det.sh[43]: local file_array nrestarts
+ forecast_det.sh[45]: mapfile -t file_array
++ forecast_det.sh[45]: find /work/noaa/stmp/mterry/HERCULES/RUNDIRS/C48_S2SWA_gefs_c38dbcfd/gefs.2021032312/gefsefcs001.2021032312/restart/FV3_RESTART -name '????????.??0000.coupler.res'
++ forecast_det.sh[45]: sort
+ forecast_det.sh[46]: nrestarts=4
+ forecast_det.sh[47]: ((  nrestarts == 0  ))
+ forecast_det.sh[53]: local ii filepath filename
+ forecast_det.sh[54]: local rdate seconds
+ forecast_det.sh[55]: local fv3_rst_ok cmeps_rst_ok mom6_rst_ok cice6_rst_ok ww3_rst_ok
+ forecast_det.sh[56]: (( ii=nrestarts-1 ))
+ forecast_det.sh[56]: (( ii>=0 ))
+ forecast_det.sh[58]: filepath=/work/noaa/stmp/mterry/HERCULES/RUNDIRS/C48_S2SWA_gefs_c38dbcfd/gefs.2021032312/gefsefcs001.2021032312/restart/FV3_RESTART/20210325.120000.coupler.res
++ forecast_det.sh[59]: basename /work/noaa/stmp/mterry/HERCULES/RUNDIRS/C48_S2SWA_gefs_c38dbcfd/gefs.2021032312/gefsefcs001.2021032312/restart/FV3_RESTART/20210325.120000.coupler.res
+ forecast_det.sh[59]: filename=20210325.120000.coupler.res
+ forecast_det.sh[60]: rdate=2021032512
+ forecast_det.sh[63]: fv3_rst_ok=YES
+ forecast_det.sh[64]: cmeps_rst_ok=YES
+ forecast_det.sh[65]: mom6_rst_ok=YES
+ forecast_det.sh[66]: cice6_rst_ok=YES
+ forecast_det.sh[67]: ww3_rst_ok=YES
+ forecast_det.sh[70]: [[ ! -f /work/noaa/stmp/mterry/HERCULES/RUNDIRS/C48_S2SWA_gefs_c38dbcfd/gefs.2021032312/gefsefcs001.2021032312/restart/FV3_RESTART/20210325.120000.coupler.res ]]
+ forecast_det.sh[76]: [[ .true. == \.\t\r\u\e\. ]]
++ forecast_det.sh[77]: to_seconds 120000
++ forecast_predet.sh[5]: local hhmmss hh mm ss seconds padded_seconds
++ forecast_predet.sh[6]: hhmmss=120000
++ forecast_predet.sh[7]: hh=12
++ forecast_predet.sh[8]: mm=00
++ forecast_predet.sh[9]: ss=00
++ forecast_predet.sh[10]: seconds=43200
+++ forecast_predet.sh[11]: printf %05d 43200
++ forecast_predet.sh[11]: padded_seconds=43200
++ forecast_predet.sh[12]: echo 43200
+ forecast_det.sh[77]: seconds=43200
+ forecast_det.sh[78]: [[ ! -f /work/noaa/stmp/mterry/HERCULES/RUNDIRS/C48_S2SWA_gefs_c38dbcfd/gefs.2021032312/gefsefcs001.2021032312/restart/CMEPS_RESTART/ufs.cpld.cpl.r.2021-03-25-43200.nc ]]
+ forecast_det.sh[81]: [[ ! -f /work/noaa/stmp/mterry/HERCULES/RUNDIRS/C48_S2SWA_gefs_c38dbcfd/gefs.2021032312/gefsefcs001.2021032312/restart/MOM6_RESTART/20210325.120000.MOM.res.nc ]]
+ forecast_det.sh[85]: MOM6_RESTART_SETTING=r
+ forecast_det.sh[86]: MOM6_INIT_FROM_Z=True
+ forecast_det.sh[87]: MOM6_WARMSTART_FILE=none
+ forecast_det.sh[88]: MOM6_INIT_UV=zero
+ forecast_det.sh[92]: [[ .true. == \.\t\r\u\e\. ]]
+ forecast_det.sh[93]: [[ ! -f /work/noaa/stmp/mterry/HERCULES/RUNDIRS/C48_S2SWA_gefs_c38dbcfd/gefs.2021032312/gefsefcs001.2021032312/restart/CICE_RESTART/cice_model.res.2021-03-25-43200.nc ]]
+ forecast_det.sh[99]: [[ .true. == \.\t\r\u\e\. ]]
+ forecast_det.sh[100]: [[ ! -f /work/noaa/stmp/mterry/HERCULES/RUNDIRS/C48_S2SWA_gefs_c38dbcfd/gefs.2021032312/gefsefcs001.2021032312/restart/WW3_RESTART/20210325.120000.restart.ww3 ]]
+ forecast_det.sh[106]: [[ YES == \Y\E\S ]]
+ forecast_det.sh[107]: [[ YES == \Y\E\S ]]
+ forecast_det.sh[108]: [[ YES == \Y\E\S ]]
+ forecast_det.sh[109]: [[ YES == \Y\E\S ]]
+ forecast_det.sh[110]: [[ YES == \Y\E\S ]]
+ forecast_det.sh[111]: RERUN=YES
+ forecast_det.sh[112]: RERUN_DATE=2021032512
+ forecast_det.sh[113]: warm_start=.true.
+ forecast_det.sh[114]: echo 'All restarts found for '\''2021032512'\'', RERUN='\''YES'\'', warm_start='\''.true.'\'''
All restarts found for '2021032512', RERUN='YES', warm_start='.true.'
+ forecast_det.sh[115]: break
+ exglobal_forecast.sh[118]: echo 'MAIN: run type determined'
MAIN: run type determined
+ exglobal_forecast.sh[120]: echo 'MAIN: Post-determination set up of run type'
MAIN: Post-determination set up of run type
+ exglobal_forecast.sh[121]: FV3_postdet
+ forecast_postdet.sh[6]: echo 'SUB FV3_postdet: Entering for RUN = gefs'
SUB FV3_postdet: Entering for RUN = gefs
+ forecast_postdet.sh[8]: echo 'warm_start = .true.'
warm_start = .true.
+ forecast_postdet.sh[9]: echo 'RERUN = YES'
RERUN = YES
+ forecast_postdet.sh[14]: [[ .true. == \.\f\a\l\s\e\. ]]
+ forecast_postdet.sh[27]: [[ .true. == \.\t\r\u\e\. ]]
+ forecast_postdet.sh[30]: local restart_date restart_dir
+ forecast_postdet.sh[31]: [[ YES == \Y\E\S ]]
+ forecast_postdet.sh[32]: restart_date=2021032512
+ forecast_postdet.sh[33]: restart_dir=/work/noaa/stmp/mterry/HERCULES/RUNDIRS/C48_S2SWA_gefs_c38dbcfd/gefs.2021032312/gefsefcs001.2021032312/restart/FV3_RESTART
+ forecast_postdet.sh[40]: local file_list
++ forecast_postdet.sh[41]: FV3_restarts
++ forecast_predet.sh[58]: local fv3_restart_files tile_files
++ forecast_predet.sh[59]: fv3_restart_files=(coupler.res fv_core.res.nc)
++ forecast_predet.sh[60]: tile_files=(fv_core.res fv_srf_wnd.res fv_tracer.res phy_data sfc_data)
++ forecast_predet.sh[61]: [[ YES == \Y\E\S ]]
++ forecast_predet.sh[62]: tile_files+=(ca_data)
++ forecast_predet.sh[64]: local nn tt
++ forecast_predet.sh[65]: (( nn = 1 ))
++ forecast_predet.sh[65]: (( nn <= ntiles ))
++ forecast_predet.sh[66]: for tt in "${tile_files[@]}"
++ forecast_predet.sh[67]: fv3_restart_files+=("${tt}.tile${nn}.nc")
++ forecast_predet.sh[66]: for tt in "${tile_files[@]}"
++ forecast_predet.sh[67]: fv3_restart_files+=("${tt}.tile${nn}.nc")
++ forecast_predet.sh[66]: for tt in "${tile_files[@]}"
++ forecast_predet.sh[67]: fv3_restart_files+=("${tt}.tile${nn}.nc")
++ forecast_predet.sh[66]: for tt in "${tile_files[@]}"
++ forecast_predet.sh[67]: fv3_restart_files+=("${tt}.tile${nn}.nc")
++ forecast_predet.sh[66]: for tt in "${tile_files[@]}"
++ forecast_predet.sh[67]: fv3_restart_files+=("${tt}.tile${nn}.nc")
++ forecast_predet.sh[66]: for tt in "${tile_files[@]}"
++ forecast_predet.sh[67]: fv3_restart_files+=("${tt}.tile${nn}.nc")
++ forecast_predet.sh[65]: (( nn++  ))
++ forecast_predet.sh[65]: (( nn <= ntiles ))
++ forecast_predet.sh[66]: for tt in "${tile_files[@]}"
++ forecast_predet.sh[67]: fv3_restart_files+=("${tt}.tile${nn}.nc")
++ forecast_predet.sh[66]: for tt in "${tile_files[@]}"
++ forecast_predet.sh[67]: fv3_restart_files+=("${tt}.tile${nn}.nc")
++ forecast_predet.sh[66]: for tt in "${tile_files[@]}"
++ forecast_predet.sh[67]: fv3_restart_files+=("${tt}.tile${nn}.nc")
++ forecast_predet.sh[66]: for tt in "${tile_files[@]}"
++ forecast_predet.sh[67]: fv3_restart_files+=("${tt}.tile${nn}.nc")
++ forecast_predet.sh[66]: for tt in "${tile_files[@]}"
++ forecast_predet.sh[67]: fv3_restart_files+=("${tt}.tile${nn}.nc")
++ forecast_predet.sh[66]: for tt in "${tile_files[@]}"
++ forecast_predet.sh[67]: fv3_restart_files+=("${tt}.tile${nn}.nc")
++ forecast_predet.sh[65]: (( nn++  ))
++ forecast_predet.sh[65]: (( nn <= ntiles ))
++ forecast_predet.sh[66]: for tt in "${tile_files[@]}"
++ forecast_predet.sh[67]: fv3_restart_files+=("${tt}.tile${nn}.nc")
++ forecast_predet.sh[66]: for tt in "${tile_files[@]}"
++ forecast_predet.sh[67]: fv3_restart_files+=("${tt}.tile${nn}.nc")
++ forecast_predet.sh[66]: for tt in "${tile_files[@]}"
++ forecast_predet.sh[67]: fv3_restart_files+=("${tt}.tile${nn}.nc")
++ forecast_predet.sh[66]: for tt in "${tile_files[@]}"
++ forecast_predet.sh[67]: fv3_restart_files+=("${tt}.tile${nn}.nc")
++ forecast_predet.sh[66]: for tt in "${tile_files[@]}"
++ forecast_predet.sh[67]: fv3_restart_files+=("${tt}.tile${nn}.nc")
++ forecast_predet.sh[66]: for tt in "${tile_files[@]}"
++ forecast_predet.sh[67]: fv3_restart_files+=("${tt}.tile${nn}.nc")
++ forecast_predet.sh[65]: (( nn++  ))
++ forecast_predet.sh[65]: (( nn <= ntiles ))
++ forecast_predet.sh[66]: for tt in "${tile_files[@]}"
++ forecast_predet.sh[67]: fv3_restart_files+=("${tt}.tile${nn}.nc")
++ forecast_predet.sh[66]: for tt in "${tile_files[@]}"
++ forecast_predet.sh[67]: fv3_restart_files+=("${tt}.tile${nn}.nc")
++ forecast_predet.sh[66]: for tt in "${tile_files[@]}"
++ forecast_predet.sh[67]: fv3_restart_files+=("${tt}.tile${nn}.nc")
++ forecast_predet.sh[66]: for tt in "${tile_files[@]}"
++ forecast_predet.sh[67]: fv3_restart_files+=("${tt}.tile${nn}.nc")
++ forecast_predet.sh[66]: for tt in "${tile_files[@]}"
++ forecast_predet.sh[67]: fv3_restart_files+=("${tt}.tile${nn}.nc")
++ forecast_predet.sh[66]: for tt in "${tile_files[@]}"
++ forecast_predet.sh[67]: fv3_restart_files+=("${tt}.tile${nn}.nc")
++ forecast_predet.sh[65]: (( nn++  ))
++ forecast_predet.sh[65]: (( nn <= ntiles ))
++ forecast_predet.sh[66]: for tt in "${tile_files[@]}"
++ forecast_predet.sh[67]: fv3_restart_files+=("${tt}.tile${nn}.nc")
++ forecast_predet.sh[66]: for tt in "${tile_files[@]}"
++ forecast_predet.sh[67]: fv3_restart_files+=("${tt}.tile${nn}.nc")
++ forecast_predet.sh[66]: for tt in "${tile_files[@]}"
++ forecast_predet.sh[67]: fv3_restart_files+=("${tt}.tile${nn}.nc")
++ forecast_predet.sh[66]: for tt in "${tile_files[@]}"
++ forecast_predet.sh[67]: fv3_restart_files+=("${tt}.tile${nn}.nc")
++ forecast_predet.sh[66]: for tt in "${tile_files[@]}"
++ forecast_predet.sh[67]: fv3_restart_files+=("${tt}.tile${nn}.nc")
++ forecast_predet.sh[66]: for tt in "${tile_files[@]}"
++ forecast_predet.sh[67]: fv3_restart_files+=("${tt}.tile${nn}.nc")
++ forecast_predet.sh[65]: (( nn++  ))
++ forecast_predet.sh[65]: (( nn <= ntiles ))
++ forecast_predet.sh[66]: for tt in "${tile_files[@]}"
++ forecast_predet.sh[67]: fv3_restart_files+=("${tt}.tile${nn}.nc")
++ forecast_predet.sh[66]: for tt in "${tile_files[@]}"
++ forecast_predet.sh[67]: fv3_restart_files+=("${tt}.tile${nn}.nc")
++ forecast_predet.sh[66]: for tt in "${tile_files[@]}"
++ forecast_predet.sh[67]: fv3_restart_files+=("${tt}.tile${nn}.nc")
++ forecast_predet.sh[66]: for tt in "${tile_files[@]}"
++ forecast_predet.sh[67]: fv3_restart_files+=("${tt}.tile${nn}.nc")
++ forecast_predet.sh[66]: for tt in "${tile_files[@]}"
++ forecast_predet.sh[67]: fv3_restart_files+=("${tt}.tile${nn}.nc")
++ forecast_predet.sh[66]: for tt in "${tile_files[@]}"
++ forecast_predet.sh[67]: fv3_restart_files+=("${tt}.tile${nn}.nc")
++ forecast_predet.sh[65]: (( nn++  ))
++ forecast_predet.sh[65]: (( nn <= ntiles ))
++ forecast_predet.sh[71]: IFS=,
++ forecast_predet.sh[71]: echo 'coupler.res fv_core.res.nc fv_core.res.tile1.nc fv_srf_wnd.res.tile1.nc fv_tracer.res.tile1.nc phy_data.tile1.nc sfc_data.tile1.nc ca_data.tile1.nc fv_core.res.tile2.nc fv_srf_wnd.res.tile2.nc fv_tracer.res.tile2.nc phy_data.tile2.nc sfc_data.tile2.nc ca_data.tile2.nc fv_core.res.tile3.nc fv_srf_wnd.res.tile3.nc fv_tracer.res.tile3.nc phy_data.tile3.nc sfc_data.tile3.nc ca_data.tile3.nc fv_core.res.tile4.nc fv_srf_wnd.res.tile4.nc fv_tracer.res.tile4.nc phy_data.tile4.nc sfc_data.tile4.nc ca_data.tile4.nc fv_core.res.tile5.nc fv_srf_wnd.res.tile5.nc fv_tracer.res.tile5.nc phy_data.tile5.nc sfc_data.tile5.nc ca_data.tile5.nc fv_core.res.tile6.nc fv_srf_wnd.res.tile6.nc fv_tracer.res.tile6.nc phy_data.tile6.nc sfc_data.tile6.nc ca_data.tile6.nc'
+ forecast_postdet.sh[41]: file_list='coupler.res fv_core.res.nc fv_core.res.tile1.nc fv_srf_wnd.res.tile1.nc fv_tracer.res.tile1.nc phy_data.tile1.nc sfc_data.tile1.nc ca_data.tile1.nc fv_core.res.tile2.nc fv_srf_wnd.res.tile2.nc fv_tracer.res.tile2.nc phy_data.tile2.nc sfc_data.tile2.nc ca_data.tile2.nc fv_core.res.tile3.nc fv_srf_wnd.res.tile3.nc fv_tracer.res.tile3.nc phy_data.tile3.nc sfc_data.tile3.nc ca_data.tile3.nc fv_core.res.tile4.nc fv_srf_wnd.res.tile4.nc fv_tracer.res.tile4.nc phy_data.tile4.nc sfc_data.tile4.nc ca_data.tile4.nc fv_core.res.tile5.nc fv_srf_wnd.res.tile5.nc fv_tracer.res.tile5.nc phy_data.tile5.nc sfc_data.tile5.nc ca_data.tile5.nc fv_core.res.tile6.nc fv_srf_wnd.res.tile6.nc fv_tracer.res.tile6.nc phy_data.tile6.nc sfc_data.tile6.nc ca_data.tile6.nc'
+ forecast_postdet.sh[42]: echo 'Copying FV3 restarts for '\''RUN=gefs'\'' at '\''2021032512'\'' from '\''/work/noaa/stmp/mterry/HERCULES/RUNDIRS/C48_S2SWA_gefs_c38dbcfd/gefs.2021032312/gefsefcs001.2021032312/restart/FV3_RESTART'\'''
Copying FV3 restarts for 'RUN=gefs' at '2021032512' from '/work/noaa/stmp/mterry/HERCULES/RUNDIRS/C48_S2SWA_gefs_c38dbcfd/gefs.2021032312/gefsefcs001.2021032312/restart/FV3_RESTART'
+ forecast_postdet.sh[43]: local fv3_file restart_file
+ forecast_postdet.sh[44]: for fv3_file in ${file_list}
+ forecast_postdet.sh[45]: restart_file=20210325.120000.coupler.res
+ forecast_postdet.sh[46]: /bin/cp -p /work/noaa/stmp/mterry/HERCULES/RUNDIRS/C48_S2SWA_gefs_c38dbcfd/gefs.2021032312/gefsefcs001.2021032312/restart/FV3_RESTART/20210325.120000.coupler.res /work/noaa/stmp/mterry/HERCULES/RUNDIRS/C48_S2SWA_gefs_c38dbcfd/gefs.2021032312/gefsefcs001.2021032312/fcst.259473/INPUT/coupler.res
+ forecast_postdet.sh[44]: for fv3_file in ${file_list}
+ forecast_postdet.sh[45]: restart_file=20210325.120000.fv_core.res.nc
+ forecast_postdet.sh[46]: /bin/cp -p /work/noaa/stmp/mterry/HERCULES/RUNDIRS/C48_S2SWA_gefs_c38dbcfd/gefs.2021032312/gefsefcs001.2021032312/restart/FV3_RESTART/20210325.120000.fv_core.res.nc /work/noaa/stmp/mterry/HERCULES/RUNDIRS/C48_S2SWA_gefs_c38dbcfd/gefs.2021032312/gefsefcs001.2021032312/fcst.259473/INPUT/fv_core.res.nc
+ forecast_postdet.sh[44]: for fv3_file in ${file_list}
+ forecast_postdet.sh[45]: restart_file=20210325.120000.fv_core.res.tile1.nc
+ forecast_postdet.sh[46]: /bin/cp -p /work/noaa/stmp/mterry/HERCULES/RUNDIRS/C48_S2SWA_gefs_c38dbcfd/gefs.2021032312/gefsefcs001.2021032312/restart/FV3_RESTART/20210325.120000.fv_core.res.tile1.nc /work/noaa/stmp/mterry/HERCULES/RUNDIRS/C48_S2SWA_gefs_c38dbcfd/gefs.2021032312/gefsefcs001.2021032312/fcst.259473/INPUT/fv_core.res.tile1.nc
+ forecast_postdet.sh[44]: for fv3_file in ${file_list}
+ forecast_postdet.sh[45]: restart_file=20210325.120000.fv_srf_wnd.res.tile1.nc
+ forecast_postdet.sh[46]: /bin/cp -p /work/noaa/stmp/mterry/HERCULES/RUNDIRS/C48_S2SWA_gefs_c38dbcfd/gefs.2021032312/gefsefcs001.2021032312/restart/FV3_RESTART/20210325.120000.fv_srf_wnd.res.tile1.nc /work/noaa/stmp/mterry/HERCULES/RUNDIRS/C48_S2SWA_gefs_c38dbcfd/gefs.2021032312/gefsefcs001.2021032312/fcst.259473/INPUT/fv_srf_wnd.res.tile1.nc
+ forecast_postdet.sh[44]: for fv3_file in ${file_list}
+ forecast_postdet.sh[45]: restart_file=20210325.120000.fv_tracer.res.tile1.nc
+ forecast_postdet.sh[46]: /bin/cp -p /work/noaa/stmp/mterry/HERCULES/RUNDIRS/C48_S2SWA_gefs_c38dbcfd/gefs.2021032312/gefsefcs001.2021032312/restart/FV3_RESTART/20210325.120000.fv_tracer.res.tile1.nc /work/noaa/stmp/mterry/HERCULES/RUNDIRS/C48_S2SWA_gefs_c38dbcfd/gefs.2021032312/gefsefcs001.2021032312/fcst.259473/INPUT/fv_tracer.res.tile1.nc
+ forecast_postdet.sh[44]: for fv3_file in ${file_list}
+ forecast_postdet.sh[45]: restart_file=20210325.120000.phy_data.tile1.nc
+ forecast_postdet.sh[46]: /bin/cp -p /work/noaa/stmp/mterry/HERCULES/RUNDIRS/C48_S2SWA_gefs_c38dbcfd/gefs.2021032312/gefsefcs001.2021032312/restart/FV3_RESTART/20210325.120000.phy_data.tile1.nc /work/noaa/stmp/mterry/HERCULES/RUNDIRS/C48_S2SWA_gefs_c38dbcfd/gefs.2021032312/gefsefcs001.2021032312/fcst.259473/INPUT/phy_data.tile1.nc
+ forecast_postdet.sh[44]: for fv3_file in ${file_list}
+ forecast_postdet.sh[45]: restart_file=20210325.120000.sfc_data.tile1.nc
+ forecast_postdet.sh[46]: /bin/cp -p /work/noaa/stmp/mterry/HERCULES/RUNDIRS/C48_S2SWA_gefs_c38dbcfd/gefs.2021032312/gefsefcs001.2021032312/restart/FV3_RESTART/20210325.120000.sfc_data.tile1.nc /work/noaa/stmp/mterry/HERCULES/RUNDIRS/C48_S2SWA_gefs_c38dbcfd/gefs.2021032312/gefsefcs001.2021032312/fcst.259473/INPUT/sfc_data.tile1.nc
+ forecast_postdet.sh[44]: for fv3_file in ${file_list}
+ forecast_postdet.sh[45]: restart_file=20210325.120000.ca_data.tile1.nc
+ forecast_postdet.sh[46]: /bin/cp -p /work/noaa/stmp/mterry/HERCULES/RUNDIRS/C48_S2SWA_gefs_c38dbcfd/gefs.2021032312/gefsefcs001.2021032312/restart/FV3_RESTART/20210325.120000.ca_data.tile1.nc /work/noaa/stmp/mterry/HERCULES/RUNDIRS/C48_S2SWA_gefs_c38dbcfd/gefs.2021032312/gefsefcs001.2021032312/fcst.259473/INPUT/ca_data.tile1.nc
+ forecast_postdet.sh[44]: for fv3_file in ${file_list}
+ forecast_postdet.sh[45]: restart_file=20210325.120000.fv_core.res.tile2.nc
+ forecast_postdet.sh[46]: /bin/cp -p /work/noaa/stmp/mterry/HERCULES/RUNDIRS/C48_S2SWA_gefs_c38dbcfd/gefs.2021032312/gefsefcs001.2021032312/restart/FV3_RESTART/20210325.120000.fv_core.res.tile2.nc /work/noaa/stmp/mterry/HERCULES/RUNDIRS/C48_S2SWA_gefs_c38dbcfd/gefs.2021032312/gefsefcs001.2021032312/fcst.259473/INPUT/fv_core.res.tile2.nc
+ forecast_postdet.sh[44]: for fv3_file in ${file_list}
+ forecast_postdet.sh[45]: restart_file=20210325.120000.fv_srf_wnd.res.tile2.nc
+ forecast_postdet.sh[46]: /bin/cp -p /work/noaa/stmp/mterry/HERCULES/RUNDIRS/C48_S2SWA_gefs_c38dbcfd/gefs.2021032312/gefsefcs001.2021032312/restart/FV3_RESTART/20210325.120000.fv_srf_wnd.res.tile2.nc /work/noaa/stmp/mterry/HERCULES/RUNDIRS/C48_S2SWA_gefs_c38dbcfd/gefs.2021032312/gefsefcs001.2021032312/fcst.259473/INPUT/fv_srf_wnd.res.tile2.nc
+ forecast_postdet.sh[44]: for fv3_file in ${file_list}
+ forecast_postdet.sh[45]: restart_file=20210325.120000.fv_tracer.res.tile2.nc
+ forecast_postdet.sh[46]: /bin/cp -p /work/noaa/stmp/mterry/HERCULES/RUNDIRS/C48_S2SWA_gefs_c38dbcfd/gefs.2021032312/gefsefcs001.2021032312/restart/FV3_RESTART/20210325.120000.fv_tracer.res.tile2.nc /work/noaa/stmp/mterry/HERCULES/RUNDIRS/C48_S2SWA_gefs_c38dbcfd/gefs.2021032312/gefsefcs001.2021032312/fcst.259473/INPUT/fv_tracer.res.tile2.nc
+ forecast_postdet.sh[44]: for fv3_file in ${file_list}
+ forecast_postdet.sh[45]: restart_file=20210325.120000.phy_data.tile2.nc
+ forecast_postdet.sh[46]: /bin/cp -p /work/noaa/stmp/mterry/HERCULES/RUNDIRS/C48_S2SWA_gefs_c38dbcfd/gefs.2021032312/gefsefcs001.2021032312/restart/FV3_RESTART/20210325.120000.phy_data.tile2.nc /work/noaa/stmp/mterry/HERCULES/RUNDIRS/C48_S2SWA_gefs_c38dbcfd/gefs.2021032312/gefsefcs001.2021032312/fcst.259473/INPUT/phy_data.tile2.nc
+ forecast_postdet.sh[44]: for fv3_file in ${file_list}
+ forecast_postdet.sh[45]: restart_file=20210325.120000.sfc_data.tile2.nc
+ forecast_postdet.sh[46]: /bin/cp -p /work/noaa/stmp/mterry/HERCULES/RUNDIRS/C48_S2SWA_gefs_c38dbcfd/gefs.2021032312/gefsefcs001.2021032312/restart/FV3_RESTART/20210325.120000.sfc_data.tile2.nc /work/noaa/stmp/mterry/HERCULES/RUNDIRS/C48_S2SWA_gefs_c38dbcfd/gefs.2021032312/gefsefcs001.2021032312/fcst.259473/INPUT/sfc_data.tile2.nc
+ forecast_postdet.sh[44]: for fv3_file in ${file_list}
+ forecast_postdet.sh[45]: restart_file=20210325.120000.ca_data.tile2.nc
+ forecast_postdet.sh[46]: /bin/cp -p /work/noaa/stmp/mterry/HERCULES/RUNDIRS/C48_S2SWA_gefs_c38dbcfd/gefs.2021032312/gefsefcs001.2021032312/restart/FV3_RESTART/20210325.120000.ca_data.tile2.nc /work/noaa/stmp/mterry/HERCULES/RUNDIRS/C48_S2SWA_gefs_c38dbcfd/gefs.2021032312/gefsefcs001.2021032312/fcst.259473/INPUT/ca_data.tile2.nc
+ forecast_postdet.sh[44]: for fv3_file in ${file_list}
+ forecast_postdet.sh[45]: restart_file=20210325.120000.fv_core.res.tile3.nc
+ forecast_postdet.sh[46]: /bin/cp -p /work/noaa/stmp/mterry/HERCULES/RUNDIRS/C48_S2SWA_gefs_c38dbcfd/gefs.2021032312/gefsefcs001.2021032312/restart/FV3_RESTART/20210325.120000.fv_core.res.tile3.nc /work/noaa/stmp/mterry/HERCULES/RUNDIRS/C48_S2SWA_gefs_c38dbcfd/gefs.2021032312/gefsefcs001.2021032312/fcst.259473/INPUT/fv_core.res.tile3.nc
+ forecast_postdet.sh[44]: for fv3_file in ${file_list}
+ forecast_postdet.sh[45]: restart_file=20210325.120000.fv_srf_wnd.res.tile3.nc
+ forecast_postdet.sh[46]: /bin/cp -p /work/noaa/stmp/mterry/HERCULES/RUNDIRS/C48_S2SWA_gefs_c38dbcfd/gefs.2021032312/gefsefcs001.2021032312/restart/FV3_RESTART/20210325.120000.fv_srf_wnd.res.tile3.nc /work/noaa/stmp/mterry/HERCULES/RUNDIRS/C48_S2SWA_gefs_c38dbcfd/gefs.2021032312/gefsefcs001.2021032312/fcst.259473/INPUT/fv_srf_wnd.res.tile3.nc
+ forecast_postdet.sh[44]: for fv3_file in ${file_list}
+ forecast_postdet.sh[45]: restart_file=20210325.120000.fv_tracer.res.tile3.nc
+ forecast_postdet.sh[46]: /bin/cp -p /work/noaa/stmp/mterry/HERCULES/RUNDIRS/C48_S2SWA_gefs_c38dbcfd/gefs.2021032312/gefsefcs001.2021032312/restart/FV3_RESTART/20210325.120000.fv_tracer.res.tile3.nc /work/noaa/stmp/mterry/HERCULES/RUNDIRS/C48_S2SWA_gefs_c38dbcfd/gefs.2021032312/gefsefcs001.2021032312/fcst.259473/INPUT/fv_tracer.res.tile3.nc
+ forecast_postdet.sh[44]: for fv3_file in ${file_list}
+ forecast_postdet.sh[45]: restart_file=20210325.120000.phy_data.tile3.nc
+ forecast_postdet.sh[46]: /bin/cp -p /work/noaa/stmp/mterry/HERCULES/RUNDIRS/C48_S2SWA_gefs_c38dbcfd/gefs.2021032312/gefsefcs001.2021032312/restart/FV3_RESTART/20210325.120000.phy_data.tile3.nc /work/noaa/stmp/mterry/HERCULES/RUNDIRS/C48_S2SWA_gefs_c38dbcfd/gefs.2021032312/gefsefcs001.2021032312/fcst.259473/INPUT/phy_data.tile3.nc
+ forecast_postdet.sh[44]: for fv3_file in ${file_list}
+ forecast_postdet.sh[45]: restart_file=20210325.120000.sfc_data.tile3.nc
+ forecast_postdet.sh[46]: /bin/cp -p /work/noaa/stmp/mterry/HERCULES/RUNDIRS/C48_S2SWA_gefs_c38dbcfd/gefs.2021032312/gefsefcs001.2021032312/restart/FV3_RESTART/20210325.120000.sfc_data.tile3.nc /work/noaa/stmp/mterry/HERCULES/RUNDIRS/C48_S2SWA_gefs_c38dbcfd/gefs.2021032312/gefsefcs001.2021032312/fcst.259473/INPUT/sfc_data.tile3.nc
+ forecast_postdet.sh[44]: for fv3_file in ${file_list}
+ forecast_postdet.sh[45]: restart_file=20210325.120000.ca_data.tile3.nc
+ forecast_postdet.sh[46]: /bin/cp -p /work/noaa/stmp/mterry/HERCULES/RUNDIRS/C48_S2SWA_gefs_c38dbcfd/gefs.2021032312/gefsefcs001.2021032312/restart/FV3_RESTART/20210325.120000.ca_data.tile3.nc /work/noaa/stmp/mterry/HERCULES/RUNDIRS/C48_S2SWA_gefs_c38dbcfd/gefs.2021032312/gefsefcs001.2021032312/fcst.259473/INPUT/ca_data.tile3.nc
+ forecast_postdet.sh[44]: for fv3_file in ${file_list}
+ forecast_postdet.sh[45]: restart_file=20210325.120000.fv_core.res.tile4.nc
+ forecast_postdet.sh[46]: /bin/cp -p /work/noaa/stmp/mterry/HERCULES/RUNDIRS/C48_S2SWA_gefs_c38dbcfd/gefs.2021032312/gefsefcs001.2021032312/restart/FV3_RESTART/20210325.120000.fv_core.res.tile4.nc /work/noaa/stmp/mterry/HERCULES/RUNDIRS/C48_S2SWA_gefs_c38dbcfd/gefs.2021032312/gefsefcs001.2021032312/fcst.259473/INPUT/fv_core.res.tile4.nc
+ forecast_postdet.sh[44]: for fv3_file in ${file_list}
+ forecast_postdet.sh[45]: restart_file=20210325.120000.fv_srf_wnd.res.tile4.nc
+ forecast_postdet.sh[46]: /bin/cp -p /work/noaa/stmp/mterry/HERCULES/RUNDIRS/C48_S2SWA_gefs_c38dbcfd/gefs.2021032312/gefsefcs001.2021032312/restart/FV3_RESTART/20210325.120000.fv_srf_wnd.res.tile4.nc /work/noaa/stmp/mterry/HERCULES/RUNDIRS/C48_S2SWA_gefs_c38dbcfd/gefs.2021032312/gefsefcs001.2021032312/fcst.259473/INPUT/fv_srf_wnd.res.tile4.nc
+ forecast_postdet.sh[44]: for fv3_file in ${file_list}
+ forecast_postdet.sh[45]: restart_file=20210325.120000.fv_tracer.res.tile4.nc
+ forecast_postdet.sh[46]: /bin/cp -p /work/noaa/stmp/mterry/HERCULES/RUNDIRS/C48_S2SWA_gefs_c38dbcfd/gefs.2021032312/gefsefcs001.2021032312/restart/FV3_RESTART/20210325.120000.fv_tracer.res.tile4.nc /work/noaa/stmp/mterry/HERCULES/RUNDIRS/C48_S2SWA_gefs_c38dbcfd/gefs.2021032312/gefsefcs001.2021032312/fcst.259473/INPUT/fv_tracer.res.tile4.nc
+ forecast_postdet.sh[44]: for fv3_file in ${file_list}
+ forecast_postdet.sh[45]: restart_file=20210325.120000.phy_data.tile4.nc
+ forecast_postdet.sh[46]: /bin/cp -p /work/noaa/stmp/mterry/HERCULES/RUNDIRS/C48_S2SWA_gefs_c38dbcfd/gefs.2021032312/gefsefcs001.2021032312/restart/FV3_RESTART/20210325.120000.phy_data.tile4.nc /work/noaa/stmp/mterry/HERCULES/RUNDIRS/C48_S2SWA_gefs_c38dbcfd/gefs.2021032312/gefsefcs001.2021032312/fcst.259473/INPUT/phy_data.tile4.nc
+ forecast_postdet.sh[44]: for fv3_file in ${file_list}
+ forecast_postdet.sh[45]: restart_file=20210325.120000.sfc_data.tile4.nc
+ forecast_postdet.sh[46]: /bin/cp -p /work/noaa/stmp/mterry/HERCULES/RUNDIRS/C48_S2SWA_gefs_c38dbcfd/gefs.2021032312/gefsefcs001.2021032312/restart/FV3_RESTART/20210325.120000.sfc_data.tile4.nc /work/noaa/stmp/mterry/HERCULES/RUNDIRS/C48_S2SWA_gefs_c38dbcfd/gefs.2021032312/gefsefcs001.2021032312/fcst.259473/INPUT/sfc_data.tile4.nc
+ forecast_postdet.sh[44]: for fv3_file in ${file_list}
+ forecast_postdet.sh[45]: restart_file=20210325.120000.ca_data.tile4.nc
+ forecast_postdet.sh[46]: /bin/cp -p /work/noaa/stmp/mterry/HERCULES/RUNDIRS/C48_S2SWA_gefs_c38dbcfd/gefs.2021032312/gefsefcs001.2021032312/restart/FV3_RESTART/20210325.120000.ca_data.tile4.nc /work/noaa/stmp/mterry/HERCULES/RUNDIRS/C48_S2SWA_gefs_c38dbcfd/gefs.2021032312/gefsefcs001.2021032312/fcst.259473/INPUT/ca_data.tile4.nc
+ forecast_postdet.sh[44]: for fv3_file in ${file_list}
+ forecast_postdet.sh[45]: restart_file=20210325.120000.fv_core.res.tile5.nc
+ forecast_postdet.sh[46]: /bin/cp -p /work/noaa/stmp/mterry/HERCULES/RUNDIRS/C48_S2SWA_gefs_c38dbcfd/gefs.2021032312/gefsefcs001.2021032312/restart/FV3_RESTART/20210325.120000.fv_core.res.tile5.nc /work/noaa/stmp/mterry/HERCULES/RUNDIRS/C48_S2SWA_gefs_c38dbcfd/gefs.2021032312/gefsefcs001.2021032312/fcst.259473/INPUT/fv_core.res.tile5.nc
+ forecast_postdet.sh[44]: for fv3_file in ${file_list}
+ forecast_postdet.sh[45]: restart_file=20210325.120000.fv_srf_wnd.res.tile5.nc
+ forecast_postdet.sh[46]: /bin/cp -p /work/noaa/stmp/mterry/HERCULES/RUNDIRS/C48_S2SWA_gefs_c38dbcfd/gefs.2021032312/gefsefcs001.2021032312/restart/FV3_RESTART/20210325.120000.fv_srf_wnd.res.tile5.nc /work/noaa/stmp/mterry/HERCULES/RUNDIRS/C48_S2SWA_gefs_c38dbcfd/gefs.2021032312/gefsefcs001.2021032312/fcst.259473/INPUT/fv_srf_wnd.res.tile5.nc
+ forecast_postdet.sh[44]: for fv3_file in ${file_list}
+ forecast_postdet.sh[45]: restart_file=20210325.120000.fv_tracer.res.tile5.nc
+ forecast_postdet.sh[46]: /bin/cp -p /work/noaa/stmp/mterry/HERCULES/RUNDIRS/C48_S2SWA_gefs_c38dbcfd/gefs.2021032312/gefsefcs001.2021032312/restart/FV3_RESTART/20210325.120000.fv_tracer.res.tile5.nc /work/noaa/stmp/mterry/HERCULES/RUNDIRS/C48_S2SWA_gefs_c38dbcfd/gefs.2021032312/gefsefcs001.2021032312/fcst.259473/INPUT/fv_tracer.res.tile5.nc
+ forecast_postdet.sh[44]: for fv3_file in ${file_list}
+ forecast_postdet.sh[45]: restart_file=20210325.120000.phy_data.tile5.nc
+ forecast_postdet.sh[46]: /bin/cp -p /work/noaa/stmp/mterry/HERCULES/RUNDIRS/C48_S2SWA_gefs_c38dbcfd/gefs.2021032312/gefsefcs001.2021032312/restart/FV3_RESTART/20210325.120000.phy_data.tile5.nc /work/noaa/stmp/mterry/HERCULES/RUNDIRS/C48_S2SWA_gefs_c38dbcfd/gefs.2021032312/gefsefcs001.2021032312/fcst.259473/INPUT/phy_data.tile5.nc
+ forecast_postdet.sh[44]: for fv3_file in ${file_list}
+ forecast_postdet.sh[45]: restart_file=20210325.120000.sfc_data.tile5.nc
+ forecast_postdet.sh[46]: /bin/cp -p /work/noaa/stmp/mterry/HERCULES/RUNDIRS/C48_S2SWA_gefs_c38dbcfd/gefs.2021032312/gefsefcs001.2021032312/restart/FV3_RESTART/20210325.120000.sfc_data.tile5.nc /work/noaa/stmp/mterry/HERCULES/RUNDIRS/C48_S2SWA_gefs_c38dbcfd/gefs.2021032312/gefsefcs001.2021032312/fcst.259473/INPUT/sfc_data.tile5.nc
+ forecast_postdet.sh[44]: for fv3_file in ${file_list}
+ forecast_postdet.sh[45]: restart_file=20210325.120000.ca_data.tile5.nc
+ forecast_postdet.sh[46]: /bin/cp -p /work/noaa/stmp/mterry/HERCULES/RUNDIRS/C48_S2SWA_gefs_c38dbcfd/gefs.2021032312/gefsefcs001.2021032312/restart/FV3_RESTART/20210325.120000.ca_data.tile5.nc /work/noaa/stmp/mterry/HERCULES/RUNDIRS/C48_S2SWA_gefs_c38dbcfd/gefs.2021032312/gefsefcs001.2021032312/fcst.259473/INPUT/ca_data.tile5.nc
+ forecast_postdet.sh[44]: for fv3_file in ${file_list}
+ forecast_postdet.sh[45]: restart_file=20210325.120000.fv_core.res.tile6.nc
+ forecast_postdet.sh[46]: /bin/cp -p /work/noaa/stmp/mterry/HERCULES/RUNDIRS/C48_S2SWA_gefs_c38dbcfd/gefs.2021032312/gefsefcs001.2021032312/restart/FV3_RESTART/20210325.120000.fv_core.res.tile6.nc /work/noaa/stmp/mterry/HERCULES/RUNDIRS/C48_S2SWA_gefs_c38dbcfd/gefs.2021032312/gefsefcs001.2021032312/fcst.259473/INPUT/fv_core.res.tile6.nc
+ forecast_postdet.sh[44]: for fv3_file in ${file_list}
+ forecast_postdet.sh[45]: restart_file=20210325.120000.fv_srf_wnd.res.tile6.nc
+ forecast_postdet.sh[46]: /bin/cp -p /work/noaa/stmp/mterry/HERCULES/RUNDIRS/C48_S2SWA_gefs_c38dbcfd/gefs.2021032312/gefsefcs001.2021032312/restart/FV3_RESTART/20210325.120000.fv_srf_wnd.res.tile6.nc /work/noaa/stmp/mterry/HERCULES/RUNDIRS/C48_S2SWA_gefs_c38dbcfd/gefs.2021032312/gefsefcs001.2021032312/fcst.259473/INPUT/fv_srf_wnd.res.tile6.nc
+ forecast_postdet.sh[44]: for fv3_file in ${file_list}
+ forecast_postdet.sh[45]: restart_file=20210325.120000.fv_tracer.res.tile6.nc
+ forecast_postdet.sh[46]: /bin/cp -p /work/noaa/stmp/mterry/HERCULES/RUNDIRS/C48_S2SWA_gefs_c38dbcfd/gefs.2021032312/gefsefcs001.2021032312/restart/FV3_RESTART/20210325.120000.fv_tracer.res.tile6.nc /work/noaa/stmp/mterry/HERCULES/RUNDIRS/C48_S2SWA_gefs_c38dbcfd/gefs.2021032312/gefsefcs001.2021032312/fcst.259473/INPUT/fv_tracer.res.tile6.nc
+ forecast_postdet.sh[44]: for fv3_file in ${file_list}
+ forecast_postdet.sh[45]: restart_file=20210325.120000.phy_data.tile6.nc
+ forecast_postdet.sh[46]: /bin/cp -p /work/noaa/stmp/mterry/HERCULES/RUNDIRS/C48_S2SWA_gefs_c38dbcfd/gefs.2021032312/gefsefcs001.2021032312/restart/FV3_RESTART/20210325.120000.phy_data.tile6.nc /work/noaa/stmp/mterry/HERCULES/RUNDIRS/C48_S2SWA_gefs_c38dbcfd/gefs.2021032312/gefsefcs001.2021032312/fcst.259473/INPUT/phy_data.tile6.nc
+ forecast_postdet.sh[44]: for fv3_file in ${file_list}
+ forecast_postdet.sh[45]: restart_file=20210325.120000.sfc_data.tile6.nc
+ forecast_postdet.sh[46]: /bin/cp -p /work/noaa/stmp/mterry/HERCULES/RUNDIRS/C48_S2SWA_gefs_c38dbcfd/gefs.2021032312/gefsefcs001.2021032312/restart/FV3_RESTART/20210325.120000.sfc_data.tile6.nc /work/noaa/stmp/mterry/HERCULES/RUNDIRS/C48_S2SWA_gefs_c38dbcfd/gefs.2021032312/gefsefcs001.2021032312/fcst.259473/INPUT/sfc_data.tile6.nc
+ forecast_postdet.sh[44]: for fv3_file in ${file_list}
+ forecast_postdet.sh[45]: restart_file=20210325.120000.ca_data.tile6.nc
+ forecast_postdet.sh[46]: /bin/cp -p /work/noaa/stmp/mterry/HERCULES/RUNDIRS/C48_S2SWA_gefs_c38dbcfd/gefs.2021032312/gefsefcs001.2021032312/restart/FV3_RESTART/20210325.120000.ca_data.tile6.nc /work/noaa/stmp/mterry/HERCULES/RUNDIRS/C48_S2SWA_gefs_c38dbcfd/gefs.2021032312/gefsefcs001.2021032312/fcst.259473/INPUT/ca_data.tile6.nc
+ forecast_postdet.sh[50]: [[ YES == \Y\E\S ]]
+ forecast_postdet.sh[52]: [[ YES == \Y\E\S ]]
+ forecast_postdet.sh[53]: stochini=.true.
++ forecast_postdet.sh[54]: stoch_restarts
++ forecast_predet.sh[76]: local stoch_restart_files
++ forecast_predet.sh[77]: stoch_restart_files=()
++ forecast_predet.sh[80]: [[ YES == \Y\E\S ]]
++ forecast_predet.sh[81]: stoch_restart_files+=(atm_stoch.res.nc)
++ forecast_predet.sh[83]: [[ YES == \Y\E\S ]]
++ forecast_predet.sh[83]: [[ YES == \Y\E\S ]]
++ forecast_predet.sh[84]: stoch_restart_files+=(ocn_stoch.res.nc)
++ forecast_predet.sh[87]: IFS=,
++ forecast_predet.sh[87]: echo 'atm_stoch.res.nc ocn_stoch.res.nc'
+ forecast_postdet.sh[54]: file_list='atm_stoch.res.nc ocn_stoch.res.nc'
+ forecast_postdet.sh[55]: echo 'Copying stochastic restarts for '\''RUN=gefs'\'' at '\''2021032512'\'' from '\''/work/noaa/stmp/mterry/HERCULES/RUNDIRS/C48_S2SWA_gefs_c38dbcfd/gefs.2021032312/gefsefcs001.2021032312/restart/FV3_RESTART'\'''
Copying stochastic restarts for 'RUN=gefs' at '2021032512' from '/work/noaa/stmp/mterry/HERCULES/RUNDIRS/C48_S2SWA_gefs_c38dbcfd/gefs.2021032312/gefsefcs001.2021032312/restart/FV3_RESTART'
++ forecast_postdet.sh[56]: stoch_restarts
++ forecast_predet.sh[76]: local stoch_restart_files
++ forecast_predet.sh[77]: stoch_restart_files=()
++ forecast_predet.sh[80]: [[ YES == \Y\E\S ]]
++ forecast_predet.sh[81]: stoch_restart_files+=(atm_stoch.res.nc)
++ forecast_predet.sh[83]: [[ YES == \Y\E\S ]]
++ forecast_predet.sh[83]: [[ YES == \Y\E\S ]]
++ forecast_predet.sh[84]: stoch_restart_files+=(ocn_stoch.res.nc)
++ forecast_predet.sh[87]: IFS=,
++ forecast_predet.sh[87]: echo 'atm_stoch.res.nc ocn_stoch.res.nc'
+ forecast_postdet.sh[56]: for stoch_file in $(stoch_restarts)
+ forecast_postdet.sh[57]: restart_file=20210325.120000.atm_stoch.res.nc
+ forecast_postdet.sh[58]: /bin/cp -p /work/noaa/stmp/mterry/HERCULES/RUNDIRS/C48_S2SWA_gefs_c38dbcfd/gefs.2021032312/gefsefcs001.2021032312/restart/FV3_RESTART/20210325.120000.atm_stoch.res.nc /work/noaa/stmp/mterry/HERCULES/RUNDIRS/C48_S2SWA_gefs_c38dbcfd/gefs.2021032312/gefsefcs001.2021032312/fcst.259473/INPUT/atm_stoch.res.nc
+ forecast_postdet.sh[56]: for stoch_file in $(stoch_restarts)
+ forecast_postdet.sh[57]: restart_file=20210325.120000.ocn_stoch.res.nc
+ forecast_postdet.sh[58]: /bin/cp -p /work/noaa/stmp/mterry/HERCULES/RUNDIRS/C48_S2SWA_gefs_c38dbcfd/gefs.2021032312/gefsefcs001.2021032312/restart/FV3_RESTART/20210325.120000.ocn_stoch.res.nc /work/noaa/stmp/mterry/HERCULES/RUNDIRS/C48_S2SWA_gefs_c38dbcfd/gefs.2021032312/gefsefcs001.2021032312/fcst.259473/INPUT/ocn_stoch.res.nc
/bin/cp: cannot stat '/work/noaa/stmp/mterry/HERCULES/RUNDIRS/C48_S2SWA_gefs_c38dbcfd/gefs.2021032312/gefsefcs001.2021032312/restart/FV3_RESTART/20210325.120000.ocn_stoch.res.nc': No such file or directory
+ forecast_postdet.sh[59]: echo 'FATAL ERROR: Unable to copy stochastic restart, ABORT!'
FATAL ERROR: Unable to copy stochastic restart, ABORT!
+ forecast_postdet.sh[59]: exit 1
+ forecast_postdet.sh[1]: postamble exglobal_forecast.sh 1732654989 1
+ preamble.sh[70]: set +x
End exglobal_forecast.sh at 21:03:30 with error code 1 (time elapsed: 00:00:21)
+ JGLOBAL_FORECAST[1]: postamble JGLOBAL_FORECAST 1732654959 1
+ preamble.sh[70]: set +x
End JGLOBAL_FORECAST at 21:03:30 with error code 1 (time elapsed: 00:00:51)
+ fcst.sh[1]: postamble fcst.sh 1732654957 1
+ preamble.sh[70]: set +x
End fcst.sh at 21:03:30 with error code 1 (time elapsed: 00:00:53)
