+ . /work2/noaa/global/mterry/global-workflow_forked/ush/load_fv3gfs_modules.sh
++ [[ hxB == *x* ]]
++ set_x=YES
++ [[ NO == \N\O ]]
++ echo 'Loading modules quietly...'
Loading modules quietly...
++ set +x
Running "module reset". Resetting modules to system default. The following $MODULEPATH directories have been removed: /work2/noaa/global/mterry/global-workflow_forked/modulefiles

Currently Loaded Modules:
  1) contrib/0.1                      43) ip/4.3.0
  2) intel-oneapi-compilers/2023.1.0  44) grib-util/1.3.0
  3) stack-intel/2021.9.0             45) g2tmpl/1.13.0
  4) intel-oneapi-mpi/2021.9.0        46) gsi-ncdiag/1.1.2
  5) stack-intel-oneapi-mpi/2021.9.0  47) crtm-fix/2.4.0.1_emc
  6) intel-oneapi-mkl/2023.1.0        48) git-lfs/3.1.2
  7) zlib/1.2.13                      49) crtm/2.4.0.1
  8) pigz/2.7                         50) openblas/0.3.24
  9) zstd/1.5.2                       51) py-setuptools/63.4.3
 10) tar/1.34                         52) py-numpy/1.23.4
 11) gettext/0.21.1                   53) bufr/11.7.0
 12) libxcrypt/4.4.35                 54) gmake/4.2.1
 13) sqlite/3.43.2                    55) wgrib2/2.0.8
 14) util-linux-uuid/2.38.1           56) py-f90nml/1.4.3
 15) python/3.11.6                    57) py-cftime/1.0.3.4
 16) libjpeg/2.1.0                    58) py-netcdf4/1.5.8
 17) jasper/2.0.32                    59) libyaml/0.2.5
 18) libpng/1.6.37                    60) py-pyyaml/6.0
 19) openjpeg/2.3.1                   61) py-markupsafe/2.1.3
 20) eccodes/2.32.0                   62) py-jinja2/3.1.2
 21) fftw/3.3.10                      63) py-bottleneck/1.3.7
 22) nghttp2/1.57.0                   64) py-numexpr/2.8.4
 23) curl/8.4.0                       65) py-et-xmlfile/1.0.1
 24) proj/9.2.1                       66) py-openpyxl/3.1.2
 25) udunits/2.2.28                   67) py-pytz/2023.3
 26) cdo/2.2.0                        68) py-pyxlsb/1.0.10
 27) hdf5/1.14.0                      69) py-xlrd/2.0.1
 28) snappy/1.1.10                    70) py-xlsxwriter/3.1.7
 29) c-blosc/1.21.5                   71) py-xlwt/1.3.0
 30) netcdf-c/4.9.2                   72) py-pandas/1.5.3
 31) netcdf-fortran/4.6.1             73) py-six/1.16.0
 32) parallel-netcdf/1.12.2           74) py-python-dateutil/2.8.2
 33) parallelio/2.5.10                75) g2c/1.8.0
 34) esmf/8.6.0                       76) netcdf-cxx4/4.3.1
 35) antlr/2.7.7                      77) met/9.1.3
 36) gsl/2.7.1                        78) metplus/3.1.1
 37) nco/5.0.6                        79) py-packaging/23.1
 38) bacio/2.4.1                      80) py-xarray/2023.7.0
 39) w3emc/2.10.0                     81) prepobs/1.1.0
 40) prod_util/2.1.1                  82) fit2obs/1.1.7.1
 41) g2/3.4.5                         83) globus-cli/3.35.2
 42) sp/2.5.0                         84) module_base.hercules

 

++ [[ -d /work2/noaa/global/mterry/global-workflow_forked/sorc/wxflow/src ]]
++ PYTHONPATH=/apps/other/globus-cli-3.35.2:/work/noaa/epic/role-epic/spack-stack/hercules/spack-stack-1.6.0/envs/gsi-addon-dev-fms-2024.01/install/intel/2021.9.0/py-xarray-2023.7.0-x743hx4/lib/python3.11/site-packages:/work/noaa/epic/role-epic/spack-stack/hercules/spack-stack-1.6.0/envs/gsi-addon-dev-fms-2024.01/install/intel/2021.9.0/py-packaging-23.1-cvb54w6/lib/python3.11/site-packages:/work/noaa/epic/role-epic/spack-stack/hercules/spack-stack-1.6.0/envs/gsi-addon-dev-fms-2024.01/install/intel/2021.9.0/py-python-dateutil-2.8.2-crskgyy/lib/python3.11/site-packages:/work/noaa/epic/role-epic/spack-stack/hercules/spack-stack-1.6.0/envs/gsi-addon-dev-fms-2024.01/install/intel/2021.9.0/py-six-1.16.0-dtjcn7o/lib/python3.11/site-packages:/work/noaa/epic/role-epic/spack-stack/hercules/spack-stack-1.6.0/envs/gsi-addon-dev-fms-2024.01/install/intel/2021.9.0/py-pandas-1.5.3-7tjsvkw/lib/python3.11/site-packages:/work/noaa/epic/role-epic/spack-stack/hercules/spack-stack-1.6.0/envs/gsi-addon-dev-fms-2024.01/install/intel/2021.9.0/py-xlwt-1.3.0-ghvbw56/lib/python3.11/site-packages:/work/noaa/epic/role-epic/spack-stack/hercules/spack-stack-1.6.0/envs/gsi-addon-dev-fms-2024.01/install/intel/2021.9.0/py-xlsxwriter-3.1.7-rqogaok/lib/python3.11/site-packages:/work/noaa/epic/role-epic/spack-stack/hercules/spack-stack-1.6.0/envs/gsi-addon-dev-fms-2024.01/install/intel/2021.9.0/py-xlrd-2.0.1-g52jf7f/lib/python3.11/site-packages:/work/noaa/epic/role-epic/spack-stack/hercules/spack-stack-1.6.0/envs/gsi-addon-dev-fms-2024.01/install/intel/2021.9.0/py-pyxlsb-1.0.10-ow7w6ge/lib/python3.11/site-packages:/work/noaa/epic/role-epic/spack-stack/hercules/spack-stack-1.6.0/envs/gsi-addon-dev-fms-2024.01/install/intel/2021.9.0/py-pytz-2023.3-kmu3i3s/lib/python3.11/site-packages:/work/noaa/epic/role-epic/spack-stack/hercules/spack-stack-1.6.0/envs/gsi-addon-dev-fms-2024.01/install/intel/2021.9.0/py-openpyxl-3.1.2-vfourqe/lib/python3.11/site-packages:/work/noaa/epic/role-epic/spack-stack/hercules/spack-stack-1.6.0/envs/gsi-addon-dev-fms-2024.01/install/intel/2021.9.0/py-et-xmlfile-1.0.1-7wze7yq/lib/python3.11/site-packages:/work/noaa/epic/role-epic/spack-stack/hercules/spack-stack-1.6.0/envs/gsi-addon-dev-fms-2024.01/install/intel/2021.9.0/py-numexpr-2.8.4-nobvkrq/lib/python3.11/site-packages:/work/noaa/epic/role-epic/spack-stack/hercules/spack-stack-1.6.0/envs/gsi-addon-dev-fms-2024.01/install/intel/2021.9.0/py-bottleneck-1.3.7-ftw2r3a/lib/python3.11/site-packages:/work/noaa/epic/role-epic/spack-stack/hercules/spack-stack-1.6.0/envs/gsi-addon-dev-fms-2024.01/install/intel/2021.9.0/py-jinja2-3.1.2-eoja5pj/lib/python3.11/site-packages:/work/noaa/epic/role-epic/spack-stack/hercules/spack-stack-1.6.0/envs/gsi-addon-dev-fms-2024.01/install/intel/2021.9.0/py-markupsafe-2.1.3-v6xcnb7/lib/python3.11/site-packages:/work/noaa/epic/role-epic/spack-stack/hercules/spack-stack-1.6.0/envs/gsi-addon-dev-fms-2024.01/install/intel/2021.9.0/py-pyyaml-6.0-t2st4x2/lib/python3.11/site-packages:/work/noaa/epic/role-epic/spack-stack/hercules/spack-stack-1.6.0/envs/gsi-addon-dev-fms-2024.01/install/intel/2021.9.0/py-netcdf4-1.5.8-bgfhv5i/lib/python3.11/site-packages:/work/noaa/epic/role-epic/spack-stack/hercules/spack-stack-1.6.0/envs/gsi-addon-dev-fms-2024.01/install/intel/2021.9.0/py-cftime-1.0.3.4-ienmq3i/lib/python3.11/site-packages:/work/noaa/epic/role-epic/spack-stack/hercules/spack-stack-1.6.0/envs/gsi-addon-dev-fms-2024.01/install/intel/2021.9.0/py-f90nml-1.4.3-3ib7u6z/lib/python3.11/site-packages:/work/noaa/epic/role-epic/spack-stack/hercules/spack-stack-1.6.0/envs/gsi-addon-dev-fms-2024.01/install/intel/2021.9.0/bufr-11.7.0-7qdgt6m/lib64/python3.11/site-packages:/work/noaa/epic/role-epic/spack-stack/hercules/spack-stack-1.6.0/envs/gsi-addon-dev-fms-2024.01/install/intel/2021.9.0/bufr-11.7.0-7qdgt6m/lib/python3.11/site-packages:/work/noaa/epic/role-epic/spack-stack/hercules/spack-stack-1.6.0/envs/gsi-addon-dev-fms-2024.01/install/intel/2021.9.0/py-numpy-1.23.4-ftta6ne/lib/python3.11/site-packages:/work/noaa/epic/role-epic/spack-stack/hercules/spack-stack-1.6.0/envs/gsi-addon-dev-fms-2024.01/install/intel/2021.9.0/py-setuptools-63.4.3-5extjhr/lib/python3.11/site-packages:/work2/noaa/global/mterry/global-workflow_forked/sorc/wxflow/src:/work2/noaa/global/mterry/global-workflow_forked/sorc/wxflow/src
++ PYTHONPATH=/apps/other/globus-cli-3.35.2:/work/noaa/epic/role-epic/spack-stack/hercules/spack-stack-1.6.0/envs/gsi-addon-dev-fms-2024.01/install/intel/2021.9.0/py-xarray-2023.7.0-x743hx4/lib/python3.11/site-packages:/work/noaa/epic/role-epic/spack-stack/hercules/spack-stack-1.6.0/envs/gsi-addon-dev-fms-2024.01/install/intel/2021.9.0/py-packaging-23.1-cvb54w6/lib/python3.11/site-packages:/work/noaa/epic/role-epic/spack-stack/hercules/spack-stack-1.6.0/envs/gsi-addon-dev-fms-2024.01/install/intel/2021.9.0/py-python-dateutil-2.8.2-crskgyy/lib/python3.11/site-packages:/work/noaa/epic/role-epic/spack-stack/hercules/spack-stack-1.6.0/envs/gsi-addon-dev-fms-2024.01/install/intel/2021.9.0/py-six-1.16.0-dtjcn7o/lib/python3.11/site-packages:/work/noaa/epic/role-epic/spack-stack/hercules/spack-stack-1.6.0/envs/gsi-addon-dev-fms-2024.01/install/intel/2021.9.0/py-pandas-1.5.3-7tjsvkw/lib/python3.11/site-packages:/work/noaa/epic/role-epic/spack-stack/hercules/spack-stack-1.6.0/envs/gsi-addon-dev-fms-2024.01/install/intel/2021.9.0/py-xlwt-1.3.0-ghvbw56/lib/python3.11/site-packages:/work/noaa/epic/role-epic/spack-stack/hercules/spack-stack-1.6.0/envs/gsi-addon-dev-fms-2024.01/install/intel/2021.9.0/py-xlsxwriter-3.1.7-rqogaok/lib/python3.11/site-packages:/work/noaa/epic/role-epic/spack-stack/hercules/spack-stack-1.6.0/envs/gsi-addon-dev-fms-2024.01/install/intel/2021.9.0/py-xlrd-2.0.1-g52jf7f/lib/python3.11/site-packages:/work/noaa/epic/role-epic/spack-stack/hercules/spack-stack-1.6.0/envs/gsi-addon-dev-fms-2024.01/install/intel/2021.9.0/py-pyxlsb-1.0.10-ow7w6ge/lib/python3.11/site-packages:/work/noaa/epic/role-epic/spack-stack/hercules/spack-stack-1.6.0/envs/gsi-addon-dev-fms-2024.01/install/intel/2021.9.0/py-pytz-2023.3-kmu3i3s/lib/python3.11/site-packages:/work/noaa/epic/role-epic/spack-stack/hercules/spack-stack-1.6.0/envs/gsi-addon-dev-fms-2024.01/install/intel/2021.9.0/py-openpyxl-3.1.2-vfourqe/lib/python3.11/site-packages:/work/noaa/epic/role-epic/spack-stack/hercules/spack-stack-1.6.0/envs/gsi-addon-dev-fms-2024.01/install/intel/2021.9.0/py-et-xmlfile-1.0.1-7wze7yq/lib/python3.11/site-packages:/work/noaa/epic/role-epic/spack-stack/hercules/spack-stack-1.6.0/envs/gsi-addon-dev-fms-2024.01/install/intel/2021.9.0/py-numexpr-2.8.4-nobvkrq/lib/python3.11/site-packages:/work/noaa/epic/role-epic/spack-stack/hercules/spack-stack-1.6.0/envs/gsi-addon-dev-fms-2024.01/install/intel/2021.9.0/py-bottleneck-1.3.7-ftw2r3a/lib/python3.11/site-packages:/work/noaa/epic/role-epic/spack-stack/hercules/spack-stack-1.6.0/envs/gsi-addon-dev-fms-2024.01/install/intel/2021.9.0/py-jinja2-3.1.2-eoja5pj/lib/python3.11/site-packages:/work/noaa/epic/role-epic/spack-stack/hercules/spack-stack-1.6.0/envs/gsi-addon-dev-fms-2024.01/install/intel/2021.9.0/py-markupsafe-2.1.3-v6xcnb7/lib/python3.11/site-packages:/work/noaa/epic/role-epic/spack-stack/hercules/spack-stack-1.6.0/envs/gsi-addon-dev-fms-2024.01/install/intel/2021.9.0/py-pyyaml-6.0-t2st4x2/lib/python3.11/site-packages:/work/noaa/epic/role-epic/spack-stack/hercules/spack-stack-1.6.0/envs/gsi-addon-dev-fms-2024.01/install/intel/2021.9.0/py-netcdf4-1.5.8-bgfhv5i/lib/python3.11/site-packages:/work/noaa/epic/role-epic/spack-stack/hercules/spack-stack-1.6.0/envs/gsi-addon-dev-fms-2024.01/install/intel/2021.9.0/py-cftime-1.0.3.4-ienmq3i/lib/python3.11/site-packages:/work/noaa/epic/role-epic/spack-stack/hercules/spack-stack-1.6.0/envs/gsi-addon-dev-fms-2024.01/install/intel/2021.9.0/py-f90nml-1.4.3-3ib7u6z/lib/python3.11/site-packages:/work/noaa/epic/role-epic/spack-stack/hercules/spack-stack-1.6.0/envs/gsi-addon-dev-fms-2024.01/install/intel/2021.9.0/bufr-11.7.0-7qdgt6m/lib64/python3.11/site-packages:/work/noaa/epic/role-epic/spack-stack/hercules/spack-stack-1.6.0/envs/gsi-addon-dev-fms-2024.01/install/intel/2021.9.0/bufr-11.7.0-7qdgt6m/lib/python3.11/site-packages:/work/noaa/epic/role-epic/spack-stack/hercules/spack-stack-1.6.0/envs/gsi-addon-dev-fms-2024.01/install/intel/2021.9.0/py-numpy-1.23.4-ftta6ne/lib/python3.11/site-packages:/work/noaa/epic/role-epic/spack-stack/hercules/spack-stack-1.6.0/envs/gsi-addon-dev-fms-2024.01/install/intel/2021.9.0/py-setuptools-63.4.3-5extjhr/lib/python3.11/site-packages:/work2/noaa/global/mterry/global-workflow_forked/sorc/wxflow/src:/work2/noaa/global/mterry/global-workflow_forked/sorc/wxflow/src:/work2/noaa/global/mterry/global-workflow_forked/ush/python
++ export PYTHONPATH
++ ulimit -S -s 16384
++ unset ulimit_s
+ status=0
+ ((  status != 0  ))
+ export job=atmos_ensstat
+ job=atmos_ensstat
+ IFS=', '
+ read -r -a fhr_list
+ export FORECAST_HOUR jobid
+ for FORECAST_HOUR in "${fhr_list[@]}"
++ printf %03d 0
+ fhr3=000
+ jobid=atmos_ensstat_f000.230126
+ /work2/noaa/global/mterry/global-workflow_forked/jobs/JGLOBAL_ATMOS_ENSSTAT
Begin /work2/noaa/global/mterry/global-workflow_forked/jobs/JGLOBAL_ATMOS_ENSSTAT at Tue Jul 29 02:24:19 UTC 2025
++ jjob_header.sh[46]OPTIND=1
++ jjob_header.sh[47]getopts c:e: option
++ jjob_header.sh[48]case "${option}" in
++ jjob_header.sh[50]env_job=atmos_ensstat
++ jjob_header.sh[47]getopts c:e: option
++ jjob_header.sh[48]case "${option}" in
++ jjob_header.sh[49]read -ra configs
++ jjob_header.sh[47]getopts c:e: option
++ jjob_header.sh[61]shift 4
++ jjob_header.sh[63][[ -z atmos_ensstat ]]
++ jjob_header.sh[71]export DATA=/work2/noaa/stmp/mterry/HERCULES/RUNDIRS/C48_S2SWA_gefs/gefs.2021032312/atmos_ensstat_f000.230126
++ jjob_header.sh[71]DATA=/work2/noaa/stmp/mterry/HERCULES/RUNDIRS/C48_S2SWA_gefs/gefs.2021032312/atmos_ensstat_f000.230126
++ jjob_header.sh[72][[ YES == \Y\E\S ]]
++ jjob_header.sh[73]rm -rf /work2/noaa/stmp/mterry/HERCULES/RUNDIRS/C48_S2SWA_gefs/gefs.2021032312/atmos_ensstat_f000.230126
++ jjob_header.sh[75]mkdir -p /work2/noaa/stmp/mterry/HERCULES/RUNDIRS/C48_S2SWA_gefs/gefs.2021032312/atmos_ensstat_f000.230126
++ jjob_header.sh[76]cd /work2/noaa/stmp/mterry/HERCULES/RUNDIRS/C48_S2SWA_gefs/gefs.2021032312/atmos_ensstat_f000.230126
++ jjob_header.sh[85]export pid=230583
++ jjob_header.sh[85]pid=230583
++ jjob_header.sh[86]export pgmout=OUTPUT.230583
++ jjob_header.sh[86]pgmout=OUTPUT.230583
++ jjob_header.sh[87]export pgmerr=errfile
++ jjob_header.sh[87]pgmerr=errfile
++ jjob_header.sh[90]export pgm=
++ jjob_header.sh[90]pgm=
++ jjob_header.sh[96]export cycle=t12z
++ jjob_header.sh[96]cycle=t12z
++ jjob_header.sh[97]setpdy.sh
+ setpdy.sh[20]'[' /work2/noaa/stmp/mterry/HERCULES/RUNDIRS/C48_S2SWA_gefs/gefs.2021032312/atmos_ensstat_f000.230126 == /home/mterry ']'
+ setpdy.sh[25][[ ! t12z =~ t??z ]]
+ setpdy.sh[30]case $# in
+ setpdy.sh[31]dates_before_PDY=7
+ setpdy.sh[32]dates_after_PDY=7
+ setpdy.sh[50]COMDATEROOT=/work2/noaa/global/mterry/RUNTESTS/COMROOT
+ setpdy.sh[53]'[' -z 20210323 ']'
+ setpdy.sh[57]sed 's/[0-9]\{8\}/20210323/' /work2/noaa/global/mterry/RUNTESTS/COMROOT/date/t12z
sed: can't read /work2/noaa/global/mterry/RUNTESTS/COMROOT/date/t12z: No such file or directory
++ jjob_header.sh[97]true
++ jjob_header.sh[98]source ./PDY
/work2/noaa/global/mterry/global-workflow_forked/ush/jjob_header.sh: line 98: ./PDY: No such file or directory
++ jjob_header.sh[98]true
++ jjob_header.sh[104]export EXPDIR=/work2/noaa/global/mterry/RUNTESTS/EXPDIR/C48_S2SWA_gefs
++ jjob_header.sh[104]EXPDIR=/work2/noaa/global/mterry/RUNTESTS/EXPDIR/C48_S2SWA_gefs
++ jjob_header.sh[105]for config in "${configs[@]:-''}"
++ jjob_header.sh[106]source /work2/noaa/global/mterry/RUNTESTS/EXPDIR/C48_S2SWA_gefs/config.base
+++ config.base[6]echo 'BEGIN: config.base'
BEGIN: config.base
+++ config.base[9]export machine=HERCULES
+++ config.base[9]machine=HERCULES
+++ config.base[12]export RUN_ENVIR=emc
+++ config.base[12]RUN_ENVIR=emc
+++ config.base[15]export ACCOUNT=fv3-cpu
+++ config.base[15]ACCOUNT=fv3-cpu
+++ config.base[16]export QUEUE=batch
+++ config.base[16]QUEUE=batch
+++ config.base[17]export QUEUE_SERVICE=batch
+++ config.base[17]QUEUE_SERVICE=batch
+++ config.base[18]export QUEUE_DTN=batch
+++ config.base[18]QUEUE_DTN=batch
+++ config.base[19]export PARTITION_BATCH=hercules
+++ config.base[19]PARTITION_BATCH=hercules
+++ config.base[20]export PARTITION_SERVICE=service
+++ config.base[20]PARTITION_SERVICE=service
+++ config.base[21]export PARTITION_DTN=
+++ config.base[21]PARTITION_DTN=
+++ config.base[22]export RESERVATION=
+++ config.base[22]RESERVATION=
+++ config.base[23]export CLUSTERS=
+++ config.base[23]CLUSTERS=
+++ config.base[24]export CLUSTERS_SERVICE=
+++ config.base[24]CLUSTERS_SERVICE=
+++ config.base[25]export CLUSTERS_DTN=
+++ config.base[25]CLUSTERS_DTN=
+++ config.base[28]export HPSS_PROJECT=emc-global
+++ config.base[28]HPSS_PROJECT=emc-global
+++ config.base[31]export HOMEgfs=/work2/noaa/global/mterry/global-workflow_forked
+++ config.base[31]HOMEgfs=/work2/noaa/global/mterry/global-workflow_forked
+++ config.base[32]export EXECgfs=/work2/noaa/global/mterry/global-workflow_forked/exec
+++ config.base[32]EXECgfs=/work2/noaa/global/mterry/global-workflow_forked/exec
+++ config.base[33]export FIXgfs=/work2/noaa/global/mterry/global-workflow_forked/fix
+++ config.base[33]FIXgfs=/work2/noaa/global/mterry/global-workflow_forked/fix
+++ config.base[34]export PARMgfs=/work2/noaa/global/mterry/global-workflow_forked/parm
+++ config.base[34]PARMgfs=/work2/noaa/global/mterry/global-workflow_forked/parm
+++ config.base[35]export SCRgfs=/work2/noaa/global/mterry/global-workflow_forked/scripts
+++ config.base[35]SCRgfs=/work2/noaa/global/mterry/global-workflow_forked/scripts
+++ config.base[36]export USHgfs=/work2/noaa/global/mterry/global-workflow_forked/ush
+++ config.base[36]USHgfs=/work2/noaa/global/mterry/global-workflow_forked/ush
+++ config.base[37]export FIXorog=/work2/noaa/global/mterry/global-workflow_forked/fix/orog
+++ config.base[37]FIXorog=/work2/noaa/global/mterry/global-workflow_forked/fix/orog
+++ config.base[38]export FIXugwd=/work2/noaa/global/mterry/global-workflow_forked/fix/ugwd
+++ config.base[38]FIXugwd=/work2/noaa/global/mterry/global-workflow_forked/fix/ugwd
+++ config.base[43]export PACKAGEROOT=/work2/noaa/global/role-global/nwpara
+++ config.base[43]PACKAGEROOT=/work2/noaa/global/role-global/nwpara
+++ config.base[44]export COMROOT=/work2/noaa/global/mterry/RUNTESTS/COMROOT
+++ config.base[44]COMROOT=/work2/noaa/global/mterry/RUNTESTS/COMROOT
+++ config.base[45]export COMINsyn=/work2/noaa/global/role-global/com/gfs/prod/syndat
+++ config.base[45]COMINsyn=/work2/noaa/global/role-global/com/gfs/prod/syndat
+++ config.base[48]export HOMEDIR=/work2/noaa/global/mterry
+++ config.base[48]HOMEDIR=/work2/noaa/global/mterry
+++ config.base[49]export STMP=/work2/noaa/stmp/mterry/HERCULES
+++ config.base[49]STMP=/work2/noaa/stmp/mterry/HERCULES
+++ config.base[50]export PTMP=/work2/noaa/stmp/mterry/HERCULES
+++ config.base[50]PTMP=/work2/noaa/stmp/mterry/HERCULES
+++ config.base[51]export NOSCRUB=/work2/noaa/global/mterry
+++ config.base[51]NOSCRUB=/work2/noaa/global/mterry
+++ config.base[54]export BASE_GIT=/work2/noaa/global/role-global/git
+++ config.base[54]BASE_GIT=/work2/noaa/global/role-global/git
+++ config.base[57]export BASE_DATA=/work2/noaa/global/role-global/data
+++ config.base[57]BASE_DATA=/work2/noaa/global/role-global/data
+++ config.base[60]export DO_BUFRSND=NO
+++ config.base[60]DO_BUFRSND=NO
+++ config.base[61]export DO_GEMPAK=NO
+++ config.base[61]DO_GEMPAK=NO
+++ config.base[62]export DO_AWIPS=NO
+++ config.base[62]DO_AWIPS=NO
+++ config.base[65]export MODE=forecast-only
+++ config.base[65]MODE=forecast-only
+++ config.base[66]export DO_TEST_MODE=NO
+++ config.base[66]DO_TEST_MODE=NO
+++ config.base[67]export GEFSTYPE=gefs-offline
+++ config.base[67]GEFSTYPE=gefs-offline
+++ config.base[75]export HOMEpost=/work2/noaa/global/mterry/global-workflow_forked
+++ config.base[75]HOMEpost=/work2/noaa/global/mterry/global-workflow_forked
+++ config.base[78]export NMV=/bin/mv
+++ config.base[78]NMV=/bin/mv
+++ config.base[79]export 'NLN=/bin/ln -sf'
+++ config.base[79]NLN='/bin/ln -sf'
+++ config.base[80]export VERBOSE=YES
+++ config.base[80]VERBOSE=YES
+++ config.base[81]export KEEPDATA=NO
+++ config.base[81]KEEPDATA=NO
+++ config.base[82]export DEBUG_POSTSCRIPT=NO
+++ config.base[82]DEBUG_POSTSCRIPT=NO
+++ config.base[83]export CHGRP_RSTPROD=YES
+++ config.base[83]CHGRP_RSTPROD=YES
+++ config.base[84]export 'CHGRP_CMD=chgrp rstprod'
+++ config.base[84]CHGRP_CMD='chgrp rstprod'
+++ config.base[85]export NCDUMP=/work/noaa/epic/role-epic/spack-stack/hercules/spack-stack-1.6.0/envs/unified-env/install/intel/2021.9.0/netcdf-c-4.9.2-tslbcfy/bin/ncdump
+++ config.base[85]NCDUMP=/work/noaa/epic/role-epic/spack-stack/hercules/spack-stack-1.6.0/envs/unified-env/install/intel/2021.9.0/netcdf-c-4.9.2-tslbcfy/bin/ncdump
+++ config.base[86]export NCLEN=/work2/noaa/global/mterry/global-workflow_forked/ush/getncdimlen
+++ config.base[86]NCLEN=/work2/noaa/global/mterry/global-workflow_forked/ush/getncdimlen
+++ config.base[89]export BASE_ENV=/work2/noaa/global/mterry/global-workflow_forked/env
+++ config.base[89]BASE_ENV=/work2/noaa/global/mterry/global-workflow_forked/env
+++ config.base[92]export SDATE=2021032312
+++ config.base[92]SDATE=2021032312
+++ config.base[93]export EDATE=2021032312
+++ config.base[93]EDATE=2021032312
+++ config.base[94]export EXP_WARM_START=.false.
+++ config.base[94]EXP_WARM_START=.false.
+++ config.base[95]export assim_freq=6
+++ config.base[95]assim_freq=6
+++ config.base[96]export PSLOT=C48_S2SWA_gefs
+++ config.base[96]PSLOT=C48_S2SWA_gefs
+++ config.base[97]export EXPDIR=/work2/noaa/global/mterry/RUNTESTS/EXPDIR/C48_S2SWA_gefs
+++ config.base[97]EXPDIR=/work2/noaa/global/mterry/RUNTESTS/EXPDIR/C48_S2SWA_gefs
+++ config.base[98]export ROTDIR=/work2/noaa/global/mterry/RUNTESTS/COMROOT/C48_S2SWA_gefs
+++ config.base[98]ROTDIR=/work2/noaa/global/mterry/RUNTESTS/COMROOT/C48_S2SWA_gefs
+++ config.base[100]export ARCDIR=/work2/noaa/global/mterry/archive/C48_S2SWA_gefs
+++ config.base[100]ARCDIR=/work2/noaa/global/mterry/archive/C48_S2SWA_gefs
+++ config.base[101]export ATARDIR=/NCEPDEV/emc-global/1year/mterry/HERCULES/scratch/C48_S2SWA_gefs
+++ config.base[101]ATARDIR=/NCEPDEV/emc-global/1year/mterry/HERCULES/scratch/C48_S2SWA_gefs
+++ config.base[102]export 'FETCHDIR={{ FETCHDIR }}'
+++ config.base[102]FETCHDIR='{{ FETCHDIR }}'
+++ config.base[105]export envir=prod
+++ config.base[105]envir=prod
+++ config.base[106]export NET=gefs
+++ config.base[106]NET=gefs
+++ config.base[107]export RUN=gefs
+++ config.base[107]RUN=gefs
+++ config.base[110]source /work2/noaa/global/mterry/RUNTESTS/EXPDIR/C48_S2SWA_gefs/config.com
++++ config.com[4]echo 'BEGIN: config.com'
BEGIN: config.com
++++ config.com[38][[ emc == \n\c\o ]]
++++ config.com[43]COM_OBSPROC_TMPL='${DMPDIR}/${RUN}${DUMP_SUFFIX}.${YMD}/${HH}/atmos'
++++ config.com[44]COM_RTOFS_TMPL='${DMPDIR}'
++++ config.com[45]COM_TCVITAL_TMPL='${DMPDIR}/${RUN}.${YMD}/${HH}/atmos'
++++ config.com[47]declare -rx 'COM_OBS_TMPL=${ROTDIR}/${RUN}.${YMD}/${HH}/obs'
++++ config.com[48]declare -rx COM_OBSPROC_TMPL COM_RTOFS_TMPL
++++ config.com[50]COM_BASE='${ROTDIR}/${RUN}.${YMD}/${HH}/${MEMDIR}'
++++ config.com[52]declare -rx 'COM_TOP_TMPL=${ROTDIR}/${RUN}.${YMD}/${HH}'
++++ config.com[54]declare -rx 'COM_CONF_TMPL=${ROTDIR}/${RUN}.${YMD}/${HH}/${MEMDIR}/conf'
++++ config.com[55]declare -rx 'COM_OBS_JEDI=${ROTDIR}/${RUN}.${YMD}/${HH}/${MEMDIR}/obs_jedi'
++++ config.com[57]declare -rx 'COM_ATMOS_INPUT_TMPL=${ROTDIR}/${RUN}.${YMD}/${HH}/${MEMDIR}/model/atmos/input'
++++ config.com[58]declare -rx 'COM_ATMOS_RESTART_TMPL=${ROTDIR}/${RUN}.${YMD}/${HH}/${MEMDIR}/model/atmos/restart'
++++ config.com[59]declare -rx 'COM_ATMOS_ANALYSIS_TMPL=${ROTDIR}/${RUN}.${YMD}/${HH}/${MEMDIR}/analysis/atmos'
++++ config.com[60]declare -rx 'COM_SNOW_ANALYSIS_TMPL=${ROTDIR}/${RUN}.${YMD}/${HH}/${MEMDIR}/analysis/snow'
++++ config.com[61]declare -rx 'COM_SNOW_ANLMON_TMPL=${ROTDIR}/${RUN}.${YMD}/${HH}/${MEMDIR}/products/snow/anlmon'
++++ config.com[62]declare -rx 'COM_ATMOS_HISTORY_TMPL=${ROTDIR}/${RUN}.${YMD}/${HH}/${MEMDIR}/model/atmos/history'
++++ config.com[63]declare -rx 'COM_ATMOS_MASTER_TMPL=${ROTDIR}/${RUN}.${YMD}/${HH}/${MEMDIR}/model/atmos/master'
++++ config.com[64]declare -rx 'COM_ATMOS_GRIB_TMPL=${ROTDIR}/${RUN}.${YMD}/${HH}/${MEMDIR}/products/atmos/grib2'
++++ config.com[65]declare -rx 'COM_ATMOS_GRIB_GRID_TMPL=${ROTDIR}/${RUN}.${YMD}/${HH}/${MEMDIR}/products/atmos/grib2/${GRID}'
++++ config.com[66]declare -rx 'COM_ATMOS_BUFR_TMPL=${ROTDIR}/${RUN}.${YMD}/${HH}/${MEMDIR}/products/atmos/bufr'
++++ config.com[67]declare -rx 'COM_ATMOS_GEMPAK_TMPL=${ROTDIR}/${RUN}.${YMD}/${HH}/${MEMDIR}/products/atmos/gempak/${GRID}'
++++ config.com[68]declare -rx 'COM_ATMOS_GENESIS_TMPL=${ROTDIR}/${RUN}.${YMD}/${HH}/${MEMDIR}/products/atmos/cyclone/genesis_vital'
++++ config.com[69]declare -rx 'COM_ATMOS_TRACK_TMPL=${ROTDIR}/${RUN}.${YMD}/${HH}/${MEMDIR}/products/atmos/cyclone/tracks'
++++ config.com[70]declare -rx 'COM_ATMOS_GOES_TMPL=${ROTDIR}/${RUN}.${YMD}/${HH}/${MEMDIR}/products/atmos/goes_sim'
++++ config.com[71]declare -rx 'COM_ATMOS_IMAGERY_TMPL=${ROTDIR}/${RUN}.${YMD}/${HH}/${MEMDIR}/products/atmos/imagery'
++++ config.com[72]declare -rx 'COM_ATMOS_OZNMON_TMPL=${ROTDIR}/${RUN}.${YMD}/${HH}/${MEMDIR}/products/atmos/oznmon'
++++ config.com[73]declare -rx 'COM_ATMOS_RADMON_TMPL=${ROTDIR}/${RUN}.${YMD}/${HH}/${MEMDIR}/products/atmos/radmon'
++++ config.com[74]declare -rx 'COM_ATMOS_MINMON_TMPL=${ROTDIR}/${RUN}.${YMD}/${HH}/${MEMDIR}/products/atmos/minmon'
++++ config.com[75]declare -rx 'COM_ATMOS_ANLMON_TMPL=${ROTDIR}/${RUN}.${YMD}/${HH}/${MEMDIR}/products/atmos/anlmon'
++++ config.com[76]declare -rx 'COM_ATMOS_WMO_TMPL=${ROTDIR}/${RUN}.${YMD}/${HH}/${MEMDIR}/products/atmos/wmo'
++++ config.com[78]declare -rx 'COM_WAVE_RESTART_TMPL=${ROTDIR}/${RUN}.${YMD}/${HH}/${MEMDIR}/model/wave/restart'
++++ config.com[79]declare -rx 'COM_WAVE_PREP_TMPL=${ROTDIR}/${RUN}.${YMD}/${HH}/${MEMDIR}/model/wave/prep'
++++ config.com[80]declare -rx 'COM_WAVE_HISTORY_TMPL=${ROTDIR}/${RUN}.${YMD}/${HH}/${MEMDIR}/model/wave/history'
++++ config.com[81]declare -rx 'COM_WAVE_GRID_TMPL=${ROTDIR}/${RUN}.${YMD}/${HH}/${MEMDIR}/products/wave/gridded'
++++ config.com[82]declare -rx 'COM_WAVE_GRID_RES_TMPL=${ROTDIR}/${RUN}.${YMD}/${HH}/${MEMDIR}/products/wave/gridded/${GRDRESNAME}'
++++ config.com[83]declare -rx 'COM_WAVE_STATION_TMPL=${ROTDIR}/${RUN}.${YMD}/${HH}/${MEMDIR}/products/wave/station'
++++ config.com[84]declare -rx 'COM_WAVE_GEMPAK_TMPL=${ROTDIR}/${RUN}.${YMD}/${HH}/${MEMDIR}/products/wave/gempak'
++++ config.com[85]declare -rx 'COM_WAVE_WMO_TMPL=${ROTDIR}/${RUN}.${YMD}/${HH}/${MEMDIR}/products/wave/wmo'
++++ config.com[87]declare -rx 'COM_OCEAN_HISTORY_TMPL=${ROTDIR}/${RUN}.${YMD}/${HH}/${MEMDIR}/model/ocean/history'
++++ config.com[88]declare -rx 'COM_OCEAN_RESTART_TMPL=${ROTDIR}/${RUN}.${YMD}/${HH}/${MEMDIR}/model/ocean/restart'
++++ config.com[89]declare -rx 'COM_OCEAN_INPUT_TMPL=${ROTDIR}/${RUN}.${YMD}/${HH}/${MEMDIR}/model/ocean/input'
++++ config.com[90]declare -rx 'COM_OCEAN_ANALYSIS_TMPL=${ROTDIR}/${RUN}.${YMD}/${HH}/${MEMDIR}/analysis/ocean'
++++ config.com[91]declare -rx 'COM_OCEAN_ANLMON_TMPL=${ROTDIR}/${RUN}.${YMD}/${HH}/${MEMDIR}/products/ocean/anlmon'
++++ config.com[92]declare -rx 'COM_OCEAN_LETKF_TMPL=${ROTDIR}/${RUN}.${YMD}/${HH}/${MEMDIR}/analysis/ocean/letkf'
++++ config.com[93]declare -rx 'COM_OCEAN_BMATRIX_TMPL=${ROTDIR}/${RUN}.${YMD}/${HH}/${MEMDIR}/bmatrix/ocean'
++++ config.com[94]declare -rx 'COM_OCEAN_NETCDF_TMPL=${ROTDIR}/${RUN}.${YMD}/${HH}/${MEMDIR}/products/ocean/netcdf'
++++ config.com[95]declare -rx 'COM_OCEAN_GRIB_TMPL=${ROTDIR}/${RUN}.${YMD}/${HH}/${MEMDIR}/products/ocean/grib2'
++++ config.com[96]declare -rx 'COM_OCEAN_GRIB_GRID_TMPL=${ROTDIR}/${RUN}.${YMD}/${HH}/${MEMDIR}/products/ocean/grib2/${GRID}'
++++ config.com[98]declare -rx 'COM_ICE_ANALYSIS_TMPL=${ROTDIR}/${RUN}.${YMD}/${HH}/${MEMDIR}/analysis/ice'
++++ config.com[99]declare -rx 'COM_ICE_LETKF_TMPL=${ROTDIR}/${RUN}.${YMD}/${HH}/${MEMDIR}/analysis/ice/letkf'
++++ config.com[100]declare -rx 'COM_ICE_ANLMON_TMPL=${ROTDIR}/${RUN}.${YMD}/${HH}/${MEMDIR}/products/ice/anlmon'
++++ config.com[101]declare -rx 'COM_ICE_BMATRIX_TMPL=${ROTDIR}/${RUN}.${YMD}/${HH}/${MEMDIR}/bmatrix/ice'
++++ config.com[102]declare -rx 'COM_ICE_INPUT_TMPL=${ROTDIR}/${RUN}.${YMD}/${HH}/${MEMDIR}/model/ice/input'
++++ config.com[103]declare -rx 'COM_ICE_HISTORY_TMPL=${ROTDIR}/${RUN}.${YMD}/${HH}/${MEMDIR}/model/ice/history'
++++ config.com[104]declare -rx 'COM_ICE_RESTART_TMPL=${ROTDIR}/${RUN}.${YMD}/${HH}/${MEMDIR}/model/ice/restart'
++++ config.com[105]declare -rx 'COM_ICE_NETCDF_TMPL=${ROTDIR}/${RUN}.${YMD}/${HH}/${MEMDIR}/products/ice/netcdf'
++++ config.com[106]declare -rx 'COM_ICE_GRIB_TMPL=${ROTDIR}/${RUN}.${YMD}/${HH}/${MEMDIR}/products/ice/grib2'
++++ config.com[107]declare -rx 'COM_ICE_GRIB_GRID_TMPL=${ROTDIR}/${RUN}.${YMD}/${HH}/${MEMDIR}/products/ice/grib2/${GRID}'
++++ config.com[109]declare -rx 'COM_CHEM_HISTORY_TMPL=${ROTDIR}/${RUN}.${YMD}/${HH}/${MEMDIR}/model/chem/history'
++++ config.com[110]declare -rx 'COM_CHEM_ANALYSIS_TMPL=${ROTDIR}/${RUN}.${YMD}/${HH}/${MEMDIR}/analysis/chem'
++++ config.com[111]declare -rx 'COM_CHEM_BMAT_TMPL=${ROTDIR}/${RUN}.${YMD}/${HH}/${MEMDIR}/analysis/chem/bmatrix'
++++ config.com[112]declare -rx 'COM_CHEM_ANLMON_TMPL=${ROTDIR}/${RUN}.${YMD}/${HH}/${MEMDIR}/products/chem/anlmon'
++++ config.com[114]declare -rx 'COM_MED_RESTART_TMPL=${ROTDIR}/${RUN}.${YMD}/${HH}/${MEMDIR}/model/med/restart'
+++ config.base[112]export LOGSCRIPT=
+++ config.base[112]LOGSCRIPT=
+++ config.base[114]export 'REDOUT=1>'
+++ config.base[114]REDOUT='1>'
+++ config.base[115]export 'REDERR=2>'
+++ config.base[115]REDERR='2>'
+++ config.base[117]export SENDECF=NO
+++ config.base[117]SENDECF=NO
+++ config.base[118]export SENDSDM=NO
+++ config.base[118]SENDSDM=NO
+++ config.base[119]export SENDDBN_NTC=NO
+++ config.base[119]SENDDBN_NTC=NO
+++ config.base[120]export SENDDBN=NO
+++ config.base[120]SENDDBN=NO
+++ config.base[121]export DBNROOT=/work/noaa/epic/role-epic/spack-stack/hercules/spack-stack-1.6.0/envs/unified-env/install/intel/2021.9.0/prod-util-2.1.1-ddlo2cq/fakedbn
+++ config.base[121]DBNROOT=/work/noaa/epic/role-epic/spack-stack/hercules/spack-stack-1.6.0/envs/unified-env/install/intel/2021.9.0/prod-util-2.1.1-ddlo2cq/fakedbn
+++ config.base[122]export SENDAWIP=NO
+++ config.base[122]SENDAWIP=NO
+++ config.base[125]export APP=S2SWA
+++ config.base[125]APP=S2SWA
+++ config.base[128]export DO_ATM=YES
+++ config.base[128]DO_ATM=YES
+++ config.base[129]export DO_COUPLED=NO
+++ config.base[129]DO_COUPLED=NO
+++ config.base[130]export DO_WAVE=NO
+++ config.base[130]DO_WAVE=NO
+++ config.base[131]export DO_OCN=NO
+++ config.base[131]DO_OCN=NO
+++ config.base[132]export DO_ICE=NO
+++ config.base[132]DO_ICE=NO
+++ config.base[133]export DO_EXTRACTVARS=NO
+++ config.base[133]DO_EXTRACTVARS=NO
+++ config.base[134]export DO_AERO_FCST=NO
+++ config.base[134]DO_AERO_FCST=NO
+++ config.base[135]export DO_AERO_ANL=NO
+++ config.base[135]DO_AERO_ANL=NO
+++ config.base[136]export DOBNDPNT_WAVE=NO
+++ config.base[136]DOBNDPNT_WAVE=NO
+++ config.base[137]export DOIBP_WAV=NO
+++ config.base[137]DOIBP_WAV=NO
+++ config.base[138]export FRAC_GRID=.true.
+++ config.base[138]FRAC_GRID=.true.
+++ config.base[139]export DO_NEST=NO
+++ config.base[139]DO_NEST=NO
+++ config.base[140][[ NO == \Y\E\S ]]
+++ config.base[144]export ntiles=6
+++ config.base[144]ntiles=6
+++ config.base[148]export OPS_RES=C768
+++ config.base[148]OPS_RES=C768
+++ config.base[151]export LEVS=128
+++ config.base[151]LEVS=128
+++ config.base[152]export CASE=C48
+++ config.base[152]CASE=C48
+++ config.base[153]export CASE_ENS=C48
+++ config.base[153]CASE_ENS=C48
+++ config.base[154]export OCNRES=500
+++ config.base[154]OCNRES=500
+++ config.base[155]export ICERES=500
+++ config.base[155]ICERES=500
+++ config.base[157]case "${CASE}" in
+++ config.base[159]export waveGRD=glo_500
+++ config.base[159]waveGRD=glo_500
+++ config.base[176]case "${APP}" in
+++ config.base[192]export DO_COUPLED=YES
+++ config.base[192]DO_COUPLED=YES
+++ config.base[193]export DO_OCN=YES
+++ config.base[193]DO_OCN=YES
+++ config.base[194]export DO_ICE=YES
+++ config.base[194]DO_ICE=YES
+++ config.base[196][[ S2SWA =~ A$ ]]
+++ config.base[197]export DO_AERO_FCST=YES
+++ config.base[197]DO_AERO_FCST=YES
+++ config.base[200][[ S2SWA =~ ^S2SW ]]
+++ config.base[201]export DO_WAVE=YES
+++ config.base[201]DO_WAVE=YES
+++ config.base[211]export FHMIN=0
+++ config.base[211]FHMIN=0
+++ config.base[212]export FHMAX=9
+++ config.base[212]FHMAX=9
+++ config.base[213]export FHOUT=3
+++ config.base[213]FHOUT=3
+++ config.base[214]export FHOUT_OCN=3
+++ config.base[214]FHOUT_OCN=3
+++ config.base[215]export FHOUT_ICE=3
+++ config.base[215]FHOUT_ICE=3
+++ config.base[216]export FHOUT_AERO=3
+++ config.base[216]FHOUT_AERO=3
+++ config.base[219]export INTERVAL_GFS=24
+++ config.base[219]INTERVAL_GFS=24
+++ config.base[220]export SDATE_GFS=2021032312
+++ config.base[220]SDATE_GFS=2021032312
+++ config.base[223]export REPLAY_ICS=NO
+++ config.base[223]REPLAY_ICS=NO
+++ config.base[224][[ NO == \Y\E\S ]]
+++ config.base[230]export OFFSET_START_HOUR=0
+++ config.base[230]OFFSET_START_HOUR=0
+++ config.base[231]export USE_OCN_ENS_PERTURB_FILES=NO
+++ config.base[231]USE_OCN_ENS_PERTURB_FILES=NO
+++ config.base[232]export USE_ATM_ENS_PERTURB_FILES=NO
+++ config.base[232]USE_ATM_ENS_PERTURB_FILES=NO
+++ config.base[236]export FHMIN_GFS=0
+++ config.base[236]FHMIN_GFS=0
+++ config.base[237]export FHMAX_GFS=120
+++ config.base[237]FHMAX_GFS=120
+++ config.base[239]breakpnts=48
+++ config.base[240]export FCST_SEGMENTS=0,48,120
+++ config.base[240]FCST_SEGMENTS=0,48,120
+++ config.base[242]export FHOUT_GFS=6
+++ config.base[242]FHOUT_GFS=6
+++ config.base[243]export FHMAX_HF_GFS=0
+++ config.base[243]FHMAX_HF_GFS=0
+++ config.base[244]export FHOUT_HF_GFS=1
+++ config.base[244]FHOUT_HF_GFS=1
+++ config.base[245]export FHOUT_OCN_GFS=24
+++ config.base[245]FHOUT_OCN_GFS=24
+++ config.base[246]export FHOUT_ICE_GFS=24
+++ config.base[246]FHOUT_ICE_GFS=24
+++ config.base[247]export FHMIN_WAV=0
+++ config.base[247]FHMIN_WAV=0
+++ config.base[248]export FHOUT_WAV=3
+++ config.base[248]FHOUT_WAV=3
+++ config.base[249]export FHOUT_WAV_GFS=3
+++ config.base[249]FHOUT_WAV_GFS=3
+++ config.base[250]export FHMAX_HF_WAV=120
+++ config.base[250]FHMAX_HF_WAV=120
+++ config.base[251]export FHOUT_HF_WAV=1
+++ config.base[251]FHOUT_HF_WAV=1
+++ config.base[252]export FHMAX_WAV=120
+++ config.base[252]FHMAX_WAV=120
+++ config.base[253]export FHMAX_WAV_GFS=120
+++ config.base[253]FHMAX_WAV_GFS=120
+++ config.base[254]export FHMAX_HF_GFS=0
+++ config.base[254]FHMAX_HF_GFS=0
+++ config.base[255]export FHMAX_WAV_GFS=120
+++ config.base[255]FHMAX_WAV_GFS=120
+++ config.base[256]export FHMAX_HF_WAV=120
+++ config.base[256]FHMAX_HF_WAV=120
+++ config.base[257]export ILPOST=1
+++ config.base[257]ILPOST=1
+++ config.base[259]export FHMIN_ENKF=0
+++ config.base[259]FHMIN_ENKF=0
+++ config.base[260]export FHMAX_ENKF=120
+++ config.base[260]FHMAX_ENKF=120
+++ config.base[261]export FHOUT_ENKF=6
+++ config.base[261]FHOUT_ENKF=6
+++ config.base[262]export FHOUT_OCN=24
+++ config.base[262]FHOUT_OCN=24
+++ config.base[263]export FHOUT_ICE=24
+++ config.base[263]FHOUT_ICE=24
+++ config.base[266]export restart_interval_gfs=12
+++ config.base[266]restart_interval_gfs=12
+++ config.base[267]export restart_interval_enkfgfs=12
+++ config.base[267]restart_interval_enkfgfs=12
+++ config.base[272]export QUILTING=.true.
+++ config.base[272]QUILTING=.true.
+++ config.base[273]export OUTPUT_GRID=gaussian_grid
+++ config.base[273]OUTPUT_GRID=gaussian_grid
+++ config.base[274]export WRITE_DOPOST=.true.
+++ config.base[274]WRITE_DOPOST=.true.
+++ config.base[275]export WRITE_NSFLIP=.true.
+++ config.base[275]WRITE_NSFLIP=.true.
+++ config.base[278]export imp_physics=8
+++ config.base[278]imp_physics=8
+++ config.base[282]export DO_JEDIATMVAR=NO
+++ config.base[282]DO_JEDIATMVAR=NO
+++ config.base[283]export DO_JEDIATMENS=NO
+++ config.base[283]DO_JEDIATMENS=NO
+++ config.base[284]export DO_JEDIOCNVAR=NO
+++ config.base[284]DO_JEDIOCNVAR=NO
+++ config.base[285]export DO_JEDISNOWDA=NO
+++ config.base[285]DO_JEDISNOWDA=NO
+++ config.base[286]export DO_MERGENSST=NO
+++ config.base[286]DO_MERGENSST=NO
+++ config.base[287]export DO_STARTMEM_FROM_JEDIICE=NO
+++ config.base[287]DO_STARTMEM_FROM_JEDIICE=NO
+++ config.base[290]export NMEM_ENS=2
+++ config.base[290]NMEM_ENS=2
+++ config.base[294]export ENSMEM=000
+++ config.base[294]ENSMEM=000
+++ config.base[295]export MEMDIR=mem000
+++ config.base[295]MEMDIR=mem000
+++ config.base[298]((  ENSMEM == 0  ))
+++ config.base[299]export DO_CA=YES
+++ config.base[299]DO_CA=YES
+++ config.base[304]export DOIAU=NO
+++ config.base[304]DOIAU=NO
+++ config.base[307][[ .false. = \.\t\r\u\e\. ]]
+++ config.base[316]export DONST=YES
+++ config.base[316]DONST=YES
+++ config.base[317][[ YES = \Y\E\S ]]
+++ config.base[317]export 'FNTSFA=        '
+++ config.base[317]FNTSFA='        '
+++ config.base[320]export nst_anl=.true.
+++ config.base[320]nst_anl=.true.
+++ config.base[323]export MAKE_NSSTBUFR=NO
+++ config.base[323]MAKE_NSSTBUFR=NO
+++ config.base[326]export MAKE_ACFTBUFR=NO
+++ config.base[326]MAKE_ACFTBUFR=NO
+++ config.base[329]export DO_METP=NO
+++ config.base[329]DO_METP=NO
+++ config.base[330]export DO_FIT2OBS=NO
+++ config.base[330]DO_FIT2OBS=NO
+++ config.base[333]export DO_ARCHCOM=NO
+++ config.base[333]DO_ARCHCOM=NO
+++ config.base[334]export ARCHCOM_TO=globus_hpss
+++ config.base[334]ARCHCOM_TO=globus_hpss
+++ config.base[337]export CLIENT_GLOBUS_UUID=869912fe-f6de-46c0-af10-b22efd84a022
+++ config.base[337]CLIENT_GLOBUS_UUID=869912fe-f6de-46c0-af10-b22efd84a022
+++ config.base[340]export NUM_SND_COLLECTIVES=9
+++ config.base[340]NUM_SND_COLLECTIVES=9
+++ config.base[342]echo 'END: config.base'
END: config.base
++ jjob_header.sh[106]true
++ jjob_header.sh[107]export err=0
++ jjob_header.sh[107]err=0
++ jjob_header.sh[108][[ 0 -ne 0 ]]
++ jjob_header.sh[105]for config in "${configs[@]:-''}"
++ jjob_header.sh[106]source /work2/noaa/global/mterry/RUNTESTS/EXPDIR/C48_S2SWA_gefs/config.atmos_ensstat
+++ config.atmos_ensstat[6]echo 'BEGIN: config.atmos_ensstat'
BEGIN: config.atmos_ensstat
+++ config.atmos_ensstat[9]export MAX_TASKS=25
+++ config.atmos_ensstat[9]MAX_TASKS=25
+++ config.atmos_ensstat[12]. /work2/noaa/global/mterry/RUNTESTS/EXPDIR/C48_S2SWA_gefs/config.resources atmos_ensstat
++++ config.resources[8]((  1 != 1  ))
++++ config.resources[15]step=atmos_ensstat
++++ config.resources[17]echo 'BEGIN: config.resources'
BEGIN: config.resources
++++ config.resources[19]case ${machine} in
++++ config.resources[23]max_tasks_per_node=80
++++ config.resources[43]export max_tasks_per_node
++++ config.resources[45]case ${step} in
++++ config.resources[250]export walltime=00:15:00
++++ config.resources[250]walltime=00:15:00
++++ config.resources[251]export ntasks=6
++++ config.resources[251]ntasks=6
++++ config.resources[252]export threads_per_task=1
++++ config.resources[252]threads_per_task=1
++++ config.resources[253]export tasks_per_node=6
++++ config.resources[253]tasks_per_node=6
++++ config.resources[254]export is_exclusive=True
++++ config.resources[254]is_exclusive=True
++++ config.resources[372][[ -f /work2/noaa/global/mterry/RUNTESTS/EXPDIR/C48_S2SWA_gefs/config.resources.HERCULES ]]
++++ config.resources[377]for resource_var in threads_per_task ntasks tasks_per_node NTASKS memory walltime
++++ config.resources[378]run_resource_var=threads_per_task_gefs
++++ config.resources[379][[ -n '' ]]
++++ config.resources[381][[ -n 0 ]]
++++ config.resources[382]export threads_per_task
++++ config.resources[377]for resource_var in threads_per_task ntasks tasks_per_node NTASKS memory walltime
++++ config.resources[378]run_resource_var=ntasks_gefs
++++ config.resources[379][[ -n '' ]]
++++ config.resources[381][[ -n 0 ]]
++++ config.resources[382]export ntasks
++++ config.resources[377]for resource_var in threads_per_task ntasks tasks_per_node NTASKS memory walltime
++++ config.resources[378]run_resource_var=tasks_per_node_gefs
++++ config.resources[379][[ -n '' ]]
++++ config.resources[381][[ -n 0 ]]
++++ config.resources[382]export tasks_per_node
++++ config.resources[377]for resource_var in threads_per_task ntasks tasks_per_node NTASKS memory walltime
++++ config.resources[378]run_resource_var=NTASKS_gefs
++++ config.resources[379][[ -n '' ]]
++++ config.resources[381][[ -n '' ]]
++++ config.resources[377]for resource_var in threads_per_task ntasks tasks_per_node NTASKS memory walltime
++++ config.resources[378]run_resource_var=memory_gefs
++++ config.resources[379][[ -n '' ]]
++++ config.resources[381][[ -n '' ]]
++++ config.resources[377]for resource_var in threads_per_task ntasks tasks_per_node NTASKS memory walltime
++++ config.resources[378]run_resource_var=walltime_gefs
++++ config.resources[379][[ -n '' ]]
++++ config.resources[381][[ -n 0 ]]
++++ config.resources[382]export walltime
++++ config.resources[386]echo 'END: config.resources'
END: config.resources
+++ config.atmos_ensstat[14]echo 'END: config.atmos_ensstat'
END: config.atmos_ensstat
++ jjob_header.sh[106]true
++ jjob_header.sh[107]export err=0
++ jjob_header.sh[107]err=0
++ jjob_header.sh[108][[ 0 -ne 0 ]]
++ jjob_header.sh[117]source /work2/noaa/global/mterry/global-workflow_forked/env/HERCULES.env atmos_ensstat
+++ HERCULES.env[3][[ 1 -ne 1 ]]
+++ HERCULES.env[10]step=atmos_ensstat
+++ HERCULES.env[12]export 'launcher=srun -l --export=ALL --hint=nomultithread'
+++ HERCULES.env[12]launcher='srun -l --export=ALL --hint=nomultithread'
+++ HERCULES.env[13]export 'mpmd_opt=--multi-prog --output=mpmd.%j.%t.out'
+++ HERCULES.env[13]mpmd_opt='--multi-prog --output=mpmd.%j.%t.out'
+++ HERCULES.env[16]export MPI_BUFS_PER_PROC=2048
+++ HERCULES.env[16]MPI_BUFS_PER_PROC=2048
+++ HERCULES.env[17]export MPI_BUFS_PER_HOST=2048
+++ HERCULES.env[17]MPI_BUFS_PER_HOST=2048
+++ HERCULES.env[18]export MPI_GROUP_MAX=256
+++ HERCULES.env[18]MPI_GROUP_MAX=256
+++ HERCULES.env[19]export MPI_MEMMAP_OFF=1
+++ HERCULES.env[19]MPI_MEMMAP_OFF=1
+++ HERCULES.env[20]export MP_STDOUTMODE=ORDERED
+++ HERCULES.env[20]MP_STDOUTMODE=ORDERED
+++ HERCULES.env[21]export KMP_AFFINITY=scatter
+++ HERCULES.env[21]KMP_AFFINITY=scatter
+++ HERCULES.env[22]export OMP_STACKSIZE=2048000
+++ HERCULES.env[22]OMP_STACKSIZE=2048000
+++ HERCULES.env[23]export NTHSTACK=1024000000
+++ HERCULES.env[23]NTHSTACK=1024000000
+++ HERCULES.env[25]export I_MPI_EXTRA_FILESYSTEM=1
+++ HERCULES.env[25]I_MPI_EXTRA_FILESYSTEM=1
+++ HERCULES.env[26]export I_MPI_EXTRA_FILESYSTEM_LIST=lustre
+++ HERCULES.env[26]I_MPI_EXTRA_FILESYSTEM_LIST=lustre
+++ HERCULES.env[28]ulimit -s unlimited
+++ HERCULES.env[29]ulimit -a
real-time non-blocking time  (microseconds, -R) unlimited
core file size              (blocks, -c) 0
data seg size               (kbytes, -d) unlimited
scheduling priority                 (-e) 0
file size                   (blocks, -f) unlimited
pending signals                     (-i) 2049614
max locked memory           (kbytes, -l) unlimited
max memory size             (kbytes, -m) 520192000
open files                          (-n) 131072
pipe size                (512 bytes, -p) 8
POSIX message queues         (bytes, -q) 819200
real-time priority                  (-r) 0
stack size                  (kbytes, -s) unlimited
cpu time                   (seconds, -t) unlimited
max user processes                  (-u) 1028698
virtual memory              (kbytes, -v) unlimited
file locks                          (-x) unlimited
+++ HERCULES.env[33][[ -n 6 ]]
+++ HERCULES.env[33][[ -n 80 ]]
+++ HERCULES.env[33][[ -n 6 ]]
+++ HERCULES.env[34]max_threads_per_task=13
+++ HERCULES.env[35]NTHREADSmax=1
+++ HERCULES.env[36]NTHREADS1=1
+++ HERCULES.env[37][[ 1 -gt 13 ]]
+++ HERCULES.env[40][[ 1 -gt 13 ]]
+++ HERCULES.env[43]APRUN_default='srun -l --export=ALL --hint=nomultithread -n 6'
+++ HERCULES.env[49]case ${step} in
+++ HERCULES.env[363]echo 'WARNING: The job step atmos_ensstat does not specify Hercules-specific resources'
WARNING: The job step atmos_ensstat does not specify Hercules-specific resources
++ jjob_header.sh[117]true
++ jjob_header.sh[118]export err=0
++ jjob_header.sh[118]err=0
++ jjob_header.sh[119][[ 0 -ne 0 ]]
+ JGLOBAL_ATMOS_ENSSTAT[17]for grid in '0p25' '0p50' '1p00'
+ JGLOBAL_ATMOS_ENSSTAT[18]prod_dir=COMOUT_ATMOS_GRIB_0p25
+ JGLOBAL_ATMOS_ENSSTAT[19]MEMDIR=ensstat
+ JGLOBAL_ATMOS_ENSSTAT[19]GRID=0p25
+ JGLOBAL_ATMOS_ENSSTAT[19]YMD=20210323
+ JGLOBAL_ATMOS_ENSSTAT[19]HH=12
+ JGLOBAL_ATMOS_ENSSTAT[19]declare_from_tmpl -rx COMOUT_ATMOS_GRIB_0p25:COM_ATMOS_GRIB_GRID_TMPL
+ bash_utils.sh[39][[ NO == \N\O ]]
+ bash_utils.sh[39]set +x
declare_from_tmpl :: COMOUT_ATMOS_GRIB_0p25=/work2/noaa/global/mterry/RUNTESTS/COMROOT/C48_S2SWA_gefs/gefs.20210323/12/ensstat/products/atmos/grib2/0p25
+ JGLOBAL_ATMOS_ENSSTAT[20][[ ! -d /work2/noaa/global/mterry/RUNTESTS/COMROOT/C48_S2SWA_gefs/gefs.20210323/12/ensstat/products/atmos/grib2/0p25 ]]
+ JGLOBAL_ATMOS_ENSSTAT[20]mkdir -m 775 -p /work2/noaa/global/mterry/RUNTESTS/COMROOT/C48_S2SWA_gefs/gefs.20210323/12/ensstat/products/atmos/grib2/0p25
+ JGLOBAL_ATMOS_ENSSTAT[17]for grid in '0p25' '0p50' '1p00'
+ JGLOBAL_ATMOS_ENSSTAT[18]prod_dir=COMOUT_ATMOS_GRIB_0p50
+ JGLOBAL_ATMOS_ENSSTAT[19]MEMDIR=ensstat
+ JGLOBAL_ATMOS_ENSSTAT[19]GRID=0p50
+ JGLOBAL_ATMOS_ENSSTAT[19]YMD=20210323
+ JGLOBAL_ATMOS_ENSSTAT[19]HH=12
+ JGLOBAL_ATMOS_ENSSTAT[19]declare_from_tmpl -rx COMOUT_ATMOS_GRIB_0p50:COM_ATMOS_GRIB_GRID_TMPL
+ bash_utils.sh[39][[ NO == \N\O ]]
+ bash_utils.sh[39]set +x
declare_from_tmpl :: COMOUT_ATMOS_GRIB_0p50=/work2/noaa/global/mterry/RUNTESTS/COMROOT/C48_S2SWA_gefs/gefs.20210323/12/ensstat/products/atmos/grib2/0p50
+ JGLOBAL_ATMOS_ENSSTAT[20][[ ! -d /work2/noaa/global/mterry/RUNTESTS/COMROOT/C48_S2SWA_gefs/gefs.20210323/12/ensstat/products/atmos/grib2/0p50 ]]
+ JGLOBAL_ATMOS_ENSSTAT[20]mkdir -m 775 -p /work2/noaa/global/mterry/RUNTESTS/COMROOT/C48_S2SWA_gefs/gefs.20210323/12/ensstat/products/atmos/grib2/0p50
+ JGLOBAL_ATMOS_ENSSTAT[17]for grid in '0p25' '0p50' '1p00'
+ JGLOBAL_ATMOS_ENSSTAT[18]prod_dir=COMOUT_ATMOS_GRIB_1p00
+ JGLOBAL_ATMOS_ENSSTAT[19]MEMDIR=ensstat
+ JGLOBAL_ATMOS_ENSSTAT[19]GRID=1p00
+ JGLOBAL_ATMOS_ENSSTAT[19]YMD=20210323
+ JGLOBAL_ATMOS_ENSSTAT[19]HH=12
+ JGLOBAL_ATMOS_ENSSTAT[19]declare_from_tmpl -rx COMOUT_ATMOS_GRIB_1p00:COM_ATMOS_GRIB_GRID_TMPL
+ bash_utils.sh[39][[ NO == \N\O ]]
+ bash_utils.sh[39]set +x
declare_from_tmpl :: COMOUT_ATMOS_GRIB_1p00=/work2/noaa/global/mterry/RUNTESTS/COMROOT/C48_S2SWA_gefs/gefs.20210323/12/ensstat/products/atmos/grib2/1p00
+ JGLOBAL_ATMOS_ENSSTAT[20][[ ! -d /work2/noaa/global/mterry/RUNTESTS/COMROOT/C48_S2SWA_gefs/gefs.20210323/12/ensstat/products/atmos/grib2/1p00 ]]
+ JGLOBAL_ATMOS_ENSSTAT[20]mkdir -m 775 -p /work2/noaa/global/mterry/RUNTESTS/COMROOT/C48_S2SWA_gefs/gefs.20210323/12/ensstat/products/atmos/grib2/1p00
+ JGLOBAL_ATMOS_ENSSTAT[25]/work2/noaa/global/mterry/global-workflow_forked/scripts/exglobal_atmos_ensstat.sh
+ bash[8]'[' -z '' ']'
+ bash[9]case "$-" in
+ bash[12]__lmod_vx=x
+ bash[16]'[' -n x ']'
+ bash[16]set +x
Shell debugging temporarily silenced: export LMOD_SH_DBG_ON=1 for this output (/apps/other/lmod/lmod/init/bash)
Shell debugging restarted
+ bash[224]unset __lmod_vx
++ exglobal_atmos_ensstat.sh[3]printf %03d 0
+ exglobal_atmos_ensstat.sh[3]fhr3=000
+ exglobal_atmos_ensstat.sh[5][[ -a mpmd_script ]]
+ exglobal_atmos_ensstat.sh[10]for grid in '0p25' '0p50' '1p00'
+ exglobal_atmos_ensstat.sh[11]echo '/work2/noaa/global/mterry/global-workflow_forked/ush/atmos_ensstat.sh 0p25 000'
+ exglobal_atmos_ensstat.sh[10]for grid in '0p25' '0p50' '1p00'
+ exglobal_atmos_ensstat.sh[11]echo '/work2/noaa/global/mterry/global-workflow_forked/ush/atmos_ensstat.sh 0p50 000'
+ exglobal_atmos_ensstat.sh[10]for grid in '0p25' '0p50' '1p00'
+ exglobal_atmos_ensstat.sh[11]echo '/work2/noaa/global/mterry/global-workflow_forked/ush/atmos_ensstat.sh 1p00 000'
+ exglobal_atmos_ensstat.sh[16]/work2/noaa/global/mterry/global-workflow_forked/ush/run_mpmd.sh mpmd_script
+ bash[8]'[' -z '' ']'
+ bash[9]case "$-" in
+ bash[12]__lmod_vx=x
+ bash[16]'[' -n x ']'
+ bash[16]set +x
Shell debugging temporarily silenced: export LMOD_SH_DBG_ON=1 for this output (/apps/other/lmod/lmod/init/bash)
Shell debugging restarted
+ bash[224]unset __lmod_vx
+ run_mpmd.sh[31]source /work2/noaa/global/mterry/global-workflow_forked/ush/preamble.sh
++ preamble.sh[20]set +x
Begin run_mpmd.sh at Tue Jul 29 02:24:27 UTC 2025
+ run_mpmd.sh[33]cmdfile=mpmd_script
+ run_mpmd.sh[36][[ '' != \Y\E\S ]]
+ run_mpmd.sh[37]echo 'INFO: Using serial mode for MPMD job'
INFO: Using serial mode for MPMD job
+ run_mpmd.sh[38]chmod 755 mpmd_script
+ run_mpmd.sh[39]bash +x mpmd_script
+ run_mpmd.sh[40]rc=0
+ run_mpmd.sh[41]cat mpmd.out
+ bash[8]'[' -z '' ']'
+ bash[9]case "$-" in
+ bash[12]__lmod_vx=x
+ bash[16]'[' -n x ']'
+ bash[16]set +x
Shell debugging temporarily silenced: export LMOD_SH_DBG_ON=1 for this output (/apps/other/lmod/lmod/init/bash)
Shell debugging restarted
+ bash[224]unset __lmod_vx
+ mpmd_script[1]/work2/noaa/global/mterry/global-workflow_forked/ush/atmos_ensstat.sh 0p25 000
+ bash[8]'[' -z '' ']'
+ bash[9]case "$-" in
+ bash[12]__lmod_vx=x
+ bash[16]'[' -n x ']'
+ bash[16]set +x
Shell debugging temporarily silenced: export LMOD_SH_DBG_ON=1 for this output (/apps/other/lmod/lmod/init/bash)
Shell debugging restarted
+ bash[224]unset __lmod_vx
+ atmos_ensstat.sh[3]grid=0p25
+ atmos_ensstat.sh[4]fhr3=000
+ atmos_ensstat.sh[5]grid_type=
+ atmos_ensstat.sh[7]mkdir 0p25
+ atmos_ensstat.sh[8]cd 0p25
+ atmos_ensstat.sh[11]input_files=()
+ atmos_ensstat.sh[12](( mem_num = 0 ))
+ atmos_ensstat.sh[12](( mem_num <= 2 ))
++ atmos_ensstat.sh[13]printf %03d 0
+ atmos_ensstat.sh[13]mem=000
+ atmos_ensstat.sh[14]MEMDIR=mem000
+ atmos_ensstat.sh[14]GRID=0p25
+ atmos_ensstat.sh[14]YMD=20210323
+ atmos_ensstat.sh[14]HH=12
+ atmos_ensstat.sh[14]declare_from_tmpl COMIN_ATMOS_GRIB:COM_ATMOS_GRIB_GRID_TMPL
+ environment[0][[ NO == \N\O ]]
+ environment[1]set +x
declare_from_tmpl :: COMIN_ATMOS_GRIB=/work2/noaa/global/mterry/RUNTESTS/COMROOT/C48_S2SWA_gefs/gefs.20210323/12/mem000/products/atmos/grib2/0p25
+ atmos_ensstat.sh[15]memfile_in=/work2/noaa/global/mterry/RUNTESTS/COMROOT/C48_S2SWA_gefs/gefs.20210323/12/mem000/products/atmos/grib2/0p25/gefs.t12z.pgrb2.0p25.f000
+ atmos_ensstat.sh[17][[ -r /work2/noaa/global/mterry/RUNTESTS/COMROOT/C48_S2SWA_gefs/gefs.20210323/12/mem000/products/atmos/grib2/0p25/gefs.t12z.pgrb2.0p25.f000.idx ]]
+ atmos_ensstat.sh[18]/bin/ln -sf /work2/noaa/global/mterry/RUNTESTS/COMROOT/C48_S2SWA_gefs/gefs.20210323/12/mem000/products/atmos/grib2/0p25/gefs.t12z.pgrb2.0p25.f000 mem000
+ atmos_ensstat.sh[19]input_files+=("mem${mem}")
+ atmos_ensstat.sh[12](( mem_num++ ))
+ atmos_ensstat.sh[12](( mem_num <= 2 ))
++ atmos_ensstat.sh[13]printf %03d 1
+ atmos_ensstat.sh[13]mem=001
+ atmos_ensstat.sh[14]MEMDIR=mem001
+ atmos_ensstat.sh[14]GRID=0p25
+ atmos_ensstat.sh[14]YMD=20210323
+ atmos_ensstat.sh[14]HH=12
+ atmos_ensstat.sh[14]declare_from_tmpl COMIN_ATMOS_GRIB:COM_ATMOS_GRIB_GRID_TMPL
+ environment[0][[ NO == \N\O ]]
+ environment[1]set +x
declare_from_tmpl :: COMIN_ATMOS_GRIB=/work2/noaa/global/mterry/RUNTESTS/COMROOT/C48_S2SWA_gefs/gefs.20210323/12/mem001/products/atmos/grib2/0p25
+ atmos_ensstat.sh[15]memfile_in=/work2/noaa/global/mterry/RUNTESTS/COMROOT/C48_S2SWA_gefs/gefs.20210323/12/mem001/products/atmos/grib2/0p25/gefs.t12z.pgrb2.0p25.f000
+ atmos_ensstat.sh[17][[ -r /work2/noaa/global/mterry/RUNTESTS/COMROOT/C48_S2SWA_gefs/gefs.20210323/12/mem001/products/atmos/grib2/0p25/gefs.t12z.pgrb2.0p25.f000.idx ]]
+ atmos_ensstat.sh[18]/bin/ln -sf /work2/noaa/global/mterry/RUNTESTS/COMROOT/C48_S2SWA_gefs/gefs.20210323/12/mem001/products/atmos/grib2/0p25/gefs.t12z.pgrb2.0p25.f000 mem001
+ atmos_ensstat.sh[19]input_files+=("mem${mem}")
+ atmos_ensstat.sh[12](( mem_num++ ))
+ atmos_ensstat.sh[12](( mem_num <= 2 ))
++ atmos_ensstat.sh[13]printf %03d 2
+ atmos_ensstat.sh[13]mem=002
+ atmos_ensstat.sh[14]MEMDIR=mem002
+ atmos_ensstat.sh[14]GRID=0p25
+ atmos_ensstat.sh[14]YMD=20210323
+ atmos_ensstat.sh[14]HH=12
+ atmos_ensstat.sh[14]declare_from_tmpl COMIN_ATMOS_GRIB:COM_ATMOS_GRIB_GRID_TMPL
+ environment[0][[ NO == \N\O ]]
+ environment[1]set +x
declare_from_tmpl :: COMIN_ATMOS_GRIB=/work2/noaa/global/mterry/RUNTESTS/COMROOT/C48_S2SWA_gefs/gefs.20210323/12/mem002/products/atmos/grib2/0p25
+ atmos_ensstat.sh[15]memfile_in=/work2/noaa/global/mterry/RUNTESTS/COMROOT/C48_S2SWA_gefs/gefs.20210323/12/mem002/products/atmos/grib2/0p25/gefs.t12z.pgrb2.0p25.f000
+ atmos_ensstat.sh[17][[ -r /work2/noaa/global/mterry/RUNTESTS/COMROOT/C48_S2SWA_gefs/gefs.20210323/12/mem002/products/atmos/grib2/0p25/gefs.t12z.pgrb2.0p25.f000.idx ]]
+ atmos_ensstat.sh[18]/bin/ln -sf /work2/noaa/global/mterry/RUNTESTS/COMROOT/C48_S2SWA_gefs/gefs.20210323/12/mem002/products/atmos/grib2/0p25/gefs.t12z.pgrb2.0p25.f000 mem002
+ atmos_ensstat.sh[19]input_files+=("mem${mem}")
+ atmos_ensstat.sh[12](( mem_num++ ))
+ atmos_ensstat.sh[12](( mem_num <= 2 ))
+ atmos_ensstat.sh[26]num_found=3
+ atmos_ensstat.sh[27]((  num_found != NMEM_ENS + 1  ))
+ atmos_ensstat.sh[33]mean_out=gefs.t12z.mean.pres_.0p25.f000.grib2
+ atmos_ensstat.sh[34]spr_out=gefs.t12z.spread.pres_.0p25.f000.grib2
+ atmos_ensstat.sh[36]cat
++ atmos_ensstat.sh[37](( filenum = 1 ))
++ atmos_ensstat.sh[37](( filenum <= num_found ))
++ atmos_ensstat.sh[38]echo '    cfipg(1)="mem000",'
++ atmos_ensstat.sh[39]echo '    iskip(1)=0,'
++ atmos_ensstat.sh[37](( filenum++  ))
++ atmos_ensstat.sh[37](( filenum <= num_found ))
++ atmos_ensstat.sh[38]echo '    cfipg(2)="mem001",'
++ atmos_ensstat.sh[39]echo '    iskip(2)=0,'
++ atmos_ensstat.sh[37](( filenum++  ))
++ atmos_ensstat.sh[37](( filenum <= num_found ))
++ atmos_ensstat.sh[38]echo '    cfipg(3)="mem002",'
++ atmos_ensstat.sh[39]echo '    iskip(3)=0,'
++ atmos_ensstat.sh[37](( filenum++  ))
++ atmos_ensstat.sh[37](( filenum <= num_found ))
+ atmos_ensstat.sh[58]cat input.nml
&namdim
    lfdim=''
/

&namens
    nfiles=3
    nenspost=0
    navg_min=2

    cfopg1="gefs.t12z.mean.pres_.0p25.f000.grib2"
    cfopg2="gefs.t12z.spread.pres_.0p25.f000.grib2"

    cfipg(1)="mem000",
    iskip(1)=0,
    cfipg(2)="mem001",
    iskip(2)=0,
    cfipg(3)="mem002",
    iskip(3)=0,
/
+ atmos_ensstat.sh[61]/work2/noaa/global/mterry/global-workflow_forked/exec/ensstat.x
 Input variables include 
  
 Input files size            3
    
 Input files include 
fort 10                                                                                            mem000
fort 11                                                                                            mem001
fort 12                                                                                            mem002
    
 Output files include 
 fort.          13 gefs.t12z.mean.pres_.0p25.f000.grib2
 fort.          14 gefs.t12z.spread.pres_.0p25.f000.grib2
    
 ----- Start Read Ensemble Forecast ------
    
 REC PDTN PD1 PD2 PD3 PD10   PD12  YEAR MN DY HR FHR E16 E17    LEN       MAX         MIN      EXAMPLE
   1    1   3   1   4 101       0  2021  3 23 12   0   3   0 1038240  106391.07   94325.07  101101.87
 
 ----- Ensemble Forecast for Member ------
    
 REC PDTN PD1 PD2 PD3 PD10   PD12  YEAR MN DY HR FHR E16 E17    LEN       MAX         MIN      EXAMPLE
   1    1   3   1   4 101       0  2021  3 23 12   0   3   1 1038240  106390.98   94325.19  101101.79
 
 REC PDTN PD1 PD2 PD3 PD10   PD12  YEAR MN DY HR FHR E16 E17    LEN       MAX         MIN      EXAMPLE
   1    1   3   1   4 101       0  2021  3 23 12   0   3   2 1038240  106391.23   94325.02  101101.83
 
    
  variable has member           3
    
    
  Combined Ensemble Data Example at Point 8601 
101101.9101101.8101101.8
    
 ens_avg(8601)=    101101.8    
 ens_spr(8601)=   3.9062504E-02
    
 ----- Output ensemble average and spread for Current Time ------
    
 gfldo%idrtmpl(3)=           1
 -----  Ensemble Average for Current Time ------
 REC PDTN PD1 PD2 PD3 PD10   PD12  YEAR MN DY HR FHR E16 E17    LEN       MAX         MIN      EXAMPLE
   1    2   3   1   4 101       0  2021  3 23 12   0   0   3 1038240  106391.10   94325.09  101101.83
 
 -----  Ensemble Spread for Current Time ------
 REC PDTN PD1 PD2 PD3 PD10   PD12  YEAR MN DY HR FHR E16 E17    LEN       MAX         MIN      EXAMPLE
   1    2   3   1   4 101       0  2021  3 23 12   0   2   3 1038240      25.33       0.04       0.04
 
 ----- Start Read Ensemble Forecast ------
    
 REC PDTN PD1 PD2 PD3 PD10   PD12  YEAR MN DY HR FHR E16 E17    LEN       MAX         MIN      EXAMPLE
   2    1  19   0   4   1       0  2021  3 23 12   0   3   0 1038240   24100.00       0.00    4700.00
 
 ----- Ensemble Forecast for Member ------
    
 REC PDTN PD1 PD2 PD3 PD10   PD12  YEAR MN DY HR FHR E16 E17    LEN       MAX         MIN      EXAMPLE
   2    1  19   0   4   1       0  2021  3 23 12   0   3   1 1038240   24100.00       0.00    4700.00
 
 REC PDTN PD1 PD2 PD3 PD10   PD12  YEAR MN DY HR FHR E16 E17    LEN       MAX         MIN      EXAMPLE
   2    1  19   0   4   1       0  2021  3 23 12   0   3   2 1038240   24100.00       0.00    4700.00
 
    
  variable has member           3
    
    
  Combined Ensemble Data Example at Point 8601 
  4700.0  4700.0  4700.0
    
 ens_avg(8601)=    4700.000    
 ens_spr(8601)=   0.0000000E+00
    
 ----- Output ensemble average and spread for Current Time ------
    
 gfldo%idrtmpl(3)=          -2
 -----  Ensemble Average for Current Time ------
 REC PDTN PD1 PD2 PD3 PD10   PD12  YEAR MN DY HR FHR E16 E17    LEN       MAX         MIN      EXAMPLE
   2    2  19   0   4   1       0  2021  3 23 12   0   0   3 1038240   24100.00       0.00    4700.00
 
 -----  Ensemble Spread for Current Time ------
 REC PDTN PD1 PD2 PD3 PD10   PD12  YEAR MN DY HR FHR E16 E17    LEN       MAX         MIN      EXAMPLE
   2    2  19   0   4   1       0  2021  3 23 12   0   2   3 1038240   13134.81       0.00       0.00
 
 ----- Start Read Ensemble Forecast ------
    
 REC PDTN PD1 PD2 PD3 PD10   PD12  YEAR MN DY HR FHR E16 E17    LEN       MAX         MIN      EXAMPLE
   3    1   2  22   4   1       0  2021  3 23 12   0   3   0 1038240      29.65       0.15      10.75
 
 ----- Ensemble Forecast for Member ------
    
 REC PDTN PD1 PD2 PD3 PD10   PD12  YEAR MN DY HR FHR E16 E17    LEN       MAX         MIN      EXAMPLE
   3    1   2  22   4   1       0  2021  3 23 12   0   3   1 1038240      29.65       0.15      10.75
 
 REC PDTN PD1 PD2 PD3 PD10   PD12  YEAR MN DY HR FHR E16 E17    LEN       MAX         MIN      EXAMPLE
   3    1   2  22   4   1       0  2021  3 23 12   0   3   2 1038240      29.65       0.15      10.75
 
    
  variable has member           3
    
    
  Combined Ensemble Data Example at Point 8601 
    10.7    10.7    10.7
    
 ens_avg(8601)=    10.74673    
 ens_spr(8601)=   0.0000000E+00
    
 ----- Output ensemble average and spread for Current Time ------
    
 gfldo%idrtmpl(3)=           1
 -----  Ensemble Average for Current Time ------
 REC PDTN PD1 PD2 PD3 PD10   PD12  YEAR MN DY HR FHR E16 E17    LEN       MAX         MIN      EXAMPLE
   3    2   2  22   4   1       0  2021  3 23 12   0   0   3 1038240      29.65       0.15      10.75
 
 -----  Ensemble Spread for Current Time ------
 REC PDTN PD1 PD2 PD3 PD10   PD12  YEAR MN DY HR FHR E16 E17    LEN       MAX         MIN      EXAMPLE
   3    2   2  22   4   1       0  2021  3 23 12   0   2   3 1038240       0.69       0.00       0.00
 
 ----- Start Read Ensemble Forecast ------
    
 REC PDTN PD1 PD2 PD3 PD10   PD12  YEAR MN DY HR FHR E16 E17    LEN       MAX         MIN      EXAMPLE
   4    1   3   5   4 100    1000  2021  3 23 12   0   3   0 1038240   31491.54   28831.71   28901.07
 
 ----- Ensemble Forecast for Member ------
    
 REC PDTN PD1 PD2 PD3 PD10   PD12  YEAR MN DY HR FHR E16 E17    LEN       MAX         MIN      EXAMPLE
   4    1   3   5   4 100    1000  2021  3 23 12   0   3   1 1038240   31491.54   28831.71   28901.07
 
 REC PDTN PD1 PD2 PD3 PD10   PD12  YEAR MN DY HR FHR E16 E17    LEN       MAX         MIN      EXAMPLE
   4    1   3   5   4 100    1000  2021  3 23 12   0   3   2 1038240   31491.54   28831.71   28901.07
 
    
  variable has member           3
    
    
  Combined Ensemble Data Example at Point 8601 
 28901.1 28901.1 28901.1
    
 ens_avg(8601)=    28901.07    
 ens_spr(8601)=   2.3920799E-03
    
 ----- Output ensemble average and spread for Current Time ------
    
 gfldo%idrtmpl(3)=           2
 -----  Ensemble Average for Current Time ------
 REC PDTN PD1 PD2 PD3 PD10   PD12  YEAR MN DY HR FHR E16 E17    LEN       MAX         MIN      EXAMPLE
   4    2   3   5   4 100    1000  2021  3 23 12   0   0   3 1038240   31491.54   28831.71   28901.07
 
 -----  Ensemble Spread for Current Time ------
 REC PDTN PD1 PD2 PD3 PD10   PD12  YEAR MN DY HR FHR E16 E17    LEN       MAX         MIN      EXAMPLE
   4    2   3   5   4 100    1000  2021  3 23 12   0   2   3 1038240       0.05       0.00       0.00
 
 ----- Start Read Ensemble Forecast ------
    
 REC PDTN PD1 PD2 PD3 PD10   PD12  YEAR MN DY HR FHR E16 E17    LEN       MAX         MIN      EXAMPLE
   5    1   0   0   4 100    1000  2021  3 23 12   0   3   0 1038240     243.85     206.35     215.85
 
 ----- Ensemble Forecast for Member ------
    
 REC PDTN PD1 PD2 PD3 PD10   PD12  YEAR MN DY HR FHR E16 E17    LEN       MAX         MIN      EXAMPLE
   5    1   0   0   4 100    1000  2021  3 23 12   0   3   1 1038240     243.85     206.35     215.85
 
 REC PDTN PD1 PD2 PD3 PD10   PD12  YEAR MN DY HR FHR E16 E17    LEN       MAX         MIN      EXAMPLE
   5    1   0   0   4 100    1000  2021  3 23 12   0   3   2 1038240     243.85     206.35     215.85
 
    
  variable has member           3
    
    
  Combined Ensemble Data Example at Point 8601 
   215.8   215.8   215.8
    
 ens_avg(8601)=    215.8484    
 ens_spr(8601)=   1.8688124E-05
    
 ----- Output ensemble average and spread for Current Time ------
    
 gfldo%idrtmpl(3)=           1
 -----  Ensemble Average for Current Time ------
 REC PDTN PD1 PD2 PD3 PD10   PD12  YEAR MN DY HR FHR E16 E17    LEN       MAX         MIN      EXAMPLE
   5    2   0   0   4 100    1000  2021  3 23 12   0   0   3 1038240     243.85     206.35     215.85
 
 -----  Ensemble Spread for Current Time ------
 REC PDTN PD1 PD2 PD3 PD10   PD12  YEAR MN DY HR FHR E16 E17    LEN       MAX         MIN      EXAMPLE
   5    2   0   0   4 100    1000  2021  3 23 12   0   2   3 1038240       0.06       0.00       0.00
 
 ----- Start Read Ensemble Forecast ------
    
 REC PDTN PD1 PD2 PD3 PD10   PD12  YEAR MN DY HR FHR E16 E17    LEN       MAX         MIN      EXAMPLE
   6    1   1   1   4 100    1000  2021  3 23 12   0   3   0 1038240       0.80       0.00       0.20
 
 ----- Ensemble Forecast for Member ------
    
 REC PDTN PD1 PD2 PD3 PD10   PD12  YEAR MN DY HR FHR E16 E17    LEN       MAX         MIN      EXAMPLE
   6    1   1   1   4 100    1000  2021  3 23 12   0   3   1 1038240       0.80       0.00       0.20
 
 REC PDTN PD1 PD2 PD3 PD10   PD12  YEAR MN DY HR FHR E16 E17    LEN       MAX         MIN      EXAMPLE
   6    1   1   1   4 100    1000  2021  3 23 12   0   3   2 1038240       0.80       0.00       0.20
 
    
  variable has member           3
    
    
  Combined Ensemble Data Example at Point 8601 
     0.2     0.2     0.2
    
 ens_avg(8601)=   0.2000000    
 ens_spr(8601)=   1.8250121E-08
    
 ----- Output ensemble average and spread for Current Time ------
    
 gfldo%idrtmpl(3)=           1
 -----  Ensemble Average for Current Time ------
 REC PDTN PD1 PD2 PD3 PD10   PD12  YEAR MN DY HR FHR E16 E17    LEN       MAX         MIN      EXAMPLE
   6    2   1   1   4 100    1000  2021  3 23 12   0   0   3 1038240       0.80       0.00       0.20
 
 -----  Ensemble Spread for Current Time ------
 REC PDTN PD1 PD2 PD3 PD10   PD12  YEAR MN DY HR FHR E16 E17    LEN       MAX         MIN      EXAMPLE
   6    2   1   1   4 100    1000  2021  3 23 12   0   2   3 1038240       0.06       0.00       0.00
 
 ----- Start Read Ensemble Forecast ------
    
 REC PDTN PD1 PD2 PD3 PD10   PD12  YEAR MN DY HR FHR E16 E17    LEN       MAX         MIN      EXAMPLE
   7    1   2   2   4 100    1000  2021  3 23 12   0   3   0 1038240      81.34     -49.76      13.84
 
 ----- Ensemble Forecast for Member ------
    
 REC PDTN PD1 PD2 PD3 PD10   PD12  YEAR MN DY HR FHR E16 E17    LEN       MAX         MIN      EXAMPLE
   7    1   2   2   4 100    1000  2021  3 23 12   0   3   1 1038240      81.34     -49.76      13.84
 
 REC PDTN PD1 PD2 PD3 PD10   PD12  YEAR MN DY HR FHR E16 E17    LEN       MAX         MIN      EXAMPLE
   7    1   2   2   4 100    1000  2021  3 23 12   0   3   2 1038240      81.34     -49.76      13.84
 
    
  variable has member           3
    
    
  Combined Ensemble Data Example at Point 8601 
    13.8    13.8    13.8
    
 ens_avg(8601)=    13.84001    
 ens_spr(8601)=   0.0000000E+00
    
 ----- Output ensemble average and spread for Current Time ------
    
 gfldo%idrtmpl(3)=           2
 -----  Ensemble Average for Current Time ------
 REC PDTN PD1 PD2 PD3 PD10   PD12  YEAR MN DY HR FHR E16 E17    LEN       MAX         MIN      EXAMPLE
   7    2   2   2   4 100    1000  2021  3 23 12   0   0   3 1038240      81.34     -49.76      13.84
 
 -----  Ensemble Spread for Current Time ------
 REC PDTN PD1 PD2 PD3 PD10   PD12  YEAR MN DY HR FHR E16 E17    LEN       MAX         MIN      EXAMPLE
   7    2   2   2   4 100    1000  2021  3 23 12   0   2   3 1038240       0.00       0.00       0.00
 
 ----- Start Read Ensemble Forecast ------
    
 REC PDTN PD1 PD2 PD3 PD10   PD12  YEAR MN DY HR FHR E16 E17    LEN       MAX         MIN      EXAMPLE
   8    1   2   3   4 100    1000  2021  3 23 12   0   3   0 1038240      35.17     -40.04      -1.75
 
 ----- Ensemble Forecast for Member ------
    
 REC PDTN PD1 PD2 PD3 PD10   PD12  YEAR MN DY HR FHR E16 E17    LEN       MAX         MIN      EXAMPLE
   8    1   2   3   4 100    1000  2021  3 23 12   0   3   1 1038240      35.17     -40.04      -1.75
 
 REC PDTN PD1 PD2 PD3 PD10   PD12  YEAR MN DY HR FHR E16 E17    LEN       MAX         MIN      EXAMPLE
   8    1   2   3   4 100    1000  2021  3 23 12   0   3   2 1038240      35.17     -40.04      -1.75
 
    
  variable has member           3
    
    
  Combined Ensemble Data Example at Point 8601 
    -1.7    -1.7    -1.7
    
 ens_avg(8601)=   -1.749849    
 ens_spr(8601)=   0.0000000E+00
    
 ----- Output ensemble average and spread for Current Time ------
    
 gfldo%idrtmpl(3)=           2
 -----  Ensemble Average for Current Time ------
 REC PDTN PD1 PD2 PD3 PD10   PD12  YEAR MN DY HR FHR E16 E17    LEN       MAX         MIN      EXAMPLE
   8    2   2   3   4 100    1000  2021  3 23 12   0   0   3 1038240      35.17     -40.04      -1.75
 
 -----  Ensemble Spread for Current Time ------
 REC PDTN PD1 PD2 PD3 PD10   PD12  YEAR MN DY HR FHR E16 E17    LEN       MAX         MIN      EXAMPLE
   8    2   2   3   4 100    1000  2021  3 23 12   0   2   3 1038240       0.00       0.00       0.00
 
 ----- Start Read Ensemble Forecast ------
    
 REC PDTN PD1 PD2 PD3 PD10   PD12  YEAR MN DY HR FHR E16 E17    LEN       MAX         MIN      EXAMPLE
   9    1   3   5   4 100    5000  2021  3 23 12   0   3   0 1038240   20710.45   19131.56   19211.69
 
 ----- Ensemble Forecast for Member ------
    
 REC PDTN PD1 PD2 PD3 PD10   PD12  YEAR MN DY HR FHR E16 E17    LEN       MAX         MIN      EXAMPLE
   9    1   3   5   4 100    5000  2021  3 23 12   0   3   1 1038240   20710.45   19131.56   19211.69
 
 REC PDTN PD1 PD2 PD3 PD10   PD12  YEAR MN DY HR FHR E16 E17    LEN       MAX         MIN      EXAMPLE
   9    1   3   5   4 100    5000  2021  3 23 12   0   3   2 1038240   20710.45   19131.56   19211.69
 
    
  variable has member           3
    
    
  Combined Ensemble Data Example at Point 8601 
 19211.7 19211.7 19211.7
    
 ens_avg(8601)=    19211.69    
 ens_spr(8601)=   2.3920799E-03
    
 ----- Output ensemble average and spread for Current Time ------
    
 gfldo%idrtmpl(3)=           2
 -----  Ensemble Average for Current Time ------
 REC PDTN PD1 PD2 PD3 PD10   PD12  YEAR MN DY HR FHR E16 E17    LEN       MAX         MIN      EXAMPLE
   9    2   3   5   4 100    5000  2021  3 23 12   0   0   3 1038240   20710.45   19131.57   19211.69
 
 -----  Ensemble Spread for Current Time ------
 REC PDTN PD1 PD2 PD3 PD10   PD12  YEAR MN DY HR FHR E16 E17    LEN       MAX         MIN      EXAMPLE
   9    2   3   5   4 100    5000  2021  3 23 12   0   2   3 1038240       0.02       0.00       0.00
 
 ----- Start Read Ensemble Forecast ------
    
 REC PDTN PD1 PD2 PD3 PD10   PD12  YEAR MN DY HR FHR E16 E17    LEN       MAX         MIN      EXAMPLE
  10    1   0   0   4 100    5000  2021  3 23 12   0   3   0 1038240     226.62     200.42     203.42
 
 ----- Ensemble Forecast for Member ------
    
 REC PDTN PD1 PD2 PD3 PD10   PD12  YEAR MN DY HR FHR E16 E17    LEN       MAX         MIN      EXAMPLE
  10    1   0   0   4 100    5000  2021  3 23 12   0   3   1 1038240     226.62     200.42     203.42
 
 REC PDTN PD1 PD2 PD3 PD10   PD12  YEAR MN DY HR FHR E16 E17    LEN       MAX         MIN      EXAMPLE
  10    1   0   0   4 100    5000  2021  3 23 12   0   3   2 1038240     226.63     200.43     203.43
 
    
  variable has member           3
    
    
  Combined Ensemble Data Example at Point 8601 
   203.4   203.4   203.4
    
 ens_avg(8601)=    203.4242    
 ens_spr(8601)=   3.8058218E-03
    
 ----- Output ensemble average and spread for Current Time ------
    
 gfldo%idrtmpl(3)=           1
 -----  Ensemble Average for Current Time ------
 REC PDTN PD1 PD2 PD3 PD10   PD12  YEAR MN DY HR FHR E16 E17    LEN       MAX         MIN      EXAMPLE
  10    2   0   0   4 100    5000  2021  3 23 12   0   0   3 1038240     226.62     200.42     203.42
 
 -----  Ensemble Spread for Current Time ------
 REC PDTN PD1 PD2 PD3 PD10   PD12  YEAR MN DY HR FHR E16 E17    LEN       MAX         MIN      EXAMPLE
  10    2   0   0   4 100    5000  2021  3 23 12   0   2   3 1038240       0.06       0.00       0.00
 
 ----- Start Read Ensemble Forecast ------
    
 REC PDTN PD1 PD2 PD3 PD10   PD12  YEAR MN DY HR FHR E16 E17    LEN       MAX         MIN      EXAMPLE
  11    1   1   1   4 100    5000  2021  3 23 12   0   3   0 1038240       9.80       0.10       6.30
 
 ----- Ensemble Forecast for Member ------
    
 REC PDTN PD1 PD2 PD3 PD10   PD12  YEAR MN DY HR FHR E16 E17    LEN       MAX         MIN      EXAMPLE
  11    1   1   1   4 100    5000  2021  3 23 12   0   3   1 1038240       9.80       0.10       6.30
 
 REC PDTN PD1 PD2 PD3 PD10   PD12  YEAR MN DY HR FHR E16 E17    LEN       MAX         MIN      EXAMPLE
  11    1   1   1   4 100    5000  2021  3 23 12   0   3   2 1038240       9.80       0.10       6.30
 
    
  variable has member           3
    
    
  Combined Ensemble Data Example at Point 8601 
     6.3     6.3     6.3
    
 ens_avg(8601)=    6.300000    
 ens_spr(8601)=   0.0000000E+00
    
 ----- Output ensemble average and spread for Current Time ------
    
 gfldo%idrtmpl(3)=           1
 -----  Ensemble Average for Current Time ------
 REC PDTN PD1 PD2 PD3 PD10   PD12  YEAR MN DY HR FHR E16 E17    LEN       MAX         MIN      EXAMPLE
  11    2   1   1   4 100    5000  2021  3 23 12   0   0   3 1038240       9.80       0.10       6.30
 
 -----  Ensemble Spread for Current Time ------
 REC PDTN PD1 PD2 PD3 PD10   PD12  YEAR MN DY HR FHR E16 E17    LEN       MAX         MIN      EXAMPLE
  11    2   1   1   4 100    5000  2021  3 23 12   0   2   3 1038240       0.06       0.00       0.00
 
 ----- Start Read Ensemble Forecast ------
    
 REC PDTN PD1 PD2 PD3 PD10   PD12  YEAR MN DY HR FHR E16 E17    LEN       MAX         MIN      EXAMPLE
  12    1   2   2   4 100    5000  2021  3 23 12   0   3   0 1038240      48.13     -15.91      11.85
 
 ----- Ensemble Forecast for Member ------
    
 REC PDTN PD1 PD2 PD3 PD10   PD12  YEAR MN DY HR FHR E16 E17    LEN       MAX         MIN      EXAMPLE
  12    1   2   2   4 100    5000  2021  3 23 12   0   3   1 1038240      48.13     -15.91      11.85
 
 REC PDTN PD1 PD2 PD3 PD10   PD12  YEAR MN DY HR FHR E16 E17    LEN       MAX         MIN      EXAMPLE
  12    1   2   2   4 100    5000  2021  3 23 12   0   3   2 1038240      48.14     -15.91      11.86
 
    
  variable has member           3
    
    
  Combined Ensemble Data Example at Point 8601 
    11.9    11.9    11.9
    
 ens_avg(8601)=    11.85476    
 ens_spr(8601)=   5.0904462E-04
    
 ----- Output ensemble average and spread for Current Time ------
    
 gfldo%idrtmpl(3)=           2
 -----  Ensemble Average for Current Time ------
 REC PDTN PD1 PD2 PD3 PD10   PD12  YEAR MN DY HR FHR E16 E17    LEN       MAX         MIN      EXAMPLE
  12    2   2   2   4 100    5000  2021  3 23 12   0   0   3 1038240      48.13     -15.91      11.85
 
 -----  Ensemble Spread for Current Time ------
 REC PDTN PD1 PD2 PD3 PD10   PD12  YEAR MN DY HR FHR E16 E17    LEN       MAX         MIN      EXAMPLE
  12    2   2   2   4 100    5000  2021  3 23 12   0   2   3 1038240       0.07       0.00       0.00
 
 ----- Start Read Ensemble Forecast ------
    
 REC PDTN PD1 PD2 PD3 PD10   PD12  YEAR MN DY HR FHR E16 E17    LEN       MAX         MIN      EXAMPLE
  13    1   2   3   4 100    5000  2021  3 23 12   0   3   0 1038240      24.37     -24.50       1.70
 
 ----- Ensemble Forecast for Member ------
    
 REC PDTN PD1 PD2 PD3 PD10   PD12  YEAR MN DY HR FHR E16 E17    LEN       MAX         MIN      EXAMPLE
  13    1   2   3   4 100    5000  2021  3 23 12   0   3   1 1038240      24.38     -24.49       1.71
 
 REC PDTN PD1 PD2 PD3 PD10   PD12  YEAR MN DY HR FHR E16 E17    LEN       MAX         MIN      EXAMPLE
  13    1   2   3   4 100    5000  2021  3 23 12   0   3   2 1038240      24.36     -24.50       1.71
 
    
  variable has member           3
    
    
  Combined Ensemble Data Example at Point 8601 
     1.7     1.7     1.7
    
 ens_avg(8601)=    1.704281    
 ens_spr(8601)=   5.7734973E-03
    
 ----- Output ensemble average and spread for Current Time ------
    
 gfldo%idrtmpl(3)=           2
 -----  Ensemble Average for Current Time ------
 REC PDTN PD1 PD2 PD3 PD10   PD12  YEAR MN DY HR FHR E16 E17    LEN       MAX         MIN      EXAMPLE
  13    2   2   3   4 100    5000  2021  3 23 12   0   0   3 1038240      24.37     -24.50       1.70
 
 -----  Ensemble Spread for Current Time ------
 REC PDTN PD1 PD2 PD3 PD10   PD12  YEAR MN DY HR FHR E16 E17    LEN       MAX         MIN      EXAMPLE
  13    2   2   3   4 100    5000  2021  3 23 12   0   2   3 1038240       0.04       0.00       0.01
 
 ----- Start Read Ensemble Forecast ------
    
 REC PDTN PD1 PD2 PD3 PD10   PD12  YEAR MN DY HR FHR E16 E17    LEN       MAX         MIN      EXAMPLE
  14    1   3   5   4 100   10000  2021  3 23 12   0   3   0 1038240   16612.75   15004.87   15035.59
 
 ----- Ensemble Forecast for Member ------
    
 REC PDTN PD1 PD2 PD3 PD10   PD12  YEAR MN DY HR FHR E16 E17    LEN       MAX         MIN      EXAMPLE
  14    1   3   5   4 100   10000  2021  3 23 12   0   3   1 1038240   16612.75   15004.87   15035.59
 
 REC PDTN PD1 PD2 PD3 PD10   PD12  YEAR MN DY HR FHR E16 E17    LEN       MAX         MIN      EXAMPLE
  14    1   3   5   4 100   10000  2021  3 23 12   0   3   2 1038240   16612.75   15004.87   15035.59
 
    
  variable has member           3
    
    
  Combined Ensemble Data Example at Point 8601 
 15035.6 15035.6 15035.6
    
 ens_avg(8601)=    15035.59    
 ens_spr(8601)=   0.0000000E+00
    
 ----- Output ensemble average and spread for Current Time ------
    
 gfldo%idrtmpl(3)=           2
 -----  Ensemble Average for Current Time ------
 REC PDTN PD1 PD2 PD3 PD10   PD12  YEAR MN DY HR FHR E16 E17    LEN       MAX         MIN      EXAMPLE
  14    2   3   5   4 100   10000  2021  3 23 12   0   0   3 1038240   16612.75   15004.87   15035.59
 
 -----  Ensemble Spread for Current Time ------
 REC PDTN PD1 PD2 PD3 PD10   PD12  YEAR MN DY HR FHR E16 E17    LEN       MAX         MIN      EXAMPLE
  14    2   3   5   4 100   10000  2021  3 23 12   0   2   3 1038240       0.25       0.00       0.00
 
 ----- Start Read Ensemble Forecast ------
    
 REC PDTN PD1 PD2 PD3 PD10   PD12  YEAR MN DY HR FHR E16 E17    LEN       MAX         MIN      EXAMPLE
  15    1   0   0   4 100   10000  2021  3 23 12   0   3   0 1038240     227.41     186.41     208.31
 
 ----- Ensemble Forecast for Member ------
    
 REC PDTN PD1 PD2 PD3 PD10   PD12  YEAR MN DY HR FHR E16 E17    LEN       MAX         MIN      EXAMPLE
  15    1   0   0   4 100   10000  2021  3 23 12   0   3   1 1038240     227.41     186.41     208.31
 
 REC PDTN PD1 PD2 PD3 PD10   PD12  YEAR MN DY HR FHR E16 E17    LEN       MAX         MIN      EXAMPLE
  15    1   0   0   4 100   10000  2021  3 23 12   0   3   2 1038240     227.41     186.41     208.31
 
    
  variable has member           3
    
    
  Combined Ensemble Data Example at Point 8601 
   208.3   208.3   208.3
    
 ens_avg(8601)=    208.3057    
 ens_spr(8601)=   0.0000000E+00
    
 ----- Output ensemble average and spread for Current Time ------
    
 gfldo%idrtmpl(3)=           1
 -----  Ensemble Average for Current Time ------
 REC PDTN PD1 PD2 PD3 PD10   PD12  YEAR MN DY HR FHR E16 E17    LEN       MAX         MIN      EXAMPLE
  15    2   0   0   4 100   10000  2021  3 23 12   0   0   3 1038240     227.41     186.41     208.31
 
 -----  Ensemble Spread for Current Time ------
 REC PDTN PD1 PD2 PD3 PD10   PD12  YEAR MN DY HR FHR E16 E17    LEN       MAX         MIN      EXAMPLE
  15    2   0   0   4 100   10000  2021  3 23 12   0   2   3 1038240       0.29       0.00       0.00
 
 ----- Start Read Ensemble Forecast ------
    
 REC PDTN PD1 PD2 PD3 PD10   PD12  YEAR MN DY HR FHR E16 E17    LEN       MAX         MIN      EXAMPLE
  16    1   1   1   4 100   10000  2021  3 23 12   0   3   0 1038240      57.30       0.20       4.20
 
 ----- Ensemble Forecast for Member ------
    
 REC PDTN PD1 PD2 PD3 PD10   PD12  YEAR MN DY HR FHR E16 E17    LEN       MAX         MIN      EXAMPLE
  16    1   1   1   4 100   10000  2021  3 23 12   0   3   1 1038240      57.30       0.20       4.20
 
 REC PDTN PD1 PD2 PD3 PD10   PD12  YEAR MN DY HR FHR E16 E17    LEN       MAX         MIN      EXAMPLE
  16    1   1   1   4 100   10000  2021  3 23 12   0   3   2 1038240      57.30       0.20       4.20
 
    
  variable has member           3
    
    
  Combined Ensemble Data Example at Point 8601 
     4.2     4.2     4.2
    
 ens_avg(8601)=    4.200000    
 ens_spr(8601)=   0.0000000E+00
    
 ----- Output ensemble average and spread for Current Time ------
    
 gfldo%idrtmpl(3)=           1
 -----  Ensemble Average for Current Time ------
 REC PDTN PD1 PD2 PD3 PD10   PD12  YEAR MN DY HR FHR E16 E17    LEN       MAX         MIN      EXAMPLE
  16    2   1   1   4 100   10000  2021  3 23 12   0   0   3 1038240      57.30       0.20       4.20
 
 -----  Ensemble Spread for Current Time ------
 REC PDTN PD1 PD2 PD3 PD10   PD12  YEAR MN DY HR FHR E16 E17    LEN       MAX         MIN      EXAMPLE
  16    2   1   1   4 100   10000  2021  3 23 12   0   2   3 1038240       2.47       0.00       0.00
 
 ----- Start Read Ensemble Forecast ------
    
 REC PDTN PD1 PD2 PD3 PD10   PD12  YEAR MN DY HR FHR E16 E17    LEN       MAX         MIN      EXAMPLE
  17    1   2   2   4 100   10000  2021  3 23 12   0   3   0 1038240      41.61     -24.23       9.74
 
 ----- Ensemble Forecast for Member ------
    
 REC PDTN PD1 PD2 PD3 PD10   PD12  YEAR MN DY HR FHR E16 E17    LEN       MAX         MIN      EXAMPLE
  17    1   2   2   4 100   10000  2021  3 23 12   0   3   1 1038240      41.60     -24.25       9.74
 
 REC PDTN PD1 PD2 PD3 PD10   PD12  YEAR MN DY HR FHR E16 E17    LEN       MAX         MIN      EXAMPLE
  17    1   2   2   4 100   10000  2021  3 23 12   0   3   2 1038240      41.64     -24.24       9.75
 
    
  variable has member           3
    
    
  Combined Ensemble Data Example at Point 8601 
     9.7     9.7     9.8
    
 ens_avg(8601)=    9.747614    
 ens_spr(8601)=   6.3104741E-03
    
 ----- Output ensemble average and spread for Current Time ------
    
 gfldo%idrtmpl(3)=           2
 -----  Ensemble Average for Current Time ------
 REC PDTN PD1 PD2 PD3 PD10   PD12  YEAR MN DY HR FHR E16 E17    LEN       MAX         MIN      EXAMPLE
  17    2   2   2   4 100   10000  2021  3 23 12   0   0   3 1038240      41.62     -24.24       9.75
 
 -----  Ensemble Spread for Current Time ------
 REC PDTN PD1 PD2 PD3 PD10   PD12  YEAR MN DY HR FHR E16 E17    LEN       MAX         MIN      EXAMPLE
  17    2   2   2   4 100   10000  2021  3 23 12   0   2   3 1038240       0.23       0.00       0.01
 
 ----- Start Read Ensemble Forecast ------
    
 REC PDTN PD1 PD2 PD3 PD10   PD12  YEAR MN DY HR FHR E16 E17    LEN       MAX         MIN      EXAMPLE
  18    1   2   3   4 100   10000  2021  3 23 12   0   3   0 1038240      28.03     -21.97       1.40
 
 ----- Ensemble Forecast for Member ------
    
 REC PDTN PD1 PD2 PD3 PD10   PD12  YEAR MN DY HR FHR E16 E17    LEN       MAX         MIN      EXAMPLE
  18    1   2   3   4 100   10000  2021  3 23 12   0   3   1 1038240      28.06     -21.96       1.41
 
 REC PDTN PD1 PD2 PD3 PD10   PD12  YEAR MN DY HR FHR E16 E17    LEN       MAX         MIN      EXAMPLE
  18    1   2   3   4 100   10000  2021  3 23 12   0   3   2 1038240      28.08     -21.95       1.41
 
    
  variable has member           3
    
    
  Combined Ensemble Data Example at Point 8601 
     1.4     1.4     1.4
    
 ens_avg(8601)=    1.408725    
 ens_spr(8601)=   5.7734973E-03
    
 ----- Output ensemble average and spread for Current Time ------
    
 gfldo%idrtmpl(3)=           2
 -----  Ensemble Average for Current Time ------
 REC PDTN PD1 PD2 PD3 PD10   PD12  YEAR MN DY HR FHR E16 E17    LEN       MAX         MIN      EXAMPLE
  18    2   2   3   4 100   10000  2021  3 23 12   0   0   3 1038240      28.06     -21.96       1.41
 
 -----  Ensemble Spread for Current Time ------
 REC PDTN PD1 PD2 PD3 PD10   PD12  YEAR MN DY HR FHR E16 E17    LEN       MAX         MIN      EXAMPLE
  18    2   2   3   4 100   10000  2021  3 23 12   0   2   3 1038240       0.41       0.00       0.01
 
 ----- Start Read Ensemble Forecast ------
    
 REC PDTN PD1 PD2 PD3 PD10   PD12  YEAR MN DY HR FHR E16 E17    LEN       MAX         MIN      EXAMPLE
  19    1   3   5   4 100   20000  2021  3 23 12   0   3   0 1038240   12486.06   10735.98   10766.42
 
 ----- Ensemble Forecast for Member ------
    
 REC PDTN PD1 PD2 PD3 PD10   PD12  YEAR MN DY HR FHR E16 E17    LEN       MAX         MIN      EXAMPLE
  19    1   3   5   4 100   20000  2021  3 23 12   0   3   1 1038240   12486.06   10735.98   10766.42
 
 REC PDTN PD1 PD2 PD3 PD10   PD12  YEAR MN DY HR FHR E16 E17    LEN       MAX         MIN      EXAMPLE
  19    1   3   5   4 100   20000  2021  3 23 12   0   3   2 1038240   12486.06   10735.98   10766.42
 
    
  variable has member           3
    
    
  Combined Ensemble Data Example at Point 8601 
 10766.4 10766.4 10766.4
    
 ens_avg(8601)=    10766.42    
 ens_spr(8601)=   0.0000000E+00
    
 ----- Output ensemble average and spread for Current Time ------
    
 gfldo%idrtmpl(3)=           2
 -----  Ensemble Average for Current Time ------
 REC PDTN PD1 PD2 PD3 PD10   PD12  YEAR MN DY HR FHR E16 E17    LEN       MAX         MIN      EXAMPLE
  19    2   3   5   4 100   20000  2021  3 23 12   0   0   3 1038240   12486.06   10735.98   10766.42
 
 -----  Ensemble Spread for Current Time ------
 REC PDTN PD1 PD2 PD3 PD10   PD12  YEAR MN DY HR FHR E16 E17    LEN       MAX         MIN      EXAMPLE
  19    2   3   5   4 100   20000  2021  3 23 12   0   2   3 1038240       0.17       0.00       0.00
 
 ----- Start Read Ensemble Forecast ------
    
 REC PDTN PD1 PD2 PD3 PD10   PD12  YEAR MN DY HR FHR E16 E17    LEN       MAX         MIN      EXAMPLE
  20    1   0   0   4 100   20000  2021  3 23 12   0   3   0 1038240     232.83     205.23     212.53
 
 ----- Ensemble Forecast for Member ------
    
 REC PDTN PD1 PD2 PD3 PD10   PD12  YEAR MN DY HR FHR E16 E17    LEN       MAX         MIN      EXAMPLE
  20    1   0   0   4 100   20000  2021  3 23 12   0   3   1 1038240     232.83     205.23     212.53
 
 REC PDTN PD1 PD2 PD3 PD10   PD12  YEAR MN DY HR FHR E16 E17    LEN       MAX         MIN      EXAMPLE
  20    1   0   0   4 100   20000  2021  3 23 12   0   3   2 1038240     232.83     205.23     212.53
 
    
  variable has member           3
    
    
  Combined Ensemble Data Example at Point 8601 
   212.5   212.5   212.5
    
 ens_avg(8601)=    212.5330    
 ens_spr(8601)=   1.8688124E-05
    
 ----- Output ensemble average and spread for Current Time ------
    
 gfldo%idrtmpl(3)=           1
 -----  Ensemble Average for Current Time ------
 REC PDTN PD1 PD2 PD3 PD10   PD12  YEAR MN DY HR FHR E16 E17    LEN       MAX         MIN      EXAMPLE
  20    2   0   0   4 100   20000  2021  3 23 12   0   0   3 1038240     232.83     205.23     212.53
 
 -----  Ensemble Spread for Current Time ------
 REC PDTN PD1 PD2 PD3 PD10   PD12  YEAR MN DY HR FHR E16 E17    LEN       MAX         MIN      EXAMPLE
  20    2   0   0   4 100   20000  2021  3 23 12   0   2   3 1038240       0.26       0.00       0.00
 
 ----- Start Read Ensemble Forecast ------
    
 REC PDTN PD1 PD2 PD3 PD10   PD12  YEAR MN DY HR FHR E16 E17    LEN       MAX         MIN      EXAMPLE
  21    1   1   1   4 100   20000  2021  3 23 12   0   3   0 1038240      63.70       0.20       7.90
 
 ----- Ensemble Forecast for Member ------
    
 REC PDTN PD1 PD2 PD3 PD10   PD12  YEAR MN DY HR FHR E16 E17    LEN       MAX         MIN      EXAMPLE
  21    1   1   1   4 100   20000  2021  3 23 12   0   3   1 1038240      63.60       0.20       7.90
 
 REC PDTN PD1 PD2 PD3 PD10   PD12  YEAR MN DY HR FHR E16 E17    LEN       MAX         MIN      EXAMPLE
  21    1   1   1   4 100   20000  2021  3 23 12   0   3   2 1038240      63.70       0.20       7.90
 
    
  variable has member           3
    
    
  Combined Ensemble Data Example at Point 8601 
     7.9     7.9     7.9
    
 ens_avg(8601)=    7.900001    
 ens_spr(8601)=   5.8400389E-07
    
 ----- Output ensemble average and spread for Current Time ------
    
 gfldo%idrtmpl(3)=           1
 -----  Ensemble Average for Current Time ------
 REC PDTN PD1 PD2 PD3 PD10   PD12  YEAR MN DY HR FHR E16 E17    LEN       MAX         MIN      EXAMPLE
  21    2   1   1   4 100   20000  2021  3 23 12   0   0   3 1038240      63.60       0.20       7.90
 
 -----  Ensemble Spread for Current Time ------
 REC PDTN PD1 PD2 PD3 PD10   PD12  YEAR MN DY HR FHR E16 E17    LEN       MAX         MIN      EXAMPLE
  21    2   1   1   4 100   20000  2021  3 23 12   0   2   3 1038240      10.62       0.00       0.00
 
 ----- Start Read Ensemble Forecast ------
    
 REC PDTN PD1 PD2 PD3 PD10   PD12  YEAR MN DY HR FHR E16 E17    LEN       MAX         MIN      EXAMPLE
  22    1   2   2   4 100   20000  2021  3 23 12   0   3   0 1038240      80.93     -18.77       4.83
 
 ----- Ensemble Forecast for Member ------
    
 REC PDTN PD1 PD2 PD3 PD10   PD12  YEAR MN DY HR FHR E16 E17    LEN       MAX         MIN      EXAMPLE
  22    1   2   2   4 100   20000  2021  3 23 12   0   3   1 1038240      80.93     -18.77       4.83
 
 REC PDTN PD1 PD2 PD3 PD10   PD12  YEAR MN DY HR FHR E16 E17    LEN       MAX         MIN      EXAMPLE
  22    1   2   2   4 100   20000  2021  3 23 12   0   3   2 1038240      80.93     -18.77       4.93
 
    
  variable has member           3
    
    
  Combined Ensemble Data Example at Point 8601 
     4.8     4.8     4.9
    
 ens_avg(8601)=    4.860951    
 ens_spr(8601)=   5.9820939E-02
    
 ----- Output ensemble average and spread for Current Time ------
    
 gfldo%idrtmpl(3)=           1
 -----  Ensemble Average for Current Time ------
 REC PDTN PD1 PD2 PD3 PD10   PD12  YEAR MN DY HR FHR E16 E17    LEN       MAX         MIN      EXAMPLE
  22    2   2   2   4 100   20000  2021  3 23 12   0   0   3 1038240      80.93     -18.77       4.86
 
 -----  Ensemble Spread for Current Time ------
 REC PDTN PD1 PD2 PD3 PD10   PD12  YEAR MN DY HR FHR E16 E17    LEN       MAX         MIN      EXAMPLE
  22    2   2   2   4 100   20000  2021  3 23 12   0   2   3 1038240       0.15       0.00       0.06
 
 ----- Start Read Ensemble Forecast ------
    
 REC PDTN PD1 PD2 PD3 PD10   PD12  YEAR MN DY HR FHR E16 E17    LEN       MAX         MIN      EXAMPLE
  23    1   2   3   4 100   20000  2021  3 23 12   0   3   0 1038240      57.20     -52.00       2.90
 
 ----- Ensemble Forecast for Member ------
    
 REC PDTN PD1 PD2 PD3 PD10   PD12  YEAR MN DY HR FHR E16 E17    LEN       MAX         MIN      EXAMPLE
  23    1   2   3   4 100   20000  2021  3 23 12   0   3   1 1038240      57.20     -51.90       2.90
 
 REC PDTN PD1 PD2 PD3 PD10   PD12  YEAR MN DY HR FHR E16 E17    LEN       MAX         MIN      EXAMPLE
  23    1   2   3   4 100   20000  2021  3 23 12   0   3   2 1038240      57.20     -51.90       2.90
 
    
  variable has member           3
    
    
  Combined Ensemble Data Example at Point 8601 
     2.9     2.9     2.9
    
 ens_avg(8601)=    2.900000    
 ens_spr(8601)=   0.0000000E+00
    
 ----- Output ensemble average and spread for Current Time ------
    
 gfldo%idrtmpl(3)=           1
 -----  Ensemble Average for Current Time ------
 REC PDTN PD1 PD2 PD3 PD10   PD12  YEAR MN DY HR FHR E16 E17    LEN       MAX         MIN      EXAMPLE
  23    2   2   3   4 100   20000  2021  3 23 12   0   0   3 1038240      57.20     -51.93       2.90
 
 -----  Ensemble Spread for Current Time ------
 REC PDTN PD1 PD2 PD3 PD10   PD12  YEAR MN DY HR FHR E16 E17    LEN       MAX         MIN      EXAMPLE
  23    2   2   3   4 100   20000  2021  3 23 12   0   2   3 1038240       0.25       0.00       0.00
 
 ----- Start Read Ensemble Forecast ------
    
 REC PDTN PD1 PD2 PD3 PD10   PD12  YEAR MN DY HR FHR E16 E17    LEN       MAX         MIN      EXAMPLE
  24    1   3   5   4 100   25000  2021  3 23 12   0   3   0 1038240   11002.03    9339.47    9378.99
 
 ----- Ensemble Forecast for Member ------
    
 REC PDTN PD1 PD2 PD3 PD10   PD12  YEAR MN DY HR FHR E16 E17    LEN       MAX         MIN      EXAMPLE
  24    1   3   5   4 100   25000  2021  3 23 12   0   3   1 1038240   11002.07    9339.47    9378.99
 
 REC PDTN PD1 PD2 PD3 PD10   PD12  YEAR MN DY HR FHR E16 E17    LEN       MAX         MIN      EXAMPLE
  24    1   3   5   4 100   25000  2021  3 23 12   0   3   2 1038240   11002.07    9339.47    9378.99
 
    
  variable has member           3
    
    
  Combined Ensemble Data Example at Point 8601 
  9379.0  9379.0  9379.0
    
 ens_avg(8601)=    9378.992    
 ens_spr(8601)=   0.0000000E+00
    
 ----- Output ensemble average and spread for Current Time ------
    
 gfldo%idrtmpl(3)=           2
 -----  Ensemble Average for Current Time ------
 REC PDTN PD1 PD2 PD3 PD10   PD12  YEAR MN DY HR FHR E16 E17    LEN       MAX         MIN      EXAMPLE
  24    2   3   5   4 100   25000  2021  3 23 12   0   0   3 1038240   11002.06    9339.47    9378.99
 
 -----  Ensemble Spread for Current Time ------
 REC PDTN PD1 PD2 PD3 PD10   PD12  YEAR MN DY HR FHR E16 E17    LEN       MAX         MIN      EXAMPLE
  24    2   3   5   4 100   25000  2021  3 23 12   0   2   3 1038240       0.16       0.00       0.00
 
 ----- Start Read Ensemble Forecast ------
    
 REC PDTN PD1 PD2 PD3 PD10   PD12  YEAR MN DY HR FHR E16 E17    LEN       MAX         MIN      EXAMPLE
  25    1   0   0   4 100   25000  2021  3 23 12   0   3   0 1038240     235.44     203.34     211.74
 
 ----- Ensemble Forecast for Member ------
    
 REC PDTN PD1 PD2 PD3 PD10   PD12  YEAR MN DY HR FHR E16 E17    LEN       MAX         MIN      EXAMPLE
  25    1   0   0   4 100   25000  2021  3 23 12   0   3   1 1038240     235.44     203.34     211.74
 
 REC PDTN PD1 PD2 PD3 PD10   PD12  YEAR MN DY HR FHR E16 E17    LEN       MAX         MIN      EXAMPLE
  25    1   0   0   4 100   25000  2021  3 23 12   0   3   2 1038240     235.44     203.34     211.74
 
    
  variable has member           3
    
    
  Combined Ensemble Data Example at Point 8601 
   211.7   211.7   211.7
    
 ens_avg(8601)=    211.7377    
 ens_spr(8601)=   1.8688124E-05
    
 ----- Output ensemble average and spread for Current Time ------
    
 gfldo%idrtmpl(3)=           1
 -----  Ensemble Average for Current Time ------
 REC PDTN PD1 PD2 PD3 PD10   PD12  YEAR MN DY HR FHR E16 E17    LEN       MAX         MIN      EXAMPLE
  25    2   0   0   4 100   25000  2021  3 23 12   0   0   3 1038240     235.44     203.34     211.74
 
 -----  Ensemble Spread for Current Time ------
 REC PDTN PD1 PD2 PD3 PD10   PD12  YEAR MN DY HR FHR E16 E17    LEN       MAX         MIN      EXAMPLE
  25    2   0   0   4 100   25000  2021  3 23 12   0   2   3 1038240       0.17       0.00       0.00
 
 ----- Start Read Ensemble Forecast ------
    
 REC PDTN PD1 PD2 PD3 PD10   PD12  YEAR MN DY HR FHR E16 E17    LEN       MAX         MIN      EXAMPLE
  26    1   1   1   4 100   25000  2021  3 23 12   0   3   0 1038240      70.10       0.40      26.30
 
 ----- Ensemble Forecast for Member ------
    
 REC PDTN PD1 PD2 PD3 PD10   PD12  YEAR MN DY HR FHR E16 E17    LEN       MAX         MIN      EXAMPLE
  26    1   1   1   4 100   25000  2021  3 23 12   0   3   1 1038240      70.10       0.40      26.30
 
 REC PDTN PD1 PD2 PD3 PD10   PD12  YEAR MN DY HR FHR E16 E17    LEN       MAX         MIN      EXAMPLE
  26    1   1   1   4 100   25000  2021  3 23 12   0   3   2 1038240      70.10       0.40      26.30
 
    
  variable has member           3
    
    
  Combined Ensemble Data Example at Point 8601 
    26.3    26.3    26.3
    
 ens_avg(8601)=    26.30000    
 ens_spr(8601)=   0.0000000E+00
    
 ----- Output ensemble average and spread for Current Time ------
    
 gfldo%idrtmpl(3)=           1
 -----  Ensemble Average for Current Time ------
 REC PDTN PD1 PD2 PD3 PD10   PD12  YEAR MN DY HR FHR E16 E17    LEN       MAX         MIN      EXAMPLE
  26    2   1   1   4 100   25000  2021  3 23 12   0   0   3 1038240      70.10       0.40      26.30
 
 -----  Ensemble Spread for Current Time ------
 REC PDTN PD1 PD2 PD3 PD10   PD12  YEAR MN DY HR FHR E16 E17    LEN       MAX         MIN      EXAMPLE
  26    2   1   1   4 100   25000  2021  3 23 12   0   2   3 1038240       8.43       0.00       0.00
 
 ----- Start Read Ensemble Forecast ------
    
 REC PDTN PD1 PD2 PD3 PD10   PD12  YEAR MN DY HR FHR E16 E17    LEN       MAX         MIN      EXAMPLE
  27    1   2   2   4 100   25000  2021  3 23 12   0   3   0 1038240      82.85     -21.05       4.75
 
 ----- Ensemble Forecast for Member ------
    
 REC PDTN PD1 PD2 PD3 PD10   PD12  YEAR MN DY HR FHR E16 E17    LEN       MAX         MIN      EXAMPLE
  27    1   2   2   4 100   25000  2021  3 23 12   0   3   1 1038240      82.86     -21.14       4.76
 
 REC PDTN PD1 PD2 PD3 PD10   PD12  YEAR MN DY HR FHR E16 E17    LEN       MAX         MIN      EXAMPLE
  27    1   2   2   4 100   25000  2021  3 23 12   0   3   2 1038240      82.96     -21.04       4.76
 
    
  variable has member           3
    
    
  Combined Ensemble Data Example at Point 8601 
     4.8     4.8     4.8
    
 ens_avg(8601)=    4.755680    
 ens_spr(8601)=   3.6367406E-03
    
 ----- Output ensemble average and spread for Current Time ------
    
 gfldo%idrtmpl(3)=           1
 -----  Ensemble Average for Current Time ------
 REC PDTN PD1 PD2 PD3 PD10   PD12  YEAR MN DY HR FHR E16 E17    LEN       MAX         MIN      EXAMPLE
  27    2   2   2   4 100   25000  2021  3 23 12   0   0   3 1038240      82.89     -21.08       4.76
 
 -----  Ensemble Spread for Current Time ------
 REC PDTN PD1 PD2 PD3 PD10   PD12  YEAR MN DY HR FHR E16 E17    LEN       MAX         MIN      EXAMPLE
  27    2   2   2   4 100   25000  2021  3 23 12   0   2   3 1038240       0.25       0.00       0.00
 
 ----- Start Read Ensemble Forecast ------
    
 REC PDTN PD1 PD2 PD3 PD10   PD12  YEAR MN DY HR FHR E16 E17    LEN       MAX         MIN      EXAMPLE
  28    1   2   3   4 100   25000  2021  3 23 12   0   3   0 1038240      67.14     -63.36       5.64
 
 ----- Ensemble Forecast for Member ------
    
 REC PDTN PD1 PD2 PD3 PD10   PD12  YEAR MN DY HR FHR E16 E17    LEN       MAX         MIN      EXAMPLE
  28    1   2   3   4 100   25000  2021  3 23 12   0   3   1 1038240      67.14     -63.26       5.64
 
 REC PDTN PD1 PD2 PD3 PD10   PD12  YEAR MN DY HR FHR E16 E17    LEN       MAX         MIN      EXAMPLE
  28    1   2   3   4 100   25000  2021  3 23 12   0   3   2 1038240      67.24     -63.26       5.64
 
    
  variable has member           3
    
    
  Combined Ensemble Data Example at Point 8601 
     5.6     5.6     5.6
    
 ens_avg(8601)=    5.637889    
 ens_spr(8601)=   7.2335584E-05
    
 ----- Output ensemble average and spread for Current Time ------
    
 gfldo%idrtmpl(3)=           1
 -----  Ensemble Average for Current Time ------
 REC PDTN PD1 PD2 PD3 PD10   PD12  YEAR MN DY HR FHR E16 E17    LEN       MAX         MIN      EXAMPLE
  28    2   2   3   4 100   25000  2021  3 23 12   0   0   3 1038240      67.17     -63.30       5.64
 
 -----  Ensemble Spread for Current Time ------
 REC PDTN PD1 PD2 PD3 PD10   PD12  YEAR MN DY HR FHR E16 E17    LEN       MAX         MIN      EXAMPLE
  28    2   2   3   4 100   25000  2021  3 23 12   0   2   3 1038240       0.12       0.00       0.00
 
 ----- Start Read Ensemble Forecast ------
    
 REC PDTN PD1 PD2 PD3 PD10   PD12  YEAR MN DY HR FHR E16 E17    LEN       MAX         MIN      EXAMPLE
  29    1   3   5   4 100   30000  2021  3 23 12   0   3   0 1038240    9731.63    8147.67    8252.39
 
 ----- Ensemble Forecast for Member ------
    
 REC PDTN PD1 PD2 PD3 PD10   PD12  YEAR MN DY HR FHR E16 E17    LEN       MAX         MIN      EXAMPLE
  29    1   3   5   4 100   30000  2021  3 23 12   0   3   1 1038240    9731.63    8147.67    8252.39
 
 REC PDTN PD1 PD2 PD3 PD10   PD12  YEAR MN DY HR FHR E16 E17    LEN       MAX         MIN      EXAMPLE
  29    1   3   5   4 100   30000  2021  3 23 12   0   3   2 1038240    9731.63    8147.67    8252.39
 
    
  variable has member           3
    
    
  Combined Ensemble Data Example at Point 8601 
  8252.4  8252.4  8252.4
    
 ens_avg(8601)=    8252.387    
 ens_spr(8601)=   1.1960400E-03
    
 ----- Output ensemble average and spread for Current Time ------
    
 gfldo%idrtmpl(3)=           2
 -----  Ensemble Average for Current Time ------
 REC PDTN PD1 PD2 PD3 PD10   PD12  YEAR MN DY HR FHR E16 E17    LEN       MAX         MIN      EXAMPLE
  29    2   3   5   4 100   30000  2021  3 23 12   0   0   3 1038240    9731.63    8147.67    8252.39
 
 -----  Ensemble Spread for Current Time ------
 REC PDTN PD1 PD2 PD3 PD10   PD12  YEAR MN DY HR FHR E16 E17    LEN       MAX         MIN      EXAMPLE
  29    2   3   5   4 100   30000  2021  3 23 12   0   2   3 1038240       0.21       0.00       0.00
 
 ----- Start Read Ensemble Forecast ------
    
 REC PDTN PD1 PD2 PD3 PD10   PD12  YEAR MN DY HR FHR E16 E17    LEN       MAX         MIN      EXAMPLE
  30    1   2   2   4 100   30000  2021  3 23 12   0   3   0 1038240      77.35     -27.85       6.15
 
 ----- Ensemble Forecast for Member ------
    
 REC PDTN PD1 PD2 PD3 PD10   PD12  YEAR MN DY HR FHR E16 E17    LEN       MAX         MIN      EXAMPLE
  30    1   2   2   4 100   30000  2021  3 23 12   0   3   1 1038240      77.35     -27.85       6.15
 
 REC PDTN PD1 PD2 PD3 PD10   PD12  YEAR MN DY HR FHR E16 E17    LEN       MAX         MIN      EXAMPLE
  30    1   2   2   4 100   30000  2021  3 23 12   0   3   2 1038240      77.35     -27.95       6.25
 
    
  variable has member           3
    
    
  Combined Ensemble Data Example at Point 8601 
     6.2     6.2     6.3
    
 ens_avg(8601)=    6.185071    
 ens_spr(8601)=   5.7736903E-02
    
 ----- Output ensemble average and spread for Current Time ------
    
 gfldo%idrtmpl(3)=           1
 -----  Ensemble Average for Current Time ------
 REC PDTN PD1 PD2 PD3 PD10   PD12  YEAR MN DY HR FHR E16 E17    LEN       MAX         MIN      EXAMPLE
  30    2   2   2   4 100   30000  2021  3 23 12   0   0   3 1038240      77.35     -27.88       6.19
 
 -----  Ensemble Spread for Current Time ------
 REC PDTN PD1 PD2 PD3 PD10   PD12  YEAR MN DY HR FHR E16 E17    LEN       MAX         MIN      EXAMPLE
  30    2   2   2   4 100   30000  2021  3 23 12   0   2   3 1038240       0.17       0.00       0.06
 
 ----- Start Read Ensemble Forecast ------
    
 REC PDTN PD1 PD2 PD3 PD10   PD12  YEAR MN DY HR FHR E16 E17    LEN       MAX         MIN      EXAMPLE
  31    1   2   3   4 100   30000  2021  3 23 12   0   3   0 1038240      68.63     -61.37       7.33
 
 ----- Ensemble Forecast for Member ------
    
 REC PDTN PD1 PD2 PD3 PD10   PD12  YEAR MN DY HR FHR E16 E17    LEN       MAX         MIN      EXAMPLE
  31    1   2   3   4 100   30000  2021  3 23 12   0   3   1 1038240      68.63     -61.27       7.33
 
 REC PDTN PD1 PD2 PD3 PD10   PD12  YEAR MN DY HR FHR E16 E17    LEN       MAX         MIN      EXAMPLE
  31    1   2   3   4 100   30000  2021  3 23 12   0   3   2 1038240      68.62     -61.28       7.32
 
    
  variable has member           3
    
    
  Combined Ensemble Data Example at Point 8601 
     7.3     7.3     7.3
    
 ens_avg(8601)=    7.327047    
 ens_spr(8601)=   6.6463472E-03
    
 ----- Output ensemble average and spread for Current Time ------
    
 gfldo%idrtmpl(3)=           1
 -----  Ensemble Average for Current Time ------
 REC PDTN PD1 PD2 PD3 PD10   PD12  YEAR MN DY HR FHR E16 E17    LEN       MAX         MIN      EXAMPLE
  31    2   2   3   4 100   30000  2021  3 23 12   0   0   3 1038240      68.63     -61.31       7.33
 
 -----  Ensemble Spread for Current Time ------
 REC PDTN PD1 PD2 PD3 PD10   PD12  YEAR MN DY HR FHR E16 E17    LEN       MAX         MIN      EXAMPLE
  31    2   2   3   4 100   30000  2021  3 23 12   0   2   3 1038240       0.21       0.01       0.01
 
 ----- Start Read Ensemble Forecast ------
    
 REC PDTN PD1 PD2 PD3 PD10   PD12  YEAR MN DY HR FHR E16 E17    LEN       MAX         MIN      EXAMPLE
  32    1   2   2   4 100   40000  2021  3 23 12   0   3   0 1038240      66.80     -25.00       6.80
 
 ----- Ensemble Forecast for Member ------
    
 REC PDTN PD1 PD2 PD3 PD10   PD12  YEAR MN DY HR FHR E16 E17    LEN       MAX         MIN      EXAMPLE
  32    1   2   2   4 100   40000  2021  3 23 12   0   3   1 1038240      66.91     -24.99       6.81
 
 REC PDTN PD1 PD2 PD3 PD10   PD12  YEAR MN DY HR FHR E16 E17    LEN       MAX         MIN      EXAMPLE
  32    1   2   2   4 100   40000  2021  3 23 12   0   3   2 1038240      66.86     -25.04       6.86
 
    
  variable has member           3
    
    
  Combined Ensemble Data Example at Point 8601 
     6.8     6.8     6.9
    
 ens_avg(8601)=    6.822051    
 ens_spr(8601)=   3.2012798E-02
    
 ----- Output ensemble average and spread for Current Time ------
    
 gfldo%idrtmpl(3)=           1
 -----  Ensemble Average for Current Time ------
 REC PDTN PD1 PD2 PD3 PD10   PD12  YEAR MN DY HR FHR E16 E17    LEN       MAX         MIN      EXAMPLE
  32    2   2   2   4 100   40000  2021  3 23 12   0   0   3 1038240      66.86     -25.01       6.82
 
 -----  Ensemble Spread for Current Time ------
 REC PDTN PD1 PD2 PD3 PD10   PD12  YEAR MN DY HR FHR E16 E17    LEN       MAX         MIN      EXAMPLE
  32    2   2   2   4 100   40000  2021  3 23 12   0   2   3 1038240       0.23       0.03       0.03
 
 ----- Start Read Ensemble Forecast ------
    
 REC PDTN PD1 PD2 PD3 PD10   PD12  YEAR MN DY HR FHR E16 E17    LEN       MAX         MIN      EXAMPLE
  33    1   2   3   4 100   40000  2021  3 23 12   0   3   0 1038240      57.18     -52.72       6.78
 
 ----- Ensemble Forecast for Member ------
    
 REC PDTN PD1 PD2 PD3 PD10   PD12  YEAR MN DY HR FHR E16 E17    LEN       MAX         MIN      EXAMPLE
  33    1   2   3   4 100   40000  2021  3 23 12   0   3   1 1038240      57.18     -52.72       6.78
 
 REC PDTN PD1 PD2 PD3 PD10   PD12  YEAR MN DY HR FHR E16 E17    LEN       MAX         MIN      EXAMPLE
  33    1   2   3   4 100   40000  2021  3 23 12   0   3   2 1038240      57.18     -52.72       6.78
 
    
  variable has member           3
    
    
  Combined Ensemble Data Example at Point 8601 
     6.8     6.8     6.8
    
 ens_avg(8601)=    6.777307    
 ens_spr(8601)=   0.0000000E+00
    
 ----- Output ensemble average and spread for Current Time ------
    
 gfldo%idrtmpl(3)=           1
 -----  Ensemble Average for Current Time ------
 REC PDTN PD1 PD2 PD3 PD10   PD12  YEAR MN DY HR FHR E16 E17    LEN       MAX         MIN      EXAMPLE
  33    2   2   3   4 100   40000  2021  3 23 12   0   0   3 1038240      57.18     -52.72       6.78
 
 -----  Ensemble Spread for Current Time ------
 REC PDTN PD1 PD2 PD3 PD10   PD12  YEAR MN DY HR FHR E16 E17    LEN       MAX         MIN      EXAMPLE
  33    2   2   3   4 100   40000  2021  3 23 12   0   2   3 1038240       0.15       0.00       0.00
 
 ----- Start Read Ensemble Forecast ------
    
 REC PDTN PD1 PD2 PD3 PD10   PD12  YEAR MN DY HR FHR E16 E17    LEN       MAX         MIN      EXAMPLE
  34    1   3   5   4 100   50000  2021  3 23 12   0   3   0 1038240    5916.00    4741.46    4964.26
 
 ----- Ensemble Forecast for Member ------
    
 REC PDTN PD1 PD2 PD3 PD10   PD12  YEAR MN DY HR FHR E16 E17    LEN       MAX         MIN      EXAMPLE
  34    1   3   5   4 100   50000  2021  3 23 12   0   3   1 1038240    5916.01    4741.47    4964.27
 
 REC PDTN PD1 PD2 PD3 PD10   PD12  YEAR MN DY HR FHR E16 E17    LEN       MAX         MIN      EXAMPLE
  34    1   3   5   4 100   50000  2021  3 23 12   0   3   2 1038240    5916.00    4741.46    4964.26
 
    
  variable has member           3
    
    
  Combined Ensemble Data Example at Point 8601 
  4964.3  4964.3  4964.3
    
 ens_avg(8601)=    4964.261    
 ens_spr(8601)=   4.8213913E-03
    
 ----- Output ensemble average and spread for Current Time ------
    
 gfldo%idrtmpl(3)=           2
 -----  Ensemble Average for Current Time ------
 REC PDTN PD1 PD2 PD3 PD10   PD12  YEAR MN DY HR FHR E16 E17    LEN       MAX         MIN      EXAMPLE
  34    2   3   5   4 100   50000  2021  3 23 12   0   0   3 1038240    5916.00    4741.46    4964.26
 
 -----  Ensemble Spread for Current Time ------
 REC PDTN PD1 PD2 PD3 PD10   PD12  YEAR MN DY HR FHR E16 E17    LEN       MAX         MIN      EXAMPLE
  34    2   3   5   4 100   50000  2021  3 23 12   0   2   3 1038240       0.28       0.00       0.00
 
 ----- Start Read Ensemble Forecast ------
    
 REC PDTN PD1 PD2 PD3 PD10   PD12  YEAR MN DY HR FHR E16 E17    LEN       MAX         MIN      EXAMPLE
  35    1   0   0   4 100   50000  2021  3 23 12   0   3   0 1038240     270.73     225.03     229.83
 
 ----- Ensemble Forecast for Member ------
    
 REC PDTN PD1 PD2 PD3 PD10   PD12  YEAR MN DY HR FHR E16 E17    LEN       MAX         MIN      EXAMPLE
  35    1   0   0   4 100   50000  2021  3 23 12   0   3   1 1038240     270.73     225.03     229.83
 
 REC PDTN PD1 PD2 PD3 PD10   PD12  YEAR MN DY HR FHR E16 E17    LEN       MAX         MIN      EXAMPLE
  35    1   0   0   4 100   50000  2021  3 23 12   0   3   2 1038240     270.73     225.03     229.83
 
    
  variable has member           3
    
    
  Combined Ensemble Data Example at Point 8601 
   229.8   229.8   229.8
    
 ens_avg(8601)=    229.8297    
 ens_spr(8601)=   1.8688124E-05
    
 ----- Output ensemble average and spread for Current Time ------
    
 gfldo%idrtmpl(3)=           1
 -----  Ensemble Average for Current Time ------
 REC PDTN PD1 PD2 PD3 PD10   PD12  YEAR MN DY HR FHR E16 E17    LEN       MAX         MIN      EXAMPLE
  35    2   0   0   4 100   50000  2021  3 23 12   0   0   3 1038240     270.73     225.03     229.83
 
 -----  Ensemble Spread for Current Time ------
 REC PDTN PD1 PD2 PD3 PD10   PD12  YEAR MN DY HR FHR E16 E17    LEN       MAX         MIN      EXAMPLE
  35    2   0   0   4 100   50000  2021  3 23 12   0   2   3 1038240       0.60       0.00       0.00
 
 ----- Start Read Ensemble Forecast ------
    
 REC PDTN PD1 PD2 PD3 PD10   PD12  YEAR MN DY HR FHR E16 E17    LEN       MAX         MIN      EXAMPLE
  36    1   1   1   4 100   50000  2021  3 23 12   0   3   0 1038240      98.90       0.40      42.80
 
 ----- Ensemble Forecast for Member ------
    
 REC PDTN PD1 PD2 PD3 PD10   PD12  YEAR MN DY HR FHR E16 E17    LEN       MAX         MIN      EXAMPLE
  36    1   1   1   4 100   50000  2021  3 23 12   0   3   1 1038240      98.80       0.40      42.90
 
 REC PDTN PD1 PD2 PD3 PD10   PD12  YEAR MN DY HR FHR E16 E17    LEN       MAX         MIN      EXAMPLE
  36    1   1   1   4 100   50000  2021  3 23 12   0   3   2 1038240      99.00       0.40      42.70
 
    
  variable has member           3
    
    
  Combined Ensemble Data Example at Point 8601 
    42.8    42.9    42.7
    
 ens_avg(8601)=    42.80000    
 ens_spr(8601)=   0.1000004    
    
 ----- Output ensemble average and spread for Current Time ------
    
 gfldo%idrtmpl(3)=           1
 -----  Ensemble Average for Current Time ------
 REC PDTN PD1 PD2 PD3 PD10   PD12  YEAR MN DY HR FHR E16 E17    LEN       MAX         MIN      EXAMPLE
  36    2   1   1   4 100   50000  2021  3 23 12   0   0   3 1038240      98.87       0.40      42.80
 
 -----  Ensemble Spread for Current Time ------
 REC PDTN PD1 PD2 PD3 PD10   PD12  YEAR MN DY HR FHR E16 E17    LEN       MAX         MIN      EXAMPLE
  36    2   1   1   4 100   50000  2021  3 23 12   0   2   3 1038240      10.90       0.00       0.10
 
 ----- Start Read Ensemble Forecast ------
    
 REC PDTN PD1 PD2 PD3 PD10   PD12  YEAR MN DY HR FHR E16 E17    LEN       MAX         MIN      EXAMPLE
  37    1   2   2   4 100   50000  2021  3 23 12   0   3   0 1038240      55.32     -18.48       5.77
 
 ----- Ensemble Forecast for Member ------
    
 REC PDTN PD1 PD2 PD3 PD10   PD12  YEAR MN DY HR FHR E16 E17    LEN       MAX         MIN      EXAMPLE
  37    1   2   2   4 100   50000  2021  3 23 12   0   3   1 1038240      55.33     -18.42       5.76
 
 REC PDTN PD1 PD2 PD3 PD10   PD12  YEAR MN DY HR FHR E16 E17    LEN       MAX         MIN      EXAMPLE
  37    1   2   2   4 100   50000  2021  3 23 12   0   3   2 1038240      55.33     -18.41       5.77
 
    
  variable has member           3
    
    
  Combined Ensemble Data Example at Point 8601 
     5.8     5.8     5.8
    
 ens_avg(8601)=    5.762514    
 ens_spr(8601)=   5.0233989E-03
    
 ----- Output ensemble average and spread for Current Time ------
    
 gfldo%idrtmpl(3)=           2
 -----  Ensemble Average for Current Time ------
 REC PDTN PD1 PD2 PD3 PD10   PD12  YEAR MN DY HR FHR E16 E17    LEN       MAX         MIN      EXAMPLE
  37    2   2   2   4 100   50000  2021  3 23 12   0   0   3 1038240      55.32     -18.44       5.76
 
 -----  Ensemble Spread for Current Time ------
 REC PDTN PD1 PD2 PD3 PD10   PD12  YEAR MN DY HR FHR E16 E17    LEN       MAX         MIN      EXAMPLE
  37    2   2   2   4 100   50000  2021  3 23 12   0   2   3 1038240       0.16       0.00       0.01
 
 ----- Start Read Ensemble Forecast ------
    
 REC PDTN PD1 PD2 PD3 PD10   PD12  YEAR MN DY HR FHR E16 E17    LEN       MAX         MIN      EXAMPLE
  38    1   2   3   4 100   50000  2021  3 23 12   0   3   0 1038240      43.59     -43.31       4.27
 
 ----- Ensemble Forecast for Member ------
    
 REC PDTN PD1 PD2 PD3 PD10   PD12  YEAR MN DY HR FHR E16 E17    LEN       MAX         MIN      EXAMPLE
  38    1   2   3   4 100   50000  2021  3 23 12   0   3   1 1038240      43.66     -43.29       4.26
 
 REC PDTN PD1 PD2 PD3 PD10   PD12  YEAR MN DY HR FHR E16 E17    LEN       MAX         MIN      EXAMPLE
  38    1   2   3   4 100   50000  2021  3 23 12   0   3   2 1038240      43.51     -43.32       4.27
 
    
  variable has member           3
    
    
  Combined Ensemble Data Example at Point 8601 
     4.3     4.3     4.3
    
 ens_avg(8601)=    4.262920    
 ens_spr(8601)=   5.7722591E-03
    
 ----- Output ensemble average and spread for Current Time ------
    
 gfldo%idrtmpl(3)=           2
 -----  Ensemble Average for Current Time ------
 REC PDTN PD1 PD2 PD3 PD10   PD12  YEAR MN DY HR FHR E16 E17    LEN       MAX         MIN      EXAMPLE
  38    2   2   3   4 100   50000  2021  3 23 12   0   0   3 1038240      43.58     -43.31       4.26
 
 -----  Ensemble Spread for Current Time ------
 REC PDTN PD1 PD2 PD3 PD10   PD12  YEAR MN DY HR FHR E16 E17    LEN       MAX         MIN      EXAMPLE
  38    2   2   3   4 100   50000  2021  3 23 12   0   2   3 1038240       0.24       0.00       0.01
 
 ----- Start Read Ensemble Forecast ------
    
 REC PDTN PD1 PD2 PD3 PD10   PD12  YEAR MN DY HR FHR E16 E17    LEN       MAX         MIN      EXAMPLE
  39    1   3   5   4 100   70000  2021  3 23 12   0   3   0 1038240    3232.44    2304.71    2637.57
 
 ----- Ensemble Forecast for Member ------
    
 REC PDTN PD1 PD2 PD3 PD10   PD12  YEAR MN DY HR FHR E16 E17    LEN       MAX         MIN      EXAMPLE
  39    1   3   5   4 100   70000  2021  3 23 12   0   3   1 1038240    3232.45    2304.72    2637.58
 
 REC PDTN PD1 PD2 PD3 PD10   PD12  YEAR MN DY HR FHR E16 E17    LEN       MAX         MIN      EXAMPLE
  39    1   3   5   4 100   70000  2021  3 23 12   0   3   2 1038240    3232.44    2304.71    2637.57
 
    
  variable has member           3
    
    
  Combined Ensemble Data Example at Point 8601 
  2637.6  2637.6  2637.6
    
 ens_avg(8601)=    2637.576    
 ens_spr(8601)=   6.1327424E-03
    
 ----- Output ensemble average and spread for Current Time ------
    
 gfldo%idrtmpl(3)=           3
 -----  Ensemble Average for Current Time ------
 REC PDTN PD1 PD2 PD3 PD10   PD12  YEAR MN DY HR FHR E16 E17    LEN       MAX         MIN      EXAMPLE
  39    2   3   5   4 100   70000  2021  3 23 12   0   0   3 1038240    3232.44    2304.71    2637.58
 
 -----  Ensemble Spread for Current Time ------
 REC PDTN PD1 PD2 PD3 PD10   PD12  YEAR MN DY HR FHR E16 E17    LEN       MAX         MIN      EXAMPLE
  39    2   3   5   4 100   70000  2021  3 23 12   0   2   3 1038240       0.44       0.00       0.01
 
 ----- Start Read Ensemble Forecast ------
    
 REC PDTN PD1 PD2 PD3 PD10   PD12  YEAR MN DY HR FHR E16 E17    LEN       MAX         MIN      EXAMPLE
  40    1   0   0   4 100   70000  2021  3 23 12   0   3   0 1038240     288.62     224.72     241.42
 
 ----- Ensemble Forecast for Member ------
    
 REC PDTN PD1 PD2 PD3 PD10   PD12  YEAR MN DY HR FHR E16 E17    LEN       MAX         MIN      EXAMPLE
  40    1   0   0   4 100   70000  2021  3 23 12   0   3   1 1038240     288.62     224.72     241.42
 
 REC PDTN PD1 PD2 PD3 PD10   PD12  YEAR MN DY HR FHR E16 E17    LEN       MAX         MIN      EXAMPLE
  40    1   0   0   4 100   70000  2021  3 23 12   0   3   2 1038240     288.62     224.72     241.42
 
    
  variable has member           3
    
    
  Combined Ensemble Data Example at Point 8601 
   241.4   241.4   241.4
    
 ens_avg(8601)=    241.4168    
 ens_spr(8601)=   0.0000000E+00
    
 ----- Output ensemble average and spread for Current Time ------
    
 gfldo%idrtmpl(3)=           1
 -----  Ensemble Average for Current Time ------
 REC PDTN PD1 PD2 PD3 PD10   PD12  YEAR MN DY HR FHR E16 E17    LEN       MAX         MIN      EXAMPLE
  40    2   0   0   4 100   70000  2021  3 23 12   0   0   3 1038240     288.62     224.72     241.42
 
 -----  Ensemble Spread for Current Time ------
 REC PDTN PD1 PD2 PD3 PD10   PD12  YEAR MN DY HR FHR E16 E17    LEN       MAX         MIN      EXAMPLE
  40    2   0   0   4 100   70000  2021  3 23 12   0   2   3 1038240       0.61       0.00       0.00
 
 ----- Start Read Ensemble Forecast ------
    
 REC PDTN PD1 PD2 PD3 PD10   PD12  YEAR MN DY HR FHR E16 E17    LEN       MAX         MIN      EXAMPLE
  41    1   1   1   4 100   70000  2021  3 23 12   0   3   0 1038240     100.00       0.20      36.40
 
 ----- Ensemble Forecast for Member ------
    
 REC PDTN PD1 PD2 PD3 PD10   PD12  YEAR MN DY HR FHR E16 E17    LEN       MAX         MIN      EXAMPLE
  41    1   1   1   4 100   70000  2021  3 23 12   0   3   1 1038240     100.00       0.20      36.30
 
 REC PDTN PD1 PD2 PD3 PD10   PD12  YEAR MN DY HR FHR E16 E17    LEN       MAX         MIN      EXAMPLE
  41    1   1   1   4 100   70000  2021  3 23 12   0   3   2 1038240     100.00       0.20      36.40
 
    
  variable has member           3
    
    
  Combined Ensemble Data Example at Point 8601 
    36.4    36.3    36.4
    
 ens_avg(8601)=    36.36667    
 ens_spr(8601)=   5.7736352E-02
    
 ----- Output ensemble average and spread for Current Time ------
    
 gfldo%idrtmpl(3)=           1
 -----  Ensemble Average for Current Time ------
 REC PDTN PD1 PD2 PD3 PD10   PD12  YEAR MN DY HR FHR E16 E17    LEN       MAX         MIN      EXAMPLE
  41    2   1   1   4 100   70000  2021  3 23 12   0   0   3 1038240     100.00       0.20      36.37
 
 -----  Ensemble Spread for Current Time ------
 REC PDTN PD1 PD2 PD3 PD10   PD12  YEAR MN DY HR FHR E16 E17    LEN       MAX         MIN      EXAMPLE
  41    2   1   1   4 100   70000  2021  3 23 12   0   2   3 1038240       7.41       0.00       0.06
 
 ----- Start Read Ensemble Forecast ------
    
 REC PDTN PD1 PD2 PD3 PD10   PD12  YEAR MN DY HR FHR E16 E17    LEN       MAX         MIN      EXAMPLE
  42    1   2   2   4 100   70000  2021  3 23 12   0   3   0 1038240      37.08     -16.99       0.36
 
 ----- Ensemble Forecast for Member ------
    
 REC PDTN PD1 PD2 PD3 PD10   PD12  YEAR MN DY HR FHR E16 E17    LEN       MAX         MIN      EXAMPLE
  42    1   2   2   4 100   70000  2021  3 23 12   0   3   1 1038240      37.08     -16.99       0.35
 
 REC PDTN PD1 PD2 PD3 PD10   PD12  YEAR MN DY HR FHR E16 E17    LEN       MAX         MIN      EXAMPLE
  42    1   2   2   4 100   70000  2021  3 23 12   0   3   2 1038240      37.06     -16.96       0.35
 
    
  variable has member           3
    
    
  Combined Ensemble Data Example at Point 8601 
     0.4     0.3     0.3
    
 ens_avg(8601)=   0.3514999    
 ens_spr(8601)=   5.6495937E-03
    
 ----- Output ensemble average and spread for Current Time ------
    
 gfldo%idrtmpl(3)=           2
 -----  Ensemble Average for Current Time ------
 REC PDTN PD1 PD2 PD3 PD10   PD12  YEAR MN DY HR FHR E16 E17    LEN       MAX         MIN      EXAMPLE
  42    2   2   2   4 100   70000  2021  3 23 12   0   0   3 1038240      37.07     -16.98       0.35
 
 -----  Ensemble Spread for Current Time ------
 REC PDTN PD1 PD2 PD3 PD10   PD12  YEAR MN DY HR FHR E16 E17    LEN       MAX         MIN      EXAMPLE
  42    2   2   2   4 100   70000  2021  3 23 12   0   2   3 1038240       0.30       0.00       0.01
 
 ----- Start Read Ensemble Forecast ------
    
 REC PDTN PD1 PD2 PD3 PD10   PD12  YEAR MN DY HR FHR E16 E17    LEN       MAX         MIN      EXAMPLE
  43    1   2   3   4 100   70000  2021  3 23 12   0   3   0 1038240      27.21     -26.62      -3.27
 
 ----- Ensemble Forecast for Member ------
    
 REC PDTN PD1 PD2 PD3 PD10   PD12  YEAR MN DY HR FHR E16 E17    LEN       MAX         MIN      EXAMPLE
  43    1   2   3   4 100   70000  2021  3 23 12   0   3   1 1038240      27.21     -26.63      -3.27
 
 REC PDTN PD1 PD2 PD3 PD10   PD12  YEAR MN DY HR FHR E16 E17    LEN       MAX         MIN      EXAMPLE
  43    1   2   3   4 100   70000  2021  3 23 12   0   3   2 1038240      27.29     -26.56      -3.27
 
    
  variable has member           3
    
    
  Combined Ensemble Data Example at Point 8601 
    -3.3    -3.3    -3.3
    
 ens_avg(8601)=   -3.270666    
 ens_spr(8601)=   1.9015284E-05
    
 ----- Output ensemble average and spread for Current Time ------
    
 gfldo%idrtmpl(3)=           2
 -----  Ensemble Average for Current Time ------
 REC PDTN PD1 PD2 PD3 PD10   PD12  YEAR MN DY HR FHR E16 E17    LEN       MAX         MIN      EXAMPLE
  43    2   2   3   4 100   70000  2021  3 23 12   0   0   3 1038240      27.24     -26.60      -3.27
 
 -----  Ensemble Spread for Current Time ------
 REC PDTN PD1 PD2 PD3 PD10   PD12  YEAR MN DY HR FHR E16 E17    LEN       MAX         MIN      EXAMPLE
  43    2   2   3   4 100   70000  2021  3 23 12   0   2   3 1038240       0.21       0.00       0.00
 
 ----- Start Read Ensemble Forecast ------
    
 REC PDTN PD1 PD2 PD3 PD10   PD12  YEAR MN DY HR FHR E16 E17    LEN       MAX         MIN      EXAMPLE
  44    1   3   5   4 100   85000  2021  3 23 12   0   3   0 1038240    1626.77     814.72    1249.14
 
 ----- Ensemble Forecast for Member ------
    
 REC PDTN PD1 PD2 PD3 PD10   PD12  YEAR MN DY HR FHR E16 E17    LEN       MAX         MIN      EXAMPLE
  44    1   3   5   4 100   85000  2021  3 23 12   0   3   1 1038240    1626.76     814.72    1249.13
 
 REC PDTN PD1 PD2 PD3 PD10   PD12  YEAR MN DY HR FHR E16 E17    LEN       MAX         MIN      EXAMPLE
  44    1   3   5   4 100   85000  2021  3 23 12   0   3   2 1038240    1626.76     814.72    1249.14
 
    
  variable has member           3
    
    
  Combined Ensemble Data Example at Point 8601 
  1249.1  1249.1  1249.1
    
 ens_avg(8601)=    1249.136    
 ens_spr(8601)=   3.7881155E-03
    
 ----- Output ensemble average and spread for Current Time ------
    
 gfldo%idrtmpl(3)=           3
 -----  Ensemble Average for Current Time ------
 REC PDTN PD1 PD2 PD3 PD10   PD12  YEAR MN DY HR FHR E16 E17    LEN       MAX         MIN      EXAMPLE
  44    2   3   5   4 100   85000  2021  3 23 12   0   0   3 1038240    1626.76     814.72    1249.14
 
 -----  Ensemble Spread for Current Time ------
 REC PDTN PD1 PD2 PD3 PD10   PD12  YEAR MN DY HR FHR E16 E17    LEN       MAX         MIN      EXAMPLE
  44    2   3   5   4 100   85000  2021  3 23 12   0   2   3 1038240       0.42       0.00       0.00
 
 ----- Start Read Ensemble Forecast ------
    
 REC PDTN PD1 PD2 PD3 PD10   PD12  YEAR MN DY HR FHR E16 E17    LEN       MAX         MIN      EXAMPLE
  45    1   0   0   4 100   85000  2021  3 23 12   0   3   0 1038240     318.21     233.21     246.81
 
 ----- Ensemble Forecast for Member ------
    
 REC PDTN PD1 PD2 PD3 PD10   PD12  YEAR MN DY HR FHR E16 E17    LEN       MAX         MIN      EXAMPLE
  45    1   0   0   4 100   85000  2021  3 23 12   0   3   1 1038240     318.21     233.21     246.81
 
 REC PDTN PD1 PD2 PD3 PD10   PD12  YEAR MN DY HR FHR E16 E17    LEN       MAX         MIN      EXAMPLE
  45    1   0   0   4 100   85000  2021  3 23 12   0   3   2 1038240     318.21     233.21     246.81
 
    
  variable has member           3
    
    
  Combined Ensemble Data Example at Point 8601 
   246.8   246.8   246.8
    
 ens_avg(8601)=    246.8102    
 ens_spr(8601)=   1.8688124E-05
    
 ----- Output ensemble average and spread for Current Time ------
    
 gfldo%idrtmpl(3)=           1
 -----  Ensemble Average for Current Time ------
 REC PDTN PD1 PD2 PD3 PD10   PD12  YEAR MN DY HR FHR E16 E17    LEN       MAX         MIN      EXAMPLE
  45    2   0   0   4 100   85000  2021  3 23 12   0   0   3 1038240     318.21     233.21     246.81
 
 -----  Ensemble Spread for Current Time ------
 REC PDTN PD1 PD2 PD3 PD10   PD12  YEAR MN DY HR FHR E16 E17    LEN       MAX         MIN      EXAMPLE
  45    2   0   0   4 100   85000  2021  3 23 12   0   2   3 1038240       0.82       0.00       0.00
 
 ----- Start Read Ensemble Forecast ------
    
 REC PDTN PD1 PD2 PD3 PD10   PD12  YEAR MN DY HR FHR E16 E17    LEN       MAX         MIN      EXAMPLE
  46    1   1   1   4 100   85000  2021  3 23 12   0   3   0 1038240     100.00       1.60      50.70
 
 ----- Ensemble Forecast for Member ------
    
 REC PDTN PD1 PD2 PD3 PD10   PD12  YEAR MN DY HR FHR E16 E17    LEN       MAX         MIN      EXAMPLE
  46    1   1   1   4 100   85000  2021  3 23 12   0   3   1 1038240     100.00       1.60      50.70
 
 REC PDTN PD1 PD2 PD3 PD10   PD12  YEAR MN DY HR FHR E16 E17    LEN       MAX         MIN      EXAMPLE
  46    1   1   1   4 100   85000  2021  3 23 12   0   3   2 1038240     100.00       1.60      50.70
 
    
  variable has member           3
    
    
  Combined Ensemble Data Example at Point 8601 
    50.7    50.7    50.7
    
 ens_avg(8601)=    50.70000    
 ens_spr(8601)=   4.6720311E-06
    
 ----- Output ensemble average and spread for Current Time ------
    
 gfldo%idrtmpl(3)=           1
 -----  Ensemble Average for Current Time ------
 REC PDTN PD1 PD2 PD3 PD10   PD12  YEAR MN DY HR FHR E16 E17    LEN       MAX         MIN      EXAMPLE
  46    2   1   1   4 100   85000  2021  3 23 12   0   0   3 1038240     100.00       1.60      50.70
 
 -----  Ensemble Spread for Current Time ------
 REC PDTN PD1 PD2 PD3 PD10   PD12  YEAR MN DY HR FHR E16 E17    LEN       MAX         MIN      EXAMPLE
  46    2   1   1   4 100   85000  2021  3 23 12   0   2   3 1038240       7.56       0.00       0.00
 
 ----- Start Read Ensemble Forecast ------
    
 REC PDTN PD1 PD2 PD3 PD10   PD12  YEAR MN DY HR FHR E16 E17    LEN       MAX         MIN      EXAMPLE
  47    1   2   8   4 100   85000  2021  3 23 12   0   3   0 1038240       0.51      -0.78       0.11
 
 ----- Ensemble Forecast for Member ------
    
 REC PDTN PD1 PD2 PD3 PD10   PD12  YEAR MN DY HR FHR E16 E17    LEN       MAX         MIN      EXAMPLE
  47    1   2   8   4 100   85000  2021  3 23 12   0   3   1 1038240       0.51      -0.78       0.11
 
 REC PDTN PD1 PD2 PD3 PD10   PD12  YEAR MN DY HR FHR E16 E17    LEN       MAX         MIN      EXAMPLE
  47    1   2   8   4 100   85000  2021  3 23 12   0   3   2 1038240       0.51      -0.78       0.11
 
    
  variable has member           3
    
    
  Combined Ensemble Data Example at Point 8601 
     0.1     0.1     0.1
    
 ens_avg(8601)=   0.1071629    
 ens_spr(8601)=   9.1250607E-09
    
 ----- Output ensemble average and spread for Current Time ------
    
 gfldo%idrtmpl(3)=           4
 -----  Ensemble Average for Current Time ------
 REC PDTN PD1 PD2 PD3 PD10   PD12  YEAR MN DY HR FHR E16 E17    LEN       MAX         MIN      EXAMPLE
  47    2   2   8   4 100   85000  2021  3 23 12   0   0   3 1038240       0.51      -0.78       0.11
 
 -----  Ensemble Spread for Current Time ------
 REC PDTN PD1 PD2 PD3 PD10   PD12  YEAR MN DY HR FHR E16 E17    LEN       MAX         MIN      EXAMPLE
  47    2   2   8   4 100   85000  2021  3 23 12   0   2   3 1038240       0.00       0.00       0.00
 
 ----- Start Read Ensemble Forecast ------
    
 REC PDTN PD1 PD2 PD3 PD10   PD12  YEAR MN DY HR FHR E16 E17    LEN       MAX         MIN      EXAMPLE
  48    1   2   2   4 100   85000  2021  3 23 12   0   3   0 1038240      31.19     -22.01      -3.07
 
 ----- Ensemble Forecast for Member ------
    
 REC PDTN PD1 PD2 PD3 PD10   PD12  YEAR MN DY HR FHR E16 E17    LEN       MAX         MIN      EXAMPLE
  48    1   2   2   4 100   85000  2021  3 23 12   0   3   1 1038240      31.18     -22.10      -3.06
 
 REC PDTN PD1 PD2 PD3 PD10   PD12  YEAR MN DY HR FHR E16 E17    LEN       MAX         MIN      EXAMPLE
  48    1   2   2   4 100   85000  2021  3 23 12   0   3   2 1038240      31.24     -21.98      -3.07
 
    
  variable has member           3
    
    
  Combined Ensemble Data Example at Point 8601 
    -3.1    -3.1    -3.1
    
 ens_avg(8601)=   -3.062395    
 ens_spr(8601)=   6.2032472E-03
    
 ----- Output ensemble average and spread for Current Time ------
    
 gfldo%idrtmpl(3)=           2
 -----  Ensemble Average for Current Time ------
 REC PDTN PD1 PD2 PD3 PD10   PD12  YEAR MN DY HR FHR E16 E17    LEN       MAX         MIN      EXAMPLE
  48    2   2   2   4 100   85000  2021  3 23 12   0   0   3 1038240      31.21     -22.03      -3.06
 
 -----  Ensemble Spread for Current Time ------
 REC PDTN PD1 PD2 PD3 PD10   PD12  YEAR MN DY HR FHR E16 E17    LEN       MAX         MIN      EXAMPLE
  48    2   2   2   4 100   85000  2021  3 23 12   0   2   3 1038240       0.51       0.00       0.01
 
 ----- Start Read Ensemble Forecast ------
    
 REC PDTN PD1 PD2 PD3 PD10   PD12  YEAR MN DY HR FHR E16 E17    LEN       MAX         MIN      EXAMPLE
  49    1   2   3   4 100   85000  2021  3 23 12   0   3   0 1038240      28.35     -21.41      -8.67
 
 ----- Ensemble Forecast for Member ------
    
 REC PDTN PD1 PD2 PD3 PD10   PD12  YEAR MN DY HR FHR E16 E17    LEN       MAX         MIN      EXAMPLE
  49    1   2   3   4 100   85000  2021  3 23 12   0   3   1 1038240      28.40     -21.40      -8.69
 
 REC PDTN PD1 PD2 PD3 PD10   PD12  YEAR MN DY HR FHR E16 E17    LEN       MAX         MIN      EXAMPLE
  49    1   2   3   4 100   85000  2021  3 23 12   0   3   2 1038240      28.37     -21.42      -8.66
 
    
  variable has member           3
    
    
  Combined Ensemble Data Example at Point 8601 
    -8.7    -8.7    -8.7
    
 ens_avg(8601)=   -8.676420    
 ens_spr(8601)=   1.5641868E-02
    
 ----- Output ensemble average and spread for Current Time ------
    
 gfldo%idrtmpl(3)=           2
 -----  Ensemble Average for Current Time ------
 REC PDTN PD1 PD2 PD3 PD10   PD12  YEAR MN DY HR FHR E16 E17    LEN       MAX         MIN      EXAMPLE
  49    2   2   3   4 100   85000  2021  3 23 12   0   0   3 1038240      28.37     -21.41      -8.68
 
 -----  Ensemble Spread for Current Time ------
 REC PDTN PD1 PD2 PD3 PD10   PD12  YEAR MN DY HR FHR E16 E17    LEN       MAX         MIN      EXAMPLE
  49    2   2   3   4 100   85000  2021  3 23 12   0   2   3 1038240       0.20       0.00       0.02
 
 ----- Start Read Ensemble Forecast ------
    
 REC PDTN PD1 PD2 PD3 PD10   PD12  YEAR MN DY HR FHR E16 E17    LEN       MAX         MIN      EXAMPLE
  50    1   3   5   4 100   92500  2021  3 23 12   0   3   0 1038240     984.27     154.38     636.48
 
 ----- Ensemble Forecast for Member ------
    
 REC PDTN PD1 PD2 PD3 PD10   PD12  YEAR MN DY HR FHR E16 E17    LEN       MAX         MIN      EXAMPLE
  50    1   3   5   4 100   92500  2021  3 23 12   0   3   1 1038240     984.27     154.40     636.48
 
 REC PDTN PD1 PD2 PD3 PD10   PD12  YEAR MN DY HR FHR E16 E17    LEN       MAX         MIN      EXAMPLE
  50    1   3   5   4 100   92500  2021  3 23 12   0   3   2 1038240     984.27     154.38     636.48
 
    
  variable has member           3
    
    
  Combined Ensemble Data Example at Point 8601 
   636.5   636.5   636.5
    
 ens_avg(8601)=    636.4790    
 ens_spr(8601)=   1.9612145E-03
    
 ----- Output ensemble average and spread for Current Time ------
    
 gfldo%idrtmpl(3)=           3
 -----  Ensemble Average for Current Time ------
 REC PDTN PD1 PD2 PD3 PD10   PD12  YEAR MN DY HR FHR E16 E17    LEN       MAX         MIN      EXAMPLE
  50    2   3   5   4 100   92500  2021  3 23 12   0   0   3 1038240     984.27     154.39     636.48
 
 -----  Ensemble Spread for Current Time ------
 REC PDTN PD1 PD2 PD3 PD10   PD12  YEAR MN DY HR FHR E16 E17    LEN       MAX         MIN      EXAMPLE
  50    2   3   5   4 100   92500  2021  3 23 12   0   2   3 1038240       1.17       0.00       0.00
 
 ----- Start Read Ensemble Forecast ------
    
 REC PDTN PD1 PD2 PD3 PD10   PD12  YEAR MN DY HR FHR E16 E17    LEN       MAX         MIN      EXAMPLE
  51    1   0   0   4 100   92500  2021  3 23 12   0   3   0 1038240     323.11     237.01     248.11
 
 ----- Ensemble Forecast for Member ------
    
 REC PDTN PD1 PD2 PD3 PD10   PD12  YEAR MN DY HR FHR E16 E17    LEN       MAX         MIN      EXAMPLE
  51    1   0   0   4 100   92500  2021  3 23 12   0   3   1 1038240     323.11     237.01     248.11
 
 REC PDTN PD1 PD2 PD3 PD10   PD12  YEAR MN DY HR FHR E16 E17    LEN       MAX         MIN      EXAMPLE
  51    1   0   0   4 100   92500  2021  3 23 12   0   3   2 1038240     323.11     237.01     248.11
 
    
  variable has member           3
    
    
  Combined Ensemble Data Example at Point 8601 
   248.1   248.1   248.1
    
 ens_avg(8601)=    248.1103    
 ens_spr(8601)=   1.8688124E-05
    
 ----- Output ensemble average and spread for Current Time ------
    
 gfldo%idrtmpl(3)=           1
 -----  Ensemble Average for Current Time ------
 REC PDTN PD1 PD2 PD3 PD10   PD12  YEAR MN DY HR FHR E16 E17    LEN       MAX         MIN      EXAMPLE
  51    2   0   0   4 100   92500  2021  3 23 12   0   0   3 1038240     323.11     237.01     248.11
 
 -----  Ensemble Spread for Current Time ------
 REC PDTN PD1 PD2 PD3 PD10   PD12  YEAR MN DY HR FHR E16 E17    LEN       MAX         MIN      EXAMPLE
  51    2   0   0   4 100   92500  2021  3 23 12   0   2   3 1038240       1.55       0.00       0.00
 
 ----- Start Read Ensemble Forecast ------
    
 REC PDTN PD1 PD2 PD3 PD10   PD12  YEAR MN DY HR FHR E16 E17    LEN       MAX         MIN      EXAMPLE
  52    1   1   1   4 100   92500  2021  3 23 12   0   3   0 1038240     100.00       3.70      56.40
 
 ----- Ensemble Forecast for Member ------
    
 REC PDTN PD1 PD2 PD3 PD10   PD12  YEAR MN DY HR FHR E16 E17    LEN       MAX         MIN      EXAMPLE
  52    1   1   1   4 100   92500  2021  3 23 12   0   3   1 1038240     100.00       3.70      56.40
 
 REC PDTN PD1 PD2 PD3 PD10   PD12  YEAR MN DY HR FHR E16 E17    LEN       MAX         MIN      EXAMPLE
  52    1   1   1   4 100   92500  2021  3 23 12   0   3   2 1038240     100.00       3.70      56.40
 
    
  variable has member           3
    
    
  Combined Ensemble Data Example at Point 8601 
    56.4    56.4    56.4
    
 ens_avg(8601)=    56.40000    
 ens_spr(8601)=   0.0000000E+00
    
 ----- Output ensemble average and spread for Current Time ------
    
 gfldo%idrtmpl(3)=           1
 -----  Ensemble Average for Current Time ------
 REC PDTN PD1 PD2 PD3 PD10   PD12  YEAR MN DY HR FHR E16 E17    LEN       MAX         MIN      EXAMPLE
  52    2   1   1   4 100   92500  2021  3 23 12   0   0   3 1038240     100.00       3.70      56.40
 
 -----  Ensemble Spread for Current Time ------
 REC PDTN PD1 PD2 PD3 PD10   PD12  YEAR MN DY HR FHR E16 E17    LEN       MAX         MIN      EXAMPLE
  52    2   1   1   4 100   92500  2021  3 23 12   0   2   3 1038240       4.36       0.00       0.00
 
 ----- Start Read Ensemble Forecast ------
    
 REC PDTN PD1 PD2 PD3 PD10   PD12  YEAR MN DY HR FHR E16 E17    LEN       MAX         MIN      EXAMPLE
  53    1   2   2   4 100   92500  2021  3 23 12   0   3   0 1038240      30.86     -25.76      -4.25
 
 ----- Ensemble Forecast for Member ------
    
 REC PDTN PD1 PD2 PD3 PD10   PD12  YEAR MN DY HR FHR E16 E17    LEN       MAX         MIN      EXAMPLE
  53    1   2   2   4 100   92500  2021  3 23 12   0   3   1 1038240      30.88     -25.85      -4.24
 
 REC PDTN PD1 PD2 PD3 PD10   PD12  YEAR MN DY HR FHR E16 E17    LEN       MAX         MIN      EXAMPLE
  53    1   2   2   4 100   92500  2021  3 23 12   0   3   2 1038240      30.81     -25.73      -4.26
 
    
  variable has member           3
    
    
  Combined Ensemble Data Example at Point 8601 
    -4.3    -4.2    -4.3
    
 ens_avg(8601)=   -4.250564    
 ens_spr(8601)=   1.0077128E-02
    
 ----- Output ensemble average and spread for Current Time ------
    
 gfldo%idrtmpl(3)=           2
 -----  Ensemble Average for Current Time ------
 REC PDTN PD1 PD2 PD3 PD10   PD12  YEAR MN DY HR FHR E16 E17    LEN       MAX         MIN      EXAMPLE
  53    2   2   2   4 100   92500  2021  3 23 12   0   0   3 1038240      30.85     -25.78      -4.25
 
 -----  Ensemble Spread for Current Time ------
 REC PDTN PD1 PD2 PD3 PD10   PD12  YEAR MN DY HR FHR E16 E17    LEN       MAX         MIN      EXAMPLE
  53    2   2   2   4 100   92500  2021  3 23 12   0   2   3 1038240       0.26       0.00       0.01
 
 ----- Start Read Ensemble Forecast ------
    
 REC PDTN PD1 PD2 PD3 PD10   PD12  YEAR MN DY HR FHR E16 E17    LEN       MAX         MIN      EXAMPLE
  54    1   2   3   4 100   92500  2021  3 23 12   0   3   0 1038240      30.63     -22.53     -10.35
 
 ----- Ensemble Forecast for Member ------
    
 REC PDTN PD1 PD2 PD3 PD10   PD12  YEAR MN DY HR FHR E16 E17    LEN       MAX         MIN      EXAMPLE
  54    1   2   3   4 100   92500  2021  3 23 12   0   3   1 1038240      30.64     -22.51     -10.37
 
 REC PDTN PD1 PD2 PD3 PD10   PD12  YEAR MN DY HR FHR E16 E17    LEN       MAX         MIN      EXAMPLE
  54    1   2   3   4 100   92500  2021  3 23 12   0   3   2 1038240      30.67     -22.47     -10.34
 
    
  variable has member           3
    
    
  Combined Ensemble Data Example at Point 8601 
   -10.4   -10.4   -10.3
    
 ens_avg(8601)=   -10.35427    
 ens_spr(8601)=   1.5374620E-02
    
 ----- Output ensemble average and spread for Current Time ------
    
 gfldo%idrtmpl(3)=           2
 -----  Ensemble Average for Current Time ------
 REC PDTN PD1 PD2 PD3 PD10   PD12  YEAR MN DY HR FHR E16 E17    LEN       MAX         MIN      EXAMPLE
  54    2   2   3   4 100   92500  2021  3 23 12   0   0   3 1038240      30.65     -22.50     -10.35
 
 -----  Ensemble Spread for Current Time ------
 REC PDTN PD1 PD2 PD3 PD10   PD12  YEAR MN DY HR FHR E16 E17    LEN       MAX         MIN      EXAMPLE
  54    2   2   3   4 100   92500  2021  3 23 12   0   2   3 1038240       0.15       0.00       0.02
 
 ----- Start Read Ensemble Forecast ------
    
 REC PDTN PD1 PD2 PD3 PD10   PD12  YEAR MN DY HR FHR E16 E17    LEN       MAX         MIN      EXAMPLE
  55    1   0   0   4 100  100000  2021  3 23 12   0   3   0 1038240     327.62     235.92     239.92
 
 ----- Ensemble Forecast for Member ------
    
 REC PDTN PD1 PD2 PD3 PD10   PD12  YEAR MN DY HR FHR E16 E17    LEN       MAX         MIN      EXAMPLE
  55    1   0   0   4 100  100000  2021  3 23 12   0   3   1 1038240     327.61     235.91     239.91
 
 REC PDTN PD1 PD2 PD3 PD10   PD12  YEAR MN DY HR FHR E16 E17    LEN       MAX         MIN      EXAMPLE
  55    1   0   0   4 100  100000  2021  3 23 12   0   3   2 1038240     327.62     235.92     239.92
 
    
  variable has member           3
    
    
  Combined Ensemble Data Example at Point 8601 
   239.9   239.9   239.9
    
 ens_avg(8601)=    239.9172    
 ens_spr(8601)=   2.2552831E-03
    
 ----- Output ensemble average and spread for Current Time ------
    
 gfldo%idrtmpl(3)=           1
 -----  Ensemble Average for Current Time ------
 REC PDTN PD1 PD2 PD3 PD10   PD12  YEAR MN DY HR FHR E16 E17    LEN       MAX         MIN      EXAMPLE
  55    2   0   0   4 100  100000  2021  3 23 12   0   0   3 1038240     327.62     235.92     239.92
 
 -----  Ensemble Spread for Current Time ------
 REC PDTN PD1 PD2 PD3 PD10   PD12  YEAR MN DY HR FHR E16 E17    LEN       MAX         MIN      EXAMPLE
  55    2   0   0   4 100  100000  2021  3 23 12   0   2   3 1038240       1.64       0.00       0.00
 
 ----- Start Read Ensemble Forecast ------
    
 REC PDTN PD1 PD2 PD3 PD10   PD12  YEAR MN DY HR FHR E16 E17    LEN       MAX         MIN      EXAMPLE
  56    1   1   1   4 100  100000  2021  3 23 12   0   3   0 1038240     100.00       3.30      73.70
 
 ----- Ensemble Forecast for Member ------
    
 REC PDTN PD1 PD2 PD3 PD10   PD12  YEAR MN DY HR FHR E16 E17    LEN       MAX         MIN      EXAMPLE
  56    1   1   1   4 100  100000  2021  3 23 12   0   3   1 1038240     100.00       3.30      73.70
 
 REC PDTN PD1 PD2 PD3 PD10   PD12  YEAR MN DY HR FHR E16 E17    LEN       MAX         MIN      EXAMPLE
  56    1   1   1   4 100  100000  2021  3 23 12   0   3   2 1038240     100.00       3.30      73.70
 
    
  variable has member           3
    
    
  Combined Ensemble Data Example at Point 8601 
    73.7    73.7    73.7
    
 ens_avg(8601)=    73.70000    
 ens_spr(8601)=   0.0000000E+00
    
 ----- Output ensemble average and spread for Current Time ------
    
 gfldo%idrtmpl(3)=           1
 -----  Ensemble Average for Current Time ------
 REC PDTN PD1 PD2 PD3 PD10   PD12  YEAR MN DY HR FHR E16 E17    LEN       MAX         MIN      EXAMPLE
  56    2   1   1   4 100  100000  2021  3 23 12   0   0   3 1038240     100.00       3.30      73.70
 
 -----  Ensemble Spread for Current Time ------
 REC PDTN PD1 PD2 PD3 PD10   PD12  YEAR MN DY HR FHR E16 E17    LEN       MAX         MIN      EXAMPLE
  56    2   1   1   4 100  100000  2021  3 23 12   0   2   3 1038240      11.09       0.00       0.00
 
 ----- Start Read Ensemble Forecast ------
    
 REC PDTN PD1 PD2 PD3 PD10   PD12  YEAR MN DY HR FHR E16 E17    LEN       MAX         MIN      EXAMPLE
  57    1   2   2   4 100  100000  2021  3 23 12   0   3   0 1038240      17.40     -20.00      -0.80
 
 ----- Ensemble Forecast for Member ------
    
 REC PDTN PD1 PD2 PD3 PD10   PD12  YEAR MN DY HR FHR E16 E17    LEN       MAX         MIN      EXAMPLE
  57    1   2   2   4 100  100000  2021  3 23 12   0   3   1 1038240      17.43     -20.05      -0.78
 
 REC PDTN PD1 PD2 PD3 PD10   PD12  YEAR MN DY HR FHR E16 E17    LEN       MAX         MIN      EXAMPLE
  57    1   2   2   4 100  100000  2021  3 23 12   0   3   2 1038240      17.38     -19.95      -0.81
 
    
  variable has member           3
    
    
  Combined Ensemble Data Example at Point 8601 
    -0.8    -0.8    -0.8
    
 ens_avg(8601)=  -0.7975777    
 ens_spr(8601)=   1.5333021E-02
    
 ----- Output ensemble average and spread for Current Time ------
    
 gfldo%idrtmpl(3)=           2
 -----  Ensemble Average for Current Time ------
 REC PDTN PD1 PD2 PD3 PD10   PD12  YEAR MN DY HR FHR E16 E17    LEN       MAX         MIN      EXAMPLE
  57    2   2   2   4 100  100000  2021  3 23 12   0   0   3 1038240      17.40     -20.00      -0.80
 
 -----  Ensemble Spread for Current Time ------
 REC PDTN PD1 PD2 PD3 PD10   PD12  YEAR MN DY HR FHR E16 E17    LEN       MAX         MIN      EXAMPLE
  57    2   2   2   4 100  100000  2021  3 23 12   0   2   3 1038240       0.10       0.00       0.02
 
 ----- Start Read Ensemble Forecast ------
    
 REC PDTN PD1 PD2 PD3 PD10   PD12  YEAR MN DY HR FHR E16 E17    LEN       MAX         MIN      EXAMPLE
  58    1   2   3   4 100  100000  2021  3 23 12   0   3   0 1038240      24.65     -19.88      -9.59
 
 ----- Ensemble Forecast for Member ------
    
 REC PDTN PD1 PD2 PD3 PD10   PD12  YEAR MN DY HR FHR E16 E17    LEN       MAX         MIN      EXAMPLE
  58    1   2   3   4 100  100000  2021  3 23 12   0   3   1 1038240      24.64     -19.87      -9.62
 
 REC PDTN PD1 PD2 PD3 PD10   PD12  YEAR MN DY HR FHR E16 E17    LEN       MAX         MIN      EXAMPLE
  58    1   2   3   4 100  100000  2021  3 23 12   0   3   2 1038240      24.71     -19.87      -9.57
 
    
  variable has member           3
    
    
  Combined Ensemble Data Example at Point 8601 
    -9.6    -9.6    -9.6
    
 ens_avg(8601)=   -9.597404    
 ens_spr(8601)=   2.5294136E-02
    
 ----- Output ensemble average and spread for Current Time ------
    
 gfldo%idrtmpl(3)=           2
 -----  Ensemble Average for Current Time ------
 REC PDTN PD1 PD2 PD3 PD10   PD12  YEAR MN DY HR FHR E16 E17    LEN       MAX         MIN      EXAMPLE
  58    2   2   3   4 100  100000  2021  3 23 12   0   0   3 1038240      24.66     -19.88      -9.60
 
 -----  Ensemble Spread for Current Time ------
 REC PDTN PD1 PD2 PD3 PD10   PD12  YEAR MN DY HR FHR E16 E17    LEN       MAX         MIN      EXAMPLE
  58    2   2   3   4 100  100000  2021  3 23 12   0   2   3 1038240       0.11       0.00       0.03
 
 ----- Start Read Ensemble Forecast ------
    
 REC PDTN PD1 PD2 PD3 PD10   PD12  YEAR MN DY HR FHR E16 E17    LEN       MAX         MIN      EXAMPLE
  59    1   3 192   4 101       0  2021  3 23 12   0   3   0 1038240  104125.23   94325.07  101101.71
 
 ----- Ensemble Forecast for Member ------
    
 REC PDTN PD1 PD2 PD3 PD10   PD12  YEAR MN DY HR FHR E16 E17    LEN       MAX         MIN      EXAMPLE
  59    1   3 192   4 101       0  2021  3 23 12   0   3   1 1038240  104123.11   94325.19  101101.83
 
 REC PDTN PD1 PD2 PD3 PD10   PD12  YEAR MN DY HR FHR E16 E17    LEN       MAX         MIN      EXAMPLE
  59    1   3 192   4 101       0  2021  3 23 12   0   3   2 1038240  104126.94   94325.02  101101.82
 
    
  variable has member           3
    
    
  Combined Ensemble Data Example at Point 8601 
101101.7101101.8101101.8
    
 ens_avg(8601)=    101101.8    
 ens_spr(8601)=   6.5597095E-02
    
 ----- Output ensemble average and spread for Current Time ------
    
 gfldo%idrtmpl(3)=           2
 -----  Ensemble Average for Current Time ------
 REC PDTN PD1 PD2 PD3 PD10   PD12  YEAR MN DY HR FHR E16 E17    LEN       MAX         MIN      EXAMPLE
  59    2   3 192   4 101       0  2021  3 23 12   0   0   3 1038240  104125.09   94325.09  101101.79
 
 -----  Ensemble Spread for Current Time ------
 REC PDTN PD1 PD2 PD3 PD10   PD12  YEAR MN DY HR FHR E16 E17    LEN       MAX         MIN      EXAMPLE
  59    2   3 192   4 101       0  2021  3 23 12   0   2   3 1038240       9.74       0.03       0.07
 
 ----- Start Read Ensemble Forecast ------
    
 REC PDTN PD1 PD2 PD3 PD10   PD12  YEAR MN DY HR FHR E16 E17    LEN       MAX         MIN      EXAMPLE
  60    1   3   5   4 100  100000  2021  3 23 12   0   3   0 1038240     438.42    -463.10      76.82
 
 ----- Ensemble Forecast for Member ------
    
 REC PDTN PD1 PD2 PD3 PD10   PD12  YEAR MN DY HR FHR E16 E17    LEN       MAX         MIN      EXAMPLE
  60    1   3   5   4 100  100000  2021  3 23 12   0   3   1 1038240     438.41    -463.09      76.81
 
 REC PDTN PD1 PD2 PD3 PD10   PD12  YEAR MN DY HR FHR E16 E17    LEN       MAX         MIN      EXAMPLE
  60    1   3   5   4 100  100000  2021  3 23 12   0   3   2 1038240     438.42    -463.10      76.82
 
    
  variable has member           3
    
    
  Combined Ensemble Data Example at Point 8601 
    76.8    76.8    76.8
    
 ens_avg(8601)=    76.81482    
 ens_spr(8601)=   2.1141272E-03
    
 ----- Output ensemble average and spread for Current Time ------
    
 gfldo%idrtmpl(3)=           3
 -----  Ensemble Average for Current Time ------
 REC PDTN PD1 PD2 PD3 PD10   PD12  YEAR MN DY HR FHR E16 E17    LEN       MAX         MIN      EXAMPLE
  60    2   3   5   4 100  100000  2021  3 23 12   0   0   3 1038240     438.41    -463.10      76.81
 
 -----  Ensemble Spread for Current Time ------
 REC PDTN PD1 PD2 PD3 PD10   PD12  YEAR MN DY HR FHR E16 E17    LEN       MAX         MIN      EXAMPLE
  60    2   3   5   4 100  100000  2021  3 23 12   0   2   3 1038240       2.21       0.00       0.00
 
 ----- Start Read Ensemble Forecast ------
    
 REC PDTN PD1 PD2 PD3 PD10   PD12  YEAR MN DY HR FHR E16 E17    LEN       MAX         MIN      EXAMPLE
  61    1   3   0   4   1       0  2021  3 23 12   0   3   0 1038240  103902.01   54066.01  101102.01
 
 ----- Ensemble Forecast for Member ------
    
 REC PDTN PD1 PD2 PD3 PD10   PD12  YEAR MN DY HR FHR E16 E17    LEN       MAX         MIN      EXAMPLE
  61    1   3   0   4   1       0  2021  3 23 12   0   3   1 1038240  103902.01   54066.01  101102.01
 
 REC PDTN PD1 PD2 PD3 PD10   PD12  YEAR MN DY HR FHR E16 E17    LEN       MAX         MIN      EXAMPLE
  61    1   3   0   4   1       0  2021  3 23 12   0   3   2 1038240  103902.01   54066.01  101102.01
 
    
  variable has member           3
    
    
  Combined Ensemble Data Example at Point 8601 
101102.0101102.0101102.0
    
 ens_avg(8601)=    101102.0    
 ens_spr(8601)=   9.5683197E-03
    
 ----- Output ensemble average and spread for Current Time ------
    
 gfldo%idrtmpl(3)=           1
 -----  Ensemble Average for Current Time ------
 REC PDTN PD1 PD2 PD3 PD10   PD12  YEAR MN DY HR FHR E16 E17    LEN       MAX         MIN      EXAMPLE
  61    2   3   0   4   1       0  2021  3 23 12   0   0   3 1038240  103902.02   54066.01  101102.02
 
 -----  Ensemble Spread for Current Time ------
 REC PDTN PD1 PD2 PD3 PD10   PD12  YEAR MN DY HR FHR E16 E17    LEN       MAX         MIN      EXAMPLE
  61    2   3   0   4   1       0  2021  3 23 12   0   2   3 1038240       4.80       0.00       0.01
 
 ----- Start Read Ensemble Forecast ------
    
 REC PDTN PD1 PD2 PD3 PD10   PD12  YEAR MN DY HR FHR E16 E17    LEN       MAX         MIN      EXAMPLE
  62    1   3   5   4   1       0  2021  3 23 12   0   3   0 1038240    5138.86     -26.98      -0.02
 
 ----- Ensemble Forecast for Member ------
    
 REC PDTN PD1 PD2 PD3 PD10   PD12  YEAR MN DY HR FHR E16 E17    LEN       MAX         MIN      EXAMPLE
  62    1   3   5   4   1       0  2021  3 23 12   0   3   1 1038240    5138.86     -26.98      -0.02
 
 REC PDTN PD1 PD2 PD3 PD10   PD12  YEAR MN DY HR FHR E16 E17    LEN       MAX         MIN      EXAMPLE
  62    1   3   5   4   1       0  2021  3 23 12   0   3   2 1038240    5138.86     -26.98      -0.02
 
    
  variable has member           3
    
    
  Combined Ensemble Data Example at Point 8601 
    -0.0    -0.0    -0.0
    
 ens_avg(8601)=  -1.9704590E-02
 ens_spr(8601)=   0.0000000E+00
    
 ----- Output ensemble average and spread for Current Time ------
    
 gfldo%idrtmpl(3)=           2
 -----  Ensemble Average for Current Time ------
 REC PDTN PD1 PD2 PD3 PD10   PD12  YEAR MN DY HR FHR E16 E17    LEN       MAX         MIN      EXAMPLE
  62    2   3   5   4   1       0  2021  3 23 12   0   0   3 1038240    5138.86     -26.98      -0.02
 
 -----  Ensemble Spread for Current Time ------
 REC PDTN PD1 PD2 PD3 PD10   PD12  YEAR MN DY HR FHR E16 E17    LEN       MAX         MIN      EXAMPLE
  62    2   3   5   4   1       0  2021  3 23 12   0   2   3 1038240       0.00       0.00       0.00
 
 ----- Start Read Ensemble Forecast ------
    
 REC PDTN PD1 PD2 PD3 PD10   PD12  YEAR MN DY HR FHR E16 E17    LEN       MAX         MIN      EXAMPLE
  63    1   0   2   4 106       0  2021  3 23 12   0   3   0  550775     321.03       0.00     264.13
 
 ----- Ensemble Forecast for Member ------
    
 REC PDTN PD1 PD2 PD3 PD10   PD12  YEAR MN DY HR FHR E16 E17    LEN       MAX         MIN      EXAMPLE
  63    1   0   2   4 106       0  2021  3 23 12   0   3   1  550775     321.03       0.00     264.13
 
 REC PDTN PD1 PD2 PD3 PD10   PD12  YEAR MN DY HR FHR E16 E17    LEN       MAX         MIN      EXAMPLE
  63    1   0   2   4 106       0  2021  3 23 12   0   3   2  550775     321.03       0.00     264.13
 
    
  variable has member           3
    
    
  Combined Ensemble Data Example at Point 8601 
   264.1   264.1   264.1
    
 ens_avg(8601)=    264.1342    
 ens_spr(8601)=   0.0000000E+00
    
 ----- Output ensemble average and spread for Current Time ------
    
 gfldo%idrtmpl(3)=           1
 -----  Ensemble Average for Current Time ------
 REC PDTN PD1 PD2 PD3 PD10   PD12  YEAR MN DY HR FHR E16 E17    LEN       MAX         MIN      EXAMPLE
  63    2   0   2   4 106       0  2021  3 23 12   0   0   3  550775     321.03       0.00     264.13
 
 -----  Ensemble Spread for Current Time ------
 REC PDTN PD1 PD2 PD3 PD10   PD12  YEAR MN DY HR FHR E16 E17    LEN       MAX         MIN      EXAMPLE
  63    2   0   2   4 106       0  2021  3 23 12   0   2   3  550775       0.25       0.00       0.00
 
 ----- Start Read Ensemble Forecast ------
    
 REC PDTN PD1 PD2 PD3 PD10   PD12  YEAR MN DY HR FHR E16 E17    LEN       MAX         MIN      EXAMPLE
  64    1   0 192   4 106       0  2021  3 23 12   0   3   0  410364       1.00       0.00       0.00
 
 ----- Ensemble Forecast for Member ------
    
 REC PDTN PD1 PD2 PD3 PD10   PD12  YEAR MN DY HR FHR E16 E17    LEN       MAX         MIN      EXAMPLE
  64    1   0 192   4 106       0  2021  3 23 12   0   3   1  410364       1.00       0.00       0.00
 
 REC PDTN PD1 PD2 PD3 PD10   PD12  YEAR MN DY HR FHR E16 E17    LEN       MAX         MIN      EXAMPLE
  64    1   0 192   4 106       0  2021  3 23 12   0   3   2  410364       1.00       0.00       0.00
 
    
  variable has member           3
    
    
  Combined Ensemble Data Example at Point 8601 
     0.0     0.0     0.0
    
 ens_avg(8601)=   0.0000000E+00
 ens_spr(8601)=   0.0000000E+00
    
 ----- Output ensemble average and spread for Current Time ------
    
 gfldo%idrtmpl(3)=           3
 -----  Ensemble Average for Current Time ------
 REC PDTN PD1 PD2 PD3 PD10   PD12  YEAR MN DY HR FHR E16 E17    LEN       MAX         MIN      EXAMPLE
  64    2   0 192   4 106       0  2021  3 23 12   0   0   3  410364       1.00       0.00       0.00
 
 -----  Ensemble Spread for Current Time ------
 REC PDTN PD1 PD2 PD3 PD10   PD12  YEAR MN DY HR FHR E16 E17    LEN       MAX         MIN      EXAMPLE
  64    2   0 192   4 106       0  2021  3 23 12   0   2   3  410364       0.00       0.00       0.00
 
 ----- Start Read Ensemble Forecast ------
    
 REC PDTN PD1 PD2 PD3 PD10   PD12  YEAR MN DY HR FHR E16 E17    LEN       MAX         MIN      EXAMPLE
  65    1   1  13   4   1       0  2021  3 23 12   0   3   0  550775     173.00       0.00     129.00
 
 ----- Ensemble Forecast for Member ------
    
 REC PDTN PD1 PD2 PD3 PD10   PD12  YEAR MN DY HR FHR E16 E17    LEN       MAX         MIN      EXAMPLE
  65    1   1  13   4   1       0  2021  3 23 12   0   3   1  550775     173.00       0.00     129.00
 
 REC PDTN PD1 PD2 PD3 PD10   PD12  YEAR MN DY HR FHR E16 E17    LEN       MAX         MIN      EXAMPLE
  65    1   1  13   4   1       0  2021  3 23 12   0   3   2  550775     173.00       0.00     129.00
 
    
  variable has member           3
    
    
  Combined Ensemble Data Example at Point 8601 
   129.0   129.0   129.0
    
 ens_avg(8601)=    129.0000    
 ens_spr(8601)=   0.0000000E+00
    
 ----- Output ensemble average and spread for Current Time ------
    
 gfldo%idrtmpl(3)=           0
 -----  Ensemble Average for Current Time ------
 REC PDTN PD1 PD2 PD3 PD10   PD12  YEAR MN DY HR FHR E16 E17    LEN       MAX         MIN      EXAMPLE
  65    2   1  13   4   1       0  2021  3 23 12   0   0   3  550775     173.00       0.00     129.00
 
 -----  Ensemble Spread for Current Time ------
 REC PDTN PD1 PD2 PD3 PD10   PD12  YEAR MN DY HR FHR E16 E17    LEN       MAX         MIN      EXAMPLE
  65    2   1  13   4   1       0  2021  3 23 12   0   2   3  550775       0.00       0.00       0.00
 
 ----- Start Read Ensemble Forecast ------
    
 REC PDTN PD1 PD2 PD3 PD10   PD12  YEAR MN DY HR FHR E16 E17    LEN       MAX         MIN      EXAMPLE
  66    1   1  11   4   1       0  2021  3 23 12   0   3   0  550775       1.25       0.00       0.39
 
 ----- Ensemble Forecast for Member ------
    
 REC PDTN PD1 PD2 PD3 PD10   PD12  YEAR MN DY HR FHR E16 E17    LEN       MAX         MIN      EXAMPLE
  66    1   1  11   4   1       0  2021  3 23 12   0   3   1  550775       1.25       0.00       0.39
 
 REC PDTN PD1 PD2 PD3 PD10   PD12  YEAR MN DY HR FHR E16 E17    LEN       MAX         MIN      EXAMPLE
  66    1   1  11   4   1       0  2021  3 23 12   0   3   2  550775       1.25       0.00       0.39
 
    
  variable has member           3
    
    
  Combined Ensemble Data Example at Point 8601 
     0.4     0.4     0.4
    
 ens_avg(8601)=   0.3900000    
 ens_spr(8601)=   0.0000000E+00
    
 ----- Output ensemble average and spread for Current Time ------
    
 gfldo%idrtmpl(3)=           2
 -----  Ensemble Average for Current Time ------
 REC PDTN PD1 PD2 PD3 PD10   PD12  YEAR MN DY HR FHR E16 E17    LEN       MAX         MIN      EXAMPLE
  66    2   1  11   4   1       0  2021  3 23 12   0   0   3  550775       1.25       0.00       0.39
 
 -----  Ensemble Spread for Current Time ------
 REC PDTN PD1 PD2 PD3 PD10   PD12  YEAR MN DY HR FHR E16 E17    LEN       MAX         MIN      EXAMPLE
  66    2   1  11   4   1       0  2021  3 23 12   0   2   3  550775       0.01       0.00       0.00
 
 ----- Start Read Ensemble Forecast ------
    
 REC PDTN PD1 PD2 PD3 PD10   PD12  YEAR MN DY HR FHR E16 E17    LEN       MAX         MIN      EXAMPLE
  67    1   1 200   4   1       0  2021  3 23 12   0   3   0  550775       0.00      -0.00      -0.00
 
 ----- Ensemble Forecast for Member ------
    
 REC PDTN PD1 PD2 PD3 PD10   PD12  YEAR MN DY HR FHR E16 E17    LEN       MAX         MIN      EXAMPLE
  67    1   1 200   4   1       0  2021  3 23 12   0   3   1  550775       0.00      -0.00      -0.00
 
 REC PDTN PD1 PD2 PD3 PD10   PD12  YEAR MN DY HR FHR E16 E17    LEN       MAX         MIN      EXAMPLE
  67    1   1 200   4   1       0  2021  3 23 12   0   3   2  550775       0.00      -0.00      -0.00
 
    
  variable has member           3
    
    
  Combined Ensemble Data Example at Point 8601 
    -0.0    -0.0    -0.0
    
 ens_avg(8601)=  -8.1210940E-09
 ens_spr(8601)=   5.0429234E-09
    
 ----- Output ensemble average and spread for Current Time ------
    
 gfldo%idrtmpl(3)=           9
 -----  Ensemble Average for Current Time ------
 REC PDTN PD1 PD2 PD3 PD10   PD12  YEAR MN DY HR FHR E16 E17    LEN       MAX         MIN      EXAMPLE
  67    2   1 200   4   1       0  2021  3 23 12   0   0   3  550775       0.00      -0.00      -0.00
 
 -----  Ensemble Spread for Current Time ------
 REC PDTN PD1 PD2 PD3 PD10   PD12  YEAR MN DY HR FHR E16 E17    LEN       MAX         MIN      EXAMPLE
  67    2   1 200   4   1       0  2021  3 23 12   0   2   3  550775       0.00       0.00       0.00
 
 ----- Start Read Ensemble Forecast ------
    
 REC PDTN PD1 PD2 PD3 PD10   PD12  YEAR MN DY HR FHR E16 E17    LEN       MAX         MIN      EXAMPLE
  68    1   2   1   4   1       0  2021  3 23 12   0   3   0 1038240       3.06       0.00       1.87
 
 ----- Ensemble Forecast for Member ------
    
 REC PDTN PD1 PD2 PD3 PD10   PD12  YEAR MN DY HR FHR E16 E17    LEN       MAX         MIN      EXAMPLE
  68    1   2   1   4   1       0  2021  3 23 12   0   3   1 1038240       3.06       0.00       1.87
 
 REC PDTN PD1 PD2 PD3 PD10   PD12  YEAR MN DY HR FHR E16 E17    LEN       MAX         MIN      EXAMPLE
  68    1   2   1   4   1       0  2021  3 23 12   0   3   2 1038240       3.06       0.00       1.87
 
    
  variable has member           3
    
    
  Combined Ensemble Data Example at Point 8601 
     1.9     1.9     1.9
    
 ens_avg(8601)=    1.870000    
 ens_spr(8601)=   0.0000000E+00
    
 ----- Output ensemble average and spread for Current Time ------
    
 gfldo%idrtmpl(3)=           2
 -----  Ensemble Average for Current Time ------
 REC PDTN PD1 PD2 PD3 PD10   PD12  YEAR MN DY HR FHR E16 E17    LEN       MAX         MIN      EXAMPLE
  68    2   2   1   4   1       0  2021  3 23 12   0   0   3 1038240       3.06       0.00       1.87
 
 -----  Ensemble Spread for Current Time ------
 REC PDTN PD1 PD2 PD3 PD10   PD12  YEAR MN DY HR FHR E16 E17    LEN       MAX         MIN      EXAMPLE
  68    2   2   1   4   1       0  2021  3 23 12   0   2   3 1038240       0.00       0.00       0.00
 
 ----- Start Read Ensemble Forecast ------
    
 REC PDTN PD1 PD2 PD3 PD10   PD12  YEAR MN DY HR FHR E16 E17    LEN       MAX         MIN      EXAMPLE
  69    1   0   0   4 103       2  2021  3 23 12   0   3   0 1038240     314.18     218.47     239.35
 
 ----- Ensemble Forecast for Member ------
    
 REC PDTN PD1 PD2 PD3 PD10   PD12  YEAR MN DY HR FHR E16 E17    LEN       MAX         MIN      EXAMPLE
  69    1   0   0   4 103       2  2021  3 23 12   0   3   1 1038240     314.18     218.47     239.35
 
 REC PDTN PD1 PD2 PD3 PD10   PD12  YEAR MN DY HR FHR E16 E17    LEN       MAX         MIN      EXAMPLE
  69    1   0   0   4 103       2  2021  3 23 12   0   3   2 1038240     314.18     218.47     239.35
 
    
  variable has member           3
    
    
  Combined Ensemble Data Example at Point 8601 
   239.4   239.4   239.4
    
 ens_avg(8601)=    239.3502    
 ens_spr(8601)=   1.8688124E-05
    
 ----- Output ensemble average and spread for Current Time ------
    
 gfldo%idrtmpl(3)=           2
 -----  Ensemble Average for Current Time ------
 REC PDTN PD1 PD2 PD3 PD10   PD12  YEAR MN DY HR FHR E16 E17    LEN       MAX         MIN      EXAMPLE
  69    2   0   0   4 103       2  2021  3 23 12   0   0   3 1038240     314.18     218.47     239.35
 
 -----  Ensemble Spread for Current Time ------
 REC PDTN PD1 PD2 PD3 PD10   PD12  YEAR MN DY HR FHR E16 E17    LEN       MAX         MIN      EXAMPLE
  69    2   0   0   4 103       2  2021  3 23 12   0   2   3 1038240       0.44       0.00       0.00
 
 ----- Start Read Ensemble Forecast ------
    
 REC PDTN PD1 PD2 PD3 PD10   PD12  YEAR MN DY HR FHR E16 E17    LEN       MAX         MIN      EXAMPLE
  70    1   0   6   4 103       2  2021  3 23 12   0   3   0 1038240     298.71     210.85     236.53
 
 ----- Ensemble Forecast for Member ------
    
 REC PDTN PD1 PD2 PD3 PD10   PD12  YEAR MN DY HR FHR E16 E17    LEN       MAX         MIN      EXAMPLE
  70    1   0   6   4 103       2  2021  3 23 12   0   3   1 1038240     298.71     210.85     236.53
 
 REC PDTN PD1 PD2 PD3 PD10   PD12  YEAR MN DY HR FHR E16 E17    LEN       MAX         MIN      EXAMPLE
  70    1   0   6   4 103       2  2021  3 23 12   0   3   2 1038240     298.71     210.86     236.53
 
    
  variable has member           3
    
    
  Combined Ensemble Data Example at Point 8601 
   236.5   236.5   236.5
    
 ens_avg(8601)=    236.5315    
 ens_spr(8601)=   6.1981496E-05
    
 ----- Output ensemble average and spread for Current Time ------
    
 gfldo%idrtmpl(3)=           2
 -----  Ensemble Average for Current Time ------
 REC PDTN PD1 PD2 PD3 PD10   PD12  YEAR MN DY HR FHR E16 E17    LEN       MAX         MIN      EXAMPLE
  70    2   0   6   4 103       2  2021  3 23 12   0   0   3 1038240     298.71     210.85     236.53
 
 -----  Ensemble Spread for Current Time ------
 REC PDTN PD1 PD2 PD3 PD10   PD12  YEAR MN DY HR FHR E16 E17    LEN       MAX         MIN      EXAMPLE
  70    2   0   6   4 103       2  2021  3 23 12   0   2   3 1038240       0.58       0.00       0.00
 
 ----- Start Read Ensemble Forecast ------
    
 REC PDTN PD1 PD2 PD3 PD10   PD12  YEAR MN DY HR FHR E16 E17    LEN       MAX         MIN      EXAMPLE
  71    1   1   1   4 103       2  2021  3 23 12   0   3   0 1038240     100.00       5.90      77.60
 
 ----- Ensemble Forecast for Member ------
    
 REC PDTN PD1 PD2 PD3 PD10   PD12  YEAR MN DY HR FHR E16 E17    LEN       MAX         MIN      EXAMPLE
  71    1   1   1   4 103       2  2021  3 23 12   0   3   1 1038240     100.00       5.90      77.60
 
 REC PDTN PD1 PD2 PD3 PD10   PD12  YEAR MN DY HR FHR E16 E17    LEN       MAX         MIN      EXAMPLE
  71    1   1   1   4 103       2  2021  3 23 12   0   3   2 1038240     100.00       5.90      77.60
 
    
  variable has member           3
    
    
  Combined Ensemble Data Example at Point 8601 
    77.6    77.6    77.6
    
 ens_avg(8601)=    77.60000    
 ens_spr(8601)=   0.0000000E+00
    
 ----- Output ensemble average and spread for Current Time ------
    
 gfldo%idrtmpl(3)=           1
 -----  Ensemble Average for Current Time ------
 REC PDTN PD1 PD2 PD3 PD10   PD12  YEAR MN DY HR FHR E16 E17    LEN       MAX         MIN      EXAMPLE
  71    2   1   1   4 103       2  2021  3 23 12   0   0   3 1038240     100.00       5.90      77.60
 
 -----  Ensemble Spread for Current Time ------
 REC PDTN PD1 PD2 PD3 PD10   PD12  YEAR MN DY HR FHR E16 E17    LEN       MAX         MIN      EXAMPLE
  71    2   1   1   4 103       2  2021  3 23 12   0   2   3 1038240       3.75       0.00       0.00
 
 ----- Start Read Ensemble Forecast ------
    
 REC PDTN PD1 PD2 PD3 PD10   PD12  YEAR MN DY HR FHR  TR E16 E17    LEN       MAX         MIN      EXAMPLE
  72   11   0   4   4 103       2  2021  3 23 12   0   0   3   0 1038240     314.18     218.47     239.35
 
 ----- Ensemble Forecast for Member ------
    
 REC PDTN PD1 PD2 PD3 PD10   PD12  YEAR MN DY HR FHR  TR E16 E17    LEN       MAX         MIN      EXAMPLE
  72   11   0   4   4 103       2  2021  3 23 12   0   0   3   1 1038240     314.18     218.47     239.35
 
 REC PDTN PD1 PD2 PD3 PD10   PD12  YEAR MN DY HR FHR  TR E16 E17    LEN       MAX         MIN      EXAMPLE
  72   11   0   4   4 103       2  2021  3 23 12   0   0   3   2 1038240     314.18     218.47     239.35
 
    
  variable has member           3
    
    
  Combined Ensemble Data Example at Point 8601 
   239.4   239.4   239.4
    
 ens_avg(8601)=    239.3502    
 ens_spr(8601)=   1.8688124E-05
    
 ----- Output ensemble average and spread for Current Time ------
    
 gfldo%idrtmpl(3)=           2
 -----  Ensemble Average for Current Time ------
 REC PDTN PD1 PD2 PD3 PD10   PD12  YEAR MN DY HR FHR  TR E16 E17    LEN       MAX         MIN      EXAMPLE
  72   12   0   4   4 103       2  2021  3 23 12   0 255   0   3 1038240     314.18     218.47     239.35
 
 -----  Ensemble Spread for Current Time ------
 REC PDTN PD1 PD2 PD3 PD10   PD12  YEAR MN DY HR FHR  TR E16 E17    LEN       MAX         MIN      EXAMPLE
  72   12   0   4   4 103       2  2021  3 23 12   0 255   2   3 1038240       0.44       0.00       0.00
 
 ----- Start Read Ensemble Forecast ------
    
 REC PDTN PD1 PD2 PD3 PD10   PD12  YEAR MN DY HR FHR  TR E16 E17    LEN       MAX         MIN      EXAMPLE
  73   11   0   5   4 103       2  2021  3 23 12   0   0   3   0 1038240     314.18     218.47     239.35
 
 ----- Ensemble Forecast for Member ------
    
 REC PDTN PD1 PD2 PD3 PD10   PD12  YEAR MN DY HR FHR  TR E16 E17    LEN       MAX         MIN      EXAMPLE
  73   11   0   5   4 103       2  2021  3 23 12   0   0   3   1 1038240     314.18     218.47     239.35
 
 REC PDTN PD1 PD2 PD3 PD10   PD12  YEAR MN DY HR FHR  TR E16 E17    LEN       MAX         MIN      EXAMPLE
  73   11   0   5   4 103       2  2021  3 23 12   0   0   3   2 1038240     314.18     218.47     239.35
 
    
  variable has member           3
    
    
  Combined Ensemble Data Example at Point 8601 
   239.4   239.4   239.4
    
 ens_avg(8601)=    239.3502    
 ens_spr(8601)=   1.8688124E-05
    
 ----- Output ensemble average and spread for Current Time ------
    
 gfldo%idrtmpl(3)=           2
 -----  Ensemble Average for Current Time ------
 REC PDTN PD1 PD2 PD3 PD10   PD12  YEAR MN DY HR FHR  TR E16 E17    LEN       MAX         MIN      EXAMPLE
  73   12   0   5   4 103       2  2021  3 23 12   0 255   0   3 1038240     314.18     218.47     239.35
 
 -----  Ensemble Spread for Current Time ------
 REC PDTN PD1 PD2 PD3 PD10   PD12  YEAR MN DY HR FHR  TR E16 E17    LEN       MAX         MIN      EXAMPLE
  73   12   0   5   4 103       2  2021  3 23 12   0 255   2   3 1038240       0.44       0.00       0.00
 
 ----- Start Read Ensemble Forecast ------
    
 REC PDTN PD1 PD2 PD3 PD10   PD12  YEAR MN DY HR FHR E16 E17    LEN       MAX         MIN      EXAMPLE
  74    1   2   2   4 103      10  2021  3 23 12   0   3   0 1038240      23.60     -19.02       0.55
 
 ----- Ensemble Forecast for Member ------
    
 REC PDTN PD1 PD2 PD3 PD10   PD12  YEAR MN DY HR FHR E16 E17    LEN       MAX         MIN      EXAMPLE
  74    1   2   2   4 103      10  2021  3 23 12   0   3   1 1038240      23.60     -19.02       0.55
 
 REC PDTN PD1 PD2 PD3 PD10   PD12  YEAR MN DY HR FHR E16 E17    LEN       MAX         MIN      EXAMPLE
  74    1   2   2   4 103      10  2021  3 23 12   0   3   2 1038240      23.60     -19.02       0.55
 
    
  variable has member           3
    
    
  Combined Ensemble Data Example at Point 8601 
     0.6     0.6     0.6
    
 ens_avg(8601)=   0.5538391    
 ens_spr(8601)=   0.0000000E+00
    
 ----- Output ensemble average and spread for Current Time ------
    
 gfldo%idrtmpl(3)=           2
 -----  Ensemble Average for Current Time ------
 REC PDTN PD1 PD2 PD3 PD10   PD12  YEAR MN DY HR FHR E16 E17    LEN       MAX         MIN      EXAMPLE
  74    2   2   2   4 103      10  2021  3 23 12   0   0   3 1038240      23.60     -19.02       0.55
 
 -----  Ensemble Spread for Current Time ------
 REC PDTN PD1 PD2 PD3 PD10   PD12  YEAR MN DY HR FHR E16 E17    LEN       MAX         MIN      EXAMPLE
  74    2   2   2   4 103      10  2021  3 23 12   0   2   3 1038240       0.01       0.00       0.00
 
 ----- Start Read Ensemble Forecast ------
    
 REC PDTN PD1 PD2 PD3 PD10   PD12  YEAR MN DY HR FHR E16 E17    LEN       MAX         MIN      EXAMPLE
  75    1   2   3   4 103      10  2021  3 23 12   0   3   0 1038240      21.11     -18.74      -7.06
 
 ----- Ensemble Forecast for Member ------
    
 REC PDTN PD1 PD2 PD3 PD10   PD12  YEAR MN DY HR FHR E16 E17    LEN       MAX         MIN      EXAMPLE
  75    1   2   3   4 103      10  2021  3 23 12   0   3   1 1038240      21.11     -18.74      -7.06
 
 REC PDTN PD1 PD2 PD3 PD10   PD12  YEAR MN DY HR FHR E16 E17    LEN       MAX         MIN      EXAMPLE
  75    1   2   3   4 103      10  2021  3 23 12   0   3   2 1038240      21.11     -18.74      -7.06
 
    
  variable has member           3
    
    
  Combined Ensemble Data Example at Point 8601 
    -7.1    -7.1    -7.1
    
 ens_avg(8601)=   -7.063937    
 ens_spr(8601)=   5.8400389E-07
    
 ----- Output ensemble average and spread for Current Time ------
    
 gfldo%idrtmpl(3)=           2
 -----  Ensemble Average for Current Time ------
 REC PDTN PD1 PD2 PD3 PD10   PD12  YEAR MN DY HR FHR E16 E17    LEN       MAX         MIN      EXAMPLE
  75    2   2   3   4 103      10  2021  3 23 12   0   0   3 1038240      21.11     -18.74      -7.06
 
 -----  Ensemble Spread for Current Time ------
 REC PDTN PD1 PD2 PD3 PD10   PD12  YEAR MN DY HR FHR E16 E17    LEN       MAX         MIN      EXAMPLE
  75    2   2   3   4 103      10  2021  3 23 12   0   2   3 1038240       0.01       0.00       0.00
 
 ----- Start Read Ensemble Forecast ------
    
 REC PDTN PD1 PD2 PD3 PD10   PD12  YEAR MN DY HR FHR E16 E17    LEN       MAX         MIN      EXAMPLE
  76    1   2   6   4 102      10  2021  3 23 12   0   3   0 1038240       0.00       0.00       0.00
 
 ----- Ensemble Forecast for Member ------
    
 REC PDTN PD1 PD2 PD3 PD10   PD12  YEAR MN DY HR FHR E16 E17    LEN       MAX         MIN      EXAMPLE
  76    1   2   6   4 102      10  2021  3 23 12   0   3   1 1038240       0.00       0.00       0.00
 
 REC PDTN PD1 PD2 PD3 PD10   PD12  YEAR MN DY HR FHR E16 E17    LEN       MAX         MIN      EXAMPLE
  76    1   2   6   4 102      10  2021  3 23 12   0   3   2 1038240       0.00       0.00       0.00
 
    
  variable has member           3
    
    
  Combined Ensemble Data Example at Point 8601 
     0.0     0.0     0.0
    
 ens_avg(8601)=   0.0000000E+00
 ens_spr(8601)=   0.0000000E+00
    
 ----- Output ensemble average and spread for Current Time ------
    
 gfldo%idrtmpl(3)=           8
 -----  Ensemble Average for Current Time ------
 REC PDTN PD1 PD2 PD3 PD10   PD12  YEAR MN DY HR FHR E16 E17    LEN       MAX         MIN      EXAMPLE
  76    2   2   6   4 102      10  2021  3 23 12   0   0   3 1038240       0.00       0.00       0.00
 
 -----  Ensemble Spread for Current Time ------
 REC PDTN PD1 PD2 PD3 PD10   PD12  YEAR MN DY HR FHR E16 E17    LEN       MAX         MIN      EXAMPLE
  76    2   2   6   4 102      10  2021  3 23 12   0   2   3 1038240       0.00       0.00       0.00
 
 ----- Start Read Ensemble Forecast ------
    
 REC PDTN PD1 PD2 PD3 PD10   PD12  YEAR MN DY HR FHR E16 E17    LEN       MAX         MIN      EXAMPLE
  77    1   1  39   4   1       0  2021  3 23 12   0   3   0 1038240     100.00     -50.00     100.00
 
 ----- Ensemble Forecast for Member ------
    
 REC PDTN PD1 PD2 PD3 PD10   PD12  YEAR MN DY HR FHR E16 E17    LEN       MAX         MIN      EXAMPLE
  77    1   1  39   4   1       0  2021  3 23 12   0   3   1 1038240     100.00     -50.00      93.80
 
 REC PDTN PD1 PD2 PD3 PD10   PD12  YEAR MN DY HR FHR E16 E17    LEN       MAX         MIN      EXAMPLE
  77    1   1  39   4   1       0  2021  3 23 12   0   3   2 1038240     100.00     -50.00     100.00
 
    
  variable has member           3
    
    
  Combined Ensemble Data Example at Point 8601 
   100.0    93.8   100.0
    
 ens_avg(8601)=    97.93334    
 ens_spr(8601)=    3.579570    
    
 ----- Output ensemble average and spread for Current Time ------
    
 gfldo%idrtmpl(3)=           1
 -----  Ensemble Average for Current Time ------
 REC PDTN PD1 PD2 PD3 PD10   PD12  YEAR MN DY HR FHR E16 E17    LEN       MAX         MIN      EXAMPLE
  77    2   1  39   4   1       0  2021  3 23 12   0   0   3 1038240     100.00     -50.00      97.93
 
 -----  Ensemble Spread for Current Time ------
 REC PDTN PD1 PD2 PD3 PD10   PD12  YEAR MN DY HR FHR E16 E17    LEN       MAX         MIN      EXAMPLE
  77    2   1  39   4   1       0  2021  3 23 12   0   2   3 1038240      86.60       0.00       3.58
 
 ----- Start Read Ensemble Forecast ------
    
 REC PDTN PD1 PD2 PD3 PD10   PD12  YEAR MN DY HR FHR E16 E17    LEN       MAX         MIN      EXAMPLE
  78    1   7   6   4   1       0  2021  3 23 12   0   3   0 1038240    6993.00       0.00       0.00
 
 ----- Ensemble Forecast for Member ------
    
 REC PDTN PD1 PD2 PD3 PD10   PD12  YEAR MN DY HR FHR E16 E17    LEN       MAX         MIN      EXAMPLE
  78    1   7   6   4   1       0  2021  3 23 12   0   3   1 1038240    6982.00       0.00       0.00
 
 REC PDTN PD1 PD2 PD3 PD10   PD12  YEAR MN DY HR FHR E16 E17    LEN       MAX         MIN      EXAMPLE
  78    1   7   6   4   1       0  2021  3 23 12   0   3   2 1038240    6987.00       0.00       0.00
 
    
  variable has member           3
    
    
  Combined Ensemble Data Example at Point 8601 
     0.0     0.0     0.0
    
 ens_avg(8601)=   0.0000000E+00
 ens_spr(8601)=   0.0000000E+00
    
 ----- Output ensemble average and spread for Current Time ------
    
 gfldo%idrtmpl(3)=           0
 -----  Ensemble Average for Current Time ------
 REC PDTN PD1 PD2 PD3 PD10   PD12  YEAR MN DY HR FHR E16 E17    LEN       MAX         MIN      EXAMPLE
  78    2   7   6   4   1       0  2021  3 23 12   0   0   3 1038240    6987.33       0.00       0.00
 
 -----  Ensemble Spread for Current Time ------
 REC PDTN PD1 PD2 PD3 PD10   PD12  YEAR MN DY HR FHR E16 E17    LEN       MAX         MIN      EXAMPLE
  78    2   7   6   4   1       0  2021  3 23 12   0   2   3 1038240     503.58       0.00       0.00
 
 ----- Start Read Ensemble Forecast ------
    
 REC PDTN PD1 PD2 PD3 PD10   PD12  YEAR MN DY HR FHR E16 E17    LEN       MAX         MIN      EXAMPLE
  79    1   7   7   4   1       0  2021  3 23 12   0   3   0 1038240      -0.04    -773.74      -0.04
 
 ----- Ensemble Forecast for Member ------
    
 REC PDTN PD1 PD2 PD3 PD10   PD12  YEAR MN DY HR FHR E16 E17    LEN       MAX         MIN      EXAMPLE
  79    1   7   7   4   1       0  2021  3 23 12   0   3   1 1038240       0.02    -773.88       0.02
 
 REC PDTN PD1 PD2 PD3 PD10   PD12  YEAR MN DY HR FHR E16 E17    LEN       MAX         MIN      EXAMPLE
  79    1   7   7   4   1       0  2021  3 23 12   0   3   2 1038240       0.03    -773.77       0.03
 
    
  variable has member           3
    
    
  Combined Ensemble Data Example at Point 8601 
    -0.0     0.0     0.0
    
 ens_avg(8601)=   1.1718767E-03
 ens_spr(8601)=   3.9217833E-02
    
 ----- Output ensemble average and spread for Current Time ------
    
 gfldo%idrtmpl(3)=           1
 -----  Ensemble Average for Current Time ------
 REC PDTN PD1 PD2 PD3 PD10   PD12  YEAR MN DY HR FHR E16 E17    LEN       MAX         MIN      EXAMPLE
  79    2   7   7   4   1       0  2021  3 23 12   0   0   3 1038240       0.00    -773.80       0.00
 
 -----  Ensemble Spread for Current Time ------
 REC PDTN PD1 PD2 PD3 PD10   PD12  YEAR MN DY HR FHR E16 E17    LEN       MAX         MIN      EXAMPLE
  79    2   7   7   4   1       0  2021  3 23 12   0   2   3 1038240     111.30       0.02       0.04
 
 ----- Start Read Ensemble Forecast ------
    
 REC PDTN PD1 PD2 PD3 PD10   PD12  YEAR MN DY HR FHR E16 E17    LEN       MAX         MIN      EXAMPLE
  80    1   1   3   4 200       0  2021  3 23 12   0   3   0 1038240      67.40       0.20       1.00
 
 ----- Ensemble Forecast for Member ------
    
 REC PDTN PD1 PD2 PD3 PD10   PD12  YEAR MN DY HR FHR E16 E17    LEN       MAX         MIN      EXAMPLE
  80    1   1   3   4 200       0  2021  3 23 12   0   3   1 1038240      67.40       0.20       1.00
 
 REC PDTN PD1 PD2 PD3 PD10   PD12  YEAR MN DY HR FHR E16 E17    LEN       MAX         MIN      EXAMPLE
  80    1   1   3   4 200       0  2021  3 23 12   0   3   2 1038240      67.40       0.20       1.00
 
    
  variable has member           3
    
    
  Combined Ensemble Data Example at Point 8601 
     1.0     1.0     1.0
    
 ens_avg(8601)=    1.000000    
 ens_spr(8601)=   0.0000000E+00
    
 ----- Output ensemble average and spread for Current Time ------
    
 gfldo%idrtmpl(3)=           1
 -----  Ensemble Average for Current Time ------
 REC PDTN PD1 PD2 PD3 PD10   PD12  YEAR MN DY HR FHR E16 E17    LEN       MAX         MIN      EXAMPLE
  80    2   1   3   4 200       0  2021  3 23 12   0   0   3 1038240      67.40       0.20       1.00
 
 -----  Ensemble Spread for Current Time ------
 REC PDTN PD1 PD2 PD3 PD10   PD12  YEAR MN DY HR FHR E16 E17    LEN       MAX         MIN      EXAMPLE
  80    2   1   3   4 200       0  2021  3 23 12   0   2   3 1038240       0.12       0.00       0.00
 
 ----- Start Read Ensemble Forecast ------
    
 REC PDTN PD1 PD2 PD3 PD10   PD12  YEAR MN DY HR FHR E16 E17    LEN       MAX         MIN      EXAMPLE
  81    1   3   5   4 215       0  2021  3 23 12   0   3   0 1038240   20000.04       8.84   20000.04
 
 ----- Ensemble Forecast for Member ------
    
 REC PDTN PD1 PD2 PD3 PD10   PD12  YEAR MN DY HR FHR E16 E17    LEN       MAX         MIN      EXAMPLE
  81    1   3   5   4 215       0  2021  3 23 12   0   3   1 1038240   20000.04       8.84   20000.04
 
 REC PDTN PD1 PD2 PD3 PD10   PD12  YEAR MN DY HR FHR E16 E17    LEN       MAX         MIN      EXAMPLE
  81    1   3   5   4 215       0  2021  3 23 12   0   3   2 1038240   20000.04       8.84   20000.04
 
    
  variable has member           3
    
    
  Combined Ensemble Data Example at Point 8601 
 20000.0 20000.0 20000.0
    
 ens_avg(8601)=    20000.04    
 ens_spr(8601)=   2.3920799E-03
    
 ----- Output ensemble average and spread for Current Time ------
    
 gfldo%idrtmpl(3)=           1
 -----  Ensemble Average for Current Time ------
 REC PDTN PD1 PD2 PD3 PD10   PD12  YEAR MN DY HR FHR E16 E17    LEN       MAX         MIN      EXAMPLE
  81    2   3   5   4 215       0  2021  3 23 12   0   0   3 1038240   20000.04       8.84   20000.04
 
 -----  Ensemble Spread for Current Time ------
 REC PDTN PD1 PD2 PD3 PD10   PD12  YEAR MN DY HR FHR E16 E17    LEN       MAX         MIN      EXAMPLE
  81    2   3   5   4 215       0  2021  3 23 12   0   2   3 1038240   11449.09       0.00       0.00
 
 ----- Start Read Ensemble Forecast ------
    
 REC PDTN PD1 PD2 PD3 PD10   PD12  YEAR MN DY HR FHR E16 E17    LEN       MAX         MIN      EXAMPLE
  82    1   7   8   4 103    3000  2021  3 23 12   0   3   0 1038240     730.16    -385.84      56.16
 
 ----- Ensemble Forecast for Member ------
    
 REC PDTN PD1 PD2 PD3 PD10   PD12  YEAR MN DY HR FHR E16 E17    LEN       MAX         MIN      EXAMPLE
  82    1   7   8   4 103    3000  2021  3 23 12   0   3   1 1038240     736.14    -384.86      57.14
 
 REC PDTN PD1 PD2 PD3 PD10   PD12  YEAR MN DY HR FHR E16 E17    LEN       MAX         MIN      EXAMPLE
  82    1   7   8   4 103    3000  2021  3 23 12   0   3   2 1038240     725.16    -386.84      56.16
 
    
  variable has member           3
    
    
  Combined Ensemble Data Example at Point 8601 
    56.2    57.1    56.2
    
 ens_avg(8601)=    56.48734    
 ens_spr(8601)=   0.5646291    
    
 ----- Output ensemble average and spread for Current Time ------
    
 gfldo%idrtmpl(3)=           0
 -----  Ensemble Average for Current Time ------
 REC PDTN PD1 PD2 PD3 PD10   PD12  YEAR MN DY HR FHR E16 E17    LEN       MAX         MIN      EXAMPLE
  82    2   7   8   4 103    3000  2021  3 23 12   0   0   3 1038240     730.49    -385.85      56.49
 
 -----  Ensemble Spread for Current Time ------
 REC PDTN PD1 PD2 PD3 PD10   PD12  YEAR MN DY HR FHR E16 E17    LEN       MAX         MIN      EXAMPLE
  82    2   7   8   4 103    3000  2021  3 23 12   0   2   3 1038240       5.50       0.01       0.56
 
 ----- Start Read Ensemble Forecast ------
    
 REC PDTN PD1 PD2 PD3 PD10   PD12  YEAR MN DY HR FHR E16 E17    LEN       MAX         MIN      EXAMPLE
  83    1   7   6   4 108   18000  2021  3 23 12   0   3   0 1038240    5438.00       0.00       0.00
 
 ----- Ensemble Forecast for Member ------
    
 REC PDTN PD1 PD2 PD3 PD10   PD12  YEAR MN DY HR FHR E16 E17    LEN       MAX         MIN      EXAMPLE
  83    1   7   6   4 108   18000  2021  3 23 12   0   3   1 1038240    5427.00       0.00       0.00
 
 REC PDTN PD1 PD2 PD3 PD10   PD12  YEAR MN DY HR FHR E16 E17    LEN       MAX         MIN      EXAMPLE
  83    1   7   6   4 108   18000  2021  3 23 12   0   3   2 1038240    5433.00       0.00       0.00
 
    
  variable has member           3
    
    
  Combined Ensemble Data Example at Point 8601 
     0.0     0.0     0.0
    
 ens_avg(8601)=   0.0000000E+00
 ens_spr(8601)=   0.0000000E+00
    
 ----- Output ensemble average and spread for Current Time ------
    
 gfldo%idrtmpl(3)=           0
 -----  Ensemble Average for Current Time ------
 REC PDTN PD1 PD2 PD3 PD10   PD12  YEAR MN DY HR FHR E16 E17    LEN       MAX         MIN      EXAMPLE
  83    2   7   6   4 108   18000  2021  3 23 12   0   0   3 1038240    5432.67       0.00       0.00
 
 -----  Ensemble Spread for Current Time ------
 REC PDTN PD1 PD2 PD3 PD10   PD12  YEAR MN DY HR FHR E16 E17    LEN       MAX         MIN      EXAMPLE
  83    2   7   6   4 108   18000  2021  3 23 12   0   2   3 1038240      64.13       0.00       0.00
 
 ----- Start Read Ensemble Forecast ------
    
 REC PDTN PD1 PD2 PD3 PD10   PD12  YEAR MN DY HR FHR E16 E17    LEN       MAX         MIN      EXAMPLE
  84    1   7   7   4 108   18000  2021  3 23 12   0   3   0 1038240      -0.03    -816.63      -0.03
 
 ----- Ensemble Forecast for Member ------
    
 REC PDTN PD1 PD2 PD3 PD10   PD12  YEAR MN DY HR FHR E16 E17    LEN       MAX         MIN      EXAMPLE
  84    1   7   7   4 108   18000  2021  3 23 12   0   3   1 1038240      -0.04    -816.64      -0.04
 
 REC PDTN PD1 PD2 PD3 PD10   PD12  YEAR MN DY HR FHR E16 E17    LEN       MAX         MIN      EXAMPLE
  84    1   7   7   4 108   18000  2021  3 23 12   0   3   2 1038240       0.00    -816.60       0.00
 
    
  variable has member           3
    
    
  Combined Ensemble Data Example at Point 8601 
    -0.0    -0.0     0.0
    
 ens_avg(8601)=  -1.9384766E-02
 ens_spr(8601)=   2.1144947E-02
    
 ----- Output ensemble average and spread for Current Time ------
    
 gfldo%idrtmpl(3)=           1
 -----  Ensemble Average for Current Time ------
 REC PDTN PD1 PD2 PD3 PD10   PD12  YEAR MN DY HR FHR E16 E17    LEN       MAX         MIN      EXAMPLE
  84    2   7   7   4 108   18000  2021  3 23 12   0   0   3 1038240      -0.02    -816.62      -0.02
 
 -----  Ensemble Spread for Current Time ------
 REC PDTN PD1 PD2 PD3 PD10   PD12  YEAR MN DY HR FHR E16 E17    LEN       MAX         MIN      EXAMPLE
  84    2   7   7   4 108   18000  2021  3 23 12   0   2   3 1038240      54.86       0.02       0.02
 
 ----- Start Read Ensemble Forecast ------
    
 REC PDTN PD1 PD2 PD3 PD10   PD12  YEAR MN DY HR FHR E16 E17    LEN       MAX         MIN      EXAMPLE
  85    1   5   3   4   1       0  2021  3 23 12   0   3   0 1038240     339.80     213.10     271.40
 
 ----- Ensemble Forecast for Member ------
    
 REC PDTN PD1 PD2 PD3 PD10   PD12  YEAR MN DY HR FHR E16 E17    LEN       MAX         MIN      EXAMPLE
  85    1   5   3   4   1       0  2021  3 23 12   0   3   1 1038240     339.80     213.10     271.40
 
 REC PDTN PD1 PD2 PD3 PD10   PD12  YEAR MN DY HR FHR E16 E17    LEN       MAX         MIN      EXAMPLE
  85    1   5   3   4   1       0  2021  3 23 12   0   3   2 1038240     339.80     213.10     271.40
 
    
  variable has member           3
    
    
  Combined Ensemble Data Example at Point 8601 
   271.4   271.4   271.4
    
 ens_avg(8601)=    271.4000    
 ens_spr(8601)=   0.0000000E+00
    
 ----- Output ensemble average and spread for Current Time ------
    
 gfldo%idrtmpl(3)=           1
 -----  Ensemble Average for Current Time ------
 REC PDTN PD1 PD2 PD3 PD10   PD12  YEAR MN DY HR FHR E16 E17    LEN       MAX         MIN      EXAMPLE
  85    2   5   3   4   1       0  2021  3 23 12   0   0   3 1038240     339.80     213.10     271.40
 
 -----  Ensemble Spread for Current Time ------
 REC PDTN PD1 PD2 PD3 PD10   PD12  YEAR MN DY HR FHR E16 E17    LEN       MAX         MIN      EXAMPLE
  85    2   5   3   4   1       0  2021  3 23 12   0   2   3 1038240       0.12       0.00       0.00
 
 ----- Start Read Ensemble Forecast ------
    
 Probability Calculation Successfully Complete
+ atmos_ensstat.sh[63]export err=0
+ atmos_ensstat.sh[63]err=0
+ atmos_ensstat.sh[64]((  err != 0  ))
+ atmos_ensstat.sh[70]comout_var_name=COMOUT_ATMOS_GRIB_0p25
+ atmos_ensstat.sh[71]comout_path=/work2/noaa/global/mterry/RUNTESTS/COMROOT/C48_S2SWA_gefs/gefs.20210323/12/ensstat/products/atmos/grib2/0p25
+ atmos_ensstat.sh[73]for outfile in ${mean_out} ${spr_out}
+ atmos_ensstat.sh[74][[ ! -s gefs.t12z.mean.pres_.0p25.f000.grib2 ]]
+ atmos_ensstat.sh[79]wgrib2 -s gefs.t12z.mean.pres_.0p25.f000.grib2
+ atmos_ensstat.sh[80]err=0
+ atmos_ensstat.sh[81]((  err != 0  ))
+ atmos_ensstat.sh[86]cpfs gefs.t12z.mean.pres_.0p25.f000.grib2 /work2/noaa/global/mterry/RUNTESTS/COMROOT/C48_S2SWA_gefs/gefs.20210323/12/ensstat/products/atmos/grib2/0p25/gefs.t12z.mean.pres_.0p25.f000.grib2
+ cpfs[3]'[' 2 -ne 2 ']'
+ cpfs[8]'[' /work2/noaa/global/mterry/RUNTESTS/COMROOT/C48_S2SWA_gefs/gefs.20210323/12/ensstat/products/atmos/grib2/0p25/gefs.t12z.mean.pres_.0p25.f000.grib2 = . -o /work2/noaa/global/mterry/RUNTESTS/COMROOT/C48_S2SWA_gefs/gefs.20210323/12/ensstat/products/atmos/grib2/0p25/gefs.t12z.mean.pres_.0p25.f000.grib2 = ./ ']'
+ cpfs[10]'[' -d /work2/noaa/global/mterry/RUNTESTS/COMROOT/C48_S2SWA_gefs/gefs.20210323/12/ensstat/products/atmos/grib2/0p25/gefs.t12z.mean.pres_.0p25.f000.grib2 ']'
+ cpfs[13]cpdstfile=/work2/noaa/global/mterry/RUNTESTS/COMROOT/C48_S2SWA_gefs/gefs.20210323/12/ensstat/products/atmos/grib2/0p25/gefs.t12z.mean.pres_.0p25.f000.grib2
+ cpfs[16]cp gefs.t12z.mean.pres_.0p25.f000.grib2 /work2/noaa/global/mterry/RUNTESTS/COMROOT/C48_S2SWA_gefs/gefs.20210323/12/ensstat/products/atmos/grib2/0p25/gefs.t12z.mean.pres_.0p25.f000.grib2.cptmp
+ cpfs[18]'[' 0 -ne 0 ']'
+ cpfs[22]/work/noaa/epic/role-epic/spack-stack/hercules/spack-stack-1.6.0/envs/unified-env/install/intel/2021.9.0/prod-util-2.1.1-ddlo2cq/bin/fsync_file /work2/noaa/global/mterry/RUNTESTS/COMROOT/C48_S2SWA_gefs/gefs.20210323/12/ensstat/products/atmos/grib2/0p25/gefs.t12z.mean.pres_.0p25.f000.grib2.cptmp
+ cpfs[23]'[' 0 -ne 0 ']'
+ cpfs[27]mv /work2/noaa/global/mterry/RUNTESTS/COMROOT/C48_S2SWA_gefs/gefs.20210323/12/ensstat/products/atmos/grib2/0p25/gefs.t12z.mean.pres_.0p25.f000.grib2.cptmp /work2/noaa/global/mterry/RUNTESTS/COMROOT/C48_S2SWA_gefs/gefs.20210323/12/ensstat/products/atmos/grib2/0p25/gefs.t12z.mean.pres_.0p25.f000.grib2
+ cpfs[28]'[' 0 -ne 0 ']'
+ atmos_ensstat.sh[87]cpfs gefs.t12z.mean.pres_.0p25.f000.grib2.idx /work2/noaa/global/mterry/RUNTESTS/COMROOT/C48_S2SWA_gefs/gefs.20210323/12/ensstat/products/atmos/grib2/0p25/gefs.t12z.mean.pres_.0p25.f000.grib2.idx
+ cpfs[3]'[' 2 -ne 2 ']'
+ cpfs[8]'[' /work2/noaa/global/mterry/RUNTESTS/COMROOT/C48_S2SWA_gefs/gefs.20210323/12/ensstat/products/atmos/grib2/0p25/gefs.t12z.mean.pres_.0p25.f000.grib2.idx = . -o /work2/noaa/global/mterry/RUNTESTS/COMROOT/C48_S2SWA_gefs/gefs.20210323/12/ensstat/products/atmos/grib2/0p25/gefs.t12z.mean.pres_.0p25.f000.grib2.idx = ./ ']'
+ cpfs[10]'[' -d /work2/noaa/global/mterry/RUNTESTS/COMROOT/C48_S2SWA_gefs/gefs.20210323/12/ensstat/products/atmos/grib2/0p25/gefs.t12z.mean.pres_.0p25.f000.grib2.idx ']'
+ cpfs[13]cpdstfile=/work2/noaa/global/mterry/RUNTESTS/COMROOT/C48_S2SWA_gefs/gefs.20210323/12/ensstat/products/atmos/grib2/0p25/gefs.t12z.mean.pres_.0p25.f000.grib2.idx
+ cpfs[16]cp gefs.t12z.mean.pres_.0p25.f000.grib2.idx /work2/noaa/global/mterry/RUNTESTS/COMROOT/C48_S2SWA_gefs/gefs.20210323/12/ensstat/products/atmos/grib2/0p25/gefs.t12z.mean.pres_.0p25.f000.grib2.idx.cptmp
+ cpfs[18]'[' 0 -ne 0 ']'
+ cpfs[22]/work/noaa/epic/role-epic/spack-stack/hercules/spack-stack-1.6.0/envs/unified-env/install/intel/2021.9.0/prod-util-2.1.1-ddlo2cq/bin/fsync_file /work2/noaa/global/mterry/RUNTESTS/COMROOT/C48_S2SWA_gefs/gefs.20210323/12/ensstat/products/atmos/grib2/0p25/gefs.t12z.mean.pres_.0p25.f000.grib2.idx.cptmp
+ cpfs[23]'[' 0 -ne 0 ']'
+ cpfs[27]mv /work2/noaa/global/mterry/RUNTESTS/COMROOT/C48_S2SWA_gefs/gefs.20210323/12/ensstat/products/atmos/grib2/0p25/gefs.t12z.mean.pres_.0p25.f000.grib2.idx.cptmp /work2/noaa/global/mterry/RUNTESTS/COMROOT/C48_S2SWA_gefs/gefs.20210323/12/ensstat/products/atmos/grib2/0p25/gefs.t12z.mean.pres_.0p25.f000.grib2.idx
+ cpfs[28]'[' 0 -ne 0 ']'
+ atmos_ensstat.sh[89][[ NO == \Y\E\S ]]
+ atmos_ensstat.sh[73]for outfile in ${mean_out} ${spr_out}
+ atmos_ensstat.sh[74][[ ! -s gefs.t12z.spread.pres_.0p25.f000.grib2 ]]
+ atmos_ensstat.sh[79]wgrib2 -s gefs.t12z.spread.pres_.0p25.f000.grib2
+ atmos_ensstat.sh[80]err=0
+ atmos_ensstat.sh[81]((  err != 0  ))
+ atmos_ensstat.sh[86]cpfs gefs.t12z.spread.pres_.0p25.f000.grib2 /work2/noaa/global/mterry/RUNTESTS/COMROOT/C48_S2SWA_gefs/gefs.20210323/12/ensstat/products/atmos/grib2/0p25/gefs.t12z.spread.pres_.0p25.f000.grib2
+ cpfs[3]'[' 2 -ne 2 ']'
+ cpfs[8]'[' /work2/noaa/global/mterry/RUNTESTS/COMROOT/C48_S2SWA_gefs/gefs.20210323/12/ensstat/products/atmos/grib2/0p25/gefs.t12z.spread.pres_.0p25.f000.grib2 = . -o /work2/noaa/global/mterry/RUNTESTS/COMROOT/C48_S2SWA_gefs/gefs.20210323/12/ensstat/products/atmos/grib2/0p25/gefs.t12z.spread.pres_.0p25.f000.grib2 = ./ ']'
+ cpfs[10]'[' -d /work2/noaa/global/mterry/RUNTESTS/COMROOT/C48_S2SWA_gefs/gefs.20210323/12/ensstat/products/atmos/grib2/0p25/gefs.t12z.spread.pres_.0p25.f000.grib2 ']'
+ cpfs[13]cpdstfile=/work2/noaa/global/mterry/RUNTESTS/COMROOT/C48_S2SWA_gefs/gefs.20210323/12/ensstat/products/atmos/grib2/0p25/gefs.t12z.spread.pres_.0p25.f000.grib2
+ cpfs[16]cp gefs.t12z.spread.pres_.0p25.f000.grib2 /work2/noaa/global/mterry/RUNTESTS/COMROOT/C48_S2SWA_gefs/gefs.20210323/12/ensstat/products/atmos/grib2/0p25/gefs.t12z.spread.pres_.0p25.f000.grib2.cptmp
+ cpfs[18]'[' 0 -ne 0 ']'
+ cpfs[22]/work/noaa/epic/role-epic/spack-stack/hercules/spack-stack-1.6.0/envs/unified-env/install/intel/2021.9.0/prod-util-2.1.1-ddlo2cq/bin/fsync_file /work2/noaa/global/mterry/RUNTESTS/COMROOT/C48_S2SWA_gefs/gefs.20210323/12/ensstat/products/atmos/grib2/0p25/gefs.t12z.spread.pres_.0p25.f000.grib2.cptmp
+ cpfs[23]'[' 0 -ne 0 ']'
+ cpfs[27]mv /work2/noaa/global/mterry/RUNTESTS/COMROOT/C48_S2SWA_gefs/gefs.20210323/12/ensstat/products/atmos/grib2/0p25/gefs.t12z.spread.pres_.0p25.f000.grib2.cptmp /work2/noaa/global/mterry/RUNTESTS/COMROOT/C48_S2SWA_gefs/gefs.20210323/12/ensstat/products/atmos/grib2/0p25/gefs.t12z.spread.pres_.0p25.f000.grib2
+ cpfs[28]'[' 0 -ne 0 ']'
+ atmos_ensstat.sh[87]cpfs gefs.t12z.spread.pres_.0p25.f000.grib2.idx /work2/noaa/global/mterry/RUNTESTS/COMROOT/C48_S2SWA_gefs/gefs.20210323/12/ensstat/products/atmos/grib2/0p25/gefs.t12z.spread.pres_.0p25.f000.grib2.idx
+ cpfs[3]'[' 2 -ne 2 ']'
+ cpfs[8]'[' /work2/noaa/global/mterry/RUNTESTS/COMROOT/C48_S2SWA_gefs/gefs.20210323/12/ensstat/products/atmos/grib2/0p25/gefs.t12z.spread.pres_.0p25.f000.grib2.idx = . -o /work2/noaa/global/mterry/RUNTESTS/COMROOT/C48_S2SWA_gefs/gefs.20210323/12/ensstat/products/atmos/grib2/0p25/gefs.t12z.spread.pres_.0p25.f000.grib2.idx = ./ ']'
+ cpfs[10]'[' -d /work2/noaa/global/mterry/RUNTESTS/COMROOT/C48_S2SWA_gefs/gefs.20210323/12/ensstat/products/atmos/grib2/0p25/gefs.t12z.spread.pres_.0p25.f000.grib2.idx ']'
+ cpfs[13]cpdstfile=/work2/noaa/global/mterry/RUNTESTS/COMROOT/C48_S2SWA_gefs/gefs.20210323/12/ensstat/products/atmos/grib2/0p25/gefs.t12z.spread.pres_.0p25.f000.grib2.idx
+ cpfs[16]cp gefs.t12z.spread.pres_.0p25.f000.grib2.idx /work2/noaa/global/mterry/RUNTESTS/COMROOT/C48_S2SWA_gefs/gefs.20210323/12/ensstat/products/atmos/grib2/0p25/gefs.t12z.spread.pres_.0p25.f000.grib2.idx.cptmp
+ cpfs[18]'[' 0 -ne 0 ']'
+ cpfs[22]/work/noaa/epic/role-epic/spack-stack/hercules/spack-stack-1.6.0/envs/unified-env/install/intel/2021.9.0/prod-util-2.1.1-ddlo2cq/bin/fsync_file /work2/noaa/global/mterry/RUNTESTS/COMROOT/C48_S2SWA_gefs/gefs.20210323/12/ensstat/products/atmos/grib2/0p25/gefs.t12z.spread.pres_.0p25.f000.grib2.idx.cptmp
+ cpfs[23]'[' 0 -ne 0 ']'
+ cpfs[27]mv /work2/noaa/global/mterry/RUNTESTS/COMROOT/C48_S2SWA_gefs/gefs.20210323/12/ensstat/products/atmos/grib2/0p25/gefs.t12z.spread.pres_.0p25.f000.grib2.idx.cptmp /work2/noaa/global/mterry/RUNTESTS/COMROOT/C48_S2SWA_gefs/gefs.20210323/12/ensstat/products/atmos/grib2/0p25/gefs.t12z.spread.pres_.0p25.f000.grib2.idx
+ cpfs[28]'[' 0 -ne 0 ']'
+ atmos_ensstat.sh[89][[ NO == \Y\E\S ]]
+ mpmd_script[2]/work2/noaa/global/mterry/global-workflow_forked/ush/atmos_ensstat.sh 0p50 000
+ bash[8]'[' -z '' ']'
+ bash[9]case "$-" in
+ bash[12]__lmod_vx=x
+ bash[16]'[' -n x ']'
+ bash[16]set +x
Shell debugging temporarily silenced: export LMOD_SH_DBG_ON=1 for this output (/apps/other/lmod/lmod/init/bash)
Shell debugging restarted
+ bash[224]unset __lmod_vx
+ atmos_ensstat.sh[3]grid=0p50
+ atmos_ensstat.sh[4]fhr3=000
+ atmos_ensstat.sh[5]grid_type=
+ atmos_ensstat.sh[7]mkdir 0p50
+ atmos_ensstat.sh[8]cd 0p50
+ atmos_ensstat.sh[11]input_files=()
+ atmos_ensstat.sh[12](( mem_num = 0 ))
+ atmos_ensstat.sh[12](( mem_num <= 2 ))
++ atmos_ensstat.sh[13]printf %03d 0
+ atmos_ensstat.sh[13]mem=000
+ atmos_ensstat.sh[14]MEMDIR=mem000
+ atmos_ensstat.sh[14]GRID=0p50
+ atmos_ensstat.sh[14]YMD=20210323
+ atmos_ensstat.sh[14]HH=12
+ atmos_ensstat.sh[14]declare_from_tmpl COMIN_ATMOS_GRIB:COM_ATMOS_GRIB_GRID_TMPL
+ environment[0][[ NO == \N\O ]]
+ environment[1]set +x
declare_from_tmpl :: COMIN_ATMOS_GRIB=/work2/noaa/global/mterry/RUNTESTS/COMROOT/C48_S2SWA_gefs/gefs.20210323/12/mem000/products/atmos/grib2/0p50
+ atmos_ensstat.sh[15]memfile_in=/work2/noaa/global/mterry/RUNTESTS/COMROOT/C48_S2SWA_gefs/gefs.20210323/12/mem000/products/atmos/grib2/0p50/gefs.t12z.pgrb2.0p50.f000
+ atmos_ensstat.sh[17][[ -r /work2/noaa/global/mterry/RUNTESTS/COMROOT/C48_S2SWA_gefs/gefs.20210323/12/mem000/products/atmos/grib2/0p50/gefs.t12z.pgrb2.0p50.f000.idx ]]
+ atmos_ensstat.sh[18]/bin/ln -sf /work2/noaa/global/mterry/RUNTESTS/COMROOT/C48_S2SWA_gefs/gefs.20210323/12/mem000/products/atmos/grib2/0p50/gefs.t12z.pgrb2.0p50.f000 mem000
+ atmos_ensstat.sh[19]input_files+=("mem${mem}")
+ atmos_ensstat.sh[12](( mem_num++ ))
+ atmos_ensstat.sh[12](( mem_num <= 2 ))
++ atmos_ensstat.sh[13]printf %03d 1
+ atmos_ensstat.sh[13]mem=001
+ atmos_ensstat.sh[14]MEMDIR=mem001
+ atmos_ensstat.sh[14]GRID=0p50
+ atmos_ensstat.sh[14]YMD=20210323
+ atmos_ensstat.sh[14]HH=12
+ atmos_ensstat.sh[14]declare_from_tmpl COMIN_ATMOS_GRIB:COM_ATMOS_GRIB_GRID_TMPL
+ environment[0][[ NO == \N\O ]]
+ environment[1]set +x
declare_from_tmpl :: COMIN_ATMOS_GRIB=/work2/noaa/global/mterry/RUNTESTS/COMROOT/C48_S2SWA_gefs/gefs.20210323/12/mem001/products/atmos/grib2/0p50
+ atmos_ensstat.sh[15]memfile_in=/work2/noaa/global/mterry/RUNTESTS/COMROOT/C48_S2SWA_gefs/gefs.20210323/12/mem001/products/atmos/grib2/0p50/gefs.t12z.pgrb2.0p50.f000
+ atmos_ensstat.sh[17][[ -r /work2/noaa/global/mterry/RUNTESTS/COMROOT/C48_S2SWA_gefs/gefs.20210323/12/mem001/products/atmos/grib2/0p50/gefs.t12z.pgrb2.0p50.f000.idx ]]
+ atmos_ensstat.sh[18]/bin/ln -sf /work2/noaa/global/mterry/RUNTESTS/COMROOT/C48_S2SWA_gefs/gefs.20210323/12/mem001/products/atmos/grib2/0p50/gefs.t12z.pgrb2.0p50.f000 mem001
+ atmos_ensstat.sh[19]input_files+=("mem${mem}")
+ atmos_ensstat.sh[12](( mem_num++ ))
+ atmos_ensstat.sh[12](( mem_num <= 2 ))
++ atmos_ensstat.sh[13]printf %03d 2
+ atmos_ensstat.sh[13]mem=002
+ atmos_ensstat.sh[14]MEMDIR=mem002
+ atmos_ensstat.sh[14]GRID=0p50
+ atmos_ensstat.sh[14]YMD=20210323
+ atmos_ensstat.sh[14]HH=12
+ atmos_ensstat.sh[14]declare_from_tmpl COMIN_ATMOS_GRIB:COM_ATMOS_GRIB_GRID_TMPL
+ environment[0][[ NO == \N\O ]]
+ environment[1]set +x
declare_from_tmpl :: COMIN_ATMOS_GRIB=/work2/noaa/global/mterry/RUNTESTS/COMROOT/C48_S2SWA_gefs/gefs.20210323/12/mem002/products/atmos/grib2/0p50
+ atmos_ensstat.sh[15]memfile_in=/work2/noaa/global/mterry/RUNTESTS/COMROOT/C48_S2SWA_gefs/gefs.20210323/12/mem002/products/atmos/grib2/0p50/gefs.t12z.pgrb2.0p50.f000
+ atmos_ensstat.sh[17][[ -r /work2/noaa/global/mterry/RUNTESTS/COMROOT/C48_S2SWA_gefs/gefs.20210323/12/mem002/products/atmos/grib2/0p50/gefs.t12z.pgrb2.0p50.f000.idx ]]
+ atmos_ensstat.sh[18]/bin/ln -sf /work2/noaa/global/mterry/RUNTESTS/COMROOT/C48_S2SWA_gefs/gefs.20210323/12/mem002/products/atmos/grib2/0p50/gefs.t12z.pgrb2.0p50.f000 mem002
+ atmos_ensstat.sh[19]input_files+=("mem${mem}")
+ atmos_ensstat.sh[12](( mem_num++ ))
+ atmos_ensstat.sh[12](( mem_num <= 2 ))
+ atmos_ensstat.sh[26]num_found=3
+ atmos_ensstat.sh[27]((  num_found != NMEM_ENS + 1  ))
+ atmos_ensstat.sh[33]mean_out=gefs.t12z.mean.pres_.0p50.f000.grib2
+ atmos_ensstat.sh[34]spr_out=gefs.t12z.spread.pres_.0p50.f000.grib2
+ atmos_ensstat.sh[36]cat
++ atmos_ensstat.sh[37](( filenum = 1 ))
++ atmos_ensstat.sh[37](( filenum <= num_found ))
++ atmos_ensstat.sh[38]echo '    cfipg(1)="mem000",'
++ atmos_ensstat.sh[39]echo '    iskip(1)=0,'
++ atmos_ensstat.sh[37](( filenum++  ))
++ atmos_ensstat.sh[37](( filenum <= num_found ))
++ atmos_ensstat.sh[38]echo '    cfipg(2)="mem001",'
++ atmos_ensstat.sh[39]echo '    iskip(2)=0,'
++ atmos_ensstat.sh[37](( filenum++  ))
++ atmos_ensstat.sh[37](( filenum <= num_found ))
++ atmos_ensstat.sh[38]echo '    cfipg(3)="mem002",'
++ atmos_ensstat.sh[39]echo '    iskip(3)=0,'
++ atmos_ensstat.sh[37](( filenum++  ))
++ atmos_ensstat.sh[37](( filenum <= num_found ))
+ atmos_ensstat.sh[58]cat input.nml
&namdim
    lfdim=''
/

&namens
    nfiles=3
    nenspost=0
    navg_min=2

    cfopg1="gefs.t12z.mean.pres_.0p50.f000.grib2"
    cfopg2="gefs.t12z.spread.pres_.0p50.f000.grib2"

    cfipg(1)="mem000",
    iskip(1)=0,
    cfipg(2)="mem001",
    iskip(2)=0,
    cfipg(3)="mem002",
    iskip(3)=0,
/
+ atmos_ensstat.sh[61]/work2/noaa/global/mterry/global-workflow_forked/exec/ensstat.x
 Input variables include 
  
 Input files size            3
    
 Input files include 
fort 10                                                                                            mem000
fort 11                                                                                            mem001
fort 12                                                                                            mem002
    
 Output files include 
 fort.          13 gefs.t12z.mean.pres_.0p50.f000.grib2
 fort.          14 gefs.t12z.spread.pres_.0p50.f000.grib2
    
 ----- Start Read Ensemble Forecast ------
    
 REC PDTN PD1 PD2 PD3 PD10   PD12  YEAR MN DY HR FHR E16 E17    LEN       MAX         MIN      EXAMPLE
   1    1   3   1   4 101       0  2021  3 23 12   0   3   0  259920  106335.07   94325.07  100650.87
 
 ----- Ensemble Forecast for Member ------
    
 REC PDTN PD1 PD2 PD3 PD10   PD12  YEAR MN DY HR FHR E16 E17    LEN       MAX         MIN      EXAMPLE
   1    1   3   1   4 101       0  2021  3 23 12   0   3   1  259920  106334.98   94325.19  100650.79
 
 REC PDTN PD1 PD2 PD3 PD10   PD12  YEAR MN DY HR FHR E16 E17    LEN       MAX         MIN      EXAMPLE
   1    1   3   1   4 101       0  2021  3 23 12   0   3   2  259920  106335.23   94325.02  100650.83
 
    
  variable has member           3
    
    
  Combined Ensemble Data Example at Point 8601 
100650.9100650.8100650.8
    
 ens_avg(8601)=    100650.8    
 ens_spr(8601)=   3.9062504E-02
    
 ----- Output ensemble average and spread for Current Time ------
    
 gfldo%idrtmpl(3)=           1
 -----  Ensemble Average for Current Time ------
 REC PDTN PD1 PD2 PD3 PD10   PD12  YEAR MN DY HR FHR E16 E17    LEN       MAX         MIN      EXAMPLE
   1    2   3   1   4 101       0  2021  3 23 12   0   0   3  259920  106335.09   94325.09  100650.83
 
 -----  Ensemble Spread for Current Time ------
 REC PDTN PD1 PD2 PD3 PD10   PD12  YEAR MN DY HR FHR E16 E17    LEN       MAX         MIN      EXAMPLE
   1    2   3   1   4 101       0  2021  3 23 12   0   2   3  259920      24.24       0.04       0.04
 
 ----- Start Read Ensemble Forecast ------
    
 REC PDTN PD1 PD2 PD3 PD10   PD12  YEAR MN DY HR FHR E16 E17    LEN       MAX         MIN      EXAMPLE
   2    1  19   0   4   1       0  2021  3 23 12   0   3   0  259920   24100.00       0.00    2800.00
 
 ----- Ensemble Forecast for Member ------
    
 REC PDTN PD1 PD2 PD3 PD10   PD12  YEAR MN DY HR FHR E16 E17    LEN       MAX         MIN      EXAMPLE
   2    1  19   0   4   1       0  2021  3 23 12   0   3   1  259920   24100.00       0.00    2800.00
 
 REC PDTN PD1 PD2 PD3 PD10   PD12  YEAR MN DY HR FHR E16 E17    LEN       MAX         MIN      EXAMPLE
   2    1  19   0   4   1       0  2021  3 23 12   0   3   2  259920   24100.00       0.00    2800.00
 
    
  variable has member           3
    
    
  Combined Ensemble Data Example at Point 8601 
  2800.0  2800.0  2800.0
    
 ens_avg(8601)=    2800.000    
 ens_spr(8601)=   0.0000000E+00
    
 ----- Output ensemble average and spread for Current Time ------
    
 gfldo%idrtmpl(3)=          -2
 -----  Ensemble Average for Current Time ------
 REC PDTN PD1 PD2 PD3 PD10   PD12  YEAR MN DY HR FHR E16 E17    LEN       MAX         MIN      EXAMPLE
   2    2  19   0   4   1       0  2021  3 23 12   0   0   3  259920   24100.00       0.00    2800.00
 
 -----  Ensemble Spread for Current Time ------
 REC PDTN PD1 PD2 PD3 PD10   PD12  YEAR MN DY HR FHR E16 E17    LEN       MAX         MIN      EXAMPLE
   2    2  19   0   4   1       0  2021  3 23 12   0   2   3  259920   13105.85       0.00       0.00
 
 ----- Start Read Ensemble Forecast ------
    
 REC PDTN PD1 PD2 PD3 PD10   PD12  YEAR MN DY HR FHR E16 E17    LEN       MAX         MIN      EXAMPLE
   3    1   2  22   4   1       0  2021  3 23 12   0   3   0  259920      29.05       0.15      15.85
 
 ----- Ensemble Forecast for Member ------
    
 REC PDTN PD1 PD2 PD3 PD10   PD12  YEAR MN DY HR FHR E16 E17    LEN       MAX         MIN      EXAMPLE
   3    1   2  22   4   1       0  2021  3 23 12   0   3   1  259920      29.05       0.15      15.85
 
 REC PDTN PD1 PD2 PD3 PD10   PD12  YEAR MN DY HR FHR E16 E17    LEN       MAX         MIN      EXAMPLE
   3    1   2  22   4   1       0  2021  3 23 12   0   3   2  259920      29.05       0.15      15.85
 
    
  variable has member           3
    
    
  Combined Ensemble Data Example at Point 8601 
    15.8    15.8    15.8
    
 ens_avg(8601)=    15.84673    
 ens_spr(8601)=   1.1680078E-06
    
 ----- Output ensemble average and spread for Current Time ------
    
 gfldo%idrtmpl(3)=           1
 -----  Ensemble Average for Current Time ------
 REC PDTN PD1 PD2 PD3 PD10   PD12  YEAR MN DY HR FHR E16 E17    LEN       MAX         MIN      EXAMPLE
   3    2   2  22   4   1       0  2021  3 23 12   0   0   3  259920      29.05       0.15      15.85
 
 -----  Ensemble Spread for Current Time ------
 REC PDTN PD1 PD2 PD3 PD10   PD12  YEAR MN DY HR FHR E16 E17    LEN       MAX         MIN      EXAMPLE
   3    2   2  22   4   1       0  2021  3 23 12   0   2   3  259920       0.64       0.00       0.00
 
 ----- Start Read Ensemble Forecast ------
    
 REC PDTN PD1 PD2 PD3 PD10   PD12  YEAR MN DY HR FHR E16 E17    LEN       MAX         MIN      EXAMPLE
   4    1   3   5   4 100    1000  2021  3 23 12   0   3   0  259920   31491.53   28832.25   29111.21
 
 ----- Ensemble Forecast for Member ------
    
 REC PDTN PD1 PD2 PD3 PD10   PD12  YEAR MN DY HR FHR E16 E17    LEN       MAX         MIN      EXAMPLE
   4    1   3   5   4 100    1000  2021  3 23 12   0   3   1  259920   31491.53   28832.25   29111.21
 
 REC PDTN PD1 PD2 PD3 PD10   PD12  YEAR MN DY HR FHR E16 E17    LEN       MAX         MIN      EXAMPLE
   4    1   3   5   4 100    1000  2021  3 23 12   0   3   2  259920   31491.53   28832.25   29111.21
 
    
  variable has member           3
    
    
  Combined Ensemble Data Example at Point 8601 
 29111.2 29111.2 29111.2
    
 ens_avg(8601)=    29111.21    
 ens_spr(8601)=   2.3920799E-03
    
 ----- Output ensemble average and spread for Current Time ------
    
 gfldo%idrtmpl(3)=           2
 -----  Ensemble Average for Current Time ------
 REC PDTN PD1 PD2 PD3 PD10   PD12  YEAR MN DY HR FHR E16 E17    LEN       MAX         MIN      EXAMPLE
   4    2   3   5   4 100    1000  2021  3 23 12   0   0   3  259920   31491.53   28832.25   29111.21
 
 -----  Ensemble Spread for Current Time ------
 REC PDTN PD1 PD2 PD3 PD10   PD12  YEAR MN DY HR FHR E16 E17    LEN       MAX         MIN      EXAMPLE
   4    2   3   5   4 100    1000  2021  3 23 12   0   2   3  259920       0.05       0.00       0.00
 
 ----- Start Read Ensemble Forecast ------
    
 REC PDTN PD1 PD2 PD3 PD10   PD12  YEAR MN DY HR FHR E16 E17    LEN       MAX         MIN      EXAMPLE
   5    1   0   0   4 100    1000  2021  3 23 12   0   3   0  259920     243.85     206.35     214.35
 
 ----- Ensemble Forecast for Member ------
    
 REC PDTN PD1 PD2 PD3 PD10   PD12  YEAR MN DY HR FHR E16 E17    LEN       MAX         MIN      EXAMPLE
   5    1   0   0   4 100    1000  2021  3 23 12   0   3   1  259920     243.85     206.35     214.35
 
 REC PDTN PD1 PD2 PD3 PD10   PD12  YEAR MN DY HR FHR E16 E17    LEN       MAX         MIN      EXAMPLE
   5    1   0   0   4 100    1000  2021  3 23 12   0   3   2  259920     243.85     206.35     214.35
 
    
  variable has member           3
    
    
  Combined Ensemble Data Example at Point 8601 
   214.3   214.3   214.3
    
 ens_avg(8601)=    214.3484    
 ens_spr(8601)=   1.8688124E-05
    
 ----- Output ensemble average and spread for Current Time ------
    
 gfldo%idrtmpl(3)=           1
 -----  Ensemble Average for Current Time ------
 REC PDTN PD1 PD2 PD3 PD10   PD12  YEAR MN DY HR FHR E16 E17    LEN       MAX         MIN      EXAMPLE
   5    2   0   0   4 100    1000  2021  3 23 12   0   0   3  259920     243.85     206.35     214.35
 
 -----  Ensemble Spread for Current Time ------
 REC PDTN PD1 PD2 PD3 PD10   PD12  YEAR MN DY HR FHR E16 E17    LEN       MAX         MIN      EXAMPLE
   5    2   0   0   4 100    1000  2021  3 23 12   0   2   3  259920       0.06       0.00       0.00
 
 ----- Start Read Ensemble Forecast ------
    
 REC PDTN PD1 PD2 PD3 PD10   PD12  YEAR MN DY HR FHR E16 E17    LEN       MAX         MIN      EXAMPLE
   6    1   1   1   4 100    1000  2021  3 23 12   0   3   0  259920       0.80       0.00       0.30
 
 ----- Ensemble Forecast for Member ------
    
 REC PDTN PD1 PD2 PD3 PD10   PD12  YEAR MN DY HR FHR E16 E17    LEN       MAX         MIN      EXAMPLE
   6    1   1   1   4 100    1000  2021  3 23 12   0   3   1  259920       0.80       0.00       0.30
 
 REC PDTN PD1 PD2 PD3 PD10   PD12  YEAR MN DY HR FHR E16 E17    LEN       MAX         MIN      EXAMPLE
   6    1   1   1   4 100    1000  2021  3 23 12   0   3   2  259920       0.80       0.00       0.30
 
    
  variable has member           3
    
    
  Combined Ensemble Data Example at Point 8601 
     0.3     0.3     0.3
    
 ens_avg(8601)=   0.3000000    
 ens_spr(8601)=   0.0000000E+00
    
 ----- Output ensemble average and spread for Current Time ------
    
 gfldo%idrtmpl(3)=           1
 -----  Ensemble Average for Current Time ------
 REC PDTN PD1 PD2 PD3 PD10   PD12  YEAR MN DY HR FHR E16 E17    LEN       MAX         MIN      EXAMPLE
   6    2   1   1   4 100    1000  2021  3 23 12   0   0   3  259920       0.80       0.00       0.30
 
 -----  Ensemble Spread for Current Time ------
 REC PDTN PD1 PD2 PD3 PD10   PD12  YEAR MN DY HR FHR E16 E17    LEN       MAX         MIN      EXAMPLE
   6    2   1   1   4 100    1000  2021  3 23 12   0   2   3  259920       0.00       0.00       0.00
 
 ----- Start Read Ensemble Forecast ------
    
 REC PDTN PD1 PD2 PD3 PD10   PD12  YEAR MN DY HR FHR E16 E17    LEN       MAX         MIN      EXAMPLE
   7    1   2   2   4 100    1000  2021  3 23 12   0   3   0  259920      81.34     -49.76      35.52
 
 ----- Ensemble Forecast for Member ------
    
 REC PDTN PD1 PD2 PD3 PD10   PD12  YEAR MN DY HR FHR E16 E17    LEN       MAX         MIN      EXAMPLE
   7    1   2   2   4 100    1000  2021  3 23 12   0   3   1  259920      81.34     -49.76      35.52
 
 REC PDTN PD1 PD2 PD3 PD10   PD12  YEAR MN DY HR FHR E16 E17    LEN       MAX         MIN      EXAMPLE
   7    1   2   2   4 100    1000  2021  3 23 12   0   3   2  259920      81.34     -49.76      35.52
 
    
  variable has member           3
    
    
  Combined Ensemble Data Example at Point 8601 
    35.5    35.5    35.5
    
 ens_avg(8601)=    35.52001    
 ens_spr(8601)=   0.0000000E+00
    
 ----- Output ensemble average and spread for Current Time ------
    
 gfldo%idrtmpl(3)=           2
 -----  Ensemble Average for Current Time ------
 REC PDTN PD1 PD2 PD3 PD10   PD12  YEAR MN DY HR FHR E16 E17    LEN       MAX         MIN      EXAMPLE
   7    2   2   2   4 100    1000  2021  3 23 12   0   0   3  259920      81.34     -49.76      35.52
 
 -----  Ensemble Spread for Current Time ------
 REC PDTN PD1 PD2 PD3 PD10   PD12  YEAR MN DY HR FHR E16 E17    LEN       MAX         MIN      EXAMPLE
   7    2   2   2   4 100    1000  2021  3 23 12   0   2   3  259920       0.00       0.00       0.00
 
 ----- Start Read Ensemble Forecast ------
    
 REC PDTN PD1 PD2 PD3 PD10   PD12  YEAR MN DY HR FHR E16 E17    LEN       MAX         MIN      EXAMPLE
   8    1   2   3   4 100    1000  2021  3 23 12   0   3   0  259920      34.67     -40.00      -1.54
 
 ----- Ensemble Forecast for Member ------
    
 REC PDTN PD1 PD2 PD3 PD10   PD12  YEAR MN DY HR FHR E16 E17    LEN       MAX         MIN      EXAMPLE
   8    1   2   3   4 100    1000  2021  3 23 12   0   3   1  259920      34.67     -40.00      -1.54
 
 REC PDTN PD1 PD2 PD3 PD10   PD12  YEAR MN DY HR FHR E16 E17    LEN       MAX         MIN      EXAMPLE
   8    1   2   3   4 100    1000  2021  3 23 12   0   3   2  259920      34.67     -40.00      -1.54
 
    
  variable has member           3
    
    
  Combined Ensemble Data Example at Point 8601 
    -1.5    -1.5    -1.5
    
 ens_avg(8601)=   -1.543906    
 ens_spr(8601)=   1.4600097E-07
    
 ----- Output ensemble average and spread for Current Time ------
    
 gfldo%idrtmpl(3)=           2
 -----  Ensemble Average for Current Time ------
 REC PDTN PD1 PD2 PD3 PD10   PD12  YEAR MN DY HR FHR E16 E17    LEN       MAX         MIN      EXAMPLE
   8    2   2   3   4 100    1000  2021  3 23 12   0   0   3  259920      34.67     -40.00      -1.54
 
 -----  Ensemble Spread for Current Time ------
 REC PDTN PD1 PD2 PD3 PD10   PD12  YEAR MN DY HR FHR E16 E17    LEN       MAX         MIN      EXAMPLE
   8    2   2   3   4 100    1000  2021  3 23 12   0   2   3  259920       0.00       0.00       0.00
 
 ----- Start Read Ensemble Forecast ------
    
 REC PDTN PD1 PD2 PD3 PD10   PD12  YEAR MN DY HR FHR E16 E17    LEN       MAX         MIN      EXAMPLE
   9    1   3   5   4 100    5000  2021  3 23 12   0   3   0  259920   20710.12   19131.56   19363.49
 
 ----- Ensemble Forecast for Member ------
    
 REC PDTN PD1 PD2 PD3 PD10   PD12  YEAR MN DY HR FHR E16 E17    LEN       MAX         MIN      EXAMPLE
   9    1   3   5   4 100    5000  2021  3 23 12   0   3   1  259920   20710.12   19131.56   19363.49
 
 REC PDTN PD1 PD2 PD3 PD10   PD12  YEAR MN DY HR FHR E16 E17    LEN       MAX         MIN      EXAMPLE
   9    1   3   5   4 100    5000  2021  3 23 12   0   3   2  259920   20710.12   19131.56   19363.49
 
    
  variable has member           3
    
    
  Combined Ensemble Data Example at Point 8601 
 19363.5 19363.5 19363.5
    
 ens_avg(8601)=    19363.48    
 ens_spr(8601)=   0.0000000E+00
    
 ----- Output ensemble average and spread for Current Time ------
    
 gfldo%idrtmpl(3)=           2
 -----  Ensemble Average for Current Time ------
 REC PDTN PD1 PD2 PD3 PD10   PD12  YEAR MN DY HR FHR E16 E17    LEN       MAX         MIN      EXAMPLE
   9    2   3   5   4 100    5000  2021  3 23 12   0   0   3  259920   20710.12   19131.57   19363.48
 
 -----  Ensemble Spread for Current Time ------
 REC PDTN PD1 PD2 PD3 PD10   PD12  YEAR MN DY HR FHR E16 E17    LEN       MAX         MIN      EXAMPLE
   9    2   3   5   4 100    5000  2021  3 23 12   0   2   3  259920       0.02       0.00       0.00
 
 ----- Start Read Ensemble Forecast ------
    
 REC PDTN PD1 PD2 PD3 PD10   PD12  YEAR MN DY HR FHR E16 E17    LEN       MAX         MIN      EXAMPLE
  10    1   0   0   4 100    5000  2021  3 23 12   0   3   0  259920     226.50     200.50     206.80
 
 ----- Ensemble Forecast for Member ------
    
 REC PDTN PD1 PD2 PD3 PD10   PD12  YEAR MN DY HR FHR E16 E17    LEN       MAX         MIN      EXAMPLE
  10    1   0   0   4 100    5000  2021  3 23 12   0   3   1  259920     226.50     200.50     206.80
 
 REC PDTN PD1 PD2 PD3 PD10   PD12  YEAR MN DY HR FHR E16 E17    LEN       MAX         MIN      EXAMPLE
  10    1   0   0   4 100    5000  2021  3 23 12   0   3   2  259920     226.51     200.51     206.81
 
    
  variable has member           3
    
    
  Combined Ensemble Data Example at Point 8601 
   206.8   206.8   206.8
    
 ens_avg(8601)=    206.8054    
 ens_spr(8601)=   3.3829634E-03
    
 ----- Output ensemble average and spread for Current Time ------
    
 gfldo%idrtmpl(3)=           1
 -----  Ensemble Average for Current Time ------
 REC PDTN PD1 PD2 PD3 PD10   PD12  YEAR MN DY HR FHR E16 E17    LEN       MAX         MIN      EXAMPLE
  10    2   0   0   4 100    5000  2021  3 23 12   0   0   3  259920     226.51     200.51     206.81
 
 -----  Ensemble Spread for Current Time ------
 REC PDTN PD1 PD2 PD3 PD10   PD12  YEAR MN DY HR FHR E16 E17    LEN       MAX         MIN      EXAMPLE
  10    2   0   0   4 100    5000  2021  3 23 12   0   2   3  259920       0.06       0.00       0.00
 
 ----- Start Read Ensemble Forecast ------
    
 REC PDTN PD1 PD2 PD3 PD10   PD12  YEAR MN DY HR FHR E16 E17    LEN       MAX         MIN      EXAMPLE
  11    1   1   1   4 100    5000  2021  3 23 12   0   3   0  259920       9.70       0.10       3.70
 
 ----- Ensemble Forecast for Member ------
    
 REC PDTN PD1 PD2 PD3 PD10   PD12  YEAR MN DY HR FHR E16 E17    LEN       MAX         MIN      EXAMPLE
  11    1   1   1   4 100    5000  2021  3 23 12   0   3   1  259920       9.70       0.10       3.70
 
 REC PDTN PD1 PD2 PD3 PD10   PD12  YEAR MN DY HR FHR E16 E17    LEN       MAX         MIN      EXAMPLE
  11    1   1   1   4 100    5000  2021  3 23 12   0   3   2  259920       9.70       0.10       3.70
 
    
  variable has member           3
    
    
  Combined Ensemble Data Example at Point 8601 
     3.7     3.7     3.7
    
 ens_avg(8601)=    3.700000    
 ens_spr(8601)=   0.0000000E+00
    
 ----- Output ensemble average and spread for Current Time ------
    
 gfldo%idrtmpl(3)=           1
 -----  Ensemble Average for Current Time ------
 REC PDTN PD1 PD2 PD3 PD10   PD12  YEAR MN DY HR FHR E16 E17    LEN       MAX         MIN      EXAMPLE
  11    2   1   1   4 100    5000  2021  3 23 12   0   0   3  259920       9.70       0.10       3.70
 
 -----  Ensemble Spread for Current Time ------
 REC PDTN PD1 PD2 PD3 PD10   PD12  YEAR MN DY HR FHR E16 E17    LEN       MAX         MIN      EXAMPLE
  11    2   1   1   4 100    5000  2021  3 23 12   0   2   3  259920       0.06       0.00       0.00
 
 ----- Start Read Ensemble Forecast ------
    
 REC PDTN PD1 PD2 PD3 PD10   PD12  YEAR MN DY HR FHR E16 E17    LEN       MAX         MIN      EXAMPLE
  12    1   2   2   4 100    5000  2021  3 23 12   0   3   0  259920      48.12     -15.88      27.53
 
 ----- Ensemble Forecast for Member ------
    
 REC PDTN PD1 PD2 PD3 PD10   PD12  YEAR MN DY HR FHR E16 E17    LEN       MAX         MIN      EXAMPLE
  12    1   2   2   4 100    5000  2021  3 23 12   0   3   1  259920      48.12     -15.88      27.52
 
 REC PDTN PD1 PD2 PD3 PD10   PD12  YEAR MN DY HR FHR E16 E17    LEN       MAX         MIN      EXAMPLE
  12    1   2   2   4 100    5000  2021  3 23 12   0   3   2  259920      48.12     -15.89      27.54
 
    
  variable has member           3
    
    
  Combined Ensemble Data Example at Point 8601 
    27.5    27.5    27.5
    
 ens_avg(8601)=    27.53241    
 ens_spr(8601)=   9.9983439E-03
    
 ----- Output ensemble average and spread for Current Time ------
    
 gfldo%idrtmpl(3)=           2
 -----  Ensemble Average for Current Time ------
 REC PDTN PD1 PD2 PD3 PD10   PD12  YEAR MN DY HR FHR E16 E17    LEN       MAX         MIN      EXAMPLE
  12    2   2   2   4 100    5000  2021  3 23 12   0   0   3  259920      48.12     -15.88      27.53
 
 -----  Ensemble Spread for Current Time ------
 REC PDTN PD1 PD2 PD3 PD10   PD12  YEAR MN DY HR FHR E16 E17    LEN       MAX         MIN      EXAMPLE
  12    2   2   2   4 100    5000  2021  3 23 12   0   2   3  259920       0.06       0.00       0.01
 
 ----- Start Read Ensemble Forecast ------
    
 REC PDTN PD1 PD2 PD3 PD10   PD12  YEAR MN DY HR FHR E16 E17    LEN       MAX         MIN      EXAMPLE
  13    1   2   3   4 100    5000  2021  3 23 12   0   3   0  259920      24.35     -24.50       5.60
 
 ----- Ensemble Forecast for Member ------
    
 REC PDTN PD1 PD2 PD3 PD10   PD12  YEAR MN DY HR FHR E16 E17    LEN       MAX         MIN      EXAMPLE
  13    1   2   3   4 100    5000  2021  3 23 12   0   3   1  259920      24.36     -24.49       5.60
 
 REC PDTN PD1 PD2 PD3 PD10   PD12  YEAR MN DY HR FHR E16 E17    LEN       MAX         MIN      EXAMPLE
  13    1   2   3   4 100    5000  2021  3 23 12   0   3   2  259920      24.34     -24.50       5.61
 
    
  variable has member           3
    
    
  Combined Ensemble Data Example at Point 8601 
     5.6     5.6     5.6
    
 ens_avg(8601)=    5.600948    
 ens_spr(8601)=   5.7733599E-03
    
 ----- Output ensemble average and spread for Current Time ------
    
 gfldo%idrtmpl(3)=           2
 -----  Ensemble Average for Current Time ------
 REC PDTN PD1 PD2 PD3 PD10   PD12  YEAR MN DY HR FHR E16 E17    LEN       MAX         MIN      EXAMPLE
  13    2   2   3   4 100    5000  2021  3 23 12   0   0   3  259920      24.35     -24.50       5.60
 
 -----  Ensemble Spread for Current Time ------
 REC PDTN PD1 PD2 PD3 PD10   PD12  YEAR MN DY HR FHR E16 E17    LEN       MAX         MIN      EXAMPLE
  13    2   2   3   4 100    5000  2021  3 23 12   0   2   3  259920       0.04       0.00       0.01
 
 ----- Start Read Ensemble Forecast ------
    
 REC PDTN PD1 PD2 PD3 PD10   PD12  YEAR MN DY HR FHR E16 E17    LEN       MAX         MIN      EXAMPLE
  14    1   3   5   4 100   10000  2021  3 23 12   0   3   0  259920   16612.28   15005.64   15126.56
 
 ----- Ensemble Forecast for Member ------
    
 REC PDTN PD1 PD2 PD3 PD10   PD12  YEAR MN DY HR FHR E16 E17    LEN       MAX         MIN      EXAMPLE
  14    1   3   5   4 100   10000  2021  3 23 12   0   3   1  259920   16612.28   15005.64   15126.56
 
 REC PDTN PD1 PD2 PD3 PD10   PD12  YEAR MN DY HR FHR E16 E17    LEN       MAX         MIN      EXAMPLE
  14    1   3   5   4 100   10000  2021  3 23 12   0   3   2  259920   16612.28   15005.64   15126.56
 
    
  variable has member           3
    
    
  Combined Ensemble Data Example at Point 8601 
 15126.6 15126.6 15126.6
    
 ens_avg(8601)=    15126.56    
 ens_spr(8601)=   0.0000000E+00
    
 ----- Output ensemble average and spread for Current Time ------
    
 gfldo%idrtmpl(3)=           2
 -----  Ensemble Average for Current Time ------
 REC PDTN PD1 PD2 PD3 PD10   PD12  YEAR MN DY HR FHR E16 E17    LEN       MAX         MIN      EXAMPLE
  14    2   3   5   4 100   10000  2021  3 23 12   0   0   3  259920   16612.28   15005.64   15126.56
 
 -----  Ensemble Spread for Current Time ------
 REC PDTN PD1 PD2 PD3 PD10   PD12  YEAR MN DY HR FHR E16 E17    LEN       MAX         MIN      EXAMPLE
  14    2   3   5   4 100   10000  2021  3 23 12   0   2   3  259920       0.25       0.00       0.00
 
 ----- Start Read Ensemble Forecast ------
    
 REC PDTN PD1 PD2 PD3 PD10   PD12  YEAR MN DY HR FHR E16 E17    LEN       MAX         MIN      EXAMPLE
  15    1   0   0   4 100   10000  2021  3 23 12   0   3   0  259920     227.35     186.45     211.35
 
 ----- Ensemble Forecast for Member ------
    
 REC PDTN PD1 PD2 PD3 PD10   PD12  YEAR MN DY HR FHR E16 E17    LEN       MAX         MIN      EXAMPLE
  15    1   0   0   4 100   10000  2021  3 23 12   0   3   1  259920     227.35     186.45     211.35
 
 REC PDTN PD1 PD2 PD3 PD10   PD12  YEAR MN DY HR FHR E16 E17    LEN       MAX         MIN      EXAMPLE
  15    1   0   0   4 100   10000  2021  3 23 12   0   3   2  259920     227.35     186.45     211.35
 
    
  variable has member           3
    
    
  Combined Ensemble Data Example at Point 8601 
   211.4   211.4   211.4
    
 ens_avg(8601)=    211.3525    
 ens_spr(8601)=   1.8688124E-05
    
 ----- Output ensemble average and spread for Current Time ------
    
 gfldo%idrtmpl(3)=           1
 -----  Ensemble Average for Current Time ------
 REC PDTN PD1 PD2 PD3 PD10   PD12  YEAR MN DY HR FHR E16 E17    LEN       MAX         MIN      EXAMPLE
  15    2   0   0   4 100   10000  2021  3 23 12   0   0   3  259920     227.35     186.45     211.35
 
 -----  Ensemble Spread for Current Time ------
 REC PDTN PD1 PD2 PD3 PD10   PD12  YEAR MN DY HR FHR E16 E17    LEN       MAX         MIN      EXAMPLE
  15    2   0   0   4 100   10000  2021  3 23 12   0   2   3  259920       0.35       0.00       0.00
 
 ----- Start Read Ensemble Forecast ------
    
 REC PDTN PD1 PD2 PD3 PD10   PD12  YEAR MN DY HR FHR E16 E17    LEN       MAX         MIN      EXAMPLE
  16    1   1   1   4 100   10000  2021  3 23 12   0   3   0  259920      57.30       0.20       2.70
 
 ----- Ensemble Forecast for Member ------
    
 REC PDTN PD1 PD2 PD3 PD10   PD12  YEAR MN DY HR FHR E16 E17    LEN       MAX         MIN      EXAMPLE
  16    1   1   1   4 100   10000  2021  3 23 12   0   3   1  259920      57.30       0.20       2.70
 
 REC PDTN PD1 PD2 PD3 PD10   PD12  YEAR MN DY HR FHR E16 E17    LEN       MAX         MIN      EXAMPLE
  16    1   1   1   4 100   10000  2021  3 23 12   0   3   2  259920      57.30       0.20       2.70
 
    
  variable has member           3
    
    
  Combined Ensemble Data Example at Point 8601 
     2.7     2.7     2.7
    
 ens_avg(8601)=    2.700000    
 ens_spr(8601)=   0.0000000E+00
    
 ----- Output ensemble average and spread for Current Time ------
    
 gfldo%idrtmpl(3)=           1
 -----  Ensemble Average for Current Time ------
 REC PDTN PD1 PD2 PD3 PD10   PD12  YEAR MN DY HR FHR E16 E17    LEN       MAX         MIN      EXAMPLE
  16    2   1   1   4 100   10000  2021  3 23 12   0   0   3  259920      57.30       0.20       2.70
 
 -----  Ensemble Spread for Current Time ------
 REC PDTN PD1 PD2 PD3 PD10   PD12  YEAR MN DY HR FHR E16 E17    LEN       MAX         MIN      EXAMPLE
  16    2   1   1   4 100   10000  2021  3 23 12   0   2   3  259920       2.46       0.00       0.00
 
 ----- Start Read Ensemble Forecast ------
    
 REC PDTN PD1 PD2 PD3 PD10   PD12  YEAR MN DY HR FHR E16 E17    LEN       MAX         MIN      EXAMPLE
  17    1   2   2   4 100   10000  2021  3 23 12   0   3   0  259920      41.57     -24.17      18.15
 
 ----- Ensemble Forecast for Member ------
    
 REC PDTN PD1 PD2 PD3 PD10   PD12  YEAR MN DY HR FHR E16 E17    LEN       MAX         MIN      EXAMPLE
  17    1   2   2   4 100   10000  2021  3 23 12   0   3   1  259920      41.56     -24.19      18.13
 
 REC PDTN PD1 PD2 PD3 PD10   PD12  YEAR MN DY HR FHR E16 E17    LEN       MAX         MIN      EXAMPLE
  17    1   2   2   4 100   10000  2021  3 23 12   0   3   2  259920      41.59     -24.18      18.13
 
    
  variable has member           3
    
    
  Combined Ensemble Data Example at Point 8601 
    18.1    18.1    18.1
    
 ens_avg(8601)=    18.13758    
 ens_spr(8601)=   1.0997229E-02
    
 ----- Output ensemble average and spread for Current Time ------
    
 gfldo%idrtmpl(3)=           2
 -----  Ensemble Average for Current Time ------
 REC PDTN PD1 PD2 PD3 PD10   PD12  YEAR MN DY HR FHR E16 E17    LEN       MAX         MIN      EXAMPLE
  17    2   2   2   4 100   10000  2021  3 23 12   0   0   3  259920      41.57     -24.18      18.14
 
 -----  Ensemble Spread for Current Time ------
 REC PDTN PD1 PD2 PD3 PD10   PD12  YEAR MN DY HR FHR E16 E17    LEN       MAX         MIN      EXAMPLE
  17    2   2   2   4 100   10000  2021  3 23 12   0   2   3  259920       0.23       0.00       0.01
 
 ----- Start Read Ensemble Forecast ------
    
 REC PDTN PD1 PD2 PD3 PD10   PD12  YEAR MN DY HR FHR E16 E17    LEN       MAX         MIN      EXAMPLE
  18    1   2   3   4 100   10000  2021  3 23 12   0   3   0  259920      28.03     -21.97       5.66
 
 ----- Ensemble Forecast for Member ------
    
 REC PDTN PD1 PD2 PD3 PD10   PD12  YEAR MN DY HR FHR E16 E17    LEN       MAX         MIN      EXAMPLE
  18    1   2   3   4 100   10000  2021  3 23 12   0   3   1  259920      28.06     -21.96       5.65
 
 REC PDTN PD1 PD2 PD3 PD10   PD12  YEAR MN DY HR FHR E16 E17    LEN       MAX         MIN      EXAMPLE
  18    1   2   3   4 100   10000  2021  3 23 12   0   3   2  259920      28.08     -21.95       5.69
 
    
  variable has member           3
    
    
  Combined Ensemble Data Example at Point 8601 
     5.7     5.7     5.7
    
 ens_avg(8601)=    5.668725    
 ens_spr(8601)=   2.0816678E-02
    
 ----- Output ensemble average and spread for Current Time ------
    
 gfldo%idrtmpl(3)=           2
 -----  Ensemble Average for Current Time ------
 REC PDTN PD1 PD2 PD3 PD10   PD12  YEAR MN DY HR FHR E16 E17    LEN       MAX         MIN      EXAMPLE
  18    2   2   3   4 100   10000  2021  3 23 12   0   0   3  259920      28.06     -21.96       5.67
 
 -----  Ensemble Spread for Current Time ------
 REC PDTN PD1 PD2 PD3 PD10   PD12  YEAR MN DY HR FHR E16 E17    LEN       MAX         MIN      EXAMPLE
  18    2   2   3   4 100   10000  2021  3 23 12   0   2   3  259920       0.37       0.00       0.02
 
 ----- Start Read Ensemble Forecast ------
    
 REC PDTN PD1 PD2 PD3 PD10   PD12  YEAR MN DY HR FHR E16 E17    LEN       MAX         MIN      EXAMPLE
  19    1   3   5   4 100   20000  2021  3 23 12   0   3   0  259920   12486.03   10737.59   10797.67
 
 ----- Ensemble Forecast for Member ------
    
 REC PDTN PD1 PD2 PD3 PD10   PD12  YEAR MN DY HR FHR E16 E17    LEN       MAX         MIN      EXAMPLE
  19    1   3   5   4 100   20000  2021  3 23 12   0   3   1  259920   12485.99   10737.59   10797.67
 
 REC PDTN PD1 PD2 PD3 PD10   PD12  YEAR MN DY HR FHR E16 E17    LEN       MAX         MIN      EXAMPLE
  19    1   3   5   4 100   20000  2021  3 23 12   0   3   2  259920   12486.03   10737.59   10797.67
 
    
  variable has member           3
    
    
  Combined Ensemble Data Example at Point 8601 
 10797.7 10797.7 10797.7
    
 ens_avg(8601)=    10797.67    
 ens_spr(8601)=   0.0000000E+00
    
 ----- Output ensemble average and spread for Current Time ------
    
 gfldo%idrtmpl(3)=           2
 -----  Ensemble Average for Current Time ------
 REC PDTN PD1 PD2 PD3 PD10   PD12  YEAR MN DY HR FHR E16 E17    LEN       MAX         MIN      EXAMPLE
  19    2   3   5   4 100   20000  2021  3 23 12   0   0   3  259920   12486.02   10737.59   10797.67
 
 -----  Ensemble Spread for Current Time ------
 REC PDTN PD1 PD2 PD3 PD10   PD12  YEAR MN DY HR FHR E16 E17    LEN       MAX         MIN      EXAMPLE
  19    2   3   5   4 100   20000  2021  3 23 12   0   2   3  259920       0.17       0.00       0.00
 
 ----- Start Read Ensemble Forecast ------
    
 REC PDTN PD1 PD2 PD3 PD10   PD12  YEAR MN DY HR FHR E16 E17    LEN       MAX         MIN      EXAMPLE
  20    1   0   0   4 100   20000  2021  3 23 12   0   3   0  259920     232.84     205.24     215.14
 
 ----- Ensemble Forecast for Member ------
    
 REC PDTN PD1 PD2 PD3 PD10   PD12  YEAR MN DY HR FHR E16 E17    LEN       MAX         MIN      EXAMPLE
  20    1   0   0   4 100   20000  2021  3 23 12   0   3   1  259920     232.84     205.24     215.14
 
 REC PDTN PD1 PD2 PD3 PD10   PD12  YEAR MN DY HR FHR E16 E17    LEN       MAX         MIN      EXAMPLE
  20    1   0   0   4 100   20000  2021  3 23 12   0   3   2  259920     232.84     205.24     215.14
 
    
  variable has member           3
    
    
  Combined Ensemble Data Example at Point 8601 
   215.1   215.1   215.1
    
 ens_avg(8601)=    215.1449    
 ens_spr(8601)=   0.0000000E+00
    
 ----- Output ensemble average and spread for Current Time ------
    
 gfldo%idrtmpl(3)=           1
 -----  Ensemble Average for Current Time ------
 REC PDTN PD1 PD2 PD3 PD10   PD12  YEAR MN DY HR FHR E16 E17    LEN       MAX         MIN      EXAMPLE
  20    2   0   0   4 100   20000  2021  3 23 12   0   0   3  259920     232.84     205.24     215.14
 
 -----  Ensemble Spread for Current Time ------
 REC PDTN PD1 PD2 PD3 PD10   PD12  YEAR MN DY HR FHR E16 E17    LEN       MAX         MIN      EXAMPLE
  20    2   0   0   4 100   20000  2021  3 23 12   0   2   3  259920       0.26       0.00       0.00
 
 ----- Start Read Ensemble Forecast ------
    
 REC PDTN PD1 PD2 PD3 PD10   PD12  YEAR MN DY HR FHR E16 E17    LEN       MAX         MIN      EXAMPLE
  21    1   1   1   4 100   20000  2021  3 23 12   0   3   0  259920      63.70       0.20       5.90
 
 ----- Ensemble Forecast for Member ------
    
 REC PDTN PD1 PD2 PD3 PD10   PD12  YEAR MN DY HR FHR E16 E17    LEN       MAX         MIN      EXAMPLE
  21    1   1   1   4 100   20000  2021  3 23 12   0   3   1  259920      63.60       0.20       5.90
 
 REC PDTN PD1 PD2 PD3 PD10   PD12  YEAR MN DY HR FHR E16 E17    LEN       MAX         MIN      EXAMPLE
  21    1   1   1   4 100   20000  2021  3 23 12   0   3   2  259920      63.70       0.20       5.90
 
    
  variable has member           3
    
    
  Combined Ensemble Data Example at Point 8601 
     5.9     5.9     5.9
    
 ens_avg(8601)=    5.900000    
 ens_spr(8601)=   0.0000000E+00
    
 ----- Output ensemble average and spread for Current Time ------
    
 gfldo%idrtmpl(3)=           1
 -----  Ensemble Average for Current Time ------
 REC PDTN PD1 PD2 PD3 PD10   PD12  YEAR MN DY HR FHR E16 E17    LEN       MAX         MIN      EXAMPLE
  21    2   1   1   4 100   20000  2021  3 23 12   0   0   3  259920      63.60       0.20       5.90
 
 -----  Ensemble Spread for Current Time ------
 REC PDTN PD1 PD2 PD3 PD10   PD12  YEAR MN DY HR FHR E16 E17    LEN       MAX         MIN      EXAMPLE
  21    2   1   1   4 100   20000  2021  3 23 12   0   2   3  259920      10.51       0.00       0.00
 
 ----- Start Read Ensemble Forecast ------
    
 REC PDTN PD1 PD2 PD3 PD10   PD12  YEAR MN DY HR FHR E16 E17    LEN       MAX         MIN      EXAMPLE
  22    1   2   2   4 100   20000  2021  3 23 12   0   3   0  259920      80.73     -18.77       4.93
 
 ----- Ensemble Forecast for Member ------
    
 REC PDTN PD1 PD2 PD3 PD10   PD12  YEAR MN DY HR FHR E16 E17    LEN       MAX         MIN      EXAMPLE
  22    1   2   2   4 100   20000  2021  3 23 12   0   3   1  259920      80.73     -18.77       4.93
 
 REC PDTN PD1 PD2 PD3 PD10   PD12  YEAR MN DY HR FHR E16 E17    LEN       MAX         MIN      EXAMPLE
  22    1   2   2   4 100   20000  2021  3 23 12   0   3   2  259920      80.73     -18.77       4.93
 
    
  variable has member           3
    
    
  Combined Ensemble Data Example at Point 8601 
     4.9     4.9     4.9
    
 ens_avg(8601)=    4.927618    
 ens_spr(8601)=   2.0859640E-03
    
 ----- Output ensemble average and spread for Current Time ------
    
 gfldo%idrtmpl(3)=           1
 -----  Ensemble Average for Current Time ------
 REC PDTN PD1 PD2 PD3 PD10   PD12  YEAR MN DY HR FHR E16 E17    LEN       MAX         MIN      EXAMPLE
  22    2   2   2   4 100   20000  2021  3 23 12   0   0   3  259920      80.73     -18.77       4.93
 
 -----  Ensemble Spread for Current Time ------
 REC PDTN PD1 PD2 PD3 PD10   PD12  YEAR MN DY HR FHR E16 E17    LEN       MAX         MIN      EXAMPLE
  22    2   2   2   4 100   20000  2021  3 23 12   0   2   3  259920       0.15       0.00       0.00
 
 ----- Start Read Ensemble Forecast ------
    
 REC PDTN PD1 PD2 PD3 PD10   PD12  YEAR MN DY HR FHR E16 E17    LEN       MAX         MIN      EXAMPLE
  23    1   2   3   4 100   20000  2021  3 23 12   0   3   0  259920      57.20     -52.00       4.00
 
 ----- Ensemble Forecast for Member ------
    
 REC PDTN PD1 PD2 PD3 PD10   PD12  YEAR MN DY HR FHR E16 E17    LEN       MAX         MIN      EXAMPLE
  23    1   2   3   4 100   20000  2021  3 23 12   0   3   1  259920      57.20     -51.90       4.00
 
 REC PDTN PD1 PD2 PD3 PD10   PD12  YEAR MN DY HR FHR E16 E17    LEN       MAX         MIN      EXAMPLE
  23    1   2   3   4 100   20000  2021  3 23 12   0   3   2  259920      57.20     -51.90       3.90
 
    
  variable has member           3
    
    
  Combined Ensemble Data Example at Point 8601 
     4.0     4.0     3.9
    
 ens_avg(8601)=    3.966667    
 ens_spr(8601)=   5.7734974E-02
    
 ----- Output ensemble average and spread for Current Time ------
    
 gfldo%idrtmpl(3)=           1
 -----  Ensemble Average for Current Time ------
 REC PDTN PD1 PD2 PD3 PD10   PD12  YEAR MN DY HR FHR E16 E17    LEN       MAX         MIN      EXAMPLE
  23    2   2   3   4 100   20000  2021  3 23 12   0   0   3  259920      57.20     -51.93       3.97
 
 -----  Ensemble Spread for Current Time ------
 REC PDTN PD1 PD2 PD3 PD10   PD12  YEAR MN DY HR FHR E16 E17    LEN       MAX         MIN      EXAMPLE
  23    2   2   3   4 100   20000  2021  3 23 12   0   2   3  259920       0.25       0.00       0.06
 
 ----- Start Read Ensemble Forecast ------
    
 REC PDTN PD1 PD2 PD3 PD10   PD12  YEAR MN DY HR FHR E16 E17    LEN       MAX         MIN      EXAMPLE
  24    1   3   5   4 100   25000  2021  3 23 12   0   3   0  259920   11001.91    9340.99    9397.79
 
 ----- Ensemble Forecast for Member ------
    
 REC PDTN PD1 PD2 PD3 PD10   PD12  YEAR MN DY HR FHR E16 E17    LEN       MAX         MIN      EXAMPLE
  24    1   3   5   4 100   25000  2021  3 23 12   0   3   1  259920   11001.95    9340.99    9397.75
 
 REC PDTN PD1 PD2 PD3 PD10   PD12  YEAR MN DY HR FHR E16 E17    LEN       MAX         MIN      EXAMPLE
  24    1   3   5   4 100   25000  2021  3 23 12   0   3   2  259920   11001.95    9340.99    9397.79
 
    
  variable has member           3
    
    
  Combined Ensemble Data Example at Point 8601 
  9397.8  9397.7  9397.8
    
 ens_avg(8601)=    9397.772    
 ens_spr(8601)=   2.2556268E-02
    
 ----- Output ensemble average and spread for Current Time ------
    
 gfldo%idrtmpl(3)=           2
 -----  Ensemble Average for Current Time ------
 REC PDTN PD1 PD2 PD3 PD10   PD12  YEAR MN DY HR FHR E16 E17    LEN       MAX         MIN      EXAMPLE
  24    2   3   5   4 100   25000  2021  3 23 12   0   0   3  259920   11001.93    9340.99    9397.77
 
 -----  Ensemble Spread for Current Time ------
 REC PDTN PD1 PD2 PD3 PD10   PD12  YEAR MN DY HR FHR E16 E17    LEN       MAX         MIN      EXAMPLE
  24    2   3   5   4 100   25000  2021  3 23 12   0   2   3  259920       0.14       0.00       0.02
 
 ----- Start Read Ensemble Forecast ------
    
 REC PDTN PD1 PD2 PD3 PD10   PD12  YEAR MN DY HR FHR E16 E17    LEN       MAX         MIN      EXAMPLE
  25    1   0   0   4 100   25000  2021  3 23 12   0   3   0  259920     235.24     203.34     213.64
 
 ----- Ensemble Forecast for Member ------
    
 REC PDTN PD1 PD2 PD3 PD10   PD12  YEAR MN DY HR FHR E16 E17    LEN       MAX         MIN      EXAMPLE
  25    1   0   0   4 100   25000  2021  3 23 12   0   3   1  259920     235.24     203.34     213.64
 
 REC PDTN PD1 PD2 PD3 PD10   PD12  YEAR MN DY HR FHR E16 E17    LEN       MAX         MIN      EXAMPLE
  25    1   0   0   4 100   25000  2021  3 23 12   0   3   2  259920     235.24     203.34     213.64
 
    
  variable has member           3
    
    
  Combined Ensemble Data Example at Point 8601 
   213.6   213.6   213.6
    
 ens_avg(8601)=    213.6377    
 ens_spr(8601)=   0.0000000E+00
    
 ----- Output ensemble average and spread for Current Time ------
    
 gfldo%idrtmpl(3)=           1
 -----  Ensemble Average for Current Time ------
 REC PDTN PD1 PD2 PD3 PD10   PD12  YEAR MN DY HR FHR E16 E17    LEN       MAX         MIN      EXAMPLE
  25    2   0   0   4 100   25000  2021  3 23 12   0   0   3  259920     235.24     203.34     213.64
 
 -----  Ensemble Spread for Current Time ------
 REC PDTN PD1 PD2 PD3 PD10   PD12  YEAR MN DY HR FHR E16 E17    LEN       MAX         MIN      EXAMPLE
  25    2   0   0   4 100   25000  2021  3 23 12   0   2   3  259920       0.17       0.00       0.00
 
 ----- Start Read Ensemble Forecast ------
    
 REC PDTN PD1 PD2 PD3 PD10   PD12  YEAR MN DY HR FHR E16 E17    LEN       MAX         MIN      EXAMPLE
  26    1   1   1   4 100   25000  2021  3 23 12   0   3   0  259920      70.10       0.40      20.00
 
 ----- Ensemble Forecast for Member ------
    
 REC PDTN PD1 PD2 PD3 PD10   PD12  YEAR MN DY HR FHR E16 E17    LEN       MAX         MIN      EXAMPLE
  26    1   1   1   4 100   25000  2021  3 23 12   0   3   1  259920      70.00       0.40      20.00
 
 REC PDTN PD1 PD2 PD3 PD10   PD12  YEAR MN DY HR FHR E16 E17    LEN       MAX         MIN      EXAMPLE
  26    1   1   1   4 100   25000  2021  3 23 12   0   3   2  259920      70.10       0.40      20.00
 
    
  variable has member           3
    
    
  Combined Ensemble Data Example at Point 8601 
    20.0    20.0    20.0
    
 ens_avg(8601)=    20.00000    
 ens_spr(8601)=   0.0000000E+00
    
 ----- Output ensemble average and spread for Current Time ------
    
 gfldo%idrtmpl(3)=           1
 -----  Ensemble Average for Current Time ------
 REC PDTN PD1 PD2 PD3 PD10   PD12  YEAR MN DY HR FHR E16 E17    LEN       MAX         MIN      EXAMPLE
  26    2   1   1   4 100   25000  2021  3 23 12   0   0   3  259920      70.07       0.40      20.00
 
 -----  Ensemble Spread for Current Time ------
 REC PDTN PD1 PD2 PD3 PD10   PD12  YEAR MN DY HR FHR E16 E17    LEN       MAX         MIN      EXAMPLE
  26    2   1   1   4 100   25000  2021  3 23 12   0   2   3  259920       8.20       0.00       0.00
 
 ----- Start Read Ensemble Forecast ------
    
 REC PDTN PD1 PD2 PD3 PD10   PD12  YEAR MN DY HR FHR E16 E17    LEN       MAX         MIN      EXAMPLE
  27    1   2   2   4 100   25000  2021  3 23 12   0   3   0  259920      81.85     -21.05       0.25
 
 ----- Ensemble Forecast for Member ------
    
 REC PDTN PD1 PD2 PD3 PD10   PD12  YEAR MN DY HR FHR E16 E17    LEN       MAX         MIN      EXAMPLE
  27    1   2   2   4 100   25000  2021  3 23 12   0   3   1  259920      81.86     -21.14       0.16
 
 REC PDTN PD1 PD2 PD3 PD10   PD12  YEAR MN DY HR FHR E16 E17    LEN       MAX         MIN      EXAMPLE
  27    1   2   2   4 100   25000  2021  3 23 12   0   3   2  259920      81.96     -21.04       0.16
 
    
  variable has member           3
    
    
  Combined Ensemble Data Example at Point 8601 
     0.3     0.2     0.2
    
 ens_avg(8601)=   0.1890127    
 ens_spr(8601)=   5.4098394E-02
    
 ----- Output ensemble average and spread for Current Time ------
    
 gfldo%idrtmpl(3)=           1
 -----  Ensemble Average for Current Time ------
 REC PDTN PD1 PD2 PD3 PD10   PD12  YEAR MN DY HR FHR E16 E17    LEN       MAX         MIN      EXAMPLE
  27    2   2   2   4 100   25000  2021  3 23 12   0   0   3  259920      81.89     -21.08       0.19
 
 -----  Ensemble Spread for Current Time ------
 REC PDTN PD1 PD2 PD3 PD10   PD12  YEAR MN DY HR FHR E16 E17    LEN       MAX         MIN      EXAMPLE
  27    2   2   2   4 100   25000  2021  3 23 12   0   2   3  259920       0.25       0.00       0.05
 
 ----- Start Read Ensemble Forecast ------
    
 REC PDTN PD1 PD2 PD3 PD10   PD12  YEAR MN DY HR FHR E16 E17    LEN       MAX         MIN      EXAMPLE
  28    1   2   3   4 100   25000  2021  3 23 12   0   3   0  259920      66.85     -63.15       2.55
 
 ----- Ensemble Forecast for Member ------
    
 REC PDTN PD1 PD2 PD3 PD10   PD12  YEAR MN DY HR FHR E16 E17    LEN       MAX         MIN      EXAMPLE
  28    1   2   3   4 100   25000  2021  3 23 12   0   3   1  259920      66.85     -63.05       2.55
 
 REC PDTN PD1 PD2 PD3 PD10   PD12  YEAR MN DY HR FHR E16 E17    LEN       MAX         MIN      EXAMPLE
  28    1   2   3   4 100   25000  2021  3 23 12   0   3   2  259920      66.95     -63.05       2.55
 
    
  variable has member           3
    
    
  Combined Ensemble Data Example at Point 8601 
     2.6     2.6     2.6
    
 ens_avg(8601)=    2.552797    
 ens_spr(8601)=   7.0477399E-05
    
 ----- Output ensemble average and spread for Current Time ------
    
 gfldo%idrtmpl(3)=           1
 -----  Ensemble Average for Current Time ------
 REC PDTN PD1 PD2 PD3 PD10   PD12  YEAR MN DY HR FHR E16 E17    LEN       MAX         MIN      EXAMPLE
  28    2   2   3   4 100   25000  2021  3 23 12   0   0   3  259920      66.89     -63.08       2.55
 
 -----  Ensemble Spread for Current Time ------
 REC PDTN PD1 PD2 PD3 PD10   PD12  YEAR MN DY HR FHR E16 E17    LEN       MAX         MIN      EXAMPLE
  28    2   2   3   4 100   25000  2021  3 23 12   0   2   3  259920       0.12       0.00       0.00
 
 ----- Start Read Ensemble Forecast ------
    
 REC PDTN PD1 PD2 PD3 PD10   PD12  YEAR MN DY HR FHR E16 E17    LEN       MAX         MIN      EXAMPLE
  29    1   3   5   4 100   30000  2021  3 23 12   0   3   0  259920    9731.55    8147.67    8264.03
 
 ----- Ensemble Forecast for Member ------
    
 REC PDTN PD1 PD2 PD3 PD10   PD12  YEAR MN DY HR FHR E16 E17    LEN       MAX         MIN      EXAMPLE
  29    1   3   5   4 100   30000  2021  3 23 12   0   3   1  259920    9731.55    8147.67    8264.03
 
 REC PDTN PD1 PD2 PD3 PD10   PD12  YEAR MN DY HR FHR E16 E17    LEN       MAX         MIN      EXAMPLE
  29    1   3   5   4 100   30000  2021  3 23 12   0   3   2  259920    9731.55    8147.67    8264.03
 
    
  variable has member           3
    
    
  Combined Ensemble Data Example at Point 8601 
  8264.0  8264.0  8264.0
    
 ens_avg(8601)=    8264.025    
 ens_spr(8601)=   0.0000000E+00
    
 ----- Output ensemble average and spread for Current Time ------
    
 gfldo%idrtmpl(3)=           2
 -----  Ensemble Average for Current Time ------
 REC PDTN PD1 PD2 PD3 PD10   PD12  YEAR MN DY HR FHR E16 E17    LEN       MAX         MIN      EXAMPLE
  29    2   3   5   4 100   30000  2021  3 23 12   0   0   3  259920    9731.55    8147.67    8264.03
 
 -----  Ensemble Spread for Current Time ------
 REC PDTN PD1 PD2 PD3 PD10   PD12  YEAR MN DY HR FHR E16 E17    LEN       MAX         MIN      EXAMPLE
  29    2   3   5   4 100   30000  2021  3 23 12   0   2   3  259920       0.21       0.00       0.00
 
 ----- Start Read Ensemble Forecast ------
    
 REC PDTN PD1 PD2 PD3 PD10   PD12  YEAR MN DY HR FHR E16 E17    LEN       MAX         MIN      EXAMPLE
  30    1   2   2   4 100   30000  2021  3 23 12   0   3   0  259920      76.92     -27.78      -3.48
 
 ----- Ensemble Forecast for Member ------
    
 REC PDTN PD1 PD2 PD3 PD10   PD12  YEAR MN DY HR FHR E16 E17    LEN       MAX         MIN      EXAMPLE
  30    1   2   2   4 100   30000  2021  3 23 12   0   3   1  259920      76.82     -27.78      -3.48
 
 REC PDTN PD1 PD2 PD3 PD10   PD12  YEAR MN DY HR FHR E16 E17    LEN       MAX         MIN      EXAMPLE
  30    1   2   2   4 100   30000  2021  3 23 12   0   3   2  259920      76.92     -27.88      -3.48
 
    
  variable has member           3
    
    
  Combined Ensemble Data Example at Point 8601 
    -3.5    -3.5    -3.5
    
 ens_avg(8601)=   -3.484366    
 ens_spr(8601)=   5.2857999E-05
    
 ----- Output ensemble average and spread for Current Time ------
    
 gfldo%idrtmpl(3)=           1
 -----  Ensemble Average for Current Time ------
 REC PDTN PD1 PD2 PD3 PD10   PD12  YEAR MN DY HR FHR E16 E17    LEN       MAX         MIN      EXAMPLE
  30    2   2   2   4 100   30000  2021  3 23 12   0   0   3  259920      76.88     -27.82      -3.48
 
 -----  Ensemble Spread for Current Time ------
 REC PDTN PD1 PD2 PD3 PD10   PD12  YEAR MN DY HR FHR E16 E17    LEN       MAX         MIN      EXAMPLE
  30    2   2   2   4 100   30000  2021  3 23 12   0   2   3  259920       0.17       0.00       0.00
 
 ----- Start Read Ensemble Forecast ------
    
 REC PDTN PD1 PD2 PD3 PD10   PD12  YEAR MN DY HR FHR E16 E17    LEN       MAX         MIN      EXAMPLE
  31    1   2   3   4 100   30000  2021  3 23 12   0   3   0  259920      68.63     -61.37       0.63
 
 ----- Ensemble Forecast for Member ------
    
 REC PDTN PD1 PD2 PD3 PD10   PD12  YEAR MN DY HR FHR E16 E17    LEN       MAX         MIN      EXAMPLE
  31    1   2   3   4 100   30000  2021  3 23 12   0   3   1  259920      68.63     -61.27       0.53
 
 REC PDTN PD1 PD2 PD3 PD10   PD12  YEAR MN DY HR FHR E16 E17    LEN       MAX         MIN      EXAMPLE
  31    1   2   3   4 100   30000  2021  3 23 12   0   3   2  259920      68.62     -61.28       0.62
 
    
  variable has member           3
    
    
  Combined Ensemble Data Example at Point 8601 
     0.6     0.5     0.6
    
 ens_avg(8601)=   0.5937134    
 ens_spr(8601)=   5.4659821E-02
    
 ----- Output ensemble average and spread for Current Time ------
    
 gfldo%idrtmpl(3)=           1
 -----  Ensemble Average for Current Time ------
 REC PDTN PD1 PD2 PD3 PD10   PD12  YEAR MN DY HR FHR E16 E17    LEN       MAX         MIN      EXAMPLE
  31    2   2   3   4 100   30000  2021  3 23 12   0   0   3  259920      68.63     -61.31       0.59
 
 -----  Ensemble Spread for Current Time ------
 REC PDTN PD1 PD2 PD3 PD10   PD12  YEAR MN DY HR FHR E16 E17    LEN       MAX         MIN      EXAMPLE
  31    2   2   3   4 100   30000  2021  3 23 12   0   2   3  259920       0.16       0.01       0.05
 
 ----- Start Read Ensemble Forecast ------
    
 REC PDTN PD1 PD2 PD3 PD10   PD12  YEAR MN DY HR FHR E16 E17    LEN       MAX         MIN      EXAMPLE
  32    1   2   2   4 100   40000  2021  3 23 12   0   3   0  259920      66.22     -24.78      -5.08
 
 ----- Ensemble Forecast for Member ------
    
 REC PDTN PD1 PD2 PD3 PD10   PD12  YEAR MN DY HR FHR E16 E17    LEN       MAX         MIN      EXAMPLE
  32    1   2   2   4 100   40000  2021  3 23 12   0   3   1  259920      66.23     -24.77      -5.07
 
 REC PDTN PD1 PD2 PD3 PD10   PD12  YEAR MN DY HR FHR E16 E17    LEN       MAX         MIN      EXAMPLE
  32    1   2   2   4 100   40000  2021  3 23 12   0   3   2  259920      66.18     -24.82      -5.12
 
    
  variable has member           3
    
    
  Combined Ensemble Data Example at Point 8601 
    -5.1    -5.1    -5.1
    
 ens_avg(8601)=   -5.094180    
 ens_spr(8601)=   2.6636509E-02
    
 ----- Output ensemble average and spread for Current Time ------
    
 gfldo%idrtmpl(3)=           1
 -----  Ensemble Average for Current Time ------
 REC PDTN PD1 PD2 PD3 PD10   PD12  YEAR MN DY HR FHR E16 E17    LEN       MAX         MIN      EXAMPLE
  32    2   2   2   4 100   40000  2021  3 23 12   0   0   3  259920      66.21     -24.79      -5.09
 
 -----  Ensemble Spread for Current Time ------
 REC PDTN PD1 PD2 PD3 PD10   PD12  YEAR MN DY HR FHR E16 E17    LEN       MAX         MIN      EXAMPLE
  32    2   2   2   4 100   40000  2021  3 23 12   0   2   3  259920       0.23       0.03       0.03
 
 ----- Start Read Ensemble Forecast ------
    
 REC PDTN PD1 PD2 PD3 PD10   PD12  YEAR MN DY HR FHR E16 E17    LEN       MAX         MIN      EXAMPLE
  33    1   2   3   4 100   40000  2021  3 23 12   0   3   0  259920      57.08     -52.72      -2.32
 
 ----- Ensemble Forecast for Member ------
    
 REC PDTN PD1 PD2 PD3 PD10   PD12  YEAR MN DY HR FHR E16 E17    LEN       MAX         MIN      EXAMPLE
  33    1   2   3   4 100   40000  2021  3 23 12   0   3   1  259920      57.08     -52.72      -2.42
 
 REC PDTN PD1 PD2 PD3 PD10   PD12  YEAR MN DY HR FHR E16 E17    LEN       MAX         MIN      EXAMPLE
  33    1   2   3   4 100   40000  2021  3 23 12   0   3   2  259920      57.08     -52.72      -2.32
 
    
  variable has member           3
    
    
  Combined Ensemble Data Example at Point 8601 
    -2.3    -2.4    -2.3
    
 ens_avg(8601)=   -2.348763    
 ens_spr(8601)=   5.7734974E-02
    
 ----- Output ensemble average and spread for Current Time ------
    
 gfldo%idrtmpl(3)=           1
 -----  Ensemble Average for Current Time ------
 REC PDTN PD1 PD2 PD3 PD10   PD12  YEAR MN DY HR FHR E16 E17    LEN       MAX         MIN      EXAMPLE
  33    2   2   3   4 100   40000  2021  3 23 12   0   0   3  259920      57.08     -52.72      -2.35
 
 -----  Ensemble Spread for Current Time ------
 REC PDTN PD1 PD2 PD3 PD10   PD12  YEAR MN DY HR FHR E16 E17    LEN       MAX         MIN      EXAMPLE
  33    2   2   3   4 100   40000  2021  3 23 12   0   2   3  259920       0.15       0.00       0.06
 
 ----- Start Read Ensemble Forecast ------
    
 REC PDTN PD1 PD2 PD3 PD10   PD12  YEAR MN DY HR FHR E16 E17    LEN       MAX         MIN      EXAMPLE
  34    1   3   5   4 100   50000  2021  3 23 12   0   3   0  259920    5915.65    4742.01    4974.27
 
 ----- Ensemble Forecast for Member ------
    
 REC PDTN PD1 PD2 PD3 PD10   PD12  YEAR MN DY HR FHR E16 E17    LEN       MAX         MIN      EXAMPLE
  34    1   3   5   4 100   50000  2021  3 23 12   0   3   1  259920    5915.64    4742.02    4974.28
 
 REC PDTN PD1 PD2 PD3 PD10   PD12  YEAR MN DY HR FHR E16 E17    LEN       MAX         MIN      EXAMPLE
  34    1   3   5   4 100   50000  2021  3 23 12   0   3   2  259920    5915.63    4742.01    4974.27
 
    
  variable has member           3
    
    
  Combined Ensemble Data Example at Point 8601 
  4974.3  4974.3  4974.3
    
 ens_avg(8601)=    4974.277    
 ens_spr(8601)=   5.9200954E-03
    
 ----- Output ensemble average and spread for Current Time ------
    
 gfldo%idrtmpl(3)=           2
 -----  Ensemble Average for Current Time ------
 REC PDTN PD1 PD2 PD3 PD10   PD12  YEAR MN DY HR FHR E16 E17    LEN       MAX         MIN      EXAMPLE
  34    2   3   5   4 100   50000  2021  3 23 12   0   0   3  259920    5915.64    4742.02    4974.28
 
 -----  Ensemble Spread for Current Time ------
 REC PDTN PD1 PD2 PD3 PD10   PD12  YEAR MN DY HR FHR E16 E17    LEN       MAX         MIN      EXAMPLE
  34    2   3   5   4 100   50000  2021  3 23 12   0   2   3  259920       0.27       0.01       0.01
 
 ----- Start Read Ensemble Forecast ------
    
 REC PDTN PD1 PD2 PD3 PD10   PD12  YEAR MN DY HR FHR E16 E17    LEN       MAX         MIN      EXAMPLE
  35    1   0   0   4 100   50000  2021  3 23 12   0   3   0  259920     270.64     225.04     230.64
 
 ----- Ensemble Forecast for Member ------
    
 REC PDTN PD1 PD2 PD3 PD10   PD12  YEAR MN DY HR FHR E16 E17    LEN       MAX         MIN      EXAMPLE
  35    1   0   0   4 100   50000  2021  3 23 12   0   3   1  259920     270.64     225.04     230.64
 
 REC PDTN PD1 PD2 PD3 PD10   PD12  YEAR MN DY HR FHR E16 E17    LEN       MAX         MIN      EXAMPLE
  35    1   0   0   4 100   50000  2021  3 23 12   0   3   2  259920     270.64     225.04     230.64
 
    
  variable has member           3
    
    
  Combined Ensemble Data Example at Point 8601 
   230.6   230.6   230.6
    
 ens_avg(8601)=    230.6359    
 ens_spr(8601)=   0.0000000E+00
    
 ----- Output ensemble average and spread for Current Time ------
    
 gfldo%idrtmpl(3)=           1
 -----  Ensemble Average for Current Time ------
 REC PDTN PD1 PD2 PD3 PD10   PD12  YEAR MN DY HR FHR E16 E17    LEN       MAX         MIN      EXAMPLE
  35    2   0   0   4 100   50000  2021  3 23 12   0   0   3  259920     270.64     225.04     230.64
 
 -----  Ensemble Spread for Current Time ------
 REC PDTN PD1 PD2 PD3 PD10   PD12  YEAR MN DY HR FHR E16 E17    LEN       MAX         MIN      EXAMPLE
  35    2   0   0   4 100   50000  2021  3 23 12   0   2   3  259920       0.56       0.00       0.00
 
 ----- Start Read Ensemble Forecast ------
    
 REC PDTN PD1 PD2 PD3 PD10   PD12  YEAR MN DY HR FHR E16 E17    LEN       MAX         MIN      EXAMPLE
  36    1   1   1   4 100   50000  2021  3 23 12   0   3   0  259920      98.20       0.40      67.60
 
 ----- Ensemble Forecast for Member ------
    
 REC PDTN PD1 PD2 PD3 PD10   PD12  YEAR MN DY HR FHR E16 E17    LEN       MAX         MIN      EXAMPLE
  36    1   1   1   4 100   50000  2021  3 23 12   0   3   1  259920      98.60       0.40      66.80
 
 REC PDTN PD1 PD2 PD3 PD10   PD12  YEAR MN DY HR FHR E16 E17    LEN       MAX         MIN      EXAMPLE
  36    1   1   1   4 100   50000  2021  3 23 12   0   3   2  259920      98.50       0.40      67.10
 
    
  variable has member           3
    
    
  Combined Ensemble Data Example at Point 8601 
    67.6    66.8    67.1
    
 ens_avg(8601)=    67.16667    
 ens_spr(8601)=   0.4041431    
    
 ----- Output ensemble average and spread for Current Time ------
    
 gfldo%idrtmpl(3)=           1
 -----  Ensemble Average for Current Time ------
 REC PDTN PD1 PD2 PD3 PD10   PD12  YEAR MN DY HR FHR E16 E17    LEN       MAX         MIN      EXAMPLE
  36    2   1   1   4 100   50000  2021  3 23 12   0   0   3  259920      98.20       0.40      67.17
 
 -----  Ensemble Spread for Current Time ------
 REC PDTN PD1 PD2 PD3 PD10   PD12  YEAR MN DY HR FHR E16 E17    LEN       MAX         MIN      EXAMPLE
  36    2   1   1   4 100   50000  2021  3 23 12   0   2   3  259920       9.74       0.00       0.40
 
 ----- Start Read Ensemble Forecast ------
    
 REC PDTN PD1 PD2 PD3 PD10   PD12  YEAR MN DY HR FHR E16 E17    LEN       MAX         MIN      EXAMPLE
  37    1   2   2   4 100   50000  2021  3 23 12   0   3   0  259920      55.10     -18.31      -4.47
 
 ----- Ensemble Forecast for Member ------
    
 REC PDTN PD1 PD2 PD3 PD10   PD12  YEAR MN DY HR FHR E16 E17    LEN       MAX         MIN      EXAMPLE
  37    1   2   2   4 100   50000  2021  3 23 12   0   3   1  259920      55.11     -18.26      -4.48
 
 REC PDTN PD1 PD2 PD3 PD10   PD12  YEAR MN DY HR FHR E16 E17    LEN       MAX         MIN      EXAMPLE
  37    1   2   2   4 100   50000  2021  3 23 12   0   3   2  259920      55.11     -18.30      -4.47
 
    
  variable has member           3
    
    
  Combined Ensemble Data Example at Point 8601 
    -4.5    -4.5    -4.5
    
 ens_avg(8601)=   -4.475564    
 ens_spr(8601)=   6.9779856E-03
    
 ----- Output ensemble average and spread for Current Time ------
    
 gfldo%idrtmpl(3)=           2
 -----  Ensemble Average for Current Time ------
 REC PDTN PD1 PD2 PD3 PD10   PD12  YEAR MN DY HR FHR E16 E17    LEN       MAX         MIN      EXAMPLE
  37    2   2   2   4 100   50000  2021  3 23 12   0   0   3  259920      55.10     -18.29      -4.48
 
 -----  Ensemble Spread for Current Time ------
 REC PDTN PD1 PD2 PD3 PD10   PD12  YEAR MN DY HR FHR E16 E17    LEN       MAX         MIN      EXAMPLE
  37    2   2   2   4 100   50000  2021  3 23 12   0   2   3  259920       0.16       0.00       0.01
 
 ----- Start Read Ensemble Forecast ------
    
 REC PDTN PD1 PD2 PD3 PD10   PD12  YEAR MN DY HR FHR E16 E17    LEN       MAX         MIN      EXAMPLE
  38    1   2   3   4 100   50000  2021  3 23 12   0   3   0  259920      43.38     -43.31      -3.79
 
 ----- Ensemble Forecast for Member ------
    
 REC PDTN PD1 PD2 PD3 PD10   PD12  YEAR MN DY HR FHR E16 E17    LEN       MAX         MIN      EXAMPLE
  38    1   2   3   4 100   50000  2021  3 23 12   0   3   1  259920      43.45     -43.29      -3.80
 
 REC PDTN PD1 PD2 PD3 PD10   PD12  YEAR MN DY HR FHR E16 E17    LEN       MAX         MIN      EXAMPLE
  38    1   2   3   4 100   50000  2021  3 23 12   0   3   2  259920      43.29     -43.32      -3.78
 
    
  variable has member           3
    
    
  Combined Ensemble Data Example at Point 8601 
    -3.8    -3.8    -3.8
    
 ens_avg(8601)=   -3.793747    
 ens_spr(8601)=   9.9974871E-03
    
 ----- Output ensemble average and spread for Current Time ------
    
 gfldo%idrtmpl(3)=           2
 -----  Ensemble Average for Current Time ------
 REC PDTN PD1 PD2 PD3 PD10   PD12  YEAR MN DY HR FHR E16 E17    LEN       MAX         MIN      EXAMPLE
  38    2   2   3   4 100   50000  2021  3 23 12   0   0   3  259920      43.37     -43.31      -3.79
 
 -----  Ensemble Spread for Current Time ------
 REC PDTN PD1 PD2 PD3 PD10   PD12  YEAR MN DY HR FHR E16 E17    LEN       MAX         MIN      EXAMPLE
  38    2   2   3   4 100   50000  2021  3 23 12   0   2   3  259920       0.23       0.00       0.01
 
 ----- Start Read Ensemble Forecast ------
    
 REC PDTN PD1 PD2 PD3 PD10   PD12  YEAR MN DY HR FHR E16 E17    LEN       MAX         MIN      EXAMPLE
  39    1   3   5   4 100   70000  2021  3 23 12   0   3   0  259920    3232.33    2305.47    2624.09
 
 ----- Ensemble Forecast for Member ------
    
 REC PDTN PD1 PD2 PD3 PD10   PD12  YEAR MN DY HR FHR E16 E17    LEN       MAX         MIN      EXAMPLE
  39    1   3   5   4 100   70000  2021  3 23 12   0   3   1  259920    3232.34    2305.47    2624.10
 
 REC PDTN PD1 PD2 PD3 PD10   PD12  YEAR MN DY HR FHR E16 E17    LEN       MAX         MIN      EXAMPLE
  39    1   3   5   4 100   70000  2021  3 23 12   0   3   2  259920    3232.33    2305.47    2624.09
 
    
  variable has member           3
    
    
  Combined Ensemble Data Example at Point 8601 
  2624.1  2624.1  2624.1
    
 ens_avg(8601)=    2624.094    
 ens_spr(8601)=   3.8794554E-03
    
 ----- Output ensemble average and spread for Current Time ------
    
 gfldo%idrtmpl(3)=           3
 -----  Ensemble Average for Current Time ------
 REC PDTN PD1 PD2 PD3 PD10   PD12  YEAR MN DY HR FHR E16 E17    LEN       MAX         MIN      EXAMPLE
  39    2   3   5   4 100   70000  2021  3 23 12   0   0   3  259920    3232.33    2305.47    2624.09
 
 -----  Ensemble Spread for Current Time ------
 REC PDTN PD1 PD2 PD3 PD10   PD12  YEAR MN DY HR FHR E16 E17    LEN       MAX         MIN      EXAMPLE
  39    2   3   5   4 100   70000  2021  3 23 12   0   2   3  259920       0.39       0.00       0.00
 
 ----- Start Read Ensemble Forecast ------
    
 REC PDTN PD1 PD2 PD3 PD10   PD12  YEAR MN DY HR FHR E16 E17    LEN       MAX         MIN      EXAMPLE
  40    1   0   0   4 100   70000  2021  3 23 12   0   3   0  259920     288.56     224.86     245.26
 
 ----- Ensemble Forecast for Member ------
    
 REC PDTN PD1 PD2 PD3 PD10   PD12  YEAR MN DY HR FHR E16 E17    LEN       MAX         MIN      EXAMPLE
  40    1   0   0   4 100   70000  2021  3 23 12   0   3   1  259920     288.56     224.86     245.26
 
 REC PDTN PD1 PD2 PD3 PD10   PD12  YEAR MN DY HR FHR E16 E17    LEN       MAX         MIN      EXAMPLE
  40    1   0   0   4 100   70000  2021  3 23 12   0   3   2  259920     288.56     224.86     245.26
 
    
  variable has member           3
    
    
  Combined Ensemble Data Example at Point 8601 
   245.3   245.3   245.3
    
 ens_avg(8601)=    245.2572    
 ens_spr(8601)=   1.8688124E-05
    
 ----- Output ensemble average and spread for Current Time ------
    
 gfldo%idrtmpl(3)=           1
 -----  Ensemble Average for Current Time ------
 REC PDTN PD1 PD2 PD3 PD10   PD12  YEAR MN DY HR FHR E16 E17    LEN       MAX         MIN      EXAMPLE
  40    2   0   0   4 100   70000  2021  3 23 12   0   0   3  259920     288.56     224.86     245.26
 
 -----  Ensemble Spread for Current Time ------
 REC PDTN PD1 PD2 PD3 PD10   PD12  YEAR MN DY HR FHR E16 E17    LEN       MAX         MIN      EXAMPLE
  40    2   0   0   4 100   70000  2021  3 23 12   0   2   3  259920       0.57       0.00       0.00
 
 ----- Start Read Ensemble Forecast ------
    
 REC PDTN PD1 PD2 PD3 PD10   PD12  YEAR MN DY HR FHR E16 E17    LEN       MAX         MIN      EXAMPLE
  41    1   1   1   4 100   70000  2021  3 23 12   0   3   0  259920     100.00       0.20      33.90
 
 ----- Ensemble Forecast for Member ------
    
 REC PDTN PD1 PD2 PD3 PD10   PD12  YEAR MN DY HR FHR E16 E17    LEN       MAX         MIN      EXAMPLE
  41    1   1   1   4 100   70000  2021  3 23 12   0   3   1  259920     100.00       0.20      33.90
 
 REC PDTN PD1 PD2 PD3 PD10   PD12  YEAR MN DY HR FHR E16 E17    LEN       MAX         MIN      EXAMPLE
  41    1   1   1   4 100   70000  2021  3 23 12   0   3   2  259920     100.00       0.20      34.00
 
    
  variable has member           3
    
    
  Combined Ensemble Data Example at Point 8601 
    33.9    33.9    34.0
    
 ens_avg(8601)=    33.93333    
 ens_spr(8601)=   5.7734147E-02
    
 ----- Output ensemble average and spread for Current Time ------
    
 gfldo%idrtmpl(3)=           1
 -----  Ensemble Average for Current Time ------
 REC PDTN PD1 PD2 PD3 PD10   PD12  YEAR MN DY HR FHR E16 E17    LEN       MAX         MIN      EXAMPLE
  41    2   1   1   4 100   70000  2021  3 23 12   0   0   3  259920     100.00       0.20      33.93
 
 -----  Ensemble Spread for Current Time ------
 REC PDTN PD1 PD2 PD3 PD10   PD12  YEAR MN DY HR FHR E16 E17    LEN       MAX         MIN      EXAMPLE
  41    2   1   1   4 100   70000  2021  3 23 12   0   2   3  259920       6.60       0.00       0.06
 
 ----- Start Read Ensemble Forecast ------
    
 REC PDTN PD1 PD2 PD3 PD10   PD12  YEAR MN DY HR FHR E16 E17    LEN       MAX         MIN      EXAMPLE
  42    1   2   2   4 100   70000  2021  3 23 12   0   3   0  259920      36.94     -16.99      -4.71
 
 ----- Ensemble Forecast for Member ------
    
 REC PDTN PD1 PD2 PD3 PD10   PD12  YEAR MN DY HR FHR E16 E17    LEN       MAX         MIN      EXAMPLE
  42    1   2   2   4 100   70000  2021  3 23 12   0   3   1  259920      36.94     -16.99      -4.71
 
 REC PDTN PD1 PD2 PD3 PD10   PD12  YEAR MN DY HR FHR E16 E17    LEN       MAX         MIN      EXAMPLE
  42    1   2   2   4 100   70000  2021  3 23 12   0   3   2  259920      36.92     -16.96      -4.72
 
    
  variable has member           3
    
    
  Combined Ensemble Data Example at Point 8601 
    -4.7    -4.7    -4.7
    
 ens_avg(8601)=   -4.715167    
 ens_spr(8601)=   5.8979513E-03
    
 ----- Output ensemble average and spread for Current Time ------
    
 gfldo%idrtmpl(3)=           2
 -----  Ensemble Average for Current Time ------
 REC PDTN PD1 PD2 PD3 PD10   PD12  YEAR MN DY HR FHR E16 E17    LEN       MAX         MIN      EXAMPLE
  42    2   2   2   4 100   70000  2021  3 23 12   0   0   3  259920      36.93     -16.98      -4.72
 
 -----  Ensemble Spread for Current Time ------
 REC PDTN PD1 PD2 PD3 PD10   PD12  YEAR MN DY HR FHR E16 E17    LEN       MAX         MIN      EXAMPLE
  42    2   2   2   4 100   70000  2021  3 23 12   0   2   3  259920       0.29       0.00       0.01
 
 ----- Start Read Ensemble Forecast ------
    
 REC PDTN PD1 PD2 PD3 PD10   PD12  YEAR MN DY HR FHR E16 E17    LEN       MAX         MIN      EXAMPLE
  43    1   2   3   4 100   70000  2021  3 23 12   0   3   0  259920      27.10     -26.62      -9.39
 
 ----- Ensemble Forecast for Member ------
    
 REC PDTN PD1 PD2 PD3 PD10   PD12  YEAR MN DY HR FHR E16 E17    LEN       MAX         MIN      EXAMPLE
  43    1   2   3   4 100   70000  2021  3 23 12   0   3   1  259920      27.10     -26.63      -9.40
 
 REC PDTN PD1 PD2 PD3 PD10   PD12  YEAR MN DY HR FHR E16 E17    LEN       MAX         MIN      EXAMPLE
  43    1   2   3   4 100   70000  2021  3 23 12   0   3   2  259920      27.18     -26.56      -9.39
 
    
  variable has member           3
    
    
  Combined Ensemble Data Example at Point 8601 
    -9.4    -9.4    -9.4
    
 ens_avg(8601)=   -9.393999    
 ens_spr(8601)=   5.7871412E-03
    
 ----- Output ensemble average and spread for Current Time ------
    
 gfldo%idrtmpl(3)=           2
 -----  Ensemble Average for Current Time ------
 REC PDTN PD1 PD2 PD3 PD10   PD12  YEAR MN DY HR FHR E16 E17    LEN       MAX         MIN      EXAMPLE
  43    2   2   3   4 100   70000  2021  3 23 12   0   0   3  259920      27.13     -26.60      -9.39
 
 -----  Ensemble Spread for Current Time ------
 REC PDTN PD1 PD2 PD3 PD10   PD12  YEAR MN DY HR FHR E16 E17    LEN       MAX         MIN      EXAMPLE
  43    2   2   3   4 100   70000  2021  3 23 12   0   2   3  259920       0.20       0.00       0.01
 
 ----- Start Read Ensemble Forecast ------
    
 REC PDTN PD1 PD2 PD3 PD10   PD12  YEAR MN DY HR FHR E16 E17    LEN       MAX         MIN      EXAMPLE
  44    1   3   5   4 100   85000  2021  3 23 12   0   3   0  259920    1626.59     814.72    1221.28
 
 ----- Ensemble Forecast for Member ------
    
 REC PDTN PD1 PD2 PD3 PD10   PD12  YEAR MN DY HR FHR E16 E17    LEN       MAX         MIN      EXAMPLE
  44    1   3   5   4 100   85000  2021  3 23 12   0   3   1  259920    1626.59     814.72    1221.29
 
 REC PDTN PD1 PD2 PD3 PD10   PD12  YEAR MN DY HR FHR E16 E17    LEN       MAX         MIN      EXAMPLE
  44    1   3   5   4 100   85000  2021  3 23 12   0   3   2  259920    1626.58     814.72    1221.28
 
    
  variable has member           3
    
    
  Combined Ensemble Data Example at Point 8601 
  1221.3  1221.3  1221.3
    
 ens_avg(8601)=    1221.285    
 ens_spr(8601)=   6.3681640E-03
    
 ----- Output ensemble average and spread for Current Time ------
    
 gfldo%idrtmpl(3)=           3
 -----  Ensemble Average for Current Time ------
 REC PDTN PD1 PD2 PD3 PD10   PD12  YEAR MN DY HR FHR E16 E17    LEN       MAX         MIN      EXAMPLE
  44    2   3   5   4 100   85000  2021  3 23 12   0   0   3  259920    1626.59     814.72    1221.29
 
 -----  Ensemble Spread for Current Time ------
 REC PDTN PD1 PD2 PD3 PD10   PD12  YEAR MN DY HR FHR E16 E17    LEN       MAX         MIN      EXAMPLE
  44    2   3   5   4 100   85000  2021  3 23 12   0   2   3  259920       0.37       0.00       0.01
 
 ----- Start Read Ensemble Forecast ------
    
 REC PDTN PD1 PD2 PD3 PD10   PD12  YEAR MN DY HR FHR E16 E17    LEN       MAX         MIN      EXAMPLE
  45    1   0   0   4 100   85000  2021  3 23 12   0   3   0  259920     318.14     233.34     247.94
 
 ----- Ensemble Forecast for Member ------
    
 REC PDTN PD1 PD2 PD3 PD10   PD12  YEAR MN DY HR FHR E16 E17    LEN       MAX         MIN      EXAMPLE
  45    1   0   0   4 100   85000  2021  3 23 12   0   3   1  259920     318.14     233.34     247.94
 
 REC PDTN PD1 PD2 PD3 PD10   PD12  YEAR MN DY HR FHR E16 E17    LEN       MAX         MIN      EXAMPLE
  45    1   0   0   4 100   85000  2021  3 23 12   0   3   2  259920     318.14     233.34     247.94
 
    
  variable has member           3
    
    
  Combined Ensemble Data Example at Point 8601 
   247.9   247.9   247.9
    
 ens_avg(8601)=    247.9422    
 ens_spr(8601)=   1.8688124E-05
    
 ----- Output ensemble average and spread for Current Time ------
    
 gfldo%idrtmpl(3)=           1
 -----  Ensemble Average for Current Time ------
 REC PDTN PD1 PD2 PD3 PD10   PD12  YEAR MN DY HR FHR E16 E17    LEN       MAX         MIN      EXAMPLE
  45    2   0   0   4 100   85000  2021  3 23 12   0   0   3  259920     318.14     233.34     247.94
 
 -----  Ensemble Spread for Current Time ------
 REC PDTN PD1 PD2 PD3 PD10   PD12  YEAR MN DY HR FHR E16 E17    LEN       MAX         MIN      EXAMPLE
  45    2   0   0   4 100   85000  2021  3 23 12   0   2   3  259920       0.78       0.00       0.00
 
 ----- Start Read Ensemble Forecast ------
    
 REC PDTN PD1 PD2 PD3 PD10   PD12  YEAR MN DY HR FHR E16 E17    LEN       MAX         MIN      EXAMPLE
  46    1   1   1   4 100   85000  2021  3 23 12   0   3   0  259920     100.00       1.70      53.90
 
 ----- Ensemble Forecast for Member ------
    
 REC PDTN PD1 PD2 PD3 PD10   PD12  YEAR MN DY HR FHR E16 E17    LEN       MAX         MIN      EXAMPLE
  46    1   1   1   4 100   85000  2021  3 23 12   0   3   1  259920     100.00       1.70      54.30
 
 REC PDTN PD1 PD2 PD3 PD10   PD12  YEAR MN DY HR FHR E16 E17    LEN       MAX         MIN      EXAMPLE
  46    1   1   1   4 100   85000  2021  3 23 12   0   3   2  259920     100.00       1.70      54.20
 
    
  variable has member           3
    
    
  Combined Ensemble Data Example at Point 8601 
    53.9    54.3    54.2
    
 ens_avg(8601)=    54.13333    
 ens_spr(8601)=   0.2081656    
    
 ----- Output ensemble average and spread for Current Time ------
    
 gfldo%idrtmpl(3)=           1
 -----  Ensemble Average for Current Time ------
 REC PDTN PD1 PD2 PD3 PD10   PD12  YEAR MN DY HR FHR E16 E17    LEN       MAX         MIN      EXAMPLE
  46    2   1   1   4 100   85000  2021  3 23 12   0   0   3  259920     100.00       1.70      54.13
 
 -----  Ensemble Spread for Current Time ------
 REC PDTN PD1 PD2 PD3 PD10   PD12  YEAR MN DY HR FHR E16 E17    LEN       MAX         MIN      EXAMPLE
  46    2   1   1   4 100   85000  2021  3 23 12   0   2   3  259920       7.56       0.00       0.21
 
 ----- Start Read Ensemble Forecast ------
    
 REC PDTN PD1 PD2 PD3 PD10   PD12  YEAR MN DY HR FHR E16 E17    LEN       MAX         MIN      EXAMPLE
  47    1   2   8   4 100   85000  2021  3 23 12   0   3   0  259920       0.51      -0.77      -0.18
 
 ----- Ensemble Forecast for Member ------
    
 REC PDTN PD1 PD2 PD3 PD10   PD12  YEAR MN DY HR FHR E16 E17    LEN       MAX         MIN      EXAMPLE
  47    1   2   8   4 100   85000  2021  3 23 12   0   3   1  259920       0.51      -0.77      -0.18
 
 REC PDTN PD1 PD2 PD3 PD10   PD12  YEAR MN DY HR FHR E16 E17    LEN       MAX         MIN      EXAMPLE
  47    1   2   8   4 100   85000  2021  3 23 12   0   3   2  259920       0.51      -0.77      -0.18
 
    
  variable has member           3
    
    
  Combined Ensemble Data Example at Point 8601 
    -0.2    -0.2    -0.2
    
 ens_avg(8601)=  -0.1823850    
 ens_spr(8601)=   0.0000000E+00
    
 ----- Output ensemble average and spread for Current Time ------
    
 gfldo%idrtmpl(3)=           4
 -----  Ensemble Average for Current Time ------
 REC PDTN PD1 PD2 PD3 PD10   PD12  YEAR MN DY HR FHR E16 E17    LEN       MAX         MIN      EXAMPLE
  47    2   2   8   4 100   85000  2021  3 23 12   0   0   3  259920       0.51      -0.77      -0.18
 
 -----  Ensemble Spread for Current Time ------
 REC PDTN PD1 PD2 PD3 PD10   PD12  YEAR MN DY HR FHR E16 E17    LEN       MAX         MIN      EXAMPLE
  47    2   2   8   4 100   85000  2021  3 23 12   0   2   3  259920       0.00       0.00       0.00
 
 ----- Start Read Ensemble Forecast ------
    
 REC PDTN PD1 PD2 PD3 PD10   PD12  YEAR MN DY HR FHR E16 E17    LEN       MAX         MIN      EXAMPLE
  48    1   2   2   4 100   85000  2021  3 23 12   0   3   0  259920      31.19     -21.37      -5.00
 
 ----- Ensemble Forecast for Member ------
    
 REC PDTN PD1 PD2 PD3 PD10   PD12  YEAR MN DY HR FHR E16 E17    LEN       MAX         MIN      EXAMPLE
  48    1   2   2   4 100   85000  2021  3 23 12   0   3   1  259920      31.18     -21.45      -4.97
 
 REC PDTN PD1 PD2 PD3 PD10   PD12  YEAR MN DY HR FHR E16 E17    LEN       MAX         MIN      EXAMPLE
  48    1   2   2   4 100   85000  2021  3 23 12   0   3   2  259920      31.25     -21.33      -5.00
 
    
  variable has member           3
    
    
  Combined Ensemble Data Example at Point 8601 
    -5.0    -5.0    -5.0
    
 ens_avg(8601)=   -4.989664    
 ens_spr(8601)=   1.8643241E-02
    
 ----- Output ensemble average and spread for Current Time ------
    
 gfldo%idrtmpl(3)=           2
 -----  Ensemble Average for Current Time ------
 REC PDTN PD1 PD2 PD3 PD10   PD12  YEAR MN DY HR FHR E16 E17    LEN       MAX         MIN      EXAMPLE
  48    2   2   2   4 100   85000  2021  3 23 12   0   0   3  259920      31.21     -21.38      -4.99
 
 -----  Ensemble Spread for Current Time ------
 REC PDTN PD1 PD2 PD3 PD10   PD12  YEAR MN DY HR FHR E16 E17    LEN       MAX         MIN      EXAMPLE
  48    2   2   2   4 100   85000  2021  3 23 12   0   2   3  259920       0.44       0.00       0.02
 
 ----- Start Read Ensemble Forecast ------
    
 REC PDTN PD1 PD2 PD3 PD10   PD12  YEAR MN DY HR FHR E16 E17    LEN       MAX         MIN      EXAMPLE
  49    1   2   3   4 100   85000  2021  3 23 12   0   3   0  259920      28.35     -21.36     -14.66
 
 ----- Ensemble Forecast for Member ------
    
 REC PDTN PD1 PD2 PD3 PD10   PD12  YEAR MN DY HR FHR E16 E17    LEN       MAX         MIN      EXAMPLE
  49    1   2   3   4 100   85000  2021  3 23 12   0   3   1  259920      28.40     -21.35     -14.67
 
 REC PDTN PD1 PD2 PD3 PD10   PD12  YEAR MN DY HR FHR E16 E17    LEN       MAX         MIN      EXAMPLE
  49    1   2   3   4 100   85000  2021  3 23 12   0   3   2  259920      28.37     -21.37     -14.64
 
    
  variable has member           3
    
    
  Combined Ensemble Data Example at Point 8601 
   -14.7   -14.7   -14.6
    
 ens_avg(8601)=   -14.65366    
 ens_spr(8601)=   1.5456448E-02
    
 ----- Output ensemble average and spread for Current Time ------
    
 gfldo%idrtmpl(3)=           2
 -----  Ensemble Average for Current Time ------
 REC PDTN PD1 PD2 PD3 PD10   PD12  YEAR MN DY HR FHR E16 E17    LEN       MAX         MIN      EXAMPLE
  49    2   2   3   4 100   85000  2021  3 23 12   0   0   3  259920      28.38     -21.36     -14.65
 
 -----  Ensemble Spread for Current Time ------
 REC PDTN PD1 PD2 PD3 PD10   PD12  YEAR MN DY HR FHR E16 E17    LEN       MAX         MIN      EXAMPLE
  49    2   2   3   4 100   85000  2021  3 23 12   0   2   3  259920       0.19       0.00       0.02
 
 ----- Start Read Ensemble Forecast ------
    
 REC PDTN PD1 PD2 PD3 PD10   PD12  YEAR MN DY HR FHR E16 E17    LEN       MAX         MIN      EXAMPLE
  50    1   3   5   4 100   92500  2021  3 23 12   0   3   0  259920     981.10     154.38     606.00
 
 ----- Ensemble Forecast for Member ------
    
 REC PDTN PD1 PD2 PD3 PD10   PD12  YEAR MN DY HR FHR E16 E17    LEN       MAX         MIN      EXAMPLE
  50    1   3   5   4 100   92500  2021  3 23 12   0   3   1  259920     981.10     154.40     606.00
 
 REC PDTN PD1 PD2 PD3 PD10   PD12  YEAR MN DY HR FHR E16 E17    LEN       MAX         MIN      EXAMPLE
  50    1   3   5   4 100   92500  2021  3 23 12   0   3   2  259920     981.10     154.38     606.02
 
    
  variable has member           3
    
    
  Combined Ensemble Data Example at Point 8601 
   606.0   606.0   606.0
    
 ens_avg(8601)=    606.0044    
 ens_spr(8601)=   1.0046728E-02
    
 ----- Output ensemble average and spread for Current Time ------
    
 gfldo%idrtmpl(3)=           3
 -----  Ensemble Average for Current Time ------
 REC PDTN PD1 PD2 PD3 PD10   PD12  YEAR MN DY HR FHR E16 E17    LEN       MAX         MIN      EXAMPLE
  50    2   3   5   4 100   92500  2021  3 23 12   0   0   3  259920     981.10     154.39     606.00
 
 -----  Ensemble Spread for Current Time ------
 REC PDTN PD1 PD2 PD3 PD10   PD12  YEAR MN DY HR FHR E16 E17    LEN       MAX         MIN      EXAMPLE
  50    2   3   5   4 100   92500  2021  3 23 12   0   2   3  259920       1.12       0.00       0.01
 
 ----- Start Read Ensemble Forecast ------
    
 REC PDTN PD1 PD2 PD3 PD10   PD12  YEAR MN DY HR FHR E16 E17    LEN       MAX         MIN      EXAMPLE
  51    1   0   0   4 100   92500  2021  3 23 12   0   3   0  259920     323.05     237.15     249.15
 
 ----- Ensemble Forecast for Member ------
    
 REC PDTN PD1 PD2 PD3 PD10   PD12  YEAR MN DY HR FHR E16 E17    LEN       MAX         MIN      EXAMPLE
  51    1   0   0   4 100   92500  2021  3 23 12   0   3   1  259920     323.05     237.15     249.15
 
 REC PDTN PD1 PD2 PD3 PD10   PD12  YEAR MN DY HR FHR E16 E17    LEN       MAX         MIN      EXAMPLE
  51    1   0   0   4 100   92500  2021  3 23 12   0   3   2  259920     323.05     237.15     249.15
 
    
  variable has member           3
    
    
  Combined Ensemble Data Example at Point 8601 
   249.1   249.1   249.1
    
 ens_avg(8601)=    249.1451    
 ens_spr(8601)=   1.8688124E-05
    
 ----- Output ensemble average and spread for Current Time ------
    
 gfldo%idrtmpl(3)=           1
 -----  Ensemble Average for Current Time ------
 REC PDTN PD1 PD2 PD3 PD10   PD12  YEAR MN DY HR FHR E16 E17    LEN       MAX         MIN      EXAMPLE
  51    2   0   0   4 100   92500  2021  3 23 12   0   0   3  259920     323.05     237.15     249.15
 
 -----  Ensemble Spread for Current Time ------
 REC PDTN PD1 PD2 PD3 PD10   PD12  YEAR MN DY HR FHR E16 E17    LEN       MAX         MIN      EXAMPLE
  51    2   0   0   4 100   92500  2021  3 23 12   0   2   3  259920       1.49       0.00       0.00
 
 ----- Start Read Ensemble Forecast ------
    
 REC PDTN PD1 PD2 PD3 PD10   PD12  YEAR MN DY HR FHR E16 E17    LEN       MAX         MIN      EXAMPLE
  52    1   1   1   4 100   92500  2021  3 23 12   0   3   0  259920     100.00       4.00      52.10
 
 ----- Ensemble Forecast for Member ------
    
 REC PDTN PD1 PD2 PD3 PD10   PD12  YEAR MN DY HR FHR E16 E17    LEN       MAX         MIN      EXAMPLE
  52    1   1   1   4 100   92500  2021  3 23 12   0   3   1  259920     100.00       4.00      52.60
 
 REC PDTN PD1 PD2 PD3 PD10   PD12  YEAR MN DY HR FHR E16 E17    LEN       MAX         MIN      EXAMPLE
  52    1   1   1   4 100   92500  2021  3 23 12   0   3   2  259920     100.00       4.00      52.40
 
    
  variable has member           3
    
    
  Combined Ensemble Data Example at Point 8601 
    52.1    52.6    52.4
    
 ens_avg(8601)=    52.36667    
 ens_spr(8601)=   0.2516614    
    
 ----- Output ensemble average and spread for Current Time ------
    
 gfldo%idrtmpl(3)=           1
 -----  Ensemble Average for Current Time ------
 REC PDTN PD1 PD2 PD3 PD10   PD12  YEAR MN DY HR FHR E16 E17    LEN       MAX         MIN      EXAMPLE
  52    2   1   1   4 100   92500  2021  3 23 12   0   0   3  259920     100.00       4.00      52.37
 
 -----  Ensemble Spread for Current Time ------
 REC PDTN PD1 PD2 PD3 PD10   PD12  YEAR MN DY HR FHR E16 E17    LEN       MAX         MIN      EXAMPLE
  52    2   1   1   4 100   92500  2021  3 23 12   0   2   3  259920       4.40       0.00       0.25
 
 ----- Start Read Ensemble Forecast ------
    
 REC PDTN PD1 PD2 PD3 PD10   PD12  YEAR MN DY HR FHR E16 E17    LEN       MAX         MIN      EXAMPLE
  53    1   2   2   4 100   92500  2021  3 23 12   0   3   0  259920      30.23     -25.05      -3.93
 
 ----- Ensemble Forecast for Member ------
    
 REC PDTN PD1 PD2 PD3 PD10   PD12  YEAR MN DY HR FHR E16 E17    LEN       MAX         MIN      EXAMPLE
  53    1   2   2   4 100   92500  2021  3 23 12   0   3   1  259920      30.25     -25.14      -3.93
 
 REC PDTN PD1 PD2 PD3 PD10   PD12  YEAR MN DY HR FHR E16 E17    LEN       MAX         MIN      EXAMPLE
  53    1   2   2   4 100   92500  2021  3 23 12   0   3   2  259920      30.18     -25.02      -3.93
 
    
  variable has member           3
    
    
  Combined Ensemble Data Example at Point 8601 
    -3.9    -3.9    -3.9
    
 ens_avg(8601)=   -3.933065    
 ens_spr(8601)=   2.2755682E-03
    
 ----- Output ensemble average and spread for Current Time ------
    
 gfldo%idrtmpl(3)=           2
 -----  Ensemble Average for Current Time ------
 REC PDTN PD1 PD2 PD3 PD10   PD12  YEAR MN DY HR FHR E16 E17    LEN       MAX         MIN      EXAMPLE
  53    2   2   2   4 100   92500  2021  3 23 12   0   0   3  259920      30.22     -25.07      -3.93
 
 -----  Ensemble Spread for Current Time ------
 REC PDTN PD1 PD2 PD3 PD10   PD12  YEAR MN DY HR FHR E16 E17    LEN       MAX         MIN      EXAMPLE
  53    2   2   2   4 100   92500  2021  3 23 12   0   2   3  259920       0.23       0.00       0.00
 
 ----- Start Read Ensemble Forecast ------
    
 REC PDTN PD1 PD2 PD3 PD10   PD12  YEAR MN DY HR FHR E16 E17    LEN       MAX         MIN      EXAMPLE
  54    1   2   3   4 100   92500  2021  3 23 12   0   3   0  259920      30.56     -22.47     -16.06
 
 ----- Ensemble Forecast for Member ------
    
 REC PDTN PD1 PD2 PD3 PD10   PD12  YEAR MN DY HR FHR E16 E17    LEN       MAX         MIN      EXAMPLE
  54    1   2   3   4 100   92500  2021  3 23 12   0   3   1  259920      30.57     -22.45     -16.08
 
 REC PDTN PD1 PD2 PD3 PD10   PD12  YEAR MN DY HR FHR E16 E17    LEN       MAX         MIN      EXAMPLE
  54    1   2   3   4 100   92500  2021  3 23 12   0   3   2  259920      30.60     -22.41     -16.05
 
    
  variable has member           3
    
    
  Combined Ensemble Data Example at Point 8601 
   -16.1   -16.1   -16.1
    
 ens_avg(8601)=   -16.06405    
 ens_spr(8601)=   1.5724543E-02
    
 ----- Output ensemble average and spread for Current Time ------
    
 gfldo%idrtmpl(3)=           2
 -----  Ensemble Average for Current Time ------
 REC PDTN PD1 PD2 PD3 PD10   PD12  YEAR MN DY HR FHR E16 E17    LEN       MAX         MIN      EXAMPLE
  54    2   2   3   4 100   92500  2021  3 23 12   0   0   3  259920      30.58     -22.44     -16.06
 
 -----  Ensemble Spread for Current Time ------
 REC PDTN PD1 PD2 PD3 PD10   PD12  YEAR MN DY HR FHR E16 E17    LEN       MAX         MIN      EXAMPLE
  54    2   2   3   4 100   92500  2021  3 23 12   0   2   3  259920       0.14       0.00       0.02
 
 ----- Start Read Ensemble Forecast ------
    
 REC PDTN PD1 PD2 PD3 PD10   PD12  YEAR MN DY HR FHR E16 E17    LEN       MAX         MIN      EXAMPLE
  55    1   0   0   4 100  100000  2021  3 23 12   0   3   0  259920     327.42     235.92     242.72
 
 ----- Ensemble Forecast for Member ------
    
 REC PDTN PD1 PD2 PD3 PD10   PD12  YEAR MN DY HR FHR E16 E17    LEN       MAX         MIN      EXAMPLE
  55    1   0   0   4 100  100000  2021  3 23 12   0   3   1  259920     327.51     235.91     242.71
 
 REC PDTN PD1 PD2 PD3 PD10   PD12  YEAR MN DY HR FHR E16 E17    LEN       MAX         MIN      EXAMPLE
  55    1   0   0   4 100  100000  2021  3 23 12   0   3   2  259920     327.42     235.92     242.72
 
    
  variable has member           3
    
    
  Combined Ensemble Data Example at Point 8601 
   242.7   242.7   242.7
    
 ens_avg(8601)=    242.7172    
 ens_spr(8601)=   2.2552831E-03
    
 ----- Output ensemble average and spread for Current Time ------
    
 gfldo%idrtmpl(3)=           1
 -----  Ensemble Average for Current Time ------
 REC PDTN PD1 PD2 PD3 PD10   PD12  YEAR MN DY HR FHR E16 E17    LEN       MAX         MIN      EXAMPLE
  55    2   0   0   4 100  100000  2021  3 23 12   0   0   3  259920     327.45     235.92     242.72
 
 -----  Ensemble Spread for Current Time ------
 REC PDTN PD1 PD2 PD3 PD10   PD12  YEAR MN DY HR FHR E16 E17    LEN       MAX         MIN      EXAMPLE
  55    2   0   0   4 100  100000  2021  3 23 12   0   2   3  259920       1.55       0.00       0.00
 
 ----- Start Read Ensemble Forecast ------
    
 REC PDTN PD1 PD2 PD3 PD10   PD12  YEAR MN DY HR FHR E16 E17    LEN       MAX         MIN      EXAMPLE
  56    1   1   1   4 100  100000  2021  3 23 12   0   3   0  259920     100.00       3.30      74.30
 
 ----- Ensemble Forecast for Member ------
    
 REC PDTN PD1 PD2 PD3 PD10   PD12  YEAR MN DY HR FHR E16 E17    LEN       MAX         MIN      EXAMPLE
  56    1   1   1   4 100  100000  2021  3 23 12   0   3   1  259920     100.00       3.30      74.30
 
 REC PDTN PD1 PD2 PD3 PD10   PD12  YEAR MN DY HR FHR E16 E17    LEN       MAX         MIN      EXAMPLE
  56    1   1   1   4 100  100000  2021  3 23 12   0   3   2  259920     100.00       3.30      74.30
 
    
  variable has member           3
    
    
  Combined Ensemble Data Example at Point 8601 
    74.3    74.3    74.3
    
 ens_avg(8601)=    74.30000    
 ens_spr(8601)=   0.0000000E+00
    
 ----- Output ensemble average and spread for Current Time ------
    
 gfldo%idrtmpl(3)=           1
 -----  Ensemble Average for Current Time ------
 REC PDTN PD1 PD2 PD3 PD10   PD12  YEAR MN DY HR FHR E16 E17    LEN       MAX         MIN      EXAMPLE
  56    2   1   1   4 100  100000  2021  3 23 12   0   0   3  259920     100.00       3.30      74.30
 
 -----  Ensemble Spread for Current Time ------
 REC PDTN PD1 PD2 PD3 PD10   PD12  YEAR MN DY HR FHR E16 E17    LEN       MAX         MIN      EXAMPLE
  56    2   1   1   4 100  100000  2021  3 23 12   0   2   3  259920       9.70       0.00       0.00
 
 ----- Start Read Ensemble Forecast ------
    
 REC PDTN PD1 PD2 PD3 PD10   PD12  YEAR MN DY HR FHR E16 E17    LEN       MAX         MIN      EXAMPLE
  57    1   2   2   4 100  100000  2021  3 23 12   0   3   0  259920      17.33     -19.11       2.59
 
 ----- Ensemble Forecast for Member ------
    
 REC PDTN PD1 PD2 PD3 PD10   PD12  YEAR MN DY HR FHR E16 E17    LEN       MAX         MIN      EXAMPLE
  57    1   2   2   4 100  100000  2021  3 23 12   0   3   1  259920      17.37     -19.15       2.59
 
 REC PDTN PD1 PD2 PD3 PD10   PD12  YEAR MN DY HR FHR E16 E17    LEN       MAX         MIN      EXAMPLE
  57    1   2   2   4 100  100000  2021  3 23 12   0   3   2  259920      17.31     -19.06       2.56
 
    
  variable has member           3
    
    
  Combined Ensemble Data Example at Point 8601 
     2.6     2.6     2.6
    
 ens_avg(8601)=    2.581470    
 ens_spr(8601)=   1.6393807E-02
    
 ----- Output ensemble average and spread for Current Time ------
    
 gfldo%idrtmpl(3)=           2
 -----  Ensemble Average for Current Time ------
 REC PDTN PD1 PD2 PD3 PD10   PD12  YEAR MN DY HR FHR E16 E17    LEN       MAX         MIN      EXAMPLE
  57    2   2   2   4 100  100000  2021  3 23 12   0   0   3  259920      17.34     -19.11       2.58
 
 -----  Ensemble Spread for Current Time ------
 REC PDTN PD1 PD2 PD3 PD10   PD12  YEAR MN DY HR FHR E16 E17    LEN       MAX         MIN      EXAMPLE
  57    2   2   2   4 100  100000  2021  3 23 12   0   2   3  259920       0.10       0.00       0.02
 
 ----- Start Read Ensemble Forecast ------
    
 REC PDTN PD1 PD2 PD3 PD10   PD12  YEAR MN DY HR FHR E16 E17    LEN       MAX         MIN      EXAMPLE
  58    1   2   3   4 100  100000  2021  3 23 12   0   3   0  259920      24.42     -19.85      -8.41
 
 ----- Ensemble Forecast for Member ------
    
 REC PDTN PD1 PD2 PD3 PD10   PD12  YEAR MN DY HR FHR E16 E17    LEN       MAX         MIN      EXAMPLE
  58    1   2   3   4 100  100000  2021  3 23 12   0   3   1  259920      24.47     -19.84      -8.43
 
 REC PDTN PD1 PD2 PD3 PD10   PD12  YEAR MN DY HR FHR E16 E17    LEN       MAX         MIN      EXAMPLE
  58    1   2   3   4 100  100000  2021  3 23 12   0   3   2  259920      24.51     -19.84      -8.39
 
    
  variable has member           3
    
    
  Combined Ensemble Data Example at Point 8601 
    -8.4    -8.4    -8.4
    
 ens_avg(8601)=   -8.410874    
 ens_spr(8601)=   2.0535396E-02
    
 ----- Output ensemble average and spread for Current Time ------
    
 gfldo%idrtmpl(3)=           2
 -----  Ensemble Average for Current Time ------
 REC PDTN PD1 PD2 PD3 PD10   PD12  YEAR MN DY HR FHR E16 E17    LEN       MAX         MIN      EXAMPLE
  58    2   2   3   4 100  100000  2021  3 23 12   0   0   3  259920      24.47     -19.84      -8.41
 
 -----  Ensemble Spread for Current Time ------
 REC PDTN PD1 PD2 PD3 PD10   PD12  YEAR MN DY HR FHR E16 E17    LEN       MAX         MIN      EXAMPLE
  58    2   2   3   4 100  100000  2021  3 23 12   0   2   3  259920       0.10       0.00       0.02
 
 ----- Start Read Ensemble Forecast ------
    
 REC PDTN PD1 PD2 PD3 PD10   PD12  YEAR MN DY HR FHR E16 E17    LEN       MAX         MIN      EXAMPLE
  59    1   3 192   4 101       0  2021  3 23 12   0   3   0  259920  104103.79   94325.07  100649.87
 
 ----- Ensemble Forecast for Member ------
    
 REC PDTN PD1 PD2 PD3 PD10   PD12  YEAR MN DY HR FHR E16 E17    LEN       MAX         MIN      EXAMPLE
  59    1   3 192   4 101       0  2021  3 23 12   0   3   1  259920  104101.67   94325.19  100649.83
 
 REC PDTN PD1 PD2 PD3 PD10   PD12  YEAR MN DY HR FHR E16 E17    LEN       MAX         MIN      EXAMPLE
  59    1   3 192   4 101       0  2021  3 23 12   0   3   2  259920  104105.34   94325.02  100649.82
 
    
  variable has member           3
    
    
  Combined Ensemble Data Example at Point 8601 
100649.9100649.8100649.8
    
 ens_avg(8601)=    100649.8    
 ens_spr(8601)=   2.5911132E-02
    
 ----- Output ensemble average and spread for Current Time ------
    
 gfldo%idrtmpl(3)=           2
 -----  Ensemble Average for Current Time ------
 REC PDTN PD1 PD2 PD3 PD10   PD12  YEAR MN DY HR FHR E16 E17    LEN       MAX         MIN      EXAMPLE
  59    2   3 192   4 101       0  2021  3 23 12   0   0   3  259920  104103.61   94325.09  100649.84
 
 -----  Ensemble Spread for Current Time ------
 REC PDTN PD1 PD2 PD3 PD10   PD12  YEAR MN DY HR FHR E16 E17    LEN       MAX         MIN      EXAMPLE
  59    2   3 192   4 101       0  2021  3 23 12   0   2   3  259920       9.61       0.03       0.03
 
 ----- Start Read Ensemble Forecast ------
    
 REC PDTN PD1 PD2 PD3 PD10   PD12  YEAR MN DY HR FHR E16 E17    LEN       MAX         MIN      EXAMPLE
  60    1   3   5   4 100  100000  2021  3 23 12   0   3   0  259920     434.90    -463.10      46.03
 
 ----- Ensemble Forecast for Member ------
    
 REC PDTN PD1 PD2 PD3 PD10   PD12  YEAR MN DY HR FHR E16 E17    LEN       MAX         MIN      EXAMPLE
  60    1   3   5   4 100  100000  2021  3 23 12   0   3   1  259920     434.89    -463.09      46.03
 
 REC PDTN PD1 PD2 PD3 PD10   PD12  YEAR MN DY HR FHR E16 E17    LEN       MAX         MIN      EXAMPLE
  60    1   3   5   4 100  100000  2021  3 23 12   0   3   2  259920     434.90    -463.10      46.03
 
    
  variable has member           3
    
    
  Combined Ensemble Data Example at Point 8601 
    46.0    46.0    46.0
    
 ens_avg(8601)=    46.03082    
 ens_spr(8601)=   2.1133597E-03
    
 ----- Output ensemble average and spread for Current Time ------
    
 gfldo%idrtmpl(3)=           3
 -----  Ensemble Average for Current Time ------
 REC PDTN PD1 PD2 PD3 PD10   PD12  YEAR MN DY HR FHR E16 E17    LEN       MAX         MIN      EXAMPLE
  60    2   3   5   4 100  100000  2021  3 23 12   0   0   3  259920     434.89    -463.10      46.03
 
 -----  Ensemble Spread for Current Time ------
 REC PDTN PD1 PD2 PD3 PD10   PD12  YEAR MN DY HR FHR E16 E17    LEN       MAX         MIN      EXAMPLE
  60    2   3   5   4 100  100000  2021  3 23 12   0   2   3  259920       2.11       0.00       0.00
 
 ----- Start Read Ensemble Forecast ------
    
 REC PDTN PD1 PD2 PD3 PD10   PD12  YEAR MN DY HR FHR E16 E17    LEN       MAX         MIN      EXAMPLE
  61    1   3   0   4   1       0  2021  3 23 12   0   3   0  259920  103894.20   54132.59   99582.19
 
 ----- Ensemble Forecast for Member ------
    
 REC PDTN PD1 PD2 PD3 PD10   PD12  YEAR MN DY HR FHR E16 E17    LEN       MAX         MIN      EXAMPLE
  61    1   3   0   4   1       0  2021  3 23 12   0   3   1  259920  103894.20   54132.60   99582.20
 
 REC PDTN PD1 PD2 PD3 PD10   PD12  YEAR MN DY HR FHR E16 E17    LEN       MAX         MIN      EXAMPLE
  61    1   3   0   4   1       0  2021  3 23 12   0   3   2  259920  103894.20   54132.60   99582.20
 
    
  variable has member           3
    
    
  Combined Ensemble Data Example at Point 8601 
 99582.2 99582.2 99582.2
    
 ens_avg(8601)=    99582.21    
 ens_spr(8601)=   1.3531647E-02
    
 ----- Output ensemble average and spread for Current Time ------
    
 gfldo%idrtmpl(3)=           1
 -----  Ensemble Average for Current Time ------
 REC PDTN PD1 PD2 PD3 PD10   PD12  YEAR MN DY HR FHR E16 E17    LEN       MAX         MIN      EXAMPLE
  61    2   3   0   4   1       0  2021  3 23 12   0   0   3  259920  103894.20   54132.60   99582.21
 
 -----  Ensemble Spread for Current Time ------
 REC PDTN PD1 PD2 PD3 PD10   PD12  YEAR MN DY HR FHR E16 E17    LEN       MAX         MIN      EXAMPLE
  61    2   3   0   4   1       0  2021  3 23 12   0   2   3  259920       4.41       0.00       0.01
 
 ----- Start Read Ensemble Forecast ------
    
 REC PDTN PD1 PD2 PD3 PD10   PD12  YEAR MN DY HR FHR E16 E17    LEN       MAX         MIN      EXAMPLE
  62    1   3   5   4   1       0  2021  3 23 12   0   3   0  259920    5128.38     -26.98      77.50
 
 ----- Ensemble Forecast for Member ------
    
 REC PDTN PD1 PD2 PD3 PD10   PD12  YEAR MN DY HR FHR E16 E17    LEN       MAX         MIN      EXAMPLE
  62    1   3   5   4   1       0  2021  3 23 12   0   3   1  259920    5128.38     -26.98      77.50
 
 REC PDTN PD1 PD2 PD3 PD10   PD12  YEAR MN DY HR FHR E16 E17    LEN       MAX         MIN      EXAMPLE
  62    1   3   5   4   1       0  2021  3 23 12   0   3   2  259920    5128.38     -26.98      77.50
 
    
  variable has member           3
    
    
  Combined Ensemble Data Example at Point 8601 
    77.5    77.5    77.5
    
 ens_avg(8601)=    77.50030    
 ens_spr(8601)=   0.0000000E+00
    
 ----- Output ensemble average and spread for Current Time ------
    
 gfldo%idrtmpl(3)=           2
 -----  Ensemble Average for Current Time ------
 REC PDTN PD1 PD2 PD3 PD10   PD12  YEAR MN DY HR FHR E16 E17    LEN       MAX         MIN      EXAMPLE
  62    2   3   5   4   1       0  2021  3 23 12   0   0   3  259920    5128.38     -26.98      77.50
 
 -----  Ensemble Spread for Current Time ------
 REC PDTN PD1 PD2 PD3 PD10   PD12  YEAR MN DY HR FHR E16 E17    LEN       MAX         MIN      EXAMPLE
  62    2   3   5   4   1       0  2021  3 23 12   0   2   3  259920       0.00       0.00       0.00
 
 ----- Start Read Ensemble Forecast ------
    
 REC PDTN PD1 PD2 PD3 PD10   PD12  YEAR MN DY HR FHR E16 E17    LEN       MAX         MIN      EXAMPLE
  63    1   0   2   4 106       0  2021  3 23 12   0   3   0  138028     320.95       0.00     254.95
 
 ----- Ensemble Forecast for Member ------
    
 REC PDTN PD1 PD2 PD3 PD10   PD12  YEAR MN DY HR FHR E16 E17    LEN       MAX         MIN      EXAMPLE
  63    1   0   2   4 106       0  2021  3 23 12   0   3   1  138028     320.95       0.00     254.95
 
 REC PDTN PD1 PD2 PD3 PD10   PD12  YEAR MN DY HR FHR E16 E17    LEN       MAX         MIN      EXAMPLE
  63    1   0   2   4 106       0  2021  3 23 12   0   3   2  138028     320.95       0.00     254.95
 
    
  variable has member           3
    
    
  Combined Ensemble Data Example at Point 8601 
   254.9   254.9   254.9
    
 ens_avg(8601)=    254.9492    
 ens_spr(8601)=   1.8688124E-05
    
 ----- Output ensemble average and spread for Current Time ------
    
 gfldo%idrtmpl(3)=           1
 -----  Ensemble Average for Current Time ------
 REC PDTN PD1 PD2 PD3 PD10   PD12  YEAR MN DY HR FHR E16 E17    LEN       MAX         MIN      EXAMPLE
  63    2   0   2   4 106       0  2021  3 23 12   0   0   3  138028     320.95       0.00     254.95
 
 -----  Ensemble Spread for Current Time ------
 REC PDTN PD1 PD2 PD3 PD10   PD12  YEAR MN DY HR FHR E16 E17    LEN       MAX         MIN      EXAMPLE
  63    2   0   2   4 106       0  2021  3 23 12   0   2   3  138028       0.21       0.00       0.00
 
 ----- Start Read Ensemble Forecast ------
    
 REC PDTN PD1 PD2 PD3 PD10   PD12  YEAR MN DY HR FHR E16 E17    LEN       MAX         MIN      EXAMPLE
  64    1   0 192   4 106       0  2021  3 23 12   0   3   0  102667       1.00       0.00       1.00
 
 ----- Ensemble Forecast for Member ------
    
 REC PDTN PD1 PD2 PD3 PD10   PD12  YEAR MN DY HR FHR E16 E17    LEN       MAX         MIN      EXAMPLE
  64    1   0 192   4 106       0  2021  3 23 12   0   3   1  102667       1.00       0.00       1.00
 
 REC PDTN PD1 PD2 PD3 PD10   PD12  YEAR MN DY HR FHR E16 E17    LEN       MAX         MIN      EXAMPLE
  64    1   0 192   4 106       0  2021  3 23 12   0   3   2  102667       1.00       0.00       1.00
 
    
  variable has member           3
    
    
  Combined Ensemble Data Example at Point 8601 
     1.0     1.0     1.0
    
 ens_avg(8601)=   0.9997517    
 ens_spr(8601)=   7.3000486E-08
    
 ----- Output ensemble average and spread for Current Time ------
    
 gfldo%idrtmpl(3)=           3
 -----  Ensemble Average for Current Time ------
 REC PDTN PD1 PD2 PD3 PD10   PD12  YEAR MN DY HR FHR E16 E17    LEN       MAX         MIN      EXAMPLE
  64    2   0 192   4 106       0  2021  3 23 12   0   0   3  102667       1.00       0.00       1.00
 
 -----  Ensemble Spread for Current Time ------
 REC PDTN PD1 PD2 PD3 PD10   PD12  YEAR MN DY HR FHR E16 E17    LEN       MAX         MIN      EXAMPLE
  64    2   0 192   4 106       0  2021  3 23 12   0   2   3  102667       0.00       0.00       0.00
 
 ----- Start Read Ensemble Forecast ------
    
 REC PDTN PD1 PD2 PD3 PD10   PD12  YEAR MN DY HR FHR E16 E17    LEN       MAX         MIN      EXAMPLE
  65    1   1  13   4   1       0  2021  3 23 12   0   3   0  138028     173.00       0.00     115.00
 
 ----- Ensemble Forecast for Member ------
    
 REC PDTN PD1 PD2 PD3 PD10   PD12  YEAR MN DY HR FHR E16 E17    LEN       MAX         MIN      EXAMPLE
  65    1   1  13   4   1       0  2021  3 23 12   0   3   1  138028     173.00       0.00     115.00
 
 REC PDTN PD1 PD2 PD3 PD10   PD12  YEAR MN DY HR FHR E16 E17    LEN       MAX         MIN      EXAMPLE
  65    1   1  13   4   1       0  2021  3 23 12   0   3   2  138028     173.00       0.00     115.00
 
    
  variable has member           3
    
    
  Combined Ensemble Data Example at Point 8601 
   115.0   115.0   115.0
    
 ens_avg(8601)=    115.0000    
 ens_spr(8601)=   9.3440622E-06
    
 ----- Output ensemble average and spread for Current Time ------
    
 gfldo%idrtmpl(3)=           0
 -----  Ensemble Average for Current Time ------
 REC PDTN PD1 PD2 PD3 PD10   PD12  YEAR MN DY HR FHR E16 E17    LEN       MAX         MIN      EXAMPLE
  65    2   1  13   4   1       0  2021  3 23 12   0   0   3  138028     173.00       0.00     115.00
 
 -----  Ensemble Spread for Current Time ------
 REC PDTN PD1 PD2 PD3 PD10   PD12  YEAR MN DY HR FHR E16 E17    LEN       MAX         MIN      EXAMPLE
  65    2   1  13   4   1       0  2021  3 23 12   0   2   3  138028       0.00       0.00       0.00
 
 ----- Start Read Ensemble Forecast ------
    
 REC PDTN PD1 PD2 PD3 PD10   PD12  YEAR MN DY HR FHR E16 E17    LEN       MAX         MIN      EXAMPLE
  66    1   1  11   4   1       0  2021  3 23 12   0   3   0  138028       1.22       0.00       0.55
 
 ----- Ensemble Forecast for Member ------
    
 REC PDTN PD1 PD2 PD3 PD10   PD12  YEAR MN DY HR FHR E16 E17    LEN       MAX         MIN      EXAMPLE
  66    1   1  11   4   1       0  2021  3 23 12   0   3   1  138028       1.22       0.00       0.55
 
 REC PDTN PD1 PD2 PD3 PD10   PD12  YEAR MN DY HR FHR E16 E17    LEN       MAX         MIN      EXAMPLE
  66    1   1  11   4   1       0  2021  3 23 12   0   3   2  138028       1.22       0.00       0.55
 
    
  variable has member           3
    
    
  Combined Ensemble Data Example at Point 8601 
     0.6     0.6     0.6
    
 ens_avg(8601)=   0.5500000    
 ens_spr(8601)=   0.0000000E+00
    
 ----- Output ensemble average and spread for Current Time ------
    
 gfldo%idrtmpl(3)=           2
 -----  Ensemble Average for Current Time ------
 REC PDTN PD1 PD2 PD3 PD10   PD12  YEAR MN DY HR FHR E16 E17    LEN       MAX         MIN      EXAMPLE
  66    2   1  11   4   1       0  2021  3 23 12   0   0   3  138028       1.22       0.00       0.55
 
 -----  Ensemble Spread for Current Time ------
 REC PDTN PD1 PD2 PD3 PD10   PD12  YEAR MN DY HR FHR E16 E17    LEN       MAX         MIN      EXAMPLE
  66    2   1  11   4   1       0  2021  3 23 12   0   2   3  138028       0.01       0.00       0.00
 
 ----- Start Read Ensemble Forecast ------
    
 REC PDTN PD1 PD2 PD3 PD10   PD12  YEAR MN DY HR FHR E16 E17    LEN       MAX         MIN      EXAMPLE
  67    1   1 200   4   1       0  2021  3 23 12   0   3   0  138028       0.00      -0.00       0.00
 
 ----- Ensemble Forecast for Member ------
    
 REC PDTN PD1 PD2 PD3 PD10   PD12  YEAR MN DY HR FHR E16 E17    LEN       MAX         MIN      EXAMPLE
  67    1   1 200   4   1       0  2021  3 23 12   0   3   1  138028       0.00      -0.00       0.00
 
 REC PDTN PD1 PD2 PD3 PD10   PD12  YEAR MN DY HR FHR E16 E17    LEN       MAX         MIN      EXAMPLE
  67    1   1 200   4   1       0  2021  3 23 12   0   3   2  138028       0.00      -0.00       0.00
 
    
  variable has member           3
    
    
  Combined Ensemble Data Example at Point 8601 
     0.0     0.0     0.0
    
 ens_avg(8601)=   1.3212240E-08
 ens_spr(8601)=   4.3533794E-09
    
 ----- Output ensemble average and spread for Current Time ------
    
 gfldo%idrtmpl(3)=           9
 -----  Ensemble Average for Current Time ------
 REC PDTN PD1 PD2 PD3 PD10   PD12  YEAR MN DY HR FHR E16 E17    LEN       MAX         MIN      EXAMPLE
  67    2   1 200   4   1       0  2021  3 23 12   0   0   3  138028       0.00      -0.00       0.00
 
 -----  Ensemble Spread for Current Time ------
 REC PDTN PD1 PD2 PD3 PD10   PD12  YEAR MN DY HR FHR E16 E17    LEN       MAX         MIN      EXAMPLE
  67    2   1 200   4   1       0  2021  3 23 12   0   2   3  138028       0.00       0.00       0.00
 
 ----- Start Read Ensemble Forecast ------
    
 REC PDTN PD1 PD2 PD3 PD10   PD12  YEAR MN DY HR FHR E16 E17    LEN       MAX         MIN      EXAMPLE
  68    1   2   1   4   1       0  2021  3 23 12   0   3   0  259920       3.06       0.00       2.00
 
 ----- Ensemble Forecast for Member ------
    
 REC PDTN PD1 PD2 PD3 PD10   PD12  YEAR MN DY HR FHR E16 E17    LEN       MAX         MIN      EXAMPLE
  68    1   2   1   4   1       0  2021  3 23 12   0   3   1  259920       3.06       0.00       2.00
 
 REC PDTN PD1 PD2 PD3 PD10   PD12  YEAR MN DY HR FHR E16 E17    LEN       MAX         MIN      EXAMPLE
  68    1   2   1   4   1       0  2021  3 23 12   0   3   2  259920       3.06       0.00       2.00
 
    
  variable has member           3
    
    
  Combined Ensemble Data Example at Point 8601 
     2.0     2.0     2.0
    
 ens_avg(8601)=    2.000000    
 ens_spr(8601)=   0.0000000E+00
    
 ----- Output ensemble average and spread for Current Time ------
    
 gfldo%idrtmpl(3)=           2
 -----  Ensemble Average for Current Time ------
 REC PDTN PD1 PD2 PD3 PD10   PD12  YEAR MN DY HR FHR E16 E17    LEN       MAX         MIN      EXAMPLE
  68    2   2   1   4   1       0  2021  3 23 12   0   0   3  259920       3.06       0.00       2.00
 
 -----  Ensemble Spread for Current Time ------
 REC PDTN PD1 PD2 PD3 PD10   PD12  YEAR MN DY HR FHR E16 E17    LEN       MAX         MIN      EXAMPLE
  68    2   2   1   4   1       0  2021  3 23 12   0   2   3  259920       0.00       0.00       0.00
 
 ----- Start Read Ensemble Forecast ------
    
 REC PDTN PD1 PD2 PD3 PD10   PD12  YEAR MN DY HR FHR E16 E17    LEN       MAX         MIN      EXAMPLE
  69    1   0   0   4 103       2  2021  3 23 12   0   3   0  259920     314.18     218.61     241.89
 
 ----- Ensemble Forecast for Member ------
    
 REC PDTN PD1 PD2 PD3 PD10   PD12  YEAR MN DY HR FHR E16 E17    LEN       MAX         MIN      EXAMPLE
  69    1   0   0   4 103       2  2021  3 23 12   0   3   1  259920     314.18     218.61     241.90
 
 REC PDTN PD1 PD2 PD3 PD10   PD12  YEAR MN DY HR FHR E16 E17    LEN       MAX         MIN      EXAMPLE
  69    1   0   0   4 103       2  2021  3 23 12   0   3   2  259920     314.18     218.61     241.89
 
    
  variable has member           3
    
    
  Combined Ensemble Data Example at Point 8601 
   241.9   241.9   241.9
    
 ens_avg(8601)=    241.8893    
 ens_spr(8601)=   5.7703448E-03
    
 ----- Output ensemble average and spread for Current Time ------
    
 gfldo%idrtmpl(3)=           2
 -----  Ensemble Average for Current Time ------
 REC PDTN PD1 PD2 PD3 PD10   PD12  YEAR MN DY HR FHR E16 E17    LEN       MAX         MIN      EXAMPLE
  69    2   0   0   4 103       2  2021  3 23 12   0   0   3  259920     314.18     218.61     241.89
 
 -----  Ensemble Spread for Current Time ------
 REC PDTN PD1 PD2 PD3 PD10   PD12  YEAR MN DY HR FHR E16 E17    LEN       MAX         MIN      EXAMPLE
  69    2   0   0   4 103       2  2021  3 23 12   0   2   3  259920       0.40       0.00       0.01
 
 ----- Start Read Ensemble Forecast ------
    
 REC PDTN PD1 PD2 PD3 PD10   PD12  YEAR MN DY HR FHR E16 E17    LEN       MAX         MIN      EXAMPLE
  70    1   0   6   4 103       2  2021  3 23 12   0   3   0  259920     298.64     211.22     239.21
 
 ----- Ensemble Forecast for Member ------
    
 REC PDTN PD1 PD2 PD3 PD10   PD12  YEAR MN DY HR FHR E16 E17    LEN       MAX         MIN      EXAMPLE
  70    1   0   6   4 103       2  2021  3 23 12   0   3   1  259920     298.64     211.21     239.21
 
 REC PDTN PD1 PD2 PD3 PD10   PD12  YEAR MN DY HR FHR E16 E17    LEN       MAX         MIN      EXAMPLE
  70    1   0   6   4 103       2  2021  3 23 12   0   3   2  259920     298.64     211.22     239.21
 
    
  variable has member           3
    
    
  Combined Ensemble Data Example at Point 8601 
   239.2   239.2   239.2
    
 ens_avg(8601)=    239.2134    
 ens_spr(8601)=   1.4583524E-03
    
 ----- Output ensemble average and spread for Current Time ------
    
 gfldo%idrtmpl(3)=           2
 -----  Ensemble Average for Current Time ------
 REC PDTN PD1 PD2 PD3 PD10   PD12  YEAR MN DY HR FHR E16 E17    LEN       MAX         MIN      EXAMPLE
  70    2   0   6   4 103       2  2021  3 23 12   0   0   3  259920     298.64     211.22     239.21
 
 -----  Ensemble Spread for Current Time ------
 REC PDTN PD1 PD2 PD3 PD10   PD12  YEAR MN DY HR FHR E16 E17    LEN       MAX         MIN      EXAMPLE
  70    2   0   6   4 103       2  2021  3 23 12   0   2   3  259920       0.56       0.00       0.00
 
 ----- Start Read Ensemble Forecast ------
    
 REC PDTN PD1 PD2 PD3 PD10   PD12  YEAR MN DY HR FHR E16 E17    LEN       MAX         MIN      EXAMPLE
  71    1   1   1   4 103       2  2021  3 23 12   0   3   0  259920     100.00       6.30      78.90
 
 ----- Ensemble Forecast for Member ------
    
 REC PDTN PD1 PD2 PD3 PD10   PD12  YEAR MN DY HR FHR E16 E17    LEN       MAX         MIN      EXAMPLE
  71    1   1   1   4 103       2  2021  3 23 12   0   3   1  259920     100.00       6.30      78.80
 
 REC PDTN PD1 PD2 PD3 PD10   PD12  YEAR MN DY HR FHR E16 E17    LEN       MAX         MIN      EXAMPLE
  71    1   1   1   4 103       2  2021  3 23 12   0   3   2  259920     100.00       6.30      78.90
 
    
  variable has member           3
    
    
  Combined Ensemble Data Example at Point 8601 
    78.9    78.8    78.9
    
 ens_avg(8601)=    78.86667    
 ens_spr(8601)=   5.7734147E-02
    
 ----- Output ensemble average and spread for Current Time ------
    
 gfldo%idrtmpl(3)=           1
 -----  Ensemble Average for Current Time ------
 REC PDTN PD1 PD2 PD3 PD10   PD12  YEAR MN DY HR FHR E16 E17    LEN       MAX         MIN      EXAMPLE
  71    2   1   1   4 103       2  2021  3 23 12   0   0   3  259920     100.00       6.30      78.87
 
 -----  Ensemble Spread for Current Time ------
 REC PDTN PD1 PD2 PD3 PD10   PD12  YEAR MN DY HR FHR E16 E17    LEN       MAX         MIN      EXAMPLE
  71    2   1   1   4 103       2  2021  3 23 12   0   2   3  259920       3.50       0.00       0.06
 
 ----- Start Read Ensemble Forecast ------
    
 REC PDTN PD1 PD2 PD3 PD10   PD12  YEAR MN DY HR FHR  TR E16 E17    LEN       MAX         MIN      EXAMPLE
  72   11   0   4   4 103       2  2021  3 23 12   0   0   3   0  259920     314.18     218.61     241.89
 
 ----- Ensemble Forecast for Member ------
    
 REC PDTN PD1 PD2 PD3 PD10   PD12  YEAR MN DY HR FHR  TR E16 E17    LEN       MAX         MIN      EXAMPLE
  72   11   0   4   4 103       2  2021  3 23 12   0   0   3   1  259920     314.18     218.61     241.90
 
 REC PDTN PD1 PD2 PD3 PD10   PD12  YEAR MN DY HR FHR  TR E16 E17    LEN       MAX         MIN      EXAMPLE
  72   11   0   4   4 103       2  2021  3 23 12   0   0   3   2  259920     314.18     218.61     241.89
 
    
  variable has member           3
    
    
  Combined Ensemble Data Example at Point 8601 
   241.9   241.9   241.9
    
 ens_avg(8601)=    241.8893    
 ens_spr(8601)=   5.7703448E-03
    
 ----- Output ensemble average and spread for Current Time ------
    
 gfldo%idrtmpl(3)=           2
 -----  Ensemble Average for Current Time ------
 REC PDTN PD1 PD2 PD3 PD10   PD12  YEAR MN DY HR FHR  TR E16 E17    LEN       MAX         MIN      EXAMPLE
  72   12   0   4   4 103       2  2021  3 23 12   0 255   0   3  259920     314.18     218.61     241.89
 
 -----  Ensemble Spread for Current Time ------
 REC PDTN PD1 PD2 PD3 PD10   PD12  YEAR MN DY HR FHR  TR E16 E17    LEN       MAX         MIN      EXAMPLE
  72   12   0   4   4 103       2  2021  3 23 12   0 255   2   3  259920       0.40       0.00       0.01
 
 ----- Start Read Ensemble Forecast ------
    
 REC PDTN PD1 PD2 PD3 PD10   PD12  YEAR MN DY HR FHR  TR E16 E17    LEN       MAX         MIN      EXAMPLE
  73   11   0   5   4 103       2  2021  3 23 12   0   0   3   0  259920     314.18     218.61     241.89
 
 ----- Ensemble Forecast for Member ------
    
 REC PDTN PD1 PD2 PD3 PD10   PD12  YEAR MN DY HR FHR  TR E16 E17    LEN       MAX         MIN      EXAMPLE
  73   11   0   5   4 103       2  2021  3 23 12   0   0   3   1  259920     314.18     218.61     241.90
 
 REC PDTN PD1 PD2 PD3 PD10   PD12  YEAR MN DY HR FHR  TR E16 E17    LEN       MAX         MIN      EXAMPLE
  73   11   0   5   4 103       2  2021  3 23 12   0   0   3   2  259920     314.18     218.61     241.89
 
    
  variable has member           3
    
    
  Combined Ensemble Data Example at Point 8601 
   241.9   241.9   241.9
    
 ens_avg(8601)=    241.8893    
 ens_spr(8601)=   5.7703448E-03
    
 ----- Output ensemble average and spread for Current Time ------
    
 gfldo%idrtmpl(3)=           2
 -----  Ensemble Average for Current Time ------
 REC PDTN PD1 PD2 PD3 PD10   PD12  YEAR MN DY HR FHR  TR E16 E17    LEN       MAX         MIN      EXAMPLE
  73   12   0   5   4 103       2  2021  3 23 12   0 255   0   3  259920     314.18     218.61     241.89
 
 -----  Ensemble Spread for Current Time ------
 REC PDTN PD1 PD2 PD3 PD10   PD12  YEAR MN DY HR FHR  TR E16 E17    LEN       MAX         MIN      EXAMPLE
  73   12   0   5   4 103       2  2021  3 23 12   0 255   2   3  259920       0.40       0.00       0.01
 
 ----- Start Read Ensemble Forecast ------
    
 REC PDTN PD1 PD2 PD3 PD10   PD12  YEAR MN DY HR FHR E16 E17    LEN       MAX         MIN      EXAMPLE
  74    1   2   2   4 103      10  2021  3 23 12   0   3   0  259920      23.33     -18.60       4.63
 
 ----- Ensemble Forecast for Member ------
    
 REC PDTN PD1 PD2 PD3 PD10   PD12  YEAR MN DY HR FHR E16 E17    LEN       MAX         MIN      EXAMPLE
  74    1   2   2   4 103      10  2021  3 23 12   0   3   1  259920      23.33     -18.60       4.63
 
 REC PDTN PD1 PD2 PD3 PD10   PD12  YEAR MN DY HR FHR E16 E17    LEN       MAX         MIN      EXAMPLE
  74    1   2   2   4 103      10  2021  3 23 12   0   3   2  259920      23.33     -18.60       4.63
 
    
  variable has member           3
    
    
  Combined Ensemble Data Example at Point 8601 
     4.6     4.6     4.6
    
 ens_avg(8601)=    4.627684    
 ens_spr(8601)=   0.0000000E+00
    
 ----- Output ensemble average and spread for Current Time ------
    
 gfldo%idrtmpl(3)=           2
 -----  Ensemble Average for Current Time ------
 REC PDTN PD1 PD2 PD3 PD10   PD12  YEAR MN DY HR FHR E16 E17    LEN       MAX         MIN      EXAMPLE
  74    2   2   2   4 103      10  2021  3 23 12   0   0   3  259920      23.33     -18.60       4.63
 
 -----  Ensemble Spread for Current Time ------
 REC PDTN PD1 PD2 PD3 PD10   PD12  YEAR MN DY HR FHR E16 E17    LEN       MAX         MIN      EXAMPLE
  74    2   2   2   4 103      10  2021  3 23 12   0   2   3  259920       0.01       0.00       0.00
 
 ----- Start Read Ensemble Forecast ------
    
 REC PDTN PD1 PD2 PD3 PD10   PD12  YEAR MN DY HR FHR E16 E17    LEN       MAX         MIN      EXAMPLE
  75    1   2   3   4 103      10  2021  3 23 12   0   3   0  259920      20.98     -18.71     -11.45
 
 ----- Ensemble Forecast for Member ------
    
 REC PDTN PD1 PD2 PD3 PD10   PD12  YEAR MN DY HR FHR E16 E17    LEN       MAX         MIN      EXAMPLE
  75    1   2   3   4 103      10  2021  3 23 12   0   3   1  259920      20.98     -18.71     -11.45
 
 REC PDTN PD1 PD2 PD3 PD10   PD12  YEAR MN DY HR FHR E16 E17    LEN       MAX         MIN      EXAMPLE
  75    1   2   3   4 103      10  2021  3 23 12   0   3   2  259920      20.98     -18.71     -11.45
 
    
  variable has member           3
    
    
  Combined Ensemble Data Example at Point 8601 
   -11.5   -11.5   -11.5
    
 ens_avg(8601)=   -11.45046    
 ens_spr(8601)=   0.0000000E+00
    
 ----- Output ensemble average and spread for Current Time ------
    
 gfldo%idrtmpl(3)=           2
 -----  Ensemble Average for Current Time ------
 REC PDTN PD1 PD2 PD3 PD10   PD12  YEAR MN DY HR FHR E16 E17    LEN       MAX         MIN      EXAMPLE
  75    2   2   3   4 103      10  2021  3 23 12   0   0   3  259920      20.98     -18.71     -11.45
 
 -----  Ensemble Spread for Current Time ------
 REC PDTN PD1 PD2 PD3 PD10   PD12  YEAR MN DY HR FHR E16 E17    LEN       MAX         MIN      EXAMPLE
  75    2   2   3   4 103      10  2021  3 23 12   0   2   3  259920       0.01       0.00       0.00
 
 ----- Start Read Ensemble Forecast ------
    
 REC PDTN PD1 PD2 PD3 PD10   PD12  YEAR MN DY HR FHR E16 E17    LEN       MAX         MIN      EXAMPLE
  76    1   2   6   4 102      10  2021  3 23 12   0   3   0  259920       0.00       0.00       0.00
 
 ----- Ensemble Forecast for Member ------
    
 REC PDTN PD1 PD2 PD3 PD10   PD12  YEAR MN DY HR FHR E16 E17    LEN       MAX         MIN      EXAMPLE
  76    1   2   6   4 102      10  2021  3 23 12   0   3   1  259920       0.00       0.00       0.00
 
 REC PDTN PD1 PD2 PD3 PD10   PD12  YEAR MN DY HR FHR E16 E17    LEN       MAX         MIN      EXAMPLE
  76    1   2   6   4 102      10  2021  3 23 12   0   3   2  259920       0.00       0.00       0.00
 
    
  variable has member           3
    
    
  Combined Ensemble Data Example at Point 8601 
     0.0     0.0     0.0
    
 ens_avg(8601)=   0.0000000E+00
 ens_spr(8601)=   0.0000000E+00
    
 ----- Output ensemble average and spread for Current Time ------
    
 gfldo%idrtmpl(3)=           8
 -----  Ensemble Average for Current Time ------
 REC PDTN PD1 PD2 PD3 PD10   PD12  YEAR MN DY HR FHR E16 E17    LEN       MAX         MIN      EXAMPLE
  76    2   2   6   4 102      10  2021  3 23 12   0   0   3  259920       0.00       0.00       0.00
 
 -----  Ensemble Spread for Current Time ------
 REC PDTN PD1 PD2 PD3 PD10   PD12  YEAR MN DY HR FHR E16 E17    LEN       MAX         MIN      EXAMPLE
  76    2   2   6   4 102      10  2021  3 23 12   0   2   3  259920       0.00       0.00       0.00
 
 ----- Start Read Ensemble Forecast ------
    
 REC PDTN PD1 PD2 PD3 PD10   PD12  YEAR MN DY HR FHR E16 E17    LEN       MAX         MIN      EXAMPLE
  77    1   1  39   4   1       0  2021  3 23 12   0   3   0  259920     100.00     -50.00      98.30
 
 ----- Ensemble Forecast for Member ------
    
 REC PDTN PD1 PD2 PD3 PD10   PD12  YEAR MN DY HR FHR E16 E17    LEN       MAX         MIN      EXAMPLE
  77    1   1  39   4   1       0  2021  3 23 12   0   3   1  259920     100.00     -50.00      98.30
 
 REC PDTN PD1 PD2 PD3 PD10   PD12  YEAR MN DY HR FHR E16 E17    LEN       MAX         MIN      EXAMPLE
  77    1   1  39   4   1       0  2021  3 23 12   0   3   2  259920     100.00     -50.00      98.30
 
    
  variable has member           3
    
    
  Combined Ensemble Data Example at Point 8601 
    98.3    98.3    98.3
    
 ens_avg(8601)=    98.30001    
 ens_spr(8601)=   9.3440622E-06
    
 ----- Output ensemble average and spread for Current Time ------
    
 gfldo%idrtmpl(3)=           1
 -----  Ensemble Average for Current Time ------
 REC PDTN PD1 PD2 PD3 PD10   PD12  YEAR MN DY HR FHR E16 E17    LEN       MAX         MIN      EXAMPLE
  77    2   1  39   4   1       0  2021  3 23 12   0   0   3  259920     100.00     -50.00      98.30
 
 -----  Ensemble Spread for Current Time ------
 REC PDTN PD1 PD2 PD3 PD10   PD12  YEAR MN DY HR FHR E16 E17    LEN       MAX         MIN      EXAMPLE
  77    2   1  39   4   1       0  2021  3 23 12   0   2   3  259920      86.60       0.00       0.00
 
 ----- Start Read Ensemble Forecast ------
    
 REC PDTN PD1 PD2 PD3 PD10   PD12  YEAR MN DY HR FHR E16 E17    LEN       MAX         MIN      EXAMPLE
  78    1   7   6   4   1       0  2021  3 23 12   0   3   0  259920    6984.00       0.00       0.00
 
 ----- Ensemble Forecast for Member ------
    
 REC PDTN PD1 PD2 PD3 PD10   PD12  YEAR MN DY HR FHR E16 E17    LEN       MAX         MIN      EXAMPLE
  78    1   7   6   4   1       0  2021  3 23 12   0   3   1  259920    6974.00       0.00       0.00
 
 REC PDTN PD1 PD2 PD3 PD10   PD12  YEAR MN DY HR FHR E16 E17    LEN       MAX         MIN      EXAMPLE
  78    1   7   6   4   1       0  2021  3 23 12   0   3   2  259920    6979.00       0.00       0.00
 
    
  variable has member           3
    
    
  Combined Ensemble Data Example at Point 8601 
     0.0     0.0     0.0
    
 ens_avg(8601)=   0.0000000E+00
 ens_spr(8601)=   0.0000000E+00
    
 ----- Output ensemble average and spread for Current Time ------
    
 gfldo%idrtmpl(3)=           0
 -----  Ensemble Average for Current Time ------
 REC PDTN PD1 PD2 PD3 PD10   PD12  YEAR MN DY HR FHR E16 E17    LEN       MAX         MIN      EXAMPLE
  78    2   7   6   4   1       0  2021  3 23 12   0   0   3  259920    6979.00       0.00       0.00
 
 -----  Ensemble Spread for Current Time ------
 REC PDTN PD1 PD2 PD3 PD10   PD12  YEAR MN DY HR FHR E16 E17    LEN       MAX         MIN      EXAMPLE
  78    2   7   6   4   1       0  2021  3 23 12   0   2   3  259920     483.89       0.00       0.00
 
 ----- Start Read Ensemble Forecast ------
    
 REC PDTN PD1 PD2 PD3 PD10   PD12  YEAR MN DY HR FHR E16 E17    LEN       MAX         MIN      EXAMPLE
  79    1   7   7   4   1       0  2021  3 23 12   0   3   0  259920       0.05    -773.65       0.05
 
 ----- Ensemble Forecast for Member ------
    
 REC PDTN PD1 PD2 PD3 PD10   PD12  YEAR MN DY HR FHR E16 E17    LEN       MAX         MIN      EXAMPLE
  79    1   7   7   4   1       0  2021  3 23 12   0   3   1  259920       0.05    -773.75       0.05
 
 REC PDTN PD1 PD2 PD3 PD10   PD12  YEAR MN DY HR FHR E16 E17    LEN       MAX         MIN      EXAMPLE
  79    1   7   7   4   1       0  2021  3 23 12   0   3   2  259920       0.05    -773.65       0.05
 
    
  variable has member           3
    
    
  Combined Ensemble Data Example at Point 8601 
     0.0     0.0     0.0
    
 ens_avg(8601)=   4.6549484E-02
 ens_spr(8601)=   2.6499480E-03
    
 ----- Output ensemble average and spread for Current Time ------
    
 gfldo%idrtmpl(3)=           1
 -----  Ensemble Average for Current Time ------
 REC PDTN PD1 PD2 PD3 PD10   PD12  YEAR MN DY HR FHR E16 E17    LEN       MAX         MIN      EXAMPLE
  79    2   7   7   4   1       0  2021  3 23 12   0   0   3  259920       0.05    -773.69       0.05
 
 -----  Ensemble Spread for Current Time ------
 REC PDTN PD1 PD2 PD3 PD10   PD12  YEAR MN DY HR FHR E16 E17    LEN       MAX         MIN      EXAMPLE
  79    2   7   7   4   1       0  2021  3 23 12   0   2   3  259920     106.55       0.00       0.00
 
 ----- Start Read Ensemble Forecast ------
    
 REC PDTN PD1 PD2 PD3 PD10   PD12  YEAR MN DY HR FHR E16 E17    LEN       MAX         MIN      EXAMPLE
  80    1   1   3   4 200       0  2021  3 23 12   0   3   0  259920      67.20       0.20       1.30
 
 ----- Ensemble Forecast for Member ------
    
 REC PDTN PD1 PD2 PD3 PD10   PD12  YEAR MN DY HR FHR E16 E17    LEN       MAX         MIN      EXAMPLE
  80    1   1   3   4 200       0  2021  3 23 12   0   3   1  259920      67.20       0.20       1.30
 
 REC PDTN PD1 PD2 PD3 PD10   PD12  YEAR MN DY HR FHR E16 E17    LEN       MAX         MIN      EXAMPLE
  80    1   1   3   4 200       0  2021  3 23 12   0   3   2  259920      67.20       0.20       1.30
 
    
  variable has member           3
    
    
  Combined Ensemble Data Example at Point 8601 
     1.3     1.3     1.3
    
 ens_avg(8601)=    1.300000    
 ens_spr(8601)=   0.0000000E+00
    
 ----- Output ensemble average and spread for Current Time ------
    
 gfldo%idrtmpl(3)=           1
 -----  Ensemble Average for Current Time ------
 REC PDTN PD1 PD2 PD3 PD10   PD12  YEAR MN DY HR FHR E16 E17    LEN       MAX         MIN      EXAMPLE
  80    2   1   3   4 200       0  2021  3 23 12   0   0   3  259920      67.20       0.20       1.30
 
 -----  Ensemble Spread for Current Time ------
 REC PDTN PD1 PD2 PD3 PD10   PD12  YEAR MN DY HR FHR E16 E17    LEN       MAX         MIN      EXAMPLE
  80    2   1   3   4 200       0  2021  3 23 12   0   2   3  259920       0.12       0.00       0.00
 
 ----- Start Read Ensemble Forecast ------
    
 REC PDTN PD1 PD2 PD3 PD10   PD12  YEAR MN DY HR FHR E16 E17    LEN       MAX         MIN      EXAMPLE
  81    1   3   5   4 215       0  2021  3 23 12   0   3   0  259920   20000.04       8.84   16442.44
 
 ----- Ensemble Forecast for Member ------
    
 REC PDTN PD1 PD2 PD3 PD10   PD12  YEAR MN DY HR FHR E16 E17    LEN       MAX         MIN      EXAMPLE
  81    1   3   5   4 215       0  2021  3 23 12   0   3   1  259920   20000.04       8.84   16454.84
 
 REC PDTN PD1 PD2 PD3 PD10   PD12  YEAR MN DY HR FHR E16 E17    LEN       MAX         MIN      EXAMPLE
  81    1   3   5   4 215       0  2021  3 23 12   0   3   2  259920   20000.04       8.84   16454.84
 
    
  variable has member           3
    
    
  Combined Ensemble Data Example at Point 8601 
 16442.4 16454.8 16454.8
    
 ens_avg(8601)=    16450.71    
 ens_spr(8601)=    7.158241    
    
 ----- Output ensemble average and spread for Current Time ------
    
 gfldo%idrtmpl(3)=           1
 -----  Ensemble Average for Current Time ------
 REC PDTN PD1 PD2 PD3 PD10   PD12  YEAR MN DY HR FHR E16 E17    LEN       MAX         MIN      EXAMPLE
  81    2   3   5   4 215       0  2021  3 23 12   0   0   3  259920   20000.04       8.84   16450.71
 
 -----  Ensemble Spread for Current Time ------
 REC PDTN PD1 PD2 PD3 PD10   PD12  YEAR MN DY HR FHR E16 E17    LEN       MAX         MIN      EXAMPLE
  81    2   3   5   4 215       0  2021  3 23 12   0   2   3  259920   11377.50       0.00       7.16
 
 ----- Start Read Ensemble Forecast ------
    
 REC PDTN PD1 PD2 PD3 PD10   PD12  YEAR MN DY HR FHR E16 E17    LEN       MAX         MIN      EXAMPLE
  82    1   7   8   4 103    3000  2021  3 23 12   0   3   0  259920     730.16    -385.84     113.16
 
 ----- Ensemble Forecast for Member ------
    
 REC PDTN PD1 PD2 PD3 PD10   PD12  YEAR MN DY HR FHR E16 E17    LEN       MAX         MIN      EXAMPLE
  82    1   7   8   4 103    3000  2021  3 23 12   0   3   1  259920     736.14    -384.86     113.14
 
 REC PDTN PD1 PD2 PD3 PD10   PD12  YEAR MN DY HR FHR E16 E17    LEN       MAX         MIN      EXAMPLE
  82    1   7   8   4 103    3000  2021  3 23 12   0   3   2  259920     725.16    -386.84     112.16
 
    
  variable has member           3
    
    
  Combined Ensemble Data Example at Point 8601 
   113.2   113.1   112.2
    
 ens_avg(8601)=    112.8207    
 ens_spr(8601)=   0.5710960    
    
 ----- Output ensemble average and spread for Current Time ------
    
 gfldo%idrtmpl(3)=           0
 -----  Ensemble Average for Current Time ------
 REC PDTN PD1 PD2 PD3 PD10   PD12  YEAR MN DY HR FHR E16 E17    LEN       MAX         MIN      EXAMPLE
  82    2   7   8   4 103    3000  2021  3 23 12   0   0   3  259920     730.49    -385.85     112.82
 
 -----  Ensemble Spread for Current Time ------
 REC PDTN PD1 PD2 PD3 PD10   PD12  YEAR MN DY HR FHR E16 E17    LEN       MAX         MIN      EXAMPLE
  82    2   7   8   4 103    3000  2021  3 23 12   0   2   3  259920       5.50       0.01       0.57
 
 ----- Start Read Ensemble Forecast ------
    
 REC PDTN PD1 PD2 PD3 PD10   PD12  YEAR MN DY HR FHR E16 E17    LEN       MAX         MIN      EXAMPLE
  83    1   7   6   4 108   18000  2021  3 23 12   0   3   0  259920    5438.00       0.00       0.00
 
 ----- Ensemble Forecast for Member ------
    
 REC PDTN PD1 PD2 PD3 PD10   PD12  YEAR MN DY HR FHR E16 E17    LEN       MAX         MIN      EXAMPLE
  83    1   7   6   4 108   18000  2021  3 23 12   0   3   1  259920    5427.00       0.00       0.00
 
 REC PDTN PD1 PD2 PD3 PD10   PD12  YEAR MN DY HR FHR E16 E17    LEN       MAX         MIN      EXAMPLE
  83    1   7   6   4 108   18000  2021  3 23 12   0   3   2  259920    5433.00       0.00       0.00
 
    
  variable has member           3
    
    
  Combined Ensemble Data Example at Point 8601 
     0.0     0.0     0.0
    
 ens_avg(8601)=   0.0000000E+00
 ens_spr(8601)=   0.0000000E+00
    
 ----- Output ensemble average and spread for Current Time ------
    
 gfldo%idrtmpl(3)=           0
 -----  Ensemble Average for Current Time ------
 REC PDTN PD1 PD2 PD3 PD10   PD12  YEAR MN DY HR FHR E16 E17    LEN       MAX         MIN      EXAMPLE
  83    2   7   6   4 108   18000  2021  3 23 12   0   0   3  259920    5432.67       0.00       0.00
 
 -----  Ensemble Spread for Current Time ------
 REC PDTN PD1 PD2 PD3 PD10   PD12  YEAR MN DY HR FHR E16 E17    LEN       MAX         MIN      EXAMPLE
  83    2   7   6   4 108   18000  2021  3 23 12   0   2   3  259920      54.60       0.00       0.00
 
 ----- Start Read Ensemble Forecast ------
    
 REC PDTN PD1 PD2 PD3 PD10   PD12  YEAR MN DY HR FHR E16 E17    LEN       MAX         MIN      EXAMPLE
  84    1   7   7   4 108   18000  2021  3 23 12   0   3   0  259920       0.02    -810.58       0.02
 
 ----- Ensemble Forecast for Member ------
    
 REC PDTN PD1 PD2 PD3 PD10   PD12  YEAR MN DY HR FHR E16 E17    LEN       MAX         MIN      EXAMPLE
  84    1   7   7   4 108   18000  2021  3 23 12   0   3   1  259920       0.02    -810.58       0.02
 
 REC PDTN PD1 PD2 PD3 PD10   PD12  YEAR MN DY HR FHR E16 E17    LEN       MAX         MIN      EXAMPLE
  84    1   7   7   4 108   18000  2021  3 23 12   0   3   2  259920       0.03    -810.57       0.03
 
    
  variable has member           3
    
    
  Combined Ensemble Data Example at Point 8601 
     0.0     0.0     0.0
    
 ens_avg(8601)=   2.1647137E-02
 ens_spr(8601)=   3.6648212E-03
    
 ----- Output ensemble average and spread for Current Time ------
    
 gfldo%idrtmpl(3)=           1
 -----  Ensemble Average for Current Time ------
 REC PDTN PD1 PD2 PD3 PD10   PD12  YEAR MN DY HR FHR E16 E17    LEN       MAX         MIN      EXAMPLE
  84    2   7   7   4 108   18000  2021  3 23 12   0   0   3  259920       0.02    -810.58       0.02
 
 -----  Ensemble Spread for Current Time ------
 REC PDTN PD1 PD2 PD3 PD10   PD12  YEAR MN DY HR FHR E16 E17    LEN       MAX         MIN      EXAMPLE
  84    2   7   7   4 108   18000  2021  3 23 12   0   2   3  259920      54.91       0.00       0.00
 
 ----- Start Read Ensemble Forecast ------
    
 REC PDTN PD1 PD2 PD3 PD10   PD12  YEAR MN DY HR FHR E16 E17    LEN       MAX         MIN      EXAMPLE
  85    1   5   3   4   1       0  2021  3 23 12   0   3   0  259920     339.10     213.10     271.30
 
 ----- Ensemble Forecast for Member ------
    
 REC PDTN PD1 PD2 PD3 PD10   PD12  YEAR MN DY HR FHR E16 E17    LEN       MAX         MIN      EXAMPLE
  85    1   5   3   4   1       0  2021  3 23 12   0   3   1  259920     339.10     213.10     271.30
 
 REC PDTN PD1 PD2 PD3 PD10   PD12  YEAR MN DY HR FHR E16 E17    LEN       MAX         MIN      EXAMPLE
  85    1   5   3   4   1       0  2021  3 23 12   0   3   2  259920     339.10     213.10     271.30
 
    
  variable has member           3
    
    
  Combined Ensemble Data Example at Point 8601 
   271.3   271.3   271.3
    
 ens_avg(8601)=    271.3000    
 ens_spr(8601)=   0.0000000E+00
    
 ----- Output ensemble average and spread for Current Time ------
    
 gfldo%idrtmpl(3)=           1
 -----  Ensemble Average for Current Time ------
 REC PDTN PD1 PD2 PD3 PD10   PD12  YEAR MN DY HR FHR E16 E17    LEN       MAX         MIN      EXAMPLE
  85    2   5   3   4   1       0  2021  3 23 12   0   0   3  259920     339.10     213.10     271.30
 
 -----  Ensemble Spread for Current Time ------
 REC PDTN PD1 PD2 PD3 PD10   PD12  YEAR MN DY HR FHR E16 E17    LEN       MAX         MIN      EXAMPLE
  85    2   5   3   4   1       0  2021  3 23 12   0   2   3  259920       0.12       0.00       0.00
 
 ----- Start Read Ensemble Forecast ------
    
 Probability Calculation Successfully Complete
+ atmos_ensstat.sh[63]export err=0
+ atmos_ensstat.sh[63]err=0
+ atmos_ensstat.sh[64]((  err != 0  ))
+ atmos_ensstat.sh[70]comout_var_name=COMOUT_ATMOS_GRIB_0p50
+ atmos_ensstat.sh[71]comout_path=/work2/noaa/global/mterry/RUNTESTS/COMROOT/C48_S2SWA_gefs/gefs.20210323/12/ensstat/products/atmos/grib2/0p50
+ atmos_ensstat.sh[73]for outfile in ${mean_out} ${spr_out}
+ atmos_ensstat.sh[74][[ ! -s gefs.t12z.mean.pres_.0p50.f000.grib2 ]]
+ atmos_ensstat.sh[79]wgrib2 -s gefs.t12z.mean.pres_.0p50.f000.grib2
+ atmos_ensstat.sh[80]err=0
+ atmos_ensstat.sh[81]((  err != 0  ))
+ atmos_ensstat.sh[86]cpfs gefs.t12z.mean.pres_.0p50.f000.grib2 /work2/noaa/global/mterry/RUNTESTS/COMROOT/C48_S2SWA_gefs/gefs.20210323/12/ensstat/products/atmos/grib2/0p50/gefs.t12z.mean.pres_.0p50.f000.grib2
+ cpfs[3]'[' 2 -ne 2 ']'
+ cpfs[8]'[' /work2/noaa/global/mterry/RUNTESTS/COMROOT/C48_S2SWA_gefs/gefs.20210323/12/ensstat/products/atmos/grib2/0p50/gefs.t12z.mean.pres_.0p50.f000.grib2 = . -o /work2/noaa/global/mterry/RUNTESTS/COMROOT/C48_S2SWA_gefs/gefs.20210323/12/ensstat/products/atmos/grib2/0p50/gefs.t12z.mean.pres_.0p50.f000.grib2 = ./ ']'
+ cpfs[10]'[' -d /work2/noaa/global/mterry/RUNTESTS/COMROOT/C48_S2SWA_gefs/gefs.20210323/12/ensstat/products/atmos/grib2/0p50/gefs.t12z.mean.pres_.0p50.f000.grib2 ']'
+ cpfs[13]cpdstfile=/work2/noaa/global/mterry/RUNTESTS/COMROOT/C48_S2SWA_gefs/gefs.20210323/12/ensstat/products/atmos/grib2/0p50/gefs.t12z.mean.pres_.0p50.f000.grib2
+ cpfs[16]cp gefs.t12z.mean.pres_.0p50.f000.grib2 /work2/noaa/global/mterry/RUNTESTS/COMROOT/C48_S2SWA_gefs/gefs.20210323/12/ensstat/products/atmos/grib2/0p50/gefs.t12z.mean.pres_.0p50.f000.grib2.cptmp
+ cpfs[18]'[' 0 -ne 0 ']'
+ cpfs[22]/work/noaa/epic/role-epic/spack-stack/hercules/spack-stack-1.6.0/envs/unified-env/install/intel/2021.9.0/prod-util-2.1.1-ddlo2cq/bin/fsync_file /work2/noaa/global/mterry/RUNTESTS/COMROOT/C48_S2SWA_gefs/gefs.20210323/12/ensstat/products/atmos/grib2/0p50/gefs.t12z.mean.pres_.0p50.f000.grib2.cptmp
+ cpfs[23]'[' 0 -ne 0 ']'
+ cpfs[27]mv /work2/noaa/global/mterry/RUNTESTS/COMROOT/C48_S2SWA_gefs/gefs.20210323/12/ensstat/products/atmos/grib2/0p50/gefs.t12z.mean.pres_.0p50.f000.grib2.cptmp /work2/noaa/global/mterry/RUNTESTS/COMROOT/C48_S2SWA_gefs/gefs.20210323/12/ensstat/products/atmos/grib2/0p50/gefs.t12z.mean.pres_.0p50.f000.grib2
+ cpfs[28]'[' 0 -ne 0 ']'
+ atmos_ensstat.sh[87]cpfs gefs.t12z.mean.pres_.0p50.f000.grib2.idx /work2/noaa/global/mterry/RUNTESTS/COMROOT/C48_S2SWA_gefs/gefs.20210323/12/ensstat/products/atmos/grib2/0p50/gefs.t12z.mean.pres_.0p50.f000.grib2.idx
+ cpfs[3]'[' 2 -ne 2 ']'
+ cpfs[8]'[' /work2/noaa/global/mterry/RUNTESTS/COMROOT/C48_S2SWA_gefs/gefs.20210323/12/ensstat/products/atmos/grib2/0p50/gefs.t12z.mean.pres_.0p50.f000.grib2.idx = . -o /work2/noaa/global/mterry/RUNTESTS/COMROOT/C48_S2SWA_gefs/gefs.20210323/12/ensstat/products/atmos/grib2/0p50/gefs.t12z.mean.pres_.0p50.f000.grib2.idx = ./ ']'
+ cpfs[10]'[' -d /work2/noaa/global/mterry/RUNTESTS/COMROOT/C48_S2SWA_gefs/gefs.20210323/12/ensstat/products/atmos/grib2/0p50/gefs.t12z.mean.pres_.0p50.f000.grib2.idx ']'
+ cpfs[13]cpdstfile=/work2/noaa/global/mterry/RUNTESTS/COMROOT/C48_S2SWA_gefs/gefs.20210323/12/ensstat/products/atmos/grib2/0p50/gefs.t12z.mean.pres_.0p50.f000.grib2.idx
+ cpfs[16]cp gefs.t12z.mean.pres_.0p50.f000.grib2.idx /work2/noaa/global/mterry/RUNTESTS/COMROOT/C48_S2SWA_gefs/gefs.20210323/12/ensstat/products/atmos/grib2/0p50/gefs.t12z.mean.pres_.0p50.f000.grib2.idx.cptmp
+ cpfs[18]'[' 0 -ne 0 ']'
+ cpfs[22]/work/noaa/epic/role-epic/spack-stack/hercules/spack-stack-1.6.0/envs/unified-env/install/intel/2021.9.0/prod-util-2.1.1-ddlo2cq/bin/fsync_file /work2/noaa/global/mterry/RUNTESTS/COMROOT/C48_S2SWA_gefs/gefs.20210323/12/ensstat/products/atmos/grib2/0p50/gefs.t12z.mean.pres_.0p50.f000.grib2.idx.cptmp
+ cpfs[23]'[' 0 -ne 0 ']'
+ cpfs[27]mv /work2/noaa/global/mterry/RUNTESTS/COMROOT/C48_S2SWA_gefs/gefs.20210323/12/ensstat/products/atmos/grib2/0p50/gefs.t12z.mean.pres_.0p50.f000.grib2.idx.cptmp /work2/noaa/global/mterry/RUNTESTS/COMROOT/C48_S2SWA_gefs/gefs.20210323/12/ensstat/products/atmos/grib2/0p50/gefs.t12z.mean.pres_.0p50.f000.grib2.idx
+ cpfs[28]'[' 0 -ne 0 ']'
+ atmos_ensstat.sh[89][[ NO == \Y\E\S ]]
+ atmos_ensstat.sh[73]for outfile in ${mean_out} ${spr_out}
+ atmos_ensstat.sh[74][[ ! -s gefs.t12z.spread.pres_.0p50.f000.grib2 ]]
+ atmos_ensstat.sh[79]wgrib2 -s gefs.t12z.spread.pres_.0p50.f000.grib2
+ atmos_ensstat.sh[80]err=0
+ atmos_ensstat.sh[81]((  err != 0  ))
+ atmos_ensstat.sh[86]cpfs gefs.t12z.spread.pres_.0p50.f000.grib2 /work2/noaa/global/mterry/RUNTESTS/COMROOT/C48_S2SWA_gefs/gefs.20210323/12/ensstat/products/atmos/grib2/0p50/gefs.t12z.spread.pres_.0p50.f000.grib2
+ cpfs[3]'[' 2 -ne 2 ']'
+ cpfs[8]'[' /work2/noaa/global/mterry/RUNTESTS/COMROOT/C48_S2SWA_gefs/gefs.20210323/12/ensstat/products/atmos/grib2/0p50/gefs.t12z.spread.pres_.0p50.f000.grib2 = . -o /work2/noaa/global/mterry/RUNTESTS/COMROOT/C48_S2SWA_gefs/gefs.20210323/12/ensstat/products/atmos/grib2/0p50/gefs.t12z.spread.pres_.0p50.f000.grib2 = ./ ']'
+ cpfs[10]'[' -d /work2/noaa/global/mterry/RUNTESTS/COMROOT/C48_S2SWA_gefs/gefs.20210323/12/ensstat/products/atmos/grib2/0p50/gefs.t12z.spread.pres_.0p50.f000.grib2 ']'
+ cpfs[13]cpdstfile=/work2/noaa/global/mterry/RUNTESTS/COMROOT/C48_S2SWA_gefs/gefs.20210323/12/ensstat/products/atmos/grib2/0p50/gefs.t12z.spread.pres_.0p50.f000.grib2
+ cpfs[16]cp gefs.t12z.spread.pres_.0p50.f000.grib2 /work2/noaa/global/mterry/RUNTESTS/COMROOT/C48_S2SWA_gefs/gefs.20210323/12/ensstat/products/atmos/grib2/0p50/gefs.t12z.spread.pres_.0p50.f000.grib2.cptmp
+ cpfs[18]'[' 0 -ne 0 ']'
+ cpfs[22]/work/noaa/epic/role-epic/spack-stack/hercules/spack-stack-1.6.0/envs/unified-env/install/intel/2021.9.0/prod-util-2.1.1-ddlo2cq/bin/fsync_file /work2/noaa/global/mterry/RUNTESTS/COMROOT/C48_S2SWA_gefs/gefs.20210323/12/ensstat/products/atmos/grib2/0p50/gefs.t12z.spread.pres_.0p50.f000.grib2.cptmp
+ cpfs[23]'[' 0 -ne 0 ']'
+ cpfs[27]mv /work2/noaa/global/mterry/RUNTESTS/COMROOT/C48_S2SWA_gefs/gefs.20210323/12/ensstat/products/atmos/grib2/0p50/gefs.t12z.spread.pres_.0p50.f000.grib2.cptmp /work2/noaa/global/mterry/RUNTESTS/COMROOT/C48_S2SWA_gefs/gefs.20210323/12/ensstat/products/atmos/grib2/0p50/gefs.t12z.spread.pres_.0p50.f000.grib2
+ cpfs[28]'[' 0 -ne 0 ']'
+ atmos_ensstat.sh[87]cpfs gefs.t12z.spread.pres_.0p50.f000.grib2.idx /work2/noaa/global/mterry/RUNTESTS/COMROOT/C48_S2SWA_gefs/gefs.20210323/12/ensstat/products/atmos/grib2/0p50/gefs.t12z.spread.pres_.0p50.f000.grib2.idx
+ cpfs[3]'[' 2 -ne 2 ']'
+ cpfs[8]'[' /work2/noaa/global/mterry/RUNTESTS/COMROOT/C48_S2SWA_gefs/gefs.20210323/12/ensstat/products/atmos/grib2/0p50/gefs.t12z.spread.pres_.0p50.f000.grib2.idx = . -o /work2/noaa/global/mterry/RUNTESTS/COMROOT/C48_S2SWA_gefs/gefs.20210323/12/ensstat/products/atmos/grib2/0p50/gefs.t12z.spread.pres_.0p50.f000.grib2.idx = ./ ']'
+ cpfs[10]'[' -d /work2/noaa/global/mterry/RUNTESTS/COMROOT/C48_S2SWA_gefs/gefs.20210323/12/ensstat/products/atmos/grib2/0p50/gefs.t12z.spread.pres_.0p50.f000.grib2.idx ']'
+ cpfs[13]cpdstfile=/work2/noaa/global/mterry/RUNTESTS/COMROOT/C48_S2SWA_gefs/gefs.20210323/12/ensstat/products/atmos/grib2/0p50/gefs.t12z.spread.pres_.0p50.f000.grib2.idx
+ cpfs[16]cp gefs.t12z.spread.pres_.0p50.f000.grib2.idx /work2/noaa/global/mterry/RUNTESTS/COMROOT/C48_S2SWA_gefs/gefs.20210323/12/ensstat/products/atmos/grib2/0p50/gefs.t12z.spread.pres_.0p50.f000.grib2.idx.cptmp
+ cpfs[18]'[' 0 -ne 0 ']'
+ cpfs[22]/work/noaa/epic/role-epic/spack-stack/hercules/spack-stack-1.6.0/envs/unified-env/install/intel/2021.9.0/prod-util-2.1.1-ddlo2cq/bin/fsync_file /work2/noaa/global/mterry/RUNTESTS/COMROOT/C48_S2SWA_gefs/gefs.20210323/12/ensstat/products/atmos/grib2/0p50/gefs.t12z.spread.pres_.0p50.f000.grib2.idx.cptmp
+ cpfs[23]'[' 0 -ne 0 ']'
+ cpfs[27]mv /work2/noaa/global/mterry/RUNTESTS/COMROOT/C48_S2SWA_gefs/gefs.20210323/12/ensstat/products/atmos/grib2/0p50/gefs.t12z.spread.pres_.0p50.f000.grib2.idx.cptmp /work2/noaa/global/mterry/RUNTESTS/COMROOT/C48_S2SWA_gefs/gefs.20210323/12/ensstat/products/atmos/grib2/0p50/gefs.t12z.spread.pres_.0p50.f000.grib2.idx
+ cpfs[28]'[' 0 -ne 0 ']'
+ atmos_ensstat.sh[89][[ NO == \Y\E\S ]]
+ mpmd_script[3]/work2/noaa/global/mterry/global-workflow_forked/ush/atmos_ensstat.sh 1p00 000
+ bash[8]'[' -z '' ']'
+ bash[9]case "$-" in
+ bash[12]__lmod_vx=x
+ bash[16]'[' -n x ']'
+ bash[16]set +x
Shell debugging temporarily silenced: export LMOD_SH_DBG_ON=1 for this output (/apps/other/lmod/lmod/init/bash)
Shell debugging restarted
+ bash[224]unset __lmod_vx
+ atmos_ensstat.sh[3]grid=1p00
+ atmos_ensstat.sh[4]fhr3=000
+ atmos_ensstat.sh[5]grid_type=
+ atmos_ensstat.sh[7]mkdir 1p00
+ atmos_ensstat.sh[8]cd 1p00
+ atmos_ensstat.sh[11]input_files=()
+ atmos_ensstat.sh[12](( mem_num = 0 ))
+ atmos_ensstat.sh[12](( mem_num <= 2 ))
++ atmos_ensstat.sh[13]printf %03d 0
+ atmos_ensstat.sh[13]mem=000
+ atmos_ensstat.sh[14]MEMDIR=mem000
+ atmos_ensstat.sh[14]GRID=1p00
+ atmos_ensstat.sh[14]YMD=20210323
+ atmos_ensstat.sh[14]HH=12
+ atmos_ensstat.sh[14]declare_from_tmpl COMIN_ATMOS_GRIB:COM_ATMOS_GRIB_GRID_TMPL
+ environment[0][[ NO == \N\O ]]
+ environment[1]set +x
declare_from_tmpl :: COMIN_ATMOS_GRIB=/work2/noaa/global/mterry/RUNTESTS/COMROOT/C48_S2SWA_gefs/gefs.20210323/12/mem000/products/atmos/grib2/1p00
+ atmos_ensstat.sh[15]memfile_in=/work2/noaa/global/mterry/RUNTESTS/COMROOT/C48_S2SWA_gefs/gefs.20210323/12/mem000/products/atmos/grib2/1p00/gefs.t12z.pgrb2.1p00.f000
+ atmos_ensstat.sh[17][[ -r /work2/noaa/global/mterry/RUNTESTS/COMROOT/C48_S2SWA_gefs/gefs.20210323/12/mem000/products/atmos/grib2/1p00/gefs.t12z.pgrb2.1p00.f000.idx ]]
+ atmos_ensstat.sh[18]/bin/ln -sf /work2/noaa/global/mterry/RUNTESTS/COMROOT/C48_S2SWA_gefs/gefs.20210323/12/mem000/products/atmos/grib2/1p00/gefs.t12z.pgrb2.1p00.f000 mem000
+ atmos_ensstat.sh[19]input_files+=("mem${mem}")
+ atmos_ensstat.sh[12](( mem_num++ ))
+ atmos_ensstat.sh[12](( mem_num <= 2 ))
++ atmos_ensstat.sh[13]printf %03d 1
+ atmos_ensstat.sh[13]mem=001
+ atmos_ensstat.sh[14]MEMDIR=mem001
+ atmos_ensstat.sh[14]GRID=1p00
+ atmos_ensstat.sh[14]YMD=20210323
+ atmos_ensstat.sh[14]HH=12
+ atmos_ensstat.sh[14]declare_from_tmpl COMIN_ATMOS_GRIB:COM_ATMOS_GRIB_GRID_TMPL
+ environment[0][[ NO == \N\O ]]
+ environment[1]set +x
declare_from_tmpl :: COMIN_ATMOS_GRIB=/work2/noaa/global/mterry/RUNTESTS/COMROOT/C48_S2SWA_gefs/gefs.20210323/12/mem001/products/atmos/grib2/1p00
+ atmos_ensstat.sh[15]memfile_in=/work2/noaa/global/mterry/RUNTESTS/COMROOT/C48_S2SWA_gefs/gefs.20210323/12/mem001/products/atmos/grib2/1p00/gefs.t12z.pgrb2.1p00.f000
+ atmos_ensstat.sh[17][[ -r /work2/noaa/global/mterry/RUNTESTS/COMROOT/C48_S2SWA_gefs/gefs.20210323/12/mem001/products/atmos/grib2/1p00/gefs.t12z.pgrb2.1p00.f000.idx ]]
+ atmos_ensstat.sh[18]/bin/ln -sf /work2/noaa/global/mterry/RUNTESTS/COMROOT/C48_S2SWA_gefs/gefs.20210323/12/mem001/products/atmos/grib2/1p00/gefs.t12z.pgrb2.1p00.f000 mem001
+ atmos_ensstat.sh[19]input_files+=("mem${mem}")
+ atmos_ensstat.sh[12](( mem_num++ ))
+ atmos_ensstat.sh[12](( mem_num <= 2 ))
++ atmos_ensstat.sh[13]printf %03d 2
+ atmos_ensstat.sh[13]mem=002
+ atmos_ensstat.sh[14]MEMDIR=mem002
+ atmos_ensstat.sh[14]GRID=1p00
+ atmos_ensstat.sh[14]YMD=20210323
+ atmos_ensstat.sh[14]HH=12
+ atmos_ensstat.sh[14]declare_from_tmpl COMIN_ATMOS_GRIB:COM_ATMOS_GRIB_GRID_TMPL
+ environment[0][[ NO == \N\O ]]
+ environment[1]set +x
declare_from_tmpl :: COMIN_ATMOS_GRIB=/work2/noaa/global/mterry/RUNTESTS/COMROOT/C48_S2SWA_gefs/gefs.20210323/12/mem002/products/atmos/grib2/1p00
+ atmos_ensstat.sh[15]memfile_in=/work2/noaa/global/mterry/RUNTESTS/COMROOT/C48_S2SWA_gefs/gefs.20210323/12/mem002/products/atmos/grib2/1p00/gefs.t12z.pgrb2.1p00.f000
+ atmos_ensstat.sh[17][[ -r /work2/noaa/global/mterry/RUNTESTS/COMROOT/C48_S2SWA_gefs/gefs.20210323/12/mem002/products/atmos/grib2/1p00/gefs.t12z.pgrb2.1p00.f000.idx ]]
+ atmos_ensstat.sh[18]/bin/ln -sf /work2/noaa/global/mterry/RUNTESTS/COMROOT/C48_S2SWA_gefs/gefs.20210323/12/mem002/products/atmos/grib2/1p00/gefs.t12z.pgrb2.1p00.f000 mem002
+ atmos_ensstat.sh[19]input_files+=("mem${mem}")
+ atmos_ensstat.sh[12](( mem_num++ ))
+ atmos_ensstat.sh[12](( mem_num <= 2 ))
+ atmos_ensstat.sh[26]num_found=3
+ atmos_ensstat.sh[27]((  num_found != NMEM_ENS + 1  ))
+ atmos_ensstat.sh[33]mean_out=gefs.t12z.mean.pres_.1p00.f000.grib2
+ atmos_ensstat.sh[34]spr_out=gefs.t12z.spread.pres_.1p00.f000.grib2
+ atmos_ensstat.sh[36]cat
++ atmos_ensstat.sh[37](( filenum = 1 ))
++ atmos_ensstat.sh[37](( filenum <= num_found ))
++ atmos_ensstat.sh[38]echo '    cfipg(1)="mem000",'
++ atmos_ensstat.sh[39]echo '    iskip(1)=0,'
++ atmos_ensstat.sh[37](( filenum++  ))
++ atmos_ensstat.sh[37](( filenum <= num_found ))
++ atmos_ensstat.sh[38]echo '    cfipg(2)="mem001",'
++ atmos_ensstat.sh[39]echo '    iskip(2)=0,'
++ atmos_ensstat.sh[37](( filenum++  ))
++ atmos_ensstat.sh[37](( filenum <= num_found ))
++ atmos_ensstat.sh[38]echo '    cfipg(3)="mem002",'
++ atmos_ensstat.sh[39]echo '    iskip(3)=0,'
++ atmos_ensstat.sh[37](( filenum++  ))
++ atmos_ensstat.sh[37](( filenum <= num_found ))
+ atmos_ensstat.sh[58]cat input.nml
&namdim
    lfdim=''
/

&namens
    nfiles=3
    nenspost=0
    navg_min=2

    cfopg1="gefs.t12z.mean.pres_.1p00.f000.grib2"
    cfopg2="gefs.t12z.spread.pres_.1p00.f000.grib2"

    cfipg(1)="mem000",
    iskip(1)=0,
    cfipg(2)="mem001",
    iskip(2)=0,
    cfipg(3)="mem002",
    iskip(3)=0,
/
+ atmos_ensstat.sh[61]/work2/noaa/global/mterry/global-workflow_forked/exec/ensstat.x
 Input variables include 
  
 Input files size            3
    
 Input files include 
fort 10                                                                                            mem000
fort 11                                                                                            mem001
fort 12                                                                                            mem002
    
 Output files include 
 fort.          13 gefs.t12z.mean.pres_.1p00.f000.grib2
 fort.          14 gefs.t12z.spread.pres_.1p00.f000.grib2
    
 ----- Start Read Ensemble Forecast ------
    
 REC PDTN PD1 PD2 PD3 PD10   PD12  YEAR MN DY HR FHR E16 E17    LEN       MAX         MIN      EXAMPLE
   1    1   3   1   4 101       0  2021  3 23 12   0   3   0   65160  106328.47   94325.07  100001.27
 
 ----- Ensemble Forecast for Member ------
    
 REC PDTN PD1 PD2 PD3 PD10   PD12  YEAR MN DY HR FHR E16 E17    LEN       MAX         MIN      EXAMPLE
   1    1   3   1   4 101       0  2021  3 23 12   0   3   1   65160  106328.39   94325.19  100001.19
 
 REC PDTN PD1 PD2 PD3 PD10   PD12  YEAR MN DY HR FHR E16 E17    LEN       MAX         MIN      EXAMPLE
   1    1   3   1   4 101       0  2021  3 23 12   0   3   2   65160  106328.62   94325.02  100001.23
 
    
  variable has member           3
    
    
  Combined Ensemble Data Example at Point 8601 
100001.3100001.2100001.2
    
 ens_avg(8601)=    100001.2    
 ens_spr(8601)=   3.9062504E-02
    
 ----- Output ensemble average and spread for Current Time ------
    
 gfldo%idrtmpl(3)=           1
 -----  Ensemble Average for Current Time ------
 REC PDTN PD1 PD2 PD3 PD10   PD12  YEAR MN DY HR FHR E16 E17    LEN       MAX         MIN      EXAMPLE
   1    2   3   1   4 101       0  2021  3 23 12   0   0   3   65160  106328.50   94325.09  100001.23
 
 -----  Ensemble Spread for Current Time ------
 REC PDTN PD1 PD2 PD3 PD10   PD12  YEAR MN DY HR FHR E16 E17    LEN       MAX         MIN      EXAMPLE
   1    2   3   1   4 101       0  2021  3 23 12   0   2   3   65160      18.80       0.04       0.04
 
 ----- Start Read Ensemble Forecast ------
    
 REC PDTN PD1 PD2 PD3 PD10   PD12  YEAR MN DY HR FHR E16 E17    LEN       MAX         MIN      EXAMPLE
   2    1  19   0   4   1       0  2021  3 23 12   0   3   0   65160   24105.43       5.43    4205.43
 
 ----- Ensemble Forecast for Member ------
    
 REC PDTN PD1 PD2 PD3 PD10   PD12  YEAR MN DY HR FHR E16 E17    LEN       MAX         MIN      EXAMPLE
   2    1  19   0   4   1       0  2021  3 23 12   0   3   1   65160   24105.43       5.43    4205.43
 
 REC PDTN PD1 PD2 PD3 PD10   PD12  YEAR MN DY HR FHR E16 E17    LEN       MAX         MIN      EXAMPLE
   2    1  19   0   4   1       0  2021  3 23 12   0   3   2   65160   24105.43       5.43    4205.43
 
    
  variable has member           3
    
    
  Combined Ensemble Data Example at Point 8601 
  4205.4  4205.4  4205.4
    
 ens_avg(8601)=    4205.427    
 ens_spr(8601)=   0.0000000E+00
    
 ----- Output ensemble average and spread for Current Time ------
    
 gfldo%idrtmpl(3)=          -2
 -----  Ensemble Average for Current Time ------
 REC PDTN PD1 PD2 PD3 PD10   PD12  YEAR MN DY HR FHR E16 E17    LEN       MAX         MIN      EXAMPLE
   2    2  19   0   4   1       0  2021  3 23 12   0   0   3   65160   24105.43       5.43    4205.43
 
 -----  Ensemble Spread for Current Time ------
 REC PDTN PD1 PD2 PD3 PD10   PD12  YEAR MN DY HR FHR E16 E17    LEN       MAX         MIN      EXAMPLE
   2    2  19   0   4   1       0  2021  3 23 12   0   2   3   65160   11735.56       0.00       0.00
 
 ----- Start Read Ensemble Forecast ------
    
 REC PDTN PD1 PD2 PD3 PD10   PD12  YEAR MN DY HR FHR E16 E17    LEN       MAX         MIN      EXAMPLE
   3    1   2  22   4   1       0  2021  3 23 12   0   3   0   65160      28.92       0.22       3.92
 
 ----- Ensemble Forecast for Member ------
    
 REC PDTN PD1 PD2 PD3 PD10   PD12  YEAR MN DY HR FHR E16 E17    LEN       MAX         MIN      EXAMPLE
   3    1   2  22   4   1       0  2021  3 23 12   0   3   1   65160      28.92       0.22       3.92
 
 REC PDTN PD1 PD2 PD3 PD10   PD12  YEAR MN DY HR FHR E16 E17    LEN       MAX         MIN      EXAMPLE
   3    1   2  22   4   1       0  2021  3 23 12   0   3   2   65160      28.92       0.22       4.02
 
    
  variable has member           3
    
    
  Combined Ensemble Data Example at Point 8601 
     3.9     3.9     4.0
    
 ens_avg(8601)=    3.951393    
 ens_spr(8601)=   5.7735112E-02
    
 ----- Output ensemble average and spread for Current Time ------
    
 gfldo%idrtmpl(3)=           1
 -----  Ensemble Average for Current Time ------
 REC PDTN PD1 PD2 PD3 PD10   PD12  YEAR MN DY HR FHR E16 E17    LEN       MAX         MIN      EXAMPLE
   3    2   2  22   4   1       0  2021  3 23 12   0   0   3   65160      28.92       0.22       3.95
 
 -----  Ensemble Spread for Current Time ------
 REC PDTN PD1 PD2 PD3 PD10   PD12  YEAR MN DY HR FHR E16 E17    LEN       MAX         MIN      EXAMPLE
   3    2   2  22   4   1       0  2021  3 23 12   0   2   3   65160       0.64       0.00       0.06
 
 ----- Start Read Ensemble Forecast ------
    
 REC PDTN PD1 PD2 PD3 PD10   PD12  YEAR MN DY HR FHR E16 E17    LEN       MAX         MIN      EXAMPLE
   4    1   3   5   4 100    1000  2021  3 23 12   0   3   0   65160   31488.79   28832.71   30215.11
 
 ----- Ensemble Forecast for Member ------
    
 REC PDTN PD1 PD2 PD3 PD10   PD12  YEAR MN DY HR FHR E16 E17    LEN       MAX         MIN      EXAMPLE
   4    1   3   5   4 100    1000  2021  3 23 12   0   3   1   65160   31488.79   28832.71   30215.11
 
 REC PDTN PD1 PD2 PD3 PD10   PD12  YEAR MN DY HR FHR E16 E17    LEN       MAX         MIN      EXAMPLE
   4    1   3   5   4 100    1000  2021  3 23 12   0   3   2   65160   31488.79   28832.71   30215.11
 
    
  variable has member           3
    
    
  Combined Ensemble Data Example at Point 8601 
 30215.1 30215.1 30215.1
    
 ens_avg(8601)=    30215.11    
 ens_spr(8601)=   0.0000000E+00
    
 ----- Output ensemble average and spread for Current Time ------
    
 gfldo%idrtmpl(3)=           2
 -----  Ensemble Average for Current Time ------
 REC PDTN PD1 PD2 PD3 PD10   PD12  YEAR MN DY HR FHR E16 E17    LEN       MAX         MIN      EXAMPLE
   4    2   3   5   4 100    1000  2021  3 23 12   0   0   3   65160   31488.79   28832.71   30215.11
 
 -----  Ensemble Spread for Current Time ------
 REC PDTN PD1 PD2 PD3 PD10   PD12  YEAR MN DY HR FHR E16 E17    LEN       MAX         MIN      EXAMPLE
   4    2   3   5   4 100    1000  2021  3 23 12   0   2   3   65160       0.05       0.00       0.00
 
 ----- Start Read Ensemble Forecast ------
    
 REC PDTN PD1 PD2 PD3 PD10   PD12  YEAR MN DY HR FHR E16 E17    LEN       MAX         MIN      EXAMPLE
   5    1   0   0   4 100    1000  2021  3 23 12   0   3   0   65160     243.47     206.87     214.37
 
 ----- Ensemble Forecast for Member ------
    
 REC PDTN PD1 PD2 PD3 PD10   PD12  YEAR MN DY HR FHR E16 E17    LEN       MAX         MIN      EXAMPLE
   5    1   0   0   4 100    1000  2021  3 23 12   0   3   1   65160     243.47     206.87     214.37
 
 REC PDTN PD1 PD2 PD3 PD10   PD12  YEAR MN DY HR FHR E16 E17    LEN       MAX         MIN      EXAMPLE
   5    1   0   0   4 100    1000  2021  3 23 12   0   3   2   65160     243.47     206.87     214.37
 
    
  variable has member           3
    
    
  Combined Ensemble Data Example at Point 8601 
   214.4   214.4   214.4
    
 ens_avg(8601)=    214.3702    
 ens_spr(8601)=   0.0000000E+00
    
 ----- Output ensemble average and spread for Current Time ------
    
 gfldo%idrtmpl(3)=           1
 -----  Ensemble Average for Current Time ------
 REC PDTN PD1 PD2 PD3 PD10   PD12  YEAR MN DY HR FHR E16 E17    LEN       MAX         MIN      EXAMPLE
   5    2   0   0   4 100    1000  2021  3 23 12   0   0   3   65160     243.47     206.87     214.37
 
 -----  Ensemble Spread for Current Time ------
 REC PDTN PD1 PD2 PD3 PD10   PD12  YEAR MN DY HR FHR E16 E17    LEN       MAX         MIN      EXAMPLE
   5    2   0   0   4 100    1000  2021  3 23 12   0   2   3   65160       0.06       0.00       0.00
 
 ----- Start Read Ensemble Forecast ------
    
 REC PDTN PD1 PD2 PD3 PD10   PD12  YEAR MN DY HR FHR E16 E17    LEN       MAX         MIN      EXAMPLE
   6    1   1   1   4 100    1000  2021  3 23 12   0   3   0   65160       0.80       0.00       0.30
 
 ----- Ensemble Forecast for Member ------
    
 REC PDTN PD1 PD2 PD3 PD10   PD12  YEAR MN DY HR FHR E16 E17    LEN       MAX         MIN      EXAMPLE
   6    1   1   1   4 100    1000  2021  3 23 12   0   3   1   65160       0.80       0.00       0.30
 
 REC PDTN PD1 PD2 PD3 PD10   PD12  YEAR MN DY HR FHR E16 E17    LEN       MAX         MIN      EXAMPLE
   6    1   1   1   4 100    1000  2021  3 23 12   0   3   2   65160       0.80       0.00       0.30
 
    
  variable has member           3
    
    
  Combined Ensemble Data Example at Point 8601 
     0.3     0.3     0.3
    
 ens_avg(8601)=   0.3000000    
 ens_spr(8601)=   0.0000000E+00
    
 ----- Output ensemble average and spread for Current Time ------
    
 gfldo%idrtmpl(3)=           1
 -----  Ensemble Average for Current Time ------
 REC PDTN PD1 PD2 PD3 PD10   PD12  YEAR MN DY HR FHR E16 E17    LEN       MAX         MIN      EXAMPLE
   6    2   1   1   4 100    1000  2021  3 23 12   0   0   3   65160       0.80       0.00       0.30
 
 -----  Ensemble Spread for Current Time ------
 REC PDTN PD1 PD2 PD3 PD10   PD12  YEAR MN DY HR FHR E16 E17    LEN       MAX         MIN      EXAMPLE
   6    2   1   1   4 100    1000  2021  3 23 12   0   2   3   65160       0.00       0.00       0.00
 
 ----- Start Read Ensemble Forecast ------
    
 REC PDTN PD1 PD2 PD3 PD10   PD12  YEAR MN DY HR FHR E16 E17    LEN       MAX         MIN      EXAMPLE
   7    1   2   2   4 100    1000  2021  3 23 12   0   3   0   65160      80.69     -49.76      20.20
 
 ----- Ensemble Forecast for Member ------
    
 REC PDTN PD1 PD2 PD3 PD10   PD12  YEAR MN DY HR FHR E16 E17    LEN       MAX         MIN      EXAMPLE
   7    1   2   2   4 100    1000  2021  3 23 12   0   3   1   65160      80.69     -49.76      20.20
 
 REC PDTN PD1 PD2 PD3 PD10   PD12  YEAR MN DY HR FHR E16 E17    LEN       MAX         MIN      EXAMPLE
   7    1   2   2   4 100    1000  2021  3 23 12   0   3   2   65160      80.69     -49.76      20.20
 
    
  variable has member           3
    
    
  Combined Ensemble Data Example at Point 8601 
    20.2    20.2    20.2
    
 ens_avg(8601)=    20.20001    
 ens_spr(8601)=   0.0000000E+00
    
 ----- Output ensemble average and spread for Current Time ------
    
 gfldo%idrtmpl(3)=           2
 -----  Ensemble Average for Current Time ------
 REC PDTN PD1 PD2 PD3 PD10   PD12  YEAR MN DY HR FHR E16 E17    LEN       MAX         MIN      EXAMPLE
   7    2   2   2   4 100    1000  2021  3 23 12   0   0   3   65160      80.69     -49.76      20.20
 
 -----  Ensemble Spread for Current Time ------
 REC PDTN PD1 PD2 PD3 PD10   PD12  YEAR MN DY HR FHR E16 E17    LEN       MAX         MIN      EXAMPLE
   7    2   2   2   4 100    1000  2021  3 23 12   0   2   3   65160       0.00       0.00       0.00
 
 ----- Start Read Ensemble Forecast ------
    
 REC PDTN PD1 PD2 PD3 PD10   PD12  YEAR MN DY HR FHR E16 E17    LEN       MAX         MIN      EXAMPLE
   8    1   2   3   4 100    1000  2021  3 23 12   0   3   0   65160      34.67     -39.95       4.53
 
 ----- Ensemble Forecast for Member ------
    
 REC PDTN PD1 PD2 PD3 PD10   PD12  YEAR MN DY HR FHR E16 E17    LEN       MAX         MIN      EXAMPLE
   8    1   2   3   4 100    1000  2021  3 23 12   0   3   1   65160      34.67     -39.95       4.53
 
 REC PDTN PD1 PD2 PD3 PD10   PD12  YEAR MN DY HR FHR E16 E17    LEN       MAX         MIN      EXAMPLE
   8    1   2   3   4 100    1000  2021  3 23 12   0   3   2   65160      34.67     -39.95       4.53
 
    
  variable has member           3
    
    
  Combined Ensemble Data Example at Point 8601 
     4.5     4.5     4.5
    
 ens_avg(8601)=    4.526992    
 ens_spr(8601)=   0.0000000E+00
    
 ----- Output ensemble average and spread for Current Time ------
    
 gfldo%idrtmpl(3)=           2
 -----  Ensemble Average for Current Time ------
 REC PDTN PD1 PD2 PD3 PD10   PD12  YEAR MN DY HR FHR E16 E17    LEN       MAX         MIN      EXAMPLE
   8    2   2   3   4 100    1000  2021  3 23 12   0   0   3   65160      34.67     -39.95       4.53
 
 -----  Ensemble Spread for Current Time ------
 REC PDTN PD1 PD2 PD3 PD10   PD12  YEAR MN DY HR FHR E16 E17    LEN       MAX         MIN      EXAMPLE
   8    2   2   3   4 100    1000  2021  3 23 12   0   2   3   65160       0.00       0.00       0.00
 
 ----- Start Read Ensemble Forecast ------
    
 REC PDTN PD1 PD2 PD3 PD10   PD12  YEAR MN DY HR FHR E16 E17    LEN       MAX         MIN      EXAMPLE
   9    1   3   5   4 100    5000  2021  3 23 12   0   3   0   65160   20710.08   19131.60   20126.08
 
 ----- Ensemble Forecast for Member ------
    
 REC PDTN PD1 PD2 PD3 PD10   PD12  YEAR MN DY HR FHR E16 E17    LEN       MAX         MIN      EXAMPLE
   9    1   3   5   4 100    5000  2021  3 23 12   0   3   1   65160   20710.08   19131.60   20126.08
 
 REC PDTN PD1 PD2 PD3 PD10   PD12  YEAR MN DY HR FHR E16 E17    LEN       MAX         MIN      EXAMPLE
   9    1   3   5   4 100    5000  2021  3 23 12   0   3   2   65160   20710.08   19131.60   20126.08
 
    
  variable has member           3
    
    
  Combined Ensemble Data Example at Point 8601 
 20126.1 20126.1 20126.1
    
 ens_avg(8601)=    20126.08    
 ens_spr(8601)=   2.3920799E-03
    
 ----- Output ensemble average and spread for Current Time ------
    
 gfldo%idrtmpl(3)=           2
 -----  Ensemble Average for Current Time ------
 REC PDTN PD1 PD2 PD3 PD10   PD12  YEAR MN DY HR FHR E16 E17    LEN       MAX         MIN      EXAMPLE
   9    2   3   5   4 100    5000  2021  3 23 12   0   0   3   65160   20710.08   19131.60   20126.08
 
 -----  Ensemble Spread for Current Time ------
 REC PDTN PD1 PD2 PD3 PD10   PD12  YEAR MN DY HR FHR E16 E17    LEN       MAX         MIN      EXAMPLE
   9    2   3   5   4 100    5000  2021  3 23 12   0   2   3   65160       0.02       0.00       0.00
 
 ----- Start Read Ensemble Forecast ------
    
 REC PDTN PD1 PD2 PD3 PD10   PD12  YEAR MN DY HR FHR E16 E17    LEN       MAX         MIN      EXAMPLE
  10    1   0   0   4 100    5000  2021  3 23 12   0   3   0   65160     226.43     200.63     218.13
 
 ----- Ensemble Forecast for Member ------
    
 REC PDTN PD1 PD2 PD3 PD10   PD12  YEAR MN DY HR FHR E16 E17    LEN       MAX         MIN      EXAMPLE
  10    1   0   0   4 100    5000  2021  3 23 12   0   3   1   65160     226.43     200.63     218.13
 
 REC PDTN PD1 PD2 PD3 PD10   PD12  YEAR MN DY HR FHR E16 E17    LEN       MAX         MIN      EXAMPLE
  10    1   0   0   4 100    5000  2021  3 23 12   0   3   2   65160     226.43     200.63     218.13
 
    
  variable has member           3
    
    
  Combined Ensemble Data Example at Point 8601 
   218.1   218.1   218.1
    
 ens_avg(8601)=    218.1270    
 ens_spr(8601)=   2.4698509E-04
    
 ----- Output ensemble average and spread for Current Time ------
    
 gfldo%idrtmpl(3)=           1
 -----  Ensemble Average for Current Time ------
 REC PDTN PD1 PD2 PD3 PD10   PD12  YEAR MN DY HR FHR E16 E17    LEN       MAX         MIN      EXAMPLE
  10    2   0   0   4 100    5000  2021  3 23 12   0   0   3   65160     226.43     200.63     218.13
 
 -----  Ensemble Spread for Current Time ------
 REC PDTN PD1 PD2 PD3 PD10   PD12  YEAR MN DY HR FHR E16 E17    LEN       MAX         MIN      EXAMPLE
  10    2   0   0   4 100    5000  2021  3 23 12   0   2   3   65160       0.06       0.00       0.00
 
 ----- Start Read Ensemble Forecast ------
    
 REC PDTN PD1 PD2 PD3 PD10   PD12  YEAR MN DY HR FHR E16 E17    LEN       MAX         MIN      EXAMPLE
  11    1   1   1   4 100    5000  2021  3 23 12   0   3   0   65160       9.50       0.10       0.60
 
 ----- Ensemble Forecast for Member ------
    
 REC PDTN PD1 PD2 PD3 PD10   PD12  YEAR MN DY HR FHR E16 E17    LEN       MAX         MIN      EXAMPLE
  11    1   1   1   4 100    5000  2021  3 23 12   0   3   1   65160       9.50       0.10       0.60
 
 REC PDTN PD1 PD2 PD3 PD10   PD12  YEAR MN DY HR FHR E16 E17    LEN       MAX         MIN      EXAMPLE
  11    1   1   1   4 100    5000  2021  3 23 12   0   3   2   65160       9.50       0.10       0.60
 
    
  variable has member           3
    
    
  Combined Ensemble Data Example at Point 8601 
     0.6     0.6     0.6
    
 ens_avg(8601)=   0.6000000    
 ens_spr(8601)=   0.0000000E+00
    
 ----- Output ensemble average and spread for Current Time ------
    
 gfldo%idrtmpl(3)=           1
 -----  Ensemble Average for Current Time ------
 REC PDTN PD1 PD2 PD3 PD10   PD12  YEAR MN DY HR FHR E16 E17    LEN       MAX         MIN      EXAMPLE
  11    2   1   1   4 100    5000  2021  3 23 12   0   0   3   65160       9.50       0.10       0.60
 
 -----  Ensemble Spread for Current Time ------
 REC PDTN PD1 PD2 PD3 PD10   PD12  YEAR MN DY HR FHR E16 E17    LEN       MAX         MIN      EXAMPLE
  11    2   1   1   4 100    5000  2021  3 23 12   0   2   3   65160       0.06       0.00       0.00
 
 ----- Start Read Ensemble Forecast ------
    
 REC PDTN PD1 PD2 PD3 PD10   PD12  YEAR MN DY HR FHR E16 E17    LEN       MAX         MIN      EXAMPLE
  12    1   2   2   4 100    5000  2021  3 23 12   0   3   0   65160      48.13     -15.57      20.60
 
 ----- Ensemble Forecast for Member ------
    
 REC PDTN PD1 PD2 PD3 PD10   PD12  YEAR MN DY HR FHR E16 E17    LEN       MAX         MIN      EXAMPLE
  12    1   2   2   4 100    5000  2021  3 23 12   0   3   1   65160      48.13     -15.57      20.61
 
 REC PDTN PD1 PD2 PD3 PD10   PD12  YEAR MN DY HR FHR E16 E17    LEN       MAX         MIN      EXAMPLE
  12    1   2   2   4 100    5000  2021  3 23 12   0   3   2   65160      48.13     -15.58      20.60
 
    
  variable has member           3
    
    
  Combined Ensemble Data Example at Point 8601 
    20.6    20.6    20.6
    
 ens_avg(8601)=    20.60054    
 ens_spr(8601)=   5.2614906E-03
    
 ----- Output ensemble average and spread for Current Time ------
    
 gfldo%idrtmpl(3)=           2
 -----  Ensemble Average for Current Time ------
 REC PDTN PD1 PD2 PD3 PD10   PD12  YEAR MN DY HR FHR E16 E17    LEN       MAX         MIN      EXAMPLE
  12    2   2   2   4 100    5000  2021  3 23 12   0   0   3   65160      48.13     -15.58      20.60
 
 -----  Ensemble Spread for Current Time ------
 REC PDTN PD1 PD2 PD3 PD10   PD12  YEAR MN DY HR FHR E16 E17    LEN       MAX         MIN      EXAMPLE
  12    2   2   2   4 100    5000  2021  3 23 12   0   2   3   65160       0.05       0.00       0.01
 
 ----- Start Read Ensemble Forecast ------
    
 REC PDTN PD1 PD2 PD3 PD10   PD12  YEAR MN DY HR FHR E16 E17    LEN       MAX         MIN      EXAMPLE
  13    1   2   3   4 100    5000  2021  3 23 12   0   3   0   65160      24.23     -24.31       2.32
 
 ----- Ensemble Forecast for Member ------
    
 REC PDTN PD1 PD2 PD3 PD10   PD12  YEAR MN DY HR FHR E16 E17    LEN       MAX         MIN      EXAMPLE
  13    1   2   3   4 100    5000  2021  3 23 12   0   3   1   65160      24.24     -24.30       2.33
 
 REC PDTN PD1 PD2 PD3 PD10   PD12  YEAR MN DY HR FHR E16 E17    LEN       MAX         MIN      EXAMPLE
  13    1   2   3   4 100    5000  2021  3 23 12   0   3   2   65160      24.23     -24.31       2.33
 
    
  variable has member           3
    
    
  Combined Ensemble Data Example at Point 8601 
     2.3     2.3     2.3
    
 ens_avg(8601)=    2.330334    
 ens_spr(8601)=   5.3929635E-03
    
 ----- Output ensemble average and spread for Current Time ------
    
 gfldo%idrtmpl(3)=           2
 -----  Ensemble Average for Current Time ------
 REC PDTN PD1 PD2 PD3 PD10   PD12  YEAR MN DY HR FHR E16 E17    LEN       MAX         MIN      EXAMPLE
  13    2   2   3   4 100    5000  2021  3 23 12   0   0   3   65160      24.24     -24.30       2.33
 
 -----  Ensemble Spread for Current Time ------
 REC PDTN PD1 PD2 PD3 PD10   PD12  YEAR MN DY HR FHR E16 E17    LEN       MAX         MIN      EXAMPLE
  13    2   2   3   4 100    5000  2021  3 23 12   0   2   3   65160       0.04       0.00       0.01
 
 ----- Start Read Ensemble Forecast ------
    
 REC PDTN PD1 PD2 PD3 PD10   PD12  YEAR MN DY HR FHR E16 E17    LEN       MAX         MIN      EXAMPLE
  14    1   3   5   4 100   10000  2021  3 23 12   0   3   0   65160   16612.20   15006.36   15607.84
 
 ----- Ensemble Forecast for Member ------
    
 REC PDTN PD1 PD2 PD3 PD10   PD12  YEAR MN DY HR FHR E16 E17    LEN       MAX         MIN      EXAMPLE
  14    1   3   5   4 100   10000  2021  3 23 12   0   3   1   65160   16612.20   15006.36   15607.84
 
 REC PDTN PD1 PD2 PD3 PD10   PD12  YEAR MN DY HR FHR E16 E17    LEN       MAX         MIN      EXAMPLE
  14    1   3   5   4 100   10000  2021  3 23 12   0   3   2   65160   16612.20   15006.36   15607.84
 
    
  variable has member           3
    
    
  Combined Ensemble Data Example at Point 8601 
 15607.8 15607.8 15607.8
    
 ens_avg(8601)=    15607.84    
 ens_spr(8601)=   1.1960400E-03
    
 ----- Output ensemble average and spread for Current Time ------
    
 gfldo%idrtmpl(3)=           2
 -----  Ensemble Average for Current Time ------
 REC PDTN PD1 PD2 PD3 PD10   PD12  YEAR MN DY HR FHR E16 E17    LEN       MAX         MIN      EXAMPLE
  14    2   3   5   4 100   10000  2021  3 23 12   0   0   3   65160   16612.20   15006.36   15607.84
 
 -----  Ensemble Spread for Current Time ------
 REC PDTN PD1 PD2 PD3 PD10   PD12  YEAR MN DY HR FHR E16 E17    LEN       MAX         MIN      EXAMPLE
  14    2   3   5   4 100   10000  2021  3 23 12   0   2   3   65160       0.23       0.00       0.00
 
 ----- Start Read Ensemble Forecast ------
    
 REC PDTN PD1 PD2 PD3 PD10   PD12  YEAR MN DY HR FHR E16 E17    LEN       MAX         MIN      EXAMPLE
  15    1   0   0   4 100   10000  2021  3 23 12   0   3   0   65160     227.04     186.54     222.94
 
 ----- Ensemble Forecast for Member ------
    
 REC PDTN PD1 PD2 PD3 PD10   PD12  YEAR MN DY HR FHR E16 E17    LEN       MAX         MIN      EXAMPLE
  15    1   0   0   4 100   10000  2021  3 23 12   0   3   1   65160     227.04     186.54     222.94
 
 REC PDTN PD1 PD2 PD3 PD10   PD12  YEAR MN DY HR FHR E16 E17    LEN       MAX         MIN      EXAMPLE
  15    1   0   0   4 100   10000  2021  3 23 12   0   3   2   65160     227.04     186.54     222.94
 
    
  variable has member           3
    
    
  Combined Ensemble Data Example at Point 8601 
   222.9   222.9   222.9
    
 ens_avg(8601)=    222.9352    
 ens_spr(8601)=   0.0000000E+00
    
 ----- Output ensemble average and spread for Current Time ------
    
 gfldo%idrtmpl(3)=           1
 -----  Ensemble Average for Current Time ------
 REC PDTN PD1 PD2 PD3 PD10   PD12  YEAR MN DY HR FHR E16 E17    LEN       MAX         MIN      EXAMPLE
  15    2   0   0   4 100   10000  2021  3 23 12   0   0   3   65160     227.04     186.54     222.94
 
 -----  Ensemble Spread for Current Time ------
 REC PDTN PD1 PD2 PD3 PD10   PD12  YEAR MN DY HR FHR E16 E17    LEN       MAX         MIN      EXAMPLE
  15    2   0   0   4 100   10000  2021  3 23 12   0   2   3   65160       0.29       0.00       0.00
 
 ----- Start Read Ensemble Forecast ------
    
 REC PDTN PD1 PD2 PD3 PD10   PD12  YEAR MN DY HR FHR E16 E17    LEN       MAX         MIN      EXAMPLE
  16    1   1   1   4 100   10000  2021  3 23 12   0   3   0   65160      57.30       0.20       0.70
 
 ----- Ensemble Forecast for Member ------
    
 REC PDTN PD1 PD2 PD3 PD10   PD12  YEAR MN DY HR FHR E16 E17    LEN       MAX         MIN      EXAMPLE
  16    1   1   1   4 100   10000  2021  3 23 12   0   3   1   65160      57.30       0.20       0.70
 
 REC PDTN PD1 PD2 PD3 PD10   PD12  YEAR MN DY HR FHR E16 E17    LEN       MAX         MIN      EXAMPLE
  16    1   1   1   4 100   10000  2021  3 23 12   0   3   2   65160      57.30       0.20       0.70
 
    
  variable has member           3
    
    
  Combined Ensemble Data Example at Point 8601 
     0.7     0.7     0.7
    
 ens_avg(8601)=   0.7000000    
 ens_spr(8601)=   0.0000000E+00
    
 ----- Output ensemble average and spread for Current Time ------
    
 gfldo%idrtmpl(3)=           1
 -----  Ensemble Average for Current Time ------
 REC PDTN PD1 PD2 PD3 PD10   PD12  YEAR MN DY HR FHR E16 E17    LEN       MAX         MIN      EXAMPLE
  16    2   1   1   4 100   10000  2021  3 23 12   0   0   3   65160      57.30       0.20       0.70
 
 -----  Ensemble Spread for Current Time ------
 REC PDTN PD1 PD2 PD3 PD10   PD12  YEAR MN DY HR FHR E16 E17    LEN       MAX         MIN      EXAMPLE
  16    2   1   1   4 100   10000  2021  3 23 12   0   2   3   65160       2.46       0.00       0.00
 
 ----- Start Read Ensemble Forecast ------
    
 REC PDTN PD1 PD2 PD3 PD10   PD12  YEAR MN DY HR FHR E16 E17    LEN       MAX         MIN      EXAMPLE
  17    1   2   2   4 100   10000  2021  3 23 12   0   3   0   65160      41.48     -24.17      19.56
 
 ----- Ensemble Forecast for Member ------
    
 REC PDTN PD1 PD2 PD3 PD10   PD12  YEAR MN DY HR FHR E16 E17    LEN       MAX         MIN      EXAMPLE
  17    1   2   2   4 100   10000  2021  3 23 12   0   3   1   65160      41.46     -24.19      19.59
 
 REC PDTN PD1 PD2 PD3 PD10   PD12  YEAR MN DY HR FHR E16 E17    LEN       MAX         MIN      EXAMPLE
  17    1   2   2   4 100   10000  2021  3 23 12   0   3   2   65160      41.50     -24.18      19.55
 
    
  variable has member           3
    
    
  Combined Ensemble Data Example at Point 8601 
    19.6    19.6    19.6
    
 ens_avg(8601)=    19.56758    
 ens_spr(8601)=   1.8271349E-02
    
 ----- Output ensemble average and spread for Current Time ------
    
 gfldo%idrtmpl(3)=           2
 -----  Ensemble Average for Current Time ------
 REC PDTN PD1 PD2 PD3 PD10   PD12  YEAR MN DY HR FHR E16 E17    LEN       MAX         MIN      EXAMPLE
  17    2   2   2   4 100   10000  2021  3 23 12   0   0   3   65160      41.48     -24.18      19.57
 
 -----  Ensemble Spread for Current Time ------
 REC PDTN PD1 PD2 PD3 PD10   PD12  YEAR MN DY HR FHR E16 E17    LEN       MAX         MIN      EXAMPLE
  17    2   2   2   4 100   10000  2021  3 23 12   0   2   3   65160       0.21       0.00       0.02
 
 ----- Start Read Ensemble Forecast ------
    
 REC PDTN PD1 PD2 PD3 PD10   PD12  YEAR MN DY HR FHR E16 E17    LEN       MAX         MIN      EXAMPLE
  18    1   2   3   4 100   10000  2021  3 23 12   0   3   0   65160      27.36     -21.96       1.63
 
 ----- Ensemble Forecast for Member ------
    
 REC PDTN PD1 PD2 PD3 PD10   PD12  YEAR MN DY HR FHR E16 E17    LEN       MAX         MIN      EXAMPLE
  18    1   2   3   4 100   10000  2021  3 23 12   0   3   1   65160      27.39     -21.95       1.65
 
 REC PDTN PD1 PD2 PD3 PD10   PD12  YEAR MN DY HR FHR E16 E17    LEN       MAX         MIN      EXAMPLE
  18    1   2   3   4 100   10000  2021  3 23 12   0   3   2   65160      27.40     -21.94       1.64
 
    
  variable has member           3
    
    
  Combined Ensemble Data Example at Point 8601 
     1.6     1.7     1.6
    
 ens_avg(8601)=    1.643209    
 ens_spr(8601)=   1.0001183E-02
    
 ----- Output ensemble average and spread for Current Time ------
    
 gfldo%idrtmpl(3)=           2
 -----  Ensemble Average for Current Time ------
 REC PDTN PD1 PD2 PD3 PD10   PD12  YEAR MN DY HR FHR E16 E17    LEN       MAX         MIN      EXAMPLE
  18    2   2   3   4 100   10000  2021  3 23 12   0   0   3   65160      27.39     -21.95       1.64
 
 -----  Ensemble Spread for Current Time ------
 REC PDTN PD1 PD2 PD3 PD10   PD12  YEAR MN DY HR FHR E16 E17    LEN       MAX         MIN      EXAMPLE
  18    2   2   3   4 100   10000  2021  3 23 12   0   2   3   65160       0.36       0.00       0.01
 
 ----- Start Read Ensemble Forecast ------
    
 REC PDTN PD1 PD2 PD3 PD10   PD12  YEAR MN DY HR FHR E16 E17    LEN       MAX         MIN      EXAMPLE
  19    1   3   5   4 100   20000  2021  3 23 12   0   3   0   65160   12486.01   10738.49   11025.61
 
 ----- Ensemble Forecast for Member ------
    
 REC PDTN PD1 PD2 PD3 PD10   PD12  YEAR MN DY HR FHR E16 E17    LEN       MAX         MIN      EXAMPLE
  19    1   3   5   4 100   20000  2021  3 23 12   0   3   1   65160   12485.97   10738.49   11025.61
 
 REC PDTN PD1 PD2 PD3 PD10   PD12  YEAR MN DY HR FHR E16 E17    LEN       MAX         MIN      EXAMPLE
  19    1   3   5   4 100   20000  2021  3 23 12   0   3   2   65160   12486.01   10738.49   11025.61
 
    
  variable has member           3
    
    
  Combined Ensemble Data Example at Point 8601 
 11025.6 11025.6 11025.6
    
 ens_avg(8601)=    11025.61    
 ens_spr(8601)=   0.0000000E+00
    
 ----- Output ensemble average and spread for Current Time ------
    
 gfldo%idrtmpl(3)=           2
 -----  Ensemble Average for Current Time ------
 REC PDTN PD1 PD2 PD3 PD10   PD12  YEAR MN DY HR FHR E16 E17    LEN       MAX         MIN      EXAMPLE
  19    2   3   5   4 100   20000  2021  3 23 12   0   0   3   65160   12486.00   10738.49   11025.61
 
 -----  Ensemble Spread for Current Time ------
 REC PDTN PD1 PD2 PD3 PD10   PD12  YEAR MN DY HR FHR E16 E17    LEN       MAX         MIN      EXAMPLE
  19    2   3   5   4 100   20000  2021  3 23 12   0   2   3   65160       0.17       0.00       0.00
 
 ----- Start Read Ensemble Forecast ------
    
 REC PDTN PD1 PD2 PD3 PD10   PD12  YEAR MN DY HR FHR E16 E17    LEN       MAX         MIN      EXAMPLE
  20    1   0   0   4 100   20000  2021  3 23 12   0   3   0   65160     232.83     205.33     227.53
 
 ----- Ensemble Forecast for Member ------
    
 REC PDTN PD1 PD2 PD3 PD10   PD12  YEAR MN DY HR FHR E16 E17    LEN       MAX         MIN      EXAMPLE
  20    1   0   0   4 100   20000  2021  3 23 12   0   3   1   65160     232.83     205.33     227.53
 
 REC PDTN PD1 PD2 PD3 PD10   PD12  YEAR MN DY HR FHR E16 E17    LEN       MAX         MIN      EXAMPLE
  20    1   0   0   4 100   20000  2021  3 23 12   0   3   2   65160     232.83     205.33     227.53
 
    
  variable has member           3
    
    
  Combined Ensemble Data Example at Point 8601 
   227.5   227.5   227.5
    
 ens_avg(8601)=    227.5286    
 ens_spr(8601)=   0.0000000E+00
    
 ----- Output ensemble average and spread for Current Time ------
    
 gfldo%idrtmpl(3)=           1
 -----  Ensemble Average for Current Time ------
 REC PDTN PD1 PD2 PD3 PD10   PD12  YEAR MN DY HR FHR E16 E17    LEN       MAX         MIN      EXAMPLE
  20    2   0   0   4 100   20000  2021  3 23 12   0   0   3   65160     232.83     205.33     227.53
 
 -----  Ensemble Spread for Current Time ------
 REC PDTN PD1 PD2 PD3 PD10   PD12  YEAR MN DY HR FHR E16 E17    LEN       MAX         MIN      EXAMPLE
  20    2   0   0   4 100   20000  2021  3 23 12   0   2   3   65160       0.26       0.00       0.00
 
 ----- Start Read Ensemble Forecast ------
    
 REC PDTN PD1 PD2 PD3 PD10   PD12  YEAR MN DY HR FHR E16 E17    LEN       MAX         MIN      EXAMPLE
  21    1   1   1   4 100   20000  2021  3 23 12   0   3   0   65160      63.60       0.20       0.80
 
 ----- Ensemble Forecast for Member ------
    
 REC PDTN PD1 PD2 PD3 PD10   PD12  YEAR MN DY HR FHR E16 E17    LEN       MAX         MIN      EXAMPLE
  21    1   1   1   4 100   20000  2021  3 23 12   0   3   1   65160      63.60       0.20       0.80
 
 REC PDTN PD1 PD2 PD3 PD10   PD12  YEAR MN DY HR FHR E16 E17    LEN       MAX         MIN      EXAMPLE
  21    1   1   1   4 100   20000  2021  3 23 12   0   3   2   65160      63.60       0.20       0.80
 
    
  variable has member           3
    
    
  Combined Ensemble Data Example at Point 8601 
     0.8     0.8     0.8
    
 ens_avg(8601)=   0.8000001    
 ens_spr(8601)=   7.3000486E-08
    
 ----- Output ensemble average and spread for Current Time ------
    
 gfldo%idrtmpl(3)=           1
 -----  Ensemble Average for Current Time ------
 REC PDTN PD1 PD2 PD3 PD10   PD12  YEAR MN DY HR FHR E16 E17    LEN       MAX         MIN      EXAMPLE
  21    2   1   1   4 100   20000  2021  3 23 12   0   0   3   65160      63.37       0.20       0.80
 
 -----  Ensemble Spread for Current Time ------
 REC PDTN PD1 PD2 PD3 PD10   PD12  YEAR MN DY HR FHR E16 E17    LEN       MAX         MIN      EXAMPLE
  21    2   1   1   4 100   20000  2021  3 23 12   0   2   3   65160      10.28       0.00       0.00
 
 ----- Start Read Ensemble Forecast ------
    
 REC PDTN PD1 PD2 PD3 PD10   PD12  YEAR MN DY HR FHR E16 E17    LEN       MAX         MIN      EXAMPLE
  22    1   2   2   4 100   20000  2021  3 23 12   0   3   0   65160      79.98     -18.52      17.58
 
 ----- Ensemble Forecast for Member ------
    
 REC PDTN PD1 PD2 PD3 PD10   PD12  YEAR MN DY HR FHR E16 E17    LEN       MAX         MIN      EXAMPLE
  22    1   2   2   4 100   20000  2021  3 23 12   0   3   1   65160      79.98     -18.52      17.58
 
 REC PDTN PD1 PD2 PD3 PD10   PD12  YEAR MN DY HR FHR E16 E17    LEN       MAX         MIN      EXAMPLE
  22    1   2   2   4 100   20000  2021  3 23 12   0   3   2   65160      79.99     -18.51      17.49
 
    
  variable has member           3
    
    
  Combined Ensemble Data Example at Point 8601 
    17.6    17.6    17.5
    
 ens_avg(8601)=    17.55010    
 ens_spr(8601)=   5.6200162E-02
    
 ----- Output ensemble average and spread for Current Time ------
    
 gfldo%idrtmpl(3)=           1
 -----  Ensemble Average for Current Time ------
 REC PDTN PD1 PD2 PD3 PD10   PD12  YEAR MN DY HR FHR E16 E17    LEN       MAX         MIN      EXAMPLE
  22    2   2   2   4 100   20000  2021  3 23 12   0   0   3   65160      79.98     -18.52      17.55
 
 -----  Ensemble Spread for Current Time ------
 REC PDTN PD1 PD2 PD3 PD10   PD12  YEAR MN DY HR FHR E16 E17    LEN       MAX         MIN      EXAMPLE
  22    2   2   2   4 100   20000  2021  3 23 12   0   2   3   65160       0.15       0.00       0.06
 
 ----- Start Read Ensemble Forecast ------
    
 REC PDTN PD1 PD2 PD3 PD10   PD12  YEAR MN DY HR FHR E16 E17    LEN       MAX         MIN      EXAMPLE
  23    1   2   3   4 100   20000  2021  3 23 12   0   3   0   65160      56.46     -51.24       4.06
 
 ----- Ensemble Forecast for Member ------
    
 REC PDTN PD1 PD2 PD3 PD10   PD12  YEAR MN DY HR FHR E16 E17    LEN       MAX         MIN      EXAMPLE
  23    1   2   3   4 100   20000  2021  3 23 12   0   3   1   65160      56.46     -51.14       4.06
 
 REC PDTN PD1 PD2 PD3 PD10   PD12  YEAR MN DY HR FHR E16 E17    LEN       MAX         MIN      EXAMPLE
  23    1   2   3   4 100   20000  2021  3 23 12   0   3   2   65160      56.56     -51.14       4.06
 
    
  variable has member           3
    
    
  Combined Ensemble Data Example at Point 8601 
     4.1     4.1     4.1
    
 ens_avg(8601)=    4.064000    
 ens_spr(8601)=   9.6575968E-04
    
 ----- Output ensemble average and spread for Current Time ------
    
 gfldo%idrtmpl(3)=           1
 -----  Ensemble Average for Current Time ------
 REC PDTN PD1 PD2 PD3 PD10   PD12  YEAR MN DY HR FHR E16 E17    LEN       MAX         MIN      EXAMPLE
  23    2   2   3   4 100   20000  2021  3 23 12   0   0   3   65160      56.50     -51.17       4.06
 
 -----  Ensemble Spread for Current Time ------
 REC PDTN PD1 PD2 PD3 PD10   PD12  YEAR MN DY HR FHR E16 E17    LEN       MAX         MIN      EXAMPLE
  23    2   2   3   4 100   20000  2021  3 23 12   0   2   3   65160       0.21       0.00       0.00
 
 ----- Start Read Ensemble Forecast ------
    
 REC PDTN PD1 PD2 PD3 PD10   PD12  YEAR MN DY HR FHR E16 E17    LEN       MAX         MIN      EXAMPLE
  24    1   3   5   4 100   25000  2021  3 23 12   0   3   0   65160   11001.91    9341.07    9541.31
 
 ----- Ensemble Forecast for Member ------
    
 REC PDTN PD1 PD2 PD3 PD10   PD12  YEAR MN DY HR FHR E16 E17    LEN       MAX         MIN      EXAMPLE
  24    1   3   5   4 100   25000  2021  3 23 12   0   3   1   65160   11001.95    9341.07    9541.31
 
 REC PDTN PD1 PD2 PD3 PD10   PD12  YEAR MN DY HR FHR E16 E17    LEN       MAX         MIN      EXAMPLE
  24    1   3   5   4 100   25000  2021  3 23 12   0   3   2   65160   11001.95    9341.07    9541.31
 
    
  variable has member           3
    
    
  Combined Ensemble Data Example at Point 8601 
  9541.3  9541.3  9541.3
    
 ens_avg(8601)=    9541.309    
 ens_spr(8601)=   0.0000000E+00
    
 ----- Output ensemble average and spread for Current Time ------
    
 gfldo%idrtmpl(3)=           2
 -----  Ensemble Average for Current Time ------
 REC PDTN PD1 PD2 PD3 PD10   PD12  YEAR MN DY HR FHR E16 E17    LEN       MAX         MIN      EXAMPLE
  24    2   3   5   4 100   25000  2021  3 23 12   0   0   3   65160   11001.94    9341.07    9541.31
 
 -----  Ensemble Spread for Current Time ------
 REC PDTN PD1 PD2 PD3 PD10   PD12  YEAR MN DY HR FHR E16 E17    LEN       MAX         MIN      EXAMPLE
  24    2   3   5   4 100   25000  2021  3 23 12   0   2   3   65160       0.14       0.00       0.00
 
 ----- Start Read Ensemble Forecast ------
    
 REC PDTN PD1 PD2 PD3 PD10   PD12  YEAR MN DY HR FHR E16 E17    LEN       MAX         MIN      EXAMPLE
  25    1   0   0   4 100   25000  2021  3 23 12   0   3   0   65160     235.17     203.47     227.67
 
 ----- Ensemble Forecast for Member ------
    
 REC PDTN PD1 PD2 PD3 PD10   PD12  YEAR MN DY HR FHR E16 E17    LEN       MAX         MIN      EXAMPLE
  25    1   0   0   4 100   25000  2021  3 23 12   0   3   1   65160     235.17     203.47     227.67
 
 REC PDTN PD1 PD2 PD3 PD10   PD12  YEAR MN DY HR FHR E16 E17    LEN       MAX         MIN      EXAMPLE
  25    1   0   0   4 100   25000  2021  3 23 12   0   3   2   65160     235.17     203.47     227.67
 
    
  variable has member           3
    
    
  Combined Ensemble Data Example at Point 8601 
   227.7   227.7   227.7
    
 ens_avg(8601)=    227.6741    
 ens_spr(8601)=   0.0000000E+00
    
 ----- Output ensemble average and spread for Current Time ------
    
 gfldo%idrtmpl(3)=           1
 -----  Ensemble Average for Current Time ------
 REC PDTN PD1 PD2 PD3 PD10   PD12  YEAR MN DY HR FHR E16 E17    LEN       MAX         MIN      EXAMPLE
  25    2   0   0   4 100   25000  2021  3 23 12   0   0   3   65160     235.17     203.47     227.67
 
 -----  Ensemble Spread for Current Time ------
 REC PDTN PD1 PD2 PD3 PD10   PD12  YEAR MN DY HR FHR E16 E17    LEN       MAX         MIN      EXAMPLE
  25    2   0   0   4 100   25000  2021  3 23 12   0   2   3   65160       0.12       0.00       0.00
 
 ----- Start Read Ensemble Forecast ------
    
 REC PDTN PD1 PD2 PD3 PD10   PD12  YEAR MN DY HR FHR E16 E17    LEN       MAX         MIN      EXAMPLE
  26    1   1   1   4 100   25000  2021  3 23 12   0   3   0   65160      70.00       0.40       1.50
 
 ----- Ensemble Forecast for Member ------
    
 REC PDTN PD1 PD2 PD3 PD10   PD12  YEAR MN DY HR FHR E16 E17    LEN       MAX         MIN      EXAMPLE
  26    1   1   1   4 100   25000  2021  3 23 12   0   3   1   65160      70.00       0.40       1.50
 
 REC PDTN PD1 PD2 PD3 PD10   PD12  YEAR MN DY HR FHR E16 E17    LEN       MAX         MIN      EXAMPLE
  26    1   1   1   4 100   25000  2021  3 23 12   0   3   2   65160      70.00       0.40       1.50
 
    
  variable has member           3
    
    
  Combined Ensemble Data Example at Point 8601 
     1.5     1.5     1.5
    
 ens_avg(8601)=    1.500000    
 ens_spr(8601)=   0.0000000E+00
    
 ----- Output ensemble average and spread for Current Time ------
    
 gfldo%idrtmpl(3)=           1
 -----  Ensemble Average for Current Time ------
 REC PDTN PD1 PD2 PD3 PD10   PD12  YEAR MN DY HR FHR E16 E17    LEN       MAX         MIN      EXAMPLE
  26    2   1   1   4 100   25000  2021  3 23 12   0   0   3   65160      70.00       0.40       1.50
 
 -----  Ensemble Spread for Current Time ------
 REC PDTN PD1 PD2 PD3 PD10   PD12  YEAR MN DY HR FHR E16 E17    LEN       MAX         MIN      EXAMPLE
  26    2   1   1   4 100   25000  2021  3 23 12   0   2   3   65160       6.93       0.00       0.00
 
 ----- Start Read Ensemble Forecast ------
    
 REC PDTN PD1 PD2 PD3 PD10   PD12  YEAR MN DY HR FHR E16 E17    LEN       MAX         MIN      EXAMPLE
  27    1   2   2   4 100   25000  2021  3 23 12   0   3   0   65160      81.19     -20.51      14.99
 
 ----- Ensemble Forecast for Member ------
    
 REC PDTN PD1 PD2 PD3 PD10   PD12  YEAR MN DY HR FHR E16 E17    LEN       MAX         MIN      EXAMPLE
  27    1   2   2   4 100   25000  2021  3 23 12   0   3   1   65160      81.22     -20.58      14.92
 
 REC PDTN PD1 PD2 PD3 PD10   PD12  YEAR MN DY HR FHR E16 E17    LEN       MAX         MIN      EXAMPLE
  27    1   2   2   4 100   25000  2021  3 23 12   0   3   2   65160      81.32     -20.48      14.92
 
    
  variable has member           3
    
    
  Combined Ensemble Data Example at Point 8601 
    15.0    14.9    14.9
    
 ens_avg(8601)=    14.94064    
 ens_spr(8601)=   3.9553750E-02
    
 ----- Output ensemble average and spread for Current Time ------
    
 gfldo%idrtmpl(3)=           1
 -----  Ensemble Average for Current Time ------
 REC PDTN PD1 PD2 PD3 PD10   PD12  YEAR MN DY HR FHR E16 E17    LEN       MAX         MIN      EXAMPLE
  27    2   2   2   4 100   25000  2021  3 23 12   0   0   3   65160      81.24     -20.53      14.94
 
 -----  Ensemble Spread for Current Time ------
 REC PDTN PD1 PD2 PD3 PD10   PD12  YEAR MN DY HR FHR E16 E17    LEN       MAX         MIN      EXAMPLE
  27    2   2   2   4 100   25000  2021  3 23 12   0   2   3   65160       0.26       0.02       0.04
 
 ----- Start Read Ensemble Forecast ------
    
 REC PDTN PD1 PD2 PD3 PD10   PD12  YEAR MN DY HR FHR E16 E17    LEN       MAX         MIN      EXAMPLE
  28    1   2   3   4 100   25000  2021  3 23 12   0   3   0   65160      66.39     -62.71       6.49
 
 ----- Ensemble Forecast for Member ------
    
 REC PDTN PD1 PD2 PD3 PD10   PD12  YEAR MN DY HR FHR E16 E17    LEN       MAX         MIN      EXAMPLE
  28    1   2   3   4 100   25000  2021  3 23 12   0   3   1   65160      66.49     -62.61       6.49
 
 REC PDTN PD1 PD2 PD3 PD10   PD12  YEAR MN DY HR FHR E16 E17    LEN       MAX         MIN      EXAMPLE
  28    1   2   3   4 100   25000  2021  3 23 12   0   3   2   65160      66.49     -62.61       6.49
 
    
  variable has member           3
    
    
  Combined Ensemble Data Example at Point 8601 
     6.5     6.5     6.5
    
 ens_avg(8601)=    6.494767    
 ens_spr(8601)=   1.8335118E-04
    
 ----- Output ensemble average and spread for Current Time ------
    
 gfldo%idrtmpl(3)=           1
 -----  Ensemble Average for Current Time ------
 REC PDTN PD1 PD2 PD3 PD10   PD12  YEAR MN DY HR FHR E16 E17    LEN       MAX         MIN      EXAMPLE
  28    2   2   3   4 100   25000  2021  3 23 12   0   0   3   65160      66.46     -62.64       6.49
 
 -----  Ensemble Spread for Current Time ------
 REC PDTN PD1 PD2 PD3 PD10   PD12  YEAR MN DY HR FHR E16 E17    LEN       MAX         MIN      EXAMPLE
  28    2   2   3   4 100   25000  2021  3 23 12   0   2   3   65160       0.12       0.00       0.00
 
 ----- Start Read Ensemble Forecast ------
    
 REC PDTN PD1 PD2 PD3 PD10   PD12  YEAR MN DY HR FHR E16 E17    LEN       MAX         MIN      EXAMPLE
  29    1   3   5   4 100   30000  2021  3 23 12   0   3   0   65160    9731.18    8149.58    8329.66
 
 ----- Ensemble Forecast for Member ------
    
 REC PDTN PD1 PD2 PD3 PD10   PD12  YEAR MN DY HR FHR E16 E17    LEN       MAX         MIN      EXAMPLE
  29    1   3   5   4 100   30000  2021  3 23 12   0   3   1   65160    9731.18    8149.58    8329.66
 
 REC PDTN PD1 PD2 PD3 PD10   PD12  YEAR MN DY HR FHR E16 E17    LEN       MAX         MIN      EXAMPLE
  29    1   3   5   4 100   30000  2021  3 23 12   0   3   2   65160    9731.18    8149.58    8329.66
 
    
  variable has member           3
    
    
  Combined Ensemble Data Example at Point 8601 
  8329.7  8329.7  8329.7
    
 ens_avg(8601)=    8329.657    
 ens_spr(8601)=   0.0000000E+00
    
 ----- Output ensemble average and spread for Current Time ------
    
 gfldo%idrtmpl(3)=           2
 -----  Ensemble Average for Current Time ------
 REC PDTN PD1 PD2 PD3 PD10   PD12  YEAR MN DY HR FHR E16 E17    LEN       MAX         MIN      EXAMPLE
  29    2   3   5   4 100   30000  2021  3 23 12   0   0   3   65160    9731.18    8149.58    8329.66
 
 -----  Ensemble Spread for Current Time ------
 REC PDTN PD1 PD2 PD3 PD10   PD12  YEAR MN DY HR FHR E16 E17    LEN       MAX         MIN      EXAMPLE
  29    2   3   5   4 100   30000  2021  3 23 12   0   2   3   65160       0.20       0.00       0.00
 
 ----- Start Read Ensemble Forecast ------
    
 REC PDTN PD1 PD2 PD3 PD10   PD12  YEAR MN DY HR FHR E16 E17    LEN       MAX         MIN      EXAMPLE
  30    1   2   2   4 100   30000  2021  3 23 12   0   3   0   65160      76.22     -27.78      16.32
 
 ----- Ensemble Forecast for Member ------
    
 REC PDTN PD1 PD2 PD3 PD10   PD12  YEAR MN DY HR FHR E16 E17    LEN       MAX         MIN      EXAMPLE
  30    1   2   2   4 100   30000  2021  3 23 12   0   3   1   65160      76.12     -27.78      16.32
 
 REC PDTN PD1 PD2 PD3 PD10   PD12  YEAR MN DY HR FHR E16 E17    LEN       MAX         MIN      EXAMPLE
  30    1   2   2   4 100   30000  2021  3 23 12   0   3   2   65160      76.22     -27.88      16.32
 
    
  variable has member           3
    
    
  Combined Ensemble Data Example at Point 8601 
    16.3    16.3    16.3
    
 ens_avg(8601)=    16.31564    
 ens_spr(8601)=   5.2909592E-05
    
 ----- Output ensemble average and spread for Current Time ------
    
 gfldo%idrtmpl(3)=           1
 -----  Ensemble Average for Current Time ------
 REC PDTN PD1 PD2 PD3 PD10   PD12  YEAR MN DY HR FHR E16 E17    LEN       MAX         MIN      EXAMPLE
  30    2   2   2   4 100   30000  2021  3 23 12   0   0   3   65160      76.18     -27.82      16.32
 
 -----  Ensemble Spread for Current Time ------
 REC PDTN PD1 PD2 PD3 PD10   PD12  YEAR MN DY HR FHR E16 E17    LEN       MAX         MIN      EXAMPLE
  30    2   2   2   4 100   30000  2021  3 23 12   0   2   3   65160       0.15       0.00       0.00
 
 ----- Start Read Ensemble Forecast ------
    
 REC PDTN PD1 PD2 PD3 PD10   PD12  YEAR MN DY HR FHR E16 E17    LEN       MAX         MIN      EXAMPLE
  31    1   2   3   4 100   30000  2021  3 23 12   0   3   0   65160      67.69     -60.51       6.69
 
 ----- Ensemble Forecast for Member ------
    
 REC PDTN PD1 PD2 PD3 PD10   PD12  YEAR MN DY HR FHR E16 E17    LEN       MAX         MIN      EXAMPLE
  31    1   2   3   4 100   30000  2021  3 23 12   0   3   1   65160      67.69     -60.41       6.59
 
 REC PDTN PD1 PD2 PD3 PD10   PD12  YEAR MN DY HR FHR E16 E17    LEN       MAX         MIN      EXAMPLE
  31    1   2   3   4 100   30000  2021  3 23 12   0   3   2   65160      67.66     -60.44       6.66
 
    
  variable has member           3
    
    
  Combined Ensemble Data Example at Point 8601 
     6.7     6.6     6.7
    
 ens_avg(8601)=    6.648326    
 ens_spr(8601)=   5.0505444E-02
    
 ----- Output ensemble average and spread for Current Time ------
    
 gfldo%idrtmpl(3)=           1
 -----  Ensemble Average for Current Time ------
 REC PDTN PD1 PD2 PD3 PD10   PD12  YEAR MN DY HR FHR E16 E17    LEN       MAX         MIN      EXAMPLE
  31    2   2   3   4 100   30000  2021  3 23 12   0   0   3   65160      67.68     -60.45       6.65
 
 -----  Ensemble Spread for Current Time ------
 REC PDTN PD1 PD2 PD3 PD10   PD12  YEAR MN DY HR FHR E16 E17    LEN       MAX         MIN      EXAMPLE
  31    2   2   3   4 100   30000  2021  3 23 12   0   2   3   65160       0.17       0.02       0.05
 
 ----- Start Read Ensemble Forecast ------
    
 REC PDTN PD1 PD2 PD3 PD10   PD12  YEAR MN DY HR FHR E16 E17    LEN       MAX         MIN      EXAMPLE
  32    1   2   2   4 100   40000  2021  3 23 12   0   3   0   65160      66.12     -24.78      17.42
 
 ----- Ensemble Forecast for Member ------
    
 REC PDTN PD1 PD2 PD3 PD10   PD12  YEAR MN DY HR FHR E16 E17    LEN       MAX         MIN      EXAMPLE
  32    1   2   2   4 100   40000  2021  3 23 12   0   3   1   65160      66.13     -24.77      17.43
 
 REC PDTN PD1 PD2 PD3 PD10   PD12  YEAR MN DY HR FHR E16 E17    LEN       MAX         MIN      EXAMPLE
  32    1   2   2   4 100   40000  2021  3 23 12   0   3   2   65160      66.08     -24.82      17.38
 
    
  variable has member           3
    
    
  Combined Ensemble Data Example at Point 8601 
    17.4    17.4    17.4
    
 ens_avg(8601)=    17.40869    
 ens_spr(8601)=   2.6888127E-02
    
 ----- Output ensemble average and spread for Current Time ------
    
 gfldo%idrtmpl(3)=           1
 -----  Ensemble Average for Current Time ------
 REC PDTN PD1 PD2 PD3 PD10   PD12  YEAR MN DY HR FHR E16 E17    LEN       MAX         MIN      EXAMPLE
  32    2   2   2   4 100   40000  2021  3 23 12   0   0   3   65160      66.11     -24.79      17.41
 
 -----  Ensemble Spread for Current Time ------
 REC PDTN PD1 PD2 PD3 PD10   PD12  YEAR MN DY HR FHR E16 E17    LEN       MAX         MIN      EXAMPLE
  32    2   2   2   4 100   40000  2021  3 23 12   0   2   3   65160       0.23       0.03       0.03
 
 ----- Start Read Ensemble Forecast ------
    
 REC PDTN PD1 PD2 PD3 PD10   PD12  YEAR MN DY HR FHR E16 E17    LEN       MAX         MIN      EXAMPLE
  33    1   2   3   4 100   40000  2021  3 23 12   0   3   0   65160      56.01     -50.69       7.21
 
 ----- Ensemble Forecast for Member ------
    
 REC PDTN PD1 PD2 PD3 PD10   PD12  YEAR MN DY HR FHR E16 E17    LEN       MAX         MIN      EXAMPLE
  33    1   2   3   4 100   40000  2021  3 23 12   0   3   1   65160      56.01     -50.69       7.21
 
 REC PDTN PD1 PD2 PD3 PD10   PD12  YEAR MN DY HR FHR E16 E17    LEN       MAX         MIN      EXAMPLE
  33    1   2   3   4 100   40000  2021  3 23 12   0   3   2   65160      56.09     -50.71       7.29
 
    
  variable has member           3
    
    
  Combined Ensemble Data Example at Point 8601 
     7.2     7.2     7.3
    
 ens_avg(8601)=    7.238235    
 ens_spr(8601)=   4.6846226E-02
    
 ----- Output ensemble average and spread for Current Time ------
    
 gfldo%idrtmpl(3)=           1
 -----  Ensemble Average for Current Time ------
 REC PDTN PD1 PD2 PD3 PD10   PD12  YEAR MN DY HR FHR E16 E17    LEN       MAX         MIN      EXAMPLE
  33    2   2   3   4 100   40000  2021  3 23 12   0   0   3   65160      56.04     -50.70       7.24
 
 -----  Ensemble Spread for Current Time ------
 REC PDTN PD1 PD2 PD3 PD10   PD12  YEAR MN DY HR FHR E16 E17    LEN       MAX         MIN      EXAMPLE
  33    2   2   3   4 100   40000  2021  3 23 12   0   2   3   65160       0.16       0.01       0.05
 
 ----- Start Read Ensemble Forecast ------
    
 REC PDTN PD1 PD2 PD3 PD10   PD12  YEAR MN DY HR FHR E16 E17    LEN       MAX         MIN      EXAMPLE
  34    1   3   5   4 100   50000  2021  3 23 12   0   3   0   65160    5915.66    4743.72    4949.40
 
 ----- Ensemble Forecast for Member ------
    
 REC PDTN PD1 PD2 PD3 PD10   PD12  YEAR MN DY HR FHR E16 E17    LEN       MAX         MIN      EXAMPLE
  34    1   3   5   4 100   50000  2021  3 23 12   0   3   1   65160    5915.65    4743.73    4949.39
 
 REC PDTN PD1 PD2 PD3 PD10   PD12  YEAR MN DY HR FHR E16 E17    LEN       MAX         MIN      EXAMPLE
  34    1   3   5   4 100   50000  2021  3 23 12   0   3   2   65160    5915.64    4743.72    4949.40
 
    
  variable has member           3
    
    
  Combined Ensemble Data Example at Point 8601 
  4949.4  4949.4  4949.4
    
 ens_avg(8601)=    4949.400    
 ens_spr(8601)=   7.2176489E-03
    
 ----- Output ensemble average and spread for Current Time ------
    
 gfldo%idrtmpl(3)=           2
 -----  Ensemble Average for Current Time ------
 REC PDTN PD1 PD2 PD3 PD10   PD12  YEAR MN DY HR FHR E16 E17    LEN       MAX         MIN      EXAMPLE
  34    2   3   5   4 100   50000  2021  3 23 12   0   0   3   65160    5915.65    4743.73    4949.40
 
 -----  Ensemble Spread for Current Time ------
 REC PDTN PD1 PD2 PD3 PD10   PD12  YEAR MN DY HR FHR E16 E17    LEN       MAX         MIN      EXAMPLE
  34    2   3   5   4 100   50000  2021  3 23 12   0   2   3   65160       0.18       0.00       0.01
 
 ----- Start Read Ensemble Forecast ------
    
 REC PDTN PD1 PD2 PD3 PD10   PD12  YEAR MN DY HR FHR E16 E17    LEN       MAX         MIN      EXAMPLE
  35    1   0   0   4 100   50000  2021  3 23 12   0   3   0   65160     270.72     225.12     231.92
 
 ----- Ensemble Forecast for Member ------
    
 REC PDTN PD1 PD2 PD3 PD10   PD12  YEAR MN DY HR FHR E16 E17    LEN       MAX         MIN      EXAMPLE
  35    1   0   0   4 100   50000  2021  3 23 12   0   3   1   65160     270.72     225.12     231.92
 
 REC PDTN PD1 PD2 PD3 PD10   PD12  YEAR MN DY HR FHR E16 E17    LEN       MAX         MIN      EXAMPLE
  35    1   0   0   4 100   50000  2021  3 23 12   0   3   2   65160     270.72     225.12     231.92
 
    
  variable has member           3
    
    
  Combined Ensemble Data Example at Point 8601 
   231.9   231.9   231.9
    
 ens_avg(8601)=    231.9165    
 ens_spr(8601)=   0.0000000E+00
    
 ----- Output ensemble average and spread for Current Time ------
    
 gfldo%idrtmpl(3)=           1
 -----  Ensemble Average for Current Time ------
 REC PDTN PD1 PD2 PD3 PD10   PD12  YEAR MN DY HR FHR E16 E17    LEN       MAX         MIN      EXAMPLE
  35    2   0   0   4 100   50000  2021  3 23 12   0   0   3   65160     270.72     225.12     231.92
 
 -----  Ensemble Spread for Current Time ------
 REC PDTN PD1 PD2 PD3 PD10   PD12  YEAR MN DY HR FHR E16 E17    LEN       MAX         MIN      EXAMPLE
  35    2   0   0   4 100   50000  2021  3 23 12   0   2   3   65160       0.55       0.00       0.00
 
 ----- Start Read Ensemble Forecast ------
    
 REC PDTN PD1 PD2 PD3 PD10   PD12  YEAR MN DY HR FHR E16 E17    LEN       MAX         MIN      EXAMPLE
  36    1   1   1   4 100   50000  2021  3 23 12   0   3   0   65160      98.20       0.60      42.90
 
 ----- Ensemble Forecast for Member ------
    
 REC PDTN PD1 PD2 PD3 PD10   PD12  YEAR MN DY HR FHR E16 E17    LEN       MAX         MIN      EXAMPLE
  36    1   1   1   4 100   50000  2021  3 23 12   0   3   1   65160      98.40       0.60      43.00
 
 REC PDTN PD1 PD2 PD3 PD10   PD12  YEAR MN DY HR FHR E16 E17    LEN       MAX         MIN      EXAMPLE
  36    1   1   1   4 100   50000  2021  3 23 12   0   3   2   65160      98.00       0.60      43.00
 
    
  variable has member           3
    
    
  Combined Ensemble Data Example at Point 8601 
    42.9    43.0    43.0
    
 ens_avg(8601)=    42.96667    
 ens_spr(8601)=   5.7734147E-02
    
 ----- Output ensemble average and spread for Current Time ------
    
 gfldo%idrtmpl(3)=           1
 -----  Ensemble Average for Current Time ------
 REC PDTN PD1 PD2 PD3 PD10   PD12  YEAR MN DY HR FHR E16 E17    LEN       MAX         MIN      EXAMPLE
  36    2   1   1   4 100   50000  2021  3 23 12   0   0   3   65160      98.20       0.60      42.97
 
 -----  Ensemble Spread for Current Time ------
 REC PDTN PD1 PD2 PD3 PD10   PD12  YEAR MN DY HR FHR E16 E17    LEN       MAX         MIN      EXAMPLE
  36    2   1   1   4 100   50000  2021  3 23 12   0   2   3   65160       8.56       0.00       0.06
 
 ----- Start Read Ensemble Forecast ------
    
 REC PDTN PD1 PD2 PD3 PD10   PD12  YEAR MN DY HR FHR E16 E17    LEN       MAX         MIN      EXAMPLE
  37    1   2   2   4 100   50000  2021  3 23 12   0   3   0   65160      54.50     -18.19      12.50
 
 ----- Ensemble Forecast for Member ------
    
 REC PDTN PD1 PD2 PD3 PD10   PD12  YEAR MN DY HR FHR E16 E17    LEN       MAX         MIN      EXAMPLE
  37    1   2   2   4 100   50000  2021  3 23 12   0   3   1   65160      54.56     -18.13      12.54
 
 REC PDTN PD1 PD2 PD3 PD10   PD12  YEAR MN DY HR FHR E16 E17    LEN       MAX         MIN      EXAMPLE
  37    1   2   2   4 100   50000  2021  3 23 12   0   3   2   65160      54.47     -18.16      12.53
 
    
  variable has member           3
    
    
  Combined Ensemble Data Example at Point 8601 
    12.5    12.5    12.5
    
 ens_avg(8601)=    12.52482    
 ens_spr(8601)=   2.0250391E-02
    
 ----- Output ensemble average and spread for Current Time ------
    
 gfldo%idrtmpl(3)=           2
 -----  Ensemble Average for Current Time ------
 REC PDTN PD1 PD2 PD3 PD10   PD12  YEAR MN DY HR FHR E16 E17    LEN       MAX         MIN      EXAMPLE
  37    2   2   2   4 100   50000  2021  3 23 12   0   0   3   65160      54.51     -18.15      12.52
 
 -----  Ensemble Spread for Current Time ------
 REC PDTN PD1 PD2 PD3 PD10   PD12  YEAR MN DY HR FHR E16 E17    LEN       MAX         MIN      EXAMPLE
  37    2   2   2   4 100   50000  2021  3 23 12   0   2   3   65160       0.15       0.00       0.02
 
 ----- Start Read Ensemble Forecast ------
    
 REC PDTN PD1 PD2 PD3 PD10   PD12  YEAR MN DY HR FHR E16 E17    LEN       MAX         MIN      EXAMPLE
  38    1   2   3   4 100   50000  2021  3 23 12   0   3   0   65160      42.42     -41.96       8.17
 
 ----- Ensemble Forecast for Member ------
    
 REC PDTN PD1 PD2 PD3 PD10   PD12  YEAR MN DY HR FHR E16 E17    LEN       MAX         MIN      EXAMPLE
  38    1   2   3   4 100   50000  2021  3 23 12   0   3   1   65160      42.49     -41.92       8.15
 
 REC PDTN PD1 PD2 PD3 PD10   PD12  YEAR MN DY HR FHR E16 E17    LEN       MAX         MIN      EXAMPLE
  38    1   2   3   4 100   50000  2021  3 23 12   0   3   2   65160      42.33     -41.98       8.16
 
    
  variable has member           3
    
    
  Combined Ensemble Data Example at Point 8601 
     8.2     8.2     8.2
    
 ens_avg(8601)=    8.162188    
 ens_spr(8601)=   1.0250585E-02
    
 ----- Output ensemble average and spread for Current Time ------
    
 gfldo%idrtmpl(3)=           2
 -----  Ensemble Average for Current Time ------
 REC PDTN PD1 PD2 PD3 PD10   PD12  YEAR MN DY HR FHR E16 E17    LEN       MAX         MIN      EXAMPLE
  38    2   2   3   4 100   50000  2021  3 23 12   0   0   3   65160      42.42     -41.95       8.16
 
 -----  Ensemble Spread for Current Time ------
 REC PDTN PD1 PD2 PD3 PD10   PD12  YEAR MN DY HR FHR E16 E17    LEN       MAX         MIN      EXAMPLE
  38    2   2   3   4 100   50000  2021  3 23 12   0   2   3   65160       0.23       0.00       0.01
 
 ----- Start Read Ensemble Forecast ------
    
 REC PDTN PD1 PD2 PD3 PD10   PD12  YEAR MN DY HR FHR E16 E17    LEN       MAX         MIN      EXAMPLE
  39    1   3   5   4 100   70000  2021  3 23 12   0   3   0   65160    3231.72    2305.88    2607.46
 
 ----- Ensemble Forecast for Member ------
    
 REC PDTN PD1 PD2 PD3 PD10   PD12  YEAR MN DY HR FHR E16 E17    LEN       MAX         MIN      EXAMPLE
  39    1   3   5   4 100   70000  2021  3 23 12   0   3   1   65160    3231.73    2305.89    2607.46
 
 REC PDTN PD1 PD2 PD3 PD10   PD12  YEAR MN DY HR FHR E16 E17    LEN       MAX         MIN      EXAMPLE
  39    1   3   5   4 100   70000  2021  3 23 12   0   3   2   65160    3231.72    2305.88    2607.46
 
    
  variable has member           3
    
    
  Combined Ensemble Data Example at Point 8601 
  2607.5  2607.5  2607.5
    
 ens_avg(8601)=    2607.462    
 ens_spr(8601)=   3.9479886E-03
    
 ----- Output ensemble average and spread for Current Time ------
    
 gfldo%idrtmpl(3)=           3
 -----  Ensemble Average for Current Time ------
 REC PDTN PD1 PD2 PD3 PD10   PD12  YEAR MN DY HR FHR E16 E17    LEN       MAX         MIN      EXAMPLE
  39    2   3   5   4 100   70000  2021  3 23 12   0   0   3   65160    3231.72    2305.88    2607.46
 
 -----  Ensemble Spread for Current Time ------
 REC PDTN PD1 PD2 PD3 PD10   PD12  YEAR MN DY HR FHR E16 E17    LEN       MAX         MIN      EXAMPLE
  39    2   3   5   4 100   70000  2021  3 23 12   0   2   3   65160       0.38       0.00       0.00
 
 ----- Start Read Ensemble Forecast ------
    
 REC PDTN PD1 PD2 PD3 PD10   PD12  YEAR MN DY HR FHR E16 E17    LEN       MAX         MIN      EXAMPLE
  40    1   0   0   4 100   70000  2021  3 23 12   0   3   0   65160     288.26     224.86     242.26
 
 ----- Ensemble Forecast for Member ------
    
 REC PDTN PD1 PD2 PD3 PD10   PD12  YEAR MN DY HR FHR E16 E17    LEN       MAX         MIN      EXAMPLE
  40    1   0   0   4 100   70000  2021  3 23 12   0   3   1   65160     288.26     224.86     242.26
 
 REC PDTN PD1 PD2 PD3 PD10   PD12  YEAR MN DY HR FHR E16 E17    LEN       MAX         MIN      EXAMPLE
  40    1   0   0   4 100   70000  2021  3 23 12   0   3   2   65160     288.26     224.86     242.26
 
    
  variable has member           3
    
    
  Combined Ensemble Data Example at Point 8601 
   242.3   242.3   242.3
    
 ens_avg(8601)=    242.2593    
 ens_spr(8601)=   0.0000000E+00
    
 ----- Output ensemble average and spread for Current Time ------
    
 gfldo%idrtmpl(3)=           1
 -----  Ensemble Average for Current Time ------
 REC PDTN PD1 PD2 PD3 PD10   PD12  YEAR MN DY HR FHR E16 E17    LEN       MAX         MIN      EXAMPLE
  40    2   0   0   4 100   70000  2021  3 23 12   0   0   3   65160     288.26     224.86     242.26
 
 -----  Ensemble Spread for Current Time ------
 REC PDTN PD1 PD2 PD3 PD10   PD12  YEAR MN DY HR FHR E16 E17    LEN       MAX         MIN      EXAMPLE
  40    2   0   0   4 100   70000  2021  3 23 12   0   2   3   65160       0.56       0.00       0.00
 
 ----- Start Read Ensemble Forecast ------
    
 REC PDTN PD1 PD2 PD3 PD10   PD12  YEAR MN DY HR FHR E16 E17    LEN       MAX         MIN      EXAMPLE
  41    1   1   1   4 100   70000  2021  3 23 12   0   3   0   65160     100.00       0.30      64.70
 
 ----- Ensemble Forecast for Member ------
    
 REC PDTN PD1 PD2 PD3 PD10   PD12  YEAR MN DY HR FHR E16 E17    LEN       MAX         MIN      EXAMPLE
  41    1   1   1   4 100   70000  2021  3 23 12   0   3   1   65160     100.00       0.30      64.80
 
 REC PDTN PD1 PD2 PD3 PD10   PD12  YEAR MN DY HR FHR E16 E17    LEN       MAX         MIN      EXAMPLE
  41    1   1   1   4 100   70000  2021  3 23 12   0   3   2   65160     100.00       0.30      64.90
 
    
  variable has member           3
    
    
  Combined Ensemble Data Example at Point 8601 
    64.7    64.8    64.9
    
 ens_avg(8601)=    64.80000    
 ens_spr(8601)=   0.1000023    
    
 ----- Output ensemble average and spread for Current Time ------
    
 gfldo%idrtmpl(3)=           1
 -----  Ensemble Average for Current Time ------
 REC PDTN PD1 PD2 PD3 PD10   PD12  YEAR MN DY HR FHR E16 E17    LEN       MAX         MIN      EXAMPLE
  41    2   1   1   4 100   70000  2021  3 23 12   0   0   3   65160     100.00       0.30      64.80
 
 -----  Ensemble Spread for Current Time ------
 REC PDTN PD1 PD2 PD3 PD10   PD12  YEAR MN DY HR FHR E16 E17    LEN       MAX         MIN      EXAMPLE
  41    2   1   1   4 100   70000  2021  3 23 12   0   2   3   65160       5.32       0.00       0.10
 
 ----- Start Read Ensemble Forecast ------
    
 REC PDTN PD1 PD2 PD3 PD10   PD12  YEAR MN DY HR FHR E16 E17    LEN       MAX         MIN      EXAMPLE
  42    1   2   2   4 100   70000  2021  3 23 12   0   3   0   65160      36.94     -15.93       4.59
 
 ----- Ensemble Forecast for Member ------
    
 REC PDTN PD1 PD2 PD3 PD10   PD12  YEAR MN DY HR FHR E16 E17    LEN       MAX         MIN      EXAMPLE
  42    1   2   2   4 100   70000  2021  3 23 12   0   3   1   65160      36.94     -15.93       4.59
 
 REC PDTN PD1 PD2 PD3 PD10   PD12  YEAR MN DY HR FHR E16 E17    LEN       MAX         MIN      EXAMPLE
  42    1   2   2   4 100   70000  2021  3 23 12   0   3   2   65160      36.92     -15.90       4.62
 
    
  variable has member           3
    
    
  Combined Ensemble Data Example at Point 8601 
     4.6     4.6     4.6
    
 ens_avg(8601)=    4.596418    
 ens_spr(8601)=   1.6409272E-02
    
 ----- Output ensemble average and spread for Current Time ------
    
 gfldo%idrtmpl(3)=           2
 -----  Ensemble Average for Current Time ------
 REC PDTN PD1 PD2 PD3 PD10   PD12  YEAR MN DY HR FHR E16 E17    LEN       MAX         MIN      EXAMPLE
  42    2   2   2   4 100   70000  2021  3 23 12   0   0   3   65160      36.93     -15.92       4.60
 
 -----  Ensemble Spread for Current Time ------
 REC PDTN PD1 PD2 PD3 PD10   PD12  YEAR MN DY HR FHR E16 E17    LEN       MAX         MIN      EXAMPLE
  42    2   2   2   4 100   70000  2021  3 23 12   0   2   3   65160       0.27       0.00       0.02
 
 ----- Start Read Ensemble Forecast ------
    
 REC PDTN PD1 PD2 PD3 PD10   PD12  YEAR MN DY HR FHR E16 E17    LEN       MAX         MIN      EXAMPLE
  43    1   2   3   4 100   70000  2021  3 23 12   0   3   0   65160      27.05     -25.85      -1.74
 
 ----- Ensemble Forecast for Member ------
    
 REC PDTN PD1 PD2 PD3 PD10   PD12  YEAR MN DY HR FHR E16 E17    LEN       MAX         MIN      EXAMPLE
  43    1   2   3   4 100   70000  2021  3 23 12   0   3   1   65160      27.01     -25.85      -1.77
 
 REC PDTN PD1 PD2 PD3 PD10   PD12  YEAR MN DY HR FHR E16 E17    LEN       MAX         MIN      EXAMPLE
  43    1   2   3   4 100   70000  2021  3 23 12   0   3   2   65160      26.95     -25.85      -1.74
 
    
  variable has member           3
    
    
  Combined Ensemble Data Example at Point 8601 
    -1.7    -1.8    -1.7
    
 ens_avg(8601)=   -1.746094    
 ens_spr(8601)=   1.7320491E-02
    
 ----- Output ensemble average and spread for Current Time ------
    
 gfldo%idrtmpl(3)=           2
 -----  Ensemble Average for Current Time ------
 REC PDTN PD1 PD2 PD3 PD10   PD12  YEAR MN DY HR FHR E16 E17    LEN       MAX         MIN      EXAMPLE
  43    2   2   3   4 100   70000  2021  3 23 12   0   0   3   65160      27.01     -25.85      -1.75
 
 -----  Ensemble Spread for Current Time ------
 REC PDTN PD1 PD2 PD3 PD10   PD12  YEAR MN DY HR FHR E16 E17    LEN       MAX         MIN      EXAMPLE
  43    2   2   3   4 100   70000  2021  3 23 12   0   2   3   65160       0.20       0.00       0.02
 
 ----- Start Read Ensemble Forecast ------
    
 REC PDTN PD1 PD2 PD3 PD10   PD12  YEAR MN DY HR FHR E16 E17    LEN       MAX         MIN      EXAMPLE
  44    1   3   5   4 100   85000  2021  3 23 12   0   3   0   65160    1626.43     814.72    1208.96
 
 ----- Ensemble Forecast for Member ------
    
 REC PDTN PD1 PD2 PD3 PD10   PD12  YEAR MN DY HR FHR E16 E17    LEN       MAX         MIN      EXAMPLE
  44    1   3   5   4 100   85000  2021  3 23 12   0   3   1   65160    1626.43     814.72    1208.96
 
 REC PDTN PD1 PD2 PD3 PD10   PD12  YEAR MN DY HR FHR E16 E17    LEN       MAX         MIN      EXAMPLE
  44    1   3   5   4 100   85000  2021  3 23 12   0   3   2   65160    1626.42     814.72    1208.96
 
    
  variable has member           3
    
    
  Combined Ensemble Data Example at Point 8601 
  1209.0  1209.0  1209.0
    
 ens_avg(8601)=    1208.960    
 ens_spr(8601)=   3.7276444E-03
    
 ----- Output ensemble average and spread for Current Time ------
    
 gfldo%idrtmpl(3)=           3
 -----  Ensemble Average for Current Time ------
 REC PDTN PD1 PD2 PD3 PD10   PD12  YEAR MN DY HR FHR E16 E17    LEN       MAX         MIN      EXAMPLE
  44    2   3   5   4 100   85000  2021  3 23 12   0   0   3   65160    1626.43     814.72    1208.96
 
 -----  Ensemble Spread for Current Time ------
 REC PDTN PD1 PD2 PD3 PD10   PD12  YEAR MN DY HR FHR E16 E17    LEN       MAX         MIN      EXAMPLE
  44    2   3   5   4 100   85000  2021  3 23 12   0   2   3   65160       0.37       0.00       0.00
 
 ----- Start Read Ensemble Forecast ------
    
 REC PDTN PD1 PD2 PD3 PD10   PD12  YEAR MN DY HR FHR E16 E17    LEN       MAX         MIN      EXAMPLE
  45    1   0   0   4 100   85000  2021  3 23 12   0   3   0   65160     315.74     233.34     250.44
 
 ----- Ensemble Forecast for Member ------
    
 REC PDTN PD1 PD2 PD3 PD10   PD12  YEAR MN DY HR FHR E16 E17    LEN       MAX         MIN      EXAMPLE
  45    1   0   0   4 100   85000  2021  3 23 12   0   3   1   65160     315.74     233.34     250.44
 
 REC PDTN PD1 PD2 PD3 PD10   PD12  YEAR MN DY HR FHR E16 E17    LEN       MAX         MIN      EXAMPLE
  45    1   0   0   4 100   85000  2021  3 23 12   0   3   2   65160     315.74     233.34     250.44
 
    
  variable has member           3
    
    
  Combined Ensemble Data Example at Point 8601 
   250.4   250.4   250.4
    
 ens_avg(8601)=    250.4422    
 ens_spr(8601)=   0.0000000E+00
    
 ----- Output ensemble average and spread for Current Time ------
    
 gfldo%idrtmpl(3)=           1
 -----  Ensemble Average for Current Time ------
 REC PDTN PD1 PD2 PD3 PD10   PD12  YEAR MN DY HR FHR E16 E17    LEN       MAX         MIN      EXAMPLE
  45    2   0   0   4 100   85000  2021  3 23 12   0   0   3   65160     315.74     233.34     250.44
 
 -----  Ensemble Spread for Current Time ------
 REC PDTN PD1 PD2 PD3 PD10   PD12  YEAR MN DY HR FHR E16 E17    LEN       MAX         MIN      EXAMPLE
  45    2   0   0   4 100   85000  2021  3 23 12   0   2   3   65160       0.78       0.00       0.00
 
 ----- Start Read Ensemble Forecast ------
    
 REC PDTN PD1 PD2 PD3 PD10   PD12  YEAR MN DY HR FHR E16 E17    LEN       MAX         MIN      EXAMPLE
  46    1   1   1   4 100   85000  2021  3 23 12   0   3   0   65160     100.00       1.70      72.40
 
 ----- Ensemble Forecast for Member ------
    
 REC PDTN PD1 PD2 PD3 PD10   PD12  YEAR MN DY HR FHR E16 E17    LEN       MAX         MIN      EXAMPLE
  46    1   1   1   4 100   85000  2021  3 23 12   0   3   1   65160     100.00       1.70      72.40
 
 REC PDTN PD1 PD2 PD3 PD10   PD12  YEAR MN DY HR FHR E16 E17    LEN       MAX         MIN      EXAMPLE
  46    1   1   1   4 100   85000  2021  3 23 12   0   3   2   65160     100.00       1.70      72.40
 
    
  variable has member           3
    
    
  Combined Ensemble Data Example at Point 8601 
    72.4    72.4    72.4
    
 ens_avg(8601)=    72.40001    
 ens_spr(8601)=   9.3440622E-06
    
 ----- Output ensemble average and spread for Current Time ------
    
 gfldo%idrtmpl(3)=           1
 -----  Ensemble Average for Current Time ------
 REC PDTN PD1 PD2 PD3 PD10   PD12  YEAR MN DY HR FHR E16 E17    LEN       MAX         MIN      EXAMPLE
  46    2   1   1   4 100   85000  2021  3 23 12   0   0   3   65160     100.00       1.70      72.40
 
 -----  Ensemble Spread for Current Time ------
 REC PDTN PD1 PD2 PD3 PD10   PD12  YEAR MN DY HR FHR E16 E17    LEN       MAX         MIN      EXAMPLE
  46    2   1   1   4 100   85000  2021  3 23 12   0   2   3   65160       7.25       0.00       0.00
 
 ----- Start Read Ensemble Forecast ------
    
 REC PDTN PD1 PD2 PD3 PD10   PD12  YEAR MN DY HR FHR E16 E17    LEN       MAX         MIN      EXAMPLE
  47    1   2   8   4 100   85000  2021  3 23 12   0   3   0   65160       0.50      -0.77       0.18
 
 ----- Ensemble Forecast for Member ------
    
 REC PDTN PD1 PD2 PD3 PD10   PD12  YEAR MN DY HR FHR E16 E17    LEN       MAX         MIN      EXAMPLE
  47    1   2   8   4 100   85000  2021  3 23 12   0   3   1   65160       0.50      -0.77       0.18
 
 REC PDTN PD1 PD2 PD3 PD10   PD12  YEAR MN DY HR FHR E16 E17    LEN       MAX         MIN      EXAMPLE
  47    1   2   8   4 100   85000  2021  3 23 12   0   3   2   65160       0.50      -0.77       0.18
 
    
  variable has member           3
    
    
  Combined Ensemble Data Example at Point 8601 
     0.2     0.2     0.2
    
 ens_avg(8601)=   0.1789443    
 ens_spr(8601)=   0.0000000E+00
    
 ----- Output ensemble average and spread for Current Time ------
    
 gfldo%idrtmpl(3)=           4
 -----  Ensemble Average for Current Time ------
 REC PDTN PD1 PD2 PD3 PD10   PD12  YEAR MN DY HR FHR E16 E17    LEN       MAX         MIN      EXAMPLE
  47    2   2   8   4 100   85000  2021  3 23 12   0   0   3   65160       0.50      -0.77       0.18
 
 -----  Ensemble Spread for Current Time ------
 REC PDTN PD1 PD2 PD3 PD10   PD12  YEAR MN DY HR FHR E16 E17    LEN       MAX         MIN      EXAMPLE
  47    2   2   8   4 100   85000  2021  3 23 12   0   2   3   65160       0.00       0.00       0.00
 
 ----- Start Read Ensemble Forecast ------
    
 REC PDTN PD1 PD2 PD3 PD10   PD12  YEAR MN DY HR FHR E16 E17    LEN       MAX         MIN      EXAMPLE
  48    1   2   2   4 100   85000  2021  3 23 12   0   3   0   65160      31.08     -20.86       1.58
 
 ----- Ensemble Forecast for Member ------
    
 REC PDTN PD1 PD2 PD3 PD10   PD12  YEAR MN DY HR FHR E16 E17    LEN       MAX         MIN      EXAMPLE
  48    1   2   2   4 100   85000  2021  3 23 12   0   3   1   65160      31.07     -20.95       1.55
 
 REC PDTN PD1 PD2 PD3 PD10   PD12  YEAR MN DY HR FHR E16 E17    LEN       MAX         MIN      EXAMPLE
  48    1   2   2   4 100   85000  2021  3 23 12   0   3   2   65160      31.13     -20.83       1.61
 
    
  variable has member           3
    
    
  Combined Ensemble Data Example at Point 8601 
     1.6     1.6     1.6
    
 ens_avg(8601)=    1.583170    
 ens_spr(8601)=   3.1510763E-02
    
 ----- Output ensemble average and spread for Current Time ------
    
 gfldo%idrtmpl(3)=           2
 -----  Ensemble Average for Current Time ------
 REC PDTN PD1 PD2 PD3 PD10   PD12  YEAR MN DY HR FHR E16 E17    LEN       MAX         MIN      EXAMPLE
  48    2   2   2   4 100   85000  2021  3 23 12   0   0   3   65160      31.10     -20.88       1.58
 
 -----  Ensemble Spread for Current Time ------
 REC PDTN PD1 PD2 PD3 PD10   PD12  YEAR MN DY HR FHR E16 E17    LEN       MAX         MIN      EXAMPLE
  48    2   2   2   4 100   85000  2021  3 23 12   0   2   3   65160       0.42       0.00       0.03
 
 ----- Start Read Ensemble Forecast ------
    
 REC PDTN PD1 PD2 PD3 PD10   PD12  YEAR MN DY HR FHR E16 E17    LEN       MAX         MIN      EXAMPLE
  49    1   2   3   4 100   85000  2021  3 23 12   0   3   0   65160      27.35     -21.32      -1.27
 
 ----- Ensemble Forecast for Member ------
    
 REC PDTN PD1 PD2 PD3 PD10   PD12  YEAR MN DY HR FHR E16 E17    LEN       MAX         MIN      EXAMPLE
  49    1   2   3   4 100   85000  2021  3 23 12   0   3   1   65160      27.41     -21.31      -1.31
 
 REC PDTN PD1 PD2 PD3 PD10   PD12  YEAR MN DY HR FHR E16 E17    LEN       MAX         MIN      EXAMPLE
  49    1   2   3   4 100   85000  2021  3 23 12   0   3   2   65160      27.37     -21.33      -1.30
 
    
  variable has member           3
    
    
  Combined Ensemble Data Example at Point 8601 
    -1.3    -1.3    -1.3
    
 ens_avg(8601)=   -1.293787    
 ens_spr(8601)=   2.0302357E-02
    
 ----- Output ensemble average and spread for Current Time ------
    
 gfldo%idrtmpl(3)=           2
 -----  Ensemble Average for Current Time ------
 REC PDTN PD1 PD2 PD3 PD10   PD12  YEAR MN DY HR FHR E16 E17    LEN       MAX         MIN      EXAMPLE
  49    2   2   3   4 100   85000  2021  3 23 12   0   0   3   65160      27.38     -21.32      -1.29
 
 -----  Ensemble Spread for Current Time ------
 REC PDTN PD1 PD2 PD3 PD10   PD12  YEAR MN DY HR FHR E16 E17    LEN       MAX         MIN      EXAMPLE
  49    2   2   3   4 100   85000  2021  3 23 12   0   2   3   65160       0.19       0.00       0.02
 
 ----- Start Read Ensemble Forecast ------
    
 REC PDTN PD1 PD2 PD3 PD10   PD12  YEAR MN DY HR FHR E16 E17    LEN       MAX         MIN      EXAMPLE
  50    1   3   5   4 100   92500  2021  3 23 12   0   3   0   65160     980.61     154.38     583.95
 
 ----- Ensemble Forecast for Member ------
    
 REC PDTN PD1 PD2 PD3 PD10   PD12  YEAR MN DY HR FHR E16 E17    LEN       MAX         MIN      EXAMPLE
  50    1   3   5   4 100   92500  2021  3 23 12   0   3   1   65160     980.60     154.40     583.95
 
 REC PDTN PD1 PD2 PD3 PD10   PD12  YEAR MN DY HR FHR E16 E17    LEN       MAX         MIN      EXAMPLE
  50    1   3   5   4 100   92500  2021  3 23 12   0   3   2   65160     980.62     154.38     583.95
 
    
  variable has member           3
    
    
  Combined Ensemble Data Example at Point 8601 
   584.0   583.9   584.0
    
 ens_avg(8601)=    583.9510    
 ens_spr(8601)=   1.9616892E-03
    
 ----- Output ensemble average and spread for Current Time ------
    
 gfldo%idrtmpl(3)=           3
 -----  Ensemble Average for Current Time ------
 REC PDTN PD1 PD2 PD3 PD10   PD12  YEAR MN DY HR FHR E16 E17    LEN       MAX         MIN      EXAMPLE
  50    2   3   5   4 100   92500  2021  3 23 12   0   0   3   65160     980.61     154.39     583.95
 
 -----  Ensemble Spread for Current Time ------
 REC PDTN PD1 PD2 PD3 PD10   PD12  YEAR MN DY HR FHR E16 E17    LEN       MAX         MIN      EXAMPLE
  50    2   3   5   4 100   92500  2021  3 23 12   0   2   3   65160       1.02       0.00       0.00
 
 ----- Start Read Ensemble Forecast ------
    
 REC PDTN PD1 PD2 PD3 PD10   PD12  YEAR MN DY HR FHR E16 E17    LEN       MAX         MIN      EXAMPLE
  51    1   0   0   4 100   92500  2021  3 23 12   0   3   0   65160     322.85     237.15     254.45
 
 ----- Ensemble Forecast for Member ------
    
 REC PDTN PD1 PD2 PD3 PD10   PD12  YEAR MN DY HR FHR E16 E17    LEN       MAX         MIN      EXAMPLE
  51    1   0   0   4 100   92500  2021  3 23 12   0   3   1   65160     322.75     237.15     254.45
 
 REC PDTN PD1 PD2 PD3 PD10   PD12  YEAR MN DY HR FHR E16 E17    LEN       MAX         MIN      EXAMPLE
  51    1   0   0   4 100   92500  2021  3 23 12   0   3   2   65160     322.75     237.15     254.45
 
    
  variable has member           3
    
    
  Combined Ensemble Data Example at Point 8601 
   254.4   254.4   254.4
    
 ens_avg(8601)=    254.4451    
 ens_spr(8601)=   0.0000000E+00
    
 ----- Output ensemble average and spread for Current Time ------
    
 gfldo%idrtmpl(3)=           1
 -----  Ensemble Average for Current Time ------
 REC PDTN PD1 PD2 PD3 PD10   PD12  YEAR MN DY HR FHR E16 E17    LEN       MAX         MIN      EXAMPLE
  51    2   0   0   4 100   92500  2021  3 23 12   0   0   3   65160     322.78     237.15     254.45
 
 -----  Ensemble Spread for Current Time ------
 REC PDTN PD1 PD2 PD3 PD10   PD12  YEAR MN DY HR FHR E16 E17    LEN       MAX         MIN      EXAMPLE
  51    2   0   0   4 100   92500  2021  3 23 12   0   2   3   65160       1.15       0.00       0.00
 
 ----- Start Read Ensemble Forecast ------
    
 REC PDTN PD1 PD2 PD3 PD10   PD12  YEAR MN DY HR FHR E16 E17    LEN       MAX         MIN      EXAMPLE
  52    1   1   1   4 100   92500  2021  3 23 12   0   3   0   65160     100.00       4.40      76.50
 
 ----- Ensemble Forecast for Member ------
    
 REC PDTN PD1 PD2 PD3 PD10   PD12  YEAR MN DY HR FHR E16 E17    LEN       MAX         MIN      EXAMPLE
  52    1   1   1   4 100   92500  2021  3 23 12   0   3   1   65160     100.00       4.40      76.50
 
 REC PDTN PD1 PD2 PD3 PD10   PD12  YEAR MN DY HR FHR E16 E17    LEN       MAX         MIN      EXAMPLE
  52    1   1   1   4 100   92500  2021  3 23 12   0   3   2   65160     100.00       4.40      76.50
 
    
  variable has member           3
    
    
  Combined Ensemble Data Example at Point 8601 
    76.5    76.5    76.5
    
 ens_avg(8601)=    76.50000    
 ens_spr(8601)=   0.0000000E+00
    
 ----- Output ensemble average and spread for Current Time ------
    
 gfldo%idrtmpl(3)=           1
 -----  Ensemble Average for Current Time ------
 REC PDTN PD1 PD2 PD3 PD10   PD12  YEAR MN DY HR FHR E16 E17    LEN       MAX         MIN      EXAMPLE
  52    2   1   1   4 100   92500  2021  3 23 12   0   0   3   65160     100.00       4.40      76.50
 
 -----  Ensemble Spread for Current Time ------
 REC PDTN PD1 PD2 PD3 PD10   PD12  YEAR MN DY HR FHR E16 E17    LEN       MAX         MIN      EXAMPLE
  52    2   1   1   4 100   92500  2021  3 23 12   0   2   3   65160       4.36       0.00       0.00
 
 ----- Start Read Ensemble Forecast ------
    
 REC PDTN PD1 PD2 PD3 PD10   PD12  YEAR MN DY HR FHR E16 E17    LEN       MAX         MIN      EXAMPLE
  53    1   2   2   4 100   92500  2021  3 23 12   0   3   0   65160      30.14     -24.48       1.59
 
 ----- Ensemble Forecast for Member ------
    
 REC PDTN PD1 PD2 PD3 PD10   PD12  YEAR MN DY HR FHR E16 E17    LEN       MAX         MIN      EXAMPLE
  53    1   2   2   4 100   92500  2021  3 23 12   0   3   1   65160      30.17     -24.58       1.55
 
 REC PDTN PD1 PD2 PD3 PD10   PD12  YEAR MN DY HR FHR E16 E17    LEN       MAX         MIN      EXAMPLE
  53    1   2   2   4 100   92500  2021  3 23 12   0   3   2   65160      30.10     -24.45       1.61
 
    
  variable has member           3
    
    
  Combined Ensemble Data Example at Point 8601 
     1.6     1.5     1.6
    
 ens_avg(8601)=    1.581451    
 ens_spr(8601)=   3.3158407E-02
    
 ----- Output ensemble average and spread for Current Time ------
    
 gfldo%idrtmpl(3)=           2
 -----  Ensemble Average for Current Time ------
 REC PDTN PD1 PD2 PD3 PD10   PD12  YEAR MN DY HR FHR E16 E17    LEN       MAX         MIN      EXAMPLE
  53    2   2   2   4 100   92500  2021  3 23 12   0   0   3   65160      30.13     -24.51       1.58
 
 -----  Ensemble Spread for Current Time ------
 REC PDTN PD1 PD2 PD3 PD10   PD12  YEAR MN DY HR FHR E16 E17    LEN       MAX         MIN      EXAMPLE
  53    2   2   2   4 100   92500  2021  3 23 12   0   2   3   65160       0.22       0.00       0.03
 
 ----- Start Read Ensemble Forecast ------
    
 REC PDTN PD1 PD2 PD3 PD10   PD12  YEAR MN DY HR FHR E16 E17    LEN       MAX         MIN      EXAMPLE
  54    1   2   3   4 100   92500  2021  3 23 12   0   3   0   65160      30.55     -22.24      -1.27
 
 ----- Ensemble Forecast for Member ------
    
 REC PDTN PD1 PD2 PD3 PD10   PD12  YEAR MN DY HR FHR E16 E17    LEN       MAX         MIN      EXAMPLE
  54    1   2   3   4 100   92500  2021  3 23 12   0   3   1   65160      30.57     -22.22      -1.31
 
 REC PDTN PD1 PD2 PD3 PD10   PD12  YEAR MN DY HR FHR E16 E17    LEN       MAX         MIN      EXAMPLE
  54    1   2   3   4 100   92500  2021  3 23 12   0   3   2   65160      30.59     -22.18      -1.30
 
    
  variable has member           3
    
    
  Combined Ensemble Data Example at Point 8601 
    -1.3    -1.3    -1.3
    
 ens_avg(8601)=   -1.292746    
 ens_spr(8601)=   2.2255069E-02
    
 ----- Output ensemble average and spread for Current Time ------
    
 gfldo%idrtmpl(3)=           2
 -----  Ensemble Average for Current Time ------
 REC PDTN PD1 PD2 PD3 PD10   PD12  YEAR MN DY HR FHR E16 E17    LEN       MAX         MIN      EXAMPLE
  54    2   2   3   4 100   92500  2021  3 23 12   0   0   3   65160      30.57     -22.21      -1.29
 
 -----  Ensemble Spread for Current Time ------
 REC PDTN PD1 PD2 PD3 PD10   PD12  YEAR MN DY HR FHR E16 E17    LEN       MAX         MIN      EXAMPLE
  54    2   2   3   4 100   92500  2021  3 23 12   0   2   3   65160       0.11       0.00       0.02
 
 ----- Start Read Ensemble Forecast ------
    
 REC PDTN PD1 PD2 PD3 PD10   PD12  YEAR MN DY HR FHR E16 E17    LEN       MAX         MIN      EXAMPLE
  55    1   0   0   4 100  100000  2021  3 23 12   0   3   0   65160     327.22     236.52     258.22
 
 ----- Ensemble Forecast for Member ------
    
 REC PDTN PD1 PD2 PD3 PD10   PD12  YEAR MN DY HR FHR E16 E17    LEN       MAX         MIN      EXAMPLE
  55    1   0   0   4 100  100000  2021  3 23 12   0   3   1   65160     327.22     236.52     258.22
 
 REC PDTN PD1 PD2 PD3 PD10   PD12  YEAR MN DY HR FHR E16 E17    LEN       MAX         MIN      EXAMPLE
  55    1   0   0   4 100  100000  2021  3 23 12   0   3   2   65160     327.12     236.52     258.22
 
    
  variable has member           3
    
    
  Combined Ensemble Data Example at Point 8601 
   258.2   258.2   258.2
    
 ens_avg(8601)=    258.2206    
 ens_spr(8601)=   0.0000000E+00
    
 ----- Output ensemble average and spread for Current Time ------
    
 gfldo%idrtmpl(3)=           1
 -----  Ensemble Average for Current Time ------
 REC PDTN PD1 PD2 PD3 PD10   PD12  YEAR MN DY HR FHR E16 E17    LEN       MAX         MIN      EXAMPLE
  55    2   0   0   4 100  100000  2021  3 23 12   0   0   3   65160     327.19     236.52     258.22
 
 -----  Ensemble Spread for Current Time ------
 REC PDTN PD1 PD2 PD3 PD10   PD12  YEAR MN DY HR FHR E16 E17    LEN       MAX         MIN      EXAMPLE
  55    2   0   0   4 100  100000  2021  3 23 12   0   2   3   65160       1.17       0.00       0.00
 
 ----- Start Read Ensemble Forecast ------
    
 REC PDTN PD1 PD2 PD3 PD10   PD12  YEAR MN DY HR FHR E16 E17    LEN       MAX         MIN      EXAMPLE
  56    1   1   1   4 100  100000  2021  3 23 12   0   3   0   65160     100.00       3.50      79.90
 
 ----- Ensemble Forecast for Member ------
    
 REC PDTN PD1 PD2 PD3 PD10   PD12  YEAR MN DY HR FHR E16 E17    LEN       MAX         MIN      EXAMPLE
  56    1   1   1   4 100  100000  2021  3 23 12   0   3   1   65160     100.00       3.50      79.90
 
 REC PDTN PD1 PD2 PD3 PD10   PD12  YEAR MN DY HR FHR E16 E17    LEN       MAX         MIN      EXAMPLE
  56    1   1   1   4 100  100000  2021  3 23 12   0   3   2   65160     100.00       3.50      79.90
 
    
  variable has member           3
    
    
  Combined Ensemble Data Example at Point 8601 
    79.9    79.9    79.9
    
 ens_avg(8601)=    79.90001    
 ens_spr(8601)=   9.3440622E-06
    
 ----- Output ensemble average and spread for Current Time ------
    
 gfldo%idrtmpl(3)=           1
 -----  Ensemble Average for Current Time ------
 REC PDTN PD1 PD2 PD3 PD10   PD12  YEAR MN DY HR FHR E16 E17    LEN       MAX         MIN      EXAMPLE
  56    2   1   1   4 100  100000  2021  3 23 12   0   0   3   65160     100.00       3.50      79.90
 
 -----  Ensemble Spread for Current Time ------
 REC PDTN PD1 PD2 PD3 PD10   PD12  YEAR MN DY HR FHR E16 E17    LEN       MAX         MIN      EXAMPLE
  56    2   1   1   4 100  100000  2021  3 23 12   0   2   3   65160       9.53       0.00       0.00
 
 ----- Start Read Ensemble Forecast ------
    
 REC PDTN PD1 PD2 PD3 PD10   PD12  YEAR MN DY HR FHR E16 E17    LEN       MAX         MIN      EXAMPLE
  57    1   2   2   4 100  100000  2021  3 23 12   0   3   0   65160      17.33     -19.08       1.59
 
 ----- Ensemble Forecast for Member ------
    
 REC PDTN PD1 PD2 PD3 PD10   PD12  YEAR MN DY HR FHR E16 E17    LEN       MAX         MIN      EXAMPLE
  57    1   2   2   4 100  100000  2021  3 23 12   0   3   1   65160      17.35     -19.13       1.54
 
 REC PDTN PD1 PD2 PD3 PD10   PD12  YEAR MN DY HR FHR E16 E17    LEN       MAX         MIN      EXAMPLE
  57    1   2   2   4 100  100000  2021  3 23 12   0   3   2   65160      17.31     -19.03       1.61
 
    
  variable has member           3
    
    
  Combined Ensemble Data Example at Point 8601 
     1.6     1.5     1.6
    
 ens_avg(8601)=    1.580381    
 ens_spr(8601)=   3.2704435E-02
    
 ----- Output ensemble average and spread for Current Time ------
    
 gfldo%idrtmpl(3)=           2
 -----  Ensemble Average for Current Time ------
 REC PDTN PD1 PD2 PD3 PD10   PD12  YEAR MN DY HR FHR E16 E17    LEN       MAX         MIN      EXAMPLE
  57    2   2   2   4 100  100000  2021  3 23 12   0   0   3   65160      17.33     -19.08       1.58
 
 -----  Ensemble Spread for Current Time ------
 REC PDTN PD1 PD2 PD3 PD10   PD12  YEAR MN DY HR FHR E16 E17    LEN       MAX         MIN      EXAMPLE
  57    2   2   2   4 100  100000  2021  3 23 12   0   2   3   65160       0.09       0.00       0.03
 
 ----- Start Read Ensemble Forecast ------
    
 REC PDTN PD1 PD2 PD3 PD10   PD12  YEAR MN DY HR FHR E16 E17    LEN       MAX         MIN      EXAMPLE
  58    1   2   3   4 100  100000  2021  3 23 12   0   3   0   65160      24.41     -19.63      -1.28
 
 ----- Ensemble Forecast for Member ------
    
 REC PDTN PD1 PD2 PD3 PD10   PD12  YEAR MN DY HR FHR E16 E17    LEN       MAX         MIN      EXAMPLE
  58    1   2   3   4 100  100000  2021  3 23 12   0   3   1   65160      24.47     -19.62      -1.31
 
 REC PDTN PD1 PD2 PD3 PD10   PD12  YEAR MN DY HR FHR E16 E17    LEN       MAX         MIN      EXAMPLE
  58    1   2   3   4 100  100000  2021  3 23 12   0   3   2   65160      24.50     -19.62      -1.30
 
    
  variable has member           3
    
    
  Combined Ensemble Data Example at Point 8601 
    -1.3    -1.3    -1.3
    
 ens_avg(8601)=   -1.293262    
 ens_spr(8601)=   1.6969485E-02
    
 ----- Output ensemble average and spread for Current Time ------
    
 gfldo%idrtmpl(3)=           2
 -----  Ensemble Average for Current Time ------
 REC PDTN PD1 PD2 PD3 PD10   PD12  YEAR MN DY HR FHR E16 E17    LEN       MAX         MIN      EXAMPLE
  58    2   2   3   4 100  100000  2021  3 23 12   0   0   3   65160      24.46     -19.62      -1.29
 
 -----  Ensemble Spread for Current Time ------
 REC PDTN PD1 PD2 PD3 PD10   PD12  YEAR MN DY HR FHR E16 E17    LEN       MAX         MIN      EXAMPLE
  58    2   2   3   4 100  100000  2021  3 23 12   0   2   3   65160       0.09       0.00       0.02
 
 ----- Start Read Ensemble Forecast ------
    
 REC PDTN PD1 PD2 PD3 PD10   PD12  YEAR MN DY HR FHR E16 E17    LEN       MAX         MIN      EXAMPLE
  59    1   3 192   4 101       0  2021  3 23 12   0   3   0   65160  104103.79   94325.07   99407.63
 
 ----- Ensemble Forecast for Member ------
    
 REC PDTN PD1 PD2 PD3 PD10   PD12  YEAR MN DY HR FHR E16 E17    LEN       MAX         MIN      EXAMPLE
  59    1   3 192   4 101       0  2021  3 23 12   0   3   1   65160  104101.67   94325.19   99407.75
 
 REC PDTN PD1 PD2 PD3 PD10   PD12  YEAR MN DY HR FHR E16 E17    LEN       MAX         MIN      EXAMPLE
  59    1   3 192   4 101       0  2021  3 23 12   0   3   2   65160  104105.34   94325.02   99407.74
 
    
  variable has member           3
    
    
  Combined Ensemble Data Example at Point 8601 
 99407.6 99407.8 99407.7
    
 ens_avg(8601)=    99407.71    
 ens_spr(8601)=   6.5597095E-02
    
 ----- Output ensemble average and spread for Current Time ------
    
 gfldo%idrtmpl(3)=           2
 -----  Ensemble Average for Current Time ------
 REC PDTN PD1 PD2 PD3 PD10   PD12  YEAR MN DY HR FHR E16 E17    LEN       MAX         MIN      EXAMPLE
  59    2   3 192   4 101       0  2021  3 23 12   0   0   3   65160  104103.61   94325.09   99407.71
 
 -----  Ensemble Spread for Current Time ------
 REC PDTN PD1 PD2 PD3 PD10   PD12  YEAR MN DY HR FHR E16 E17    LEN       MAX         MIN      EXAMPLE
  59    2   3 192   4 101       0  2021  3 23 12   0   2   3   65160       8.67       0.03       0.07
 
 ----- Start Read Ensemble Forecast ------
    
 REC PDTN PD1 PD2 PD3 PD10   PD12  YEAR MN DY HR FHR E16 E17    LEN       MAX         MIN      EXAMPLE
  60    1   3   5   4 100  100000  2021  3 23 12   0   3   0   65160     434.43    -463.10      -1.46
 
 ----- Ensemble Forecast for Member ------
    
 REC PDTN PD1 PD2 PD3 PD10   PD12  YEAR MN DY HR FHR E16 E17    LEN       MAX         MIN      EXAMPLE
  60    1   3   5   4 100  100000  2021  3 23 12   0   3   1   65160     434.43    -463.09      -1.46
 
 REC PDTN PD1 PD2 PD3 PD10   PD12  YEAR MN DY HR FHR E16 E17    LEN       MAX         MIN      EXAMPLE
  60    1   3   5   4 100  100000  2021  3 23 12   0   3   2   65160     434.45    -463.10      -1.46
 
    
  variable has member           3
    
    
  Combined Ensemble Data Example at Point 8601 
    -1.5    -1.5    -1.5
    
 ens_avg(8601)=   -1.457188    
 ens_spr(8601)=   2.1146226E-03
    
 ----- Output ensemble average and spread for Current Time ------
    
 gfldo%idrtmpl(3)=           3
 -----  Ensemble Average for Current Time ------
 REC PDTN PD1 PD2 PD3 PD10   PD12  YEAR MN DY HR FHR E16 E17    LEN       MAX         MIN      EXAMPLE
  60    2   3   5   4 100  100000  2021  3 23 12   0   0   3   65160     434.44    -463.10      -1.46
 
 -----  Ensemble Spread for Current Time ------
 REC PDTN PD1 PD2 PD3 PD10   PD12  YEAR MN DY HR FHR E16 E17    LEN       MAX         MIN      EXAMPLE
  60    2   3   5   4 100  100000  2021  3 23 12   0   2   3   65160       1.63       0.00       0.00
 
 ----- Start Read Ensemble Forecast ------
    
 REC PDTN PD1 PD2 PD3 PD10   PD12  YEAR MN DY HR FHR E16 E17    LEN       MAX         MIN      EXAMPLE
  61    1   3   0   4   1       0  2021  3 23 12   0   3   0   65160  103893.08   54174.68   74823.48
 
 ----- Ensemble Forecast for Member ------
    
 REC PDTN PD1 PD2 PD3 PD10   PD12  YEAR MN DY HR FHR E16 E17    LEN       MAX         MIN      EXAMPLE
  61    1   3   0   4   1       0  2021  3 23 12   0   3   1   65160  103893.09   54174.69   74823.49
 
 REC PDTN PD1 PD2 PD3 PD10   PD12  YEAR MN DY HR FHR E16 E17    LEN       MAX         MIN      EXAMPLE
  61    1   3   0   4   1       0  2021  3 23 12   0   3   2   65160  103893.09   54174.69   74823.49
 
    
  variable has member           3
    
    
  Combined Ensemble Data Example at Point 8601 
 74823.5 74823.5 74823.5
    
 ens_avg(8601)=    74823.48    
 ens_spr(8601)=   0.0000000E+00
    
 ----- Output ensemble average and spread for Current Time ------
    
 gfldo%idrtmpl(3)=           1
 -----  Ensemble Average for Current Time ------
 REC PDTN PD1 PD2 PD3 PD10   PD12  YEAR MN DY HR FHR E16 E17    LEN       MAX         MIN      EXAMPLE
  61    2   3   0   4   1       0  2021  3 23 12   0   0   3   65160  103893.09   54174.69   74823.48
 
 -----  Ensemble Spread for Current Time ------
 REC PDTN PD1 PD2 PD3 PD10   PD12  YEAR MN DY HR FHR E16 E17    LEN       MAX         MIN      EXAMPLE
  61    2   3   0   4   1       0  2021  3 23 12   0   2   3   65160       4.03       0.00       0.00
 
 ----- Start Read Ensemble Forecast ------
    
 REC PDTN PD1 PD2 PD3 PD10   PD12  YEAR MN DY HR FHR E16 E17    LEN       MAX         MIN      EXAMPLE
  62    1   3   5   4   1       0  2021  3 23 12   0   3   0   65160    5128.33     -26.95    2133.53
 
 ----- Ensemble Forecast for Member ------
    
 REC PDTN PD1 PD2 PD3 PD10   PD12  YEAR MN DY HR FHR E16 E17    LEN       MAX         MIN      EXAMPLE
  62    1   3   5   4   1       0  2021  3 23 12   0   3   1   65160    5128.33     -26.95    2133.53
 
 REC PDTN PD1 PD2 PD3 PD10   PD12  YEAR MN DY HR FHR E16 E17    LEN       MAX         MIN      EXAMPLE
  62    1   3   5   4   1       0  2021  3 23 12   0   3   2   65160    5128.33     -26.95    2133.53
 
    
  variable has member           3
    
    
  Combined Ensemble Data Example at Point 8601 
  2133.5  2133.5  2133.5
    
 ens_avg(8601)=    2133.526    
 ens_spr(8601)=   0.0000000E+00
    
 ----- Output ensemble average and spread for Current Time ------
    
 gfldo%idrtmpl(3)=           2
 -----  Ensemble Average for Current Time ------
 REC PDTN PD1 PD2 PD3 PD10   PD12  YEAR MN DY HR FHR E16 E17    LEN       MAX         MIN      EXAMPLE
  62    2   3   5   4   1       0  2021  3 23 12   0   0   3   65160    5128.33     -26.95    2133.53
 
 -----  Ensemble Spread for Current Time ------
 REC PDTN PD1 PD2 PD3 PD10   PD12  YEAR MN DY HR FHR E16 E17    LEN       MAX         MIN      EXAMPLE
  62    2   3   5   4   1       0  2021  3 23 12   0   2   3   65160       0.00       0.00       0.00
 
 ----- Start Read Ensemble Forecast ------
    
 REC PDTN PD1 PD2 PD3 PD10   PD12  YEAR MN DY HR FHR E16 E17    LEN       MAX         MIN      EXAMPLE
  63    1   0   2   4 106       0  2021  3 23 12   0   3   0   34600     320.90       0.00     260.10
 
 ----- Ensemble Forecast for Member ------
    
 REC PDTN PD1 PD2 PD3 PD10   PD12  YEAR MN DY HR FHR E16 E17    LEN       MAX         MIN      EXAMPLE
  63    1   0   2   4 106       0  2021  3 23 12   0   3   1   34600     320.90       0.00     260.10
 
 REC PDTN PD1 PD2 PD3 PD10   PD12  YEAR MN DY HR FHR E16 E17    LEN       MAX         MIN      EXAMPLE
  63    1   0   2   4 106       0  2021  3 23 12   0   3   2   34600     320.90       0.00     260.10
 
    
  variable has member           3
    
    
  Combined Ensemble Data Example at Point 8601 
   260.1   260.1   260.1
    
 ens_avg(8601)=    260.1000    
 ens_spr(8601)=   0.0000000E+00
    
 ----- Output ensemble average and spread for Current Time ------
    
 gfldo%idrtmpl(3)=           1
 -----  Ensemble Average for Current Time ------
 REC PDTN PD1 PD2 PD3 PD10   PD12  YEAR MN DY HR FHR E16 E17    LEN       MAX         MIN      EXAMPLE
  63    2   0   2   4 106       0  2021  3 23 12   0   0   3   34600     320.90       0.00     260.10
 
 -----  Ensemble Spread for Current Time ------
 REC PDTN PD1 PD2 PD3 PD10   PD12  YEAR MN DY HR FHR E16 E17    LEN       MAX         MIN      EXAMPLE
  63    2   0   2   4 106       0  2021  3 23 12   0   2   3   34600       0.21       0.00       0.00
 
 ----- Start Read Ensemble Forecast ------
    
 REC PDTN PD1 PD2 PD3 PD10   PD12  YEAR MN DY HR FHR E16 E17    LEN       MAX         MIN      EXAMPLE
  64    1   0 192   4 106       0  2021  3 23 12   0   3   0   25645       1.00       0.00       0.77
 
 ----- Ensemble Forecast for Member ------
    
 REC PDTN PD1 PD2 PD3 PD10   PD12  YEAR MN DY HR FHR E16 E17    LEN       MAX         MIN      EXAMPLE
  64    1   0 192   4 106       0  2021  3 23 12   0   3   1   25645       1.00       0.00       0.77
 
 REC PDTN PD1 PD2 PD3 PD10   PD12  YEAR MN DY HR FHR E16 E17    LEN       MAX         MIN      EXAMPLE
  64    1   0 192   4 106       0  2021  3 23 12   0   3   2   25645       1.00       0.00       0.77
 
    
  variable has member           3
    
    
  Combined Ensemble Data Example at Point 8601 
     0.8     0.8     0.8
    
 ens_avg(8601)=   0.7689609    
 ens_spr(8601)=   0.0000000E+00
    
 ----- Output ensemble average and spread for Current Time ------
    
 gfldo%idrtmpl(3)=           3
 -----  Ensemble Average for Current Time ------
 REC PDTN PD1 PD2 PD3 PD10   PD12  YEAR MN DY HR FHR E16 E17    LEN       MAX         MIN      EXAMPLE
  64    2   0 192   4 106       0  2021  3 23 12   0   0   3   25645       1.00       0.00       0.77
 
 -----  Ensemble Spread for Current Time ------
 REC PDTN PD1 PD2 PD3 PD10   PD12  YEAR MN DY HR FHR E16 E17    LEN       MAX         MIN      EXAMPLE
  64    2   0 192   4 106       0  2021  3 23 12   0   2   3   25645       0.00       0.00       0.00
 
 ----- Start Read Ensemble Forecast ------
    
 REC PDTN PD1 PD2 PD3 PD10   PD12  YEAR MN DY HR FHR E16 E17    LEN       MAX         MIN      EXAMPLE
  65    1   1  13   4   1       0  2021  3 23 12   0   3   0   34600     172.00       0.00     111.00
 
 ----- Ensemble Forecast for Member ------
    
 REC PDTN PD1 PD2 PD3 PD10   PD12  YEAR MN DY HR FHR E16 E17    LEN       MAX         MIN      EXAMPLE
  65    1   1  13   4   1       0  2021  3 23 12   0   3   1   34600     172.00       0.00     111.00
 
 REC PDTN PD1 PD2 PD3 PD10   PD12  YEAR MN DY HR FHR E16 E17    LEN       MAX         MIN      EXAMPLE
  65    1   1  13   4   1       0  2021  3 23 12   0   3   2   34600     172.00       0.00     111.00
 
    
  variable has member           3
    
    
  Combined Ensemble Data Example at Point 8601 
   111.0   111.0   111.0
    
 ens_avg(8601)=    111.0000    
 ens_spr(8601)=   0.0000000E+00
    
 ----- Output ensemble average and spread for Current Time ------
    
 gfldo%idrtmpl(3)=           0
 -----  Ensemble Average for Current Time ------
 REC PDTN PD1 PD2 PD3 PD10   PD12  YEAR MN DY HR FHR E16 E17    LEN       MAX         MIN      EXAMPLE
  65    2   1  13   4   1       0  2021  3 23 12   0   0   3   34600     172.00       0.00     111.00
 
 -----  Ensemble Spread for Current Time ------
 REC PDTN PD1 PD2 PD3 PD10   PD12  YEAR MN DY HR FHR E16 E17    LEN       MAX         MIN      EXAMPLE
  65    2   1  13   4   1       0  2021  3 23 12   0   2   3   34600       0.00       0.00       0.00
 
 ----- Start Read Ensemble Forecast ------
    
 REC PDTN PD1 PD2 PD3 PD10   PD12  YEAR MN DY HR FHR E16 E17    LEN       MAX         MIN      EXAMPLE
  66    1   1  11   4   1       0  2021  3 23 12   0   3   0   34600       1.20       0.00       1.08
 
 ----- Ensemble Forecast for Member ------
    
 REC PDTN PD1 PD2 PD3 PD10   PD12  YEAR MN DY HR FHR E16 E17    LEN       MAX         MIN      EXAMPLE
  66    1   1  11   4   1       0  2021  3 23 12   0   3   1   34600       1.20       0.00       1.08
 
 REC PDTN PD1 PD2 PD3 PD10   PD12  YEAR MN DY HR FHR E16 E17    LEN       MAX         MIN      EXAMPLE
  66    1   1  11   4   1       0  2021  3 23 12   0   3   2   34600       1.20       0.00       1.08
 
    
  variable has member           3
    
    
  Combined Ensemble Data Example at Point 8601 
     1.1     1.1     1.1
    
 ens_avg(8601)=    1.080000    
 ens_spr(8601)=   0.0000000E+00
    
 ----- Output ensemble average and spread for Current Time ------
    
 gfldo%idrtmpl(3)=           2
 -----  Ensemble Average for Current Time ------
 REC PDTN PD1 PD2 PD3 PD10   PD12  YEAR MN DY HR FHR E16 E17    LEN       MAX         MIN      EXAMPLE
  66    2   1  11   4   1       0  2021  3 23 12   0   0   3   34600       1.20       0.00       1.08
 
 -----  Ensemble Spread for Current Time ------
 REC PDTN PD1 PD2 PD3 PD10   PD12  YEAR MN DY HR FHR E16 E17    LEN       MAX         MIN      EXAMPLE
  66    2   1  11   4   1       0  2021  3 23 12   0   2   3   34600       0.01       0.00       0.00
 
 ----- Start Read Ensemble Forecast ------
    
 REC PDTN PD1 PD2 PD3 PD10   PD12  YEAR MN DY HR FHR E16 E17    LEN       MAX         MIN      EXAMPLE
  67    1   1 200   4   1       0  2021  3 23 12   0   3   0   34600       0.00      -0.00       0.00
 
 ----- Ensemble Forecast for Member ------
    
 REC PDTN PD1 PD2 PD3 PD10   PD12  YEAR MN DY HR FHR E16 E17    LEN       MAX         MIN      EXAMPLE
  67    1   1 200   4   1       0  2021  3 23 12   0   3   1   34600       0.00      -0.00       0.00
 
 REC PDTN PD1 PD2 PD3 PD10   PD12  YEAR MN DY HR FHR E16 E17    LEN       MAX         MIN      EXAMPLE
  67    1   1 200   4   1       0  2021  3 23 12   0   3   2   34600       0.00      -0.00       0.00
 
    
  variable has member           3
    
    
  Combined Ensemble Data Example at Point 8601 
     0.0     0.0     0.0
    
 ens_avg(8601)=   2.5745703E-06
 ens_spr(8601)=   9.2947570E-09
    
 ----- Output ensemble average and spread for Current Time ------
    
 gfldo%idrtmpl(3)=           9
 -----  Ensemble Average for Current Time ------
 REC PDTN PD1 PD2 PD3 PD10   PD12  YEAR MN DY HR FHR E16 E17    LEN       MAX         MIN      EXAMPLE
  67    2   1 200   4   1       0  2021  3 23 12   0   0   3   34600       0.00      -0.00       0.00
 
 -----  Ensemble Spread for Current Time ------
 REC PDTN PD1 PD2 PD3 PD10   PD12  YEAR MN DY HR FHR E16 E17    LEN       MAX         MIN      EXAMPLE
  67    2   1 200   4   1       0  2021  3 23 12   0   2   3   34600       0.00       0.00       0.00
 
 ----- Start Read Ensemble Forecast ------
    
 REC PDTN PD1 PD2 PD3 PD10   PD12  YEAR MN DY HR FHR E16 E17    LEN       MAX         MIN      EXAMPLE
  68    1   2   1   4   1       0  2021  3 23 12   0   3   0   65160       3.05       0.00       0.00
 
 ----- Ensemble Forecast for Member ------
    
 REC PDTN PD1 PD2 PD3 PD10   PD12  YEAR MN DY HR FHR E16 E17    LEN       MAX         MIN      EXAMPLE
  68    1   2   1   4   1       0  2021  3 23 12   0   3   1   65160       3.05       0.00       0.00
 
 REC PDTN PD1 PD2 PD3 PD10   PD12  YEAR MN DY HR FHR E16 E17    LEN       MAX         MIN      EXAMPLE
  68    1   2   1   4   1       0  2021  3 23 12   0   3   2   65160       3.05       0.00       0.00
 
    
  variable has member           3
    
    
  Combined Ensemble Data Example at Point 8601 
     0.0     0.0     0.0
    
 ens_avg(8601)=   0.0000000E+00
 ens_spr(8601)=   0.0000000E+00
    
 ----- Output ensemble average and spread for Current Time ------
    
 gfldo%idrtmpl(3)=           2
 -----  Ensemble Average for Current Time ------
 REC PDTN PD1 PD2 PD3 PD10   PD12  YEAR MN DY HR FHR E16 E17    LEN       MAX         MIN      EXAMPLE
  68    2   2   1   4   1       0  2021  3 23 12   0   0   3   65160       3.05       0.00       0.00
 
 -----  Ensemble Spread for Current Time ------
 REC PDTN PD1 PD2 PD3 PD10   PD12  YEAR MN DY HR FHR E16 E17    LEN       MAX         MIN      EXAMPLE
  68    2   2   1   4   1       0  2021  3 23 12   0   2   3   65160       0.00       0.00       0.00
 
 ----- Start Read Ensemble Forecast ------
    
 REC PDTN PD1 PD2 PD3 PD10   PD12  YEAR MN DY HR FHR E16 E17    LEN       MAX         MIN      EXAMPLE
  69    1   0   0   4 103       2  2021  3 23 12   0   3   0   65160     314.19     218.66     244.02
 
 ----- Ensemble Forecast for Member ------
    
 REC PDTN PD1 PD2 PD3 PD10   PD12  YEAR MN DY HR FHR E16 E17    LEN       MAX         MIN      EXAMPLE
  69    1   0   0   4 103       2  2021  3 23 12   0   3   1   65160     314.19     218.66     244.02
 
 REC PDTN PD1 PD2 PD3 PD10   PD12  YEAR MN DY HR FHR E16 E17    LEN       MAX         MIN      EXAMPLE
  69    1   0   0   4 103       2  2021  3 23 12   0   3   2   65160     314.19     218.66     244.02
 
    
  variable has member           3
    
    
  Combined Ensemble Data Example at Point 8601 
   244.0   244.0   244.0
    
 ens_avg(8601)=    244.0153    
 ens_spr(8601)=   0.0000000E+00
    
 ----- Output ensemble average and spread for Current Time ------
    
 gfldo%idrtmpl(3)=           2
 -----  Ensemble Average for Current Time ------
 REC PDTN PD1 PD2 PD3 PD10   PD12  YEAR MN DY HR FHR E16 E17    LEN       MAX         MIN      EXAMPLE
  69    2   0   0   4 103       2  2021  3 23 12   0   0   3   65160     314.19     218.66     244.02
 
 -----  Ensemble Spread for Current Time ------
 REC PDTN PD1 PD2 PD3 PD10   PD12  YEAR MN DY HR FHR E16 E17    LEN       MAX         MIN      EXAMPLE
  69    2   0   0   4 103       2  2021  3 23 12   0   2   3   65160       0.38       0.00       0.00
 
 ----- Start Read Ensemble Forecast ------
    
 REC PDTN PD1 PD2 PD3 PD10   PD12  YEAR MN DY HR FHR E16 E17    LEN       MAX         MIN      EXAMPLE
  70    1   0   6   4 103       2  2021  3 23 12   0   3   0   65160     298.24     211.22     238.87
 
 ----- Ensemble Forecast for Member ------
    
 REC PDTN PD1 PD2 PD3 PD10   PD12  YEAR MN DY HR FHR E16 E17    LEN       MAX         MIN      EXAMPLE
  70    1   0   6   4 103       2  2021  3 23 12   0   3   1   65160     298.24     211.21     238.86
 
 REC PDTN PD1 PD2 PD3 PD10   PD12  YEAR MN DY HR FHR E16 E17    LEN       MAX         MIN      EXAMPLE
  70    1   0   6   4 103       2  2021  3 23 12   0   3   2   65160     298.24     211.22     238.86
 
    
  variable has member           3
    
    
  Combined Ensemble Data Example at Point 8601 
   238.9   238.9   238.9
    
 ens_avg(8601)=    238.8667    
 ens_spr(8601)=   4.4831377E-03
    
 ----- Output ensemble average and spread for Current Time ------
    
 gfldo%idrtmpl(3)=           2
 -----  Ensemble Average for Current Time ------
 REC PDTN PD1 PD2 PD3 PD10   PD12  YEAR MN DY HR FHR E16 E17    LEN       MAX         MIN      EXAMPLE
  70    2   0   6   4 103       2  2021  3 23 12   0   0   3   65160     298.24     211.22     238.87
 
 -----  Ensemble Spread for Current Time ------
 REC PDTN PD1 PD2 PD3 PD10   PD12  YEAR MN DY HR FHR E16 E17    LEN       MAX         MIN      EXAMPLE
  70    2   0   6   4 103       2  2021  3 23 12   0   2   3   65160       0.55       0.00       0.00
 
 ----- Start Read Ensemble Forecast ------
    
 REC PDTN PD1 PD2 PD3 PD10   PD12  YEAR MN DY HR FHR E16 E17    LEN       MAX         MIN      EXAMPLE
  71    1   1   1   4 103       2  2021  3 23 12   0   3   0   65160     100.00       6.40      63.30
 
 ----- Ensemble Forecast for Member ------
    
 REC PDTN PD1 PD2 PD3 PD10   PD12  YEAR MN DY HR FHR E16 E17    LEN       MAX         MIN      EXAMPLE
  71    1   1   1   4 103       2  2021  3 23 12   0   3   1   65160     100.00       6.40      63.30
 
 REC PDTN PD1 PD2 PD3 PD10   PD12  YEAR MN DY HR FHR E16 E17    LEN       MAX         MIN      EXAMPLE
  71    1   1   1   4 103       2  2021  3 23 12   0   3   2   65160     100.00       6.40      63.30
 
    
  variable has member           3
    
    
  Combined Ensemble Data Example at Point 8601 
    63.3    63.3    63.3
    
 ens_avg(8601)=    63.30000    
 ens_spr(8601)=   4.6720311E-06
    
 ----- Output ensemble average and spread for Current Time ------
    
 gfldo%idrtmpl(3)=           1
 -----  Ensemble Average for Current Time ------
 REC PDTN PD1 PD2 PD3 PD10   PD12  YEAR MN DY HR FHR E16 E17    LEN       MAX         MIN      EXAMPLE
  71    2   1   1   4 103       2  2021  3 23 12   0   0   3   65160     100.00       6.40      63.30
 
 -----  Ensemble Spread for Current Time ------
 REC PDTN PD1 PD2 PD3 PD10   PD12  YEAR MN DY HR FHR E16 E17    LEN       MAX         MIN      EXAMPLE
  71    2   1   1   4 103       2  2021  3 23 12   0   2   3   65160       3.29       0.00       0.00
 
 ----- Start Read Ensemble Forecast ------
    
 REC PDTN PD1 PD2 PD3 PD10   PD12  YEAR MN DY HR FHR  TR E16 E17    LEN       MAX         MIN      EXAMPLE
  72   11   0   4   4 103       2  2021  3 23 12   0   0   3   0   65160     314.19     218.66     244.02
 
 ----- Ensemble Forecast for Member ------
    
 REC PDTN PD1 PD2 PD3 PD10   PD12  YEAR MN DY HR FHR  TR E16 E17    LEN       MAX         MIN      EXAMPLE
  72   11   0   4   4 103       2  2021  3 23 12   0   0   3   1   65160     314.19     218.66     244.02
 
 REC PDTN PD1 PD2 PD3 PD10   PD12  YEAR MN DY HR FHR  TR E16 E17    LEN       MAX         MIN      EXAMPLE
  72   11   0   4   4 103       2  2021  3 23 12   0   0   3   2   65160     314.19     218.66     244.02
 
    
  variable has member           3
    
    
  Combined Ensemble Data Example at Point 8601 
   244.0   244.0   244.0
    
 ens_avg(8601)=    244.0153    
 ens_spr(8601)=   0.0000000E+00
    
 ----- Output ensemble average and spread for Current Time ------
    
 gfldo%idrtmpl(3)=           2
 -----  Ensemble Average for Current Time ------
 REC PDTN PD1 PD2 PD3 PD10   PD12  YEAR MN DY HR FHR  TR E16 E17    LEN       MAX         MIN      EXAMPLE
  72   12   0   4   4 103       2  2021  3 23 12   0 255   0   3   65160     314.19     218.66     244.02
 
 -----  Ensemble Spread for Current Time ------
 REC PDTN PD1 PD2 PD3 PD10   PD12  YEAR MN DY HR FHR  TR E16 E17    LEN       MAX         MIN      EXAMPLE
  72   12   0   4   4 103       2  2021  3 23 12   0 255   2   3   65160       0.38       0.00       0.00
 
 ----- Start Read Ensemble Forecast ------
    
 REC PDTN PD1 PD2 PD3 PD10   PD12  YEAR MN DY HR FHR  TR E16 E17    LEN       MAX         MIN      EXAMPLE
  73   11   0   5   4 103       2  2021  3 23 12   0   0   3   0   65160     314.19     218.66     244.02
 
 ----- Ensemble Forecast for Member ------
    
 REC PDTN PD1 PD2 PD3 PD10   PD12  YEAR MN DY HR FHR  TR E16 E17    LEN       MAX         MIN      EXAMPLE
  73   11   0   5   4 103       2  2021  3 23 12   0   0   3   1   65160     314.19     218.66     244.02
 
 REC PDTN PD1 PD2 PD3 PD10   PD12  YEAR MN DY HR FHR  TR E16 E17    LEN       MAX         MIN      EXAMPLE
  73   11   0   5   4 103       2  2021  3 23 12   0   0   3   2   65160     314.19     218.66     244.02
 
    
  variable has member           3
    
    
  Combined Ensemble Data Example at Point 8601 
   244.0   244.0   244.0
    
 ens_avg(8601)=    244.0153    
 ens_spr(8601)=   0.0000000E+00
    
 ----- Output ensemble average and spread for Current Time ------
    
 gfldo%idrtmpl(3)=           2
 -----  Ensemble Average for Current Time ------
 REC PDTN PD1 PD2 PD3 PD10   PD12  YEAR MN DY HR FHR  TR E16 E17    LEN       MAX         MIN      EXAMPLE
  73   12   0   5   4 103       2  2021  3 23 12   0 255   0   3   65160     314.19     218.66     244.02
 
 -----  Ensemble Spread for Current Time ------
 REC PDTN PD1 PD2 PD3 PD10   PD12  YEAR MN DY HR FHR  TR E16 E17    LEN       MAX         MIN      EXAMPLE
  73   12   0   5   4 103       2  2021  3 23 12   0 255   2   3   65160       0.38       0.00       0.00
 
 ----- Start Read Ensemble Forecast ------
    
 REC PDTN PD1 PD2 PD3 PD10   PD12  YEAR MN DY HR FHR E16 E17    LEN       MAX         MIN      EXAMPLE
  74    1   2   2   4 103      10  2021  3 23 12   0   3   0   65160      23.10     -18.25       2.46
 
 ----- Ensemble Forecast for Member ------
    
 REC PDTN PD1 PD2 PD3 PD10   PD12  YEAR MN DY HR FHR E16 E17    LEN       MAX         MIN      EXAMPLE
  74    1   2   2   4 103      10  2021  3 23 12   0   3   1   65160      23.10     -18.25       2.46
 
 REC PDTN PD1 PD2 PD3 PD10   PD12  YEAR MN DY HR FHR E16 E17    LEN       MAX         MIN      EXAMPLE
  74    1   2   2   4 103      10  2021  3 23 12   0   3   2   65160      23.10     -18.25       2.46
 
    
  variable has member           3
    
    
  Combined Ensemble Data Example at Point 8601 
     2.5     2.5     2.5
    
 ens_avg(8601)=    2.462509    
 ens_spr(8601)=   2.9200194E-07
    
 ----- Output ensemble average and spread for Current Time ------
    
 gfldo%idrtmpl(3)=           2
 -----  Ensemble Average for Current Time ------
 REC PDTN PD1 PD2 PD3 PD10   PD12  YEAR MN DY HR FHR E16 E17    LEN       MAX         MIN      EXAMPLE
  74    2   2   2   4 103      10  2021  3 23 12   0   0   3   65160      23.10     -18.25       2.46
 
 -----  Ensemble Spread for Current Time ------
 REC PDTN PD1 PD2 PD3 PD10   PD12  YEAR MN DY HR FHR E16 E17    LEN       MAX         MIN      EXAMPLE
  74    2   2   2   4 103      10  2021  3 23 12   0   2   3   65160       0.01       0.00       0.00
 
 ----- Start Read Ensemble Forecast ------
    
 REC PDTN PD1 PD2 PD3 PD10   PD12  YEAR MN DY HR FHR E16 E17    LEN       MAX         MIN      EXAMPLE
  75    1   2   3   4 103      10  2021  3 23 12   0   3   0   65160      20.97     -18.14      -2.59
 
 ----- Ensemble Forecast for Member ------
    
 REC PDTN PD1 PD2 PD3 PD10   PD12  YEAR MN DY HR FHR E16 E17    LEN       MAX         MIN      EXAMPLE
  75    1   2   3   4 103      10  2021  3 23 12   0   3   1   65160      20.97     -18.14      -2.59
 
 REC PDTN PD1 PD2 PD3 PD10   PD12  YEAR MN DY HR FHR E16 E17    LEN       MAX         MIN      EXAMPLE
  75    1   2   3   4 103      10  2021  3 23 12   0   3   2   65160      20.97     -18.14      -2.59
 
    
  variable has member           3
    
    
  Combined Ensemble Data Example at Point 8601 
    -2.6    -2.6    -2.6
    
 ens_avg(8601)=   -2.586116    
 ens_spr(8601)=   0.0000000E+00
    
 ----- Output ensemble average and spread for Current Time ------
    
 gfldo%idrtmpl(3)=           2
 -----  Ensemble Average for Current Time ------
 REC PDTN PD1 PD2 PD3 PD10   PD12  YEAR MN DY HR FHR E16 E17    LEN       MAX         MIN      EXAMPLE
  75    2   2   3   4 103      10  2021  3 23 12   0   0   3   65160      20.97     -18.14      -2.59
 
 -----  Ensemble Spread for Current Time ------
 REC PDTN PD1 PD2 PD3 PD10   PD12  YEAR MN DY HR FHR E16 E17    LEN       MAX         MIN      EXAMPLE
  75    2   2   3   4 103      10  2021  3 23 12   0   2   3   65160       0.01       0.00       0.00
 
 ----- Start Read Ensemble Forecast ------
    
 REC PDTN PD1 PD2 PD3 PD10   PD12  YEAR MN DY HR FHR E16 E17    LEN       MAX         MIN      EXAMPLE
  76    1   2   6   4 102      10  2021  3 23 12   0   3   0   65160       0.00       0.00       0.00
 
 ----- Ensemble Forecast for Member ------
    
 REC PDTN PD1 PD2 PD3 PD10   PD12  YEAR MN DY HR FHR E16 E17    LEN       MAX         MIN      EXAMPLE
  76    1   2   6   4 102      10  2021  3 23 12   0   3   1   65160       0.00       0.00       0.00
 
 REC PDTN PD1 PD2 PD3 PD10   PD12  YEAR MN DY HR FHR E16 E17    LEN       MAX         MIN      EXAMPLE
  76    1   2   6   4 102      10  2021  3 23 12   0   3   2   65160       0.00       0.00       0.00
 
    
  variable has member           3
    
    
  Combined Ensemble Data Example at Point 8601 
     0.0     0.0     0.0
    
 ens_avg(8601)=   0.0000000E+00
 ens_spr(8601)=   0.0000000E+00
    
 ----- Output ensemble average and spread for Current Time ------
    
 gfldo%idrtmpl(3)=           8
 -----  Ensemble Average for Current Time ------
 REC PDTN PD1 PD2 PD3 PD10   PD12  YEAR MN DY HR FHR E16 E17    LEN       MAX         MIN      EXAMPLE
  76    2   2   6   4 102      10  2021  3 23 12   0   0   3   65160       0.00       0.00       0.00
 
 -----  Ensemble Spread for Current Time ------
 REC PDTN PD1 PD2 PD3 PD10   PD12  YEAR MN DY HR FHR E16 E17    LEN       MAX         MIN      EXAMPLE
  76    2   2   6   4 102      10  2021  3 23 12   0   2   3   65160       0.00       0.00       0.00
 
 ----- Start Read Ensemble Forecast ------
    
 REC PDTN PD1 PD2 PD3 PD10   PD12  YEAR MN DY HR FHR E16 E17    LEN       MAX         MIN      EXAMPLE
  77    1   1  39   4   1       0  2021  3 23 12   0   3   0   65160     100.00     -50.00      10.50
 
 ----- Ensemble Forecast for Member ------
    
 REC PDTN PD1 PD2 PD3 PD10   PD12  YEAR MN DY HR FHR E16 E17    LEN       MAX         MIN      EXAMPLE
  77    1   1  39   4   1       0  2021  3 23 12   0   3   1   65160     100.00     -50.00      10.50
 
 REC PDTN PD1 PD2 PD3 PD10   PD12  YEAR MN DY HR FHR E16 E17    LEN       MAX         MIN      EXAMPLE
  77    1   1  39   4   1       0  2021  3 23 12   0   3   2   65160     100.00     -50.00      10.50
 
    
  variable has member           3
    
    
  Combined Ensemble Data Example at Point 8601 
    10.5    10.5    10.5
    
 ens_avg(8601)=    10.50000    
 ens_spr(8601)=   0.0000000E+00
    
 ----- Output ensemble average and spread for Current Time ------
    
 gfldo%idrtmpl(3)=           1
 -----  Ensemble Average for Current Time ------
 REC PDTN PD1 PD2 PD3 PD10   PD12  YEAR MN DY HR FHR E16 E17    LEN       MAX         MIN      EXAMPLE
  77    2   1  39   4   1       0  2021  3 23 12   0   0   3   65160     100.00     -50.00      10.50
 
 -----  Ensemble Spread for Current Time ------
 REC PDTN PD1 PD2 PD3 PD10   PD12  YEAR MN DY HR FHR E16 E17    LEN       MAX         MIN      EXAMPLE
  77    2   1  39   4   1       0  2021  3 23 12   0   2   3   65160      86.60       0.00       0.00
 
 ----- Start Read Ensemble Forecast ------
    
 REC PDTN PD1 PD2 PD3 PD10   PD12  YEAR MN DY HR FHR E16 E17    LEN       MAX         MIN      EXAMPLE
  78    1   7   6   4   1       0  2021  3 23 12   0   3   0   65160    5679.00       0.00       0.00
 
 ----- Ensemble Forecast for Member ------
    
 REC PDTN PD1 PD2 PD3 PD10   PD12  YEAR MN DY HR FHR E16 E17    LEN       MAX         MIN      EXAMPLE
  78    1   7   6   4   1       0  2021  3 23 12   0   3   1   65160    5671.00       0.00       0.00
 
 REC PDTN PD1 PD2 PD3 PD10   PD12  YEAR MN DY HR FHR E16 E17    LEN       MAX         MIN      EXAMPLE
  78    1   7   6   4   1       0  2021  3 23 12   0   3   2   65160    5663.00       0.00       0.00
 
    
  variable has member           3
    
    
  Combined Ensemble Data Example at Point 8601 
     0.0     0.0     0.0
    
 ens_avg(8601)=   0.0000000E+00
 ens_spr(8601)=   0.0000000E+00
    
 ----- Output ensemble average and spread for Current Time ------
    
 gfldo%idrtmpl(3)=           0
 -----  Ensemble Average for Current Time ------
 REC PDTN PD1 PD2 PD3 PD10   PD12  YEAR MN DY HR FHR E16 E17    LEN       MAX         MIN      EXAMPLE
  78    2   7   6   4   1       0  2021  3 23 12   0   0   3   65160    5671.00       0.00       0.00
 
 -----  Ensemble Spread for Current Time ------
 REC PDTN PD1 PD2 PD3 PD10   PD12  YEAR MN DY HR FHR E16 E17    LEN       MAX         MIN      EXAMPLE
  78    2   7   6   4   1       0  2021  3 23 12   0   2   3   65160     379.29       0.00       0.00
 
 ----- Start Read Ensemble Forecast ------
    
 REC PDTN PD1 PD2 PD3 PD10   PD12  YEAR MN DY HR FHR E16 E17    LEN       MAX         MIN      EXAMPLE
  79    1   7   7   4   1       0  2021  3 23 12   0   3   0   65160      -0.05    -694.85      -0.05
 
 ----- Ensemble Forecast for Member ------
    
 REC PDTN PD1 PD2 PD3 PD10   PD12  YEAR MN DY HR FHR E16 E17    LEN       MAX         MIN      EXAMPLE
  79    1   7   7   4   1       0  2021  3 23 12   0   3   1   65160      -0.05    -694.95      -0.05
 
 REC PDTN PD1 PD2 PD3 PD10   PD12  YEAR MN DY HR FHR E16 E17    LEN       MAX         MIN      EXAMPLE
  79    1   7   7   4   1       0  2021  3 23 12   0   3   2   65160      -0.05    -694.85      -0.05
 
    
  variable has member           3
    
    
  Combined Ensemble Data Example at Point 8601 
    -0.0    -0.0    -0.0
    
 ens_avg(8601)=  -4.9218751E-02
 ens_spr(8601)=   0.0000000E+00
    
 ----- Output ensemble average and spread for Current Time ------
    
 gfldo%idrtmpl(3)=           1
 -----  Ensemble Average for Current Time ------
 REC PDTN PD1 PD2 PD3 PD10   PD12  YEAR MN DY HR FHR E16 E17    LEN       MAX         MIN      EXAMPLE
  79    2   7   7   4   1       0  2021  3 23 12   0   0   3   65160      -0.05    -694.88      -0.05
 
 -----  Ensemble Spread for Current Time ------
 REC PDTN PD1 PD2 PD3 PD10   PD12  YEAR MN DY HR FHR E16 E17    LEN       MAX         MIN      EXAMPLE
  79    2   7   7   4   1       0  2021  3 23 12   0   2   3   65160      95.70       0.00       0.00
 
 ----- Start Read Ensemble Forecast ------
    
 REC PDTN PD1 PD2 PD3 PD10   PD12  YEAR MN DY HR FHR E16 E17    LEN       MAX         MIN      EXAMPLE
  80    1   1   3   4 200       0  2021  3 23 12   0   3   0   65160      66.30       0.20       0.70
 
 ----- Ensemble Forecast for Member ------
    
 REC PDTN PD1 PD2 PD3 PD10   PD12  YEAR MN DY HR FHR E16 E17    LEN       MAX         MIN      EXAMPLE
  80    1   1   3   4 200       0  2021  3 23 12   0   3   1   65160      66.30       0.20       0.70
 
 REC PDTN PD1 PD2 PD3 PD10   PD12  YEAR MN DY HR FHR E16 E17    LEN       MAX         MIN      EXAMPLE
  80    1   1   3   4 200       0  2021  3 23 12   0   3   2   65160      66.30       0.20       0.70
 
    
  variable has member           3
    
    
  Combined Ensemble Data Example at Point 8601 
     0.7     0.7     0.7
    
 ens_avg(8601)=   0.7000000    
 ens_spr(8601)=   0.0000000E+00
    
 ----- Output ensemble average and spread for Current Time ------
    
 gfldo%idrtmpl(3)=           1
 -----  Ensemble Average for Current Time ------
 REC PDTN PD1 PD2 PD3 PD10   PD12  YEAR MN DY HR FHR E16 E17    LEN       MAX         MIN      EXAMPLE
  80    2   1   3   4 200       0  2021  3 23 12   0   0   3   65160      66.30       0.20       0.70
 
 -----  Ensemble Spread for Current Time ------
 REC PDTN PD1 PD2 PD3 PD10   PD12  YEAR MN DY HR FHR E16 E17    LEN       MAX         MIN      EXAMPLE
  80    2   1   3   4 200       0  2021  3 23 12   0   2   3   65160       0.12       0.00       0.00
 
 ----- Start Read Ensemble Forecast ------
    
 REC PDTN PD1 PD2 PD3 PD10   PD12  YEAR MN DY HR FHR E16 E17    LEN       MAX         MIN      EXAMPLE
  81    1   3   5   4 215       0  2021  3 23 12   0   3   0   65160   20000.04       8.84   20000.04
 
 ----- Ensemble Forecast for Member ------
    
 REC PDTN PD1 PD2 PD3 PD10   PD12  YEAR MN DY HR FHR E16 E17    LEN       MAX         MIN      EXAMPLE
  81    1   3   5   4 215       0  2021  3 23 12   0   3   1   65160   20000.04       8.84   20000.04
 
 REC PDTN PD1 PD2 PD3 PD10   PD12  YEAR MN DY HR FHR E16 E17    LEN       MAX         MIN      EXAMPLE
  81    1   3   5   4 215       0  2021  3 23 12   0   3   2   65160   20000.04       8.84   20000.04
 
    
  variable has member           3
    
    
  Combined Ensemble Data Example at Point 8601 
 20000.0 20000.0 20000.0
    
 ens_avg(8601)=    20000.04    
 ens_spr(8601)=   2.3920799E-03
    
 ----- Output ensemble average and spread for Current Time ------
    
 gfldo%idrtmpl(3)=           1
 -----  Ensemble Average for Current Time ------
 REC PDTN PD1 PD2 PD3 PD10   PD12  YEAR MN DY HR FHR E16 E17    LEN       MAX         MIN      EXAMPLE
  81    2   3   5   4 215       0  2021  3 23 12   0   0   3   65160   20000.04       8.84   20000.04
 
 -----  Ensemble Spread for Current Time ------
 REC PDTN PD1 PD2 PD3 PD10   PD12  YEAR MN DY HR FHR E16 E17    LEN       MAX         MIN      EXAMPLE
  81    2   3   5   4 215       0  2021  3 23 12   0   2   3   65160   11283.73       0.00       0.00
 
 ----- Start Read Ensemble Forecast ------
    
 REC PDTN PD1 PD2 PD3 PD10   PD12  YEAR MN DY HR FHR E16 E17    LEN       MAX         MIN      EXAMPLE
  82    1   7   8   4 103    3000  2021  3 23 12   0   3   0   65160     701.78    -344.22     119.78
 
 ----- Ensemble Forecast for Member ------
    
 REC PDTN PD1 PD2 PD3 PD10   PD12  YEAR MN DY HR FHR E16 E17    LEN       MAX         MIN      EXAMPLE
  82    1   7   8   4 103    3000  2021  3 23 12   0   3   1   65160     706.78    -343.22     119.78
 
 REC PDTN PD1 PD2 PD3 PD10   PD12  YEAR MN DY HR FHR E16 E17    LEN       MAX         MIN      EXAMPLE
  82    1   7   8   4 103    3000  2021  3 23 12   0   3   2   65160     697.02    -344.98     120.02
 
    
  variable has member           3
    
    
  Combined Ensemble Data Example at Point 8601 
   119.8   119.8   120.0
    
 ens_avg(8601)=    119.8571    
 ens_spr(8601)=   0.1420999    
    
 ----- Output ensemble average and spread for Current Time ------
    
 gfldo%idrtmpl(3)=           0
 -----  Ensemble Average for Current Time ------
 REC PDTN PD1 PD2 PD3 PD10   PD12  YEAR MN DY HR FHR E16 E17    LEN       MAX         MIN      EXAMPLE
  82    2   7   8   4 103    3000  2021  3 23 12   0   0   3   65160     701.86    -344.14     119.86
 
 -----  Ensemble Spread for Current Time ------
 REC PDTN PD1 PD2 PD3 PD10   PD12  YEAR MN DY HR FHR E16 E17    LEN       MAX         MIN      EXAMPLE
  82    2   7   8   4 103    3000  2021  3 23 12   0   2   3   65160       5.38       0.14       0.14
 
 ----- Start Read Ensemble Forecast ------
    
 REC PDTN PD1 PD2 PD3 PD10   PD12  YEAR MN DY HR FHR E16 E17    LEN       MAX         MIN      EXAMPLE
  83    1   7   6   4 108   18000  2021  3 23 12   0   3   0   65160    4562.00       0.00       0.00
 
 ----- Ensemble Forecast for Member ------
    
 REC PDTN PD1 PD2 PD3 PD10   PD12  YEAR MN DY HR FHR E16 E17    LEN       MAX         MIN      EXAMPLE
  83    1   7   6   4 108   18000  2021  3 23 12   0   3   1   65160    4556.00       0.00       0.00
 
 REC PDTN PD1 PD2 PD3 PD10   PD12  YEAR MN DY HR FHR E16 E17    LEN       MAX         MIN      EXAMPLE
  83    1   7   6   4 108   18000  2021  3 23 12   0   3   2   65160    4548.00       0.00       0.00
 
    
  variable has member           3
    
    
  Combined Ensemble Data Example at Point 8601 
     0.0     0.0     0.0
    
 ens_avg(8601)=   0.0000000E+00
 ens_spr(8601)=   0.0000000E+00
    
 ----- Output ensemble average and spread for Current Time ------
    
 gfldo%idrtmpl(3)=           0
 -----  Ensemble Average for Current Time ------
 REC PDTN PD1 PD2 PD3 PD10   PD12  YEAR MN DY HR FHR E16 E17    LEN       MAX         MIN      EXAMPLE
  83    2   7   6   4 108   18000  2021  3 23 12   0   0   3   65160    4555.33       0.00       0.00
 
 -----  Ensemble Spread for Current Time ------
 REC PDTN PD1 PD2 PD3 PD10   PD12  YEAR MN DY HR FHR E16 E17    LEN       MAX         MIN      EXAMPLE
  83    2   7   6   4 108   18000  2021  3 23 12   0   2   3   65160      50.59       0.00       0.00
 
 ----- Start Read Ensemble Forecast ------
    
 REC PDTN PD1 PD2 PD3 PD10   PD12  YEAR MN DY HR FHR E16 E17    LEN       MAX         MIN      EXAMPLE
  84    1   7   7   4 108   18000  2021  3 23 12   0   3   0   65160      -0.03    -766.93      -0.03
 
 ----- Ensemble Forecast for Member ------
    
 REC PDTN PD1 PD2 PD3 PD10   PD12  YEAR MN DY HR FHR E16 E17    LEN       MAX         MIN      EXAMPLE
  84    1   7   7   4 108   18000  2021  3 23 12   0   3   1   65160      -0.05    -766.95      -0.05
 
 REC PDTN PD1 PD2 PD3 PD10   PD12  YEAR MN DY HR FHR E16 E17    LEN       MAX         MIN      EXAMPLE
  84    1   7   7   4 108   18000  2021  3 23 12   0   3   2   65160       0.04    -766.86       0.04
 
    
  variable has member           3
    
    
  Combined Ensemble Data Example at Point 8601 
    -0.0    -0.0     0.0
    
 ens_avg(8601)=  -9.5214862E-03
 ens_spr(8601)=   4.7535203E-02
    
 ----- Output ensemble average and spread for Current Time ------
    
 gfldo%idrtmpl(3)=           1
 -----  Ensemble Average for Current Time ------
 REC PDTN PD1 PD2 PD3 PD10   PD12  YEAR MN DY HR FHR E16 E17    LEN       MAX         MIN      EXAMPLE
  84    2   7   7   4 108   18000  2021  3 23 12   0   0   3   65160      -0.01    -766.91      -0.01
 
 -----  Ensemble Spread for Current Time ------
 REC PDTN PD1 PD2 PD3 PD10   PD12  YEAR MN DY HR FHR E16 E17    LEN       MAX         MIN      EXAMPLE
  84    2   7   7   4 108   18000  2021  3 23 12   0   2   3   65160      54.85       0.02       0.05
 
 ----- Start Read Ensemble Forecast ------
    
 REC PDTN PD1 PD2 PD3 PD10   PD12  YEAR MN DY HR FHR E16 E17    LEN       MAX         MIN      EXAMPLE
  85    1   5   3   4   1       0  2021  3 23 12   0   3   0   65160     338.30     213.10     251.30
 
 ----- Ensemble Forecast for Member ------
    
 REC PDTN PD1 PD2 PD3 PD10   PD12  YEAR MN DY HR FHR E16 E17    LEN       MAX         MIN      EXAMPLE
  85    1   5   3   4   1       0  2021  3 23 12   0   3   1   65160     338.30     213.10     251.30
 
 REC PDTN PD1 PD2 PD3 PD10   PD12  YEAR MN DY HR FHR E16 E17    LEN       MAX         MIN      EXAMPLE
  85    1   5   3   4   1       0  2021  3 23 12   0   3   2   65160     338.30     213.10     251.30
 
    
  variable has member           3
    
    
  Combined Ensemble Data Example at Point 8601 
   251.3   251.3   251.3
    
 ens_avg(8601)=    251.3000    
 ens_spr(8601)=   1.8688124E-05
    
 ----- Output ensemble average and spread for Current Time ------
    
 gfldo%idrtmpl(3)=           1
 -----  Ensemble Average for Current Time ------
 REC PDTN PD1 PD2 PD3 PD10   PD12  YEAR MN DY HR FHR E16 E17    LEN       MAX         MIN      EXAMPLE
  85    2   5   3   4   1       0  2021  3 23 12   0   0   3   65160     338.30     213.10     251.30
 
 -----  Ensemble Spread for Current Time ------
 REC PDTN PD1 PD2 PD3 PD10   PD12  YEAR MN DY HR FHR E16 E17    LEN       MAX         MIN      EXAMPLE
  85    2   5   3   4   1       0  2021  3 23 12   0   2   3   65160       0.12       0.00       0.00
 
 ----- Start Read Ensemble Forecast ------
    
 Probability Calculation Successfully Complete
+ atmos_ensstat.sh[63]export err=0
+ atmos_ensstat.sh[63]err=0
+ atmos_ensstat.sh[64]((  err != 0  ))
+ atmos_ensstat.sh[70]comout_var_name=COMOUT_ATMOS_GRIB_1p00
+ atmos_ensstat.sh[71]comout_path=/work2/noaa/global/mterry/RUNTESTS/COMROOT/C48_S2SWA_gefs/gefs.20210323/12/ensstat/products/atmos/grib2/1p00
+ atmos_ensstat.sh[73]for outfile in ${mean_out} ${spr_out}
+ atmos_ensstat.sh[74][[ ! -s gefs.t12z.mean.pres_.1p00.f000.grib2 ]]
+ atmos_ensstat.sh[79]wgrib2 -s gefs.t12z.mean.pres_.1p00.f000.grib2
+ atmos_ensstat.sh[80]err=0
+ atmos_ensstat.sh[81]((  err != 0  ))
+ atmos_ensstat.sh[86]cpfs gefs.t12z.mean.pres_.1p00.f000.grib2 /work2/noaa/global/mterry/RUNTESTS/COMROOT/C48_S2SWA_gefs/gefs.20210323/12/ensstat/products/atmos/grib2/1p00/gefs.t12z.mean.pres_.1p00.f000.grib2
+ cpfs[3]'[' 2 -ne 2 ']'
+ cpfs[8]'[' /work2/noaa/global/mterry/RUNTESTS/COMROOT/C48_S2SWA_gefs/gefs.20210323/12/ensstat/products/atmos/grib2/1p00/gefs.t12z.mean.pres_.1p00.f000.grib2 = . -o /work2/noaa/global/mterry/RUNTESTS/COMROOT/C48_S2SWA_gefs/gefs.20210323/12/ensstat/products/atmos/grib2/1p00/gefs.t12z.mean.pres_.1p00.f000.grib2 = ./ ']'
+ cpfs[10]'[' -d /work2/noaa/global/mterry/RUNTESTS/COMROOT/C48_S2SWA_gefs/gefs.20210323/12/ensstat/products/atmos/grib2/1p00/gefs.t12z.mean.pres_.1p00.f000.grib2 ']'
+ cpfs[13]cpdstfile=/work2/noaa/global/mterry/RUNTESTS/COMROOT/C48_S2SWA_gefs/gefs.20210323/12/ensstat/products/atmos/grib2/1p00/gefs.t12z.mean.pres_.1p00.f000.grib2
+ cpfs[16]cp gefs.t12z.mean.pres_.1p00.f000.grib2 /work2/noaa/global/mterry/RUNTESTS/COMROOT/C48_S2SWA_gefs/gefs.20210323/12/ensstat/products/atmos/grib2/1p00/gefs.t12z.mean.pres_.1p00.f000.grib2.cptmp
+ cpfs[18]'[' 0 -ne 0 ']'
+ cpfs[22]/work/noaa/epic/role-epic/spack-stack/hercules/spack-stack-1.6.0/envs/unified-env/install/intel/2021.9.0/prod-util-2.1.1-ddlo2cq/bin/fsync_file /work2/noaa/global/mterry/RUNTESTS/COMROOT/C48_S2SWA_gefs/gefs.20210323/12/ensstat/products/atmos/grib2/1p00/gefs.t12z.mean.pres_.1p00.f000.grib2.cptmp
+ cpfs[23]'[' 0 -ne 0 ']'
+ cpfs[27]mv /work2/noaa/global/mterry/RUNTESTS/COMROOT/C48_S2SWA_gefs/gefs.20210323/12/ensstat/products/atmos/grib2/1p00/gefs.t12z.mean.pres_.1p00.f000.grib2.cptmp /work2/noaa/global/mterry/RUNTESTS/COMROOT/C48_S2SWA_gefs/gefs.20210323/12/ensstat/products/atmos/grib2/1p00/gefs.t12z.mean.pres_.1p00.f000.grib2
+ cpfs[28]'[' 0 -ne 0 ']'
+ atmos_ensstat.sh[87]cpfs gefs.t12z.mean.pres_.1p00.f000.grib2.idx /work2/noaa/global/mterry/RUNTESTS/COMROOT/C48_S2SWA_gefs/gefs.20210323/12/ensstat/products/atmos/grib2/1p00/gefs.t12z.mean.pres_.1p00.f000.grib2.idx
+ cpfs[3]'[' 2 -ne 2 ']'
+ cpfs[8]'[' /work2/noaa/global/mterry/RUNTESTS/COMROOT/C48_S2SWA_gefs/gefs.20210323/12/ensstat/products/atmos/grib2/1p00/gefs.t12z.mean.pres_.1p00.f000.grib2.idx = . -o /work2/noaa/global/mterry/RUNTESTS/COMROOT/C48_S2SWA_gefs/gefs.20210323/12/ensstat/products/atmos/grib2/1p00/gefs.t12z.mean.pres_.1p00.f000.grib2.idx = ./ ']'
+ cpfs[10]'[' -d /work2/noaa/global/mterry/RUNTESTS/COMROOT/C48_S2SWA_gefs/gefs.20210323/12/ensstat/products/atmos/grib2/1p00/gefs.t12z.mean.pres_.1p00.f000.grib2.idx ']'
+ cpfs[13]cpdstfile=/work2/noaa/global/mterry/RUNTESTS/COMROOT/C48_S2SWA_gefs/gefs.20210323/12/ensstat/products/atmos/grib2/1p00/gefs.t12z.mean.pres_.1p00.f000.grib2.idx
+ cpfs[16]cp gefs.t12z.mean.pres_.1p00.f000.grib2.idx /work2/noaa/global/mterry/RUNTESTS/COMROOT/C48_S2SWA_gefs/gefs.20210323/12/ensstat/products/atmos/grib2/1p00/gefs.t12z.mean.pres_.1p00.f000.grib2.idx.cptmp
+ cpfs[18]'[' 0 -ne 0 ']'
+ cpfs[22]/work/noaa/epic/role-epic/spack-stack/hercules/spack-stack-1.6.0/envs/unified-env/install/intel/2021.9.0/prod-util-2.1.1-ddlo2cq/bin/fsync_file /work2/noaa/global/mterry/RUNTESTS/COMROOT/C48_S2SWA_gefs/gefs.20210323/12/ensstat/products/atmos/grib2/1p00/gefs.t12z.mean.pres_.1p00.f000.grib2.idx.cptmp
+ cpfs[23]'[' 0 -ne 0 ']'
+ cpfs[27]mv /work2/noaa/global/mterry/RUNTESTS/COMROOT/C48_S2SWA_gefs/gefs.20210323/12/ensstat/products/atmos/grib2/1p00/gefs.t12z.mean.pres_.1p00.f000.grib2.idx.cptmp /work2/noaa/global/mterry/RUNTESTS/COMROOT/C48_S2SWA_gefs/gefs.20210323/12/ensstat/products/atmos/grib2/1p00/gefs.t12z.mean.pres_.1p00.f000.grib2.idx
+ cpfs[28]'[' 0 -ne 0 ']'
+ atmos_ensstat.sh[89][[ NO == \Y\E\S ]]
+ atmos_ensstat.sh[73]for outfile in ${mean_out} ${spr_out}
+ atmos_ensstat.sh[74][[ ! -s gefs.t12z.spread.pres_.1p00.f000.grib2 ]]
+ atmos_ensstat.sh[79]wgrib2 -s gefs.t12z.spread.pres_.1p00.f000.grib2
+ atmos_ensstat.sh[80]err=0
+ atmos_ensstat.sh[81]((  err != 0  ))
+ atmos_ensstat.sh[86]cpfs gefs.t12z.spread.pres_.1p00.f000.grib2 /work2/noaa/global/mterry/RUNTESTS/COMROOT/C48_S2SWA_gefs/gefs.20210323/12/ensstat/products/atmos/grib2/1p00/gefs.t12z.spread.pres_.1p00.f000.grib2
+ cpfs[3]'[' 2 -ne 2 ']'
+ cpfs[8]'[' /work2/noaa/global/mterry/RUNTESTS/COMROOT/C48_S2SWA_gefs/gefs.20210323/12/ensstat/products/atmos/grib2/1p00/gefs.t12z.spread.pres_.1p00.f000.grib2 = . -o /work2/noaa/global/mterry/RUNTESTS/COMROOT/C48_S2SWA_gefs/gefs.20210323/12/ensstat/products/atmos/grib2/1p00/gefs.t12z.spread.pres_.1p00.f000.grib2 = ./ ']'
+ cpfs[10]'[' -d /work2/noaa/global/mterry/RUNTESTS/COMROOT/C48_S2SWA_gefs/gefs.20210323/12/ensstat/products/atmos/grib2/1p00/gefs.t12z.spread.pres_.1p00.f000.grib2 ']'
+ cpfs[13]cpdstfile=/work2/noaa/global/mterry/RUNTESTS/COMROOT/C48_S2SWA_gefs/gefs.20210323/12/ensstat/products/atmos/grib2/1p00/gefs.t12z.spread.pres_.1p00.f000.grib2
+ cpfs[16]cp gefs.t12z.spread.pres_.1p00.f000.grib2 /work2/noaa/global/mterry/RUNTESTS/COMROOT/C48_S2SWA_gefs/gefs.20210323/12/ensstat/products/atmos/grib2/1p00/gefs.t12z.spread.pres_.1p00.f000.grib2.cptmp
+ cpfs[18]'[' 0 -ne 0 ']'
+ cpfs[22]/work/noaa/epic/role-epic/spack-stack/hercules/spack-stack-1.6.0/envs/unified-env/install/intel/2021.9.0/prod-util-2.1.1-ddlo2cq/bin/fsync_file /work2/noaa/global/mterry/RUNTESTS/COMROOT/C48_S2SWA_gefs/gefs.20210323/12/ensstat/products/atmos/grib2/1p00/gefs.t12z.spread.pres_.1p00.f000.grib2.cptmp
+ cpfs[23]'[' 0 -ne 0 ']'
+ cpfs[27]mv /work2/noaa/global/mterry/RUNTESTS/COMROOT/C48_S2SWA_gefs/gefs.20210323/12/ensstat/products/atmos/grib2/1p00/gefs.t12z.spread.pres_.1p00.f000.grib2.cptmp /work2/noaa/global/mterry/RUNTESTS/COMROOT/C48_S2SWA_gefs/gefs.20210323/12/ensstat/products/atmos/grib2/1p00/gefs.t12z.spread.pres_.1p00.f000.grib2
+ cpfs[28]'[' 0 -ne 0 ']'
+ atmos_ensstat.sh[87]cpfs gefs.t12z.spread.pres_.1p00.f000.grib2.idx /work2/noaa/global/mterry/RUNTESTS/COMROOT/C48_S2SWA_gefs/gefs.20210323/12/ensstat/products/atmos/grib2/1p00/gefs.t12z.spread.pres_.1p00.f000.grib2.idx
+ cpfs[3]'[' 2 -ne 2 ']'
+ cpfs[8]'[' /work2/noaa/global/mterry/RUNTESTS/COMROOT/C48_S2SWA_gefs/gefs.20210323/12/ensstat/products/atmos/grib2/1p00/gefs.t12z.spread.pres_.1p00.f000.grib2.idx = . -o /work2/noaa/global/mterry/RUNTESTS/COMROOT/C48_S2SWA_gefs/gefs.20210323/12/ensstat/products/atmos/grib2/1p00/gefs.t12z.spread.pres_.1p00.f000.grib2.idx = ./ ']'
+ cpfs[10]'[' -d /work2/noaa/global/mterry/RUNTESTS/COMROOT/C48_S2SWA_gefs/gefs.20210323/12/ensstat/products/atmos/grib2/1p00/gefs.t12z.spread.pres_.1p00.f000.grib2.idx ']'
+ cpfs[13]cpdstfile=/work2/noaa/global/mterry/RUNTESTS/COMROOT/C48_S2SWA_gefs/gefs.20210323/12/ensstat/products/atmos/grib2/1p00/gefs.t12z.spread.pres_.1p00.f000.grib2.idx
+ cpfs[16]cp gefs.t12z.spread.pres_.1p00.f000.grib2.idx /work2/noaa/global/mterry/RUNTESTS/COMROOT/C48_S2SWA_gefs/gefs.20210323/12/ensstat/products/atmos/grib2/1p00/gefs.t12z.spread.pres_.1p00.f000.grib2.idx.cptmp
+ cpfs[18]'[' 0 -ne 0 ']'
+ cpfs[22]/work/noaa/epic/role-epic/spack-stack/hercules/spack-stack-1.6.0/envs/unified-env/install/intel/2021.9.0/prod-util-2.1.1-ddlo2cq/bin/fsync_file /work2/noaa/global/mterry/RUNTESTS/COMROOT/C48_S2SWA_gefs/gefs.20210323/12/ensstat/products/atmos/grib2/1p00/gefs.t12z.spread.pres_.1p00.f000.grib2.idx.cptmp
+ cpfs[23]'[' 0 -ne 0 ']'
+ cpfs[27]mv /work2/noaa/global/mterry/RUNTESTS/COMROOT/C48_S2SWA_gefs/gefs.20210323/12/ensstat/products/atmos/grib2/1p00/gefs.t12z.spread.pres_.1p00.f000.grib2.idx.cptmp /work2/noaa/global/mterry/RUNTESTS/COMROOT/C48_S2SWA_gefs/gefs.20210323/12/ensstat/products/atmos/grib2/1p00/gefs.t12z.spread.pres_.1p00.f000.grib2.idx
+ cpfs[28]'[' 0 -ne 0 ']'
+ atmos_ensstat.sh[89][[ NO == \Y\E\S ]]
+ run_mpmd.sh[42]exit 0
+ run_mpmd.sh[1]postamble run_mpmd.sh 1753755867 0
+ preamble.sh[62]set +x
End run_mpmd.sh at 02:24:48 with error code 0 (time elapsed: 00:00:21)
+ exglobal_atmos_ensstat.sh[17]export err=0
+ exglobal_atmos_ensstat.sh[17]err=0
+ exglobal_atmos_ensstat.sh[18][[ 0 -ne 0 ]]
+ JGLOBAL_ATMOS_ENSSTAT[25]true
+ JGLOBAL_ATMOS_ENSSTAT[26]export err=0
+ JGLOBAL_ATMOS_ENSSTAT[26]err=0
+ JGLOBAL_ATMOS_ENSSTAT[27][[ 0 -ne 0 ]]
+ JGLOBAL_ATMOS_ENSSTAT[38][[ -e OUTPUT.230583 ]]
+ JGLOBAL_ATMOS_ENSSTAT[45]cd /work2/noaa/stmp/mterry/HERCULES/RUNDIRS/C48_S2SWA_gefs/gefs.2021032312
+ JGLOBAL_ATMOS_ENSSTAT[46][[ NO == \N\O ]]
+ JGLOBAL_ATMOS_ENSSTAT[47]rm -rf /work2/noaa/stmp/mterry/HERCULES/RUNDIRS/C48_S2SWA_gefs/gefs.2021032312/atmos_ensstat_f000.230126
+ JGLOBAL_ATMOS_ENSSTAT[51]exit 0
+ JGLOBAL_ATMOS_ENSSTAT[1]postamble /work2/noaa/global/mterry/global-workflow_forked/jobs/JGLOBAL_ATMOS_ENSSTAT 1753755859 0
+ preamble.sh[62]set +x
End /work2/noaa/global/mterry/global-workflow_forked/jobs/JGLOBAL_ATMOS_ENSSTAT at 02:24:48 with error code 0 (time elapsed: 00:00:29)
+ status=0
+ [[ 0 -ne 0 ]]
+ exit 0
