+ . /work2/noaa/global/mterry/global-workflow_forked/ush/load_fv3gfs_modules.sh
++ [[ hxB == *x* ]]
++ set_x=YES
++ [[ NO == \N\O ]]
++ echo 'Loading modules quietly...'
Loading modules quietly...
++ set +x
Running "module reset". Resetting modules to system default. The following $MODULEPATH directories have been removed: /work2/noaa/global/mterry/global-workflow_forked/modulefiles

Currently Loaded Modules:
  1) contrib/0.1                      43) ip/4.3.0
  2) intel-oneapi-compilers/2023.1.0  44) grib-util/1.3.0
  3) stack-intel/2021.9.0             45) g2tmpl/1.13.0
  4) intel-oneapi-mpi/2021.9.0        46) gsi-ncdiag/1.1.2
  5) stack-intel-oneapi-mpi/2021.9.0  47) crtm-fix/2.4.0.1_emc
  6) intel-oneapi-mkl/2023.1.0        48) git-lfs/3.1.2
  7) zlib/1.2.13                      49) crtm/2.4.0.1
  8) pigz/2.7                         50) openblas/0.3.24
  9) zstd/1.5.2                       51) py-setuptools/63.4.3
 10) tar/1.34                         52) py-numpy/1.23.4
 11) gettext/0.21.1                   53) bufr/11.7.0
 12) libxcrypt/4.4.35                 54) gmake/4.2.1
 13) sqlite/3.43.2                    55) wgrib2/2.0.8
 14) util-linux-uuid/2.38.1           56) py-f90nml/1.4.3
 15) python/3.11.6                    57) py-cftime/1.0.3.4
 16) libjpeg/2.1.0                    58) py-netcdf4/1.5.8
 17) jasper/2.0.32                    59) libyaml/0.2.5
 18) libpng/1.6.37                    60) py-pyyaml/6.0
 19) openjpeg/2.3.1                   61) py-markupsafe/2.1.3
 20) eccodes/2.32.0                   62) py-jinja2/3.1.2
 21) fftw/3.3.10                      63) py-bottleneck/1.3.7
 22) nghttp2/1.57.0                   64) py-numexpr/2.8.4
 23) curl/8.4.0                       65) py-et-xmlfile/1.0.1
 24) proj/9.2.1                       66) py-openpyxl/3.1.2
 25) udunits/2.2.28                   67) py-pytz/2023.3
 26) cdo/2.2.0                        68) py-pyxlsb/1.0.10
 27) hdf5/1.14.0                      69) py-xlrd/2.0.1
 28) snappy/1.1.10                    70) py-xlsxwriter/3.1.7
 29) c-blosc/1.21.5                   71) py-xlwt/1.3.0
 30) netcdf-c/4.9.2                   72) py-pandas/1.5.3
 31) netcdf-fortran/4.6.1             73) py-six/1.16.0
 32) parallel-netcdf/1.12.2           74) py-python-dateutil/2.8.2
 33) parallelio/2.5.10                75) g2c/1.8.0
 34) esmf/8.6.0                       76) netcdf-cxx4/4.3.1
 35) antlr/2.7.7                      77) met/9.1.3
 36) gsl/2.7.1                        78) metplus/3.1.1
 37) nco/5.0.6                        79) py-packaging/23.1
 38) bacio/2.4.1                      80) py-xarray/2023.7.0
 39) w3emc/2.10.0                     81) prepobs/1.1.0
 40) prod_util/2.1.1                  82) fit2obs/1.1.7.1
 41) g2/3.4.5                         83) globus-cli/3.35.2
 42) sp/2.5.0                         84) module_base.hercules

 

++ [[ -d /work2/noaa/global/mterry/global-workflow_forked/sorc/wxflow/src ]]
++ PYTHONPATH=/apps/other/globus-cli-3.35.2:/work/noaa/epic/role-epic/spack-stack/hercules/spack-stack-1.6.0/envs/gsi-addon-dev-fms-2024.01/install/intel/2021.9.0/py-xarray-2023.7.0-x743hx4/lib/python3.11/site-packages:/work/noaa/epic/role-epic/spack-stack/hercules/spack-stack-1.6.0/envs/gsi-addon-dev-fms-2024.01/install/intel/2021.9.0/py-packaging-23.1-cvb54w6/lib/python3.11/site-packages:/work/noaa/epic/role-epic/spack-stack/hercules/spack-stack-1.6.0/envs/gsi-addon-dev-fms-2024.01/install/intel/2021.9.0/py-python-dateutil-2.8.2-crskgyy/lib/python3.11/site-packages:/work/noaa/epic/role-epic/spack-stack/hercules/spack-stack-1.6.0/envs/gsi-addon-dev-fms-2024.01/install/intel/2021.9.0/py-six-1.16.0-dtjcn7o/lib/python3.11/site-packages:/work/noaa/epic/role-epic/spack-stack/hercules/spack-stack-1.6.0/envs/gsi-addon-dev-fms-2024.01/install/intel/2021.9.0/py-pandas-1.5.3-7tjsvkw/lib/python3.11/site-packages:/work/noaa/epic/role-epic/spack-stack/hercules/spack-stack-1.6.0/envs/gsi-addon-dev-fms-2024.01/install/intel/2021.9.0/py-xlwt-1.3.0-ghvbw56/lib/python3.11/site-packages:/work/noaa/epic/role-epic/spack-stack/hercules/spack-stack-1.6.0/envs/gsi-addon-dev-fms-2024.01/install/intel/2021.9.0/py-xlsxwriter-3.1.7-rqogaok/lib/python3.11/site-packages:/work/noaa/epic/role-epic/spack-stack/hercules/spack-stack-1.6.0/envs/gsi-addon-dev-fms-2024.01/install/intel/2021.9.0/py-xlrd-2.0.1-g52jf7f/lib/python3.11/site-packages:/work/noaa/epic/role-epic/spack-stack/hercules/spack-stack-1.6.0/envs/gsi-addon-dev-fms-2024.01/install/intel/2021.9.0/py-pyxlsb-1.0.10-ow7w6ge/lib/python3.11/site-packages:/work/noaa/epic/role-epic/spack-stack/hercules/spack-stack-1.6.0/envs/gsi-addon-dev-fms-2024.01/install/intel/2021.9.0/py-pytz-2023.3-kmu3i3s/lib/python3.11/site-packages:/work/noaa/epic/role-epic/spack-stack/hercules/spack-stack-1.6.0/envs/gsi-addon-dev-fms-2024.01/install/intel/2021.9.0/py-openpyxl-3.1.2-vfourqe/lib/python3.11/site-packages:/work/noaa/epic/role-epic/spack-stack/hercules/spack-stack-1.6.0/envs/gsi-addon-dev-fms-2024.01/install/intel/2021.9.0/py-et-xmlfile-1.0.1-7wze7yq/lib/python3.11/site-packages:/work/noaa/epic/role-epic/spack-stack/hercules/spack-stack-1.6.0/envs/gsi-addon-dev-fms-2024.01/install/intel/2021.9.0/py-numexpr-2.8.4-nobvkrq/lib/python3.11/site-packages:/work/noaa/epic/role-epic/spack-stack/hercules/spack-stack-1.6.0/envs/gsi-addon-dev-fms-2024.01/install/intel/2021.9.0/py-bottleneck-1.3.7-ftw2r3a/lib/python3.11/site-packages:/work/noaa/epic/role-epic/spack-stack/hercules/spack-stack-1.6.0/envs/gsi-addon-dev-fms-2024.01/install/intel/2021.9.0/py-jinja2-3.1.2-eoja5pj/lib/python3.11/site-packages:/work/noaa/epic/role-epic/spack-stack/hercules/spack-stack-1.6.0/envs/gsi-addon-dev-fms-2024.01/install/intel/2021.9.0/py-markupsafe-2.1.3-v6xcnb7/lib/python3.11/site-packages:/work/noaa/epic/role-epic/spack-stack/hercules/spack-stack-1.6.0/envs/gsi-addon-dev-fms-2024.01/install/intel/2021.9.0/py-pyyaml-6.0-t2st4x2/lib/python3.11/site-packages:/work/noaa/epic/role-epic/spack-stack/hercules/spack-stack-1.6.0/envs/gsi-addon-dev-fms-2024.01/install/intel/2021.9.0/py-netcdf4-1.5.8-bgfhv5i/lib/python3.11/site-packages:/work/noaa/epic/role-epic/spack-stack/hercules/spack-stack-1.6.0/envs/gsi-addon-dev-fms-2024.01/install/intel/2021.9.0/py-cftime-1.0.3.4-ienmq3i/lib/python3.11/site-packages:/work/noaa/epic/role-epic/spack-stack/hercules/spack-stack-1.6.0/envs/gsi-addon-dev-fms-2024.01/install/intel/2021.9.0/py-f90nml-1.4.3-3ib7u6z/lib/python3.11/site-packages:/work/noaa/epic/role-epic/spack-stack/hercules/spack-stack-1.6.0/envs/gsi-addon-dev-fms-2024.01/install/intel/2021.9.0/bufr-11.7.0-7qdgt6m/lib64/python3.11/site-packages:/work/noaa/epic/role-epic/spack-stack/hercules/spack-stack-1.6.0/envs/gsi-addon-dev-fms-2024.01/install/intel/2021.9.0/bufr-11.7.0-7qdgt6m/lib/python3.11/site-packages:/work/noaa/epic/role-epic/spack-stack/hercules/spack-stack-1.6.0/envs/gsi-addon-dev-fms-2024.01/install/intel/2021.9.0/py-numpy-1.23.4-ftta6ne/lib/python3.11/site-packages:/work/noaa/epic/role-epic/spack-stack/hercules/spack-stack-1.6.0/envs/gsi-addon-dev-fms-2024.01/install/intel/2021.9.0/py-setuptools-63.4.3-5extjhr/lib/python3.11/site-packages:/work2/noaa/global/mterry/global-workflow_forked/sorc/wxflow/src:/work2/noaa/global/mterry/global-workflow_forked/sorc/wxflow/src
++ PYTHONPATH=/apps/other/globus-cli-3.35.2:/work/noaa/epic/role-epic/spack-stack/hercules/spack-stack-1.6.0/envs/gsi-addon-dev-fms-2024.01/install/intel/2021.9.0/py-xarray-2023.7.0-x743hx4/lib/python3.11/site-packages:/work/noaa/epic/role-epic/spack-stack/hercules/spack-stack-1.6.0/envs/gsi-addon-dev-fms-2024.01/install/intel/2021.9.0/py-packaging-23.1-cvb54w6/lib/python3.11/site-packages:/work/noaa/epic/role-epic/spack-stack/hercules/spack-stack-1.6.0/envs/gsi-addon-dev-fms-2024.01/install/intel/2021.9.0/py-python-dateutil-2.8.2-crskgyy/lib/python3.11/site-packages:/work/noaa/epic/role-epic/spack-stack/hercules/spack-stack-1.6.0/envs/gsi-addon-dev-fms-2024.01/install/intel/2021.9.0/py-six-1.16.0-dtjcn7o/lib/python3.11/site-packages:/work/noaa/epic/role-epic/spack-stack/hercules/spack-stack-1.6.0/envs/gsi-addon-dev-fms-2024.01/install/intel/2021.9.0/py-pandas-1.5.3-7tjsvkw/lib/python3.11/site-packages:/work/noaa/epic/role-epic/spack-stack/hercules/spack-stack-1.6.0/envs/gsi-addon-dev-fms-2024.01/install/intel/2021.9.0/py-xlwt-1.3.0-ghvbw56/lib/python3.11/site-packages:/work/noaa/epic/role-epic/spack-stack/hercules/spack-stack-1.6.0/envs/gsi-addon-dev-fms-2024.01/install/intel/2021.9.0/py-xlsxwriter-3.1.7-rqogaok/lib/python3.11/site-packages:/work/noaa/epic/role-epic/spack-stack/hercules/spack-stack-1.6.0/envs/gsi-addon-dev-fms-2024.01/install/intel/2021.9.0/py-xlrd-2.0.1-g52jf7f/lib/python3.11/site-packages:/work/noaa/epic/role-epic/spack-stack/hercules/spack-stack-1.6.0/envs/gsi-addon-dev-fms-2024.01/install/intel/2021.9.0/py-pyxlsb-1.0.10-ow7w6ge/lib/python3.11/site-packages:/work/noaa/epic/role-epic/spack-stack/hercules/spack-stack-1.6.0/envs/gsi-addon-dev-fms-2024.01/install/intel/2021.9.0/py-pytz-2023.3-kmu3i3s/lib/python3.11/site-packages:/work/noaa/epic/role-epic/spack-stack/hercules/spack-stack-1.6.0/envs/gsi-addon-dev-fms-2024.01/install/intel/2021.9.0/py-openpyxl-3.1.2-vfourqe/lib/python3.11/site-packages:/work/noaa/epic/role-epic/spack-stack/hercules/spack-stack-1.6.0/envs/gsi-addon-dev-fms-2024.01/install/intel/2021.9.0/py-et-xmlfile-1.0.1-7wze7yq/lib/python3.11/site-packages:/work/noaa/epic/role-epic/spack-stack/hercules/spack-stack-1.6.0/envs/gsi-addon-dev-fms-2024.01/install/intel/2021.9.0/py-numexpr-2.8.4-nobvkrq/lib/python3.11/site-packages:/work/noaa/epic/role-epic/spack-stack/hercules/spack-stack-1.6.0/envs/gsi-addon-dev-fms-2024.01/install/intel/2021.9.0/py-bottleneck-1.3.7-ftw2r3a/lib/python3.11/site-packages:/work/noaa/epic/role-epic/spack-stack/hercules/spack-stack-1.6.0/envs/gsi-addon-dev-fms-2024.01/install/intel/2021.9.0/py-jinja2-3.1.2-eoja5pj/lib/python3.11/site-packages:/work/noaa/epic/role-epic/spack-stack/hercules/spack-stack-1.6.0/envs/gsi-addon-dev-fms-2024.01/install/intel/2021.9.0/py-markupsafe-2.1.3-v6xcnb7/lib/python3.11/site-packages:/work/noaa/epic/role-epic/spack-stack/hercules/spack-stack-1.6.0/envs/gsi-addon-dev-fms-2024.01/install/intel/2021.9.0/py-pyyaml-6.0-t2st4x2/lib/python3.11/site-packages:/work/noaa/epic/role-epic/spack-stack/hercules/spack-stack-1.6.0/envs/gsi-addon-dev-fms-2024.01/install/intel/2021.9.0/py-netcdf4-1.5.8-bgfhv5i/lib/python3.11/site-packages:/work/noaa/epic/role-epic/spack-stack/hercules/spack-stack-1.6.0/envs/gsi-addon-dev-fms-2024.01/install/intel/2021.9.0/py-cftime-1.0.3.4-ienmq3i/lib/python3.11/site-packages:/work/noaa/epic/role-epic/spack-stack/hercules/spack-stack-1.6.0/envs/gsi-addon-dev-fms-2024.01/install/intel/2021.9.0/py-f90nml-1.4.3-3ib7u6z/lib/python3.11/site-packages:/work/noaa/epic/role-epic/spack-stack/hercules/spack-stack-1.6.0/envs/gsi-addon-dev-fms-2024.01/install/intel/2021.9.0/bufr-11.7.0-7qdgt6m/lib64/python3.11/site-packages:/work/noaa/epic/role-epic/spack-stack/hercules/spack-stack-1.6.0/envs/gsi-addon-dev-fms-2024.01/install/intel/2021.9.0/bufr-11.7.0-7qdgt6m/lib/python3.11/site-packages:/work/noaa/epic/role-epic/spack-stack/hercules/spack-stack-1.6.0/envs/gsi-addon-dev-fms-2024.01/install/intel/2021.9.0/py-numpy-1.23.4-ftta6ne/lib/python3.11/site-packages:/work/noaa/epic/role-epic/spack-stack/hercules/spack-stack-1.6.0/envs/gsi-addon-dev-fms-2024.01/install/intel/2021.9.0/py-setuptools-63.4.3-5extjhr/lib/python3.11/site-packages:/work2/noaa/global/mterry/global-workflow_forked/sorc/wxflow/src:/work2/noaa/global/mterry/global-workflow_forked/sorc/wxflow/src:/work2/noaa/global/mterry/global-workflow_forked/ush/python
++ export PYTHONPATH
++ ulimit -S -s 16384
++ unset ulimit_s
+ status=0
+ ((  status != 0  ))
+ export job=atmos_products
+ job=atmos_products
+ IFS=', '
+ read -r -a fhr_list
+ export FORECAST_HOUR jobid
+ for FORECAST_HOUR in "${fhr_list[@]}"
++ printf %03d 6
+ fhr3=006
+ jobid=atmos_products_f006.349486
+ /work2/noaa/global/mterry/global-workflow_forked/jobs/JGLOBAL_ATMOS_PRODUCTS
Begin /work2/noaa/global/mterry/global-workflow_forked/jobs/JGLOBAL_ATMOS_PRODUCTS at Tue Jul 29 05:14:49 UTC 2025
++ jjob_header.sh[46]OPTIND=1
++ jjob_header.sh[47]getopts c:e: option
++ jjob_header.sh[48]case "${option}" in
++ jjob_header.sh[50]env_job=atmos_products
++ jjob_header.sh[47]getopts c:e: option
++ jjob_header.sh[48]case "${option}" in
++ jjob_header.sh[49]read -ra configs
++ jjob_header.sh[47]getopts c:e: option
++ jjob_header.sh[61]shift 4
++ jjob_header.sh[63][[ -z atmos_products ]]
++ jjob_header.sh[71]export DATA=/work2/noaa/stmp/mterry/HERCULES/RUNDIRS/C48mx500_hybAOWCDA/gdas.2021032500/atmos_products_f006.349486
++ jjob_header.sh[71]DATA=/work2/noaa/stmp/mterry/HERCULES/RUNDIRS/C48mx500_hybAOWCDA/gdas.2021032500/atmos_products_f006.349486
++ jjob_header.sh[72][[ YES == \Y\E\S ]]
++ jjob_header.sh[73]rm -rf /work2/noaa/stmp/mterry/HERCULES/RUNDIRS/C48mx500_hybAOWCDA/gdas.2021032500/atmos_products_f006.349486
++ jjob_header.sh[75]mkdir -p /work2/noaa/stmp/mterry/HERCULES/RUNDIRS/C48mx500_hybAOWCDA/gdas.2021032500/atmos_products_f006.349486
++ jjob_header.sh[76]cd /work2/noaa/stmp/mterry/HERCULES/RUNDIRS/C48mx500_hybAOWCDA/gdas.2021032500/atmos_products_f006.349486
++ jjob_header.sh[85]export pid=349943
++ jjob_header.sh[85]pid=349943
++ jjob_header.sh[86]export pgmout=OUTPUT.349943
++ jjob_header.sh[86]pgmout=OUTPUT.349943
++ jjob_header.sh[87]export pgmerr=errfile
++ jjob_header.sh[87]pgmerr=errfile
++ jjob_header.sh[90]export pgm=
++ jjob_header.sh[90]pgm=
++ jjob_header.sh[96]export cycle=t00z
++ jjob_header.sh[96]cycle=t00z
++ jjob_header.sh[97]setpdy.sh
+ setpdy.sh[20]'[' /work2/noaa/stmp/mterry/HERCULES/RUNDIRS/C48mx500_hybAOWCDA/gdas.2021032500/atmos_products_f006.349486 == /home/mterry ']'
+ setpdy.sh[25][[ ! t00z =~ t??z ]]
+ setpdy.sh[30]case $# in
+ setpdy.sh[31]dates_before_PDY=7
+ setpdy.sh[32]dates_after_PDY=7
+ setpdy.sh[50]COMDATEROOT=/work2/noaa/global/mterry/RUNTESTS/COMROOT
+ setpdy.sh[53]'[' -z 20210325 ']'
+ setpdy.sh[57]sed 's/[0-9]\{8\}/20210325/' /work2/noaa/global/mterry/RUNTESTS/COMROOT/date/t00z
sed: can't read /work2/noaa/global/mterry/RUNTESTS/COMROOT/date/t00z: No such file or directory
++ jjob_header.sh[97]true
++ jjob_header.sh[98]source ./PDY
/work2/noaa/global/mterry/global-workflow_forked/ush/jjob_header.sh: line 98: ./PDY: No such file or directory
++ jjob_header.sh[98]true
++ jjob_header.sh[104]export EXPDIR=/work2/noaa/global/mterry/RUNTESTS/EXPDIR/C48mx500_hybAOWCDA
++ jjob_header.sh[104]EXPDIR=/work2/noaa/global/mterry/RUNTESTS/EXPDIR/C48mx500_hybAOWCDA
++ jjob_header.sh[105]for config in "${configs[@]:-''}"
++ jjob_header.sh[106]source /work2/noaa/global/mterry/RUNTESTS/EXPDIR/C48mx500_hybAOWCDA/config.base
+++ config.base[6]echo 'BEGIN: config.base'
BEGIN: config.base
+++ config.base[9]export machine=HERCULES
+++ config.base[9]machine=HERCULES
+++ config.base[12]export RUN_ENVIR=emc
+++ config.base[12]RUN_ENVIR=emc
+++ config.base[15]export ACCOUNT=fv3-cpu
+++ config.base[15]ACCOUNT=fv3-cpu
+++ config.base[16]export QUEUE=batch
+++ config.base[16]QUEUE=batch
+++ config.base[17]export QUEUE_SERVICE=batch
+++ config.base[17]QUEUE_SERVICE=batch
+++ config.base[18]export QUEUE_DTN=batch
+++ config.base[18]QUEUE_DTN=batch
+++ config.base[19]export PARTITION_BATCH=hercules
+++ config.base[19]PARTITION_BATCH=hercules
+++ config.base[20]export PARTITION_SERVICE=service
+++ config.base[20]PARTITION_SERVICE=service
+++ config.base[21]export PARTITION_DTN=
+++ config.base[21]PARTITION_DTN=
+++ config.base[22]export RESERVATION=
+++ config.base[22]RESERVATION=
+++ config.base[23]export CLUSTERS=
+++ config.base[23]CLUSTERS=
+++ config.base[24]export CLUSTERS_SERVICE=
+++ config.base[24]CLUSTERS_SERVICE=
+++ config.base[25]export CLUSTERS_DTN=
+++ config.base[25]CLUSTERS_DTN=
+++ config.base[28]export HPSS_PROJECT=emc-global
+++ config.base[28]HPSS_PROJECT=emc-global
+++ config.base[31]export HOMEgfs=/work2/noaa/global/mterry/global-workflow_forked
+++ config.base[31]HOMEgfs=/work2/noaa/global/mterry/global-workflow_forked
+++ config.base[32]export EXECgfs=/work2/noaa/global/mterry/global-workflow_forked/exec
+++ config.base[32]EXECgfs=/work2/noaa/global/mterry/global-workflow_forked/exec
+++ config.base[33]export FIXgfs=/work2/noaa/global/mterry/global-workflow_forked/fix
+++ config.base[33]FIXgfs=/work2/noaa/global/mterry/global-workflow_forked/fix
+++ config.base[34]export PARMgfs=/work2/noaa/global/mterry/global-workflow_forked/parm
+++ config.base[34]PARMgfs=/work2/noaa/global/mterry/global-workflow_forked/parm
+++ config.base[35]export SCRgfs=/work2/noaa/global/mterry/global-workflow_forked/scripts
+++ config.base[35]SCRgfs=/work2/noaa/global/mterry/global-workflow_forked/scripts
+++ config.base[36]export USHgfs=/work2/noaa/global/mterry/global-workflow_forked/ush
+++ config.base[36]USHgfs=/work2/noaa/global/mterry/global-workflow_forked/ush
+++ config.base[38]export FIXam=/work2/noaa/global/mterry/global-workflow_forked/fix/am
+++ config.base[38]FIXam=/work2/noaa/global/mterry/global-workflow_forked/fix/am
+++ config.base[39]export FIXaer=/work2/noaa/global/mterry/global-workflow_forked/fix/aer
+++ config.base[39]FIXaer=/work2/noaa/global/mterry/global-workflow_forked/fix/aer
+++ config.base[40]export FIXcpl=/work2/noaa/global/mterry/global-workflow_forked/fix/cpl
+++ config.base[40]FIXcpl=/work2/noaa/global/mterry/global-workflow_forked/fix/cpl
+++ config.base[41]export FIXlut=/work2/noaa/global/mterry/global-workflow_forked/fix/lut
+++ config.base[41]FIXlut=/work2/noaa/global/mterry/global-workflow_forked/fix/lut
+++ config.base[42]export FIXcice=/work2/noaa/global/mterry/global-workflow_forked/fix/cice
+++ config.base[42]FIXcice=/work2/noaa/global/mterry/global-workflow_forked/fix/cice
+++ config.base[43]export FIXmom=/work2/noaa/global/mterry/global-workflow_forked/fix/mom6
+++ config.base[43]FIXmom=/work2/noaa/global/mterry/global-workflow_forked/fix/mom6
+++ config.base[44]export FIXreg2grb2=/work2/noaa/global/mterry/global-workflow_forked/fix/reg2grb2
+++ config.base[44]FIXreg2grb2=/work2/noaa/global/mterry/global-workflow_forked/fix/reg2grb2
+++ config.base[45]export FIXgdas=/work2/noaa/global/mterry/global-workflow_forked/fix/gdas
+++ config.base[45]FIXgdas=/work2/noaa/global/mterry/global-workflow_forked/fix/gdas
+++ config.base[50]export PACKAGEROOT=/work2/noaa/global/role-global/nwpara
+++ config.base[50]PACKAGEROOT=/work2/noaa/global/role-global/nwpara
+++ config.base[51]export COMROOT=/work2/noaa/global/mterry/RUNTESTS/COMROOT
+++ config.base[51]COMROOT=/work2/noaa/global/mterry/RUNTESTS/COMROOT
+++ config.base[52]export COMINsyn=/work2/noaa/global/role-global/com/gfs/prod/syndat
+++ config.base[52]COMINsyn=/work2/noaa/global/role-global/com/gfs/prod/syndat
+++ config.base[53]export DMPDIR=/work/noaa/rstprod/dump
+++ config.base[53]DMPDIR=/work/noaa/rstprod/dump
+++ config.base[57]export COMINecmwf=/work2/noaa/global/role-global/data/external_gempak/ecmwf
+++ config.base[57]COMINecmwf=/work2/noaa/global/role-global/data/external_gempak/ecmwf
+++ config.base[58]export COMINnam=/work2/noaa/global/role-global/data/external_gempak/nam
+++ config.base[58]COMINnam=/work2/noaa/global/role-global/data/external_gempak/nam
+++ config.base[59]export COMINukmet=/work2/noaa/global/role-global/data/external_gempak/ukmet
+++ config.base[59]COMINukmet=/work2/noaa/global/role-global/data/external_gempak/ukmet
+++ config.base[62]export HOMEDIR=/work2/noaa/global/mterry
+++ config.base[62]HOMEDIR=/work2/noaa/global/mterry
+++ config.base[63]export STMP=/work2/noaa/stmp/mterry/HERCULES
+++ config.base[63]STMP=/work2/noaa/stmp/mterry/HERCULES
+++ config.base[64]export PTMP=/work2/noaa/stmp/mterry/HERCULES
+++ config.base[64]PTMP=/work2/noaa/stmp/mterry/HERCULES
+++ config.base[65]export NOSCRUB=/work2/noaa/global/mterry
+++ config.base[65]NOSCRUB=/work2/noaa/global/mterry
+++ config.base[68]export BASE_GIT=/work2/noaa/global/role-global/git
+++ config.base[68]BASE_GIT=/work2/noaa/global/role-global/git
+++ config.base[71]export BASE_DATA=/work2/noaa/global/role-global/data
+++ config.base[71]BASE_DATA=/work2/noaa/global/role-global/data
+++ config.base[74]export DO_PREP_SFC=NO
+++ config.base[74]DO_PREP_SFC=NO
+++ config.base[77]export DO_GOES=NO
+++ config.base[77]DO_GOES=NO
+++ config.base[78]export DO_BUFRSND=NO
+++ config.base[78]DO_BUFRSND=NO
+++ config.base[79]export DO_GEMPAK=NO
+++ config.base[79]DO_GEMPAK=NO
+++ config.base[80]export DO_AWIPS=NO
+++ config.base[80]DO_AWIPS=NO
+++ config.base[81]export DO_NPOESS=NO
+++ config.base[81]DO_NPOESS=NO
+++ config.base[82]export DO_TRACKER=YES
+++ config.base[82]DO_TRACKER=YES
+++ config.base[83]export DO_GENESIS=YES
+++ config.base[83]DO_GENESIS=YES
+++ config.base[84]export DO_GENESIS_FSU=NO
+++ config.base[84]DO_GENESIS_FSU=NO
+++ config.base[85]export DO_VERFOZN=YES
+++ config.base[85]DO_VERFOZN=YES
+++ config.base[86]export DO_VERFRAD=YES
+++ config.base[86]DO_VERFRAD=YES
+++ config.base[87]export DO_VMINMON=YES
+++ config.base[87]DO_VMINMON=YES
+++ config.base[88]export DO_ANLSTAT=NO
+++ config.base[88]DO_ANLSTAT=NO
+++ config.base[91]export MODE=cycled
+++ config.base[91]MODE=cycled
+++ config.base[92]export DO_TEST_MODE=NO
+++ config.base[92]DO_TEST_MODE=NO
+++ config.base[101]export FIXgsi=/work2/noaa/global/mterry/global-workflow_forked/fix/gsi
+++ config.base[101]FIXgsi=/work2/noaa/global/mterry/global-workflow_forked/fix/gsi
+++ config.base[102]export HOMEpost=/work2/noaa/global/mterry/global-workflow_forked
+++ config.base[102]HOMEpost=/work2/noaa/global/mterry/global-workflow_forked
+++ config.base[103]export HOMEobsproc=/work2/noaa/global/role-global/git/obsproc/v1.2.0
+++ config.base[103]HOMEobsproc=/work2/noaa/global/role-global/git/obsproc/v1.2.0
+++ config.base[106]export NMV=/bin/mv
+++ config.base[106]NMV=/bin/mv
+++ config.base[107]export 'NLN=/bin/ln -sf'
+++ config.base[107]NLN='/bin/ln -sf'
+++ config.base[108]export VERBOSE=YES
+++ config.base[108]VERBOSE=YES
+++ config.base[109]export KEEPDATA=NO
+++ config.base[109]KEEPDATA=NO
+++ config.base[110]export DEBUG_POSTSCRIPT=NO
+++ config.base[110]DEBUG_POSTSCRIPT=NO
+++ config.base[111]export CHGRP_RSTPROD=YES
+++ config.base[111]CHGRP_RSTPROD=YES
+++ config.base[112]export 'CHGRP_CMD=chgrp rstprod'
+++ config.base[112]CHGRP_CMD='chgrp rstprod'
+++ config.base[113]export NCDUMP=/work/noaa/epic/role-epic/spack-stack/hercules/spack-stack-1.6.0/envs/unified-env/install/intel/2021.9.0/netcdf-c-4.9.2-tslbcfy/bin/ncdump
+++ config.base[113]NCDUMP=/work/noaa/epic/role-epic/spack-stack/hercules/spack-stack-1.6.0/envs/unified-env/install/intel/2021.9.0/netcdf-c-4.9.2-tslbcfy/bin/ncdump
+++ config.base[114]export NCLEN=/work2/noaa/global/mterry/global-workflow_forked/ush/getncdimlen
+++ config.base[114]NCLEN=/work2/noaa/global/mterry/global-workflow_forked/ush/getncdimlen
+++ config.base[117]export BASE_ENV=/work2/noaa/global/mterry/global-workflow_forked/env
+++ config.base[117]BASE_ENV=/work2/noaa/global/mterry/global-workflow_forked/env
+++ config.base[120]export SDATE=2021032418
+++ config.base[120]SDATE=2021032418
+++ config.base[121]export EDATE=2021032500
+++ config.base[121]EDATE=2021032500
+++ config.base[122]export EXP_WARM_START=.true.
+++ config.base[122]EXP_WARM_START=.true.
+++ config.base[123]export assim_freq=6
+++ config.base[123]assim_freq=6
+++ config.base[124]export PSLOT=C48mx500_hybAOWCDA
+++ config.base[124]PSLOT=C48mx500_hybAOWCDA
+++ config.base[125]export EXPDIR=/work2/noaa/global/mterry/RUNTESTS/EXPDIR/C48mx500_hybAOWCDA
+++ config.base[125]EXPDIR=/work2/noaa/global/mterry/RUNTESTS/EXPDIR/C48mx500_hybAOWCDA
+++ config.base[126]export ROTDIR=/work2/noaa/global/mterry/RUNTESTS/COMROOT/C48mx500_hybAOWCDA
+++ config.base[126]ROTDIR=/work2/noaa/global/mterry/RUNTESTS/COMROOT/C48mx500_hybAOWCDA
+++ config.base[127]export DUMP_SUFFIX=
+++ config.base[127]DUMP_SUFFIX=
+++ config.base[128][[ 2021032500 -ge 2019092100 ]]
+++ config.base[128][[ 2021032500 -le 2019110700 ]]
+++ config.base[131]export ARCDIR=/work2/noaa/global/mterry/archive/C48mx500_hybAOWCDA
+++ config.base[131]ARCDIR=/work2/noaa/global/mterry/archive/C48mx500_hybAOWCDA
+++ config.base[132]export ATARDIR=/NCEPDEV/emc-global/1year/mterry/HERCULES/scratch/C48mx500_hybAOWCDA
+++ config.base[132]ATARDIR=/NCEPDEV/emc-global/1year/mterry/HERCULES/scratch/C48mx500_hybAOWCDA
+++ config.base[133]export 'FETCHDIR={{ FETCHDIR }}'
+++ config.base[133]FETCHDIR='{{ FETCHDIR }}'
+++ config.base[136]export envir=prod
+++ config.base[136]envir=prod
+++ config.base[137]export NET=gfs
+++ config.base[137]NET=gfs
+++ config.base[138]export RUN=gdas
+++ config.base[138]RUN=gdas
+++ config.base[141]source /work2/noaa/global/mterry/RUNTESTS/EXPDIR/C48mx500_hybAOWCDA/config.com
++++ config.com[4]echo 'BEGIN: config.com'
BEGIN: config.com
++++ config.com[38][[ emc == \n\c\o ]]
++++ config.com[43]COM_OBSPROC_TMPL='${DMPDIR}/${RUN}${DUMP_SUFFIX}.${YMD}/${HH}/atmos'
++++ config.com[44]COM_RTOFS_TMPL='${DMPDIR}'
++++ config.com[45]COM_TCVITAL_TMPL='${DMPDIR}/${RUN}.${YMD}/${HH}/atmos'
++++ config.com[47]declare -rx 'COM_OBS_TMPL=${ROTDIR}/${RUN}.${YMD}/${HH}/obs'
++++ config.com[48]declare -rx COM_OBSPROC_TMPL COM_RTOFS_TMPL
++++ config.com[50]COM_BASE='${ROTDIR}/${RUN}.${YMD}/${HH}/${MEMDIR}'
++++ config.com[52]declare -rx 'COM_TOP_TMPL=${ROTDIR}/${RUN}.${YMD}/${HH}'
++++ config.com[54]declare -rx 'COM_CONF_TMPL=${ROTDIR}/${RUN}.${YMD}/${HH}/${MEMDIR}/conf'
++++ config.com[55]declare -rx 'COM_OBS_JEDI=${ROTDIR}/${RUN}.${YMD}/${HH}/${MEMDIR}/obs_jedi'
++++ config.com[57]declare -rx 'COM_ATMOS_INPUT_TMPL=${ROTDIR}/${RUN}.${YMD}/${HH}/${MEMDIR}/model/atmos/input'
++++ config.com[58]declare -rx 'COM_ATMOS_RESTART_TMPL=${ROTDIR}/${RUN}.${YMD}/${HH}/${MEMDIR}/model/atmos/restart'
++++ config.com[59]declare -rx 'COM_ATMOS_ANALYSIS_TMPL=${ROTDIR}/${RUN}.${YMD}/${HH}/${MEMDIR}/analysis/atmos'
++++ config.com[60]declare -rx 'COM_SNOW_ANALYSIS_TMPL=${ROTDIR}/${RUN}.${YMD}/${HH}/${MEMDIR}/analysis/snow'
++++ config.com[61]declare -rx 'COM_SNOW_ANLMON_TMPL=${ROTDIR}/${RUN}.${YMD}/${HH}/${MEMDIR}/products/snow/anlmon'
++++ config.com[62]declare -rx 'COM_ATMOS_HISTORY_TMPL=${ROTDIR}/${RUN}.${YMD}/${HH}/${MEMDIR}/model/atmos/history'
++++ config.com[63]declare -rx 'COM_ATMOS_MASTER_TMPL=${ROTDIR}/${RUN}.${YMD}/${HH}/${MEMDIR}/model/atmos/master'
++++ config.com[64]declare -rx 'COM_ATMOS_GRIB_TMPL=${ROTDIR}/${RUN}.${YMD}/${HH}/${MEMDIR}/products/atmos/grib2'
++++ config.com[65]declare -rx 'COM_ATMOS_GRIB_GRID_TMPL=${ROTDIR}/${RUN}.${YMD}/${HH}/${MEMDIR}/products/atmos/grib2/${GRID}'
++++ config.com[66]declare -rx 'COM_ATMOS_BUFR_TMPL=${ROTDIR}/${RUN}.${YMD}/${HH}/${MEMDIR}/products/atmos/bufr'
++++ config.com[67]declare -rx 'COM_ATMOS_GEMPAK_TMPL=${ROTDIR}/${RUN}.${YMD}/${HH}/${MEMDIR}/products/atmos/gempak/${GRID}'
++++ config.com[68]declare -rx 'COM_ATMOS_GENESIS_TMPL=${ROTDIR}/${RUN}.${YMD}/${HH}/${MEMDIR}/products/atmos/cyclone/genesis_vital'
++++ config.com[69]declare -rx 'COM_ATMOS_TRACK_TMPL=${ROTDIR}/${RUN}.${YMD}/${HH}/${MEMDIR}/products/atmos/cyclone/tracks'
++++ config.com[70]declare -rx 'COM_ATMOS_GOES_TMPL=${ROTDIR}/${RUN}.${YMD}/${HH}/${MEMDIR}/products/atmos/goes_sim'
++++ config.com[71]declare -rx 'COM_ATMOS_IMAGERY_TMPL=${ROTDIR}/${RUN}.${YMD}/${HH}/${MEMDIR}/products/atmos/imagery'
++++ config.com[72]declare -rx 'COM_ATMOS_OZNMON_TMPL=${ROTDIR}/${RUN}.${YMD}/${HH}/${MEMDIR}/products/atmos/oznmon'
++++ config.com[73]declare -rx 'COM_ATMOS_RADMON_TMPL=${ROTDIR}/${RUN}.${YMD}/${HH}/${MEMDIR}/products/atmos/radmon'
++++ config.com[74]declare -rx 'COM_ATMOS_MINMON_TMPL=${ROTDIR}/${RUN}.${YMD}/${HH}/${MEMDIR}/products/atmos/minmon'
++++ config.com[75]declare -rx 'COM_ATMOS_ANLMON_TMPL=${ROTDIR}/${RUN}.${YMD}/${HH}/${MEMDIR}/products/atmos/anlmon'
++++ config.com[76]declare -rx 'COM_ATMOS_WMO_TMPL=${ROTDIR}/${RUN}.${YMD}/${HH}/${MEMDIR}/products/atmos/wmo'
++++ config.com[78]declare -rx 'COM_WAVE_RESTART_TMPL=${ROTDIR}/${RUN}.${YMD}/${HH}/${MEMDIR}/model/wave/restart'
++++ config.com[79]declare -rx 'COM_WAVE_PREP_TMPL=${ROTDIR}/${RUN}.${YMD}/${HH}/${MEMDIR}/model/wave/prep'
++++ config.com[80]declare -rx 'COM_WAVE_HISTORY_TMPL=${ROTDIR}/${RUN}.${YMD}/${HH}/${MEMDIR}/model/wave/history'
++++ config.com[81]declare -rx 'COM_WAVE_GRID_TMPL=${ROTDIR}/${RUN}.${YMD}/${HH}/${MEMDIR}/products/wave/gridded'
++++ config.com[82]declare -rx 'COM_WAVE_GRID_RES_TMPL=${ROTDIR}/${RUN}.${YMD}/${HH}/${MEMDIR}/products/wave/gridded/${GRDRESNAME}'
++++ config.com[83]declare -rx 'COM_WAVE_STATION_TMPL=${ROTDIR}/${RUN}.${YMD}/${HH}/${MEMDIR}/products/wave/station'
++++ config.com[84]declare -rx 'COM_WAVE_GEMPAK_TMPL=${ROTDIR}/${RUN}.${YMD}/${HH}/${MEMDIR}/products/wave/gempak'
++++ config.com[85]declare -rx 'COM_WAVE_WMO_TMPL=${ROTDIR}/${RUN}.${YMD}/${HH}/${MEMDIR}/products/wave/wmo'
++++ config.com[87]declare -rx 'COM_OCEAN_HISTORY_TMPL=${ROTDIR}/${RUN}.${YMD}/${HH}/${MEMDIR}/model/ocean/history'
++++ config.com[88]declare -rx 'COM_OCEAN_RESTART_TMPL=${ROTDIR}/${RUN}.${YMD}/${HH}/${MEMDIR}/model/ocean/restart'
++++ config.com[89]declare -rx 'COM_OCEAN_INPUT_TMPL=${ROTDIR}/${RUN}.${YMD}/${HH}/${MEMDIR}/model/ocean/input'
++++ config.com[90]declare -rx 'COM_OCEAN_ANALYSIS_TMPL=${ROTDIR}/${RUN}.${YMD}/${HH}/${MEMDIR}/analysis/ocean'
++++ config.com[91]declare -rx 'COM_OCEAN_ANLMON_TMPL=${ROTDIR}/${RUN}.${YMD}/${HH}/${MEMDIR}/products/ocean/anlmon'
++++ config.com[92]declare -rx 'COM_OCEAN_LETKF_TMPL=${ROTDIR}/${RUN}.${YMD}/${HH}/${MEMDIR}/analysis/ocean/letkf'
++++ config.com[93]declare -rx 'COM_OCEAN_BMATRIX_TMPL=${ROTDIR}/${RUN}.${YMD}/${HH}/${MEMDIR}/bmatrix/ocean'
++++ config.com[94]declare -rx 'COM_OCEAN_NETCDF_TMPL=${ROTDIR}/${RUN}.${YMD}/${HH}/${MEMDIR}/products/ocean/netcdf'
++++ config.com[95]declare -rx 'COM_OCEAN_GRIB_TMPL=${ROTDIR}/${RUN}.${YMD}/${HH}/${MEMDIR}/products/ocean/grib2'
++++ config.com[96]declare -rx 'COM_OCEAN_GRIB_GRID_TMPL=${ROTDIR}/${RUN}.${YMD}/${HH}/${MEMDIR}/products/ocean/grib2/${GRID}'
++++ config.com[98]declare -rx 'COM_ICE_ANALYSIS_TMPL=${ROTDIR}/${RUN}.${YMD}/${HH}/${MEMDIR}/analysis/ice'
++++ config.com[99]declare -rx 'COM_ICE_LETKF_TMPL=${ROTDIR}/${RUN}.${YMD}/${HH}/${MEMDIR}/analysis/ice/letkf'
++++ config.com[100]declare -rx 'COM_ICE_ANLMON_TMPL=${ROTDIR}/${RUN}.${YMD}/${HH}/${MEMDIR}/products/ice/anlmon'
++++ config.com[101]declare -rx 'COM_ICE_BMATRIX_TMPL=${ROTDIR}/${RUN}.${YMD}/${HH}/${MEMDIR}/bmatrix/ice'
++++ config.com[102]declare -rx 'COM_ICE_INPUT_TMPL=${ROTDIR}/${RUN}.${YMD}/${HH}/${MEMDIR}/model/ice/input'
++++ config.com[103]declare -rx 'COM_ICE_HISTORY_TMPL=${ROTDIR}/${RUN}.${YMD}/${HH}/${MEMDIR}/model/ice/history'
++++ config.com[104]declare -rx 'COM_ICE_RESTART_TMPL=${ROTDIR}/${RUN}.${YMD}/${HH}/${MEMDIR}/model/ice/restart'
++++ config.com[105]declare -rx 'COM_ICE_NETCDF_TMPL=${ROTDIR}/${RUN}.${YMD}/${HH}/${MEMDIR}/products/ice/netcdf'
++++ config.com[106]declare -rx 'COM_ICE_GRIB_TMPL=${ROTDIR}/${RUN}.${YMD}/${HH}/${MEMDIR}/products/ice/grib2'
++++ config.com[107]declare -rx 'COM_ICE_GRIB_GRID_TMPL=${ROTDIR}/${RUN}.${YMD}/${HH}/${MEMDIR}/products/ice/grib2/${GRID}'
++++ config.com[109]declare -rx 'COM_CHEM_HISTORY_TMPL=${ROTDIR}/${RUN}.${YMD}/${HH}/${MEMDIR}/model/chem/history'
++++ config.com[110]declare -rx 'COM_CHEM_ANALYSIS_TMPL=${ROTDIR}/${RUN}.${YMD}/${HH}/${MEMDIR}/analysis/chem'
++++ config.com[111]declare -rx 'COM_CHEM_BMAT_TMPL=${ROTDIR}/${RUN}.${YMD}/${HH}/${MEMDIR}/analysis/chem/bmatrix'
++++ config.com[112]declare -rx 'COM_CHEM_ANLMON_TMPL=${ROTDIR}/${RUN}.${YMD}/${HH}/${MEMDIR}/products/chem/anlmon'
++++ config.com[114]declare -rx 'COM_MED_RESTART_TMPL=${ROTDIR}/${RUN}.${YMD}/${HH}/${MEMDIR}/model/med/restart'
+++ config.base[143]export LOGSCRIPT=
+++ config.base[143]LOGSCRIPT=
+++ config.base[145]export 'REDOUT=1>'
+++ config.base[145]REDOUT='1>'
+++ config.base[146]export 'REDERR=2>'
+++ config.base[146]REDERR='2>'
+++ config.base[148]export SENDECF=NO
+++ config.base[148]SENDECF=NO
+++ config.base[149]export SENDSDM=NO
+++ config.base[149]SENDSDM=NO
+++ config.base[150]export SENDDBN_NTC=NO
+++ config.base[150]SENDDBN_NTC=NO
+++ config.base[151]export SENDDBN=NO
+++ config.base[151]SENDDBN=NO
+++ config.base[152]export DBNROOT=/work/noaa/epic/role-epic/spack-stack/hercules/spack-stack-1.6.0/envs/unified-env/install/intel/2021.9.0/prod-util-2.1.1-ddlo2cq/fakedbn
+++ config.base[152]DBNROOT=/work/noaa/epic/role-epic/spack-stack/hercules/spack-stack-1.6.0/envs/unified-env/install/intel/2021.9.0/prod-util-2.1.1-ddlo2cq/fakedbn
+++ config.base[153]export SENDAWIP=NO
+++ config.base[153]SENDAWIP=NO
+++ config.base[156]export APP=S2S
+++ config.base[156]APP=S2S
+++ config.base[158]shopt -s extglob
+++ config.base[161]case "${RUN}" in
+++ config.base[168]shopt -u extglob
+++ config.base[171]export DO_ATM=YES
+++ config.base[171]DO_ATM=YES
+++ config.base[172]export DO_COUPLED=NO
+++ config.base[172]DO_COUPLED=NO
+++ config.base[173]export DO_WAVE=NO
+++ config.base[173]DO_WAVE=NO
+++ config.base[174]export DO_OCN=NO
+++ config.base[174]DO_OCN=NO
+++ config.base[175]export DO_ICE=NO
+++ config.base[175]DO_ICE=NO
+++ config.base[176]DO_AERO=NO
+++ config.base[177]export DO_PREP_OBS_AERO=NO
+++ config.base[177]DO_PREP_OBS_AERO=NO
+++ config.base[178]aero_fcst_runs=gdas
+++ config.base[179]aero_anl_runs='gdas gfs'
+++ config.base[180]export DO_AERO_FCST=NO
+++ config.base[180]DO_AERO_FCST=NO
+++ config.base[181]export DO_AERO_ANL=NO
+++ config.base[181]DO_AERO_ANL=NO
+++ config.base[182]export DOBNDPNT_WAVE=YES
+++ config.base[182]DOBNDPNT_WAVE=YES
+++ config.base[183]export DOIBP_WAV=NO
+++ config.base[183]DOIBP_WAV=NO
+++ config.base[184]export FRAC_GRID=.true.
+++ config.base[184]FRAC_GRID=.true.
+++ config.base[185]export DO_NEST=NO
+++ config.base[185]DO_NEST=NO
+++ config.base[186][[ NO == \Y\E\S ]]
+++ config.base[192]export ntiles=6
+++ config.base[192]ntiles=6
+++ config.base[193]export FIXugwd=/work2/noaa/global/mterry/global-workflow_forked/fix/ugwd
+++ config.base[193]FIXugwd=/work2/noaa/global/mterry/global-workflow_forked/fix/ugwd
+++ config.base[194]export FIXorog=/work2/noaa/global/mterry/global-workflow_forked/fix/orog
+++ config.base[194]FIXorog=/work2/noaa/global/mterry/global-workflow_forked/fix/orog
+++ config.base[198]export OPS_RES=C768
+++ config.base[198]OPS_RES=C768
+++ config.base[201]export LEVS=128
+++ config.base[201]LEVS=128
+++ config.base[202]export CASE=C48
+++ config.base[202]CASE=C48
+++ config.base[203]export CASE_ENS=C48
+++ config.base[203]CASE_ENS=C48
+++ config.base[204]export OCNRES=500
+++ config.base[204]OCNRES=500
+++ config.base[205]export ICERES=500
+++ config.base[205]ICERES=500
+++ config.base[208]case "${CASE}" in
+++ config.base[210]export waveGRD=uglo_100km
+++ config.base[210]waveGRD=uglo_100km
+++ config.base[227]case "${APP}" in
+++ config.base[243]export DO_COUPLED=YES
+++ config.base[243]DO_COUPLED=YES
+++ config.base[244]export DO_OCN=YES
+++ config.base[244]DO_OCN=YES
+++ config.base[245]export DO_ICE=YES
+++ config.base[245]DO_ICE=YES
+++ config.base[247][[ S2S =~ A$ ]]
+++ config.base[251][[ S2S =~ ^S2SW ]]
+++ config.base[262][[ NO == \Y\E\S ]]
+++ config.base[272][[ gdas =~ gdas ]]
+++ config.base[273]export FHCYC=1
+++ config.base[273]FHCYC=1
+++ config.base[274]export FTSFS=10
+++ config.base[274]FTSFS=10
+++ config.base[280]export FHMIN=0
+++ config.base[280]FHMIN=0
+++ config.base[281]export FHMAX=9
+++ config.base[281]FHMAX=9
+++ config.base[282]export FHOUT=3
+++ config.base[282]FHOUT=3
+++ config.base[283]export FHOUT_OCN=3
+++ config.base[283]FHOUT_OCN=3
+++ config.base[284]export FHOUT_ICE=3
+++ config.base[284]FHOUT_ICE=3
+++ config.base[285]export FHOUT_AERO=3
+++ config.base[285]FHOUT_AERO=3
+++ config.base[288]export EUPD_CYC=gdas
+++ config.base[288]EUPD_CYC=gdas
+++ config.base[291]export INTERVAL_GFS=0
+++ config.base[291]INTERVAL_GFS=0
+++ config.base[292]export SDATE_GFS=2021032500
+++ config.base[292]SDATE_GFS=2021032500
+++ config.base[295]export FHMIN_GFS=0
+++ config.base[295]FHMIN_GFS=0
+++ config.base[296]export FHMAX_GFS=120
+++ config.base[296]FHMAX_GFS=120
+++ config.base[298]breakpnts=
+++ config.base[299]export FCST_SEGMENTS=0,120
+++ config.base[299]FCST_SEGMENTS=0,120
+++ config.base[300]export FHOUT_GFS=3
+++ config.base[300]FHOUT_GFS=3
+++ config.base[301]export FHMAX_HF_GFS=48
+++ config.base[301]FHMAX_HF_GFS=48
+++ config.base[302]export FHMAX_HF_GFS=48
+++ config.base[302]FHMAX_HF_GFS=48
+++ config.base[303]export FHOUT_HF_GFS=1
+++ config.base[303]FHOUT_HF_GFS=1
+++ config.base[306]export FHMIN_WAV=0
+++ config.base[306]FHMIN_WAV=0
+++ config.base[307]export FHOUT_WAV=1
+++ config.base[307]FHOUT_WAV=1
+++ config.base[308]export FHMAX_WAV=9
+++ config.base[308]FHMAX_WAV=9
+++ config.base[309]export FHMAX_WAV=9
+++ config.base[309]FHMAX_WAV=9
+++ config.base[310]export FHOUT_WAV_GFS=3
+++ config.base[310]FHOUT_WAV_GFS=3
+++ config.base[311]export FHMAX_WAV_GFS=120
+++ config.base[311]FHMAX_WAV_GFS=120
+++ config.base[312]export FHOUT_HF_WAV=1
+++ config.base[312]FHOUT_HF_WAV=1
+++ config.base[313]export FHMAX_HF_WAV=48
+++ config.base[313]FHMAX_HF_WAV=48
+++ config.base[314]export FHMAX_HF_WAV=48
+++ config.base[314]FHMAX_HF_WAV=48
+++ config.base[317]export FHOUT_OCN_GFS=6
+++ config.base[317]FHOUT_OCN_GFS=6
+++ config.base[318]export FHOUT_ICE_GFS=6
+++ config.base[318]FHOUT_ICE_GFS=6
+++ config.base[321]export ILPOST=1
+++ config.base[321]ILPOST=1
+++ config.base[322]((  FHMAX_HF_GFS < 120  ))
+++ config.base[323]export ILPOST=3
+++ config.base[323]ILPOST=3
+++ config.base[327]export FHMAX_GOES=180
+++ config.base[327]FHMAX_GOES=180
+++ config.base[328]export FHOUT_GOES=3
+++ config.base[328]FHOUT_GOES=3
+++ config.base[329]((  FHMAX_GOES > FHMAX_GFS  ))
+++ config.base[330]export FHMAX_GOES=120
+++ config.base[330]FHMAX_GOES=120
+++ config.base[334]export restart_interval_gfs=12
+++ config.base[334]restart_interval_gfs=12
+++ config.base[339]export QUILTING=.true.
+++ config.base[339]QUILTING=.true.
+++ config.base[340]export OUTPUT_GRID=gaussian_grid
+++ config.base[340]OUTPUT_GRID=gaussian_grid
+++ config.base[341]export WRITE_DOPOST=.true.
+++ config.base[341]WRITE_DOPOST=.true.
+++ config.base[342]export WRITE_NSFLIP=.true.
+++ config.base[342]WRITE_NSFLIP=.true.
+++ config.base[345]export DOIAU=YES
+++ config.base[345]DOIAU=YES
+++ config.base[346]export IAUFHRS=3,6,9
+++ config.base[346]IAUFHRS=3,6,9
+++ config.base[347]export IAU_FHROT=3
+++ config.base[347]IAU_FHROT=3
+++ config.base[348]export IAU_DELTHRS=6
+++ config.base[348]IAU_DELTHRS=6
+++ config.base[349]export IAU_OFFSET=6
+++ config.base[349]IAU_OFFSET=6
+++ config.base[350]export DOIAU_ENKF=YES
+++ config.base[350]DOIAU_ENKF=YES
+++ config.base[351]export IAUFHRS_ENKF=3,6,9
+++ config.base[351]IAUFHRS_ENKF=3,6,9
+++ config.base[352]export IAU_DELTHRS_ENKF=6
+++ config.base[352]IAU_DELTHRS_ENKF=6
+++ config.base[355]export lobsdiag_forenkf=.true.
+++ config.base[355]lobsdiag_forenkf=.true.
+++ config.base[363]export imp_physics=8
+++ config.base[363]imp_physics=8
+++ config.base[367]export DO_JEDIATMVAR=NO
+++ config.base[367]DO_JEDIATMVAR=NO
+++ config.base[368]export DO_JEDIATMENS=NO
+++ config.base[368]DO_JEDIATMENS=NO
+++ config.base[369]export DO_JEDIOCNVAR=YES
+++ config.base[369]DO_JEDIOCNVAR=YES
+++ config.base[370]export DO_JEDISNOWDA=NO
+++ config.base[370]DO_JEDISNOWDA=NO
+++ config.base[371]export DO_MERGENSST=NO
+++ config.base[371]DO_MERGENSST=NO
+++ config.base[372]export DO_STARTMEM_FROM_JEDIICE=NO
+++ config.base[372]DO_STARTMEM_FROM_JEDIICE=NO
+++ config.base[375]export DOHYBVAR=YES
+++ config.base[375]DOHYBVAR=YES
+++ config.base[376]export DOHYBVAR_OCN=YES
+++ config.base[376]DOHYBVAR_OCN=YES
+++ config.base[377]export DOLETKF_OCN=YES
+++ config.base[377]DOLETKF_OCN=YES
+++ config.base[378]export NMEM_ENS=2
+++ config.base[378]NMEM_ENS=2
+++ config.base[379]export SMOOTH_ENKF=NO
+++ config.base[379]SMOOTH_ENKF=NO
+++ config.base[380]export l4densvar=.true.
+++ config.base[380]l4densvar=.true.
+++ config.base[381]export lwrite4danl=.true.
+++ config.base[381]lwrite4danl=.true.
+++ config.base[382]export DO_CALC_INCREMENT=NO
+++ config.base[382]DO_CALC_INCREMENT=NO
+++ config.base[385]export NMEM_ENS_GFS=30
+++ config.base[385]NMEM_ENS_GFS=30
+++ config.base[386]export NMEM_ENS_GFS_OFFSET=20
+++ config.base[386]NMEM_ENS_GFS_OFFSET=20
+++ config.base[387]export DO_CALC_INCREMENT_ENKF_GFS=NO
+++ config.base[387]DO_CALC_INCREMENT_ENKF_GFS=NO
+++ config.base[390][[ YES = \Y\E\S ]]
+++ config.base[391]export FHMIN_ENKF=3
+++ config.base[391]FHMIN_ENKF=3
+++ config.base[392]export FHMAX_ENKF=9
+++ config.base[392]FHMAX_ENKF=9
+++ config.base[393]export FHMAX_ENKF_GFS=12
+++ config.base[393]FHMAX_ENKF_GFS=12
+++ config.base[394]export FHOUT_ENKF_GFS=3
+++ config.base[394]FHOUT_ENKF_GFS=3
+++ config.base[395][[ .true. = \.\t\r\u\e\. ]]
+++ config.base[396]export FHOUT=1
+++ config.base[396]FHOUT=1
+++ config.base[397]export FHOUT_ENKF=1
+++ config.base[397]FHOUT_ENKF=1
+++ config.base[404][[ YES == \N\O ]]
+++ config.base[412]export ENKF_SPREAD=YES
+++ config.base[412]ENKF_SPREAD=YES
+++ config.base[415]export DO_GSISOILDA=NO
+++ config.base[415]DO_GSISOILDA=NO
+++ config.base[416]export DO_LAND_IAU=.false.
+++ config.base[416]DO_LAND_IAU=.false.
+++ config.base[417]export LSOIL_INCR=2
+++ config.base[417]LSOIL_INCR=2
+++ config.base[420][[ cycled = \c\y\c\l\e\d ]]
+++ config.base[420][[ 2021032418 = \2\0\2\1\0\3\2\5\0\0 ]]
+++ config.base[420][[ YES = \N\O ]]
+++ config.base[420][[ cycled = \f\o\r\e\c\a\s\t\-\o\n\l\y ]]
+++ config.base[427][[ YES = \N\O ]]
+++ config.base[431][[ YES == \Y\E\S ]]
+++ config.base[432]export restart_interval_enkfgdas=3
+++ config.base[432]restart_interval_enkfgdas=3
+++ config.base[437]export restart_interval_enkfgfs=3
+++ config.base[437]restart_interval_enkfgfs=3
+++ config.base[439][[ YES == \Y\E\S ]]
+++ config.base[440]export restart_interval_gdas=3
+++ config.base[440]restart_interval_gdas=3
+++ config.base[446]export DONST=YES
+++ config.base[446]DONST=YES
+++ config.base[447][[ YES = \Y\E\S ]]
+++ config.base[447]export 'FNTSFA=        '
+++ config.base[447]FNTSFA='        '
+++ config.base[450]export nst_anl=.true.
+++ config.base[450]nst_anl=.true.
+++ config.base[453]export MAKE_NSSTBUFR=NO
+++ config.base[453]MAKE_NSSTBUFR=NO
+++ config.base[456]export MAKE_ACFTBUFR=NO
+++ config.base[456]MAKE_ACFTBUFR=NO
+++ config.base[459]export 'INCREMENTS_TO_ZERO='\''liq_wat_inc'\'','\''icmr_inc'\'','\''rwmr_inc'\'','\''snmr_inc'\'','\''grle_inc'\'''
+++ config.base[459]INCREMENTS_TO_ZERO=''\''liq_wat_inc'\'','\''icmr_inc'\'','\''rwmr_inc'\'','\''snmr_inc'\'','\''grle_inc'\'''
+++ config.base[462]export 'INCVARS_ZERO_STRAT='\''sphum_inc'\'','\''liq_wat_inc'\'','\''icmr_inc'\'','\''rwmr_inc'\'','\''snmr_inc'\'','\''grle_inc'\'''
+++ config.base[462]INCVARS_ZERO_STRAT=''\''sphum_inc'\'','\''liq_wat_inc'\'','\''icmr_inc'\'','\''rwmr_inc'\'','\''snmr_inc'\'','\''grle_inc'\'''
+++ config.base[463]export INCVARS_EFOLD=5
+++ config.base[463]INCVARS_EFOLD=5
+++ config.base[468]export netcdf_diag=.true.
+++ config.base[468]netcdf_diag=.true.
+++ config.base[469]export binary_diag=.false.
+++ config.base[469]binary_diag=.false.
+++ config.base[472]export DO_CA=YES
+++ config.base[472]DO_CA=YES
+++ config.base[475]export DO_METP=YES
+++ config.base[475]DO_METP=YES
+++ config.base[476]export DO_FIT2OBS=YES
+++ config.base[476]DO_FIT2OBS=YES
+++ config.base[479]export FHMAX_FITS=132
+++ config.base[479]FHMAX_FITS=132
+++ config.base[480][[ 132 -gt 120 ]]
+++ config.base[481]export FHMAX_FITS=120
+++ config.base[481]FHMAX_FITS=120
+++ config.base[486]export DO_FETCH_HPSS=NO
+++ config.base[486]DO_FETCH_HPSS=NO
+++ config.base[487]export DO_FETCH_LOCAL=NO
+++ config.base[487]DO_FETCH_LOCAL=NO
+++ config.base[490]export DO_ARCHCOM=NO
+++ config.base[490]DO_ARCHCOM=NO
+++ config.base[491]export ARCHCOM_TO=globus_hpss
+++ config.base[491]ARCHCOM_TO=globus_hpss
+++ config.base[494]export CLIENT_GLOBUS_UUID=869912fe-f6de-46c0-af10-b22efd84a022
+++ config.base[494]CLIENT_GLOBUS_UUID=869912fe-f6de-46c0-af10-b22efd84a022
+++ config.base[497][[ NO = \Y\E\S ]]
+++ config.base[504][[ NO = \Y\E\S ]]
+++ config.base[504][[ YES = \Y\E\S ]]
+++ config.base[505]export DO_ANLSTAT=YES
+++ config.base[505]DO_ANLSTAT=YES
+++ config.base[510]export REPLAY_ICS=NO
+++ config.base[510]REPLAY_ICS=NO
+++ config.base[511]export OFFSET_START_HOUR=0
+++ config.base[511]OFFSET_START_HOUR=0
+++ config.base[514]export NUM_SND_COLLECTIVES=9
+++ config.base[514]NUM_SND_COLLECTIVES=9
+++ config.base[516]echo 'END: config.base'
END: config.base
++ jjob_header.sh[106]true
++ jjob_header.sh[107]export err=0
++ jjob_header.sh[107]err=0
++ jjob_header.sh[108][[ 0 -ne 0 ]]
++ jjob_header.sh[105]for config in "${configs[@]:-''}"
++ jjob_header.sh[106]source /work2/noaa/global/mterry/RUNTESTS/EXPDIR/C48mx500_hybAOWCDA/config.atmos_products
+++ config.atmos_products[6]echo 'BEGIN: config.atmos_products'
BEGIN: config.atmos_products
+++ config.atmos_products[9]. /work2/noaa/global/mterry/RUNTESTS/EXPDIR/C48mx500_hybAOWCDA/config.resources atmos_products
++++ config.resources[10]((  1 != 1  ))
++++ config.resources[34]step=atmos_products
++++ config.resources[36]echo 'BEGIN: config.resources'
BEGIN: config.resources
++++ config.resources[38]case ${machine} in
++++ config.resources[61]max_tasks_per_node=80
++++ config.resources[62]mem_node_max=500GB
++++ config.resources[96]export max_tasks_per_node
++++ config.resources[98]case ${step} in
++++ config.resources[1019]walltime=00:15:00
++++ config.resources[1020]ntasks=24
++++ config.resources[1021]threads_per_task=1
++++ config.resources[1022]tasks_per_node=24
++++ config.resources[1023]export is_exclusive=True
++++ config.resources[1023]is_exclusive=True
++++ config.resources[1398][[ -f /work2/noaa/global/mterry/RUNTESTS/EXPDIR/C48mx500_hybAOWCDA/config.resources.HERCULES ]]
++++ config.resources[1399]source /work2/noaa/global/mterry/RUNTESTS/EXPDIR/C48mx500_hybAOWCDA/config.resources.HERCULES
+++++ config.resources.HERCULES[6]case ${step} in
++++ config.resources[1403]for resource_var in threads_per_task ntasks tasks_per_node NTASKS memory walltime
++++ config.resources[1404]run_resource_var=threads_per_task_gdas
++++ config.resources[1405][[ -n '' ]]
++++ config.resources[1407][[ -n 0 ]]
++++ config.resources[1408]export threads_per_task
++++ config.resources[1403]for resource_var in threads_per_task ntasks tasks_per_node NTASKS memory walltime
++++ config.resources[1404]run_resource_var=ntasks_gdas
++++ config.resources[1405][[ -n '' ]]
++++ config.resources[1407][[ -n 0 ]]
++++ config.resources[1408]export ntasks
++++ config.resources[1403]for resource_var in threads_per_task ntasks tasks_per_node NTASKS memory walltime
++++ config.resources[1404]run_resource_var=tasks_per_node_gdas
++++ config.resources[1405][[ -n '' ]]
++++ config.resources[1407][[ -n 0 ]]
++++ config.resources[1408]export tasks_per_node
++++ config.resources[1403]for resource_var in threads_per_task ntasks tasks_per_node NTASKS memory walltime
++++ config.resources[1404]run_resource_var=NTASKS_gdas
++++ config.resources[1405][[ -n '' ]]
++++ config.resources[1407][[ -n '' ]]
++++ config.resources[1403]for resource_var in threads_per_task ntasks tasks_per_node NTASKS memory walltime
++++ config.resources[1404]run_resource_var=memory_gdas
++++ config.resources[1405][[ -n '' ]]
++++ config.resources[1407][[ -n '' ]]
++++ config.resources[1403]for resource_var in threads_per_task ntasks tasks_per_node NTASKS memory walltime
++++ config.resources[1404]run_resource_var=walltime_gdas
++++ config.resources[1405][[ -n '' ]]
++++ config.resources[1407][[ -n 0 ]]
++++ config.resources[1408]export walltime
++++ config.resources[1412]echo 'END: config.resources'
END: config.resources
+++ config.atmos_products[12]export MAX_TASKS=25
+++ config.atmos_products[12]MAX_TASKS=25
+++ config.atmos_products[15]export INTERP_ATMOS_MASTERSH=/work2/noaa/global/mterry/global-workflow_forked/ush/interp_atmos_master.sh
+++ config.atmos_products[15]INTERP_ATMOS_MASTERSH=/work2/noaa/global/mterry/global-workflow_forked/ush/interp_atmos_master.sh
+++ config.atmos_products[16]export INTERP_ATMOS_SFLUXSH=/work2/noaa/global/mterry/global-workflow_forked/ush/interp_atmos_sflux.sh
+++ config.atmos_products[16]INTERP_ATMOS_SFLUXSH=/work2/noaa/global/mterry/global-workflow_forked/ush/interp_atmos_sflux.sh
+++ config.atmos_products[18][[ gdas == \g\d\a\s ]]
+++ config.atmos_products[19]export downset=1
+++ config.atmos_products[19]downset=1
+++ config.atmos_products[20]export FHOUT_PGBS=1
+++ config.atmos_products[20]FHOUT_PGBS=1
+++ config.atmos_products[21]export FLXGF=NO
+++ config.atmos_products[21]FLXGF=NO
+++ config.atmos_products[22]export WGNE=NO
+++ config.atmos_products[22]WGNE=NO
+++ config.atmos_products[23]export FHMAX_WGNE=0
+++ config.atmos_products[23]FHMAX_WGNE=0
+++ config.atmos_products[32]export APCP_MSG=597
+++ config.atmos_products[32]APCP_MSG=597
+++ config.atmos_products[35]export paramlista=/work2/noaa/global/mterry/global-workflow_forked/parm/product/gfs.fFFF.paramlist.a.txt
+++ config.atmos_products[35]paramlista=/work2/noaa/global/mterry/global-workflow_forked/parm/product/gfs.fFFF.paramlist.a.txt
+++ config.atmos_products[36]export paramlista_anl=/work2/noaa/global/mterry/global-workflow_forked/parm/product/gfs.anl.paramlist.a.txt
+++ config.atmos_products[36]paramlista_anl=/work2/noaa/global/mterry/global-workflow_forked/parm/product/gfs.anl.paramlist.a.txt
+++ config.atmos_products[37]export paramlista_f000=/work2/noaa/global/mterry/global-workflow_forked/parm/product/gfs.f000.paramlist.a.txt
+++ config.atmos_products[37]paramlista_f000=/work2/noaa/global/mterry/global-workflow_forked/parm/product/gfs.f000.paramlist.a.txt
+++ config.atmos_products[38]export paramlistb=/work2/noaa/global/mterry/global-workflow_forked/parm/product/gfs.fFFF.paramlist.b.txt
+++ config.atmos_products[38]paramlistb=/work2/noaa/global/mterry/global-workflow_forked/parm/product/gfs.fFFF.paramlist.b.txt
+++ config.atmos_products[40]echo 'END: config.atmos_products'
END: config.atmos_products
++ jjob_header.sh[106]true
++ jjob_header.sh[107]export err=0
++ jjob_header.sh[107]err=0
++ jjob_header.sh[108][[ 0 -ne 0 ]]
++ jjob_header.sh[117]source /work2/noaa/global/mterry/global-workflow_forked/env/HERCULES.env atmos_products
+++ HERCULES.env[3][[ 1 -ne 1 ]]
+++ HERCULES.env[10]step=atmos_products
+++ HERCULES.env[12]export 'launcher=srun -l --export=ALL --hint=nomultithread'
+++ HERCULES.env[12]launcher='srun -l --export=ALL --hint=nomultithread'
+++ HERCULES.env[13]export 'mpmd_opt=--multi-prog --output=mpmd.%j.%t.out'
+++ HERCULES.env[13]mpmd_opt='--multi-prog --output=mpmd.%j.%t.out'
+++ HERCULES.env[16]export MPI_BUFS_PER_PROC=2048
+++ HERCULES.env[16]MPI_BUFS_PER_PROC=2048
+++ HERCULES.env[17]export MPI_BUFS_PER_HOST=2048
+++ HERCULES.env[17]MPI_BUFS_PER_HOST=2048
+++ HERCULES.env[18]export MPI_GROUP_MAX=256
+++ HERCULES.env[18]MPI_GROUP_MAX=256
+++ HERCULES.env[19]export MPI_MEMMAP_OFF=1
+++ HERCULES.env[19]MPI_MEMMAP_OFF=1
+++ HERCULES.env[20]export MP_STDOUTMODE=ORDERED
+++ HERCULES.env[20]MP_STDOUTMODE=ORDERED
+++ HERCULES.env[21]export KMP_AFFINITY=scatter
+++ HERCULES.env[21]KMP_AFFINITY=scatter
+++ HERCULES.env[22]export OMP_STACKSIZE=2048000
+++ HERCULES.env[22]OMP_STACKSIZE=2048000
+++ HERCULES.env[23]export NTHSTACK=1024000000
+++ HERCULES.env[23]NTHSTACK=1024000000
+++ HERCULES.env[25]export I_MPI_EXTRA_FILESYSTEM=1
+++ HERCULES.env[25]I_MPI_EXTRA_FILESYSTEM=1
+++ HERCULES.env[26]export I_MPI_EXTRA_FILESYSTEM_LIST=lustre
+++ HERCULES.env[26]I_MPI_EXTRA_FILESYSTEM_LIST=lustre
+++ HERCULES.env[28]ulimit -s unlimited
+++ HERCULES.env[29]ulimit -a
real-time non-blocking time  (microseconds, -R) unlimited
core file size              (blocks, -c) 0
data seg size               (kbytes, -d) unlimited
scheduling priority                 (-e) 0
file size                   (blocks, -f) unlimited
pending signals                     (-i) 2049614
max locked memory           (kbytes, -l) unlimited
max memory size             (kbytes, -m) 520192000
open files                          (-n) 131072
pipe size                (512 bytes, -p) 8
POSIX message queues         (bytes, -q) 819200
real-time priority                  (-r) 0
stack size                  (kbytes, -s) unlimited
cpu time                   (seconds, -t) unlimited
max user processes                  (-u) 1028698
virtual memory              (kbytes, -v) unlimited
file locks                          (-x) unlimited
+++ HERCULES.env[33][[ -n 24 ]]
+++ HERCULES.env[33][[ -n 80 ]]
+++ HERCULES.env[33][[ -n 24 ]]
+++ HERCULES.env[34]max_threads_per_task=3
+++ HERCULES.env[35]NTHREADSmax=1
+++ HERCULES.env[36]NTHREADS1=1
+++ HERCULES.env[37][[ 1 -gt 3 ]]
+++ HERCULES.env[40][[ 1 -gt 3 ]]
+++ HERCULES.env[43]APRUN_default='srun -l --export=ALL --hint=nomultithread -n 24'
+++ HERCULES.env[49]case ${step} in
+++ HERCULES.env[281]export USE_CFP=YES
+++ HERCULES.env[281]USE_CFP=YES
++ jjob_header.sh[117]true
++ jjob_header.sh[118]export err=0
++ jjob_header.sh[118]err=0
++ jjob_header.sh[119][[ 0 -ne 0 ]]
+ JGLOBAL_ATMOS_PRODUCTS[11]YMD=20210325
+ JGLOBAL_ATMOS_PRODUCTS[11]HH=00
+ JGLOBAL_ATMOS_PRODUCTS[11]declare_from_tmpl -rx COMIN_ATMOS_ANALYSIS:COM_ATMOS_ANALYSIS_TMPL COMIN_ATMOS_HISTORY:COM_ATMOS_HISTORY_TMPL COMIN_ATMOS_MASTER:COM_ATMOS_MASTER_TMPL
+ bash_utils.sh[39][[ NO == \N\O ]]
+ bash_utils.sh[39]set +x
declare_from_tmpl :: COMIN_ATMOS_ANALYSIS=/work2/noaa/global/mterry/RUNTESTS/COMROOT/C48mx500_hybAOWCDA/gdas.20210325/00//analysis/atmos
declare_from_tmpl :: COMIN_ATMOS_HISTORY=/work2/noaa/global/mterry/RUNTESTS/COMROOT/C48mx500_hybAOWCDA/gdas.20210325/00//model/atmos/history
declare_from_tmpl :: COMIN_ATMOS_MASTER=/work2/noaa/global/mterry/RUNTESTS/COMROOT/C48mx500_hybAOWCDA/gdas.20210325/00//model/atmos/master
+ JGLOBAL_ATMOS_PRODUCTS[16]for grid in '0p25' '0p50' '1p00'
+ JGLOBAL_ATMOS_PRODUCTS[17]prod_dir=COMOUT_ATMOS_GRIB_0p25
+ JGLOBAL_ATMOS_PRODUCTS[18]GRID=0p25
+ JGLOBAL_ATMOS_PRODUCTS[18]YMD=20210325
+ JGLOBAL_ATMOS_PRODUCTS[18]HH=00
+ JGLOBAL_ATMOS_PRODUCTS[18]declare_from_tmpl -rx COMOUT_ATMOS_GRIB_0p25:COM_ATMOS_GRIB_GRID_TMPL
+ bash_utils.sh[39][[ NO == \N\O ]]
+ bash_utils.sh[39]set +x
declare_from_tmpl :: COMOUT_ATMOS_GRIB_0p25=/work2/noaa/global/mterry/RUNTESTS/COMROOT/C48mx500_hybAOWCDA/gdas.20210325/00//products/atmos/grib2/0p25
+ JGLOBAL_ATMOS_PRODUCTS[19][[ ! -d /work2/noaa/global/mterry/RUNTESTS/COMROOT/C48mx500_hybAOWCDA/gdas.20210325/00//products/atmos/grib2/0p25 ]]
+ JGLOBAL_ATMOS_PRODUCTS[16]for grid in '0p25' '0p50' '1p00'
+ JGLOBAL_ATMOS_PRODUCTS[17]prod_dir=COMOUT_ATMOS_GRIB_0p50
+ JGLOBAL_ATMOS_PRODUCTS[18]GRID=0p50
+ JGLOBAL_ATMOS_PRODUCTS[18]YMD=20210325
+ JGLOBAL_ATMOS_PRODUCTS[18]HH=00
+ JGLOBAL_ATMOS_PRODUCTS[18]declare_from_tmpl -rx COMOUT_ATMOS_GRIB_0p50:COM_ATMOS_GRIB_GRID_TMPL
+ bash_utils.sh[39][[ NO == \N\O ]]
+ bash_utils.sh[39]set +x
declare_from_tmpl :: COMOUT_ATMOS_GRIB_0p50=/work2/noaa/global/mterry/RUNTESTS/COMROOT/C48mx500_hybAOWCDA/gdas.20210325/00//products/atmos/grib2/0p50
+ JGLOBAL_ATMOS_PRODUCTS[19][[ ! -d /work2/noaa/global/mterry/RUNTESTS/COMROOT/C48mx500_hybAOWCDA/gdas.20210325/00//products/atmos/grib2/0p50 ]]
+ JGLOBAL_ATMOS_PRODUCTS[16]for grid in '0p25' '0p50' '1p00'
+ JGLOBAL_ATMOS_PRODUCTS[17]prod_dir=COMOUT_ATMOS_GRIB_1p00
+ JGLOBAL_ATMOS_PRODUCTS[18]GRID=1p00
+ JGLOBAL_ATMOS_PRODUCTS[18]YMD=20210325
+ JGLOBAL_ATMOS_PRODUCTS[18]HH=00
+ JGLOBAL_ATMOS_PRODUCTS[18]declare_from_tmpl -rx COMOUT_ATMOS_GRIB_1p00:COM_ATMOS_GRIB_GRID_TMPL
+ bash_utils.sh[39][[ NO == \N\O ]]
+ bash_utils.sh[39]set +x
declare_from_tmpl :: COMOUT_ATMOS_GRIB_1p00=/work2/noaa/global/mterry/RUNTESTS/COMROOT/C48mx500_hybAOWCDA/gdas.20210325/00//products/atmos/grib2/1p00
+ JGLOBAL_ATMOS_PRODUCTS[19][[ ! -d /work2/noaa/global/mterry/RUNTESTS/COMROOT/C48mx500_hybAOWCDA/gdas.20210325/00//products/atmos/grib2/1p00 ]]
+ JGLOBAL_ATMOS_PRODUCTS[23]export PREFIX=gdas.t00z.
+ JGLOBAL_ATMOS_PRODUCTS[23]PREFIX=gdas.t00z.
+ JGLOBAL_ATMOS_PRODUCTS[27]/work2/noaa/global/mterry/global-workflow_forked/scripts/exglobal_atmos_products.sh
+ bash[8]'[' -z '' ']'
+ bash[9]case "$-" in
+ bash[12]__lmod_vx=x
+ bash[16]'[' -n x ']'
+ bash[16]set +x
Shell debugging temporarily silenced: export LMOD_SH_DBG_ON=1 for this output (/apps/other/lmod/lmod/init/bash)
Shell debugging restarted
+ bash[224]unset __lmod_vx
+ exglobal_atmos_products.sh[4]INTERP_ATMOS_MASTERSH=/work2/noaa/global/mterry/global-workflow_forked/ush/interp_atmos_master.sh
+ exglobal_atmos_products.sh[5]INTERP_ATMOS_SFLUXSH=/work2/noaa/global/mterry/global-workflow_forked/ush/interp_atmos_sflux.sh
+ exglobal_atmos_products.sh[8]downset=1
+ exglobal_atmos_products.sh[9]ntasks_atmos_products=8
+ exglobal_atmos_products.sh[12]WGNE=NO
+ exglobal_atmos_products.sh[13]FHMAX_WGNE=0
+ exglobal_atmos_products.sh[15]cd /work2/noaa/stmp/mterry/HERCULES/RUNDIRS/C48mx500_hybAOWCDA/gdas.2021032500/atmos_products_f006.349486
+ exglobal_atmos_products.sh[19][[ 6 -le 0 ]]
++ exglobal_atmos_products.sh[30]printf f%03d 6
+ exglobal_atmos_products.sh[30]fhr3=f006
+ exglobal_atmos_products.sh[31]((  FORECAST_HOUR%FHOUT_PGBS == 0  ))
+ exglobal_atmos_products.sh[32]PGBS=YES
+ exglobal_atmos_products.sh[40]MASTER_FILE=/work2/noaa/global/mterry/RUNTESTS/COMROOT/C48mx500_hybAOWCDA/gdas.20210325/00//model/atmos/master/gdas.t00z.master.grb2f006
+ exglobal_atmos_products.sh[45]wgrib2 /work2/noaa/global/mterry/RUNTESTS/COMROOT/C48mx500_hybAOWCDA/gdas.20210325/00//model/atmos/master/gdas.t00z.master.grb2f006
+ exglobal_atmos_products.sh[45]wgrib2 -i -grib tmpfile_f006 /work2/noaa/global/mterry/RUNTESTS/COMROOT/C48mx500_hybAOWCDA/gdas.20210325/00//model/atmos/master/gdas.t00z.master.grb2f006
+ exglobal_atmos_products.sh[45]grep -F -f /work2/noaa/global/mterry/global-workflow_forked/parm/product/gfs.fFFF.paramlist.a.txt
1:0:d=2021032500:PRMSL:mean sea level:6 hour fcst:
2:26056:d=2021032500:CLMR:1 hybrid level:6 hour fcst:
3:29946:d=2021032500:ICMR:1 hybrid level:6 hour fcst:
4:37544:d=2021032500:RWMR:1 hybrid level:6 hour fcst:
5:48556:d=2021032500:SNMR:1 hybrid level:6 hour fcst:
6:60316:d=2021032500:GRLE:1 hybrid level:6 hour fcst:
7:63499:d=2021032500:REFD:1 hybrid level:6 hour fcst:
8:65982:d=2021032500:REFD:2 hybrid level:6 hour fcst:
9:68465:d=2021032500:REFC:entire atmosphere (considered as a single layer):6 hour fcst:
10:70948:d=2021032500:VIS:surface:6 hour fcst:
11:103611:d=2021032500:UGRD:planetary boundary layer:6 hour fcst:
12:117906:d=2021032500:VGRD:planetary boundary layer:6 hour fcst:
13:132549:d=2021032500:VRATE:planetary boundary layer:6 hour fcst:
14:140842:d=2021032500:GUST:surface:6 hour fcst:
15:155955:d=2021032500:HGT:0.01 mb:6 hour fcst:
16:179945:d=2021032500:TMP:0.01 mb:6 hour fcst:
17:190977:d=2021032500:RH:0.01 mb:6 hour fcst:
18:197487:d=2021032500:SPFH:0.01 mb:6 hour fcst:
19:221532:d=2021032500:VVEL:0.01 mb:6 hour fcst:
20:249426:d=2021032500:DZDT:0.01 mb:6 hour fcst:
21:277495:d=2021032500:UGRD:0.01 mb:6 hour fcst:
22:289666:d=2021032500:VGRD:0.01 mb:6 hour fcst:
23:308121:d=2021032500:ABSV:0.01 mb:6 hour fcst:
24:324048:d=2021032500:O3MR:0.01 mb:6 hour fcst:
25:338568:d=2021032500:HGT:0.02 mb:6 hour fcst:
26:362347:d=2021032500:TMP:0.02 mb:6 hour fcst:
27:377760:d=2021032500:RH:0.02 mb:6 hour fcst:
28:386106:d=2021032500:SPFH:0.02 mb:6 hour fcst:
29:410808:d=2021032500:VVEL:0.02 mb:6 hour fcst:
30:435938:d=2021032500:DZDT:0.02 mb:6 hour fcst:
31:464348:d=2021032500:UGRD:0.02 mb:6 hour fcst:
32:477808:d=2021032500:VGRD:0.02 mb:6 hour fcst:
33:490408:d=2021032500:ABSV:0.02 mb:6 hour fcst:
34:507814:d=2021032500:O3MR:0.02 mb:6 hour fcst:
35:524251:d=2021032500:HGT:0.04 mb:6 hour fcst:
36:546645:d=2021032500:TMP:0.04 mb:6 hour fcst:
37:564632:d=2021032500:RH:0.04 mb:6 hour fcst:
38:571748:d=2021032500:SPFH:0.04 mb:6 hour fcst:
39:597398:d=2021032500:VVEL:0.04 mb:6 hour fcst:
40:625944:d=2021032500:DZDT:0.04 mb:6 hour fcst:
41:651588:d=2021032500:UGRD:0.04 mb:6 hour fcst:
42:671945:d=2021032500:VGRD:0.04 mb:6 hour fcst:
43:692038:d=2021032500:ABSV:0.04 mb:6 hour fcst:
44:710266:d=2021032500:O3MR:0.04 mb:6 hour fcst:
45:729261:d=2021032500:HGT:0.07 mb:6 hour fcst:
46:751516:d=2021032500:TMP:0.07 mb:6 hour fcst:
47:768653:d=2021032500:RH:0.07 mb:6 hour fcst:
48:779492:d=2021032500:SPFH:0.07 mb:6 hour fcst:
49:803917:d=2021032500:VVEL:0.07 mb:6 hour fcst:
50:831359:d=2021032500:DZDT:0.07 mb:6 hour fcst:
51:857544:d=2021032500:UGRD:0.07 mb:6 hour fcst:
52:878185:d=2021032500:VGRD:0.07 mb:6 hour fcst:
53:898485:d=2021032500:ABSV:0.07 mb:6 hour fcst:
54:916856:d=2021032500:O3MR:0.07 mb:6 hour fcst:
55:937035:d=2021032500:HGT:0.1 mb:6 hour fcst:
56:959199:d=2021032500:TMP:0.1 mb:6 hour fcst:
57:976106:d=2021032500:RH:0.1 mb:6 hour fcst:
58:985036:d=2021032500:SPFH:0.1 mb:6 hour fcst:
59:1010011:d=2021032500:VVEL:0.1 mb:6 hour fcst:
60:1038223:d=2021032500:DZDT:0.1 mb:6 hour fcst:
61:1064709:d=2021032500:UGRD:0.1 mb:6 hour fcst:
62:1085117:d=2021032500:VGRD:0.1 mb:6 hour fcst:
63:1105105:d=2021032500:ABSV:0.1 mb:6 hour fcst:
64:1123273:d=2021032500:O3MR:0.1 mb:6 hour fcst:
65:1147569:d=2021032500:HGT:0.2 mb:6 hour fcst:
66:1169277:d=2021032500:TMP:0.2 mb:6 hour fcst:
67:1186158:d=2021032500:RH:0.2 mb:6 hour fcst:
68:1198668:d=2021032500:SPFH:0.2 mb:6 hour fcst:
69:1219975:d=2021032500:VVEL:0.2 mb:6 hour fcst:
70:1244188:d=2021032500:DZDT:0.2 mb:6 hour fcst:
71:1272462:d=2021032500:UGRD:0.2 mb:6 hour fcst:
72:1292284:d=2021032500:VGRD:0.2 mb:6 hour fcst:
73:1311153:d=2021032500:ABSV:0.2 mb:6 hour fcst:
74:1328169:d=2021032500:O3MR:0.2 mb:6 hour fcst:
75:1354701:d=2021032500:HGT:0.4 mb:6 hour fcst:
76:1373768:d=2021032500:TMP:0.4 mb:6 hour fcst:
77:1390423:d=2021032500:RH:0.4 mb:6 hour fcst:
78:1401438:d=2021032500:SPFH:0.4 mb:6 hour fcst:
79:1421354:d=2021032500:VVEL:0.4 mb:6 hour fcst:
80:1447062:d=2021032500:DZDT:0.4 mb:6 hour fcst:
81:1475946:d=2021032500:UGRD:0.4 mb:6 hour fcst:
82:1495234:d=2021032500:VGRD:0.4 mb:6 hour fcst:
83:1513459:d=2021032500:ABSV:0.4 mb:6 hour fcst:
84:1529757:d=2021032500:O3MR:0.4 mb:6 hour fcst:
85:1557682:d=2021032500:HGT:0.7 mb:6 hour fcst:
86:1576596:d=2021032500:TMP:0.7 mb:6 hour fcst:
87:1592832:d=2021032500:RH:0.7 mb:6 hour fcst:
88:1603776:d=2021032500:SPFH:0.7 mb:6 hour fcst:
89:1624959:d=2021032500:VVEL:0.7 mb:6 hour fcst:
90:1651812:d=2021032500:DZDT:0.7 mb:6 hour fcst:
91:1681765:d=2021032500:UGRD:0.7 mb:6 hour fcst:
92:1700733:d=2021032500:VGRD:0.7 mb:6 hour fcst:
93:1718599:d=2021032500:ABSV:0.7 mb:6 hour fcst:
94:1734453:d=2021032500:O3MR:0.7 mb:6 hour fcst:
95:1755665:d=2021032500:HGT:1 mb:6 hour fcst:
96:1774389:d=2021032500:TMP:1 mb:6 hour fcst:
97:1790841:d=2021032500:RH:1 mb:6 hour fcst:
98:1802673:d=2021032500:SPFH:1 mb:6 hour fcst:
99:1825868:d=2021032500:VVEL:1 mb:6 hour fcst:
100:1853590:d=2021032500:DZDT:1 mb:6 hour fcst:
101:1880470:d=2021032500:UGRD:1 mb:6 hour fcst:
102:1899319:d=2021032500:VGRD:1 mb:6 hour fcst:
103:1917015:d=2021032500:ABSV:1 mb:6 hour fcst:
104:1932543:d=2021032500:O3MR:1 mb:6 hour fcst:
105:1954563:d=2021032500:HGT:2 mb:6 hour fcst:
106:1972767:d=2021032500:TMP:2 mb:6 hour fcst:
107:1989424:d=2021032500:RH:2 mb:6 hour fcst:
108:1998823:d=2021032500:SPFH:2 mb:6 hour fcst:
109:2022003:d=2021032500:VVEL:2 mb:6 hour fcst:
110:2051640:d=2021032500:DZDT:2 mb:6 hour fcst:
111:2079045:d=2021032500:UGRD:2 mb:6 hour fcst:
112:2090597:d=2021032500:VGRD:2 mb:6 hour fcst:
113:2108656:d=2021032500:ABSV:2 mb:6 hour fcst:
114:2124834:d=2021032500:O3MR:2 mb:6 hour fcst:
115:2147939:d=2021032500:HGT:3 mb:6 hour fcst:
116:2165970:d=2021032500:TMP:3 mb:6 hour fcst:
117:2182524:d=2021032500:RH:3 mb:6 hour fcst:
118:2188843:d=2021032500:SPFH:3 mb:6 hour fcst:
119:2211559:d=2021032500:VVEL:3 mb:6 hour fcst:
120:2240194:d=2021032500:DZDT:3 mb:6 hour fcst:
121:2267317:d=2021032500:UGRD:3 mb:6 hour fcst:
122:2278736:d=2021032500:VGRD:3 mb:6 hour fcst:
123:2296365:d=2021032500:ABSV:3 mb:6 hour fcst:
124:2312338:d=2021032500:O3MR:3 mb:6 hour fcst:
125:2335343:d=2021032500:HGT:5 mb:6 hour fcst:
126:2353457:d=2021032500:TMP:5 mb:6 hour fcst:
127:2369665:d=2021032500:RH:5 mb:6 hour fcst:
128:2379207:d=2021032500:SPFH:5 mb:6 hour fcst:
129:2402143:d=2021032500:VVEL:5 mb:6 hour fcst:
130:2426653:d=2021032500:DZDT:5 mb:6 hour fcst:
131:2453498:d=2021032500:UGRD:5 mb:6 hour fcst:
132:2464684:d=2021032500:VGRD:5 mb:6 hour fcst:
133:2482662:d=2021032500:ABSV:5 mb:6 hour fcst:
134:2498663:d=2021032500:O3MR:5 mb:6 hour fcst:
135:2520772:d=2021032500:HGT:7 mb:6 hour fcst:
136:2538705:d=2021032500:TMP:7 mb:6 hour fcst:
137:2554964:d=2021032500:RH:7 mb:6 hour fcst:
138:2561432:d=2021032500:SPFH:7 mb:6 hour fcst:
139:2584562:d=2021032500:VVEL:7 mb:6 hour fcst:
140:2609790:d=2021032500:DZDT:7 mb:6 hour fcst:
141:2636181:d=2021032500:UGRD:7 mb:6 hour fcst:
142:2647603:d=2021032500:VGRD:7 mb:6 hour fcst:
143:2665720:d=2021032500:ABSV:7 mb:6 hour fcst:
144:2682494:d=2021032500:O3MR:7 mb:6 hour fcst:
145:2700311:d=2021032500:HGT:10 mb:6 hour fcst:
146:2720487:d=2021032500:TMP:10 mb:6 hour fcst:
147:2736583:d=2021032500:RH:10 mb:6 hour fcst:
148:2744961:d=2021032500:SPFH:10 mb:6 hour fcst:
149:2768081:d=2021032500:VVEL:10 mb:6 hour fcst:
150:2794439:d=2021032500:DZDT:10 mb:6 hour fcst:
151:2820536:d=2021032500:UGRD:10 mb:6 hour fcst:
152:2831753:d=2021032500:VGRD:10 mb:6 hour fcst:
153:2850214:d=2021032500:ABSV:10 mb:6 hour fcst:
154:2867483:d=2021032500:O3MR:10 mb:6 hour fcst:
155:2886222:d=2021032500:HGT:15 mb:6 hour fcst:
156:2906268:d=2021032500:TMP:15 mb:6 hour fcst:
157:2922451:d=2021032500:RH:15 mb:6 hour fcst:
158:2933289:d=2021032500:SPFH:15 mb:6 hour fcst:
159:2956074:d=2021032500:VVEL:15 mb:6 hour fcst:
160:2983440:d=2021032500:DZDT:15 mb:6 hour fcst:
161:3008983:d=2021032500:UGRD:15 mb:6 hour fcst:
162:3020437:d=2021032500:VGRD:15 mb:6 hour fcst:
163:3038887:d=2021032500:ABSV:15 mb:6 hour fcst:
164:3056307:d=2021032500:O3MR:15 mb:6 hour fcst:
165:3075748:d=2021032500:HGT:20 mb:6 hour fcst:
166:3095584:d=2021032500:TMP:20 mb:6 hour fcst:
167:3111669:d=2021032500:RH:20 mb:6 hour fcst:
168:3118295:d=2021032500:SPFH:20 mb:6 hour fcst:
169:3140913:d=2021032500:VVEL:20 mb:6 hour fcst:
170:3168916:d=2021032500:DZDT:20 mb:6 hour fcst:
171:3200087:d=2021032500:UGRD:20 mb:6 hour fcst:
172:3211529:d=2021032500:VGRD:20 mb:6 hour fcst:
173:3230014:d=2021032500:ABSV:20 mb:6 hour fcst:
174:3247334:d=2021032500:O3MR:20 mb:6 hour fcst:
175:3272452:d=2021032500:HGT:30 mb:6 hour fcst:
176:3292127:d=2021032500:TMP:30 mb:6 hour fcst:
177:3308372:d=2021032500:RH:30 mb:6 hour fcst:
178:3316775:d=2021032500:SPFH:30 mb:6 hour fcst:
179:3342419:d=2021032500:VVEL:30 mb:6 hour fcst:
180:3371762:d=2021032500:DZDT:30 mb:6 hour fcst:
181:3402594:d=2021032500:UGRD:30 mb:6 hour fcst:
182:3421437:d=2021032500:VGRD:30 mb:6 hour fcst:
183:3439964:d=2021032500:ABSV:30 mb:6 hour fcst:
184:3457452:d=2021032500:O3MR:30 mb:6 hour fcst:
185:3484575:d=2021032500:HGT:40 mb:6 hour fcst:
186:3503940:d=2021032500:TMP:40 mb:6 hour fcst:
187:3520206:d=2021032500:RH:40 mb:6 hour fcst:
188:3530335:d=2021032500:SPFH:40 mb:6 hour fcst:
189:3555586:d=2021032500:VVEL:40 mb:6 hour fcst:
190:3585822:d=2021032500:DZDT:40 mb:6 hour fcst:
191:3610873:d=2021032500:UGRD:40 mb:6 hour fcst:
192:3629895:d=2021032500:VGRD:40 mb:6 hour fcst:
193:3648498:d=2021032500:ABSV:40 mb:6 hour fcst:
194:3666114:d=2021032500:O3MR:40 mb:6 hour fcst:
195:3693153:d=2021032500:HGT:50 mb:6 hour fcst:
196:3712477:d=2021032500:TMP:50 mb:6 hour fcst:
197:3728724:d=2021032500:RH:50 mb:6 hour fcst:
198:3740301:d=2021032500:TCDC:50 mb:6 hour fcst:
199:3740480:d=2021032500:SPFH:50 mb:6 hour fcst:
200:3766630:d=2021032500:VVEL:50 mb:6 hour fcst:
201:3797695:d=2021032500:DZDT:50 mb:6 hour fcst:
202:3822647:d=2021032500:UGRD:50 mb:6 hour fcst:
203:3841339:d=2021032500:VGRD:50 mb:6 hour fcst:
204:3859809:d=2021032500:ABSV:50 mb:6 hour fcst:
205:3877281:d=2021032500:CLMR:50 mb:6 hour fcst:
206:3877460:d=2021032500:ICMR:50 mb:6 hour fcst:
207:3877639:d=2021032500:RWMR:50 mb:6 hour fcst:
208:3877818:d=2021032500:SNMR:50 mb:6 hour fcst:
209:3877997:d=2021032500:GRLE:50 mb:6 hour fcst:
210:3878176:d=2021032500:O3MR:50 mb:6 hour fcst:
211:3904978:d=2021032500:HGT:70 mb:6 hour fcst:
212:3924504:d=2021032500:TMP:70 mb:6 hour fcst:
213:3941463:d=2021032500:RH:70 mb:6 hour fcst:
215:3950809:d=2021032500:SPFH:70 mb:6 hour fcst:
216:3977930:d=2021032500:VVEL:70 mb:6 hour fcst:
217:4007799:d=2021032500:DZDT:70 mb:6 hour fcst:
218:4032762:d=2021032500:UGRD:70 mb:6 hour fcst:
219:4052061:d=2021032500:VGRD:70 mb:6 hour fcst:
220:4071036:d=2021032500:ABSV:70 mb:6 hour fcst:
226:4089873:d=2021032500:O3MR:70 mb:6 hour fcst:
227:4116188:d=2021032500:HGT:100 mb:6 hour fcst:
228:4136519:d=2021032500:TMP:100 mb:6 hour fcst:
229:4153848:d=2021032500:RH:100 mb:6 hour fcst:
230:4164875:d=2021032500:TCDC:100 mb:6 hour fcst:
231:4165238:d=2021032500:SPFH:100 mb:6 hour fcst:
232:4193201:d=2021032500:VVEL:100 mb:6 hour fcst:
233:4219314:d=2021032500:DZDT:100 mb:6 hour fcst:
234:4245114:d=2021032500:UGRD:100 mb:6 hour fcst:
235:4265358:d=2021032500:VGRD:100 mb:6 hour fcst:
236:4285374:d=2021032500:ABSV:100 mb:6 hour fcst:
237:4304003:d=2021032500:CLMR:100 mb:6 hour fcst:
238:4304182:d=2021032500:ICMR:100 mb:6 hour fcst:
239:4304973:d=2021032500:RWMR:100 mb:6 hour fcst:
240:4305152:d=2021032500:SNMR:100 mb:6 hour fcst:
241:4305501:d=2021032500:GRLE:100 mb:6 hour fcst:
242:4305799:d=2021032500:O3MR:100 mb:6 hour fcst:
259:4548440:d=2021032500:HGT:150 mb:6 hour fcst:
260:4569438:d=2021032500:TMP:150 mb:6 hour fcst:
261:4587030:d=2021032500:RH:150 mb:6 hour fcst:
262:4600010:d=2021032500:TCDC:150 mb:6 hour fcst:
263:4604999:d=2021032500:SPFH:150 mb:6 hour fcst:
264:4633094:d=2021032500:VVEL:150 mb:6 hour fcst:
265:4653743:d=2021032500:DZDT:150 mb:6 hour fcst:
266:4678398:d=2021032500:UGRD:150 mb:6 hour fcst:
267:4699219:d=2021032500:VGRD:150 mb:6 hour fcst:
268:4719845:d=2021032500:ABSV:150 mb:6 hour fcst:
269:4739276:d=2021032500:CLMR:150 mb:6 hour fcst:
270:4739455:d=2021032500:ICMR:150 mb:6 hour fcst:
271:4745034:d=2021032500:RWMR:150 mb:6 hour fcst:
272:4745213:d=2021032500:SNMR:150 mb:6 hour fcst:
273:4745662:d=2021032500:GRLE:150 mb:6 hour fcst:
274:4746098:d=2021032500:O3MR:150 mb:6 hour fcst:
291:4982484:d=2021032500:HGT:200 mb:6 hour fcst:
292:5004207:d=2021032500:TMP:200 mb:6 hour fcst:
293:5022960:d=2021032500:RH:200 mb:6 hour fcst:
294:5039194:d=2021032500:TCDC:200 mb:6 hour fcst:
295:5047823:d=2021032500:SPFH:200 mb:6 hour fcst:
296:5075135:d=2021032500:VVEL:200 mb:6 hour fcst:
297:5097667:d=2021032500:DZDT:200 mb:6 hour fcst:
298:5123177:d=2021032500:UGRD:200 mb:6 hour fcst:
299:5137269:d=2021032500:VGRD:200 mb:6 hour fcst:
300:5151642:d=2021032500:ABSV:200 mb:6 hour fcst:
301:5172589:d=2021032500:CLMR:200 mb:6 hour fcst:
302:5172768:d=2021032500:ICMR:200 mb:6 hour fcst:
303:5182962:d=2021032500:RWMR:200 mb:6 hour fcst:
304:5183141:d=2021032500:SNMR:200 mb:6 hour fcst:
305:5185494:d=2021032500:GRLE:200 mb:6 hour fcst:
306:5185947:d=2021032500:O3MR:200 mb:6 hour fcst:
323:5445181:d=2021032500:HGT:250 mb:6 hour fcst:
324:5467589:d=2021032500:TMP:250 mb:6 hour fcst:
325:5487032:d=2021032500:RH:250 mb:6 hour fcst:
326:5505460:d=2021032500:TCDC:250 mb:6 hour fcst:
327:5518214:d=2021032500:SPFH:250 mb:6 hour fcst:
328:5545365:d=2021032500:VVEL:250 mb:6 hour fcst:
329:5569356:d=2021032500:DZDT:250 mb:6 hour fcst:
330:5595665:d=2021032500:UGRD:250 mb:6 hour fcst:
331:5610713:d=2021032500:VGRD:250 mb:6 hour fcst:
332:5626193:d=2021032500:ABSV:250 mb:6 hour fcst:
333:5648558:d=2021032500:CLMR:250 mb:6 hour fcst:
334:5648737:d=2021032500:ICMR:250 mb:6 hour fcst:
335:5664275:d=2021032500:RWMR:250 mb:6 hour fcst:
336:5664454:d=2021032500:SNMR:250 mb:6 hour fcst:
337:5669853:d=2021032500:GRLE:250 mb:6 hour fcst:
338:5670114:d=2021032500:O3MR:250 mb:6 hour fcst:
355:5958022:d=2021032500:HGT:300 mb:6 hour fcst:
356:5980500:d=2021032500:TMP:300 mb:6 hour fcst:
357:5999806:d=2021032500:RH:300 mb:6 hour fcst:
358:6019229:d=2021032500:TCDC:300 mb:6 hour fcst:
359:6033975:d=2021032500:SPFH:300 mb:6 hour fcst:
360:6060812:d=2021032500:VVEL:300 mb:6 hour fcst:
361:6085876:d=2021032500:DZDT:300 mb:6 hour fcst:
362:6112655:d=2021032500:UGRD:300 mb:6 hour fcst:
363:6128036:d=2021032500:VGRD:300 mb:6 hour fcst:
364:6144145:d=2021032500:ABSV:300 mb:6 hour fcst:
365:6167293:d=2021032500:CLMR:300 mb:6 hour fcst:
366:6167472:d=2021032500:ICMR:300 mb:6 hour fcst:
367:6185677:d=2021032500:RWMR:300 mb:6 hour fcst:
368:6185856:d=2021032500:SNMR:300 mb:6 hour fcst:
369:6194401:d=2021032500:GRLE:300 mb:6 hour fcst:
370:6194659:d=2021032500:O3MR:300 mb:6 hour fcst:
387:6489787:d=2021032500:HGT:350 mb:6 hour fcst:
388:6512212:d=2021032500:TMP:350 mb:6 hour fcst:
389:6531168:d=2021032500:RH:350 mb:6 hour fcst:
390:6550848:d=2021032500:TCDC:350 mb:6 hour fcst:
391:6565825:d=2021032500:SPFH:350 mb:6 hour fcst:
392:6592396:d=2021032500:VVEL:350 mb:6 hour fcst:
393:6617882:d=2021032500:DZDT:350 mb:6 hour fcst:
394:6644899:d=2021032500:UGRD:350 mb:6 hour fcst:
395:6660248:d=2021032500:VGRD:350 mb:6 hour fcst:
396:6676312:d=2021032500:ABSV:350 mb:6 hour fcst:
397:6699480:d=2021032500:CLMR:350 mb:6 hour fcst:
398:6699659:d=2021032500:ICMR:350 mb:6 hour fcst:
399:6719101:d=2021032500:RWMR:350 mb:6 hour fcst:
400:6719280:d=2021032500:SNMR:350 mb:6 hour fcst:
401:6730256:d=2021032500:GRLE:350 mb:6 hour fcst:
402:6730697:d=2021032500:O3MR:350 mb:6 hour fcst:
419:7028258:d=2021032500:HGT:400 mb:6 hour fcst:
420:7050494:d=2021032500:TMP:400 mb:6 hour fcst:
421:7069594:d=2021032500:RH:400 mb:6 hour fcst:
422:7089358:d=2021032500:TCDC:400 mb:6 hour fcst:
423:7103523:d=2021032500:SPFH:400 mb:6 hour fcst:
424:7132203:d=2021032500:VVEL:400 mb:6 hour fcst:
425:7158086:d=2021032500:DZDT:400 mb:6 hour fcst:
426:7184892:d=2021032500:UGRD:400 mb:6 hour fcst:
427:7199985:d=2021032500:VGRD:400 mb:6 hour fcst:
428:7215673:d=2021032500:ABSV:400 mb:6 hour fcst:
429:7238583:d=2021032500:CLMR:400 mb:6 hour fcst:
430:7239051:d=2021032500:ICMR:400 mb:6 hour fcst:
431:7258063:d=2021032500:RWMR:400 mb:6 hour fcst:
432:7258305:d=2021032500:SNMR:400 mb:6 hour fcst:
433:7270914:d=2021032500:GRLE:400 mb:6 hour fcst:
434:7272044:d=2021032500:O3MR:400 mb:6 hour fcst:
451:7589351:d=2021032500:HGT:450 mb:6 hour fcst:
452:7613708:d=2021032500:TMP:450 mb:6 hour fcst:
453:7632915:d=2021032500:RH:450 mb:6 hour fcst:
454:7652741:d=2021032500:TCDC:450 mb:6 hour fcst:
455:7666540:d=2021032500:SPFH:450 mb:6 hour fcst:
456:7693871:d=2021032500:VVEL:450 mb:6 hour fcst:
457:7719885:d=2021032500:DZDT:450 mb:6 hour fcst:
458:7749042:d=2021032500:UGRD:450 mb:6 hour fcst:
459:7771547:d=2021032500:VGRD:450 mb:6 hour fcst:
460:7794641:d=2021032500:ABSV:450 mb:6 hour fcst:
461:7817124:d=2021032500:CLMR:450 mb:6 hour fcst:
462:7818357:d=2021032500:ICMR:450 mb:6 hour fcst:
463:7836220:d=2021032500:RWMR:450 mb:6 hour fcst:
464:7836892:d=2021032500:SNMR:450 mb:6 hour fcst:
465:7850336:d=2021032500:GRLE:450 mb:6 hour fcst:
466:7851921:d=2021032500:O3MR:450 mb:6 hour fcst:
483:8166831:d=2021032500:HGT:500 mb:6 hour fcst:
484:8191046:d=2021032500:TMP:500 mb:6 hour fcst:
485:8210367:d=2021032500:RH:500 mb:6 hour fcst:
486:8230338:d=2021032500:TCDC:500 mb:6 hour fcst:
487:8243832:d=2021032500:SPFH:500 mb:6 hour fcst:
488:8272842:d=2021032500:VVEL:500 mb:6 hour fcst:
489:8299039:d=2021032500:DZDT:500 mb:6 hour fcst:
490:8328119:d=2021032500:UGRD:500 mb:6 hour fcst:
491:8350195:d=2021032500:VGRD:500 mb:6 hour fcst:
492:8372939:d=2021032500:ABSV:500 mb:6 hour fcst:
493:8394863:d=2021032500:CLMR:500 mb:6 hour fcst:
494:8397349:d=2021032500:ICMR:500 mb:6 hour fcst:
495:8415594:d=2021032500:RWMR:500 mb:6 hour fcst:
496:8416769:d=2021032500:SNMR:500 mb:6 hour fcst:
497:8430652:d=2021032500:GRLE:500 mb:6 hour fcst:
498:8432579:d=2021032500:O3MR:500 mb:6 hour fcst:
515:8748879:d=2021032500:HGT:550 mb:6 hour fcst:
516:8772987:d=2021032500:TMP:550 mb:6 hour fcst:
517:8792328:d=2021032500:RH:550 mb:6 hour fcst:
518:8812468:d=2021032500:TCDC:550 mb:6 hour fcst:
519:8825708:d=2021032500:SPFH:550 mb:6 hour fcst:
520:8855639:d=2021032500:VVEL:550 mb:6 hour fcst:
521:8881826:d=2021032500:DZDT:550 mb:6 hour fcst:
522:8910709:d=2021032500:UGRD:550 mb:6 hour fcst:
523:8932573:d=2021032500:VGRD:550 mb:6 hour fcst:
524:8955084:d=2021032500:ABSV:550 mb:6 hour fcst:
525:8976744:d=2021032500:CLMR:550 mb:6 hour fcst:
526:8980822:d=2021032500:ICMR:550 mb:6 hour fcst:
527:8998019:d=2021032500:RWMR:550 mb:6 hour fcst:
528:9000334:d=2021032500:SNMR:550 mb:6 hour fcst:
529:9014280:d=2021032500:GRLE:550 mb:6 hour fcst:
530:9016338:d=2021032500:O3MR:550 mb:6 hour fcst:
547:9336396:d=2021032500:HGT:600 mb:6 hour fcst:
548:9361299:d=2021032500:TMP:600 mb:6 hour fcst:
549:9380803:d=2021032500:RH:600 mb:6 hour fcst:
550:9401003:d=2021032500:TCDC:600 mb:6 hour fcst:
551:9414128:d=2021032500:SPFH:600 mb:6 hour fcst:
552:9442677:d=2021032500:VVEL:600 mb:6 hour fcst:
553:9468920:d=2021032500:DZDT:600 mb:6 hour fcst:
554:9497643:d=2021032500:UGRD:600 mb:6 hour fcst:
555:9519323:d=2021032500:VGRD:600 mb:6 hour fcst:
556:9541631:d=2021032500:ABSV:600 mb:6 hour fcst:
557:9563192:d=2021032500:CLMR:600 mb:6 hour fcst:
558:9569004:d=2021032500:ICMR:600 mb:6 hour fcst:
559:9583334:d=2021032500:RWMR:600 mb:6 hour fcst:
560:9587048:d=2021032500:SNMR:600 mb:6 hour fcst:
561:9602296:d=2021032500:GRLE:600 mb:6 hour fcst:
562:9604887:d=2021032500:O3MR:600 mb:6 hour fcst:
579:9919761:d=2021032500:HGT:650 mb:6 hour fcst:
580:9944615:d=2021032500:TMP:650 mb:6 hour fcst:
581:9964518:d=2021032500:RH:650 mb:6 hour fcst:
582:9984995:d=2021032500:TCDC:650 mb:6 hour fcst:
583:9997439:d=2021032500:SPFH:650 mb:6 hour fcst:
584:10025619:d=2021032500:VVEL:650 mb:6 hour fcst:
585:10051955:d=2021032500:DZDT:650 mb:6 hour fcst:
586:10080313:d=2021032500:UGRD:650 mb:6 hour fcst:
587:10102047:d=2021032500:VGRD:650 mb:6 hour fcst:
588:10124472:d=2021032500:ABSV:650 mb:6 hour fcst:
589:10146200:d=2021032500:CLMR:650 mb:6 hour fcst:
590:10152287:d=2021032500:ICMR:650 mb:6 hour fcst:
591:10165431:d=2021032500:RWMR:650 mb:6 hour fcst:
592:10169918:d=2021032500:SNMR:650 mb:6 hour fcst:
593:10184391:d=2021032500:GRLE:650 mb:6 hour fcst:
594:10186826:d=2021032500:O3MR:650 mb:6 hour fcst:
611:10501081:d=2021032500:HGT:700 mb:6 hour fcst:
612:10525792:d=2021032500:TMP:700 mb:6 hour fcst:
613:10546010:d=2021032500:RH:700 mb:6 hour fcst:
614:10566590:d=2021032500:TCDC:700 mb:6 hour fcst:
615:10579129:d=2021032500:SPFH:700 mb:6 hour fcst:
616:10608182:d=2021032500:VVEL:700 mb:6 hour fcst:
617:10634541:d=2021032500:DZDT:700 mb:6 hour fcst:
618:10662588:d=2021032500:UGRD:700 mb:6 hour fcst:
619:10684260:d=2021032500:VGRD:700 mb:6 hour fcst:
620:10706600:d=2021032500:ABSV:700 mb:6 hour fcst:
621:10728187:d=2021032500:CLMR:700 mb:6 hour fcst:
622:10736079:d=2021032500:ICMR:700 mb:6 hour fcst:
623:10748142:d=2021032500:RWMR:700 mb:6 hour fcst:
624:10752782:d=2021032500:SNMR:700 mb:6 hour fcst:
625:10767846:d=2021032500:GRLE:700 mb:6 hour fcst:
626:10769881:d=2021032500:O3MR:700 mb:6 hour fcst:
643:11083963:d=2021032500:HGT:750 mb:6 hour fcst:
644:11108899:d=2021032500:TMP:750 mb:6 hour fcst:
645:11129239:d=2021032500:RH:750 mb:6 hour fcst:
646:11149780:d=2021032500:TCDC:750 mb:6 hour fcst:
647:11162434:d=2021032500:SPFH:750 mb:6 hour fcst:
648:11191944:d=2021032500:VVEL:750 mb:6 hour fcst:
649:11218216:d=2021032500:DZDT:750 mb:6 hour fcst:
650:11246057:d=2021032500:UGRD:750 mb:6 hour fcst:
651:11267743:d=2021032500:VGRD:750 mb:6 hour fcst:
652:11290070:d=2021032500:ABSV:750 mb:6 hour fcst:
653:11311675:d=2021032500:CLMR:750 mb:6 hour fcst:
654:11321210:d=2021032500:ICMR:750 mb:6 hour fcst:
655:11333215:d=2021032500:RWMR:750 mb:6 hour fcst:
656:11338618:d=2021032500:SNMR:750 mb:6 hour fcst:
657:11353020:d=2021032500:GRLE:750 mb:6 hour fcst:
658:11355050:d=2021032500:O3MR:750 mb:6 hour fcst:
675:11674137:d=2021032500:HGT:800 mb:6 hour fcst:
676:11699105:d=2021032500:TMP:800 mb:6 hour fcst:
677:11719805:d=2021032500:RH:800 mb:6 hour fcst:
678:11740305:d=2021032500:TCDC:800 mb:6 hour fcst:
679:11753824:d=2021032500:SPFH:800 mb:6 hour fcst:
680:11783630:d=2021032500:VVEL:800 mb:6 hour fcst:
681:11809782:d=2021032500:DZDT:800 mb:6 hour fcst:
682:11837373:d=2021032500:UGRD:800 mb:6 hour fcst:
683:11859072:d=2021032500:VGRD:800 mb:6 hour fcst:
684:11881354:d=2021032500:ABSV:800 mb:6 hour fcst:
685:11903125:d=2021032500:CLMR:800 mb:6 hour fcst:
686:11915175:d=2021032500:ICMR:800 mb:6 hour fcst:
687:11926269:d=2021032500:RWMR:800 mb:6 hour fcst:
688:11934084:d=2021032500:SNMR:800 mb:6 hour fcst:
689:11948775:d=2021032500:GRLE:800 mb:6 hour fcst:
690:11951052:d=2021032500:O3MR:800 mb:6 hour fcst:
707:12286202:d=2021032500:HGT:850 mb:6 hour fcst:
708:12311368:d=2021032500:TMP:850 mb:6 hour fcst:
709:12332516:d=2021032500:RH:850 mb:6 hour fcst:
710:12352977:d=2021032500:TCDC:850 mb:6 hour fcst:
711:12367990:d=2021032500:SPFH:850 mb:6 hour fcst:
712:12397997:d=2021032500:VVEL:850 mb:6 hour fcst:
713:12423887:d=2021032500:DZDT:850 mb:6 hour fcst:
714:12451121:d=2021032500:UGRD:850 mb:6 hour fcst:
715:12472794:d=2021032500:VGRD:850 mb:6 hour fcst:
716:12495089:d=2021032500:ABSV:850 mb:6 hour fcst:
717:12516853:d=2021032500:CLMR:850 mb:6 hour fcst:
718:12531231:d=2021032500:ICMR:850 mb:6 hour fcst:
719:12541170:d=2021032500:RWMR:850 mb:6 hour fcst:
720:12551029:d=2021032500:SNMR:850 mb:6 hour fcst:
721:12564501:d=2021032500:GRLE:850 mb:6 hour fcst:
722:12567382:d=2021032500:O3MR:850 mb:6 hour fcst:
739:12900887:d=2021032500:HGT:900 mb:6 hour fcst:
740:12926207:d=2021032500:TMP:900 mb:6 hour fcst:
741:12947478:d=2021032500:RH:900 mb:6 hour fcst:
742:12967636:d=2021032500:TCDC:900 mb:6 hour fcst:
743:12981982:d=2021032500:SPFH:900 mb:6 hour fcst:
744:13012155:d=2021032500:VVEL:900 mb:6 hour fcst:
745:13037412:d=2021032500:DZDT:900 mb:6 hour fcst:
746:13064062:d=2021032500:UGRD:900 mb:6 hour fcst:
747:13085893:d=2021032500:VGRD:900 mb:6 hour fcst:
748:13108190:d=2021032500:ABSV:900 mb:6 hour fcst:
749:13129744:d=2021032500:CLMR:900 mb:6 hour fcst:
750:13141675:d=2021032500:ICMR:900 mb:6 hour fcst:
751:13150737:d=2021032500:RWMR:900 mb:6 hour fcst:
752:13162269:d=2021032500:SNMR:900 mb:6 hour fcst:
753:13173356:d=2021032500:GRLE:900 mb:6 hour fcst:
754:13176321:d=2021032500:O3MR:900 mb:6 hour fcst:
755:13203025:d=2021032500:HGT:925 mb:6 hour fcst:
756:13228527:d=2021032500:TMP:925 mb:6 hour fcst:
757:13249869:d=2021032500:RH:925 mb:6 hour fcst:
758:13269849:d=2021032500:TCDC:925 mb:6 hour fcst:
759:13282558:d=2021032500:SPFH:925 mb:6 hour fcst:
760:13310200:d=2021032500:VVEL:925 mb:6 hour fcst:
761:13335186:d=2021032500:DZDT:925 mb:6 hour fcst:
762:13361235:d=2021032500:UGRD:925 mb:6 hour fcst:
763:13383147:d=2021032500:VGRD:925 mb:6 hour fcst:
764:13405471:d=2021032500:ABSV:925 mb:6 hour fcst:
765:13427027:d=2021032500:CLMR:925 mb:6 hour fcst:
766:13436918:d=2021032500:ICMR:925 mb:6 hour fcst:
767:13445833:d=2021032500:RWMR:925 mb:6 hour fcst:
768:13457675:d=2021032500:SNMR:925 mb:6 hour fcst:
769:13469132:d=2021032500:GRLE:925 mb:6 hour fcst:
770:13472469:d=2021032500:O3MR:925 mb:6 hour fcst:
771:13498968:d=2021032500:HGT:950 mb:6 hour fcst:
772:13524631:d=2021032500:TMP:950 mb:6 hour fcst:
773:13545943:d=2021032500:RH:950 mb:6 hour fcst:
774:13565764:d=2021032500:TCDC:950 mb:6 hour fcst:
775:13577080:d=2021032500:SPFH:950 mb:6 hour fcst:
776:13604900:d=2021032500:VVEL:950 mb:6 hour fcst:
777:13628978:d=2021032500:DZDT:950 mb:6 hour fcst:
778:13654070:d=2021032500:UGRD:950 mb:6 hour fcst:
779:13676028:d=2021032500:VGRD:950 mb:6 hour fcst:
780:13698339:d=2021032500:ABSV:950 mb:6 hour fcst:
781:13719895:d=2021032500:CLMR:950 mb:6 hour fcst:
782:13727313:d=2021032500:ICMR:950 mb:6 hour fcst:
783:13735122:d=2021032500:RWMR:950 mb:6 hour fcst:
784:13747010:d=2021032500:SNMR:950 mb:6 hour fcst:
785:13757601:d=2021032500:GRLE:950 mb:6 hour fcst:
786:13760643:d=2021032500:O3MR:950 mb:6 hour fcst:
787:13787122:d=2021032500:HINDEX:surface:6 hour fcst:
788:13792491:d=2021032500:HGT:975 mb:6 hour fcst:
789:13818339:d=2021032500:TMP:975 mb:6 hour fcst:
790:13839510:d=2021032500:RH:975 mb:6 hour fcst:
791:13858991:d=2021032500:TCDC:975 mb:6 hour fcst:
792:13868359:d=2021032500:SPFH:975 mb:6 hour fcst:
793:13895912:d=2021032500:VVEL:975 mb:6 hour fcst:
794:13918918:d=2021032500:DZDT:975 mb:6 hour fcst:
795:13942839:d=2021032500:UGRD:975 mb:6 hour fcst:
796:13964632:d=2021032500:VGRD:975 mb:6 hour fcst:
797:13986774:d=2021032500:ABSV:975 mb:6 hour fcst:
798:14008158:d=2021032500:CLMR:975 mb:6 hour fcst:
799:14013384:d=2021032500:ICMR:975 mb:6 hour fcst:
800:14018823:d=2021032500:RWMR:975 mb:6 hour fcst:
801:14030529:d=2021032500:SNMR:975 mb:6 hour fcst:
802:14039303:d=2021032500:GRLE:975 mb:6 hour fcst:
803:14042328:d=2021032500:O3MR:975 mb:6 hour fcst:
804:14068773:d=2021032500:TMP:1000 mb:6 hour fcst:
805:14089743:d=2021032500:RH:1000 mb:6 hour fcst:
806:14108904:d=2021032500:TCDC:1000 mb:6 hour fcst:
807:14113756:d=2021032500:SPFH:1000 mb:6 hour fcst:
808:14141322:d=2021032500:VVEL:1000 mb:6 hour fcst:
809:14162783:d=2021032500:DZDT:1000 mb:6 hour fcst:
810:14184541:d=2021032500:UGRD:1000 mb:6 hour fcst:
811:14205740:d=2021032500:VGRD:1000 mb:6 hour fcst:
812:14227387:d=2021032500:ABSV:1000 mb:6 hour fcst:
813:14248228:d=2021032500:CLMR:1000 mb:6 hour fcst:
814:14250158:d=2021032500:ICMR:1000 mb:6 hour fcst:
815:14252520:d=2021032500:RWMR:1000 mb:6 hour fcst:
816:14261842:d=2021032500:SNMR:1000 mb:6 hour fcst:
817:14265565:d=2021032500:GRLE:1000 mb:6 hour fcst:
818:14266768:d=2021032500:O3MR:1000 mb:6 hour fcst:
819:14293354:d=2021032500:MSLET:mean sea level:6 hour fcst:
820:14319506:d=2021032500:HGT:1000 mb:6 hour fcst:
821:14345574:d=2021032500:SDEN:surface:6 hour fcst:
822:14356529:d=2021032500:REFD:4000 m above ground:6 hour fcst:
823:14359012:d=2021032500:REFD:1000 m above ground:6 hour fcst:
824:14361495:d=2021032500:PRES:surface:6 hour fcst:
825:14387361:d=2021032500:HGT:surface:6 hour fcst:
826:14403431:d=2021032500:TMP:surface:6 hour fcst:
827:14420218:d=2021032500:TSOIL:0-0.1 m below ground:6 hour fcst:
828:14432387:d=2021032500:SOILW:0-0.1 m below ground:6 hour fcst:
829:14441369:d=2021032500:SOILL:0-0.1 m below ground:6 hour fcst:
830:14450134:d=2021032500:TSOIL:0.1-0.4 m below ground:6 hour fcst:
831:14466011:d=2021032500:SOILW:0.1-0.4 m below ground:6 hour fcst:
832:14475038:d=2021032500:SOILL:0.1-0.4 m below ground:6 hour fcst:
833:14483902:d=2021032500:TSOIL:0.4-1 m below ground:6 hour fcst:
834:14498520:d=2021032500:SOILW:0.4-1 m below ground:6 hour fcst:
835:14507620:d=2021032500:SOILL:0.4-1 m below ground:6 hour fcst:
836:14516493:d=2021032500:TSOIL:1-2 m below ground:6 hour fcst:
837:14530938:d=2021032500:SOILW:1-2 m below ground:6 hour fcst:
838:14539932:d=2021032500:SOILL:1-2 m below ground:6 hour fcst:
839:14548845:d=2021032500:CNWAT:surface:6 hour fcst:
840:14554548:d=2021032500:WEASD:surface:6 hour fcst:
841:14567793:d=2021032500:SNOD:surface:6 hour fcst:
842:14582914:d=2021032500:PEVPR:surface:6 hour fcst:
843:14599378:d=2021032500:ICETK:surface:6 hour fcst:
845:14604284:d=2021032500:TMP:2 m above ground:6 hour fcst:
846:14625293:d=2021032500:SPFH:2 m above ground:6 hour fcst:
847:14651988:d=2021032500:DPT:2 m above ground:6 hour fcst:
848:14673636:d=2021032500:RH:2 m above ground:6 hour fcst:
849:14692414:d=2021032500:APTMP:2 m above ground:6 hour fcst:
850:14707080:d=2021032500:TMAX:2 m above ground:0-6 hour max fcst:
851:14728176:d=2021032500:TMIN:2 m above ground:0-6 hour min fcst:
852:14749238:d=2021032500:UGRD:10 m above ground:6 hour fcst:
853:14770044:d=2021032500:VGRD:10 m above ground:6 hour fcst:
854:14791312:d=2021032500:ICEG:10 m above mean sea level:6 hour fcst:
855:14791621:d=2021032500:CPOFP:surface:6 hour fcst:
856:14812014:d=2021032500:CPRAT:surface:6 hour fcst:
857:14833472:d=2021032500:PRATE:surface:6 hour fcst:
858:14856757:d=2021032500:CPRAT:surface:0-6 hour ave fcst:
859:14878865:d=2021032500:PRATE:surface:0-6 hour ave fcst:
860:14900203:d=2021032500:APCP:surface:0-6 hour acc fcst:
861:14910855:d=2021032500:APCP:surface:0-6 hour acc fcst:
862:14924881:d=2021032500:ACPCP:surface:0-6 hour acc fcst:
863:14933324:d=2021032500:ACPCP:surface:0-6 hour acc fcst:
866:14961911:d=2021032500:FROZR:surface:0-6 hour acc fcst:
867:14964418:d=2021032500:FRZR:surface:0-6 hour acc fcst:
868:14966925:d=2021032500:TSNOWP:surface:0-6 hour acc fcst:
869:14969432:d=2021032500:WATR:surface:0-6 hour acc fcst:
870:14980017:d=2021032500:FROZR:surface:0-6 hour acc fcst:
871:14982524:d=2021032500:FRZR:surface:0-6 hour acc fcst:
872:14985031:d=2021032500:TSNOWP:surface:0-6 hour acc fcst:
873:14987538:d=2021032500:CSNOW:surface:6 hour fcst:
874:14989361:d=2021032500:CICEP:surface:6 hour fcst:
875:14989540:d=2021032500:CFRZR:surface:6 hour fcst:
876:14989776:d=2021032500:CRAIN:surface:6 hour fcst:
877:14993319:d=2021032500:LHTFL:surface:0-6 hour ave fcst:
878:15015478:d=2021032500:SHTFL:surface:0-6 hour ave fcst:
879:15036275:d=2021032500:GFLUX:surface:0-6 hour ave fcst:
880:15048344:d=2021032500:UFLX:surface:0-6 hour ave fcst:
881:15065203:d=2021032500:VFLX:surface:0-6 hour ave fcst:
882:15081911:d=2021032500:SFCR:surface:6 hour fcst:
883:15101437:d=2021032500:FRICV:surface:6 hour fcst:
884:15123607:d=2021032500:U-GWD:surface:0-6 hour ave fcst:
885:15138951:d=2021032500:V-GWD:surface:0-6 hour ave fcst:
886:15154104:d=2021032500:VEG:surface:6 hour fcst:
887:15162140:d=2021032500:SOTYP:surface:6 hour fcst:
888:15173191:d=2021032500:WILT:surface:6 hour fcst:
889:15183154:d=2021032500:FLDCP:surface:6 hour fcst:
890:15193406:d=2021032500:SUNSD:surface:6 hour fcst:
891:15211557:d=2021032500:LFTX:surface:6 hour fcst:
892:15225966:d=2021032500:CAPE:surface:6 hour fcst:
893:15241208:d=2021032500:CIN:surface:6 hour fcst:
894:15255155:d=2021032500:PWAT:entire atmosphere (considered as a single layer):6 hour fcst:
895:15282769:d=2021032500:CWAT:entire atmosphere (considered as a single layer):6 hour fcst:
896:15310739:d=2021032500:RH:entire atmosphere (considered as a single layer):6 hour fcst:
897:15326272:d=2021032500:TOZNE:entire atmosphere (considered as a single layer):6 hour fcst:
898:15341307:d=2021032500:LCDC:low cloud layer:6 hour fcst:
899:15359761:d=2021032500:LCDC:low cloud layer:0-6 hour ave fcst:
900:15380663:d=2021032500:MCDC:middle cloud layer:6 hour fcst:
901:15398326:d=2021032500:MCDC:middle cloud layer:0-6 hour ave fcst:
902:15417257:d=2021032500:HCDC:high cloud layer:6 hour fcst:
903:15434434:d=2021032500:HCDC:high cloud layer:0-6 hour ave fcst:
904:15454767:d=2021032500:TCDC:entire atmosphere (considered as a single layer):6 hour fcst:
905:15471964:d=2021032500:TCDC:entire atmosphere (considered as a single layer):0-6 hour ave fcst:
906:15492190:d=2021032500:HGT:cloud ceiling:6 hour fcst:
907:15526504:d=2021032500:PRES:convective cloud bottom level:6 hour fcst:
908:15539548:d=2021032500:PRES:low cloud bottom level:0-6 hour ave fcst:
909:15563404:d=2021032500:PRES:middle cloud bottom level:0-6 hour ave fcst:
910:15582405:d=2021032500:PRES:high cloud bottom level:0-6 hour ave fcst:
912:15626152:d=2021032500:PRES:convective cloud top level:6 hour fcst:
913:15640541:d=2021032500:PRES:low cloud top level:0-6 hour ave fcst:
914:15664370:d=2021032500:PRES:middle cloud top level:0-6 hour ave fcst:
915:15683370:d=2021032500:PRES:high cloud top level:0-6 hour ave fcst:
916:15705754:d=2021032500:TMP:low cloud top level:0-6 hour ave fcst:
917:15723591:d=2021032500:TMP:middle cloud top level:0-6 hour ave fcst:
918:15738694:d=2021032500:TMP:high cloud top level:0-6 hour ave fcst:
919:15757144:d=2021032500:TCDC:convective cloud layer:6 hour fcst:
920:15777866:d=2021032500:TCDC:boundary layer cloud layer:0-6 hour ave fcst:
921:15795634:d=2021032500:CWORK:entire atmosphere (considered as a single layer):0-6 hour ave fcst:
922:15809480:d=2021032500:DSWRF:surface:0-6 hour ave fcst:
925:15868433:d=2021032500:DLWRF:surface:0-6 hour ave fcst:
926:15890350:d=2021032500:USWRF:surface:0-6 hour ave fcst:
927:15911778:d=2021032500:ULWRF:surface:0-6 hour ave fcst:
928:15930590:d=2021032500:USWRF:top of atmosphere:0-6 hour ave fcst:
929:15953006:d=2021032500:ULWRF:top of atmosphere:0-6 hour ave fcst:
930:15974274:d=2021032500:AOTK:entire atmosphere:6 hour fcst:aerosol=Total Aerosol:aerosol_size <2e-05:aerosol_wavelength >=5.45e-07,<=5.55e-07
931:16001383:d=2021032500:AOTK:entire atmosphere:6 hour fcst:aerosol=Dust Dry:aerosol_size <2e-05:aerosol_wavelength >=5.45e-07,<=5.55e-07
932:16019541:d=2021032500:AOTK:entire atmosphere:6 hour fcst:aerosol=Sea Salt Dry:aerosol_size <2e-05:aerosol_wavelength >=5.45e-07,<=5.55e-07
933:16047513:d=2021032500:AOTK:entire atmosphere:6 hour fcst:aerosol=Sulphate Dry:aerosol_size <2e-05:aerosol_wavelength >=5.45e-07,<=5.55e-07
934:16071266:d=2021032500:AOTK:entire atmosphere:6 hour fcst:aerosol=Particulate Organic Matter Dry:aerosol_size <2e-05:aerosol_wavelength >=5.45e-07,<=5.55e-07
935:16094891:d=2021032500:AOTK:entire atmosphere:6 hour fcst:aerosol=Black Carbon Dry:aerosol_size <2e-05:aerosol_wavelength >=5.45e-07,<=5.55e-07
936:16117458:d=2021032500:HLCY:3000-0 m above ground:6 hour fcst:
937:16141822:d=2021032500:HLCY:1000-0 m above ground:6 hour fcst:
938:16164618:d=2021032500:USTM:6000-0 m above ground:6 hour fcst:
939:16188514:d=2021032500:VSTM:6000-0 m above ground:6 hour fcst:
940:16211849:d=2021032500:PRES:tropopause:6 hour fcst:
941:16241932:d=2021032500:ICAHT:tropopause:6 hour fcst:
942:16273116:d=2021032500:HGT:tropopause:6 hour fcst:
943:16301782:d=2021032500:TMP:tropopause:6 hour fcst:
944:16324146:d=2021032500:UGRD:tropopause:6 hour fcst:
945:16340701:d=2021032500:VGRD:tropopause:6 hour fcst:
946:16357302:d=2021032500:VWSH:tropopause:6 hour fcst:
947:16376649:d=2021032500:PRES:max wind:6 hour fcst:
948:16411728:d=2021032500:ICAHT:max wind:6 hour fcst:
949:16447537:d=2021032500:HGT:max wind:6 hour fcst:
950:16483532:d=2021032500:UGRD:max wind:6 hour fcst:
951:16500756:d=2021032500:VGRD:max wind:6 hour fcst:
952:16518931:d=2021032500:TMP:max wind:6 hour fcst:
953:16546326:d=2021032500:UGRD:20 m above ground:6 hour fcst:
954:16567145:d=2021032500:VGRD:20 m above ground:6 hour fcst:
955:16588297:d=2021032500:UGRD:30 m above ground:6 hour fcst:
956:16609343:d=2021032500:VGRD:30 m above ground:6 hour fcst:
957:16630919:d=2021032500:UGRD:40 m above ground:6 hour fcst:
958:16652067:d=2021032500:VGRD:40 m above ground:6 hour fcst:
959:16673774:d=2021032500:UGRD:50 m above ground:6 hour fcst:
960:16695022:d=2021032500:VGRD:50 m above ground:6 hour fcst:
961:16716847:d=2021032500:TMP:80 m above ground:6 hour fcst:
962:16737904:d=2021032500:SPFH:80 m above ground:6 hour fcst:
963:16767048:d=2021032500:PRES:80 m above ground:6 hour fcst:
964:16792875:d=2021032500:UGRD:80 m above ground:6 hour fcst:
965:16814474:d=2021032500:VGRD:80 m above ground:6 hour fcst:
966:16836453:d=2021032500:TMP:100 m above ground:6 hour fcst:
967:16857499:d=2021032500:UGRD:100 m above ground:6 hour fcst:
968:16879210:d=2021032500:VGRD:100 m above ground:6 hour fcst:
981:17148382:d=2021032500:TMP:1829 m above mean sea level:6 hour fcst:
982:17170161:d=2021032500:UGRD:1829 m above mean sea level:6 hour fcst:
983:17192910:d=2021032500:VGRD:1829 m above mean sea level:6 hour fcst:
984:17216278:d=2021032500:TMP:2743 m above mean sea level:6 hour fcst:
985:17238119:d=2021032500:UGRD:2743 m above mean sea level:6 hour fcst:
986:17261434:d=2021032500:VGRD:2743 m above mean sea level:6 hour fcst:
987:17285424:d=2021032500:TMP:3658 m above mean sea level:6 hour fcst:
988:17307159:d=2021032500:UGRD:3658 m above mean sea level:6 hour fcst:
989:17330806:d=2021032500:VGRD:3658 m above mean sea level:6 hour fcst:
993:17425694:d=2021032500:HGT:0C isotherm:6 hour fcst:
994:17448475:d=2021032500:RH:0C isotherm:6 hour fcst:
995:17468563:d=2021032500:HGT:highest tropospheric freezing level:6 hour fcst:
996:17491116:d=2021032500:RH:highest tropospheric freezing level:6 hour fcst:
997:17511161:d=2021032500:TMP:30-0 mb above ground:6 hour fcst:
998:17532281:d=2021032500:RH:30-0 mb above ground:6 hour fcst:
1000:17572543:d=2021032500:SPFH:30-0 mb above ground:6 hour fcst:
1001:17601799:d=2021032500:UGRD:30-0 mb above ground:6 hour fcst:
1002:17623471:d=2021032500:VGRD:30-0 mb above ground:6 hour fcst:
1030:18259577:d=2021032500:4LFTX:surface:6 hour fcst:
1031:18273486:d=2021032500:CAPE:180-0 mb above ground:6 hour fcst:
1032:18287474:d=2021032500:CIN:180-0 mb above ground:6 hour fcst:
1033:18302468:d=2021032500:HPBL:surface:6 hour fcst:
1034:18333684:d=2021032500:RH:0.33-1 sigma layer:6 hour fcst:
1035:18352258:d=2021032500:RH:0.44-1 sigma layer:6 hour fcst:
1036:18370505:d=2021032500:RH:0.72-0.94 sigma layer:6 hour fcst:
1037:18389270:d=2021032500:RH:0.44-0.72 sigma layer:6 hour fcst:
1038:18408821:d=2021032500:TMP:0.995 sigma level:6 hour fcst:
1039:18429890:d=2021032500:POT:0.995 sigma level:6 hour fcst:
1040:18450926:d=2021032500:RH:0.995 sigma level:6 hour fcst:
1041:18469277:d=2021032500:UGRD:0.995 sigma level:6 hour fcst:
1042:18490587:d=2021032500:VGRD:0.995 sigma level:6 hour fcst:
1043:18512387:d=2021032500:VVEL:0.995 sigma level:6 hour fcst:
1044:18533463:d=2021032500:CAPE:90-0 mb above ground:6 hour fcst:
1045:18546182:d=2021032500:CIN:90-0 mb above ground:6 hour fcst:
1046:18556150:d=2021032500:CAPE:255-0 mb above ground:6 hour fcst:
1047:18569458:d=2021032500:CIN:255-0 mb above ground:6 hour fcst:
1048:18582088:d=2021032500:PLPL:255-0 mb above ground:6 hour fcst:
1049:18607008:d=2021032500:LAND:surface:6 hour fcst:
1050:18608935:d=2021032500:ICEC:surface:6 hour fcst:
1051:18614355:d=2021032500:ALBDO:surface:0-6 hour ave fcst:
1052:18634397:d=2021032500:ICETMP:surface:6 hour fcst:
1094:19263923:d=2021032500:UGRD:PV=2e-06 (Km^2/kg/s) surface:6 hour fcst:
1095:19274992:d=2021032500:VGRD:PV=2e-06 (Km^2/kg/s) surface:6 hour fcst:
1096:19286155:d=2021032500:TMP:PV=2e-06 (Km^2/kg/s) surface:6 hour fcst:
1097:19300922:d=2021032500:HGT:PV=2e-06 (Km^2/kg/s) surface:6 hour fcst:
1098:19318810:d=2021032500:PRES:PV=2e-06 (Km^2/kg/s) surface:6 hour fcst:
1099:19337734:d=2021032500:VWSH:PV=2e-06 (Km^2/kg/s) surface:6 hour fcst:
1100:19350187:d=2021032500:UGRD:PV=-2e-06 (Km^2/kg/s) surface:6 hour fcst:
1101:19361537:d=2021032500:VGRD:PV=-2e-06 (Km^2/kg/s) surface:6 hour fcst:
1102:19372863:d=2021032500:TMP:PV=-2e-06 (Km^2/kg/s) surface:6 hour fcst:
1103:19387822:d=2021032500:HGT:PV=-2e-06 (Km^2/kg/s) surface:6 hour fcst:
1104:19405793:d=2021032500:PRES:PV=-2e-06 (Km^2/kg/s) surface:6 hour fcst:
1105:19423285:d=2021032500:VWSH:PV=-2e-06 (Km^2/kg/s) surface:6 hour fcst:
+ exglobal_atmos_products.sh[45]true
+ exglobal_atmos_products.sh[46]export err=0
+ exglobal_atmos_products.sh[46]err=0
+ exglobal_atmos_products.sh[47][[ 0 -ne 0 ]]
+ exglobal_atmos_products.sh[52][[ 1 -eq 2 ]]
+ exglobal_atmos_products.sh[62]grid_string=0p25
+ exglobal_atmos_products.sh[63][[ YES == \Y\E\S ]]
+ exglobal_atmos_products.sh[64]grid_string=0p25:0p50:1p00
+ exglobal_atmos_products.sh[70]IFS=:
+ exglobal_atmos_products.sh[70]read -ra grids
+ exglobal_atmos_products.sh[154](( nset=1  ))
+ exglobal_atmos_products.sh[154](( nset <= downset  ))
+ exglobal_atmos_products.sh[74]echo 'Begin processing nset = 1'
Begin processing nset = 1
+ exglobal_atmos_products.sh[77]nproc=24
+ exglobal_atmos_products.sh[80][[ 1 == 1 ]]
+ exglobal_atmos_products.sh[81]grp=
+ exglobal_atmos_products.sh[87]tmpfile=tmpfile_f006
++ exglobal_atmos_products.sh[90]wgrib2 tmpfile_f006
++ exglobal_atmos_products.sh[90]wc -l
+ exglobal_atmos_products.sh[90]ncount=753
+ exglobal_atmos_products.sh[91][[ 24 -gt 753 ]]
+ exglobal_atmos_products.sh[95]inv=31
+ exglobal_atmos_products.sh[96]rm -f /work2/noaa/stmp/mterry/HERCULES/RUNDIRS/C48mx500_hybAOWCDA/gdas.2021032500/atmos_products_f006.349486/poescript
+ exglobal_atmos_products.sh[98]last=0
+ exglobal_atmos_products.sh[134](( iproc = 1  ))
+ exglobal_atmos_products.sh[134](( iproc <= nproc  ))
+ exglobal_atmos_products.sh[100]first=1
+ exglobal_atmos_products.sh[101]last=31
+ exglobal_atmos_products.sh[102][[ 31 -gt 753 ]]
+ exglobal_atmos_products.sh[109]set +e
+ exglobal_atmos_products.sh[111]wgrib2 -d 31 tmpfile_f006
+ exglobal_atmos_products.sh[111]grep -E -i 'ugrd|ustm|uflx|u-gwd|land|maxuw'
31:464348:d=2021032500:UGRD:0.02 mb:6 hour fcst:
+ exglobal_atmos_products.sh[112]rc=0
+ exglobal_atmos_products.sh[113]set_strict
+ environment[0][[ YES == \Y\E\S ]]
+ environment[1]set -eu
+ exglobal_atmos_products.sh[114][[ 0 == 0 ]]
+ exglobal_atmos_products.sh[115]last=32
+ exglobal_atmos_products.sh[117][[ 1 -eq 24 ]]
+ exglobal_atmos_products.sh[122]wgrib2 tmpfile_f006 -for 1:32 -grib tmpfile_f006_1
1:0:d=2021032500:PRMSL:mean sea level:6 hour fcst:
2:26056:d=2021032500:CLMR:1 hybrid level:6 hour fcst:
3:29946:d=2021032500:ICMR:1 hybrid level:6 hour fcst:
4:37544:d=2021032500:RWMR:1 hybrid level:6 hour fcst:
5:48556:d=2021032500:SNMR:1 hybrid level:6 hour fcst:
6:60316:d=2021032500:GRLE:1 hybrid level:6 hour fcst:
7:63499:d=2021032500:REFD:1 hybrid level:6 hour fcst:
8:65982:d=2021032500:REFD:2 hybrid level:6 hour fcst:
9:68465:d=2021032500:REFC:entire atmosphere (considered as a single layer):6 hour fcst:
10:70948:d=2021032500:VIS:surface:6 hour fcst:
11:103611:d=2021032500:UGRD:planetary boundary layer:6 hour fcst:
12:117906:d=2021032500:VGRD:planetary boundary layer:6 hour fcst:
13:132549:d=2021032500:VRATE:planetary boundary layer:6 hour fcst:
14:140842:d=2021032500:GUST:surface:6 hour fcst:
15:155955:d=2021032500:HGT:0.01 mb:6 hour fcst:
16:179945:d=2021032500:TMP:0.01 mb:6 hour fcst:
17:190977:d=2021032500:RH:0.01 mb:6 hour fcst:
18:197487:d=2021032500:SPFH:0.01 mb:6 hour fcst:
19:221532:d=2021032500:VVEL:0.01 mb:6 hour fcst:
20:249426:d=2021032500:DZDT:0.01 mb:6 hour fcst:
21:277495:d=2021032500:UGRD:0.01 mb:6 hour fcst:
22:289666:d=2021032500:VGRD:0.01 mb:6 hour fcst:
23:308121:d=2021032500:ABSV:0.01 mb:6 hour fcst:
24:324048:d=2021032500:O3MR:0.01 mb:6 hour fcst:
25:338568:d=2021032500:HGT:0.02 mb:6 hour fcst:
26:362347:d=2021032500:TMP:0.02 mb:6 hour fcst:
27:377760:d=2021032500:RH:0.02 mb:6 hour fcst:
28:386106:d=2021032500:SPFH:0.02 mb:6 hour fcst:
29:410808:d=2021032500:VVEL:0.02 mb:6 hour fcst:
30:435938:d=2021032500:DZDT:0.02 mb:6 hour fcst:
31:464348:d=2021032500:UGRD:0.02 mb:6 hour fcst:
32:477808:d=2021032500:VGRD:0.02 mb:6 hour fcst:
+ exglobal_atmos_products.sh[122]true
+ exglobal_atmos_products.sh[123]export err=0
+ exglobal_atmos_products.sh[123]err=0
+ exglobal_atmos_products.sh[124][[ 0 -ne 0 ]]
+ exglobal_atmos_products.sh[127]input_file=tmpfile_f006_1
+ exglobal_atmos_products.sh[128]output_file_prefix=pgb2file_f006_1
+ exglobal_atmos_products.sh[129]echo '/work2/noaa/global/mterry/global-workflow_forked/ush/interp_atmos_master.sh tmpfile_f006_1 pgb2file_f006_1 0p25:0p50:1p00'
+ exglobal_atmos_products.sh[133][[ 32 -eq 753 ]]
+ exglobal_atmos_products.sh[134](( iproc++  ))
+ exglobal_atmos_products.sh[134](( iproc <= nproc  ))
+ exglobal_atmos_products.sh[100]first=33
+ exglobal_atmos_products.sh[101]last=63
+ exglobal_atmos_products.sh[102][[ 63 -gt 753 ]]
+ exglobal_atmos_products.sh[109]set +e
+ exglobal_atmos_products.sh[111]wgrib2 -d 63 tmpfile_f006
+ exglobal_atmos_products.sh[111]grep -E -i 'ugrd|ustm|uflx|u-gwd|land|maxuw'
+ exglobal_atmos_products.sh[112]rc=1
+ exglobal_atmos_products.sh[113]set_strict
+ environment[0][[ YES == \Y\E\S ]]
+ environment[1]set -eu
+ exglobal_atmos_products.sh[114][[ 1 == 0 ]]
+ exglobal_atmos_products.sh[117][[ 2 -eq 24 ]]
+ exglobal_atmos_products.sh[122]wgrib2 tmpfile_f006 -for 33:63 -grib tmpfile_f006_2
33:490408:d=2021032500:ABSV:0.02 mb:6 hour fcst:
34:507814:d=2021032500:O3MR:0.02 mb:6 hour fcst:
35:524251:d=2021032500:HGT:0.04 mb:6 hour fcst:
36:546645:d=2021032500:TMP:0.04 mb:6 hour fcst:
37:564632:d=2021032500:RH:0.04 mb:6 hour fcst:
38:571748:d=2021032500:SPFH:0.04 mb:6 hour fcst:
39:597398:d=2021032500:VVEL:0.04 mb:6 hour fcst:
40:625944:d=2021032500:DZDT:0.04 mb:6 hour fcst:
41:651588:d=2021032500:UGRD:0.04 mb:6 hour fcst:
42:671945:d=2021032500:VGRD:0.04 mb:6 hour fcst:
43:692038:d=2021032500:ABSV:0.04 mb:6 hour fcst:
44:710266:d=2021032500:O3MR:0.04 mb:6 hour fcst:
45:729261:d=2021032500:HGT:0.07 mb:6 hour fcst:
46:751516:d=2021032500:TMP:0.07 mb:6 hour fcst:
47:768653:d=2021032500:RH:0.07 mb:6 hour fcst:
48:779492:d=2021032500:SPFH:0.07 mb:6 hour fcst:
49:803917:d=2021032500:VVEL:0.07 mb:6 hour fcst:
50:831359:d=2021032500:DZDT:0.07 mb:6 hour fcst:
51:857544:d=2021032500:UGRD:0.07 mb:6 hour fcst:
52:878185:d=2021032500:VGRD:0.07 mb:6 hour fcst:
53:898485:d=2021032500:ABSV:0.07 mb:6 hour fcst:
54:916856:d=2021032500:O3MR:0.07 mb:6 hour fcst:
55:937035:d=2021032500:HGT:0.1 mb:6 hour fcst:
56:959199:d=2021032500:TMP:0.1 mb:6 hour fcst:
57:976106:d=2021032500:RH:0.1 mb:6 hour fcst:
58:985036:d=2021032500:SPFH:0.1 mb:6 hour fcst:
59:1010011:d=2021032500:VVEL:0.1 mb:6 hour fcst:
60:1038223:d=2021032500:DZDT:0.1 mb:6 hour fcst:
61:1064709:d=2021032500:UGRD:0.1 mb:6 hour fcst:
62:1085117:d=2021032500:VGRD:0.1 mb:6 hour fcst:
63:1105105:d=2021032500:ABSV:0.1 mb:6 hour fcst:
+ exglobal_atmos_products.sh[122]true
+ exglobal_atmos_products.sh[123]export err=0
+ exglobal_atmos_products.sh[123]err=0
+ exglobal_atmos_products.sh[124][[ 0 -ne 0 ]]
+ exglobal_atmos_products.sh[127]input_file=tmpfile_f006_2
+ exglobal_atmos_products.sh[128]output_file_prefix=pgb2file_f006_2
+ exglobal_atmos_products.sh[129]echo '/work2/noaa/global/mterry/global-workflow_forked/ush/interp_atmos_master.sh tmpfile_f006_2 pgb2file_f006_2 0p25:0p50:1p00'
+ exglobal_atmos_products.sh[133][[ 63 -eq 753 ]]
+ exglobal_atmos_products.sh[134](( iproc++  ))
+ exglobal_atmos_products.sh[134](( iproc <= nproc  ))
+ exglobal_atmos_products.sh[100]first=64
+ exglobal_atmos_products.sh[101]last=94
+ exglobal_atmos_products.sh[102][[ 94 -gt 753 ]]
+ exglobal_atmos_products.sh[109]set +e
+ exglobal_atmos_products.sh[111]wgrib2 -d 94 tmpfile_f006
+ exglobal_atmos_products.sh[111]grep -E -i 'ugrd|ustm|uflx|u-gwd|land|maxuw'
+ exglobal_atmos_products.sh[112]rc=1
+ exglobal_atmos_products.sh[113]set_strict
+ environment[0][[ YES == \Y\E\S ]]
+ environment[1]set -eu
+ exglobal_atmos_products.sh[114][[ 1 == 0 ]]
+ exglobal_atmos_products.sh[117][[ 3 -eq 24 ]]
+ exglobal_atmos_products.sh[122]wgrib2 tmpfile_f006 -for 64:94 -grib tmpfile_f006_3
64:1123273:d=2021032500:O3MR:0.1 mb:6 hour fcst:
65:1147569:d=2021032500:HGT:0.2 mb:6 hour fcst:
66:1169277:d=2021032500:TMP:0.2 mb:6 hour fcst:
67:1186158:d=2021032500:RH:0.2 mb:6 hour fcst:
68:1198668:d=2021032500:SPFH:0.2 mb:6 hour fcst:
69:1219975:d=2021032500:VVEL:0.2 mb:6 hour fcst:
70:1244188:d=2021032500:DZDT:0.2 mb:6 hour fcst:
71:1272462:d=2021032500:UGRD:0.2 mb:6 hour fcst:
72:1292284:d=2021032500:VGRD:0.2 mb:6 hour fcst:
73:1311153:d=2021032500:ABSV:0.2 mb:6 hour fcst:
74:1328169:d=2021032500:O3MR:0.2 mb:6 hour fcst:
75:1354701:d=2021032500:HGT:0.4 mb:6 hour fcst:
76:1373768:d=2021032500:TMP:0.4 mb:6 hour fcst:
77:1390423:d=2021032500:RH:0.4 mb:6 hour fcst:
78:1401438:d=2021032500:SPFH:0.4 mb:6 hour fcst:
79:1421354:d=2021032500:VVEL:0.4 mb:6 hour fcst:
80:1447062:d=2021032500:DZDT:0.4 mb:6 hour fcst:
81:1475946:d=2021032500:UGRD:0.4 mb:6 hour fcst:
82:1495234:d=2021032500:VGRD:0.4 mb:6 hour fcst:
83:1513459:d=2021032500:ABSV:0.4 mb:6 hour fcst:
84:1529757:d=2021032500:O3MR:0.4 mb:6 hour fcst:
85:1557682:d=2021032500:HGT:0.7 mb:6 hour fcst:
86:1576596:d=2021032500:TMP:0.7 mb:6 hour fcst:
87:1592832:d=2021032500:RH:0.7 mb:6 hour fcst:
88:1603776:d=2021032500:SPFH:0.7 mb:6 hour fcst:
89:1624959:d=2021032500:VVEL:0.7 mb:6 hour fcst:
90:1651812:d=2021032500:DZDT:0.7 mb:6 hour fcst:
91:1681765:d=2021032500:UGRD:0.7 mb:6 hour fcst:
92:1700733:d=2021032500:VGRD:0.7 mb:6 hour fcst:
93:1718599:d=2021032500:ABSV:0.7 mb:6 hour fcst:
94:1734453:d=2021032500:O3MR:0.7 mb:6 hour fcst:
+ exglobal_atmos_products.sh[122]true
+ exglobal_atmos_products.sh[123]export err=0
+ exglobal_atmos_products.sh[123]err=0
+ exglobal_atmos_products.sh[124][[ 0 -ne 0 ]]
+ exglobal_atmos_products.sh[127]input_file=tmpfile_f006_3
+ exglobal_atmos_products.sh[128]output_file_prefix=pgb2file_f006_3
+ exglobal_atmos_products.sh[129]echo '/work2/noaa/global/mterry/global-workflow_forked/ush/interp_atmos_master.sh tmpfile_f006_3 pgb2file_f006_3 0p25:0p50:1p00'
+ exglobal_atmos_products.sh[133][[ 94 -eq 753 ]]
+ exglobal_atmos_products.sh[134](( iproc++  ))
+ exglobal_atmos_products.sh[134](( iproc <= nproc  ))
+ exglobal_atmos_products.sh[100]first=95
+ exglobal_atmos_products.sh[101]last=125
+ exglobal_atmos_products.sh[102][[ 125 -gt 753 ]]
+ exglobal_atmos_products.sh[109]set +e
+ exglobal_atmos_products.sh[111]wgrib2 -d 125 tmpfile_f006
+ exglobal_atmos_products.sh[111]grep -E -i 'ugrd|ustm|uflx|u-gwd|land|maxuw'
+ exglobal_atmos_products.sh[112]rc=1
+ exglobal_atmos_products.sh[113]set_strict
+ environment[0][[ YES == \Y\E\S ]]
+ environment[1]set -eu
+ exglobal_atmos_products.sh[114][[ 1 == 0 ]]
+ exglobal_atmos_products.sh[117][[ 4 -eq 24 ]]
+ exglobal_atmos_products.sh[122]wgrib2 tmpfile_f006 -for 95:125 -grib tmpfile_f006_4
95:1755665:d=2021032500:HGT:1 mb:6 hour fcst:
96:1774389:d=2021032500:TMP:1 mb:6 hour fcst:
97:1790841:d=2021032500:RH:1 mb:6 hour fcst:
98:1802673:d=2021032500:SPFH:1 mb:6 hour fcst:
99:1825868:d=2021032500:VVEL:1 mb:6 hour fcst:
100:1853590:d=2021032500:DZDT:1 mb:6 hour fcst:
101:1880470:d=2021032500:UGRD:1 mb:6 hour fcst:
102:1899319:d=2021032500:VGRD:1 mb:6 hour fcst:
103:1917015:d=2021032500:ABSV:1 mb:6 hour fcst:
104:1932543:d=2021032500:O3MR:1 mb:6 hour fcst:
105:1954563:d=2021032500:HGT:2 mb:6 hour fcst:
106:1972767:d=2021032500:TMP:2 mb:6 hour fcst:
107:1989424:d=2021032500:RH:2 mb:6 hour fcst:
108:1998823:d=2021032500:SPFH:2 mb:6 hour fcst:
109:2022003:d=2021032500:VVEL:2 mb:6 hour fcst:
110:2051640:d=2021032500:DZDT:2 mb:6 hour fcst:
111:2079045:d=2021032500:UGRD:2 mb:6 hour fcst:
112:2090597:d=2021032500:VGRD:2 mb:6 hour fcst:
113:2108656:d=2021032500:ABSV:2 mb:6 hour fcst:
114:2124834:d=2021032500:O3MR:2 mb:6 hour fcst:
115:2147939:d=2021032500:HGT:3 mb:6 hour fcst:
116:2165970:d=2021032500:TMP:3 mb:6 hour fcst:
117:2182524:d=2021032500:RH:3 mb:6 hour fcst:
118:2188843:d=2021032500:SPFH:3 mb:6 hour fcst:
119:2211559:d=2021032500:VVEL:3 mb:6 hour fcst:
120:2240194:d=2021032500:DZDT:3 mb:6 hour fcst:
121:2267317:d=2021032500:UGRD:3 mb:6 hour fcst:
122:2278736:d=2021032500:VGRD:3 mb:6 hour fcst:
123:2296365:d=2021032500:ABSV:3 mb:6 hour fcst:
124:2312338:d=2021032500:O3MR:3 mb:6 hour fcst:
125:2335343:d=2021032500:HGT:5 mb:6 hour fcst:
+ exglobal_atmos_products.sh[122]true
+ exglobal_atmos_products.sh[123]export err=0
+ exglobal_atmos_products.sh[123]err=0
+ exglobal_atmos_products.sh[124][[ 0 -ne 0 ]]
+ exglobal_atmos_products.sh[127]input_file=tmpfile_f006_4
+ exglobal_atmos_products.sh[128]output_file_prefix=pgb2file_f006_4
+ exglobal_atmos_products.sh[129]echo '/work2/noaa/global/mterry/global-workflow_forked/ush/interp_atmos_master.sh tmpfile_f006_4 pgb2file_f006_4 0p25:0p50:1p00'
+ exglobal_atmos_products.sh[133][[ 125 -eq 753 ]]
+ exglobal_atmos_products.sh[134](( iproc++  ))
+ exglobal_atmos_products.sh[134](( iproc <= nproc  ))
+ exglobal_atmos_products.sh[100]first=126
+ exglobal_atmos_products.sh[101]last=156
+ exglobal_atmos_products.sh[102][[ 156 -gt 753 ]]
+ exglobal_atmos_products.sh[109]set +e
+ exglobal_atmos_products.sh[111]wgrib2 -d 156 tmpfile_f006
+ exglobal_atmos_products.sh[111]grep -E -i 'ugrd|ustm|uflx|u-gwd|land|maxuw'
+ exglobal_atmos_products.sh[112]rc=1
+ exglobal_atmos_products.sh[113]set_strict
+ environment[0][[ YES == \Y\E\S ]]
+ environment[1]set -eu
+ exglobal_atmos_products.sh[114][[ 1 == 0 ]]
+ exglobal_atmos_products.sh[117][[ 5 -eq 24 ]]
+ exglobal_atmos_products.sh[122]wgrib2 tmpfile_f006 -for 126:156 -grib tmpfile_f006_5
126:2353457:d=2021032500:TMP:5 mb:6 hour fcst:
127:2369665:d=2021032500:RH:5 mb:6 hour fcst:
128:2379207:d=2021032500:SPFH:5 mb:6 hour fcst:
129:2402143:d=2021032500:VVEL:5 mb:6 hour fcst:
130:2426653:d=2021032500:DZDT:5 mb:6 hour fcst:
131:2453498:d=2021032500:UGRD:5 mb:6 hour fcst:
132:2464684:d=2021032500:VGRD:5 mb:6 hour fcst:
133:2482662:d=2021032500:ABSV:5 mb:6 hour fcst:
134:2498663:d=2021032500:O3MR:5 mb:6 hour fcst:
135:2520772:d=2021032500:HGT:7 mb:6 hour fcst:
136:2538705:d=2021032500:TMP:7 mb:6 hour fcst:
137:2554964:d=2021032500:RH:7 mb:6 hour fcst:
138:2561432:d=2021032500:SPFH:7 mb:6 hour fcst:
139:2584562:d=2021032500:VVEL:7 mb:6 hour fcst:
140:2609790:d=2021032500:DZDT:7 mb:6 hour fcst:
141:2636181:d=2021032500:UGRD:7 mb:6 hour fcst:
142:2647603:d=2021032500:VGRD:7 mb:6 hour fcst:
143:2665720:d=2021032500:ABSV:7 mb:6 hour fcst:
144:2682494:d=2021032500:O3MR:7 mb:6 hour fcst:
145:2700311:d=2021032500:HGT:10 mb:6 hour fcst:
146:2720487:d=2021032500:TMP:10 mb:6 hour fcst:
147:2736583:d=2021032500:RH:10 mb:6 hour fcst:
148:2744961:d=2021032500:SPFH:10 mb:6 hour fcst:
149:2768081:d=2021032500:VVEL:10 mb:6 hour fcst:
150:2794439:d=2021032500:DZDT:10 mb:6 hour fcst:
151:2820536:d=2021032500:UGRD:10 mb:6 hour fcst:
152:2831753:d=2021032500:VGRD:10 mb:6 hour fcst:
153:2850214:d=2021032500:ABSV:10 mb:6 hour fcst:
154:2867483:d=2021032500:O3MR:10 mb:6 hour fcst:
155:2886222:d=2021032500:HGT:15 mb:6 hour fcst:
156:2906268:d=2021032500:TMP:15 mb:6 hour fcst:
+ exglobal_atmos_products.sh[122]true
+ exglobal_atmos_products.sh[123]export err=0
+ exglobal_atmos_products.sh[123]err=0
+ exglobal_atmos_products.sh[124][[ 0 -ne 0 ]]
+ exglobal_atmos_products.sh[127]input_file=tmpfile_f006_5
+ exglobal_atmos_products.sh[128]output_file_prefix=pgb2file_f006_5
+ exglobal_atmos_products.sh[129]echo '/work2/noaa/global/mterry/global-workflow_forked/ush/interp_atmos_master.sh tmpfile_f006_5 pgb2file_f006_5 0p25:0p50:1p00'
+ exglobal_atmos_products.sh[133][[ 156 -eq 753 ]]
+ exglobal_atmos_products.sh[134](( iproc++  ))
+ exglobal_atmos_products.sh[134](( iproc <= nproc  ))
+ exglobal_atmos_products.sh[100]first=157
+ exglobal_atmos_products.sh[101]last=187
+ exglobal_atmos_products.sh[102][[ 187 -gt 753 ]]
+ exglobal_atmos_products.sh[109]set +e
+ exglobal_atmos_products.sh[111]wgrib2 -d 187 tmpfile_f006
+ exglobal_atmos_products.sh[111]grep -E -i 'ugrd|ustm|uflx|u-gwd|land|maxuw'
+ exglobal_atmos_products.sh[112]rc=1
+ exglobal_atmos_products.sh[113]set_strict
+ environment[0][[ YES == \Y\E\S ]]
+ environment[1]set -eu
+ exglobal_atmos_products.sh[114][[ 1 == 0 ]]
+ exglobal_atmos_products.sh[117][[ 6 -eq 24 ]]
+ exglobal_atmos_products.sh[122]wgrib2 tmpfile_f006 -for 157:187 -grib tmpfile_f006_6
157:2922451:d=2021032500:RH:15 mb:6 hour fcst:
158:2933289:d=2021032500:SPFH:15 mb:6 hour fcst:
159:2956074:d=2021032500:VVEL:15 mb:6 hour fcst:
160:2983440:d=2021032500:DZDT:15 mb:6 hour fcst:
161:3008983:d=2021032500:UGRD:15 mb:6 hour fcst:
162:3020437:d=2021032500:VGRD:15 mb:6 hour fcst:
163:3038887:d=2021032500:ABSV:15 mb:6 hour fcst:
164:3056307:d=2021032500:O3MR:15 mb:6 hour fcst:
165:3075748:d=2021032500:HGT:20 mb:6 hour fcst:
166:3095584:d=2021032500:TMP:20 mb:6 hour fcst:
167:3111669:d=2021032500:RH:20 mb:6 hour fcst:
168:3118295:d=2021032500:SPFH:20 mb:6 hour fcst:
169:3140913:d=2021032500:VVEL:20 mb:6 hour fcst:
170:3168916:d=2021032500:DZDT:20 mb:6 hour fcst:
171:3200087:d=2021032500:UGRD:20 mb:6 hour fcst:
172:3211529:d=2021032500:VGRD:20 mb:6 hour fcst:
173:3230014:d=2021032500:ABSV:20 mb:6 hour fcst:
174:3247334:d=2021032500:O3MR:20 mb:6 hour fcst:
175:3272452:d=2021032500:HGT:30 mb:6 hour fcst:
176:3292127:d=2021032500:TMP:30 mb:6 hour fcst:
177:3308372:d=2021032500:RH:30 mb:6 hour fcst:
178:3316775:d=2021032500:SPFH:30 mb:6 hour fcst:
179:3342419:d=2021032500:VVEL:30 mb:6 hour fcst:
180:3371762:d=2021032500:DZDT:30 mb:6 hour fcst:
181:3402594:d=2021032500:UGRD:30 mb:6 hour fcst:
182:3421437:d=2021032500:VGRD:30 mb:6 hour fcst:
183:3439964:d=2021032500:ABSV:30 mb:6 hour fcst:
184:3457452:d=2021032500:O3MR:30 mb:6 hour fcst:
185:3484575:d=2021032500:HGT:40 mb:6 hour fcst:
186:3503940:d=2021032500:TMP:40 mb:6 hour fcst:
187:3520206:d=2021032500:RH:40 mb:6 hour fcst:
+ exglobal_atmos_products.sh[122]true
+ exglobal_atmos_products.sh[123]export err=0
+ exglobal_atmos_products.sh[123]err=0
+ exglobal_atmos_products.sh[124][[ 0 -ne 0 ]]
+ exglobal_atmos_products.sh[127]input_file=tmpfile_f006_6
+ exglobal_atmos_products.sh[128]output_file_prefix=pgb2file_f006_6
+ exglobal_atmos_products.sh[129]echo '/work2/noaa/global/mterry/global-workflow_forked/ush/interp_atmos_master.sh tmpfile_f006_6 pgb2file_f006_6 0p25:0p50:1p00'
+ exglobal_atmos_products.sh[133][[ 187 -eq 753 ]]
+ exglobal_atmos_products.sh[134](( iproc++  ))
+ exglobal_atmos_products.sh[134](( iproc <= nproc  ))
+ exglobal_atmos_products.sh[100]first=188
+ exglobal_atmos_products.sh[101]last=218
+ exglobal_atmos_products.sh[102][[ 218 -gt 753 ]]
+ exglobal_atmos_products.sh[109]set +e
+ exglobal_atmos_products.sh[111]wgrib2 -d 218 tmpfile_f006
+ exglobal_atmos_products.sh[111]grep -E -i 'ugrd|ustm|uflx|u-gwd|land|maxuw'
+ exglobal_atmos_products.sh[112]rc=1
+ exglobal_atmos_products.sh[113]set_strict
+ environment[0][[ YES == \Y\E\S ]]
+ environment[1]set -eu
+ exglobal_atmos_products.sh[114][[ 1 == 0 ]]
+ exglobal_atmos_products.sh[117][[ 7 -eq 24 ]]
+ exglobal_atmos_products.sh[122]wgrib2 tmpfile_f006 -for 188:218 -grib tmpfile_f006_7
188:3530335:d=2021032500:SPFH:40 mb:6 hour fcst:
189:3555586:d=2021032500:VVEL:40 mb:6 hour fcst:
190:3585822:d=2021032500:DZDT:40 mb:6 hour fcst:
191:3610873:d=2021032500:UGRD:40 mb:6 hour fcst:
192:3629895:d=2021032500:VGRD:40 mb:6 hour fcst:
193:3648498:d=2021032500:ABSV:40 mb:6 hour fcst:
194:3666114:d=2021032500:O3MR:40 mb:6 hour fcst:
195:3693153:d=2021032500:HGT:50 mb:6 hour fcst:
196:3712477:d=2021032500:TMP:50 mb:6 hour fcst:
197:3728724:d=2021032500:RH:50 mb:6 hour fcst:
198:3740301:d=2021032500:TCDC:50 mb:6 hour fcst:
199:3740480:d=2021032500:SPFH:50 mb:6 hour fcst:
200:3766630:d=2021032500:VVEL:50 mb:6 hour fcst:
201:3797695:d=2021032500:DZDT:50 mb:6 hour fcst:
202:3822647:d=2021032500:UGRD:50 mb:6 hour fcst:
203:3841339:d=2021032500:VGRD:50 mb:6 hour fcst:
204:3859809:d=2021032500:ABSV:50 mb:6 hour fcst:
205:3877281:d=2021032500:CLMR:50 mb:6 hour fcst:
206:3877460:d=2021032500:ICMR:50 mb:6 hour fcst:
207:3877639:d=2021032500:RWMR:50 mb:6 hour fcst:
208:3877818:d=2021032500:SNMR:50 mb:6 hour fcst:
209:3877997:d=2021032500:GRLE:50 mb:6 hour fcst:
210:3878176:d=2021032500:O3MR:50 mb:6 hour fcst:
211:3904978:d=2021032500:HGT:70 mb:6 hour fcst:
212:3924504:d=2021032500:TMP:70 mb:6 hour fcst:
213:3941463:d=2021032500:RH:70 mb:6 hour fcst:
214:3950630:d=2021032500:SPFH:70 mb:6 hour fcst:
215:3977751:d=2021032500:VVEL:70 mb:6 hour fcst:
216:4007620:d=2021032500:DZDT:70 mb:6 hour fcst:
217:4032583:d=2021032500:UGRD:70 mb:6 hour fcst:
218:4051882:d=2021032500:VGRD:70 mb:6 hour fcst:
+ exglobal_atmos_products.sh[122]true
+ exglobal_atmos_products.sh[123]export err=0
+ exglobal_atmos_products.sh[123]err=0
+ exglobal_atmos_products.sh[124][[ 0 -ne 0 ]]
+ exglobal_atmos_products.sh[127]input_file=tmpfile_f006_7
+ exglobal_atmos_products.sh[128]output_file_prefix=pgb2file_f006_7
+ exglobal_atmos_products.sh[129]echo '/work2/noaa/global/mterry/global-workflow_forked/ush/interp_atmos_master.sh tmpfile_f006_7 pgb2file_f006_7 0p25:0p50:1p00'
+ exglobal_atmos_products.sh[133][[ 218 -eq 753 ]]
+ exglobal_atmos_products.sh[134](( iproc++  ))
+ exglobal_atmos_products.sh[134](( iproc <= nproc  ))
+ exglobal_atmos_products.sh[100]first=219
+ exglobal_atmos_products.sh[101]last=249
+ exglobal_atmos_products.sh[102][[ 249 -gt 753 ]]
+ exglobal_atmos_products.sh[109]set +e
+ exglobal_atmos_products.sh[111]wgrib2 -d 249 tmpfile_f006
+ exglobal_atmos_products.sh[111]grep -E -i 'ugrd|ustm|uflx|u-gwd|land|maxuw'
+ exglobal_atmos_products.sh[112]rc=1
+ exglobal_atmos_products.sh[113]set_strict
+ environment[0][[ YES == \Y\E\S ]]
+ environment[1]set -eu
+ exglobal_atmos_products.sh[114][[ 1 == 0 ]]
+ exglobal_atmos_products.sh[117][[ 8 -eq 24 ]]
+ exglobal_atmos_products.sh[122]wgrib2 tmpfile_f006 -for 219:249 -grib tmpfile_f006_8
219:4070857:d=2021032500:ABSV:70 mb:6 hour fcst:
220:4088595:d=2021032500:O3MR:70 mb:6 hour fcst:
221:4114910:d=2021032500:HGT:100 mb:6 hour fcst:
222:4135241:d=2021032500:TMP:100 mb:6 hour fcst:
223:4152570:d=2021032500:RH:100 mb:6 hour fcst:
224:4163597:d=2021032500:TCDC:100 mb:6 hour fcst:
225:4163960:d=2021032500:SPFH:100 mb:6 hour fcst:
226:4191923:d=2021032500:VVEL:100 mb:6 hour fcst:
227:4218036:d=2021032500:DZDT:100 mb:6 hour fcst:
228:4243836:d=2021032500:UGRD:100 mb:6 hour fcst:
229:4264080:d=2021032500:VGRD:100 mb:6 hour fcst:
230:4284096:d=2021032500:ABSV:100 mb:6 hour fcst:
231:4302725:d=2021032500:CLMR:100 mb:6 hour fcst:
232:4302904:d=2021032500:ICMR:100 mb:6 hour fcst:
233:4303695:d=2021032500:RWMR:100 mb:6 hour fcst:
234:4303874:d=2021032500:SNMR:100 mb:6 hour fcst:
235:4304223:d=2021032500:GRLE:100 mb:6 hour fcst:
236:4304521:d=2021032500:O3MR:100 mb:6 hour fcst:
237:4329214:d=2021032500:HGT:150 mb:6 hour fcst:
238:4350212:d=2021032500:TMP:150 mb:6 hour fcst:
239:4367804:d=2021032500:RH:150 mb:6 hour fcst:
240:4380784:d=2021032500:TCDC:150 mb:6 hour fcst:
241:4385773:d=2021032500:SPFH:150 mb:6 hour fcst:
242:4413868:d=2021032500:VVEL:150 mb:6 hour fcst:
243:4434517:d=2021032500:DZDT:150 mb:6 hour fcst:
244:4459172:d=2021032500:UGRD:150 mb:6 hour fcst:
245:4479993:d=2021032500:VGRD:150 mb:6 hour fcst:
246:4500619:d=2021032500:ABSV:150 mb:6 hour fcst:
247:4520050:d=2021032500:CLMR:150 mb:6 hour fcst:
248:4520229:d=2021032500:ICMR:150 mb:6 hour fcst:
249:4525808:d=2021032500:RWMR:150 mb:6 hour fcst:
+ exglobal_atmos_products.sh[122]true
+ exglobal_atmos_products.sh[123]export err=0
+ exglobal_atmos_products.sh[123]err=0
+ exglobal_atmos_products.sh[124][[ 0 -ne 0 ]]
+ exglobal_atmos_products.sh[127]input_file=tmpfile_f006_8
+ exglobal_atmos_products.sh[128]output_file_prefix=pgb2file_f006_8
+ exglobal_atmos_products.sh[129]echo '/work2/noaa/global/mterry/global-workflow_forked/ush/interp_atmos_master.sh tmpfile_f006_8 pgb2file_f006_8 0p25:0p50:1p00'
+ exglobal_atmos_products.sh[133][[ 249 -eq 753 ]]
+ exglobal_atmos_products.sh[134](( iproc++  ))
+ exglobal_atmos_products.sh[134](( iproc <= nproc  ))
+ exglobal_atmos_products.sh[100]first=250
+ exglobal_atmos_products.sh[101]last=280
+ exglobal_atmos_products.sh[102][[ 280 -gt 753 ]]
+ exglobal_atmos_products.sh[109]set +e
+ exglobal_atmos_products.sh[111]wgrib2 -d 280 tmpfile_f006
+ exglobal_atmos_products.sh[111]grep -E -i 'ugrd|ustm|uflx|u-gwd|land|maxuw'
+ exglobal_atmos_products.sh[112]rc=1
+ exglobal_atmos_products.sh[113]set_strict
+ environment[0][[ YES == \Y\E\S ]]
+ environment[1]set -eu
+ exglobal_atmos_products.sh[114][[ 1 == 0 ]]
+ exglobal_atmos_products.sh[117][[ 9 -eq 24 ]]
+ exglobal_atmos_products.sh[122]wgrib2 tmpfile_f006 -for 250:280 -grib tmpfile_f006_9
250:4525987:d=2021032500:SNMR:150 mb:6 hour fcst:
251:4526436:d=2021032500:GRLE:150 mb:6 hour fcst:
252:4526872:d=2021032500:O3MR:150 mb:6 hour fcst:
253:4549943:d=2021032500:HGT:200 mb:6 hour fcst:
254:4571666:d=2021032500:TMP:200 mb:6 hour fcst:
255:4590419:d=2021032500:RH:200 mb:6 hour fcst:
256:4606653:d=2021032500:TCDC:200 mb:6 hour fcst:
257:4615282:d=2021032500:SPFH:200 mb:6 hour fcst:
258:4642594:d=2021032500:VVEL:200 mb:6 hour fcst:
259:4665126:d=2021032500:DZDT:200 mb:6 hour fcst:
260:4690636:d=2021032500:UGRD:200 mb:6 hour fcst:
261:4704728:d=2021032500:VGRD:200 mb:6 hour fcst:
262:4719101:d=2021032500:ABSV:200 mb:6 hour fcst:
263:4740048:d=2021032500:CLMR:200 mb:6 hour fcst:
264:4740227:d=2021032500:ICMR:200 mb:6 hour fcst:
265:4750421:d=2021032500:RWMR:200 mb:6 hour fcst:
266:4750600:d=2021032500:SNMR:200 mb:6 hour fcst:
267:4752953:d=2021032500:GRLE:200 mb:6 hour fcst:
268:4753406:d=2021032500:O3MR:200 mb:6 hour fcst:
269:4775464:d=2021032500:HGT:250 mb:6 hour fcst:
270:4797872:d=2021032500:TMP:250 mb:6 hour fcst:
271:4817315:d=2021032500:RH:250 mb:6 hour fcst:
272:4835743:d=2021032500:TCDC:250 mb:6 hour fcst:
273:4848497:d=2021032500:SPFH:250 mb:6 hour fcst:
274:4875648:d=2021032500:VVEL:250 mb:6 hour fcst:
275:4899639:d=2021032500:DZDT:250 mb:6 hour fcst:
276:4925948:d=2021032500:UGRD:250 mb:6 hour fcst:
277:4940996:d=2021032500:VGRD:250 mb:6 hour fcst:
278:4956476:d=2021032500:ABSV:250 mb:6 hour fcst:
279:4978841:d=2021032500:CLMR:250 mb:6 hour fcst:
280:4979020:d=2021032500:ICMR:250 mb:6 hour fcst:
+ exglobal_atmos_products.sh[122]true
+ exglobal_atmos_products.sh[123]export err=0
+ exglobal_atmos_products.sh[123]err=0
+ exglobal_atmos_products.sh[124][[ 0 -ne 0 ]]
+ exglobal_atmos_products.sh[127]input_file=tmpfile_f006_9
+ exglobal_atmos_products.sh[128]output_file_prefix=pgb2file_f006_9
+ exglobal_atmos_products.sh[129]echo '/work2/noaa/global/mterry/global-workflow_forked/ush/interp_atmos_master.sh tmpfile_f006_9 pgb2file_f006_9 0p25:0p50:1p00'
+ exglobal_atmos_products.sh[133][[ 280 -eq 753 ]]
+ exglobal_atmos_products.sh[134](( iproc++  ))
+ exglobal_atmos_products.sh[134](( iproc <= nproc  ))
+ exglobal_atmos_products.sh[100]first=281
+ exglobal_atmos_products.sh[101]last=311
+ exglobal_atmos_products.sh[102][[ 311 -gt 753 ]]
+ exglobal_atmos_products.sh[109]set +e
+ exglobal_atmos_products.sh[111]wgrib2 -d 311 tmpfile_f006
+ exglobal_atmos_products.sh[111]grep -E -i 'ugrd|ustm|uflx|u-gwd|land|maxuw'
+ exglobal_atmos_products.sh[112]rc=1
+ exglobal_atmos_products.sh[113]set_strict
+ environment[0][[ YES == \Y\E\S ]]
+ environment[1]set -eu
+ exglobal_atmos_products.sh[114][[ 1 == 0 ]]
+ exglobal_atmos_products.sh[117][[ 10 -eq 24 ]]
+ exglobal_atmos_products.sh[122]wgrib2 tmpfile_f006 -for 281:311 -grib tmpfile_f006_10
281:4994558:d=2021032500:RWMR:250 mb:6 hour fcst:
282:4994737:d=2021032500:SNMR:250 mb:6 hour fcst:
283:5000136:d=2021032500:GRLE:250 mb:6 hour fcst:
284:5000397:d=2021032500:O3MR:250 mb:6 hour fcst:
285:5027301:d=2021032500:HGT:300 mb:6 hour fcst:
286:5049779:d=2021032500:TMP:300 mb:6 hour fcst:
287:5069085:d=2021032500:RH:300 mb:6 hour fcst:
288:5088508:d=2021032500:TCDC:300 mb:6 hour fcst:
289:5103254:d=2021032500:SPFH:300 mb:6 hour fcst:
290:5130091:d=2021032500:VVEL:300 mb:6 hour fcst:
291:5155155:d=2021032500:DZDT:300 mb:6 hour fcst:
292:5181934:d=2021032500:UGRD:300 mb:6 hour fcst:
293:5197315:d=2021032500:VGRD:300 mb:6 hour fcst:
294:5213424:d=2021032500:ABSV:300 mb:6 hour fcst:
295:5236572:d=2021032500:CLMR:300 mb:6 hour fcst:
296:5236751:d=2021032500:ICMR:300 mb:6 hour fcst:
297:5254956:d=2021032500:RWMR:300 mb:6 hour fcst:
298:5255135:d=2021032500:SNMR:300 mb:6 hour fcst:
299:5263680:d=2021032500:GRLE:300 mb:6 hour fcst:
300:5263938:d=2021032500:O3MR:300 mb:6 hour fcst:
301:5290074:d=2021032500:HGT:350 mb:6 hour fcst:
302:5312499:d=2021032500:TMP:350 mb:6 hour fcst:
303:5331455:d=2021032500:RH:350 mb:6 hour fcst:
304:5351135:d=2021032500:TCDC:350 mb:6 hour fcst:
305:5366112:d=2021032500:SPFH:350 mb:6 hour fcst:
306:5392683:d=2021032500:VVEL:350 mb:6 hour fcst:
307:5418169:d=2021032500:DZDT:350 mb:6 hour fcst:
308:5445186:d=2021032500:UGRD:350 mb:6 hour fcst:
309:5460535:d=2021032500:VGRD:350 mb:6 hour fcst:
310:5476599:d=2021032500:ABSV:350 mb:6 hour fcst:
311:5499767:d=2021032500:CLMR:350 mb:6 hour fcst:
+ exglobal_atmos_products.sh[122]true
+ exglobal_atmos_products.sh[123]export err=0
+ exglobal_atmos_products.sh[123]err=0
+ exglobal_atmos_products.sh[124][[ 0 -ne 0 ]]
+ exglobal_atmos_products.sh[127]input_file=tmpfile_f006_10
+ exglobal_atmos_products.sh[128]output_file_prefix=pgb2file_f006_10
+ exglobal_atmos_products.sh[129]echo '/work2/noaa/global/mterry/global-workflow_forked/ush/interp_atmos_master.sh tmpfile_f006_10 pgb2file_f006_10 0p25:0p50:1p00'
+ exglobal_atmos_products.sh[133][[ 311 -eq 753 ]]
+ exglobal_atmos_products.sh[134](( iproc++  ))
+ exglobal_atmos_products.sh[134](( iproc <= nproc  ))
+ exglobal_atmos_products.sh[100]first=312
+ exglobal_atmos_products.sh[101]last=342
+ exglobal_atmos_products.sh[102][[ 342 -gt 753 ]]
+ exglobal_atmos_products.sh[109]set +e
+ exglobal_atmos_products.sh[111]wgrib2 -d 342 tmpfile_f006
+ exglobal_atmos_products.sh[111]grep -E -i 'ugrd|ustm|uflx|u-gwd|land|maxuw'
+ exglobal_atmos_products.sh[112]rc=1
+ exglobal_atmos_products.sh[113]set_strict
+ environment[0][[ YES == \Y\E\S ]]
+ environment[1]set -eu
+ exglobal_atmos_products.sh[114][[ 1 == 0 ]]
+ exglobal_atmos_products.sh[117][[ 11 -eq 24 ]]
+ exglobal_atmos_products.sh[122]wgrib2 tmpfile_f006 -for 312:342 -grib tmpfile_f006_11
312:5499946:d=2021032500:ICMR:350 mb:6 hour fcst:
313:5519388:d=2021032500:RWMR:350 mb:6 hour fcst:
314:5519567:d=2021032500:SNMR:350 mb:6 hour fcst:
315:5530543:d=2021032500:GRLE:350 mb:6 hour fcst:
316:5530984:d=2021032500:O3MR:350 mb:6 hour fcst:
317:5558719:d=2021032500:HGT:400 mb:6 hour fcst:
318:5580955:d=2021032500:TMP:400 mb:6 hour fcst:
319:5600055:d=2021032500:RH:400 mb:6 hour fcst:
320:5619819:d=2021032500:TCDC:400 mb:6 hour fcst:
321:5633984:d=2021032500:SPFH:400 mb:6 hour fcst:
322:5662664:d=2021032500:VVEL:400 mb:6 hour fcst:
323:5688547:d=2021032500:DZDT:400 mb:6 hour fcst:
324:5715353:d=2021032500:UGRD:400 mb:6 hour fcst:
325:5730446:d=2021032500:VGRD:400 mb:6 hour fcst:
326:5746134:d=2021032500:ABSV:400 mb:6 hour fcst:
327:5769044:d=2021032500:CLMR:400 mb:6 hour fcst:
328:5769512:d=2021032500:ICMR:400 mb:6 hour fcst:
329:5788524:d=2021032500:RWMR:400 mb:6 hour fcst:
330:5788766:d=2021032500:SNMR:400 mb:6 hour fcst:
331:5801375:d=2021032500:GRLE:400 mb:6 hour fcst:
332:5802505:d=2021032500:O3MR:400 mb:6 hour fcst:
333:5829113:d=2021032500:HGT:450 mb:6 hour fcst:
334:5853470:d=2021032500:TMP:450 mb:6 hour fcst:
335:5872677:d=2021032500:RH:450 mb:6 hour fcst:
336:5892503:d=2021032500:TCDC:450 mb:6 hour fcst:
337:5906302:d=2021032500:SPFH:450 mb:6 hour fcst:
338:5933633:d=2021032500:VVEL:450 mb:6 hour fcst:
339:5959647:d=2021032500:DZDT:450 mb:6 hour fcst:
340:5988804:d=2021032500:UGRD:450 mb:6 hour fcst:
341:6011309:d=2021032500:VGRD:450 mb:6 hour fcst:
342:6034403:d=2021032500:ABSV:450 mb:6 hour fcst:
+ exglobal_atmos_products.sh[122]true
+ exglobal_atmos_products.sh[123]export err=0
+ exglobal_atmos_products.sh[123]err=0
+ exglobal_atmos_products.sh[124][[ 0 -ne 0 ]]
+ exglobal_atmos_products.sh[127]input_file=tmpfile_f006_11
+ exglobal_atmos_products.sh[128]output_file_prefix=pgb2file_f006_11
+ exglobal_atmos_products.sh[129]echo '/work2/noaa/global/mterry/global-workflow_forked/ush/interp_atmos_master.sh tmpfile_f006_11 pgb2file_f006_11 0p25:0p50:1p00'
+ exglobal_atmos_products.sh[133][[ 342 -eq 753 ]]
+ exglobal_atmos_products.sh[134](( iproc++  ))
+ exglobal_atmos_products.sh[134](( iproc <= nproc  ))
+ exglobal_atmos_products.sh[100]first=343
+ exglobal_atmos_products.sh[101]last=373
+ exglobal_atmos_products.sh[102][[ 373 -gt 753 ]]
+ exglobal_atmos_products.sh[109]set +e
+ exglobal_atmos_products.sh[111]grep -E -i 'ugrd|ustm|uflx|u-gwd|land|maxuw'
+ exglobal_atmos_products.sh[111]wgrib2 -d 373 tmpfile_f006
+ exglobal_atmos_products.sh[112]rc=1
+ exglobal_atmos_products.sh[113]set_strict
+ environment[0][[ YES == \Y\E\S ]]
+ environment[1]set -eu
+ exglobal_atmos_products.sh[114][[ 1 == 0 ]]
+ exglobal_atmos_products.sh[117][[ 12 -eq 24 ]]
+ exglobal_atmos_products.sh[122]wgrib2 tmpfile_f006 -for 343:373 -grib tmpfile_f006_12
343:6056886:d=2021032500:CLMR:450 mb:6 hour fcst:
344:6058119:d=2021032500:ICMR:450 mb:6 hour fcst:
345:6075982:d=2021032500:RWMR:450 mb:6 hour fcst:
346:6076654:d=2021032500:SNMR:450 mb:6 hour fcst:
347:6090098:d=2021032500:GRLE:450 mb:6 hour fcst:
348:6091683:d=2021032500:O3MR:450 mb:6 hour fcst:
349:6117580:d=2021032500:HGT:500 mb:6 hour fcst:
350:6141795:d=2021032500:TMP:500 mb:6 hour fcst:
351:6161116:d=2021032500:RH:500 mb:6 hour fcst:
352:6181087:d=2021032500:TCDC:500 mb:6 hour fcst:
353:6194581:d=2021032500:SPFH:500 mb:6 hour fcst:
354:6223591:d=2021032500:VVEL:500 mb:6 hour fcst:
355:6249788:d=2021032500:DZDT:500 mb:6 hour fcst:
356:6278868:d=2021032500:UGRD:500 mb:6 hour fcst:
357:6300944:d=2021032500:VGRD:500 mb:6 hour fcst:
358:6323688:d=2021032500:ABSV:500 mb:6 hour fcst:
359:6345612:d=2021032500:CLMR:500 mb:6 hour fcst:
360:6348098:d=2021032500:ICMR:500 mb:6 hour fcst:
361:6366343:d=2021032500:RWMR:500 mb:6 hour fcst:
362:6367518:d=2021032500:SNMR:500 mb:6 hour fcst:
363:6381401:d=2021032500:GRLE:500 mb:6 hour fcst:
364:6383328:d=2021032500:O3MR:500 mb:6 hour fcst:
365:6408539:d=2021032500:HGT:550 mb:6 hour fcst:
366:6432647:d=2021032500:TMP:550 mb:6 hour fcst:
367:6451988:d=2021032500:RH:550 mb:6 hour fcst:
368:6472128:d=2021032500:TCDC:550 mb:6 hour fcst:
369:6485368:d=2021032500:SPFH:550 mb:6 hour fcst:
370:6515299:d=2021032500:VVEL:550 mb:6 hour fcst:
371:6541486:d=2021032500:DZDT:550 mb:6 hour fcst:
372:6570369:d=2021032500:UGRD:550 mb:6 hour fcst:
373:6592233:d=2021032500:VGRD:550 mb:6 hour fcst:
+ exglobal_atmos_products.sh[122]true
+ exglobal_atmos_products.sh[123]export err=0
+ exglobal_atmos_products.sh[123]err=0
+ exglobal_atmos_products.sh[124][[ 0 -ne 0 ]]
+ exglobal_atmos_products.sh[127]input_file=tmpfile_f006_12
+ exglobal_atmos_products.sh[128]output_file_prefix=pgb2file_f006_12
+ exglobal_atmos_products.sh[129]echo '/work2/noaa/global/mterry/global-workflow_forked/ush/interp_atmos_master.sh tmpfile_f006_12 pgb2file_f006_12 0p25:0p50:1p00'
+ exglobal_atmos_products.sh[133][[ 373 -eq 753 ]]
+ exglobal_atmos_products.sh[134](( iproc++  ))
+ exglobal_atmos_products.sh[134](( iproc <= nproc  ))
+ exglobal_atmos_products.sh[100]first=374
+ exglobal_atmos_products.sh[101]last=404
+ exglobal_atmos_products.sh[102][[ 404 -gt 753 ]]
+ exglobal_atmos_products.sh[109]set +e
+ exglobal_atmos_products.sh[111]wgrib2 -d 404 tmpfile_f006
+ exglobal_atmos_products.sh[111]grep -E -i 'ugrd|ustm|uflx|u-gwd|land|maxuw'
404:7153019:d=2021032500:UGRD:650 mb:6 hour fcst:
+ exglobal_atmos_products.sh[112]rc=0
+ exglobal_atmos_products.sh[113]set_strict
+ environment[0][[ YES == \Y\E\S ]]
+ environment[1]set -eu
+ exglobal_atmos_products.sh[114][[ 0 == 0 ]]
+ exglobal_atmos_products.sh[115]last=405
+ exglobal_atmos_products.sh[117][[ 13 -eq 24 ]]
+ exglobal_atmos_products.sh[122]wgrib2 tmpfile_f006 -for 374:405 -grib tmpfile_f006_13
374:6614744:d=2021032500:ABSV:550 mb:6 hour fcst:
375:6636404:d=2021032500:CLMR:550 mb:6 hour fcst:
376:6640482:d=2021032500:ICMR:550 mb:6 hour fcst:
377:6657679:d=2021032500:RWMR:550 mb:6 hour fcst:
378:6659994:d=2021032500:SNMR:550 mb:6 hour fcst:
379:6673940:d=2021032500:GRLE:550 mb:6 hour fcst:
380:6675998:d=2021032500:O3MR:550 mb:6 hour fcst:
381:6700319:d=2021032500:HGT:600 mb:6 hour fcst:
382:6725222:d=2021032500:TMP:600 mb:6 hour fcst:
383:6744726:d=2021032500:RH:600 mb:6 hour fcst:
384:6764926:d=2021032500:TCDC:600 mb:6 hour fcst:
385:6778051:d=2021032500:SPFH:600 mb:6 hour fcst:
386:6806600:d=2021032500:VVEL:600 mb:6 hour fcst:
387:6832843:d=2021032500:DZDT:600 mb:6 hour fcst:
388:6861566:d=2021032500:UGRD:600 mb:6 hour fcst:
389:6883246:d=2021032500:VGRD:600 mb:6 hour fcst:
390:6905554:d=2021032500:ABSV:600 mb:6 hour fcst:
391:6927115:d=2021032500:CLMR:600 mb:6 hour fcst:
392:6932927:d=2021032500:ICMR:600 mb:6 hour fcst:
393:6947257:d=2021032500:RWMR:600 mb:6 hour fcst:
394:6950971:d=2021032500:SNMR:600 mb:6 hour fcst:
395:6966219:d=2021032500:GRLE:600 mb:6 hour fcst:
396:6968810:d=2021032500:O3MR:600 mb:6 hour fcst:
397:6992467:d=2021032500:HGT:650 mb:6 hour fcst:
398:7017321:d=2021032500:TMP:650 mb:6 hour fcst:
399:7037224:d=2021032500:RH:650 mb:6 hour fcst:
400:7057701:d=2021032500:TCDC:650 mb:6 hour fcst:
401:7070145:d=2021032500:SPFH:650 mb:6 hour fcst:
402:7098325:d=2021032500:VVEL:650 mb:6 hour fcst:
403:7124661:d=2021032500:DZDT:650 mb:6 hour fcst:
404:7153019:d=2021032500:UGRD:650 mb:6 hour fcst:
405:7174753:d=2021032500:VGRD:650 mb:6 hour fcst:
+ exglobal_atmos_products.sh[122]true
+ exglobal_atmos_products.sh[123]export err=0
+ exglobal_atmos_products.sh[123]err=0
+ exglobal_atmos_products.sh[124][[ 0 -ne 0 ]]
+ exglobal_atmos_products.sh[127]input_file=tmpfile_f006_13
+ exglobal_atmos_products.sh[128]output_file_prefix=pgb2file_f006_13
+ exglobal_atmos_products.sh[129]echo '/work2/noaa/global/mterry/global-workflow_forked/ush/interp_atmos_master.sh tmpfile_f006_13 pgb2file_f006_13 0p25:0p50:1p00'
+ exglobal_atmos_products.sh[133][[ 405 -eq 753 ]]
+ exglobal_atmos_products.sh[134](( iproc++  ))
+ exglobal_atmos_products.sh[134](( iproc <= nproc  ))
+ exglobal_atmos_products.sh[100]first=406
+ exglobal_atmos_products.sh[101]last=436
+ exglobal_atmos_products.sh[102][[ 436 -gt 753 ]]
+ exglobal_atmos_products.sh[109]set +e
+ exglobal_atmos_products.sh[111]wgrib2 -d 436 tmpfile_f006
+ exglobal_atmos_products.sh[111]grep -E -i 'ugrd|ustm|uflx|u-gwd|land|maxuw'
436:7736127:d=2021032500:UGRD:750 mb:6 hour fcst:
+ exglobal_atmos_products.sh[112]rc=0
+ exglobal_atmos_products.sh[113]set_strict
+ environment[0][[ YES == \Y\E\S ]]
+ environment[1]set -eu
+ exglobal_atmos_products.sh[114][[ 0 == 0 ]]
+ exglobal_atmos_products.sh[115]last=437
+ exglobal_atmos_products.sh[117][[ 14 -eq 24 ]]
+ exglobal_atmos_products.sh[122]wgrib2 tmpfile_f006 -for 406:437 -grib tmpfile_f006_14
406:7197178:d=2021032500:ABSV:650 mb:6 hour fcst:
407:7218906:d=2021032500:CLMR:650 mb:6 hour fcst:
408:7224993:d=2021032500:ICMR:650 mb:6 hour fcst:
409:7238137:d=2021032500:RWMR:650 mb:6 hour fcst:
410:7242624:d=2021032500:SNMR:650 mb:6 hour fcst:
411:7257097:d=2021032500:GRLE:650 mb:6 hour fcst:
412:7259532:d=2021032500:O3MR:650 mb:6 hour fcst:
413:7282615:d=2021032500:HGT:700 mb:6 hour fcst:
414:7307326:d=2021032500:TMP:700 mb:6 hour fcst:
415:7327544:d=2021032500:RH:700 mb:6 hour fcst:
416:7348124:d=2021032500:TCDC:700 mb:6 hour fcst:
417:7360663:d=2021032500:SPFH:700 mb:6 hour fcst:
418:7389716:d=2021032500:VVEL:700 mb:6 hour fcst:
419:7416075:d=2021032500:DZDT:700 mb:6 hour fcst:
420:7444122:d=2021032500:UGRD:700 mb:6 hour fcst:
421:7465794:d=2021032500:VGRD:700 mb:6 hour fcst:
422:7488134:d=2021032500:ABSV:700 mb:6 hour fcst:
423:7509721:d=2021032500:CLMR:700 mb:6 hour fcst:
424:7517613:d=2021032500:ICMR:700 mb:6 hour fcst:
425:7529676:d=2021032500:RWMR:700 mb:6 hour fcst:
426:7534316:d=2021032500:SNMR:700 mb:6 hour fcst:
427:7549380:d=2021032500:GRLE:700 mb:6 hour fcst:
428:7551415:d=2021032500:O3MR:700 mb:6 hour fcst:
429:7574033:d=2021032500:HGT:750 mb:6 hour fcst:
430:7598969:d=2021032500:TMP:750 mb:6 hour fcst:
431:7619309:d=2021032500:RH:750 mb:6 hour fcst:
432:7639850:d=2021032500:TCDC:750 mb:6 hour fcst:
433:7652504:d=2021032500:SPFH:750 mb:6 hour fcst:
434:7682014:d=2021032500:VVEL:750 mb:6 hour fcst:
435:7708286:d=2021032500:DZDT:750 mb:6 hour fcst:
436:7736127:d=2021032500:UGRD:750 mb:6 hour fcst:
437:7757813:d=2021032500:VGRD:750 mb:6 hour fcst:
+ exglobal_atmos_products.sh[122]true
+ exglobal_atmos_products.sh[123]export err=0
+ exglobal_atmos_products.sh[123]err=0
+ exglobal_atmos_products.sh[124][[ 0 -ne 0 ]]
+ exglobal_atmos_products.sh[127]input_file=tmpfile_f006_14
+ exglobal_atmos_products.sh[128]output_file_prefix=pgb2file_f006_14
+ exglobal_atmos_products.sh[129]echo '/work2/noaa/global/mterry/global-workflow_forked/ush/interp_atmos_master.sh tmpfile_f006_14 pgb2file_f006_14 0p25:0p50:1p00'
+ exglobal_atmos_products.sh[133][[ 437 -eq 753 ]]
+ exglobal_atmos_products.sh[134](( iproc++  ))
+ exglobal_atmos_products.sh[134](( iproc <= nproc  ))
+ exglobal_atmos_products.sh[100]first=438
+ exglobal_atmos_products.sh[101]last=468
+ exglobal_atmos_products.sh[102][[ 468 -gt 753 ]]
+ exglobal_atmos_products.sh[109]set +e
+ exglobal_atmos_products.sh[111]wgrib2 -d 468 tmpfile_f006
+ exglobal_atmos_products.sh[111]grep -E -i 'ugrd|ustm|uflx|u-gwd|land|maxuw'
468:8337174:d=2021032500:UGRD:850 mb:6 hour fcst:
+ exglobal_atmos_products.sh[112]rc=0
+ exglobal_atmos_products.sh[113]set_strict
+ environment[0][[ YES == \Y\E\S ]]
+ environment[1]set -eu
+ exglobal_atmos_products.sh[114][[ 0 == 0 ]]
+ exglobal_atmos_products.sh[115]last=469
+ exglobal_atmos_products.sh[117][[ 15 -eq 24 ]]
+ exglobal_atmos_products.sh[122]wgrib2 tmpfile_f006 -for 438:469 -grib tmpfile_f006_15
438:7780140:d=2021032500:ABSV:750 mb:6 hour fcst:
439:7801745:d=2021032500:CLMR:750 mb:6 hour fcst:
440:7811280:d=2021032500:ICMR:750 mb:6 hour fcst:
441:7823285:d=2021032500:RWMR:750 mb:6 hour fcst:
442:7828688:d=2021032500:SNMR:750 mb:6 hour fcst:
443:7843090:d=2021032500:GRLE:750 mb:6 hour fcst:
444:7845120:d=2021032500:O3MR:750 mb:6 hour fcst:
445:7867604:d=2021032500:HGT:800 mb:6 hour fcst:
446:7892572:d=2021032500:TMP:800 mb:6 hour fcst:
447:7913272:d=2021032500:RH:800 mb:6 hour fcst:
448:7933772:d=2021032500:TCDC:800 mb:6 hour fcst:
449:7947291:d=2021032500:SPFH:800 mb:6 hour fcst:
450:7977097:d=2021032500:VVEL:800 mb:6 hour fcst:
451:8003249:d=2021032500:DZDT:800 mb:6 hour fcst:
452:8030840:d=2021032500:UGRD:800 mb:6 hour fcst:
453:8052539:d=2021032500:VGRD:800 mb:6 hour fcst:
454:8074821:d=2021032500:ABSV:800 mb:6 hour fcst:
455:8096592:d=2021032500:CLMR:800 mb:6 hour fcst:
456:8108642:d=2021032500:ICMR:800 mb:6 hour fcst:
457:8119736:d=2021032500:RWMR:800 mb:6 hour fcst:
458:8127551:d=2021032500:SNMR:800 mb:6 hour fcst:
459:8142242:d=2021032500:GRLE:800 mb:6 hour fcst:
460:8144519:d=2021032500:O3MR:800 mb:6 hour fcst:
461:8172255:d=2021032500:HGT:850 mb:6 hour fcst:
462:8197421:d=2021032500:TMP:850 mb:6 hour fcst:
463:8218569:d=2021032500:RH:850 mb:6 hour fcst:
464:8239030:d=2021032500:TCDC:850 mb:6 hour fcst:
465:8254043:d=2021032500:SPFH:850 mb:6 hour fcst:
466:8284050:d=2021032500:VVEL:850 mb:6 hour fcst:
467:8309940:d=2021032500:DZDT:850 mb:6 hour fcst:
468:8337174:d=2021032500:UGRD:850 mb:6 hour fcst:
469:8358847:d=2021032500:VGRD:850 mb:6 hour fcst:
+ exglobal_atmos_products.sh[122]true
+ exglobal_atmos_products.sh[123]export err=0
+ exglobal_atmos_products.sh[123]err=0
+ exglobal_atmos_products.sh[124][[ 0 -ne 0 ]]
+ exglobal_atmos_products.sh[127]input_file=tmpfile_f006_15
+ exglobal_atmos_products.sh[128]output_file_prefix=pgb2file_f006_15
+ exglobal_atmos_products.sh[129]echo '/work2/noaa/global/mterry/global-workflow_forked/ush/interp_atmos_master.sh tmpfile_f006_15 pgb2file_f006_15 0p25:0p50:1p00'
+ exglobal_atmos_products.sh[133][[ 469 -eq 753 ]]
+ exglobal_atmos_products.sh[134](( iproc++  ))
+ exglobal_atmos_products.sh[134](( iproc <= nproc  ))
+ exglobal_atmos_products.sh[100]first=470
+ exglobal_atmos_products.sh[101]last=500
+ exglobal_atmos_products.sh[102][[ 500 -gt 753 ]]
+ exglobal_atmos_products.sh[109]set +e
+ exglobal_atmos_products.sh[111]wgrib2 -d 500 tmpfile_f006
+ exglobal_atmos_products.sh[111]grep -E -i 'ugrd|ustm|uflx|u-gwd|land|maxuw'
500:8940992:d=2021032500:UGRD:925 mb:6 hour fcst:
+ exglobal_atmos_products.sh[112]rc=0
+ exglobal_atmos_products.sh[113]set_strict
+ environment[0][[ YES == \Y\E\S ]]
+ environment[1]set -eu
+ exglobal_atmos_products.sh[114][[ 0 == 0 ]]
+ exglobal_atmos_products.sh[115]last=501
+ exglobal_atmos_products.sh[117][[ 16 -eq 24 ]]
+ exglobal_atmos_products.sh[122]wgrib2 tmpfile_f006 -for 470:501 -grib tmpfile_f006_16
470:8381142:d=2021032500:ABSV:850 mb:6 hour fcst:
471:8402906:d=2021032500:CLMR:850 mb:6 hour fcst:
472:8417284:d=2021032500:ICMR:850 mb:6 hour fcst:
473:8427223:d=2021032500:RWMR:850 mb:6 hour fcst:
474:8437082:d=2021032500:SNMR:850 mb:6 hour fcst:
475:8450554:d=2021032500:GRLE:850 mb:6 hour fcst:
476:8453435:d=2021032500:O3MR:850 mb:6 hour fcst:
477:8480644:d=2021032500:HGT:900 mb:6 hour fcst:
478:8505964:d=2021032500:TMP:900 mb:6 hour fcst:
479:8527235:d=2021032500:RH:900 mb:6 hour fcst:
480:8547393:d=2021032500:TCDC:900 mb:6 hour fcst:
481:8561739:d=2021032500:SPFH:900 mb:6 hour fcst:
482:8591912:d=2021032500:VVEL:900 mb:6 hour fcst:
483:8617169:d=2021032500:DZDT:900 mb:6 hour fcst:
484:8643819:d=2021032500:UGRD:900 mb:6 hour fcst:
485:8665650:d=2021032500:VGRD:900 mb:6 hour fcst:
486:8687947:d=2021032500:ABSV:900 mb:6 hour fcst:
487:8709501:d=2021032500:CLMR:900 mb:6 hour fcst:
488:8721432:d=2021032500:ICMR:900 mb:6 hour fcst:
489:8730494:d=2021032500:RWMR:900 mb:6 hour fcst:
490:8742026:d=2021032500:SNMR:900 mb:6 hour fcst:
491:8753113:d=2021032500:GRLE:900 mb:6 hour fcst:
492:8756078:d=2021032500:O3MR:900 mb:6 hour fcst:
493:8782782:d=2021032500:HGT:925 mb:6 hour fcst:
494:8808284:d=2021032500:TMP:925 mb:6 hour fcst:
495:8829626:d=2021032500:RH:925 mb:6 hour fcst:
496:8849606:d=2021032500:TCDC:925 mb:6 hour fcst:
497:8862315:d=2021032500:SPFH:925 mb:6 hour fcst:
498:8889957:d=2021032500:VVEL:925 mb:6 hour fcst:
499:8914943:d=2021032500:DZDT:925 mb:6 hour fcst:
500:8940992:d=2021032500:UGRD:925 mb:6 hour fcst:
501:8962904:d=2021032500:VGRD:925 mb:6 hour fcst:
+ exglobal_atmos_products.sh[122]true
+ exglobal_atmos_products.sh[123]export err=0
+ exglobal_atmos_products.sh[123]err=0
+ exglobal_atmos_products.sh[124][[ 0 -ne 0 ]]
+ exglobal_atmos_products.sh[127]input_file=tmpfile_f006_16
+ exglobal_atmos_products.sh[128]output_file_prefix=pgb2file_f006_16
+ exglobal_atmos_products.sh[129]echo '/work2/noaa/global/mterry/global-workflow_forked/ush/interp_atmos_master.sh tmpfile_f006_16 pgb2file_f006_16 0p25:0p50:1p00'
+ exglobal_atmos_products.sh[133][[ 501 -eq 753 ]]
+ exglobal_atmos_products.sh[134](( iproc++  ))
+ exglobal_atmos_products.sh[134](( iproc <= nproc  ))
+ exglobal_atmos_products.sh[100]first=502
+ exglobal_atmos_products.sh[101]last=532
+ exglobal_atmos_products.sh[102][[ 532 -gt 753 ]]
+ exglobal_atmos_products.sh[109]set +e
+ exglobal_atmos_products.sh[111]grep -E -i 'ugrd|ustm|uflx|u-gwd|land|maxuw'
+ exglobal_atmos_products.sh[111]wgrib2 -d 532 tmpfile_f006
+ exglobal_atmos_products.sh[112]rc=1
+ exglobal_atmos_products.sh[113]set_strict
+ environment[0][[ YES == \Y\E\S ]]
+ environment[1]set -eu
+ exglobal_atmos_products.sh[114][[ 1 == 0 ]]
+ exglobal_atmos_products.sh[117][[ 17 -eq 24 ]]
+ exglobal_atmos_products.sh[122]wgrib2 tmpfile_f006 -for 502:532 -grib tmpfile_f006_17
502:8985228:d=2021032500:ABSV:925 mb:6 hour fcst:
503:9006784:d=2021032500:CLMR:925 mb:6 hour fcst:
504:9016675:d=2021032500:ICMR:925 mb:6 hour fcst:
505:9025590:d=2021032500:RWMR:925 mb:6 hour fcst:
506:9037432:d=2021032500:SNMR:925 mb:6 hour fcst:
507:9048889:d=2021032500:GRLE:925 mb:6 hour fcst:
508:9052226:d=2021032500:O3MR:925 mb:6 hour fcst:
509:9078725:d=2021032500:HGT:950 mb:6 hour fcst:
510:9104388:d=2021032500:TMP:950 mb:6 hour fcst:
511:9125700:d=2021032500:RH:950 mb:6 hour fcst:
512:9145521:d=2021032500:TCDC:950 mb:6 hour fcst:
513:9156837:d=2021032500:SPFH:950 mb:6 hour fcst:
514:9184657:d=2021032500:VVEL:950 mb:6 hour fcst:
515:9208735:d=2021032500:DZDT:950 mb:6 hour fcst:
516:9233827:d=2021032500:UGRD:950 mb:6 hour fcst:
517:9255785:d=2021032500:VGRD:950 mb:6 hour fcst:
518:9278096:d=2021032500:ABSV:950 mb:6 hour fcst:
519:9299652:d=2021032500:CLMR:950 mb:6 hour fcst:
520:9307070:d=2021032500:ICMR:950 mb:6 hour fcst:
521:9314879:d=2021032500:RWMR:950 mb:6 hour fcst:
522:9326767:d=2021032500:SNMR:950 mb:6 hour fcst:
523:9337358:d=2021032500:GRLE:950 mb:6 hour fcst:
524:9340400:d=2021032500:O3MR:950 mb:6 hour fcst:
525:9366879:d=2021032500:HINDEX:surface:6 hour fcst:
526:9372248:d=2021032500:HGT:975 mb:6 hour fcst:
527:9398096:d=2021032500:TMP:975 mb:6 hour fcst:
528:9419267:d=2021032500:RH:975 mb:6 hour fcst:
529:9438748:d=2021032500:TCDC:975 mb:6 hour fcst:
530:9448116:d=2021032500:SPFH:975 mb:6 hour fcst:
531:9475669:d=2021032500:VVEL:975 mb:6 hour fcst:
532:9498675:d=2021032500:DZDT:975 mb:6 hour fcst:
+ exglobal_atmos_products.sh[122]true
+ exglobal_atmos_products.sh[123]export err=0
+ exglobal_atmos_products.sh[123]err=0
+ exglobal_atmos_products.sh[124][[ 0 -ne 0 ]]
+ exglobal_atmos_products.sh[127]input_file=tmpfile_f006_17
+ exglobal_atmos_products.sh[128]output_file_prefix=pgb2file_f006_17
+ exglobal_atmos_products.sh[129]echo '/work2/noaa/global/mterry/global-workflow_forked/ush/interp_atmos_master.sh tmpfile_f006_17 pgb2file_f006_17 0p25:0p50:1p00'
+ exglobal_atmos_products.sh[133][[ 532 -eq 753 ]]
+ exglobal_atmos_products.sh[134](( iproc++  ))
+ exglobal_atmos_products.sh[134](( iproc <= nproc  ))
+ exglobal_atmos_products.sh[100]first=533
+ exglobal_atmos_products.sh[101]last=563
+ exglobal_atmos_products.sh[102][[ 563 -gt 753 ]]
+ exglobal_atmos_products.sh[109]set +e
+ exglobal_atmos_products.sh[111]wgrib2 -d 563 tmpfile_f006
+ exglobal_atmos_products.sh[111]grep -E -i 'ugrd|ustm|uflx|u-gwd|land|maxuw'
+ exglobal_atmos_products.sh[112]rc=1
+ exglobal_atmos_products.sh[113]set_strict
+ environment[0][[ YES == \Y\E\S ]]
+ environment[1]set -eu
+ exglobal_atmos_products.sh[114][[ 1 == 0 ]]
+ exglobal_atmos_products.sh[117][[ 18 -eq 24 ]]
+ exglobal_atmos_products.sh[122]wgrib2 tmpfile_f006 -for 533:563 -grib tmpfile_f006_18
533:9522596:d=2021032500:UGRD:975 mb:6 hour fcst:
534:9544389:d=2021032500:VGRD:975 mb:6 hour fcst:
535:9566531:d=2021032500:ABSV:975 mb:6 hour fcst:
536:9587915:d=2021032500:CLMR:975 mb:6 hour fcst:
537:9593141:d=2021032500:ICMR:975 mb:6 hour fcst:
538:9598580:d=2021032500:RWMR:975 mb:6 hour fcst:
539:9610286:d=2021032500:SNMR:975 mb:6 hour fcst:
540:9619060:d=2021032500:GRLE:975 mb:6 hour fcst:
541:9622085:d=2021032500:O3MR:975 mb:6 hour fcst:
542:9648530:d=2021032500:TMP:1000 mb:6 hour fcst:
543:9669500:d=2021032500:RH:1000 mb:6 hour fcst:
544:9688661:d=2021032500:TCDC:1000 mb:6 hour fcst:
545:9693513:d=2021032500:SPFH:1000 mb:6 hour fcst:
546:9721079:d=2021032500:VVEL:1000 mb:6 hour fcst:
547:9742540:d=2021032500:DZDT:1000 mb:6 hour fcst:
548:9764298:d=2021032500:UGRD:1000 mb:6 hour fcst:
549:9785497:d=2021032500:VGRD:1000 mb:6 hour fcst:
550:9807144:d=2021032500:ABSV:1000 mb:6 hour fcst:
551:9827985:d=2021032500:CLMR:1000 mb:6 hour fcst:
552:9829915:d=2021032500:ICMR:1000 mb:6 hour fcst:
553:9832277:d=2021032500:RWMR:1000 mb:6 hour fcst:
554:9841599:d=2021032500:SNMR:1000 mb:6 hour fcst:
555:9845322:d=2021032500:GRLE:1000 mb:6 hour fcst:
556:9846525:d=2021032500:O3MR:1000 mb:6 hour fcst:
557:9873111:d=2021032500:MSLET:mean sea level:6 hour fcst:
558:9899263:d=2021032500:HGT:1000 mb:6 hour fcst:
559:9925331:d=2021032500:SDEN:surface:6 hour fcst:
560:9936286:d=2021032500:REFD:4000 m above ground:6 hour fcst:
561:9938769:d=2021032500:REFD:1000 m above ground:6 hour fcst:
562:9941252:d=2021032500:PRES:surface:6 hour fcst:
563:9967118:d=2021032500:HGT:surface:6 hour fcst:
+ exglobal_atmos_products.sh[122]true
+ exglobal_atmos_products.sh[123]export err=0
+ exglobal_atmos_products.sh[123]err=0
+ exglobal_atmos_products.sh[124][[ 0 -ne 0 ]]
+ exglobal_atmos_products.sh[127]input_file=tmpfile_f006_18
+ exglobal_atmos_products.sh[128]output_file_prefix=pgb2file_f006_18
+ exglobal_atmos_products.sh[129]echo '/work2/noaa/global/mterry/global-workflow_forked/ush/interp_atmos_master.sh tmpfile_f006_18 pgb2file_f006_18 0p25:0p50:1p00'
+ exglobal_atmos_products.sh[133][[ 563 -eq 753 ]]
+ exglobal_atmos_products.sh[134](( iproc++  ))
+ exglobal_atmos_products.sh[134](( iproc <= nproc  ))
+ exglobal_atmos_products.sh[100]first=564
+ exglobal_atmos_products.sh[101]last=594
+ exglobal_atmos_products.sh[102][[ 594 -gt 753 ]]
+ exglobal_atmos_products.sh[109]set +e
+ exglobal_atmos_products.sh[111]wgrib2 -d 594 tmpfile_f006
+ exglobal_atmos_products.sh[111]grep -E -i 'ugrd|ustm|uflx|u-gwd|land|maxuw'
+ exglobal_atmos_products.sh[112]rc=1
+ exglobal_atmos_products.sh[113]set_strict
+ environment[0][[ YES == \Y\E\S ]]
+ environment[1]set -eu
+ exglobal_atmos_products.sh[114][[ 1 == 0 ]]
+ exglobal_atmos_products.sh[117][[ 19 -eq 24 ]]
+ exglobal_atmos_products.sh[122]wgrib2 tmpfile_f006 -for 564:594 -grib tmpfile_f006_19
564:9983188:d=2021032500:TMP:surface:6 hour fcst:
565:9999975:d=2021032500:TSOIL:0-0.1 m below ground:6 hour fcst:
566:10012144:d=2021032500:SOILW:0-0.1 m below ground:6 hour fcst:
567:10021126:d=2021032500:SOILL:0-0.1 m below ground:6 hour fcst:
568:10029891:d=2021032500:TSOIL:0.1-0.4 m below ground:6 hour fcst:
569:10045768:d=2021032500:SOILW:0.1-0.4 m below ground:6 hour fcst:
570:10054795:d=2021032500:SOILL:0.1-0.4 m below ground:6 hour fcst:
571:10063659:d=2021032500:TSOIL:0.4-1 m below ground:6 hour fcst:
572:10078277:d=2021032500:SOILW:0.4-1 m below ground:6 hour fcst:
573:10087377:d=2021032500:SOILL:0.4-1 m below ground:6 hour fcst:
574:10096250:d=2021032500:TSOIL:1-2 m below ground:6 hour fcst:
575:10110695:d=2021032500:SOILW:1-2 m below ground:6 hour fcst:
576:10119689:d=2021032500:SOILL:1-2 m below ground:6 hour fcst:
577:10128602:d=2021032500:CNWAT:surface:6 hour fcst:
578:10134305:d=2021032500:WEASD:surface:6 hour fcst:
579:10147550:d=2021032500:SNOD:surface:6 hour fcst:
580:10162671:d=2021032500:PEVPR:surface:6 hour fcst:
581:10179135:d=2021032500:ICETK:surface:6 hour fcst:
582:10181558:d=2021032500:TMP:2 m above ground:6 hour fcst:
583:10202567:d=2021032500:SPFH:2 m above ground:6 hour fcst:
584:10229262:d=2021032500:DPT:2 m above ground:6 hour fcst:
585:10250910:d=2021032500:RH:2 m above ground:6 hour fcst:
586:10269688:d=2021032500:APTMP:2 m above ground:6 hour fcst:
587:10284354:d=2021032500:TMAX:2 m above ground:0-6 hour max fcst:
588:10305450:d=2021032500:TMIN:2 m above ground:0-6 hour min fcst:
589:10326512:d=2021032500:UGRD:10 m above ground:6 hour fcst:
590:10347318:d=2021032500:VGRD:10 m above ground:6 hour fcst:
591:10368586:d=2021032500:ICEG:10 m above mean sea level:6 hour fcst:
592:10368895:d=2021032500:CPOFP:surface:6 hour fcst:
593:10389288:d=2021032500:CPRAT:surface:6 hour fcst:
594:10410746:d=2021032500:PRATE:surface:6 hour fcst:
+ exglobal_atmos_products.sh[122]true
+ exglobal_atmos_products.sh[123]export err=0
+ exglobal_atmos_products.sh[123]err=0
+ exglobal_atmos_products.sh[124][[ 0 -ne 0 ]]
+ exglobal_atmos_products.sh[127]input_file=tmpfile_f006_19
+ exglobal_atmos_products.sh[128]output_file_prefix=pgb2file_f006_19
+ exglobal_atmos_products.sh[129]echo '/work2/noaa/global/mterry/global-workflow_forked/ush/interp_atmos_master.sh tmpfile_f006_19 pgb2file_f006_19 0p25:0p50:1p00'
+ exglobal_atmos_products.sh[133][[ 594 -eq 753 ]]
+ exglobal_atmos_products.sh[134](( iproc++  ))
+ exglobal_atmos_products.sh[134](( iproc <= nproc  ))
+ exglobal_atmos_products.sh[100]first=595
+ exglobal_atmos_products.sh[101]last=625
+ exglobal_atmos_products.sh[102][[ 625 -gt 753 ]]
+ exglobal_atmos_products.sh[109]set +e
+ exglobal_atmos_products.sh[111]wgrib2 -d 625 tmpfile_f006
+ exglobal_atmos_products.sh[111]grep -E -i 'ugrd|ustm|uflx|u-gwd|land|maxuw'
+ exglobal_atmos_products.sh[112]rc=1
+ exglobal_atmos_products.sh[113]set_strict
+ environment[0][[ YES == \Y\E\S ]]
+ environment[1]set -eu
+ exglobal_atmos_products.sh[114][[ 1 == 0 ]]
+ exglobal_atmos_products.sh[117][[ 20 -eq 24 ]]
+ exglobal_atmos_products.sh[122]wgrib2 tmpfile_f006 -for 595:625 -grib tmpfile_f006_20
595:10434031:d=2021032500:CPRAT:surface:0-6 hour ave fcst:
596:10456139:d=2021032500:PRATE:surface:0-6 hour ave fcst:
597:10477477:d=2021032500:APCP:surface:0-6 hour acc fcst:
598:10488129:d=2021032500:APCP:surface:0-6 hour acc fcst:
599:10502155:d=2021032500:ACPCP:surface:0-6 hour acc fcst:
600:10510598:d=2021032500:ACPCP:surface:0-6 hour acc fcst:
601:10521865:d=2021032500:FROZR:surface:0-6 hour acc fcst:
602:10524372:d=2021032500:FRZR:surface:0-6 hour acc fcst:
603:10526879:d=2021032500:TSNOWP:surface:0-6 hour acc fcst:
604:10529386:d=2021032500:WATR:surface:0-6 hour acc fcst:
605:10539971:d=2021032500:FROZR:surface:0-6 hour acc fcst:
606:10542478:d=2021032500:FRZR:surface:0-6 hour acc fcst:
607:10544985:d=2021032500:TSNOWP:surface:0-6 hour acc fcst:
608:10547492:d=2021032500:CSNOW:surface:6 hour fcst:
609:10549315:d=2021032500:CICEP:surface:6 hour fcst:
610:10549494:d=2021032500:CFRZR:surface:6 hour fcst:
611:10549730:d=2021032500:CRAIN:surface:6 hour fcst:
612:10553273:d=2021032500:LHTFL:surface:0-6 hour ave fcst:
613:10575432:d=2021032500:SHTFL:surface:0-6 hour ave fcst:
614:10596229:d=2021032500:GFLUX:surface:0-6 hour ave fcst:
615:10608298:d=2021032500:UFLX:surface:0-6 hour ave fcst:
616:10625157:d=2021032500:VFLX:surface:0-6 hour ave fcst:
617:10641865:d=2021032500:SFCR:surface:6 hour fcst:
618:10661391:d=2021032500:FRICV:surface:6 hour fcst:
619:10683561:d=2021032500:U-GWD:surface:0-6 hour ave fcst:
620:10698905:d=2021032500:V-GWD:surface:0-6 hour ave fcst:
621:10714058:d=2021032500:VEG:surface:6 hour fcst:
622:10722094:d=2021032500:SOTYP:surface:6 hour fcst:
623:10733145:d=2021032500:WILT:surface:6 hour fcst:
624:10743108:d=2021032500:FLDCP:surface:6 hour fcst:
625:10753360:d=2021032500:SUNSD:surface:6 hour fcst:
+ exglobal_atmos_products.sh[122]true
+ exglobal_atmos_products.sh[123]export err=0
+ exglobal_atmos_products.sh[123]err=0
+ exglobal_atmos_products.sh[124][[ 0 -ne 0 ]]
+ exglobal_atmos_products.sh[127]input_file=tmpfile_f006_20
+ exglobal_atmos_products.sh[128]output_file_prefix=pgb2file_f006_20
+ exglobal_atmos_products.sh[129]echo '/work2/noaa/global/mterry/global-workflow_forked/ush/interp_atmos_master.sh tmpfile_f006_20 pgb2file_f006_20 0p25:0p50:1p00'
+ exglobal_atmos_products.sh[133][[ 625 -eq 753 ]]
+ exglobal_atmos_products.sh[134](( iproc++  ))
+ exglobal_atmos_products.sh[134](( iproc <= nproc  ))
+ exglobal_atmos_products.sh[100]first=626
+ exglobal_atmos_products.sh[101]last=656
+ exglobal_atmos_products.sh[102][[ 656 -gt 753 ]]
+ exglobal_atmos_products.sh[109]set +e
+ exglobal_atmos_products.sh[111]wgrib2 -d 656 tmpfile_f006
+ exglobal_atmos_products.sh[111]grep -E -i 'ugrd|ustm|uflx|u-gwd|land|maxuw'
+ exglobal_atmos_products.sh[112]rc=1
+ exglobal_atmos_products.sh[113]set_strict
+ environment[0][[ YES == \Y\E\S ]]
+ environment[1]set -eu
+ exglobal_atmos_products.sh[114][[ 1 == 0 ]]
+ exglobal_atmos_products.sh[117][[ 21 -eq 24 ]]
+ exglobal_atmos_products.sh[122]wgrib2 tmpfile_f006 -for 626:656 -grib tmpfile_f006_21
626:10771511:d=2021032500:LFTX:surface:6 hour fcst:
627:10785920:d=2021032500:CAPE:surface:6 hour fcst:
628:10801162:d=2021032500:CIN:surface:6 hour fcst:
629:10815109:d=2021032500:PWAT:entire atmosphere (considered as a single layer):6 hour fcst:
630:10842723:d=2021032500:CWAT:entire atmosphere (considered as a single layer):6 hour fcst:
631:10870693:d=2021032500:RH:entire atmosphere (considered as a single layer):6 hour fcst:
632:10886226:d=2021032500:TOZNE:entire atmosphere (considered as a single layer):6 hour fcst:
633:10901261:d=2021032500:LCDC:low cloud layer:6 hour fcst:
634:10919715:d=2021032500:LCDC:low cloud layer:0-6 hour ave fcst:
635:10940617:d=2021032500:MCDC:middle cloud layer:6 hour fcst:
636:10958280:d=2021032500:MCDC:middle cloud layer:0-6 hour ave fcst:
637:10977211:d=2021032500:HCDC:high cloud layer:6 hour fcst:
638:10994388:d=2021032500:HCDC:high cloud layer:0-6 hour ave fcst:
639:11014721:d=2021032500:TCDC:entire atmosphere (considered as a single layer):6 hour fcst:
640:11031918:d=2021032500:TCDC:entire atmosphere (considered as a single layer):0-6 hour ave fcst:
641:11052144:d=2021032500:HGT:cloud ceiling:6 hour fcst:
642:11086458:d=2021032500:PRES:convective cloud bottom level:6 hour fcst:
643:11099502:d=2021032500:PRES:low cloud bottom level:0-6 hour ave fcst:
644:11123358:d=2021032500:PRES:middle cloud bottom level:0-6 hour ave fcst:
645:11142359:d=2021032500:PRES:high cloud bottom level:0-6 hour ave fcst:
646:11164639:d=2021032500:PRES:convective cloud top level:6 hour fcst:
647:11179028:d=2021032500:PRES:low cloud top level:0-6 hour ave fcst:
648:11202857:d=2021032500:PRES:middle cloud top level:0-6 hour ave fcst:
649:11221857:d=2021032500:PRES:high cloud top level:0-6 hour ave fcst:
650:11244241:d=2021032500:TMP:low cloud top level:0-6 hour ave fcst:
651:11262078:d=2021032500:TMP:middle cloud top level:0-6 hour ave fcst:
652:11277181:d=2021032500:TMP:high cloud top level:0-6 hour ave fcst:
653:11295631:d=2021032500:TCDC:convective cloud layer:6 hour fcst:
654:11316353:d=2021032500:TCDC:boundary layer cloud layer:0-6 hour ave fcst:
655:11334121:d=2021032500:CWORK:entire atmosphere (considered as a single layer):0-6 hour ave fcst:
656:11347967:d=2021032500:DSWRF:surface:0-6 hour ave fcst:
+ exglobal_atmos_products.sh[122]true
+ exglobal_atmos_products.sh[123]export err=0
+ exglobal_atmos_products.sh[123]err=0
+ exglobal_atmos_products.sh[124][[ 0 -ne 0 ]]
+ exglobal_atmos_products.sh[127]input_file=tmpfile_f006_21
+ exglobal_atmos_products.sh[128]output_file_prefix=pgb2file_f006_21
+ exglobal_atmos_products.sh[129]echo '/work2/noaa/global/mterry/global-workflow_forked/ush/interp_atmos_master.sh tmpfile_f006_21 pgb2file_f006_21 0p25:0p50:1p00'
+ exglobal_atmos_products.sh[133][[ 656 -eq 753 ]]
+ exglobal_atmos_products.sh[134](( iproc++  ))
+ exglobal_atmos_products.sh[134](( iproc <= nproc  ))
+ exglobal_atmos_products.sh[100]first=657
+ exglobal_atmos_products.sh[101]last=687
+ exglobal_atmos_products.sh[102][[ 687 -gt 753 ]]
+ exglobal_atmos_products.sh[109]set +e
+ exglobal_atmos_products.sh[111]wgrib2 -d 687 tmpfile_f006
+ exglobal_atmos_products.sh[111]grep -E -i 'ugrd|ustm|uflx|u-gwd|land|maxuw'
687:12090804:d=2021032500:UGRD:30 m above ground:6 hour fcst:
+ exglobal_atmos_products.sh[112]rc=0
+ exglobal_atmos_products.sh[113]set_strict
+ environment[0][[ YES == \Y\E\S ]]
+ environment[1]set -eu
+ exglobal_atmos_products.sh[114][[ 0 == 0 ]]
+ exglobal_atmos_products.sh[115]last=688
+ exglobal_atmos_products.sh[117][[ 22 -eq 24 ]]
+ exglobal_atmos_products.sh[122]wgrib2 tmpfile_f006 -for 657:688 -grib tmpfile_f006_22
657:11370940:d=2021032500:DLWRF:surface:0-6 hour ave fcst:
658:11392857:d=2021032500:USWRF:surface:0-6 hour ave fcst:
659:11414285:d=2021032500:ULWRF:surface:0-6 hour ave fcst:
660:11433097:d=2021032500:USWRF:top of atmosphere:0-6 hour ave fcst:
661:11455513:d=2021032500:ULWRF:top of atmosphere:0-6 hour ave fcst:
662:11476781:d=2021032500:AOTK:entire atmosphere:6 hour fcst:aerosol=Total Aerosol:aerosol_size <2e-05:aerosol_wavelength >=5.45e-07,<=5.55e-07
663:11503890:d=2021032500:AOTK:entire atmosphere:6 hour fcst:aerosol=Dust Dry:aerosol_size <2e-05:aerosol_wavelength >=5.45e-07,<=5.55e-07
664:11522048:d=2021032500:AOTK:entire atmosphere:6 hour fcst:aerosol=Sea Salt Dry:aerosol_size <2e-05:aerosol_wavelength >=5.45e-07,<=5.55e-07
665:11550020:d=2021032500:AOTK:entire atmosphere:6 hour fcst:aerosol=Sulphate Dry:aerosol_size <2e-05:aerosol_wavelength >=5.45e-07,<=5.55e-07
666:11573773:d=2021032500:AOTK:entire atmosphere:6 hour fcst:aerosol=Particulate Organic Matter Dry:aerosol_size <2e-05:aerosol_wavelength >=5.45e-07,<=5.55e-07
667:11597398:d=2021032500:AOTK:entire atmosphere:6 hour fcst:aerosol=Black Carbon Dry:aerosol_size <2e-05:aerosol_wavelength >=5.45e-07,<=5.55e-07
668:11619965:d=2021032500:HLCY:3000-0 m above ground:6 hour fcst:
669:11644329:d=2021032500:HLCY:1000-0 m above ground:6 hour fcst:
670:11667125:d=2021032500:USTM:6000-0 m above ground:6 hour fcst:
671:11691021:d=2021032500:VSTM:6000-0 m above ground:6 hour fcst:
672:11714356:d=2021032500:PRES:tropopause:6 hour fcst:
673:11744439:d=2021032500:ICAHT:tropopause:6 hour fcst:
674:11775623:d=2021032500:HGT:tropopause:6 hour fcst:
675:11804289:d=2021032500:TMP:tropopause:6 hour fcst:
676:11826653:d=2021032500:UGRD:tropopause:6 hour fcst:
677:11843208:d=2021032500:VGRD:tropopause:6 hour fcst:
678:11859809:d=2021032500:VWSH:tropopause:6 hour fcst:
679:11879156:d=2021032500:PRES:max wind:6 hour fcst:
680:11914235:d=2021032500:ICAHT:max wind:6 hour fcst:
681:11950044:d=2021032500:HGT:max wind:6 hour fcst:
682:11986039:d=2021032500:UGRD:max wind:6 hour fcst:
683:12003263:d=2021032500:VGRD:max wind:6 hour fcst:
684:12021438:d=2021032500:TMP:max wind:6 hour fcst:
685:12048833:d=2021032500:UGRD:20 m above ground:6 hour fcst:
686:12069652:d=2021032500:VGRD:20 m above ground:6 hour fcst:
687:12090804:d=2021032500:UGRD:30 m above ground:6 hour fcst:
688:12111850:d=2021032500:VGRD:30 m above ground:6 hour fcst:
+ exglobal_atmos_products.sh[122]true
+ exglobal_atmos_products.sh[123]export err=0
+ exglobal_atmos_products.sh[123]err=0
+ exglobal_atmos_products.sh[124][[ 0 -ne 0 ]]
+ exglobal_atmos_products.sh[127]input_file=tmpfile_f006_22
+ exglobal_atmos_products.sh[128]output_file_prefix=pgb2file_f006_22
+ exglobal_atmos_products.sh[129]echo '/work2/noaa/global/mterry/global-workflow_forked/ush/interp_atmos_master.sh tmpfile_f006_22 pgb2file_f006_22 0p25:0p50:1p00'
+ exglobal_atmos_products.sh[133][[ 688 -eq 753 ]]
+ exglobal_atmos_products.sh[134](( iproc++  ))
+ exglobal_atmos_products.sh[134](( iproc <= nproc  ))
+ exglobal_atmos_products.sh[100]first=689
+ exglobal_atmos_products.sh[101]last=719
+ exglobal_atmos_products.sh[102][[ 719 -gt 753 ]]
+ exglobal_atmos_products.sh[109]set +e
+ exglobal_atmos_products.sh[111]wgrib2 -d 719 tmpfile_f006
+ exglobal_atmos_products.sh[111]grep -E -i 'ugrd|ustm|uflx|u-gwd|land|maxuw'
+ exglobal_atmos_products.sh[112]rc=1
+ exglobal_atmos_products.sh[113]set_strict
+ environment[0][[ YES == \Y\E\S ]]
+ environment[1]set -eu
+ exglobal_atmos_products.sh[114][[ 1 == 0 ]]
+ exglobal_atmos_products.sh[117][[ 23 -eq 24 ]]
+ exglobal_atmos_products.sh[122]wgrib2 tmpfile_f006 -for 689:719 -grib tmpfile_f006_23
689:12133426:d=2021032500:UGRD:40 m above ground:6 hour fcst:
690:12154574:d=2021032500:VGRD:40 m above ground:6 hour fcst:
691:12176281:d=2021032500:UGRD:50 m above ground:6 hour fcst:
692:12197529:d=2021032500:VGRD:50 m above ground:6 hour fcst:
693:12219354:d=2021032500:TMP:80 m above ground:6 hour fcst:
694:12240411:d=2021032500:SPFH:80 m above ground:6 hour fcst:
695:12269555:d=2021032500:PRES:80 m above ground:6 hour fcst:
696:12295382:d=2021032500:UGRD:80 m above ground:6 hour fcst:
697:12316981:d=2021032500:VGRD:80 m above ground:6 hour fcst:
698:12338960:d=2021032500:TMP:100 m above ground:6 hour fcst:
699:12360006:d=2021032500:UGRD:100 m above ground:6 hour fcst:
700:12381717:d=2021032500:VGRD:100 m above ground:6 hour fcst:
701:12403780:d=2021032500:TMP:1829 m above mean sea level:6 hour fcst:
702:12425559:d=2021032500:UGRD:1829 m above mean sea level:6 hour fcst:
703:12448308:d=2021032500:VGRD:1829 m above mean sea level:6 hour fcst:
704:12471676:d=2021032500:TMP:2743 m above mean sea level:6 hour fcst:
705:12493517:d=2021032500:UGRD:2743 m above mean sea level:6 hour fcst:
706:12516832:d=2021032500:VGRD:2743 m above mean sea level:6 hour fcst:
707:12540822:d=2021032500:TMP:3658 m above mean sea level:6 hour fcst:
708:12562557:d=2021032500:UGRD:3658 m above mean sea level:6 hour fcst:
709:12586204:d=2021032500:VGRD:3658 m above mean sea level:6 hour fcst:
710:12610682:d=2021032500:HGT:0C isotherm:6 hour fcst:
711:12633463:d=2021032500:RH:0C isotherm:6 hour fcst:
712:12653551:d=2021032500:HGT:highest tropospheric freezing level:6 hour fcst:
713:12676104:d=2021032500:RH:highest tropospheric freezing level:6 hour fcst:
714:12696149:d=2021032500:TMP:30-0 mb above ground:6 hour fcst:
715:12717269:d=2021032500:RH:30-0 mb above ground:6 hour fcst:
716:12736061:d=2021032500:SPFH:30-0 mb above ground:6 hour fcst:
717:12765317:d=2021032500:UGRD:30-0 mb above ground:6 hour fcst:
718:12786989:d=2021032500:VGRD:30-0 mb above ground:6 hour fcst:
719:12809082:d=2021032500:4LFTX:surface:6 hour fcst:
+ exglobal_atmos_products.sh[122]true
+ exglobal_atmos_products.sh[123]export err=0
+ exglobal_atmos_products.sh[123]err=0
+ exglobal_atmos_products.sh[124][[ 0 -ne 0 ]]
+ exglobal_atmos_products.sh[127]input_file=tmpfile_f006_23
+ exglobal_atmos_products.sh[128]output_file_prefix=pgb2file_f006_23
+ exglobal_atmos_products.sh[129]echo '/work2/noaa/global/mterry/global-workflow_forked/ush/interp_atmos_master.sh tmpfile_f006_23 pgb2file_f006_23 0p25:0p50:1p00'
+ exglobal_atmos_products.sh[133][[ 719 -eq 753 ]]
+ exglobal_atmos_products.sh[134](( iproc++  ))
+ exglobal_atmos_products.sh[134](( iproc <= nproc  ))
+ exglobal_atmos_products.sh[100]first=720
+ exglobal_atmos_products.sh[101]last=750
+ exglobal_atmos_products.sh[102][[ 750 -gt 753 ]]
+ exglobal_atmos_products.sh[109]set +e
+ exglobal_atmos_products.sh[111]wgrib2 -d 750 tmpfile_f006
+ exglobal_atmos_products.sh[111]grep -E -i 'ugrd|ustm|uflx|u-gwd|land|maxuw'
+ exglobal_atmos_products.sh[112]rc=1
+ exglobal_atmos_products.sh[113]set_strict
+ environment[0][[ YES == \Y\E\S ]]
+ environment[1]set -eu
+ exglobal_atmos_products.sh[114][[ 1 == 0 ]]
+ exglobal_atmos_products.sh[117][[ 24 -eq 24 ]]
+ exglobal_atmos_products.sh[118]last=753
+ exglobal_atmos_products.sh[122]wgrib2 tmpfile_f006 -for 720:753 -grib tmpfile_f006_24
720:12822991:d=2021032500:CAPE:180-0 mb above ground:6 hour fcst:
721:12836979:d=2021032500:CIN:180-0 mb above ground:6 hour fcst:
722:12851973:d=2021032500:HPBL:surface:6 hour fcst:
723:12883189:d=2021032500:RH:0.33-1 sigma layer:6 hour fcst:
724:12901763:d=2021032500:RH:0.44-1 sigma layer:6 hour fcst:
725:12920010:d=2021032500:RH:0.72-0.94 sigma layer:6 hour fcst:
726:12938775:d=2021032500:RH:0.44-0.72 sigma layer:6 hour fcst:
727:12958326:d=2021032500:TMP:0.995 sigma level:6 hour fcst:
728:12979395:d=2021032500:POT:0.995 sigma level:6 hour fcst:
729:13000431:d=2021032500:RH:0.995 sigma level:6 hour fcst:
730:13018782:d=2021032500:UGRD:0.995 sigma level:6 hour fcst:
731:13040092:d=2021032500:VGRD:0.995 sigma level:6 hour fcst:
732:13061892:d=2021032500:VVEL:0.995 sigma level:6 hour fcst:
733:13082968:d=2021032500:CAPE:90-0 mb above ground:6 hour fcst:
734:13095687:d=2021032500:CIN:90-0 mb above ground:6 hour fcst:
735:13105655:d=2021032500:CAPE:255-0 mb above ground:6 hour fcst:
736:13118963:d=2021032500:CIN:255-0 mb above ground:6 hour fcst:
737:13131593:d=2021032500:PLPL:255-0 mb above ground:6 hour fcst:
738:13156513:d=2021032500:LAND:surface:6 hour fcst:
739:13158440:d=2021032500:ICEC:surface:6 hour fcst:
740:13163860:d=2021032500:ALBDO:surface:0-6 hour ave fcst:
741:13183902:d=2021032500:ICETMP:surface:6 hour fcst:
742:13191414:d=2021032500:UGRD:PV=2e-06 (Km^2/kg/s) surface:6 hour fcst:
743:13202483:d=2021032500:VGRD:PV=2e-06 (Km^2/kg/s) surface:6 hour fcst:
744:13213646:d=2021032500:TMP:PV=2e-06 (Km^2/kg/s) surface:6 hour fcst:
745:13228413:d=2021032500:HGT:PV=2e-06 (Km^2/kg/s) surface:6 hour fcst:
746:13246301:d=2021032500:PRES:PV=2e-06 (Km^2/kg/s) surface:6 hour fcst:
747:13265225:d=2021032500:VWSH:PV=2e-06 (Km^2/kg/s) surface:6 hour fcst:
748:13277678:d=2021032500:UGRD:PV=-2e-06 (Km^2/kg/s) surface:6 hour fcst:
749:13289028:d=2021032500:VGRD:PV=-2e-06 (Km^2/kg/s) surface:6 hour fcst:
750:13300354:d=2021032500:TMP:PV=-2e-06 (Km^2/kg/s) surface:6 hour fcst:
751:13315313:d=2021032500:HGT:PV=-2e-06 (Km^2/kg/s) surface:6 hour fcst:
752:13333284:d=2021032500:PRES:PV=-2e-06 (Km^2/kg/s) surface:6 hour fcst:
753:13350776:d=2021032500:VWSH:PV=-2e-06 (Km^2/kg/s) surface:6 hour fcst:
+ exglobal_atmos_products.sh[122]true
+ exglobal_atmos_products.sh[123]export err=0
+ exglobal_atmos_products.sh[123]err=0
+ exglobal_atmos_products.sh[124][[ 0 -ne 0 ]]
+ exglobal_atmos_products.sh[127]input_file=tmpfile_f006_24
+ exglobal_atmos_products.sh[128]output_file_prefix=pgb2file_f006_24
+ exglobal_atmos_products.sh[129]echo '/work2/noaa/global/mterry/global-workflow_forked/ush/interp_atmos_master.sh tmpfile_f006_24 pgb2file_f006_24 0p25:0p50:1p00'
+ exglobal_atmos_products.sh[133][[ 753 -eq 753 ]]
+ exglobal_atmos_products.sh[134](( pproc = iproc+1  ))
+ exglobal_atmos_products.sh[134](( pproc < nproc  ))
+ exglobal_atmos_products.sh[137]break
+ exglobal_atmos_products.sh[142]/work2/noaa/global/mterry/global-workflow_forked/ush/run_mpmd.sh /work2/noaa/stmp/mterry/HERCULES/RUNDIRS/C48mx500_hybAOWCDA/gdas.2021032500/atmos_products_f006.349486/poescript
+ bash[8]'[' -z '' ']'
+ bash[9]case "$-" in
+ bash[12]__lmod_vx=x
+ bash[16]'[' -n x ']'
+ bash[16]set +x
Shell debugging temporarily silenced: export LMOD_SH_DBG_ON=1 for this output (/apps/other/lmod/lmod/init/bash)
Shell debugging restarted
+ bash[224]unset __lmod_vx
+ run_mpmd.sh[31]source /work2/noaa/global/mterry/global-workflow_forked/ush/preamble.sh
++ preamble.sh[20]set +x
Begin run_mpmd.sh at Tue Jul 29 05:15:13 UTC 2025
+ run_mpmd.sh[33]cmdfile=/work2/noaa/stmp/mterry/HERCULES/RUNDIRS/C48mx500_hybAOWCDA/gdas.2021032500/atmos_products_f006.349486/poescript
+ run_mpmd.sh[36][[ YES != \Y\E\S ]]
+ run_mpmd.sh[46]export OMP_NUM_THREADS=1
+ run_mpmd.sh[46]OMP_NUM_THREADS=1
++ run_mpmd.sh[49]wc -l
+ run_mpmd.sh[49]nprocs=24
+ run_mpmd.sh[52]mpmd_cmdfile=/work2/noaa/stmp/mterry/HERCULES/RUNDIRS/C48mx500_hybAOWCDA/gdas.2021032500/atmos_products_f006.349486/mpmd_cmdfile
+ run_mpmd.sh[53][[ -s /work2/noaa/stmp/mterry/HERCULES/RUNDIRS/C48mx500_hybAOWCDA/gdas.2021032500/atmos_products_f006.349486/mpmd_cmdfile ]]
+ run_mpmd.sh[55]cat
  INFO: Executing MPMD job, STDOUT redirected for each process separately
  INFO: On failure, logs for each job will be available in /work2/noaa/stmp/mterry/HERCULES/RUNDIRS/C48mx500_hybAOWCDA/gdas.2021032500/atmos_products_f006.349486/mpmd.proc_num.out
  INFO: The proc_num corresponds to the line in '/work2/noaa/stmp/mterry/HERCULES/RUNDIRS/C48mx500_hybAOWCDA/gdas.2021032500/atmos_products_f006.349486/mpmd_cmdfile'
+ run_mpmd.sh[61][[ srun -l --export=ALL --hint=nomultithread =~ ^srun.* ]]
+ run_mpmd.sh[65]nm=0
+ run_mpmd.sh[67]IFS=
+ run_mpmd.sh[67]read -r line
+ run_mpmd.sh[68]echo '0 /work2/noaa/global/mterry/global-workflow_forked/ush/interp_atmos_master.sh tmpfile_f006_1 pgb2file_f006_1 0p25:0p50:1p00'
+ run_mpmd.sh[69](( nm=nm+1 ))
+ run_mpmd.sh[67]IFS=
+ run_mpmd.sh[67]read -r line
+ run_mpmd.sh[68]echo '1 /work2/noaa/global/mterry/global-workflow_forked/ush/interp_atmos_master.sh tmpfile_f006_2 pgb2file_f006_2 0p25:0p50:1p00'
+ run_mpmd.sh[69](( nm=nm+1 ))
+ run_mpmd.sh[67]IFS=
+ run_mpmd.sh[67]read -r line
+ run_mpmd.sh[68]echo '2 /work2/noaa/global/mterry/global-workflow_forked/ush/interp_atmos_master.sh tmpfile_f006_3 pgb2file_f006_3 0p25:0p50:1p00'
+ run_mpmd.sh[69](( nm=nm+1 ))
+ run_mpmd.sh[67]IFS=
+ run_mpmd.sh[67]read -r line
+ run_mpmd.sh[68]echo '3 /work2/noaa/global/mterry/global-workflow_forked/ush/interp_atmos_master.sh tmpfile_f006_4 pgb2file_f006_4 0p25:0p50:1p00'
+ run_mpmd.sh[69](( nm=nm+1 ))
+ run_mpmd.sh[67]IFS=
+ run_mpmd.sh[67]read -r line
+ run_mpmd.sh[68]echo '4 /work2/noaa/global/mterry/global-workflow_forked/ush/interp_atmos_master.sh tmpfile_f006_5 pgb2file_f006_5 0p25:0p50:1p00'
+ run_mpmd.sh[69](( nm=nm+1 ))
+ run_mpmd.sh[67]IFS=
+ run_mpmd.sh[67]read -r line
+ run_mpmd.sh[68]echo '5 /work2/noaa/global/mterry/global-workflow_forked/ush/interp_atmos_master.sh tmpfile_f006_6 pgb2file_f006_6 0p25:0p50:1p00'
+ run_mpmd.sh[69](( nm=nm+1 ))
+ run_mpmd.sh[67]IFS=
+ run_mpmd.sh[67]read -r line
+ run_mpmd.sh[68]echo '6 /work2/noaa/global/mterry/global-workflow_forked/ush/interp_atmos_master.sh tmpfile_f006_7 pgb2file_f006_7 0p25:0p50:1p00'
+ run_mpmd.sh[69](( nm=nm+1 ))
+ run_mpmd.sh[67]IFS=
+ run_mpmd.sh[67]read -r line
+ run_mpmd.sh[68]echo '7 /work2/noaa/global/mterry/global-workflow_forked/ush/interp_atmos_master.sh tmpfile_f006_8 pgb2file_f006_8 0p25:0p50:1p00'
+ run_mpmd.sh[69](( nm=nm+1 ))
+ run_mpmd.sh[67]IFS=
+ run_mpmd.sh[67]read -r line
+ run_mpmd.sh[68]echo '8 /work2/noaa/global/mterry/global-workflow_forked/ush/interp_atmos_master.sh tmpfile_f006_9 pgb2file_f006_9 0p25:0p50:1p00'
+ run_mpmd.sh[69](( nm=nm+1 ))
+ run_mpmd.sh[67]IFS=
+ run_mpmd.sh[67]read -r line
+ run_mpmd.sh[68]echo '9 /work2/noaa/global/mterry/global-workflow_forked/ush/interp_atmos_master.sh tmpfile_f006_10 pgb2file_f006_10 0p25:0p50:1p00'
+ run_mpmd.sh[69](( nm=nm+1 ))
+ run_mpmd.sh[67]IFS=
+ run_mpmd.sh[67]read -r line
+ run_mpmd.sh[68]echo '10 /work2/noaa/global/mterry/global-workflow_forked/ush/interp_atmos_master.sh tmpfile_f006_11 pgb2file_f006_11 0p25:0p50:1p00'
+ run_mpmd.sh[69](( nm=nm+1 ))
+ run_mpmd.sh[67]IFS=
+ run_mpmd.sh[67]read -r line
+ run_mpmd.sh[68]echo '11 /work2/noaa/global/mterry/global-workflow_forked/ush/interp_atmos_master.sh tmpfile_f006_12 pgb2file_f006_12 0p25:0p50:1p00'
+ run_mpmd.sh[69](( nm=nm+1 ))
+ run_mpmd.sh[67]IFS=
+ run_mpmd.sh[67]read -r line
+ run_mpmd.sh[68]echo '12 /work2/noaa/global/mterry/global-workflow_forked/ush/interp_atmos_master.sh tmpfile_f006_13 pgb2file_f006_13 0p25:0p50:1p00'
+ run_mpmd.sh[69](( nm=nm+1 ))
+ run_mpmd.sh[67]IFS=
+ run_mpmd.sh[67]read -r line
+ run_mpmd.sh[68]echo '13 /work2/noaa/global/mterry/global-workflow_forked/ush/interp_atmos_master.sh tmpfile_f006_14 pgb2file_f006_14 0p25:0p50:1p00'
+ run_mpmd.sh[69](( nm=nm+1 ))
+ run_mpmd.sh[67]IFS=
+ run_mpmd.sh[67]read -r line
+ run_mpmd.sh[68]echo '14 /work2/noaa/global/mterry/global-workflow_forked/ush/interp_atmos_master.sh tmpfile_f006_15 pgb2file_f006_15 0p25:0p50:1p00'
+ run_mpmd.sh[69](( nm=nm+1 ))
+ run_mpmd.sh[67]IFS=
+ run_mpmd.sh[67]read -r line
+ run_mpmd.sh[68]echo '15 /work2/noaa/global/mterry/global-workflow_forked/ush/interp_atmos_master.sh tmpfile_f006_16 pgb2file_f006_16 0p25:0p50:1p00'
+ run_mpmd.sh[69](( nm=nm+1 ))
+ run_mpmd.sh[67]IFS=
+ run_mpmd.sh[67]read -r line
+ run_mpmd.sh[68]echo '16 /work2/noaa/global/mterry/global-workflow_forked/ush/interp_atmos_master.sh tmpfile_f006_17 pgb2file_f006_17 0p25:0p50:1p00'
+ run_mpmd.sh[69](( nm=nm+1 ))
+ run_mpmd.sh[67]IFS=
+ run_mpmd.sh[67]read -r line
+ run_mpmd.sh[68]echo '17 /work2/noaa/global/mterry/global-workflow_forked/ush/interp_atmos_master.sh tmpfile_f006_18 pgb2file_f006_18 0p25:0p50:1p00'
+ run_mpmd.sh[69](( nm=nm+1 ))
+ run_mpmd.sh[67]IFS=
+ run_mpmd.sh[67]read -r line
+ run_mpmd.sh[68]echo '18 /work2/noaa/global/mterry/global-workflow_forked/ush/interp_atmos_master.sh tmpfile_f006_19 pgb2file_f006_19 0p25:0p50:1p00'
+ run_mpmd.sh[69](( nm=nm+1 ))
+ run_mpmd.sh[67]IFS=
+ run_mpmd.sh[67]read -r line
+ run_mpmd.sh[68]echo '19 /work2/noaa/global/mterry/global-workflow_forked/ush/interp_atmos_master.sh tmpfile_f006_20 pgb2file_f006_20 0p25:0p50:1p00'
+ run_mpmd.sh[69](( nm=nm+1 ))
+ run_mpmd.sh[67]IFS=
+ run_mpmd.sh[67]read -r line
+ run_mpmd.sh[68]echo '20 /work2/noaa/global/mterry/global-workflow_forked/ush/interp_atmos_master.sh tmpfile_f006_21 pgb2file_f006_21 0p25:0p50:1p00'
+ run_mpmd.sh[69](( nm=nm+1 ))
+ run_mpmd.sh[67]IFS=
+ run_mpmd.sh[67]read -r line
+ run_mpmd.sh[68]echo '21 /work2/noaa/global/mterry/global-workflow_forked/ush/interp_atmos_master.sh tmpfile_f006_22 pgb2file_f006_22 0p25:0p50:1p00'
+ run_mpmd.sh[69](( nm=nm+1 ))
+ run_mpmd.sh[67]IFS=
+ run_mpmd.sh[67]read -r line
+ run_mpmd.sh[68]echo '22 /work2/noaa/global/mterry/global-workflow_forked/ush/interp_atmos_master.sh tmpfile_f006_23 pgb2file_f006_23 0p25:0p50:1p00'
+ run_mpmd.sh[69](( nm=nm+1 ))
+ run_mpmd.sh[67]IFS=
+ run_mpmd.sh[67]read -r line
+ run_mpmd.sh[68]echo '23 /work2/noaa/global/mterry/global-workflow_forked/ush/interp_atmos_master.sh tmpfile_f006_24 pgb2file_f006_24 0p25:0p50:1p00'
+ run_mpmd.sh[69](( nm=nm+1 ))
+ run_mpmd.sh[67]IFS=
+ run_mpmd.sh[67]read -r line
+ run_mpmd.sh[72]set +e
+ run_mpmd.sh[74]srun -l --export=ALL --hint=nomultithread --multi-prog --output=mpmd.%j.%t.out -n 24 /work2/noaa/stmp/mterry/HERCULES/RUNDIRS/C48mx500_hybAOWCDA/gdas.2021032500/atmos_products_f006.349486/mpmd_cmdfile
+ run_mpmd.sh[75]err=0
+ run_mpmd.sh[76]set_strict
+ preamble.sh[35][[ YES == \Y\E\S ]]
+ preamble.sh[37]set -eu
+ run_mpmd.sh[103][[ 0 -eq 0 ]]
+ run_mpmd.sh[104]rm -f /work2/noaa/stmp/mterry/HERCULES/RUNDIRS/C48mx500_hybAOWCDA/gdas.2021032500/atmos_products_f006.349486/mpmd_cmdfile
++ run_mpmd.sh[105]find . -name 'mpmd.*.out'
+ run_mpmd.sh[105]out_files='./mpmd.5952109.19.out
./mpmd.5952109.20.out
./mpmd.5952109.3.out
./mpmd.5952109.10.out
./mpmd.5952109.12.out
./mpmd.5952109.5.out
./mpmd.5952109.1.out
./mpmd.5952109.9.out
./mpmd.5952109.22.out
./mpmd.5952109.7.out
./mpmd.5952109.2.out
./mpmd.5952109.17.out
./mpmd.5952109.6.out
./mpmd.5952109.8.out
./mpmd.5952109.11.out
./mpmd.5952109.16.out
./mpmd.5952109.21.out
./mpmd.5952109.4.out
./mpmd.5952109.23.out
./mpmd.5952109.13.out
./mpmd.5952109.0.out
./mpmd.5952109.15.out
./mpmd.5952109.14.out
./mpmd.5952109.18.out'
+ run_mpmd.sh[106]for file in ${out_files}
+ run_mpmd.sh[107]cat ./mpmd.5952109.19.out
+ run_mpmd.sh[108]rm -f ./mpmd.5952109.19.out
+ run_mpmd.sh[106]for file in ${out_files}
+ run_mpmd.sh[107]cat ./mpmd.5952109.20.out
+ run_mpmd.sh[108]rm -f ./mpmd.5952109.20.out
+ run_mpmd.sh[106]for file in ${out_files}
+ run_mpmd.sh[107]cat ./mpmd.5952109.3.out
+ run_mpmd.sh[108]rm -f ./mpmd.5952109.3.out
+ run_mpmd.sh[106]for file in ${out_files}
+ run_mpmd.sh[107]cat ./mpmd.5952109.10.out
+ run_mpmd.sh[108]rm -f ./mpmd.5952109.10.out
+ run_mpmd.sh[106]for file in ${out_files}
+ run_mpmd.sh[107]cat ./mpmd.5952109.12.out
+ run_mpmd.sh[108]rm -f ./mpmd.5952109.12.out
+ run_mpmd.sh[106]for file in ${out_files}
+ run_mpmd.sh[107]cat ./mpmd.5952109.5.out
+ run_mpmd.sh[108]rm -f ./mpmd.5952109.5.out
+ run_mpmd.sh[106]for file in ${out_files}
+ run_mpmd.sh[107]cat ./mpmd.5952109.1.out
+ run_mpmd.sh[108]rm -f ./mpmd.5952109.1.out
+ run_mpmd.sh[106]for file in ${out_files}
+ run_mpmd.sh[107]cat ./mpmd.5952109.9.out
+ run_mpmd.sh[108]rm -f ./mpmd.5952109.9.out
+ run_mpmd.sh[106]for file in ${out_files}
+ run_mpmd.sh[107]cat ./mpmd.5952109.22.out
+ run_mpmd.sh[108]rm -f ./mpmd.5952109.22.out
+ run_mpmd.sh[106]for file in ${out_files}
+ run_mpmd.sh[107]cat ./mpmd.5952109.7.out
+ run_mpmd.sh[108]rm -f ./mpmd.5952109.7.out
+ run_mpmd.sh[106]for file in ${out_files}
+ run_mpmd.sh[107]cat ./mpmd.5952109.2.out
+ run_mpmd.sh[108]rm -f ./mpmd.5952109.2.out
+ run_mpmd.sh[106]for file in ${out_files}
+ run_mpmd.sh[107]cat ./mpmd.5952109.17.out
+ run_mpmd.sh[108]rm -f ./mpmd.5952109.17.out
+ run_mpmd.sh[106]for file in ${out_files}
+ run_mpmd.sh[107]cat ./mpmd.5952109.6.out
+ run_mpmd.sh[108]rm -f ./mpmd.5952109.6.out
+ run_mpmd.sh[106]for file in ${out_files}
+ run_mpmd.sh[107]cat ./mpmd.5952109.8.out
+ run_mpmd.sh[108]rm -f ./mpmd.5952109.8.out
+ run_mpmd.sh[106]for file in ${out_files}
+ run_mpmd.sh[107]cat ./mpmd.5952109.11.out
+ run_mpmd.sh[108]rm -f ./mpmd.5952109.11.out
+ run_mpmd.sh[106]for file in ${out_files}
+ run_mpmd.sh[107]cat ./mpmd.5952109.16.out
+ run_mpmd.sh[108]rm -f ./mpmd.5952109.16.out
+ run_mpmd.sh[106]for file in ${out_files}
+ run_mpmd.sh[107]cat ./mpmd.5952109.21.out
+ run_mpmd.sh[108]rm -f ./mpmd.5952109.21.out
+ run_mpmd.sh[106]for file in ${out_files}
+ run_mpmd.sh[107]cat ./mpmd.5952109.4.out
+ run_mpmd.sh[108]rm -f ./mpmd.5952109.4.out
+ run_mpmd.sh[106]for file in ${out_files}
+ run_mpmd.sh[107]cat ./mpmd.5952109.23.out
+ run_mpmd.sh[108]rm -f ./mpmd.5952109.23.out
+ run_mpmd.sh[106]for file in ${out_files}
+ run_mpmd.sh[107]cat ./mpmd.5952109.13.out
+ run_mpmd.sh[108]rm -f ./mpmd.5952109.13.out
+ run_mpmd.sh[106]for file in ${out_files}
+ run_mpmd.sh[107]cat ./mpmd.5952109.0.out
+ run_mpmd.sh[108]rm -f ./mpmd.5952109.0.out
+ run_mpmd.sh[106]for file in ${out_files}
+ run_mpmd.sh[107]cat ./mpmd.5952109.15.out
+ run_mpmd.sh[108]rm -f ./mpmd.5952109.15.out
+ run_mpmd.sh[106]for file in ${out_files}
+ run_mpmd.sh[107]cat ./mpmd.5952109.14.out
+ run_mpmd.sh[108]rm -f ./mpmd.5952109.14.out
+ run_mpmd.sh[106]for file in ${out_files}
+ run_mpmd.sh[107]cat ./mpmd.5952109.18.out
+ run_mpmd.sh[108]rm -f ./mpmd.5952109.18.out
+ run_mpmd.sh[110]cat mpmd.out
19: + bash[8]'[' -z '' ']'
19: + bash[9]case "$-" in
19: + bash[12]__lmod_vx=x
19: + bash[16]'[' -n x ']'
19: + bash[16]set +x
19: Shell debugging temporarily silenced: export LMOD_SH_DBG_ON=1 for this output (/apps/other/lmod/lmod/init/bash)
19: Shell debugging restarted
19: + bash[224]unset __lmod_vx
19: + interp_atmos_master.sh[7]input_file=tmpfile_f006_20
19: + interp_atmos_master.sh[8]output_file_prefix=pgb2file_f006_20
19: + interp_atmos_master.sh[9]grid_string=0p25:0p50:1p00
19: + interp_atmos_master.sh[12]defaults='-set_grib_type same -set_bitmap 1 -set_grib_max_bits 16'
19: + interp_atmos_master.sh[13]interp_winds='-new_grid_winds earth'
19: + interp_atmos_master.sh[14]interp_bilinear='-new_grid_interpolation bilinear'
19: + interp_atmos_master.sh[15]interp_neighbor='-if :(CSNOW|CRAIN|CFRZR|CICEP|ICSEV): -new_grid_interpolation neighbor -fi'
19: + interp_atmos_master.sh[16]interp_budget='-if :(APCP|ACPCP|PRATE|CPRAT|DZDT): -new_grid_interpolation budget -fi'
19: + interp_atmos_master.sh[17]increased_bits='-if :(APCP|ACPCP|PRATE|CPRAT): -set_grib_max_bits 25 -fi'
19: + interp_atmos_master.sh[21]grid0p25='latlon 0:1440:0.25 90:721:-0.25'
19: + interp_atmos_master.sh[23]grid0p50='latlon 0:720:0.5 90:361:-0.5'
19: + interp_atmos_master.sh[25]grid1p00='latlon 0:360:1.0 90:181:-1.0'
19: + interp_atmos_master.sh[28]source /work2/noaa/global/mterry/global-workflow_forked/ush/product_functions.sh
19: + interp_atmos_master.sh[31]IFS=:
19: + interp_atmos_master.sh[31]read -ra grids
19: + interp_atmos_master.sh[33]output_grids=
19: + interp_atmos_master.sh[34]for grid in "${grids[@]}"
19: + interp_atmos_master.sh[35]gridopt=grid0p25
19: + interp_atmos_master.sh[36]output_grids=' -new_grid latlon 0:1440:0.25 90:721:-0.25 pgb2file_f006_20_0p25'
19: + interp_atmos_master.sh[34]for grid in "${grids[@]}"
19: + interp_atmos_master.sh[35]gridopt=grid0p50
19: + interp_atmos_master.sh[36]output_grids=' -new_grid latlon 0:1440:0.25 90:721:-0.25 pgb2file_f006_20_0p25 -new_grid latlon 0:720:0.5 90:361:-0.5 pgb2file_f006_20_0p50'
19: + interp_atmos_master.sh[34]for grid in "${grids[@]}"
19: + interp_atmos_master.sh[35]gridopt=grid1p00
19: + interp_atmos_master.sh[36]output_grids=' -new_grid latlon 0:1440:0.25 90:721:-0.25 pgb2file_f006_20_0p25 -new_grid latlon 0:720:0.5 90:361:-0.5 pgb2file_f006_20_0p50 -new_grid latlon 0:360:1.0 90:181:-1.0 pgb2file_f006_20_1p00'
19: + interp_atmos_master.sh[40]wgrib2 tmpfile_f006_20 -set_grib_type same -set_bitmap 1 -set_grib_max_bits 16 -new_grid_winds earth -new_grid_interpolation bilinear -if ':(CSNOW|CRAIN|CFRZR|CICEP|ICSEV):' -new_grid_interpolation neighbor -fi -if ':(APCP|ACPCP|PRATE|CPRAT|DZDT):' -new_grid_interpolation budget -fi -if ':(APCP|ACPCP|PRATE|CPRAT):' -set_grib_max_bits 25 -fi -new_grid latlon 0:1440:0.25 90:721:-0.25 pgb2file_f006_20_0p25 -new_grid latlon 0:720:0.5 90:361:-0.5 pgb2file_f006_20_0p50 -new_grid latlon 0:360:1.0 90:181:-1.0 pgb2file_f006_20_1p00
19: 1:0:d=2021032500:CPRAT:surface:0-6 hour ave fcst:
19: 2:22108:d=2021032500:PRATE:surface:0-6 hour ave fcst:
19: 3:43446:d=2021032500:APCP:surface:0-6 hour acc fcst:
19: 4:54098:d=2021032500:APCP:surface:0-6 hour acc fcst:
19: 5:68124:d=2021032500:ACPCP:surface:0-6 hour acc fcst:
19: 6:76567:d=2021032500:ACPCP:surface:0-6 hour acc fcst:
19: 7:87834:d=2021032500:FROZR:surface:0-6 hour acc fcst:
19: 8:90341:d=2021032500:FRZR:surface:0-6 hour acc fcst:
19: 9:92848:d=2021032500:TSNOWP:surface:0-6 hour acc fcst:
19: 10:95355:d=2021032500:WATR:surface:0-6 hour acc fcst:
19: 11:105940:d=2021032500:FROZR:surface:0-6 hour acc fcst:
19: 12:108447:d=2021032500:FRZR:surface:0-6 hour acc fcst:
19: 13:110954:d=2021032500:TSNOWP:surface:0-6 hour acc fcst:
19: 14:113461:d=2021032500:CSNOW:surface:6 hour fcst:
19: 15:115284:d=2021032500:CICEP:surface:6 hour fcst:
19: 16:115463:d=2021032500:CFRZR:surface:6 hour fcst:
19: 17:115699:d=2021032500:CRAIN:surface:6 hour fcst:
19: 18:119242:d=2021032500:LHTFL:surface:0-6 hour ave fcst:
19: 19:141401:d=2021032500:SHTFL:surface:0-6 hour ave fcst:
19: 20:162198:d=2021032500:GFLUX:surface:0-6 hour ave fcst:
19: 21:174267:d=2021032500:UFLX:surface:0-6 hour ave fcst:
19: 22:191126:d=2021032500:VFLX:surface:0-6 hour ave fcst:
19: 23:207834:d=2021032500:SFCR:surface:6 hour fcst:
19: 24:227360:d=2021032500:FRICV:surface:6 hour fcst:
19: 25:249530:d=2021032500:U-GWD:surface:0-6 hour ave fcst:
19: 26:264874:d=2021032500:V-GWD:surface:0-6 hour ave fcst:
19: 27:280027:d=2021032500:VEG:surface:6 hour fcst:
19: 28:288063:d=2021032500:SOTYP:surface:6 hour fcst:
19: 29:299114:d=2021032500:WILT:surface:6 hour fcst:
19: 30:309077:d=2021032500:FLDCP:surface:6 hour fcst:
19: 31:319329:d=2021032500:SUNSD:surface:6 hour fcst:
19: + interp_atmos_master.sh[47]export err=0
19: + interp_atmos_master.sh[47]err=0
19: + interp_atmos_master.sh[48][[ 0 -ne 0 ]]
19: + interp_atmos_master.sh[54]for grid in "${grids[@]}"
19: + interp_atmos_master.sh[55]trim_rh pgb2file_f006_20_0p25
19: + product_functions.sh[5]local filename=pgb2file_f006_20_0p25
19: + product_functions.sh[6]wgrib2 pgb2file_f006_20_0p25 -not_if :RH: -grib pgb2file_f006_20_0p25.new -if :RH: -rpn '10:*:0.5:+:floor:1000:min:10:/' -set_grib_type same -set_scaling -1 0 -grib_out pgb2file_f006_20_0p25.new
19: 1:0:d=2021032500:CPRAT:surface:0-6 hour ave fcst:
19: 2:550351:d=2021032500:PRATE:surface:0-6 hour ave fcst:
19: 3:1041033:d=2021032500:APCP:surface:0-6 hour acc fcst:
19: 4:1247206:d=2021032500:APCP:surface:0-6 hour acc fcst:
19: 5:1529301:d=2021032500:ACPCP:surface:0-6 hour acc fcst:
19: 6:1685687:d=2021032500:ACPCP:surface:0-6 hour acc fcst:
19: 7:1907829:d=2021032500:FROZR:surface:0-6 hour acc fcst:
19: 8:2037812:d=2021032500:FRZR:surface:0-6 hour acc fcst:
19: 9:2167795:d=2021032500:TSNOWP:surface:0-6 hour acc fcst:
19: 10:2297778:d=2021032500:WATR:surface:0-6 hour acc fcst:
19: 11:2595582:d=2021032500:FROZR:surface:0-6 hour acc fcst:
19: 12:2725565:d=2021032500:FRZR:surface:0-6 hour acc fcst:
19: 13:2855548:d=2021032500:TSNOWP:surface:0-6 hour acc fcst:
19: 14:2985531:d=2021032500:CSNOW:surface:6 hour fcst:
19: 15:3007618:d=2021032500:CICEP:surface:6 hour fcst:
19: 16:3007797:d=2021032500:CFRZR:surface:6 hour fcst:
19: 17:3008280:d=2021032500:CRAIN:surface:6 hour fcst:
19: 18:3073041:d=2021032500:LHTFL:surface:0-6 hour ave fcst:
19: 19:3630938:d=2021032500:SHTFL:surface:0-6 hour ave fcst:
19: 20:4125523:d=2021032500:GFLUX:surface:0-6 hour ave fcst:
19: 21:4493741:d=2021032500:UFLX:surface:0-6 hour ave fcst:
19: 22:4857342:d=2021032500:VFLX:surface:0-6 hour ave fcst:
19: 23:5226935:d=2021032500:SFCR:surface:6 hour fcst:
19: 24:5658887:d=2021032500:FRICV:surface:6 hour fcst:
19: 25:6186701:d=2021032500:U-GWD:surface:0-6 hour ave fcst:
19: 26:6533655:d=2021032500:V-GWD:surface:0-6 hour ave fcst:
19: 27:6872143:d=2021032500:VEG:surface:6 hour fcst:
19: 28:7145453:d=2021032500:SOTYP:surface:6 hour fcst:
19: 29:7383811:d=2021032500:WILT:surface:6 hour fcst:
19: 30:7697602:d=2021032500:FLDCP:surface:6 hour fcst:
19: 31:8020742:d=2021032500:SUNSD:surface:6 hour fcst:
19: + product_functions.sh[10]rc=0
19: + product_functions.sh[11]((  rc == 0  ))
19: + product_functions.sh[11]mv pgb2file_f006_20_0p25.new pgb2file_f006_20_0p25
19: + product_functions.sh[12]return 0
19: + interp_atmos_master.sh[56]export err=0
19: + interp_atmos_master.sh[56]err=0
19: + interp_atmos_master.sh[57][[ 0 -ne 0 ]]
19: ++ interp_atmos_master.sh[62]wc -l
19: ++ interp_atmos_master.sh[62]wgrib2 pgb2file_f006_20_0p25 -match 'LAND|ICEC'
19: + interp_atmos_master.sh[62]var_count=0
19: + interp_atmos_master.sh[63][[ 0 -eq 2 ]]
19: + interp_atmos_master.sh[54]for grid in "${grids[@]}"
19: + interp_atmos_master.sh[55]trim_rh pgb2file_f006_20_0p50
19: + product_functions.sh[5]local filename=pgb2file_f006_20_0p50
19: + product_functions.sh[6]wgrib2 pgb2file_f006_20_0p50 -not_if :RH: -grib pgb2file_f006_20_0p50.new -if :RH: -rpn '10:*:0.5:+:floor:1000:min:10:/' -set_grib_type same -set_scaling -1 0 -grib_out pgb2file_f006_20_0p50.new
19: 1:0:d=2021032500:CPRAT:surface:0-6 hour ave fcst:
19: 2:185571:d=2021032500:PRATE:surface:0-6 hour ave fcst:
19: 3:352167:d=2021032500:APCP:surface:0-6 hour acc fcst:
19: 4:420188:d=2021032500:APCP:surface:0-6 hour acc fcst:
19: 5:514861:d=2021032500:ACPCP:surface:0-6 hour acc fcst:
19: 6:566201:d=2021032500:ACPCP:surface:0-6 hour acc fcst:
19: 7:641003:d=2021032500:FROZR:surface:0-6 hour acc fcst:
19: 8:673696:d=2021032500:FRZR:surface:0-6 hour acc fcst:
19: 9:706389:d=2021032500:TSNOWP:surface:0-6 hour acc fcst:
19: 10:739082:d=2021032500:WATR:surface:0-6 hour acc fcst:
19: 11:831467:d=2021032500:FROZR:surface:0-6 hour acc fcst:
19: 12:864160:d=2021032500:FRZR:surface:0-6 hour acc fcst:
19: 13:896853:d=2021032500:TSNOWP:surface:0-6 hour acc fcst:
19: 14:929546:d=2021032500:CSNOW:surface:6 hour fcst:
19: 15:939046:d=2021032500:CICEP:surface:6 hour fcst:
19: 16:939225:d=2021032500:CFRZR:surface:6 hour fcst:
19: 17:939546:d=2021032500:CRAIN:surface:6 hour fcst:
19: 18:963550:d=2021032500:LHTFL:surface:0-6 hour ave fcst:
19: 19:1151751:d=2021032500:SHTFL:surface:0-6 hour ave fcst:
19: 20:1322082:d=2021032500:GFLUX:surface:0-6 hour ave fcst:
19: 21:1435767:d=2021032500:UFLX:surface:0-6 hour ave fcst:
19: 22:1559317:d=2021032500:VFLX:surface:0-6 hour ave fcst:
19: 23:1684438:d=2021032500:SFCR:surface:6 hour fcst:
19: 24:1844335:d=2021032500:FRICV:surface:6 hour fcst:
19: 25:2027823:d=2021032500:U-GWD:surface:0-6 hour ave fcst:
19: 26:2153945:d=2021032500:V-GWD:surface:0-6 hour ave fcst:
19: 27:2277530:d=2021032500:VEG:surface:6 hour fcst:
19: 28:2359439:d=2021032500:SOTYP:surface:6 hour fcst:
19: 29:2447727:d=2021032500:WILT:surface:6 hour fcst:
19: 30:2545484:d=2021032500:FLDCP:surface:6 hour fcst:
19: 31:2646703:d=2021032500:SUNSD:surface:6 hour fcst:
19: + product_functions.sh[10]rc=0
19: + product_functions.sh[11]((  rc == 0  ))
19: + product_functions.sh[11]mv pgb2file_f006_20_0p50.new pgb2file_f006_20_0p50
19: + product_functions.sh[12]return 0
19: + interp_atmos_master.sh[56]export err=0
19: + interp_atmos_master.sh[56]err=0
19: + interp_atmos_master.sh[57][[ 0 -ne 0 ]]
19: ++ interp_atmos_master.sh[62]wc -l
19: ++ interp_atmos_master.sh[62]wgrib2 pgb2file_f006_20_0p50 -match 'LAND|ICEC'
19: + interp_atmos_master.sh[62]var_count=0
19: + interp_atmos_master.sh[63][[ 0 -eq 2 ]]
19: + interp_atmos_master.sh[54]for grid in "${grids[@]}"
19: + interp_atmos_master.sh[55]trim_rh pgb2file_f006_20_1p00
19: + product_functions.sh[5]local filename=pgb2file_f006_20_1p00
19: + product_functions.sh[6]wgrib2 pgb2file_f006_20_1p00 -not_if :RH: -grib pgb2file_f006_20_1p00.new -if :RH: -rpn '10:*:0.5:+:floor:1000:min:10:/' -set_grib_type same -set_scaling -1 0 -grib_out pgb2file_f006_20_1p00.new
19: 1:0:d=2021032500:CPRAT:surface:0-6 hour ave fcst:
19: 2:59244:d=2021032500:PRATE:surface:0-6 hour ave fcst:
19: 3:113824:d=2021032500:APCP:surface:0-6 hour acc fcst:
19: 4:137694:d=2021032500:APCP:surface:0-6 hour acc fcst:
19: 5:170216:d=2021032500:ACPCP:surface:0-6 hour acc fcst:
19: 6:188509:d=2021032500:ACPCP:surface:0-6 hour acc fcst:
19: 7:214381:d=2021032500:FROZR:surface:0-6 hour acc fcst:
19: 8:222729:d=2021032500:FRZR:surface:0-6 hour acc fcst:
19: 9:231077:d=2021032500:TSNOWP:surface:0-6 hour acc fcst:
19: 10:239425:d=2021032500:WATR:surface:0-6 hour acc fcst:
19: 11:268176:d=2021032500:FROZR:surface:0-6 hour acc fcst:
19: 12:276524:d=2021032500:FRZR:surface:0-6 hour acc fcst:
19: 13:284872:d=2021032500:TSNOWP:surface:0-6 hour acc fcst:
19: 14:293220:d=2021032500:CSNOW:surface:6 hour fcst:
19: 15:297014:d=2021032500:CICEP:surface:6 hour fcst:
19: 16:297193:d=2021032500:CFRZR:surface:6 hour fcst:
19: 17:297450:d=2021032500:CRAIN:surface:6 hour fcst:
19: 18:305594:d=2021032500:LHTFL:surface:0-6 hour ave fcst:
19: 19:364888:d=2021032500:SHTFL:surface:0-6 hour ave fcst:
19: 20:419704:d=2021032500:GFLUX:surface:0-6 hour ave fcst:
19: 21:453629:d=2021032500:UFLX:surface:0-6 hour ave fcst:
19: 22:496028:d=2021032500:VFLX:surface:0-6 hour ave fcst:
19: 23:538405:d=2021032500:SFCR:surface:6 hour fcst:
19: 24:589345:d=2021032500:FRICV:surface:6 hour fcst:
19: 25:648597:d=2021032500:U-GWD:surface:0-6 hour ave fcst:
19: 26:689966:d=2021032500:V-GWD:surface:0-6 hour ave fcst:
19: 27:730382:d=2021032500:VEG:surface:6 hour fcst:
19: 28:754264:d=2021032500:SOTYP:surface:6 hour fcst:
19: 29:783669:d=2021032500:WILT:surface:6 hour fcst:
19: 30:812433:d=2021032500:FLDCP:surface:6 hour fcst:
19: 31:842169:d=2021032500:SUNSD:surface:6 hour fcst:
19: + product_functions.sh[10]rc=0
19: + product_functions.sh[11]((  rc == 0  ))
19: + product_functions.sh[11]mv pgb2file_f006_20_1p00.new pgb2file_f006_20_1p00
19: + product_functions.sh[12]return 0
19: + interp_atmos_master.sh[56]export err=0
19: + interp_atmos_master.sh[56]err=0
19: + interp_atmos_master.sh[57][[ 0 -ne 0 ]]
19: ++ interp_atmos_master.sh[62]wc -l
19: ++ interp_atmos_master.sh[62]wgrib2 pgb2file_f006_20_1p00 -match 'LAND|ICEC'
19: + interp_atmos_master.sh[62]var_count=0
19: + interp_atmos_master.sh[63][[ 0 -eq 2 ]]
19: + interp_atmos_master.sh[73]exit 0
20: + bash[8]'[' -z '' ']'
20: + bash[9]case "$-" in
20: + bash[12]__lmod_vx=x
20: + bash[16]'[' -n x ']'
20: + bash[16]set +x
20: Shell debugging temporarily silenced: export LMOD_SH_DBG_ON=1 for this output (/apps/other/lmod/lmod/init/bash)
20: Shell debugging restarted
20: + bash[224]unset __lmod_vx
20: + interp_atmos_master.sh[7]input_file=tmpfile_f006_21
20: + interp_atmos_master.sh[8]output_file_prefix=pgb2file_f006_21
20: + interp_atmos_master.sh[9]grid_string=0p25:0p50:1p00
20: + interp_atmos_master.sh[12]defaults='-set_grib_type same -set_bitmap 1 -set_grib_max_bits 16'
20: + interp_atmos_master.sh[13]interp_winds='-new_grid_winds earth'
20: + interp_atmos_master.sh[14]interp_bilinear='-new_grid_interpolation bilinear'
20: + interp_atmos_master.sh[15]interp_neighbor='-if :(CSNOW|CRAIN|CFRZR|CICEP|ICSEV): -new_grid_interpolation neighbor -fi'
20: + interp_atmos_master.sh[16]interp_budget='-if :(APCP|ACPCP|PRATE|CPRAT|DZDT): -new_grid_interpolation budget -fi'
20: + interp_atmos_master.sh[17]increased_bits='-if :(APCP|ACPCP|PRATE|CPRAT): -set_grib_max_bits 25 -fi'
20: + interp_atmos_master.sh[21]grid0p25='latlon 0:1440:0.25 90:721:-0.25'
20: + interp_atmos_master.sh[23]grid0p50='latlon 0:720:0.5 90:361:-0.5'
20: + interp_atmos_master.sh[25]grid1p00='latlon 0:360:1.0 90:181:-1.0'
20: + interp_atmos_master.sh[28]source /work2/noaa/global/mterry/global-workflow_forked/ush/product_functions.sh
20: + interp_atmos_master.sh[31]IFS=:
20: + interp_atmos_master.sh[31]read -ra grids
20: + interp_atmos_master.sh[33]output_grids=
20: + interp_atmos_master.sh[34]for grid in "${grids[@]}"
20: + interp_atmos_master.sh[35]gridopt=grid0p25
20: + interp_atmos_master.sh[36]output_grids=' -new_grid latlon 0:1440:0.25 90:721:-0.25 pgb2file_f006_21_0p25'
20: + interp_atmos_master.sh[34]for grid in "${grids[@]}"
20: + interp_atmos_master.sh[35]gridopt=grid0p50
20: + interp_atmos_master.sh[36]output_grids=' -new_grid latlon 0:1440:0.25 90:721:-0.25 pgb2file_f006_21_0p25 -new_grid latlon 0:720:0.5 90:361:-0.5 pgb2file_f006_21_0p50'
20: + interp_atmos_master.sh[34]for grid in "${grids[@]}"
20: + interp_atmos_master.sh[35]gridopt=grid1p00
20: + interp_atmos_master.sh[36]output_grids=' -new_grid latlon 0:1440:0.25 90:721:-0.25 pgb2file_f006_21_0p25 -new_grid latlon 0:720:0.5 90:361:-0.5 pgb2file_f006_21_0p50 -new_grid latlon 0:360:1.0 90:181:-1.0 pgb2file_f006_21_1p00'
20: + interp_atmos_master.sh[40]wgrib2 tmpfile_f006_21 -set_grib_type same -set_bitmap 1 -set_grib_max_bits 16 -new_grid_winds earth -new_grid_interpolation bilinear -if ':(CSNOW|CRAIN|CFRZR|CICEP|ICSEV):' -new_grid_interpolation neighbor -fi -if ':(APCP|ACPCP|PRATE|CPRAT|DZDT):' -new_grid_interpolation budget -fi -if ':(APCP|ACPCP|PRATE|CPRAT):' -set_grib_max_bits 25 -fi -new_grid latlon 0:1440:0.25 90:721:-0.25 pgb2file_f006_21_0p25 -new_grid latlon 0:720:0.5 90:361:-0.5 pgb2file_f006_21_0p50 -new_grid latlon 0:360:1.0 90:181:-1.0 pgb2file_f006_21_1p00
20: 1:0:d=2021032500:LFTX:surface:6 hour fcst:
20: 2:14409:d=2021032500:CAPE:surface:6 hour fcst:
20: 3:29651:d=2021032500:CIN:surface:6 hour fcst:
20: 4:43598:d=2021032500:PWAT:entire atmosphere (considered as a single layer):6 hour fcst:
20: 5:71212:d=2021032500:CWAT:entire atmosphere (considered as a single layer):6 hour fcst:
20: 6:99182:d=2021032500:RH:entire atmosphere (considered as a single layer):6 hour fcst:
20: 7:114715:d=2021032500:TOZNE:entire atmosphere (considered as a single layer):6 hour fcst:
20: 8:129750:d=2021032500:LCDC:low cloud layer:6 hour fcst:
20: 9:148204:d=2021032500:LCDC:low cloud layer:0-6 hour ave fcst:
20: 10:169106:d=2021032500:MCDC:middle cloud layer:6 hour fcst:
20: 11:186769:d=2021032500:MCDC:middle cloud layer:0-6 hour ave fcst:
20: 12:205700:d=2021032500:HCDC:high cloud layer:6 hour fcst:
20: 13:222877:d=2021032500:HCDC:high cloud layer:0-6 hour ave fcst:
20: 14:243210:d=2021032500:TCDC:entire atmosphere (considered as a single layer):6 hour fcst:
20: 15:260407:d=2021032500:TCDC:entire atmosphere (considered as a single layer):0-6 hour ave fcst:
20: 16:280633:d=2021032500:HGT:cloud ceiling:6 hour fcst:
20: 17:314947:d=2021032500:PRES:convective cloud bottom level:6 hour fcst:
20: 18:327991:d=2021032500:PRES:low cloud bottom level:0-6 hour ave fcst:
20: 19:351847:d=2021032500:PRES:middle cloud bottom level:0-6 hour ave fcst:
20: 20:370848:d=2021032500:PRES:high cloud bottom level:0-6 hour ave fcst:
20: 21:393128:d=2021032500:PRES:convective cloud top level:6 hour fcst:
20: 22:407517:d=2021032500:PRES:low cloud top level:0-6 hour ave fcst:
20: 23:431346:d=2021032500:PRES:middle cloud top level:0-6 hour ave fcst:
20: 24:450346:d=2021032500:PRES:high cloud top level:0-6 hour ave fcst:
20: 25:472730:d=2021032500:TMP:low cloud top level:0-6 hour ave fcst:
20: 26:490567:d=2021032500:TMP:middle cloud top level:0-6 hour ave fcst:
20: 27:505670:d=2021032500:TMP:high cloud top level:0-6 hour ave fcst:
20: 28:524120:d=2021032500:TCDC:convective cloud layer:6 hour fcst:
20: 29:544842:d=2021032500:TCDC:boundary layer cloud layer:0-6 hour ave fcst:
20: 30:562610:d=2021032500:CWORK:entire atmosphere (considered as a single layer):0-6 hour ave fcst:
20: 31:576456:d=2021032500:DSWRF:surface:0-6 hour ave fcst:
20: + interp_atmos_master.sh[47]export err=0
20: + interp_atmos_master.sh[47]err=0
20: + interp_atmos_master.sh[48][[ 0 -ne 0 ]]
20: + interp_atmos_master.sh[54]for grid in "${grids[@]}"
20: + interp_atmos_master.sh[55]trim_rh pgb2file_f006_21_0p25
20: + product_functions.sh[5]local filename=pgb2file_f006_21_0p25
20: + product_functions.sh[6]wgrib2 pgb2file_f006_21_0p25 -not_if :RH: -grib pgb2file_f006_21_0p25.new -if :RH: -rpn '10:*:0.5:+:floor:1000:min:10:/' -set_grib_type same -set_scaling -1 0 -grib_out pgb2file_f006_21_0p25.new
20: 1:0:d=2021032500:LFTX:surface:6 hour fcst:
20: 2:305832:d=2021032500:CAPE:surface:6 hour fcst:
20: 3:638345:d=2021032500:CIN:surface:6 hour fcst:
20: 4:928993:d=2021032500:PWAT:entire atmosphere (considered as a single layer):6 hour fcst:
20: 5:1672832:d=2021032500:CWAT:entire atmosphere (considered as a single layer):6 hour fcst:
20: 6:2388996:d=2021032500:RH:entire atmosphere (considered as a single layer):6 hour fcst:
20: 7:2738864:d=2021032500:TOZNE:entire atmosphere (considered as a single layer):6 hour fcst:
20: 8:3062080:d=2021032500:LCDC:low cloud layer:6 hour fcst:
20: 9:3418719:d=2021032500:LCDC:low cloud layer:0-6 hour ave fcst:
20: 10:3861184:d=2021032500:MCDC:middle cloud layer:6 hour fcst:
20: 11:4168672:d=2021032500:MCDC:middle cloud layer:0-6 hour ave fcst:
20: 12:4547924:d=2021032500:HCDC:high cloud layer:6 hour fcst:
20: 13:4839597:d=2021032500:HCDC:high cloud layer:0-6 hour ave fcst:
20: 14:5260089:d=2021032500:TCDC:entire atmosphere (considered as a single layer):6 hour fcst:
20: 15:5585651:d=2021032500:TCDC:entire atmosphere (considered as a single layer):0-6 hour ave fcst:
20: 16:6018311:d=2021032500:HGT:cloud ceiling:6 hour fcst:
20: 17:6744362:d=2021032500:PRES:convective cloud bottom level:6 hour fcst:
20: 18:7219270:d=2021032500:PRES:low cloud bottom level:0-6 hour ave fcst:
20: 19:7979580:d=2021032500:PRES:middle cloud bottom level:0-6 hour ave fcst:
20: 20:8580952:d=2021032500:PRES:high cloud bottom level:0-6 hour ave fcst:
20: 21:9283137:d=2021032500:PRES:convective cloud top level:6 hour fcst:
20: 22:9802552:d=2021032500:PRES:low cloud top level:0-6 hour ave fcst:
20: 23:10562991:d=2021032500:PRES:middle cloud top level:0-6 hour ave fcst:
20: 24:11132611:d=2021032500:PRES:high cloud top level:0-6 hour ave fcst:
20: 25:11860301:d=2021032500:TMP:low cloud top level:0-6 hour ave fcst:
20: 26:12411164:d=2021032500:TMP:middle cloud top level:0-6 hour ave fcst:
20: 27:12870138:d=2021032500:TMP:high cloud top level:0-6 hour ave fcst:
20: 28:13461898:d=2021032500:TCDC:convective cloud layer:6 hour fcst:
20: 29:13937467:d=2021032500:TCDC:boundary layer cloud layer:0-6 hour ave fcst:
20: 30:14289202:d=2021032500:CWORK:entire atmosphere (considered as a single layer):0-6 hour ave fcst:
20: 31:14597587:d=2021032500:DSWRF:surface:0-6 hour ave fcst:
20: + product_functions.sh[10]rc=0
20: + product_functions.sh[11]((  rc == 0  ))
20: + product_functions.sh[11]mv pgb2file_f006_21_0p25.new pgb2file_f006_21_0p25
20: + product_functions.sh[12]return 0
20: + interp_atmos_master.sh[56]export err=0
20: + interp_atmos_master.sh[56]err=0
20: + interp_atmos_master.sh[57][[ 0 -ne 0 ]]
20: ++ interp_atmos_master.sh[62]wc -l
20: ++ interp_atmos_master.sh[62]wgrib2 pgb2file_f006_21_0p25 -match 'LAND|ICEC'
20: + interp_atmos_master.sh[62]var_count=0
20: + interp_atmos_master.sh[63][[ 0 -eq 2 ]]
20: + interp_atmos_master.sh[54]for grid in "${grids[@]}"
20: + interp_atmos_master.sh[55]trim_rh pgb2file_f006_21_0p50
20: + product_functions.sh[5]local filename=pgb2file_f006_21_0p50
20: + product_functions.sh[6]wgrib2 pgb2file_f006_21_0p50 -not_if :RH: -grib pgb2file_f006_21_0p50.new -if :RH: -rpn '10:*:0.5:+:floor:1000:min:10:/' -set_grib_type same -set_scaling -1 0 -grib_out pgb2file_f006_21_0p50.new
20: 1:0:d=2021032500:LFTX:surface:6 hour fcst:
20: 2:100319:d=2021032500:CAPE:surface:6 hour fcst:
20: 3:216378:d=2021032500:CIN:surface:6 hour fcst:
20: 4:322235:d=2021032500:PWAT:entire atmosphere (considered as a single layer):6 hour fcst:
20: 5:579278:d=2021032500:CWAT:entire atmosphere (considered as a single layer):6 hour fcst:
20: 6:829095:d=2021032500:RH:entire atmosphere (considered as a single layer):6 hour fcst:
20: 7:946259:d=2021032500:TOZNE:entire atmosphere (considered as a single layer):6 hour fcst:
20: 8:1055055:d=2021032500:LCDC:low cloud layer:6 hour fcst:
20: 9:1196109:d=2021032500:LCDC:low cloud layer:0-6 hour ave fcst:
20: 10:1359722:d=2021032500:MCDC:middle cloud layer:6 hour fcst:
20: 11:1481495:d=2021032500:MCDC:middle cloud layer:0-6 hour ave fcst:
20: 12:1622772:d=2021032500:HCDC:high cloud layer:6 hour fcst:
20: 13:1740832:d=2021032500:HCDC:high cloud layer:0-6 hour ave fcst:
20: 14:1897160:d=2021032500:TCDC:entire atmosphere (considered as a single layer):6 hour fcst:
20: 15:2025529:d=2021032500:TCDC:entire atmosphere (considered as a single layer):0-6 hour ave fcst:
20: 16:2185129:d=2021032500:HGT:cloud ceiling:6 hour fcst:
20: 17:2494142:d=2021032500:PRES:convective cloud bottom level:6 hour fcst:
20: 18:2639845:d=2021032500:PRES:low cloud bottom level:0-6 hour ave fcst:
20: 19:2892209:d=2021032500:PRES:middle cloud bottom level:0-6 hour ave fcst:
20: 20:3089575:d=2021032500:PRES:high cloud bottom level:0-6 hour ave fcst:
20: 21:3321470:d=2021032500:PRES:convective cloud top level:6 hour fcst:
20: 22:3483323:d=2021032500:PRES:low cloud top level:0-6 hour ave fcst:
20: 23:3732336:d=2021032500:PRES:middle cloud top level:0-6 hour ave fcst:
20: 24:3922080:d=2021032500:PRES:high cloud top level:0-6 hour ave fcst:
20: 25:4158043:d=2021032500:TMP:low cloud top level:0-6 hour ave fcst:
20: 26:4336208:d=2021032500:TMP:middle cloud top level:0-6 hour ave fcst:
20: 27:4486164:d=2021032500:TMP:high cloud top level:0-6 hour ave fcst:
20: 28:4675031:d=2021032500:TCDC:convective cloud layer:6 hour fcst:
20: 29:4861103:d=2021032500:TCDC:boundary layer cloud layer:0-6 hour ave fcst:
20: 30:4993374:d=2021032500:CWORK:entire atmosphere (considered as a single layer):0-6 hour ave fcst:
20: 31:5104933:d=2021032500:DSWRF:surface:0-6 hour ave fcst:
20: + product_functions.sh[10]rc=0
20: + product_functions.sh[11]((  rc == 0  ))
20: + product_functions.sh[11]mv pgb2file_f006_21_0p50.new pgb2file_f006_21_0p50
20: + product_functions.sh[12]return 0
20: + interp_atmos_master.sh[56]export err=0
20: + interp_atmos_master.sh[56]err=0
20: + interp_atmos_master.sh[57][[ 0 -ne 0 ]]
20: ++ interp_atmos_master.sh[62]wc -l
20: ++ interp_atmos_master.sh[62]wgrib2 pgb2file_f006_21_0p50 -match 'LAND|ICEC'
20: + interp_atmos_master.sh[62]var_count=0
20: + interp_atmos_master.sh[63][[ 0 -eq 2 ]]
20: + interp_atmos_master.sh[54]for grid in "${grids[@]}"
20: + interp_atmos_master.sh[55]trim_rh pgb2file_f006_21_1p00
20: + product_functions.sh[5]local filename=pgb2file_f006_21_1p00
20: + product_functions.sh[6]wgrib2 pgb2file_f006_21_1p00 -not_if :RH: -grib pgb2file_f006_21_1p00.new -if :RH: -rpn '10:*:0.5:+:floor:1000:min:10:/' -set_grib_type same -set_scaling -1 0 -grib_out pgb2file_f006_21_1p00.new
20: 1:0:d=2021032500:LFTX:surface:6 hour fcst:
20: 2:34387:d=2021032500:CAPE:surface:6 hour fcst:
20: 3:72848:d=2021032500:CIN:surface:6 hour fcst:
20: 4:108680:d=2021032500:PWAT:entire atmosphere (considered as a single layer):6 hour fcst:
20: 5:185963:d=2021032500:CWAT:entire atmosphere (considered as a single layer):6 hour fcst:
20: 6:263283:d=2021032500:RH:entire atmosphere (considered as a single layer):6 hour fcst:
20: 7:302504:d=2021032500:TOZNE:entire atmosphere (considered as a single layer):6 hour fcst:
20: 8:338869:d=2021032500:LCDC:low cloud layer:6 hour fcst:
20: 9:387279:d=2021032500:LCDC:low cloud layer:0-6 hour ave fcst:
20: 10:441966:d=2021032500:MCDC:middle cloud layer:6 hour fcst:
20: 11:486374:d=2021032500:MCDC:middle cloud layer:0-6 hour ave fcst:
20: 12:534653:d=2021032500:HCDC:high cloud layer:6 hour fcst:
20: 13:577565:d=2021032500:HCDC:high cloud layer:0-6 hour ave fcst:
20: 14:630539:d=2021032500:TCDC:entire atmosphere (considered as a single layer):6 hour fcst:
20: 15:675486:d=2021032500:TCDC:entire atmosphere (considered as a single layer):0-6 hour ave fcst:
20: 16:729205:d=2021032500:HGT:cloud ceiling:6 hour fcst:
20: 17:824839:d=2021032500:PRES:convective cloud bottom level:6 hour fcst:
20: 18:865556:d=2021032500:PRES:low cloud bottom level:0-6 hour ave fcst:
20: 19:937742:d=2021032500:PRES:middle cloud bottom level:0-6 hour ave fcst:
20: 20:995418:d=2021032500:PRES:high cloud bottom level:0-6 hour ave fcst:
20: 21:1062650:d=2021032500:PRES:convective cloud top level:6 hour fcst:
20: 22:1107807:d=2021032500:PRES:low cloud top level:0-6 hour ave fcst:
20: 23:1179976:d=2021032500:PRES:middle cloud top level:0-6 hour ave fcst:
20: 24:1236758:d=2021032500:PRES:high cloud top level:0-6 hour ave fcst:
20: 25:1304718:d=2021032500:TMP:low cloud top level:0-6 hour ave fcst:
20: 26:1357595:d=2021032500:TMP:middle cloud top level:0-6 hour ave fcst:
20: 27:1402690:d=2021032500:TMP:high cloud top level:0-6 hour ave fcst:
20: 28:1458254:d=2021032500:TCDC:convective cloud layer:6 hour fcst:
20: 29:1516387:d=2021032500:TCDC:boundary layer cloud layer:0-6 hour ave fcst:
20: 30:1562239:d=2021032500:CWORK:entire atmosphere (considered as a single layer):0-6 hour ave fcst:
20: 31:1598794:d=2021032500:DSWRF:surface:0-6 hour ave fcst:
20: + product_functions.sh[10]rc=0
20: + product_functions.sh[11]((  rc == 0  ))
20: + product_functions.sh[11]mv pgb2file_f006_21_1p00.new pgb2file_f006_21_1p00
20: + product_functions.sh[12]return 0
20: + interp_atmos_master.sh[56]export err=0
20: + interp_atmos_master.sh[56]err=0
20: + interp_atmos_master.sh[57][[ 0 -ne 0 ]]
20: ++ interp_atmos_master.sh[62]wc -l
20: ++ interp_atmos_master.sh[62]wgrib2 pgb2file_f006_21_1p00 -match 'LAND|ICEC'
20: + interp_atmos_master.sh[62]var_count=0
20: + interp_atmos_master.sh[63][[ 0 -eq 2 ]]
20: + interp_atmos_master.sh[73]exit 0
 3: + bash[8]'[' -z '' ']'
 3: + bash[9]case "$-" in
 3: + bash[12]__lmod_vx=x
 3: + bash[16]'[' -n x ']'
 3: + bash[16]set +x
 3: Shell debugging temporarily silenced: export LMOD_SH_DBG_ON=1 for this output (/apps/other/lmod/lmod/init/bash)
 3: Shell debugging restarted
 3: + bash[224]unset __lmod_vx
 3: + interp_atmos_master.sh[7]input_file=tmpfile_f006_4
 3: + interp_atmos_master.sh[8]output_file_prefix=pgb2file_f006_4
 3: + interp_atmos_master.sh[9]grid_string=0p25:0p50:1p00
 3: + interp_atmos_master.sh[12]defaults='-set_grib_type same -set_bitmap 1 -set_grib_max_bits 16'
 3: + interp_atmos_master.sh[13]interp_winds='-new_grid_winds earth'
 3: + interp_atmos_master.sh[14]interp_bilinear='-new_grid_interpolation bilinear'
 3: + interp_atmos_master.sh[15]interp_neighbor='-if :(CSNOW|CRAIN|CFRZR|CICEP|ICSEV): -new_grid_interpolation neighbor -fi'
 3: + interp_atmos_master.sh[16]interp_budget='-if :(APCP|ACPCP|PRATE|CPRAT|DZDT): -new_grid_interpolation budget -fi'
 3: + interp_atmos_master.sh[17]increased_bits='-if :(APCP|ACPCP|PRATE|CPRAT): -set_grib_max_bits 25 -fi'
 3: + interp_atmos_master.sh[21]grid0p25='latlon 0:1440:0.25 90:721:-0.25'
 3: + interp_atmos_master.sh[23]grid0p50='latlon 0:720:0.5 90:361:-0.5'
 3: + interp_atmos_master.sh[25]grid1p00='latlon 0:360:1.0 90:181:-1.0'
 3: + interp_atmos_master.sh[28]source /work2/noaa/global/mterry/global-workflow_forked/ush/product_functions.sh
 3: + interp_atmos_master.sh[31]IFS=:
 3: + interp_atmos_master.sh[31]read -ra grids
 3: + interp_atmos_master.sh[33]output_grids=
 3: + interp_atmos_master.sh[34]for grid in "${grids[@]}"
 3: + interp_atmos_master.sh[35]gridopt=grid0p25
 3: + interp_atmos_master.sh[36]output_grids=' -new_grid latlon 0:1440:0.25 90:721:-0.25 pgb2file_f006_4_0p25'
 3: + interp_atmos_master.sh[34]for grid in "${grids[@]}"
 3: + interp_atmos_master.sh[35]gridopt=grid0p50
 3: + interp_atmos_master.sh[36]output_grids=' -new_grid latlon 0:1440:0.25 90:721:-0.25 pgb2file_f006_4_0p25 -new_grid latlon 0:720:0.5 90:361:-0.5 pgb2file_f006_4_0p50'
 3: + interp_atmos_master.sh[34]for grid in "${grids[@]}"
 3: + interp_atmos_master.sh[35]gridopt=grid1p00
 3: + interp_atmos_master.sh[36]output_grids=' -new_grid latlon 0:1440:0.25 90:721:-0.25 pgb2file_f006_4_0p25 -new_grid latlon 0:720:0.5 90:361:-0.5 pgb2file_f006_4_0p50 -new_grid latlon 0:360:1.0 90:181:-1.0 pgb2file_f006_4_1p00'
 3: + interp_atmos_master.sh[40]wgrib2 tmpfile_f006_4 -set_grib_type same -set_bitmap 1 -set_grib_max_bits 16 -new_grid_winds earth -new_grid_interpolation bilinear -if ':(CSNOW|CRAIN|CFRZR|CICEP|ICSEV):' -new_grid_interpolation neighbor -fi -if ':(APCP|ACPCP|PRATE|CPRAT|DZDT):' -new_grid_interpolation budget -fi -if ':(APCP|ACPCP|PRATE|CPRAT):' -set_grib_max_bits 25 -fi -new_grid latlon 0:1440:0.25 90:721:-0.25 pgb2file_f006_4_0p25 -new_grid latlon 0:720:0.5 90:361:-0.5 pgb2file_f006_4_0p50 -new_grid latlon 0:360:1.0 90:181:-1.0 pgb2file_f006_4_1p00
 3: 1:0:d=2021032500:HGT:1 mb:6 hour fcst:
 3: 2:18724:d=2021032500:TMP:1 mb:6 hour fcst:
 3: 3:35176:d=2021032500:RH:1 mb:6 hour fcst:
 3: 4:47008:d=2021032500:SPFH:1 mb:6 hour fcst:
 3: 5:70203:d=2021032500:VVEL:1 mb:6 hour fcst:
 3: 6:97925:d=2021032500:DZDT:1 mb:6 hour fcst:
 3: 7:124805:d=2021032500:UGRD:1 mb:6 hour fcst:
 3: 8:143654:d=2021032500:VGRD:1 mb:6 hour fcst:
 3: 9:161350:d=2021032500:ABSV:1 mb:6 hour fcst:
 3: 10:176878:d=2021032500:O3MR:1 mb:6 hour fcst:
 3: 11:198898:d=2021032500:HGT:2 mb:6 hour fcst:
 3: 12:217102:d=2021032500:TMP:2 mb:6 hour fcst:
 3: 13:233759:d=2021032500:RH:2 mb:6 hour fcst:
 3: 14:243158:d=2021032500:SPFH:2 mb:6 hour fcst:
 3: 15:266338:d=2021032500:VVEL:2 mb:6 hour fcst:
 3: 16:295975:d=2021032500:DZDT:2 mb:6 hour fcst:
 3: 17:323380:d=2021032500:UGRD:2 mb:6 hour fcst:
 3: 18:334932:d=2021032500:VGRD:2 mb:6 hour fcst:
 3: 19:352991:d=2021032500:ABSV:2 mb:6 hour fcst:
 3: 20:369169:d=2021032500:O3MR:2 mb:6 hour fcst:
 3: 21:392274:d=2021032500:HGT:3 mb:6 hour fcst:
 3: 22:410305:d=2021032500:TMP:3 mb:6 hour fcst:
 3: 23:426859:d=2021032500:RH:3 mb:6 hour fcst:
 3: 24:433178:d=2021032500:SPFH:3 mb:6 hour fcst:
 3: 25:455894:d=2021032500:VVEL:3 mb:6 hour fcst:
 3: 26:484529:d=2021032500:DZDT:3 mb:6 hour fcst:
 3: 27:511652:d=2021032500:UGRD:3 mb:6 hour fcst:
 3: 28:523071:d=2021032500:VGRD:3 mb:6 hour fcst:
 3: 29:540700:d=2021032500:ABSV:3 mb:6 hour fcst:
 3: 30:556673:d=2021032500:O3MR:3 mb:6 hour fcst:
 3: 31:579678:d=2021032500:HGT:5 mb:6 hour fcst:
 3: + interp_atmos_master.sh[47]export err=0
 3: + interp_atmos_master.sh[47]err=0
 3: + interp_atmos_master.sh[48][[ 0 -ne 0 ]]
 3: + interp_atmos_master.sh[54]for grid in "${grids[@]}"
 3: + interp_atmos_master.sh[55]trim_rh pgb2file_f006_4_0p25
 3: + product_functions.sh[5]local filename=pgb2file_f006_4_0p25
 3: + product_functions.sh[6]wgrib2 pgb2file_f006_4_0p25 -not_if :RH: -grib pgb2file_f006_4_0p25.new -if :RH: -rpn '10:*:0.5:+:floor:1000:min:10:/' -set_grib_type same -set_scaling -1 0 -grib_out pgb2file_f006_4_0p25.new
 3: 1:0:d=2021032500:HGT:1 mb:6 hour fcst:
 3: 2:431637:d=2021032500:TMP:1 mb:6 hour fcst:
 3: 3:803551:d=2021032500:RH:1 mb:6 hour fcst:
 3: 4:1076112:d=2021032500:SPFH:1 mb:6 hour fcst:
 3: 5:1645295:d=2021032500:VVEL:1 mb:6 hour fcst:
 3: 6:2412510:d=2021032500:DZDT:1 mb:6 hour fcst:
 3: 7:3171626:d=2021032500:UGRD:1 mb:6 hour fcst:
 3: 8:3620744:d=2021032500:VGRD:1 mb:6 hour fcst:
 3: 9:4028422:d=2021032500:ABSV:1 mb:6 hour fcst:
 3: 10:4353956:d=2021032500:O3MR:1 mb:6 hour fcst:
 3: 11:4918269:d=2021032500:HGT:2 mb:6 hour fcst:
 3: 12:5339767:d=2021032500:TMP:2 mb:6 hour fcst:
 3: 13:5724398:d=2021032500:RH:2 mb:6 hour fcst:
 3: 14:5978718:d=2021032500:SPFH:2 mb:6 hour fcst:
 3: 15:6546873:d=2021032500:VVEL:2 mb:6 hour fcst:
 3: 16:7374943:d=2021032500:DZDT:2 mb:6 hour fcst:
 3: 17:8156278:d=2021032500:UGRD:2 mb:6 hour fcst:
 3: 18:8623812:d=2021032500:VGRD:2 mb:6 hour fcst:
 3: 19:9047455:d=2021032500:ABSV:2 mb:6 hour fcst:
 3: 20:9390872:d=2021032500:O3MR:2 mb:6 hour fcst:
 3: 21:9995666:d=2021032500:HGT:3 mb:6 hour fcst:
 3: 22:10416283:d=2021032500:TMP:3 mb:6 hour fcst:
 3: 23:10786168:d=2021032500:RH:3 mb:6 hour fcst:
 3: 24:10981484:d=2021032500:SPFH:3 mb:6 hour fcst:
 3: 25:11535454:d=2021032500:VVEL:3 mb:6 hour fcst:
 3: 26:12339880:d=2021032500:DZDT:3 mb:6 hour fcst:
 3: 27:13110152:d=2021032500:UGRD:3 mb:6 hour fcst:
 3: 28:13561293:d=2021032500:VGRD:3 mb:6 hour fcst:
 3: 29:13962873:d=2021032500:ABSV:3 mb:6 hour fcst:
 3: 30:14300223:d=2021032500:O3MR:3 mb:6 hour fcst:
 3: 31:14896864:d=2021032500:HGT:5 mb:6 hour fcst:
 3: + product_functions.sh[10]rc=0
 3: + product_functions.sh[11]((  rc == 0  ))
 3: + product_functions.sh[11]mv pgb2file_f006_4_0p25.new pgb2file_f006_4_0p25
 3: + product_functions.sh[12]return 0
 3: + interp_atmos_master.sh[56]export err=0
 3: + interp_atmos_master.sh[56]err=0
 3: + interp_atmos_master.sh[57][[ 0 -ne 0 ]]
 3: ++ interp_atmos_master.sh[62]wc -l
 3: ++ interp_atmos_master.sh[62]wgrib2 pgb2file_f006_4_0p25 -match 'LAND|ICEC'
 3: + interp_atmos_master.sh[62]var_count=0
 3: + interp_atmos_master.sh[63][[ 0 -eq 2 ]]
 3: + interp_atmos_master.sh[54]for grid in "${grids[@]}"
 3: + interp_atmos_master.sh[55]trim_rh pgb2file_f006_4_0p50
 3: + product_functions.sh[5]local filename=pgb2file_f006_4_0p50
 3: + product_functions.sh[6]wgrib2 pgb2file_f006_4_0p50 -not_if :RH: -grib pgb2file_f006_4_0p50.new -if :RH: -rpn '10:*:0.5:+:floor:1000:min:10:/' -set_grib_type same -set_scaling -1 0 -grib_out pgb2file_f006_4_0p50.new
 3: 1:0:d=2021032500:HGT:1 mb:6 hour fcst:
 3: 2:147987:d=2021032500:TMP:1 mb:6 hour fcst:
 3: 3:274891:d=2021032500:RH:1 mb:6 hour fcst:
 3: 4:358662:d=2021032500:SPFH:1 mb:6 hour fcst:
 3: 5:553200:d=2021032500:VVEL:1 mb:6 hour fcst:
 3: 6:818437:d=2021032500:DZDT:1 mb:6 hour fcst:
 3: 7:1066785:d=2021032500:UGRD:1 mb:6 hour fcst:
 3: 8:1219144:d=2021032500:VGRD:1 mb:6 hour fcst:
 3: 9:1357399:d=2021032500:ABSV:1 mb:6 hour fcst:
 3: 10:1469455:d=2021032500:O3MR:1 mb:6 hour fcst:
 3: 11:1660657:d=2021032500:HGT:2 mb:6 hour fcst:
 3: 12:1804572:d=2021032500:TMP:2 mb:6 hour fcst:
 3: 13:1935578:d=2021032500:RH:2 mb:6 hour fcst:
 3: 14:2005506:d=2021032500:SPFH:2 mb:6 hour fcst:
 3: 15:2198717:d=2021032500:VVEL:2 mb:6 hour fcst:
 3: 16:2487827:d=2021032500:DZDT:2 mb:6 hour fcst:
 3: 17:2744412:d=2021032500:UGRD:2 mb:6 hour fcst:
 3: 18:2905704:d=2021032500:VGRD:2 mb:6 hour fcst:
 3: 19:3049258:d=2021032500:ABSV:2 mb:6 hour fcst:
 3: 20:3167959:d=2021032500:O3MR:2 mb:6 hour fcst:
 3: 21:3372006:d=2021032500:HGT:3 mb:6 hour fcst:
 3: 22:3514202:d=2021032500:TMP:3 mb:6 hour fcst:
 3: 23:3640456:d=2021032500:RH:3 mb:6 hour fcst:
 3: 24:3700620:d=2021032500:SPFH:3 mb:6 hour fcst:
 3: 25:3890319:d=2021032500:VVEL:3 mb:6 hour fcst:
 3: 26:4166271:d=2021032500:DZDT:3 mb:6 hour fcst:
 3: 27:4417662:d=2021032500:UGRD:3 mb:6 hour fcst:
 3: 28:4574173:d=2021032500:VGRD:3 mb:6 hour fcst:
 3: 29:4712394:d=2021032500:ABSV:3 mb:6 hour fcst:
 3: 30:4826591:d=2021032500:O3MR:3 mb:6 hour fcst:
 3: 31:5028489:d=2021032500:HGT:5 mb:6 hour fcst:
 3: + product_functions.sh[10]rc=0
 3: + product_functions.sh[11]((  rc == 0  ))
 3: + product_functions.sh[11]mv pgb2file_f006_4_0p50.new pgb2file_f006_4_0p50
 3: + product_functions.sh[12]return 0
 3: + interp_atmos_master.sh[56]export err=0
 3: + interp_atmos_master.sh[56]err=0
 3: + interp_atmos_master.sh[57][[ 0 -ne 0 ]]
 3: ++ interp_atmos_master.sh[62]wc -l
 3: ++ interp_atmos_master.sh[62]wgrib2 pgb2file_f006_4_0p50 -match 'LAND|ICEC'
 3: + interp_atmos_master.sh[62]var_count=0
 3: + interp_atmos_master.sh[63][[ 0 -eq 2 ]]
 3: + interp_atmos_master.sh[54]for grid in "${grids[@]}"
 3: + interp_atmos_master.sh[55]trim_rh pgb2file_f006_4_1p00
 3: + product_functions.sh[5]local filename=pgb2file_f006_4_1p00
 3: + product_functions.sh[6]wgrib2 pgb2file_f006_4_1p00 -not_if :RH: -grib pgb2file_f006_4_1p00.new -if :RH: -rpn '10:*:0.5:+:floor:1000:min:10:/' -set_grib_type same -set_scaling -1 0 -grib_out pgb2file_f006_4_1p00.new
 3: 1:0:d=2021032500:HGT:1 mb:6 hour fcst:
 3: 2:47934:d=2021032500:TMP:1 mb:6 hour fcst:
 3: 3:89608:d=2021032500:RH:1 mb:6 hour fcst:
 3: 4:117654:d=2021032500:SPFH:1 mb:6 hour fcst:
 3: 5:179003:d=2021032500:VVEL:1 mb:6 hour fcst:
 3: 6:258074:d=2021032500:DZDT:1 mb:6 hour fcst:
 3: 7:332577:d=2021032500:UGRD:1 mb:6 hour fcst:
 3: 8:381775:d=2021032500:VGRD:1 mb:6 hour fcst:
 3: 9:427261:d=2021032500:ABSV:1 mb:6 hour fcst:
 3: 10:465265:d=2021032500:O3MR:1 mb:6 hour fcst:
 3: 11:525042:d=2021032500:HGT:2 mb:6 hour fcst:
 3: 12:571700:d=2021032500:TMP:2 mb:6 hour fcst:
 3: 13:614221:d=2021032500:RH:2 mb:6 hour fcst:
 3: 14:636141:d=2021032500:SPFH:2 mb:6 hour fcst:
 3: 15:697951:d=2021032500:VVEL:2 mb:6 hour fcst:
 3: 16:782746:d=2021032500:DZDT:2 mb:6 hour fcst:
 3: 17:858809:d=2021032500:UGRD:2 mb:6 hour fcst:
 3: 18:910474:d=2021032500:VGRD:2 mb:6 hour fcst:
 3: 19:957527:d=2021032500:ABSV:2 mb:6 hour fcst:
 3: 20:997691:d=2021032500:O3MR:2 mb:6 hour fcst:
 3: 21:1060615:d=2021032500:HGT:3 mb:6 hour fcst:
 3: 22:1106938:d=2021032500:TMP:3 mb:6 hour fcst:
 3: 23:1148618:d=2021032500:RH:3 mb:6 hour fcst:
 3: 24:1165659:d=2021032500:SPFH:3 mb:6 hour fcst:
 3: 25:1225529:d=2021032500:VVEL:3 mb:6 hour fcst:
 3: 26:1307033:d=2021032500:DZDT:3 mb:6 hour fcst:
 3: 27:1382349:d=2021032500:UGRD:3 mb:6 hour fcst:
 3: 28:1432972:d=2021032500:VGRD:3 mb:6 hour fcst:
 3: 29:1478399:d=2021032500:ABSV:3 mb:6 hour fcst:
 3: 30:1517550:d=2021032500:O3MR:3 mb:6 hour fcst:
 3: 31:1580080:d=2021032500:HGT:5 mb:6 hour fcst:
 3: + product_functions.sh[10]rc=0
 3: + product_functions.sh[11]((  rc == 0  ))
 3: + product_functions.sh[11]mv pgb2file_f006_4_1p00.new pgb2file_f006_4_1p00
 3: + product_functions.sh[12]return 0
 3: + interp_atmos_master.sh[56]export err=0
 3: + interp_atmos_master.sh[56]err=0
 3: + interp_atmos_master.sh[57][[ 0 -ne 0 ]]
 3: ++ interp_atmos_master.sh[62]wc -l
 3: ++ interp_atmos_master.sh[62]wgrib2 pgb2file_f006_4_1p00 -match 'LAND|ICEC'
 3: + interp_atmos_master.sh[62]var_count=0
 3: + interp_atmos_master.sh[63][[ 0 -eq 2 ]]
 3: + interp_atmos_master.sh[73]exit 0
10: + bash[8]'[' -z '' ']'
10: + bash[9]case "$-" in
10: + bash[12]__lmod_vx=x
10: + bash[16]'[' -n x ']'
10: + bash[16]set +x
10: Shell debugging temporarily silenced: export LMOD_SH_DBG_ON=1 for this output (/apps/other/lmod/lmod/init/bash)
10: Shell debugging restarted
10: + bash[224]unset __lmod_vx
10: + interp_atmos_master.sh[7]input_file=tmpfile_f006_11
10: + interp_atmos_master.sh[8]output_file_prefix=pgb2file_f006_11
10: + interp_atmos_master.sh[9]grid_string=0p25:0p50:1p00
10: + interp_atmos_master.sh[12]defaults='-set_grib_type same -set_bitmap 1 -set_grib_max_bits 16'
10: + interp_atmos_master.sh[13]interp_winds='-new_grid_winds earth'
10: + interp_atmos_master.sh[14]interp_bilinear='-new_grid_interpolation bilinear'
10: + interp_atmos_master.sh[15]interp_neighbor='-if :(CSNOW|CRAIN|CFRZR|CICEP|ICSEV): -new_grid_interpolation neighbor -fi'
10: + interp_atmos_master.sh[16]interp_budget='-if :(APCP|ACPCP|PRATE|CPRAT|DZDT): -new_grid_interpolation budget -fi'
10: + interp_atmos_master.sh[17]increased_bits='-if :(APCP|ACPCP|PRATE|CPRAT): -set_grib_max_bits 25 -fi'
10: + interp_atmos_master.sh[21]grid0p25='latlon 0:1440:0.25 90:721:-0.25'
10: + interp_atmos_master.sh[23]grid0p50='latlon 0:720:0.5 90:361:-0.5'
10: + interp_atmos_master.sh[25]grid1p00='latlon 0:360:1.0 90:181:-1.0'
10: + interp_atmos_master.sh[28]source /work2/noaa/global/mterry/global-workflow_forked/ush/product_functions.sh
10: + interp_atmos_master.sh[31]IFS=:
10: + interp_atmos_master.sh[31]read -ra grids
10: + interp_atmos_master.sh[33]output_grids=
10: + interp_atmos_master.sh[34]for grid in "${grids[@]}"
10: + interp_atmos_master.sh[35]gridopt=grid0p25
10: + interp_atmos_master.sh[36]output_grids=' -new_grid latlon 0:1440:0.25 90:721:-0.25 pgb2file_f006_11_0p25'
10: + interp_atmos_master.sh[34]for grid in "${grids[@]}"
10: + interp_atmos_master.sh[35]gridopt=grid0p50
10: + interp_atmos_master.sh[36]output_grids=' -new_grid latlon 0:1440:0.25 90:721:-0.25 pgb2file_f006_11_0p25 -new_grid latlon 0:720:0.5 90:361:-0.5 pgb2file_f006_11_0p50'
10: + interp_atmos_master.sh[34]for grid in "${grids[@]}"
10: + interp_atmos_master.sh[35]gridopt=grid1p00
10: + interp_atmos_master.sh[36]output_grids=' -new_grid latlon 0:1440:0.25 90:721:-0.25 pgb2file_f006_11_0p25 -new_grid latlon 0:720:0.5 90:361:-0.5 pgb2file_f006_11_0p50 -new_grid latlon 0:360:1.0 90:181:-1.0 pgb2file_f006_11_1p00'
10: + interp_atmos_master.sh[40]wgrib2 tmpfile_f006_11 -set_grib_type same -set_bitmap 1 -set_grib_max_bits 16 -new_grid_winds earth -new_grid_interpolation bilinear -if ':(CSNOW|CRAIN|CFRZR|CICEP|ICSEV):' -new_grid_interpolation neighbor -fi -if ':(APCP|ACPCP|PRATE|CPRAT|DZDT):' -new_grid_interpolation budget -fi -if ':(APCP|ACPCP|PRATE|CPRAT):' -set_grib_max_bits 25 -fi -new_grid latlon 0:1440:0.25 90:721:-0.25 pgb2file_f006_11_0p25 -new_grid latlon 0:720:0.5 90:361:-0.5 pgb2file_f006_11_0p50 -new_grid latlon 0:360:1.0 90:181:-1.0 pgb2file_f006_11_1p00
10: 1:0:d=2021032500:ICMR:350 mb:6 hour fcst:
10: 2:19442:d=2021032500:RWMR:350 mb:6 hour fcst:
10: 3:19621:d=2021032500:SNMR:350 mb:6 hour fcst:
10: 4:30597:d=2021032500:GRLE:350 mb:6 hour fcst:
10: 5:31038:d=2021032500:O3MR:350 mb:6 hour fcst:
10: 6:58773:d=2021032500:HGT:400 mb:6 hour fcst:
10: 7:81009:d=2021032500:TMP:400 mb:6 hour fcst:
10: 8:100109:d=2021032500:RH:400 mb:6 hour fcst:
10: 9:119873:d=2021032500:TCDC:400 mb:6 hour fcst:
10: 10:134038:d=2021032500:SPFH:400 mb:6 hour fcst:
10: 11:162718:d=2021032500:VVEL:400 mb:6 hour fcst:
10: 12:188601:d=2021032500:DZDT:400 mb:6 hour fcst:
10: 13:215407:d=2021032500:UGRD:400 mb:6 hour fcst:
10: 14:230500:d=2021032500:VGRD:400 mb:6 hour fcst:
10: 15:246188:d=2021032500:ABSV:400 mb:6 hour fcst:
10: 16:269098:d=2021032500:CLMR:400 mb:6 hour fcst:
10: 17:269566:d=2021032500:ICMR:400 mb:6 hour fcst:
10: 18:288578:d=2021032500:RWMR:400 mb:6 hour fcst:
10: 19:288820:d=2021032500:SNMR:400 mb:6 hour fcst:
10: 20:301429:d=2021032500:GRLE:400 mb:6 hour fcst:
10: 21:302559:d=2021032500:O3MR:400 mb:6 hour fcst:
10: 22:329167:d=2021032500:HGT:450 mb:6 hour fcst:
10: 23:353524:d=2021032500:TMP:450 mb:6 hour fcst:
10: 24:372731:d=2021032500:RH:450 mb:6 hour fcst:
10: 25:392557:d=2021032500:TCDC:450 mb:6 hour fcst:
10: 26:406356:d=2021032500:SPFH:450 mb:6 hour fcst:
10: 27:433687:d=2021032500:VVEL:450 mb:6 hour fcst:
10: 28:459701:d=2021032500:DZDT:450 mb:6 hour fcst:
10: 29:488858:d=2021032500:UGRD:450 mb:6 hour fcst:
10: 30:511363:d=2021032500:VGRD:450 mb:6 hour fcst:
10: 31:534457:d=2021032500:ABSV:450 mb:6 hour fcst:
10: + interp_atmos_master.sh[47]export err=0
10: + interp_atmos_master.sh[47]err=0
10: + interp_atmos_master.sh[48][[ 0 -ne 0 ]]
10: + interp_atmos_master.sh[54]for grid in "${grids[@]}"
10: + interp_atmos_master.sh[55]trim_rh pgb2file_f006_11_0p25
10: + product_functions.sh[5]local filename=pgb2file_f006_11_0p25
10: + product_functions.sh[6]wgrib2 pgb2file_f006_11_0p25 -not_if :RH: -grib pgb2file_f006_11_0p25.new -if :RH: -rpn '10:*:0.5:+:floor:1000:min:10:/' -set_grib_type same -set_scaling -1 0 -grib_out pgb2file_f006_11_0p25.new
10: 1:0:d=2021032500:ICMR:350 mb:6 hour fcst:
10: 2:425190:d=2021032500:RWMR:350 mb:6 hour fcst:
10: 3:425369:d=2021032500:SNMR:350 mb:6 hour fcst:
10: 4:630385:d=2021032500:GRLE:350 mb:6 hour fcst:
10: 5:635826:d=2021032500:O3MR:350 mb:6 hour fcst:
10: 6:1387375:d=2021032500:HGT:400 mb:6 hour fcst:
10: 7:1942738:d=2021032500:TMP:400 mb:6 hour fcst:
10: 8:2376968:d=2021032500:RH:400 mb:6 hour fcst:
10: 9:2832596:d=2021032500:TCDC:400 mb:6 hour fcst:
10: 10:3098838:d=2021032500:SPFH:400 mb:6 hour fcst:
10: 11:3873647:d=2021032500:VVEL:400 mb:6 hour fcst:
10: 12:4571278:d=2021032500:DZDT:400 mb:6 hour fcst:
10: 13:5314987:d=2021032500:UGRD:400 mb:6 hour fcst:
10: 14:5638506:d=2021032500:VGRD:400 mb:6 hour fcst:
10: 15:5979315:d=2021032500:ABSV:400 mb:6 hour fcst:
10: 16:6553217:d=2021032500:CLMR:400 mb:6 hour fcst:
10: 17:6559303:d=2021032500:ICMR:400 mb:6 hour fcst:
10: 18:6976459:d=2021032500:RWMR:400 mb:6 hour fcst:
10: 19:6977112:d=2021032500:SNMR:400 mb:6 hour fcst:
10: 20:7224812:d=2021032500:GRLE:400 mb:6 hour fcst:
10: 21:7242878:d=2021032500:O3MR:400 mb:6 hour fcst:
10: 22:7952934:d=2021032500:HGT:450 mb:6 hour fcst:
10: 23:8583090:d=2021032500:TMP:450 mb:6 hour fcst:
10: 24:9022196:d=2021032500:RH:450 mb:6 hour fcst:
10: 25:9479288:d=2021032500:TCDC:450 mb:6 hour fcst:
10: 26:9737224:d=2021032500:SPFH:450 mb:6 hour fcst:
10: 27:10480469:d=2021032500:VVEL:450 mb:6 hour fcst:
10: 28:11183172:d=2021032500:DZDT:450 mb:6 hour fcst:
10: 29:12018308:d=2021032500:UGRD:450 mb:6 hour fcst:
10: 30:12584140:d=2021032500:VGRD:450 mb:6 hour fcst:
10: 31:13176380:d=2021032500:ABSV:450 mb:6 hour fcst:
10: + product_functions.sh[10]rc=0
10: + product_functions.sh[11]((  rc == 0  ))
10: + product_functions.sh[11]mv pgb2file_f006_11_0p25.new pgb2file_f006_11_0p25
10: + product_functions.sh[12]return 0
10: + interp_atmos_master.sh[56]export err=0
10: + interp_atmos_master.sh[56]err=0
10: + interp_atmos_master.sh[57][[ 0 -ne 0 ]]
10: ++ interp_atmos_master.sh[62]wc -l
10: ++ interp_atmos_master.sh[62]wgrib2 pgb2file_f006_11_0p25 -match 'LAND|ICEC'
10: + interp_atmos_master.sh[62]var_count=0
10: + interp_atmos_master.sh[63][[ 0 -eq 2 ]]
10: + interp_atmos_master.sh[54]for grid in "${grids[@]}"
10: + interp_atmos_master.sh[55]trim_rh pgb2file_f006_11_0p50
10: + product_functions.sh[5]local filename=pgb2file_f006_11_0p50
10: + product_functions.sh[6]wgrib2 pgb2file_f006_11_0p50 -not_if :RH: -grib pgb2file_f006_11_0p50.new -if :RH: -rpn '10:*:0.5:+:floor:1000:min:10:/' -set_grib_type same -set_scaling -1 0 -grib_out pgb2file_f006_11_0p50.new
10: 1:0:d=2021032500:ICMR:350 mb:6 hour fcst:
10: 2:154744:d=2021032500:RWMR:350 mb:6 hour fcst:
10: 3:154923:d=2021032500:SNMR:350 mb:6 hour fcst:
10: 4:228864:d=2021032500:GRLE:350 mb:6 hour fcst:
10: 5:231066:d=2021032500:O3MR:350 mb:6 hour fcst:
10: 6:485372:d=2021032500:HGT:400 mb:6 hour fcst:
10: 7:672459:d=2021032500:TMP:400 mb:6 hour fcst:
10: 8:823841:d=2021032500:RH:400 mb:6 hour fcst:
10: 9:983008:d=2021032500:TCDC:400 mb:6 hour fcst:
10: 10:1085565:d=2021032500:SPFH:400 mb:6 hour fcst:
10: 11:1354326:d=2021032500:VVEL:400 mb:6 hour fcst:
10: 12:1594294:d=2021032500:DZDT:400 mb:6 hour fcst:
10: 13:1837107:d=2021032500:UGRD:400 mb:6 hour fcst:
10: 14:1945047:d=2021032500:VGRD:400 mb:6 hour fcst:
10: 15:2059771:d=2021032500:ABSV:400 mb:6 hour fcst:
10: 16:2256455:d=2021032500:CLMR:400 mb:6 hour fcst:
10: 17:2258886:d=2021032500:ICMR:400 mb:6 hour fcst:
10: 18:2411034:d=2021032500:RWMR:400 mb:6 hour fcst:
10: 19:2411452:d=2021032500:SNMR:400 mb:6 hour fcst:
10: 20:2498936:d=2021032500:GRLE:400 mb:6 hour fcst:
10: 21:2505855:d=2021032500:O3MR:400 mb:6 hour fcst:
10: 22:2748095:d=2021032500:HGT:450 mb:6 hour fcst:
10: 23:2962326:d=2021032500:TMP:450 mb:6 hour fcst:
10: 24:3115250:d=2021032500:RH:450 mb:6 hour fcst:
10: 25:3275212:d=2021032500:TCDC:450 mb:6 hour fcst:
10: 26:3374530:d=2021032500:SPFH:450 mb:6 hour fcst:
10: 27:3631741:d=2021032500:VVEL:450 mb:6 hour fcst:
10: 28:3871994:d=2021032500:DZDT:450 mb:6 hour fcst:
10: 29:4143743:d=2021032500:UGRD:450 mb:6 hour fcst:
10: 30:4337623:d=2021032500:VGRD:450 mb:6 hour fcst:
10: 31:4539451:d=2021032500:ABSV:450 mb:6 hour fcst:
10: + product_functions.sh[10]rc=0
10: + product_functions.sh[11]((  rc == 0  ))
10: + product_functions.sh[11]mv pgb2file_f006_11_0p50.new pgb2file_f006_11_0p50
10: + product_functions.sh[12]return 0
10: + interp_atmos_master.sh[56]export err=0
10: + interp_atmos_master.sh[56]err=0
10: + interp_atmos_master.sh[57][[ 0 -ne 0 ]]
10: ++ interp_atmos_master.sh[62]wc -l
10: ++ interp_atmos_master.sh[62]wgrib2 pgb2file_f006_11_0p50 -match 'LAND|ICEC'
10: + interp_atmos_master.sh[62]var_count=0
10: + interp_atmos_master.sh[63][[ 0 -eq 2 ]]
10: + interp_atmos_master.sh[54]for grid in "${grids[@]}"
10: + interp_atmos_master.sh[55]trim_rh pgb2file_f006_11_1p00
10: + product_functions.sh[5]local filename=pgb2file_f006_11_1p00
10: + product_functions.sh[6]wgrib2 pgb2file_f006_11_1p00 -not_if :RH: -grib pgb2file_f006_11_1p00.new -if :RH: -rpn '10:*:0.5:+:floor:1000:min:10:/' -set_grib_type same -set_scaling -1 0 -grib_out pgb2file_f006_11_1p00.new
10: 1:0:d=2021032500:ICMR:350 mb:6 hour fcst:
10: 2:50867:d=2021032500:RWMR:350 mb:6 hour fcst:
10: 3:51046:d=2021032500:SNMR:350 mb:6 hour fcst:
10: 4:77657:d=2021032500:GRLE:350 mb:6 hour fcst:
10: 5:78589:d=2021032500:O3MR:350 mb:6 hour fcst:
10: 6:155561:d=2021032500:HGT:400 mb:6 hour fcst:
10: 7:215172:d=2021032500:TMP:400 mb:6 hour fcst:
10: 8:264541:d=2021032500:RH:400 mb:6 hour fcst:
10: 9:316406:d=2021032500:TCDC:400 mb:6 hour fcst:
10: 10:353135:d=2021032500:SPFH:400 mb:6 hour fcst:
10: 11:433030:d=2021032500:VVEL:400 mb:6 hour fcst:
10: 12:505623:d=2021032500:DZDT:400 mb:6 hour fcst:
10: 13:578586:d=2021032500:UGRD:400 mb:6 hour fcst:
10: 14:615480:d=2021032500:VGRD:400 mb:6 hour fcst:
10: 15:654813:d=2021032500:ABSV:400 mb:6 hour fcst:
10: 16:716757:d=2021032500:CLMR:400 mb:6 hour fcst:
10: 17:717791:d=2021032500:ICMR:400 mb:6 hour fcst:
10: 18:768223:d=2021032500:RWMR:400 mb:6 hour fcst:
10: 19:768519:d=2021032500:SNMR:400 mb:6 hour fcst:
10: 20:799609:d=2021032500:GRLE:400 mb:6 hour fcst:
10: 21:802385:d=2021032500:O3MR:400 mb:6 hour fcst:
10: 22:876484:d=2021032500:HGT:450 mb:6 hour fcst:
10: 23:943180:d=2021032500:TMP:450 mb:6 hour fcst:
10: 24:992868:d=2021032500:RH:450 mb:6 hour fcst:
10: 25:1045095:d=2021032500:TCDC:450 mb:6 hour fcst:
10: 26:1080202:d=2021032500:SPFH:450 mb:6 hour fcst:
10: 27:1157256:d=2021032500:VVEL:450 mb:6 hour fcst:
10: 28:1230143:d=2021032500:DZDT:450 mb:6 hour fcst:
10: 29:1310726:d=2021032500:UGRD:450 mb:6 hour fcst:
10: 30:1371834:d=2021032500:VGRD:450 mb:6 hour fcst:
10: 31:1435032:d=2021032500:ABSV:450 mb:6 hour fcst:
10: + product_functions.sh[10]rc=0
10: + product_functions.sh[11]((  rc == 0  ))
10: + product_functions.sh[11]mv pgb2file_f006_11_1p00.new pgb2file_f006_11_1p00
10: + product_functions.sh[12]return 0
10: + interp_atmos_master.sh[56]export err=0
10: + interp_atmos_master.sh[56]err=0
10: + interp_atmos_master.sh[57][[ 0 -ne 0 ]]
10: ++ interp_atmos_master.sh[62]wc -l
10: ++ interp_atmos_master.sh[62]wgrib2 pgb2file_f006_11_1p00 -match 'LAND|ICEC'
10: + interp_atmos_master.sh[62]var_count=0
10: + interp_atmos_master.sh[63][[ 0 -eq 2 ]]
10: + interp_atmos_master.sh[73]exit 0
12: + bash[8]'[' -z '' ']'
12: + bash[9]case "$-" in
12: + bash[12]__lmod_vx=x
12: + bash[16]'[' -n x ']'
12: + bash[16]set +x
12: Shell debugging temporarily silenced: export LMOD_SH_DBG_ON=1 for this output (/apps/other/lmod/lmod/init/bash)
12: Shell debugging restarted
12: + bash[224]unset __lmod_vx
12: + interp_atmos_master.sh[7]input_file=tmpfile_f006_13
12: + interp_atmos_master.sh[8]output_file_prefix=pgb2file_f006_13
12: + interp_atmos_master.sh[9]grid_string=0p25:0p50:1p00
12: + interp_atmos_master.sh[12]defaults='-set_grib_type same -set_bitmap 1 -set_grib_max_bits 16'
12: + interp_atmos_master.sh[13]interp_winds='-new_grid_winds earth'
12: + interp_atmos_master.sh[14]interp_bilinear='-new_grid_interpolation bilinear'
12: + interp_atmos_master.sh[15]interp_neighbor='-if :(CSNOW|CRAIN|CFRZR|CICEP|ICSEV): -new_grid_interpolation neighbor -fi'
12: + interp_atmos_master.sh[16]interp_budget='-if :(APCP|ACPCP|PRATE|CPRAT|DZDT): -new_grid_interpolation budget -fi'
12: + interp_atmos_master.sh[17]increased_bits='-if :(APCP|ACPCP|PRATE|CPRAT): -set_grib_max_bits 25 -fi'
12: + interp_atmos_master.sh[21]grid0p25='latlon 0:1440:0.25 90:721:-0.25'
12: + interp_atmos_master.sh[23]grid0p50='latlon 0:720:0.5 90:361:-0.5'
12: + interp_atmos_master.sh[25]grid1p00='latlon 0:360:1.0 90:181:-1.0'
12: + interp_atmos_master.sh[28]source /work2/noaa/global/mterry/global-workflow_forked/ush/product_functions.sh
12: + interp_atmos_master.sh[31]IFS=:
12: + interp_atmos_master.sh[31]read -ra grids
12: + interp_atmos_master.sh[33]output_grids=
12: + interp_atmos_master.sh[34]for grid in "${grids[@]}"
12: + interp_atmos_master.sh[35]gridopt=grid0p25
12: + interp_atmos_master.sh[36]output_grids=' -new_grid latlon 0:1440:0.25 90:721:-0.25 pgb2file_f006_13_0p25'
12: + interp_atmos_master.sh[34]for grid in "${grids[@]}"
12: + interp_atmos_master.sh[35]gridopt=grid0p50
12: + interp_atmos_master.sh[36]output_grids=' -new_grid latlon 0:1440:0.25 90:721:-0.25 pgb2file_f006_13_0p25 -new_grid latlon 0:720:0.5 90:361:-0.5 pgb2file_f006_13_0p50'
12: + interp_atmos_master.sh[34]for grid in "${grids[@]}"
12: + interp_atmos_master.sh[35]gridopt=grid1p00
12: + interp_atmos_master.sh[36]output_grids=' -new_grid latlon 0:1440:0.25 90:721:-0.25 pgb2file_f006_13_0p25 -new_grid latlon 0:720:0.5 90:361:-0.5 pgb2file_f006_13_0p50 -new_grid latlon 0:360:1.0 90:181:-1.0 pgb2file_f006_13_1p00'
12: + interp_atmos_master.sh[40]wgrib2 tmpfile_f006_13 -set_grib_type same -set_bitmap 1 -set_grib_max_bits 16 -new_grid_winds earth -new_grid_interpolation bilinear -if ':(CSNOW|CRAIN|CFRZR|CICEP|ICSEV):' -new_grid_interpolation neighbor -fi -if ':(APCP|ACPCP|PRATE|CPRAT|DZDT):' -new_grid_interpolation budget -fi -if ':(APCP|ACPCP|PRATE|CPRAT):' -set_grib_max_bits 25 -fi -new_grid latlon 0:1440:0.25 90:721:-0.25 pgb2file_f006_13_0p25 -new_grid latlon 0:720:0.5 90:361:-0.5 pgb2file_f006_13_0p50 -new_grid latlon 0:360:1.0 90:181:-1.0 pgb2file_f006_13_1p00
12: 1:0:d=2021032500:ABSV:550 mb:6 hour fcst:
12: 2:21660:d=2021032500:CLMR:550 mb:6 hour fcst:
12: 3:25738:d=2021032500:ICMR:550 mb:6 hour fcst:
12: 4:42935:d=2021032500:RWMR:550 mb:6 hour fcst:
12: 5:45250:d=2021032500:SNMR:550 mb:6 hour fcst:
12: 6:59196:d=2021032500:GRLE:550 mb:6 hour fcst:
12: 7:61254:d=2021032500:O3MR:550 mb:6 hour fcst:
12: 8:85575:d=2021032500:HGT:600 mb:6 hour fcst:
12: 9:110478:d=2021032500:TMP:600 mb:6 hour fcst:
12: 10:129982:d=2021032500:RH:600 mb:6 hour fcst:
12: 11:150182:d=2021032500:TCDC:600 mb:6 hour fcst:
12: 12:163307:d=2021032500:SPFH:600 mb:6 hour fcst:
12: 13:191856:d=2021032500:VVEL:600 mb:6 hour fcst:
12: 14:218099:d=2021032500:DZDT:600 mb:6 hour fcst:
12: 15:246822:d=2021032500:UGRD:600 mb:6 hour fcst:
12: 16:268502:d=2021032500:VGRD:600 mb:6 hour fcst:
12: 17:290810:d=2021032500:ABSV:600 mb:6 hour fcst:
12: 18:312371:d=2021032500:CLMR:600 mb:6 hour fcst:
12: 19:318183:d=2021032500:ICMR:600 mb:6 hour fcst:
12: 20:332513:d=2021032500:RWMR:600 mb:6 hour fcst:
12: 21:336227:d=2021032500:SNMR:600 mb:6 hour fcst:
12: 22:351475:d=2021032500:GRLE:600 mb:6 hour fcst:
12: 23:354066:d=2021032500:O3MR:600 mb:6 hour fcst:
12: 24:377723:d=2021032500:HGT:650 mb:6 hour fcst:
12: 25:402577:d=2021032500:TMP:650 mb:6 hour fcst:
12: 26:422480:d=2021032500:RH:650 mb:6 hour fcst:
12: 27:442957:d=2021032500:TCDC:650 mb:6 hour fcst:
12: 28:455401:d=2021032500:SPFH:650 mb:6 hour fcst:
12: 29:483581:d=2021032500:VVEL:650 mb:6 hour fcst:
12: 30:509917:d=2021032500:DZDT:650 mb:6 hour fcst:
12: 31:538275:d=2021032500:UGRD:650 mb:6 hour fcst:
12: 32:560009:d=2021032500:VGRD:650 mb:6 hour fcst:
12: + interp_atmos_master.sh[47]export err=0
12: + interp_atmos_master.sh[47]err=0
12: + interp_atmos_master.sh[48][[ 0 -ne 0 ]]
12: + interp_atmos_master.sh[54]for grid in "${grids[@]}"
12: + interp_atmos_master.sh[55]trim_rh pgb2file_f006_13_0p25
12: + product_functions.sh[5]local filename=pgb2file_f006_13_0p25
12: + product_functions.sh[6]wgrib2 pgb2file_f006_13_0p25 -not_if :RH: -grib pgb2file_f006_13_0p25.new -if :RH: -rpn '10:*:0.5:+:floor:1000:min:10:/' -set_grib_type same -set_scaling -1 0 -grib_out pgb2file_f006_13_0p25.new
12: 1:0:d=2021032500:ABSV:550 mb:6 hour fcst:
12: 2:534854:d=2021032500:CLMR:550 mb:6 hour fcst:
12: 3:618560:d=2021032500:ICMR:550 mb:6 hour fcst:
12: 4:1007399:d=2021032500:RWMR:550 mb:6 hour fcst:
12: 5:1047271:d=2021032500:SNMR:550 mb:6 hour fcst:
12: 6:1339814:d=2021032500:GRLE:550 mb:6 hour fcst:
12: 7:1376503:d=2021032500:O3MR:550 mb:6 hour fcst:
12: 8:2016090:d=2021032500:HGT:600 mb:6 hour fcst:
12: 9:2665202:d=2021032500:TMP:600 mb:6 hour fcst:
12: 10:3112216:d=2021032500:RH:600 mb:6 hour fcst:
12: 11:3588781:d=2021032500:TCDC:600 mb:6 hour fcst:
12: 12:3843188:d=2021032500:SPFH:600 mb:6 hour fcst:
12: 13:4612058:d=2021032500:VVEL:600 mb:6 hour fcst:
12: 14:5334590:d=2021032500:DZDT:600 mb:6 hour fcst:
12: 15:6144773:d=2021032500:UGRD:600 mb:6 hour fcst:
12: 16:6680122:d=2021032500:VGRD:600 mb:6 hour fcst:
12: 17:7243251:d=2021032500:ABSV:600 mb:6 hour fcst:
12: 18:7763301:d=2021032500:CLMR:600 mb:6 hour fcst:
12: 19:7883410:d=2021032500:ICMR:600 mb:6 hour fcst:
12: 20:8214829:d=2021032500:RWMR:600 mb:6 hour fcst:
12: 21:8287019:d=2021032500:SNMR:600 mb:6 hour fcst:
12: 22:8617369:d=2021032500:GRLE:600 mb:6 hour fcst:
12: 23:8664125:d=2021032500:O3MR:600 mb:6 hour fcst:
12: 24:9279364:d=2021032500:HGT:650 mb:6 hour fcst:
12: 25:9926843:d=2021032500:TMP:650 mb:6 hour fcst:
12: 26:10390129:d=2021032500:RH:650 mb:6 hour fcst:
12: 27:10873569:d=2021032500:TCDC:650 mb:6 hour fcst:
12: 28:11117801:d=2021032500:SPFH:650 mb:6 hour fcst:
12: 29:11873350:d=2021032500:VVEL:650 mb:6 hour fcst:
12: 30:12597844:d=2021032500:DZDT:650 mb:6 hour fcst:
12: 31:13402109:d=2021032500:UGRD:650 mb:6 hour fcst:
12: 32:13936149:d=2021032500:VGRD:650 mb:6 hour fcst:
12: + product_functions.sh[10]rc=0
12: + product_functions.sh[11]((  rc == 0  ))
12: + product_functions.sh[11]mv pgb2file_f006_13_0p25.new pgb2file_f006_13_0p25
12: + product_functions.sh[12]return 0
12: + interp_atmos_master.sh[56]export err=0
12: + interp_atmos_master.sh[56]err=0
12: + interp_atmos_master.sh[57][[ 0 -ne 0 ]]
12: ++ interp_atmos_master.sh[62]wc -l
12: ++ interp_atmos_master.sh[62]wgrib2 pgb2file_f006_13_0p25 -match 'LAND|ICEC'
12: + interp_atmos_master.sh[62]var_count=0
12: + interp_atmos_master.sh[63][[ 0 -eq 2 ]]
12: + interp_atmos_master.sh[54]for grid in "${grids[@]}"
12: + interp_atmos_master.sh[55]trim_rh pgb2file_f006_13_0p50
12: + product_functions.sh[5]local filename=pgb2file_f006_13_0p50
12: + product_functions.sh[6]wgrib2 pgb2file_f006_13_0p50 -not_if :RH: -grib pgb2file_f006_13_0p50.new -if :RH: -rpn '10:*:0.5:+:floor:1000:min:10:/' -set_grib_type same -set_scaling -1 0 -grib_out pgb2file_f006_13_0p50.new
12: 1:0:d=2021032500:ABSV:550 mb:6 hour fcst:
12: 2:182190:d=2021032500:CLMR:550 mb:6 hour fcst:
12: 3:213681:d=2021032500:ICMR:550 mb:6 hour fcst:
12: 4:355192:d=2021032500:RWMR:550 mb:6 hour fcst:
12: 5:370399:d=2021032500:SNMR:550 mb:6 hour fcst:
12: 6:473981:d=2021032500:GRLE:550 mb:6 hour fcst:
12: 7:487775:d=2021032500:O3MR:550 mb:6 hour fcst:
12: 8:703842:d=2021032500:HGT:600 mb:6 hour fcst:
12: 9:922941:d=2021032500:TMP:600 mb:6 hour fcst:
12: 10:1079002:d=2021032500:RH:600 mb:6 hour fcst:
12: 11:1243733:d=2021032500:TCDC:600 mb:6 hour fcst:
12: 12:1340707:d=2021032500:SPFH:600 mb:6 hour fcst:
12: 13:1606808:d=2021032500:VVEL:600 mb:6 hour fcst:
12: 14:1850536:d=2021032500:DZDT:600 mb:6 hour fcst:
12: 15:2113386:d=2021032500:UGRD:600 mb:6 hour fcst:
12: 16:2296880:d=2021032500:VGRD:600 mb:6 hour fcst:
12: 17:2489448:d=2021032500:ABSV:600 mb:6 hour fcst:
12: 18:2669518:d=2021032500:CLMR:600 mb:6 hour fcst:
12: 19:2714789:d=2021032500:ICMR:600 mb:6 hour fcst:
12: 20:2831624:d=2021032500:RWMR:600 mb:6 hour fcst:
12: 21:2857667:d=2021032500:SNMR:600 mb:6 hour fcst:
12: 22:2976190:d=2021032500:GRLE:600 mb:6 hour fcst:
12: 23:2994079:d=2021032500:O3MR:600 mb:6 hour fcst:
12: 24:3200036:d=2021032500:HGT:650 mb:6 hour fcst:
12: 25:3418920:d=2021032500:TMP:650 mb:6 hour fcst:
12: 26:3576956:d=2021032500:RH:650 mb:6 hour fcst:
12: 27:3743913:d=2021032500:TCDC:650 mb:6 hour fcst:
12: 28:3836535:d=2021032500:SPFH:650 mb:6 hour fcst:
12: 29:4103119:d=2021032500:VVEL:650 mb:6 hour fcst:
12: 30:4345923:d=2021032500:DZDT:650 mb:6 hour fcst:
12: 31:4607294:d=2021032500:UGRD:650 mb:6 hour fcst:
12: 32:4790564:d=2021032500:VGRD:650 mb:6 hour fcst:
12: + product_functions.sh[10]rc=0
12: + product_functions.sh[11]((  rc == 0  ))
12: + product_functions.sh[11]mv pgb2file_f006_13_0p50.new pgb2file_f006_13_0p50
12: + product_functions.sh[12]return 0
12: + interp_atmos_master.sh[56]export err=0
12: + interp_atmos_master.sh[56]err=0
12: + interp_atmos_master.sh[57][[ 0 -ne 0 ]]
12: ++ interp_atmos_master.sh[62]wc -l
12: ++ interp_atmos_master.sh[62]wgrib2 pgb2file_f006_13_0p50 -match 'LAND|ICEC'
12: + interp_atmos_master.sh[62]var_count=0
12: + interp_atmos_master.sh[63][[ 0 -eq 2 ]]
12: + interp_atmos_master.sh[54]for grid in "${grids[@]}"
12: + interp_atmos_master.sh[55]trim_rh pgb2file_f006_13_1p00
12: + product_functions.sh[5]local filename=pgb2file_f006_13_1p00
12: + product_functions.sh[6]wgrib2 pgb2file_f006_13_1p00 -not_if :RH: -grib pgb2file_f006_13_1p00.new -if :RH: -rpn '10:*:0.5:+:floor:1000:min:10:/' -set_grib_type same -set_scaling -1 0 -grib_out pgb2file_f006_13_1p00.new
12: 1:0:d=2021032500:ABSV:550 mb:6 hour fcst:
12: 2:58328:d=2021032500:CLMR:550 mb:6 hour fcst:
12: 3:69297:d=2021032500:ICMR:550 mb:6 hour fcst:
12: 4:115471:d=2021032500:RWMR:550 mb:6 hour fcst:
12: 5:121462:d=2021032500:SNMR:550 mb:6 hour fcst:
12: 6:157119:d=2021032500:GRLE:550 mb:6 hour fcst:
12: 7:162296:d=2021032500:O3MR:550 mb:6 hour fcst:
12: 8:228797:d=2021032500:HGT:600 mb:6 hour fcst:
12: 9:296758:d=2021032500:TMP:600 mb:6 hour fcst:
12: 10:347207:d=2021032500:RH:600 mb:6 hour fcst:
12: 11:400510:d=2021032500:TCDC:600 mb:6 hour fcst:
12: 12:434931:d=2021032500:SPFH:600 mb:6 hour fcst:
12: 13:514689:d=2021032500:VVEL:600 mb:6 hour fcst:
12: 14:588348:d=2021032500:DZDT:600 mb:6 hour fcst:
12: 15:666833:d=2021032500:UGRD:600 mb:6 hour fcst:
12: 16:725080:d=2021032500:VGRD:600 mb:6 hour fcst:
12: 17:785789:d=2021032500:ABSV:600 mb:6 hour fcst:
12: 18:843696:d=2021032500:CLMR:600 mb:6 hour fcst:
12: 19:859289:d=2021032500:ICMR:600 mb:6 hour fcst:
12: 20:897806:d=2021032500:RWMR:600 mb:6 hour fcst:
12: 21:907124:d=2021032500:SNMR:600 mb:6 hour fcst:
12: 22:946623:d=2021032500:GRLE:600 mb:6 hour fcst:
12: 23:953149:d=2021032500:O3MR:600 mb:6 hour fcst:
12: 24:1016955:d=2021032500:HGT:650 mb:6 hour fcst:
12: 25:1084807:d=2021032500:TMP:650 mb:6 hour fcst:
12: 26:1136282:d=2021032500:RH:650 mb:6 hour fcst:
12: 27:1190091:d=2021032500:TCDC:650 mb:6 hour fcst:
12: 28:1222996:d=2021032500:SPFH:650 mb:6 hour fcst:
12: 29:1302880:d=2021032500:VVEL:650 mb:6 hour fcst:
12: 30:1376821:d=2021032500:DZDT:650 mb:6 hour fcst:
12: 31:1455053:d=2021032500:UGRD:650 mb:6 hour fcst:
12: 32:1513269:d=2021032500:VGRD:650 mb:6 hour fcst:
12: + product_functions.sh[10]rc=0
12: + product_functions.sh[11]((  rc == 0  ))
12: + product_functions.sh[11]mv pgb2file_f006_13_1p00.new pgb2file_f006_13_1p00
12: + product_functions.sh[12]return 0
12: + interp_atmos_master.sh[56]export err=0
12: + interp_atmos_master.sh[56]err=0
12: + interp_atmos_master.sh[57][[ 0 -ne 0 ]]
12: ++ interp_atmos_master.sh[62]wc -l
12: ++ interp_atmos_master.sh[62]wgrib2 pgb2file_f006_13_1p00 -match 'LAND|ICEC'
12: + interp_atmos_master.sh[62]var_count=0
12: + interp_atmos_master.sh[63][[ 0 -eq 2 ]]
12: + interp_atmos_master.sh[73]exit 0
 5: + bash[8]'[' -z '' ']'
 5: + bash[9]case "$-" in
 5: + bash[12]__lmod_vx=x
 5: + bash[16]'[' -n x ']'
 5: + bash[16]set +x
 5: Shell debugging temporarily silenced: export LMOD_SH_DBG_ON=1 for this output (/apps/other/lmod/lmod/init/bash)
 5: Shell debugging restarted
 5: + bash[224]unset __lmod_vx
 5: + interp_atmos_master.sh[7]input_file=tmpfile_f006_6
 5: + interp_atmos_master.sh[8]output_file_prefix=pgb2file_f006_6
 5: + interp_atmos_master.sh[9]grid_string=0p25:0p50:1p00
 5: + interp_atmos_master.sh[12]defaults='-set_grib_type same -set_bitmap 1 -set_grib_max_bits 16'
 5: + interp_atmos_master.sh[13]interp_winds='-new_grid_winds earth'
 5: + interp_atmos_master.sh[14]interp_bilinear='-new_grid_interpolation bilinear'
 5: + interp_atmos_master.sh[15]interp_neighbor='-if :(CSNOW|CRAIN|CFRZR|CICEP|ICSEV): -new_grid_interpolation neighbor -fi'
 5: + interp_atmos_master.sh[16]interp_budget='-if :(APCP|ACPCP|PRATE|CPRAT|DZDT): -new_grid_interpolation budget -fi'
 5: + interp_atmos_master.sh[17]increased_bits='-if :(APCP|ACPCP|PRATE|CPRAT): -set_grib_max_bits 25 -fi'
 5: + interp_atmos_master.sh[21]grid0p25='latlon 0:1440:0.25 90:721:-0.25'
 5: + interp_atmos_master.sh[23]grid0p50='latlon 0:720:0.5 90:361:-0.5'
 5: + interp_atmos_master.sh[25]grid1p00='latlon 0:360:1.0 90:181:-1.0'
 5: + interp_atmos_master.sh[28]source /work2/noaa/global/mterry/global-workflow_forked/ush/product_functions.sh
 5: + interp_atmos_master.sh[31]IFS=:
 5: + interp_atmos_master.sh[31]read -ra grids
 5: + interp_atmos_master.sh[33]output_grids=
 5: + interp_atmos_master.sh[34]for grid in "${grids[@]}"
 5: + interp_atmos_master.sh[35]gridopt=grid0p25
 5: + interp_atmos_master.sh[36]output_grids=' -new_grid latlon 0:1440:0.25 90:721:-0.25 pgb2file_f006_6_0p25'
 5: + interp_atmos_master.sh[34]for grid in "${grids[@]}"
 5: + interp_atmos_master.sh[35]gridopt=grid0p50
 5: + interp_atmos_master.sh[36]output_grids=' -new_grid latlon 0:1440:0.25 90:721:-0.25 pgb2file_f006_6_0p25 -new_grid latlon 0:720:0.5 90:361:-0.5 pgb2file_f006_6_0p50'
 5: + interp_atmos_master.sh[34]for grid in "${grids[@]}"
 5: + interp_atmos_master.sh[35]gridopt=grid1p00
 5: + interp_atmos_master.sh[36]output_grids=' -new_grid latlon 0:1440:0.25 90:721:-0.25 pgb2file_f006_6_0p25 -new_grid latlon 0:720:0.5 90:361:-0.5 pgb2file_f006_6_0p50 -new_grid latlon 0:360:1.0 90:181:-1.0 pgb2file_f006_6_1p00'
 5: + interp_atmos_master.sh[40]wgrib2 tmpfile_f006_6 -set_grib_type same -set_bitmap 1 -set_grib_max_bits 16 -new_grid_winds earth -new_grid_interpolation bilinear -if ':(CSNOW|CRAIN|CFRZR|CICEP|ICSEV):' -new_grid_interpolation neighbor -fi -if ':(APCP|ACPCP|PRATE|CPRAT|DZDT):' -new_grid_interpolation budget -fi -if ':(APCP|ACPCP|PRATE|CPRAT):' -set_grib_max_bits 25 -fi -new_grid latlon 0:1440:0.25 90:721:-0.25 pgb2file_f006_6_0p25 -new_grid latlon 0:720:0.5 90:361:-0.5 pgb2file_f006_6_0p50 -new_grid latlon 0:360:1.0 90:181:-1.0 pgb2file_f006_6_1p00
 5: 1:0:d=2021032500:RH:15 mb:6 hour fcst:
 5: 2:10838:d=2021032500:SPFH:15 mb:6 hour fcst:
 5: 3:33623:d=2021032500:VVEL:15 mb:6 hour fcst:
 5: 4:60989:d=2021032500:DZDT:15 mb:6 hour fcst:
 5: 5:86532:d=2021032500:UGRD:15 mb:6 hour fcst:
 5: 6:97986:d=2021032500:VGRD:15 mb:6 hour fcst:
 5: 7:116436:d=2021032500:ABSV:15 mb:6 hour fcst:
 5: 8:133856:d=2021032500:O3MR:15 mb:6 hour fcst:
 5: 9:153297:d=2021032500:HGT:20 mb:6 hour fcst:
 5: 10:173133:d=2021032500:TMP:20 mb:6 hour fcst:
 5: 11:189218:d=2021032500:RH:20 mb:6 hour fcst:
 5: 12:195844:d=2021032500:SPFH:20 mb:6 hour fcst:
 5: 13:218462:d=2021032500:VVEL:20 mb:6 hour fcst:
 5: 14:246465:d=2021032500:DZDT:20 mb:6 hour fcst:
 5: 15:277636:d=2021032500:UGRD:20 mb:6 hour fcst:
 5: 16:289078:d=2021032500:VGRD:20 mb:6 hour fcst:
 5: 17:307563:d=2021032500:ABSV:20 mb:6 hour fcst:
 5: 18:324883:d=2021032500:O3MR:20 mb:6 hour fcst:
 5: 19:350001:d=2021032500:HGT:30 mb:6 hour fcst:
 5: 20:369676:d=2021032500:TMP:30 mb:6 hour fcst:
 5: 21:385921:d=2021032500:RH:30 mb:6 hour fcst:
 5: 22:394324:d=2021032500:SPFH:30 mb:6 hour fcst:
 5: 23:419968:d=2021032500:VVEL:30 mb:6 hour fcst:
 5: 24:449311:d=2021032500:DZDT:30 mb:6 hour fcst:
 5: 25:480143:d=2021032500:UGRD:30 mb:6 hour fcst:
 5: 26:498986:d=2021032500:VGRD:30 mb:6 hour fcst:
 5: 27:517513:d=2021032500:ABSV:30 mb:6 hour fcst:
 5: 28:535001:d=2021032500:O3MR:30 mb:6 hour fcst:
 5: 29:562124:d=2021032500:HGT:40 mb:6 hour fcst:
 5: 30:581489:d=2021032500:TMP:40 mb:6 hour fcst:
 5: 31:597755:d=2021032500:RH:40 mb:6 hour fcst:
 5: + interp_atmos_master.sh[47]export err=0
 5: + interp_atmos_master.sh[47]err=0
 5: + interp_atmos_master.sh[48][[ 0 -ne 0 ]]
 5: + interp_atmos_master.sh[54]for grid in "${grids[@]}"
 5: + interp_atmos_master.sh[55]trim_rh pgb2file_f006_6_0p25
 5: + product_functions.sh[5]local filename=pgb2file_f006_6_0p25
 5: + product_functions.sh[6]wgrib2 pgb2file_f006_6_0p25 -not_if :RH: -grib pgb2file_f006_6_0p25.new -if :RH: -rpn '10:*:0.5:+:floor:1000:min:10:/' -set_grib_type same -set_scaling -1 0 -grib_out pgb2file_f006_6_0p25.new
 5: 1:0:d=2021032500:RH:15 mb:6 hour fcst:
 5: 2:262270:d=2021032500:SPFH:15 mb:6 hour fcst:
 5: 3:806967:d=2021032500:VVEL:15 mb:6 hour fcst:
 5: 4:1564875:d=2021032500:DZDT:15 mb:6 hour fcst:
 5: 5:2274907:d=2021032500:UGRD:15 mb:6 hour fcst:
 5: 6:2723279:d=2021032500:VGRD:15 mb:6 hour fcst:
 5: 7:3144318:d=2021032500:ABSV:15 mb:6 hour fcst:
 5: 8:3522256:d=2021032500:O3MR:15 mb:6 hour fcst:
 5: 9:3975509:d=2021032500:HGT:20 mb:6 hour fcst:
 5: 10:4452874:d=2021032500:TMP:20 mb:6 hour fcst:
 5: 11:4810461:d=2021032500:RH:20 mb:6 hour fcst:
 5: 12:5006139:d=2021032500:SPFH:20 mb:6 hour fcst:
 5: 13:5550169:d=2021032500:VVEL:20 mb:6 hour fcst:
 5: 14:6347864:d=2021032500:DZDT:20 mb:6 hour fcst:
 5: 15:7283352:d=2021032500:UGRD:20 mb:6 hour fcst:
 5: 16:7732537:d=2021032500:VGRD:20 mb:6 hour fcst:
 5: 17:8157368:d=2021032500:ABSV:20 mb:6 hour fcst:
 5: 18:8537116:d=2021032500:O3MR:20 mb:6 hour fcst:
 5: 19:9216186:d=2021032500:HGT:30 mb:6 hour fcst:
 5: 20:9683776:d=2021032500:TMP:30 mb:6 hour fcst:
 5: 21:10049248:d=2021032500:RH:30 mb:6 hour fcst:
 5: 22:10282671:d=2021032500:SPFH:30 mb:6 hour fcst:
 5: 23:10957888:d=2021032500:VVEL:30 mb:6 hour fcst:
 5: 24:11777916:d=2021032500:DZDT:30 mb:6 hour fcst:
 5: 25:12698453:d=2021032500:UGRD:30 mb:6 hour fcst:
 5: 26:13144872:d=2021032500:VGRD:30 mb:6 hour fcst:
 5: 27:13574709:d=2021032500:ABSV:30 mb:6 hour fcst:
 5: 28:13965834:d=2021032500:O3MR:30 mb:6 hour fcst:
 5: 29:14712068:d=2021032500:HGT:40 mb:6 hour fcst:
 5: 30:15171327:d=2021032500:TMP:40 mb:6 hour fcst:
 5: 31:15538230:d=2021032500:RH:40 mb:6 hour fcst:
 5: + product_functions.sh[10]rc=0
 5: + product_functions.sh[11]((  rc == 0  ))
 5: + product_functions.sh[11]mv pgb2file_f006_6_0p25.new pgb2file_f006_6_0p25
 5: + product_functions.sh[12]return 0
 5: + interp_atmos_master.sh[56]export err=0
 5: + interp_atmos_master.sh[56]err=0
 5: + interp_atmos_master.sh[57][[ 0 -ne 0 ]]
 5: ++ interp_atmos_master.sh[62]wc -l
 5: ++ interp_atmos_master.sh[62]wgrib2 pgb2file_f006_6_0p25 -match 'LAND|ICEC'
 5: + interp_atmos_master.sh[62]var_count=0
 5: + interp_atmos_master.sh[63][[ 0 -eq 2 ]]
 5: + interp_atmos_master.sh[54]for grid in "${grids[@]}"
 5: + interp_atmos_master.sh[55]trim_rh pgb2file_f006_6_0p50
 5: + product_functions.sh[5]local filename=pgb2file_f006_6_0p50
 5: + product_functions.sh[6]wgrib2 pgb2file_f006_6_0p50 -not_if :RH: -grib pgb2file_f006_6_0p50.new -if :RH: -rpn '10:*:0.5:+:floor:1000:min:10:/' -set_grib_type same -set_scaling -1 0 -grib_out pgb2file_f006_6_0p50.new
 5: 1:0:d=2021032500:RH:15 mb:6 hour fcst:
 5: 2:75208:d=2021032500:SPFH:15 mb:6 hour fcst:
 5: 3:264094:d=2021032500:VVEL:15 mb:6 hour fcst:
 5: 4:525793:d=2021032500:DZDT:15 mb:6 hour fcst:
 5: 5:759840:d=2021032500:UGRD:15 mb:6 hour fcst:
 5: 6:915994:d=2021032500:VGRD:15 mb:6 hour fcst:
 5: 7:1062127:d=2021032500:ABSV:15 mb:6 hour fcst:
 5: 8:1193206:d=2021032500:O3MR:15 mb:6 hour fcst:
 5: 9:1347955:d=2021032500:HGT:20 mb:6 hour fcst:
 5: 10:1509685:d=2021032500:TMP:20 mb:6 hour fcst:
 5: 11:1631330:d=2021032500:RH:20 mb:6 hour fcst:
 5: 12:1691044:d=2021032500:SPFH:20 mb:6 hour fcst:
 5: 13:1878320:d=2021032500:VVEL:20 mb:6 hour fcst:
 5: 14:2149107:d=2021032500:DZDT:20 mb:6 hour fcst:
 5: 15:2451555:d=2021032500:UGRD:20 mb:6 hour fcst:
 5: 16:2607548:d=2021032500:VGRD:20 mb:6 hour fcst:
 5: 17:2755211:d=2021032500:ABSV:20 mb:6 hour fcst:
 5: 18:2886549:d=2021032500:O3MR:20 mb:6 hour fcst:
 5: 19:3113425:d=2021032500:HGT:30 mb:6 hour fcst:
 5: 20:3272105:d=2021032500:TMP:30 mb:6 hour fcst:
 5: 21:3395499:d=2021032500:RH:30 mb:6 hour fcst:
 5: 22:3462295:d=2021032500:SPFH:30 mb:6 hour fcst:
 5: 23:3691413:d=2021032500:VVEL:30 mb:6 hour fcst:
 5: 24:3977419:d=2021032500:DZDT:30 mb:6 hour fcst:
 5: 25:4275204:d=2021032500:UGRD:30 mb:6 hour fcst:
 5: 26:4427257:d=2021032500:VGRD:30 mb:6 hour fcst:
 5: 27:4576552:d=2021032500:ABSV:30 mb:6 hour fcst:
 5: 28:4710460:d=2021032500:O3MR:30 mb:6 hour fcst:
 5: 29:4964870:d=2021032500:HGT:40 mb:6 hour fcst:
 5: 30:5121479:d=2021032500:TMP:40 mb:6 hour fcst:
 5: 31:5246724:d=2021032500:RH:40 mb:6 hour fcst:
 5: + product_functions.sh[10]rc=0
 5: + product_functions.sh[11]((  rc == 0  ))
 5: + product_functions.sh[11]mv pgb2file_f006_6_0p50.new pgb2file_f006_6_0p50
 5: + product_functions.sh[12]return 0
 5: + interp_atmos_master.sh[56]export err=0
 5: + interp_atmos_master.sh[56]err=0
 5: + interp_atmos_master.sh[57][[ 0 -ne 0 ]]
 5: ++ interp_atmos_master.sh[62]wc -l
 5: ++ interp_atmos_master.sh[62]wgrib2 pgb2file_f006_6_0p50 -match 'LAND|ICEC'
 5: + interp_atmos_master.sh[62]var_count=0
 5: + interp_atmos_master.sh[63][[ 0 -eq 2 ]]
 5: + interp_atmos_master.sh[54]for grid in "${grids[@]}"
 5: + interp_atmos_master.sh[55]trim_rh pgb2file_f006_6_1p00
 5: + product_functions.sh[5]local filename=pgb2file_f006_6_1p00
 5: + product_functions.sh[6]wgrib2 pgb2file_f006_6_1p00 -not_if :RH: -grib pgb2file_f006_6_1p00.new -if :RH: -rpn '10:*:0.5:+:floor:1000:min:10:/' -set_grib_type same -set_scaling -1 0 -grib_out pgb2file_f006_6_1p00.new
 5: 1:0:d=2021032500:RH:15 mb:6 hour fcst:
 5: 2:24787:d=2021032500:SPFH:15 mb:6 hour fcst:
 5: 3:85023:d=2021032500:VVEL:15 mb:6 hour fcst:
 5: 4:163147:d=2021032500:DZDT:15 mb:6 hour fcst:
 5: 5:233861:d=2021032500:UGRD:15 mb:6 hour fcst:
 5: 6:284606:d=2021032500:VGRD:15 mb:6 hour fcst:
 5: 7:332640:d=2021032500:ABSV:15 mb:6 hour fcst:
 5: 8:376446:d=2021032500:O3MR:15 mb:6 hour fcst:
 5: 9:426636:d=2021032500:HGT:20 mb:6 hour fcst:
 5: 10:478444:d=2021032500:TMP:20 mb:6 hour fcst:
 5: 11:519409:d=2021032500:RH:20 mb:6 hour fcst:
 5: 12:536711:d=2021032500:SPFH:20 mb:6 hour fcst:
 5: 13:596590:d=2021032500:VVEL:20 mb:6 hour fcst:
 5: 14:676854:d=2021032500:DZDT:20 mb:6 hour fcst:
 5: 15:765027:d=2021032500:UGRD:20 mb:6 hour fcst:
 5: 16:815660:d=2021032500:VGRD:20 mb:6 hour fcst:
 5: 17:863870:d=2021032500:ABSV:20 mb:6 hour fcst:
 5: 18:907637:d=2021032500:O3MR:20 mb:6 hour fcst:
 5: 19:977021:d=2021032500:HGT:30 mb:6 hour fcst:
 5: 20:1028045:d=2021032500:TMP:30 mb:6 hour fcst:
 5: 21:1068857:d=2021032500:RH:30 mb:6 hour fcst:
 5: 22:1089012:d=2021032500:SPFH:30 mb:6 hour fcst:
 5: 23:1159585:d=2021032500:VVEL:30 mb:6 hour fcst:
 5: 24:1243886:d=2021032500:DZDT:30 mb:6 hour fcst:
 5: 25:1330965:d=2021032500:UGRD:30 mb:6 hour fcst:
 5: 26:1380139:d=2021032500:VGRD:30 mb:6 hour fcst:
 5: 27:1428778:d=2021032500:ABSV:30 mb:6 hour fcst:
 5: 28:1473214:d=2021032500:O3MR:30 mb:6 hour fcst:
 5: 29:1549996:d=2021032500:HGT:40 mb:6 hour fcst:
 5: 30:1600333:d=2021032500:TMP:40 mb:6 hour fcst:
 5: 31:1641681:d=2021032500:RH:40 mb:6 hour fcst:
 5: + product_functions.sh[10]rc=0
 5: + product_functions.sh[11]((  rc == 0  ))
 5: + product_functions.sh[11]mv pgb2file_f006_6_1p00.new pgb2file_f006_6_1p00
 5: + product_functions.sh[12]return 0
 5: + interp_atmos_master.sh[56]export err=0
 5: + interp_atmos_master.sh[56]err=0
 5: + interp_atmos_master.sh[57][[ 0 -ne 0 ]]
 5: ++ interp_atmos_master.sh[62]wc -l
 5: ++ interp_atmos_master.sh[62]wgrib2 pgb2file_f006_6_1p00 -match 'LAND|ICEC'
 5: + interp_atmos_master.sh[62]var_count=0
 5: + interp_atmos_master.sh[63][[ 0 -eq 2 ]]
 5: + interp_atmos_master.sh[73]exit 0
 1: + bash[8]'[' -z '' ']'
 1: + bash[9]case "$-" in
 1: + bash[12]__lmod_vx=x
 1: + bash[16]'[' -n x ']'
 1: + bash[16]set +x
 1: Shell debugging temporarily silenced: export LMOD_SH_DBG_ON=1 for this output (/apps/other/lmod/lmod/init/bash)
 1: Shell debugging restarted
 1: + bash[224]unset __lmod_vx
 1: + interp_atmos_master.sh[7]input_file=tmpfile_f006_2
 1: + interp_atmos_master.sh[8]output_file_prefix=pgb2file_f006_2
 1: + interp_atmos_master.sh[9]grid_string=0p25:0p50:1p00
 1: + interp_atmos_master.sh[12]defaults='-set_grib_type same -set_bitmap 1 -set_grib_max_bits 16'
 1: + interp_atmos_master.sh[13]interp_winds='-new_grid_winds earth'
 1: + interp_atmos_master.sh[14]interp_bilinear='-new_grid_interpolation bilinear'
 1: + interp_atmos_master.sh[15]interp_neighbor='-if :(CSNOW|CRAIN|CFRZR|CICEP|ICSEV): -new_grid_interpolation neighbor -fi'
 1: + interp_atmos_master.sh[16]interp_budget='-if :(APCP|ACPCP|PRATE|CPRAT|DZDT): -new_grid_interpolation budget -fi'
 1: + interp_atmos_master.sh[17]increased_bits='-if :(APCP|ACPCP|PRATE|CPRAT): -set_grib_max_bits 25 -fi'
 1: + interp_atmos_master.sh[21]grid0p25='latlon 0:1440:0.25 90:721:-0.25'
 1: + interp_atmos_master.sh[23]grid0p50='latlon 0:720:0.5 90:361:-0.5'
 1: + interp_atmos_master.sh[25]grid1p00='latlon 0:360:1.0 90:181:-1.0'
 1: + interp_atmos_master.sh[28]source /work2/noaa/global/mterry/global-workflow_forked/ush/product_functions.sh
 1: + interp_atmos_master.sh[31]IFS=:
 1: + interp_atmos_master.sh[31]read -ra grids
 1: + interp_atmos_master.sh[33]output_grids=
 1: + interp_atmos_master.sh[34]for grid in "${grids[@]}"
 1: + interp_atmos_master.sh[35]gridopt=grid0p25
 1: + interp_atmos_master.sh[36]output_grids=' -new_grid latlon 0:1440:0.25 90:721:-0.25 pgb2file_f006_2_0p25'
 1: + interp_atmos_master.sh[34]for grid in "${grids[@]}"
 1: + interp_atmos_master.sh[35]gridopt=grid0p50
 1: + interp_atmos_master.sh[36]output_grids=' -new_grid latlon 0:1440:0.25 90:721:-0.25 pgb2file_f006_2_0p25 -new_grid latlon 0:720:0.5 90:361:-0.5 pgb2file_f006_2_0p50'
 1: + interp_atmos_master.sh[34]for grid in "${grids[@]}"
 1: + interp_atmos_master.sh[35]gridopt=grid1p00
 1: + interp_atmos_master.sh[36]output_grids=' -new_grid latlon 0:1440:0.25 90:721:-0.25 pgb2file_f006_2_0p25 -new_grid latlon 0:720:0.5 90:361:-0.5 pgb2file_f006_2_0p50 -new_grid latlon 0:360:1.0 90:181:-1.0 pgb2file_f006_2_1p00'
 1: + interp_atmos_master.sh[40]wgrib2 tmpfile_f006_2 -set_grib_type same -set_bitmap 1 -set_grib_max_bits 16 -new_grid_winds earth -new_grid_interpolation bilinear -if ':(CSNOW|CRAIN|CFRZR|CICEP|ICSEV):' -new_grid_interpolation neighbor -fi -if ':(APCP|ACPCP|PRATE|CPRAT|DZDT):' -new_grid_interpolation budget -fi -if ':(APCP|ACPCP|PRATE|CPRAT):' -set_grib_max_bits 25 -fi -new_grid latlon 0:1440:0.25 90:721:-0.25 pgb2file_f006_2_0p25 -new_grid latlon 0:720:0.5 90:361:-0.5 pgb2file_f006_2_0p50 -new_grid latlon 0:360:1.0 90:181:-1.0 pgb2file_f006_2_1p00
 1: 1:0:d=2021032500:ABSV:0.02 mb:6 hour fcst:
 1: 2:17406:d=2021032500:O3MR:0.02 mb:6 hour fcst:
 1: 3:33843:d=2021032500:HGT:0.04 mb:6 hour fcst:
 1: 4:56237:d=2021032500:TMP:0.04 mb:6 hour fcst:
 1: 5:74224:d=2021032500:RH:0.04 mb:6 hour fcst:
 1: 6:81340:d=2021032500:SPFH:0.04 mb:6 hour fcst:
 1: 7:106990:d=2021032500:VVEL:0.04 mb:6 hour fcst:
 1: 8:135536:d=2021032500:DZDT:0.04 mb:6 hour fcst:
 1: 9:161180:d=2021032500:UGRD:0.04 mb:6 hour fcst:
 1: 10:181537:d=2021032500:VGRD:0.04 mb:6 hour fcst:
 1: 11:201630:d=2021032500:ABSV:0.04 mb:6 hour fcst:
 1: 12:219858:d=2021032500:O3MR:0.04 mb:6 hour fcst:
 1: 13:238853:d=2021032500:HGT:0.07 mb:6 hour fcst:
 1: 14:261108:d=2021032500:TMP:0.07 mb:6 hour fcst:
 1: 15:278245:d=2021032500:RH:0.07 mb:6 hour fcst:
 1: 16:289084:d=2021032500:SPFH:0.07 mb:6 hour fcst:
 1: 17:313509:d=2021032500:VVEL:0.07 mb:6 hour fcst:
 1: 18:340951:d=2021032500:DZDT:0.07 mb:6 hour fcst:
 1: 19:367136:d=2021032500:UGRD:0.07 mb:6 hour fcst:
 1: 20:387777:d=2021032500:VGRD:0.07 mb:6 hour fcst:
 1: 21:408077:d=2021032500:ABSV:0.07 mb:6 hour fcst:
 1: 22:426448:d=2021032500:O3MR:0.07 mb:6 hour fcst:
 1: 23:446627:d=2021032500:HGT:0.1 mb:6 hour fcst:
 1: 24:468791:d=2021032500:TMP:0.1 mb:6 hour fcst:
 1: 25:485698:d=2021032500:RH:0.1 mb:6 hour fcst:
 1: 26:494628:d=2021032500:SPFH:0.1 mb:6 hour fcst:
 1: 27:519603:d=2021032500:VVEL:0.1 mb:6 hour fcst:
 1: 28:547815:d=2021032500:DZDT:0.1 mb:6 hour fcst:
 1: 29:574301:d=2021032500:UGRD:0.1 mb:6 hour fcst:
 1: 30:594709:d=2021032500:VGRD:0.1 mb:6 hour fcst:
 1: 31:614697:d=2021032500:ABSV:0.1 mb:6 hour fcst:
 1: + interp_atmos_master.sh[47]export err=0
 1: + interp_atmos_master.sh[47]err=0
 1: + interp_atmos_master.sh[48][[ 0 -ne 0 ]]
 1: + interp_atmos_master.sh[54]for grid in "${grids[@]}"
 1: + interp_atmos_master.sh[55]trim_rh pgb2file_f006_2_0p25
 1: + product_functions.sh[5]local filename=pgb2file_f006_2_0p25
 1: + product_functions.sh[6]wgrib2 pgb2file_f006_2_0p25 -not_if :RH: -grib pgb2file_f006_2_0p25.new -if :RH: -rpn '10:*:0.5:+:floor:1000:min:10:/' -set_grib_type same -set_scaling -1 0 -grib_out pgb2file_f006_2_0p25.new
 1: 1:0:d=2021032500:ABSV:0.02 mb:6 hour fcst:
 1: 2:383461:d=2021032500:O3MR:0.02 mb:6 hour fcst:
 1: 3:738310:d=2021032500:HGT:0.04 mb:6 hour fcst:
 1: 4:1318294:d=2021032500:TMP:0.04 mb:6 hour fcst:
 1: 5:1747909:d=2021032500:RH:0.04 mb:6 hour fcst:
 1: 6:1914358:d=2021032500:SPFH:0.04 mb:6 hour fcst:
 1: 7:2608074:d=2021032500:VVEL:0.04 mb:6 hour fcst:
 1: 8:3412193:d=2021032500:DZDT:0.04 mb:6 hour fcst:
 1: 9:4127057:d=2021032500:UGRD:0.04 mb:6 hour fcst:
 1: 10:4634505:d=2021032500:VGRD:0.04 mb:6 hour fcst:
 1: 11:5128527:d=2021032500:ABSV:0.04 mb:6 hour fcst:
 1: 12:5544548:d=2021032500:O3MR:0.04 mb:6 hour fcst:
 1: 13:6000627:d=2021032500:HGT:0.07 mb:6 hour fcst:
 1: 14:6573132:d=2021032500:TMP:0.07 mb:6 hour fcst:
 1: 15:6975032:d=2021032500:RH:0.07 mb:6 hour fcst:
 1: 16:7221815:d=2021032500:SPFH:0.07 mb:6 hour fcst:
 1: 17:7858219:d=2021032500:VVEL:0.07 mb:6 hour fcst:
 1: 18:8617155:d=2021032500:DZDT:0.07 mb:6 hour fcst:
 1: 19:9349379:d=2021032500:UGRD:0.07 mb:6 hour fcst:
 1: 20:9867790:d=2021032500:VGRD:0.07 mb:6 hour fcst:
 1: 21:10370638:d=2021032500:ABSV:0.07 mb:6 hour fcst:
 1: 22:10789837:d=2021032500:O3MR:0.07 mb:6 hour fcst:
 1: 23:11294736:d=2021032500:HGT:0.1 mb:6 hour fcst:
 1: 24:11860838:d=2021032500:TMP:0.1 mb:6 hour fcst:
 1: 25:12247675:d=2021032500:RH:0.1 mb:6 hour fcst:
 1: 26:12464170:d=2021032500:SPFH:0.1 mb:6 hour fcst:
 1: 27:13113498:d=2021032500:VVEL:0.1 mb:6 hour fcst:
 1: 28:13889756:d=2021032500:DZDT:0.1 mb:6 hour fcst:
 1: 29:14639740:d=2021032500:UGRD:0.1 mb:6 hour fcst:
 1: 30:15148507:d=2021032500:VGRD:0.1 mb:6 hour fcst:
 1: 31:15637656:d=2021032500:ABSV:0.1 mb:6 hour fcst:
 1: + product_functions.sh[10]rc=0
 1: + product_functions.sh[11]((  rc == 0  ))
 1: + product_functions.sh[11]mv pgb2file_f006_2_0p25.new pgb2file_f006_2_0p25
 1: + product_functions.sh[12]return 0
 1: + interp_atmos_master.sh[56]export err=0
 1: + interp_atmos_master.sh[56]err=0
 1: + interp_atmos_master.sh[57][[ 0 -ne 0 ]]
 1: ++ interp_atmos_master.sh[62]wc -l
 1: ++ interp_atmos_master.sh[62]wgrib2 pgb2file_f006_2_0p25 -match 'LAND|ICEC'
 1: + interp_atmos_master.sh[62]var_count=0
 1: + interp_atmos_master.sh[63][[ 0 -eq 2 ]]
 1: + interp_atmos_master.sh[54]for grid in "${grids[@]}"
 1: + interp_atmos_master.sh[55]trim_rh pgb2file_f006_2_0p50
 1: + product_functions.sh[5]local filename=pgb2file_f006_2_0p50
 1: + product_functions.sh[6]wgrib2 pgb2file_f006_2_0p50 -not_if :RH: -grib pgb2file_f006_2_0p50.new -if :RH: -rpn '10:*:0.5:+:floor:1000:min:10:/' -set_grib_type same -set_scaling -1 0 -grib_out pgb2file_f006_2_0p50.new
 1: 1:0:d=2021032500:ABSV:0.02 mb:6 hour fcst:
 1: 2:133077:d=2021032500:O3MR:0.02 mb:6 hour fcst:
 1: 3:252660:d=2021032500:HGT:0.04 mb:6 hour fcst:
 1: 4:448518:d=2021032500:TMP:0.04 mb:6 hour fcst:
 1: 5:593220:d=2021032500:RH:0.04 mb:6 hour fcst:
 1: 6:645593:d=2021032500:SPFH:0.04 mb:6 hour fcst:
 1: 7:878511:d=2021032500:VVEL:0.04 mb:6 hour fcst:
 1: 8:1156388:d=2021032500:DZDT:0.04 mb:6 hour fcst:
 1: 9:1391149:d=2021032500:UGRD:0.04 mb:6 hour fcst:
 1: 10:1563459:d=2021032500:VGRD:0.04 mb:6 hour fcst:
 1: 11:1730567:d=2021032500:ABSV:0.04 mb:6 hour fcst:
 1: 12:1874328:d=2021032500:O3MR:0.04 mb:6 hour fcst:
 1: 13:2029062:d=2021032500:HGT:0.07 mb:6 hour fcst:
 1: 14:2222832:d=2021032500:TMP:0.07 mb:6 hour fcst:
 1: 15:2360131:d=2021032500:RH:0.07 mb:6 hour fcst:
 1: 16:2438569:d=2021032500:SPFH:0.07 mb:6 hour fcst:
 1: 17:2652323:d=2021032500:VVEL:0.07 mb:6 hour fcst:
 1: 18:2913426:d=2021032500:DZDT:0.07 mb:6 hour fcst:
 1: 19:3153898:d=2021032500:UGRD:0.07 mb:6 hour fcst:
 1: 20:3329415:d=2021032500:VGRD:0.07 mb:6 hour fcst:
 1: 21:3500067:d=2021032500:ABSV:0.07 mb:6 hour fcst:
 1: 22:3645001:d=2021032500:O3MR:0.07 mb:6 hour fcst:
 1: 23:3815236:d=2021032500:HGT:0.1 mb:6 hour fcst:
 1: 24:4008619:d=2021032500:TMP:0.1 mb:6 hour fcst:
 1: 25:4139931:d=2021032500:RH:0.1 mb:6 hour fcst:
 1: 26:4205656:d=2021032500:SPFH:0.1 mb:6 hour fcst:
 1: 27:4423842:d=2021032500:VVEL:0.1 mb:6 hour fcst:
 1: 28:4694239:d=2021032500:DZDT:0.1 mb:6 hour fcst:
 1: 29:4940648:d=2021032500:UGRD:0.1 mb:6 hour fcst:
 1: 30:5113589:d=2021032500:VGRD:0.1 mb:6 hour fcst:
 1: 31:5279722:d=2021032500:ABSV:0.1 mb:6 hour fcst:
 1: + product_functions.sh[10]rc=0
 1: + product_functions.sh[11]((  rc == 0  ))
 1: + product_functions.sh[11]mv pgb2file_f006_2_0p50.new pgb2file_f006_2_0p50
 1: + product_functions.sh[12]return 0
 1: + interp_atmos_master.sh[56]export err=0
 1: + interp_atmos_master.sh[56]err=0
 1: + interp_atmos_master.sh[57][[ 0 -ne 0 ]]
 1: ++ interp_atmos_master.sh[62]wc -l
 1: ++ interp_atmos_master.sh[62]wgrib2 pgb2file_f006_2_0p50 -match 'LAND|ICEC'
 1: + interp_atmos_master.sh[62]var_count=0
 1: + interp_atmos_master.sh[63][[ 0 -eq 2 ]]
 1: + interp_atmos_master.sh[54]for grid in "${grids[@]}"
 1: + interp_atmos_master.sh[55]trim_rh pgb2file_f006_2_1p00
 1: + product_functions.sh[5]local filename=pgb2file_f006_2_1p00
 1: + product_functions.sh[6]wgrib2 pgb2file_f006_2_1p00 -not_if :RH: -grib pgb2file_f006_2_1p00.new -if :RH: -rpn '10:*:0.5:+:floor:1000:min:10:/' -set_grib_type same -set_scaling -1 0 -grib_out pgb2file_f006_2_1p00.new
 1: 1:0:d=2021032500:ABSV:0.02 mb:6 hour fcst:
 1: 2:43928:d=2021032500:O3MR:0.02 mb:6 hour fcst:
 1: 3:84235:d=2021032500:HGT:0.04 mb:6 hour fcst:
 1: 4:145486:d=2021032500:TMP:0.04 mb:6 hour fcst:
 1: 5:192250:d=2021032500:RH:0.04 mb:6 hour fcst:
 1: 6:209038:d=2021032500:SPFH:0.04 mb:6 hour fcst:
 1: 7:279944:d=2021032500:VVEL:0.04 mb:6 hour fcst:
 1: 8:361935:d=2021032500:DZDT:0.04 mb:6 hour fcst:
 1: 9:432587:d=2021032500:UGRD:0.04 mb:6 hour fcst:
 1: 10:487167:d=2021032500:VGRD:0.04 mb:6 hour fcst:
 1: 11:540443:d=2021032500:ABSV:0.04 mb:6 hour fcst:
 1: 12:587517:d=2021032500:O3MR:0.04 mb:6 hour fcst:
 1: 13:637129:d=2021032500:HGT:0.07 mb:6 hour fcst:
 1: 14:697669:d=2021032500:TMP:0.07 mb:6 hour fcst:
 1: 15:742399:d=2021032500:RH:0.07 mb:6 hour fcst:
 1: 16:768292:d=2021032500:SPFH:0.07 mb:6 hour fcst:
 1: 17:834673:d=2021032500:VVEL:0.07 mb:6 hour fcst:
 1: 18:912611:d=2021032500:DZDT:0.07 mb:6 hour fcst:
 1: 19:985211:d=2021032500:UGRD:0.07 mb:6 hour fcst:
 1: 20:1040654:d=2021032500:VGRD:0.07 mb:6 hour fcst:
 1: 21:1095035:d=2021032500:ABSV:0.07 mb:6 hour fcst:
 1: 22:1142557:d=2021032500:O3MR:0.07 mb:6 hour fcst:
 1: 23:1196157:d=2021032500:HGT:0.1 mb:6 hour fcst:
 1: 24:1256258:d=2021032500:TMP:0.1 mb:6 hour fcst:
 1: 25:1299641:d=2021032500:RH:0.1 mb:6 hour fcst:
 1: 26:1321387:d=2021032500:SPFH:0.1 mb:6 hour fcst:
 1: 27:1389470:d=2021032500:VVEL:0.1 mb:6 hour fcst:
 1: 28:1469965:d=2021032500:DZDT:0.1 mb:6 hour fcst:
 1: 29:1543434:d=2021032500:UGRD:0.1 mb:6 hour fcst:
 1: 30:1598231:d=2021032500:VGRD:0.1 mb:6 hour fcst:
 1: 31:1651215:d=2021032500:ABSV:0.1 mb:6 hour fcst:
 1: + product_functions.sh[10]rc=0
 1: + product_functions.sh[11]((  rc == 0  ))
 1: + product_functions.sh[11]mv pgb2file_f006_2_1p00.new pgb2file_f006_2_1p00
 1: + product_functions.sh[12]return 0
 1: + interp_atmos_master.sh[56]export err=0
 1: + interp_atmos_master.sh[56]err=0
 1: + interp_atmos_master.sh[57][[ 0 -ne 0 ]]
 1: ++ interp_atmos_master.sh[62]wc -l
 1: ++ interp_atmos_master.sh[62]wgrib2 pgb2file_f006_2_1p00 -match 'LAND|ICEC'
 1: + interp_atmos_master.sh[62]var_count=0
 1: + interp_atmos_master.sh[63][[ 0 -eq 2 ]]
 1: + interp_atmos_master.sh[73]exit 0
 9: + bash[8]'[' -z '' ']'
 9: + bash[9]case "$-" in
 9: + bash[12]__lmod_vx=x
 9: + bash[16]'[' -n x ']'
 9: + bash[16]set +x
 9: Shell debugging temporarily silenced: export LMOD_SH_DBG_ON=1 for this output (/apps/other/lmod/lmod/init/bash)
 9: Shell debugging restarted
 9: + bash[224]unset __lmod_vx
 9: + interp_atmos_master.sh[7]input_file=tmpfile_f006_10
 9: + interp_atmos_master.sh[8]output_file_prefix=pgb2file_f006_10
 9: + interp_atmos_master.sh[9]grid_string=0p25:0p50:1p00
 9: + interp_atmos_master.sh[12]defaults='-set_grib_type same -set_bitmap 1 -set_grib_max_bits 16'
 9: + interp_atmos_master.sh[13]interp_winds='-new_grid_winds earth'
 9: + interp_atmos_master.sh[14]interp_bilinear='-new_grid_interpolation bilinear'
 9: + interp_atmos_master.sh[15]interp_neighbor='-if :(CSNOW|CRAIN|CFRZR|CICEP|ICSEV): -new_grid_interpolation neighbor -fi'
 9: + interp_atmos_master.sh[16]interp_budget='-if :(APCP|ACPCP|PRATE|CPRAT|DZDT): -new_grid_interpolation budget -fi'
 9: + interp_atmos_master.sh[17]increased_bits='-if :(APCP|ACPCP|PRATE|CPRAT): -set_grib_max_bits 25 -fi'
 9: + interp_atmos_master.sh[21]grid0p25='latlon 0:1440:0.25 90:721:-0.25'
 9: + interp_atmos_master.sh[23]grid0p50='latlon 0:720:0.5 90:361:-0.5'
 9: + interp_atmos_master.sh[25]grid1p00='latlon 0:360:1.0 90:181:-1.0'
 9: + interp_atmos_master.sh[28]source /work2/noaa/global/mterry/global-workflow_forked/ush/product_functions.sh
 9: + interp_atmos_master.sh[31]IFS=:
 9: + interp_atmos_master.sh[31]read -ra grids
 9: + interp_atmos_master.sh[33]output_grids=
 9: + interp_atmos_master.sh[34]for grid in "${grids[@]}"
 9: + interp_atmos_master.sh[35]gridopt=grid0p25
 9: + interp_atmos_master.sh[36]output_grids=' -new_grid latlon 0:1440:0.25 90:721:-0.25 pgb2file_f006_10_0p25'
 9: + interp_atmos_master.sh[34]for grid in "${grids[@]}"
 9: + interp_atmos_master.sh[35]gridopt=grid0p50
 9: + interp_atmos_master.sh[36]output_grids=' -new_grid latlon 0:1440:0.25 90:721:-0.25 pgb2file_f006_10_0p25 -new_grid latlon 0:720:0.5 90:361:-0.5 pgb2file_f006_10_0p50'
 9: + interp_atmos_master.sh[34]for grid in "${grids[@]}"
 9: + interp_atmos_master.sh[35]gridopt=grid1p00
 9: + interp_atmos_master.sh[36]output_grids=' -new_grid latlon 0:1440:0.25 90:721:-0.25 pgb2file_f006_10_0p25 -new_grid latlon 0:720:0.5 90:361:-0.5 pgb2file_f006_10_0p50 -new_grid latlon 0:360:1.0 90:181:-1.0 pgb2file_f006_10_1p00'
 9: + interp_atmos_master.sh[40]wgrib2 tmpfile_f006_10 -set_grib_type same -set_bitmap 1 -set_grib_max_bits 16 -new_grid_winds earth -new_grid_interpolation bilinear -if ':(CSNOW|CRAIN|CFRZR|CICEP|ICSEV):' -new_grid_interpolation neighbor -fi -if ':(APCP|ACPCP|PRATE|CPRAT|DZDT):' -new_grid_interpolation budget -fi -if ':(APCP|ACPCP|PRATE|CPRAT):' -set_grib_max_bits 25 -fi -new_grid latlon 0:1440:0.25 90:721:-0.25 pgb2file_f006_10_0p25 -new_grid latlon 0:720:0.5 90:361:-0.5 pgb2file_f006_10_0p50 -new_grid latlon 0:360:1.0 90:181:-1.0 pgb2file_f006_10_1p00
 9: 1:0:d=2021032500:RWMR:250 mb:6 hour fcst:
 9: 2:179:d=2021032500:SNMR:250 mb:6 hour fcst:
 9: 3:5578:d=2021032500:GRLE:250 mb:6 hour fcst:
 9: 4:5839:d=2021032500:O3MR:250 mb:6 hour fcst:
 9: 5:32743:d=2021032500:HGT:300 mb:6 hour fcst:
 9: 6:55221:d=2021032500:TMP:300 mb:6 hour fcst:
 9: 7:74527:d=2021032500:RH:300 mb:6 hour fcst:
 9: 8:93950:d=2021032500:TCDC:300 mb:6 hour fcst:
 9: 9:108696:d=2021032500:SPFH:300 mb:6 hour fcst:
 9: 10:135533:d=2021032500:VVEL:300 mb:6 hour fcst:
 9: 11:160597:d=2021032500:DZDT:300 mb:6 hour fcst:
 9: 12:187376:d=2021032500:UGRD:300 mb:6 hour fcst:
 9: 13:202757:d=2021032500:VGRD:300 mb:6 hour fcst:
 9: 14:218866:d=2021032500:ABSV:300 mb:6 hour fcst:
 9: 15:242014:d=2021032500:CLMR:300 mb:6 hour fcst:
 9: 16:242193:d=2021032500:ICMR:300 mb:6 hour fcst:
 9: 17:260398:d=2021032500:RWMR:300 mb:6 hour fcst:
 9: 18:260577:d=2021032500:SNMR:300 mb:6 hour fcst:
 9: 19:269122:d=2021032500:GRLE:300 mb:6 hour fcst:
 9: 20:269380:d=2021032500:O3MR:300 mb:6 hour fcst:
 9: 21:295516:d=2021032500:HGT:350 mb:6 hour fcst:
 9: 22:317941:d=2021032500:TMP:350 mb:6 hour fcst:
 9: 23:336897:d=2021032500:RH:350 mb:6 hour fcst:
 9: 24:356577:d=2021032500:TCDC:350 mb:6 hour fcst:
 9: 25:371554:d=2021032500:SPFH:350 mb:6 hour fcst:
 9: 26:398125:d=2021032500:VVEL:350 mb:6 hour fcst:
 9: 27:423611:d=2021032500:DZDT:350 mb:6 hour fcst:
 9: 28:450628:d=2021032500:UGRD:350 mb:6 hour fcst:
 9: 29:465977:d=2021032500:VGRD:350 mb:6 hour fcst:
 9: 30:482041:d=2021032500:ABSV:350 mb:6 hour fcst:
 9: 31:505209:d=2021032500:CLMR:350 mb:6 hour fcst:
 9: + interp_atmos_master.sh[47]export err=0
 9: + interp_atmos_master.sh[47]err=0
 9: + interp_atmos_master.sh[48][[ 0 -ne 0 ]]
 9: + interp_atmos_master.sh[54]for grid in "${grids[@]}"
 9: + interp_atmos_master.sh[55]trim_rh pgb2file_f006_10_0p25
 9: + product_functions.sh[5]local filename=pgb2file_f006_10_0p25
 9: + product_functions.sh[6]wgrib2 pgb2file_f006_10_0p25 -not_if :RH: -grib pgb2file_f006_10_0p25.new -if :RH: -rpn '10:*:0.5:+:floor:1000:min:10:/' -set_grib_type same -set_scaling -1 0 -grib_out pgb2file_f006_10_0p25.new
 9: 1:0:d=2021032500:RWMR:250 mb:6 hour fcst:
 9: 2:179:d=2021032500:SNMR:250 mb:6 hour fcst:
 9: 3:85245:d=2021032500:GRLE:250 mb:6 hour fcst:
 9: 4:86349:d=2021032500:O3MR:250 mb:6 hour fcst:
 9: 5:800247:d=2021032500:HGT:300 mb:6 hour fcst:
 9: 6:1370904:d=2021032500:TMP:300 mb:6 hour fcst:
 9: 7:1809378:d=2021032500:RH:300 mb:6 hour fcst:
 9: 8:2257027:d=2021032500:TCDC:300 mb:6 hour fcst:
 9: 9:2528856:d=2021032500:SPFH:300 mb:6 hour fcst:
 9: 10:3243668:d=2021032500:VVEL:300 mb:6 hour fcst:
 9: 11:3919403:d=2021032500:DZDT:300 mb:6 hour fcst:
 9: 12:4658037:d=2021032500:UGRD:300 mb:6 hour fcst:
 9: 13:4994791:d=2021032500:VGRD:300 mb:6 hour fcst:
 9: 14:5351275:d=2021032500:ABSV:300 mb:6 hour fcst:
 9: 15:5935645:d=2021032500:CLMR:300 mb:6 hour fcst:
 9: 16:5935824:d=2021032500:ICMR:300 mb:6 hour fcst:
 9: 17:6341189:d=2021032500:RWMR:300 mb:6 hour fcst:
 9: 18:6341368:d=2021032500:SNMR:300 mb:6 hour fcst:
 9: 19:6492118:d=2021032500:GRLE:300 mb:6 hour fcst:
 9: 20:6493121:d=2021032500:O3MR:300 mb:6 hour fcst:
 9: 21:7183039:d=2021032500:HGT:350 mb:6 hour fcst:
 9: 22:7748505:d=2021032500:TMP:350 mb:6 hour fcst:
 9: 23:8180783:d=2021032500:RH:350 mb:6 hour fcst:
 9: 24:8632663:d=2021032500:TCDC:350 mb:6 hour fcst:
 9: 25:8907799:d=2021032500:SPFH:350 mb:6 hour fcst:
 9: 26:9619559:d=2021032500:VVEL:350 mb:6 hour fcst:
 9: 27:10316902:d=2021032500:DZDT:350 mb:6 hour fcst:
 9: 28:11061380:d=2021032500:UGRD:350 mb:6 hour fcst:
 9: 29:11393954:d=2021032500:VGRD:350 mb:6 hour fcst:
 9: 30:11746377:d=2021032500:ABSV:350 mb:6 hour fcst:
 9: 31:12330251:d=2021032500:CLMR:350 mb:6 hour fcst:
 9: + product_functions.sh[10]rc=0
 9: + product_functions.sh[11]((  rc == 0  ))
 9: + product_functions.sh[11]mv pgb2file_f006_10_0p25.new pgb2file_f006_10_0p25
 9: + product_functions.sh[12]return 0
 9: + interp_atmos_master.sh[56]export err=0
 9: + interp_atmos_master.sh[56]err=0
 9: + interp_atmos_master.sh[57][[ 0 -ne 0 ]]
 9: ++ interp_atmos_master.sh[62]wc -l
 9: ++ interp_atmos_master.sh[62]wgrib2 pgb2file_f006_10_0p25 -match 'LAND|ICEC'
 9: + interp_atmos_master.sh[62]var_count=0
 9: + interp_atmos_master.sh[63][[ 0 -eq 2 ]]
 9: + interp_atmos_master.sh[54]for grid in "${grids[@]}"
 9: + interp_atmos_master.sh[55]trim_rh pgb2file_f006_10_0p50
 9: + product_functions.sh[5]local filename=pgb2file_f006_10_0p50
 9: + product_functions.sh[6]wgrib2 pgb2file_f006_10_0p50 -not_if :RH: -grib pgb2file_f006_10_0p50.new -if :RH: -rpn '10:*:0.5:+:floor:1000:min:10:/' -set_grib_type same -set_scaling -1 0 -grib_out pgb2file_f006_10_0p50.new
 9: 1:0:d=2021032500:RWMR:250 mb:6 hour fcst:
 9: 2:179:d=2021032500:SNMR:250 mb:6 hour fcst:
 9: 3:31954:d=2021032500:GRLE:250 mb:6 hour fcst:
 9: 4:32517:d=2021032500:O3MR:250 mb:6 hour fcst:
 9: 5:276646:d=2021032500:HGT:300 mb:6 hour fcst:
 9: 6:469718:d=2021032500:TMP:300 mb:6 hour fcst:
 9: 7:623010:d=2021032500:RH:300 mb:6 hour fcst:
 9: 8:779026:d=2021032500:TCDC:300 mb:6 hour fcst:
 9: 9:885221:d=2021032500:SPFH:300 mb:6 hour fcst:
 9: 10:1133587:d=2021032500:VVEL:300 mb:6 hour fcst:
 9: 11:1361072:d=2021032500:DZDT:300 mb:6 hour fcst:
 9: 12:1601589:d=2021032500:UGRD:300 mb:6 hour fcst:
 9: 13:1714583:d=2021032500:VGRD:300 mb:6 hour fcst:
 9: 14:1836085:d=2021032500:ABSV:300 mb:6 hour fcst:
 9: 15:2036270:d=2021032500:CLMR:300 mb:6 hour fcst:
 9: 16:2036449:d=2021032500:ICMR:300 mb:6 hour fcst:
 9: 17:2183810:d=2021032500:RWMR:300 mb:6 hour fcst:
 9: 18:2183989:d=2021032500:SNMR:300 mb:6 hour fcst:
 9: 19:2239262:d=2021032500:GRLE:300 mb:6 hour fcst:
 9: 20:2239790:d=2021032500:O3MR:300 mb:6 hour fcst:
 9: 21:2474833:d=2021032500:HGT:350 mb:6 hour fcst:
 9: 22:2666763:d=2021032500:TMP:350 mb:6 hour fcst:
 9: 23:2817057:d=2021032500:RH:350 mb:6 hour fcst:
 9: 24:2975154:d=2021032500:TCDC:350 mb:6 hour fcst:
 9: 25:3082442:d=2021032500:SPFH:350 mb:6 hour fcst:
 9: 26:3328738:d=2021032500:VVEL:350 mb:6 hour fcst:
 9: 27:3562450:d=2021032500:DZDT:350 mb:6 hour fcst:
 9: 28:3804850:d=2021032500:UGRD:350 mb:6 hour fcst:
 9: 29:3916633:d=2021032500:VGRD:350 mb:6 hour fcst:
 9: 30:4034507:d=2021032500:ABSV:350 mb:6 hour fcst:
 9: 31:4234799:d=2021032500:CLMR:350 mb:6 hour fcst:
 9: + product_functions.sh[10]rc=0
 9: + product_functions.sh[11]((  rc == 0  ))
 9: + product_functions.sh[11]mv pgb2file_f006_10_0p50.new pgb2file_f006_10_0p50
 9: + product_functions.sh[12]return 0
 9: + interp_atmos_master.sh[56]export err=0
 9: + interp_atmos_master.sh[56]err=0
 9: + interp_atmos_master.sh[57][[ 0 -ne 0 ]]
 9: ++ interp_atmos_master.sh[62]wc -l
 9: ++ interp_atmos_master.sh[62]wgrib2 pgb2file_f006_10_0p50 -match 'LAND|ICEC'
 9: + interp_atmos_master.sh[62]var_count=0
 9: + interp_atmos_master.sh[63][[ 0 -eq 2 ]]
 9: + interp_atmos_master.sh[54]for grid in "${grids[@]}"
 9: + interp_atmos_master.sh[55]trim_rh pgb2file_f006_10_1p00
 9: + product_functions.sh[5]local filename=pgb2file_f006_10_1p00
 9: + product_functions.sh[6]wgrib2 pgb2file_f006_10_1p00 -not_if :RH: -grib pgb2file_f006_10_1p00.new -if :RH: -rpn '10:*:0.5:+:floor:1000:min:10:/' -set_grib_type same -set_scaling -1 0 -grib_out pgb2file_f006_10_1p00.new
 9: 1:0:d=2021032500:RWMR:250 mb:6 hour fcst:
 9: 2:179:d=2021032500:SNMR:250 mb:6 hour fcst:
 9: 3:12240:d=2021032500:GRLE:250 mb:6 hour fcst:
 9: 4:12592:d=2021032500:O3MR:250 mb:6 hour fcst:
 9: 5:87410:d=2021032500:HGT:300 mb:6 hour fcst:
 9: 6:148425:d=2021032500:TMP:300 mb:6 hour fcst:
 9: 7:198146:d=2021032500:RH:300 mb:6 hour fcst:
 9: 8:249111:d=2021032500:TCDC:300 mb:6 hour fcst:
 9: 9:286810:d=2021032500:SPFH:300 mb:6 hour fcst:
 9: 10:361513:d=2021032500:VVEL:300 mb:6 hour fcst:
 9: 11:430458:d=2021032500:DZDT:300 mb:6 hour fcst:
 9: 12:503066:d=2021032500:UGRD:300 mb:6 hour fcst:
 9: 13:541433:d=2021032500:VGRD:300 mb:6 hour fcst:
 9: 14:582162:d=2021032500:ABSV:300 mb:6 hour fcst:
 9: 15:644948:d=2021032500:CLMR:300 mb:6 hour fcst:
 9: 16:645127:d=2021032500:ICMR:300 mb:6 hour fcst:
 9: 17:693255:d=2021032500:RWMR:300 mb:6 hour fcst:
 9: 18:693434:d=2021032500:SNMR:300 mb:6 hour fcst:
 9: 19:714050:d=2021032500:GRLE:300 mb:6 hour fcst:
 9: 20:714391:d=2021032500:O3MR:300 mb:6 hour fcst:
 9: 21:786670:d=2021032500:HGT:350 mb:6 hour fcst:
 9: 22:847074:d=2021032500:TMP:350 mb:6 hour fcst:
 9: 23:896139:d=2021032500:RH:350 mb:6 hour fcst:
 9: 24:947589:d=2021032500:TCDC:350 mb:6 hour fcst:
 9: 25:985626:d=2021032500:SPFH:350 mb:6 hour fcst:
 9: 26:1059424:d=2021032500:VVEL:350 mb:6 hour fcst:
 9: 27:1130379:d=2021032500:DZDT:350 mb:6 hour fcst:
 9: 28:1203215:d=2021032500:UGRD:350 mb:6 hour fcst:
 9: 29:1241150:d=2021032500:VGRD:350 mb:6 hour fcst:
 9: 30:1281371:d=2021032500:ABSV:350 mb:6 hour fcst:
 9: 31:1343925:d=2021032500:CLMR:350 mb:6 hour fcst:
 9: + product_functions.sh[10]rc=0
 9: + product_functions.sh[11]((  rc == 0  ))
 9: + product_functions.sh[11]mv pgb2file_f006_10_1p00.new pgb2file_f006_10_1p00
 9: + product_functions.sh[12]return 0
 9: + interp_atmos_master.sh[56]export err=0
 9: + interp_atmos_master.sh[56]err=0
 9: + interp_atmos_master.sh[57][[ 0 -ne 0 ]]
 9: ++ interp_atmos_master.sh[62]wc -l
 9: ++ interp_atmos_master.sh[62]wgrib2 pgb2file_f006_10_1p00 -match 'LAND|ICEC'
 9: + interp_atmos_master.sh[62]var_count=0
 9: + interp_atmos_master.sh[63][[ 0 -eq 2 ]]
 9: + interp_atmos_master.sh[73]exit 0
22: + bash[8]'[' -z '' ']'
22: + bash[9]case "$-" in
22: + bash[12]__lmod_vx=x
22: + bash[16]'[' -n x ']'
22: + bash[16]set +x
22: Shell debugging temporarily silenced: export LMOD_SH_DBG_ON=1 for this output (/apps/other/lmod/lmod/init/bash)
22: Shell debugging restarted
22: + bash[224]unset __lmod_vx
22: + interp_atmos_master.sh[7]input_file=tmpfile_f006_23
22: + interp_atmos_master.sh[8]output_file_prefix=pgb2file_f006_23
22: + interp_atmos_master.sh[9]grid_string=0p25:0p50:1p00
22: + interp_atmos_master.sh[12]defaults='-set_grib_type same -set_bitmap 1 -set_grib_max_bits 16'
22: + interp_atmos_master.sh[13]interp_winds='-new_grid_winds earth'
22: + interp_atmos_master.sh[14]interp_bilinear='-new_grid_interpolation bilinear'
22: + interp_atmos_master.sh[15]interp_neighbor='-if :(CSNOW|CRAIN|CFRZR|CICEP|ICSEV): -new_grid_interpolation neighbor -fi'
22: + interp_atmos_master.sh[16]interp_budget='-if :(APCP|ACPCP|PRATE|CPRAT|DZDT): -new_grid_interpolation budget -fi'
22: + interp_atmos_master.sh[17]increased_bits='-if :(APCP|ACPCP|PRATE|CPRAT): -set_grib_max_bits 25 -fi'
22: + interp_atmos_master.sh[21]grid0p25='latlon 0:1440:0.25 90:721:-0.25'
22: + interp_atmos_master.sh[23]grid0p50='latlon 0:720:0.5 90:361:-0.5'
22: + interp_atmos_master.sh[25]grid1p00='latlon 0:360:1.0 90:181:-1.0'
22: + interp_atmos_master.sh[28]source /work2/noaa/global/mterry/global-workflow_forked/ush/product_functions.sh
22: + interp_atmos_master.sh[31]IFS=:
22: + interp_atmos_master.sh[31]read -ra grids
22: + interp_atmos_master.sh[33]output_grids=
22: + interp_atmos_master.sh[34]for grid in "${grids[@]}"
22: + interp_atmos_master.sh[35]gridopt=grid0p25
22: + interp_atmos_master.sh[36]output_grids=' -new_grid latlon 0:1440:0.25 90:721:-0.25 pgb2file_f006_23_0p25'
22: + interp_atmos_master.sh[34]for grid in "${grids[@]}"
22: + interp_atmos_master.sh[35]gridopt=grid0p50
22: + interp_atmos_master.sh[36]output_grids=' -new_grid latlon 0:1440:0.25 90:721:-0.25 pgb2file_f006_23_0p25 -new_grid latlon 0:720:0.5 90:361:-0.5 pgb2file_f006_23_0p50'
22: + interp_atmos_master.sh[34]for grid in "${grids[@]}"
22: + interp_atmos_master.sh[35]gridopt=grid1p00
22: + interp_atmos_master.sh[36]output_grids=' -new_grid latlon 0:1440:0.25 90:721:-0.25 pgb2file_f006_23_0p25 -new_grid latlon 0:720:0.5 90:361:-0.5 pgb2file_f006_23_0p50 -new_grid latlon 0:360:1.0 90:181:-1.0 pgb2file_f006_23_1p00'
22: + interp_atmos_master.sh[40]wgrib2 tmpfile_f006_23 -set_grib_type same -set_bitmap 1 -set_grib_max_bits 16 -new_grid_winds earth -new_grid_interpolation bilinear -if ':(CSNOW|CRAIN|CFRZR|CICEP|ICSEV):' -new_grid_interpolation neighbor -fi -if ':(APCP|ACPCP|PRATE|CPRAT|DZDT):' -new_grid_interpolation budget -fi -if ':(APCP|ACPCP|PRATE|CPRAT):' -set_grib_max_bits 25 -fi -new_grid latlon 0:1440:0.25 90:721:-0.25 pgb2file_f006_23_0p25 -new_grid latlon 0:720:0.5 90:361:-0.5 pgb2file_f006_23_0p50 -new_grid latlon 0:360:1.0 90:181:-1.0 pgb2file_f006_23_1p00
22: 1:0:d=2021032500:UGRD:40 m above ground:6 hour fcst:
22: 2:21148:d=2021032500:VGRD:40 m above ground:6 hour fcst:
22: 3:42855:d=2021032500:UGRD:50 m above ground:6 hour fcst:
22: 4:64103:d=2021032500:VGRD:50 m above ground:6 hour fcst:
22: 5:85928:d=2021032500:TMP:80 m above ground:6 hour fcst:
22: 6:106985:d=2021032500:SPFH:80 m above ground:6 hour fcst:
22: 7:136129:d=2021032500:PRES:80 m above ground:6 hour fcst:
22: 8:161956:d=2021032500:UGRD:80 m above ground:6 hour fcst:
22: 9:183555:d=2021032500:VGRD:80 m above ground:6 hour fcst:
22: 10:205534:d=2021032500:TMP:100 m above ground:6 hour fcst:
22: 11:226580:d=2021032500:UGRD:100 m above ground:6 hour fcst:
22: 12:248291:d=2021032500:VGRD:100 m above ground:6 hour fcst:
22: 13:270354:d=2021032500:TMP:1829 m above mean sea level:6 hour fcst:
22: 14:292133:d=2021032500:UGRD:1829 m above mean sea level:6 hour fcst:
22: 15:314882:d=2021032500:VGRD:1829 m above mean sea level:6 hour fcst:
22: 16:338250:d=2021032500:TMP:2743 m above mean sea level:6 hour fcst:
22: 17:360091:d=2021032500:UGRD:2743 m above mean sea level:6 hour fcst:
22: 18:383406:d=2021032500:VGRD:2743 m above mean sea level:6 hour fcst:
22: 19:407396:d=2021032500:TMP:3658 m above mean sea level:6 hour fcst:
22: 20:429131:d=2021032500:UGRD:3658 m above mean sea level:6 hour fcst:
22: 21:452778:d=2021032500:VGRD:3658 m above mean sea level:6 hour fcst:
22: 22:477256:d=2021032500:HGT:0C isotherm:6 hour fcst:
22: 23:500037:d=2021032500:RH:0C isotherm:6 hour fcst:
22: 24:520125:d=2021032500:HGT:highest tropospheric freezing level:6 hour fcst:
22: 25:542678:d=2021032500:RH:highest tropospheric freezing level:6 hour fcst:
22: 26:562723:d=2021032500:TMP:30-0 mb above ground:6 hour fcst:
22: 27:583843:d=2021032500:RH:30-0 mb above ground:6 hour fcst:
22: 28:602635:d=2021032500:SPFH:30-0 mb above ground:6 hour fcst:
22: 29:631891:d=2021032500:UGRD:30-0 mb above ground:6 hour fcst:
22: 30:653563:d=2021032500:VGRD:30-0 mb above ground:6 hour fcst:
22: 31:675656:d=2021032500:4LFTX:surface:6 hour fcst:
22: + interp_atmos_master.sh[47]export err=0
22: + interp_atmos_master.sh[47]err=0
22: + interp_atmos_master.sh[48][[ 0 -ne 0 ]]
22: + interp_atmos_master.sh[54]for grid in "${grids[@]}"
22: + interp_atmos_master.sh[55]trim_rh pgb2file_f006_23_0p25
22: + product_functions.sh[5]local filename=pgb2file_f006_23_0p25
22: + product_functions.sh[6]wgrib2 pgb2file_f006_23_0p25 -not_if :RH: -grib pgb2file_f006_23_0p25.new -if :RH: -rpn '10:*:0.5:+:floor:1000:min:10:/' -set_grib_type same -set_scaling -1 0 -grib_out pgb2file_f006_23_0p25.new
22: 1:0:d=2021032500:UGRD:40 m above ground:6 hour fcst:
22: 2:521619:d=2021032500:VGRD:40 m above ground:6 hour fcst:
22: 3:1057434:d=2021032500:UGRD:50 m above ground:6 hour fcst:
22: 4:1581913:d=2021032500:VGRD:50 m above ground:6 hour fcst:
22: 5:2120869:d=2021032500:TMP:80 m above ground:6 hour fcst:
22: 6:2616403:d=2021032500:SPFH:80 m above ground:6 hour fcst:
22: 7:3430769:d=2021032500:PRES:80 m above ground:6 hour fcst:
22: 8:4085724:d=2021032500:UGRD:80 m above ground:6 hour fcst:
22: 9:4616308:d=2021032500:VGRD:80 m above ground:6 hour fcst:
22: 10:5161523:d=2021032500:TMP:100 m above ground:6 hour fcst:
22: 11:5656144:d=2021032500:UGRD:100 m above ground:6 hour fcst:
22: 12:6189274:d=2021032500:VGRD:100 m above ground:6 hour fcst:
22: 13:6737444:d=2021032500:TMP:1829 m above mean sea level:6 hour fcst:
22: 14:7345313:d=2021032500:UGRD:1829 m above mean sea level:6 hour fcst:
22: 15:7998456:d=2021032500:VGRD:1829 m above mean sea level:6 hour fcst:
22: 16:8680200:d=2021032500:TMP:2743 m above mean sea level:6 hour fcst:
22: 17:9281476:d=2021032500:UGRD:2743 m above mean sea level:6 hour fcst:
22: 18:9938851:d=2021032500:VGRD:2743 m above mean sea level:6 hour fcst:
22: 19:10634305:d=2021032500:TMP:3658 m above mean sea level:6 hour fcst:
22: 20:11232903:d=2021032500:UGRD:3658 m above mean sea level:6 hour fcst:
22: 21:11905314:d=2021032500:VGRD:3658 m above mean sea level:6 hour fcst:
22: 22:12606406:d=2021032500:HGT:0C isotherm:6 hour fcst:
22: 23:13232012:d=2021032500:RH:0C isotherm:6 hour fcst:
22: 24:13691925:d=2021032500:HGT:highest tropospheric freezing level:6 hour fcst:
22: 25:14318906:d=2021032500:RH:highest tropospheric freezing level:6 hour fcst:
22: 26:14778653:d=2021032500:TMP:30-0 mb above ground:6 hour fcst:
22: 27:15273886:d=2021032500:RH:30-0 mb above ground:6 hour fcst:
22: 28:15687186:d=2021032500:SPFH:30-0 mb above ground:6 hour fcst:
22: 29:16504101:d=2021032500:UGRD:30-0 mb above ground:6 hour fcst:
22: 30:17035719:d=2021032500:VGRD:30-0 mb above ground:6 hour fcst:
22: 31:17583592:d=2021032500:4LFTX:surface:6 hour fcst:
22: + product_functions.sh[10]rc=0
22: + product_functions.sh[11]((  rc == 0  ))
22: + product_functions.sh[11]mv pgb2file_f006_23_0p25.new pgb2file_f006_23_0p25
22: + product_functions.sh[12]return 0
22: + interp_atmos_master.sh[56]export err=0
22: + interp_atmos_master.sh[56]err=0
22: + interp_atmos_master.sh[57][[ 0 -ne 0 ]]
22: ++ interp_atmos_master.sh[62]wc -l
22: ++ interp_atmos_master.sh[62]wgrib2 pgb2file_f006_23_0p25 -match 'LAND|ICEC'
22: + interp_atmos_master.sh[62]var_count=0
22: + interp_atmos_master.sh[63][[ 0 -eq 2 ]]
22: + interp_atmos_master.sh[54]for grid in "${grids[@]}"
22: + interp_atmos_master.sh[55]trim_rh pgb2file_f006_23_0p50
22: + product_functions.sh[5]local filename=pgb2file_f006_23_0p50
22: + product_functions.sh[6]wgrib2 pgb2file_f006_23_0p50 -not_if :RH: -grib pgb2file_f006_23_0p50.new -if :RH: -rpn '10:*:0.5:+:floor:1000:min:10:/' -set_grib_type same -set_scaling -1 0 -grib_out pgb2file_f006_23_0p50.new
22: 1:0:d=2021032500:UGRD:40 m above ground:6 hour fcst:
22: 2:177861:d=2021032500:VGRD:40 m above ground:6 hour fcst:
22: 3:361539:d=2021032500:UGRD:50 m above ground:6 hour fcst:
22: 4:540459:d=2021032500:VGRD:50 m above ground:6 hour fcst:
22: 5:725237:d=2021032500:TMP:80 m above ground:6 hour fcst:
22: 6:896626:d=2021032500:SPFH:80 m above ground:6 hour fcst:
22: 7:1173901:d=2021032500:PRES:80 m above ground:6 hour fcst:
22: 8:1398514:d=2021032500:UGRD:80 m above ground:6 hour fcst:
22: 9:1580663:d=2021032500:VGRD:80 m above ground:6 hour fcst:
22: 10:1767642:d=2021032500:TMP:100 m above ground:6 hour fcst:
22: 11:1938772:d=2021032500:UGRD:100 m above ground:6 hour fcst:
22: 12:2121839:d=2021032500:VGRD:100 m above ground:6 hour fcst:
22: 13:2309830:d=2021032500:TMP:1829 m above mean sea level:6 hour fcst:
22: 14:2504447:d=2021032500:UGRD:1829 m above mean sea level:6 hour fcst:
22: 15:2712945:d=2021032500:VGRD:1829 m above mean sea level:6 hour fcst:
22: 16:2930585:d=2021032500:TMP:2743 m above mean sea level:6 hour fcst:
22: 17:3122427:d=2021032500:UGRD:2743 m above mean sea level:6 hour fcst:
22: 18:3335084:d=2021032500:VGRD:2743 m above mean sea level:6 hour fcst:
22: 19:3557390:d=2021032500:TMP:3658 m above mean sea level:6 hour fcst:
22: 20:3748875:d=2021032500:UGRD:3658 m above mean sea level:6 hour fcst:
22: 21:3964482:d=2021032500:VGRD:3658 m above mean sea level:6 hour fcst:
22: 22:4189287:d=2021032500:HGT:0C isotherm:6 hour fcst:
22: 23:4403094:d=2021032500:RH:0C isotherm:6 hour fcst:
22: 24:4566409:d=2021032500:HGT:highest tropospheric freezing level:6 hour fcst:
22: 25:4778941:d=2021032500:RH:highest tropospheric freezing level:6 hour fcst:
22: 26:4940565:d=2021032500:TMP:30-0 mb above ground:6 hour fcst:
22: 27:5111979:d=2021032500:RH:30-0 mb above ground:6 hour fcst:
22: 28:5257870:d=2021032500:SPFH:30-0 mb above ground:6 hour fcst:
22: 29:5535896:d=2021032500:UGRD:30-0 mb above ground:6 hour fcst:
22: 30:5718684:d=2021032500:VGRD:30-0 mb above ground:6 hour fcst:
22: 31:5906652:d=2021032500:4LFTX:surface:6 hour fcst:
22: + product_functions.sh[10]rc=0
22: + product_functions.sh[11]((  rc == 0  ))
22: + product_functions.sh[11]mv pgb2file_f006_23_0p50.new pgb2file_f006_23_0p50
22: + product_functions.sh[12]return 0
22: + interp_atmos_master.sh[56]export err=0
22: + interp_atmos_master.sh[56]err=0
22: + interp_atmos_master.sh[57][[ 0 -ne 0 ]]
22: ++ interp_atmos_master.sh[62]wc -l
22: ++ interp_atmos_master.sh[62]wgrib2 pgb2file_f006_23_0p50 -match 'LAND|ICEC'
22: + interp_atmos_master.sh[62]var_count=0
22: + interp_atmos_master.sh[63][[ 0 -eq 2 ]]
22: + interp_atmos_master.sh[54]for grid in "${grids[@]}"
22: + interp_atmos_master.sh[55]trim_rh pgb2file_f006_23_1p00
22: + product_functions.sh[5]local filename=pgb2file_f006_23_1p00
22: + product_functions.sh[6]wgrib2 pgb2file_f006_23_1p00 -not_if :RH: -grib pgb2file_f006_23_1p00.new -if :RH: -rpn '10:*:0.5:+:floor:1000:min:10:/' -set_grib_type same -set_scaling -1 0 -grib_out pgb2file_f006_23_1p00.new
22: 1:0:d=2021032500:UGRD:40 m above ground:6 hour fcst:
22: 2:56849:d=2021032500:VGRD:40 m above ground:6 hour fcst:
22: 3:114972:d=2021032500:UGRD:50 m above ground:6 hour fcst:
22: 4:172135:d=2021032500:VGRD:50 m above ground:6 hour fcst:
22: 5:230612:d=2021032500:TMP:80 m above ground:6 hour fcst:
22: 6:286236:d=2021032500:SPFH:80 m above ground:6 hour fcst:
22: 7:368212:d=2021032500:PRES:80 m above ground:6 hour fcst:
22: 8:438472:d=2021032500:UGRD:80 m above ground:6 hour fcst:
22: 9:496155:d=2021032500:VGRD:80 m above ground:6 hour fcst:
22: 10:555318:d=2021032500:TMP:100 m above ground:6 hour fcst:
22: 11:610842:d=2021032500:UGRD:100 m above ground:6 hour fcst:
22: 12:668861:d=2021032500:VGRD:100 m above ground:6 hour fcst:
22: 13:728342:d=2021032500:TMP:1829 m above mean sea level:6 hour fcst:
22: 14:788290:d=2021032500:UGRD:1829 m above mean sea level:6 hour fcst:
22: 15:851736:d=2021032500:VGRD:1829 m above mean sea level:6 hour fcst:
22: 16:917711:d=2021032500:TMP:2743 m above mean sea level:6 hour fcst:
22: 17:977156:d=2021032500:UGRD:2743 m above mean sea level:6 hour fcst:
22: 18:1042034:d=2021032500:VGRD:2743 m above mean sea level:6 hour fcst:
22: 19:1109538:d=2021032500:TMP:3658 m above mean sea level:6 hour fcst:
22: 20:1168556:d=2021032500:UGRD:3658 m above mean sea level:6 hour fcst:
22: 21:1234445:d=2021032500:VGRD:3658 m above mean sea level:6 hour fcst:
22: 22:1302905:d=2021032500:HGT:0C isotherm:6 hour fcst:
22: 23:1366867:d=2021032500:RH:0C isotherm:6 hour fcst:
22: 24:1419889:d=2021032500:HGT:highest tropospheric freezing level:6 hour fcst:
22: 25:1483600:d=2021032500:RH:highest tropospheric freezing level:6 hour fcst:
22: 26:1536478:d=2021032500:TMP:30-0 mb above ground:6 hour fcst:
22: 27:1592108:d=2021032500:RH:30-0 mb above ground:6 hour fcst:
22: 28:1640714:d=2021032500:SPFH:30-0 mb above ground:6 hour fcst:
22: 29:1722974:d=2021032500:UGRD:30-0 mb above ground:6 hour fcst:
22: 30:1780871:d=2021032500:VGRD:30-0 mb above ground:6 hour fcst:
22: 31:1840675:d=2021032500:4LFTX:surface:6 hour fcst:
22: + product_functions.sh[10]rc=0
22: + product_functions.sh[11]((  rc == 0  ))
22: + product_functions.sh[11]mv pgb2file_f006_23_1p00.new pgb2file_f006_23_1p00
22: + product_functions.sh[12]return 0
22: + interp_atmos_master.sh[56]export err=0
22: + interp_atmos_master.sh[56]err=0
22: + interp_atmos_master.sh[57][[ 0 -ne 0 ]]
22: ++ interp_atmos_master.sh[62]wgrib2 pgb2file_f006_23_1p00 -match 'LAND|ICEC'
22: ++ interp_atmos_master.sh[62]wc -l
22: + interp_atmos_master.sh[62]var_count=0
22: + interp_atmos_master.sh[63][[ 0 -eq 2 ]]
22: + interp_atmos_master.sh[73]exit 0
 7: + bash[8]'[' -z '' ']'
 7: + bash[9]case "$-" in
 7: + bash[12]__lmod_vx=x
 7: + bash[16]'[' -n x ']'
 7: + bash[16]set +x
 7: Shell debugging temporarily silenced: export LMOD_SH_DBG_ON=1 for this output (/apps/other/lmod/lmod/init/bash)
 7: Shell debugging restarted
 7: + bash[224]unset __lmod_vx
 7: + interp_atmos_master.sh[7]input_file=tmpfile_f006_8
 7: + interp_atmos_master.sh[8]output_file_prefix=pgb2file_f006_8
 7: + interp_atmos_master.sh[9]grid_string=0p25:0p50:1p00
 7: + interp_atmos_master.sh[12]defaults='-set_grib_type same -set_bitmap 1 -set_grib_max_bits 16'
 7: + interp_atmos_master.sh[13]interp_winds='-new_grid_winds earth'
 7: + interp_atmos_master.sh[14]interp_bilinear='-new_grid_interpolation bilinear'
 7: + interp_atmos_master.sh[15]interp_neighbor='-if :(CSNOW|CRAIN|CFRZR|CICEP|ICSEV): -new_grid_interpolation neighbor -fi'
 7: + interp_atmos_master.sh[16]interp_budget='-if :(APCP|ACPCP|PRATE|CPRAT|DZDT): -new_grid_interpolation budget -fi'
 7: + interp_atmos_master.sh[17]increased_bits='-if :(APCP|ACPCP|PRATE|CPRAT): -set_grib_max_bits 25 -fi'
 7: + interp_atmos_master.sh[21]grid0p25='latlon 0:1440:0.25 90:721:-0.25'
 7: + interp_atmos_master.sh[23]grid0p50='latlon 0:720:0.5 90:361:-0.5'
 7: + interp_atmos_master.sh[25]grid1p00='latlon 0:360:1.0 90:181:-1.0'
 7: + interp_atmos_master.sh[28]source /work2/noaa/global/mterry/global-workflow_forked/ush/product_functions.sh
 7: + interp_atmos_master.sh[31]IFS=:
 7: + interp_atmos_master.sh[31]read -ra grids
 7: + interp_atmos_master.sh[33]output_grids=
 7: + interp_atmos_master.sh[34]for grid in "${grids[@]}"
 7: + interp_atmos_master.sh[35]gridopt=grid0p25
 7: + interp_atmos_master.sh[36]output_grids=' -new_grid latlon 0:1440:0.25 90:721:-0.25 pgb2file_f006_8_0p25'
 7: + interp_atmos_master.sh[34]for grid in "${grids[@]}"
 7: + interp_atmos_master.sh[35]gridopt=grid0p50
 7: + interp_atmos_master.sh[36]output_grids=' -new_grid latlon 0:1440:0.25 90:721:-0.25 pgb2file_f006_8_0p25 -new_grid latlon 0:720:0.5 90:361:-0.5 pgb2file_f006_8_0p50'
 7: + interp_atmos_master.sh[34]for grid in "${grids[@]}"
 7: + interp_atmos_master.sh[35]gridopt=grid1p00
 7: + interp_atmos_master.sh[36]output_grids=' -new_grid latlon 0:1440:0.25 90:721:-0.25 pgb2file_f006_8_0p25 -new_grid latlon 0:720:0.5 90:361:-0.5 pgb2file_f006_8_0p50 -new_grid latlon 0:360:1.0 90:181:-1.0 pgb2file_f006_8_1p00'
 7: + interp_atmos_master.sh[40]wgrib2 tmpfile_f006_8 -set_grib_type same -set_bitmap 1 -set_grib_max_bits 16 -new_grid_winds earth -new_grid_interpolation bilinear -if ':(CSNOW|CRAIN|CFRZR|CICEP|ICSEV):' -new_grid_interpolation neighbor -fi -if ':(APCP|ACPCP|PRATE|CPRAT|DZDT):' -new_grid_interpolation budget -fi -if ':(APCP|ACPCP|PRATE|CPRAT):' -set_grib_max_bits 25 -fi -new_grid latlon 0:1440:0.25 90:721:-0.25 pgb2file_f006_8_0p25 -new_grid latlon 0:720:0.5 90:361:-0.5 pgb2file_f006_8_0p50 -new_grid latlon 0:360:1.0 90:181:-1.0 pgb2file_f006_8_1p00
 7: 1:0:d=2021032500:ABSV:70 mb:6 hour fcst:
 7: 2:17738:d=2021032500:O3MR:70 mb:6 hour fcst:
 7: 3:44053:d=2021032500:HGT:100 mb:6 hour fcst:
 7: 4:64384:d=2021032500:TMP:100 mb:6 hour fcst:
 7: 5:81713:d=2021032500:RH:100 mb:6 hour fcst:
 7: 6:92740:d=2021032500:TCDC:100 mb:6 hour fcst:
 7: 7:93103:d=2021032500:SPFH:100 mb:6 hour fcst:
 7: 8:121066:d=2021032500:VVEL:100 mb:6 hour fcst:
 7: 9:147179:d=2021032500:DZDT:100 mb:6 hour fcst:
 7: 10:172979:d=2021032500:UGRD:100 mb:6 hour fcst:
 7: 11:193223:d=2021032500:VGRD:100 mb:6 hour fcst:
 7: 12:213239:d=2021032500:ABSV:100 mb:6 hour fcst:
 7: 13:231868:d=2021032500:CLMR:100 mb:6 hour fcst:
 7: 14:232047:d=2021032500:ICMR:100 mb:6 hour fcst:
 7: 15:232838:d=2021032500:RWMR:100 mb:6 hour fcst:
 7: 16:233017:d=2021032500:SNMR:100 mb:6 hour fcst:
 7: 17:233366:d=2021032500:GRLE:100 mb:6 hour fcst:
 7: 18:233664:d=2021032500:O3MR:100 mb:6 hour fcst:
 7: 19:258357:d=2021032500:HGT:150 mb:6 hour fcst:
 7: 20:279355:d=2021032500:TMP:150 mb:6 hour fcst:
 7: 21:296947:d=2021032500:RH:150 mb:6 hour fcst:
 7: 22:309927:d=2021032500:TCDC:150 mb:6 hour fcst:
 7: 23:314916:d=2021032500:SPFH:150 mb:6 hour fcst:
 7: 24:343011:d=2021032500:VVEL:150 mb:6 hour fcst:
 7: 25:363660:d=2021032500:DZDT:150 mb:6 hour fcst:
 7: 26:388315:d=2021032500:UGRD:150 mb:6 hour fcst:
 7: 27:409136:d=2021032500:VGRD:150 mb:6 hour fcst:
 7: 28:429762:d=2021032500:ABSV:150 mb:6 hour fcst:
 7: 29:449193:d=2021032500:CLMR:150 mb:6 hour fcst:
 7: 30:449372:d=2021032500:ICMR:150 mb:6 hour fcst:
 7: 31:454951:d=2021032500:RWMR:150 mb:6 hour fcst:
 7: + interp_atmos_master.sh[47]export err=0
 7: + interp_atmos_master.sh[47]err=0
 7: + interp_atmos_master.sh[48][[ 0 -ne 0 ]]
 7: + interp_atmos_master.sh[54]for grid in "${grids[@]}"
 7: + interp_atmos_master.sh[55]trim_rh pgb2file_f006_8_0p25
 7: + product_functions.sh[5]local filename=pgb2file_f006_8_0p25
 7: + product_functions.sh[6]wgrib2 pgb2file_f006_8_0p25 -not_if :RH: -grib pgb2file_f006_8_0p25.new -if :RH: -rpn '10:*:0.5:+:floor:1000:min:10:/' -set_grib_type same -set_scaling -1 0 -grib_out pgb2file_f006_8_0p25.new
 7: 1:0:d=2021032500:ABSV:70 mb:6 hour fcst:
 7: 2:402753:d=2021032500:O3MR:70 mb:6 hour fcst:
 7: 3:1114468:d=2021032500:HGT:100 mb:6 hour fcst:
 7: 4:1605221:d=2021032500:TMP:100 mb:6 hour fcst:
 7: 5:1998136:d=2021032500:RH:100 mb:6 hour fcst:
 7: 6:2259218:d=2021032500:TCDC:100 mb:6 hour fcst:
 7: 7:2262646:d=2021032500:SPFH:100 mb:6 hour fcst:
 7: 8:3020184:d=2021032500:VVEL:100 mb:6 hour fcst:
 7: 9:3749598:d=2021032500:DZDT:100 mb:6 hour fcst:
 7: 10:4459643:d=2021032500:UGRD:100 mb:6 hour fcst:
 7: 11:4958564:d=2021032500:VGRD:100 mb:6 hour fcst:
 7: 12:5445228:d=2021032500:ABSV:100 mb:6 hour fcst:
 7: 13:5876585:d=2021032500:CLMR:100 mb:6 hour fcst:
 7: 14:5876764:d=2021032500:ICMR:100 mb:6 hour fcst:
 7: 15:5884264:d=2021032500:RWMR:100 mb:6 hour fcst:
 7: 16:5884443:d=2021032500:SNMR:100 mb:6 hour fcst:
 7: 17:5886925:d=2021032500:GRLE:100 mb:6 hour fcst:
 7: 18:5888984:d=2021032500:O3MR:100 mb:6 hour fcst:
 7: 19:6537140:d=2021032500:HGT:150 mb:6 hour fcst:
 7: 20:7053952:d=2021032500:TMP:150 mb:6 hour fcst:
 7: 21:7452446:d=2021032500:RH:150 mb:6 hour fcst:
 7: 22:7759387:d=2021032500:TCDC:150 mb:6 hour fcst:
 7: 23:7863581:d=2021032500:SPFH:150 mb:6 hour fcst:
 7: 24:8617168:d=2021032500:VVEL:150 mb:6 hour fcst:
 7: 25:9141035:d=2021032500:DZDT:150 mb:6 hour fcst:
 7: 26:9805323:d=2021032500:UGRD:150 mb:6 hour fcst:
 7: 27:10333693:d=2021032500:VGRD:150 mb:6 hour fcst:
 7: 28:10852872:d=2021032500:ABSV:150 mb:6 hour fcst:
 7: 29:11308362:d=2021032500:CLMR:150 mb:6 hour fcst:
 7: 30:11308541:d=2021032500:ICMR:150 mb:6 hour fcst:
 7: 31:11429194:d=2021032500:RWMR:150 mb:6 hour fcst:
 7: + product_functions.sh[10]rc=0
 7: + product_functions.sh[11]((  rc == 0  ))
 7: + product_functions.sh[11]mv pgb2file_f006_8_0p25.new pgb2file_f006_8_0p25
 7: + product_functions.sh[12]return 0
 7: + interp_atmos_master.sh[56]export err=0
 7: + interp_atmos_master.sh[56]err=0
 7: + interp_atmos_master.sh[57][[ 0 -ne 0 ]]
 7: ++ interp_atmos_master.sh[62]wc -l
 7: ++ interp_atmos_master.sh[62]wgrib2 pgb2file_f006_8_0p25 -match 'LAND|ICEC'
 7: + interp_atmos_master.sh[62]var_count=0
 7: + interp_atmos_master.sh[63][[ 0 -eq 2 ]]
 7: + interp_atmos_master.sh[54]for grid in "${grids[@]}"
 7: + interp_atmos_master.sh[55]trim_rh pgb2file_f006_8_0p50
 7: + product_functions.sh[5]local filename=pgb2file_f006_8_0p50
 7: + product_functions.sh[6]wgrib2 pgb2file_f006_8_0p50 -not_if :RH: -grib pgb2file_f006_8_0p50.new -if :RH: -rpn '10:*:0.5:+:floor:1000:min:10:/' -set_grib_type same -set_scaling -1 0 -grib_out pgb2file_f006_8_0p50.new
 7: 1:0:d=2021032500:ABSV:70 mb:6 hour fcst:
 7: 2:138723:d=2021032500:O3MR:70 mb:6 hour fcst:
 7: 3:379800:d=2021032500:HGT:100 mb:6 hour fcst:
 7: 4:545395:d=2021032500:TMP:100 mb:6 hour fcst:
 7: 5:679711:d=2021032500:RH:100 mb:6 hour fcst:
 7: 6:765395:d=2021032500:TCDC:100 mb:6 hour fcst:
 7: 7:766806:d=2021032500:SPFH:100 mb:6 hour fcst:
 7: 8:1022906:d=2021032500:VVEL:100 mb:6 hour fcst:
 7: 9:1264421:d=2021032500:DZDT:100 mb:6 hour fcst:
 7: 10:1495372:d=2021032500:UGRD:100 mb:6 hour fcst:
 7: 11:1663667:d=2021032500:VGRD:100 mb:6 hour fcst:
 7: 12:1829767:d=2021032500:ABSV:100 mb:6 hour fcst:
 7: 13:1977098:d=2021032500:CLMR:100 mb:6 hour fcst:
 7: 14:1977277:d=2021032500:ICMR:100 mb:6 hour fcst:
 7: 15:1980565:d=2021032500:RWMR:100 mb:6 hour fcst:
 7: 16:1980744:d=2021032500:SNMR:100 mb:6 hour fcst:
 7: 17:1981860:d=2021032500:GRLE:100 mb:6 hour fcst:
 7: 18:1982808:d=2021032500:O3MR:100 mb:6 hour fcst:
 7: 19:2202825:d=2021032500:HGT:150 mb:6 hour fcst:
 7: 20:2376182:d=2021032500:TMP:150 mb:6 hour fcst:
 7: 21:2511907:d=2021032500:RH:150 mb:6 hour fcst:
 7: 22:2612996:d=2021032500:TCDC:150 mb:6 hour fcst:
 7: 23:2651235:d=2021032500:SPFH:150 mb:6 hour fcst:
 7: 24:2910566:d=2021032500:VVEL:150 mb:6 hour fcst:
 7: 25:3085788:d=2021032500:DZDT:150 mb:6 hour fcst:
 7: 26:3300972:d=2021032500:UGRD:150 mb:6 hour fcst:
 7: 27:3476741:d=2021032500:VGRD:150 mb:6 hour fcst:
 7: 28:3651307:d=2021032500:ABSV:150 mb:6 hour fcst:
 7: 29:3807642:d=2021032500:CLMR:150 mb:6 hour fcst:
 7: 30:3807821:d=2021032500:ICMR:150 mb:6 hour fcst:
 7: 31:3850025:d=2021032500:RWMR:150 mb:6 hour fcst:
 7: + product_functions.sh[10]rc=0
 7: + product_functions.sh[11]((  rc == 0  ))
 7: + product_functions.sh[11]mv pgb2file_f006_8_0p50.new pgb2file_f006_8_0p50
 7: + product_functions.sh[12]return 0
 7: + interp_atmos_master.sh[56]export err=0
 7: + interp_atmos_master.sh[56]err=0
 7: + interp_atmos_master.sh[57][[ 0 -ne 0 ]]
 7: ++ interp_atmos_master.sh[62]wc -l
 7: ++ interp_atmos_master.sh[62]wgrib2 pgb2file_f006_8_0p50 -match 'LAND|ICEC'
 7: + interp_atmos_master.sh[62]var_count=0
 7: + interp_atmos_master.sh[63][[ 0 -eq 2 ]]
 7: + interp_atmos_master.sh[54]for grid in "${grids[@]}"
 7: + interp_atmos_master.sh[55]trim_rh pgb2file_f006_8_1p00
 7: + product_functions.sh[5]local filename=pgb2file_f006_8_1p00
 7: + product_functions.sh[6]wgrib2 pgb2file_f006_8_1p00 -not_if :RH: -grib pgb2file_f006_8_1p00.new -if :RH: -rpn '10:*:0.5:+:floor:1000:min:10:/' -set_grib_type same -set_scaling -1 0 -grib_out pgb2file_f006_8_1p00.new
 7: 1:0:d=2021032500:ABSV:70 mb:6 hour fcst:
 7: 2:45604:d=2021032500:O3MR:70 mb:6 hour fcst:
 7: 3:119072:d=2021032500:HGT:100 mb:6 hour fcst:
 7: 4:172124:d=2021032500:TMP:100 mb:6 hour fcst:
 7: 5:216158:d=2021032500:RH:100 mb:6 hour fcst:
 7: 6:243859:d=2021032500:TCDC:100 mb:6 hour fcst:
 7: 7:244547:d=2021032500:SPFH:100 mb:6 hour fcst:
 7: 8:322200:d=2021032500:VVEL:100 mb:6 hour fcst:
 7: 9:394586:d=2021032500:DZDT:100 mb:6 hour fcst:
 7: 10:464094:d=2021032500:UGRD:100 mb:6 hour fcst:
 7: 11:517182:d=2021032500:VGRD:100 mb:6 hour fcst:
 7: 12:569903:d=2021032500:ABSV:100 mb:6 hour fcst:
 7: 13:618434:d=2021032500:CLMR:100 mb:6 hour fcst:
 7: 14:618613:d=2021032500:ICMR:100 mb:6 hour fcst:
 7: 15:620108:d=2021032500:RWMR:100 mb:6 hour fcst:
 7: 16:620287:d=2021032500:SNMR:100 mb:6 hour fcst:
 7: 17:620829:d=2021032500:GRLE:100 mb:6 hour fcst:
 7: 18:621326:d=2021032500:O3MR:100 mb:6 hour fcst:
 7: 19:689365:d=2021032500:HGT:150 mb:6 hour fcst:
 7: 20:744700:d=2021032500:TMP:150 mb:6 hour fcst:
 7: 21:789137:d=2021032500:RH:150 mb:6 hour fcst:
 7: 22:821644:d=2021032500:TCDC:150 mb:6 hour fcst:
 7: 23:834721:d=2021032500:SPFH:150 mb:6 hour fcst:
 7: 24:912960:d=2021032500:VVEL:150 mb:6 hour fcst:
 7: 25:967346:d=2021032500:DZDT:150 mb:6 hour fcst:
 7: 26:1032701:d=2021032500:UGRD:150 mb:6 hour fcst:
 7: 27:1088217:d=2021032500:VGRD:150 mb:6 hour fcst:
 7: 28:1143156:d=2021032500:ABSV:150 mb:6 hour fcst:
 7: 29:1193737:d=2021032500:CLMR:150 mb:6 hour fcst:
 7: 30:1193916:d=2021032500:ICMR:150 mb:6 hour fcst:
 7: 31:1208277:d=2021032500:RWMR:150 mb:6 hour fcst:
 7: + product_functions.sh[10]rc=0
 7: + product_functions.sh[11]((  rc == 0  ))
 7: + product_functions.sh[11]mv pgb2file_f006_8_1p00.new pgb2file_f006_8_1p00
 7: + product_functions.sh[12]return 0
 7: + interp_atmos_master.sh[56]export err=0
 7: + interp_atmos_master.sh[56]err=0
 7: + interp_atmos_master.sh[57][[ 0 -ne 0 ]]
 7: ++ interp_atmos_master.sh[62]wc -l
 7: ++ interp_atmos_master.sh[62]wgrib2 pgb2file_f006_8_1p00 -match 'LAND|ICEC'
 7: + interp_atmos_master.sh[62]var_count=0
 7: + interp_atmos_master.sh[63][[ 0 -eq 2 ]]
 7: + interp_atmos_master.sh[73]exit 0
 2: + bash[8]'[' -z '' ']'
 2: + bash[9]case "$-" in
 2: + bash[12]__lmod_vx=x
 2: + bash[16]'[' -n x ']'
 2: + bash[16]set +x
 2: Shell debugging temporarily silenced: export LMOD_SH_DBG_ON=1 for this output (/apps/other/lmod/lmod/init/bash)
 2: Shell debugging restarted
 2: + bash[224]unset __lmod_vx
 2: + interp_atmos_master.sh[7]input_file=tmpfile_f006_3
 2: + interp_atmos_master.sh[8]output_file_prefix=pgb2file_f006_3
 2: + interp_atmos_master.sh[9]grid_string=0p25:0p50:1p00
 2: + interp_atmos_master.sh[12]defaults='-set_grib_type same -set_bitmap 1 -set_grib_max_bits 16'
 2: + interp_atmos_master.sh[13]interp_winds='-new_grid_winds earth'
 2: + interp_atmos_master.sh[14]interp_bilinear='-new_grid_interpolation bilinear'
 2: + interp_atmos_master.sh[15]interp_neighbor='-if :(CSNOW|CRAIN|CFRZR|CICEP|ICSEV): -new_grid_interpolation neighbor -fi'
 2: + interp_atmos_master.sh[16]interp_budget='-if :(APCP|ACPCP|PRATE|CPRAT|DZDT): -new_grid_interpolation budget -fi'
 2: + interp_atmos_master.sh[17]increased_bits='-if :(APCP|ACPCP|PRATE|CPRAT): -set_grib_max_bits 25 -fi'
 2: + interp_atmos_master.sh[21]grid0p25='latlon 0:1440:0.25 90:721:-0.25'
 2: + interp_atmos_master.sh[23]grid0p50='latlon 0:720:0.5 90:361:-0.5'
 2: + interp_atmos_master.sh[25]grid1p00='latlon 0:360:1.0 90:181:-1.0'
 2: + interp_atmos_master.sh[28]source /work2/noaa/global/mterry/global-workflow_forked/ush/product_functions.sh
 2: + interp_atmos_master.sh[31]IFS=:
 2: + interp_atmos_master.sh[31]read -ra grids
 2: + interp_atmos_master.sh[33]output_grids=
 2: + interp_atmos_master.sh[34]for grid in "${grids[@]}"
 2: + interp_atmos_master.sh[35]gridopt=grid0p25
 2: + interp_atmos_master.sh[36]output_grids=' -new_grid latlon 0:1440:0.25 90:721:-0.25 pgb2file_f006_3_0p25'
 2: + interp_atmos_master.sh[34]for grid in "${grids[@]}"
 2: + interp_atmos_master.sh[35]gridopt=grid0p50
 2: + interp_atmos_master.sh[36]output_grids=' -new_grid latlon 0:1440:0.25 90:721:-0.25 pgb2file_f006_3_0p25 -new_grid latlon 0:720:0.5 90:361:-0.5 pgb2file_f006_3_0p50'
 2: + interp_atmos_master.sh[34]for grid in "${grids[@]}"
 2: + interp_atmos_master.sh[35]gridopt=grid1p00
 2: + interp_atmos_master.sh[36]output_grids=' -new_grid latlon 0:1440:0.25 90:721:-0.25 pgb2file_f006_3_0p25 -new_grid latlon 0:720:0.5 90:361:-0.5 pgb2file_f006_3_0p50 -new_grid latlon 0:360:1.0 90:181:-1.0 pgb2file_f006_3_1p00'
 2: + interp_atmos_master.sh[40]wgrib2 tmpfile_f006_3 -set_grib_type same -set_bitmap 1 -set_grib_max_bits 16 -new_grid_winds earth -new_grid_interpolation bilinear -if ':(CSNOW|CRAIN|CFRZR|CICEP|ICSEV):' -new_grid_interpolation neighbor -fi -if ':(APCP|ACPCP|PRATE|CPRAT|DZDT):' -new_grid_interpolation budget -fi -if ':(APCP|ACPCP|PRATE|CPRAT):' -set_grib_max_bits 25 -fi -new_grid latlon 0:1440:0.25 90:721:-0.25 pgb2file_f006_3_0p25 -new_grid latlon 0:720:0.5 90:361:-0.5 pgb2file_f006_3_0p50 -new_grid latlon 0:360:1.0 90:181:-1.0 pgb2file_f006_3_1p00
 2: 1:0:d=2021032500:O3MR:0.1 mb:6 hour fcst:
 2: 2:24296:d=2021032500:HGT:0.2 mb:6 hour fcst:
 2: 3:46004:d=2021032500:TMP:0.2 mb:6 hour fcst:
 2: 4:62885:d=2021032500:RH:0.2 mb:6 hour fcst:
 2: 5:75395:d=2021032500:SPFH:0.2 mb:6 hour fcst:
 2: 6:96702:d=2021032500:VVEL:0.2 mb:6 hour fcst:
 2: 7:120915:d=2021032500:DZDT:0.2 mb:6 hour fcst:
 2: 8:149189:d=2021032500:UGRD:0.2 mb:6 hour fcst:
 2: 9:169011:d=2021032500:VGRD:0.2 mb:6 hour fcst:
 2: 10:187880:d=2021032500:ABSV:0.2 mb:6 hour fcst:
 2: 11:204896:d=2021032500:O3MR:0.2 mb:6 hour fcst:
 2: 12:231428:d=2021032500:HGT:0.4 mb:6 hour fcst:
 2: 13:250495:d=2021032500:TMP:0.4 mb:6 hour fcst:
 2: 14:267150:d=2021032500:RH:0.4 mb:6 hour fcst:
 2: 15:278165:d=2021032500:SPFH:0.4 mb:6 hour fcst:
 2: 16:298081:d=2021032500:VVEL:0.4 mb:6 hour fcst:
 2: 17:323789:d=2021032500:DZDT:0.4 mb:6 hour fcst:
 2: 18:352673:d=2021032500:UGRD:0.4 mb:6 hour fcst:
 2: 19:371961:d=2021032500:VGRD:0.4 mb:6 hour fcst:
 2: 20:390186:d=2021032500:ABSV:0.4 mb:6 hour fcst:
 2: 21:406484:d=2021032500:O3MR:0.4 mb:6 hour fcst:
 2: 22:434409:d=2021032500:HGT:0.7 mb:6 hour fcst:
 2: 23:453323:d=2021032500:TMP:0.7 mb:6 hour fcst:
 2: 24:469559:d=2021032500:RH:0.7 mb:6 hour fcst:
 2: 25:480503:d=2021032500:SPFH:0.7 mb:6 hour fcst:
 2: 26:501686:d=2021032500:VVEL:0.7 mb:6 hour fcst:
 2: 27:528539:d=2021032500:DZDT:0.7 mb:6 hour fcst:
 2: 28:558492:d=2021032500:UGRD:0.7 mb:6 hour fcst:
 2: 29:577460:d=2021032500:VGRD:0.7 mb:6 hour fcst:
 2: 30:595326:d=2021032500:ABSV:0.7 mb:6 hour fcst:
 2: 31:611180:d=2021032500:O3MR:0.7 mb:6 hour fcst:
 2: + interp_atmos_master.sh[47]export err=0
 2: + interp_atmos_master.sh[47]err=0
 2: + interp_atmos_master.sh[48][[ 0 -ne 0 ]]
 2: + interp_atmos_master.sh[54]for grid in "${grids[@]}"
 2: + interp_atmos_master.sh[55]trim_rh pgb2file_f006_3_0p25
 2: + product_functions.sh[5]local filename=pgb2file_f006_3_0p25
 2: + product_functions.sh[6]wgrib2 pgb2file_f006_3_0p25 -not_if :RH: -grib pgb2file_f006_3_0p25.new -if :RH: -rpn '10:*:0.5:+:floor:1000:min:10:/' -set_grib_type same -set_scaling -1 0 -grib_out pgb2file_f006_3_0p25.new
 2: 1:0:d=2021032500:O3MR:0.1 mb:6 hour fcst:
 2: 2:655505:d=2021032500:HGT:0.2 mb:6 hour fcst:
 2: 3:1201373:d=2021032500:TMP:0.2 mb:6 hour fcst:
 2: 4:1586091:d=2021032500:RH:0.2 mb:6 hour fcst:
 2: 5:1866274:d=2021032500:SPFH:0.2 mb:6 hour fcst:
 2: 6:2380337:d=2021032500:VVEL:0.2 mb:6 hour fcst:
 2: 7:3040695:d=2021032500:DZDT:0.2 mb:6 hour fcst:
 2: 8:3866439:d=2021032500:UGRD:0.2 mb:6 hour fcst:
 2: 9:4352770:d=2021032500:VGRD:0.2 mb:6 hour fcst:
 2: 10:4806662:d=2021032500:ABSV:0.2 mb:6 hour fcst:
 2: 11:5177132:d=2021032500:O3MR:0.2 mb:6 hour fcst:
 2: 12:5909555:d=2021032500:HGT:0.4 mb:6 hour fcst:
 2: 13:6352597:d=2021032500:TMP:0.4 mb:6 hour fcst:
 2: 14:6724730:d=2021032500:RH:0.4 mb:6 hour fcst:
 2: 15:6982484:d=2021032500:SPFH:0.4 mb:6 hour fcst:
 2: 16:7444635:d=2021032500:VVEL:0.4 mb:6 hour fcst:
 2: 17:8143531:d=2021032500:DZDT:0.4 mb:6 hour fcst:
 2: 18:8991142:d=2021032500:UGRD:0.4 mb:6 hour fcst:
 2: 19:9457579:d=2021032500:VGRD:0.4 mb:6 hour fcst:
 2: 20:9881208:d=2021032500:ABSV:0.4 mb:6 hour fcst:
 2: 21:10229631:d=2021032500:O3MR:0.4 mb:6 hour fcst:
 2: 22:11009787:d=2021032500:HGT:0.7 mb:6 hour fcst:
 2: 23:11442403:d=2021032500:TMP:0.7 mb:6 hour fcst:
 2: 24:11810186:d=2021032500:RH:0.7 mb:6 hour fcst:
 2: 25:12072405:d=2021032500:SPFH:0.7 mb:6 hour fcst:
 2: 26:12573274:d=2021032500:VVEL:0.7 mb:6 hour fcst:
 2: 27:13321227:d=2021032500:DZDT:0.7 mb:6 hour fcst:
 2: 28:14221737:d=2021032500:UGRD:0.7 mb:6 hour fcst:
 2: 29:14676452:d=2021032500:VGRD:0.7 mb:6 hour fcst:
 2: 30:15086289:d=2021032500:ABSV:0.7 mb:6 hour fcst:
 2: 31:15421128:d=2021032500:O3MR:0.7 mb:6 hour fcst:
 2: + product_functions.sh[10]rc=0
 2: + product_functions.sh[11]((  rc == 0  ))
 2: + product_functions.sh[11]mv pgb2file_f006_3_0p25.new pgb2file_f006_3_0p25
 2: + product_functions.sh[12]return 0
 2: + interp_atmos_master.sh[56]export err=0
 2: + interp_atmos_master.sh[56]err=0
 2: + interp_atmos_master.sh[57][[ 0 -ne 0 ]]
 2: ++ interp_atmos_master.sh[62]wc -l
 2: ++ interp_atmos_master.sh[62]wgrib2 pgb2file_f006_3_0p25 -match 'LAND|ICEC'
 2: + interp_atmos_master.sh[62]var_count=0
 2: + interp_atmos_master.sh[63][[ 0 -eq 2 ]]
 2: + interp_atmos_master.sh[54]for grid in "${grids[@]}"
 2: + interp_atmos_master.sh[55]trim_rh pgb2file_f006_3_0p50
 2: + product_functions.sh[5]local filename=pgb2file_f006_3_0p50
 2: + product_functions.sh[6]wgrib2 pgb2file_f006_3_0p50 -not_if :RH: -grib pgb2file_f006_3_0p50.new -if :RH: -rpn '10:*:0.5:+:floor:1000:min:10:/' -set_grib_type same -set_scaling -1 0 -grib_out pgb2file_f006_3_0p50.new
 2: 1:0:d=2021032500:O3MR:0.1 mb:6 hour fcst:
 2: 2:221841:d=2021032500:HGT:0.2 mb:6 hour fcst:
 2: 3:406852:d=2021032500:TMP:0.2 mb:6 hour fcst:
 2: 4:537121:d=2021032500:RH:0.2 mb:6 hour fcst:
 2: 5:628056:d=2021032500:SPFH:0.2 mb:6 hour fcst:
 2: 6:804443:d=2021032500:VVEL:0.2 mb:6 hour fcst:
 2: 7:1027249:d=2021032500:DZDT:0.2 mb:6 hour fcst:
 2: 8:1294789:d=2021032500:UGRD:0.2 mb:6 hour fcst:
 2: 9:1460171:d=2021032500:VGRD:0.2 mb:6 hour fcst:
 2: 10:1614523:d=2021032500:ABSV:0.2 mb:6 hour fcst:
 2: 11:1743329:d=2021032500:O3MR:0.2 mb:6 hour fcst:
 2: 12:1992629:d=2021032500:HGT:0.4 mb:6 hour fcst:
 2: 13:2144198:d=2021032500:TMP:0.4 mb:6 hour fcst:
 2: 14:2271389:d=2021032500:RH:0.4 mb:6 hour fcst:
 2: 15:2350308:d=2021032500:SPFH:0.4 mb:6 hour fcst:
 2: 16:2509292:d=2021032500:VVEL:0.4 mb:6 hour fcst:
 2: 17:2748772:d=2021032500:DZDT:0.4 mb:6 hour fcst:
 2: 18:3023253:d=2021032500:UGRD:0.4 mb:6 hour fcst:
 2: 19:3181902:d=2021032500:VGRD:0.4 mb:6 hour fcst:
 2: 20:3327397:d=2021032500:ABSV:0.4 mb:6 hour fcst:
 2: 21:3447018:d=2021032500:O3MR:0.4 mb:6 hour fcst:
 2: 22:3712968:d=2021032500:HGT:0.7 mb:6 hour fcst:
 2: 23:3862155:d=2021032500:TMP:0.7 mb:6 hour fcst:
 2: 24:3987746:d=2021032500:RH:0.7 mb:6 hour fcst:
 2: 25:4066357:d=2021032500:SPFH:0.7 mb:6 hour fcst:
 2: 26:4238087:d=2021032500:VVEL:0.7 mb:6 hour fcst:
 2: 27:4492929:d=2021032500:DZDT:0.7 mb:6 hour fcst:
 2: 28:4782748:d=2021032500:UGRD:0.7 mb:6 hour fcst:
 2: 29:4937432:d=2021032500:VGRD:0.7 mb:6 hour fcst:
 2: 30:5078485:d=2021032500:ABSV:0.7 mb:6 hour fcst:
 2: 31:5193226:d=2021032500:O3MR:0.7 mb:6 hour fcst:
 2: + product_functions.sh[10]rc=0
 2: + product_functions.sh[11]((  rc == 0  ))
 2: + product_functions.sh[11]mv pgb2file_f006_3_0p50.new pgb2file_f006_3_0p50
 2: + product_functions.sh[12]return 0
 2: + interp_atmos_master.sh[56]export err=0
 2: + interp_atmos_master.sh[56]err=0
 2: + interp_atmos_master.sh[57][[ 0 -ne 0 ]]
 2: ++ interp_atmos_master.sh[62]wc -l
 2: ++ interp_atmos_master.sh[62]wgrib2 pgb2file_f006_3_0p50 -match 'LAND|ICEC'
 2: + interp_atmos_master.sh[62]var_count=0
 2: + interp_atmos_master.sh[63][[ 0 -eq 2 ]]
 2: + interp_atmos_master.sh[54]for grid in "${grids[@]}"
 2: + interp_atmos_master.sh[55]trim_rh pgb2file_f006_3_1p00
 2: + product_functions.sh[5]local filename=pgb2file_f006_3_1p00
 2: + product_functions.sh[6]wgrib2 pgb2file_f006_3_1p00 -not_if :RH: -grib pgb2file_f006_3_1p00.new -if :RH: -rpn '10:*:0.5:+:floor:1000:min:10:/' -set_grib_type same -set_scaling -1 0 -grib_out pgb2file_f006_3_1p00.new
 2: 1:0:d=2021032500:O3MR:0.1 mb:6 hour fcst:
 2: 2:67527:d=2021032500:HGT:0.2 mb:6 hour fcst:
 2: 3:125898:d=2021032500:TMP:0.2 mb:6 hour fcst:
 2: 4:168673:d=2021032500:RH:0.2 mb:6 hour fcst:
 2: 5:199015:d=2021032500:SPFH:0.2 mb:6 hour fcst:
 2: 6:255925:d=2021032500:VVEL:0.2 mb:6 hour fcst:
 2: 7:323671:d=2021032500:DZDT:0.2 mb:6 hour fcst:
 2: 8:402964:d=2021032500:UGRD:0.2 mb:6 hour fcst:
 2: 9:455329:d=2021032500:VGRD:0.2 mb:6 hour fcst:
 2: 10:505143:d=2021032500:ABSV:0.2 mb:6 hour fcst:
 2: 11:547956:d=2021032500:O3MR:0.2 mb:6 hour fcst:
 2: 12:622525:d=2021032500:HGT:0.4 mb:6 hour fcst:
 2: 13:671687:d=2021032500:TMP:0.4 mb:6 hour fcst:
 2: 14:713552:d=2021032500:RH:0.4 mb:6 hour fcst:
 2: 15:739325:d=2021032500:SPFH:0.4 mb:6 hour fcst:
 2: 16:791050:d=2021032500:VVEL:0.4 mb:6 hour fcst:
 2: 17:863486:d=2021032500:DZDT:0.4 mb:6 hour fcst:
 2: 18:944689:d=2021032500:UGRD:0.4 mb:6 hour fcst:
 2: 19:995645:d=2021032500:VGRD:0.4 mb:6 hour fcst:
 2: 20:1043088:d=2021032500:ABSV:0.4 mb:6 hour fcst:
 2: 21:1083052:d=2021032500:O3MR:0.4 mb:6 hour fcst:
 2: 22:1162239:d=2021032500:HGT:0.7 mb:6 hour fcst:
 2: 23:1210802:d=2021032500:TMP:0.7 mb:6 hour fcst:
 2: 24:1252162:d=2021032500:RH:0.7 mb:6 hour fcst:
 2: 25:1278221:d=2021032500:SPFH:0.7 mb:6 hour fcst:
 2: 26:1333569:d=2021032500:VVEL:0.7 mb:6 hour fcst:
 2: 27:1409679:d=2021032500:DZDT:0.7 mb:6 hour fcst:
 2: 28:1494586:d=2021032500:UGRD:0.7 mb:6 hour fcst:
 2: 29:1544249:d=2021032500:VGRD:0.7 mb:6 hour fcst:
 2: 30:1590535:d=2021032500:ABSV:0.7 mb:6 hour fcst:
 2: 31:1629328:d=2021032500:O3MR:0.7 mb:6 hour fcst:
 2: + product_functions.sh[10]rc=0
 2: + product_functions.sh[11]((  rc == 0  ))
 2: + product_functions.sh[11]mv pgb2file_f006_3_1p00.new pgb2file_f006_3_1p00
 2: + product_functions.sh[12]return 0
 2: + interp_atmos_master.sh[56]export err=0
 2: + interp_atmos_master.sh[56]err=0
 2: + interp_atmos_master.sh[57][[ 0 -ne 0 ]]
 2: ++ interp_atmos_master.sh[62]wc -l
 2: ++ interp_atmos_master.sh[62]wgrib2 pgb2file_f006_3_1p00 -match 'LAND|ICEC'
 2: + interp_atmos_master.sh[62]var_count=0
 2: + interp_atmos_master.sh[63][[ 0 -eq 2 ]]
 2: + interp_atmos_master.sh[73]exit 0
17: + bash[8]'[' -z '' ']'
17: + bash[9]case "$-" in
17: + bash[12]__lmod_vx=x
17: + bash[16]'[' -n x ']'
17: + bash[16]set +x
17: Shell debugging temporarily silenced: export LMOD_SH_DBG_ON=1 for this output (/apps/other/lmod/lmod/init/bash)
17: Shell debugging restarted
17: + bash[224]unset __lmod_vx
17: + interp_atmos_master.sh[7]input_file=tmpfile_f006_18
17: + interp_atmos_master.sh[8]output_file_prefix=pgb2file_f006_18
17: + interp_atmos_master.sh[9]grid_string=0p25:0p50:1p00
17: + interp_atmos_master.sh[12]defaults='-set_grib_type same -set_bitmap 1 -set_grib_max_bits 16'
17: + interp_atmos_master.sh[13]interp_winds='-new_grid_winds earth'
17: + interp_atmos_master.sh[14]interp_bilinear='-new_grid_interpolation bilinear'
17: + interp_atmos_master.sh[15]interp_neighbor='-if :(CSNOW|CRAIN|CFRZR|CICEP|ICSEV): -new_grid_interpolation neighbor -fi'
17: + interp_atmos_master.sh[16]interp_budget='-if :(APCP|ACPCP|PRATE|CPRAT|DZDT): -new_grid_interpolation budget -fi'
17: + interp_atmos_master.sh[17]increased_bits='-if :(APCP|ACPCP|PRATE|CPRAT): -set_grib_max_bits 25 -fi'
17: + interp_atmos_master.sh[21]grid0p25='latlon 0:1440:0.25 90:721:-0.25'
17: + interp_atmos_master.sh[23]grid0p50='latlon 0:720:0.5 90:361:-0.5'
17: + interp_atmos_master.sh[25]grid1p00='latlon 0:360:1.0 90:181:-1.0'
17: + interp_atmos_master.sh[28]source /work2/noaa/global/mterry/global-workflow_forked/ush/product_functions.sh
17: + interp_atmos_master.sh[31]IFS=:
17: + interp_atmos_master.sh[31]read -ra grids
17: + interp_atmos_master.sh[33]output_grids=
17: + interp_atmos_master.sh[34]for grid in "${grids[@]}"
17: + interp_atmos_master.sh[35]gridopt=grid0p25
17: + interp_atmos_master.sh[36]output_grids=' -new_grid latlon 0:1440:0.25 90:721:-0.25 pgb2file_f006_18_0p25'
17: + interp_atmos_master.sh[34]for grid in "${grids[@]}"
17: + interp_atmos_master.sh[35]gridopt=grid0p50
17: + interp_atmos_master.sh[36]output_grids=' -new_grid latlon 0:1440:0.25 90:721:-0.25 pgb2file_f006_18_0p25 -new_grid latlon 0:720:0.5 90:361:-0.5 pgb2file_f006_18_0p50'
17: + interp_atmos_master.sh[34]for grid in "${grids[@]}"
17: + interp_atmos_master.sh[35]gridopt=grid1p00
17: + interp_atmos_master.sh[36]output_grids=' -new_grid latlon 0:1440:0.25 90:721:-0.25 pgb2file_f006_18_0p25 -new_grid latlon 0:720:0.5 90:361:-0.5 pgb2file_f006_18_0p50 -new_grid latlon 0:360:1.0 90:181:-1.0 pgb2file_f006_18_1p00'
17: + interp_atmos_master.sh[40]wgrib2 tmpfile_f006_18 -set_grib_type same -set_bitmap 1 -set_grib_max_bits 16 -new_grid_winds earth -new_grid_interpolation bilinear -if ':(CSNOW|CRAIN|CFRZR|CICEP|ICSEV):' -new_grid_interpolation neighbor -fi -if ':(APCP|ACPCP|PRATE|CPRAT|DZDT):' -new_grid_interpolation budget -fi -if ':(APCP|ACPCP|PRATE|CPRAT):' -set_grib_max_bits 25 -fi -new_grid latlon 0:1440:0.25 90:721:-0.25 pgb2file_f006_18_0p25 -new_grid latlon 0:720:0.5 90:361:-0.5 pgb2file_f006_18_0p50 -new_grid latlon 0:360:1.0 90:181:-1.0 pgb2file_f006_18_1p00
17: 1:0:d=2021032500:UGRD:975 mb:6 hour fcst:
17: 2:21793:d=2021032500:VGRD:975 mb:6 hour fcst:
17: 3:43935:d=2021032500:ABSV:975 mb:6 hour fcst:
17: 4:65319:d=2021032500:CLMR:975 mb:6 hour fcst:
17: 5:70545:d=2021032500:ICMR:975 mb:6 hour fcst:
17: 6:75984:d=2021032500:RWMR:975 mb:6 hour fcst:
17: 7:87690:d=2021032500:SNMR:975 mb:6 hour fcst:
17: 8:96464:d=2021032500:GRLE:975 mb:6 hour fcst:
17: 9:99489:d=2021032500:O3MR:975 mb:6 hour fcst:
17: 10:125934:d=2021032500:TMP:1000 mb:6 hour fcst:
17: 11:146904:d=2021032500:RH:1000 mb:6 hour fcst:
17: 12:166065:d=2021032500:TCDC:1000 mb:6 hour fcst:
17: 13:170917:d=2021032500:SPFH:1000 mb:6 hour fcst:
17: 14:198483:d=2021032500:VVEL:1000 mb:6 hour fcst:
17: 15:219944:d=2021032500:DZDT:1000 mb:6 hour fcst:
17: 16:241702:d=2021032500:UGRD:1000 mb:6 hour fcst:
17: 17:262901:d=2021032500:VGRD:1000 mb:6 hour fcst:
17: 18:284548:d=2021032500:ABSV:1000 mb:6 hour fcst:
17: 19:305389:d=2021032500:CLMR:1000 mb:6 hour fcst:
17: 20:307319:d=2021032500:ICMR:1000 mb:6 hour fcst:
17: 21:309681:d=2021032500:RWMR:1000 mb:6 hour fcst:
17: 22:319003:d=2021032500:SNMR:1000 mb:6 hour fcst:
17: 23:322726:d=2021032500:GRLE:1000 mb:6 hour fcst:
17: 24:323929:d=2021032500:O3MR:1000 mb:6 hour fcst:
17: 25:350515:d=2021032500:MSLET:mean sea level:6 hour fcst:
17: 26:376667:d=2021032500:HGT:1000 mb:6 hour fcst:
17: 27:402735:d=2021032500:SDEN:surface:6 hour fcst:
17: 28:413690:d=2021032500:REFD:4000 m above ground:6 hour fcst:
17: 29:416173:d=2021032500:REFD:1000 m above ground:6 hour fcst:
17: 30:418656:d=2021032500:PRES:surface:6 hour fcst:
17: 31:444522:d=2021032500:HGT:surface:6 hour fcst:
17: + interp_atmos_master.sh[47]export err=0
17: + interp_atmos_master.sh[47]err=0
17: + interp_atmos_master.sh[48][[ 0 -ne 0 ]]
17: + interp_atmos_master.sh[54]for grid in "${grids[@]}"
17: + interp_atmos_master.sh[55]trim_rh pgb2file_f006_18_0p25
17: + product_functions.sh[5]local filename=pgb2file_f006_18_0p25
17: + product_functions.sh[6]wgrib2 pgb2file_f006_18_0p25 -not_if :RH: -grib pgb2file_f006_18_0p25.new -if :RH: -rpn '10:*:0.5:+:floor:1000:min:10:/' -set_grib_type same -set_scaling -1 0 -grib_out pgb2file_f006_18_0p25.new
17: 1:0:d=2021032500:UGRD:975 mb:6 hour fcst:
17: 2:535637:d=2021032500:VGRD:975 mb:6 hour fcst:
17: 3:1085670:d=2021032500:ABSV:975 mb:6 hour fcst:
17: 4:1603737:d=2021032500:CLMR:975 mb:6 hour fcst:
17: 5:1719010:d=2021032500:ICMR:975 mb:6 hour fcst:
17: 6:1839901:d=2021032500:RWMR:975 mb:6 hour fcst:
17: 7:2074762:d=2021032500:SNMR:975 mb:6 hour fcst:
17: 8:2274063:d=2021032500:GRLE:975 mb:6 hour fcst:
17: 9:2336831:d=2021032500:O3MR:975 mb:6 hour fcst:
17: 10:3055807:d=2021032500:TMP:1000 mb:6 hour fcst:
17: 11:3549262:d=2021032500:RH:1000 mb:6 hour fcst:
17: 12:3976619:d=2021032500:TCDC:1000 mb:6 hour fcst:
17: 13:4066329:d=2021032500:SPFH:1000 mb:6 hour fcst:
17: 14:4816303:d=2021032500:VVEL:1000 mb:6 hour fcst:
17: 15:5336114:d=2021032500:DZDT:1000 mb:6 hour fcst:
17: 16:5861712:d=2021032500:UGRD:1000 mb:6 hour fcst:
17: 17:6380515:d=2021032500:VGRD:1000 mb:6 hour fcst:
17: 18:6913346:d=2021032500:ABSV:1000 mb:6 hour fcst:
17: 19:7403916:d=2021032500:CLMR:1000 mb:6 hour fcst:
17: 20:7445501:d=2021032500:ICMR:1000 mb:6 hour fcst:
17: 21:7495735:d=2021032500:RWMR:1000 mb:6 hour fcst:
17: 22:7677844:d=2021032500:SNMR:1000 mb:6 hour fcst:
17: 23:7757485:d=2021032500:GRLE:1000 mb:6 hour fcst:
17: 24:7779156:d=2021032500:O3MR:1000 mb:6 hour fcst:
17: 25:8496829:d=2021032500:MSLET:mean sea level:6 hour fcst:
17: 26:9203098:d=2021032500:HGT:1000 mb:6 hour fcst:
17: 27:9905792:d=2021032500:SDEN:surface:6 hour fcst:
17: 28:10247521:d=2021032500:REFD:4000 m above ground:6 hour fcst:
17: 29:10377480:d=2021032500:REFD:1000 m above ground:6 hour fcst:
17: 30:10507439:d=2021032500:PRES:surface:6 hour fcst:
17: 31:11164539:d=2021032500:HGT:surface:6 hour fcst:
17: + product_functions.sh[10]rc=0
17: + product_functions.sh[11]((  rc == 0  ))
17: + product_functions.sh[11]mv pgb2file_f006_18_0p25.new pgb2file_f006_18_0p25
17: + product_functions.sh[12]return 0
17: + interp_atmos_master.sh[56]export err=0
17: + interp_atmos_master.sh[56]err=0
17: + interp_atmos_master.sh[57][[ 0 -ne 0 ]]
17: ++ interp_atmos_master.sh[62]wc -l
17: ++ interp_atmos_master.sh[62]wgrib2 pgb2file_f006_18_0p25 -match 'LAND|ICEC'
17: + interp_atmos_master.sh[62]var_count=0
17: + interp_atmos_master.sh[63][[ 0 -eq 2 ]]
17: + interp_atmos_master.sh[54]for grid in "${grids[@]}"
17: + interp_atmos_master.sh[55]trim_rh pgb2file_f006_18_0p50
17: + product_functions.sh[5]local filename=pgb2file_f006_18_0p50
17: + product_functions.sh[6]wgrib2 pgb2file_f006_18_0p50 -not_if :RH: -grib pgb2file_f006_18_0p50.new -if :RH: -rpn '10:*:0.5:+:floor:1000:min:10:/' -set_grib_type same -set_scaling -1 0 -grib_out pgb2file_f006_18_0p50.new
17: 1:0:d=2021032500:UGRD:975 mb:6 hour fcst:
17: 2:183832:d=2021032500:VGRD:975 mb:6 hour fcst:
17: 3:372818:d=2021032500:ABSV:975 mb:6 hour fcst:
17: 4:551527:d=2021032500:CLMR:975 mb:6 hour fcst:
17: 5:593925:d=2021032500:ICMR:975 mb:6 hour fcst:
17: 6:636955:d=2021032500:RWMR:975 mb:6 hour fcst:
17: 7:721425:d=2021032500:SNMR:975 mb:6 hour fcst:
17: 8:792746:d=2021032500:GRLE:975 mb:6 hour fcst:
17: 9:816046:d=2021032500:O3MR:975 mb:6 hour fcst:
17: 10:1058289:d=2021032500:TMP:1000 mb:6 hour fcst:
17: 11:1229063:d=2021032500:RH:1000 mb:6 hour fcst:
17: 12:1378935:d=2021032500:TCDC:1000 mb:6 hour fcst:
17: 13:1412436:d=2021032500:SPFH:1000 mb:6 hour fcst:
17: 14:1666235:d=2021032500:VVEL:1000 mb:6 hour fcst:
17: 15:1844655:d=2021032500:DZDT:1000 mb:6 hour fcst:
17: 16:2022243:d=2021032500:UGRD:1000 mb:6 hour fcst:
17: 17:2199324:d=2021032500:VGRD:1000 mb:6 hour fcst:
17: 18:2382094:d=2021032500:ABSV:1000 mb:6 hour fcst:
17: 19:2552550:d=2021032500:CLMR:1000 mb:6 hour fcst:
17: 20:2568345:d=2021032500:ICMR:1000 mb:6 hour fcst:
17: 21:2586098:d=2021032500:RWMR:1000 mb:6 hour fcst:
17: 22:2652027:d=2021032500:SNMR:1000 mb:6 hour fcst:
17: 23:2680427:d=2021032500:GRLE:1000 mb:6 hour fcst:
17: 24:2688537:d=2021032500:O3MR:1000 mb:6 hour fcst:
17: 25:2930253:d=2021032500:MSLET:mean sea level:6 hour fcst:
17: 26:3166934:d=2021032500:HGT:1000 mb:6 hour fcst:
17: 27:3403833:d=2021032500:SDEN:surface:6 hour fcst:
17: 28:3507158:d=2021032500:REFD:4000 m above ground:6 hour fcst:
17: 29:3539827:d=2021032500:REFD:1000 m above ground:6 hour fcst:
17: 30:3572496:d=2021032500:PRES:surface:6 hour fcst:
17: 31:3797990:d=2021032500:HGT:surface:6 hour fcst:
17: + product_functions.sh[10]rc=0
17: + product_functions.sh[11]((  rc == 0  ))
17: + product_functions.sh[11]mv pgb2file_f006_18_0p50.new pgb2file_f006_18_0p50
17: + product_functions.sh[12]return 0
17: + interp_atmos_master.sh[56]export err=0
17: + interp_atmos_master.sh[56]err=0
17: + interp_atmos_master.sh[57][[ 0 -ne 0 ]]
17: ++ interp_atmos_master.sh[62]wc -l
17: ++ interp_atmos_master.sh[62]wgrib2 pgb2file_f006_18_0p50 -match 'LAND|ICEC'
17: + interp_atmos_master.sh[62]var_count=0
17: + interp_atmos_master.sh[63][[ 0 -eq 2 ]]
17: + interp_atmos_master.sh[54]for grid in "${grids[@]}"
17: + interp_atmos_master.sh[55]trim_rh pgb2file_f006_18_1p00
17: + product_functions.sh[5]local filename=pgb2file_f006_18_1p00
17: + product_functions.sh[6]wgrib2 pgb2file_f006_18_1p00 -not_if :RH: -grib pgb2file_f006_18_1p00.new -if :RH: -rpn '10:*:0.5:+:floor:1000:min:10:/' -set_grib_type same -set_scaling -1 0 -grib_out pgb2file_f006_18_1p00.new
17: 1:0:d=2021032500:UGRD:975 mb:6 hour fcst:
17: 2:58627:d=2021032500:VGRD:975 mb:6 hour fcst:
17: 3:118600:d=2021032500:ABSV:975 mb:6 hour fcst:
17: 4:175697:d=2021032500:CLMR:975 mb:6 hour fcst:
17: 5:190229:d=2021032500:ICMR:975 mb:6 hour fcst:
17: 6:205154:d=2021032500:RWMR:975 mb:6 hour fcst:
17: 7:235425:d=2021032500:SNMR:975 mb:6 hour fcst:
17: 8:259436:d=2021032500:GRLE:975 mb:6 hour fcst:
17: 9:267847:d=2021032500:O3MR:975 mb:6 hour fcst:
17: 10:342144:d=2021032500:TMP:1000 mb:6 hour fcst:
17: 11:397610:d=2021032500:RH:1000 mb:6 hour fcst:
17: 12:447174:d=2021032500:TCDC:1000 mb:6 hour fcst:
17: 13:459959:d=2021032500:SPFH:1000 mb:6 hour fcst:
17: 14:536409:d=2021032500:VVEL:1000 mb:6 hour fcst:
17: 15:593349:d=2021032500:DZDT:1000 mb:6 hour fcst:
17: 16:650094:d=2021032500:UGRD:1000 mb:6 hour fcst:
17: 17:706796:d=2021032500:VGRD:1000 mb:6 hour fcst:
17: 18:764848:d=2021032500:ABSV:1000 mb:6 hour fcst:
17: 19:820127:d=2021032500:CLMR:1000 mb:6 hour fcst:
17: 20:825719:d=2021032500:ICMR:1000 mb:6 hour fcst:
17: 21:831983:d=2021032500:RWMR:1000 mb:6 hour fcst:
17: 22:855766:d=2021032500:SNMR:1000 mb:6 hour fcst:
17: 23:865897:d=2021032500:GRLE:1000 mb:6 hour fcst:
17: 24:868991:d=2021032500:O3MR:1000 mb:6 hour fcst:
17: 25:943071:d=2021032500:MSLET:mean sea level:6 hour fcst:
17: 26:1015573:d=2021032500:HGT:1000 mb:6 hour fcst:
17: 27:1088145:d=2021032500:SDEN:surface:6 hour fcst:
17: 28:1119107:d=2021032500:REFD:4000 m above ground:6 hour fcst:
17: 29:1127431:d=2021032500:REFD:1000 m above ground:6 hour fcst:
17: 30:1135755:d=2021032500:PRES:surface:6 hour fcst:
17: 31:1206221:d=2021032500:HGT:surface:6 hour fcst:
17: + product_functions.sh[10]rc=0
17: + product_functions.sh[11]((  rc == 0  ))
17: + product_functions.sh[11]mv pgb2file_f006_18_1p00.new pgb2file_f006_18_1p00
17: + product_functions.sh[12]return 0
17: + interp_atmos_master.sh[56]export err=0
17: + interp_atmos_master.sh[56]err=0
17: + interp_atmos_master.sh[57][[ 0 -ne 0 ]]
17: ++ interp_atmos_master.sh[62]wc -l
17: ++ interp_atmos_master.sh[62]wgrib2 pgb2file_f006_18_1p00 -match 'LAND|ICEC'
17: + interp_atmos_master.sh[62]var_count=0
17: + interp_atmos_master.sh[63][[ 0 -eq 2 ]]
17: + interp_atmos_master.sh[73]exit 0
 6: + bash[8]'[' -z '' ']'
 6: + bash[9]case "$-" in
 6: + bash[12]__lmod_vx=x
 6: + bash[16]'[' -n x ']'
 6: + bash[16]set +x
 6: Shell debugging temporarily silenced: export LMOD_SH_DBG_ON=1 for this output (/apps/other/lmod/lmod/init/bash)
 6: Shell debugging restarted
 6: + bash[224]unset __lmod_vx
 6: + interp_atmos_master.sh[7]input_file=tmpfile_f006_7
 6: + interp_atmos_master.sh[8]output_file_prefix=pgb2file_f006_7
 6: + interp_atmos_master.sh[9]grid_string=0p25:0p50:1p00
 6: + interp_atmos_master.sh[12]defaults='-set_grib_type same -set_bitmap 1 -set_grib_max_bits 16'
 6: + interp_atmos_master.sh[13]interp_winds='-new_grid_winds earth'
 6: + interp_atmos_master.sh[14]interp_bilinear='-new_grid_interpolation bilinear'
 6: + interp_atmos_master.sh[15]interp_neighbor='-if :(CSNOW|CRAIN|CFRZR|CICEP|ICSEV): -new_grid_interpolation neighbor -fi'
 6: + interp_atmos_master.sh[16]interp_budget='-if :(APCP|ACPCP|PRATE|CPRAT|DZDT): -new_grid_interpolation budget -fi'
 6: + interp_atmos_master.sh[17]increased_bits='-if :(APCP|ACPCP|PRATE|CPRAT): -set_grib_max_bits 25 -fi'
 6: + interp_atmos_master.sh[21]grid0p25='latlon 0:1440:0.25 90:721:-0.25'
 6: + interp_atmos_master.sh[23]grid0p50='latlon 0:720:0.5 90:361:-0.5'
 6: + interp_atmos_master.sh[25]grid1p00='latlon 0:360:1.0 90:181:-1.0'
 6: + interp_atmos_master.sh[28]source /work2/noaa/global/mterry/global-workflow_forked/ush/product_functions.sh
 6: + interp_atmos_master.sh[31]IFS=:
 6: + interp_atmos_master.sh[31]read -ra grids
 6: + interp_atmos_master.sh[33]output_grids=
 6: + interp_atmos_master.sh[34]for grid in "${grids[@]}"
 6: + interp_atmos_master.sh[35]gridopt=grid0p25
 6: + interp_atmos_master.sh[36]output_grids=' -new_grid latlon 0:1440:0.25 90:721:-0.25 pgb2file_f006_7_0p25'
 6: + interp_atmos_master.sh[34]for grid in "${grids[@]}"
 6: + interp_atmos_master.sh[35]gridopt=grid0p50
 6: + interp_atmos_master.sh[36]output_grids=' -new_grid latlon 0:1440:0.25 90:721:-0.25 pgb2file_f006_7_0p25 -new_grid latlon 0:720:0.5 90:361:-0.5 pgb2file_f006_7_0p50'
 6: + interp_atmos_master.sh[34]for grid in "${grids[@]}"
 6: + interp_atmos_master.sh[35]gridopt=grid1p00
 6: + interp_atmos_master.sh[36]output_grids=' -new_grid latlon 0:1440:0.25 90:721:-0.25 pgb2file_f006_7_0p25 -new_grid latlon 0:720:0.5 90:361:-0.5 pgb2file_f006_7_0p50 -new_grid latlon 0:360:1.0 90:181:-1.0 pgb2file_f006_7_1p00'
 6: + interp_atmos_master.sh[40]wgrib2 tmpfile_f006_7 -set_grib_type same -set_bitmap 1 -set_grib_max_bits 16 -new_grid_winds earth -new_grid_interpolation bilinear -if ':(CSNOW|CRAIN|CFRZR|CICEP|ICSEV):' -new_grid_interpolation neighbor -fi -if ':(APCP|ACPCP|PRATE|CPRAT|DZDT):' -new_grid_interpolation budget -fi -if ':(APCP|ACPCP|PRATE|CPRAT):' -set_grib_max_bits 25 -fi -new_grid latlon 0:1440:0.25 90:721:-0.25 pgb2file_f006_7_0p25 -new_grid latlon 0:720:0.5 90:361:-0.5 pgb2file_f006_7_0p50 -new_grid latlon 0:360:1.0 90:181:-1.0 pgb2file_f006_7_1p00
 6: 1:0:d=2021032500:SPFH:40 mb:6 hour fcst:
 6: 2:25251:d=2021032500:VVEL:40 mb:6 hour fcst:
 6: 3:55487:d=2021032500:DZDT:40 mb:6 hour fcst:
 6: 4:80538:d=2021032500:UGRD:40 mb:6 hour fcst:
 6: 5:99560:d=2021032500:VGRD:40 mb:6 hour fcst:
 6: 6:118163:d=2021032500:ABSV:40 mb:6 hour fcst:
 6: 7:135779:d=2021032500:O3MR:40 mb:6 hour fcst:
 6: 8:162818:d=2021032500:HGT:50 mb:6 hour fcst:
 6: 9:182142:d=2021032500:TMP:50 mb:6 hour fcst:
 6: 10:198389:d=2021032500:RH:50 mb:6 hour fcst:
 6: 11:209966:d=2021032500:TCDC:50 mb:6 hour fcst:
 6: 12:210145:d=2021032500:SPFH:50 mb:6 hour fcst:
 6: 13:236295:d=2021032500:VVEL:50 mb:6 hour fcst:
 6: 14:267360:d=2021032500:DZDT:50 mb:6 hour fcst:
 6: 15:292312:d=2021032500:UGRD:50 mb:6 hour fcst:
 6: 16:311004:d=2021032500:VGRD:50 mb:6 hour fcst:
 6: 17:329474:d=2021032500:ABSV:50 mb:6 hour fcst:
 6: 18:346946:d=2021032500:CLMR:50 mb:6 hour fcst:
 6: 19:347125:d=2021032500:ICMR:50 mb:6 hour fcst:
 6: 20:347304:d=2021032500:RWMR:50 mb:6 hour fcst:
 6: 21:347483:d=2021032500:SNMR:50 mb:6 hour fcst:
 6: 22:347662:d=2021032500:GRLE:50 mb:6 hour fcst:
 6: 23:347841:d=2021032500:O3MR:50 mb:6 hour fcst:
 6: 24:374643:d=2021032500:HGT:70 mb:6 hour fcst:
 6: 25:394169:d=2021032500:TMP:70 mb:6 hour fcst:
 6: 26:411128:d=2021032500:RH:70 mb:6 hour fcst:
 6: 27:420295:d=2021032500:SPFH:70 mb:6 hour fcst:
 6: 28:447416:d=2021032500:VVEL:70 mb:6 hour fcst:
 6: 29:477285:d=2021032500:DZDT:70 mb:6 hour fcst:
 6: 30:502248:d=2021032500:UGRD:70 mb:6 hour fcst:
 6: 31:521547:d=2021032500:VGRD:70 mb:6 hour fcst:
 6: + interp_atmos_master.sh[47]export err=0
 6: + interp_atmos_master.sh[47]err=0
 6: + interp_atmos_master.sh[48][[ 0 -ne 0 ]]
 6: + interp_atmos_master.sh[54]for grid in "${grids[@]}"
 6: + interp_atmos_master.sh[55]trim_rh pgb2file_f006_7_0p25
 6: + product_functions.sh[5]local filename=pgb2file_f006_7_0p25
 6: + product_functions.sh[6]wgrib2 pgb2file_f006_7_0p25 -not_if :RH: -grib pgb2file_f006_7_0p25.new -if :RH: -rpn '10:*:0.5:+:floor:1000:min:10:/' -set_grib_type same -set_scaling -1 0 -grib_out pgb2file_f006_7_0p25.new
 6: 1:0:d=2021032500:SPFH:40 mb:6 hour fcst:
 6: 2:648486:d=2021032500:VVEL:40 mb:6 hour fcst:
 6: 3:1485977:d=2021032500:DZDT:40 mb:6 hour fcst:
 6: 4:2170502:d=2021032500:UGRD:40 mb:6 hour fcst:
 6: 5:2627144:d=2021032500:VGRD:40 mb:6 hour fcst:
 6: 6:3058909:d=2021032500:ABSV:40 mb:6 hour fcst:
 6: 7:3450231:d=2021032500:O3MR:40 mb:6 hour fcst:
 6: 8:4190223:d=2021032500:HGT:50 mb:6 hour fcst:
 6: 9:4646548:d=2021032500:TMP:50 mb:6 hour fcst:
 6: 10:5011572:d=2021032500:RH:50 mb:6 hour fcst:
 6: 11:5288809:d=2021032500:TCDC:50 mb:6 hour fcst:
 6: 12:5288988:d=2021032500:SPFH:50 mb:6 hour fcst:
 6: 13:5967810:d=2021032500:VVEL:50 mb:6 hour fcst:
 6: 14:6841612:d=2021032500:DZDT:50 mb:6 hour fcst:
 6: 15:7520405:d=2021032500:UGRD:50 mb:6 hour fcst:
 6: 16:7970434:d=2021032500:VGRD:50 mb:6 hour fcst:
 6: 17:8401199:d=2021032500:ABSV:50 mb:6 hour fcst:
 6: 18:8788045:d=2021032500:CLMR:50 mb:6 hour fcst:
 6: 19:8788224:d=2021032500:ICMR:50 mb:6 hour fcst:
 6: 20:8788403:d=2021032500:RWMR:50 mb:6 hour fcst:
 6: 21:8788582:d=2021032500:SNMR:50 mb:6 hour fcst:
 6: 22:8788761:d=2021032500:GRLE:50 mb:6 hour fcst:
 6: 23:8788940:d=2021032500:O3MR:50 mb:6 hour fcst:
 6: 24:9518562:d=2021032500:HGT:70 mb:6 hour fcst:
 6: 25:9988872:d=2021032500:TMP:70 mb:6 hour fcst:
 6: 26:10380191:d=2021032500:RH:70 mb:6 hour fcst:
 6: 27:10587149:d=2021032500:SPFH:70 mb:6 hour fcst:
 6: 28:11306146:d=2021032500:VVEL:70 mb:6 hour fcst:
 6: 29:12126645:d=2021032500:DZDT:70 mb:6 hour fcst:
 6: 30:12808101:d=2021032500:UGRD:70 mb:6 hour fcst:
 6: 31:13277528:d=2021032500:VGRD:70 mb:6 hour fcst:
 6: + product_functions.sh[10]rc=0
 6: + product_functions.sh[11]((  rc == 0  ))
 6: + product_functions.sh[11]mv pgb2file_f006_7_0p25.new pgb2file_f006_7_0p25
 6: + product_functions.sh[12]return 0
 6: + interp_atmos_master.sh[56]export err=0
 6: + interp_atmos_master.sh[56]err=0
 6: + interp_atmos_master.sh[57][[ 0 -ne 0 ]]
 6: ++ interp_atmos_master.sh[62]wc -l
 6: ++ interp_atmos_master.sh[62]wgrib2 pgb2file_f006_7_0p25 -match 'LAND|ICEC'
 6: + interp_atmos_master.sh[62]var_count=0
 6: + interp_atmos_master.sh[63][[ 0 -eq 2 ]]
 6: + interp_atmos_master.sh[54]for grid in "${grids[@]}"
 6: + interp_atmos_master.sh[55]trim_rh pgb2file_f006_7_0p50
 6: + product_functions.sh[5]local filename=pgb2file_f006_7_0p50
 6: + product_functions.sh[6]wgrib2 pgb2file_f006_7_0p50 -not_if :RH: -grib pgb2file_f006_7_0p50.new -if :RH: -rpn '10:*:0.5:+:floor:1000:min:10:/' -set_grib_type same -set_scaling -1 0 -grib_out pgb2file_f006_7_0p50.new
 6: 1:0:d=2021032500:SPFH:40 mb:6 hour fcst:
 6: 2:221793:d=2021032500:VVEL:40 mb:6 hour fcst:
 6: 3:520007:d=2021032500:DZDT:40 mb:6 hour fcst:
 6: 4:745459:d=2021032500:UGRD:40 mb:6 hour fcst:
 6: 5:899780:d=2021032500:VGRD:40 mb:6 hour fcst:
 6: 6:1049338:d=2021032500:ABSV:40 mb:6 hour fcst:
 6: 7:1184802:d=2021032500:O3MR:40 mb:6 hour fcst:
 6: 8:1438972:d=2021032500:HGT:50 mb:6 hour fcst:
 6: 9:1594310:d=2021032500:TMP:50 mb:6 hour fcst:
 6: 10:1718629:d=2021032500:RH:50 mb:6 hour fcst:
 6: 11:1805094:d=2021032500:TCDC:50 mb:6 hour fcst:
 6: 12:1805273:d=2021032500:SPFH:50 mb:6 hour fcst:
 6: 13:2037449:d=2021032500:VVEL:50 mb:6 hour fcst:
 6: 14:2345378:d=2021032500:DZDT:50 mb:6 hour fcst:
 6: 15:2569645:d=2021032500:UGRD:50 mb:6 hour fcst:
 6: 16:2722941:d=2021032500:VGRD:50 mb:6 hour fcst:
 6: 17:2871602:d=2021032500:ABSV:50 mb:6 hour fcst:
 6: 18:3003698:d=2021032500:CLMR:50 mb:6 hour fcst:
 6: 19:3003877:d=2021032500:ICMR:50 mb:6 hour fcst:
 6: 20:3004056:d=2021032500:RWMR:50 mb:6 hour fcst:
 6: 21:3004235:d=2021032500:SNMR:50 mb:6 hour fcst:
 6: 22:3004414:d=2021032500:GRLE:50 mb:6 hour fcst:
 6: 23:3004593:d=2021032500:O3MR:50 mb:6 hour fcst:
 6: 24:3254034:d=2021032500:HGT:70 mb:6 hour fcst:
 6: 25:3412339:d=2021032500:TMP:70 mb:6 hour fcst:
 6: 26:3543275:d=2021032500:RH:70 mb:6 hour fcst:
 6: 27:3611714:d=2021032500:SPFH:70 mb:6 hour fcst:
 6: 28:3855513:d=2021032500:VVEL:70 mb:6 hour fcst:
 6: 29:4146100:d=2021032500:DZDT:70 mb:6 hour fcst:
 6: 30:4368955:d=2021032500:UGRD:70 mb:6 hour fcst:
 6: 31:4526994:d=2021032500:VGRD:70 mb:6 hour fcst:
 6: + product_functions.sh[10]rc=0
 6: + product_functions.sh[11]((  rc == 0  ))
 6: + product_functions.sh[11]mv pgb2file_f006_7_0p50.new pgb2file_f006_7_0p50
 6: + product_functions.sh[12]return 0
 6: + interp_atmos_master.sh[56]export err=0
 6: + interp_atmos_master.sh[56]err=0
 6: + interp_atmos_master.sh[57][[ 0 -ne 0 ]]
 6: ++ interp_atmos_master.sh[62]wc -l
 6: ++ interp_atmos_master.sh[62]wgrib2 pgb2file_f006_7_0p50 -match 'LAND|ICEC'
 6: + interp_atmos_master.sh[62]var_count=0
 6: + interp_atmos_master.sh[63][[ 0 -eq 2 ]]
 6: + interp_atmos_master.sh[54]for grid in "${grids[@]}"
 6: + interp_atmos_master.sh[55]trim_rh pgb2file_f006_7_1p00
 6: + product_functions.sh[5]local filename=pgb2file_f006_7_1p00
 6: + product_functions.sh[6]wgrib2 pgb2file_f006_7_1p00 -not_if :RH: -grib pgb2file_f006_7_1p00.new -if :RH: -rpn '10:*:0.5:+:floor:1000:min:10:/' -set_grib_type same -set_scaling -1 0 -grib_out pgb2file_f006_7_1p00.new
 6: 1:0:d=2021032500:SPFH:40 mb:6 hour fcst:
 6: 2:69507:d=2021032500:VVEL:40 mb:6 hour fcst:
 6: 3:157052:d=2021032500:DZDT:40 mb:6 hour fcst:
 6: 4:225389:d=2021032500:UGRD:40 mb:6 hour fcst:
 6: 5:275149:d=2021032500:VGRD:40 mb:6 hour fcst:
 6: 6:323914:d=2021032500:ABSV:40 mb:6 hour fcst:
 6: 7:368617:d=2021032500:O3MR:40 mb:6 hour fcst:
 6: 8:445070:d=2021032500:HGT:50 mb:6 hour fcst:
 6: 9:495115:d=2021032500:TMP:50 mb:6 hour fcst:
 6: 10:536554:d=2021032500:RH:50 mb:6 hour fcst:
 6: 11:564678:d=2021032500:TCDC:50 mb:6 hour fcst:
 6: 12:564857:d=2021032500:SPFH:50 mb:6 hour fcst:
 6: 13:636590:d=2021032500:VVEL:50 mb:6 hour fcst:
 6: 14:726256:d=2021032500:DZDT:50 mb:6 hour fcst:
 6: 15:794144:d=2021032500:UGRD:50 mb:6 hour fcst:
 6: 16:843521:d=2021032500:VGRD:50 mb:6 hour fcst:
 6: 17:891811:d=2021032500:ABSV:50 mb:6 hour fcst:
 6: 18:935785:d=2021032500:CLMR:50 mb:6 hour fcst:
 6: 19:935964:d=2021032500:ICMR:50 mb:6 hour fcst:
 6: 20:936143:d=2021032500:RWMR:50 mb:6 hour fcst:
 6: 21:936322:d=2021032500:SNMR:50 mb:6 hour fcst:
 6: 22:936501:d=2021032500:GRLE:50 mb:6 hour fcst:
 6: 23:936680:d=2021032500:O3MR:50 mb:6 hour fcst:
 6: 24:1011973:d=2021032500:HGT:70 mb:6 hour fcst:
 6: 25:1062797:d=2021032500:TMP:70 mb:6 hour fcst:
 6: 26:1105662:d=2021032500:RH:70 mb:6 hour fcst:
 6: 27:1127825:d=2021032500:SPFH:70 mb:6 hour fcst:
 6: 28:1203123:d=2021032500:VVEL:70 mb:6 hour fcst:
 6: 29:1288391:d=2021032500:DZDT:70 mb:6 hour fcst:
 6: 30:1356110:d=2021032500:UGRD:70 mb:6 hour fcst:
 6: 31:1406869:d=2021032500:VGRD:70 mb:6 hour fcst:
 6: + product_functions.sh[10]rc=0
 6: + product_functions.sh[11]((  rc == 0  ))
 6: + product_functions.sh[11]mv pgb2file_f006_7_1p00.new pgb2file_f006_7_1p00
 6: + product_functions.sh[12]return 0
 6: + interp_atmos_master.sh[56]export err=0
 6: + interp_atmos_master.sh[56]err=0
 6: + interp_atmos_master.sh[57][[ 0 -ne 0 ]]
 6: ++ interp_atmos_master.sh[62]wc -l
 6: ++ interp_atmos_master.sh[62]wgrib2 pgb2file_f006_7_1p00 -match 'LAND|ICEC'
 6: + interp_atmos_master.sh[62]var_count=0
 6: + interp_atmos_master.sh[63][[ 0 -eq 2 ]]
 6: + interp_atmos_master.sh[73]exit 0
 8: + bash[8]'[' -z '' ']'
 8: + bash[9]case "$-" in
 8: + bash[12]__lmod_vx=x
 8: + bash[16]'[' -n x ']'
 8: + bash[16]set +x
 8: Shell debugging temporarily silenced: export LMOD_SH_DBG_ON=1 for this output (/apps/other/lmod/lmod/init/bash)
 8: Shell debugging restarted
 8: + bash[224]unset __lmod_vx
 8: + interp_atmos_master.sh[7]input_file=tmpfile_f006_9
 8: + interp_atmos_master.sh[8]output_file_prefix=pgb2file_f006_9
 8: + interp_atmos_master.sh[9]grid_string=0p25:0p50:1p00
 8: + interp_atmos_master.sh[12]defaults='-set_grib_type same -set_bitmap 1 -set_grib_max_bits 16'
 8: + interp_atmos_master.sh[13]interp_winds='-new_grid_winds earth'
 8: + interp_atmos_master.sh[14]interp_bilinear='-new_grid_interpolation bilinear'
 8: + interp_atmos_master.sh[15]interp_neighbor='-if :(CSNOW|CRAIN|CFRZR|CICEP|ICSEV): -new_grid_interpolation neighbor -fi'
 8: + interp_atmos_master.sh[16]interp_budget='-if :(APCP|ACPCP|PRATE|CPRAT|DZDT): -new_grid_interpolation budget -fi'
 8: + interp_atmos_master.sh[17]increased_bits='-if :(APCP|ACPCP|PRATE|CPRAT): -set_grib_max_bits 25 -fi'
 8: + interp_atmos_master.sh[21]grid0p25='latlon 0:1440:0.25 90:721:-0.25'
 8: + interp_atmos_master.sh[23]grid0p50='latlon 0:720:0.5 90:361:-0.5'
 8: + interp_atmos_master.sh[25]grid1p00='latlon 0:360:1.0 90:181:-1.0'
 8: + interp_atmos_master.sh[28]source /work2/noaa/global/mterry/global-workflow_forked/ush/product_functions.sh
 8: + interp_atmos_master.sh[31]IFS=:
 8: + interp_atmos_master.sh[31]read -ra grids
 8: + interp_atmos_master.sh[33]output_grids=
 8: + interp_atmos_master.sh[34]for grid in "${grids[@]}"
 8: + interp_atmos_master.sh[35]gridopt=grid0p25
 8: + interp_atmos_master.sh[36]output_grids=' -new_grid latlon 0:1440:0.25 90:721:-0.25 pgb2file_f006_9_0p25'
 8: + interp_atmos_master.sh[34]for grid in "${grids[@]}"
 8: + interp_atmos_master.sh[35]gridopt=grid0p50
 8: + interp_atmos_master.sh[36]output_grids=' -new_grid latlon 0:1440:0.25 90:721:-0.25 pgb2file_f006_9_0p25 -new_grid latlon 0:720:0.5 90:361:-0.5 pgb2file_f006_9_0p50'
 8: + interp_atmos_master.sh[34]for grid in "${grids[@]}"
 8: + interp_atmos_master.sh[35]gridopt=grid1p00
 8: + interp_atmos_master.sh[36]output_grids=' -new_grid latlon 0:1440:0.25 90:721:-0.25 pgb2file_f006_9_0p25 -new_grid latlon 0:720:0.5 90:361:-0.5 pgb2file_f006_9_0p50 -new_grid latlon 0:360:1.0 90:181:-1.0 pgb2file_f006_9_1p00'
 8: + interp_atmos_master.sh[40]wgrib2 tmpfile_f006_9 -set_grib_type same -set_bitmap 1 -set_grib_max_bits 16 -new_grid_winds earth -new_grid_interpolation bilinear -if ':(CSNOW|CRAIN|CFRZR|CICEP|ICSEV):' -new_grid_interpolation neighbor -fi -if ':(APCP|ACPCP|PRATE|CPRAT|DZDT):' -new_grid_interpolation budget -fi -if ':(APCP|ACPCP|PRATE|CPRAT):' -set_grib_max_bits 25 -fi -new_grid latlon 0:1440:0.25 90:721:-0.25 pgb2file_f006_9_0p25 -new_grid latlon 0:720:0.5 90:361:-0.5 pgb2file_f006_9_0p50 -new_grid latlon 0:360:1.0 90:181:-1.0 pgb2file_f006_9_1p00
 8: 1:0:d=2021032500:SNMR:150 mb:6 hour fcst:
 8: 2:449:d=2021032500:GRLE:150 mb:6 hour fcst:
 8: 3:885:d=2021032500:O3MR:150 mb:6 hour fcst:
 8: 4:23956:d=2021032500:HGT:200 mb:6 hour fcst:
 8: 5:45679:d=2021032500:TMP:200 mb:6 hour fcst:
 8: 6:64432:d=2021032500:RH:200 mb:6 hour fcst:
 8: 7:80666:d=2021032500:TCDC:200 mb:6 hour fcst:
 8: 8:89295:d=2021032500:SPFH:200 mb:6 hour fcst:
 8: 9:116607:d=2021032500:VVEL:200 mb:6 hour fcst:
 8: 10:139139:d=2021032500:DZDT:200 mb:6 hour fcst:
 8: 11:164649:d=2021032500:UGRD:200 mb:6 hour fcst:
 8: 12:178741:d=2021032500:VGRD:200 mb:6 hour fcst:
 8: 13:193114:d=2021032500:ABSV:200 mb:6 hour fcst:
 8: 14:214061:d=2021032500:CLMR:200 mb:6 hour fcst:
 8: 15:214240:d=2021032500:ICMR:200 mb:6 hour fcst:
 8: 16:224434:d=2021032500:RWMR:200 mb:6 hour fcst:
 8: 17:224613:d=2021032500:SNMR:200 mb:6 hour fcst:
 8: 18:226966:d=2021032500:GRLE:200 mb:6 hour fcst:
 8: 19:227419:d=2021032500:O3MR:200 mb:6 hour fcst:
 8: 20:249477:d=2021032500:HGT:250 mb:6 hour fcst:
 8: 21:271885:d=2021032500:TMP:250 mb:6 hour fcst:
 8: 22:291328:d=2021032500:RH:250 mb:6 hour fcst:
 8: 23:309756:d=2021032500:TCDC:250 mb:6 hour fcst:
 8: 24:322510:d=2021032500:SPFH:250 mb:6 hour fcst:
 8: 25:349661:d=2021032500:VVEL:250 mb:6 hour fcst:
 8: 26:373652:d=2021032500:DZDT:250 mb:6 hour fcst:
 8: 27:399961:d=2021032500:UGRD:250 mb:6 hour fcst:
 8: 28:415009:d=2021032500:VGRD:250 mb:6 hour fcst:
 8: 29:430489:d=2021032500:ABSV:250 mb:6 hour fcst:
 8: 30:452854:d=2021032500:CLMR:250 mb:6 hour fcst:
 8: 31:453033:d=2021032500:ICMR:250 mb:6 hour fcst:
 8: + interp_atmos_master.sh[47]export err=0
 8: + interp_atmos_master.sh[47]err=0
 8: + interp_atmos_master.sh[48][[ 0 -ne 0 ]]
 8: + interp_atmos_master.sh[54]for grid in "${grids[@]}"
 8: + interp_atmos_master.sh[55]trim_rh pgb2file_f006_9_0p25
 8: + product_functions.sh[5]local filename=pgb2file_f006_9_0p25
 8: + product_functions.sh[6]wgrib2 pgb2file_f006_9_0p25 -not_if :RH: -grib pgb2file_f006_9_0p25.new -if :RH: -rpn '10:*:0.5:+:floor:1000:min:10:/' -set_grib_type same -set_scaling -1 0 -grib_out pgb2file_f006_9_0p25.new
 8: 1:0:d=2021032500:SNMR:150 mb:6 hour fcst:
 8: 2:3589:d=2021032500:GRLE:150 mb:6 hour fcst:
 8: 3:9084:d=2021032500:O3MR:150 mb:6 hour fcst:
 8: 4:584404:d=2021032500:HGT:200 mb:6 hour fcst:
 8: 5:1128144:d=2021032500:TMP:200 mb:6 hour fcst:
 8: 6:1560936:d=2021032500:RH:200 mb:6 hour fcst:
 8: 7:1934494:d=2021032500:TCDC:200 mb:6 hour fcst:
 8: 8:2115952:d=2021032500:SPFH:200 mb:6 hour fcst:
 8: 9:2839045:d=2021032500:VVEL:200 mb:6 hour fcst:
 8: 10:3428305:d=2021032500:DZDT:200 mb:6 hour fcst:
 8: 11:4128208:d=2021032500:UGRD:200 mb:6 hour fcst:
 8: 12:4450343:d=2021032500:VGRD:200 mb:6 hour fcst:
 8: 13:4777059:d=2021032500:ABSV:200 mb:6 hour fcst:
 8: 14:5286175:d=2021032500:CLMR:200 mb:6 hour fcst:
 8: 15:5286354:d=2021032500:ICMR:200 mb:6 hour fcst:
 8: 16:5510629:d=2021032500:RWMR:200 mb:6 hour fcst:
 8: 17:5510808:d=2021032500:SNMR:200 mb:6 hour fcst:
 8: 18:5544098:d=2021032500:GRLE:200 mb:6 hour fcst:
 8: 19:5549789:d=2021032500:O3MR:200 mb:6 hour fcst:
 8: 20:6086002:d=2021032500:HGT:250 mb:6 hour fcst:
 8: 21:6650751:d=2021032500:TMP:250 mb:6 hour fcst:
 8: 22:7098140:d=2021032500:RH:250 mb:6 hour fcst:
 8: 23:7519494:d=2021032500:TCDC:250 mb:6 hour fcst:
 8: 24:7766953:d=2021032500:SPFH:250 mb:6 hour fcst:
 8: 25:8481055:d=2021032500:VVEL:250 mb:6 hour fcst:
 8: 26:9122615:d=2021032500:DZDT:250 mb:6 hour fcst:
 8: 27:9853315:d=2021032500:UGRD:250 mb:6 hour fcst:
 8: 28:10188017:d=2021032500:VGRD:250 mb:6 hour fcst:
 8: 29:10538963:d=2021032500:ABSV:250 mb:6 hour fcst:
 8: 30:11097583:d=2021032500:CLMR:250 mb:6 hour fcst:
 8: 31:11097762:d=2021032500:ICMR:250 mb:6 hour fcst:
 8: + product_functions.sh[10]rc=0
 8: + product_functions.sh[11]((  rc == 0  ))
 8: + product_functions.sh[11]mv pgb2file_f006_9_0p25.new pgb2file_f006_9_0p25
 8: + product_functions.sh[12]return 0
 8: + interp_atmos_master.sh[56]export err=0
 8: + interp_atmos_master.sh[56]err=0
 8: + interp_atmos_master.sh[57][[ 0 -ne 0 ]]
 8: ++ interp_atmos_master.sh[62]wc -l
 8: ++ interp_atmos_master.sh[62]wgrib2 pgb2file_f006_9_0p25 -match 'LAND|ICEC'
 8: + interp_atmos_master.sh[62]var_count=0
 8: + interp_atmos_master.sh[63][[ 0 -eq 2 ]]
 8: + interp_atmos_master.sh[54]for grid in "${grids[@]}"
 8: + interp_atmos_master.sh[55]trim_rh pgb2file_f006_9_0p50
 8: + product_functions.sh[5]local filename=pgb2file_f006_9_0p50
 8: + product_functions.sh[6]wgrib2 pgb2file_f006_9_0p50 -not_if :RH: -grib pgb2file_f006_9_0p50.new -if :RH: -rpn '10:*:0.5:+:floor:1000:min:10:/' -set_grib_type same -set_scaling -1 0 -grib_out pgb2file_f006_9_0p50.new
 8: 1:0:d=2021032500:SNMR:150 mb:6 hour fcst:
 8: 2:1584:d=2021032500:GRLE:150 mb:6 hour fcst:
 8: 3:3835:d=2021032500:O3MR:150 mb:6 hour fcst:
 8: 4:199952:d=2021032500:HGT:200 mb:6 hour fcst:
 8: 5:382091:d=2021032500:TMP:200 mb:6 hour fcst:
 8: 6:531808:d=2021032500:RH:200 mb:6 hour fcst:
 8: 7:658357:d=2021032500:TCDC:200 mb:6 hour fcst:
 8: 8:725715:d=2021032500:SPFH:200 mb:6 hour fcst:
 8: 9:976399:d=2021032500:VVEL:200 mb:6 hour fcst:
 8: 10:1172948:d=2021032500:DZDT:200 mb:6 hour fcst:
 8: 11:1399211:d=2021032500:UGRD:200 mb:6 hour fcst:
 8: 12:1503909:d=2021032500:VGRD:200 mb:6 hour fcst:
 8: 13:1610846:d=2021032500:ABSV:200 mb:6 hour fcst:
 8: 14:1785221:d=2021032500:CLMR:200 mb:6 hour fcst:
 8: 15:1785400:d=2021032500:ICMR:200 mb:6 hour fcst:
 8: 16:1865883:d=2021032500:RWMR:200 mb:6 hour fcst:
 8: 17:1866062:d=2021032500:SNMR:200 mb:6 hour fcst:
 8: 18:1877972:d=2021032500:GRLE:200 mb:6 hour fcst:
 8: 19:1880346:d=2021032500:O3MR:200 mb:6 hour fcst:
 8: 20:2063404:d=2021032500:HGT:250 mb:6 hour fcst:
 8: 21:2253143:d=2021032500:TMP:250 mb:6 hour fcst:
 8: 22:2407844:d=2021032500:RH:250 mb:6 hour fcst:
 8: 23:2552866:d=2021032500:TCDC:250 mb:6 hour fcst:
 8: 24:2648161:d=2021032500:SPFH:250 mb:6 hour fcst:
 8: 25:2895283:d=2021032500:VVEL:250 mb:6 hour fcst:
 8: 26:3109848:d=2021032500:DZDT:250 mb:6 hour fcst:
 8: 27:3345307:d=2021032500:UGRD:250 mb:6 hour fcst:
 8: 28:3456337:d=2021032500:VGRD:250 mb:6 hour fcst:
 8: 29:3573155:d=2021032500:ABSV:250 mb:6 hour fcst:
 8: 30:3764243:d=2021032500:CLMR:250 mb:6 hour fcst:
 8: 31:3764422:d=2021032500:ICMR:250 mb:6 hour fcst:
 8: + product_functions.sh[10]rc=0
 8: + product_functions.sh[11]((  rc == 0  ))
 8: + product_functions.sh[11]mv pgb2file_f006_9_0p50.new pgb2file_f006_9_0p50
 8: + product_functions.sh[12]return 0
 8: + interp_atmos_master.sh[56]export err=0
 8: + interp_atmos_master.sh[56]err=0
 8: + interp_atmos_master.sh[57][[ 0 -ne 0 ]]
 8: ++ interp_atmos_master.sh[62]wc -l
 8: ++ interp_atmos_master.sh[62]wgrib2 pgb2file_f006_9_0p50 -match 'LAND|ICEC'
 8: + interp_atmos_master.sh[62]var_count=0
 8: + interp_atmos_master.sh[63][[ 0 -eq 2 ]]
 8: + interp_atmos_master.sh[54]for grid in "${grids[@]}"
 8: + interp_atmos_master.sh[55]trim_rh pgb2file_f006_9_1p00
 8: + product_functions.sh[5]local filename=pgb2file_f006_9_1p00
 8: + product_functions.sh[6]wgrib2 pgb2file_f006_9_1p00 -not_if :RH: -grib pgb2file_f006_9_1p00.new -if :RH: -rpn '10:*:0.5:+:floor:1000:min:10:/' -set_grib_type same -set_scaling -1 0 -grib_out pgb2file_f006_9_1p00.new
 8: 1:0:d=2021032500:SNMR:150 mb:6 hour fcst:
 8: 2:737:d=2021032500:GRLE:150 mb:6 hour fcst:
 8: 3:1683:d=2021032500:O3MR:150 mb:6 hour fcst:
 8: 4:63360:d=2021032500:HGT:200 mb:6 hour fcst:
 8: 5:120819:d=2021032500:TMP:200 mb:6 hour fcst:
 8: 6:169521:d=2021032500:RH:200 mb:6 hour fcst:
 8: 7:210803:d=2021032500:TCDC:200 mb:6 hour fcst:
 8: 8:233749:d=2021032500:SPFH:200 mb:6 hour fcst:
 8: 9:309489:d=2021032500:VVEL:200 mb:6 hour fcst:
 8: 10:369664:d=2021032500:DZDT:200 mb:6 hour fcst:
 8: 11:437819:d=2021032500:UGRD:200 mb:6 hour fcst:
 8: 12:472511:d=2021032500:VGRD:200 mb:6 hour fcst:
 8: 13:507811:d=2021032500:ABSV:200 mb:6 hour fcst:
 8: 14:563083:d=2021032500:CLMR:200 mb:6 hour fcst:
 8: 15:563262:d=2021032500:ICMR:200 mb:6 hour fcst:
 8: 16:590116:d=2021032500:RWMR:200 mb:6 hour fcst:
 8: 17:590295:d=2021032500:SNMR:200 mb:6 hour fcst:
 8: 18:595100:d=2021032500:GRLE:200 mb:6 hour fcst:
 8: 19:596110:d=2021032500:O3MR:200 mb:6 hour fcst:
 8: 20:654357:d=2021032500:HGT:250 mb:6 hour fcst:
 8: 21:714373:d=2021032500:TMP:250 mb:6 hour fcst:
 8: 22:764982:d=2021032500:RH:250 mb:6 hour fcst:
 8: 23:812224:d=2021032500:TCDC:250 mb:6 hour fcst:
 8: 24:844934:d=2021032500:SPFH:250 mb:6 hour fcst:
 8: 25:919493:d=2021032500:VVEL:250 mb:6 hour fcst:
 8: 26:984770:d=2021032500:DZDT:250 mb:6 hour fcst:
 8: 27:1055591:d=2021032500:UGRD:250 mb:6 hour fcst:
 8: 28:1093084:d=2021032500:VGRD:250 mb:6 hour fcst:
 8: 29:1132399:d=2021032500:ABSV:250 mb:6 hour fcst:
 8: 30:1192682:d=2021032500:CLMR:250 mb:6 hour fcst:
 8: 31:1192861:d=2021032500:ICMR:250 mb:6 hour fcst:
 8: + product_functions.sh[10]rc=0
 8: + product_functions.sh[11]((  rc == 0  ))
 8: + product_functions.sh[11]mv pgb2file_f006_9_1p00.new pgb2file_f006_9_1p00
 8: + product_functions.sh[12]return 0
 8: + interp_atmos_master.sh[56]export err=0
 8: + interp_atmos_master.sh[56]err=0
 8: + interp_atmos_master.sh[57][[ 0 -ne 0 ]]
 8: ++ interp_atmos_master.sh[62]wc -l
 8: ++ interp_atmos_master.sh[62]wgrib2 pgb2file_f006_9_1p00 -match 'LAND|ICEC'
 8: + interp_atmos_master.sh[62]var_count=0
 8: + interp_atmos_master.sh[63][[ 0 -eq 2 ]]
 8: + interp_atmos_master.sh[73]exit 0
11: + bash[8]'[' -z '' ']'
11: + bash[9]case "$-" in
11: + bash[12]__lmod_vx=x
11: + bash[16]'[' -n x ']'
11: + bash[16]set +x
11: Shell debugging temporarily silenced: export LMOD_SH_DBG_ON=1 for this output (/apps/other/lmod/lmod/init/bash)
11: Shell debugging restarted
11: + bash[224]unset __lmod_vx
11: + interp_atmos_master.sh[7]input_file=tmpfile_f006_12
11: + interp_atmos_master.sh[8]output_file_prefix=pgb2file_f006_12
11: + interp_atmos_master.sh[9]grid_string=0p25:0p50:1p00
11: + interp_atmos_master.sh[12]defaults='-set_grib_type same -set_bitmap 1 -set_grib_max_bits 16'
11: + interp_atmos_master.sh[13]interp_winds='-new_grid_winds earth'
11: + interp_atmos_master.sh[14]interp_bilinear='-new_grid_interpolation bilinear'
11: + interp_atmos_master.sh[15]interp_neighbor='-if :(CSNOW|CRAIN|CFRZR|CICEP|ICSEV): -new_grid_interpolation neighbor -fi'
11: + interp_atmos_master.sh[16]interp_budget='-if :(APCP|ACPCP|PRATE|CPRAT|DZDT): -new_grid_interpolation budget -fi'
11: + interp_atmos_master.sh[17]increased_bits='-if :(APCP|ACPCP|PRATE|CPRAT): -set_grib_max_bits 25 -fi'
11: + interp_atmos_master.sh[21]grid0p25='latlon 0:1440:0.25 90:721:-0.25'
11: + interp_atmos_master.sh[23]grid0p50='latlon 0:720:0.5 90:361:-0.5'
11: + interp_atmos_master.sh[25]grid1p00='latlon 0:360:1.0 90:181:-1.0'
11: + interp_atmos_master.sh[28]source /work2/noaa/global/mterry/global-workflow_forked/ush/product_functions.sh
11: + interp_atmos_master.sh[31]IFS=:
11: + interp_atmos_master.sh[31]read -ra grids
11: + interp_atmos_master.sh[33]output_grids=
11: + interp_atmos_master.sh[34]for grid in "${grids[@]}"
11: + interp_atmos_master.sh[35]gridopt=grid0p25
11: + interp_atmos_master.sh[36]output_grids=' -new_grid latlon 0:1440:0.25 90:721:-0.25 pgb2file_f006_12_0p25'
11: + interp_atmos_master.sh[34]for grid in "${grids[@]}"
11: + interp_atmos_master.sh[35]gridopt=grid0p50
11: + interp_atmos_master.sh[36]output_grids=' -new_grid latlon 0:1440:0.25 90:721:-0.25 pgb2file_f006_12_0p25 -new_grid latlon 0:720:0.5 90:361:-0.5 pgb2file_f006_12_0p50'
11: + interp_atmos_master.sh[34]for grid in "${grids[@]}"
11: + interp_atmos_master.sh[35]gridopt=grid1p00
11: + interp_atmos_master.sh[36]output_grids=' -new_grid latlon 0:1440:0.25 90:721:-0.25 pgb2file_f006_12_0p25 -new_grid latlon 0:720:0.5 90:361:-0.5 pgb2file_f006_12_0p50 -new_grid latlon 0:360:1.0 90:181:-1.0 pgb2file_f006_12_1p00'
11: + interp_atmos_master.sh[40]wgrib2 tmpfile_f006_12 -set_grib_type same -set_bitmap 1 -set_grib_max_bits 16 -new_grid_winds earth -new_grid_interpolation bilinear -if ':(CSNOW|CRAIN|CFRZR|CICEP|ICSEV):' -new_grid_interpolation neighbor -fi -if ':(APCP|ACPCP|PRATE|CPRAT|DZDT):' -new_grid_interpolation budget -fi -if ':(APCP|ACPCP|PRATE|CPRAT):' -set_grib_max_bits 25 -fi -new_grid latlon 0:1440:0.25 90:721:-0.25 pgb2file_f006_12_0p25 -new_grid latlon 0:720:0.5 90:361:-0.5 pgb2file_f006_12_0p50 -new_grid latlon 0:360:1.0 90:181:-1.0 pgb2file_f006_12_1p00
11: 1:0:d=2021032500:CLMR:450 mb:6 hour fcst:
11: 2:1233:d=2021032500:ICMR:450 mb:6 hour fcst:
11: 3:19096:d=2021032500:RWMR:450 mb:6 hour fcst:
11: 4:19768:d=2021032500:SNMR:450 mb:6 hour fcst:
11: 5:33212:d=2021032500:GRLE:450 mb:6 hour fcst:
11: 6:34797:d=2021032500:O3MR:450 mb:6 hour fcst:
11: 7:60694:d=2021032500:HGT:500 mb:6 hour fcst:
11: 8:84909:d=2021032500:TMP:500 mb:6 hour fcst:
11: 9:104230:d=2021032500:RH:500 mb:6 hour fcst:
11: 10:124201:d=2021032500:TCDC:500 mb:6 hour fcst:
11: 11:137695:d=2021032500:SPFH:500 mb:6 hour fcst:
11: 12:166705:d=2021032500:VVEL:500 mb:6 hour fcst:
11: 13:192902:d=2021032500:DZDT:500 mb:6 hour fcst:
11: 14:221982:d=2021032500:UGRD:500 mb:6 hour fcst:
11: 15:244058:d=2021032500:VGRD:500 mb:6 hour fcst:
11: 16:266802:d=2021032500:ABSV:500 mb:6 hour fcst:
11: 17:288726:d=2021032500:CLMR:500 mb:6 hour fcst:
11: 18:291212:d=2021032500:ICMR:500 mb:6 hour fcst:
11: 19:309457:d=2021032500:RWMR:500 mb:6 hour fcst:
11: 20:310632:d=2021032500:SNMR:500 mb:6 hour fcst:
11: 21:324515:d=2021032500:GRLE:500 mb:6 hour fcst:
11: 22:326442:d=2021032500:O3MR:500 mb:6 hour fcst:
11: 23:351653:d=2021032500:HGT:550 mb:6 hour fcst:
11: 24:375761:d=2021032500:TMP:550 mb:6 hour fcst:
11: 25:395102:d=2021032500:RH:550 mb:6 hour fcst:
11: 26:415242:d=2021032500:TCDC:550 mb:6 hour fcst:
11: 27:428482:d=2021032500:SPFH:550 mb:6 hour fcst:
11: 28:458413:d=2021032500:VVEL:550 mb:6 hour fcst:
11: 29:484600:d=2021032500:DZDT:550 mb:6 hour fcst:
11: 30:513483:d=2021032500:UGRD:550 mb:6 hour fcst:
11: 31:535347:d=2021032500:VGRD:550 mb:6 hour fcst:
11: + interp_atmos_master.sh[47]export err=0
11: + interp_atmos_master.sh[47]err=0
11: + interp_atmos_master.sh[48][[ 0 -ne 0 ]]
11: + interp_atmos_master.sh[54]for grid in "${grids[@]}"
11: + interp_atmos_master.sh[55]trim_rh pgb2file_f006_12_0p25
11: + product_functions.sh[5]local filename=pgb2file_f006_12_0p25
11: + product_functions.sh[6]wgrib2 pgb2file_f006_12_0p25 -not_if :RH: -grib pgb2file_f006_12_0p25.new -if :RH: -rpn '10:*:0.5:+:floor:1000:min:10:/' -set_grib_type same -set_scaling -1 0 -grib_out pgb2file_f006_12_0p25.new
11: 1:0:d=2021032500:CLMR:450 mb:6 hour fcst:
11: 2:23701:d=2021032500:ICMR:450 mb:6 hour fcst:
11: 3:424316:d=2021032500:RWMR:450 mb:6 hour fcst:
11: 4:433184:d=2021032500:SNMR:450 mb:6 hour fcst:
11: 5:706025:d=2021032500:GRLE:450 mb:6 hour fcst:
11: 6:730156:d=2021032500:O3MR:450 mb:6 hour fcst:
11: 7:1416998:d=2021032500:HGT:500 mb:6 hour fcst:
11: 8:2038909:d=2021032500:TMP:500 mb:6 hour fcst:
11: 9:2478862:d=2021032500:RH:500 mb:6 hour fcst:
11: 10:2945264:d=2021032500:TCDC:500 mb:6 hour fcst:
11: 11:3202792:d=2021032500:SPFH:500 mb:6 hour fcst:
11: 12:3994075:d=2021032500:VVEL:500 mb:6 hour fcst:
11: 13:4714907:d=2021032500:DZDT:500 mb:6 hour fcst:
11: 14:5542836:d=2021032500:UGRD:500 mb:6 hour fcst:
11: 15:6095238:d=2021032500:VGRD:500 mb:6 hour fcst:
11: 16:6673774:d=2021032500:ABSV:500 mb:6 hour fcst:
11: 17:7218610:d=2021032500:CLMR:500 mb:6 hour fcst:
11: 18:7268204:d=2021032500:ICMR:500 mb:6 hour fcst:
11: 19:7681168:d=2021032500:RWMR:500 mb:6 hour fcst:
11: 20:7698649:d=2021032500:SNMR:500 mb:6 hour fcst:
11: 21:7988080:d=2021032500:GRLE:500 mb:6 hour fcst:
11: 22:8019490:d=2021032500:O3MR:500 mb:6 hour fcst:
11: 23:8681554:d=2021032500:HGT:550 mb:6 hour fcst:
11: 24:9296426:d=2021032500:TMP:550 mb:6 hour fcst:
11: 25:9739887:d=2021032500:RH:550 mb:6 hour fcst:
11: 26:10206811:d=2021032500:TCDC:550 mb:6 hour fcst:
11: 27:10457476:d=2021032500:SPFH:550 mb:6 hour fcst:
11: 28:11275999:d=2021032500:VVEL:550 mb:6 hour fcst:
11: 29:11997474:d=2021032500:DZDT:550 mb:6 hour fcst:
11: 30:12814594:d=2021032500:UGRD:550 mb:6 hour fcst:
11: 31:13355459:d=2021032500:VGRD:550 mb:6 hour fcst:
11: + product_functions.sh[10]rc=0
11: + product_functions.sh[11]((  rc == 0  ))
11: + product_functions.sh[11]mv pgb2file_f006_12_0p25.new pgb2file_f006_12_0p25
11: + product_functions.sh[12]return 0
11: + interp_atmos_master.sh[56]export err=0
11: + interp_atmos_master.sh[56]err=0
11: + interp_atmos_master.sh[57][[ 0 -ne 0 ]]
11: ++ interp_atmos_master.sh[62]wc -l
11: ++ interp_atmos_master.sh[62]wgrib2 pgb2file_f006_12_0p25 -match 'LAND|ICEC'
11: + interp_atmos_master.sh[62]var_count=0
11: + interp_atmos_master.sh[63][[ 0 -eq 2 ]]
11: + interp_atmos_master.sh[54]for grid in "${grids[@]}"
11: + interp_atmos_master.sh[55]trim_rh pgb2file_f006_12_0p50
11: + product_functions.sh[5]local filename=pgb2file_f006_12_0p50
11: + product_functions.sh[6]wgrib2 pgb2file_f006_12_0p50 -not_if :RH: -grib pgb2file_f006_12_0p50.new -if :RH: -rpn '10:*:0.5:+:floor:1000:min:10:/' -set_grib_type same -set_scaling -1 0 -grib_out pgb2file_f006_12_0p50.new
11: 1:0:d=2021032500:CLMR:450 mb:6 hour fcst:
11: 2:8979:d=2021032500:ICMR:450 mb:6 hour fcst:
11: 3:153964:d=2021032500:RWMR:450 mb:6 hour fcst:
11: 4:157424:d=2021032500:SNMR:450 mb:6 hour fcst:
11: 5:254081:d=2021032500:GRLE:450 mb:6 hour fcst:
11: 6:263589:d=2021032500:O3MR:450 mb:6 hour fcst:
11: 7:496866:d=2021032500:HGT:500 mb:6 hour fcst:
11: 8:708206:d=2021032500:TMP:500 mb:6 hour fcst:
11: 9:861966:d=2021032500:RH:500 mb:6 hour fcst:
11: 10:1022937:d=2021032500:TCDC:500 mb:6 hour fcst:
11: 11:1121541:d=2021032500:SPFH:500 mb:6 hour fcst:
11: 12:1393941:d=2021032500:VVEL:500 mb:6 hour fcst:
11: 13:1635578:d=2021032500:DZDT:500 mb:6 hour fcst:
11: 14:1904886:d=2021032500:UGRD:500 mb:6 hour fcst:
11: 15:2094006:d=2021032500:VGRD:500 mb:6 hour fcst:
11: 16:2290967:d=2021032500:ABSV:500 mb:6 hour fcst:
11: 17:2476673:d=2021032500:CLMR:500 mb:6 hour fcst:
11: 18:2495553:d=2021032500:ICMR:500 mb:6 hour fcst:
11: 19:2647369:d=2021032500:RWMR:500 mb:6 hour fcst:
11: 20:2654287:d=2021032500:SNMR:500 mb:6 hour fcst:
11: 21:2755538:d=2021032500:GRLE:500 mb:6 hour fcst:
11: 22:2767571:d=2021032500:O3MR:500 mb:6 hour fcst:
11: 23:2991807:d=2021032500:HGT:550 mb:6 hour fcst:
11: 24:3201232:d=2021032500:TMP:550 mb:6 hour fcst:
11: 25:3356309:d=2021032500:RH:550 mb:6 hour fcst:
11: 26:3519463:d=2021032500:TCDC:550 mb:6 hour fcst:
11: 27:3616561:d=2021032500:SPFH:550 mb:6 hour fcst:
11: 28:3903914:d=2021032500:VVEL:550 mb:6 hour fcst:
11: 29:4147120:d=2021032500:DZDT:550 mb:6 hour fcst:
11: 30:4413672:d=2021032500:UGRD:550 mb:6 hour fcst:
11: 31:4599013:d=2021032500:VGRD:550 mb:6 hour fcst:
11: + product_functions.sh[10]rc=0
11: + product_functions.sh[11]((  rc == 0  ))
11: + product_functions.sh[11]mv pgb2file_f006_12_0p50.new pgb2file_f006_12_0p50
11: + product_functions.sh[12]return 0
11: + interp_atmos_master.sh[56]export err=0
11: + interp_atmos_master.sh[56]err=0
11: + interp_atmos_master.sh[57][[ 0 -ne 0 ]]
11: ++ interp_atmos_master.sh[62]wc -l
11: ++ interp_atmos_master.sh[62]wgrib2 pgb2file_f006_12_0p50 -match 'LAND|ICEC'
11: + interp_atmos_master.sh[62]var_count=0
11: + interp_atmos_master.sh[63][[ 0 -eq 2 ]]
11: + interp_atmos_master.sh[54]for grid in "${grids[@]}"
11: + interp_atmos_master.sh[55]trim_rh pgb2file_f006_12_1p00
11: + product_functions.sh[5]local filename=pgb2file_f006_12_1p00
11: + product_functions.sh[6]wgrib2 pgb2file_f006_12_1p00 -not_if :RH: -grib pgb2file_f006_12_1p00.new -if :RH: -rpn '10:*:0.5:+:floor:1000:min:10:/' -set_grib_type same -set_scaling -1 0 -grib_out pgb2file_f006_12_1p00.new
11: 1:0:d=2021032500:CLMR:450 mb:6 hour fcst:
11: 2:3504:d=2021032500:ICMR:450 mb:6 hour fcst:
11: 3:51311:d=2021032500:RWMR:450 mb:6 hour fcst:
11: 4:52841:d=2021032500:SNMR:450 mb:6 hour fcst:
11: 5:86483:d=2021032500:GRLE:450 mb:6 hour fcst:
11: 6:90276:d=2021032500:O3MR:450 mb:6 hour fcst:
11: 7:161767:d=2021032500:HGT:500 mb:6 hour fcst:
11: 8:227823:d=2021032500:TMP:500 mb:6 hour fcst:
11: 9:277707:d=2021032500:RH:500 mb:6 hour fcst:
11: 10:330210:d=2021032500:TCDC:500 mb:6 hour fcst:
11: 11:364983:d=2021032500:SPFH:500 mb:6 hour fcst:
11: 12:446414:d=2021032500:VVEL:500 mb:6 hour fcst:
11: 13:519668:d=2021032500:DZDT:500 mb:6 hour fcst:
11: 14:599774:d=2021032500:UGRD:500 mb:6 hour fcst:
11: 15:659452:d=2021032500:VGRD:500 mb:6 hour fcst:
11: 16:721412:d=2021032500:ABSV:500 mb:6 hour fcst:
11: 17:780679:d=2021032500:CLMR:500 mb:6 hour fcst:
11: 18:787678:d=2021032500:ICMR:500 mb:6 hour fcst:
11: 19:837607:d=2021032500:RWMR:500 mb:6 hour fcst:
11: 20:840538:d=2021032500:SNMR:500 mb:6 hour fcst:
11: 21:875533:d=2021032500:GRLE:500 mb:6 hour fcst:
11: 22:880226:d=2021032500:O3MR:500 mb:6 hour fcst:
11: 23:949486:d=2021032500:HGT:550 mb:6 hour fcst:
11: 24:1015082:d=2021032500:TMP:550 mb:6 hour fcst:
11: 25:1065558:d=2021032500:RH:550 mb:6 hour fcst:
11: 26:1118802:d=2021032500:TCDC:550 mb:6 hour fcst:
11: 27:1152658:d=2021032500:SPFH:550 mb:6 hour fcst:
11: 28:1237439:d=2021032500:VVEL:550 mb:6 hour fcst:
11: 29:1310951:d=2021032500:DZDT:550 mb:6 hour fcst:
11: 30:1390109:d=2021032500:UGRD:550 mb:6 hour fcst:
11: 31:1448956:d=2021032500:VGRD:550 mb:6 hour fcst:
11: + product_functions.sh[10]rc=0
11: + product_functions.sh[11]((  rc == 0  ))
11: + product_functions.sh[11]mv pgb2file_f006_12_1p00.new pgb2file_f006_12_1p00
11: + product_functions.sh[12]return 0
11: + interp_atmos_master.sh[56]export err=0
11: + interp_atmos_master.sh[56]err=0
11: + interp_atmos_master.sh[57][[ 0 -ne 0 ]]
11: ++ interp_atmos_master.sh[62]wc -l
11: ++ interp_atmos_master.sh[62]wgrib2 pgb2file_f006_12_1p00 -match 'LAND|ICEC'
11: + interp_atmos_master.sh[62]var_count=0
11: + interp_atmos_master.sh[63][[ 0 -eq 2 ]]
11: + interp_atmos_master.sh[73]exit 0
16: + bash[8]'[' -z '' ']'
16: + bash[9]case "$-" in
16: + bash[12]__lmod_vx=x
16: + bash[16]'[' -n x ']'
16: + bash[16]set +x
16: Shell debugging temporarily silenced: export LMOD_SH_DBG_ON=1 for this output (/apps/other/lmod/lmod/init/bash)
16: Shell debugging restarted
16: + bash[224]unset __lmod_vx
16: + interp_atmos_master.sh[7]input_file=tmpfile_f006_17
16: + interp_atmos_master.sh[8]output_file_prefix=pgb2file_f006_17
16: + interp_atmos_master.sh[9]grid_string=0p25:0p50:1p00
16: + interp_atmos_master.sh[12]defaults='-set_grib_type same -set_bitmap 1 -set_grib_max_bits 16'
16: + interp_atmos_master.sh[13]interp_winds='-new_grid_winds earth'
16: + interp_atmos_master.sh[14]interp_bilinear='-new_grid_interpolation bilinear'
16: + interp_atmos_master.sh[15]interp_neighbor='-if :(CSNOW|CRAIN|CFRZR|CICEP|ICSEV): -new_grid_interpolation neighbor -fi'
16: + interp_atmos_master.sh[16]interp_budget='-if :(APCP|ACPCP|PRATE|CPRAT|DZDT): -new_grid_interpolation budget -fi'
16: + interp_atmos_master.sh[17]increased_bits='-if :(APCP|ACPCP|PRATE|CPRAT): -set_grib_max_bits 25 -fi'
16: + interp_atmos_master.sh[21]grid0p25='latlon 0:1440:0.25 90:721:-0.25'
16: + interp_atmos_master.sh[23]grid0p50='latlon 0:720:0.5 90:361:-0.5'
16: + interp_atmos_master.sh[25]grid1p00='latlon 0:360:1.0 90:181:-1.0'
16: + interp_atmos_master.sh[28]source /work2/noaa/global/mterry/global-workflow_forked/ush/product_functions.sh
16: + interp_atmos_master.sh[31]IFS=:
16: + interp_atmos_master.sh[31]read -ra grids
16: + interp_atmos_master.sh[33]output_grids=
16: + interp_atmos_master.sh[34]for grid in "${grids[@]}"
16: + interp_atmos_master.sh[35]gridopt=grid0p25
16: + interp_atmos_master.sh[36]output_grids=' -new_grid latlon 0:1440:0.25 90:721:-0.25 pgb2file_f006_17_0p25'
16: + interp_atmos_master.sh[34]for grid in "${grids[@]}"
16: + interp_atmos_master.sh[35]gridopt=grid0p50
16: + interp_atmos_master.sh[36]output_grids=' -new_grid latlon 0:1440:0.25 90:721:-0.25 pgb2file_f006_17_0p25 -new_grid latlon 0:720:0.5 90:361:-0.5 pgb2file_f006_17_0p50'
16: + interp_atmos_master.sh[34]for grid in "${grids[@]}"
16: + interp_atmos_master.sh[35]gridopt=grid1p00
16: + interp_atmos_master.sh[36]output_grids=' -new_grid latlon 0:1440:0.25 90:721:-0.25 pgb2file_f006_17_0p25 -new_grid latlon 0:720:0.5 90:361:-0.5 pgb2file_f006_17_0p50 -new_grid latlon 0:360:1.0 90:181:-1.0 pgb2file_f006_17_1p00'
16: + interp_atmos_master.sh[40]wgrib2 tmpfile_f006_17 -set_grib_type same -set_bitmap 1 -set_grib_max_bits 16 -new_grid_winds earth -new_grid_interpolation bilinear -if ':(CSNOW|CRAIN|CFRZR|CICEP|ICSEV):' -new_grid_interpolation neighbor -fi -if ':(APCP|ACPCP|PRATE|CPRAT|DZDT):' -new_grid_interpolation budget -fi -if ':(APCP|ACPCP|PRATE|CPRAT):' -set_grib_max_bits 25 -fi -new_grid latlon 0:1440:0.25 90:721:-0.25 pgb2file_f006_17_0p25 -new_grid latlon 0:720:0.5 90:361:-0.5 pgb2file_f006_17_0p50 -new_grid latlon 0:360:1.0 90:181:-1.0 pgb2file_f006_17_1p00
16: 1:0:d=2021032500:ABSV:925 mb:6 hour fcst:
16: 2:21556:d=2021032500:CLMR:925 mb:6 hour fcst:
16: 3:31447:d=2021032500:ICMR:925 mb:6 hour fcst:
16: 4:40362:d=2021032500:RWMR:925 mb:6 hour fcst:
16: 5:52204:d=2021032500:SNMR:925 mb:6 hour fcst:
16: 6:63661:d=2021032500:GRLE:925 mb:6 hour fcst:
16: 7:66998:d=2021032500:O3MR:925 mb:6 hour fcst:
16: 8:93497:d=2021032500:HGT:950 mb:6 hour fcst:
16: 9:119160:d=2021032500:TMP:950 mb:6 hour fcst:
16: 10:140472:d=2021032500:RH:950 mb:6 hour fcst:
16: 11:160293:d=2021032500:TCDC:950 mb:6 hour fcst:
16: 12:171609:d=2021032500:SPFH:950 mb:6 hour fcst:
16: 13:199429:d=2021032500:VVEL:950 mb:6 hour fcst:
16: 14:223507:d=2021032500:DZDT:950 mb:6 hour fcst:
16: 15:248599:d=2021032500:UGRD:950 mb:6 hour fcst:
16: 16:270557:d=2021032500:VGRD:950 mb:6 hour fcst:
16: 17:292868:d=2021032500:ABSV:950 mb:6 hour fcst:
16: 18:314424:d=2021032500:CLMR:950 mb:6 hour fcst:
16: 19:321842:d=2021032500:ICMR:950 mb:6 hour fcst:
16: 20:329651:d=2021032500:RWMR:950 mb:6 hour fcst:
16: 21:341539:d=2021032500:SNMR:950 mb:6 hour fcst:
16: 22:352130:d=2021032500:GRLE:950 mb:6 hour fcst:
16: 23:355172:d=2021032500:O3MR:950 mb:6 hour fcst:
16: 24:381651:d=2021032500:HINDEX:surface:6 hour fcst:
16: 25:387020:d=2021032500:HGT:975 mb:6 hour fcst:
16: 26:412868:d=2021032500:TMP:975 mb:6 hour fcst:
16: 27:434039:d=2021032500:RH:975 mb:6 hour fcst:
16: 28:453520:d=2021032500:TCDC:975 mb:6 hour fcst:
16: 29:462888:d=2021032500:SPFH:975 mb:6 hour fcst:
16: 30:490441:d=2021032500:VVEL:975 mb:6 hour fcst:
16: 31:513447:d=2021032500:DZDT:975 mb:6 hour fcst:
16: + interp_atmos_master.sh[47]export err=0
16: + interp_atmos_master.sh[47]err=0
16: + interp_atmos_master.sh[48][[ 0 -ne 0 ]]
16: + interp_atmos_master.sh[54]for grid in "${grids[@]}"
16: + interp_atmos_master.sh[55]trim_rh pgb2file_f006_17_0p25
16: + product_functions.sh[5]local filename=pgb2file_f006_17_0p25
16: + product_functions.sh[6]wgrib2 pgb2file_f006_17_0p25 -not_if :RH: -grib pgb2file_f006_17_0p25.new -if :RH: -rpn '10:*:0.5:+:floor:1000:min:10:/' -set_grib_type same -set_scaling -1 0 -grib_out pgb2file_f006_17_0p25.new
16: 1:0:d=2021032500:ABSV:925 mb:6 hour fcst:
16: 2:525563:d=2021032500:CLMR:925 mb:6 hour fcst:
16: 3:740596:d=2021032500:ICMR:925 mb:6 hour fcst:
16: 4:957755:d=2021032500:RWMR:925 mb:6 hour fcst:
16: 5:1198533:d=2021032500:SNMR:925 mb:6 hour fcst:
16: 6:1470210:d=2021032500:GRLE:925 mb:6 hour fcst:
16: 7:1536253:d=2021032500:O3MR:925 mb:6 hour fcst:
16: 8:2261562:d=2021032500:HGT:950 mb:6 hour fcst:
16: 9:2949379:d=2021032500:TMP:950 mb:6 hour fcst:
16: 10:3456816:d=2021032500:RH:950 mb:6 hour fcst:
16: 11:3909562:d=2021032500:TCDC:950 mb:6 hour fcst:
16: 12:4135118:d=2021032500:SPFH:950 mb:6 hour fcst:
16: 13:4888090:d=2021032500:VVEL:950 mb:6 hour fcst:
16: 14:5521783:d=2021032500:DZDT:950 mb:6 hour fcst:
16: 15:6188977:d=2021032500:UGRD:950 mb:6 hour fcst:
16: 16:6729285:d=2021032500:VGRD:950 mb:6 hour fcst:
16: 17:7284005:d=2021032500:ABSV:950 mb:6 hour fcst:
16: 18:7807623:d=2021032500:CLMR:950 mb:6 hour fcst:
16: 19:7974800:d=2021032500:ICMR:950 mb:6 hour fcst:
16: 20:8162840:d=2021032500:RWMR:950 mb:6 hour fcst:
16: 21:8406830:d=2021032500:SNMR:950 mb:6 hour fcst:
16: 22:8650776:d=2021032500:GRLE:950 mb:6 hour fcst:
16: 23:8710791:d=2021032500:O3MR:950 mb:6 hour fcst:
16: 24:9433532:d=2021032500:HINDEX:surface:6 hour fcst:
16: 25:9619500:d=2021032500:HGT:975 mb:6 hour fcst:
16: 26:10313887:d=2021032500:TMP:975 mb:6 hour fcst:
16: 27:10814783:d=2021032500:RH:975 mb:6 hour fcst:
16: 28:11252834:d=2021032500:TCDC:975 mb:6 hour fcst:
16: 29:11434209:d=2021032500:SPFH:975 mb:6 hour fcst:
16: 30:12182677:d=2021032500:VVEL:975 mb:6 hour fcst:
16: 31:12763220:d=2021032500:DZDT:975 mb:6 hour fcst:
16: + product_functions.sh[10]rc=0
16: + product_functions.sh[11]((  rc == 0  ))
16: + product_functions.sh[11]mv pgb2file_f006_17_0p25.new pgb2file_f006_17_0p25
16: + product_functions.sh[12]return 0
16: + interp_atmos_master.sh[56]export err=0
16: + interp_atmos_master.sh[56]err=0
16: + interp_atmos_master.sh[57][[ 0 -ne 0 ]]
16: ++ interp_atmos_master.sh[62]wc -l
16: ++ interp_atmos_master.sh[62]wgrib2 pgb2file_f006_17_0p25 -match 'LAND|ICEC'
16: + interp_atmos_master.sh[62]var_count=0
16: + interp_atmos_master.sh[63][[ 0 -eq 2 ]]
16: + interp_atmos_master.sh[54]for grid in "${grids[@]}"
16: + interp_atmos_master.sh[55]trim_rh pgb2file_f006_17_0p50
16: + product_functions.sh[5]local filename=pgb2file_f006_17_0p50
16: + product_functions.sh[6]wgrib2 pgb2file_f006_17_0p50 -not_if :RH: -grib pgb2file_f006_17_0p50.new -if :RH: -rpn '10:*:0.5:+:floor:1000:min:10:/' -set_grib_type same -set_scaling -1 0 -grib_out pgb2file_f006_17_0p50.new
16: 1:0:d=2021032500:ABSV:925 mb:6 hour fcst:
16: 2:181110:d=2021032500:CLMR:925 mb:6 hour fcst:
16: 3:262344:d=2021032500:ICMR:925 mb:6 hour fcst:
16: 4:338709:d=2021032500:RWMR:925 mb:6 hour fcst:
16: 5:423625:d=2021032500:SNMR:925 mb:6 hour fcst:
16: 6:519837:d=2021032500:GRLE:925 mb:6 hour fcst:
16: 7:544142:d=2021032500:O3MR:925 mb:6 hour fcst:
16: 8:789783:d=2021032500:HGT:950 mb:6 hour fcst:
16: 9:1019613:d=2021032500:TMP:950 mb:6 hour fcst:
16: 10:1195179:d=2021032500:RH:950 mb:6 hour fcst:
16: 11:1353961:d=2021032500:TCDC:950 mb:6 hour fcst:
16: 12:1438920:d=2021032500:SPFH:950 mb:6 hour fcst:
16: 13:1694408:d=2021032500:VVEL:950 mb:6 hour fcst:
16: 14:1907636:d=2021032500:DZDT:950 mb:6 hour fcst:
16: 15:2129535:d=2021032500:UGRD:950 mb:6 hour fcst:
16: 16:2315444:d=2021032500:VGRD:950 mb:6 hour fcst:
16: 17:2505778:d=2021032500:ABSV:950 mb:6 hour fcst:
16: 18:2686653:d=2021032500:CLMR:950 mb:6 hour fcst:
16: 19:2747959:d=2021032500:ICMR:950 mb:6 hour fcst:
16: 20:2813461:d=2021032500:RWMR:950 mb:6 hour fcst:
16: 21:2899612:d=2021032500:SNMR:950 mb:6 hour fcst:
16: 22:2987417:d=2021032500:GRLE:950 mb:6 hour fcst:
16: 23:3009571:d=2021032500:O3MR:950 mb:6 hour fcst:
16: 24:3253169:d=2021032500:HINDEX:surface:6 hour fcst:
16: 25:3305527:d=2021032500:HGT:975 mb:6 hour fcst:
16: 26:3539544:d=2021032500:TMP:975 mb:6 hour fcst:
16: 27:3712591:d=2021032500:RH:975 mb:6 hour fcst:
16: 28:3866322:d=2021032500:TCDC:975 mb:6 hour fcst:
16: 29:3934659:d=2021032500:SPFH:975 mb:6 hour fcst:
16: 30:4188062:d=2021032500:VVEL:975 mb:6 hour fcst:
16: 31:4386559:d=2021032500:DZDT:975 mb:6 hour fcst:
16: + product_functions.sh[10]rc=0
16: + product_functions.sh[11]((  rc == 0  ))
16: + product_functions.sh[11]mv pgb2file_f006_17_0p50.new pgb2file_f006_17_0p50
16: + product_functions.sh[12]return 0
16: + interp_atmos_master.sh[56]export err=0
16: + interp_atmos_master.sh[56]err=0
16: + interp_atmos_master.sh[57][[ 0 -ne 0 ]]
16: ++ interp_atmos_master.sh[62]wc -l
16: ++ interp_atmos_master.sh[62]wgrib2 pgb2file_f006_17_0p50 -match 'LAND|ICEC'
16: + interp_atmos_master.sh[62]var_count=0
16: + interp_atmos_master.sh[63][[ 0 -eq 2 ]]
16: + interp_atmos_master.sh[54]for grid in "${grids[@]}"
16: + interp_atmos_master.sh[55]trim_rh pgb2file_f006_17_1p00
16: + product_functions.sh[5]local filename=pgb2file_f006_17_1p00
16: + product_functions.sh[6]wgrib2 pgb2file_f006_17_1p00 -not_if :RH: -grib pgb2file_f006_17_1p00.new -if :RH: -rpn '10:*:0.5:+:floor:1000:min:10:/' -set_grib_type same -set_scaling -1 0 -grib_out pgb2file_f006_17_1p00.new
16: 1:0:d=2021032500:ABSV:925 mb:6 hour fcst:
16: 2:57661:d=2021032500:CLMR:925 mb:6 hour fcst:
16: 3:85081:d=2021032500:ICMR:925 mb:6 hour fcst:
16: 4:109560:d=2021032500:RWMR:925 mb:6 hour fcst:
16: 5:140090:d=2021032500:SNMR:925 mb:6 hour fcst:
16: 6:171395:d=2021032500:GRLE:925 mb:6 hour fcst:
16: 7:180330:d=2021032500:O3MR:925 mb:6 hour fcst:
16: 8:254840:d=2021032500:HGT:950 mb:6 hour fcst:
16: 9:326009:d=2021032500:TMP:950 mb:6 hour fcst:
16: 10:382553:d=2021032500:RH:950 mb:6 hour fcst:
16: 11:434074:d=2021032500:TCDC:950 mb:6 hour fcst:
16: 12:464029:d=2021032500:SPFH:950 mb:6 hour fcst:
16: 13:540845:d=2021032500:VVEL:950 mb:6 hour fcst:
16: 14:607066:d=2021032500:DZDT:950 mb:6 hour fcst:
16: 15:675514:d=2021032500:UGRD:950 mb:6 hour fcst:
16: 16:734657:d=2021032500:VGRD:950 mb:6 hour fcst:
16: 17:795479:d=2021032500:ABSV:950 mb:6 hour fcst:
16: 18:853140:d=2021032500:CLMR:950 mb:6 hour fcst:
16: 19:873801:d=2021032500:ICMR:950 mb:6 hour fcst:
16: 20:895119:d=2021032500:RWMR:950 mb:6 hour fcst:
16: 21:925896:d=2021032500:SNMR:950 mb:6 hour fcst:
16: 22:954831:d=2021032500:GRLE:950 mb:6 hour fcst:
16: 23:963019:d=2021032500:O3MR:950 mb:6 hour fcst:
16: 24:1037410:d=2021032500:HINDEX:surface:6 hour fcst:
16: 25:1052620:d=2021032500:HGT:975 mb:6 hour fcst:
16: 26:1124497:d=2021032500:TMP:975 mb:6 hour fcst:
16: 27:1180402:d=2021032500:RH:975 mb:6 hour fcst:
16: 28:1230630:d=2021032500:TCDC:975 mb:6 hour fcst:
16: 29:1255110:d=2021032500:SPFH:975 mb:6 hour fcst:
16: 30:1331100:d=2021032500:VVEL:975 mb:6 hour fcst:
16: 31:1393534:d=2021032500:DZDT:975 mb:6 hour fcst:
16: + product_functions.sh[10]rc=0
16: + product_functions.sh[11]((  rc == 0  ))
16: + product_functions.sh[11]mv pgb2file_f006_17_1p00.new pgb2file_f006_17_1p00
16: + product_functions.sh[12]return 0
16: + interp_atmos_master.sh[56]export err=0
16: + interp_atmos_master.sh[56]err=0
16: + interp_atmos_master.sh[57][[ 0 -ne 0 ]]
16: ++ interp_atmos_master.sh[62]wc -l
16: ++ interp_atmos_master.sh[62]wgrib2 pgb2file_f006_17_1p00 -match 'LAND|ICEC'
16: + interp_atmos_master.sh[62]var_count=0
16: + interp_atmos_master.sh[63][[ 0 -eq 2 ]]
16: + interp_atmos_master.sh[73]exit 0
21: + bash[8]'[' -z '' ']'
21: + bash[9]case "$-" in
21: + bash[12]__lmod_vx=x
21: + bash[16]'[' -n x ']'
21: + bash[16]set +x
21: Shell debugging temporarily silenced: export LMOD_SH_DBG_ON=1 for this output (/apps/other/lmod/lmod/init/bash)
21: Shell debugging restarted
21: + bash[224]unset __lmod_vx
21: + interp_atmos_master.sh[7]input_file=tmpfile_f006_22
21: + interp_atmos_master.sh[8]output_file_prefix=pgb2file_f006_22
21: + interp_atmos_master.sh[9]grid_string=0p25:0p50:1p00
21: + interp_atmos_master.sh[12]defaults='-set_grib_type same -set_bitmap 1 -set_grib_max_bits 16'
21: + interp_atmos_master.sh[13]interp_winds='-new_grid_winds earth'
21: + interp_atmos_master.sh[14]interp_bilinear='-new_grid_interpolation bilinear'
21: + interp_atmos_master.sh[15]interp_neighbor='-if :(CSNOW|CRAIN|CFRZR|CICEP|ICSEV): -new_grid_interpolation neighbor -fi'
21: + interp_atmos_master.sh[16]interp_budget='-if :(APCP|ACPCP|PRATE|CPRAT|DZDT): -new_grid_interpolation budget -fi'
21: + interp_atmos_master.sh[17]increased_bits='-if :(APCP|ACPCP|PRATE|CPRAT): -set_grib_max_bits 25 -fi'
21: + interp_atmos_master.sh[21]grid0p25='latlon 0:1440:0.25 90:721:-0.25'
21: + interp_atmos_master.sh[23]grid0p50='latlon 0:720:0.5 90:361:-0.5'
21: + interp_atmos_master.sh[25]grid1p00='latlon 0:360:1.0 90:181:-1.0'
21: + interp_atmos_master.sh[28]source /work2/noaa/global/mterry/global-workflow_forked/ush/product_functions.sh
21: + interp_atmos_master.sh[31]IFS=:
21: + interp_atmos_master.sh[31]read -ra grids
21: + interp_atmos_master.sh[33]output_grids=
21: + interp_atmos_master.sh[34]for grid in "${grids[@]}"
21: + interp_atmos_master.sh[35]gridopt=grid0p25
21: + interp_atmos_master.sh[36]output_grids=' -new_grid latlon 0:1440:0.25 90:721:-0.25 pgb2file_f006_22_0p25'
21: + interp_atmos_master.sh[34]for grid in "${grids[@]}"
21: + interp_atmos_master.sh[35]gridopt=grid0p50
21: + interp_atmos_master.sh[36]output_grids=' -new_grid latlon 0:1440:0.25 90:721:-0.25 pgb2file_f006_22_0p25 -new_grid latlon 0:720:0.5 90:361:-0.5 pgb2file_f006_22_0p50'
21: + interp_atmos_master.sh[34]for grid in "${grids[@]}"
21: + interp_atmos_master.sh[35]gridopt=grid1p00
21: + interp_atmos_master.sh[36]output_grids=' -new_grid latlon 0:1440:0.25 90:721:-0.25 pgb2file_f006_22_0p25 -new_grid latlon 0:720:0.5 90:361:-0.5 pgb2file_f006_22_0p50 -new_grid latlon 0:360:1.0 90:181:-1.0 pgb2file_f006_22_1p00'
21: + interp_atmos_master.sh[40]wgrib2 tmpfile_f006_22 -set_grib_type same -set_bitmap 1 -set_grib_max_bits 16 -new_grid_winds earth -new_grid_interpolation bilinear -if ':(CSNOW|CRAIN|CFRZR|CICEP|ICSEV):' -new_grid_interpolation neighbor -fi -if ':(APCP|ACPCP|PRATE|CPRAT|DZDT):' -new_grid_interpolation budget -fi -if ':(APCP|ACPCP|PRATE|CPRAT):' -set_grib_max_bits 25 -fi -new_grid latlon 0:1440:0.25 90:721:-0.25 pgb2file_f006_22_0p25 -new_grid latlon 0:720:0.5 90:361:-0.5 pgb2file_f006_22_0p50 -new_grid latlon 0:360:1.0 90:181:-1.0 pgb2file_f006_22_1p00
21: 1:0:d=2021032500:DLWRF:surface:0-6 hour ave fcst:
21: 2:21917:d=2021032500:USWRF:surface:0-6 hour ave fcst:
21: 3:43345:d=2021032500:ULWRF:surface:0-6 hour ave fcst:
21: 4:62157:d=2021032500:USWRF:top of atmosphere:0-6 hour ave fcst:
21: 5:84573:d=2021032500:ULWRF:top of atmosphere:0-6 hour ave fcst:
21: 6:105841:d=2021032500:AOTK:entire atmosphere:6 hour fcst:aerosol=Total Aerosol:aerosol_size <2e-05:aerosol_wavelength >=5.45e-07,<=5.55e-07
21: 7:132950:d=2021032500:AOTK:entire atmosphere:6 hour fcst:aerosol=Dust Dry:aerosol_size <2e-05:aerosol_wavelength >=5.45e-07,<=5.55e-07
21: 8:151108:d=2021032500:AOTK:entire atmosphere:6 hour fcst:aerosol=Sea Salt Dry:aerosol_size <2e-05:aerosol_wavelength >=5.45e-07,<=5.55e-07
21: 9:179080:d=2021032500:AOTK:entire atmosphere:6 hour fcst:aerosol=Sulphate Dry:aerosol_size <2e-05:aerosol_wavelength >=5.45e-07,<=5.55e-07
21: 10:202833:d=2021032500:AOTK:entire atmosphere:6 hour fcst:aerosol=Particulate Organic Matter Dry:aerosol_size <2e-05:aerosol_wavelength >=5.45e-07,<=5.55e-07
21: 11:226458:d=2021032500:AOTK:entire atmosphere:6 hour fcst:aerosol=Black Carbon Dry:aerosol_size <2e-05:aerosol_wavelength >=5.45e-07,<=5.55e-07
21: 12:249025:d=2021032500:HLCY:3000-0 m above ground:6 hour fcst:
21: 13:273389:d=2021032500:HLCY:1000-0 m above ground:6 hour fcst:
21: 14:296185:d=2021032500:USTM:6000-0 m above ground:6 hour fcst:
21: 15:320081:d=2021032500:VSTM:6000-0 m above ground:6 hour fcst:
21: 16:343416:d=2021032500:PRES:tropopause:6 hour fcst:
21: 17:373499:d=2021032500:ICAHT:tropopause:6 hour fcst:
21: 18:404683:d=2021032500:HGT:tropopause:6 hour fcst:
21: 19:433349:d=2021032500:TMP:tropopause:6 hour fcst:
21: 20:455713:d=2021032500:UGRD:tropopause:6 hour fcst:
21: 21:472268:d=2021032500:VGRD:tropopause:6 hour fcst:
21: 22:488869:d=2021032500:VWSH:tropopause:6 hour fcst:
21: 23:508216:d=2021032500:PRES:max wind:6 hour fcst:
21: 24:543295:d=2021032500:ICAHT:max wind:6 hour fcst:
21: 25:579104:d=2021032500:HGT:max wind:6 hour fcst:
21: 26:615099:d=2021032500:UGRD:max wind:6 hour fcst:
21: 27:632323:d=2021032500:VGRD:max wind:6 hour fcst:
21: 28:650498:d=2021032500:TMP:max wind:6 hour fcst:
21: 29:677893:d=2021032500:UGRD:20 m above ground:6 hour fcst:
21: 30:698712:d=2021032500:VGRD:20 m above ground:6 hour fcst:
21: 31:719864:d=2021032500:UGRD:30 m above ground:6 hour fcst:
21: 32:740910:d=2021032500:VGRD:30 m above ground:6 hour fcst:
21: + interp_atmos_master.sh[47]export err=0
21: + interp_atmos_master.sh[47]err=0
21: + interp_atmos_master.sh[48][[ 0 -ne 0 ]]
21: + interp_atmos_master.sh[54]for grid in "${grids[@]}"
21: + interp_atmos_master.sh[55]trim_rh pgb2file_f006_22_0p25
21: + product_functions.sh[5]local filename=pgb2file_f006_22_0p25
21: + product_functions.sh[6]wgrib2 pgb2file_f006_22_0p25 -not_if :RH: -grib pgb2file_f006_22_0p25.new -if :RH: -rpn '10:*:0.5:+:floor:1000:min:10:/' -set_grib_type same -set_scaling -1 0 -grib_out pgb2file_f006_22_0p25.new
21: 1:0:d=2021032500:DLWRF:surface:0-6 hour ave fcst:
21: 2:535265:d=2021032500:USWRF:surface:0-6 hour ave fcst:
21: 3:1089624:d=2021032500:ULWRF:surface:0-6 hour ave fcst:
21: 4:1515353:d=2021032500:USWRF:top of atmosphere:0-6 hour ave fcst:
21: 5:2083282:d=2021032500:ULWRF:top of atmosphere:0-6 hour ave fcst:
21: 6:2606845:d=2021032500:AOTK:entire atmosphere:6 hour fcst:aerosol=Total Aerosol:aerosol_size <2e-05:aerosol_wavelength >=5.45e-07,<=5.55e-07
21: 7:3336556:d=2021032500:AOTK:entire atmosphere:6 hour fcst:aerosol=Dust Dry:aerosol_size <2e-05:aerosol_wavelength >=5.45e-07,<=5.55e-07
21: 8:3782246:d=2021032500:AOTK:entire atmosphere:6 hour fcst:aerosol=Sea Salt Dry:aerosol_size <2e-05:aerosol_wavelength >=5.45e-07,<=5.55e-07
21: 9:4539269:d=2021032500:AOTK:entire atmosphere:6 hour fcst:aerosol=Sulphate Dry:aerosol_size <2e-05:aerosol_wavelength >=5.45e-07,<=5.55e-07
21: 10:5146577:d=2021032500:AOTK:entire atmosphere:6 hour fcst:aerosol=Particulate Organic Matter Dry:aerosol_size <2e-05:aerosol_wavelength >=5.45e-07,<=5.55e-07
21: 11:5744172:d=2021032500:AOTK:entire atmosphere:6 hour fcst:aerosol=Black Carbon Dry:aerosol_size <2e-05:aerosol_wavelength >=5.45e-07,<=5.55e-07
21: 12:6311427:d=2021032500:HLCY:3000-0 m above ground:6 hour fcst:
21: 13:6934191:d=2021032500:HLCY:1000-0 m above ground:6 hour fcst:
21: 14:7499113:d=2021032500:USTM:6000-0 m above ground:6 hour fcst:
21: 15:8097029:d=2021032500:VSTM:6000-0 m above ground:6 hour fcst:
21: 16:8686374:d=2021032500:PRES:tropopause:6 hour fcst:
21: 17:9500293:d=2021032500:ICAHT:tropopause:6 hour fcst:
21: 18:10363062:d=2021032500:HGT:tropopause:6 hour fcst:
21: 19:11126048:d=2021032500:TMP:tropopause:6 hour fcst:
21: 20:11666680:d=2021032500:UGRD:tropopause:6 hour fcst:
21: 21:12030869:d=2021032500:VGRD:tropopause:6 hour fcst:
21: 22:12391835:d=2021032500:VWSH:tropopause:6 hour fcst:
21: 23:12828441:d=2021032500:PRES:max wind:6 hour fcst:
21: 24:13732317:d=2021032500:ICAHT:max wind:6 hour fcst:
21: 25:14646640:d=2021032500:HGT:max wind:6 hour fcst:
21: 26:15565356:d=2021032500:UGRD:max wind:6 hour fcst:
21: 27:15942615:d=2021032500:VGRD:max wind:6 hour fcst:
21: 28:16338101:d=2021032500:TMP:max wind:6 hour fcst:
21: 29:17023897:d=2021032500:UGRD:20 m above ground:6 hour fcst:
21: 30:17533539:d=2021032500:VGRD:20 m above ground:6 hour fcst:
21: 31:18057681:d=2021032500:UGRD:30 m above ground:6 hour fcst:
21: 32:18575102:d=2021032500:VGRD:30 m above ground:6 hour fcst:
21: + product_functions.sh[10]rc=0
21: + product_functions.sh[11]((  rc == 0  ))
21: + product_functions.sh[11]mv pgb2file_f006_22_0p25.new pgb2file_f006_22_0p25
21: + product_functions.sh[12]return 0
21: + interp_atmos_master.sh[56]export err=0
21: + interp_atmos_master.sh[56]err=0
21: + interp_atmos_master.sh[57][[ 0 -ne 0 ]]
21: ++ interp_atmos_master.sh[62]wc -l
21: ++ interp_atmos_master.sh[62]wgrib2 pgb2file_f006_22_0p25 -match 'LAND|ICEC'
21: + interp_atmos_master.sh[62]var_count=0
21: + interp_atmos_master.sh[63][[ 0 -eq 2 ]]
21: + interp_atmos_master.sh[54]for grid in "${grids[@]}"
21: + interp_atmos_master.sh[55]trim_rh pgb2file_f006_22_0p50
21: + product_functions.sh[5]local filename=pgb2file_f006_22_0p50
21: + product_functions.sh[6]wgrib2 pgb2file_f006_22_0p50 -not_if :RH: -grib pgb2file_f006_22_0p50.new -if :RH: -rpn '10:*:0.5:+:floor:1000:min:10:/' -set_grib_type same -set_scaling -1 0 -grib_out pgb2file_f006_22_0p50.new
21: 1:0:d=2021032500:DLWRF:surface:0-6 hour ave fcst:
21: 2:184217:d=2021032500:USWRF:surface:0-6 hour ave fcst:
21: 3:372148:d=2021032500:ULWRF:surface:0-6 hour ave fcst:
21: 4:517085:d=2021032500:USWRF:top of atmosphere:0-6 hour ave fcst:
21: 5:720543:d=2021032500:ULWRF:top of atmosphere:0-6 hour ave fcst:
21: 6:899706:d=2021032500:AOTK:entire atmosphere:6 hour fcst:aerosol=Total Aerosol:aerosol_size <2e-05:aerosol_wavelength >=5.45e-07,<=5.55e-07
21: 7:1146138:d=2021032500:AOTK:entire atmosphere:6 hour fcst:aerosol=Dust Dry:aerosol_size <2e-05:aerosol_wavelength >=5.45e-07,<=5.55e-07
21: 8:1292786:d=2021032500:AOTK:entire atmosphere:6 hour fcst:aerosol=Sea Salt Dry:aerosol_size <2e-05:aerosol_wavelength >=5.45e-07,<=5.55e-07
21: 9:1550954:d=2021032500:AOTK:entire atmosphere:6 hour fcst:aerosol=Sulphate Dry:aerosol_size <2e-05:aerosol_wavelength >=5.45e-07,<=5.55e-07
21: 10:1754222:d=2021032500:AOTK:entire atmosphere:6 hour fcst:aerosol=Particulate Organic Matter Dry:aerosol_size <2e-05:aerosol_wavelength >=5.45e-07,<=5.55e-07
21: 11:1955210:d=2021032500:AOTK:entire atmosphere:6 hour fcst:aerosol=Black Carbon Dry:aerosol_size <2e-05:aerosol_wavelength >=5.45e-07,<=5.55e-07
21: 12:2147931:d=2021032500:HLCY:3000-0 m above ground:6 hour fcst:
21: 13:2362240:d=2021032500:HLCY:1000-0 m above ground:6 hour fcst:
21: 14:2555701:d=2021032500:USTM:6000-0 m above ground:6 hour fcst:
21: 15:2761692:d=2021032500:VSTM:6000-0 m above ground:6 hour fcst:
21: 16:2964423:d=2021032500:PRES:tropopause:6 hour fcst:
21: 17:3242165:d=2021032500:ICAHT:tropopause:6 hour fcst:
21: 18:3535613:d=2021032500:HGT:tropopause:6 hour fcst:
21: 19:3795203:d=2021032500:TMP:tropopause:6 hour fcst:
21: 20:3979822:d=2021032500:UGRD:tropopause:6 hour fcst:
21: 21:4103411:d=2021032500:VGRD:tropopause:6 hour fcst:
21: 22:4226294:d=2021032500:VWSH:tropopause:6 hour fcst:
21: 23:4378617:d=2021032500:PRES:max wind:6 hour fcst:
21: 24:4715073:d=2021032500:ICAHT:max wind:6 hour fcst:
21: 25:5060930:d=2021032500:HGT:max wind:6 hour fcst:
21: 26:5408075:d=2021032500:UGRD:max wind:6 hour fcst:
21: 27:5537096:d=2021032500:VGRD:max wind:6 hour fcst:
21: 28:5675669:d=2021032500:TMP:max wind:6 hour fcst:
21: 29:5918446:d=2021032500:UGRD:20 m above ground:6 hour fcst:
21: 30:6092211:d=2021032500:VGRD:20 m above ground:6 hour fcst:
21: 31:6271832:d=2021032500:UGRD:30 m above ground:6 hour fcst:
21: 32:6448387:d=2021032500:VGRD:30 m above ground:6 hour fcst:
21: + product_functions.sh[10]rc=0
21: + product_functions.sh[11]((  rc == 0  ))
21: + product_functions.sh[11]mv pgb2file_f006_22_0p50.new pgb2file_f006_22_0p50
21: + product_functions.sh[12]return 0
21: + interp_atmos_master.sh[56]export err=0
21: + interp_atmos_master.sh[56]err=0
21: + interp_atmos_master.sh[57][[ 0 -ne 0 ]]
21: ++ interp_atmos_master.sh[62]wc -l
21: ++ interp_atmos_master.sh[62]wgrib2 pgb2file_f006_22_0p50 -match 'LAND|ICEC'
21: + interp_atmos_master.sh[62]var_count=0
21: + interp_atmos_master.sh[63][[ 0 -eq 2 ]]
21: + interp_atmos_master.sh[54]for grid in "${grids[@]}"
21: + interp_atmos_master.sh[55]trim_rh pgb2file_f006_22_1p00
21: + product_functions.sh[5]local filename=pgb2file_f006_22_1p00
21: + product_functions.sh[6]wgrib2 pgb2file_f006_22_1p00 -not_if :RH: -grib pgb2file_f006_22_1p00.new -if :RH: -rpn '10:*:0.5:+:floor:1000:min:10:/' -set_grib_type same -set_scaling -1 0 -grib_out pgb2file_f006_22_1p00.new
21: 1:0:d=2021032500:DLWRF:surface:0-6 hour ave fcst:
21: 2:58674:d=2021032500:USWRF:surface:0-6 hour ave fcst:
21: 3:116822:d=2021032500:ULWRF:surface:0-6 hour ave fcst:
21: 4:164983:d=2021032500:USWRF:top of atmosphere:0-6 hour ave fcst:
21: 5:226888:d=2021032500:ULWRF:top of atmosphere:0-6 hour ave fcst:
21: 6:283930:d=2021032500:AOTK:entire atmosphere:6 hour fcst:aerosol=Total Aerosol:aerosol_size <2e-05:aerosol_wavelength >=5.45e-07,<=5.55e-07
21: 7:358698:d=2021032500:AOTK:entire atmosphere:6 hour fcst:aerosol=Dust Dry:aerosol_size <2e-05:aerosol_wavelength >=5.45e-07,<=5.55e-07
21: 8:405465:d=2021032500:AOTK:entire atmosphere:6 hour fcst:aerosol=Sea Salt Dry:aerosol_size <2e-05:aerosol_wavelength >=5.45e-07,<=5.55e-07
21: 9:483349:d=2021032500:AOTK:entire atmosphere:6 hour fcst:aerosol=Sulphate Dry:aerosol_size <2e-05:aerosol_wavelength >=5.45e-07,<=5.55e-07
21: 10:547088:d=2021032500:AOTK:entire atmosphere:6 hour fcst:aerosol=Particulate Organic Matter Dry:aerosol_size <2e-05:aerosol_wavelength >=5.45e-07,<=5.55e-07
21: 11:610466:d=2021032500:AOTK:entire atmosphere:6 hour fcst:aerosol=Black Carbon Dry:aerosol_size <2e-05:aerosol_wavelength >=5.45e-07,<=5.55e-07
21: 12:671064:d=2021032500:HLCY:3000-0 m above ground:6 hour fcst:
21: 13:737762:d=2021032500:HLCY:1000-0 m above ground:6 hour fcst:
21: 14:799320:d=2021032500:USTM:6000-0 m above ground:6 hour fcst:
21: 15:864373:d=2021032500:VSTM:6000-0 m above ground:6 hour fcst:
21: 16:928424:d=2021032500:PRES:tropopause:6 hour fcst:
21: 17:1013637:d=2021032500:ICAHT:tropopause:6 hour fcst:
21: 18:1102304:d=2021032500:HGT:tropopause:6 hour fcst:
21: 19:1182029:d=2021032500:TMP:tropopause:6 hour fcst:
21: 20:1241475:d=2021032500:UGRD:tropopause:6 hour fcst:
21: 21:1282872:d=2021032500:VGRD:tropopause:6 hour fcst:
21: 22:1324392:d=2021032500:VWSH:tropopause:6 hour fcst:
21: 23:1373828:d=2021032500:PRES:max wind:6 hour fcst:
21: 24:1475036:d=2021032500:ICAHT:max wind:6 hour fcst:
21: 25:1578130:d=2021032500:HGT:max wind:6 hour fcst:
21: 26:1681779:d=2021032500:UGRD:max wind:6 hour fcst:
21: 27:1725268:d=2021032500:VGRD:max wind:6 hour fcst:
21: 28:1772154:d=2021032500:TMP:max wind:6 hour fcst:
21: 29:1848054:d=2021032500:UGRD:20 m above ground:6 hour fcst:
21: 30:1903774:d=2021032500:VGRD:20 m above ground:6 hour fcst:
21: 31:1961149:d=2021032500:UGRD:30 m above ground:6 hour fcst:
21: 32:2017650:d=2021032500:VGRD:30 m above ground:6 hour fcst:
21: + product_functions.sh[10]rc=0
21: + product_functions.sh[11]((  rc == 0  ))
21: + product_functions.sh[11]mv pgb2file_f006_22_1p00.new pgb2file_f006_22_1p00
21: + product_functions.sh[12]return 0
21: + interp_atmos_master.sh[56]export err=0
21: + interp_atmos_master.sh[56]err=0
21: + interp_atmos_master.sh[57][[ 0 -ne 0 ]]
21: ++ interp_atmos_master.sh[62]wc -l
21: ++ interp_atmos_master.sh[62]wgrib2 pgb2file_f006_22_1p00 -match 'LAND|ICEC'
21: + interp_atmos_master.sh[62]var_count=0
21: + interp_atmos_master.sh[63][[ 0 -eq 2 ]]
21: + interp_atmos_master.sh[73]exit 0
 4: + bash[8]'[' -z '' ']'
 4: + bash[9]case "$-" in
 4: + bash[12]__lmod_vx=x
 4: + bash[16]'[' -n x ']'
 4: + bash[16]set +x
 4: Shell debugging temporarily silenced: export LMOD_SH_DBG_ON=1 for this output (/apps/other/lmod/lmod/init/bash)
 4: Shell debugging restarted
 4: + bash[224]unset __lmod_vx
 4: + interp_atmos_master.sh[7]input_file=tmpfile_f006_5
 4: + interp_atmos_master.sh[8]output_file_prefix=pgb2file_f006_5
 4: + interp_atmos_master.sh[9]grid_string=0p25:0p50:1p00
 4: + interp_atmos_master.sh[12]defaults='-set_grib_type same -set_bitmap 1 -set_grib_max_bits 16'
 4: + interp_atmos_master.sh[13]interp_winds='-new_grid_winds earth'
 4: + interp_atmos_master.sh[14]interp_bilinear='-new_grid_interpolation bilinear'
 4: + interp_atmos_master.sh[15]interp_neighbor='-if :(CSNOW|CRAIN|CFRZR|CICEP|ICSEV): -new_grid_interpolation neighbor -fi'
 4: + interp_atmos_master.sh[16]interp_budget='-if :(APCP|ACPCP|PRATE|CPRAT|DZDT): -new_grid_interpolation budget -fi'
 4: + interp_atmos_master.sh[17]increased_bits='-if :(APCP|ACPCP|PRATE|CPRAT): -set_grib_max_bits 25 -fi'
 4: + interp_atmos_master.sh[21]grid0p25='latlon 0:1440:0.25 90:721:-0.25'
 4: + interp_atmos_master.sh[23]grid0p50='latlon 0:720:0.5 90:361:-0.5'
 4: + interp_atmos_master.sh[25]grid1p00='latlon 0:360:1.0 90:181:-1.0'
 4: + interp_atmos_master.sh[28]source /work2/noaa/global/mterry/global-workflow_forked/ush/product_functions.sh
 4: + interp_atmos_master.sh[31]IFS=:
 4: + interp_atmos_master.sh[31]read -ra grids
 4: + interp_atmos_master.sh[33]output_grids=
 4: + interp_atmos_master.sh[34]for grid in "${grids[@]}"
 4: + interp_atmos_master.sh[35]gridopt=grid0p25
 4: + interp_atmos_master.sh[36]output_grids=' -new_grid latlon 0:1440:0.25 90:721:-0.25 pgb2file_f006_5_0p25'
 4: + interp_atmos_master.sh[34]for grid in "${grids[@]}"
 4: + interp_atmos_master.sh[35]gridopt=grid0p50
 4: + interp_atmos_master.sh[36]output_grids=' -new_grid latlon 0:1440:0.25 90:721:-0.25 pgb2file_f006_5_0p25 -new_grid latlon 0:720:0.5 90:361:-0.5 pgb2file_f006_5_0p50'
 4: + interp_atmos_master.sh[34]for grid in "${grids[@]}"
 4: + interp_atmos_master.sh[35]gridopt=grid1p00
 4: + interp_atmos_master.sh[36]output_grids=' -new_grid latlon 0:1440:0.25 90:721:-0.25 pgb2file_f006_5_0p25 -new_grid latlon 0:720:0.5 90:361:-0.5 pgb2file_f006_5_0p50 -new_grid latlon 0:360:1.0 90:181:-1.0 pgb2file_f006_5_1p00'
 4: + interp_atmos_master.sh[40]wgrib2 tmpfile_f006_5 -set_grib_type same -set_bitmap 1 -set_grib_max_bits 16 -new_grid_winds earth -new_grid_interpolation bilinear -if ':(CSNOW|CRAIN|CFRZR|CICEP|ICSEV):' -new_grid_interpolation neighbor -fi -if ':(APCP|ACPCP|PRATE|CPRAT|DZDT):' -new_grid_interpolation budget -fi -if ':(APCP|ACPCP|PRATE|CPRAT):' -set_grib_max_bits 25 -fi -new_grid latlon 0:1440:0.25 90:721:-0.25 pgb2file_f006_5_0p25 -new_grid latlon 0:720:0.5 90:361:-0.5 pgb2file_f006_5_0p50 -new_grid latlon 0:360:1.0 90:181:-1.0 pgb2file_f006_5_1p00
 4: 1:0:d=2021032500:TMP:5 mb:6 hour fcst:
 4: 2:16208:d=2021032500:RH:5 mb:6 hour fcst:
 4: 3:25750:d=2021032500:SPFH:5 mb:6 hour fcst:
 4: 4:48686:d=2021032500:VVEL:5 mb:6 hour fcst:
 4: 5:73196:d=2021032500:DZDT:5 mb:6 hour fcst:
 4: 6:100041:d=2021032500:UGRD:5 mb:6 hour fcst:
 4: 7:111227:d=2021032500:VGRD:5 mb:6 hour fcst:
 4: 8:129205:d=2021032500:ABSV:5 mb:6 hour fcst:
 4: 9:145206:d=2021032500:O3MR:5 mb:6 hour fcst:
 4: 10:167315:d=2021032500:HGT:7 mb:6 hour fcst:
 4: 11:185248:d=2021032500:TMP:7 mb:6 hour fcst:
 4: 12:201507:d=2021032500:RH:7 mb:6 hour fcst:
 4: 13:207975:d=2021032500:SPFH:7 mb:6 hour fcst:
 4: 14:231105:d=2021032500:VVEL:7 mb:6 hour fcst:
 4: 15:256333:d=2021032500:DZDT:7 mb:6 hour fcst:
 4: 16:282724:d=2021032500:UGRD:7 mb:6 hour fcst:
 4: 17:294146:d=2021032500:VGRD:7 mb:6 hour fcst:
 4: 18:312263:d=2021032500:ABSV:7 mb:6 hour fcst:
 4: 19:329037:d=2021032500:O3MR:7 mb:6 hour fcst:
 4: 20:346854:d=2021032500:HGT:10 mb:6 hour fcst:
 4: 21:367030:d=2021032500:TMP:10 mb:6 hour fcst:
 4: 22:383126:d=2021032500:RH:10 mb:6 hour fcst:
 4: 23:391504:d=2021032500:SPFH:10 mb:6 hour fcst:
 4: 24:414624:d=2021032500:VVEL:10 mb:6 hour fcst:
 4: 25:440982:d=2021032500:DZDT:10 mb:6 hour fcst:
 4: 26:467079:d=2021032500:UGRD:10 mb:6 hour fcst:
 4: 27:478296:d=2021032500:VGRD:10 mb:6 hour fcst:
 4: 28:496757:d=2021032500:ABSV:10 mb:6 hour fcst:
 4: 29:514026:d=2021032500:O3MR:10 mb:6 hour fcst:
 4: 30:532765:d=2021032500:HGT:15 mb:6 hour fcst:
 4: 31:552811:d=2021032500:TMP:15 mb:6 hour fcst:
 4: + interp_atmos_master.sh[47]export err=0
 4: + interp_atmos_master.sh[47]err=0
 4: + interp_atmos_master.sh[48][[ 0 -ne 0 ]]
 4: + interp_atmos_master.sh[54]for grid in "${grids[@]}"
 4: + interp_atmos_master.sh[55]trim_rh pgb2file_f006_5_0p25
 4: + product_functions.sh[5]local filename=pgb2file_f006_5_0p25
 4: + product_functions.sh[6]wgrib2 pgb2file_f006_5_0p25 -not_if :RH: -grib pgb2file_f006_5_0p25.new -if :RH: -rpn '10:*:0.5:+:floor:1000:min:10:/' -set_grib_type same -set_scaling -1 0 -grib_out pgb2file_f006_5_0p25.new
 4: 1:0:d=2021032500:TMP:5 mb:6 hour fcst:
 4: 2:369776:d=2021032500:RH:5 mb:6 hour fcst:
 4: 3:625707:d=2021032500:SPFH:5 mb:6 hour fcst:
 4: 4:1185847:d=2021032500:VVEL:5 mb:6 hour fcst:
 4: 5:1847872:d=2021032500:DZDT:5 mb:6 hour fcst:
 4: 6:2606308:d=2021032500:UGRD:5 mb:6 hour fcst:
 4: 7:3055758:d=2021032500:VGRD:5 mb:6 hour fcst:
 4: 8:3465220:d=2021032500:ABSV:5 mb:6 hour fcst:
 4: 9:3807717:d=2021032500:O3MR:5 mb:6 hour fcst:
 4: 10:4349375:d=2021032500:HGT:7 mb:6 hour fcst:
 4: 11:4761660:d=2021032500:TMP:7 mb:6 hour fcst:
 4: 12:5122620:d=2021032500:RH:7 mb:6 hour fcst:
 4: 13:5321008:d=2021032500:SPFH:7 mb:6 hour fcst:
 4: 14:5882226:d=2021032500:VVEL:7 mb:6 hour fcst:
 4: 15:6568621:d=2021032500:DZDT:7 mb:6 hour fcst:
 4: 16:7306291:d=2021032500:UGRD:7 mb:6 hour fcst:
 4: 17:7752899:d=2021032500:VGRD:7 mb:6 hour fcst:
 4: 18:8167196:d=2021032500:ABSV:7 mb:6 hour fcst:
 4: 19:8526015:d=2021032500:O3MR:7 mb:6 hour fcst:
 4: 20:8924741:d=2021032500:HGT:10 mb:6 hour fcst:
 4: 21:9415207:d=2021032500:TMP:10 mb:6 hour fcst:
 4: 22:9771996:d=2021032500:RH:10 mb:6 hour fcst:
 4: 23:10011529:d=2021032500:SPFH:10 mb:6 hour fcst:
 4: 24:10574348:d=2021032500:VVEL:10 mb:6 hour fcst:
 4: 25:11304391:d=2021032500:DZDT:10 mb:6 hour fcst:
 4: 26:12030983:d=2021032500:UGRD:10 mb:6 hour fcst:
 4: 27:12477789:d=2021032500:VGRD:10 mb:6 hour fcst:
 4: 28:12905553:d=2021032500:ABSV:10 mb:6 hour fcst:
 4: 29:13281103:d=2021032500:O3MR:10 mb:6 hour fcst:
 4: 30:13709153:d=2021032500:HGT:15 mb:6 hour fcst:
 4: 31:14190299:d=2021032500:TMP:15 mb:6 hour fcst:
 4: + product_functions.sh[10]rc=0
 4: + product_functions.sh[11]((  rc == 0  ))
 4: + product_functions.sh[11]mv pgb2file_f006_5_0p25.new pgb2file_f006_5_0p25
 4: + product_functions.sh[12]return 0
 4: + interp_atmos_master.sh[56]export err=0
 4: + interp_atmos_master.sh[56]err=0
 4: + interp_atmos_master.sh[57][[ 0 -ne 0 ]]
 4: ++ interp_atmos_master.sh[62]wc -l
 4: ++ interp_atmos_master.sh[62]wgrib2 pgb2file_f006_5_0p25 -match 'LAND|ICEC'
 4: + interp_atmos_master.sh[62]var_count=0
 4: + interp_atmos_master.sh[63][[ 0 -eq 2 ]]
 4: + interp_atmos_master.sh[54]for grid in "${grids[@]}"
 4: + interp_atmos_master.sh[55]trim_rh pgb2file_f006_5_0p50
 4: + product_functions.sh[5]local filename=pgb2file_f006_5_0p50
 4: + product_functions.sh[6]wgrib2 pgb2file_f006_5_0p50 -not_if :RH: -grib pgb2file_f006_5_0p50.new -if :RH: -rpn '10:*:0.5:+:floor:1000:min:10:/' -set_grib_type same -set_scaling -1 0 -grib_out pgb2file_f006_5_0p50.new
 4: 1:0:d=2021032500:TMP:5 mb:6 hour fcst:
 4: 2:125696:d=2021032500:RH:5 mb:6 hour fcst:
 4: 3:195684:d=2021032500:SPFH:5 mb:6 hour fcst:
 4: 4:385673:d=2021032500:VVEL:5 mb:6 hour fcst:
 4: 5:610300:d=2021032500:DZDT:5 mb:6 hour fcst:
 4: 6:858526:d=2021032500:UGRD:5 mb:6 hour fcst:
 4: 7:1014678:d=2021032500:VGRD:5 mb:6 hour fcst:
 4: 8:1155846:d=2021032500:ABSV:5 mb:6 hour fcst:
 4: 9:1273426:d=2021032500:O3MR:5 mb:6 hour fcst:
 4: 10:1458761:d=2021032500:HGT:7 mb:6 hour fcst:
 4: 11:1598648:d=2021032500:TMP:7 mb:6 hour fcst:
 4: 12:1722080:d=2021032500:RH:7 mb:6 hour fcst:
 4: 13:1782994:d=2021032500:SPFH:7 mb:6 hour fcst:
 4: 14:1974901:d=2021032500:VVEL:7 mb:6 hour fcst:
 4: 15:2209032:d=2021032500:DZDT:7 mb:6 hour fcst:
 4: 16:2451671:d=2021032500:UGRD:7 mb:6 hour fcst:
 4: 17:2606989:d=2021032500:VGRD:7 mb:6 hour fcst:
 4: 18:2750237:d=2021032500:ABSV:7 mb:6 hour fcst:
 4: 19:2874280:d=2021032500:O3MR:7 mb:6 hour fcst:
 4: 20:3010627:d=2021032500:HGT:10 mb:6 hour fcst:
 4: 21:3177080:d=2021032500:TMP:10 mb:6 hour fcst:
 4: 22:3299590:d=2021032500:RH:10 mb:6 hour fcst:
 4: 23:3366344:d=2021032500:SPFH:10 mb:6 hour fcst:
 4: 24:3558700:d=2021032500:VVEL:10 mb:6 hour fcst:
 4: 25:3807440:d=2021032500:DZDT:10 mb:6 hour fcst:
 4: 26:4045819:d=2021032500:UGRD:10 mb:6 hour fcst:
 4: 27:4200582:d=2021032500:VGRD:10 mb:6 hour fcst:
 4: 28:4347088:d=2021032500:ABSV:10 mb:6 hour fcst:
 4: 29:4477189:d=2021032500:O3MR:10 mb:6 hour fcst:
 4: 30:4623551:d=2021032500:HGT:15 mb:6 hour fcst:
 4: 31:4786718:d=2021032500:TMP:15 mb:6 hour fcst:
 4: + product_functions.sh[10]rc=0
 4: + product_functions.sh[11]((  rc == 0  ))
 4: + product_functions.sh[11]mv pgb2file_f006_5_0p50.new pgb2file_f006_5_0p50
 4: + product_functions.sh[12]return 0
 4: + interp_atmos_master.sh[56]export err=0
 4: + interp_atmos_master.sh[56]err=0
 4: + interp_atmos_master.sh[57][[ 0 -ne 0 ]]
 4: ++ interp_atmos_master.sh[62]wc -l
 4: ++ interp_atmos_master.sh[62]wgrib2 pgb2file_f006_5_0p50 -match 'LAND|ICEC'
 4: + interp_atmos_master.sh[62]var_count=0
 4: + interp_atmos_master.sh[63][[ 0 -eq 2 ]]
 4: + interp_atmos_master.sh[54]for grid in "${grids[@]}"
 4: + interp_atmos_master.sh[55]trim_rh pgb2file_f006_5_1p00
 4: + product_functions.sh[5]local filename=pgb2file_f006_5_1p00
 4: + product_functions.sh[6]wgrib2 pgb2file_f006_5_1p00 -not_if :RH: -grib pgb2file_f006_5_1p00.new -if :RH: -rpn '10:*:0.5:+:floor:1000:min:10:/' -set_grib_type same -set_scaling -1 0 -grib_out pgb2file_f006_5_1p00.new
 4: 1:0:d=2021032500:TMP:5 mb:6 hour fcst:
 4: 2:41186:d=2021032500:RH:5 mb:6 hour fcst:
 4: 3:63006:d=2021032500:SPFH:5 mb:6 hour fcst:
 4: 4:123547:d=2021032500:VVEL:5 mb:6 hour fcst:
 4: 5:191792:d=2021032500:DZDT:5 mb:6 hour fcst:
 4: 6:265991:d=2021032500:UGRD:5 mb:6 hour fcst:
 4: 7:316668:d=2021032500:VGRD:5 mb:6 hour fcst:
 4: 8:363027:d=2021032500:ABSV:5 mb:6 hour fcst:
 4: 9:402652:d=2021032500:O3MR:5 mb:6 hour fcst:
 4: 10:461417:d=2021032500:HGT:7 mb:6 hour fcst:
 4: 11:506996:d=2021032500:TMP:7 mb:6 hour fcst:
 4: 12:547996:d=2021032500:RH:7 mb:6 hour fcst:
 4: 13:565241:d=2021032500:SPFH:7 mb:6 hour fcst:
 4: 14:626112:d=2021032500:VVEL:7 mb:6 hour fcst:
 4: 15:696996:d=2021032500:DZDT:7 mb:6 hour fcst:
 4: 16:769523:d=2021032500:UGRD:7 mb:6 hour fcst:
 4: 17:820138:d=2021032500:VGRD:7 mb:6 hour fcst:
 4: 18:867306:d=2021032500:ABSV:7 mb:6 hour fcst:
 4: 19:908889:d=2021032500:O3MR:7 mb:6 hour fcst:
 4: 20:954203:d=2021032500:HGT:10 mb:6 hour fcst:
 4: 21:1007341:d=2021032500:TMP:10 mb:6 hour fcst:
 4: 22:1047911:d=2021032500:RH:10 mb:6 hour fcst:
 4: 23:1067650:d=2021032500:SPFH:10 mb:6 hour fcst:
 4: 24:1129434:d=2021032500:VVEL:10 mb:6 hour fcst:
 4: 25:1203749:d=2021032500:DZDT:10 mb:6 hour fcst:
 4: 26:1275522:d=2021032500:UGRD:10 mb:6 hour fcst:
 4: 27:1326053:d=2021032500:VGRD:10 mb:6 hour fcst:
 4: 28:1374124:d=2021032500:ABSV:10 mb:6 hour fcst:
 4: 29:1417640:d=2021032500:O3MR:10 mb:6 hour fcst:
 4: 30:1465690:d=2021032500:HGT:15 mb:6 hour fcst:
 4: 31:1517904:d=2021032500:TMP:15 mb:6 hour fcst:
 4: + product_functions.sh[10]rc=0
 4: + product_functions.sh[11]((  rc == 0  ))
 4: + product_functions.sh[11]mv pgb2file_f006_5_1p00.new pgb2file_f006_5_1p00
 4: + product_functions.sh[12]return 0
 4: + interp_atmos_master.sh[56]export err=0
 4: + interp_atmos_master.sh[56]err=0
 4: + interp_atmos_master.sh[57][[ 0 -ne 0 ]]
 4: ++ interp_atmos_master.sh[62]wc -l
 4: ++ interp_atmos_master.sh[62]wgrib2 pgb2file_f006_5_1p00 -match 'LAND|ICEC'
 4: + interp_atmos_master.sh[62]var_count=0
 4: + interp_atmos_master.sh[63][[ 0 -eq 2 ]]
 4: + interp_atmos_master.sh[73]exit 0
23: + bash[8]'[' -z '' ']'
23: + bash[9]case "$-" in
23: + bash[12]__lmod_vx=x
23: + bash[16]'[' -n x ']'
23: + bash[16]set +x
23: Shell debugging temporarily silenced: export LMOD_SH_DBG_ON=1 for this output (/apps/other/lmod/lmod/init/bash)
23: Shell debugging restarted
23: + bash[224]unset __lmod_vx
23: + interp_atmos_master.sh[7]input_file=tmpfile_f006_24
23: + interp_atmos_master.sh[8]output_file_prefix=pgb2file_f006_24
23: + interp_atmos_master.sh[9]grid_string=0p25:0p50:1p00
23: + interp_atmos_master.sh[12]defaults='-set_grib_type same -set_bitmap 1 -set_grib_max_bits 16'
23: + interp_atmos_master.sh[13]interp_winds='-new_grid_winds earth'
23: + interp_atmos_master.sh[14]interp_bilinear='-new_grid_interpolation bilinear'
23: + interp_atmos_master.sh[15]interp_neighbor='-if :(CSNOW|CRAIN|CFRZR|CICEP|ICSEV): -new_grid_interpolation neighbor -fi'
23: + interp_atmos_master.sh[16]interp_budget='-if :(APCP|ACPCP|PRATE|CPRAT|DZDT): -new_grid_interpolation budget -fi'
23: + interp_atmos_master.sh[17]increased_bits='-if :(APCP|ACPCP|PRATE|CPRAT): -set_grib_max_bits 25 -fi'
23: + interp_atmos_master.sh[21]grid0p25='latlon 0:1440:0.25 90:721:-0.25'
23: + interp_atmos_master.sh[23]grid0p50='latlon 0:720:0.5 90:361:-0.5'
23: + interp_atmos_master.sh[25]grid1p00='latlon 0:360:1.0 90:181:-1.0'
23: + interp_atmos_master.sh[28]source /work2/noaa/global/mterry/global-workflow_forked/ush/product_functions.sh
23: + interp_atmos_master.sh[31]IFS=:
23: + interp_atmos_master.sh[31]read -ra grids
23: + interp_atmos_master.sh[33]output_grids=
23: + interp_atmos_master.sh[34]for grid in "${grids[@]}"
23: + interp_atmos_master.sh[35]gridopt=grid0p25
23: + interp_atmos_master.sh[36]output_grids=' -new_grid latlon 0:1440:0.25 90:721:-0.25 pgb2file_f006_24_0p25'
23: + interp_atmos_master.sh[34]for grid in "${grids[@]}"
23: + interp_atmos_master.sh[35]gridopt=grid0p50
23: + interp_atmos_master.sh[36]output_grids=' -new_grid latlon 0:1440:0.25 90:721:-0.25 pgb2file_f006_24_0p25 -new_grid latlon 0:720:0.5 90:361:-0.5 pgb2file_f006_24_0p50'
23: + interp_atmos_master.sh[34]for grid in "${grids[@]}"
23: + interp_atmos_master.sh[35]gridopt=grid1p00
23: + interp_atmos_master.sh[36]output_grids=' -new_grid latlon 0:1440:0.25 90:721:-0.25 pgb2file_f006_24_0p25 -new_grid latlon 0:720:0.5 90:361:-0.5 pgb2file_f006_24_0p50 -new_grid latlon 0:360:1.0 90:181:-1.0 pgb2file_f006_24_1p00'
23: + interp_atmos_master.sh[40]wgrib2 tmpfile_f006_24 -set_grib_type same -set_bitmap 1 -set_grib_max_bits 16 -new_grid_winds earth -new_grid_interpolation bilinear -if ':(CSNOW|CRAIN|CFRZR|CICEP|ICSEV):' -new_grid_interpolation neighbor -fi -if ':(APCP|ACPCP|PRATE|CPRAT|DZDT):' -new_grid_interpolation budget -fi -if ':(APCP|ACPCP|PRATE|CPRAT):' -set_grib_max_bits 25 -fi -new_grid latlon 0:1440:0.25 90:721:-0.25 pgb2file_f006_24_0p25 -new_grid latlon 0:720:0.5 90:361:-0.5 pgb2file_f006_24_0p50 -new_grid latlon 0:360:1.0 90:181:-1.0 pgb2file_f006_24_1p00
23: 1:0:d=2021032500:CAPE:180-0 mb above ground:6 hour fcst:
23: 2:13988:d=2021032500:CIN:180-0 mb above ground:6 hour fcst:
23: 3:28982:d=2021032500:HPBL:surface:6 hour fcst:
23: 4:60198:d=2021032500:RH:0.33-1 sigma layer:6 hour fcst:
23: 5:78772:d=2021032500:RH:0.44-1 sigma layer:6 hour fcst:
23: 6:97019:d=2021032500:RH:0.72-0.94 sigma layer:6 hour fcst:
23: 7:115784:d=2021032500:RH:0.44-0.72 sigma layer:6 hour fcst:
23: 8:135335:d=2021032500:TMP:0.995 sigma level:6 hour fcst:
23: 9:156404:d=2021032500:POT:0.995 sigma level:6 hour fcst:
23: 10:177440:d=2021032500:RH:0.995 sigma level:6 hour fcst:
23: 11:195791:d=2021032500:UGRD:0.995 sigma level:6 hour fcst:
23: 12:217101:d=2021032500:VGRD:0.995 sigma level:6 hour fcst:
23: 13:238901:d=2021032500:VVEL:0.995 sigma level:6 hour fcst:
23: 14:259977:d=2021032500:CAPE:90-0 mb above ground:6 hour fcst:
23: 15:272696:d=2021032500:CIN:90-0 mb above ground:6 hour fcst:
23: 16:282664:d=2021032500:CAPE:255-0 mb above ground:6 hour fcst:
23: 17:295972:d=2021032500:CIN:255-0 mb above ground:6 hour fcst:
23: 18:308602:d=2021032500:PLPL:255-0 mb above ground:6 hour fcst:
23: 19:333522:d=2021032500:LAND:surface:6 hour fcst:
23: 20:335449:d=2021032500:ICEC:surface:6 hour fcst:
23: 21:340869:d=2021032500:ALBDO:surface:0-6 hour ave fcst:
23: 22:360911:d=2021032500:ICETMP:surface:6 hour fcst:
23: 23:368423:d=2021032500:UGRD:PV=2e-06 (Km^2/kg/s) surface:6 hour fcst:
23: 24:379492:d=2021032500:VGRD:PV=2e-06 (Km^2/kg/s) surface:6 hour fcst:
23: 25:390655:d=2021032500:TMP:PV=2e-06 (Km^2/kg/s) surface:6 hour fcst:
23: 26:405422:d=2021032500:HGT:PV=2e-06 (Km^2/kg/s) surface:6 hour fcst:
23: 27:423310:d=2021032500:PRES:PV=2e-06 (Km^2/kg/s) surface:6 hour fcst:
23: 28:442234:d=2021032500:VWSH:PV=2e-06 (Km^2/kg/s) surface:6 hour fcst:
23: 29:454687:d=2021032500:UGRD:PV=-2e-06 (Km^2/kg/s) surface:6 hour fcst:
23: 30:466037:d=2021032500:VGRD:PV=-2e-06 (Km^2/kg/s) surface:6 hour fcst:
23: 31:477363:d=2021032500:TMP:PV=-2e-06 (Km^2/kg/s) surface:6 hour fcst:
23: 32:492322:d=2021032500:HGT:PV=-2e-06 (Km^2/kg/s) surface:6 hour fcst:
23: 33:510293:d=2021032500:PRES:PV=-2e-06 (Km^2/kg/s) surface:6 hour fcst:
23: 34:527785:d=2021032500:VWSH:PV=-2e-06 (Km^2/kg/s) surface:6 hour fcst:
23: + interp_atmos_master.sh[47]export err=0
23: + interp_atmos_master.sh[47]err=0
23: + interp_atmos_master.sh[48][[ 0 -ne 0 ]]
23: + interp_atmos_master.sh[54]for grid in "${grids[@]}"
23: + interp_atmos_master.sh[55]trim_rh pgb2file_f006_24_0p25
23: + product_functions.sh[5]local filename=pgb2file_f006_24_0p25
23: + product_functions.sh[6]wgrib2 pgb2file_f006_24_0p25 -not_if :RH: -grib pgb2file_f006_24_0p25.new -if :RH: -rpn '10:*:0.5:+:floor:1000:min:10:/' -set_grib_type same -set_scaling -1 0 -grib_out pgb2file_f006_24_0p25.new
23: 1:0:d=2021032500:CAPE:180-0 mb above ground:6 hour fcst:
23: 2:301768:d=2021032500:CIN:180-0 mb above ground:6 hour fcst:
23: 3:616406:d=2021032500:HPBL:surface:6 hour fcst:
23: 4:1473302:d=2021032500:RH:0.33-1 sigma layer:6 hour fcst:
23: 5:1894408:d=2021032500:RH:0.44-1 sigma layer:6 hour fcst:
23: 6:2298698:d=2021032500:RH:0.72-0.94 sigma layer:6 hour fcst:
23: 7:2724420:d=2021032500:RH:0.44-0.72 sigma layer:6 hour fcst:
23: 8:3173286:d=2021032500:TMP:0.995 sigma level:6 hour fcst:
23: 9:3669875:d=2021032500:POT:0.995 sigma level:6 hour fcst:
23: 10:4171404:d=2021032500:RH:0.995 sigma level:6 hour fcst:
23: 11:4574051:d=2021032500:UGRD:0.995 sigma level:6 hour fcst:
23: 12:5101181:d=2021032500:VGRD:0.995 sigma level:6 hour fcst:
23: 13:5641236:d=2021032500:VVEL:0.995 sigma level:6 hour fcst:
23: 14:6142561:d=2021032500:CAPE:90-0 mb above ground:6 hour fcst:
23: 15:6404553:d=2021032500:CIN:90-0 mb above ground:6 hour fcst:
23: 16:6592096:d=2021032500:CAPE:255-0 mb above ground:6 hour fcst:
23: 17:6893253:d=2021032500:CIN:255-0 mb above ground:6 hour fcst:
23: 18:7161522:d=2021032500:PLPL:255-0 mb above ground:6 hour fcst:
23: 19:7742475:d=2021032500:LAND:surface:6 hour fcst:
23: 20:7762134:d=2021032500:ICEC:surface:6 hour fcst:
23: 21:7858984:d=2021032500:ALBDO:surface:0-6 hour ave fcst:
23: 22:8315339:d=2021032500:ICETMP:surface:6 hour fcst:
23: 23:8559721:d=2021032500:UGRD:PV=2e-06 (Km^2/kg/s) surface:6 hour fcst:
23: 24:8886563:d=2021032500:VGRD:PV=2e-06 (Km^2/kg/s) surface:6 hour fcst:
23: 25:9210690:d=2021032500:TMP:PV=2e-06 (Km^2/kg/s) surface:6 hour fcst:
23: 26:9651512:d=2021032500:HGT:PV=2e-06 (Km^2/kg/s) surface:6 hour fcst:
23: 27:10217448:d=2021032500:PRES:PV=2e-06 (Km^2/kg/s) surface:6 hour fcst:
23: 28:10804248:d=2021032500:VWSH:PV=2e-06 (Km^2/kg/s) surface:6 hour fcst:
23: 29:11167809:d=2021032500:UGRD:PV=-2e-06 (Km^2/kg/s) surface:6 hour fcst:
23: 30:11499990:d=2021032500:VGRD:PV=-2e-06 (Km^2/kg/s) surface:6 hour fcst:
23: 31:11830073:d=2021032500:TMP:PV=-2e-06 (Km^2/kg/s) surface:6 hour fcst:
23: 32:12281730:d=2021032500:HGT:PV=-2e-06 (Km^2/kg/s) surface:6 hour fcst:
23: 33:12858699:d=2021032500:PRES:PV=-2e-06 (Km^2/kg/s) surface:6 hour fcst:
23: 34:13413043:d=2021032500:VWSH:PV=-2e-06 (Km^2/kg/s) surface:6 hour fcst:
23: + product_functions.sh[10]rc=0
23: + product_functions.sh[11]((  rc == 0  ))
23: + product_functions.sh[11]mv pgb2file_f006_24_0p25.new pgb2file_f006_24_0p25
23: + product_functions.sh[12]return 0
23: + interp_atmos_master.sh[56]export err=0
23: + interp_atmos_master.sh[56]err=0
23: + interp_atmos_master.sh[57][[ 0 -ne 0 ]]
23: ++ interp_atmos_master.sh[62]wc -l
23: ++ interp_atmos_master.sh[62]wgrib2 pgb2file_f006_24_0p25 -match 'LAND|ICEC'
23: + interp_atmos_master.sh[62]var_count=2
23: + interp_atmos_master.sh[63][[ 2 -eq 2 ]]
23: + interp_atmos_master.sh[64]mod_icec pgb2file_f006_24_0p25
23: + product_functions.sh[17]local filename=pgb2file_f006_24_0p25
23: + product_functions.sh[18]wgrib2 pgb2file_f006_24_0p25 -if LAND -rpn sto_1 -fi -if ICEC -rpn 'rcl_1:0:==:*' -fi -set_grib_type same -set_scaling same same -grib_out pgb2file_f006_24_0p25.new
23: 1:0:d=2021032500:CAPE:180-0 mb above ground:6 hour fcst:
23: 2:301768:d=2021032500:CIN:180-0 mb above ground:6 hour fcst:
23: 3:616406:d=2021032500:HPBL:surface:6 hour fcst:
23: 4:1473302:d=2021032500:RH:0.33-1 sigma layer:6 hour fcst:
23: 5:1894408:d=2021032500:RH:0.44-1 sigma layer:6 hour fcst:
23: 6:2298698:d=2021032500:RH:0.72-0.94 sigma layer:6 hour fcst:
23: 7:2724420:d=2021032500:RH:0.44-0.72 sigma layer:6 hour fcst:
23: 8:3173286:d=2021032500:TMP:0.995 sigma level:6 hour fcst:
23: 9:3669875:d=2021032500:POT:0.995 sigma level:6 hour fcst:
23: 10:4171404:d=2021032500:RH:0.995 sigma level:6 hour fcst:
23: 11:4574051:d=2021032500:UGRD:0.995 sigma level:6 hour fcst:
23: 12:5101181:d=2021032500:VGRD:0.995 sigma level:6 hour fcst:
23: 13:5641236:d=2021032500:VVEL:0.995 sigma level:6 hour fcst:
23: 14:6142561:d=2021032500:CAPE:90-0 mb above ground:6 hour fcst:
23: 15:6404553:d=2021032500:CIN:90-0 mb above ground:6 hour fcst:
23: 16:6592096:d=2021032500:CAPE:255-0 mb above ground:6 hour fcst:
23: 17:6893253:d=2021032500:CIN:255-0 mb above ground:6 hour fcst:
23: 18:7161522:d=2021032500:PLPL:255-0 mb above ground:6 hour fcst:
23: 19:7742475:d=2021032500:LAND:surface:6 hour fcst:
23: 20:7762134:d=2021032500:ICEC:surface:6 hour fcst:
23: 21:7858984:d=2021032500:ALBDO:surface:0-6 hour ave fcst:
23: 22:8315339:d=2021032500:ICETMP:surface:6 hour fcst:
23: 23:8559721:d=2021032500:UGRD:PV=2e-06 (Km^2/kg/s) surface:6 hour fcst:
23: 24:8886563:d=2021032500:VGRD:PV=2e-06 (Km^2/kg/s) surface:6 hour fcst:
23: 25:9210690:d=2021032500:TMP:PV=2e-06 (Km^2/kg/s) surface:6 hour fcst:
23: 26:9651512:d=2021032500:HGT:PV=2e-06 (Km^2/kg/s) surface:6 hour fcst:
23: 27:10217448:d=2021032500:PRES:PV=2e-06 (Km^2/kg/s) surface:6 hour fcst:
23: 28:10804248:d=2021032500:VWSH:PV=2e-06 (Km^2/kg/s) surface:6 hour fcst:
23: 29:11167809:d=2021032500:UGRD:PV=-2e-06 (Km^2/kg/s) surface:6 hour fcst:
23: 30:11499990:d=2021032500:VGRD:PV=-2e-06 (Km^2/kg/s) surface:6 hour fcst:
23: 31:11830073:d=2021032500:TMP:PV=-2e-06 (Km^2/kg/s) surface:6 hour fcst:
23: 32:12281730:d=2021032500:HGT:PV=-2e-06 (Km^2/kg/s) surface:6 hour fcst:
23: 33:12858699:d=2021032500:PRES:PV=-2e-06 (Km^2/kg/s) surface:6 hour fcst:
23: 34:13413043:d=2021032500:VWSH:PV=-2e-06 (Km^2/kg/s) surface:6 hour fcst:
23: + product_functions.sh[24]rc=0
23: + product_functions.sh[25]((  rc == 0  ))
23: + product_functions.sh[25]mv pgb2file_f006_24_0p25.new pgb2file_f006_24_0p25
23: + product_functions.sh[26]return 0
23: + interp_atmos_master.sh[65]export err=0
23: + interp_atmos_master.sh[65]err=0
23: + interp_atmos_master.sh[66][[ 0 -ne 0 ]]
23: + interp_atmos_master.sh[54]for grid in "${grids[@]}"
23: + interp_atmos_master.sh[55]trim_rh pgb2file_f006_24_0p50
23: + product_functions.sh[5]local filename=pgb2file_f006_24_0p50
23: + product_functions.sh[6]wgrib2 pgb2file_f006_24_0p50 -not_if :RH: -grib pgb2file_f006_24_0p50.new -if :RH: -rpn '10:*:0.5:+:floor:1000:min:10:/' -set_grib_type same -set_scaling -1 0 -grib_out pgb2file_f006_24_0p50.new
23: 1:0:d=2021032500:CAPE:180-0 mb above ground:6 hour fcst:
23: 2:105730:d=2021032500:CIN:180-0 mb above ground:6 hour fcst:
23: 3:218217:d=2021032500:HPBL:surface:6 hour fcst:
23: 4:519910:d=2021032500:RH:0.33-1 sigma layer:6 hour fcst:
23: 5:665536:d=2021032500:RH:0.44-1 sigma layer:6 hour fcst:
23: 6:807623:d=2021032500:RH:0.72-0.94 sigma layer:6 hour fcst:
23: 7:956567:d=2021032500:RH:0.44-0.72 sigma layer:6 hour fcst:
23: 8:1112813:d=2021032500:TMP:0.995 sigma level:6 hour fcst:
23: 9:1284582:d=2021032500:POT:0.995 sigma level:6 hour fcst:
23: 10:1456181:d=2021032500:RH:0.995 sigma level:6 hour fcst:
23: 11:1599208:d=2021032500:UGRD:0.995 sigma level:6 hour fcst:
23: 12:1779032:d=2021032500:VGRD:0.995 sigma level:6 hour fcst:
23: 13:1964105:d=2021032500:VVEL:0.995 sigma level:6 hour fcst:
23: 14:2136725:d=2021032500:CAPE:90-0 mb above ground:6 hour fcst:
23: 15:2230018:d=2021032500:CIN:90-0 mb above ground:6 hour fcst:
23: 16:2297706:d=2021032500:CAPE:255-0 mb above ground:6 hour fcst:
23: 17:2403448:d=2021032500:CIN:255-0 mb above ground:6 hour fcst:
23: 18:2499396:d=2021032500:PLPL:255-0 mb above ground:6 hour fcst:
23: 19:2715645:d=2021032500:LAND:surface:6 hour fcst:
23: 20:2724377:d=2021032500:ICEC:surface:6 hour fcst:
23: 21:2762826:d=2021032500:ALBDO:surface:0-6 hour ave fcst:
23: 22:2930151:d=2021032500:ICETMP:surface:6 hour fcst:
23: 23:3004926:d=2021032500:UGRD:PV=2e-06 (Km^2/kg/s) surface:6 hour fcst:
23: 24:3104472:d=2021032500:VGRD:PV=2e-06 (Km^2/kg/s) surface:6 hour fcst:
23: 25:3203658:d=2021032500:TMP:PV=2e-06 (Km^2/kg/s) surface:6 hour fcst:
23: 26:3342667:d=2021032500:HGT:PV=2e-06 (Km^2/kg/s) surface:6 hour fcst:
23: 27:3521096:d=2021032500:PRES:PV=2e-06 (Km^2/kg/s) surface:6 hour fcst:
23: 28:3710316:d=2021032500:VWSH:PV=2e-06 (Km^2/kg/s) surface:6 hour fcst:
23: 29:3822544:d=2021032500:UGRD:PV=-2e-06 (Km^2/kg/s) surface:6 hour fcst:
23: 30:3924172:d=2021032500:VGRD:PV=-2e-06 (Km^2/kg/s) surface:6 hour fcst:
23: 31:4024675:d=2021032500:TMP:PV=-2e-06 (Km^2/kg/s) surface:6 hour fcst:
23: 32:4166383:d=2021032500:HGT:PV=-2e-06 (Km^2/kg/s) surface:6 hour fcst:
23: 33:4346325:d=2021032500:PRES:PV=-2e-06 (Km^2/kg/s) surface:6 hour fcst:
23: 34:4520198:d=2021032500:VWSH:PV=-2e-06 (Km^2/kg/s) surface:6 hour fcst:
23: + product_functions.sh[10]rc=0
23: + product_functions.sh[11]((  rc == 0  ))
23: + product_functions.sh[11]mv pgb2file_f006_24_0p50.new pgb2file_f006_24_0p50
23: + product_functions.sh[12]return 0
23: + interp_atmos_master.sh[56]export err=0
23: + interp_atmos_master.sh[56]err=0
23: + interp_atmos_master.sh[57][[ 0 -ne 0 ]]
23: ++ interp_atmos_master.sh[62]wc -l
23: ++ interp_atmos_master.sh[62]wgrib2 pgb2file_f006_24_0p50 -match 'LAND|ICEC'
23: + interp_atmos_master.sh[62]var_count=2
23: + interp_atmos_master.sh[63][[ 2 -eq 2 ]]
23: + interp_atmos_master.sh[64]mod_icec pgb2file_f006_24_0p50
23: + product_functions.sh[17]local filename=pgb2file_f006_24_0p50
23: + product_functions.sh[18]wgrib2 pgb2file_f006_24_0p50 -if LAND -rpn sto_1 -fi -if ICEC -rpn 'rcl_1:0:==:*' -fi -set_grib_type same -set_scaling same same -grib_out pgb2file_f006_24_0p50.new
23: 1:0:d=2021032500:CAPE:180-0 mb above ground:6 hour fcst:
23: 2:105730:d=2021032500:CIN:180-0 mb above ground:6 hour fcst:
23: 3:218217:d=2021032500:HPBL:surface:6 hour fcst:
23: 4:519910:d=2021032500:RH:0.33-1 sigma layer:6 hour fcst:
23: 5:665536:d=2021032500:RH:0.44-1 sigma layer:6 hour fcst:
23: 6:807623:d=2021032500:RH:0.72-0.94 sigma layer:6 hour fcst:
23: 7:956567:d=2021032500:RH:0.44-0.72 sigma layer:6 hour fcst:
23: 8:1112813:d=2021032500:TMP:0.995 sigma level:6 hour fcst:
23: 9:1284582:d=2021032500:POT:0.995 sigma level:6 hour fcst:
23: 10:1456181:d=2021032500:RH:0.995 sigma level:6 hour fcst:
23: 11:1599208:d=2021032500:UGRD:0.995 sigma level:6 hour fcst:
23: 12:1779032:d=2021032500:VGRD:0.995 sigma level:6 hour fcst:
23: 13:1964105:d=2021032500:VVEL:0.995 sigma level:6 hour fcst:
23: 14:2136725:d=2021032500:CAPE:90-0 mb above ground:6 hour fcst:
23: 15:2230018:d=2021032500:CIN:90-0 mb above ground:6 hour fcst:
23: 16:2297706:d=2021032500:CAPE:255-0 mb above ground:6 hour fcst:
23: 17:2403448:d=2021032500:CIN:255-0 mb above ground:6 hour fcst:
23: 18:2499396:d=2021032500:PLPL:255-0 mb above ground:6 hour fcst:
23: 19:2715645:d=2021032500:LAND:surface:6 hour fcst:
23: 20:2724377:d=2021032500:ICEC:surface:6 hour fcst:
23: 21:2762826:d=2021032500:ALBDO:surface:0-6 hour ave fcst:
23: 22:2930151:d=2021032500:ICETMP:surface:6 hour fcst:
23: 23:3004926:d=2021032500:UGRD:PV=2e-06 (Km^2/kg/s) surface:6 hour fcst:
23: 24:3104472:d=2021032500:VGRD:PV=2e-06 (Km^2/kg/s) surface:6 hour fcst:
23: 25:3203658:d=2021032500:TMP:PV=2e-06 (Km^2/kg/s) surface:6 hour fcst:
23: 26:3342667:d=2021032500:HGT:PV=2e-06 (Km^2/kg/s) surface:6 hour fcst:
23: 27:3521096:d=2021032500:PRES:PV=2e-06 (Km^2/kg/s) surface:6 hour fcst:
23: 28:3710316:d=2021032500:VWSH:PV=2e-06 (Km^2/kg/s) surface:6 hour fcst:
23: 29:3822544:d=2021032500:UGRD:PV=-2e-06 (Km^2/kg/s) surface:6 hour fcst:
23: 30:3924172:d=2021032500:VGRD:PV=-2e-06 (Km^2/kg/s) surface:6 hour fcst:
23: 31:4024675:d=2021032500:TMP:PV=-2e-06 (Km^2/kg/s) surface:6 hour fcst:
23: 32:4166383:d=2021032500:HGT:PV=-2e-06 (Km^2/kg/s) surface:6 hour fcst:
23: 33:4346325:d=2021032500:PRES:PV=-2e-06 (Km^2/kg/s) surface:6 hour fcst:
23: 34:4520198:d=2021032500:VWSH:PV=-2e-06 (Km^2/kg/s) surface:6 hour fcst:
23: + product_functions.sh[24]rc=0
23: + product_functions.sh[25]((  rc == 0  ))
23: + product_functions.sh[25]mv pgb2file_f006_24_0p50.new pgb2file_f006_24_0p50
23: + product_functions.sh[26]return 0
23: + interp_atmos_master.sh[65]export err=0
23: + interp_atmos_master.sh[65]err=0
23: + interp_atmos_master.sh[66][[ 0 -ne 0 ]]
23: + interp_atmos_master.sh[54]for grid in "${grids[@]}"
23: + interp_atmos_master.sh[55]trim_rh pgb2file_f006_24_1p00
23: + product_functions.sh[5]local filename=pgb2file_f006_24_1p00
23: + product_functions.sh[6]wgrib2 pgb2file_f006_24_1p00 -not_if :RH: -grib pgb2file_f006_24_1p00.new -if :RH: -rpn '10:*:0.5:+:floor:1000:min:10:/' -set_grib_type same -set_scaling -1 0 -grib_out pgb2file_f006_24_1p00.new
23: 1:0:d=2021032500:CAPE:180-0 mb above ground:6 hour fcst:
23: 2:35335:d=2021032500:CIN:180-0 mb above ground:6 hour fcst:
23: 3:73823:d=2021032500:HPBL:surface:6 hour fcst:
23: 4:163290:d=2021032500:RH:0.33-1 sigma layer:6 hour fcst:
23: 5:211564:d=2021032500:RH:0.44-1 sigma layer:6 hour fcst:
23: 6:258647:d=2021032500:RH:0.72-0.94 sigma layer:6 hour fcst:
23: 7:307643:d=2021032500:RH:0.44-0.72 sigma layer:6 hour fcst:
23: 8:358851:d=2021032500:TMP:0.995 sigma level:6 hour fcst:
23: 9:414545:d=2021032500:POT:0.995 sigma level:6 hour fcst:
23: 10:470291:d=2021032500:RH:0.995 sigma level:6 hour fcst:
23: 11:517796:d=2021032500:UGRD:0.995 sigma level:6 hour fcst:
23: 12:575174:d=2021032500:VGRD:0.995 sigma level:6 hour fcst:
23: 13:633721:d=2021032500:VVEL:0.995 sigma level:6 hour fcst:
23: 14:689363:d=2021032500:CAPE:90-0 mb above ground:6 hour fcst:
23: 15:721048:d=2021032500:CIN:90-0 mb above ground:6 hour fcst:
23: 16:744778:d=2021032500:CAPE:255-0 mb above ground:6 hour fcst:
23: 17:779352:d=2021032500:CIN:255-0 mb above ground:6 hour fcst:
23: 18:812350:d=2021032500:PLPL:255-0 mb above ground:6 hour fcst:
23: 19:881051:d=2021032500:LAND:surface:6 hour fcst:
23: 20:884800:d=2021032500:ICEC:surface:6 hour fcst:
23: 21:898692:d=2021032500:ALBDO:surface:0-6 hour ave fcst:
23: 22:952371:d=2021032500:ICETMP:surface:6 hour fcst:
23: 23:974570:d=2021032500:UGRD:PV=2e-06 (Km^2/kg/s) surface:6 hour fcst:
23: 24:1004926:d=2021032500:VGRD:PV=2e-06 (Km^2/kg/s) surface:6 hour fcst:
23: 25:1035522:d=2021032500:TMP:PV=2e-06 (Km^2/kg/s) surface:6 hour fcst:
23: 26:1077548:d=2021032500:HGT:PV=2e-06 (Km^2/kg/s) surface:6 hour fcst:
23: 27:1129495:d=2021032500:PRES:PV=2e-06 (Km^2/kg/s) surface:6 hour fcst:
23: 28:1184704:d=2021032500:VWSH:PV=2e-06 (Km^2/kg/s) surface:6 hour fcst:
23: 29:1218907:d=2021032500:UGRD:PV=-2e-06 (Km^2/kg/s) surface:6 hour fcst:
23: 30:1249910:d=2021032500:VGRD:PV=-2e-06 (Km^2/kg/s) surface:6 hour fcst:
23: 31:1280898:d=2021032500:TMP:PV=-2e-06 (Km^2/kg/s) surface:6 hour fcst:
23: 32:1323418:d=2021032500:HGT:PV=-2e-06 (Km^2/kg/s) surface:6 hour fcst:
23: 33:1375764:d=2021032500:PRES:PV=-2e-06 (Km^2/kg/s) surface:6 hour fcst:
23: 34:1426532:d=2021032500:VWSH:PV=-2e-06 (Km^2/kg/s) surface:6 hour fcst:
23: + product_functions.sh[10]rc=0
23: + product_functions.sh[11]((  rc == 0  ))
23: + product_functions.sh[11]mv pgb2file_f006_24_1p00.new pgb2file_f006_24_1p00
23: + product_functions.sh[12]return 0
23: + interp_atmos_master.sh[56]export err=0
23: + interp_atmos_master.sh[56]err=0
23: + interp_atmos_master.sh[57][[ 0 -ne 0 ]]
23: ++ interp_atmos_master.sh[62]wc -l
23: ++ interp_atmos_master.sh[62]wgrib2 pgb2file_f006_24_1p00 -match 'LAND|ICEC'
23: + interp_atmos_master.sh[62]var_count=2
23: + interp_atmos_master.sh[63][[ 2 -eq 2 ]]
23: + interp_atmos_master.sh[64]mod_icec pgb2file_f006_24_1p00
23: + product_functions.sh[17]local filename=pgb2file_f006_24_1p00
23: + product_functions.sh[18]wgrib2 pgb2file_f006_24_1p00 -if LAND -rpn sto_1 -fi -if ICEC -rpn 'rcl_1:0:==:*' -fi -set_grib_type same -set_scaling same same -grib_out pgb2file_f006_24_1p00.new
23: 1:0:d=2021032500:CAPE:180-0 mb above ground:6 hour fcst:
23: 2:35335:d=2021032500:CIN:180-0 mb above ground:6 hour fcst:
23: 3:73823:d=2021032500:HPBL:surface:6 hour fcst:
23: 4:163290:d=2021032500:RH:0.33-1 sigma layer:6 hour fcst:
23: 5:211564:d=2021032500:RH:0.44-1 sigma layer:6 hour fcst:
23: 6:258647:d=2021032500:RH:0.72-0.94 sigma layer:6 hour fcst:
23: 7:307643:d=2021032500:RH:0.44-0.72 sigma layer:6 hour fcst:
23: 8:358851:d=2021032500:TMP:0.995 sigma level:6 hour fcst:
23: 9:414545:d=2021032500:POT:0.995 sigma level:6 hour fcst:
23: 10:470291:d=2021032500:RH:0.995 sigma level:6 hour fcst:
23: 11:517796:d=2021032500:UGRD:0.995 sigma level:6 hour fcst:
23: 12:575174:d=2021032500:VGRD:0.995 sigma level:6 hour fcst:
23: 13:633721:d=2021032500:VVEL:0.995 sigma level:6 hour fcst:
23: 14:689363:d=2021032500:CAPE:90-0 mb above ground:6 hour fcst:
23: 15:721048:d=2021032500:CIN:90-0 mb above ground:6 hour fcst:
23: 16:744778:d=2021032500:CAPE:255-0 mb above ground:6 hour fcst:
23: 17:779352:d=2021032500:CIN:255-0 mb above ground:6 hour fcst:
23: 18:812350:d=2021032500:PLPL:255-0 mb above ground:6 hour fcst:
23: 19:881051:d=2021032500:LAND:surface:6 hour fcst:
23: 20:884800:d=2021032500:ICEC:surface:6 hour fcst:
23: 21:898692:d=2021032500:ALBDO:surface:0-6 hour ave fcst:
23: 22:952371:d=2021032500:ICETMP:surface:6 hour fcst:
23: 23:974570:d=2021032500:UGRD:PV=2e-06 (Km^2/kg/s) surface:6 hour fcst:
23: 24:1004926:d=2021032500:VGRD:PV=2e-06 (Km^2/kg/s) surface:6 hour fcst:
23: 25:1035522:d=2021032500:TMP:PV=2e-06 (Km^2/kg/s) surface:6 hour fcst:
23: 26:1077548:d=2021032500:HGT:PV=2e-06 (Km^2/kg/s) surface:6 hour fcst:
23: 27:1129495:d=2021032500:PRES:PV=2e-06 (Km^2/kg/s) surface:6 hour fcst:
23: 28:1184704:d=2021032500:VWSH:PV=2e-06 (Km^2/kg/s) surface:6 hour fcst:
23: 29:1218907:d=2021032500:UGRD:PV=-2e-06 (Km^2/kg/s) surface:6 hour fcst:
23: 30:1249910:d=2021032500:VGRD:PV=-2e-06 (Km^2/kg/s) surface:6 hour fcst:
23: 31:1280898:d=2021032500:TMP:PV=-2e-06 (Km^2/kg/s) surface:6 hour fcst:
23: 32:1323418:d=2021032500:HGT:PV=-2e-06 (Km^2/kg/s) surface:6 hour fcst:
23: 33:1375764:d=2021032500:PRES:PV=-2e-06 (Km^2/kg/s) surface:6 hour fcst:
23: 34:1426532:d=2021032500:VWSH:PV=-2e-06 (Km^2/kg/s) surface:6 hour fcst:
23: + product_functions.sh[24]rc=0
23: + product_functions.sh[25]((  rc == 0  ))
23: + product_functions.sh[25]mv pgb2file_f006_24_1p00.new pgb2file_f006_24_1p00
23: + product_functions.sh[26]return 0
23: + interp_atmos_master.sh[65]export err=0
23: + interp_atmos_master.sh[65]err=0
23: + interp_atmos_master.sh[66][[ 0 -ne 0 ]]
23: + interp_atmos_master.sh[73]exit 0
13: + bash[8]'[' -z '' ']'
13: + bash[9]case "$-" in
13: + bash[12]__lmod_vx=x
13: + bash[16]'[' -n x ']'
13: + bash[16]set +x
13: Shell debugging temporarily silenced: export LMOD_SH_DBG_ON=1 for this output (/apps/other/lmod/lmod/init/bash)
13: Shell debugging restarted
13: + bash[224]unset __lmod_vx
13: + interp_atmos_master.sh[7]input_file=tmpfile_f006_14
13: + interp_atmos_master.sh[8]output_file_prefix=pgb2file_f006_14
13: + interp_atmos_master.sh[9]grid_string=0p25:0p50:1p00
13: + interp_atmos_master.sh[12]defaults='-set_grib_type same -set_bitmap 1 -set_grib_max_bits 16'
13: + interp_atmos_master.sh[13]interp_winds='-new_grid_winds earth'
13: + interp_atmos_master.sh[14]interp_bilinear='-new_grid_interpolation bilinear'
13: + interp_atmos_master.sh[15]interp_neighbor='-if :(CSNOW|CRAIN|CFRZR|CICEP|ICSEV): -new_grid_interpolation neighbor -fi'
13: + interp_atmos_master.sh[16]interp_budget='-if :(APCP|ACPCP|PRATE|CPRAT|DZDT): -new_grid_interpolation budget -fi'
13: + interp_atmos_master.sh[17]increased_bits='-if :(APCP|ACPCP|PRATE|CPRAT): -set_grib_max_bits 25 -fi'
13: + interp_atmos_master.sh[21]grid0p25='latlon 0:1440:0.25 90:721:-0.25'
13: + interp_atmos_master.sh[23]grid0p50='latlon 0:720:0.5 90:361:-0.5'
13: + interp_atmos_master.sh[25]grid1p00='latlon 0:360:1.0 90:181:-1.0'
13: + interp_atmos_master.sh[28]source /work2/noaa/global/mterry/global-workflow_forked/ush/product_functions.sh
13: + interp_atmos_master.sh[31]IFS=:
13: + interp_atmos_master.sh[31]read -ra grids
13: + interp_atmos_master.sh[33]output_grids=
13: + interp_atmos_master.sh[34]for grid in "${grids[@]}"
13: + interp_atmos_master.sh[35]gridopt=grid0p25
13: + interp_atmos_master.sh[36]output_grids=' -new_grid latlon 0:1440:0.25 90:721:-0.25 pgb2file_f006_14_0p25'
13: + interp_atmos_master.sh[34]for grid in "${grids[@]}"
13: + interp_atmos_master.sh[35]gridopt=grid0p50
13: + interp_atmos_master.sh[36]output_grids=' -new_grid latlon 0:1440:0.25 90:721:-0.25 pgb2file_f006_14_0p25 -new_grid latlon 0:720:0.5 90:361:-0.5 pgb2file_f006_14_0p50'
13: + interp_atmos_master.sh[34]for grid in "${grids[@]}"
13: + interp_atmos_master.sh[35]gridopt=grid1p00
13: + interp_atmos_master.sh[36]output_grids=' -new_grid latlon 0:1440:0.25 90:721:-0.25 pgb2file_f006_14_0p25 -new_grid latlon 0:720:0.5 90:361:-0.5 pgb2file_f006_14_0p50 -new_grid latlon 0:360:1.0 90:181:-1.0 pgb2file_f006_14_1p00'
13: + interp_atmos_master.sh[40]wgrib2 tmpfile_f006_14 -set_grib_type same -set_bitmap 1 -set_grib_max_bits 16 -new_grid_winds earth -new_grid_interpolation bilinear -if ':(CSNOW|CRAIN|CFRZR|CICEP|ICSEV):' -new_grid_interpolation neighbor -fi -if ':(APCP|ACPCP|PRATE|CPRAT|DZDT):' -new_grid_interpolation budget -fi -if ':(APCP|ACPCP|PRATE|CPRAT):' -set_grib_max_bits 25 -fi -new_grid latlon 0:1440:0.25 90:721:-0.25 pgb2file_f006_14_0p25 -new_grid latlon 0:720:0.5 90:361:-0.5 pgb2file_f006_14_0p50 -new_grid latlon 0:360:1.0 90:181:-1.0 pgb2file_f006_14_1p00
13: 1:0:d=2021032500:ABSV:650 mb:6 hour fcst:
13: 2:21728:d=2021032500:CLMR:650 mb:6 hour fcst:
13: 3:27815:d=2021032500:ICMR:650 mb:6 hour fcst:
13: 4:40959:d=2021032500:RWMR:650 mb:6 hour fcst:
13: 5:45446:d=2021032500:SNMR:650 mb:6 hour fcst:
13: 6:59919:d=2021032500:GRLE:650 mb:6 hour fcst:
13: 7:62354:d=2021032500:O3MR:650 mb:6 hour fcst:
13: 8:85437:d=2021032500:HGT:700 mb:6 hour fcst:
13: 9:110148:d=2021032500:TMP:700 mb:6 hour fcst:
13: 10:130366:d=2021032500:RH:700 mb:6 hour fcst:
13: 11:150946:d=2021032500:TCDC:700 mb:6 hour fcst:
13: 12:163485:d=2021032500:SPFH:700 mb:6 hour fcst:
13: 13:192538:d=2021032500:VVEL:700 mb:6 hour fcst:
13: 14:218897:d=2021032500:DZDT:700 mb:6 hour fcst:
13: 15:246944:d=2021032500:UGRD:700 mb:6 hour fcst:
13: 16:268616:d=2021032500:VGRD:700 mb:6 hour fcst:
13: 17:290956:d=2021032500:ABSV:700 mb:6 hour fcst:
13: 18:312543:d=2021032500:CLMR:700 mb:6 hour fcst:
13: 19:320435:d=2021032500:ICMR:700 mb:6 hour fcst:
13: 20:332498:d=2021032500:RWMR:700 mb:6 hour fcst:
13: 21:337138:d=2021032500:SNMR:700 mb:6 hour fcst:
13: 22:352202:d=2021032500:GRLE:700 mb:6 hour fcst:
13: 23:354237:d=2021032500:O3MR:700 mb:6 hour fcst:
13: 24:376855:d=2021032500:HGT:750 mb:6 hour fcst:
13: 25:401791:d=2021032500:TMP:750 mb:6 hour fcst:
13: 26:422131:d=2021032500:RH:750 mb:6 hour fcst:
13: 27:442672:d=2021032500:TCDC:750 mb:6 hour fcst:
13: 28:455326:d=2021032500:SPFH:750 mb:6 hour fcst:
13: 29:484836:d=2021032500:VVEL:750 mb:6 hour fcst:
13: 30:511108:d=2021032500:DZDT:750 mb:6 hour fcst:
13: 31:538949:d=2021032500:UGRD:750 mb:6 hour fcst:
13: 32:560635:d=2021032500:VGRD:750 mb:6 hour fcst:
13: + interp_atmos_master.sh[47]export err=0
13: + interp_atmos_master.sh[47]err=0
13: + interp_atmos_master.sh[48][[ 0 -ne 0 ]]
13: + interp_atmos_master.sh[54]for grid in "${grids[@]}"
13: + interp_atmos_master.sh[55]trim_rh pgb2file_f006_14_0p25
13: + product_functions.sh[5]local filename=pgb2file_f006_14_0p25
13: + product_functions.sh[6]wgrib2 pgb2file_f006_14_0p25 -not_if :RH: -grib pgb2file_f006_14_0p25.new -if :RH: -rpn '10:*:0.5:+:floor:1000:min:10:/' -set_grib_type same -set_scaling -1 0 -grib_out pgb2file_f006_14_0p25.new
13: 1:0:d=2021032500:ABSV:650 mb:6 hour fcst:
13: 2:522878:d=2021032500:CLMR:650 mb:6 hour fcst:
13: 3:646303:d=2021032500:ICMR:650 mb:6 hour fcst:
13: 4:951748:d=2021032500:RWMR:650 mb:6 hour fcst:
13: 5:1037310:d=2021032500:SNMR:650 mb:6 hour fcst:
13: 6:1351909:d=2021032500:GRLE:650 mb:6 hour fcst:
13: 7:1394935:d=2021032500:O3MR:650 mb:6 hour fcst:
13: 8:1983775:d=2021032500:HGT:700 mb:6 hour fcst:
13: 9:2631824:d=2021032500:TMP:700 mb:6 hour fcst:
13: 10:3100968:d=2021032500:RH:700 mb:6 hour fcst:
13: 11:3581399:d=2021032500:TCDC:700 mb:6 hour fcst:
13: 12:3828993:d=2021032500:SPFH:700 mb:6 hour fcst:
13: 13:4618067:d=2021032500:VVEL:700 mb:6 hour fcst:
13: 14:5329553:d=2021032500:DZDT:700 mb:6 hour fcst:
13: 15:6128825:d=2021032500:UGRD:700 mb:6 hour fcst:
13: 16:6658419:d=2021032500:VGRD:700 mb:6 hour fcst:
13: 17:7218163:d=2021032500:ABSV:700 mb:6 hour fcst:
13: 18:7748189:d=2021032500:CLMR:700 mb:6 hour fcst:
13: 19:7911101:d=2021032500:ICMR:700 mb:6 hour fcst:
13: 20:8191811:d=2021032500:RWMR:700 mb:6 hour fcst:
13: 21:8276064:d=2021032500:SNMR:700 mb:6 hour fcst:
13: 22:8611905:d=2021032500:GRLE:700 mb:6 hour fcst:
13: 23:8644158:d=2021032500:O3MR:700 mb:6 hour fcst:
13: 24:9221615:d=2021032500:HGT:750 mb:6 hour fcst:
13: 25:9871521:d=2021032500:TMP:750 mb:6 hour fcst:
13: 26:10348484:d=2021032500:RH:750 mb:6 hour fcst:
13: 27:10830281:d=2021032500:TCDC:750 mb:6 hour fcst:
13: 28:11089437:d=2021032500:SPFH:750 mb:6 hour fcst:
13: 29:11891759:d=2021032500:VVEL:750 mb:6 hour fcst:
13: 30:12599264:d=2021032500:DZDT:750 mb:6 hour fcst:
13: 31:13380865:d=2021032500:UGRD:750 mb:6 hour fcst:
13: 32:13911107:d=2021032500:VGRD:750 mb:6 hour fcst:
13: + product_functions.sh[10]rc=0
13: + product_functions.sh[11]((  rc == 0  ))
13: + product_functions.sh[11]mv pgb2file_f006_14_0p25.new pgb2file_f006_14_0p25
13: + product_functions.sh[12]return 0
13: + interp_atmos_master.sh[56]export err=0
13: + interp_atmos_master.sh[56]err=0
13: + interp_atmos_master.sh[57][[ 0 -ne 0 ]]
13: ++ interp_atmos_master.sh[62]wc -l
13: ++ interp_atmos_master.sh[62]wgrib2 pgb2file_f006_14_0p25 -match 'LAND|ICEC'
13: + interp_atmos_master.sh[62]var_count=0
13: + interp_atmos_master.sh[63][[ 0 -eq 2 ]]
13: + interp_atmos_master.sh[54]for grid in "${grids[@]}"
13: + interp_atmos_master.sh[55]trim_rh pgb2file_f006_14_0p50
13: + product_functions.sh[5]local filename=pgb2file_f006_14_0p50
13: + product_functions.sh[6]wgrib2 pgb2file_f006_14_0p50 -not_if :RH: -grib pgb2file_f006_14_0p50.new -if :RH: -rpn '10:*:0.5:+:floor:1000:min:10:/' -set_grib_type same -set_scaling -1 0 -grib_out pgb2file_f006_14_0p50.new
13: 1:0:d=2021032500:ABSV:650 mb:6 hour fcst:
13: 2:181035:d=2021032500:CLMR:650 mb:6 hour fcst:
13: 3:228174:d=2021032500:ICMR:650 mb:6 hour fcst:
13: 4:335191:d=2021032500:RWMR:650 mb:6 hour fcst:
13: 5:366414:d=2021032500:SNMR:650 mb:6 hour fcst:
13: 6:478877:d=2021032500:GRLE:650 mb:6 hour fcst:
13: 7:495109:d=2021032500:O3MR:650 mb:6 hour fcst:
13: 8:694765:d=2021032500:HGT:700 mb:6 hour fcst:
13: 9:914041:d=2021032500:TMP:700 mb:6 hour fcst:
13: 10:1075769:d=2021032500:RH:700 mb:6 hour fcst:
13: 11:1243957:d=2021032500:TCDC:700 mb:6 hour fcst:
13: 12:1338444:d=2021032500:SPFH:700 mb:6 hour fcst:
13: 13:1612294:d=2021032500:VVEL:700 mb:6 hour fcst:
13: 14:1855389:d=2021032500:DZDT:700 mb:6 hour fcst:
13: 15:2114926:d=2021032500:UGRD:700 mb:6 hour fcst:
13: 16:2297290:d=2021032500:VGRD:700 mb:6 hour fcst:
13: 17:2488925:d=2021032500:ABSV:700 mb:6 hour fcst:
13: 18:2671711:d=2021032500:CLMR:700 mb:6 hour fcst:
13: 19:2732870:d=2021032500:ICMR:700 mb:6 hour fcst:
13: 20:2832310:d=2021032500:RWMR:700 mb:6 hour fcst:
13: 21:2863357:d=2021032500:SNMR:700 mb:6 hour fcst:
13: 22:2983804:d=2021032500:GRLE:700 mb:6 hour fcst:
13: 23:2996411:d=2021032500:O3MR:700 mb:6 hour fcst:
13: 24:3190484:d=2021032500:HGT:750 mb:6 hour fcst:
13: 25:3410201:d=2021032500:TMP:750 mb:6 hour fcst:
13: 26:3574703:d=2021032500:RH:750 mb:6 hour fcst:
13: 27:3742978:d=2021032500:TCDC:750 mb:6 hour fcst:
13: 28:3840757:d=2021032500:SPFH:750 mb:6 hour fcst:
13: 29:4121891:d=2021032500:VVEL:750 mb:6 hour fcst:
13: 30:4363869:d=2021032500:DZDT:750 mb:6 hour fcst:
13: 31:4620799:d=2021032500:UGRD:750 mb:6 hour fcst:
13: 32:4803069:d=2021032500:VGRD:750 mb:6 hour fcst:
13: + product_functions.sh[10]rc=0
13: + product_functions.sh[11]((  rc == 0  ))
13: + product_functions.sh[11]mv pgb2file_f006_14_0p50.new pgb2file_f006_14_0p50
13: + product_functions.sh[12]return 0
13: + interp_atmos_master.sh[56]export err=0
13: + interp_atmos_master.sh[56]err=0
13: + interp_atmos_master.sh[57][[ 0 -ne 0 ]]
13: ++ interp_atmos_master.sh[62]wc -l
13: ++ interp_atmos_master.sh[62]wgrib2 pgb2file_f006_14_0p50 -match 'LAND|ICEC'
13: + interp_atmos_master.sh[62]var_count=0
13: + interp_atmos_master.sh[63][[ 0 -eq 2 ]]
13: + interp_atmos_master.sh[54]for grid in "${grids[@]}"
13: + interp_atmos_master.sh[55]trim_rh pgb2file_f006_14_1p00
13: + product_functions.sh[5]local filename=pgb2file_f006_14_1p00
13: + product_functions.sh[6]wgrib2 pgb2file_f006_14_1p00 -not_if :RH: -grib pgb2file_f006_14_1p00.new -if :RH: -rpn '10:*:0.5:+:floor:1000:min:10:/' -set_grib_type same -set_scaling -1 0 -grib_out pgb2file_f006_14_1p00.new
13: 1:0:d=2021032500:ABSV:650 mb:6 hour fcst:
13: 2:58078:d=2021032500:CLMR:650 mb:6 hour fcst:
13: 3:74734:d=2021032500:ICMR:650 mb:6 hour fcst:
13: 4:109799:d=2021032500:RWMR:650 mb:6 hour fcst:
13: 5:120990:d=2021032500:SNMR:650 mb:6 hour fcst:
13: 6:158509:d=2021032500:GRLE:650 mb:6 hour fcst:
13: 7:164697:d=2021032500:O3MR:650 mb:6 hour fcst:
13: 8:226728:d=2021032500:HGT:700 mb:6 hour fcst:
13: 9:294628:d=2021032500:TMP:700 mb:6 hour fcst:
13: 10:347203:d=2021032500:RH:700 mb:6 hour fcst:
13: 11:401543:d=2021032500:TCDC:700 mb:6 hour fcst:
13: 12:434509:d=2021032500:SPFH:700 mb:6 hour fcst:
13: 13:516280:d=2021032500:VVEL:700 mb:6 hour fcst:
13: 14:590138:d=2021032500:DZDT:700 mb:6 hour fcst:
13: 15:667841:d=2021032500:UGRD:700 mb:6 hour fcst:
13: 16:725986:d=2021032500:VGRD:700 mb:6 hour fcst:
13: 17:786665:d=2021032500:ABSV:700 mb:6 hour fcst:
13: 18:844491:d=2021032500:CLMR:700 mb:6 hour fcst:
13: 19:865763:d=2021032500:ICMR:700 mb:6 hour fcst:
13: 20:898223:d=2021032500:RWMR:700 mb:6 hour fcst:
13: 21:909569:d=2021032500:SNMR:700 mb:6 hour fcst:
13: 22:949512:d=2021032500:GRLE:700 mb:6 hour fcst:
13: 23:954529:d=2021032500:O3MR:700 mb:6 hour fcst:
13: 24:1015696:d=2021032500:HGT:750 mb:6 hour fcst:
13: 25:1083757:d=2021032500:TMP:750 mb:6 hour fcst:
13: 26:1137117:d=2021032500:RH:750 mb:6 hour fcst:
13: 27:1191462:d=2021032500:TCDC:750 mb:6 hour fcst:
13: 28:1225332:d=2021032500:SPFH:750 mb:6 hour fcst:
13: 29:1308309:d=2021032500:VVEL:750 mb:6 hour fcst:
13: 30:1382206:d=2021032500:DZDT:750 mb:6 hour fcst:
13: 31:1459204:d=2021032500:UGRD:750 mb:6 hour fcst:
13: 32:1517240:d=2021032500:VGRD:750 mb:6 hour fcst:
13: + product_functions.sh[10]rc=0
13: + product_functions.sh[11]((  rc == 0  ))
13: + product_functions.sh[11]mv pgb2file_f006_14_1p00.new pgb2file_f006_14_1p00
13: + product_functions.sh[12]return 0
13: + interp_atmos_master.sh[56]export err=0
13: + interp_atmos_master.sh[56]err=0
13: + interp_atmos_master.sh[57][[ 0 -ne 0 ]]
13: ++ interp_atmos_master.sh[62]wc -l
13: ++ interp_atmos_master.sh[62]wgrib2 pgb2file_f006_14_1p00 -match 'LAND|ICEC'
13: + interp_atmos_master.sh[62]var_count=0
13: + interp_atmos_master.sh[63][[ 0 -eq 2 ]]
13: + interp_atmos_master.sh[73]exit 0
 0: + bash[8]'[' -z '' ']'
 0: + bash[9]case "$-" in
 0: + bash[12]__lmod_vx=x
 0: + bash[16]'[' -n x ']'
 0: + bash[16]set +x
 0: Shell debugging temporarily silenced: export LMOD_SH_DBG_ON=1 for this output (/apps/other/lmod/lmod/init/bash)
 0: Shell debugging restarted
 0: + bash[224]unset __lmod_vx
 0: + interp_atmos_master.sh[7]input_file=tmpfile_f006_1
 0: + interp_atmos_master.sh[8]output_file_prefix=pgb2file_f006_1
 0: + interp_atmos_master.sh[9]grid_string=0p25:0p50:1p00
 0: + interp_atmos_master.sh[12]defaults='-set_grib_type same -set_bitmap 1 -set_grib_max_bits 16'
 0: + interp_atmos_master.sh[13]interp_winds='-new_grid_winds earth'
 0: + interp_atmos_master.sh[14]interp_bilinear='-new_grid_interpolation bilinear'
 0: + interp_atmos_master.sh[15]interp_neighbor='-if :(CSNOW|CRAIN|CFRZR|CICEP|ICSEV): -new_grid_interpolation neighbor -fi'
 0: + interp_atmos_master.sh[16]interp_budget='-if :(APCP|ACPCP|PRATE|CPRAT|DZDT): -new_grid_interpolation budget -fi'
 0: + interp_atmos_master.sh[17]increased_bits='-if :(APCP|ACPCP|PRATE|CPRAT): -set_grib_max_bits 25 -fi'
 0: + interp_atmos_master.sh[21]grid0p25='latlon 0:1440:0.25 90:721:-0.25'
 0: + interp_atmos_master.sh[23]grid0p50='latlon 0:720:0.5 90:361:-0.5'
 0: + interp_atmos_master.sh[25]grid1p00='latlon 0:360:1.0 90:181:-1.0'
 0: + interp_atmos_master.sh[28]source /work2/noaa/global/mterry/global-workflow_forked/ush/product_functions.sh
 0: + interp_atmos_master.sh[31]IFS=:
 0: + interp_atmos_master.sh[31]read -ra grids
 0: + interp_atmos_master.sh[33]output_grids=
 0: + interp_atmos_master.sh[34]for grid in "${grids[@]}"
 0: + interp_atmos_master.sh[35]gridopt=grid0p25
 0: + interp_atmos_master.sh[36]output_grids=' -new_grid latlon 0:1440:0.25 90:721:-0.25 pgb2file_f006_1_0p25'
 0: + interp_atmos_master.sh[34]for grid in "${grids[@]}"
 0: + interp_atmos_master.sh[35]gridopt=grid0p50
 0: + interp_atmos_master.sh[36]output_grids=' -new_grid latlon 0:1440:0.25 90:721:-0.25 pgb2file_f006_1_0p25 -new_grid latlon 0:720:0.5 90:361:-0.5 pgb2file_f006_1_0p50'
 0: + interp_atmos_master.sh[34]for grid in "${grids[@]}"
 0: + interp_atmos_master.sh[35]gridopt=grid1p00
 0: + interp_atmos_master.sh[36]output_grids=' -new_grid latlon 0:1440:0.25 90:721:-0.25 pgb2file_f006_1_0p25 -new_grid latlon 0:720:0.5 90:361:-0.5 pgb2file_f006_1_0p50 -new_grid latlon 0:360:1.0 90:181:-1.0 pgb2file_f006_1_1p00'
 0: + interp_atmos_master.sh[40]wgrib2 tmpfile_f006_1 -set_grib_type same -set_bitmap 1 -set_grib_max_bits 16 -new_grid_winds earth -new_grid_interpolation bilinear -if ':(CSNOW|CRAIN|CFRZR|CICEP|ICSEV):' -new_grid_interpolation neighbor -fi -if ':(APCP|ACPCP|PRATE|CPRAT|DZDT):' -new_grid_interpolation budget -fi -if ':(APCP|ACPCP|PRATE|CPRAT):' -set_grib_max_bits 25 -fi -new_grid latlon 0:1440:0.25 90:721:-0.25 pgb2file_f006_1_0p25 -new_grid latlon 0:720:0.5 90:361:-0.5 pgb2file_f006_1_0p50 -new_grid latlon 0:360:1.0 90:181:-1.0 pgb2file_f006_1_1p00
 0: 1:0:d=2021032500:PRMSL:mean sea level:6 hour fcst:
 0: 2:26056:d=2021032500:CLMR:1 hybrid level:6 hour fcst:
 0: 3:29946:d=2021032500:ICMR:1 hybrid level:6 hour fcst:
 0: 4:37544:d=2021032500:RWMR:1 hybrid level:6 hour fcst:
 0: 5:48556:d=2021032500:SNMR:1 hybrid level:6 hour fcst:
 0: 6:60316:d=2021032500:GRLE:1 hybrid level:6 hour fcst:
 0: 7:63499:d=2021032500:REFD:1 hybrid level:6 hour fcst:
 0: 8:65982:d=2021032500:REFD:2 hybrid level:6 hour fcst:
 0: 9:68465:d=2021032500:REFC:entire atmosphere (considered as a single layer):6 hour fcst:
 0: 10:70948:d=2021032500:VIS:surface:6 hour fcst:
 0: 11:103611:d=2021032500:UGRD:planetary boundary layer:6 hour fcst:
 0: 12:117906:d=2021032500:VGRD:planetary boundary layer:6 hour fcst:
 0: 13:132549:d=2021032500:VRATE:planetary boundary layer:6 hour fcst:
 0: 14:140842:d=2021032500:GUST:surface:6 hour fcst:
 0: 15:155955:d=2021032500:HGT:0.01 mb:6 hour fcst:
 0: 16:179945:d=2021032500:TMP:0.01 mb:6 hour fcst:
 0: 17:190977:d=2021032500:RH:0.01 mb:6 hour fcst:
 0: 18:197487:d=2021032500:SPFH:0.01 mb:6 hour fcst:
 0: 19:221532:d=2021032500:VVEL:0.01 mb:6 hour fcst:
 0: 20:249426:d=2021032500:DZDT:0.01 mb:6 hour fcst:
 0: 21:277495:d=2021032500:UGRD:0.01 mb:6 hour fcst:
 0: 22:289666:d=2021032500:VGRD:0.01 mb:6 hour fcst:
 0: 23:308121:d=2021032500:ABSV:0.01 mb:6 hour fcst:
 0: 24:324048:d=2021032500:O3MR:0.01 mb:6 hour fcst:
 0: 25:338568:d=2021032500:HGT:0.02 mb:6 hour fcst:
 0: 26:362347:d=2021032500:TMP:0.02 mb:6 hour fcst:
 0: 27:377760:d=2021032500:RH:0.02 mb:6 hour fcst:
 0: 28:386106:d=2021032500:SPFH:0.02 mb:6 hour fcst:
 0: 29:410808:d=2021032500:VVEL:0.02 mb:6 hour fcst:
 0: 30:435938:d=2021032500:DZDT:0.02 mb:6 hour fcst:
 0: 31:464348:d=2021032500:UGRD:0.02 mb:6 hour fcst:
 0: 32:477808:d=2021032500:VGRD:0.02 mb:6 hour fcst:
 0: + interp_atmos_master.sh[47]export err=0
 0: + interp_atmos_master.sh[47]err=0
 0: + interp_atmos_master.sh[48][[ 0 -ne 0 ]]
 0: + interp_atmos_master.sh[54]for grid in "${grids[@]}"
 0: + interp_atmos_master.sh[55]trim_rh pgb2file_f006_1_0p25
 0: + product_functions.sh[5]local filename=pgb2file_f006_1_0p25
 0: + product_functions.sh[6]wgrib2 pgb2file_f006_1_0p25 -not_if :RH: -grib pgb2file_f006_1_0p25.new -if :RH: -rpn '10:*:0.5:+:floor:1000:min:10:/' -set_grib_type same -set_scaling -1 0 -grib_out pgb2file_f006_1_0p25.new
 0: 1:0:d=2021032500:PRMSL:mean sea level:6 hour fcst:
 0: 2:704563:d=2021032500:CLMR:1 hybrid level:6 hour fcst:
 0: 3:791249:d=2021032500:ICMR:1 hybrid level:6 hour fcst:
 0: 4:964167:d=2021032500:RWMR:1 hybrid level:6 hour fcst:
 0: 5:1172633:d=2021032500:SNMR:1 hybrid level:6 hour fcst:
 0: 6:1453244:d=2021032500:GRLE:1 hybrid level:6 hour fcst:
 0: 7:1517047:d=2021032500:REFD:1 hybrid level:6 hour fcst:
 0: 8:1647006:d=2021032500:REFD:2 hybrid level:6 hour fcst:
 0: 9:1776965:d=2021032500:REFC:entire atmosphere (considered as a single layer):6 hour fcst:
 0: 10:1906924:d=2021032500:VIS:surface:6 hour fcst:
 0: 11:2805907:d=2021032500:UGRD:planetary boundary layer:6 hour fcst:
 0: 12:3112503:d=2021032500:VGRD:planetary boundary layer:6 hour fcst:
 0: 13:3428867:d=2021032500:VRATE:planetary boundary layer:6 hour fcst:
 0: 14:3629672:d=2021032500:GUST:surface:6 hour fcst:
 0: 15:3948557:d=2021032500:HGT:0.01 mb:6 hour fcst:
 0: 16:4599831:d=2021032500:TMP:0.01 mb:6 hour fcst:
 0: 17:4870391:d=2021032500:RH:0.01 mb:6 hour fcst:
 0: 18:5059789:d=2021032500:SPFH:0.01 mb:6 hour fcst:
 0: 19:5679410:d=2021032500:VVEL:0.01 mb:6 hour fcst:
 0: 20:6444171:d=2021032500:DZDT:0.01 mb:6 hour fcst:
 0: 21:7256853:d=2021032500:UGRD:0.01 mb:6 hour fcst:
 0: 22:7748872:d=2021032500:VGRD:0.01 mb:6 hour fcst:
 0: 23:8196999:d=2021032500:ABSV:0.01 mb:6 hour fcst:
 0: 24:8531719:d=2021032500:O3MR:0.01 mb:6 hour fcst:
 0: 25:8840060:d=2021032500:HGT:0.02 mb:6 hour fcst:
 0: 26:9470698:d=2021032500:TMP:0.02 mb:6 hour fcst:
 0: 27:9842711:d=2021032500:RH:0.02 mb:6 hour fcst:
 0: 28:10048623:d=2021032500:SPFH:0.02 mb:6 hour fcst:
 0: 29:10705487:d=2021032500:VVEL:0.02 mb:6 hour fcst:
 0: 30:11386998:d=2021032500:DZDT:0.02 mb:6 hour fcst:
 0: 31:12221181:d=2021032500:UGRD:0.02 mb:6 hour fcst:
 0: 32:12533841:d=2021032500:VGRD:0.02 mb:6 hour fcst:
 0: + product_functions.sh[10]rc=0
 0: + product_functions.sh[11]((  rc == 0  ))
 0: + product_functions.sh[11]mv pgb2file_f006_1_0p25.new pgb2file_f006_1_0p25
 0: + product_functions.sh[12]return 0
 0: + interp_atmos_master.sh[56]export err=0
 0: + interp_atmos_master.sh[56]err=0
 0: + interp_atmos_master.sh[57][[ 0 -ne 0 ]]
 0: ++ interp_atmos_master.sh[62]wc -l
 0: ++ interp_atmos_master.sh[62]wgrib2 pgb2file_f006_1_0p25 -match 'LAND|ICEC'
 0: + interp_atmos_master.sh[62]var_count=0
 0: + interp_atmos_master.sh[63][[ 0 -eq 2 ]]
 0: + interp_atmos_master.sh[54]for grid in "${grids[@]}"
 0: + interp_atmos_master.sh[55]trim_rh pgb2file_f006_1_0p50
 0: + product_functions.sh[5]local filename=pgb2file_f006_1_0p50
 0: + product_functions.sh[6]wgrib2 pgb2file_f006_1_0p50 -not_if :RH: -grib pgb2file_f006_1_0p50.new -if :RH: -rpn '10:*:0.5:+:floor:1000:min:10:/' -set_grib_type same -set_scaling -1 0 -grib_out pgb2file_f006_1_0p50.new
 0: 1:0:d=2021032500:PRMSL:mean sea level:6 hour fcst:
 0: 2:237414:d=2021032500:CLMR:1 hybrid level:6 hour fcst:
 0: 3:268617:d=2021032500:ICMR:1 hybrid level:6 hour fcst:
 0: 4:328258:d=2021032500:RWMR:1 hybrid level:6 hour fcst:
 0: 5:404289:d=2021032500:SNMR:1 hybrid level:6 hour fcst:
 0: 6:501693:d=2021032500:GRLE:1 hybrid level:6 hour fcst:
 0: 7:524980:d=2021032500:REFD:1 hybrid level:6 hour fcst:
 0: 8:557649:d=2021032500:REFD:2 hybrid level:6 hour fcst:
 0: 9:590318:d=2021032500:REFC:entire atmosphere (considered as a single layer):6 hour fcst:
 0: 10:622987:d=2021032500:VIS:surface:6 hour fcst:
 0: 11:939264:d=2021032500:UGRD:planetary boundary layer:6 hour fcst:
 0: 12:1039328:d=2021032500:VGRD:planetary boundary layer:6 hour fcst:
 0: 13:1143352:d=2021032500:VRATE:planetary boundary layer:6 hour fcst:
 0: 14:1204079:d=2021032500:GUST:surface:6 hour fcst:
 0: 15:1309409:d=2021032500:HGT:0.01 mb:6 hour fcst:
 0: 16:1528126:d=2021032500:TMP:0.01 mb:6 hour fcst:
 0: 17:1608855:d=2021032500:RH:0.01 mb:6 hour fcst:
 0: 18:1668060:d=2021032500:SPFH:0.01 mb:6 hour fcst:
 0: 19:1876010:d=2021032500:VVEL:0.01 mb:6 hour fcst:
 0: 20:2142756:d=2021032500:DZDT:0.01 mb:6 hour fcst:
 0: 21:2407274:d=2021032500:UGRD:0.01 mb:6 hour fcst:
 0: 22:2574895:d=2021032500:VGRD:0.01 mb:6 hour fcst:
 0: 23:2724901:d=2021032500:ABSV:0.01 mb:6 hour fcst:
 0: 24:2839059:d=2021032500:O3MR:0.01 mb:6 hour fcst:
 0: 25:2937654:d=2021032500:HGT:0.02 mb:6 hour fcst:
 0: 26:3152178:d=2021032500:TMP:0.02 mb:6 hour fcst:
 0: 27:3273801:d=2021032500:RH:0.02 mb:6 hour fcst:
 0: 28:3336384:d=2021032500:SPFH:0.02 mb:6 hour fcst:
 0: 29:3554787:d=2021032500:VVEL:0.02 mb:6 hour fcst:
 0: 30:3787199:d=2021032500:DZDT:0.02 mb:6 hour fcst:
 0: 31:4057434:d=2021032500:UGRD:0.02 mb:6 hour fcst:
 0: 32:4157861:d=2021032500:VGRD:0.02 mb:6 hour fcst:
 0: + product_functions.sh[10]rc=0
 0: + product_functions.sh[11]((  rc == 0  ))
 0: + product_functions.sh[11]mv pgb2file_f006_1_0p50.new pgb2file_f006_1_0p50
 0: + product_functions.sh[12]return 0
 0: + interp_atmos_master.sh[56]export err=0
 0: + interp_atmos_master.sh[56]err=0
 0: + interp_atmos_master.sh[57][[ 0 -ne 0 ]]
 0: ++ interp_atmos_master.sh[62]wc -l
 0: ++ interp_atmos_master.sh[62]wgrib2 pgb2file_f006_1_0p50 -match 'LAND|ICEC'
 0: + interp_atmos_master.sh[62]var_count=0
 0: + interp_atmos_master.sh[63][[ 0 -eq 2 ]]
 0: + interp_atmos_master.sh[54]for grid in "${grids[@]}"
 0: + interp_atmos_master.sh[55]trim_rh pgb2file_f006_1_1p00
 0: + product_functions.sh[5]local filename=pgb2file_f006_1_1p00
 0: + product_functions.sh[6]wgrib2 pgb2file_f006_1_1p00 -not_if :RH: -grib pgb2file_f006_1_1p00.new -if :RH: -rpn '10:*:0.5:+:floor:1000:min:10:/' -set_grib_type same -set_scaling -1 0 -grib_out pgb2file_f006_1_1p00.new
 0: 1:0:d=2021032500:PRMSL:mean sea level:6 hour fcst:
 0: 2:72822:d=2021032500:CLMR:1 hybrid level:6 hour fcst:
 0: 3:83992:d=2021032500:ICMR:1 hybrid level:6 hour fcst:
 0: 4:104135:d=2021032500:RWMR:1 hybrid level:6 hour fcst:
 0: 5:131563:d=2021032500:SNMR:1 hybrid level:6 hour fcst:
 0: 6:163079:d=2021032500:GRLE:1 hybrid level:6 hour fcst:
 0: 7:171506:d=2021032500:REFD:1 hybrid level:6 hour fcst:
 0: 8:179830:d=2021032500:REFD:2 hybrid level:6 hour fcst:
 0: 9:188154:d=2021032500:REFC:entire atmosphere (considered as a single layer):6 hour fcst:
 0: 10:196478:d=2021032500:VIS:surface:6 hour fcst:
 0: 11:290671:d=2021032500:UGRD:planetary boundary layer:6 hour fcst:
 0: 12:324808:d=2021032500:VGRD:planetary boundary layer:6 hour fcst:
 0: 13:360846:d=2021032500:VRATE:planetary boundary layer:6 hour fcst:
 0: 14:380157:d=2021032500:GUST:surface:6 hour fcst:
 0: 15:416739:d=2021032500:HGT:0.01 mb:6 hour fcst:
 0: 16:483812:d=2021032500:TMP:0.01 mb:6 hour fcst:
 0: 17:510187:d=2021032500:RH:0.01 mb:6 hour fcst:
 0: 18:527467:d=2021032500:SPFH:0.01 mb:6 hour fcst:
 0: 19:592283:d=2021032500:VVEL:0.01 mb:6 hour fcst:
 0: 20:671782:d=2021032500:DZDT:0.01 mb:6 hour fcst:
 0: 21:750236:d=2021032500:UGRD:0.01 mb:6 hour fcst:
 0: 22:803872:d=2021032500:VGRD:0.01 mb:6 hour fcst:
 0: 23:852499:d=2021032500:ABSV:0.01 mb:6 hour fcst:
 0: 24:891427:d=2021032500:O3MR:0.01 mb:6 hour fcst:
 0: 25:925406:d=2021032500:HGT:0.02 mb:6 hour fcst:
 0: 26:991704:d=2021032500:TMP:0.02 mb:6 hour fcst:
 0: 27:1031055:d=2021032500:RH:0.02 mb:6 hour fcst:
 0: 28:1051077:d=2021032500:SPFH:0.02 mb:6 hour fcst:
 0: 29:1118237:d=2021032500:VVEL:0.02 mb:6 hour fcst:
 0: 30:1188839:d=2021032500:DZDT:0.02 mb:6 hour fcst:
 0: 31:1268807:d=2021032500:UGRD:0.02 mb:6 hour fcst:
 0: 32:1302022:d=2021032500:VGRD:0.02 mb:6 hour fcst:
 0: + product_functions.sh[10]rc=0
 0: + product_functions.sh[11]((  rc == 0  ))
 0: + product_functions.sh[11]mv pgb2file_f006_1_1p00.new pgb2file_f006_1_1p00
 0: + product_functions.sh[12]return 0
 0: + interp_atmos_master.sh[56]export err=0
 0: + interp_atmos_master.sh[56]err=0
 0: + interp_atmos_master.sh[57][[ 0 -ne 0 ]]
 0: ++ interp_atmos_master.sh[62]wc -l
 0: ++ interp_atmos_master.sh[62]wgrib2 pgb2file_f006_1_1p00 -match 'LAND|ICEC'
 0: + interp_atmos_master.sh[62]var_count=0
 0: + interp_atmos_master.sh[63][[ 0 -eq 2 ]]
 0: + interp_atmos_master.sh[73]exit 0
15: + bash[8]'[' -z '' ']'
15: + bash[9]case "$-" in
15: + bash[12]__lmod_vx=x
15: + bash[16]'[' -n x ']'
15: + bash[16]set +x
15: Shell debugging temporarily silenced: export LMOD_SH_DBG_ON=1 for this output (/apps/other/lmod/lmod/init/bash)
15: Shell debugging restarted
15: + bash[224]unset __lmod_vx
15: + interp_atmos_master.sh[7]input_file=tmpfile_f006_16
15: + interp_atmos_master.sh[8]output_file_prefix=pgb2file_f006_16
15: + interp_atmos_master.sh[9]grid_string=0p25:0p50:1p00
15: + interp_atmos_master.sh[12]defaults='-set_grib_type same -set_bitmap 1 -set_grib_max_bits 16'
15: + interp_atmos_master.sh[13]interp_winds='-new_grid_winds earth'
15: + interp_atmos_master.sh[14]interp_bilinear='-new_grid_interpolation bilinear'
15: + interp_atmos_master.sh[15]interp_neighbor='-if :(CSNOW|CRAIN|CFRZR|CICEP|ICSEV): -new_grid_interpolation neighbor -fi'
15: + interp_atmos_master.sh[16]interp_budget='-if :(APCP|ACPCP|PRATE|CPRAT|DZDT): -new_grid_interpolation budget -fi'
15: + interp_atmos_master.sh[17]increased_bits='-if :(APCP|ACPCP|PRATE|CPRAT): -set_grib_max_bits 25 -fi'
15: + interp_atmos_master.sh[21]grid0p25='latlon 0:1440:0.25 90:721:-0.25'
15: + interp_atmos_master.sh[23]grid0p50='latlon 0:720:0.5 90:361:-0.5'
15: + interp_atmos_master.sh[25]grid1p00='latlon 0:360:1.0 90:181:-1.0'
15: + interp_atmos_master.sh[28]source /work2/noaa/global/mterry/global-workflow_forked/ush/product_functions.sh
15: + interp_atmos_master.sh[31]IFS=:
15: + interp_atmos_master.sh[31]read -ra grids
15: + interp_atmos_master.sh[33]output_grids=
15: + interp_atmos_master.sh[34]for grid in "${grids[@]}"
15: + interp_atmos_master.sh[35]gridopt=grid0p25
15: + interp_atmos_master.sh[36]output_grids=' -new_grid latlon 0:1440:0.25 90:721:-0.25 pgb2file_f006_16_0p25'
15: + interp_atmos_master.sh[34]for grid in "${grids[@]}"
15: + interp_atmos_master.sh[35]gridopt=grid0p50
15: + interp_atmos_master.sh[36]output_grids=' -new_grid latlon 0:1440:0.25 90:721:-0.25 pgb2file_f006_16_0p25 -new_grid latlon 0:720:0.5 90:361:-0.5 pgb2file_f006_16_0p50'
15: + interp_atmos_master.sh[34]for grid in "${grids[@]}"
15: + interp_atmos_master.sh[35]gridopt=grid1p00
15: + interp_atmos_master.sh[36]output_grids=' -new_grid latlon 0:1440:0.25 90:721:-0.25 pgb2file_f006_16_0p25 -new_grid latlon 0:720:0.5 90:361:-0.5 pgb2file_f006_16_0p50 -new_grid latlon 0:360:1.0 90:181:-1.0 pgb2file_f006_16_1p00'
15: + interp_atmos_master.sh[40]wgrib2 tmpfile_f006_16 -set_grib_type same -set_bitmap 1 -set_grib_max_bits 16 -new_grid_winds earth -new_grid_interpolation bilinear -if ':(CSNOW|CRAIN|CFRZR|CICEP|ICSEV):' -new_grid_interpolation neighbor -fi -if ':(APCP|ACPCP|PRATE|CPRAT|DZDT):' -new_grid_interpolation budget -fi -if ':(APCP|ACPCP|PRATE|CPRAT):' -set_grib_max_bits 25 -fi -new_grid latlon 0:1440:0.25 90:721:-0.25 pgb2file_f006_16_0p25 -new_grid latlon 0:720:0.5 90:361:-0.5 pgb2file_f006_16_0p50 -new_grid latlon 0:360:1.0 90:181:-1.0 pgb2file_f006_16_1p00
15: 1:0:d=2021032500:ABSV:850 mb:6 hour fcst:
15: 2:21764:d=2021032500:CLMR:850 mb:6 hour fcst:
15: 3:36142:d=2021032500:ICMR:850 mb:6 hour fcst:
15: 4:46081:d=2021032500:RWMR:850 mb:6 hour fcst:
15: 5:55940:d=2021032500:SNMR:850 mb:6 hour fcst:
15: 6:69412:d=2021032500:GRLE:850 mb:6 hour fcst:
15: 7:72293:d=2021032500:O3MR:850 mb:6 hour fcst:
15: 8:99502:d=2021032500:HGT:900 mb:6 hour fcst:
15: 9:124822:d=2021032500:TMP:900 mb:6 hour fcst:
15: 10:146093:d=2021032500:RH:900 mb:6 hour fcst:
15: 11:166251:d=2021032500:TCDC:900 mb:6 hour fcst:
15: 12:180597:d=2021032500:SPFH:900 mb:6 hour fcst:
15: 13:210770:d=2021032500:VVEL:900 mb:6 hour fcst:
15: 14:236027:d=2021032500:DZDT:900 mb:6 hour fcst:
15: 15:262677:d=2021032500:UGRD:900 mb:6 hour fcst:
15: 16:284508:d=2021032500:VGRD:900 mb:6 hour fcst:
15: 17:306805:d=2021032500:ABSV:900 mb:6 hour fcst:
15: 18:328359:d=2021032500:CLMR:900 mb:6 hour fcst:
15: 19:340290:d=2021032500:ICMR:900 mb:6 hour fcst:
15: 20:349352:d=2021032500:RWMR:900 mb:6 hour fcst:
15: 21:360884:d=2021032500:SNMR:900 mb:6 hour fcst:
15: 22:371971:d=2021032500:GRLE:900 mb:6 hour fcst:
15: 23:374936:d=2021032500:O3MR:900 mb:6 hour fcst:
15: 24:401640:d=2021032500:HGT:925 mb:6 hour fcst:
15: 25:427142:d=2021032500:TMP:925 mb:6 hour fcst:
15: 26:448484:d=2021032500:RH:925 mb:6 hour fcst:
15: 27:468464:d=2021032500:TCDC:925 mb:6 hour fcst:
15: 28:481173:d=2021032500:SPFH:925 mb:6 hour fcst:
15: 29:508815:d=2021032500:VVEL:925 mb:6 hour fcst:
15: 30:533801:d=2021032500:DZDT:925 mb:6 hour fcst:
15: 31:559850:d=2021032500:UGRD:925 mb:6 hour fcst:
15: 32:581762:d=2021032500:VGRD:925 mb:6 hour fcst:
15: + interp_atmos_master.sh[47]export err=0
15: + interp_atmos_master.sh[47]err=0
15: + interp_atmos_master.sh[48][[ 0 -ne 0 ]]
15: + interp_atmos_master.sh[54]for grid in "${grids[@]}"
15: + interp_atmos_master.sh[55]trim_rh pgb2file_f006_16_0p25
15: + product_functions.sh[5]local filename=pgb2file_f006_16_0p25
15: + product_functions.sh[6]wgrib2 pgb2file_f006_16_0p25 -not_if :RH: -grib pgb2file_f006_16_0p25.new -if :RH: -rpn '10:*:0.5:+:floor:1000:min:10:/' -set_grib_type same -set_scaling -1 0 -grib_out pgb2file_f006_16_0p25.new
15: 1:0:d=2021032500:ABSV:850 mb:6 hour fcst:
15: 2:529539:d=2021032500:CLMR:850 mb:6 hour fcst:
15: 3:851307:d=2021032500:ICMR:850 mb:6 hour fcst:
15: 4:1093197:d=2021032500:RWMR:850 mb:6 hour fcst:
15: 5:1281480:d=2021032500:SNMR:850 mb:6 hour fcst:
15: 6:1596815:d=2021032500:GRLE:850 mb:6 hour fcst:
15: 7:1648975:d=2021032500:O3MR:850 mb:6 hour fcst:
15: 8:2395813:d=2021032500:HGT:900 mb:6 hour fcst:
15: 9:3071065:d=2021032500:TMP:900 mb:6 hour fcst:
15: 10:3575618:d=2021032500:RH:900 mb:6 hour fcst:
15: 11:4039006:d=2021032500:TCDC:900 mb:6 hour fcst:
15: 12:4327844:d=2021032500:SPFH:900 mb:6 hour fcst:
15: 13:5161169:d=2021032500:VVEL:900 mb:6 hour fcst:
15: 14:5837562:d=2021032500:DZDT:900 mb:6 hour fcst:
15: 15:6566508:d=2021032500:UGRD:900 mb:6 hour fcst:
15: 16:7101546:d=2021032500:VGRD:900 mb:6 hour fcst:
15: 17:7656658:d=2021032500:ABSV:900 mb:6 hour fcst:
15: 18:8181718:d=2021032500:CLMR:900 mb:6 hour fcst:
15: 19:8445194:d=2021032500:ICMR:900 mb:6 hour fcst:
15: 20:8664422:d=2021032500:RWMR:900 mb:6 hour fcst:
15: 21:8892109:d=2021032500:SNMR:900 mb:6 hour fcst:
15: 22:9149757:d=2021032500:GRLE:900 mb:6 hour fcst:
15: 23:9206046:d=2021032500:O3MR:900 mb:6 hour fcst:
15: 24:9938353:d=2021032500:HGT:925 mb:6 hour fcst:
15: 25:10618824:d=2021032500:TMP:925 mb:6 hour fcst:
15: 26:11127860:d=2021032500:RH:925 mb:6 hour fcst:
15: 27:11587358:d=2021032500:TCDC:925 mb:6 hour fcst:
15: 28:11841810:d=2021032500:SPFH:925 mb:6 hour fcst:
15: 29:12595330:d=2021032500:VVEL:925 mb:6 hour fcst:
15: 30:13255349:d=2021032500:DZDT:925 mb:6 hour fcst:
15: 31:13962715:d=2021032500:UGRD:925 mb:6 hour fcst:
15: 32:14500556:d=2021032500:VGRD:925 mb:6 hour fcst:
15: + product_functions.sh[10]rc=0
15: + product_functions.sh[11]((  rc == 0  ))
15: + product_functions.sh[11]mv pgb2file_f006_16_0p25.new pgb2file_f006_16_0p25
15: + product_functions.sh[12]return 0
15: + interp_atmos_master.sh[56]export err=0
15: + interp_atmos_master.sh[56]err=0
15: + interp_atmos_master.sh[57][[ 0 -ne 0 ]]
15: ++ interp_atmos_master.sh[62]wc -l
15: ++ interp_atmos_master.sh[62]wgrib2 pgb2file_f006_16_0p25 -match 'LAND|ICEC'
15: + interp_atmos_master.sh[62]var_count=0
15: + interp_atmos_master.sh[63][[ 0 -eq 2 ]]
15: + interp_atmos_master.sh[54]for grid in "${grids[@]}"
15: + interp_atmos_master.sh[55]trim_rh pgb2file_f006_16_0p50
15: + product_functions.sh[5]local filename=pgb2file_f006_16_0p50
15: + product_functions.sh[6]wgrib2 pgb2file_f006_16_0p50 -not_if :RH: -grib pgb2file_f006_16_0p50.new -if :RH: -rpn '10:*:0.5:+:floor:1000:min:10:/' -set_grib_type same -set_scaling -1 0 -grib_out pgb2file_f006_16_0p50.new
15: 1:0:d=2021032500:ABSV:850 mb:6 hour fcst:
15: 2:182628:d=2021032500:CLMR:850 mb:6 hour fcst:
15: 3:303830:d=2021032500:ICMR:850 mb:6 hour fcst:
15: 4:387906:d=2021032500:RWMR:850 mb:6 hour fcst:
15: 5:457419:d=2021032500:SNMR:850 mb:6 hour fcst:
15: 6:569287:d=2021032500:GRLE:850 mb:6 hour fcst:
15: 7:588995:d=2021032500:O3MR:850 mb:6 hour fcst:
15: 8:843293:d=2021032500:HGT:900 mb:6 hour fcst:
15: 9:1069022:d=2021032500:TMP:900 mb:6 hour fcst:
15: 10:1243590:d=2021032500:RH:900 mb:6 hour fcst:
15: 11:1405861:d=2021032500:TCDC:900 mb:6 hour fcst:
15: 12:1513758:d=2021032500:SPFH:900 mb:6 hour fcst:
15: 13:1800392:d=2021032500:VVEL:900 mb:6 hour fcst:
15: 14:2030800:d=2021032500:DZDT:900 mb:6 hour fcst:
15: 15:2270372:d=2021032500:UGRD:900 mb:6 hour fcst:
15: 16:2454373:d=2021032500:VGRD:900 mb:6 hour fcst:
15: 17:2644777:d=2021032500:ABSV:900 mb:6 hour fcst:
15: 18:2825636:d=2021032500:CLMR:900 mb:6 hour fcst:
15: 19:2922741:d=2021032500:ICMR:900 mb:6 hour fcst:
15: 20:2997692:d=2021032500:RWMR:900 mb:6 hour fcst:
15: 21:3080732:d=2021032500:SNMR:900 mb:6 hour fcst:
15: 22:3171267:d=2021032500:GRLE:900 mb:6 hour fcst:
15: 23:3191768:d=2021032500:O3MR:900 mb:6 hour fcst:
15: 24:3440041:d=2021032500:HGT:925 mb:6 hour fcst:
15: 25:3667432:d=2021032500:TMP:925 mb:6 hour fcst:
15: 26:3843365:d=2021032500:RH:925 mb:6 hour fcst:
15: 27:4004288:d=2021032500:TCDC:925 mb:6 hour fcst:
15: 28:4098901:d=2021032500:SPFH:925 mb:6 hour fcst:
15: 29:4354865:d=2021032500:VVEL:925 mb:6 hour fcst:
15: 30:4579009:d=2021032500:DZDT:925 mb:6 hour fcst:
15: 31:4810797:d=2021032500:UGRD:925 mb:6 hour fcst:
15: 32:4995723:d=2021032500:VGRD:925 mb:6 hour fcst:
15: + product_functions.sh[10]rc=0
15: + product_functions.sh[11]((  rc == 0  ))
15: + product_functions.sh[11]mv pgb2file_f006_16_0p50.new pgb2file_f006_16_0p50
15: + product_functions.sh[12]return 0
15: + interp_atmos_master.sh[56]export err=0
15: + interp_atmos_master.sh[56]err=0
15: + interp_atmos_master.sh[57][[ 0 -ne 0 ]]
15: ++ interp_atmos_master.sh[62]wc -l
15: ++ interp_atmos_master.sh[62]wgrib2 pgb2file_f006_16_0p50 -match 'LAND|ICEC'
15: + interp_atmos_master.sh[62]var_count=0
15: + interp_atmos_master.sh[63][[ 0 -eq 2 ]]
15: + interp_atmos_master.sh[54]for grid in "${grids[@]}"
15: + interp_atmos_master.sh[55]trim_rh pgb2file_f006_16_1p00
15: + product_functions.sh[5]local filename=pgb2file_f006_16_1p00
15: + product_functions.sh[6]wgrib2 pgb2file_f006_16_1p00 -not_if :RH: -grib pgb2file_f006_16_1p00.new -if :RH: -rpn '10:*:0.5:+:floor:1000:min:10:/' -set_grib_type same -set_scaling -1 0 -grib_out pgb2file_f006_16_1p00.new
15: 1:0:d=2021032500:ABSV:850 mb:6 hour fcst:
15: 2:58246:d=2021032500:CLMR:850 mb:6 hour fcst:
15: 3:97855:d=2021032500:ICMR:850 mb:6 hour fcst:
15: 4:124891:d=2021032500:RWMR:850 mb:6 hour fcst:
15: 5:150269:d=2021032500:SNMR:850 mb:6 hour fcst:
15: 6:186906:d=2021032500:GRLE:850 mb:6 hour fcst:
15: 7:194172:d=2021032500:O3MR:850 mb:6 hour fcst:
15: 8:270960:d=2021032500:HGT:900 mb:6 hour fcst:
15: 9:340932:d=2021032500:TMP:900 mb:6 hour fcst:
15: 10:397119:d=2021032500:RH:900 mb:6 hour fcst:
15: 11:449845:d=2021032500:TCDC:900 mb:6 hour fcst:
15: 12:487556:d=2021032500:SPFH:900 mb:6 hour fcst:
15: 13:572195:d=2021032500:VVEL:900 mb:6 hour fcst:
15: 14:642405:d=2021032500:DZDT:900 mb:6 hour fcst:
15: 15:715017:d=2021032500:UGRD:900 mb:6 hour fcst:
15: 16:773731:d=2021032500:VGRD:900 mb:6 hour fcst:
15: 17:834283:d=2021032500:ABSV:900 mb:6 hour fcst:
15: 18:892399:d=2021032500:CLMR:900 mb:6 hour fcst:
15: 19:924967:d=2021032500:ICMR:900 mb:6 hour fcst:
15: 20:949283:d=2021032500:RWMR:900 mb:6 hour fcst:
15: 21:979048:d=2021032500:SNMR:900 mb:6 hour fcst:
15: 22:1008770:d=2021032500:GRLE:900 mb:6 hour fcst:
15: 23:1016369:d=2021032500:O3MR:900 mb:6 hour fcst:
15: 24:1091572:d=2021032500:HGT:925 mb:6 hour fcst:
15: 25:1162129:d=2021032500:TMP:925 mb:6 hour fcst:
15: 26:1218669:d=2021032500:RH:925 mb:6 hour fcst:
15: 27:1271002:d=2021032500:TCDC:925 mb:6 hour fcst:
15: 28:1304482:d=2021032500:SPFH:925 mb:6 hour fcst:
15: 29:1381055:d=2021032500:VVEL:925 mb:6 hour fcst:
15: 30:1450068:d=2021032500:DZDT:925 mb:6 hour fcst:
15: 31:1520867:d=2021032500:UGRD:925 mb:6 hour fcst:
15: 32:1579838:d=2021032500:VGRD:925 mb:6 hour fcst:
15: + product_functions.sh[10]rc=0
15: + product_functions.sh[11]((  rc == 0  ))
15: + product_functions.sh[11]mv pgb2file_f006_16_1p00.new pgb2file_f006_16_1p00
15: + product_functions.sh[12]return 0
15: + interp_atmos_master.sh[56]export err=0
15: + interp_atmos_master.sh[56]err=0
15: + interp_atmos_master.sh[57][[ 0 -ne 0 ]]
15: ++ interp_atmos_master.sh[62]wc -l
15: ++ interp_atmos_master.sh[62]wgrib2 pgb2file_f006_16_1p00 -match 'LAND|ICEC'
15: + interp_atmos_master.sh[62]var_count=0
15: + interp_atmos_master.sh[63][[ 0 -eq 2 ]]
15: + interp_atmos_master.sh[73]exit 0
14: + bash[8]'[' -z '' ']'
14: + bash[9]case "$-" in
14: + bash[12]__lmod_vx=x
14: + bash[16]'[' -n x ']'
14: + bash[16]set +x
14: Shell debugging temporarily silenced: export LMOD_SH_DBG_ON=1 for this output (/apps/other/lmod/lmod/init/bash)
14: Shell debugging restarted
14: + bash[224]unset __lmod_vx
14: + interp_atmos_master.sh[7]input_file=tmpfile_f006_15
14: + interp_atmos_master.sh[8]output_file_prefix=pgb2file_f006_15
14: + interp_atmos_master.sh[9]grid_string=0p25:0p50:1p00
14: + interp_atmos_master.sh[12]defaults='-set_grib_type same -set_bitmap 1 -set_grib_max_bits 16'
14: + interp_atmos_master.sh[13]interp_winds='-new_grid_winds earth'
14: + interp_atmos_master.sh[14]interp_bilinear='-new_grid_interpolation bilinear'
14: + interp_atmos_master.sh[15]interp_neighbor='-if :(CSNOW|CRAIN|CFRZR|CICEP|ICSEV): -new_grid_interpolation neighbor -fi'
14: + interp_atmos_master.sh[16]interp_budget='-if :(APCP|ACPCP|PRATE|CPRAT|DZDT): -new_grid_interpolation budget -fi'
14: + interp_atmos_master.sh[17]increased_bits='-if :(APCP|ACPCP|PRATE|CPRAT): -set_grib_max_bits 25 -fi'
14: + interp_atmos_master.sh[21]grid0p25='latlon 0:1440:0.25 90:721:-0.25'
14: + interp_atmos_master.sh[23]grid0p50='latlon 0:720:0.5 90:361:-0.5'
14: + interp_atmos_master.sh[25]grid1p00='latlon 0:360:1.0 90:181:-1.0'
14: + interp_atmos_master.sh[28]source /work2/noaa/global/mterry/global-workflow_forked/ush/product_functions.sh
14: + interp_atmos_master.sh[31]IFS=:
14: + interp_atmos_master.sh[31]read -ra grids
14: + interp_atmos_master.sh[33]output_grids=
14: + interp_atmos_master.sh[34]for grid in "${grids[@]}"
14: + interp_atmos_master.sh[35]gridopt=grid0p25
14: + interp_atmos_master.sh[36]output_grids=' -new_grid latlon 0:1440:0.25 90:721:-0.25 pgb2file_f006_15_0p25'
14: + interp_atmos_master.sh[34]for grid in "${grids[@]}"
14: + interp_atmos_master.sh[35]gridopt=grid0p50
14: + interp_atmos_master.sh[36]output_grids=' -new_grid latlon 0:1440:0.25 90:721:-0.25 pgb2file_f006_15_0p25 -new_grid latlon 0:720:0.5 90:361:-0.5 pgb2file_f006_15_0p50'
14: + interp_atmos_master.sh[34]for grid in "${grids[@]}"
14: + interp_atmos_master.sh[35]gridopt=grid1p00
14: + interp_atmos_master.sh[36]output_grids=' -new_grid latlon 0:1440:0.25 90:721:-0.25 pgb2file_f006_15_0p25 -new_grid latlon 0:720:0.5 90:361:-0.5 pgb2file_f006_15_0p50 -new_grid latlon 0:360:1.0 90:181:-1.0 pgb2file_f006_15_1p00'
14: + interp_atmos_master.sh[40]wgrib2 tmpfile_f006_15 -set_grib_type same -set_bitmap 1 -set_grib_max_bits 16 -new_grid_winds earth -new_grid_interpolation bilinear -if ':(CSNOW|CRAIN|CFRZR|CICEP|ICSEV):' -new_grid_interpolation neighbor -fi -if ':(APCP|ACPCP|PRATE|CPRAT|DZDT):' -new_grid_interpolation budget -fi -if ':(APCP|ACPCP|PRATE|CPRAT):' -set_grib_max_bits 25 -fi -new_grid latlon 0:1440:0.25 90:721:-0.25 pgb2file_f006_15_0p25 -new_grid latlon 0:720:0.5 90:361:-0.5 pgb2file_f006_15_0p50 -new_grid latlon 0:360:1.0 90:181:-1.0 pgb2file_f006_15_1p00
14: 1:0:d=2021032500:ABSV:750 mb:6 hour fcst:
14: 2:21605:d=2021032500:CLMR:750 mb:6 hour fcst:
14: 3:31140:d=2021032500:ICMR:750 mb:6 hour fcst:
14: 4:43145:d=2021032500:RWMR:750 mb:6 hour fcst:
14: 5:48548:d=2021032500:SNMR:750 mb:6 hour fcst:
14: 6:62950:d=2021032500:GRLE:750 mb:6 hour fcst:
14: 7:64980:d=2021032500:O3MR:750 mb:6 hour fcst:
14: 8:87464:d=2021032500:HGT:800 mb:6 hour fcst:
14: 9:112432:d=2021032500:TMP:800 mb:6 hour fcst:
14: 10:133132:d=2021032500:RH:800 mb:6 hour fcst:
14: 11:153632:d=2021032500:TCDC:800 mb:6 hour fcst:
14: 12:167151:d=2021032500:SPFH:800 mb:6 hour fcst:
14: 13:196957:d=2021032500:VVEL:800 mb:6 hour fcst:
14: 14:223109:d=2021032500:DZDT:800 mb:6 hour fcst:
14: 15:250700:d=2021032500:UGRD:800 mb:6 hour fcst:
14: 16:272399:d=2021032500:VGRD:800 mb:6 hour fcst:
14: 17:294681:d=2021032500:ABSV:800 mb:6 hour fcst:
14: 18:316452:d=2021032500:CLMR:800 mb:6 hour fcst:
14: 19:328502:d=2021032500:ICMR:800 mb:6 hour fcst:
14: 20:339596:d=2021032500:RWMR:800 mb:6 hour fcst:
14: 21:347411:d=2021032500:SNMR:800 mb:6 hour fcst:
14: 22:362102:d=2021032500:GRLE:800 mb:6 hour fcst:
14: 23:364379:d=2021032500:O3MR:800 mb:6 hour fcst:
14: 24:392115:d=2021032500:HGT:850 mb:6 hour fcst:
14: 25:417281:d=2021032500:TMP:850 mb:6 hour fcst:
14: 26:438429:d=2021032500:RH:850 mb:6 hour fcst:
14: 27:458890:d=2021032500:TCDC:850 mb:6 hour fcst:
14: 28:473903:d=2021032500:SPFH:850 mb:6 hour fcst:
14: 29:503910:d=2021032500:VVEL:850 mb:6 hour fcst:
14: 30:529800:d=2021032500:DZDT:850 mb:6 hour fcst:
14: 31:557034:d=2021032500:UGRD:850 mb:6 hour fcst:
14: 32:578707:d=2021032500:VGRD:850 mb:6 hour fcst:
14: + interp_atmos_master.sh[47]export err=0
14: + interp_atmos_master.sh[47]err=0
14: + interp_atmos_master.sh[48][[ 0 -ne 0 ]]
14: + interp_atmos_master.sh[54]for grid in "${grids[@]}"
14: + interp_atmos_master.sh[55]trim_rh pgb2file_f006_15_0p25
14: + product_functions.sh[5]local filename=pgb2file_f006_15_0p25
14: + product_functions.sh[6]wgrib2 pgb2file_f006_15_0p25 -not_if :RH: -grib pgb2file_f006_15_0p25.new -if :RH: -rpn '10:*:0.5:+:floor:1000:min:10:/' -set_grib_type same -set_scaling -1 0 -grib_out pgb2file_f006_15_0p25.new
14: 1:0:d=2021032500:ABSV:750 mb:6 hour fcst:
14: 2:530300:d=2021032500:CLMR:750 mb:6 hour fcst:
14: 3:733065:d=2021032500:ICMR:750 mb:6 hour fcst:
14: 4:1024474:d=2021032500:RWMR:750 mb:6 hour fcst:
14: 5:1120121:d=2021032500:SNMR:750 mb:6 hour fcst:
14: 6:1442961:d=2021032500:GRLE:750 mb:6 hour fcst:
14: 7:1475751:d=2021032500:O3MR:750 mb:6 hour fcst:
14: 8:2038792:d=2021032500:HGT:800 mb:6 hour fcst:
14: 9:2701088:d=2021032500:TMP:800 mb:6 hour fcst:
14: 10:3189250:d=2021032500:RH:800 mb:6 hour fcst:
14: 11:3670383:d=2021032500:TCDC:800 mb:6 hour fcst:
14: 12:3949249:d=2021032500:SPFH:800 mb:6 hour fcst:
14: 13:4761764:d=2021032500:VVEL:800 mb:6 hour fcst:
14: 14:5464896:d=2021032500:DZDT:800 mb:6 hour fcst:
14: 15:6235417:d=2021032500:UGRD:800 mb:6 hour fcst:
14: 16:6767337:d=2021032500:VGRD:800 mb:6 hour fcst:
14: 17:7328678:d=2021032500:ABSV:800 mb:6 hour fcst:
14: 18:7858614:d=2021032500:CLMR:800 mb:6 hour fcst:
14: 19:8127936:d=2021032500:ICMR:800 mb:6 hour fcst:
14: 20:8393265:d=2021032500:RWMR:800 mb:6 hour fcst:
14: 21:8538345:d=2021032500:SNMR:800 mb:6 hour fcst:
14: 22:8873398:d=2021032500:GRLE:800 mb:6 hour fcst:
14: 23:8913759:d=2021032500:O3MR:800 mb:6 hour fcst:
14: 24:9674362:d=2021032500:HGT:850 mb:6 hour fcst:
14: 25:10341363:d=2021032500:TMP:850 mb:6 hour fcst:
14: 26:10844523:d=2021032500:RH:850 mb:6 hour fcst:
14: 27:11327362:d=2021032500:TCDC:850 mb:6 hour fcst:
14: 28:11639080:d=2021032500:SPFH:850 mb:6 hour fcst:
14: 29:12455244:d=2021032500:VVEL:850 mb:6 hour fcst:
14: 30:13150683:d=2021032500:DZDT:850 mb:6 hour fcst:
14: 31:13906721:d=2021032500:UGRD:850 mb:6 hour fcst:
14: 32:14441101:d=2021032500:VGRD:850 mb:6 hour fcst:
14: + product_functions.sh[10]rc=0
14: + product_functions.sh[11]((  rc == 0  ))
14: + product_functions.sh[11]mv pgb2file_f006_15_0p25.new pgb2file_f006_15_0p25
14: + product_functions.sh[12]return 0
14: + interp_atmos_master.sh[56]export err=0
14: + interp_atmos_master.sh[56]err=0
14: + interp_atmos_master.sh[57][[ 0 -ne 0 ]]
14: ++ interp_atmos_master.sh[62]wc -l
14: ++ interp_atmos_master.sh[62]wgrib2 pgb2file_f006_15_0p25 -match 'LAND|ICEC'
14: + interp_atmos_master.sh[62]var_count=0
14: + interp_atmos_master.sh[63][[ 0 -eq 2 ]]
14: + interp_atmos_master.sh[54]for grid in "${grids[@]}"
14: + interp_atmos_master.sh[55]trim_rh pgb2file_f006_15_0p50
14: + product_functions.sh[5]local filename=pgb2file_f006_15_0p50
14: + product_functions.sh[6]wgrib2 pgb2file_f006_15_0p50 -not_if :RH: -grib pgb2file_f006_15_0p50.new -if :RH: -rpn '10:*:0.5:+:floor:1000:min:10:/' -set_grib_type same -set_scaling -1 0 -grib_out pgb2file_f006_15_0p50.new
14: 1:0:d=2021032500:ABSV:750 mb:6 hour fcst:
14: 2:181179:d=2021032500:CLMR:750 mb:6 hour fcst:
14: 3:258109:d=2021032500:ICMR:750 mb:6 hour fcst:
14: 4:359514:d=2021032500:RWMR:750 mb:6 hour fcst:
14: 5:395069:d=2021032500:SNMR:750 mb:6 hour fcst:
14: 6:510212:d=2021032500:GRLE:750 mb:6 hour fcst:
14: 7:522677:d=2021032500:O3MR:750 mb:6 hour fcst:
14: 8:714882:d=2021032500:HGT:800 mb:6 hour fcst:
14: 9:935629:d=2021032500:TMP:800 mb:6 hour fcst:
14: 10:1104432:d=2021032500:RH:800 mb:6 hour fcst:
14: 11:1272726:d=2021032500:TCDC:800 mb:6 hour fcst:
14: 12:1377035:d=2021032500:SPFH:800 mb:6 hour fcst:
14: 13:1662648:d=2021032500:VVEL:800 mb:6 hour fcst:
14: 14:1902937:d=2021032500:DZDT:800 mb:6 hour fcst:
14: 15:2156597:d=2021032500:UGRD:800 mb:6 hour fcst:
14: 16:2339239:d=2021032500:VGRD:800 mb:6 hour fcst:
14: 17:2531009:d=2021032500:ABSV:800 mb:6 hour fcst:
14: 18:2713324:d=2021032500:CLMR:800 mb:6 hour fcst:
14: 19:2813075:d=2021032500:ICMR:800 mb:6 hour fcst:
14: 20:2905774:d=2021032500:RWMR:800 mb:6 hour fcst:
14: 21:2959659:d=2021032500:SNMR:800 mb:6 hour fcst:
14: 22:3080567:d=2021032500:GRLE:800 mb:6 hour fcst:
14: 23:3095704:d=2021032500:O3MR:800 mb:6 hour fcst:
14: 24:3354858:d=2021032500:HGT:850 mb:6 hour fcst:
14: 25:3577511:d=2021032500:TMP:850 mb:6 hour fcst:
14: 26:3750906:d=2021032500:RH:850 mb:6 hour fcst:
14: 27:3917350:d=2021032500:TCDC:850 mb:6 hour fcst:
14: 28:4035436:d=2021032500:SPFH:850 mb:6 hour fcst:
14: 29:4322485:d=2021032500:VVEL:850 mb:6 hour fcst:
14: 30:4559932:d=2021032500:DZDT:850 mb:6 hour fcst:
14: 31:4809045:d=2021032500:UGRD:850 mb:6 hour fcst:
14: 32:4992158:d=2021032500:VGRD:850 mb:6 hour fcst:
14: + product_functions.sh[10]rc=0
14: + product_functions.sh[11]((  rc == 0  ))
14: + product_functions.sh[11]mv pgb2file_f006_15_0p50.new pgb2file_f006_15_0p50
14: + product_functions.sh[12]return 0
14: + interp_atmos_master.sh[56]export err=0
14: + interp_atmos_master.sh[56]err=0
14: + interp_atmos_master.sh[57][[ 0 -ne 0 ]]
14: ++ interp_atmos_master.sh[62]wc -l
14: ++ interp_atmos_master.sh[62]wgrib2 pgb2file_f006_15_0p50 -match 'LAND|ICEC'
14: + interp_atmos_master.sh[62]var_count=0
14: + interp_atmos_master.sh[63][[ 0 -eq 2 ]]
14: + interp_atmos_master.sh[54]for grid in "${grids[@]}"
14: + interp_atmos_master.sh[55]trim_rh pgb2file_f006_15_1p00
14: + product_functions.sh[5]local filename=pgb2file_f006_15_1p00
14: + product_functions.sh[6]wgrib2 pgb2file_f006_15_1p00 -not_if :RH: -grib pgb2file_f006_15_1p00.new -if :RH: -rpn '10:*:0.5:+:floor:1000:min:10:/' -set_grib_type same -set_scaling -1 0 -grib_out pgb2file_f006_15_1p00.new
14: 1:0:d=2021032500:ABSV:750 mb:6 hour fcst:
14: 2:58104:d=2021032500:CLMR:750 mb:6 hour fcst:
14: 3:84465:d=2021032500:ICMR:750 mb:6 hour fcst:
14: 4:117474:d=2021032500:RWMR:750 mb:6 hour fcst:
14: 5:130808:d=2021032500:SNMR:750 mb:6 hour fcst:
14: 6:169019:d=2021032500:GRLE:750 mb:6 hour fcst:
14: 7:173997:d=2021032500:O3MR:750 mb:6 hour fcst:
14: 8:234516:d=2021032500:HGT:800 mb:6 hour fcst:
14: 9:302888:d=2021032500:TMP:800 mb:6 hour fcst:
14: 10:357508:d=2021032500:RH:800 mb:6 hour fcst:
14: 11:411786:d=2021032500:TCDC:800 mb:6 hour fcst:
14: 12:448175:d=2021032500:SPFH:800 mb:6 hour fcst:
14: 13:532510:d=2021032500:VVEL:800 mb:6 hour fcst:
14: 14:605633:d=2021032500:DZDT:800 mb:6 hour fcst:
14: 15:681814:d=2021032500:UGRD:800 mb:6 hour fcst:
14: 16:739917:d=2021032500:VGRD:800 mb:6 hour fcst:
14: 17:800587:d=2021032500:ABSV:800 mb:6 hour fcst:
14: 18:858728:d=2021032500:CLMR:800 mb:6 hour fcst:
14: 19:892302:d=2021032500:ICMR:800 mb:6 hour fcst:
14: 20:922387:d=2021032500:RWMR:800 mb:6 hour fcst:
14: 21:942165:d=2021032500:SNMR:800 mb:6 hour fcst:
14: 22:981868:d=2021032500:GRLE:800 mb:6 hour fcst:
14: 23:987440:d=2021032500:O3MR:800 mb:6 hour fcst:
14: 24:1065352:d=2021032500:HGT:850 mb:6 hour fcst:
14: 25:1134304:d=2021032500:TMP:850 mb:6 hour fcst:
14: 26:1190012:d=2021032500:RH:850 mb:6 hour fcst:
14: 27:1243835:d=2021032500:TCDC:850 mb:6 hour fcst:
14: 28:1283936:d=2021032500:SPFH:850 mb:6 hour fcst:
14: 29:1368776:d=2021032500:VVEL:850 mb:6 hour fcst:
14: 30:1440720:d=2021032500:DZDT:850 mb:6 hour fcst:
14: 31:1515611:d=2021032500:UGRD:850 mb:6 hour fcst:
14: 32:1573818:d=2021032500:VGRD:850 mb:6 hour fcst:
14: + product_functions.sh[10]rc=0
14: + product_functions.sh[11]((  rc == 0  ))
14: + product_functions.sh[11]mv pgb2file_f006_15_1p00.new pgb2file_f006_15_1p00
14: + product_functions.sh[12]return 0
14: + interp_atmos_master.sh[56]export err=0
14: + interp_atmos_master.sh[56]err=0
14: + interp_atmos_master.sh[57][[ 0 -ne 0 ]]
14: ++ interp_atmos_master.sh[62]wc -l
14: ++ interp_atmos_master.sh[62]wgrib2 pgb2file_f006_15_1p00 -match 'LAND|ICEC'
14: + interp_atmos_master.sh[62]var_count=0
14: + interp_atmos_master.sh[63][[ 0 -eq 2 ]]
14: + interp_atmos_master.sh[73]exit 0
18: + bash[8]'[' -z '' ']'
18: + bash[9]case "$-" in
18: + bash[12]__lmod_vx=x
18: + bash[16]'[' -n x ']'
18: + bash[16]set +x
18: Shell debugging temporarily silenced: export LMOD_SH_DBG_ON=1 for this output (/apps/other/lmod/lmod/init/bash)
18: Shell debugging restarted
18: + bash[224]unset __lmod_vx
18: + interp_atmos_master.sh[7]input_file=tmpfile_f006_19
18: + interp_atmos_master.sh[8]output_file_prefix=pgb2file_f006_19
18: + interp_atmos_master.sh[9]grid_string=0p25:0p50:1p00
18: + interp_atmos_master.sh[12]defaults='-set_grib_type same -set_bitmap 1 -set_grib_max_bits 16'
18: + interp_atmos_master.sh[13]interp_winds='-new_grid_winds earth'
18: + interp_atmos_master.sh[14]interp_bilinear='-new_grid_interpolation bilinear'
18: + interp_atmos_master.sh[15]interp_neighbor='-if :(CSNOW|CRAIN|CFRZR|CICEP|ICSEV): -new_grid_interpolation neighbor -fi'
18: + interp_atmos_master.sh[16]interp_budget='-if :(APCP|ACPCP|PRATE|CPRAT|DZDT): -new_grid_interpolation budget -fi'
18: + interp_atmos_master.sh[17]increased_bits='-if :(APCP|ACPCP|PRATE|CPRAT): -set_grib_max_bits 25 -fi'
18: + interp_atmos_master.sh[21]grid0p25='latlon 0:1440:0.25 90:721:-0.25'
18: + interp_atmos_master.sh[23]grid0p50='latlon 0:720:0.5 90:361:-0.5'
18: + interp_atmos_master.sh[25]grid1p00='latlon 0:360:1.0 90:181:-1.0'
18: + interp_atmos_master.sh[28]source /work2/noaa/global/mterry/global-workflow_forked/ush/product_functions.sh
18: + interp_atmos_master.sh[31]IFS=:
18: + interp_atmos_master.sh[31]read -ra grids
18: + interp_atmos_master.sh[33]output_grids=
18: + interp_atmos_master.sh[34]for grid in "${grids[@]}"
18: + interp_atmos_master.sh[35]gridopt=grid0p25
18: + interp_atmos_master.sh[36]output_grids=' -new_grid latlon 0:1440:0.25 90:721:-0.25 pgb2file_f006_19_0p25'
18: + interp_atmos_master.sh[34]for grid in "${grids[@]}"
18: + interp_atmos_master.sh[35]gridopt=grid0p50
18: + interp_atmos_master.sh[36]output_grids=' -new_grid latlon 0:1440:0.25 90:721:-0.25 pgb2file_f006_19_0p25 -new_grid latlon 0:720:0.5 90:361:-0.5 pgb2file_f006_19_0p50'
18: + interp_atmos_master.sh[34]for grid in "${grids[@]}"
18: + interp_atmos_master.sh[35]gridopt=grid1p00
18: + interp_atmos_master.sh[36]output_grids=' -new_grid latlon 0:1440:0.25 90:721:-0.25 pgb2file_f006_19_0p25 -new_grid latlon 0:720:0.5 90:361:-0.5 pgb2file_f006_19_0p50 -new_grid latlon 0:360:1.0 90:181:-1.0 pgb2file_f006_19_1p00'
18: + interp_atmos_master.sh[40]wgrib2 tmpfile_f006_19 -set_grib_type same -set_bitmap 1 -set_grib_max_bits 16 -new_grid_winds earth -new_grid_interpolation bilinear -if ':(CSNOW|CRAIN|CFRZR|CICEP|ICSEV):' -new_grid_interpolation neighbor -fi -if ':(APCP|ACPCP|PRATE|CPRAT|DZDT):' -new_grid_interpolation budget -fi -if ':(APCP|ACPCP|PRATE|CPRAT):' -set_grib_max_bits 25 -fi -new_grid latlon 0:1440:0.25 90:721:-0.25 pgb2file_f006_19_0p25 -new_grid latlon 0:720:0.5 90:361:-0.5 pgb2file_f006_19_0p50 -new_grid latlon 0:360:1.0 90:181:-1.0 pgb2file_f006_19_1p00
18: 1:0:d=2021032500:TMP:surface:6 hour fcst:
18: 2:16787:d=2021032500:TSOIL:0-0.1 m below ground:6 hour fcst:
18: 3:28956:d=2021032500:SOILW:0-0.1 m below ground:6 hour fcst:
18: 4:37938:d=2021032500:SOILL:0-0.1 m below ground:6 hour fcst:
18: 5:46703:d=2021032500:TSOIL:0.1-0.4 m below ground:6 hour fcst:
18: 6:62580:d=2021032500:SOILW:0.1-0.4 m below ground:6 hour fcst:
18: 7:71607:d=2021032500:SOILL:0.1-0.4 m below ground:6 hour fcst:
18: 8:80471:d=2021032500:TSOIL:0.4-1 m below ground:6 hour fcst:
18: 9:95089:d=2021032500:SOILW:0.4-1 m below ground:6 hour fcst:
18: 10:104189:d=2021032500:SOILL:0.4-1 m below ground:6 hour fcst:
18: 11:113062:d=2021032500:TSOIL:1-2 m below ground:6 hour fcst:
18: 12:127507:d=2021032500:SOILW:1-2 m below ground:6 hour fcst:
18: 13:136501:d=2021032500:SOILL:1-2 m below ground:6 hour fcst:
18: 14:145414:d=2021032500:CNWAT:surface:6 hour fcst:
18: 15:151117:d=2021032500:WEASD:surface:6 hour fcst:
18: 16:164362:d=2021032500:SNOD:surface:6 hour fcst:
18: 17:179483:d=2021032500:PEVPR:surface:6 hour fcst:
18: 18:195947:d=2021032500:ICETK:surface:6 hour fcst:
18: 19:198370:d=2021032500:TMP:2 m above ground:6 hour fcst:
18: 20:219379:d=2021032500:SPFH:2 m above ground:6 hour fcst:
18: 21:246074:d=2021032500:DPT:2 m above ground:6 hour fcst:
18: 22:267722:d=2021032500:RH:2 m above ground:6 hour fcst:
18: 23:286500:d=2021032500:APTMP:2 m above ground:6 hour fcst:
18: 24:301166:d=2021032500:TMAX:2 m above ground:0-6 hour max fcst:
18: 25:322262:d=2021032500:TMIN:2 m above ground:0-6 hour min fcst:
18: 26:343324:d=2021032500:UGRD:10 m above ground:6 hour fcst:
18: 27:364130:d=2021032500:VGRD:10 m above ground:6 hour fcst:
18: 28:385398:d=2021032500:ICEG:10 m above mean sea level:6 hour fcst:
18: 29:385707:d=2021032500:CPOFP:surface:6 hour fcst:
18: 30:406100:d=2021032500:CPRAT:surface:6 hour fcst:
18: 31:427558:d=2021032500:PRATE:surface:6 hour fcst:
18: + interp_atmos_master.sh[47]export err=0
18: + interp_atmos_master.sh[47]err=0
18: + interp_atmos_master.sh[48][[ 0 -ne 0 ]]
18: + interp_atmos_master.sh[54]for grid in "${grids[@]}"
18: + interp_atmos_master.sh[55]trim_rh pgb2file_f006_19_0p25
18: + product_functions.sh[5]local filename=pgb2file_f006_19_0p25
18: + product_functions.sh[6]wgrib2 pgb2file_f006_19_0p25 -not_if :RH: -grib pgb2file_f006_19_0p25.new -if :RH: -rpn '10:*:0.5:+:floor:1000:min:10:/' -set_grib_type same -set_scaling -1 0 -grib_out pgb2file_f006_19_0p25.new
18: 1:0:d=2021032500:TMP:surface:6 hour fcst:
18: 2:344508:d=2021032500:TSOIL:0-0.1 m below ground:6 hour fcst:
18: 3:679197:d=2021032500:SOILW:0-0.1 m below ground:6 hour fcst:
18: 4:966612:d=2021032500:SOILL:0-0.1 m below ground:6 hour fcst:
18: 5:1252509:d=2021032500:TSOIL:0.1-0.4 m below ground:6 hour fcst:
18: 6:1713101:d=2021032500:SOILW:0.1-0.4 m below ground:6 hour fcst:
18: 7:2003512:d=2021032500:SOILL:0.1-0.4 m below ground:6 hour fcst:
18: 8:2295889:d=2021032500:TSOIL:0.4-1 m below ground:6 hour fcst:
18: 9:2728764:d=2021032500:SOILW:0.4-1 m below ground:6 hour fcst:
18: 10:3023051:d=2021032500:SOILL:0.4-1 m below ground:6 hour fcst:
18: 11:3317029:d=2021032500:TSOIL:1-2 m below ground:6 hour fcst:
18: 12:3742311:d=2021032500:SOILW:1-2 m below ground:6 hour fcst:
18: 13:4032925:d=2021032500:SOILL:1-2 m below ground:6 hour fcst:
18: 14:4328167:d=2021032500:CNWAT:surface:6 hour fcst:
18: 15:4517297:d=2021032500:WEASD:surface:6 hour fcst:
18: 16:4890398:d=2021032500:SNOD:surface:6 hour fcst:
18: 17:5300794:d=2021032500:PEVPR:surface:6 hour fcst:
18: 18:5799309:d=2021032500:ICETK:surface:6 hour fcst:
18: 19:5834121:d=2021032500:TMP:2 m above ground:6 hour fcst:
18: 20:6328199:d=2021032500:SPFH:2 m above ground:6 hour fcst:
18: 21:7063996:d=2021032500:DPT:2 m above ground:6 hour fcst:
18: 22:7581151:d=2021032500:RH:2 m above ground:6 hour fcst:
18: 23:7997119:d=2021032500:APTMP:2 m above ground:6 hour fcst:
18: 24:8311313:d=2021032500:TMAX:2 m above ground:0-6 hour max fcst:
18: 25:8806042:d=2021032500:TMIN:2 m above ground:0-6 hour min fcst:
18: 26:9301825:d=2021032500:UGRD:10 m above ground:6 hour fcst:
18: 27:9811547:d=2021032500:VGRD:10 m above ground:6 hour fcst:
18: 28:10332602:d=2021032500:ICEG:10 m above mean sea level:6 hour fcst:
18: 29:10335357:d=2021032500:CPOFP:surface:6 hour fcst:
18: 30:10760633:d=2021032500:CPRAT:surface:6 hour fcst:
18: 31:11288540:d=2021032500:PRATE:surface:6 hour fcst:
18: + product_functions.sh[10]rc=0
18: + product_functions.sh[11]((  rc == 0  ))
18: + product_functions.sh[11]mv pgb2file_f006_19_0p25.new pgb2file_f006_19_0p25
18: + product_functions.sh[12]return 0
18: + interp_atmos_master.sh[56]export err=0
18: + interp_atmos_master.sh[56]err=0
18: + interp_atmos_master.sh[57][[ 0 -ne 0 ]]
18: ++ interp_atmos_master.sh[62]wc -l
18: ++ interp_atmos_master.sh[62]wgrib2 pgb2file_f006_19_0p25 -match 'LAND|ICEC'
18: + interp_atmos_master.sh[62]var_count=0
18: + interp_atmos_master.sh[63][[ 0 -eq 2 ]]
18: + interp_atmos_master.sh[54]for grid in "${grids[@]}"
18: + interp_atmos_master.sh[55]trim_rh pgb2file_f006_19_0p50
18: + product_functions.sh[5]local filename=pgb2file_f006_19_0p50
18: + product_functions.sh[6]wgrib2 pgb2file_f006_19_0p50 -not_if :RH: -grib pgb2file_f006_19_0p50.new -if :RH: -rpn '10:*:0.5:+:floor:1000:min:10:/' -set_grib_type same -set_scaling -1 0 -grib_out pgb2file_f006_19_0p50.new
18: 1:0:d=2021032500:TMP:surface:6 hour fcst:
18: 2:119817:d=2021032500:TSOIL:0-0.1 m below ground:6 hour fcst:
18: 3:225522:d=2021032500:SOILW:0-0.1 m below ground:6 hour fcst:
18: 4:313555:d=2021032500:SOILL:0-0.1 m below ground:6 hour fcst:
18: 5:400507:d=2021032500:TSOIL:0.1-0.4 m below ground:6 hour fcst:
18: 6:548179:d=2021032500:SOILW:0.1-0.4 m below ground:6 hour fcst:
18: 7:636758:d=2021032500:SOILL:0.1-0.4 m below ground:6 hour fcst:
18: 8:725087:d=2021032500:TSOIL:0.4-1 m below ground:6 hour fcst:
18: 9:862674:d=2021032500:SOILW:0.4-1 m below ground:6 hour fcst:
18: 10:952452:d=2021032500:SOILL:0.4-1 m below ground:6 hour fcst:
18: 11:1041455:d=2021032500:TSOIL:1-2 m below ground:6 hour fcst:
18: 12:1176797:d=2021032500:SOILW:1-2 m below ground:6 hour fcst:
18: 13:1265144:d=2021032500:SOILL:1-2 m below ground:6 hour fcst:
18: 14:1354290:d=2021032500:CNWAT:surface:6 hour fcst:
18: 15:1408417:d=2021032500:WEASD:surface:6 hour fcst:
18: 16:1533371:d=2021032500:SNOD:surface:6 hour fcst:
18: 17:1673297:d=2021032500:PEVPR:surface:6 hour fcst:
18: 18:1830719:d=2021032500:ICETK:surface:6 hour fcst:
18: 19:1843836:d=2021032500:TMP:2 m above ground:6 hour fcst:
18: 20:2014755:d=2021032500:SPFH:2 m above ground:6 hour fcst:
18: 21:2263414:d=2021032500:DPT:2 m above ground:6 hour fcst:
18: 22:2441849:d=2021032500:RH:2 m above ground:6 hour fcst:
18: 23:2587322:d=2021032500:APTMP:2 m above ground:6 hour fcst:
18: 24:2689069:d=2021032500:TMAX:2 m above ground:0-6 hour max fcst:
18: 25:2860295:d=2021032500:TMIN:2 m above ground:0-6 hour min fcst:
18: 26:3031542:d=2021032500:UGRD:10 m above ground:6 hour fcst:
18: 27:3205606:d=2021032500:VGRD:10 m above ground:6 hour fcst:
18: 28:3384146:d=2021032500:ICEG:10 m above mean sea level:6 hour fcst:
18: 29:3385288:d=2021032500:CPOFP:surface:6 hour fcst:
18: 30:3546715:d=2021032500:CPRAT:surface:6 hour fcst:
18: 31:3733009:d=2021032500:PRATE:surface:6 hour fcst:
18: + product_functions.sh[10]rc=0
18: + product_functions.sh[11]((  rc == 0  ))
18: + product_functions.sh[11]mv pgb2file_f006_19_0p50.new pgb2file_f006_19_0p50
18: + product_functions.sh[12]return 0
18: + interp_atmos_master.sh[56]export err=0
18: + interp_atmos_master.sh[56]err=0
18: + interp_atmos_master.sh[57][[ 0 -ne 0 ]]
18: ++ interp_atmos_master.sh[62]wc -l
18: ++ interp_atmos_master.sh[62]wgrib2 pgb2file_f006_19_0p50 -match 'LAND|ICEC'
18: + interp_atmos_master.sh[62]var_count=0
18: + interp_atmos_master.sh[63][[ 0 -eq 2 ]]
18: + interp_atmos_master.sh[54]for grid in "${grids[@]}"
18: + interp_atmos_master.sh[55]trim_rh pgb2file_f006_19_1p00
18: + product_functions.sh[5]local filename=pgb2file_f006_19_1p00
18: + product_functions.sh[6]wgrib2 pgb2file_f006_19_1p00 -not_if :RH: -grib pgb2file_f006_19_1p00.new -if :RH: -rpn '10:*:0.5:+:floor:1000:min:10:/' -set_grib_type same -set_scaling -1 0 -grib_out pgb2file_f006_19_1p00.new
18: 1:0:d=2021032500:TMP:surface:6 hour fcst:
18: 2:41378:d=2021032500:TSOIL:0-0.1 m below ground:6 hour fcst:
18: 3:74541:d=2021032500:SOILW:0-0.1 m below ground:6 hour fcst:
18: 4:100537:d=2021032500:SOILL:0-0.1 m below ground:6 hour fcst:
18: 5:126161:d=2021032500:TSOIL:0.1-0.4 m below ground:6 hour fcst:
18: 6:170633:d=2021032500:SOILW:0.1-0.4 m below ground:6 hour fcst:
18: 7:196737:d=2021032500:SOILL:0.1-0.4 m below ground:6 hour fcst:
18: 8:222660:d=2021032500:TSOIL:0.4-1 m below ground:6 hour fcst:
18: 9:264108:d=2021032500:SOILW:0.4-1 m below ground:6 hour fcst:
18: 10:290481:d=2021032500:SOILL:0.4-1 m below ground:6 hour fcst:
18: 11:316460:d=2021032500:TSOIL:1-2 m below ground:6 hour fcst:
18: 12:357368:d=2021032500:SOILW:1-2 m below ground:6 hour fcst:
18: 13:383268:d=2021032500:SOILL:1-2 m below ground:6 hour fcst:
18: 14:409346:d=2021032500:CNWAT:surface:6 hour fcst:
18: 15:425512:d=2021032500:WEASD:surface:6 hour fcst:
18: 16:463519:d=2021032500:SNOD:surface:6 hour fcst:
18: 17:506251:d=2021032500:PEVPR:surface:6 hour fcst:
18: 18:552815:d=2021032500:ICETK:surface:6 hour fcst:
18: 19:557801:d=2021032500:TMP:2 m above ground:6 hour fcst:
18: 20:613311:d=2021032500:SPFH:2 m above ground:6 hour fcst:
18: 21:688093:d=2021032500:DPT:2 m above ground:6 hour fcst:
18: 22:745214:d=2021032500:RH:2 m above ground:6 hour fcst:
18: 23:793339:d=2021032500:APTMP:2 m above ground:6 hour fcst:
18: 24:828740:d=2021032500:TMAX:2 m above ground:0-6 hour max fcst:
18: 25:884434:d=2021032500:TMIN:2 m above ground:0-6 hour min fcst:
18: 26:940026:d=2021032500:UGRD:10 m above ground:6 hour fcst:
18: 27:995834:d=2021032500:VGRD:10 m above ground:6 hour fcst:
18: 28:1052600:d=2021032500:ICEG:10 m above mean sea level:6 hour fcst:
18: 29:1053153:d=2021032500:CPOFP:surface:6 hour fcst:
18: 30:1108294:d=2021032500:CPRAT:surface:6 hour fcst:
18: 31:1170035:d=2021032500:PRATE:surface:6 hour fcst:
18: + product_functions.sh[10]rc=0
18: + product_functions.sh[11]((  rc == 0  ))
18: + product_functions.sh[11]mv pgb2file_f006_19_1p00.new pgb2file_f006_19_1p00
18: + product_functions.sh[12]return 0
18: + interp_atmos_master.sh[56]export err=0
18: + interp_atmos_master.sh[56]err=0
18: + interp_atmos_master.sh[57][[ 0 -ne 0 ]]
18: ++ interp_atmos_master.sh[62]wc -l
18: ++ interp_atmos_master.sh[62]wgrib2 pgb2file_f006_19_1p00 -match 'LAND|ICEC'
18: + interp_atmos_master.sh[62]var_count=0
18: + interp_atmos_master.sh[63][[ 0 -eq 2 ]]
18: + interp_atmos_master.sh[73]exit 0
+ run_mpmd.sh[113]exit 0
+ run_mpmd.sh[1]postamble run_mpmd.sh 1753766113 0
+ preamble.sh[62]set +x
End run_mpmd.sh at 05:15:43 with error code 0 (time elapsed: 00:00:30)
+ exglobal_atmos_products.sh[142]true
+ exglobal_atmos_products.sh[143]export err=0
+ exglobal_atmos_products.sh[143]err=0
+ exglobal_atmos_products.sh[144][[ 0 -ne 0 ]]
+ exglobal_atmos_products.sh[149]mv mpmd.out mpmd_1.out
+ exglobal_atmos_products.sh[153]echo 'Concatenating processor-specific grib2 files into a single product file'
Concatenating processor-specific grib2 files into a single product file
+ exglobal_atmos_products.sh[154](( iproc = 1  ))
+ exglobal_atmos_products.sh[154](( iproc <= nproc  ))
+ exglobal_atmos_products.sh[155]for grid in "${grids[@]}"
+ exglobal_atmos_products.sh[156]cat pgb2file_f006_1_0p25
+ exglobal_atmos_products.sh[157]rm -f pgb2file_f006_1_0p25
+ exglobal_atmos_products.sh[155]for grid in "${grids[@]}"
+ exglobal_atmos_products.sh[156]cat pgb2file_f006_1_0p50
+ exglobal_atmos_products.sh[157]rm -f pgb2file_f006_1_0p50
+ exglobal_atmos_products.sh[155]for grid in "${grids[@]}"
+ exglobal_atmos_products.sh[156]cat pgb2file_f006_1_1p00
+ exglobal_atmos_products.sh[157]rm -f pgb2file_f006_1_1p00
+ exglobal_atmos_products.sh[160]rm -f tmpfile_f006_1
+ exglobal_atmos_products.sh[154](( iproc++  ))
+ exglobal_atmos_products.sh[154](( iproc <= nproc  ))
+ exglobal_atmos_products.sh[155]for grid in "${grids[@]}"
+ exglobal_atmos_products.sh[156]cat pgb2file_f006_2_0p25
+ exglobal_atmos_products.sh[157]rm -f pgb2file_f006_2_0p25
+ exglobal_atmos_products.sh[155]for grid in "${grids[@]}"
+ exglobal_atmos_products.sh[156]cat pgb2file_f006_2_0p50
+ exglobal_atmos_products.sh[157]rm -f pgb2file_f006_2_0p50
+ exglobal_atmos_products.sh[155]for grid in "${grids[@]}"
+ exglobal_atmos_products.sh[156]cat pgb2file_f006_2_1p00
+ exglobal_atmos_products.sh[157]rm -f pgb2file_f006_2_1p00
+ exglobal_atmos_products.sh[160]rm -f tmpfile_f006_2
+ exglobal_atmos_products.sh[154](( iproc++  ))
+ exglobal_atmos_products.sh[154](( iproc <= nproc  ))
+ exglobal_atmos_products.sh[155]for grid in "${grids[@]}"
+ exglobal_atmos_products.sh[156]cat pgb2file_f006_3_0p25
+ exglobal_atmos_products.sh[157]rm -f pgb2file_f006_3_0p25
+ exglobal_atmos_products.sh[155]for grid in "${grids[@]}"
+ exglobal_atmos_products.sh[156]cat pgb2file_f006_3_0p50
+ exglobal_atmos_products.sh[157]rm -f pgb2file_f006_3_0p50
+ exglobal_atmos_products.sh[155]for grid in "${grids[@]}"
+ exglobal_atmos_products.sh[156]cat pgb2file_f006_3_1p00
+ exglobal_atmos_products.sh[157]rm -f pgb2file_f006_3_1p00
+ exglobal_atmos_products.sh[160]rm -f tmpfile_f006_3
+ exglobal_atmos_products.sh[154](( iproc++  ))
+ exglobal_atmos_products.sh[154](( iproc <= nproc  ))
+ exglobal_atmos_products.sh[155]for grid in "${grids[@]}"
+ exglobal_atmos_products.sh[156]cat pgb2file_f006_4_0p25
+ exglobal_atmos_products.sh[157]rm -f pgb2file_f006_4_0p25
+ exglobal_atmos_products.sh[155]for grid in "${grids[@]}"
+ exglobal_atmos_products.sh[156]cat pgb2file_f006_4_0p50
+ exglobal_atmos_products.sh[157]rm -f pgb2file_f006_4_0p50
+ exglobal_atmos_products.sh[155]for grid in "${grids[@]}"
+ exglobal_atmos_products.sh[156]cat pgb2file_f006_4_1p00
+ exglobal_atmos_products.sh[157]rm -f pgb2file_f006_4_1p00
+ exglobal_atmos_products.sh[160]rm -f tmpfile_f006_4
+ exglobal_atmos_products.sh[154](( iproc++  ))
+ exglobal_atmos_products.sh[154](( iproc <= nproc  ))
+ exglobal_atmos_products.sh[155]for grid in "${grids[@]}"
+ exglobal_atmos_products.sh[156]cat pgb2file_f006_5_0p25
+ exglobal_atmos_products.sh[157]rm -f pgb2file_f006_5_0p25
+ exglobal_atmos_products.sh[155]for grid in "${grids[@]}"
+ exglobal_atmos_products.sh[156]cat pgb2file_f006_5_0p50
+ exglobal_atmos_products.sh[157]rm -f pgb2file_f006_5_0p50
+ exglobal_atmos_products.sh[155]for grid in "${grids[@]}"
+ exglobal_atmos_products.sh[156]cat pgb2file_f006_5_1p00
+ exglobal_atmos_products.sh[157]rm -f pgb2file_f006_5_1p00
+ exglobal_atmos_products.sh[160]rm -f tmpfile_f006_5
+ exglobal_atmos_products.sh[154](( iproc++  ))
+ exglobal_atmos_products.sh[154](( iproc <= nproc  ))
+ exglobal_atmos_products.sh[155]for grid in "${grids[@]}"
+ exglobal_atmos_products.sh[156]cat pgb2file_f006_6_0p25
+ exglobal_atmos_products.sh[157]rm -f pgb2file_f006_6_0p25
+ exglobal_atmos_products.sh[155]for grid in "${grids[@]}"
+ exglobal_atmos_products.sh[156]cat pgb2file_f006_6_0p50
+ exglobal_atmos_products.sh[157]rm -f pgb2file_f006_6_0p50
+ exglobal_atmos_products.sh[155]for grid in "${grids[@]}"
+ exglobal_atmos_products.sh[156]cat pgb2file_f006_6_1p00
+ exglobal_atmos_products.sh[157]rm -f pgb2file_f006_6_1p00
+ exglobal_atmos_products.sh[160]rm -f tmpfile_f006_6
+ exglobal_atmos_products.sh[154](( iproc++  ))
+ exglobal_atmos_products.sh[154](( iproc <= nproc  ))
+ exglobal_atmos_products.sh[155]for grid in "${grids[@]}"
+ exglobal_atmos_products.sh[156]cat pgb2file_f006_7_0p25
+ exglobal_atmos_products.sh[157]rm -f pgb2file_f006_7_0p25
+ exglobal_atmos_products.sh[155]for grid in "${grids[@]}"
+ exglobal_atmos_products.sh[156]cat pgb2file_f006_7_0p50
+ exglobal_atmos_products.sh[157]rm -f pgb2file_f006_7_0p50
+ exglobal_atmos_products.sh[155]for grid in "${grids[@]}"
+ exglobal_atmos_products.sh[156]cat pgb2file_f006_7_1p00
+ exglobal_atmos_products.sh[157]rm -f pgb2file_f006_7_1p00
+ exglobal_atmos_products.sh[160]rm -f tmpfile_f006_7
+ exglobal_atmos_products.sh[154](( iproc++  ))
+ exglobal_atmos_products.sh[154](( iproc <= nproc  ))
+ exglobal_atmos_products.sh[155]for grid in "${grids[@]}"
+ exglobal_atmos_products.sh[156]cat pgb2file_f006_8_0p25
+ exglobal_atmos_products.sh[157]rm -f pgb2file_f006_8_0p25
+ exglobal_atmos_products.sh[155]for grid in "${grids[@]}"
+ exglobal_atmos_products.sh[156]cat pgb2file_f006_8_0p50
+ exglobal_atmos_products.sh[157]rm -f pgb2file_f006_8_0p50
+ exglobal_atmos_products.sh[155]for grid in "${grids[@]}"
+ exglobal_atmos_products.sh[156]cat pgb2file_f006_8_1p00
+ exglobal_atmos_products.sh[157]rm -f pgb2file_f006_8_1p00
+ exglobal_atmos_products.sh[160]rm -f tmpfile_f006_8
+ exglobal_atmos_products.sh[154](( iproc++  ))
+ exglobal_atmos_products.sh[154](( iproc <= nproc  ))
+ exglobal_atmos_products.sh[155]for grid in "${grids[@]}"
+ exglobal_atmos_products.sh[156]cat pgb2file_f006_9_0p25
+ exglobal_atmos_products.sh[157]rm -f pgb2file_f006_9_0p25
+ exglobal_atmos_products.sh[155]for grid in "${grids[@]}"
+ exglobal_atmos_products.sh[156]cat pgb2file_f006_9_0p50
+ exglobal_atmos_products.sh[157]rm -f pgb2file_f006_9_0p50
+ exglobal_atmos_products.sh[155]for grid in "${grids[@]}"
+ exglobal_atmos_products.sh[156]cat pgb2file_f006_9_1p00
+ exglobal_atmos_products.sh[157]rm -f pgb2file_f006_9_1p00
+ exglobal_atmos_products.sh[160]rm -f tmpfile_f006_9
+ exglobal_atmos_products.sh[154](( iproc++  ))
+ exglobal_atmos_products.sh[154](( iproc <= nproc  ))
+ exglobal_atmos_products.sh[155]for grid in "${grids[@]}"
+ exglobal_atmos_products.sh[156]cat pgb2file_f006_10_0p25
+ exglobal_atmos_products.sh[157]rm -f pgb2file_f006_10_0p25
+ exglobal_atmos_products.sh[155]for grid in "${grids[@]}"
+ exglobal_atmos_products.sh[156]cat pgb2file_f006_10_0p50
+ exglobal_atmos_products.sh[157]rm -f pgb2file_f006_10_0p50
+ exglobal_atmos_products.sh[155]for grid in "${grids[@]}"
+ exglobal_atmos_products.sh[156]cat pgb2file_f006_10_1p00
+ exglobal_atmos_products.sh[157]rm -f pgb2file_f006_10_1p00
+ exglobal_atmos_products.sh[160]rm -f tmpfile_f006_10
+ exglobal_atmos_products.sh[154](( iproc++  ))
+ exglobal_atmos_products.sh[154](( iproc <= nproc  ))
+ exglobal_atmos_products.sh[155]for grid in "${grids[@]}"
+ exglobal_atmos_products.sh[156]cat pgb2file_f006_11_0p25
+ exglobal_atmos_products.sh[157]rm -f pgb2file_f006_11_0p25
+ exglobal_atmos_products.sh[155]for grid in "${grids[@]}"
+ exglobal_atmos_products.sh[156]cat pgb2file_f006_11_0p50
+ exglobal_atmos_products.sh[157]rm -f pgb2file_f006_11_0p50
+ exglobal_atmos_products.sh[155]for grid in "${grids[@]}"
+ exglobal_atmos_products.sh[156]cat pgb2file_f006_11_1p00
+ exglobal_atmos_products.sh[157]rm -f pgb2file_f006_11_1p00
+ exglobal_atmos_products.sh[160]rm -f tmpfile_f006_11
+ exglobal_atmos_products.sh[154](( iproc++  ))
+ exglobal_atmos_products.sh[154](( iproc <= nproc  ))
+ exglobal_atmos_products.sh[155]for grid in "${grids[@]}"
+ exglobal_atmos_products.sh[156]cat pgb2file_f006_12_0p25
+ exglobal_atmos_products.sh[157]rm -f pgb2file_f006_12_0p25
+ exglobal_atmos_products.sh[155]for grid in "${grids[@]}"
+ exglobal_atmos_products.sh[156]cat pgb2file_f006_12_0p50
+ exglobal_atmos_products.sh[157]rm -f pgb2file_f006_12_0p50
+ exglobal_atmos_products.sh[155]for grid in "${grids[@]}"
+ exglobal_atmos_products.sh[156]cat pgb2file_f006_12_1p00
+ exglobal_atmos_products.sh[157]rm -f pgb2file_f006_12_1p00
+ exglobal_atmos_products.sh[160]rm -f tmpfile_f006_12
+ exglobal_atmos_products.sh[154](( iproc++  ))
+ exglobal_atmos_products.sh[154](( iproc <= nproc  ))
+ exglobal_atmos_products.sh[155]for grid in "${grids[@]}"
+ exglobal_atmos_products.sh[156]cat pgb2file_f006_13_0p25
+ exglobal_atmos_products.sh[157]rm -f pgb2file_f006_13_0p25
+ exglobal_atmos_products.sh[155]for grid in "${grids[@]}"
+ exglobal_atmos_products.sh[156]cat pgb2file_f006_13_0p50
+ exglobal_atmos_products.sh[157]rm -f pgb2file_f006_13_0p50
+ exglobal_atmos_products.sh[155]for grid in "${grids[@]}"
+ exglobal_atmos_products.sh[156]cat pgb2file_f006_13_1p00
+ exglobal_atmos_products.sh[157]rm -f pgb2file_f006_13_1p00
+ exglobal_atmos_products.sh[160]rm -f tmpfile_f006_13
+ exglobal_atmos_products.sh[154](( iproc++  ))
+ exglobal_atmos_products.sh[154](( iproc <= nproc  ))
+ exglobal_atmos_products.sh[155]for grid in "${grids[@]}"
+ exglobal_atmos_products.sh[156]cat pgb2file_f006_14_0p25
+ exglobal_atmos_products.sh[157]rm -f pgb2file_f006_14_0p25
+ exglobal_atmos_products.sh[155]for grid in "${grids[@]}"
+ exglobal_atmos_products.sh[156]cat pgb2file_f006_14_0p50
+ exglobal_atmos_products.sh[157]rm -f pgb2file_f006_14_0p50
+ exglobal_atmos_products.sh[155]for grid in "${grids[@]}"
+ exglobal_atmos_products.sh[156]cat pgb2file_f006_14_1p00
+ exglobal_atmos_products.sh[157]rm -f pgb2file_f006_14_1p00
+ exglobal_atmos_products.sh[160]rm -f tmpfile_f006_14
+ exglobal_atmos_products.sh[154](( iproc++  ))
+ exglobal_atmos_products.sh[154](( iproc <= nproc  ))
+ exglobal_atmos_products.sh[155]for grid in "${grids[@]}"
+ exglobal_atmos_products.sh[156]cat pgb2file_f006_15_0p25
+ exglobal_atmos_products.sh[157]rm -f pgb2file_f006_15_0p25
+ exglobal_atmos_products.sh[155]for grid in "${grids[@]}"
+ exglobal_atmos_products.sh[156]cat pgb2file_f006_15_0p50
+ exglobal_atmos_products.sh[157]rm -f pgb2file_f006_15_0p50
+ exglobal_atmos_products.sh[155]for grid in "${grids[@]}"
+ exglobal_atmos_products.sh[156]cat pgb2file_f006_15_1p00
+ exglobal_atmos_products.sh[157]rm -f pgb2file_f006_15_1p00
+ exglobal_atmos_products.sh[160]rm -f tmpfile_f006_15
+ exglobal_atmos_products.sh[154](( iproc++  ))
+ exglobal_atmos_products.sh[154](( iproc <= nproc  ))
+ exglobal_atmos_products.sh[155]for grid in "${grids[@]}"
+ exglobal_atmos_products.sh[156]cat pgb2file_f006_16_0p25
+ exglobal_atmos_products.sh[157]rm -f pgb2file_f006_16_0p25
+ exglobal_atmos_products.sh[155]for grid in "${grids[@]}"
+ exglobal_atmos_products.sh[156]cat pgb2file_f006_16_0p50
+ exglobal_atmos_products.sh[157]rm -f pgb2file_f006_16_0p50
+ exglobal_atmos_products.sh[155]for grid in "${grids[@]}"
+ exglobal_atmos_products.sh[156]cat pgb2file_f006_16_1p00
+ exglobal_atmos_products.sh[157]rm -f pgb2file_f006_16_1p00
+ exglobal_atmos_products.sh[160]rm -f tmpfile_f006_16
+ exglobal_atmos_products.sh[154](( iproc++  ))
+ exglobal_atmos_products.sh[154](( iproc <= nproc  ))
+ exglobal_atmos_products.sh[155]for grid in "${grids[@]}"
+ exglobal_atmos_products.sh[156]cat pgb2file_f006_17_0p25
+ exglobal_atmos_products.sh[157]rm -f pgb2file_f006_17_0p25
+ exglobal_atmos_products.sh[155]for grid in "${grids[@]}"
+ exglobal_atmos_products.sh[156]cat pgb2file_f006_17_0p50
+ exglobal_atmos_products.sh[157]rm -f pgb2file_f006_17_0p50
+ exglobal_atmos_products.sh[155]for grid in "${grids[@]}"
+ exglobal_atmos_products.sh[156]cat pgb2file_f006_17_1p00
+ exglobal_atmos_products.sh[157]rm -f pgb2file_f006_17_1p00
+ exglobal_atmos_products.sh[160]rm -f tmpfile_f006_17
+ exglobal_atmos_products.sh[154](( iproc++  ))
+ exglobal_atmos_products.sh[154](( iproc <= nproc  ))
+ exglobal_atmos_products.sh[155]for grid in "${grids[@]}"
+ exglobal_atmos_products.sh[156]cat pgb2file_f006_18_0p25
+ exglobal_atmos_products.sh[157]rm -f pgb2file_f006_18_0p25
+ exglobal_atmos_products.sh[155]for grid in "${grids[@]}"
+ exglobal_atmos_products.sh[156]cat pgb2file_f006_18_0p50
+ exglobal_atmos_products.sh[157]rm -f pgb2file_f006_18_0p50
+ exglobal_atmos_products.sh[155]for grid in "${grids[@]}"
+ exglobal_atmos_products.sh[156]cat pgb2file_f006_18_1p00
+ exglobal_atmos_products.sh[157]rm -f pgb2file_f006_18_1p00
+ exglobal_atmos_products.sh[160]rm -f tmpfile_f006_18
+ exglobal_atmos_products.sh[154](( iproc++  ))
+ exglobal_atmos_products.sh[154](( iproc <= nproc  ))
+ exglobal_atmos_products.sh[155]for grid in "${grids[@]}"
+ exglobal_atmos_products.sh[156]cat pgb2file_f006_19_0p25
+ exglobal_atmos_products.sh[157]rm -f pgb2file_f006_19_0p25
+ exglobal_atmos_products.sh[155]for grid in "${grids[@]}"
+ exglobal_atmos_products.sh[156]cat pgb2file_f006_19_0p50
+ exglobal_atmos_products.sh[157]rm -f pgb2file_f006_19_0p50
+ exglobal_atmos_products.sh[155]for grid in "${grids[@]}"
+ exglobal_atmos_products.sh[156]cat pgb2file_f006_19_1p00
+ exglobal_atmos_products.sh[157]rm -f pgb2file_f006_19_1p00
+ exglobal_atmos_products.sh[160]rm -f tmpfile_f006_19
+ exglobal_atmos_products.sh[154](( iproc++  ))
+ exglobal_atmos_products.sh[154](( iproc <= nproc  ))
+ exglobal_atmos_products.sh[155]for grid in "${grids[@]}"
+ exglobal_atmos_products.sh[156]cat pgb2file_f006_20_0p25
+ exglobal_atmos_products.sh[157]rm -f pgb2file_f006_20_0p25
+ exglobal_atmos_products.sh[155]for grid in "${grids[@]}"
+ exglobal_atmos_products.sh[156]cat pgb2file_f006_20_0p50
+ exglobal_atmos_products.sh[157]rm -f pgb2file_f006_20_0p50
+ exglobal_atmos_products.sh[155]for grid in "${grids[@]}"
+ exglobal_atmos_products.sh[156]cat pgb2file_f006_20_1p00
+ exglobal_atmos_products.sh[157]rm -f pgb2file_f006_20_1p00
+ exglobal_atmos_products.sh[160]rm -f tmpfile_f006_20
+ exglobal_atmos_products.sh[154](( iproc++  ))
+ exglobal_atmos_products.sh[154](( iproc <= nproc  ))
+ exglobal_atmos_products.sh[155]for grid in "${grids[@]}"
+ exglobal_atmos_products.sh[156]cat pgb2file_f006_21_0p25
+ exglobal_atmos_products.sh[157]rm -f pgb2file_f006_21_0p25
+ exglobal_atmos_products.sh[155]for grid in "${grids[@]}"
+ exglobal_atmos_products.sh[156]cat pgb2file_f006_21_0p50
+ exglobal_atmos_products.sh[157]rm -f pgb2file_f006_21_0p50
+ exglobal_atmos_products.sh[155]for grid in "${grids[@]}"
+ exglobal_atmos_products.sh[156]cat pgb2file_f006_21_1p00
+ exglobal_atmos_products.sh[157]rm -f pgb2file_f006_21_1p00
+ exglobal_atmos_products.sh[160]rm -f tmpfile_f006_21
+ exglobal_atmos_products.sh[154](( iproc++  ))
+ exglobal_atmos_products.sh[154](( iproc <= nproc  ))
+ exglobal_atmos_products.sh[155]for grid in "${grids[@]}"
+ exglobal_atmos_products.sh[156]cat pgb2file_f006_22_0p25
+ exglobal_atmos_products.sh[157]rm -f pgb2file_f006_22_0p25
+ exglobal_atmos_products.sh[155]for grid in "${grids[@]}"
+ exglobal_atmos_products.sh[156]cat pgb2file_f006_22_0p50
+ exglobal_atmos_products.sh[157]rm -f pgb2file_f006_22_0p50
+ exglobal_atmos_products.sh[155]for grid in "${grids[@]}"
+ exglobal_atmos_products.sh[156]cat pgb2file_f006_22_1p00
+ exglobal_atmos_products.sh[157]rm -f pgb2file_f006_22_1p00
+ exglobal_atmos_products.sh[160]rm -f tmpfile_f006_22
+ exglobal_atmos_products.sh[154](( iproc++  ))
+ exglobal_atmos_products.sh[154](( iproc <= nproc  ))
+ exglobal_atmos_products.sh[155]for grid in "${grids[@]}"
+ exglobal_atmos_products.sh[156]cat pgb2file_f006_23_0p25
+ exglobal_atmos_products.sh[157]rm -f pgb2file_f006_23_0p25
+ exglobal_atmos_products.sh[155]for grid in "${grids[@]}"
+ exglobal_atmos_products.sh[156]cat pgb2file_f006_23_0p50
+ exglobal_atmos_products.sh[157]rm -f pgb2file_f006_23_0p50
+ exglobal_atmos_products.sh[155]for grid in "${grids[@]}"
+ exglobal_atmos_products.sh[156]cat pgb2file_f006_23_1p00
+ exglobal_atmos_products.sh[157]rm -f pgb2file_f006_23_1p00
+ exglobal_atmos_products.sh[160]rm -f tmpfile_f006_23
+ exglobal_atmos_products.sh[154](( iproc++  ))
+ exglobal_atmos_products.sh[154](( iproc <= nproc  ))
+ exglobal_atmos_products.sh[155]for grid in "${grids[@]}"
+ exglobal_atmos_products.sh[156]cat pgb2file_f006_24_0p25
+ exglobal_atmos_products.sh[157]rm -f pgb2file_f006_24_0p25
+ exglobal_atmos_products.sh[155]for grid in "${grids[@]}"
+ exglobal_atmos_products.sh[156]cat pgb2file_f006_24_0p50
+ exglobal_atmos_products.sh[157]rm -f pgb2file_f006_24_0p50
+ exglobal_atmos_products.sh[155]for grid in "${grids[@]}"
+ exglobal_atmos_products.sh[156]cat pgb2file_f006_24_1p00
+ exglobal_atmos_products.sh[157]rm -f pgb2file_f006_24_1p00
+ exglobal_atmos_products.sh[160]rm -f tmpfile_f006_24
+ exglobal_atmos_products.sh[154](( iproc++  ))
+ exglobal_atmos_products.sh[154](( iproc <= nproc  ))
+ exglobal_atmos_products.sh[164]for grid in "${grids[@]}"
+ exglobal_atmos_products.sh[165]prod_dir=COMOUT_ATMOS_GRIB_0p25
+ exglobal_atmos_products.sh[166]cpfs pgb2file_f006_0p25 /work2/noaa/global/mterry/RUNTESTS/COMROOT/C48mx500_hybAOWCDA/gdas.20210325/00//products/atmos/grib2/0p25/gdas.t00z.pgrb2.0p25.f006
+ cpfs[3]'[' 2 -ne 2 ']'
+ cpfs[8]'[' /work2/noaa/global/mterry/RUNTESTS/COMROOT/C48mx500_hybAOWCDA/gdas.20210325/00//products/atmos/grib2/0p25/gdas.t00z.pgrb2.0p25.f006 = . -o /work2/noaa/global/mterry/RUNTESTS/COMROOT/C48mx500_hybAOWCDA/gdas.20210325/00//products/atmos/grib2/0p25/gdas.t00z.pgrb2.0p25.f006 = ./ ']'
+ cpfs[10]'[' -d /work2/noaa/global/mterry/RUNTESTS/COMROOT/C48mx500_hybAOWCDA/gdas.20210325/00//products/atmos/grib2/0p25/gdas.t00z.pgrb2.0p25.f006 ']'
+ cpfs[13]cpdstfile=/work2/noaa/global/mterry/RUNTESTS/COMROOT/C48mx500_hybAOWCDA/gdas.20210325/00//products/atmos/grib2/0p25/gdas.t00z.pgrb2.0p25.f006
+ cpfs[16]cp pgb2file_f006_0p25 /work2/noaa/global/mterry/RUNTESTS/COMROOT/C48mx500_hybAOWCDA/gdas.20210325/00//products/atmos/grib2/0p25/gdas.t00z.pgrb2.0p25.f006.cptmp
+ cpfs[18]'[' 0 -ne 0 ']'
+ cpfs[22]/work/noaa/epic/role-epic/spack-stack/hercules/spack-stack-1.6.0/envs/unified-env/install/intel/2021.9.0/prod-util-2.1.1-ddlo2cq/bin/fsync_file /work2/noaa/global/mterry/RUNTESTS/COMROOT/C48mx500_hybAOWCDA/gdas.20210325/00//products/atmos/grib2/0p25/gdas.t00z.pgrb2.0p25.f006.cptmp
+ cpfs[23]'[' 0 -ne 0 ']'
+ cpfs[27]mv /work2/noaa/global/mterry/RUNTESTS/COMROOT/C48mx500_hybAOWCDA/gdas.20210325/00//products/atmos/grib2/0p25/gdas.t00z.pgrb2.0p25.f006.cptmp /work2/noaa/global/mterry/RUNTESTS/COMROOT/C48mx500_hybAOWCDA/gdas.20210325/00//products/atmos/grib2/0p25/gdas.t00z.pgrb2.0p25.f006
+ cpfs[28]'[' 0 -ne 0 ']'
+ exglobal_atmos_products.sh[167]wgrib2 -s pgb2file_f006_0p25
+ exglobal_atmos_products.sh[164]for grid in "${grids[@]}"
+ exglobal_atmos_products.sh[165]prod_dir=COMOUT_ATMOS_GRIB_0p50
+ exglobal_atmos_products.sh[166]cpfs pgb2file_f006_0p50 /work2/noaa/global/mterry/RUNTESTS/COMROOT/C48mx500_hybAOWCDA/gdas.20210325/00//products/atmos/grib2/0p50/gdas.t00z.pgrb2.0p50.f006
+ cpfs[3]'[' 2 -ne 2 ']'
+ cpfs[8]'[' /work2/noaa/global/mterry/RUNTESTS/COMROOT/C48mx500_hybAOWCDA/gdas.20210325/00//products/atmos/grib2/0p50/gdas.t00z.pgrb2.0p50.f006 = . -o /work2/noaa/global/mterry/RUNTESTS/COMROOT/C48mx500_hybAOWCDA/gdas.20210325/00//products/atmos/grib2/0p50/gdas.t00z.pgrb2.0p50.f006 = ./ ']'
+ cpfs[10]'[' -d /work2/noaa/global/mterry/RUNTESTS/COMROOT/C48mx500_hybAOWCDA/gdas.20210325/00//products/atmos/grib2/0p50/gdas.t00z.pgrb2.0p50.f006 ']'
+ cpfs[13]cpdstfile=/work2/noaa/global/mterry/RUNTESTS/COMROOT/C48mx500_hybAOWCDA/gdas.20210325/00//products/atmos/grib2/0p50/gdas.t00z.pgrb2.0p50.f006
+ cpfs[16]cp pgb2file_f006_0p50 /work2/noaa/global/mterry/RUNTESTS/COMROOT/C48mx500_hybAOWCDA/gdas.20210325/00//products/atmos/grib2/0p50/gdas.t00z.pgrb2.0p50.f006.cptmp
+ cpfs[18]'[' 0 -ne 0 ']'
+ cpfs[22]/work/noaa/epic/role-epic/spack-stack/hercules/spack-stack-1.6.0/envs/unified-env/install/intel/2021.9.0/prod-util-2.1.1-ddlo2cq/bin/fsync_file /work2/noaa/global/mterry/RUNTESTS/COMROOT/C48mx500_hybAOWCDA/gdas.20210325/00//products/atmos/grib2/0p50/gdas.t00z.pgrb2.0p50.f006.cptmp
+ cpfs[23]'[' 0 -ne 0 ']'
+ cpfs[27]mv /work2/noaa/global/mterry/RUNTESTS/COMROOT/C48mx500_hybAOWCDA/gdas.20210325/00//products/atmos/grib2/0p50/gdas.t00z.pgrb2.0p50.f006.cptmp /work2/noaa/global/mterry/RUNTESTS/COMROOT/C48mx500_hybAOWCDA/gdas.20210325/00//products/atmos/grib2/0p50/gdas.t00z.pgrb2.0p50.f006
+ cpfs[28]'[' 0 -ne 0 ']'
+ exglobal_atmos_products.sh[167]wgrib2 -s pgb2file_f006_0p50
+ exglobal_atmos_products.sh[164]for grid in "${grids[@]}"
+ exglobal_atmos_products.sh[165]prod_dir=COMOUT_ATMOS_GRIB_1p00
+ exglobal_atmos_products.sh[166]cpfs pgb2file_f006_1p00 /work2/noaa/global/mterry/RUNTESTS/COMROOT/C48mx500_hybAOWCDA/gdas.20210325/00//products/atmos/grib2/1p00/gdas.t00z.pgrb2.1p00.f006
+ cpfs[3]'[' 2 -ne 2 ']'
+ cpfs[8]'[' /work2/noaa/global/mterry/RUNTESTS/COMROOT/C48mx500_hybAOWCDA/gdas.20210325/00//products/atmos/grib2/1p00/gdas.t00z.pgrb2.1p00.f006 = . -o /work2/noaa/global/mterry/RUNTESTS/COMROOT/C48mx500_hybAOWCDA/gdas.20210325/00//products/atmos/grib2/1p00/gdas.t00z.pgrb2.1p00.f006 = ./ ']'
+ cpfs[10]'[' -d /work2/noaa/global/mterry/RUNTESTS/COMROOT/C48mx500_hybAOWCDA/gdas.20210325/00//products/atmos/grib2/1p00/gdas.t00z.pgrb2.1p00.f006 ']'
+ cpfs[13]cpdstfile=/work2/noaa/global/mterry/RUNTESTS/COMROOT/C48mx500_hybAOWCDA/gdas.20210325/00//products/atmos/grib2/1p00/gdas.t00z.pgrb2.1p00.f006
+ cpfs[16]cp pgb2file_f006_1p00 /work2/noaa/global/mterry/RUNTESTS/COMROOT/C48mx500_hybAOWCDA/gdas.20210325/00//products/atmos/grib2/1p00/gdas.t00z.pgrb2.1p00.f006.cptmp
+ cpfs[18]'[' 0 -ne 0 ']'
+ cpfs[22]/work/noaa/epic/role-epic/spack-stack/hercules/spack-stack-1.6.0/envs/unified-env/install/intel/2021.9.0/prod-util-2.1.1-ddlo2cq/bin/fsync_file /work2/noaa/global/mterry/RUNTESTS/COMROOT/C48mx500_hybAOWCDA/gdas.20210325/00//products/atmos/grib2/1p00/gdas.t00z.pgrb2.1p00.f006.cptmp
+ cpfs[23]'[' 0 -ne 0 ']'
+ cpfs[27]mv /work2/noaa/global/mterry/RUNTESTS/COMROOT/C48mx500_hybAOWCDA/gdas.20210325/00//products/atmos/grib2/1p00/gdas.t00z.pgrb2.1p00.f006.cptmp /work2/noaa/global/mterry/RUNTESTS/COMROOT/C48mx500_hybAOWCDA/gdas.20210325/00//products/atmos/grib2/1p00/gdas.t00z.pgrb2.1p00.f006
+ cpfs[28]'[' 0 -ne 0 ']'
+ exglobal_atmos_products.sh[167]wgrib2 -s pgb2file_f006_1p00
+ exglobal_atmos_products.sh[170]echo 'Finished processing nset = 1'
Finished processing nset = 1
+ exglobal_atmos_products.sh[154](( nset++  ))
+ exglobal_atmos_products.sh[154](( nset <= downset  ))
+ exglobal_atmos_products.sh[177]FLUX_FILE=/work2/noaa/global/mterry/RUNTESTS/COMROOT/C48mx500_hybAOWCDA/gdas.20210325/00//model/atmos/master/gdas.t00z.sfluxgrbf006.grib2
+ exglobal_atmos_products.sh[178][[ -s /work2/noaa/global/mterry/RUNTESTS/COMROOT/C48mx500_hybAOWCDA/gdas.20210325/00//model/atmos/master/gdas.t00z.sfluxgrbf006.grib2 ]]
+ exglobal_atmos_products.sh[179]wgrib2 -s /work2/noaa/global/mterry/RUNTESTS/COMROOT/C48mx500_hybAOWCDA/gdas.20210325/00//model/atmos/master/gdas.t00z.sfluxgrbf006.grib2
+ exglobal_atmos_products.sh[185][[ NO == \Y\E\S ]]
+ exglobal_atmos_products.sh[207][[ NO == \Y\E\S ]]
+ exglobal_atmos_products.sh[219][[ NO == \Y\E\S ]]
+ exglobal_atmos_products.sh[290]exit 0
+ JGLOBAL_ATMOS_PRODUCTS[27]true
+ JGLOBAL_ATMOS_PRODUCTS[28]export err=0
+ JGLOBAL_ATMOS_PRODUCTS[28]err=0
+ JGLOBAL_ATMOS_PRODUCTS[29][[ 0 -ne 0 ]]
+ JGLOBAL_ATMOS_PRODUCTS[40][[ -e OUTPUT.349943 ]]
+ JGLOBAL_ATMOS_PRODUCTS[47]cd /work2/noaa/stmp/mterry/HERCULES/RUNDIRS/C48mx500_hybAOWCDA/gdas.2021032500
+ JGLOBAL_ATMOS_PRODUCTS[48][[ NO == \N\O ]]
+ JGLOBAL_ATMOS_PRODUCTS[49]rm -rf /work2/noaa/stmp/mterry/HERCULES/RUNDIRS/C48mx500_hybAOWCDA/gdas.2021032500/atmos_products_f006.349486
+ JGLOBAL_ATMOS_PRODUCTS[53]exit 0
+ JGLOBAL_ATMOS_PRODUCTS[1]postamble /work2/noaa/global/mterry/global-workflow_forked/jobs/JGLOBAL_ATMOS_PRODUCTS 1753766089 0
+ preamble.sh[62]set +x
End /work2/noaa/global/mterry/global-workflow_forked/jobs/JGLOBAL_ATMOS_PRODUCTS at 05:15:53 with error code 0 (time elapsed: 00:01:04)
+ status=0
+ [[ 0 -ne 0 ]]
+ exit 0
