+ . /work2/noaa/global/mterry/global-workflow_forked/ush/load_fv3gfs_modules.sh
++ [[ hxB == *x* ]]
++ set_x=YES
++ [[ NO == \N\O ]]
++ echo 'Loading modules quietly...'
Loading modules quietly...
++ set +x
Running "module reset". Resetting modules to system default. The following $MODULEPATH directories have been removed: /work2/noaa/global/mterry/global-workflow_forked/modulefiles

Currently Loaded Modules:
  1) contrib/0.1                      43) ip/4.3.0
  2) intel-oneapi-compilers/2023.1.0  44) grib-util/1.3.0
  3) stack-intel/2021.9.0             45) g2tmpl/1.13.0
  4) intel-oneapi-mpi/2021.9.0        46) gsi-ncdiag/1.1.2
  5) stack-intel-oneapi-mpi/2021.9.0  47) crtm-fix/2.4.0.1_emc
  6) intel-oneapi-mkl/2023.1.0        48) git-lfs/3.1.2
  7) zlib/1.2.13                      49) crtm/2.4.0.1
  8) pigz/2.7                         50) openblas/0.3.24
  9) zstd/1.5.2                       51) py-setuptools/63.4.3
 10) tar/1.34                         52) py-numpy/1.23.4
 11) gettext/0.21.1                   53) bufr/11.7.0
 12) libxcrypt/4.4.35                 54) gmake/4.2.1
 13) sqlite/3.43.2                    55) wgrib2/2.0.8
 14) util-linux-uuid/2.38.1           56) py-f90nml/1.4.3
 15) python/3.11.6                    57) py-cftime/1.0.3.4
 16) libjpeg/2.1.0                    58) py-netcdf4/1.5.8
 17) jasper/2.0.32                    59) libyaml/0.2.5
 18) libpng/1.6.37                    60) py-pyyaml/6.0
 19) openjpeg/2.3.1                   61) py-markupsafe/2.1.3
 20) eccodes/2.32.0                   62) py-jinja2/3.1.2
 21) fftw/3.3.10                      63) py-bottleneck/1.3.7
 22) nghttp2/1.57.0                   64) py-numexpr/2.8.4
 23) curl/8.4.0                       65) py-et-xmlfile/1.0.1
 24) proj/9.2.1                       66) py-openpyxl/3.1.2
 25) udunits/2.2.28                   67) py-pytz/2023.3
 26) cdo/2.2.0                        68) py-pyxlsb/1.0.10
 27) hdf5/1.14.0                      69) py-xlrd/2.0.1
 28) snappy/1.1.10                    70) py-xlsxwriter/3.1.7
 29) c-blosc/1.21.5                   71) py-xlwt/1.3.0
 30) netcdf-c/4.9.2                   72) py-pandas/1.5.3
 31) netcdf-fortran/4.6.1             73) py-six/1.16.0
 32) parallel-netcdf/1.12.2           74) py-python-dateutil/2.8.2
 33) parallelio/2.5.10                75) g2c/1.8.0
 34) esmf/8.6.0                       76) netcdf-cxx4/4.3.1
 35) antlr/2.7.7                      77) met/9.1.3
 36) gsl/2.7.1                        78) metplus/3.1.1
 37) nco/5.0.6                        79) py-packaging/23.1
 38) bacio/2.4.1                      80) py-xarray/2023.7.0
 39) w3emc/2.10.0                     81) prepobs/1.1.0
 40) prod_util/2.1.1                  82) fit2obs/1.1.7.1
 41) g2/3.4.5                         83) globus-cli/3.35.2
 42) sp/2.5.0                         84) module_base.hercules

 

++ [[ -d /work2/noaa/global/mterry/global-workflow_forked/sorc/wxflow/src ]]
++ PYTHONPATH=/apps/other/globus-cli-3.35.2:/work/noaa/epic/role-epic/spack-stack/hercules/spack-stack-1.6.0/envs/gsi-addon-dev-fms-2024.01/install/intel/2021.9.0/py-xarray-2023.7.0-x743hx4/lib/python3.11/site-packages:/work/noaa/epic/role-epic/spack-stack/hercules/spack-stack-1.6.0/envs/gsi-addon-dev-fms-2024.01/install/intel/2021.9.0/py-packaging-23.1-cvb54w6/lib/python3.11/site-packages:/work/noaa/epic/role-epic/spack-stack/hercules/spack-stack-1.6.0/envs/gsi-addon-dev-fms-2024.01/install/intel/2021.9.0/py-python-dateutil-2.8.2-crskgyy/lib/python3.11/site-packages:/work/noaa/epic/role-epic/spack-stack/hercules/spack-stack-1.6.0/envs/gsi-addon-dev-fms-2024.01/install/intel/2021.9.0/py-six-1.16.0-dtjcn7o/lib/python3.11/site-packages:/work/noaa/epic/role-epic/spack-stack/hercules/spack-stack-1.6.0/envs/gsi-addon-dev-fms-2024.01/install/intel/2021.9.0/py-pandas-1.5.3-7tjsvkw/lib/python3.11/site-packages:/work/noaa/epic/role-epic/spack-stack/hercules/spack-stack-1.6.0/envs/gsi-addon-dev-fms-2024.01/install/intel/2021.9.0/py-xlwt-1.3.0-ghvbw56/lib/python3.11/site-packages:/work/noaa/epic/role-epic/spack-stack/hercules/spack-stack-1.6.0/envs/gsi-addon-dev-fms-2024.01/install/intel/2021.9.0/py-xlsxwriter-3.1.7-rqogaok/lib/python3.11/site-packages:/work/noaa/epic/role-epic/spack-stack/hercules/spack-stack-1.6.0/envs/gsi-addon-dev-fms-2024.01/install/intel/2021.9.0/py-xlrd-2.0.1-g52jf7f/lib/python3.11/site-packages:/work/noaa/epic/role-epic/spack-stack/hercules/spack-stack-1.6.0/envs/gsi-addon-dev-fms-2024.01/install/intel/2021.9.0/py-pyxlsb-1.0.10-ow7w6ge/lib/python3.11/site-packages:/work/noaa/epic/role-epic/spack-stack/hercules/spack-stack-1.6.0/envs/gsi-addon-dev-fms-2024.01/install/intel/2021.9.0/py-pytz-2023.3-kmu3i3s/lib/python3.11/site-packages:/work/noaa/epic/role-epic/spack-stack/hercules/spack-stack-1.6.0/envs/gsi-addon-dev-fms-2024.01/install/intel/2021.9.0/py-openpyxl-3.1.2-vfourqe/lib/python3.11/site-packages:/work/noaa/epic/role-epic/spack-stack/hercules/spack-stack-1.6.0/envs/gsi-addon-dev-fms-2024.01/install/intel/2021.9.0/py-et-xmlfile-1.0.1-7wze7yq/lib/python3.11/site-packages:/work/noaa/epic/role-epic/spack-stack/hercules/spack-stack-1.6.0/envs/gsi-addon-dev-fms-2024.01/install/intel/2021.9.0/py-numexpr-2.8.4-nobvkrq/lib/python3.11/site-packages:/work/noaa/epic/role-epic/spack-stack/hercules/spack-stack-1.6.0/envs/gsi-addon-dev-fms-2024.01/install/intel/2021.9.0/py-bottleneck-1.3.7-ftw2r3a/lib/python3.11/site-packages:/work/noaa/epic/role-epic/spack-stack/hercules/spack-stack-1.6.0/envs/gsi-addon-dev-fms-2024.01/install/intel/2021.9.0/py-jinja2-3.1.2-eoja5pj/lib/python3.11/site-packages:/work/noaa/epic/role-epic/spack-stack/hercules/spack-stack-1.6.0/envs/gsi-addon-dev-fms-2024.01/install/intel/2021.9.0/py-markupsafe-2.1.3-v6xcnb7/lib/python3.11/site-packages:/work/noaa/epic/role-epic/spack-stack/hercules/spack-stack-1.6.0/envs/gsi-addon-dev-fms-2024.01/install/intel/2021.9.0/py-pyyaml-6.0-t2st4x2/lib/python3.11/site-packages:/work/noaa/epic/role-epic/spack-stack/hercules/spack-stack-1.6.0/envs/gsi-addon-dev-fms-2024.01/install/intel/2021.9.0/py-netcdf4-1.5.8-bgfhv5i/lib/python3.11/site-packages:/work/noaa/epic/role-epic/spack-stack/hercules/spack-stack-1.6.0/envs/gsi-addon-dev-fms-2024.01/install/intel/2021.9.0/py-cftime-1.0.3.4-ienmq3i/lib/python3.11/site-packages:/work/noaa/epic/role-epic/spack-stack/hercules/spack-stack-1.6.0/envs/gsi-addon-dev-fms-2024.01/install/intel/2021.9.0/py-f90nml-1.4.3-3ib7u6z/lib/python3.11/site-packages:/work/noaa/epic/role-epic/spack-stack/hercules/spack-stack-1.6.0/envs/gsi-addon-dev-fms-2024.01/install/intel/2021.9.0/bufr-11.7.0-7qdgt6m/lib64/python3.11/site-packages:/work/noaa/epic/role-epic/spack-stack/hercules/spack-stack-1.6.0/envs/gsi-addon-dev-fms-2024.01/install/intel/2021.9.0/bufr-11.7.0-7qdgt6m/lib/python3.11/site-packages:/work/noaa/epic/role-epic/spack-stack/hercules/spack-stack-1.6.0/envs/gsi-addon-dev-fms-2024.01/install/intel/2021.9.0/py-numpy-1.23.4-ftta6ne/lib/python3.11/site-packages:/work/noaa/epic/role-epic/spack-stack/hercules/spack-stack-1.6.0/envs/gsi-addon-dev-fms-2024.01/install/intel/2021.9.0/py-setuptools-63.4.3-5extjhr/lib/python3.11/site-packages:/work2/noaa/global/mterry/global-workflow_forked/sorc/wxflow/src:/work2/noaa/global/mterry/global-workflow_forked/sorc/wxflow/src
++ PYTHONPATH=/apps/other/globus-cli-3.35.2:/work/noaa/epic/role-epic/spack-stack/hercules/spack-stack-1.6.0/envs/gsi-addon-dev-fms-2024.01/install/intel/2021.9.0/py-xarray-2023.7.0-x743hx4/lib/python3.11/site-packages:/work/noaa/epic/role-epic/spack-stack/hercules/spack-stack-1.6.0/envs/gsi-addon-dev-fms-2024.01/install/intel/2021.9.0/py-packaging-23.1-cvb54w6/lib/python3.11/site-packages:/work/noaa/epic/role-epic/spack-stack/hercules/spack-stack-1.6.0/envs/gsi-addon-dev-fms-2024.01/install/intel/2021.9.0/py-python-dateutil-2.8.2-crskgyy/lib/python3.11/site-packages:/work/noaa/epic/role-epic/spack-stack/hercules/spack-stack-1.6.0/envs/gsi-addon-dev-fms-2024.01/install/intel/2021.9.0/py-six-1.16.0-dtjcn7o/lib/python3.11/site-packages:/work/noaa/epic/role-epic/spack-stack/hercules/spack-stack-1.6.0/envs/gsi-addon-dev-fms-2024.01/install/intel/2021.9.0/py-pandas-1.5.3-7tjsvkw/lib/python3.11/site-packages:/work/noaa/epic/role-epic/spack-stack/hercules/spack-stack-1.6.0/envs/gsi-addon-dev-fms-2024.01/install/intel/2021.9.0/py-xlwt-1.3.0-ghvbw56/lib/python3.11/site-packages:/work/noaa/epic/role-epic/spack-stack/hercules/spack-stack-1.6.0/envs/gsi-addon-dev-fms-2024.01/install/intel/2021.9.0/py-xlsxwriter-3.1.7-rqogaok/lib/python3.11/site-packages:/work/noaa/epic/role-epic/spack-stack/hercules/spack-stack-1.6.0/envs/gsi-addon-dev-fms-2024.01/install/intel/2021.9.0/py-xlrd-2.0.1-g52jf7f/lib/python3.11/site-packages:/work/noaa/epic/role-epic/spack-stack/hercules/spack-stack-1.6.0/envs/gsi-addon-dev-fms-2024.01/install/intel/2021.9.0/py-pyxlsb-1.0.10-ow7w6ge/lib/python3.11/site-packages:/work/noaa/epic/role-epic/spack-stack/hercules/spack-stack-1.6.0/envs/gsi-addon-dev-fms-2024.01/install/intel/2021.9.0/py-pytz-2023.3-kmu3i3s/lib/python3.11/site-packages:/work/noaa/epic/role-epic/spack-stack/hercules/spack-stack-1.6.0/envs/gsi-addon-dev-fms-2024.01/install/intel/2021.9.0/py-openpyxl-3.1.2-vfourqe/lib/python3.11/site-packages:/work/noaa/epic/role-epic/spack-stack/hercules/spack-stack-1.6.0/envs/gsi-addon-dev-fms-2024.01/install/intel/2021.9.0/py-et-xmlfile-1.0.1-7wze7yq/lib/python3.11/site-packages:/work/noaa/epic/role-epic/spack-stack/hercules/spack-stack-1.6.0/envs/gsi-addon-dev-fms-2024.01/install/intel/2021.9.0/py-numexpr-2.8.4-nobvkrq/lib/python3.11/site-packages:/work/noaa/epic/role-epic/spack-stack/hercules/spack-stack-1.6.0/envs/gsi-addon-dev-fms-2024.01/install/intel/2021.9.0/py-bottleneck-1.3.7-ftw2r3a/lib/python3.11/site-packages:/work/noaa/epic/role-epic/spack-stack/hercules/spack-stack-1.6.0/envs/gsi-addon-dev-fms-2024.01/install/intel/2021.9.0/py-jinja2-3.1.2-eoja5pj/lib/python3.11/site-packages:/work/noaa/epic/role-epic/spack-stack/hercules/spack-stack-1.6.0/envs/gsi-addon-dev-fms-2024.01/install/intel/2021.9.0/py-markupsafe-2.1.3-v6xcnb7/lib/python3.11/site-packages:/work/noaa/epic/role-epic/spack-stack/hercules/spack-stack-1.6.0/envs/gsi-addon-dev-fms-2024.01/install/intel/2021.9.0/py-pyyaml-6.0-t2st4x2/lib/python3.11/site-packages:/work/noaa/epic/role-epic/spack-stack/hercules/spack-stack-1.6.0/envs/gsi-addon-dev-fms-2024.01/install/intel/2021.9.0/py-netcdf4-1.5.8-bgfhv5i/lib/python3.11/site-packages:/work/noaa/epic/role-epic/spack-stack/hercules/spack-stack-1.6.0/envs/gsi-addon-dev-fms-2024.01/install/intel/2021.9.0/py-cftime-1.0.3.4-ienmq3i/lib/python3.11/site-packages:/work/noaa/epic/role-epic/spack-stack/hercules/spack-stack-1.6.0/envs/gsi-addon-dev-fms-2024.01/install/intel/2021.9.0/py-f90nml-1.4.3-3ib7u6z/lib/python3.11/site-packages:/work/noaa/epic/role-epic/spack-stack/hercules/spack-stack-1.6.0/envs/gsi-addon-dev-fms-2024.01/install/intel/2021.9.0/bufr-11.7.0-7qdgt6m/lib64/python3.11/site-packages:/work/noaa/epic/role-epic/spack-stack/hercules/spack-stack-1.6.0/envs/gsi-addon-dev-fms-2024.01/install/intel/2021.9.0/bufr-11.7.0-7qdgt6m/lib/python3.11/site-packages:/work/noaa/epic/role-epic/spack-stack/hercules/spack-stack-1.6.0/envs/gsi-addon-dev-fms-2024.01/install/intel/2021.9.0/py-numpy-1.23.4-ftta6ne/lib/python3.11/site-packages:/work/noaa/epic/role-epic/spack-stack/hercules/spack-stack-1.6.0/envs/gsi-addon-dev-fms-2024.01/install/intel/2021.9.0/py-setuptools-63.4.3-5extjhr/lib/python3.11/site-packages:/work2/noaa/global/mterry/global-workflow_forked/sorc/wxflow/src:/work2/noaa/global/mterry/global-workflow_forked/sorc/wxflow/src:/work2/noaa/global/mterry/global-workflow_forked/ush/python
++ export PYTHONPATH
++ ulimit -S -s 16384
++ unset ulimit_s
+ status=0
+ ((  status != 0  ))
+ export job=atmos_products
+ job=atmos_products
+ IFS=', '
+ read -r -a fhr_list
+ export FORECAST_HOUR jobid
+ for FORECAST_HOUR in "${fhr_list[@]}"
++ printf %03d 5
+ fhr3=005
+ jobid=atmos_products_f005.333254
+ /work2/noaa/global/mterry/global-workflow_forked/jobs/JGLOBAL_ATMOS_PRODUCTS
Begin /work2/noaa/global/mterry/global-workflow_forked/jobs/JGLOBAL_ATMOS_PRODUCTS at Tue Jul 29 07:19:58 UTC 2025
++ jjob_header.sh[46]OPTIND=1
++ jjob_header.sh[47]getopts c:e: option
++ jjob_header.sh[48]case "${option}" in
++ jjob_header.sh[50]env_job=atmos_products
++ jjob_header.sh[47]getopts c:e: option
++ jjob_header.sh[48]case "${option}" in
++ jjob_header.sh[49]read -ra configs
++ jjob_header.sh[47]getopts c:e: option
++ jjob_header.sh[61]shift 4
++ jjob_header.sh[63][[ -z atmos_products ]]
++ jjob_header.sh[71]export DATA=/work2/noaa/stmp/mterry/HERCULES/RUNDIRS/C96C48_hybatmDA/gdas.2021122106/atmos_products_f005.333254
++ jjob_header.sh[71]DATA=/work2/noaa/stmp/mterry/HERCULES/RUNDIRS/C96C48_hybatmDA/gdas.2021122106/atmos_products_f005.333254
++ jjob_header.sh[72][[ YES == \Y\E\S ]]
++ jjob_header.sh[73]rm -rf /work2/noaa/stmp/mterry/HERCULES/RUNDIRS/C96C48_hybatmDA/gdas.2021122106/atmos_products_f005.333254
++ jjob_header.sh[75]mkdir -p /work2/noaa/stmp/mterry/HERCULES/RUNDIRS/C96C48_hybatmDA/gdas.2021122106/atmos_products_f005.333254
++ jjob_header.sh[76]cd /work2/noaa/stmp/mterry/HERCULES/RUNDIRS/C96C48_hybatmDA/gdas.2021122106/atmos_products_f005.333254
++ jjob_header.sh[85]export pid=333711
++ jjob_header.sh[85]pid=333711
++ jjob_header.sh[86]export pgmout=OUTPUT.333711
++ jjob_header.sh[86]pgmout=OUTPUT.333711
++ jjob_header.sh[87]export pgmerr=errfile
++ jjob_header.sh[87]pgmerr=errfile
++ jjob_header.sh[90]export pgm=
++ jjob_header.sh[90]pgm=
++ jjob_header.sh[96]export cycle=t06z
++ jjob_header.sh[96]cycle=t06z
++ jjob_header.sh[97]setpdy.sh
+ setpdy.sh[20]'[' /work2/noaa/stmp/mterry/HERCULES/RUNDIRS/C96C48_hybatmDA/gdas.2021122106/atmos_products_f005.333254 == /home/mterry ']'
+ setpdy.sh[25][[ ! t06z =~ t??z ]]
+ setpdy.sh[30]case $# in
+ setpdy.sh[31]dates_before_PDY=7
+ setpdy.sh[32]dates_after_PDY=7
+ setpdy.sh[50]COMDATEROOT=/work2/noaa/global/mterry/RUNTESTS/COMROOT
+ setpdy.sh[53]'[' -z 20211221 ']'
+ setpdy.sh[57]sed 's/[0-9]\{8\}/20211221/' /work2/noaa/global/mterry/RUNTESTS/COMROOT/date/t06z
sed: can't read /work2/noaa/global/mterry/RUNTESTS/COMROOT/date/t06z: No such file or directory
++ jjob_header.sh[97]true
++ jjob_header.sh[98]source ./PDY
/work2/noaa/global/mterry/global-workflow_forked/ush/jjob_header.sh: line 98: ./PDY: No such file or directory
++ jjob_header.sh[98]true
++ jjob_header.sh[104]export EXPDIR=/work2/noaa/global/mterry/RUNTESTS/EXPDIR/C96C48_hybatmDA
++ jjob_header.sh[104]EXPDIR=/work2/noaa/global/mterry/RUNTESTS/EXPDIR/C96C48_hybatmDA
++ jjob_header.sh[105]for config in "${configs[@]:-''}"
++ jjob_header.sh[106]source /work2/noaa/global/mterry/RUNTESTS/EXPDIR/C96C48_hybatmDA/config.base
+++ config.base[6]echo 'BEGIN: config.base'
BEGIN: config.base
+++ config.base[9]export machine=HERCULES
+++ config.base[9]machine=HERCULES
+++ config.base[12]export RUN_ENVIR=emc
+++ config.base[12]RUN_ENVIR=emc
+++ config.base[15]export ACCOUNT=fv3-cpu
+++ config.base[15]ACCOUNT=fv3-cpu
+++ config.base[16]export QUEUE=batch
+++ config.base[16]QUEUE=batch
+++ config.base[17]export QUEUE_SERVICE=batch
+++ config.base[17]QUEUE_SERVICE=batch
+++ config.base[18]export QUEUE_DTN=batch
+++ config.base[18]QUEUE_DTN=batch
+++ config.base[19]export PARTITION_BATCH=hercules
+++ config.base[19]PARTITION_BATCH=hercules
+++ config.base[20]export PARTITION_SERVICE=service
+++ config.base[20]PARTITION_SERVICE=service
+++ config.base[21]export PARTITION_DTN=
+++ config.base[21]PARTITION_DTN=
+++ config.base[22]export RESERVATION=
+++ config.base[22]RESERVATION=
+++ config.base[23]export CLUSTERS=
+++ config.base[23]CLUSTERS=
+++ config.base[24]export CLUSTERS_SERVICE=
+++ config.base[24]CLUSTERS_SERVICE=
+++ config.base[25]export CLUSTERS_DTN=
+++ config.base[25]CLUSTERS_DTN=
+++ config.base[28]export HPSS_PROJECT=emc-global
+++ config.base[28]HPSS_PROJECT=emc-global
+++ config.base[31]export HOMEgfs=/work2/noaa/global/mterry/global-workflow_forked
+++ config.base[31]HOMEgfs=/work2/noaa/global/mterry/global-workflow_forked
+++ config.base[32]export EXECgfs=/work2/noaa/global/mterry/global-workflow_forked/exec
+++ config.base[32]EXECgfs=/work2/noaa/global/mterry/global-workflow_forked/exec
+++ config.base[33]export FIXgfs=/work2/noaa/global/mterry/global-workflow_forked/fix
+++ config.base[33]FIXgfs=/work2/noaa/global/mterry/global-workflow_forked/fix
+++ config.base[34]export PARMgfs=/work2/noaa/global/mterry/global-workflow_forked/parm
+++ config.base[34]PARMgfs=/work2/noaa/global/mterry/global-workflow_forked/parm
+++ config.base[35]export SCRgfs=/work2/noaa/global/mterry/global-workflow_forked/scripts
+++ config.base[35]SCRgfs=/work2/noaa/global/mterry/global-workflow_forked/scripts
+++ config.base[36]export USHgfs=/work2/noaa/global/mterry/global-workflow_forked/ush
+++ config.base[36]USHgfs=/work2/noaa/global/mterry/global-workflow_forked/ush
+++ config.base[38]export FIXam=/work2/noaa/global/mterry/global-workflow_forked/fix/am
+++ config.base[38]FIXam=/work2/noaa/global/mterry/global-workflow_forked/fix/am
+++ config.base[39]export FIXaer=/work2/noaa/global/mterry/global-workflow_forked/fix/aer
+++ config.base[39]FIXaer=/work2/noaa/global/mterry/global-workflow_forked/fix/aer
+++ config.base[40]export FIXcpl=/work2/noaa/global/mterry/global-workflow_forked/fix/cpl
+++ config.base[40]FIXcpl=/work2/noaa/global/mterry/global-workflow_forked/fix/cpl
+++ config.base[41]export FIXlut=/work2/noaa/global/mterry/global-workflow_forked/fix/lut
+++ config.base[41]FIXlut=/work2/noaa/global/mterry/global-workflow_forked/fix/lut
+++ config.base[42]export FIXcice=/work2/noaa/global/mterry/global-workflow_forked/fix/cice
+++ config.base[42]FIXcice=/work2/noaa/global/mterry/global-workflow_forked/fix/cice
+++ config.base[43]export FIXmom=/work2/noaa/global/mterry/global-workflow_forked/fix/mom6
+++ config.base[43]FIXmom=/work2/noaa/global/mterry/global-workflow_forked/fix/mom6
+++ config.base[44]export FIXreg2grb2=/work2/noaa/global/mterry/global-workflow_forked/fix/reg2grb2
+++ config.base[44]FIXreg2grb2=/work2/noaa/global/mterry/global-workflow_forked/fix/reg2grb2
+++ config.base[45]export FIXgdas=/work2/noaa/global/mterry/global-workflow_forked/fix/gdas
+++ config.base[45]FIXgdas=/work2/noaa/global/mterry/global-workflow_forked/fix/gdas
+++ config.base[50]export PACKAGEROOT=/work2/noaa/global/role-global/nwpara
+++ config.base[50]PACKAGEROOT=/work2/noaa/global/role-global/nwpara
+++ config.base[51]export COMROOT=/work2/noaa/global/mterry/RUNTESTS/COMROOT
+++ config.base[51]COMROOT=/work2/noaa/global/mterry/RUNTESTS/COMROOT
+++ config.base[52]export COMINsyn=/work2/noaa/global/role-global/com/gfs/prod/syndat
+++ config.base[52]COMINsyn=/work2/noaa/global/role-global/com/gfs/prod/syndat
+++ config.base[53]export DMPDIR=/work/noaa/rstprod/dump
+++ config.base[53]DMPDIR=/work/noaa/rstprod/dump
+++ config.base[57]export COMINecmwf=/work2/noaa/global/role-global/data/external_gempak/ecmwf
+++ config.base[57]COMINecmwf=/work2/noaa/global/role-global/data/external_gempak/ecmwf
+++ config.base[58]export COMINnam=/work2/noaa/global/role-global/data/external_gempak/nam
+++ config.base[58]COMINnam=/work2/noaa/global/role-global/data/external_gempak/nam
+++ config.base[59]export COMINukmet=/work2/noaa/global/role-global/data/external_gempak/ukmet
+++ config.base[59]COMINukmet=/work2/noaa/global/role-global/data/external_gempak/ukmet
+++ config.base[62]export HOMEDIR=/work2/noaa/global/mterry
+++ config.base[62]HOMEDIR=/work2/noaa/global/mterry
+++ config.base[63]export STMP=/work2/noaa/stmp/mterry/HERCULES
+++ config.base[63]STMP=/work2/noaa/stmp/mterry/HERCULES
+++ config.base[64]export PTMP=/work2/noaa/stmp/mterry/HERCULES
+++ config.base[64]PTMP=/work2/noaa/stmp/mterry/HERCULES
+++ config.base[65]export NOSCRUB=/work2/noaa/global/mterry
+++ config.base[65]NOSCRUB=/work2/noaa/global/mterry
+++ config.base[68]export BASE_GIT=/work2/noaa/global/role-global/git
+++ config.base[68]BASE_GIT=/work2/noaa/global/role-global/git
+++ config.base[71]export BASE_DATA=/work2/noaa/global/role-global/data
+++ config.base[71]BASE_DATA=/work2/noaa/global/role-global/data
+++ config.base[74]export DO_PREP_SFC=NO
+++ config.base[74]DO_PREP_SFC=NO
+++ config.base[77]export DO_GOES=NO
+++ config.base[77]DO_GOES=NO
+++ config.base[78]export DO_BUFRSND=NO
+++ config.base[78]DO_BUFRSND=NO
+++ config.base[79]export DO_GEMPAK=NO
+++ config.base[79]DO_GEMPAK=NO
+++ config.base[80]export DO_AWIPS=NO
+++ config.base[80]DO_AWIPS=NO
+++ config.base[81]export DO_NPOESS=NO
+++ config.base[81]DO_NPOESS=NO
+++ config.base[82]export DO_TRACKER=YES
+++ config.base[82]DO_TRACKER=YES
+++ config.base[83]export DO_GENESIS=YES
+++ config.base[83]DO_GENESIS=YES
+++ config.base[84]export DO_GENESIS_FSU=NO
+++ config.base[84]DO_GENESIS_FSU=NO
+++ config.base[85]export DO_VERFOZN=YES
+++ config.base[85]DO_VERFOZN=YES
+++ config.base[86]export DO_VERFRAD=YES
+++ config.base[86]DO_VERFRAD=YES
+++ config.base[87]export DO_VMINMON=YES
+++ config.base[87]DO_VMINMON=YES
+++ config.base[88]export DO_ANLSTAT=NO
+++ config.base[88]DO_ANLSTAT=NO
+++ config.base[91]export MODE=cycled
+++ config.base[91]MODE=cycled
+++ config.base[92]export DO_TEST_MODE=YES
+++ config.base[92]DO_TEST_MODE=YES
+++ config.base[101]export FIXgsi=/work2/noaa/global/mterry/global-workflow_forked/fix/gsi
+++ config.base[101]FIXgsi=/work2/noaa/global/mterry/global-workflow_forked/fix/gsi
+++ config.base[102]export HOMEpost=/work2/noaa/global/mterry/global-workflow_forked
+++ config.base[102]HOMEpost=/work2/noaa/global/mterry/global-workflow_forked
+++ config.base[103]export HOMEobsproc=/work2/noaa/global/role-global/git/obsproc/v1.2.0
+++ config.base[103]HOMEobsproc=/work2/noaa/global/role-global/git/obsproc/v1.2.0
+++ config.base[106]export NMV=/bin/mv
+++ config.base[106]NMV=/bin/mv
+++ config.base[107]export 'NLN=/bin/ln -sf'
+++ config.base[107]NLN='/bin/ln -sf'
+++ config.base[108]export VERBOSE=YES
+++ config.base[108]VERBOSE=YES
+++ config.base[109]export KEEPDATA=NO
+++ config.base[109]KEEPDATA=NO
+++ config.base[110]export DEBUG_POSTSCRIPT=NO
+++ config.base[110]DEBUG_POSTSCRIPT=NO
+++ config.base[111]export CHGRP_RSTPROD=YES
+++ config.base[111]CHGRP_RSTPROD=YES
+++ config.base[112]export 'CHGRP_CMD=chgrp rstprod'
+++ config.base[112]CHGRP_CMD='chgrp rstprod'
+++ config.base[113]export NCDUMP=/work/noaa/epic/role-epic/spack-stack/hercules/spack-stack-1.6.0/envs/unified-env/install/intel/2021.9.0/netcdf-c-4.9.2-tslbcfy/bin/ncdump
+++ config.base[113]NCDUMP=/work/noaa/epic/role-epic/spack-stack/hercules/spack-stack-1.6.0/envs/unified-env/install/intel/2021.9.0/netcdf-c-4.9.2-tslbcfy/bin/ncdump
+++ config.base[114]export NCLEN=/work2/noaa/global/mterry/global-workflow_forked/ush/getncdimlen
+++ config.base[114]NCLEN=/work2/noaa/global/mterry/global-workflow_forked/ush/getncdimlen
+++ config.base[117]export BASE_ENV=/work2/noaa/global/mterry/global-workflow_forked/env
+++ config.base[117]BASE_ENV=/work2/noaa/global/mterry/global-workflow_forked/env
+++ config.base[120]export SDATE=2021122018
+++ config.base[120]SDATE=2021122018
+++ config.base[121]export EDATE=2021122106
+++ config.base[121]EDATE=2021122106
+++ config.base[122]export EXP_WARM_START=.false.
+++ config.base[122]EXP_WARM_START=.false.
+++ config.base[123]export assim_freq=6
+++ config.base[123]assim_freq=6
+++ config.base[124]export PSLOT=C96C48_hybatmDA
+++ config.base[124]PSLOT=C96C48_hybatmDA
+++ config.base[125]export EXPDIR=/work2/noaa/global/mterry/RUNTESTS/EXPDIR/C96C48_hybatmDA
+++ config.base[125]EXPDIR=/work2/noaa/global/mterry/RUNTESTS/EXPDIR/C96C48_hybatmDA
+++ config.base[126]export ROTDIR=/work2/noaa/global/mterry/RUNTESTS/COMROOT/C96C48_hybatmDA
+++ config.base[126]ROTDIR=/work2/noaa/global/mterry/RUNTESTS/COMROOT/C96C48_hybatmDA
+++ config.base[127]export DUMP_SUFFIX=
+++ config.base[127]DUMP_SUFFIX=
+++ config.base[128][[ 2021122106 -ge 2019092100 ]]
+++ config.base[128][[ 2021122106 -le 2019110700 ]]
+++ config.base[131]export ARCDIR=/work2/noaa/global/mterry/archive/C96C48_hybatmDA
+++ config.base[131]ARCDIR=/work2/noaa/global/mterry/archive/C96C48_hybatmDA
+++ config.base[132]export ATARDIR=/NCEPDEV/emc-global/1year/mterry/HERCULES/scratch/C96C48_hybatmDA
+++ config.base[132]ATARDIR=/NCEPDEV/emc-global/1year/mterry/HERCULES/scratch/C96C48_hybatmDA
+++ config.base[133]export FETCHDIR=/NCEPDEV/emc-global/1year/David.Grumm/test_data
+++ config.base[133]FETCHDIR=/NCEPDEV/emc-global/1year/David.Grumm/test_data
+++ config.base[136]export envir=prod
+++ config.base[136]envir=prod
+++ config.base[137]export NET=gfs
+++ config.base[137]NET=gfs
+++ config.base[138]export RUN=gdas
+++ config.base[138]RUN=gdas
+++ config.base[141]source /work2/noaa/global/mterry/RUNTESTS/EXPDIR/C96C48_hybatmDA/config.com
++++ config.com[4]echo 'BEGIN: config.com'
BEGIN: config.com
++++ config.com[38][[ emc == \n\c\o ]]
++++ config.com[43]COM_OBSPROC_TMPL='${DMPDIR}/${RUN}${DUMP_SUFFIX}.${YMD}/${HH}/atmos'
++++ config.com[44]COM_RTOFS_TMPL='${DMPDIR}'
++++ config.com[45]COM_TCVITAL_TMPL='${DMPDIR}/${RUN}.${YMD}/${HH}/atmos'
++++ config.com[47]declare -rx 'COM_OBS_TMPL=${ROTDIR}/${RUN}.${YMD}/${HH}/obs'
++++ config.com[48]declare -rx COM_OBSPROC_TMPL COM_RTOFS_TMPL
++++ config.com[50]COM_BASE='${ROTDIR}/${RUN}.${YMD}/${HH}/${MEMDIR}'
++++ config.com[52]declare -rx 'COM_TOP_TMPL=${ROTDIR}/${RUN}.${YMD}/${HH}'
++++ config.com[54]declare -rx 'COM_CONF_TMPL=${ROTDIR}/${RUN}.${YMD}/${HH}/${MEMDIR}/conf'
++++ config.com[55]declare -rx 'COM_OBS_JEDI=${ROTDIR}/${RUN}.${YMD}/${HH}/${MEMDIR}/obs_jedi'
++++ config.com[57]declare -rx 'COM_ATMOS_INPUT_TMPL=${ROTDIR}/${RUN}.${YMD}/${HH}/${MEMDIR}/model/atmos/input'
++++ config.com[58]declare -rx 'COM_ATMOS_RESTART_TMPL=${ROTDIR}/${RUN}.${YMD}/${HH}/${MEMDIR}/model/atmos/restart'
++++ config.com[59]declare -rx 'COM_ATMOS_ANALYSIS_TMPL=${ROTDIR}/${RUN}.${YMD}/${HH}/${MEMDIR}/analysis/atmos'
++++ config.com[60]declare -rx 'COM_SNOW_ANALYSIS_TMPL=${ROTDIR}/${RUN}.${YMD}/${HH}/${MEMDIR}/analysis/snow'
++++ config.com[61]declare -rx 'COM_SNOW_ANLMON_TMPL=${ROTDIR}/${RUN}.${YMD}/${HH}/${MEMDIR}/products/snow/anlmon'
++++ config.com[62]declare -rx 'COM_ATMOS_HISTORY_TMPL=${ROTDIR}/${RUN}.${YMD}/${HH}/${MEMDIR}/model/atmos/history'
++++ config.com[63]declare -rx 'COM_ATMOS_MASTER_TMPL=${ROTDIR}/${RUN}.${YMD}/${HH}/${MEMDIR}/model/atmos/master'
++++ config.com[64]declare -rx 'COM_ATMOS_GRIB_TMPL=${ROTDIR}/${RUN}.${YMD}/${HH}/${MEMDIR}/products/atmos/grib2'
++++ config.com[65]declare -rx 'COM_ATMOS_GRIB_GRID_TMPL=${ROTDIR}/${RUN}.${YMD}/${HH}/${MEMDIR}/products/atmos/grib2/${GRID}'
++++ config.com[66]declare -rx 'COM_ATMOS_BUFR_TMPL=${ROTDIR}/${RUN}.${YMD}/${HH}/${MEMDIR}/products/atmos/bufr'
++++ config.com[67]declare -rx 'COM_ATMOS_GEMPAK_TMPL=${ROTDIR}/${RUN}.${YMD}/${HH}/${MEMDIR}/products/atmos/gempak/${GRID}'
++++ config.com[68]declare -rx 'COM_ATMOS_GENESIS_TMPL=${ROTDIR}/${RUN}.${YMD}/${HH}/${MEMDIR}/products/atmos/cyclone/genesis_vital'
++++ config.com[69]declare -rx 'COM_ATMOS_TRACK_TMPL=${ROTDIR}/${RUN}.${YMD}/${HH}/${MEMDIR}/products/atmos/cyclone/tracks'
++++ config.com[70]declare -rx 'COM_ATMOS_GOES_TMPL=${ROTDIR}/${RUN}.${YMD}/${HH}/${MEMDIR}/products/atmos/goes_sim'
++++ config.com[71]declare -rx 'COM_ATMOS_IMAGERY_TMPL=${ROTDIR}/${RUN}.${YMD}/${HH}/${MEMDIR}/products/atmos/imagery'
++++ config.com[72]declare -rx 'COM_ATMOS_OZNMON_TMPL=${ROTDIR}/${RUN}.${YMD}/${HH}/${MEMDIR}/products/atmos/oznmon'
++++ config.com[73]declare -rx 'COM_ATMOS_RADMON_TMPL=${ROTDIR}/${RUN}.${YMD}/${HH}/${MEMDIR}/products/atmos/radmon'
++++ config.com[74]declare -rx 'COM_ATMOS_MINMON_TMPL=${ROTDIR}/${RUN}.${YMD}/${HH}/${MEMDIR}/products/atmos/minmon'
++++ config.com[75]declare -rx 'COM_ATMOS_ANLMON_TMPL=${ROTDIR}/${RUN}.${YMD}/${HH}/${MEMDIR}/products/atmos/anlmon'
++++ config.com[76]declare -rx 'COM_ATMOS_WMO_TMPL=${ROTDIR}/${RUN}.${YMD}/${HH}/${MEMDIR}/products/atmos/wmo'
++++ config.com[78]declare -rx 'COM_WAVE_RESTART_TMPL=${ROTDIR}/${RUN}.${YMD}/${HH}/${MEMDIR}/model/wave/restart'
++++ config.com[79]declare -rx 'COM_WAVE_PREP_TMPL=${ROTDIR}/${RUN}.${YMD}/${HH}/${MEMDIR}/model/wave/prep'
++++ config.com[80]declare -rx 'COM_WAVE_HISTORY_TMPL=${ROTDIR}/${RUN}.${YMD}/${HH}/${MEMDIR}/model/wave/history'
++++ config.com[81]declare -rx 'COM_WAVE_GRID_TMPL=${ROTDIR}/${RUN}.${YMD}/${HH}/${MEMDIR}/products/wave/gridded'
++++ config.com[82]declare -rx 'COM_WAVE_GRID_RES_TMPL=${ROTDIR}/${RUN}.${YMD}/${HH}/${MEMDIR}/products/wave/gridded/${GRDRESNAME}'
++++ config.com[83]declare -rx 'COM_WAVE_STATION_TMPL=${ROTDIR}/${RUN}.${YMD}/${HH}/${MEMDIR}/products/wave/station'
++++ config.com[84]declare -rx 'COM_WAVE_GEMPAK_TMPL=${ROTDIR}/${RUN}.${YMD}/${HH}/${MEMDIR}/products/wave/gempak'
++++ config.com[85]declare -rx 'COM_WAVE_WMO_TMPL=${ROTDIR}/${RUN}.${YMD}/${HH}/${MEMDIR}/products/wave/wmo'
++++ config.com[87]declare -rx 'COM_OCEAN_HISTORY_TMPL=${ROTDIR}/${RUN}.${YMD}/${HH}/${MEMDIR}/model/ocean/history'
++++ config.com[88]declare -rx 'COM_OCEAN_RESTART_TMPL=${ROTDIR}/${RUN}.${YMD}/${HH}/${MEMDIR}/model/ocean/restart'
++++ config.com[89]declare -rx 'COM_OCEAN_INPUT_TMPL=${ROTDIR}/${RUN}.${YMD}/${HH}/${MEMDIR}/model/ocean/input'
++++ config.com[90]declare -rx 'COM_OCEAN_ANALYSIS_TMPL=${ROTDIR}/${RUN}.${YMD}/${HH}/${MEMDIR}/analysis/ocean'
++++ config.com[91]declare -rx 'COM_OCEAN_ANLMON_TMPL=${ROTDIR}/${RUN}.${YMD}/${HH}/${MEMDIR}/products/ocean/anlmon'
++++ config.com[92]declare -rx 'COM_OCEAN_LETKF_TMPL=${ROTDIR}/${RUN}.${YMD}/${HH}/${MEMDIR}/analysis/ocean/letkf'
++++ config.com[93]declare -rx 'COM_OCEAN_BMATRIX_TMPL=${ROTDIR}/${RUN}.${YMD}/${HH}/${MEMDIR}/bmatrix/ocean'
++++ config.com[94]declare -rx 'COM_OCEAN_NETCDF_TMPL=${ROTDIR}/${RUN}.${YMD}/${HH}/${MEMDIR}/products/ocean/netcdf'
++++ config.com[95]declare -rx 'COM_OCEAN_GRIB_TMPL=${ROTDIR}/${RUN}.${YMD}/${HH}/${MEMDIR}/products/ocean/grib2'
++++ config.com[96]declare -rx 'COM_OCEAN_GRIB_GRID_TMPL=${ROTDIR}/${RUN}.${YMD}/${HH}/${MEMDIR}/products/ocean/grib2/${GRID}'
++++ config.com[98]declare -rx 'COM_ICE_ANALYSIS_TMPL=${ROTDIR}/${RUN}.${YMD}/${HH}/${MEMDIR}/analysis/ice'
++++ config.com[99]declare -rx 'COM_ICE_LETKF_TMPL=${ROTDIR}/${RUN}.${YMD}/${HH}/${MEMDIR}/analysis/ice/letkf'
++++ config.com[100]declare -rx 'COM_ICE_ANLMON_TMPL=${ROTDIR}/${RUN}.${YMD}/${HH}/${MEMDIR}/products/ice/anlmon'
++++ config.com[101]declare -rx 'COM_ICE_BMATRIX_TMPL=${ROTDIR}/${RUN}.${YMD}/${HH}/${MEMDIR}/bmatrix/ice'
++++ config.com[102]declare -rx 'COM_ICE_INPUT_TMPL=${ROTDIR}/${RUN}.${YMD}/${HH}/${MEMDIR}/model/ice/input'
++++ config.com[103]declare -rx 'COM_ICE_HISTORY_TMPL=${ROTDIR}/${RUN}.${YMD}/${HH}/${MEMDIR}/model/ice/history'
++++ config.com[104]declare -rx 'COM_ICE_RESTART_TMPL=${ROTDIR}/${RUN}.${YMD}/${HH}/${MEMDIR}/model/ice/restart'
++++ config.com[105]declare -rx 'COM_ICE_NETCDF_TMPL=${ROTDIR}/${RUN}.${YMD}/${HH}/${MEMDIR}/products/ice/netcdf'
++++ config.com[106]declare -rx 'COM_ICE_GRIB_TMPL=${ROTDIR}/${RUN}.${YMD}/${HH}/${MEMDIR}/products/ice/grib2'
++++ config.com[107]declare -rx 'COM_ICE_GRIB_GRID_TMPL=${ROTDIR}/${RUN}.${YMD}/${HH}/${MEMDIR}/products/ice/grib2/${GRID}'
++++ config.com[109]declare -rx 'COM_CHEM_HISTORY_TMPL=${ROTDIR}/${RUN}.${YMD}/${HH}/${MEMDIR}/model/chem/history'
++++ config.com[110]declare -rx 'COM_CHEM_ANALYSIS_TMPL=${ROTDIR}/${RUN}.${YMD}/${HH}/${MEMDIR}/analysis/chem'
++++ config.com[111]declare -rx 'COM_CHEM_BMAT_TMPL=${ROTDIR}/${RUN}.${YMD}/${HH}/${MEMDIR}/analysis/chem/bmatrix'
++++ config.com[112]declare -rx 'COM_CHEM_ANLMON_TMPL=${ROTDIR}/${RUN}.${YMD}/${HH}/${MEMDIR}/products/chem/anlmon'
++++ config.com[114]declare -rx 'COM_MED_RESTART_TMPL=${ROTDIR}/${RUN}.${YMD}/${HH}/${MEMDIR}/model/med/restart'
+++ config.base[143]export LOGSCRIPT=
+++ config.base[143]LOGSCRIPT=
+++ config.base[145]export 'REDOUT=1>'
+++ config.base[145]REDOUT='1>'
+++ config.base[146]export 'REDERR=2>'
+++ config.base[146]REDERR='2>'
+++ config.base[148]export SENDECF=NO
+++ config.base[148]SENDECF=NO
+++ config.base[149]export SENDSDM=NO
+++ config.base[149]SENDSDM=NO
+++ config.base[150]export SENDDBN_NTC=NO
+++ config.base[150]SENDDBN_NTC=NO
+++ config.base[151]export SENDDBN=NO
+++ config.base[151]SENDDBN=NO
+++ config.base[152]export DBNROOT=/work/noaa/epic/role-epic/spack-stack/hercules/spack-stack-1.6.0/envs/unified-env/install/intel/2021.9.0/prod-util-2.1.1-ddlo2cq/fakedbn
+++ config.base[152]DBNROOT=/work/noaa/epic/role-epic/spack-stack/hercules/spack-stack-1.6.0/envs/unified-env/install/intel/2021.9.0/prod-util-2.1.1-ddlo2cq/fakedbn
+++ config.base[153]export SENDAWIP=NO
+++ config.base[153]SENDAWIP=NO
+++ config.base[156]export APP=ATM
+++ config.base[156]APP=ATM
+++ config.base[158]shopt -s extglob
+++ config.base[161]case "${RUN}" in
+++ config.base[168]shopt -u extglob
+++ config.base[171]export DO_ATM=YES
+++ config.base[171]DO_ATM=YES
+++ config.base[172]export DO_COUPLED=NO
+++ config.base[172]DO_COUPLED=NO
+++ config.base[173]export DO_WAVE=NO
+++ config.base[173]DO_WAVE=NO
+++ config.base[174]export DO_OCN=NO
+++ config.base[174]DO_OCN=NO
+++ config.base[175]export DO_ICE=NO
+++ config.base[175]DO_ICE=NO
+++ config.base[176]DO_AERO=NO
+++ config.base[177]export DO_PREP_OBS_AERO=NO
+++ config.base[177]DO_PREP_OBS_AERO=NO
+++ config.base[178]aero_fcst_runs=gdas
+++ config.base[179]aero_anl_runs='gdas gfs'
+++ config.base[180]export DO_AERO_FCST=NO
+++ config.base[180]DO_AERO_FCST=NO
+++ config.base[181]export DO_AERO_ANL=NO
+++ config.base[181]DO_AERO_ANL=NO
+++ config.base[182]export DOBNDPNT_WAVE=YES
+++ config.base[182]DOBNDPNT_WAVE=YES
+++ config.base[183]export DOIBP_WAV=NO
+++ config.base[183]DOIBP_WAV=NO
+++ config.base[184]export FRAC_GRID=.true.
+++ config.base[184]FRAC_GRID=.true.
+++ config.base[185]export DO_NEST=NO
+++ config.base[185]DO_NEST=NO
+++ config.base[186][[ NO == \Y\E\S ]]
+++ config.base[192]export ntiles=6
+++ config.base[192]ntiles=6
+++ config.base[193]export FIXugwd=/work2/noaa/global/mterry/global-workflow_forked/fix/ugwd
+++ config.base[193]FIXugwd=/work2/noaa/global/mterry/global-workflow_forked/fix/ugwd
+++ config.base[194]export FIXorog=/work2/noaa/global/mterry/global-workflow_forked/fix/orog
+++ config.base[194]FIXorog=/work2/noaa/global/mterry/global-workflow_forked/fix/orog
+++ config.base[198]export OPS_RES=C768
+++ config.base[198]OPS_RES=C768
+++ config.base[201]export LEVS=128
+++ config.base[201]LEVS=128
+++ config.base[202]export CASE=C96
+++ config.base[202]CASE=C96
+++ config.base[203]export CASE_ENS=C48
+++ config.base[203]CASE_ENS=C48
+++ config.base[204]export OCNRES=500
+++ config.base[204]OCNRES=500
+++ config.base[205]export ICERES=500
+++ config.base[205]ICERES=500
+++ config.base[208]case "${CASE}" in
+++ config.base[213]export waveGRD=uglo_100km
+++ config.base[213]waveGRD=uglo_100km
+++ config.base[227]case "${APP}" in
+++ config.base[262][[ NO == \Y\E\S ]]
+++ config.base[272][[ gdas =~ gdas ]]
+++ config.base[273]export FHCYC=1
+++ config.base[273]FHCYC=1
+++ config.base[274]export FTSFS=10
+++ config.base[274]FTSFS=10
+++ config.base[280]export FHMIN=0
+++ config.base[280]FHMIN=0
+++ config.base[281]export FHMAX=9
+++ config.base[281]FHMAX=9
+++ config.base[282]export FHOUT=3
+++ config.base[282]FHOUT=3
+++ config.base[283]export FHOUT_OCN=3
+++ config.base[283]FHOUT_OCN=3
+++ config.base[284]export FHOUT_ICE=3
+++ config.base[284]FHOUT_ICE=3
+++ config.base[285]export FHOUT_AERO=3
+++ config.base[285]FHOUT_AERO=3
+++ config.base[288]export EUPD_CYC=gdas
+++ config.base[288]EUPD_CYC=gdas
+++ config.base[291]export INTERVAL_GFS=24
+++ config.base[291]INTERVAL_GFS=24
+++ config.base[292]export SDATE_GFS=2021122100
+++ config.base[292]SDATE_GFS=2021122100
+++ config.base[295]export FHMIN_GFS=0
+++ config.base[295]FHMIN_GFS=0
+++ config.base[296]export FHMAX_GFS=120
+++ config.base[296]FHMAX_GFS=120
+++ config.base[298]breakpnts=
+++ config.base[299]export FCST_SEGMENTS=0,120
+++ config.base[299]FCST_SEGMENTS=0,120
+++ config.base[300]export FHOUT_GFS=3
+++ config.base[300]FHOUT_GFS=3
+++ config.base[301]export FHMAX_HF_GFS=48
+++ config.base[301]FHMAX_HF_GFS=48
+++ config.base[302]export FHMAX_HF_GFS=48
+++ config.base[302]FHMAX_HF_GFS=48
+++ config.base[303]export FHOUT_HF_GFS=1
+++ config.base[303]FHOUT_HF_GFS=1
+++ config.base[306]export FHMIN_WAV=0
+++ config.base[306]FHMIN_WAV=0
+++ config.base[307]export FHOUT_WAV=1
+++ config.base[307]FHOUT_WAV=1
+++ config.base[308]export FHMAX_WAV=9
+++ config.base[308]FHMAX_WAV=9
+++ config.base[309]export FHMAX_WAV=9
+++ config.base[309]FHMAX_WAV=9
+++ config.base[310]export FHOUT_WAV_GFS=3
+++ config.base[310]FHOUT_WAV_GFS=3
+++ config.base[311]export FHMAX_WAV_GFS=120
+++ config.base[311]FHMAX_WAV_GFS=120
+++ config.base[312]export FHOUT_HF_WAV=1
+++ config.base[312]FHOUT_HF_WAV=1
+++ config.base[313]export FHMAX_HF_WAV=48
+++ config.base[313]FHMAX_HF_WAV=48
+++ config.base[314]export FHMAX_HF_WAV=48
+++ config.base[314]FHMAX_HF_WAV=48
+++ config.base[317]export FHOUT_OCN_GFS=6
+++ config.base[317]FHOUT_OCN_GFS=6
+++ config.base[318]export FHOUT_ICE_GFS=6
+++ config.base[318]FHOUT_ICE_GFS=6
+++ config.base[321]export ILPOST=1
+++ config.base[321]ILPOST=1
+++ config.base[322]((  FHMAX_HF_GFS < 120  ))
+++ config.base[323]export ILPOST=3
+++ config.base[323]ILPOST=3
+++ config.base[327]export FHMAX_GOES=180
+++ config.base[327]FHMAX_GOES=180
+++ config.base[328]export FHOUT_GOES=3
+++ config.base[328]FHOUT_GOES=3
+++ config.base[329]((  FHMAX_GOES > FHMAX_GFS  ))
+++ config.base[330]export FHMAX_GOES=120
+++ config.base[330]FHMAX_GOES=120
+++ config.base[334]export restart_interval_gfs=12
+++ config.base[334]restart_interval_gfs=12
+++ config.base[339]export QUILTING=.true.
+++ config.base[339]QUILTING=.true.
+++ config.base[340]export OUTPUT_GRID=gaussian_grid
+++ config.base[340]OUTPUT_GRID=gaussian_grid
+++ config.base[341]export WRITE_DOPOST=.true.
+++ config.base[341]WRITE_DOPOST=.true.
+++ config.base[342]export WRITE_NSFLIP=.true.
+++ config.base[342]WRITE_NSFLIP=.true.
+++ config.base[345]export DOIAU=YES
+++ config.base[345]DOIAU=YES
+++ config.base[346]export IAUFHRS=3,6,9
+++ config.base[346]IAUFHRS=3,6,9
+++ config.base[347]export IAU_FHROT=3
+++ config.base[347]IAU_FHROT=3
+++ config.base[348]export IAU_DELTHRS=6
+++ config.base[348]IAU_DELTHRS=6
+++ config.base[349]export IAU_OFFSET=6
+++ config.base[349]IAU_OFFSET=6
+++ config.base[350]export DOIAU_ENKF=YES
+++ config.base[350]DOIAU_ENKF=YES
+++ config.base[351]export IAUFHRS_ENKF=3,6,9
+++ config.base[351]IAUFHRS_ENKF=3,6,9
+++ config.base[352]export IAU_DELTHRS_ENKF=6
+++ config.base[352]IAU_DELTHRS_ENKF=6
+++ config.base[355]export lobsdiag_forenkf=.true.
+++ config.base[355]lobsdiag_forenkf=.true.
+++ config.base[363]export imp_physics=8
+++ config.base[363]imp_physics=8
+++ config.base[367]export DO_JEDIATMVAR=NO
+++ config.base[367]DO_JEDIATMVAR=NO
+++ config.base[368]export DO_JEDIATMENS=NO
+++ config.base[368]DO_JEDIATMENS=NO
+++ config.base[369]export DO_JEDIOCNVAR=NO
+++ config.base[369]DO_JEDIOCNVAR=NO
+++ config.base[370]export DO_JEDISNOWDA=NO
+++ config.base[370]DO_JEDISNOWDA=NO
+++ config.base[371]export DO_MERGENSST=NO
+++ config.base[371]DO_MERGENSST=NO
+++ config.base[372]export DO_STARTMEM_FROM_JEDIICE=NO
+++ config.base[372]DO_STARTMEM_FROM_JEDIICE=NO
+++ config.base[375]export DOHYBVAR=YES
+++ config.base[375]DOHYBVAR=YES
+++ config.base[376]export DOHYBVAR_OCN=NO
+++ config.base[376]DOHYBVAR_OCN=NO
+++ config.base[377]export DOLETKF_OCN=NO
+++ config.base[377]DOLETKF_OCN=NO
+++ config.base[378]export NMEM_ENS=2
+++ config.base[378]NMEM_ENS=2
+++ config.base[379]export SMOOTH_ENKF=NO
+++ config.base[379]SMOOTH_ENKF=NO
+++ config.base[380]export l4densvar=.true.
+++ config.base[380]l4densvar=.true.
+++ config.base[381]export lwrite4danl=.true.
+++ config.base[381]lwrite4danl=.true.
+++ config.base[382]export DO_CALC_INCREMENT=NO
+++ config.base[382]DO_CALC_INCREMENT=NO
+++ config.base[385]export NMEM_ENS_GFS=30
+++ config.base[385]NMEM_ENS_GFS=30
+++ config.base[386]export NMEM_ENS_GFS_OFFSET=20
+++ config.base[386]NMEM_ENS_GFS_OFFSET=20
+++ config.base[387]export DO_CALC_INCREMENT_ENKF_GFS=NO
+++ config.base[387]DO_CALC_INCREMENT_ENKF_GFS=NO
+++ config.base[390][[ YES = \Y\E\S ]]
+++ config.base[391]export FHMIN_ENKF=3
+++ config.base[391]FHMIN_ENKF=3
+++ config.base[392]export FHMAX_ENKF=9
+++ config.base[392]FHMAX_ENKF=9
+++ config.base[393]export FHMAX_ENKF_GFS=12
+++ config.base[393]FHMAX_ENKF_GFS=12
+++ config.base[394]export FHOUT_ENKF_GFS=3
+++ config.base[394]FHOUT_ENKF_GFS=3
+++ config.base[395][[ .true. = \.\t\r\u\e\. ]]
+++ config.base[396]export FHOUT=1
+++ config.base[396]FHOUT=1
+++ config.base[397]export FHOUT_ENKF=1
+++ config.base[397]FHOUT_ENKF=1
+++ config.base[404][[ YES == \N\O ]]
+++ config.base[412]export ENKF_SPREAD=YES
+++ config.base[412]ENKF_SPREAD=YES
+++ config.base[415]export DO_GSISOILDA=YES
+++ config.base[415]DO_GSISOILDA=YES
+++ config.base[416]export DO_LAND_IAU=.true.
+++ config.base[416]DO_LAND_IAU=.true.
+++ config.base[417]export LSOIL_INCR=2
+++ config.base[417]LSOIL_INCR=2
+++ config.base[420][[ cycled = \c\y\c\l\e\d ]]
+++ config.base[420][[ 2021122018 = \2\0\2\1\1\2\2\1\0\6 ]]
+++ config.base[420][[ YES = \N\O ]]
+++ config.base[420][[ cycled = \f\o\r\e\c\a\s\t\-\o\n\l\y ]]
+++ config.base[427][[ YES = \N\O ]]
+++ config.base[431][[ YES == \Y\E\S ]]
+++ config.base[432]export restart_interval_enkfgdas=3
+++ config.base[432]restart_interval_enkfgdas=3
+++ config.base[437]export restart_interval_enkfgfs=3
+++ config.base[437]restart_interval_enkfgfs=3
+++ config.base[439][[ YES == \Y\E\S ]]
+++ config.base[440]export restart_interval_gdas=3
+++ config.base[440]restart_interval_gdas=3
+++ config.base[446]export DONST=YES
+++ config.base[446]DONST=YES
+++ config.base[447][[ YES = \Y\E\S ]]
+++ config.base[447]export 'FNTSFA=        '
+++ config.base[447]FNTSFA='        '
+++ config.base[450]export nst_anl=.true.
+++ config.base[450]nst_anl=.true.
+++ config.base[453]export MAKE_NSSTBUFR=NO
+++ config.base[453]MAKE_NSSTBUFR=NO
+++ config.base[456]export MAKE_ACFTBUFR=NO
+++ config.base[456]MAKE_ACFTBUFR=NO
+++ config.base[459]export 'INCREMENTS_TO_ZERO='\''liq_wat_inc'\'','\''icmr_inc'\'','\''rwmr_inc'\'','\''snmr_inc'\'','\''grle_inc'\'''
+++ config.base[459]INCREMENTS_TO_ZERO=''\''liq_wat_inc'\'','\''icmr_inc'\'','\''rwmr_inc'\'','\''snmr_inc'\'','\''grle_inc'\'''
+++ config.base[462]export 'INCVARS_ZERO_STRAT='\''sphum_inc'\'','\''liq_wat_inc'\'','\''icmr_inc'\'','\''rwmr_inc'\'','\''snmr_inc'\'','\''grle_inc'\'''
+++ config.base[462]INCVARS_ZERO_STRAT=''\''sphum_inc'\'','\''liq_wat_inc'\'','\''icmr_inc'\'','\''rwmr_inc'\'','\''snmr_inc'\'','\''grle_inc'\'''
+++ config.base[463]export INCVARS_EFOLD=5
+++ config.base[463]INCVARS_EFOLD=5
+++ config.base[468]export netcdf_diag=.true.
+++ config.base[468]netcdf_diag=.true.
+++ config.base[469]export binary_diag=.false.
+++ config.base[469]binary_diag=.false.
+++ config.base[472]export DO_CA=YES
+++ config.base[472]DO_CA=YES
+++ config.base[475]export DO_METP=YES
+++ config.base[475]DO_METP=YES
+++ config.base[476]export DO_FIT2OBS=YES
+++ config.base[476]DO_FIT2OBS=YES
+++ config.base[479]export FHMAX_FITS=132
+++ config.base[479]FHMAX_FITS=132
+++ config.base[480][[ 132 -gt 120 ]]
+++ config.base[481]export FHMAX_FITS=120
+++ config.base[481]FHMAX_FITS=120
+++ config.base[486]export DO_FETCH_HPSS=NO
+++ config.base[486]DO_FETCH_HPSS=NO
+++ config.base[487]export DO_FETCH_LOCAL=NO
+++ config.base[487]DO_FETCH_LOCAL=NO
+++ config.base[490]export DO_ARCHCOM=NO
+++ config.base[490]DO_ARCHCOM=NO
+++ config.base[491]export ARCHCOM_TO=globus_hpss
+++ config.base[491]ARCHCOM_TO=globus_hpss
+++ config.base[494]export CLIENT_GLOBUS_UUID=869912fe-f6de-46c0-af10-b22efd84a022
+++ config.base[494]CLIENT_GLOBUS_UUID=869912fe-f6de-46c0-af10-b22efd84a022
+++ config.base[497][[ NO = \Y\E\S ]]
+++ config.base[504][[ NO = \Y\E\S ]]
+++ config.base[504][[ NO = \Y\E\S ]]
+++ config.base[504][[ NO = \Y\E\S ]]
+++ config.base[510]export REPLAY_ICS=NO
+++ config.base[510]REPLAY_ICS=NO
+++ config.base[511]export OFFSET_START_HOUR=0
+++ config.base[511]OFFSET_START_HOUR=0
+++ config.base[514]export NUM_SND_COLLECTIVES=9
+++ config.base[514]NUM_SND_COLLECTIVES=9
+++ config.base[516]echo 'END: config.base'
END: config.base
++ jjob_header.sh[106]true
++ jjob_header.sh[107]export err=0
++ jjob_header.sh[107]err=0
++ jjob_header.sh[108][[ 0 -ne 0 ]]
++ jjob_header.sh[105]for config in "${configs[@]:-''}"
++ jjob_header.sh[106]source /work2/noaa/global/mterry/RUNTESTS/EXPDIR/C96C48_hybatmDA/config.atmos_products
+++ config.atmos_products[6]echo 'BEGIN: config.atmos_products'
BEGIN: config.atmos_products
+++ config.atmos_products[9]. /work2/noaa/global/mterry/RUNTESTS/EXPDIR/C96C48_hybatmDA/config.resources atmos_products
++++ config.resources[10]((  1 != 1  ))
++++ config.resources[34]step=atmos_products
++++ config.resources[36]echo 'BEGIN: config.resources'
BEGIN: config.resources
++++ config.resources[38]case ${machine} in
++++ config.resources[61]max_tasks_per_node=80
++++ config.resources[62]mem_node_max=500GB
++++ config.resources[96]export max_tasks_per_node
++++ config.resources[98]case ${step} in
++++ config.resources[1019]walltime=00:15:00
++++ config.resources[1020]ntasks=24
++++ config.resources[1021]threads_per_task=1
++++ config.resources[1022]tasks_per_node=24
++++ config.resources[1023]export is_exclusive=True
++++ config.resources[1023]is_exclusive=True
++++ config.resources[1398][[ -f /work2/noaa/global/mterry/RUNTESTS/EXPDIR/C96C48_hybatmDA/config.resources.HERCULES ]]
++++ config.resources[1399]source /work2/noaa/global/mterry/RUNTESTS/EXPDIR/C96C48_hybatmDA/config.resources.HERCULES
+++++ config.resources.HERCULES[6]case ${step} in
++++ config.resources[1403]for resource_var in threads_per_task ntasks tasks_per_node NTASKS memory walltime
++++ config.resources[1404]run_resource_var=threads_per_task_gdas
++++ config.resources[1405][[ -n '' ]]
++++ config.resources[1407][[ -n 0 ]]
++++ config.resources[1408]export threads_per_task
++++ config.resources[1403]for resource_var in threads_per_task ntasks tasks_per_node NTASKS memory walltime
++++ config.resources[1404]run_resource_var=ntasks_gdas
++++ config.resources[1405][[ -n '' ]]
++++ config.resources[1407][[ -n 0 ]]
++++ config.resources[1408]export ntasks
++++ config.resources[1403]for resource_var in threads_per_task ntasks tasks_per_node NTASKS memory walltime
++++ config.resources[1404]run_resource_var=tasks_per_node_gdas
++++ config.resources[1405][[ -n '' ]]
++++ config.resources[1407][[ -n 0 ]]
++++ config.resources[1408]export tasks_per_node
++++ config.resources[1403]for resource_var in threads_per_task ntasks tasks_per_node NTASKS memory walltime
++++ config.resources[1404]run_resource_var=NTASKS_gdas
++++ config.resources[1405][[ -n '' ]]
++++ config.resources[1407][[ -n '' ]]
++++ config.resources[1403]for resource_var in threads_per_task ntasks tasks_per_node NTASKS memory walltime
++++ config.resources[1404]run_resource_var=memory_gdas
++++ config.resources[1405][[ -n '' ]]
++++ config.resources[1407][[ -n '' ]]
++++ config.resources[1403]for resource_var in threads_per_task ntasks tasks_per_node NTASKS memory walltime
++++ config.resources[1404]run_resource_var=walltime_gdas
++++ config.resources[1405][[ -n '' ]]
++++ config.resources[1407][[ -n 0 ]]
++++ config.resources[1408]export walltime
++++ config.resources[1412]echo 'END: config.resources'
END: config.resources
+++ config.atmos_products[12]export MAX_TASKS=25
+++ config.atmos_products[12]MAX_TASKS=25
+++ config.atmos_products[15]export INTERP_ATMOS_MASTERSH=/work2/noaa/global/mterry/global-workflow_forked/ush/interp_atmos_master.sh
+++ config.atmos_products[15]INTERP_ATMOS_MASTERSH=/work2/noaa/global/mterry/global-workflow_forked/ush/interp_atmos_master.sh
+++ config.atmos_products[16]export INTERP_ATMOS_SFLUXSH=/work2/noaa/global/mterry/global-workflow_forked/ush/interp_atmos_sflux.sh
+++ config.atmos_products[16]INTERP_ATMOS_SFLUXSH=/work2/noaa/global/mterry/global-workflow_forked/ush/interp_atmos_sflux.sh
+++ config.atmos_products[18][[ gdas == \g\d\a\s ]]
+++ config.atmos_products[19]export downset=1
+++ config.atmos_products[19]downset=1
+++ config.atmos_products[20]export FHOUT_PGBS=1
+++ config.atmos_products[20]FHOUT_PGBS=1
+++ config.atmos_products[21]export FLXGF=NO
+++ config.atmos_products[21]FLXGF=NO
+++ config.atmos_products[22]export WGNE=NO
+++ config.atmos_products[22]WGNE=NO
+++ config.atmos_products[23]export FHMAX_WGNE=0
+++ config.atmos_products[23]FHMAX_WGNE=0
+++ config.atmos_products[32]export APCP_MSG=597
+++ config.atmos_products[32]APCP_MSG=597
+++ config.atmos_products[35]export paramlista=/work2/noaa/global/mterry/global-workflow_forked/parm/product/gfs.fFFF.paramlist.a.txt
+++ config.atmos_products[35]paramlista=/work2/noaa/global/mterry/global-workflow_forked/parm/product/gfs.fFFF.paramlist.a.txt
+++ config.atmos_products[36]export paramlista_anl=/work2/noaa/global/mterry/global-workflow_forked/parm/product/gfs.anl.paramlist.a.txt
+++ config.atmos_products[36]paramlista_anl=/work2/noaa/global/mterry/global-workflow_forked/parm/product/gfs.anl.paramlist.a.txt
+++ config.atmos_products[37]export paramlista_f000=/work2/noaa/global/mterry/global-workflow_forked/parm/product/gfs.f000.paramlist.a.txt
+++ config.atmos_products[37]paramlista_f000=/work2/noaa/global/mterry/global-workflow_forked/parm/product/gfs.f000.paramlist.a.txt
+++ config.atmos_products[38]export paramlistb=/work2/noaa/global/mterry/global-workflow_forked/parm/product/gfs.fFFF.paramlist.b.txt
+++ config.atmos_products[38]paramlistb=/work2/noaa/global/mterry/global-workflow_forked/parm/product/gfs.fFFF.paramlist.b.txt
+++ config.atmos_products[40]echo 'END: config.atmos_products'
END: config.atmos_products
++ jjob_header.sh[106]true
++ jjob_header.sh[107]export err=0
++ jjob_header.sh[107]err=0
++ jjob_header.sh[108][[ 0 -ne 0 ]]
++ jjob_header.sh[117]source /work2/noaa/global/mterry/global-workflow_forked/env/HERCULES.env atmos_products
+++ HERCULES.env[3][[ 1 -ne 1 ]]
+++ HERCULES.env[10]step=atmos_products
+++ HERCULES.env[12]export 'launcher=srun -l --export=ALL --hint=nomultithread'
+++ HERCULES.env[12]launcher='srun -l --export=ALL --hint=nomultithread'
+++ HERCULES.env[13]export 'mpmd_opt=--multi-prog --output=mpmd.%j.%t.out'
+++ HERCULES.env[13]mpmd_opt='--multi-prog --output=mpmd.%j.%t.out'
+++ HERCULES.env[16]export MPI_BUFS_PER_PROC=2048
+++ HERCULES.env[16]MPI_BUFS_PER_PROC=2048
+++ HERCULES.env[17]export MPI_BUFS_PER_HOST=2048
+++ HERCULES.env[17]MPI_BUFS_PER_HOST=2048
+++ HERCULES.env[18]export MPI_GROUP_MAX=256
+++ HERCULES.env[18]MPI_GROUP_MAX=256
+++ HERCULES.env[19]export MPI_MEMMAP_OFF=1
+++ HERCULES.env[19]MPI_MEMMAP_OFF=1
+++ HERCULES.env[20]export MP_STDOUTMODE=ORDERED
+++ HERCULES.env[20]MP_STDOUTMODE=ORDERED
+++ HERCULES.env[21]export KMP_AFFINITY=scatter
+++ HERCULES.env[21]KMP_AFFINITY=scatter
+++ HERCULES.env[22]export OMP_STACKSIZE=2048000
+++ HERCULES.env[22]OMP_STACKSIZE=2048000
+++ HERCULES.env[23]export NTHSTACK=1024000000
+++ HERCULES.env[23]NTHSTACK=1024000000
+++ HERCULES.env[25]export I_MPI_EXTRA_FILESYSTEM=1
+++ HERCULES.env[25]I_MPI_EXTRA_FILESYSTEM=1
+++ HERCULES.env[26]export I_MPI_EXTRA_FILESYSTEM_LIST=lustre
+++ HERCULES.env[26]I_MPI_EXTRA_FILESYSTEM_LIST=lustre
+++ HERCULES.env[28]ulimit -s unlimited
+++ HERCULES.env[29]ulimit -a
real-time non-blocking time  (microseconds, -R) unlimited
core file size              (blocks, -c) 0
data seg size               (kbytes, -d) unlimited
scheduling priority                 (-e) 0
file size                   (blocks, -f) unlimited
pending signals                     (-i) 2049614
max locked memory           (kbytes, -l) unlimited
max memory size             (kbytes, -m) 520192000
open files                          (-n) 131072
pipe size                (512 bytes, -p) 8
POSIX message queues         (bytes, -q) 819200
real-time priority                  (-r) 0
stack size                  (kbytes, -s) unlimited
cpu time                   (seconds, -t) unlimited
max user processes                  (-u) 1028698
virtual memory              (kbytes, -v) unlimited
file locks                          (-x) unlimited
+++ HERCULES.env[33][[ -n 24 ]]
+++ HERCULES.env[33][[ -n 80 ]]
+++ HERCULES.env[33][[ -n 24 ]]
+++ HERCULES.env[34]max_threads_per_task=3
+++ HERCULES.env[35]NTHREADSmax=1
+++ HERCULES.env[36]NTHREADS1=1
+++ HERCULES.env[37][[ 1 -gt 3 ]]
+++ HERCULES.env[40][[ 1 -gt 3 ]]
+++ HERCULES.env[43]APRUN_default='srun -l --export=ALL --hint=nomultithread -n 24'
+++ HERCULES.env[49]case ${step} in
+++ HERCULES.env[281]export USE_CFP=YES
+++ HERCULES.env[281]USE_CFP=YES
++ jjob_header.sh[117]true
++ jjob_header.sh[118]export err=0
++ jjob_header.sh[118]err=0
++ jjob_header.sh[119][[ 0 -ne 0 ]]
+ JGLOBAL_ATMOS_PRODUCTS[11]YMD=20211221
+ JGLOBAL_ATMOS_PRODUCTS[11]HH=06
+ JGLOBAL_ATMOS_PRODUCTS[11]declare_from_tmpl -rx COMIN_ATMOS_ANALYSIS:COM_ATMOS_ANALYSIS_TMPL COMIN_ATMOS_HISTORY:COM_ATMOS_HISTORY_TMPL COMIN_ATMOS_MASTER:COM_ATMOS_MASTER_TMPL
+ bash_utils.sh[39][[ NO == \N\O ]]
+ bash_utils.sh[39]set +x
declare_from_tmpl :: COMIN_ATMOS_ANALYSIS=/work2/noaa/global/mterry/RUNTESTS/COMROOT/C96C48_hybatmDA/gdas.20211221/06//analysis/atmos
declare_from_tmpl :: COMIN_ATMOS_HISTORY=/work2/noaa/global/mterry/RUNTESTS/COMROOT/C96C48_hybatmDA/gdas.20211221/06//model/atmos/history
declare_from_tmpl :: COMIN_ATMOS_MASTER=/work2/noaa/global/mterry/RUNTESTS/COMROOT/C96C48_hybatmDA/gdas.20211221/06//model/atmos/master
+ JGLOBAL_ATMOS_PRODUCTS[16]for grid in '0p25' '0p50' '1p00'
+ JGLOBAL_ATMOS_PRODUCTS[17]prod_dir=COMOUT_ATMOS_GRIB_0p25
+ JGLOBAL_ATMOS_PRODUCTS[18]GRID=0p25
+ JGLOBAL_ATMOS_PRODUCTS[18]YMD=20211221
+ JGLOBAL_ATMOS_PRODUCTS[18]HH=06
+ JGLOBAL_ATMOS_PRODUCTS[18]declare_from_tmpl -rx COMOUT_ATMOS_GRIB_0p25:COM_ATMOS_GRIB_GRID_TMPL
+ bash_utils.sh[39][[ NO == \N\O ]]
+ bash_utils.sh[39]set +x
declare_from_tmpl :: COMOUT_ATMOS_GRIB_0p25=/work2/noaa/global/mterry/RUNTESTS/COMROOT/C96C48_hybatmDA/gdas.20211221/06//products/atmos/grib2/0p25
+ JGLOBAL_ATMOS_PRODUCTS[19][[ ! -d /work2/noaa/global/mterry/RUNTESTS/COMROOT/C96C48_hybatmDA/gdas.20211221/06//products/atmos/grib2/0p25 ]]
+ JGLOBAL_ATMOS_PRODUCTS[16]for grid in '0p25' '0p50' '1p00'
+ JGLOBAL_ATMOS_PRODUCTS[17]prod_dir=COMOUT_ATMOS_GRIB_0p50
+ JGLOBAL_ATMOS_PRODUCTS[18]GRID=0p50
+ JGLOBAL_ATMOS_PRODUCTS[18]YMD=20211221
+ JGLOBAL_ATMOS_PRODUCTS[18]HH=06
+ JGLOBAL_ATMOS_PRODUCTS[18]declare_from_tmpl -rx COMOUT_ATMOS_GRIB_0p50:COM_ATMOS_GRIB_GRID_TMPL
+ bash_utils.sh[39][[ NO == \N\O ]]
+ bash_utils.sh[39]set +x
declare_from_tmpl :: COMOUT_ATMOS_GRIB_0p50=/work2/noaa/global/mterry/RUNTESTS/COMROOT/C96C48_hybatmDA/gdas.20211221/06//products/atmos/grib2/0p50
+ JGLOBAL_ATMOS_PRODUCTS[19][[ ! -d /work2/noaa/global/mterry/RUNTESTS/COMROOT/C96C48_hybatmDA/gdas.20211221/06//products/atmos/grib2/0p50 ]]
+ JGLOBAL_ATMOS_PRODUCTS[16]for grid in '0p25' '0p50' '1p00'
+ JGLOBAL_ATMOS_PRODUCTS[17]prod_dir=COMOUT_ATMOS_GRIB_1p00
+ JGLOBAL_ATMOS_PRODUCTS[18]GRID=1p00
+ JGLOBAL_ATMOS_PRODUCTS[18]YMD=20211221
+ JGLOBAL_ATMOS_PRODUCTS[18]HH=06
+ JGLOBAL_ATMOS_PRODUCTS[18]declare_from_tmpl -rx COMOUT_ATMOS_GRIB_1p00:COM_ATMOS_GRIB_GRID_TMPL
+ bash_utils.sh[39][[ NO == \N\O ]]
+ bash_utils.sh[39]set +x
declare_from_tmpl :: COMOUT_ATMOS_GRIB_1p00=/work2/noaa/global/mterry/RUNTESTS/COMROOT/C96C48_hybatmDA/gdas.20211221/06//products/atmos/grib2/1p00
+ JGLOBAL_ATMOS_PRODUCTS[19][[ ! -d /work2/noaa/global/mterry/RUNTESTS/COMROOT/C96C48_hybatmDA/gdas.20211221/06//products/atmos/grib2/1p00 ]]
+ JGLOBAL_ATMOS_PRODUCTS[23]export PREFIX=gdas.t06z.
+ JGLOBAL_ATMOS_PRODUCTS[23]PREFIX=gdas.t06z.
+ JGLOBAL_ATMOS_PRODUCTS[27]/work2/noaa/global/mterry/global-workflow_forked/scripts/exglobal_atmos_products.sh
+ bash[8]'[' -z '' ']'
+ bash[9]case "$-" in
+ bash[12]__lmod_vx=x
+ bash[16]'[' -n x ']'
+ bash[16]set +x
Shell debugging temporarily silenced: export LMOD_SH_DBG_ON=1 for this output (/apps/other/lmod/lmod/init/bash)
Shell debugging restarted
+ bash[224]unset __lmod_vx
+ exglobal_atmos_products.sh[4]INTERP_ATMOS_MASTERSH=/work2/noaa/global/mterry/global-workflow_forked/ush/interp_atmos_master.sh
+ exglobal_atmos_products.sh[5]INTERP_ATMOS_SFLUXSH=/work2/noaa/global/mterry/global-workflow_forked/ush/interp_atmos_sflux.sh
+ exglobal_atmos_products.sh[8]downset=1
+ exglobal_atmos_products.sh[9]ntasks_atmos_products=8
+ exglobal_atmos_products.sh[12]WGNE=NO
+ exglobal_atmos_products.sh[13]FHMAX_WGNE=0
+ exglobal_atmos_products.sh[15]cd /work2/noaa/stmp/mterry/HERCULES/RUNDIRS/C96C48_hybatmDA/gdas.2021122106/atmos_products_f005.333254
+ exglobal_atmos_products.sh[19][[ 5 -le 0 ]]
++ exglobal_atmos_products.sh[30]printf f%03d 5
+ exglobal_atmos_products.sh[30]fhr3=f005
+ exglobal_atmos_products.sh[31]((  FORECAST_HOUR%FHOUT_PGBS == 0  ))
+ exglobal_atmos_products.sh[32]PGBS=YES
+ exglobal_atmos_products.sh[40]MASTER_FILE=/work2/noaa/global/mterry/RUNTESTS/COMROOT/C96C48_hybatmDA/gdas.20211221/06//model/atmos/master/gdas.t06z.master.grb2f005
+ exglobal_atmos_products.sh[45]wgrib2 /work2/noaa/global/mterry/RUNTESTS/COMROOT/C96C48_hybatmDA/gdas.20211221/06//model/atmos/master/gdas.t06z.master.grb2f005
+ exglobal_atmos_products.sh[45]wgrib2 -i -grib tmpfile_f005 /work2/noaa/global/mterry/RUNTESTS/COMROOT/C96C48_hybatmDA/gdas.20211221/06//model/atmos/master/gdas.t06z.master.grb2f005
+ exglobal_atmos_products.sh[45]grep -F -f /work2/noaa/global/mterry/global-workflow_forked/parm/product/gfs.fFFF.paramlist.a.txt
1:0:d=2021122106:PRMSL:mean sea level:5 hour fcst:
2:90795:d=2021122106:CLMR:1 hybrid level:5 hour fcst:
3:107407:d=2021122106:ICMR:1 hybrid level:5 hour fcst:
4:130782:d=2021122106:RWMR:1 hybrid level:5 hour fcst:
5:165532:d=2021122106:SNMR:1 hybrid level:5 hour fcst:
6:196664:d=2021122106:GRLE:1 hybrid level:5 hour fcst:
7:202257:d=2021122106:REFD:1 hybrid level:5 hour fcst:
8:211652:d=2021122106:REFD:2 hybrid level:5 hour fcst:
9:221047:d=2021122106:REFC:entire atmosphere (considered as a single layer):5 hour fcst:
10:230442:d=2021122106:VIS:surface:5 hour fcst:
11:349499:d=2021122106:UGRD:planetary boundary layer:5 hour fcst:
12:399245:d=2021122106:VGRD:planetary boundary layer:5 hour fcst:
13:449242:d=2021122106:VRATE:planetary boundary layer:5 hour fcst:
14:501072:d=2021122106:GUST:surface:5 hour fcst:
15:551514:d=2021122106:HGT:0.01 mb:5 hour fcst:
16:625587:d=2021122106:TMP:0.01 mb:5 hour fcst:
17:668841:d=2021122106:RH:0.01 mb:5 hour fcst:
18:691630:d=2021122106:SPFH:0.01 mb:5 hour fcst:
19:758643:d=2021122106:VVEL:0.01 mb:5 hour fcst:
20:846575:d=2021122106:DZDT:0.01 mb:5 hour fcst:
21:939089:d=2021122106:UGRD:0.01 mb:5 hour fcst:
22:987157:d=2021122106:VGRD:0.01 mb:5 hour fcst:
23:1029420:d=2021122106:ABSV:0.01 mb:5 hour fcst:
24:1098041:d=2021122106:O3MR:0.01 mb:5 hour fcst:
25:1157485:d=2021122106:HGT:0.02 mb:5 hour fcst:
26:1230211:d=2021122106:TMP:0.02 mb:5 hour fcst:
27:1292856:d=2021122106:RH:0.02 mb:5 hour fcst:
28:1309853:d=2021122106:SPFH:0.02 mb:5 hour fcst:
29:1376526:d=2021122106:VVEL:0.02 mb:5 hour fcst:
30:1483759:d=2021122106:DZDT:0.02 mb:5 hour fcst:
31:1588350:d=2021122106:UGRD:0.02 mb:5 hour fcst:
32:1639604:d=2021122106:VGRD:0.02 mb:5 hour fcst:
33:1685279:d=2021122106:ABSV:0.02 mb:5 hour fcst:
34:1758876:d=2021122106:O3MR:0.02 mb:5 hour fcst:
35:1827967:d=2021122106:HGT:0.04 mb:5 hour fcst:
36:1894874:d=2021122106:TMP:0.04 mb:5 hour fcst:
37:1962723:d=2021122106:RH:0.04 mb:5 hour fcst:
38:1985601:d=2021122106:SPFH:0.04 mb:5 hour fcst:
39:2046968:d=2021122106:VVEL:0.04 mb:5 hour fcst:
40:2156893:d=2021122106:DZDT:0.04 mb:5 hour fcst:
41:2270392:d=2021122106:UGRD:0.04 mb:5 hour fcst:
42:2318284:d=2021122106:VGRD:0.04 mb:5 hour fcst:
43:2361730:d=2021122106:ABSV:0.04 mb:5 hour fcst:
44:2436979:d=2021122106:O3MR:0.04 mb:5 hour fcst:
45:2506002:d=2021122106:HGT:0.07 mb:5 hour fcst:
46:2572741:d=2021122106:TMP:0.07 mb:5 hour fcst:
47:2638508:d=2021122106:RH:0.07 mb:5 hour fcst:
48:2658363:d=2021122106:SPFH:0.07 mb:5 hour fcst:
49:2721202:d=2021122106:VVEL:0.07 mb:5 hour fcst:
50:2813607:d=2021122106:DZDT:0.07 mb:5 hour fcst:
51:2930282:d=2021122106:UGRD:0.07 mb:5 hour fcst:
52:2978421:d=2021122106:VGRD:0.07 mb:5 hour fcst:
53:3022979:d=2021122106:ABSV:0.07 mb:5 hour fcst:
54:3098391:d=2021122106:O3MR:0.07 mb:5 hour fcst:
55:3150729:d=2021122106:HGT:0.1 mb:5 hour fcst:
56:3216897:d=2021122106:TMP:0.1 mb:5 hour fcst:
57:3280698:d=2021122106:RH:0.1 mb:5 hour fcst:
58:3297667:d=2021122106:SPFH:0.1 mb:5 hour fcst:
59:3362870:d=2021122106:VVEL:0.1 mb:5 hour fcst:
60:3458260:d=2021122106:DZDT:0.1 mb:5 hour fcst:
61:3565889:d=2021122106:UGRD:0.1 mb:5 hour fcst:
62:3612848:d=2021122106:VGRD:0.1 mb:5 hour fcst:
63:3654826:d=2021122106:ABSV:0.1 mb:5 hour fcst:
64:3728445:d=2021122106:O3MR:0.1 mb:5 hour fcst:
65:3793670:d=2021122106:HGT:0.2 mb:5 hour fcst:
66:3857355:d=2021122106:TMP:0.2 mb:5 hour fcst:
67:3919752:d=2021122106:RH:0.2 mb:5 hour fcst:
68:3941829:d=2021122106:SPFH:0.2 mb:5 hour fcst:
69:4010317:d=2021122106:VVEL:0.2 mb:5 hour fcst:
70:4112728:d=2021122106:DZDT:0.2 mb:5 hour fcst:
71:4204678:d=2021122106:UGRD:0.2 mb:5 hour fcst:
72:4249284:d=2021122106:VGRD:0.2 mb:5 hour fcst:
73:4289248:d=2021122106:ABSV:0.2 mb:5 hour fcst:
74:4359556:d=2021122106:O3MR:0.2 mb:5 hour fcst:
75:4432065:d=2021122106:HGT:0.4 mb:5 hour fcst:
76:4494244:d=2021122106:TMP:0.4 mb:5 hour fcst:
77:4554772:d=2021122106:RH:0.4 mb:5 hour fcst:
78:4572955:d=2021122106:SPFH:0.4 mb:5 hour fcst:
79:4642033:d=2021122106:VVEL:0.4 mb:5 hour fcst:
80:4750748:d=2021122106:DZDT:0.4 mb:5 hour fcst:
81:4855179:d=2021122106:UGRD:0.4 mb:5 hour fcst:
82:4897793:d=2021122106:VGRD:0.4 mb:5 hour fcst:
83:4935364:d=2021122106:ABSV:0.4 mb:5 hour fcst:
84:5003016:d=2021122106:O3MR:0.4 mb:5 hour fcst:
85:5079871:d=2021122106:HGT:0.7 mb:5 hour fcst:
86:5140696:d=2021122106:TMP:0.7 mb:5 hour fcst:
87:5201474:d=2021122106:RH:0.7 mb:5 hour fcst:
88:5221089:d=2021122106:SPFH:0.7 mb:5 hour fcst:
89:5289135:d=2021122106:VVEL:0.7 mb:5 hour fcst:
90:5402822:d=2021122106:DZDT:0.7 mb:5 hour fcst:
91:5500222:d=2021122106:UGRD:0.7 mb:5 hour fcst:
92:5541403:d=2021122106:VGRD:0.7 mb:5 hour fcst:
93:5577918:d=2021122106:ABSV:0.7 mb:5 hour fcst:
94:5614673:d=2021122106:O3MR:0.7 mb:5 hour fcst:
95:5696465:d=2021122106:HGT:1 mb:5 hour fcst:
96:5756373:d=2021122106:TMP:1 mb:5 hour fcst:
97:5816823:d=2021122106:RH:1 mb:5 hour fcst:
98:5827407:d=2021122106:SPFH:1 mb:5 hour fcst:
99:5895481:d=2021122106:VVEL:1 mb:5 hour fcst:
100:6012233:d=2021122106:DZDT:1 mb:5 hour fcst:
101:6125865:d=2021122106:UGRD:1 mb:5 hour fcst:
102:6166359:d=2021122106:VGRD:1 mb:5 hour fcst:
103:6202024:d=2021122106:ABSV:1 mb:5 hour fcst:
104:6267640:d=2021122106:O3MR:1 mb:5 hour fcst:
105:6352845:d=2021122106:HGT:2 mb:5 hour fcst:
106:6410184:d=2021122106:TMP:2 mb:5 hour fcst:
107:6471517:d=2021122106:RH:2 mb:5 hour fcst:
108:6479826:d=2021122106:SPFH:2 mb:5 hour fcst:
109:6546752:d=2021122106:VVEL:2 mb:5 hour fcst:
110:6637585:d=2021122106:DZDT:2 mb:5 hour fcst:
111:6751955:d=2021122106:UGRD:2 mb:5 hour fcst:
112:6791541:d=2021122106:VGRD:2 mb:5 hour fcst:
113:6827560:d=2021122106:ABSV:2 mb:5 hour fcst:
114:6894765:d=2021122106:O3MR:2 mb:5 hour fcst:
115:6972733:d=2021122106:HGT:3 mb:5 hour fcst:
116:7027809:d=2021122106:TMP:3 mb:5 hour fcst:
117:7087627:d=2021122106:RH:3 mb:5 hour fcst:
118:7099318:d=2021122106:SPFH:3 mb:5 hour fcst:
119:7170350:d=2021122106:VVEL:3 mb:5 hour fcst:
120:7264360:d=2021122106:DZDT:3 mb:5 hour fcst:
121:7375538:d=2021122106:UGRD:3 mb:5 hour fcst:
122:7413825:d=2021122106:VGRD:3 mb:5 hour fcst:
123:7448564:d=2021122106:ABSV:3 mb:5 hour fcst:
124:7514689:d=2021122106:O3MR:3 mb:5 hour fcst:
125:7590905:d=2021122106:HGT:5 mb:5 hour fcst:
126:7652768:d=2021122106:TMP:5 mb:5 hour fcst:
127:7713769:d=2021122106:RH:5 mb:5 hour fcst:
128:7721801:d=2021122106:SPFH:5 mb:5 hour fcst:
129:7784447:d=2021122106:VVEL:5 mb:5 hour fcst:
130:7884077:d=2021122106:DZDT:5 mb:5 hour fcst:
131:7993491:d=2021122106:UGRD:5 mb:5 hour fcst:
132:8032942:d=2021122106:VGRD:5 mb:5 hour fcst:
133:8069808:d=2021122106:ABSV:5 mb:5 hour fcst:
134:8139008:d=2021122106:O3MR:5 mb:5 hour fcst:
135:8217431:d=2021122106:HGT:7 mb:5 hour fcst:
136:8278324:d=2021122106:TMP:7 mb:5 hour fcst:
137:8337516:d=2021122106:RH:7 mb:5 hour fcst:
138:8349507:d=2021122106:SPFH:7 mb:5 hour fcst:
139:8401139:d=2021122106:VVEL:7 mb:5 hour fcst:
140:8503711:d=2021122106:DZDT:7 mb:5 hour fcst:
141:8611332:d=2021122106:UGRD:7 mb:5 hour fcst:
142:8649573:d=2021122106:VGRD:7 mb:5 hour fcst:
143:8686225:d=2021122106:ABSV:7 mb:5 hour fcst:
144:8756014:d=2021122106:O3MR:7 mb:5 hour fcst:
145:8836832:d=2021122106:HGT:10 mb:5 hour fcst:
146:8896703:d=2021122106:TMP:10 mb:5 hour fcst:
147:8954785:d=2021122106:RH:10 mb:5 hour fcst:
148:8961203:d=2021122106:SPFH:10 mb:5 hour fcst:
149:9012623:d=2021122106:VVEL:10 mb:5 hour fcst:
150:9119350:d=2021122106:DZDT:10 mb:5 hour fcst:
151:9224834:d=2021122106:UGRD:10 mb:5 hour fcst:
152:9264004:d=2021122106:VGRD:10 mb:5 hour fcst:
153:9301356:d=2021122106:ABSV:10 mb:5 hour fcst:
154:9372254:d=2021122106:O3MR:10 mb:5 hour fcst:
155:9456759:d=2021122106:HGT:15 mb:5 hour fcst:
156:9515078:d=2021122106:TMP:15 mb:5 hour fcst:
157:9573253:d=2021122106:RH:15 mb:5 hour fcst:
158:9583041:d=2021122106:SPFH:15 mb:5 hour fcst:
159:9638175:d=2021122106:VVEL:15 mb:5 hour fcst:
160:9750218:d=2021122106:DZDT:15 mb:5 hour fcst:
161:9854355:d=2021122106:UGRD:15 mb:5 hour fcst:
162:9894472:d=2021122106:VGRD:15 mb:5 hour fcst:
163:9960716:d=2021122106:ABSV:15 mb:5 hour fcst:
164:10031992:d=2021122106:O3MR:15 mb:5 hour fcst:
165:10119486:d=2021122106:HGT:20 mb:5 hour fcst:
166:10177317:d=2021122106:TMP:20 mb:5 hour fcst:
167:10234972:d=2021122106:RH:20 mb:5 hour fcst:
168:10245621:d=2021122106:SPFH:20 mb:5 hour fcst:
169:10304681:d=2021122106:VVEL:20 mb:5 hour fcst:
170:10419705:d=2021122106:DZDT:20 mb:5 hour fcst:
171:10522900:d=2021122106:UGRD:20 mb:5 hour fcst:
172:10561131:d=2021122106:VGRD:20 mb:5 hour fcst:
173:10626255:d=2021122106:ABSV:20 mb:5 hour fcst:
174:10695639:d=2021122106:O3MR:20 mb:5 hour fcst:
175:10793803:d=2021122106:HGT:30 mb:5 hour fcst:
176:10859759:d=2021122106:TMP:30 mb:5 hour fcst:
177:10916120:d=2021122106:RH:30 mb:5 hour fcst:
178:10932210:d=2021122106:SPFH:30 mb:5 hour fcst:
179:10999949:d=2021122106:VVEL:30 mb:5 hour fcst:
180:11119508:d=2021122106:DZDT:30 mb:5 hour fcst:
181:11221643:d=2021122106:UGRD:30 mb:5 hour fcst:
182:11287359:d=2021122106:VGRD:30 mb:5 hour fcst:
183:11351174:d=2021122106:ABSV:30 mb:5 hour fcst:
184:11418289:d=2021122106:O3MR:30 mb:5 hour fcst:
185:11516517:d=2021122106:HGT:40 mb:5 hour fcst:
186:11581691:d=2021122106:TMP:40 mb:5 hour fcst:
187:11639675:d=2021122106:RH:40 mb:5 hour fcst:
188:11658990:d=2021122106:SPFH:40 mb:5 hour fcst:
189:11729001:d=2021122106:VVEL:40 mb:5 hour fcst:
190:11842127:d=2021122106:DZDT:40 mb:5 hour fcst:
191:11943237:d=2021122106:UGRD:40 mb:5 hour fcst:
192:12010336:d=2021122106:VGRD:40 mb:5 hour fcst:
193:12075761:d=2021122106:ABSV:40 mb:5 hour fcst:
194:12145362:d=2021122106:O3MR:40 mb:5 hour fcst:
195:12246119:d=2021122106:HGT:50 mb:5 hour fcst:
196:12311005:d=2021122106:TMP:50 mb:5 hour fcst:
197:12368580:d=2021122106:RH:50 mb:5 hour fcst:
198:12389378:d=2021122106:TCDC:50 mb:5 hour fcst:
199:12389557:d=2021122106:SPFH:50 mb:5 hour fcst:
200:12462004:d=2021122106:VVEL:50 mb:5 hour fcst:
201:12555007:d=2021122106:DZDT:50 mb:5 hour fcst:
202:12654893:d=2021122106:UGRD:50 mb:5 hour fcst:
203:12722274:d=2021122106:VGRD:50 mb:5 hour fcst:
204:12787722:d=2021122106:ABSV:50 mb:5 hour fcst:
205:12857595:d=2021122106:CLMR:50 mb:5 hour fcst:
206:12857774:d=2021122106:ICMR:50 mb:5 hour fcst:
207:12857953:d=2021122106:RWMR:50 mb:5 hour fcst:
208:12858132:d=2021122106:SNMR:50 mb:5 hour fcst:
209:12858311:d=2021122106:GRLE:50 mb:5 hour fcst:
210:12858490:d=2021122106:O3MR:50 mb:5 hour fcst:
211:12957337:d=2021122106:HGT:70 mb:5 hour fcst:
212:13022777:d=2021122106:TMP:70 mb:5 hour fcst:
213:13083182:d=2021122106:RH:70 mb:5 hour fcst:
215:13113292:d=2021122106:SPFH:70 mb:5 hour fcst:
216:13190934:d=2021122106:VVEL:70 mb:5 hour fcst:
217:13287445:d=2021122106:DZDT:70 mb:5 hour fcst:
218:13387261:d=2021122106:UGRD:70 mb:5 hour fcst:
219:13456713:d=2021122106:VGRD:70 mb:5 hour fcst:
220:13524929:d=2021122106:ABSV:70 mb:5 hour fcst:
226:13598658:d=2021122106:O3MR:70 mb:5 hour fcst:
227:13696135:d=2021122106:HGT:100 mb:5 hour fcst:
228:13762851:d=2021122106:TMP:100 mb:5 hour fcst:
229:13824076:d=2021122106:RH:100 mb:5 hour fcst:
230:13859803:d=2021122106:TCDC:100 mb:5 hour fcst:
231:13860152:d=2021122106:SPFH:100 mb:5 hour fcst:
232:13951531:d=2021122106:VVEL:100 mb:5 hour fcst:
233:14056179:d=2021122106:DZDT:100 mb:5 hour fcst:
234:14158264:d=2021122106:UGRD:100 mb:5 hour fcst:
235:14202289:d=2021122106:VGRD:100 mb:5 hour fcst:
236:14274502:d=2021122106:ABSV:100 mb:5 hour fcst:
237:14350910:d=2021122106:CLMR:100 mb:5 hour fcst:
238:14351089:d=2021122106:ICMR:100 mb:5 hour fcst:
239:14353266:d=2021122106:RWMR:100 mb:5 hour fcst:
240:14353445:d=2021122106:SNMR:100 mb:5 hour fcst:
241:14353780:d=2021122106:GRLE:100 mb:5 hour fcst:
242:14354160:d=2021122106:O3MR:100 mb:5 hour fcst:
259:15208584:d=2021122106:HGT:150 mb:5 hour fcst:
260:15276998:d=2021122106:TMP:150 mb:5 hour fcst:
261:15338167:d=2021122106:RH:150 mb:5 hour fcst:
262:15379797:d=2021122106:TCDC:150 mb:5 hour fcst:
263:15389326:d=2021122106:SPFH:150 mb:5 hour fcst:
264:15477103:d=2021122106:VVEL:150 mb:5 hour fcst:
265:15558327:d=2021122106:DZDT:150 mb:5 hour fcst:
266:15655008:d=2021122106:UGRD:150 mb:5 hour fcst:
267:15700809:d=2021122106:VGRD:150 mb:5 hour fcst:
268:15774183:d=2021122106:ABSV:150 mb:5 hour fcst:
269:15851855:d=2021122106:CLMR:150 mb:5 hour fcst:
270:15852034:d=2021122106:ICMR:150 mb:5 hour fcst:
271:15862501:d=2021122106:RWMR:150 mb:5 hour fcst:
272:15862680:d=2021122106:SNMR:150 mb:5 hour fcst:
273:15863603:d=2021122106:GRLE:150 mb:5 hour fcst:
274:15864093:d=2021122106:O3MR:150 mb:5 hour fcst:
291:16687174:d=2021122106:HGT:200 mb:5 hour fcst:
292:16757564:d=2021122106:TMP:200 mb:5 hour fcst:
293:16821175:d=2021122106:RH:200 mb:5 hour fcst:
294:16875685:d=2021122106:TCDC:200 mb:5 hour fcst:
295:16898712:d=2021122106:SPFH:200 mb:5 hour fcst:
296:16993079:d=2021122106:VVEL:200 mb:5 hour fcst:
297:17081309:d=2021122106:DZDT:200 mb:5 hour fcst:
298:17158234:d=2021122106:UGRD:200 mb:5 hour fcst:
299:17206055:d=2021122106:VGRD:200 mb:5 hour fcst:
300:17253228:d=2021122106:ABSV:200 mb:5 hour fcst:
301:17334853:d=2021122106:CLMR:200 mb:5 hour fcst:
302:17335032:d=2021122106:ICMR:200 mb:5 hour fcst:
303:17361516:d=2021122106:RWMR:200 mb:5 hour fcst:
304:17361695:d=2021122106:SNMR:200 mb:5 hour fcst:
305:17367081:d=2021122106:GRLE:200 mb:5 hour fcst:
306:17367985:d=2021122106:O3MR:200 mb:5 hour fcst:
323:18271340:d=2021122106:HGT:250 mb:5 hour fcst:
324:18343876:d=2021122106:TMP:250 mb:5 hour fcst:
325:18408411:d=2021122106:RH:250 mb:5 hour fcst:
326:18471647:d=2021122106:TCDC:250 mb:5 hour fcst:
327:18504268:d=2021122106:SPFH:250 mb:5 hour fcst:
328:18599966:d=2021122106:VVEL:250 mb:5 hour fcst:
329:18693503:d=2021122106:DZDT:250 mb:5 hour fcst:
330:18772938:d=2021122106:UGRD:250 mb:5 hour fcst:
331:18823040:d=2021122106:VGRD:250 mb:5 hour fcst:
332:18874258:d=2021122106:ABSV:250 mb:5 hour fcst:
333:18960659:d=2021122106:CLMR:250 mb:5 hour fcst:
334:18960838:d=2021122106:ICMR:250 mb:5 hour fcst:
335:19002276:d=2021122106:RWMR:250 mb:5 hour fcst:
336:19002455:d=2021122106:SNMR:250 mb:5 hour fcst:
337:19017744:d=2021122106:GRLE:250 mb:5 hour fcst:
338:19018668:d=2021122106:O3MR:250 mb:5 hour fcst:
355:19991835:d=2021122106:HGT:300 mb:5 hour fcst:
356:20065135:d=2021122106:TMP:300 mb:5 hour fcst:
357:20129544:d=2021122106:RH:300 mb:5 hour fcst:
358:20197496:d=2021122106:TCDC:300 mb:5 hour fcst:
359:20233513:d=2021122106:SPFH:300 mb:5 hour fcst:
360:20329931:d=2021122106:VVEL:300 mb:5 hour fcst:
361:20427387:d=2021122106:DZDT:300 mb:5 hour fcst:
362:20507797:d=2021122106:UGRD:300 mb:5 hour fcst:
363:20559160:d=2021122106:VGRD:300 mb:5 hour fcst:
364:20612082:d=2021122106:ABSV:300 mb:5 hour fcst:
365:20700474:d=2021122106:CLMR:300 mb:5 hour fcst:
366:20700653:d=2021122106:ICMR:300 mb:5 hour fcst:
367:20747926:d=2021122106:RWMR:300 mb:5 hour fcst:
368:20748105:d=2021122106:SNMR:300 mb:5 hour fcst:
369:20771280:d=2021122106:GRLE:300 mb:5 hour fcst:
370:20772044:d=2021122106:O3MR:300 mb:5 hour fcst:
387:21771935:d=2021122106:HGT:350 mb:5 hour fcst:
388:21845564:d=2021122106:TMP:350 mb:5 hour fcst:
389:21908989:d=2021122106:RH:350 mb:5 hour fcst:
390:21977727:d=2021122106:TCDC:350 mb:5 hour fcst:
391:22013566:d=2021122106:SPFH:350 mb:5 hour fcst:
392:22119625:d=2021122106:VVEL:350 mb:5 hour fcst:
393:22217653:d=2021122106:DZDT:350 mb:5 hour fcst:
394:22320420:d=2021122106:UGRD:350 mb:5 hour fcst:
395:22371055:d=2021122106:VGRD:350 mb:5 hour fcst:
396:22423282:d=2021122106:ABSV:350 mb:5 hour fcst:
397:22511459:d=2021122106:CLMR:350 mb:5 hour fcst:
398:22511868:d=2021122106:ICMR:350 mb:5 hour fcst:
399:22559378:d=2021122106:RWMR:350 mb:5 hour fcst:
400:22559557:d=2021122106:SNMR:350 mb:5 hour fcst:
401:22588584:d=2021122106:GRLE:350 mb:5 hour fcst:
402:22589890:d=2021122106:O3MR:350 mb:5 hour fcst:
419:23586172:d=2021122106:HGT:400 mb:5 hour fcst:
420:23659098:d=2021122106:TMP:400 mb:5 hour fcst:
421:23722977:d=2021122106:RH:400 mb:5 hour fcst:
422:23792596:d=2021122106:TCDC:400 mb:5 hour fcst:
423:23826537:d=2021122106:SPFH:400 mb:5 hour fcst:
424:23931246:d=2021122106:VVEL:400 mb:5 hour fcst:
425:24030119:d=2021122106:DZDT:400 mb:5 hour fcst:
426:24131781:d=2021122106:UGRD:400 mb:5 hour fcst:
427:24181245:d=2021122106:VGRD:400 mb:5 hour fcst:
428:24232380:d=2021122106:ABSV:400 mb:5 hour fcst:
429:24319291:d=2021122106:CLMR:400 mb:5 hour fcst:
430:24320304:d=2021122106:ICMR:400 mb:5 hour fcst:
431:24366102:d=2021122106:RWMR:400 mb:5 hour fcst:
432:24366579:d=2021122106:SNMR:400 mb:5 hour fcst:
433:24398825:d=2021122106:GRLE:400 mb:5 hour fcst:
434:24401389:d=2021122106:O3MR:400 mb:5 hour fcst:
451:25398454:d=2021122106:HGT:450 mb:5 hour fcst:
452:25480165:d=2021122106:TMP:450 mb:5 hour fcst:
453:25544589:d=2021122106:RH:450 mb:5 hour fcst:
454:25614256:d=2021122106:TCDC:450 mb:5 hour fcst:
455:25647658:d=2021122106:SPFH:450 mb:5 hour fcst:
456:25749003:d=2021122106:VVEL:450 mb:5 hour fcst:
457:25848402:d=2021122106:DZDT:450 mb:5 hour fcst:
458:25949467:d=2021122106:UGRD:450 mb:5 hour fcst:
459:25997832:d=2021122106:VGRD:450 mb:5 hour fcst:
460:26047251:d=2021122106:ABSV:450 mb:5 hour fcst:
461:26132837:d=2021122106:CLMR:450 mb:5 hour fcst:
462:26136711:d=2021122106:ICMR:450 mb:5 hour fcst:
463:26180090:d=2021122106:RWMR:450 mb:5 hour fcst:
464:26181991:d=2021122106:SNMR:450 mb:5 hour fcst:
465:26216361:d=2021122106:GRLE:450 mb:5 hour fcst:
466:26219482:d=2021122106:O3MR:450 mb:5 hour fcst:
483:27257410:d=2021122106:HGT:500 mb:5 hour fcst:
484:27339194:d=2021122106:TMP:500 mb:5 hour fcst:
485:27403715:d=2021122106:RH:500 mb:5 hour fcst:
486:27473925:d=2021122106:TCDC:500 mb:5 hour fcst:
487:27507161:d=2021122106:SPFH:500 mb:5 hour fcst:
488:27613071:d=2021122106:VVEL:500 mb:5 hour fcst:
489:27712656:d=2021122106:DZDT:500 mb:5 hour fcst:
490:27822994:d=2021122106:UGRD:500 mb:5 hour fcst:
491:27900130:d=2021122106:VGRD:500 mb:5 hour fcst:
492:27948521:d=2021122106:ABSV:500 mb:5 hour fcst:
493:28032907:d=2021122106:CLMR:500 mb:5 hour fcst:
494:28039844:d=2021122106:ICMR:500 mb:5 hour fcst:
495:28084587:d=2021122106:RWMR:500 mb:5 hour fcst:
496:28088002:d=2021122106:SNMR:500 mb:5 hour fcst:
497:28123180:d=2021122106:GRLE:500 mb:5 hour fcst:
498:28126516:d=2021122106:O3MR:500 mb:5 hour fcst:
515:29199717:d=2021122106:HGT:550 mb:5 hour fcst:
516:29281038:d=2021122106:TMP:550 mb:5 hour fcst:
517:29346627:d=2021122106:RH:550 mb:5 hour fcst:
518:29417418:d=2021122106:TCDC:550 mb:5 hour fcst:
519:29450290:d=2021122106:SPFH:550 mb:5 hour fcst:
520:29560785:d=2021122106:VVEL:550 mb:5 hour fcst:
521:29661164:d=2021122106:DZDT:550 mb:5 hour fcst:
522:29770629:d=2021122106:UGRD:550 mb:5 hour fcst:
523:29846288:d=2021122106:VGRD:550 mb:5 hour fcst:
524:29923563:d=2021122106:ABSV:550 mb:5 hour fcst:
525:30006940:d=2021122106:CLMR:550 mb:5 hour fcst:
526:30018019:d=2021122106:ICMR:550 mb:5 hour fcst:
527:30059385:d=2021122106:RWMR:550 mb:5 hour fcst:
528:30065142:d=2021122106:SNMR:550 mb:5 hour fcst:
529:30101055:d=2021122106:GRLE:550 mb:5 hour fcst:
530:30104942:d=2021122106:O3MR:550 mb:5 hour fcst:
547:31220647:d=2021122106:HGT:600 mb:5 hour fcst:
548:31301714:d=2021122106:TMP:600 mb:5 hour fcst:
549:31367553:d=2021122106:RH:600 mb:5 hour fcst:
550:31438525:d=2021122106:TCDC:600 mb:5 hour fcst:
551:31470552:d=2021122106:SPFH:600 mb:5 hour fcst:
552:31574552:d=2021122106:VVEL:600 mb:5 hour fcst:
553:31675240:d=2021122106:DZDT:600 mb:5 hour fcst:
554:31784091:d=2021122106:UGRD:600 mb:5 hour fcst:
555:31859780:d=2021122106:VGRD:600 mb:5 hour fcst:
556:31936389:d=2021122106:ABSV:600 mb:5 hour fcst:
557:32018946:d=2021122106:CLMR:600 mb:5 hour fcst:
558:32032197:d=2021122106:ICMR:600 mb:5 hour fcst:
559:32067617:d=2021122106:RWMR:600 mb:5 hour fcst:
560:32076293:d=2021122106:SNMR:600 mb:5 hour fcst:
561:32115451:d=2021122106:GRLE:600 mb:5 hour fcst:
562:32120584:d=2021122106:O3MR:600 mb:5 hour fcst:
579:33230288:d=2021122106:HGT:650 mb:5 hour fcst:
580:33311357:d=2021122106:TMP:650 mb:5 hour fcst:
581:33378074:d=2021122106:RH:650 mb:5 hour fcst:
582:33449517:d=2021122106:TCDC:650 mb:5 hour fcst:
583:33481534:d=2021122106:SPFH:650 mb:5 hour fcst:
584:33588354:d=2021122106:VVEL:650 mb:5 hour fcst:
585:33688877:d=2021122106:DZDT:650 mb:5 hour fcst:
586:33797602:d=2021122106:UGRD:650 mb:5 hour fcst:
587:33873185:d=2021122106:VGRD:650 mb:5 hour fcst:
588:33949568:d=2021122106:ABSV:650 mb:5 hour fcst:
589:34032182:d=2021122106:CLMR:650 mb:5 hour fcst:
590:34048284:d=2021122106:ICMR:650 mb:5 hour fcst:
591:34079231:d=2021122106:RWMR:650 mb:5 hour fcst:
592:34089968:d=2021122106:SNMR:650 mb:5 hour fcst:
593:34127570:d=2021122106:GRLE:650 mb:5 hour fcst:
594:34132574:d=2021122106:O3MR:650 mb:5 hour fcst:
611:35245435:d=2021122106:HGT:700 mb:5 hour fcst:
612:35330103:d=2021122106:TMP:700 mb:5 hour fcst:
613:35398282:d=2021122106:RH:700 mb:5 hour fcst:
614:35470146:d=2021122106:TCDC:700 mb:5 hour fcst:
615:35502231:d=2021122106:SPFH:700 mb:5 hour fcst:
616:35608562:d=2021122106:VVEL:700 mb:5 hour fcst:
617:35710167:d=2021122106:DZDT:700 mb:5 hour fcst:
618:35818657:d=2021122106:UGRD:700 mb:5 hour fcst:
619:35894317:d=2021122106:VGRD:700 mb:5 hour fcst:
620:35971578:d=2021122106:ABSV:700 mb:5 hour fcst:
621:36054375:d=2021122106:CLMR:700 mb:5 hour fcst:
622:36072997:d=2021122106:ICMR:700 mb:5 hour fcst:
623:36103476:d=2021122106:RWMR:700 mb:5 hour fcst:
624:36115837:d=2021122106:SNMR:700 mb:5 hour fcst:
625:36150984:d=2021122106:GRLE:700 mb:5 hour fcst:
626:36155548:d=2021122106:O3MR:700 mb:5 hour fcst:
643:37293558:d=2021122106:HGT:750 mb:5 hour fcst:
644:37378566:d=2021122106:TMP:750 mb:5 hour fcst:
645:37447628:d=2021122106:RH:750 mb:5 hour fcst:
646:37520487:d=2021122106:TCDC:750 mb:5 hour fcst:
647:37554338:d=2021122106:SPFH:750 mb:5 hour fcst:
648:37662913:d=2021122106:VVEL:750 mb:5 hour fcst:
649:37765022:d=2021122106:DZDT:750 mb:5 hour fcst:
650:37873374:d=2021122106:UGRD:750 mb:5 hour fcst:
651:37949406:d=2021122106:VGRD:750 mb:5 hour fcst:
652:38026998:d=2021122106:ABSV:750 mb:5 hour fcst:
653:38110206:d=2021122106:CLMR:750 mb:5 hour fcst:
654:38133549:d=2021122106:ICMR:750 mb:5 hour fcst:
655:38162502:d=2021122106:RWMR:750 mb:5 hour fcst:
656:38176905:d=2021122106:SNMR:750 mb:5 hour fcst:
657:38210983:d=2021122106:GRLE:750 mb:5 hour fcst:
658:38215278:d=2021122106:O3MR:750 mb:5 hour fcst:
675:39372671:d=2021122106:HGT:800 mb:5 hour fcst:
676:39458202:d=2021122106:TMP:800 mb:5 hour fcst:
677:39529850:d=2021122106:RH:800 mb:5 hour fcst:
678:39603325:d=2021122106:TCDC:800 mb:5 hour fcst:
679:39641799:d=2021122106:SPFH:800 mb:5 hour fcst:
680:39752032:d=2021122106:VVEL:800 mb:5 hour fcst:
681:39854440:d=2021122106:DZDT:800 mb:5 hour fcst:
682:39962511:d=2021122106:UGRD:800 mb:5 hour fcst:
683:40039207:d=2021122106:VGRD:800 mb:5 hour fcst:
684:40117276:d=2021122106:ABSV:800 mb:5 hour fcst:
685:40201840:d=2021122106:CLMR:800 mb:5 hour fcst:
686:40235104:d=2021122106:ICMR:800 mb:5 hour fcst:
687:40264751:d=2021122106:RWMR:800 mb:5 hour fcst:
688:40283065:d=2021122106:SNMR:800 mb:5 hour fcst:
689:40316630:d=2021122106:GRLE:800 mb:5 hour fcst:
690:40321379:d=2021122106:O3MR:800 mb:5 hour fcst:
707:41504548:d=2021122106:HGT:850 mb:5 hour fcst:
708:41590937:d=2021122106:TMP:850 mb:5 hour fcst:
709:41665313:d=2021122106:RH:850 mb:5 hour fcst:
710:41739347:d=2021122106:TCDC:850 mb:5 hour fcst:
711:41785646:d=2021122106:SPFH:850 mb:5 hour fcst:
712:41897088:d=2021122106:VVEL:850 mb:5 hour fcst:
713:41999273:d=2021122106:DZDT:850 mb:5 hour fcst:
714:42106802:d=2021122106:UGRD:850 mb:5 hour fcst:
715:42183988:d=2021122106:VGRD:850 mb:5 hour fcst:
716:42262444:d=2021122106:ABSV:850 mb:5 hour fcst:
717:42346880:d=2021122106:CLMR:850 mb:5 hour fcst:
718:42391407:d=2021122106:ICMR:850 mb:5 hour fcst:
719:42422803:d=2021122106:RWMR:850 mb:5 hour fcst:
720:42446604:d=2021122106:SNMR:850 mb:5 hour fcst:
721:42479044:d=2021122106:GRLE:850 mb:5 hour fcst:
722:42484304:d=2021122106:O3MR:850 mb:5 hour fcst:
739:43685260:d=2021122106:HGT:900 mb:5 hour fcst:
740:43772581:d=2021122106:TMP:900 mb:5 hour fcst:
741:43847499:d=2021122106:RH:900 mb:5 hour fcst:
742:43920092:d=2021122106:TCDC:900 mb:5 hour fcst:
743:43964651:d=2021122106:SPFH:900 mb:5 hour fcst:
744:44075260:d=2021122106:VVEL:900 mb:5 hour fcst:
745:44176161:d=2021122106:DZDT:900 mb:5 hour fcst:
746:44282047:d=2021122106:UGRD:900 mb:5 hour fcst:
747:44359511:d=2021122106:VGRD:900 mb:5 hour fcst:
748:44438206:d=2021122106:ABSV:900 mb:5 hour fcst:
749:44522794:d=2021122106:CLMR:900 mb:5 hour fcst:
750:44558596:d=2021122106:ICMR:900 mb:5 hour fcst:
751:44584936:d=2021122106:RWMR:900 mb:5 hour fcst:
752:44615550:d=2021122106:SNMR:900 mb:5 hour fcst:
753:44645938:d=2021122106:GRLE:900 mb:5 hour fcst:
754:44652101:d=2021122106:O3MR:900 mb:5 hour fcst:
755:44760026:d=2021122106:HGT:925 mb:5 hour fcst:
756:44847920:d=2021122106:TMP:925 mb:5 hour fcst:
757:44923275:d=2021122106:RH:925 mb:5 hour fcst:
758:44995190:d=2021122106:TCDC:925 mb:5 hour fcst:
759:45035365:d=2021122106:SPFH:925 mb:5 hour fcst:
760:45135502:d=2021122106:VVEL:925 mb:5 hour fcst:
761:45235005:d=2021122106:DZDT:925 mb:5 hour fcst:
762:45337962:d=2021122106:UGRD:925 mb:5 hour fcst:
763:45415747:d=2021122106:VGRD:925 mb:5 hour fcst:
764:45494488:d=2021122106:ABSV:925 mb:5 hour fcst:
765:45578952:d=2021122106:CLMR:925 mb:5 hour fcst:
766:45606853:d=2021122106:ICMR:925 mb:5 hour fcst:
767:45630444:d=2021122106:RWMR:925 mb:5 hour fcst:
768:45667684:d=2021122106:SNMR:925 mb:5 hour fcst:
769:45696421:d=2021122106:GRLE:925 mb:5 hour fcst:
770:45703086:d=2021122106:O3MR:925 mb:5 hour fcst:
771:45810347:d=2021122106:HGT:950 mb:5 hour fcst:
772:45898856:d=2021122106:TMP:950 mb:5 hour fcst:
773:45974101:d=2021122106:RH:950 mb:5 hour fcst:
774:46045002:d=2021122106:TCDC:950 mb:5 hour fcst:
775:46081472:d=2021122106:SPFH:950 mb:5 hour fcst:
776:46181997:d=2021122106:VVEL:950 mb:5 hour fcst:
777:46278850:d=2021122106:DZDT:950 mb:5 hour fcst:
778:46379007:d=2021122106:UGRD:950 mb:5 hour fcst:
779:46456955:d=2021122106:VGRD:950 mb:5 hour fcst:
780:46535717:d=2021122106:ABSV:950 mb:5 hour fcst:
781:46620865:d=2021122106:CLMR:950 mb:5 hour fcst:
782:46642045:d=2021122106:ICMR:950 mb:5 hour fcst:
783:46663366:d=2021122106:RWMR:950 mb:5 hour fcst:
784:46702022:d=2021122106:SNMR:950 mb:5 hour fcst:
785:46728559:d=2021122106:GRLE:950 mb:5 hour fcst:
786:46734680:d=2021122106:O3MR:950 mb:5 hour fcst:
787:46832215:d=2021122106:HINDEX:surface:5 hour fcst:
788:46849317:d=2021122106:HGT:975 mb:5 hour fcst:
789:46938721:d=2021122106:TMP:975 mb:5 hour fcst:
790:47013539:d=2021122106:RH:975 mb:5 hour fcst:
791:47082585:d=2021122106:TCDC:975 mb:5 hour fcst:
792:47112623:d=2021122106:SPFH:975 mb:5 hour fcst:
793:47211612:d=2021122106:VVEL:975 mb:5 hour fcst:
794:47302957:d=2021122106:DZDT:975 mb:5 hour fcst:
795:47397508:d=2021122106:UGRD:975 mb:5 hour fcst:
796:47475518:d=2021122106:VGRD:975 mb:5 hour fcst:
797:47553841:d=2021122106:ABSV:975 mb:5 hour fcst:
798:47637641:d=2021122106:CLMR:975 mb:5 hour fcst:
799:47654747:d=2021122106:ICMR:975 mb:5 hour fcst:
800:47672856:d=2021122106:RWMR:975 mb:5 hour fcst:
801:47706379:d=2021122106:SNMR:975 mb:5 hour fcst:
802:47727776:d=2021122106:GRLE:975 mb:5 hour fcst:
803:47733101:d=2021122106:O3MR:975 mb:5 hour fcst:
804:47830016:d=2021122106:TMP:1000 mb:5 hour fcst:
805:47904223:d=2021122106:RH:1000 mb:5 hour fcst:
806:47971716:d=2021122106:TCDC:1000 mb:5 hour fcst:
807:47990587:d=2021122106:SPFH:1000 mb:5 hour fcst:
808:48089190:d=2021122106:VVEL:1000 mb:5 hour fcst:
809:48173276:d=2021122106:DZDT:1000 mb:5 hour fcst:
810:48258219:d=2021122106:UGRD:1000 mb:5 hour fcst:
811:48335314:d=2021122106:VGRD:1000 mb:5 hour fcst:
812:48412035:d=2021122106:ABSV:1000 mb:5 hour fcst:
813:48494657:d=2021122106:CLMR:1000 mb:5 hour fcst:
814:48504464:d=2021122106:ICMR:1000 mb:5 hour fcst:
815:48516062:d=2021122106:RWMR:1000 mb:5 hour fcst:
816:48545382:d=2021122106:SNMR:1000 mb:5 hour fcst:
817:48557319:d=2021122106:GRLE:1000 mb:5 hour fcst:
818:48560493:d=2021122106:O3MR:1000 mb:5 hour fcst:
819:48657063:d=2021122106:MSLET:mean sea level:5 hour fcst:
820:48750827:d=2021122106:HGT:1000 mb:5 hour fcst:
821:48841416:d=2021122106:SDEN:surface:5 hour fcst:
822:48883213:d=2021122106:REFD:4000 m above ground:5 hour fcst:
823:48892608:d=2021122106:REFD:1000 m above ground:5 hour fcst:
824:48902003:d=2021122106:PRES:surface:5 hour fcst:
825:48990025:d=2021122106:HGT:surface:5 hour fcst:
826:49034943:d=2021122106:TMP:surface:5 hour fcst:
827:49094543:d=2021122106:TSOIL:0-0.1 m below ground:5 hour fcst:
828:49133086:d=2021122106:SOILW:0-0.1 m below ground:5 hour fcst:
829:49161110:d=2021122106:SOILL:0-0.1 m below ground:5 hour fcst:
830:49188520:d=2021122106:TSOIL:0.1-0.4 m below ground:5 hour fcst:
831:49238570:d=2021122106:SOILW:0.1-0.4 m below ground:5 hour fcst:
832:49266570:d=2021122106:SOILL:0.1-0.4 m below ground:5 hour fcst:
833:49294455:d=2021122106:TSOIL:0.4-1 m below ground:5 hour fcst:
834:49337127:d=2021122106:SOILW:0.4-1 m below ground:5 hour fcst:
835:49365620:d=2021122106:SOILL:0.4-1 m below ground:5 hour fcst:
836:49393972:d=2021122106:TSOIL:1-2 m below ground:5 hour fcst:
837:49435973:d=2021122106:SOILW:1-2 m below ground:5 hour fcst:
838:49464186:d=2021122106:SOILL:1-2 m below ground:5 hour fcst:
839:49492541:d=2021122106:CNWAT:surface:5 hour fcst:
840:49510551:d=2021122106:WEASD:surface:5 hour fcst:
841:49556567:d=2021122106:SNOD:surface:5 hour fcst:
842:49605929:d=2021122106:PEVPR:surface:5 hour fcst:
843:49650086:d=2021122106:ICETK:surface:5 hour fcst:
845:49671519:d=2021122106:TMP:2 m above ground:5 hour fcst:
846:49745673:d=2021122106:SPFH:2 m above ground:5 hour fcst:
847:49842826:d=2021122106:DPT:2 m above ground:5 hour fcst:
848:49918490:d=2021122106:RH:2 m above ground:5 hour fcst:
849:49983797:d=2021122106:APTMP:2 m above ground:5 hour fcst:
850:50033261:d=2021122106:TMAX:2 m above ground:0-5 hour max fcst:
851:50106636:d=2021122106:TMIN:2 m above ground:0-5 hour min fcst:
852:50180540:d=2021122106:UGRD:10 m above ground:5 hour fcst:
853:50255966:d=2021122106:VGRD:10 m above ground:5 hour fcst:
854:50332123:d=2021122106:ICEG:10 m above mean sea level:5 hour fcst:
855:50334432:d=2021122106:CPOFP:surface:5 hour fcst:
856:50402159:d=2021122106:CPRAT:surface:5 hour fcst:
857:50469041:d=2021122106:PRATE:surface:5 hour fcst:
858:50542744:d=2021122106:CPRAT:surface:0-5 hour ave fcst:
859:50621702:d=2021122106:PRATE:surface:0-5 hour ave fcst:
860:50695635:d=2021122106:APCP:surface:0-5 hour acc fcst:
861:50729236:d=2021122106:APCP:surface:0-5 hour acc fcst:
862:50771338:d=2021122106:ACPCP:surface:0-5 hour acc fcst:
863:50798375:d=2021122106:ACPCP:surface:0-5 hour acc fcst:
866:50878740:d=2021122106:FROZR:surface:0-5 hour acc fcst:
867:50888159:d=2021122106:FRZR:surface:0-5 hour acc fcst:
868:50897578:d=2021122106:TSNOWP:surface:0-5 hour acc fcst:
869:50906997:d=2021122106:WATR:surface:0-5 hour acc fcst:
870:50937518:d=2021122106:FROZR:surface:0-5 hour acc fcst:
871:50946937:d=2021122106:FRZR:surface:0-5 hour acc fcst:
872:50956356:d=2021122106:TSNOWP:surface:0-5 hour acc fcst:
873:50965775:d=2021122106:CSNOW:surface:5 hour fcst:
874:50971033:d=2021122106:CICEP:surface:5 hour fcst:
875:50971212:d=2021122106:CFRZR:surface:5 hour fcst:
876:50971566:d=2021122106:CRAIN:surface:5 hour fcst:
877:50983273:d=2021122106:LHTFL:surface:0-5 hour ave fcst:
878:51034585:d=2021122106:SHTFL:surface:0-5 hour ave fcst:
879:51109716:d=2021122106:GFLUX:surface:0-5 hour ave fcst:
880:51155613:d=2021122106:UFLX:surface:0-5 hour ave fcst:
881:51213284:d=2021122106:VFLX:surface:0-5 hour ave fcst:
882:51269997:d=2021122106:SFCR:surface:5 hour fcst:
883:51333341:d=2021122106:FRICV:surface:5 hour fcst:
884:51414666:d=2021122106:U-GWD:surface:0-5 hour ave fcst:
885:51447142:d=2021122106:V-GWD:surface:0-5 hour ave fcst:
886:51478369:d=2021122106:VEG:surface:5 hour fcst:
887:51500064:d=2021122106:SOTYP:surface:5 hour fcst:
888:51530212:d=2021122106:WILT:surface:5 hour fcst:
889:51560984:d=2021122106:FLDCP:surface:5 hour fcst:
890:51592838:d=2021122106:SUNSD:surface:5 hour fcst:
891:51634242:d=2021122106:LFTX:surface:5 hour fcst:
892:51683106:d=2021122106:CAPE:surface:5 hour fcst:
893:51732684:d=2021122106:CIN:surface:5 hour fcst:
894:51777767:d=2021122106:PWAT:entire atmosphere (considered as a single layer):5 hour fcst:
895:51876819:d=2021122106:CWAT:entire atmosphere (considered as a single layer):5 hour fcst:
896:51972586:d=2021122106:RH:entire atmosphere (considered as a single layer):5 hour fcst:
897:52024903:d=2021122106:TOZNE:entire atmosphere (considered as a single layer):5 hour fcst:
898:52073259:d=2021122106:LCDC:low cloud layer:5 hour fcst:
899:52130663:d=2021122106:LCDC:low cloud layer:0-5 hour ave fcst:
900:52197339:d=2021122106:MCDC:middle cloud layer:5 hour fcst:
901:52243879:d=2021122106:MCDC:middle cloud layer:0-5 hour ave fcst:
902:52296403:d=2021122106:HCDC:high cloud layer:5 hour fcst:
903:52341229:d=2021122106:HCDC:high cloud layer:0-5 hour ave fcst:
904:52400919:d=2021122106:TCDC:entire atmosphere (considered as a single layer):5 hour fcst:
905:52457671:d=2021122106:TCDC:entire atmosphere (considered as a single layer):0-5 hour ave fcst:
906:52525638:d=2021122106:HGT:cloud ceiling:5 hour fcst:
907:52641375:d=2021122106:PRES:convective cloud bottom level:5 hour fcst:
908:52688888:d=2021122106:PRES:low cloud bottom level:0-5 hour ave fcst:
909:52776592:d=2021122106:PRES:middle cloud bottom level:0-5 hour ave fcst:
910:52836181:d=2021122106:PRES:high cloud bottom level:0-5 hour ave fcst:
912:52981138:d=2021122106:PRES:convective cloud top level:5 hour fcst:
913:53033594:d=2021122106:PRES:low cloud top level:0-5 hour ave fcst:
914:53122653:d=2021122106:PRES:middle cloud top level:0-5 hour ave fcst:
915:53180717:d=2021122106:PRES:high cloud top level:0-5 hour ave fcst:
916:53252572:d=2021122106:TMP:low cloud top level:0-5 hour ave fcst:
917:53318154:d=2021122106:TMP:middle cloud top level:0-5 hour ave fcst:
918:53365104:d=2021122106:TMP:high cloud top level:0-5 hour ave fcst:
919:53424690:d=2021122106:TCDC:convective cloud layer:5 hour fcst:
920:53496989:d=2021122106:TCDC:boundary layer cloud layer:0-5 hour ave fcst:
921:53552504:d=2021122106:CWORK:entire atmosphere (considered as a single layer):0-5 hour ave fcst:
922:53584805:d=2021122106:DSWRF:surface:0-5 hour ave fcst:
925:53776027:d=2021122106:DLWRF:surface:0-5 hour ave fcst:
926:53855448:d=2021122106:USWRF:surface:0-5 hour ave fcst:
927:53919948:d=2021122106:ULWRF:surface:0-5 hour ave fcst:
928:53986089:d=2021122106:USWRF:top of atmosphere:0-5 hour ave fcst:
929:54060124:d=2021122106:ULWRF:top of atmosphere:0-5 hour ave fcst:
930:54134459:d=2021122106:AOTK:entire atmosphere:5 hour fcst:aerosol=Total Aerosol:aerosol_size <2e-05:aerosol_wavelength >=5.45e-07,<=5.55e-07
931:54234989:d=2021122106:AOTK:entire atmosphere:5 hour fcst:aerosol=Dust Dry:aerosol_size <2e-05:aerosol_wavelength >=5.45e-07,<=5.55e-07
932:54289252:d=2021122106:AOTK:entire atmosphere:5 hour fcst:aerosol=Sea Salt Dry:aerosol_size <2e-05:aerosol_wavelength >=5.45e-07,<=5.55e-07
933:54392606:d=2021122106:AOTK:entire atmosphere:5 hour fcst:aerosol=Sulphate Dry:aerosol_size <2e-05:aerosol_wavelength >=5.45e-07,<=5.55e-07
934:54485973:d=2021122106:AOTK:entire atmosphere:5 hour fcst:aerosol=Particulate Organic Matter Dry:aerosol_size <2e-05:aerosol_wavelength >=5.45e-07,<=5.55e-07
935:54579636:d=2021122106:AOTK:entire atmosphere:5 hour fcst:aerosol=Black Carbon Dry:aerosol_size <2e-05:aerosol_wavelength >=5.45e-07,<=5.55e-07
936:54661091:d=2021122106:HLCY:3000-0 m above ground:5 hour fcst:
937:54718371:d=2021122106:HLCY:1000-0 m above ground:5 hour fcst:
938:54770036:d=2021122106:USTM:6000-0 m above ground:5 hour fcst:
939:54852229:d=2021122106:VSTM:6000-0 m above ground:5 hour fcst:
940:54933937:d=2021122106:PRES:tropopause:5 hour fcst:
941:55045530:d=2021122106:ICAHT:tropopause:5 hour fcst:
942:55152781:d=2021122106:HGT:tropopause:5 hour fcst:
943:55258745:d=2021122106:TMP:tropopause:5 hour fcst:
944:55339390:d=2021122106:UGRD:tropopause:5 hour fcst:
945:55398183:d=2021122106:VGRD:tropopause:5 hour fcst:
946:55456445:d=2021122106:VWSH:tropopause:5 hour fcst:
947:55530517:d=2021122106:PRES:max wind:5 hour fcst:
948:55663325:d=2021122106:ICAHT:max wind:5 hour fcst:
949:55798635:d=2021122106:HGT:max wind:5 hour fcst:
950:55934155:d=2021122106:UGRD:max wind:5 hour fcst:
951:55995477:d=2021122106:VGRD:max wind:5 hour fcst:
952:56059631:d=2021122106:TMP:max wind:5 hour fcst:
953:56160933:d=2021122106:UGRD:20 m above ground:5 hour fcst:
954:56236259:d=2021122106:VGRD:20 m above ground:5 hour fcst:
955:56312577:d=2021122106:UGRD:30 m above ground:5 hour fcst:
956:56388669:d=2021122106:VGRD:30 m above ground:5 hour fcst:
957:56465643:d=2021122106:UGRD:40 m above ground:5 hour fcst:
958:56542082:d=2021122106:VGRD:40 m above ground:5 hour fcst:
959:56619385:d=2021122106:UGRD:50 m above ground:5 hour fcst:
960:56696732:d=2021122106:VGRD:50 m above ground:5 hour fcst:
961:56774334:d=2021122106:TMP:80 m above ground:5 hour fcst:
962:56848496:d=2021122106:SPFH:80 m above ground:5 hour fcst:
963:56954943:d=2021122106:PRES:80 m above ground:5 hour fcst:
964:57042663:d=2021122106:UGRD:80 m above ground:5 hour fcst:
965:57120372:d=2021122106:VGRD:80 m above ground:5 hour fcst:
966:57198561:d=2021122106:TMP:100 m above ground:5 hour fcst:
967:57272651:d=2021122106:UGRD:100 m above ground:5 hour fcst:
968:57350585:d=2021122106:VGRD:100 m above ground:5 hour fcst:
981:58327959:d=2021122106:TMP:1829 m above mean sea level:5 hour fcst:
982:58404939:d=2021122106:UGRD:1829 m above mean sea level:5 hour fcst:
983:58486528:d=2021122106:VGRD:1829 m above mean sea level:5 hour fcst:
984:58569688:d=2021122106:TMP:2743 m above mean sea level:5 hour fcst:
985:58644755:d=2021122106:UGRD:2743 m above mean sea level:5 hour fcst:
986:58727516:d=2021122106:VGRD:2743 m above mean sea level:5 hour fcst:
987:58811915:d=2021122106:TMP:3658 m above mean sea level:5 hour fcst:
988:58886437:d=2021122106:UGRD:3658 m above mean sea level:5 hour fcst:
989:58969934:d=2021122106:VGRD:3658 m above mean sea level:5 hour fcst:
993:59300314:d=2021122106:HGT:0C isotherm:5 hour fcst:
994:59379145:d=2021122106:RH:0C isotherm:5 hour fcst:
995:59448799:d=2021122106:HGT:highest tropospheric freezing level:5 hour fcst:
996:59527761:d=2021122106:RH:highest tropospheric freezing level:5 hour fcst:
997:59597556:d=2021122106:TMP:30-0 mb above ground:5 hour fcst:
998:59671690:d=2021122106:RH:30-0 mb above ground:5 hour fcst:
1000:59812148:d=2021122106:SPFH:30-0 mb above ground:5 hour fcst:
1001:59918823:d=2021122106:UGRD:30-0 mb above ground:5 hour fcst:
1002:59996574:d=2021122106:VGRD:30-0 mb above ground:5 hour fcst:
1030:62277864:d=2021122106:4LFTX:surface:5 hour fcst:
1031:62325064:d=2021122106:CAPE:180-0 mb above ground:5 hour fcst:
1032:62368497:d=2021122106:CIN:180-0 mb above ground:5 hour fcst:
1033:62398021:d=2021122106:HPBL:surface:5 hour fcst:
1034:62514843:d=2021122106:RH:0.33-1 sigma layer:5 hour fcst:
1035:62579563:d=2021122106:RH:0.44-1 sigma layer:5 hour fcst:
1036:62643325:d=2021122106:RH:0.72-0.94 sigma layer:5 hour fcst:
1037:62710292:d=2021122106:RH:0.44-0.72 sigma layer:5 hour fcst:
1038:62777360:d=2021122106:TMP:0.995 sigma level:5 hour fcst:
1039:62851837:d=2021122106:POT:0.995 sigma level:5 hour fcst:
1040:62926185:d=2021122106:RH:0.995 sigma level:5 hour fcst:
1041:62990942:d=2021122106:UGRD:0.995 sigma level:5 hour fcst:
1042:63068625:d=2021122106:VGRD:0.995 sigma level:5 hour fcst:
1043:63146371:d=2021122106:VVEL:0.995 sigma level:5 hour fcst:
1044:63228140:d=2021122106:CAPE:90-0 mb above ground:5 hour fcst:
1045:63268595:d=2021122106:CIN:90-0 mb above ground:5 hour fcst:
1046:63316567:d=2021122106:CAPE:255-0 mb above ground:5 hour fcst:
1047:63358547:d=2021122106:CIN:255-0 mb above ground:5 hour fcst:
1048:63397345:d=2021122106:PLPL:255-0 mb above ground:5 hour fcst:
1049:63479519:d=2021122106:LAND:surface:5 hour fcst:
1050:63483854:d=2021122106:ICEC:surface:5 hour fcst:
1051:63495736:d=2021122106:ALBDO:surface:0-5 hour ave fcst:
1052:63556390:d=2021122106:ICETMP:surface:5 hour fcst:
1094:65891857:d=2021122106:UGRD:PV=2e-06 (Km^2/kg/s) surface:5 hour fcst:
1095:65934165:d=2021122106:VGRD:PV=2e-06 (Km^2/kg/s) surface:5 hour fcst:
1096:65975667:d=2021122106:TMP:PV=2e-06 (Km^2/kg/s) surface:5 hour fcst:
1097:66032408:d=2021122106:HGT:PV=2e-06 (Km^2/kg/s) surface:5 hour fcst:
1098:66101889:d=2021122106:PRES:PV=2e-06 (Km^2/kg/s) surface:5 hour fcst:
1099:66169941:d=2021122106:VWSH:PV=2e-06 (Km^2/kg/s) surface:5 hour fcst:
1100:66219332:d=2021122106:UGRD:PV=-2e-06 (Km^2/kg/s) surface:5 hour fcst:
1101:66262636:d=2021122106:VGRD:PV=-2e-06 (Km^2/kg/s) surface:5 hour fcst:
1102:66304956:d=2021122106:TMP:PV=-2e-06 (Km^2/kg/s) surface:5 hour fcst:
1103:66363379:d=2021122106:HGT:PV=-2e-06 (Km^2/kg/s) surface:5 hour fcst:
1104:66433899:d=2021122106:PRES:PV=-2e-06 (Km^2/kg/s) surface:5 hour fcst:
1105:66502687:d=2021122106:VWSH:PV=-2e-06 (Km^2/kg/s) surface:5 hour fcst:
+ exglobal_atmos_products.sh[45]true
+ exglobal_atmos_products.sh[46]export err=0
+ exglobal_atmos_products.sh[46]err=0
+ exglobal_atmos_products.sh[47][[ 0 -ne 0 ]]
+ exglobal_atmos_products.sh[52][[ 1 -eq 2 ]]
+ exglobal_atmos_products.sh[62]grid_string=0p25
+ exglobal_atmos_products.sh[63][[ YES == \Y\E\S ]]
+ exglobal_atmos_products.sh[64]grid_string=0p25:0p50:1p00
+ exglobal_atmos_products.sh[70]IFS=:
+ exglobal_atmos_products.sh[70]read -ra grids
+ exglobal_atmos_products.sh[154](( nset=1  ))
+ exglobal_atmos_products.sh[154](( nset <= downset  ))
+ exglobal_atmos_products.sh[74]echo 'Begin processing nset = 1'
Begin processing nset = 1
+ exglobal_atmos_products.sh[77]nproc=24
+ exglobal_atmos_products.sh[80][[ 1 == 1 ]]
+ exglobal_atmos_products.sh[81]grp=
+ exglobal_atmos_products.sh[87]tmpfile=tmpfile_f005
++ exglobal_atmos_products.sh[90]wgrib2 tmpfile_f005
++ exglobal_atmos_products.sh[90]wc -l
+ exglobal_atmos_products.sh[90]ncount=753
+ exglobal_atmos_products.sh[91][[ 24 -gt 753 ]]
+ exglobal_atmos_products.sh[95]inv=31
+ exglobal_atmos_products.sh[96]rm -f /work2/noaa/stmp/mterry/HERCULES/RUNDIRS/C96C48_hybatmDA/gdas.2021122106/atmos_products_f005.333254/poescript
+ exglobal_atmos_products.sh[98]last=0
+ exglobal_atmos_products.sh[134](( iproc = 1  ))
+ exglobal_atmos_products.sh[134](( iproc <= nproc  ))
+ exglobal_atmos_products.sh[100]first=1
+ exglobal_atmos_products.sh[101]last=31
+ exglobal_atmos_products.sh[102][[ 31 -gt 753 ]]
+ exglobal_atmos_products.sh[109]set +e
+ exglobal_atmos_products.sh[111]wgrib2 -d 31 tmpfile_f005
+ exglobal_atmos_products.sh[111]grep -E -i 'ugrd|ustm|uflx|u-gwd|land|maxuw'
31:1588350:d=2021122106:UGRD:0.02 mb:5 hour fcst:
+ exglobal_atmos_products.sh[112]rc=0
+ exglobal_atmos_products.sh[113]set_strict
+ environment[0][[ YES == \Y\E\S ]]
+ environment[1]set -eu
+ exglobal_atmos_products.sh[114][[ 0 == 0 ]]
+ exglobal_atmos_products.sh[115]last=32
+ exglobal_atmos_products.sh[117][[ 1 -eq 24 ]]
+ exglobal_atmos_products.sh[122]wgrib2 tmpfile_f005 -for 1:32 -grib tmpfile_f005_1
1:0:d=2021122106:PRMSL:mean sea level:5 hour fcst:
2:90795:d=2021122106:CLMR:1 hybrid level:5 hour fcst:
3:107407:d=2021122106:ICMR:1 hybrid level:5 hour fcst:
4:130782:d=2021122106:RWMR:1 hybrid level:5 hour fcst:
5:165532:d=2021122106:SNMR:1 hybrid level:5 hour fcst:
6:196664:d=2021122106:GRLE:1 hybrid level:5 hour fcst:
7:202257:d=2021122106:REFD:1 hybrid level:5 hour fcst:
8:211652:d=2021122106:REFD:2 hybrid level:5 hour fcst:
9:221047:d=2021122106:REFC:entire atmosphere (considered as a single layer):5 hour fcst:
10:230442:d=2021122106:VIS:surface:5 hour fcst:
11:349499:d=2021122106:UGRD:planetary boundary layer:5 hour fcst:
12:399245:d=2021122106:VGRD:planetary boundary layer:5 hour fcst:
13:449242:d=2021122106:VRATE:planetary boundary layer:5 hour fcst:
14:501072:d=2021122106:GUST:surface:5 hour fcst:
15:551514:d=2021122106:HGT:0.01 mb:5 hour fcst:
16:625587:d=2021122106:TMP:0.01 mb:5 hour fcst:
17:668841:d=2021122106:RH:0.01 mb:5 hour fcst:
18:691630:d=2021122106:SPFH:0.01 mb:5 hour fcst:
19:758643:d=2021122106:VVEL:0.01 mb:5 hour fcst:
20:846575:d=2021122106:DZDT:0.01 mb:5 hour fcst:
21:939089:d=2021122106:UGRD:0.01 mb:5 hour fcst:
22:987157:d=2021122106:VGRD:0.01 mb:5 hour fcst:
23:1029420:d=2021122106:ABSV:0.01 mb:5 hour fcst:
24:1098041:d=2021122106:O3MR:0.01 mb:5 hour fcst:
25:1157485:d=2021122106:HGT:0.02 mb:5 hour fcst:
26:1230211:d=2021122106:TMP:0.02 mb:5 hour fcst:
27:1292856:d=2021122106:RH:0.02 mb:5 hour fcst:
28:1309853:d=2021122106:SPFH:0.02 mb:5 hour fcst:
29:1376526:d=2021122106:VVEL:0.02 mb:5 hour fcst:
30:1483759:d=2021122106:DZDT:0.02 mb:5 hour fcst:
31:1588350:d=2021122106:UGRD:0.02 mb:5 hour fcst:
32:1639604:d=2021122106:VGRD:0.02 mb:5 hour fcst:
+ exglobal_atmos_products.sh[122]true
+ exglobal_atmos_products.sh[123]export err=0
+ exglobal_atmos_products.sh[123]err=0
+ exglobal_atmos_products.sh[124][[ 0 -ne 0 ]]
+ exglobal_atmos_products.sh[127]input_file=tmpfile_f005_1
+ exglobal_atmos_products.sh[128]output_file_prefix=pgb2file_f005_1
+ exglobal_atmos_products.sh[129]echo '/work2/noaa/global/mterry/global-workflow_forked/ush/interp_atmos_master.sh tmpfile_f005_1 pgb2file_f005_1 0p25:0p50:1p00'
+ exglobal_atmos_products.sh[133][[ 32 -eq 753 ]]
+ exglobal_atmos_products.sh[134](( iproc++  ))
+ exglobal_atmos_products.sh[134](( iproc <= nproc  ))
+ exglobal_atmos_products.sh[100]first=33
+ exglobal_atmos_products.sh[101]last=63
+ exglobal_atmos_products.sh[102][[ 63 -gt 753 ]]
+ exglobal_atmos_products.sh[109]set +e
+ exglobal_atmos_products.sh[111]wgrib2 -d 63 tmpfile_f005
+ exglobal_atmos_products.sh[111]grep -E -i 'ugrd|ustm|uflx|u-gwd|land|maxuw'
+ exglobal_atmos_products.sh[112]rc=1
+ exglobal_atmos_products.sh[113]set_strict
+ environment[0][[ YES == \Y\E\S ]]
+ environment[1]set -eu
+ exglobal_atmos_products.sh[114][[ 1 == 0 ]]
+ exglobal_atmos_products.sh[117][[ 2 -eq 24 ]]
+ exglobal_atmos_products.sh[122]wgrib2 tmpfile_f005 -for 33:63 -grib tmpfile_f005_2
33:1685279:d=2021122106:ABSV:0.02 mb:5 hour fcst:
34:1758876:d=2021122106:O3MR:0.02 mb:5 hour fcst:
35:1827967:d=2021122106:HGT:0.04 mb:5 hour fcst:
36:1894874:d=2021122106:TMP:0.04 mb:5 hour fcst:
37:1962723:d=2021122106:RH:0.04 mb:5 hour fcst:
38:1985601:d=2021122106:SPFH:0.04 mb:5 hour fcst:
39:2046968:d=2021122106:VVEL:0.04 mb:5 hour fcst:
40:2156893:d=2021122106:DZDT:0.04 mb:5 hour fcst:
41:2270392:d=2021122106:UGRD:0.04 mb:5 hour fcst:
42:2318284:d=2021122106:VGRD:0.04 mb:5 hour fcst:
43:2361730:d=2021122106:ABSV:0.04 mb:5 hour fcst:
44:2436979:d=2021122106:O3MR:0.04 mb:5 hour fcst:
45:2506002:d=2021122106:HGT:0.07 mb:5 hour fcst:
46:2572741:d=2021122106:TMP:0.07 mb:5 hour fcst:
47:2638508:d=2021122106:RH:0.07 mb:5 hour fcst:
48:2658363:d=2021122106:SPFH:0.07 mb:5 hour fcst:
49:2721202:d=2021122106:VVEL:0.07 mb:5 hour fcst:
50:2813607:d=2021122106:DZDT:0.07 mb:5 hour fcst:
51:2930282:d=2021122106:UGRD:0.07 mb:5 hour fcst:
52:2978421:d=2021122106:VGRD:0.07 mb:5 hour fcst:
53:3022979:d=2021122106:ABSV:0.07 mb:5 hour fcst:
54:3098391:d=2021122106:O3MR:0.07 mb:5 hour fcst:
55:3150729:d=2021122106:HGT:0.1 mb:5 hour fcst:
56:3216897:d=2021122106:TMP:0.1 mb:5 hour fcst:
57:3280698:d=2021122106:RH:0.1 mb:5 hour fcst:
58:3297667:d=2021122106:SPFH:0.1 mb:5 hour fcst:
59:3362870:d=2021122106:VVEL:0.1 mb:5 hour fcst:
60:3458260:d=2021122106:DZDT:0.1 mb:5 hour fcst:
61:3565889:d=2021122106:UGRD:0.1 mb:5 hour fcst:
62:3612848:d=2021122106:VGRD:0.1 mb:5 hour fcst:
63:3654826:d=2021122106:ABSV:0.1 mb:5 hour fcst:
+ exglobal_atmos_products.sh[122]true
+ exglobal_atmos_products.sh[123]export err=0
+ exglobal_atmos_products.sh[123]err=0
+ exglobal_atmos_products.sh[124][[ 0 -ne 0 ]]
+ exglobal_atmos_products.sh[127]input_file=tmpfile_f005_2
+ exglobal_atmos_products.sh[128]output_file_prefix=pgb2file_f005_2
+ exglobal_atmos_products.sh[129]echo '/work2/noaa/global/mterry/global-workflow_forked/ush/interp_atmos_master.sh tmpfile_f005_2 pgb2file_f005_2 0p25:0p50:1p00'
+ exglobal_atmos_products.sh[133][[ 63 -eq 753 ]]
+ exglobal_atmos_products.sh[134](( iproc++  ))
+ exglobal_atmos_products.sh[134](( iproc <= nproc  ))
+ exglobal_atmos_products.sh[100]first=64
+ exglobal_atmos_products.sh[101]last=94
+ exglobal_atmos_products.sh[102][[ 94 -gt 753 ]]
+ exglobal_atmos_products.sh[109]set +e
+ exglobal_atmos_products.sh[111]wgrib2 -d 94 tmpfile_f005
+ exglobal_atmos_products.sh[111]grep -E -i 'ugrd|ustm|uflx|u-gwd|land|maxuw'
+ exglobal_atmos_products.sh[112]rc=1
+ exglobal_atmos_products.sh[113]set_strict
+ environment[0][[ YES == \Y\E\S ]]
+ environment[1]set -eu
+ exglobal_atmos_products.sh[114][[ 1 == 0 ]]
+ exglobal_atmos_products.sh[117][[ 3 -eq 24 ]]
+ exglobal_atmos_products.sh[122]wgrib2 tmpfile_f005 -for 64:94 -grib tmpfile_f005_3
64:3728445:d=2021122106:O3MR:0.1 mb:5 hour fcst:
65:3793670:d=2021122106:HGT:0.2 mb:5 hour fcst:
66:3857355:d=2021122106:TMP:0.2 mb:5 hour fcst:
67:3919752:d=2021122106:RH:0.2 mb:5 hour fcst:
68:3941829:d=2021122106:SPFH:0.2 mb:5 hour fcst:
69:4010317:d=2021122106:VVEL:0.2 mb:5 hour fcst:
70:4112728:d=2021122106:DZDT:0.2 mb:5 hour fcst:
71:4204678:d=2021122106:UGRD:0.2 mb:5 hour fcst:
72:4249284:d=2021122106:VGRD:0.2 mb:5 hour fcst:
73:4289248:d=2021122106:ABSV:0.2 mb:5 hour fcst:
74:4359556:d=2021122106:O3MR:0.2 mb:5 hour fcst:
75:4432065:d=2021122106:HGT:0.4 mb:5 hour fcst:
76:4494244:d=2021122106:TMP:0.4 mb:5 hour fcst:
77:4554772:d=2021122106:RH:0.4 mb:5 hour fcst:
78:4572955:d=2021122106:SPFH:0.4 mb:5 hour fcst:
79:4642033:d=2021122106:VVEL:0.4 mb:5 hour fcst:
80:4750748:d=2021122106:DZDT:0.4 mb:5 hour fcst:
81:4855179:d=2021122106:UGRD:0.4 mb:5 hour fcst:
82:4897793:d=2021122106:VGRD:0.4 mb:5 hour fcst:
83:4935364:d=2021122106:ABSV:0.4 mb:5 hour fcst:
84:5003016:d=2021122106:O3MR:0.4 mb:5 hour fcst:
85:5079871:d=2021122106:HGT:0.7 mb:5 hour fcst:
86:5140696:d=2021122106:TMP:0.7 mb:5 hour fcst:
87:5201474:d=2021122106:RH:0.7 mb:5 hour fcst:
88:5221089:d=2021122106:SPFH:0.7 mb:5 hour fcst:
89:5289135:d=2021122106:VVEL:0.7 mb:5 hour fcst:
90:5402822:d=2021122106:DZDT:0.7 mb:5 hour fcst:
91:5500222:d=2021122106:UGRD:0.7 mb:5 hour fcst:
92:5541403:d=2021122106:VGRD:0.7 mb:5 hour fcst:
93:5577918:d=2021122106:ABSV:0.7 mb:5 hour fcst:
94:5614673:d=2021122106:O3MR:0.7 mb:5 hour fcst:
+ exglobal_atmos_products.sh[122]true
+ exglobal_atmos_products.sh[123]export err=0
+ exglobal_atmos_products.sh[123]err=0
+ exglobal_atmos_products.sh[124][[ 0 -ne 0 ]]
+ exglobal_atmos_products.sh[127]input_file=tmpfile_f005_3
+ exglobal_atmos_products.sh[128]output_file_prefix=pgb2file_f005_3
+ exglobal_atmos_products.sh[129]echo '/work2/noaa/global/mterry/global-workflow_forked/ush/interp_atmos_master.sh tmpfile_f005_3 pgb2file_f005_3 0p25:0p50:1p00'
+ exglobal_atmos_products.sh[133][[ 94 -eq 753 ]]
+ exglobal_atmos_products.sh[134](( iproc++  ))
+ exglobal_atmos_products.sh[134](( iproc <= nproc  ))
+ exglobal_atmos_products.sh[100]first=95
+ exglobal_atmos_products.sh[101]last=125
+ exglobal_atmos_products.sh[102][[ 125 -gt 753 ]]
+ exglobal_atmos_products.sh[109]set +e
+ exglobal_atmos_products.sh[111]wgrib2 -d 125 tmpfile_f005
+ exglobal_atmos_products.sh[111]grep -E -i 'ugrd|ustm|uflx|u-gwd|land|maxuw'
+ exglobal_atmos_products.sh[112]rc=1
+ exglobal_atmos_products.sh[113]set_strict
+ environment[0][[ YES == \Y\E\S ]]
+ environment[1]set -eu
+ exglobal_atmos_products.sh[114][[ 1 == 0 ]]
+ exglobal_atmos_products.sh[117][[ 4 -eq 24 ]]
+ exglobal_atmos_products.sh[122]wgrib2 tmpfile_f005 -for 95:125 -grib tmpfile_f005_4
95:5696465:d=2021122106:HGT:1 mb:5 hour fcst:
96:5756373:d=2021122106:TMP:1 mb:5 hour fcst:
97:5816823:d=2021122106:RH:1 mb:5 hour fcst:
98:5827407:d=2021122106:SPFH:1 mb:5 hour fcst:
99:5895481:d=2021122106:VVEL:1 mb:5 hour fcst:
100:6012233:d=2021122106:DZDT:1 mb:5 hour fcst:
101:6125865:d=2021122106:UGRD:1 mb:5 hour fcst:
102:6166359:d=2021122106:VGRD:1 mb:5 hour fcst:
103:6202024:d=2021122106:ABSV:1 mb:5 hour fcst:
104:6267640:d=2021122106:O3MR:1 mb:5 hour fcst:
105:6352845:d=2021122106:HGT:2 mb:5 hour fcst:
106:6410184:d=2021122106:TMP:2 mb:5 hour fcst:
107:6471517:d=2021122106:RH:2 mb:5 hour fcst:
108:6479826:d=2021122106:SPFH:2 mb:5 hour fcst:
109:6546752:d=2021122106:VVEL:2 mb:5 hour fcst:
110:6637585:d=2021122106:DZDT:2 mb:5 hour fcst:
111:6751955:d=2021122106:UGRD:2 mb:5 hour fcst:
112:6791541:d=2021122106:VGRD:2 mb:5 hour fcst:
113:6827560:d=2021122106:ABSV:2 mb:5 hour fcst:
114:6894765:d=2021122106:O3MR:2 mb:5 hour fcst:
115:6972733:d=2021122106:HGT:3 mb:5 hour fcst:
116:7027809:d=2021122106:TMP:3 mb:5 hour fcst:
117:7087627:d=2021122106:RH:3 mb:5 hour fcst:
118:7099318:d=2021122106:SPFH:3 mb:5 hour fcst:
119:7170350:d=2021122106:VVEL:3 mb:5 hour fcst:
120:7264360:d=2021122106:DZDT:3 mb:5 hour fcst:
121:7375538:d=2021122106:UGRD:3 mb:5 hour fcst:
122:7413825:d=2021122106:VGRD:3 mb:5 hour fcst:
123:7448564:d=2021122106:ABSV:3 mb:5 hour fcst:
124:7514689:d=2021122106:O3MR:3 mb:5 hour fcst:
125:7590905:d=2021122106:HGT:5 mb:5 hour fcst:
+ exglobal_atmos_products.sh[122]true
+ exglobal_atmos_products.sh[123]export err=0
+ exglobal_atmos_products.sh[123]err=0
+ exglobal_atmos_products.sh[124][[ 0 -ne 0 ]]
+ exglobal_atmos_products.sh[127]input_file=tmpfile_f005_4
+ exglobal_atmos_products.sh[128]output_file_prefix=pgb2file_f005_4
+ exglobal_atmos_products.sh[129]echo '/work2/noaa/global/mterry/global-workflow_forked/ush/interp_atmos_master.sh tmpfile_f005_4 pgb2file_f005_4 0p25:0p50:1p00'
+ exglobal_atmos_products.sh[133][[ 125 -eq 753 ]]
+ exglobal_atmos_products.sh[134](( iproc++  ))
+ exglobal_atmos_products.sh[134](( iproc <= nproc  ))
+ exglobal_atmos_products.sh[100]first=126
+ exglobal_atmos_products.sh[101]last=156
+ exglobal_atmos_products.sh[102][[ 156 -gt 753 ]]
+ exglobal_atmos_products.sh[109]set +e
+ exglobal_atmos_products.sh[111]wgrib2 -d 156 tmpfile_f005
+ exglobal_atmos_products.sh[111]grep -E -i 'ugrd|ustm|uflx|u-gwd|land|maxuw'
+ exglobal_atmos_products.sh[112]rc=1
+ exglobal_atmos_products.sh[113]set_strict
+ environment[0][[ YES == \Y\E\S ]]
+ environment[1]set -eu
+ exglobal_atmos_products.sh[114][[ 1 == 0 ]]
+ exglobal_atmos_products.sh[117][[ 5 -eq 24 ]]
+ exglobal_atmos_products.sh[122]wgrib2 tmpfile_f005 -for 126:156 -grib tmpfile_f005_5
126:7652768:d=2021122106:TMP:5 mb:5 hour fcst:
127:7713769:d=2021122106:RH:5 mb:5 hour fcst:
128:7721801:d=2021122106:SPFH:5 mb:5 hour fcst:
129:7784447:d=2021122106:VVEL:5 mb:5 hour fcst:
130:7884077:d=2021122106:DZDT:5 mb:5 hour fcst:
131:7993491:d=2021122106:UGRD:5 mb:5 hour fcst:
132:8032942:d=2021122106:VGRD:5 mb:5 hour fcst:
133:8069808:d=2021122106:ABSV:5 mb:5 hour fcst:
134:8139008:d=2021122106:O3MR:5 mb:5 hour fcst:
135:8217431:d=2021122106:HGT:7 mb:5 hour fcst:
136:8278324:d=2021122106:TMP:7 mb:5 hour fcst:
137:8337516:d=2021122106:RH:7 mb:5 hour fcst:
138:8349507:d=2021122106:SPFH:7 mb:5 hour fcst:
139:8401139:d=2021122106:VVEL:7 mb:5 hour fcst:
140:8503711:d=2021122106:DZDT:7 mb:5 hour fcst:
141:8611332:d=2021122106:UGRD:7 mb:5 hour fcst:
142:8649573:d=2021122106:VGRD:7 mb:5 hour fcst:
143:8686225:d=2021122106:ABSV:7 mb:5 hour fcst:
144:8756014:d=2021122106:O3MR:7 mb:5 hour fcst:
145:8836832:d=2021122106:HGT:10 mb:5 hour fcst:
146:8896703:d=2021122106:TMP:10 mb:5 hour fcst:
147:8954785:d=2021122106:RH:10 mb:5 hour fcst:
148:8961203:d=2021122106:SPFH:10 mb:5 hour fcst:
149:9012623:d=2021122106:VVEL:10 mb:5 hour fcst:
150:9119350:d=2021122106:DZDT:10 mb:5 hour fcst:
151:9224834:d=2021122106:UGRD:10 mb:5 hour fcst:
152:9264004:d=2021122106:VGRD:10 mb:5 hour fcst:
153:9301356:d=2021122106:ABSV:10 mb:5 hour fcst:
154:9372254:d=2021122106:O3MR:10 mb:5 hour fcst:
155:9456759:d=2021122106:HGT:15 mb:5 hour fcst:
156:9515078:d=2021122106:TMP:15 mb:5 hour fcst:
+ exglobal_atmos_products.sh[122]true
+ exglobal_atmos_products.sh[123]export err=0
+ exglobal_atmos_products.sh[123]err=0
+ exglobal_atmos_products.sh[124][[ 0 -ne 0 ]]
+ exglobal_atmos_products.sh[127]input_file=tmpfile_f005_5
+ exglobal_atmos_products.sh[128]output_file_prefix=pgb2file_f005_5
+ exglobal_atmos_products.sh[129]echo '/work2/noaa/global/mterry/global-workflow_forked/ush/interp_atmos_master.sh tmpfile_f005_5 pgb2file_f005_5 0p25:0p50:1p00'
+ exglobal_atmos_products.sh[133][[ 156 -eq 753 ]]
+ exglobal_atmos_products.sh[134](( iproc++  ))
+ exglobal_atmos_products.sh[134](( iproc <= nproc  ))
+ exglobal_atmos_products.sh[100]first=157
+ exglobal_atmos_products.sh[101]last=187
+ exglobal_atmos_products.sh[102][[ 187 -gt 753 ]]
+ exglobal_atmos_products.sh[109]set +e
+ exglobal_atmos_products.sh[111]wgrib2 -d 187 tmpfile_f005
+ exglobal_atmos_products.sh[111]grep -E -i 'ugrd|ustm|uflx|u-gwd|land|maxuw'
+ exglobal_atmos_products.sh[112]rc=1
+ exglobal_atmos_products.sh[113]set_strict
+ environment[0][[ YES == \Y\E\S ]]
+ environment[1]set -eu
+ exglobal_atmos_products.sh[114][[ 1 == 0 ]]
+ exglobal_atmos_products.sh[117][[ 6 -eq 24 ]]
+ exglobal_atmos_products.sh[122]wgrib2 tmpfile_f005 -for 157:187 -grib tmpfile_f005_6
157:9573253:d=2021122106:RH:15 mb:5 hour fcst:
158:9583041:d=2021122106:SPFH:15 mb:5 hour fcst:
159:9638175:d=2021122106:VVEL:15 mb:5 hour fcst:
160:9750218:d=2021122106:DZDT:15 mb:5 hour fcst:
161:9854355:d=2021122106:UGRD:15 mb:5 hour fcst:
162:9894472:d=2021122106:VGRD:15 mb:5 hour fcst:
163:9960716:d=2021122106:ABSV:15 mb:5 hour fcst:
164:10031992:d=2021122106:O3MR:15 mb:5 hour fcst:
165:10119486:d=2021122106:HGT:20 mb:5 hour fcst:
166:10177317:d=2021122106:TMP:20 mb:5 hour fcst:
167:10234972:d=2021122106:RH:20 mb:5 hour fcst:
168:10245621:d=2021122106:SPFH:20 mb:5 hour fcst:
169:10304681:d=2021122106:VVEL:20 mb:5 hour fcst:
170:10419705:d=2021122106:DZDT:20 mb:5 hour fcst:
171:10522900:d=2021122106:UGRD:20 mb:5 hour fcst:
172:10561131:d=2021122106:VGRD:20 mb:5 hour fcst:
173:10626255:d=2021122106:ABSV:20 mb:5 hour fcst:
174:10695639:d=2021122106:O3MR:20 mb:5 hour fcst:
175:10793803:d=2021122106:HGT:30 mb:5 hour fcst:
176:10859759:d=2021122106:TMP:30 mb:5 hour fcst:
177:10916120:d=2021122106:RH:30 mb:5 hour fcst:
178:10932210:d=2021122106:SPFH:30 mb:5 hour fcst:
179:10999949:d=2021122106:VVEL:30 mb:5 hour fcst:
180:11119508:d=2021122106:DZDT:30 mb:5 hour fcst:
181:11221643:d=2021122106:UGRD:30 mb:5 hour fcst:
182:11287359:d=2021122106:VGRD:30 mb:5 hour fcst:
183:11351174:d=2021122106:ABSV:30 mb:5 hour fcst:
184:11418289:d=2021122106:O3MR:30 mb:5 hour fcst:
185:11516517:d=2021122106:HGT:40 mb:5 hour fcst:
186:11581691:d=2021122106:TMP:40 mb:5 hour fcst:
187:11639675:d=2021122106:RH:40 mb:5 hour fcst:
+ exglobal_atmos_products.sh[122]true
+ exglobal_atmos_products.sh[123]export err=0
+ exglobal_atmos_products.sh[123]err=0
+ exglobal_atmos_products.sh[124][[ 0 -ne 0 ]]
+ exglobal_atmos_products.sh[127]input_file=tmpfile_f005_6
+ exglobal_atmos_products.sh[128]output_file_prefix=pgb2file_f005_6
+ exglobal_atmos_products.sh[129]echo '/work2/noaa/global/mterry/global-workflow_forked/ush/interp_atmos_master.sh tmpfile_f005_6 pgb2file_f005_6 0p25:0p50:1p00'
+ exglobal_atmos_products.sh[133][[ 187 -eq 753 ]]
+ exglobal_atmos_products.sh[134](( iproc++  ))
+ exglobal_atmos_products.sh[134](( iproc <= nproc  ))
+ exglobal_atmos_products.sh[100]first=188
+ exglobal_atmos_products.sh[101]last=218
+ exglobal_atmos_products.sh[102][[ 218 -gt 753 ]]
+ exglobal_atmos_products.sh[109]set +e
+ exglobal_atmos_products.sh[111]wgrib2 -d 218 tmpfile_f005
+ exglobal_atmos_products.sh[111]grep -E -i 'ugrd|ustm|uflx|u-gwd|land|maxuw'
+ exglobal_atmos_products.sh[112]rc=1
+ exglobal_atmos_products.sh[113]set_strict
+ environment[0][[ YES == \Y\E\S ]]
+ environment[1]set -eu
+ exglobal_atmos_products.sh[114][[ 1 == 0 ]]
+ exglobal_atmos_products.sh[117][[ 7 -eq 24 ]]
+ exglobal_atmos_products.sh[122]wgrib2 tmpfile_f005 -for 188:218 -grib tmpfile_f005_7
188:11658990:d=2021122106:SPFH:40 mb:5 hour fcst:
189:11729001:d=2021122106:VVEL:40 mb:5 hour fcst:
190:11842127:d=2021122106:DZDT:40 mb:5 hour fcst:
191:11943237:d=2021122106:UGRD:40 mb:5 hour fcst:
192:12010336:d=2021122106:VGRD:40 mb:5 hour fcst:
193:12075761:d=2021122106:ABSV:40 mb:5 hour fcst:
194:12145362:d=2021122106:O3MR:40 mb:5 hour fcst:
195:12246119:d=2021122106:HGT:50 mb:5 hour fcst:
196:12311005:d=2021122106:TMP:50 mb:5 hour fcst:
197:12368580:d=2021122106:RH:50 mb:5 hour fcst:
198:12389378:d=2021122106:TCDC:50 mb:5 hour fcst:
199:12389557:d=2021122106:SPFH:50 mb:5 hour fcst:
200:12462004:d=2021122106:VVEL:50 mb:5 hour fcst:
201:12555007:d=2021122106:DZDT:50 mb:5 hour fcst:
202:12654893:d=2021122106:UGRD:50 mb:5 hour fcst:
203:12722274:d=2021122106:VGRD:50 mb:5 hour fcst:
204:12787722:d=2021122106:ABSV:50 mb:5 hour fcst:
205:12857595:d=2021122106:CLMR:50 mb:5 hour fcst:
206:12857774:d=2021122106:ICMR:50 mb:5 hour fcst:
207:12857953:d=2021122106:RWMR:50 mb:5 hour fcst:
208:12858132:d=2021122106:SNMR:50 mb:5 hour fcst:
209:12858311:d=2021122106:GRLE:50 mb:5 hour fcst:
210:12858490:d=2021122106:O3MR:50 mb:5 hour fcst:
211:12957337:d=2021122106:HGT:70 mb:5 hour fcst:
212:13022777:d=2021122106:TMP:70 mb:5 hour fcst:
213:13083182:d=2021122106:RH:70 mb:5 hour fcst:
214:13113113:d=2021122106:SPFH:70 mb:5 hour fcst:
215:13190755:d=2021122106:VVEL:70 mb:5 hour fcst:
216:13287266:d=2021122106:DZDT:70 mb:5 hour fcst:
217:13387082:d=2021122106:UGRD:70 mb:5 hour fcst:
218:13456534:d=2021122106:VGRD:70 mb:5 hour fcst:
+ exglobal_atmos_products.sh[122]true
+ exglobal_atmos_products.sh[123]export err=0
+ exglobal_atmos_products.sh[123]err=0
+ exglobal_atmos_products.sh[124][[ 0 -ne 0 ]]
+ exglobal_atmos_products.sh[127]input_file=tmpfile_f005_7
+ exglobal_atmos_products.sh[128]output_file_prefix=pgb2file_f005_7
+ exglobal_atmos_products.sh[129]echo '/work2/noaa/global/mterry/global-workflow_forked/ush/interp_atmos_master.sh tmpfile_f005_7 pgb2file_f005_7 0p25:0p50:1p00'
+ exglobal_atmos_products.sh[133][[ 218 -eq 753 ]]
+ exglobal_atmos_products.sh[134](( iproc++  ))
+ exglobal_atmos_products.sh[134](( iproc <= nproc  ))
+ exglobal_atmos_products.sh[100]first=219
+ exglobal_atmos_products.sh[101]last=249
+ exglobal_atmos_products.sh[102][[ 249 -gt 753 ]]
+ exglobal_atmos_products.sh[109]set +e
+ exglobal_atmos_products.sh[111]wgrib2 -d 249 tmpfile_f005
+ exglobal_atmos_products.sh[111]grep -E -i 'ugrd|ustm|uflx|u-gwd|land|maxuw'
+ exglobal_atmos_products.sh[112]rc=1
+ exglobal_atmos_products.sh[113]set_strict
+ environment[0][[ YES == \Y\E\S ]]
+ environment[1]set -eu
+ exglobal_atmos_products.sh[114][[ 1 == 0 ]]
+ exglobal_atmos_products.sh[117][[ 8 -eq 24 ]]
+ exglobal_atmos_products.sh[122]wgrib2 tmpfile_f005 -for 219:249 -grib tmpfile_f005_8
219:13524750:d=2021122106:ABSV:70 mb:5 hour fcst:
220:13597584:d=2021122106:O3MR:70 mb:5 hour fcst:
221:13695061:d=2021122106:HGT:100 mb:5 hour fcst:
222:13761777:d=2021122106:TMP:100 mb:5 hour fcst:
223:13823002:d=2021122106:RH:100 mb:5 hour fcst:
224:13858729:d=2021122106:TCDC:100 mb:5 hour fcst:
225:13859078:d=2021122106:SPFH:100 mb:5 hour fcst:
226:13950457:d=2021122106:VVEL:100 mb:5 hour fcst:
227:14055105:d=2021122106:DZDT:100 mb:5 hour fcst:
228:14157190:d=2021122106:UGRD:100 mb:5 hour fcst:
229:14201215:d=2021122106:VGRD:100 mb:5 hour fcst:
230:14273428:d=2021122106:ABSV:100 mb:5 hour fcst:
231:14349836:d=2021122106:CLMR:100 mb:5 hour fcst:
232:14350015:d=2021122106:ICMR:100 mb:5 hour fcst:
233:14352192:d=2021122106:RWMR:100 mb:5 hour fcst:
234:14352371:d=2021122106:SNMR:100 mb:5 hour fcst:
235:14352706:d=2021122106:GRLE:100 mb:5 hour fcst:
236:14353086:d=2021122106:O3MR:100 mb:5 hour fcst:
237:14444095:d=2021122106:HGT:150 mb:5 hour fcst:
238:14512509:d=2021122106:TMP:150 mb:5 hour fcst:
239:14573678:d=2021122106:RH:150 mb:5 hour fcst:
240:14615308:d=2021122106:TCDC:150 mb:5 hour fcst:
241:14624837:d=2021122106:SPFH:150 mb:5 hour fcst:
242:14712614:d=2021122106:VVEL:150 mb:5 hour fcst:
243:14793838:d=2021122106:DZDT:150 mb:5 hour fcst:
244:14890519:d=2021122106:UGRD:150 mb:5 hour fcst:
245:14936320:d=2021122106:VGRD:150 mb:5 hour fcst:
246:15009694:d=2021122106:ABSV:150 mb:5 hour fcst:
247:15087366:d=2021122106:CLMR:150 mb:5 hour fcst:
248:15087545:d=2021122106:ICMR:150 mb:5 hour fcst:
249:15098012:d=2021122106:RWMR:150 mb:5 hour fcst:
+ exglobal_atmos_products.sh[122]true
+ exglobal_atmos_products.sh[123]export err=0
+ exglobal_atmos_products.sh[123]err=0
+ exglobal_atmos_products.sh[124][[ 0 -ne 0 ]]
+ exglobal_atmos_products.sh[127]input_file=tmpfile_f005_8
+ exglobal_atmos_products.sh[128]output_file_prefix=pgb2file_f005_8
+ exglobal_atmos_products.sh[129]echo '/work2/noaa/global/mterry/global-workflow_forked/ush/interp_atmos_master.sh tmpfile_f005_8 pgb2file_f005_8 0p25:0p50:1p00'
+ exglobal_atmos_products.sh[133][[ 249 -eq 753 ]]
+ exglobal_atmos_products.sh[134](( iproc++  ))
+ exglobal_atmos_products.sh[134](( iproc <= nproc  ))
+ exglobal_atmos_products.sh[100]first=250
+ exglobal_atmos_products.sh[101]last=280
+ exglobal_atmos_products.sh[102][[ 280 -gt 753 ]]
+ exglobal_atmos_products.sh[109]set +e
+ exglobal_atmos_products.sh[111]wgrib2 -d 280 tmpfile_f005
+ exglobal_atmos_products.sh[111]grep -E -i 'ugrd|ustm|uflx|u-gwd|land|maxuw'
+ exglobal_atmos_products.sh[112]rc=1
+ exglobal_atmos_products.sh[113]set_strict
+ environment[0][[ YES == \Y\E\S ]]
+ environment[1]set -eu
+ exglobal_atmos_products.sh[114][[ 1 == 0 ]]
+ exglobal_atmos_products.sh[117][[ 9 -eq 24 ]]
+ exglobal_atmos_products.sh[122]wgrib2 tmpfile_f005 -for 250:280 -grib tmpfile_f005_9
250:15098191:d=2021122106:SNMR:150 mb:5 hour fcst:
251:15099114:d=2021122106:GRLE:150 mb:5 hour fcst:
252:15099604:d=2021122106:O3MR:150 mb:5 hour fcst:
253:15178609:d=2021122106:HGT:200 mb:5 hour fcst:
254:15248999:d=2021122106:TMP:200 mb:5 hour fcst:
255:15312610:d=2021122106:RH:200 mb:5 hour fcst:
256:15367120:d=2021122106:TCDC:200 mb:5 hour fcst:
257:15390147:d=2021122106:SPFH:200 mb:5 hour fcst:
258:15484514:d=2021122106:VVEL:200 mb:5 hour fcst:
259:15572744:d=2021122106:DZDT:200 mb:5 hour fcst:
260:15649669:d=2021122106:UGRD:200 mb:5 hour fcst:
261:15697490:d=2021122106:VGRD:200 mb:5 hour fcst:
262:15744663:d=2021122106:ABSV:200 mb:5 hour fcst:
263:15826288:d=2021122106:CLMR:200 mb:5 hour fcst:
264:15826467:d=2021122106:ICMR:200 mb:5 hour fcst:
265:15852951:d=2021122106:RWMR:200 mb:5 hour fcst:
266:15853130:d=2021122106:SNMR:200 mb:5 hour fcst:
267:15858516:d=2021122106:GRLE:200 mb:5 hour fcst:
268:15859420:d=2021122106:O3MR:200 mb:5 hour fcst:
269:15954617:d=2021122106:HGT:250 mb:5 hour fcst:
270:16027153:d=2021122106:TMP:250 mb:5 hour fcst:
271:16091688:d=2021122106:RH:250 mb:5 hour fcst:
272:16154924:d=2021122106:TCDC:250 mb:5 hour fcst:
273:16187545:d=2021122106:SPFH:250 mb:5 hour fcst:
274:16283243:d=2021122106:VVEL:250 mb:5 hour fcst:
275:16376780:d=2021122106:DZDT:250 mb:5 hour fcst:
276:16456215:d=2021122106:UGRD:250 mb:5 hour fcst:
277:16506317:d=2021122106:VGRD:250 mb:5 hour fcst:
278:16557535:d=2021122106:ABSV:250 mb:5 hour fcst:
279:16643936:d=2021122106:CLMR:250 mb:5 hour fcst:
280:16644115:d=2021122106:ICMR:250 mb:5 hour fcst:
+ exglobal_atmos_products.sh[122]true
+ exglobal_atmos_products.sh[123]export err=0
+ exglobal_atmos_products.sh[123]err=0
+ exglobal_atmos_products.sh[124][[ 0 -ne 0 ]]
+ exglobal_atmos_products.sh[127]input_file=tmpfile_f005_9
+ exglobal_atmos_products.sh[128]output_file_prefix=pgb2file_f005_9
+ exglobal_atmos_products.sh[129]echo '/work2/noaa/global/mterry/global-workflow_forked/ush/interp_atmos_master.sh tmpfile_f005_9 pgb2file_f005_9 0p25:0p50:1p00'
+ exglobal_atmos_products.sh[133][[ 280 -eq 753 ]]
+ exglobal_atmos_products.sh[134](( iproc++  ))
+ exglobal_atmos_products.sh[134](( iproc <= nproc  ))
+ exglobal_atmos_products.sh[100]first=281
+ exglobal_atmos_products.sh[101]last=311
+ exglobal_atmos_products.sh[102][[ 311 -gt 753 ]]
+ exglobal_atmos_products.sh[109]set +e
+ exglobal_atmos_products.sh[111]wgrib2 -d 311 tmpfile_f005
+ exglobal_atmos_products.sh[111]grep -E -i 'ugrd|ustm|uflx|u-gwd|land|maxuw'
+ exglobal_atmos_products.sh[112]rc=1
+ exglobal_atmos_products.sh[113]set_strict
+ environment[0][[ YES == \Y\E\S ]]
+ environment[1]set -eu
+ exglobal_atmos_products.sh[114][[ 1 == 0 ]]
+ exglobal_atmos_products.sh[117][[ 10 -eq 24 ]]
+ exglobal_atmos_products.sh[122]wgrib2 tmpfile_f005 -for 281:311 -grib tmpfile_f005_10
281:16685553:d=2021122106:RWMR:250 mb:5 hour fcst:
282:16685732:d=2021122106:SNMR:250 mb:5 hour fcst:
283:16701021:d=2021122106:GRLE:250 mb:5 hour fcst:
284:16701945:d=2021122106:O3MR:250 mb:5 hour fcst:
285:16802829:d=2021122106:HGT:300 mb:5 hour fcst:
286:16876129:d=2021122106:TMP:300 mb:5 hour fcst:
287:16940538:d=2021122106:RH:300 mb:5 hour fcst:
288:17008490:d=2021122106:TCDC:300 mb:5 hour fcst:
289:17044507:d=2021122106:SPFH:300 mb:5 hour fcst:
290:17140925:d=2021122106:VVEL:300 mb:5 hour fcst:
291:17238381:d=2021122106:DZDT:300 mb:5 hour fcst:
292:17318791:d=2021122106:UGRD:300 mb:5 hour fcst:
293:17370154:d=2021122106:VGRD:300 mb:5 hour fcst:
294:17423076:d=2021122106:ABSV:300 mb:5 hour fcst:
295:17511468:d=2021122106:CLMR:300 mb:5 hour fcst:
296:17511647:d=2021122106:ICMR:300 mb:5 hour fcst:
297:17558920:d=2021122106:RWMR:300 mb:5 hour fcst:
298:17559099:d=2021122106:SNMR:300 mb:5 hour fcst:
299:17582274:d=2021122106:GRLE:300 mb:5 hour fcst:
300:17583038:d=2021122106:O3MR:300 mb:5 hour fcst:
301:17678934:d=2021122106:HGT:350 mb:5 hour fcst:
302:17752563:d=2021122106:TMP:350 mb:5 hour fcst:
303:17815988:d=2021122106:RH:350 mb:5 hour fcst:
304:17884726:d=2021122106:TCDC:350 mb:5 hour fcst:
305:17920565:d=2021122106:SPFH:350 mb:5 hour fcst:
306:18026624:d=2021122106:VVEL:350 mb:5 hour fcst:
307:18124652:d=2021122106:DZDT:350 mb:5 hour fcst:
308:18227419:d=2021122106:UGRD:350 mb:5 hour fcst:
309:18278054:d=2021122106:VGRD:350 mb:5 hour fcst:
310:18330281:d=2021122106:ABSV:350 mb:5 hour fcst:
311:18418458:d=2021122106:CLMR:350 mb:5 hour fcst:
+ exglobal_atmos_products.sh[122]true
+ exglobal_atmos_products.sh[123]export err=0
+ exglobal_atmos_products.sh[123]err=0
+ exglobal_atmos_products.sh[124][[ 0 -ne 0 ]]
+ exglobal_atmos_products.sh[127]input_file=tmpfile_f005_10
+ exglobal_atmos_products.sh[128]output_file_prefix=pgb2file_f005_10
+ exglobal_atmos_products.sh[129]echo '/work2/noaa/global/mterry/global-workflow_forked/ush/interp_atmos_master.sh tmpfile_f005_10 pgb2file_f005_10 0p25:0p50:1p00'
+ exglobal_atmos_products.sh[133][[ 311 -eq 753 ]]
+ exglobal_atmos_products.sh[134](( iproc++  ))
+ exglobal_atmos_products.sh[134](( iproc <= nproc  ))
+ exglobal_atmos_products.sh[100]first=312
+ exglobal_atmos_products.sh[101]last=342
+ exglobal_atmos_products.sh[102][[ 342 -gt 753 ]]
+ exglobal_atmos_products.sh[109]set +e
+ exglobal_atmos_products.sh[111]wgrib2 -d 342 tmpfile_f005
+ exglobal_atmos_products.sh[111]grep -E -i 'ugrd|ustm|uflx|u-gwd|land|maxuw'
+ exglobal_atmos_products.sh[112]rc=1
+ exglobal_atmos_products.sh[113]set_strict
+ environment[0][[ YES == \Y\E\S ]]
+ environment[1]set -eu
+ exglobal_atmos_products.sh[114][[ 1 == 0 ]]
+ exglobal_atmos_products.sh[117][[ 11 -eq 24 ]]
+ exglobal_atmos_products.sh[122]wgrib2 tmpfile_f005 -for 312:342 -grib tmpfile_f005_11
312:18418867:d=2021122106:ICMR:350 mb:5 hour fcst:
313:18466377:d=2021122106:RWMR:350 mb:5 hour fcst:
314:18466556:d=2021122106:SNMR:350 mb:5 hour fcst:
315:18495583:d=2021122106:GRLE:350 mb:5 hour fcst:
316:18496889:d=2021122106:O3MR:350 mb:5 hour fcst:
317:18588943:d=2021122106:HGT:400 mb:5 hour fcst:
318:18661869:d=2021122106:TMP:400 mb:5 hour fcst:
319:18725748:d=2021122106:RH:400 mb:5 hour fcst:
320:18795367:d=2021122106:TCDC:400 mb:5 hour fcst:
321:18829308:d=2021122106:SPFH:400 mb:5 hour fcst:
322:18934017:d=2021122106:VVEL:400 mb:5 hour fcst:
323:19032890:d=2021122106:DZDT:400 mb:5 hour fcst:
324:19134552:d=2021122106:UGRD:400 mb:5 hour fcst:
325:19184016:d=2021122106:VGRD:400 mb:5 hour fcst:
326:19235151:d=2021122106:ABSV:400 mb:5 hour fcst:
327:19322062:d=2021122106:CLMR:400 mb:5 hour fcst:
328:19323075:d=2021122106:ICMR:400 mb:5 hour fcst:
329:19368873:d=2021122106:RWMR:400 mb:5 hour fcst:
330:19369350:d=2021122106:SNMR:400 mb:5 hour fcst:
331:19401596:d=2021122106:GRLE:400 mb:5 hour fcst:
332:19404160:d=2021122106:O3MR:400 mb:5 hour fcst:
333:19493856:d=2021122106:HGT:450 mb:5 hour fcst:
334:19575567:d=2021122106:TMP:450 mb:5 hour fcst:
335:19639991:d=2021122106:RH:450 mb:5 hour fcst:
336:19709658:d=2021122106:TCDC:450 mb:5 hour fcst:
337:19743060:d=2021122106:SPFH:450 mb:5 hour fcst:
338:19844405:d=2021122106:VVEL:450 mb:5 hour fcst:
339:19943804:d=2021122106:DZDT:450 mb:5 hour fcst:
340:20044869:d=2021122106:UGRD:450 mb:5 hour fcst:
341:20093234:d=2021122106:VGRD:450 mb:5 hour fcst:
342:20142653:d=2021122106:ABSV:450 mb:5 hour fcst:
+ exglobal_atmos_products.sh[122]true
+ exglobal_atmos_products.sh[123]export err=0
+ exglobal_atmos_products.sh[123]err=0
+ exglobal_atmos_products.sh[124][[ 0 -ne 0 ]]
+ exglobal_atmos_products.sh[127]input_file=tmpfile_f005_11
+ exglobal_atmos_products.sh[128]output_file_prefix=pgb2file_f005_11
+ exglobal_atmos_products.sh[129]echo '/work2/noaa/global/mterry/global-workflow_forked/ush/interp_atmos_master.sh tmpfile_f005_11 pgb2file_f005_11 0p25:0p50:1p00'
+ exglobal_atmos_products.sh[133][[ 342 -eq 753 ]]
+ exglobal_atmos_products.sh[134](( iproc++  ))
+ exglobal_atmos_products.sh[134](( iproc <= nproc  ))
+ exglobal_atmos_products.sh[100]first=343
+ exglobal_atmos_products.sh[101]last=373
+ exglobal_atmos_products.sh[102][[ 373 -gt 753 ]]
+ exglobal_atmos_products.sh[109]set +e
+ exglobal_atmos_products.sh[111]wgrib2 -d 373 tmpfile_f005
+ exglobal_atmos_products.sh[111]grep -E -i 'ugrd|ustm|uflx|u-gwd|land|maxuw'
+ exglobal_atmos_products.sh[112]rc=1
+ exglobal_atmos_products.sh[113]set_strict
+ environment[0][[ YES == \Y\E\S ]]
+ environment[1]set -eu
+ exglobal_atmos_products.sh[114][[ 1 == 0 ]]
+ exglobal_atmos_products.sh[117][[ 12 -eq 24 ]]
+ exglobal_atmos_products.sh[122]wgrib2 tmpfile_f005 -for 343:373 -grib tmpfile_f005_12
343:20228239:d=2021122106:CLMR:450 mb:5 hour fcst:
344:20232113:d=2021122106:ICMR:450 mb:5 hour fcst:
345:20275492:d=2021122106:RWMR:450 mb:5 hour fcst:
346:20277393:d=2021122106:SNMR:450 mb:5 hour fcst:
347:20311763:d=2021122106:GRLE:450 mb:5 hour fcst:
348:20314884:d=2021122106:O3MR:450 mb:5 hour fcst:
349:20402270:d=2021122106:HGT:500 mb:5 hour fcst:
350:20484054:d=2021122106:TMP:500 mb:5 hour fcst:
351:20548575:d=2021122106:RH:500 mb:5 hour fcst:
352:20618785:d=2021122106:TCDC:500 mb:5 hour fcst:
353:20652021:d=2021122106:SPFH:500 mb:5 hour fcst:
354:20757931:d=2021122106:VVEL:500 mb:5 hour fcst:
355:20857516:d=2021122106:DZDT:500 mb:5 hour fcst:
356:20967854:d=2021122106:UGRD:500 mb:5 hour fcst:
357:21044990:d=2021122106:VGRD:500 mb:5 hour fcst:
358:21093381:d=2021122106:ABSV:500 mb:5 hour fcst:
359:21177767:d=2021122106:CLMR:500 mb:5 hour fcst:
360:21184704:d=2021122106:ICMR:500 mb:5 hour fcst:
361:21229447:d=2021122106:RWMR:500 mb:5 hour fcst:
362:21232862:d=2021122106:SNMR:500 mb:5 hour fcst:
363:21268040:d=2021122106:GRLE:500 mb:5 hour fcst:
364:21271376:d=2021122106:O3MR:500 mb:5 hour fcst:
365:21357267:d=2021122106:HGT:550 mb:5 hour fcst:
366:21438588:d=2021122106:TMP:550 mb:5 hour fcst:
367:21504177:d=2021122106:RH:550 mb:5 hour fcst:
368:21574968:d=2021122106:TCDC:550 mb:5 hour fcst:
369:21607840:d=2021122106:SPFH:550 mb:5 hour fcst:
370:21718335:d=2021122106:VVEL:550 mb:5 hour fcst:
371:21818714:d=2021122106:DZDT:550 mb:5 hour fcst:
372:21928179:d=2021122106:UGRD:550 mb:5 hour fcst:
373:22003838:d=2021122106:VGRD:550 mb:5 hour fcst:
+ exglobal_atmos_products.sh[122]true
+ exglobal_atmos_products.sh[123]export err=0
+ exglobal_atmos_products.sh[123]err=0
+ exglobal_atmos_products.sh[124][[ 0 -ne 0 ]]
+ exglobal_atmos_products.sh[127]input_file=tmpfile_f005_12
+ exglobal_atmos_products.sh[128]output_file_prefix=pgb2file_f005_12
+ exglobal_atmos_products.sh[129]echo '/work2/noaa/global/mterry/global-workflow_forked/ush/interp_atmos_master.sh tmpfile_f005_12 pgb2file_f005_12 0p25:0p50:1p00'
+ exglobal_atmos_products.sh[133][[ 373 -eq 753 ]]
+ exglobal_atmos_products.sh[134](( iproc++  ))
+ exglobal_atmos_products.sh[134](( iproc <= nproc  ))
+ exglobal_atmos_products.sh[100]first=374
+ exglobal_atmos_products.sh[101]last=404
+ exglobal_atmos_products.sh[102][[ 404 -gt 753 ]]
+ exglobal_atmos_products.sh[109]set +e
+ exglobal_atmos_products.sh[111]wgrib2 -d 404 tmpfile_f005
+ exglobal_atmos_products.sh[111]grep -E -i 'ugrd|ustm|uflx|u-gwd|land|maxuw'
404:23939936:d=2021122106:UGRD:650 mb:5 hour fcst:
+ exglobal_atmos_products.sh[112]rc=0
+ exglobal_atmos_products.sh[113]set_strict
+ environment[0][[ YES == \Y\E\S ]]
+ environment[1]set -eu
+ exglobal_atmos_products.sh[114][[ 0 == 0 ]]
+ exglobal_atmos_products.sh[115]last=405
+ exglobal_atmos_products.sh[117][[ 13 -eq 24 ]]
+ exglobal_atmos_products.sh[122]wgrib2 tmpfile_f005 -for 374:405 -grib tmpfile_f005_13
374:22081113:d=2021122106:ABSV:550 mb:5 hour fcst:
375:22164490:d=2021122106:CLMR:550 mb:5 hour fcst:
376:22175569:d=2021122106:ICMR:550 mb:5 hour fcst:
377:22216935:d=2021122106:RWMR:550 mb:5 hour fcst:
378:22222692:d=2021122106:SNMR:550 mb:5 hour fcst:
379:22258605:d=2021122106:GRLE:550 mb:5 hour fcst:
380:22262492:d=2021122106:O3MR:550 mb:5 hour fcst:
381:22368157:d=2021122106:HGT:600 mb:5 hour fcst:
382:22449224:d=2021122106:TMP:600 mb:5 hour fcst:
383:22515063:d=2021122106:RH:600 mb:5 hour fcst:
384:22586035:d=2021122106:TCDC:600 mb:5 hour fcst:
385:22618062:d=2021122106:SPFH:600 mb:5 hour fcst:
386:22722062:d=2021122106:VVEL:600 mb:5 hour fcst:
387:22822750:d=2021122106:DZDT:600 mb:5 hour fcst:
388:22931601:d=2021122106:UGRD:600 mb:5 hour fcst:
389:23007290:d=2021122106:VGRD:600 mb:5 hour fcst:
390:23083899:d=2021122106:ABSV:600 mb:5 hour fcst:
391:23166456:d=2021122106:CLMR:600 mb:5 hour fcst:
392:23179707:d=2021122106:ICMR:600 mb:5 hour fcst:
393:23215127:d=2021122106:RWMR:600 mb:5 hour fcst:
394:23223803:d=2021122106:SNMR:600 mb:5 hour fcst:
395:23262961:d=2021122106:GRLE:600 mb:5 hour fcst:
396:23268094:d=2021122106:O3MR:600 mb:5 hour fcst:
397:23372622:d=2021122106:HGT:650 mb:5 hour fcst:
398:23453691:d=2021122106:TMP:650 mb:5 hour fcst:
399:23520408:d=2021122106:RH:650 mb:5 hour fcst:
400:23591851:d=2021122106:TCDC:650 mb:5 hour fcst:
401:23623868:d=2021122106:SPFH:650 mb:5 hour fcst:
402:23730688:d=2021122106:VVEL:650 mb:5 hour fcst:
403:23831211:d=2021122106:DZDT:650 mb:5 hour fcst:
404:23939936:d=2021122106:UGRD:650 mb:5 hour fcst:
405:24015519:d=2021122106:VGRD:650 mb:5 hour fcst:
+ exglobal_atmos_products.sh[122]true
+ exglobal_atmos_products.sh[123]export err=0
+ exglobal_atmos_products.sh[123]err=0
+ exglobal_atmos_products.sh[124][[ 0 -ne 0 ]]
+ exglobal_atmos_products.sh[127]input_file=tmpfile_f005_13
+ exglobal_atmos_products.sh[128]output_file_prefix=pgb2file_f005_13
+ exglobal_atmos_products.sh[129]echo '/work2/noaa/global/mterry/global-workflow_forked/ush/interp_atmos_master.sh tmpfile_f005_13 pgb2file_f005_13 0p25:0p50:1p00'
+ exglobal_atmos_products.sh[133][[ 405 -eq 753 ]]
+ exglobal_atmos_products.sh[134](( iproc++  ))
+ exglobal_atmos_products.sh[134](( iproc <= nproc  ))
+ exglobal_atmos_products.sh[100]first=406
+ exglobal_atmos_products.sh[101]last=436
+ exglobal_atmos_products.sh[102][[ 436 -gt 753 ]]
+ exglobal_atmos_products.sh[109]set +e
+ exglobal_atmos_products.sh[111]wgrib2 -d 436 tmpfile_f005
+ exglobal_atmos_products.sh[111]grep -E -i 'ugrd|ustm|uflx|u-gwd|land|maxuw'
436:25978603:d=2021122106:UGRD:750 mb:5 hour fcst:
+ exglobal_atmos_products.sh[112]rc=0
+ exglobal_atmos_products.sh[113]set_strict
+ environment[0][[ YES == \Y\E\S ]]
+ environment[1]set -eu
+ exglobal_atmos_products.sh[114][[ 0 == 0 ]]
+ exglobal_atmos_products.sh[115]last=437
+ exglobal_atmos_products.sh[117][[ 14 -eq 24 ]]
+ exglobal_atmos_products.sh[122]wgrib2 tmpfile_f005 -for 406:437 -grib tmpfile_f005_14
406:24091902:d=2021122106:ABSV:650 mb:5 hour fcst:
407:24174516:d=2021122106:CLMR:650 mb:5 hour fcst:
408:24190618:d=2021122106:ICMR:650 mb:5 hour fcst:
409:24221565:d=2021122106:RWMR:650 mb:5 hour fcst:
410:24232302:d=2021122106:SNMR:650 mb:5 hour fcst:
411:24269904:d=2021122106:GRLE:650 mb:5 hour fcst:
412:24274908:d=2021122106:O3MR:650 mb:5 hour fcst:
413:24376925:d=2021122106:HGT:700 mb:5 hour fcst:
414:24461593:d=2021122106:TMP:700 mb:5 hour fcst:
415:24529772:d=2021122106:RH:700 mb:5 hour fcst:
416:24601636:d=2021122106:TCDC:700 mb:5 hour fcst:
417:24633721:d=2021122106:SPFH:700 mb:5 hour fcst:
418:24740052:d=2021122106:VVEL:700 mb:5 hour fcst:
419:24841657:d=2021122106:DZDT:700 mb:5 hour fcst:
420:24950147:d=2021122106:UGRD:700 mb:5 hour fcst:
421:25025807:d=2021122106:VGRD:700 mb:5 hour fcst:
422:25103068:d=2021122106:ABSV:700 mb:5 hour fcst:
423:25185865:d=2021122106:CLMR:700 mb:5 hour fcst:
424:25204487:d=2021122106:ICMR:700 mb:5 hour fcst:
425:25234966:d=2021122106:RWMR:700 mb:5 hour fcst:
426:25247327:d=2021122106:SNMR:700 mb:5 hour fcst:
427:25282474:d=2021122106:GRLE:700 mb:5 hour fcst:
428:25287038:d=2021122106:O3MR:700 mb:5 hour fcst:
429:25398787:d=2021122106:HGT:750 mb:5 hour fcst:
430:25483795:d=2021122106:TMP:750 mb:5 hour fcst:
431:25552857:d=2021122106:RH:750 mb:5 hour fcst:
432:25625716:d=2021122106:TCDC:750 mb:5 hour fcst:
433:25659567:d=2021122106:SPFH:750 mb:5 hour fcst:
434:25768142:d=2021122106:VVEL:750 mb:5 hour fcst:
435:25870251:d=2021122106:DZDT:750 mb:5 hour fcst:
436:25978603:d=2021122106:UGRD:750 mb:5 hour fcst:
437:26054635:d=2021122106:VGRD:750 mb:5 hour fcst:
+ exglobal_atmos_products.sh[122]true
+ exglobal_atmos_products.sh[123]export err=0
+ exglobal_atmos_products.sh[123]err=0
+ exglobal_atmos_products.sh[124][[ 0 -ne 0 ]]
+ exglobal_atmos_products.sh[127]input_file=tmpfile_f005_14
+ exglobal_atmos_products.sh[128]output_file_prefix=pgb2file_f005_14
+ exglobal_atmos_products.sh[129]echo '/work2/noaa/global/mterry/global-workflow_forked/ush/interp_atmos_master.sh tmpfile_f005_14 pgb2file_f005_14 0p25:0p50:1p00'
+ exglobal_atmos_products.sh[133][[ 437 -eq 753 ]]
+ exglobal_atmos_products.sh[134](( iproc++  ))
+ exglobal_atmos_products.sh[134](( iproc <= nproc  ))
+ exglobal_atmos_products.sh[100]first=438
+ exglobal_atmos_products.sh[101]last=468
+ exglobal_atmos_products.sh[102][[ 468 -gt 753 ]]
+ exglobal_atmos_products.sh[109]set +e
+ exglobal_atmos_products.sh[111]wgrib2 -d 468 tmpfile_f005
+ exglobal_atmos_products.sh[111]grep -E -i 'ugrd|ustm|uflx|u-gwd|land|maxuw'
468:28094167:d=2021122106:UGRD:850 mb:5 hour fcst:
+ exglobal_atmos_products.sh[112]rc=0
+ exglobal_atmos_products.sh[113]set_strict
+ environment[0][[ YES == \Y\E\S ]]
+ environment[1]set -eu
+ exglobal_atmos_products.sh[114][[ 0 == 0 ]]
+ exglobal_atmos_products.sh[115]last=469
+ exglobal_atmos_products.sh[117][[ 15 -eq 24 ]]
+ exglobal_atmos_products.sh[122]wgrib2 tmpfile_f005 -for 438:469 -grib tmpfile_f005_15
438:26132227:d=2021122106:ABSV:750 mb:5 hour fcst:
439:26215435:d=2021122106:CLMR:750 mb:5 hour fcst:
440:26238778:d=2021122106:ICMR:750 mb:5 hour fcst:
441:26267731:d=2021122106:RWMR:750 mb:5 hour fcst:
442:26282134:d=2021122106:SNMR:750 mb:5 hour fcst:
443:26316212:d=2021122106:GRLE:750 mb:5 hour fcst:
444:26320507:d=2021122106:O3MR:750 mb:5 hour fcst:
445:26432623:d=2021122106:HGT:800 mb:5 hour fcst:
446:26518154:d=2021122106:TMP:800 mb:5 hour fcst:
447:26589802:d=2021122106:RH:800 mb:5 hour fcst:
448:26663277:d=2021122106:TCDC:800 mb:5 hour fcst:
449:26701751:d=2021122106:SPFH:800 mb:5 hour fcst:
450:26811984:d=2021122106:VVEL:800 mb:5 hour fcst:
451:26914392:d=2021122106:DZDT:800 mb:5 hour fcst:
452:27022463:d=2021122106:UGRD:800 mb:5 hour fcst:
453:27099159:d=2021122106:VGRD:800 mb:5 hour fcst:
454:27177228:d=2021122106:ABSV:800 mb:5 hour fcst:
455:27261792:d=2021122106:CLMR:800 mb:5 hour fcst:
456:27295056:d=2021122106:ICMR:800 mb:5 hour fcst:
457:27324703:d=2021122106:RWMR:800 mb:5 hour fcst:
458:27343017:d=2021122106:SNMR:800 mb:5 hour fcst:
459:27376582:d=2021122106:GRLE:800 mb:5 hour fcst:
460:27381331:d=2021122106:O3MR:800 mb:5 hour fcst:
461:27491913:d=2021122106:HGT:850 mb:5 hour fcst:
462:27578302:d=2021122106:TMP:850 mb:5 hour fcst:
463:27652678:d=2021122106:RH:850 mb:5 hour fcst:
464:27726712:d=2021122106:TCDC:850 mb:5 hour fcst:
465:27773011:d=2021122106:SPFH:850 mb:5 hour fcst:
466:27884453:d=2021122106:VVEL:850 mb:5 hour fcst:
467:27986638:d=2021122106:DZDT:850 mb:5 hour fcst:
468:28094167:d=2021122106:UGRD:850 mb:5 hour fcst:
469:28171353:d=2021122106:VGRD:850 mb:5 hour fcst:
+ exglobal_atmos_products.sh[122]true
+ exglobal_atmos_products.sh[123]export err=0
+ exglobal_atmos_products.sh[123]err=0
+ exglobal_atmos_products.sh[124][[ 0 -ne 0 ]]
+ exglobal_atmos_products.sh[127]input_file=tmpfile_f005_15
+ exglobal_atmos_products.sh[128]output_file_prefix=pgb2file_f005_15
+ exglobal_atmos_products.sh[129]echo '/work2/noaa/global/mterry/global-workflow_forked/ush/interp_atmos_master.sh tmpfile_f005_15 pgb2file_f005_15 0p25:0p50:1p00'
+ exglobal_atmos_products.sh[133][[ 469 -eq 753 ]]
+ exglobal_atmos_products.sh[134](( iproc++  ))
+ exglobal_atmos_products.sh[134](( iproc <= nproc  ))
+ exglobal_atmos_products.sh[100]first=470
+ exglobal_atmos_products.sh[101]last=500
+ exglobal_atmos_products.sh[102][[ 500 -gt 753 ]]
+ exglobal_atmos_products.sh[109]set +e
+ exglobal_atmos_products.sh[111]wgrib2 -d 500 tmpfile_f005
+ exglobal_atmos_products.sh[111]grep -E -i 'ugrd|ustm|uflx|u-gwd|land|maxuw'
500:30234810:d=2021122106:UGRD:925 mb:5 hour fcst:
+ exglobal_atmos_products.sh[112]rc=0
+ exglobal_atmos_products.sh[113]set_strict
+ environment[0][[ YES == \Y\E\S ]]
+ environment[1]set -eu
+ exglobal_atmos_products.sh[114][[ 0 == 0 ]]
+ exglobal_atmos_products.sh[115]last=501
+ exglobal_atmos_products.sh[117][[ 16 -eq 24 ]]
+ exglobal_atmos_products.sh[122]wgrib2 tmpfile_f005 -for 470:501 -grib tmpfile_f005_16
470:28249809:d=2021122106:ABSV:850 mb:5 hour fcst:
471:28334245:d=2021122106:CLMR:850 mb:5 hour fcst:
472:28378772:d=2021122106:ICMR:850 mb:5 hour fcst:
473:28410168:d=2021122106:RWMR:850 mb:5 hour fcst:
474:28433969:d=2021122106:SNMR:850 mb:5 hour fcst:
475:28466409:d=2021122106:GRLE:850 mb:5 hour fcst:
476:28471669:d=2021122106:O3MR:850 mb:5 hour fcst:
477:28582108:d=2021122106:HGT:900 mb:5 hour fcst:
478:28669429:d=2021122106:TMP:900 mb:5 hour fcst:
479:28744347:d=2021122106:RH:900 mb:5 hour fcst:
480:28816940:d=2021122106:TCDC:900 mb:5 hour fcst:
481:28861499:d=2021122106:SPFH:900 mb:5 hour fcst:
482:28972108:d=2021122106:VVEL:900 mb:5 hour fcst:
483:29073009:d=2021122106:DZDT:900 mb:5 hour fcst:
484:29178895:d=2021122106:UGRD:900 mb:5 hour fcst:
485:29256359:d=2021122106:VGRD:900 mb:5 hour fcst:
486:29335054:d=2021122106:ABSV:900 mb:5 hour fcst:
487:29419642:d=2021122106:CLMR:900 mb:5 hour fcst:
488:29455444:d=2021122106:ICMR:900 mb:5 hour fcst:
489:29481784:d=2021122106:RWMR:900 mb:5 hour fcst:
490:29512398:d=2021122106:SNMR:900 mb:5 hour fcst:
491:29542786:d=2021122106:GRLE:900 mb:5 hour fcst:
492:29548949:d=2021122106:O3MR:900 mb:5 hour fcst:
493:29656874:d=2021122106:HGT:925 mb:5 hour fcst:
494:29744768:d=2021122106:TMP:925 mb:5 hour fcst:
495:29820123:d=2021122106:RH:925 mb:5 hour fcst:
496:29892038:d=2021122106:TCDC:925 mb:5 hour fcst:
497:29932213:d=2021122106:SPFH:925 mb:5 hour fcst:
498:30032350:d=2021122106:VVEL:925 mb:5 hour fcst:
499:30131853:d=2021122106:DZDT:925 mb:5 hour fcst:
500:30234810:d=2021122106:UGRD:925 mb:5 hour fcst:
501:30312595:d=2021122106:VGRD:925 mb:5 hour fcst:
+ exglobal_atmos_products.sh[122]true
+ exglobal_atmos_products.sh[123]export err=0
+ exglobal_atmos_products.sh[123]err=0
+ exglobal_atmos_products.sh[124][[ 0 -ne 0 ]]
+ exglobal_atmos_products.sh[127]input_file=tmpfile_f005_16
+ exglobal_atmos_products.sh[128]output_file_prefix=pgb2file_f005_16
+ exglobal_atmos_products.sh[129]echo '/work2/noaa/global/mterry/global-workflow_forked/ush/interp_atmos_master.sh tmpfile_f005_16 pgb2file_f005_16 0p25:0p50:1p00'
+ exglobal_atmos_products.sh[133][[ 501 -eq 753 ]]
+ exglobal_atmos_products.sh[134](( iproc++  ))
+ exglobal_atmos_products.sh[134](( iproc <= nproc  ))
+ exglobal_atmos_products.sh[100]first=502
+ exglobal_atmos_products.sh[101]last=532
+ exglobal_atmos_products.sh[102][[ 532 -gt 753 ]]
+ exglobal_atmos_products.sh[109]set +e
+ exglobal_atmos_products.sh[111]wgrib2 -d 532 tmpfile_f005
+ exglobal_atmos_products.sh[111]grep -E -i 'ugrd|ustm|uflx|u-gwd|land|maxuw'
+ exglobal_atmos_products.sh[112]rc=1
+ exglobal_atmos_products.sh[113]set_strict
+ environment[0][[ YES == \Y\E\S ]]
+ environment[1]set -eu
+ exglobal_atmos_products.sh[114][[ 1 == 0 ]]
+ exglobal_atmos_products.sh[117][[ 17 -eq 24 ]]
+ exglobal_atmos_products.sh[122]wgrib2 tmpfile_f005 -for 502:532 -grib tmpfile_f005_17
502:30391336:d=2021122106:ABSV:925 mb:5 hour fcst:
503:30475800:d=2021122106:CLMR:925 mb:5 hour fcst:
504:30503701:d=2021122106:ICMR:925 mb:5 hour fcst:
505:30527292:d=2021122106:RWMR:925 mb:5 hour fcst:
506:30564532:d=2021122106:SNMR:925 mb:5 hour fcst:
507:30593269:d=2021122106:GRLE:925 mb:5 hour fcst:
508:30599934:d=2021122106:O3MR:925 mb:5 hour fcst:
509:30707195:d=2021122106:HGT:950 mb:5 hour fcst:
510:30795704:d=2021122106:TMP:950 mb:5 hour fcst:
511:30870949:d=2021122106:RH:950 mb:5 hour fcst:
512:30941850:d=2021122106:TCDC:950 mb:5 hour fcst:
513:30978320:d=2021122106:SPFH:950 mb:5 hour fcst:
514:31078845:d=2021122106:VVEL:950 mb:5 hour fcst:
515:31175698:d=2021122106:DZDT:950 mb:5 hour fcst:
516:31275855:d=2021122106:UGRD:950 mb:5 hour fcst:
517:31353803:d=2021122106:VGRD:950 mb:5 hour fcst:
518:31432565:d=2021122106:ABSV:950 mb:5 hour fcst:
519:31517713:d=2021122106:CLMR:950 mb:5 hour fcst:
520:31538893:d=2021122106:ICMR:950 mb:5 hour fcst:
521:31560214:d=2021122106:RWMR:950 mb:5 hour fcst:
522:31598870:d=2021122106:SNMR:950 mb:5 hour fcst:
523:31625407:d=2021122106:GRLE:950 mb:5 hour fcst:
524:31631528:d=2021122106:O3MR:950 mb:5 hour fcst:
525:31729063:d=2021122106:HINDEX:surface:5 hour fcst:
526:31746165:d=2021122106:HGT:975 mb:5 hour fcst:
527:31835569:d=2021122106:TMP:975 mb:5 hour fcst:
528:31910387:d=2021122106:RH:975 mb:5 hour fcst:
529:31979433:d=2021122106:TCDC:975 mb:5 hour fcst:
530:32009471:d=2021122106:SPFH:975 mb:5 hour fcst:
531:32108460:d=2021122106:VVEL:975 mb:5 hour fcst:
532:32199805:d=2021122106:DZDT:975 mb:5 hour fcst:
+ exglobal_atmos_products.sh[122]true
+ exglobal_atmos_products.sh[123]export err=0
+ exglobal_atmos_products.sh[123]err=0
+ exglobal_atmos_products.sh[124][[ 0 -ne 0 ]]
+ exglobal_atmos_products.sh[127]input_file=tmpfile_f005_17
+ exglobal_atmos_products.sh[128]output_file_prefix=pgb2file_f005_17
+ exglobal_atmos_products.sh[129]echo '/work2/noaa/global/mterry/global-workflow_forked/ush/interp_atmos_master.sh tmpfile_f005_17 pgb2file_f005_17 0p25:0p50:1p00'
+ exglobal_atmos_products.sh[133][[ 532 -eq 753 ]]
+ exglobal_atmos_products.sh[134](( iproc++  ))
+ exglobal_atmos_products.sh[134](( iproc <= nproc  ))
+ exglobal_atmos_products.sh[100]first=533
+ exglobal_atmos_products.sh[101]last=563
+ exglobal_atmos_products.sh[102][[ 563 -gt 753 ]]
+ exglobal_atmos_products.sh[109]set +e
+ exglobal_atmos_products.sh[111]wgrib2 -d 563 tmpfile_f005
+ exglobal_atmos_products.sh[111]grep -E -i 'ugrd|ustm|uflx|u-gwd|land|maxuw'
+ exglobal_atmos_products.sh[112]rc=1
+ exglobal_atmos_products.sh[113]set_strict
+ environment[0][[ YES == \Y\E\S ]]
+ environment[1]set -eu
+ exglobal_atmos_products.sh[114][[ 1 == 0 ]]
+ exglobal_atmos_products.sh[117][[ 18 -eq 24 ]]
+ exglobal_atmos_products.sh[122]wgrib2 tmpfile_f005 -for 533:563 -grib tmpfile_f005_18
533:32294356:d=2021122106:UGRD:975 mb:5 hour fcst:
534:32372366:d=2021122106:VGRD:975 mb:5 hour fcst:
535:32450689:d=2021122106:ABSV:975 mb:5 hour fcst:
536:32534489:d=2021122106:CLMR:975 mb:5 hour fcst:
537:32551595:d=2021122106:ICMR:975 mb:5 hour fcst:
538:32569704:d=2021122106:RWMR:975 mb:5 hour fcst:
539:32603227:d=2021122106:SNMR:975 mb:5 hour fcst:
540:32624624:d=2021122106:GRLE:975 mb:5 hour fcst:
541:32629949:d=2021122106:O3MR:975 mb:5 hour fcst:
542:32726864:d=2021122106:TMP:1000 mb:5 hour fcst:
543:32801071:d=2021122106:RH:1000 mb:5 hour fcst:
544:32868564:d=2021122106:TCDC:1000 mb:5 hour fcst:
545:32887435:d=2021122106:SPFH:1000 mb:5 hour fcst:
546:32986038:d=2021122106:VVEL:1000 mb:5 hour fcst:
547:33070124:d=2021122106:DZDT:1000 mb:5 hour fcst:
548:33155067:d=2021122106:UGRD:1000 mb:5 hour fcst:
549:33232162:d=2021122106:VGRD:1000 mb:5 hour fcst:
550:33308883:d=2021122106:ABSV:1000 mb:5 hour fcst:
551:33391505:d=2021122106:CLMR:1000 mb:5 hour fcst:
552:33401312:d=2021122106:ICMR:1000 mb:5 hour fcst:
553:33412910:d=2021122106:RWMR:1000 mb:5 hour fcst:
554:33442230:d=2021122106:SNMR:1000 mb:5 hour fcst:
555:33454167:d=2021122106:GRLE:1000 mb:5 hour fcst:
556:33457341:d=2021122106:O3MR:1000 mb:5 hour fcst:
557:33553911:d=2021122106:MSLET:mean sea level:5 hour fcst:
558:33647675:d=2021122106:HGT:1000 mb:5 hour fcst:
559:33738264:d=2021122106:SDEN:surface:5 hour fcst:
560:33780061:d=2021122106:REFD:4000 m above ground:5 hour fcst:
561:33789456:d=2021122106:REFD:1000 m above ground:5 hour fcst:
562:33798851:d=2021122106:PRES:surface:5 hour fcst:
563:33886873:d=2021122106:HGT:surface:5 hour fcst:
+ exglobal_atmos_products.sh[122]true
+ exglobal_atmos_products.sh[123]export err=0
+ exglobal_atmos_products.sh[123]err=0
+ exglobal_atmos_products.sh[124][[ 0 -ne 0 ]]
+ exglobal_atmos_products.sh[127]input_file=tmpfile_f005_18
+ exglobal_atmos_products.sh[128]output_file_prefix=pgb2file_f005_18
+ exglobal_atmos_products.sh[129]echo '/work2/noaa/global/mterry/global-workflow_forked/ush/interp_atmos_master.sh tmpfile_f005_18 pgb2file_f005_18 0p25:0p50:1p00'
+ exglobal_atmos_products.sh[133][[ 563 -eq 753 ]]
+ exglobal_atmos_products.sh[134](( iproc++  ))
+ exglobal_atmos_products.sh[134](( iproc <= nproc  ))
+ exglobal_atmos_products.sh[100]first=564
+ exglobal_atmos_products.sh[101]last=594
+ exglobal_atmos_products.sh[102][[ 594 -gt 753 ]]
+ exglobal_atmos_products.sh[109]set +e
+ exglobal_atmos_products.sh[111]wgrib2 -d 594 tmpfile_f005
+ exglobal_atmos_products.sh[111]grep -E -i 'ugrd|ustm|uflx|u-gwd|land|maxuw'
+ exglobal_atmos_products.sh[112]rc=1
+ exglobal_atmos_products.sh[113]set_strict
+ environment[0][[ YES == \Y\E\S ]]
+ environment[1]set -eu
+ exglobal_atmos_products.sh[114][[ 1 == 0 ]]
+ exglobal_atmos_products.sh[117][[ 19 -eq 24 ]]
+ exglobal_atmos_products.sh[122]wgrib2 tmpfile_f005 -for 564:594 -grib tmpfile_f005_19
564:33931791:d=2021122106:TMP:surface:5 hour fcst:
565:33991391:d=2021122106:TSOIL:0-0.1 m below ground:5 hour fcst:
566:34029934:d=2021122106:SOILW:0-0.1 m below ground:5 hour fcst:
567:34057958:d=2021122106:SOILL:0-0.1 m below ground:5 hour fcst:
568:34085368:d=2021122106:TSOIL:0.1-0.4 m below ground:5 hour fcst:
569:34135418:d=2021122106:SOILW:0.1-0.4 m below ground:5 hour fcst:
570:34163418:d=2021122106:SOILL:0.1-0.4 m below ground:5 hour fcst:
571:34191303:d=2021122106:TSOIL:0.4-1 m below ground:5 hour fcst:
572:34233975:d=2021122106:SOILW:0.4-1 m below ground:5 hour fcst:
573:34262468:d=2021122106:SOILL:0.4-1 m below ground:5 hour fcst:
574:34290820:d=2021122106:TSOIL:1-2 m below ground:5 hour fcst:
575:34332821:d=2021122106:SOILW:1-2 m below ground:5 hour fcst:
576:34361034:d=2021122106:SOILL:1-2 m below ground:5 hour fcst:
577:34389389:d=2021122106:CNWAT:surface:5 hour fcst:
578:34407399:d=2021122106:WEASD:surface:5 hour fcst:
579:34453415:d=2021122106:SNOD:surface:5 hour fcst:
580:34502777:d=2021122106:PEVPR:surface:5 hour fcst:
581:34546934:d=2021122106:ICETK:surface:5 hour fcst:
582:34558972:d=2021122106:TMP:2 m above ground:5 hour fcst:
583:34633126:d=2021122106:SPFH:2 m above ground:5 hour fcst:
584:34730279:d=2021122106:DPT:2 m above ground:5 hour fcst:
585:34805943:d=2021122106:RH:2 m above ground:5 hour fcst:
586:34871250:d=2021122106:APTMP:2 m above ground:5 hour fcst:
587:34920714:d=2021122106:TMAX:2 m above ground:0-5 hour max fcst:
588:34994089:d=2021122106:TMIN:2 m above ground:0-5 hour min fcst:
589:35067993:d=2021122106:UGRD:10 m above ground:5 hour fcst:
590:35143419:d=2021122106:VGRD:10 m above ground:5 hour fcst:
591:35219576:d=2021122106:ICEG:10 m above mean sea level:5 hour fcst:
592:35221885:d=2021122106:CPOFP:surface:5 hour fcst:
593:35289612:d=2021122106:CPRAT:surface:5 hour fcst:
594:35356494:d=2021122106:PRATE:surface:5 hour fcst:
+ exglobal_atmos_products.sh[122]true
+ exglobal_atmos_products.sh[123]export err=0
+ exglobal_atmos_products.sh[123]err=0
+ exglobal_atmos_products.sh[124][[ 0 -ne 0 ]]
+ exglobal_atmos_products.sh[127]input_file=tmpfile_f005_19
+ exglobal_atmos_products.sh[128]output_file_prefix=pgb2file_f005_19
+ exglobal_atmos_products.sh[129]echo '/work2/noaa/global/mterry/global-workflow_forked/ush/interp_atmos_master.sh tmpfile_f005_19 pgb2file_f005_19 0p25:0p50:1p00'
+ exglobal_atmos_products.sh[133][[ 594 -eq 753 ]]
+ exglobal_atmos_products.sh[134](( iproc++  ))
+ exglobal_atmos_products.sh[134](( iproc <= nproc  ))
+ exglobal_atmos_products.sh[100]first=595
+ exglobal_atmos_products.sh[101]last=625
+ exglobal_atmos_products.sh[102][[ 625 -gt 753 ]]
+ exglobal_atmos_products.sh[109]set +e
+ exglobal_atmos_products.sh[111]wgrib2 -d 625 tmpfile_f005
+ exglobal_atmos_products.sh[111]grep -E -i 'ugrd|ustm|uflx|u-gwd|land|maxuw'
+ exglobal_atmos_products.sh[112]rc=1
+ exglobal_atmos_products.sh[113]set_strict
+ environment[0][[ YES == \Y\E\S ]]
+ environment[1]set -eu
+ exglobal_atmos_products.sh[114][[ 1 == 0 ]]
+ exglobal_atmos_products.sh[117][[ 20 -eq 24 ]]
+ exglobal_atmos_products.sh[122]wgrib2 tmpfile_f005 -for 595:625 -grib tmpfile_f005_20
595:35430197:d=2021122106:CPRAT:surface:0-5 hour ave fcst:
596:35509155:d=2021122106:PRATE:surface:0-5 hour ave fcst:
597:35583088:d=2021122106:APCP:surface:0-5 hour acc fcst:
598:35616689:d=2021122106:APCP:surface:0-5 hour acc fcst:
599:35658791:d=2021122106:ACPCP:surface:0-5 hour acc fcst:
600:35685828:d=2021122106:ACPCP:surface:0-5 hour acc fcst:
601:35720527:d=2021122106:FROZR:surface:0-5 hour acc fcst:
602:35729946:d=2021122106:FRZR:surface:0-5 hour acc fcst:
603:35739365:d=2021122106:TSNOWP:surface:0-5 hour acc fcst:
604:35748784:d=2021122106:WATR:surface:0-5 hour acc fcst:
605:35779305:d=2021122106:FROZR:surface:0-5 hour acc fcst:
606:35788724:d=2021122106:FRZR:surface:0-5 hour acc fcst:
607:35798143:d=2021122106:TSNOWP:surface:0-5 hour acc fcst:
608:35807562:d=2021122106:CSNOW:surface:5 hour fcst:
609:35812820:d=2021122106:CICEP:surface:5 hour fcst:
610:35812999:d=2021122106:CFRZR:surface:5 hour fcst:
611:35813353:d=2021122106:CRAIN:surface:5 hour fcst:
612:35825060:d=2021122106:LHTFL:surface:0-5 hour ave fcst:
613:35876372:d=2021122106:SHTFL:surface:0-5 hour ave fcst:
614:35951503:d=2021122106:GFLUX:surface:0-5 hour ave fcst:
615:35997400:d=2021122106:UFLX:surface:0-5 hour ave fcst:
616:36055071:d=2021122106:VFLX:surface:0-5 hour ave fcst:
617:36111784:d=2021122106:SFCR:surface:5 hour fcst:
618:36175128:d=2021122106:FRICV:surface:5 hour fcst:
619:36256453:d=2021122106:U-GWD:surface:0-5 hour ave fcst:
620:36288929:d=2021122106:V-GWD:surface:0-5 hour ave fcst:
621:36320156:d=2021122106:VEG:surface:5 hour fcst:
622:36341851:d=2021122106:SOTYP:surface:5 hour fcst:
623:36371999:d=2021122106:WILT:surface:5 hour fcst:
624:36402771:d=2021122106:FLDCP:surface:5 hour fcst:
625:36434625:d=2021122106:SUNSD:surface:5 hour fcst:
+ exglobal_atmos_products.sh[122]true
+ exglobal_atmos_products.sh[123]export err=0
+ exglobal_atmos_products.sh[123]err=0
+ exglobal_atmos_products.sh[124][[ 0 -ne 0 ]]
+ exglobal_atmos_products.sh[127]input_file=tmpfile_f005_20
+ exglobal_atmos_products.sh[128]output_file_prefix=pgb2file_f005_20
+ exglobal_atmos_products.sh[129]echo '/work2/noaa/global/mterry/global-workflow_forked/ush/interp_atmos_master.sh tmpfile_f005_20 pgb2file_f005_20 0p25:0p50:1p00'
+ exglobal_atmos_products.sh[133][[ 625 -eq 753 ]]
+ exglobal_atmos_products.sh[134](( iproc++  ))
+ exglobal_atmos_products.sh[134](( iproc <= nproc  ))
+ exglobal_atmos_products.sh[100]first=626
+ exglobal_atmos_products.sh[101]last=656
+ exglobal_atmos_products.sh[102][[ 656 -gt 753 ]]
+ exglobal_atmos_products.sh[109]set +e
+ exglobal_atmos_products.sh[111]wgrib2 -d 656 tmpfile_f005
+ exglobal_atmos_products.sh[111]grep -E -i 'ugrd|ustm|uflx|u-gwd|land|maxuw'
+ exglobal_atmos_products.sh[112]rc=1
+ exglobal_atmos_products.sh[113]set_strict
+ environment[0][[ YES == \Y\E\S ]]
+ environment[1]set -eu
+ exglobal_atmos_products.sh[114][[ 1 == 0 ]]
+ exglobal_atmos_products.sh[117][[ 21 -eq 24 ]]
+ exglobal_atmos_products.sh[122]wgrib2 tmpfile_f005 -for 626:656 -grib tmpfile_f005_21
626:36476029:d=2021122106:LFTX:surface:5 hour fcst:
627:36524893:d=2021122106:CAPE:surface:5 hour fcst:
628:36574471:d=2021122106:CIN:surface:5 hour fcst:
629:36619554:d=2021122106:PWAT:entire atmosphere (considered as a single layer):5 hour fcst:
630:36718606:d=2021122106:CWAT:entire atmosphere (considered as a single layer):5 hour fcst:
631:36814373:d=2021122106:RH:entire atmosphere (considered as a single layer):5 hour fcst:
632:36866690:d=2021122106:TOZNE:entire atmosphere (considered as a single layer):5 hour fcst:
633:36915046:d=2021122106:LCDC:low cloud layer:5 hour fcst:
634:36972450:d=2021122106:LCDC:low cloud layer:0-5 hour ave fcst:
635:37039126:d=2021122106:MCDC:middle cloud layer:5 hour fcst:
636:37085666:d=2021122106:MCDC:middle cloud layer:0-5 hour ave fcst:
637:37138190:d=2021122106:HCDC:high cloud layer:5 hour fcst:
638:37183016:d=2021122106:HCDC:high cloud layer:0-5 hour ave fcst:
639:37242706:d=2021122106:TCDC:entire atmosphere (considered as a single layer):5 hour fcst:
640:37299458:d=2021122106:TCDC:entire atmosphere (considered as a single layer):0-5 hour ave fcst:
641:37367425:d=2021122106:HGT:cloud ceiling:5 hour fcst:
642:37483162:d=2021122106:PRES:convective cloud bottom level:5 hour fcst:
643:37530675:d=2021122106:PRES:low cloud bottom level:0-5 hour ave fcst:
644:37618379:d=2021122106:PRES:middle cloud bottom level:0-5 hour ave fcst:
645:37677968:d=2021122106:PRES:high cloud bottom level:0-5 hour ave fcst:
646:37749410:d=2021122106:PRES:convective cloud top level:5 hour fcst:
647:37801866:d=2021122106:PRES:low cloud top level:0-5 hour ave fcst:
648:37890925:d=2021122106:PRES:middle cloud top level:0-5 hour ave fcst:
649:37948989:d=2021122106:PRES:high cloud top level:0-5 hour ave fcst:
650:38020844:d=2021122106:TMP:low cloud top level:0-5 hour ave fcst:
651:38086426:d=2021122106:TMP:middle cloud top level:0-5 hour ave fcst:
652:38133376:d=2021122106:TMP:high cloud top level:0-5 hour ave fcst:
653:38192962:d=2021122106:TCDC:convective cloud layer:5 hour fcst:
654:38265261:d=2021122106:TCDC:boundary layer cloud layer:0-5 hour ave fcst:
655:38320776:d=2021122106:CWORK:entire atmosphere (considered as a single layer):0-5 hour ave fcst:
656:38353077:d=2021122106:DSWRF:surface:0-5 hour ave fcst:
+ exglobal_atmos_products.sh[122]true
+ exglobal_atmos_products.sh[123]export err=0
+ exglobal_atmos_products.sh[123]err=0
+ exglobal_atmos_products.sh[124][[ 0 -ne 0 ]]
+ exglobal_atmos_products.sh[127]input_file=tmpfile_f005_21
+ exglobal_atmos_products.sh[128]output_file_prefix=pgb2file_f005_21
+ exglobal_atmos_products.sh[129]echo '/work2/noaa/global/mterry/global-workflow_forked/ush/interp_atmos_master.sh tmpfile_f005_21 pgb2file_f005_21 0p25:0p50:1p00'
+ exglobal_atmos_products.sh[133][[ 656 -eq 753 ]]
+ exglobal_atmos_products.sh[134](( iproc++  ))
+ exglobal_atmos_products.sh[134](( iproc <= nproc  ))
+ exglobal_atmos_products.sh[100]first=657
+ exglobal_atmos_products.sh[101]last=687
+ exglobal_atmos_products.sh[102][[ 687 -gt 753 ]]
+ exglobal_atmos_products.sh[109]set +e
+ exglobal_atmos_products.sh[111]wgrib2 -d 687 tmpfile_f005
+ exglobal_atmos_products.sh[111]grep -E -i 'ugrd|ustm|uflx|u-gwd|land|maxuw'
687:40962651:d=2021122106:UGRD:30 m above ground:5 hour fcst:
+ exglobal_atmos_products.sh[112]rc=0
+ exglobal_atmos_products.sh[113]set_strict
+ environment[0][[ YES == \Y\E\S ]]
+ environment[1]set -eu
+ exglobal_atmos_products.sh[114][[ 0 == 0 ]]
+ exglobal_atmos_products.sh[115]last=688
+ exglobal_atmos_products.sh[117][[ 22 -eq 24 ]]
+ exglobal_atmos_products.sh[122]wgrib2 tmpfile_f005 -for 657:688 -grib tmpfile_f005_22
657:38426101:d=2021122106:DLWRF:surface:0-5 hour ave fcst:
658:38505522:d=2021122106:USWRF:surface:0-5 hour ave fcst:
659:38570022:d=2021122106:ULWRF:surface:0-5 hour ave fcst:
660:38636163:d=2021122106:USWRF:top of atmosphere:0-5 hour ave fcst:
661:38710198:d=2021122106:ULWRF:top of atmosphere:0-5 hour ave fcst:
662:38784533:d=2021122106:AOTK:entire atmosphere:5 hour fcst:aerosol=Total Aerosol:aerosol_size <2e-05:aerosol_wavelength >=5.45e-07,<=5.55e-07
663:38885063:d=2021122106:AOTK:entire atmosphere:5 hour fcst:aerosol=Dust Dry:aerosol_size <2e-05:aerosol_wavelength >=5.45e-07,<=5.55e-07
664:38939326:d=2021122106:AOTK:entire atmosphere:5 hour fcst:aerosol=Sea Salt Dry:aerosol_size <2e-05:aerosol_wavelength >=5.45e-07,<=5.55e-07
665:39042680:d=2021122106:AOTK:entire atmosphere:5 hour fcst:aerosol=Sulphate Dry:aerosol_size <2e-05:aerosol_wavelength >=5.45e-07,<=5.55e-07
666:39136047:d=2021122106:AOTK:entire atmosphere:5 hour fcst:aerosol=Particulate Organic Matter Dry:aerosol_size <2e-05:aerosol_wavelength >=5.45e-07,<=5.55e-07
667:39229710:d=2021122106:AOTK:entire atmosphere:5 hour fcst:aerosol=Black Carbon Dry:aerosol_size <2e-05:aerosol_wavelength >=5.45e-07,<=5.55e-07
668:39311165:d=2021122106:HLCY:3000-0 m above ground:5 hour fcst:
669:39368445:d=2021122106:HLCY:1000-0 m above ground:5 hour fcst:
670:39420110:d=2021122106:USTM:6000-0 m above ground:5 hour fcst:
671:39502303:d=2021122106:VSTM:6000-0 m above ground:5 hour fcst:
672:39584011:d=2021122106:PRES:tropopause:5 hour fcst:
673:39695604:d=2021122106:ICAHT:tropopause:5 hour fcst:
674:39802855:d=2021122106:HGT:tropopause:5 hour fcst:
675:39908819:d=2021122106:TMP:tropopause:5 hour fcst:
676:39989464:d=2021122106:UGRD:tropopause:5 hour fcst:
677:40048257:d=2021122106:VGRD:tropopause:5 hour fcst:
678:40106519:d=2021122106:VWSH:tropopause:5 hour fcst:
679:40180591:d=2021122106:PRES:max wind:5 hour fcst:
680:40313399:d=2021122106:ICAHT:max wind:5 hour fcst:
681:40448709:d=2021122106:HGT:max wind:5 hour fcst:
682:40584229:d=2021122106:UGRD:max wind:5 hour fcst:
683:40645551:d=2021122106:VGRD:max wind:5 hour fcst:
684:40709705:d=2021122106:TMP:max wind:5 hour fcst:
685:40811007:d=2021122106:UGRD:20 m above ground:5 hour fcst:
686:40886333:d=2021122106:VGRD:20 m above ground:5 hour fcst:
687:40962651:d=2021122106:UGRD:30 m above ground:5 hour fcst:
688:41038743:d=2021122106:VGRD:30 m above ground:5 hour fcst:
+ exglobal_atmos_products.sh[122]true
+ exglobal_atmos_products.sh[123]export err=0
+ exglobal_atmos_products.sh[123]err=0
+ exglobal_atmos_products.sh[124][[ 0 -ne 0 ]]
+ exglobal_atmos_products.sh[127]input_file=tmpfile_f005_22
+ exglobal_atmos_products.sh[128]output_file_prefix=pgb2file_f005_22
+ exglobal_atmos_products.sh[129]echo '/work2/noaa/global/mterry/global-workflow_forked/ush/interp_atmos_master.sh tmpfile_f005_22 pgb2file_f005_22 0p25:0p50:1p00'
+ exglobal_atmos_products.sh[133][[ 688 -eq 753 ]]
+ exglobal_atmos_products.sh[134](( iproc++  ))
+ exglobal_atmos_products.sh[134](( iproc <= nproc  ))
+ exglobal_atmos_products.sh[100]first=689
+ exglobal_atmos_products.sh[101]last=719
+ exglobal_atmos_products.sh[102][[ 719 -gt 753 ]]
+ exglobal_atmos_products.sh[109]set +e
+ exglobal_atmos_products.sh[111]wgrib2 -d 719 tmpfile_f005
+ exglobal_atmos_products.sh[111]grep -E -i 'ugrd|ustm|uflx|u-gwd|land|maxuw'
+ exglobal_atmos_products.sh[112]rc=1
+ exglobal_atmos_products.sh[113]set_strict
+ environment[0][[ YES == \Y\E\S ]]
+ environment[1]set -eu
+ exglobal_atmos_products.sh[114][[ 1 == 0 ]]
+ exglobal_atmos_products.sh[117][[ 23 -eq 24 ]]
+ exglobal_atmos_products.sh[122]wgrib2 tmpfile_f005 -for 689:719 -grib tmpfile_f005_23
689:41115717:d=2021122106:UGRD:40 m above ground:5 hour fcst:
690:41192156:d=2021122106:VGRD:40 m above ground:5 hour fcst:
691:41269459:d=2021122106:UGRD:50 m above ground:5 hour fcst:
692:41346806:d=2021122106:VGRD:50 m above ground:5 hour fcst:
693:41424408:d=2021122106:TMP:80 m above ground:5 hour fcst:
694:41498570:d=2021122106:SPFH:80 m above ground:5 hour fcst:
695:41605017:d=2021122106:PRES:80 m above ground:5 hour fcst:
696:41692737:d=2021122106:UGRD:80 m above ground:5 hour fcst:
697:41770446:d=2021122106:VGRD:80 m above ground:5 hour fcst:
698:41848635:d=2021122106:TMP:100 m above ground:5 hour fcst:
699:41922725:d=2021122106:UGRD:100 m above ground:5 hour fcst:
700:42000659:d=2021122106:VGRD:100 m above ground:5 hour fcst:
701:42079062:d=2021122106:TMP:1829 m above mean sea level:5 hour fcst:
702:42156042:d=2021122106:UGRD:1829 m above mean sea level:5 hour fcst:
703:42237631:d=2021122106:VGRD:1829 m above mean sea level:5 hour fcst:
704:42320791:d=2021122106:TMP:2743 m above mean sea level:5 hour fcst:
705:42395858:d=2021122106:UGRD:2743 m above mean sea level:5 hour fcst:
706:42478619:d=2021122106:VGRD:2743 m above mean sea level:5 hour fcst:
707:42563018:d=2021122106:TMP:3658 m above mean sea level:5 hour fcst:
708:42637540:d=2021122106:UGRD:3658 m above mean sea level:5 hour fcst:
709:42721037:d=2021122106:VGRD:3658 m above mean sea level:5 hour fcst:
710:42806075:d=2021122106:HGT:0C isotherm:5 hour fcst:
711:42884906:d=2021122106:RH:0C isotherm:5 hour fcst:
712:42954560:d=2021122106:HGT:highest tropospheric freezing level:5 hour fcst:
713:43033522:d=2021122106:RH:highest tropospheric freezing level:5 hour fcst:
714:43103317:d=2021122106:TMP:30-0 mb above ground:5 hour fcst:
715:43177451:d=2021122106:RH:30-0 mb above ground:5 hour fcst:
716:43242130:d=2021122106:SPFH:30-0 mb above ground:5 hour fcst:
717:43348805:d=2021122106:UGRD:30-0 mb above ground:5 hour fcst:
718:43426556:d=2021122106:VGRD:30-0 mb above ground:5 hour fcst:
719:43504861:d=2021122106:4LFTX:surface:5 hour fcst:
+ exglobal_atmos_products.sh[122]true
+ exglobal_atmos_products.sh[123]export err=0
+ exglobal_atmos_products.sh[123]err=0
+ exglobal_atmos_products.sh[124][[ 0 -ne 0 ]]
+ exglobal_atmos_products.sh[127]input_file=tmpfile_f005_23
+ exglobal_atmos_products.sh[128]output_file_prefix=pgb2file_f005_23
+ exglobal_atmos_products.sh[129]echo '/work2/noaa/global/mterry/global-workflow_forked/ush/interp_atmos_master.sh tmpfile_f005_23 pgb2file_f005_23 0p25:0p50:1p00'
+ exglobal_atmos_products.sh[133][[ 719 -eq 753 ]]
+ exglobal_atmos_products.sh[134](( iproc++  ))
+ exglobal_atmos_products.sh[134](( iproc <= nproc  ))
+ exglobal_atmos_products.sh[100]first=720
+ exglobal_atmos_products.sh[101]last=750
+ exglobal_atmos_products.sh[102][[ 750 -gt 753 ]]
+ exglobal_atmos_products.sh[109]set +e
+ exglobal_atmos_products.sh[111]wgrib2 -d 750 tmpfile_f005
+ exglobal_atmos_products.sh[111]grep -E -i 'ugrd|ustm|uflx|u-gwd|land|maxuw'
+ exglobal_atmos_products.sh[112]rc=1
+ exglobal_atmos_products.sh[113]set_strict
+ environment[0][[ YES == \Y\E\S ]]
+ environment[1]set -eu
+ exglobal_atmos_products.sh[114][[ 1 == 0 ]]
+ exglobal_atmos_products.sh[117][[ 24 -eq 24 ]]
+ exglobal_atmos_products.sh[118]last=753
+ exglobal_atmos_products.sh[122]wgrib2 tmpfile_f005 -for 720:753 -grib tmpfile_f005_24
720:43552061:d=2021122106:CAPE:180-0 mb above ground:5 hour fcst:
721:43595494:d=2021122106:CIN:180-0 mb above ground:5 hour fcst:
722:43625018:d=2021122106:HPBL:surface:5 hour fcst:
723:43741840:d=2021122106:RH:0.33-1 sigma layer:5 hour fcst:
724:43806560:d=2021122106:RH:0.44-1 sigma layer:5 hour fcst:
725:43870322:d=2021122106:RH:0.72-0.94 sigma layer:5 hour fcst:
726:43937289:d=2021122106:RH:0.44-0.72 sigma layer:5 hour fcst:
727:44004357:d=2021122106:TMP:0.995 sigma level:5 hour fcst:
728:44078834:d=2021122106:POT:0.995 sigma level:5 hour fcst:
729:44153182:d=2021122106:RH:0.995 sigma level:5 hour fcst:
730:44217939:d=2021122106:UGRD:0.995 sigma level:5 hour fcst:
731:44295622:d=2021122106:VGRD:0.995 sigma level:5 hour fcst:
732:44373368:d=2021122106:VVEL:0.995 sigma level:5 hour fcst:
733:44455137:d=2021122106:CAPE:90-0 mb above ground:5 hour fcst:
734:44495592:d=2021122106:CIN:90-0 mb above ground:5 hour fcst:
735:44543564:d=2021122106:CAPE:255-0 mb above ground:5 hour fcst:
736:44585544:d=2021122106:CIN:255-0 mb above ground:5 hour fcst:
737:44624342:d=2021122106:PLPL:255-0 mb above ground:5 hour fcst:
738:44706516:d=2021122106:LAND:surface:5 hour fcst:
739:44710851:d=2021122106:ICEC:surface:5 hour fcst:
740:44722733:d=2021122106:ALBDO:surface:0-5 hour ave fcst:
741:44783387:d=2021122106:ICETMP:surface:5 hour fcst:
742:44809983:d=2021122106:UGRD:PV=2e-06 (Km^2/kg/s) surface:5 hour fcst:
743:44852291:d=2021122106:VGRD:PV=2e-06 (Km^2/kg/s) surface:5 hour fcst:
744:44893793:d=2021122106:TMP:PV=2e-06 (Km^2/kg/s) surface:5 hour fcst:
745:44950534:d=2021122106:HGT:PV=2e-06 (Km^2/kg/s) surface:5 hour fcst:
746:45020015:d=2021122106:PRES:PV=2e-06 (Km^2/kg/s) surface:5 hour fcst:
747:45088067:d=2021122106:VWSH:PV=2e-06 (Km^2/kg/s) surface:5 hour fcst:
748:45137458:d=2021122106:UGRD:PV=-2e-06 (Km^2/kg/s) surface:5 hour fcst:
749:45180762:d=2021122106:VGRD:PV=-2e-06 (Km^2/kg/s) surface:5 hour fcst:
750:45223082:d=2021122106:TMP:PV=-2e-06 (Km^2/kg/s) surface:5 hour fcst:
751:45281505:d=2021122106:HGT:PV=-2e-06 (Km^2/kg/s) surface:5 hour fcst:
752:45352025:d=2021122106:PRES:PV=-2e-06 (Km^2/kg/s) surface:5 hour fcst:
753:45420813:d=2021122106:VWSH:PV=-2e-06 (Km^2/kg/s) surface:5 hour fcst:
+ exglobal_atmos_products.sh[122]true
+ exglobal_atmos_products.sh[123]export err=0
+ exglobal_atmos_products.sh[123]err=0
+ exglobal_atmos_products.sh[124][[ 0 -ne 0 ]]
+ exglobal_atmos_products.sh[127]input_file=tmpfile_f005_24
+ exglobal_atmos_products.sh[128]output_file_prefix=pgb2file_f005_24
+ exglobal_atmos_products.sh[129]echo '/work2/noaa/global/mterry/global-workflow_forked/ush/interp_atmos_master.sh tmpfile_f005_24 pgb2file_f005_24 0p25:0p50:1p00'
+ exglobal_atmos_products.sh[133][[ 753 -eq 753 ]]
+ exglobal_atmos_products.sh[134](( pproc = iproc+1  ))
+ exglobal_atmos_products.sh[134](( pproc < nproc  ))
+ exglobal_atmos_products.sh[137]break
+ exglobal_atmos_products.sh[142]/work2/noaa/global/mterry/global-workflow_forked/ush/run_mpmd.sh /work2/noaa/stmp/mterry/HERCULES/RUNDIRS/C96C48_hybatmDA/gdas.2021122106/atmos_products_f005.333254/poescript
+ bash[8]'[' -z '' ']'
+ bash[9]case "$-" in
+ bash[12]__lmod_vx=x
+ bash[16]'[' -n x ']'
+ bash[16]set +x
Shell debugging temporarily silenced: export LMOD_SH_DBG_ON=1 for this output (/apps/other/lmod/lmod/init/bash)
Shell debugging restarted
+ bash[224]unset __lmod_vx
+ run_mpmd.sh[31]source /work2/noaa/global/mterry/global-workflow_forked/ush/preamble.sh
++ preamble.sh[20]set +x
Begin run_mpmd.sh at Tue Jul 29 07:20:24 UTC 2025
+ run_mpmd.sh[33]cmdfile=/work2/noaa/stmp/mterry/HERCULES/RUNDIRS/C96C48_hybatmDA/gdas.2021122106/atmos_products_f005.333254/poescript
+ run_mpmd.sh[36][[ YES != \Y\E\S ]]
+ run_mpmd.sh[46]export OMP_NUM_THREADS=1
+ run_mpmd.sh[46]OMP_NUM_THREADS=1
++ run_mpmd.sh[49]wc -l
+ run_mpmd.sh[49]nprocs=24
+ run_mpmd.sh[52]mpmd_cmdfile=/work2/noaa/stmp/mterry/HERCULES/RUNDIRS/C96C48_hybatmDA/gdas.2021122106/atmos_products_f005.333254/mpmd_cmdfile
+ run_mpmd.sh[53][[ -s /work2/noaa/stmp/mterry/HERCULES/RUNDIRS/C96C48_hybatmDA/gdas.2021122106/atmos_products_f005.333254/mpmd_cmdfile ]]
+ run_mpmd.sh[55]cat
  INFO: Executing MPMD job, STDOUT redirected for each process separately
  INFO: On failure, logs for each job will be available in /work2/noaa/stmp/mterry/HERCULES/RUNDIRS/C96C48_hybatmDA/gdas.2021122106/atmos_products_f005.333254/mpmd.proc_num.out
  INFO: The proc_num corresponds to the line in '/work2/noaa/stmp/mterry/HERCULES/RUNDIRS/C96C48_hybatmDA/gdas.2021122106/atmos_products_f005.333254/mpmd_cmdfile'
+ run_mpmd.sh[61][[ srun -l --export=ALL --hint=nomultithread =~ ^srun.* ]]
+ run_mpmd.sh[65]nm=0
+ run_mpmd.sh[67]IFS=
+ run_mpmd.sh[67]read -r line
+ run_mpmd.sh[68]echo '0 /work2/noaa/global/mterry/global-workflow_forked/ush/interp_atmos_master.sh tmpfile_f005_1 pgb2file_f005_1 0p25:0p50:1p00'
+ run_mpmd.sh[69](( nm=nm+1 ))
+ run_mpmd.sh[67]IFS=
+ run_mpmd.sh[67]read -r line
+ run_mpmd.sh[68]echo '1 /work2/noaa/global/mterry/global-workflow_forked/ush/interp_atmos_master.sh tmpfile_f005_2 pgb2file_f005_2 0p25:0p50:1p00'
+ run_mpmd.sh[69](( nm=nm+1 ))
+ run_mpmd.sh[67]IFS=
+ run_mpmd.sh[67]read -r line
+ run_mpmd.sh[68]echo '2 /work2/noaa/global/mterry/global-workflow_forked/ush/interp_atmos_master.sh tmpfile_f005_3 pgb2file_f005_3 0p25:0p50:1p00'
+ run_mpmd.sh[69](( nm=nm+1 ))
+ run_mpmd.sh[67]IFS=
+ run_mpmd.sh[67]read -r line
+ run_mpmd.sh[68]echo '3 /work2/noaa/global/mterry/global-workflow_forked/ush/interp_atmos_master.sh tmpfile_f005_4 pgb2file_f005_4 0p25:0p50:1p00'
+ run_mpmd.sh[69](( nm=nm+1 ))
+ run_mpmd.sh[67]IFS=
+ run_mpmd.sh[67]read -r line
+ run_mpmd.sh[68]echo '4 /work2/noaa/global/mterry/global-workflow_forked/ush/interp_atmos_master.sh tmpfile_f005_5 pgb2file_f005_5 0p25:0p50:1p00'
+ run_mpmd.sh[69](( nm=nm+1 ))
+ run_mpmd.sh[67]IFS=
+ run_mpmd.sh[67]read -r line
+ run_mpmd.sh[68]echo '5 /work2/noaa/global/mterry/global-workflow_forked/ush/interp_atmos_master.sh tmpfile_f005_6 pgb2file_f005_6 0p25:0p50:1p00'
+ run_mpmd.sh[69](( nm=nm+1 ))
+ run_mpmd.sh[67]IFS=
+ run_mpmd.sh[67]read -r line
+ run_mpmd.sh[68]echo '6 /work2/noaa/global/mterry/global-workflow_forked/ush/interp_atmos_master.sh tmpfile_f005_7 pgb2file_f005_7 0p25:0p50:1p00'
+ run_mpmd.sh[69](( nm=nm+1 ))
+ run_mpmd.sh[67]IFS=
+ run_mpmd.sh[67]read -r line
+ run_mpmd.sh[68]echo '7 /work2/noaa/global/mterry/global-workflow_forked/ush/interp_atmos_master.sh tmpfile_f005_8 pgb2file_f005_8 0p25:0p50:1p00'
+ run_mpmd.sh[69](( nm=nm+1 ))
+ run_mpmd.sh[67]IFS=
+ run_mpmd.sh[67]read -r line
+ run_mpmd.sh[68]echo '8 /work2/noaa/global/mterry/global-workflow_forked/ush/interp_atmos_master.sh tmpfile_f005_9 pgb2file_f005_9 0p25:0p50:1p00'
+ run_mpmd.sh[69](( nm=nm+1 ))
+ run_mpmd.sh[67]IFS=
+ run_mpmd.sh[67]read -r line
+ run_mpmd.sh[68]echo '9 /work2/noaa/global/mterry/global-workflow_forked/ush/interp_atmos_master.sh tmpfile_f005_10 pgb2file_f005_10 0p25:0p50:1p00'
+ run_mpmd.sh[69](( nm=nm+1 ))
+ run_mpmd.sh[67]IFS=
+ run_mpmd.sh[67]read -r line
+ run_mpmd.sh[68]echo '10 /work2/noaa/global/mterry/global-workflow_forked/ush/interp_atmos_master.sh tmpfile_f005_11 pgb2file_f005_11 0p25:0p50:1p00'
+ run_mpmd.sh[69](( nm=nm+1 ))
+ run_mpmd.sh[67]IFS=
+ run_mpmd.sh[67]read -r line
+ run_mpmd.sh[68]echo '11 /work2/noaa/global/mterry/global-workflow_forked/ush/interp_atmos_master.sh tmpfile_f005_12 pgb2file_f005_12 0p25:0p50:1p00'
+ run_mpmd.sh[69](( nm=nm+1 ))
+ run_mpmd.sh[67]IFS=
+ run_mpmd.sh[67]read -r line
+ run_mpmd.sh[68]echo '12 /work2/noaa/global/mterry/global-workflow_forked/ush/interp_atmos_master.sh tmpfile_f005_13 pgb2file_f005_13 0p25:0p50:1p00'
+ run_mpmd.sh[69](( nm=nm+1 ))
+ run_mpmd.sh[67]IFS=
+ run_mpmd.sh[67]read -r line
+ run_mpmd.sh[68]echo '13 /work2/noaa/global/mterry/global-workflow_forked/ush/interp_atmos_master.sh tmpfile_f005_14 pgb2file_f005_14 0p25:0p50:1p00'
+ run_mpmd.sh[69](( nm=nm+1 ))
+ run_mpmd.sh[67]IFS=
+ run_mpmd.sh[67]read -r line
+ run_mpmd.sh[68]echo '14 /work2/noaa/global/mterry/global-workflow_forked/ush/interp_atmos_master.sh tmpfile_f005_15 pgb2file_f005_15 0p25:0p50:1p00'
+ run_mpmd.sh[69](( nm=nm+1 ))
+ run_mpmd.sh[67]IFS=
+ run_mpmd.sh[67]read -r line
+ run_mpmd.sh[68]echo '15 /work2/noaa/global/mterry/global-workflow_forked/ush/interp_atmos_master.sh tmpfile_f005_16 pgb2file_f005_16 0p25:0p50:1p00'
+ run_mpmd.sh[69](( nm=nm+1 ))
+ run_mpmd.sh[67]IFS=
+ run_mpmd.sh[67]read -r line
+ run_mpmd.sh[68]echo '16 /work2/noaa/global/mterry/global-workflow_forked/ush/interp_atmos_master.sh tmpfile_f005_17 pgb2file_f005_17 0p25:0p50:1p00'
+ run_mpmd.sh[69](( nm=nm+1 ))
+ run_mpmd.sh[67]IFS=
+ run_mpmd.sh[67]read -r line
+ run_mpmd.sh[68]echo '17 /work2/noaa/global/mterry/global-workflow_forked/ush/interp_atmos_master.sh tmpfile_f005_18 pgb2file_f005_18 0p25:0p50:1p00'
+ run_mpmd.sh[69](( nm=nm+1 ))
+ run_mpmd.sh[67]IFS=
+ run_mpmd.sh[67]read -r line
+ run_mpmd.sh[68]echo '18 /work2/noaa/global/mterry/global-workflow_forked/ush/interp_atmos_master.sh tmpfile_f005_19 pgb2file_f005_19 0p25:0p50:1p00'
+ run_mpmd.sh[69](( nm=nm+1 ))
+ run_mpmd.sh[67]IFS=
+ run_mpmd.sh[67]read -r line
+ run_mpmd.sh[68]echo '19 /work2/noaa/global/mterry/global-workflow_forked/ush/interp_atmos_master.sh tmpfile_f005_20 pgb2file_f005_20 0p25:0p50:1p00'
+ run_mpmd.sh[69](( nm=nm+1 ))
+ run_mpmd.sh[67]IFS=
+ run_mpmd.sh[67]read -r line
+ run_mpmd.sh[68]echo '20 /work2/noaa/global/mterry/global-workflow_forked/ush/interp_atmos_master.sh tmpfile_f005_21 pgb2file_f005_21 0p25:0p50:1p00'
+ run_mpmd.sh[69](( nm=nm+1 ))
+ run_mpmd.sh[67]IFS=
+ run_mpmd.sh[67]read -r line
+ run_mpmd.sh[68]echo '21 /work2/noaa/global/mterry/global-workflow_forked/ush/interp_atmos_master.sh tmpfile_f005_22 pgb2file_f005_22 0p25:0p50:1p00'
+ run_mpmd.sh[69](( nm=nm+1 ))
+ run_mpmd.sh[67]IFS=
+ run_mpmd.sh[67]read -r line
+ run_mpmd.sh[68]echo '22 /work2/noaa/global/mterry/global-workflow_forked/ush/interp_atmos_master.sh tmpfile_f005_23 pgb2file_f005_23 0p25:0p50:1p00'
+ run_mpmd.sh[69](( nm=nm+1 ))
+ run_mpmd.sh[67]IFS=
+ run_mpmd.sh[67]read -r line
+ run_mpmd.sh[68]echo '23 /work2/noaa/global/mterry/global-workflow_forked/ush/interp_atmos_master.sh tmpfile_f005_24 pgb2file_f005_24 0p25:0p50:1p00'
+ run_mpmd.sh[69](( nm=nm+1 ))
+ run_mpmd.sh[67]IFS=
+ run_mpmd.sh[67]read -r line
+ run_mpmd.sh[72]set +e
+ run_mpmd.sh[74]srun -l --export=ALL --hint=nomultithread --multi-prog --output=mpmd.%j.%t.out -n 24 /work2/noaa/stmp/mterry/HERCULES/RUNDIRS/C96C48_hybatmDA/gdas.2021122106/atmos_products_f005.333254/mpmd_cmdfile
+ run_mpmd.sh[75]err=0
+ run_mpmd.sh[76]set_strict
+ preamble.sh[35][[ YES == \Y\E\S ]]
+ preamble.sh[37]set -eu
+ run_mpmd.sh[103][[ 0 -eq 0 ]]
+ run_mpmd.sh[104]rm -f /work2/noaa/stmp/mterry/HERCULES/RUNDIRS/C96C48_hybatmDA/gdas.2021122106/atmos_products_f005.333254/mpmd_cmdfile
++ run_mpmd.sh[105]find . -name 'mpmd.*.out'
+ run_mpmd.sh[105]out_files='./mpmd.5953107.19.out
./mpmd.5953107.9.out
./mpmd.5953107.10.out
./mpmd.5953107.5.out
./mpmd.5953107.17.out
./mpmd.5953107.6.out
./mpmd.5953107.14.out
./mpmd.5953107.18.out
./mpmd.5953107.20.out
./mpmd.5953107.21.out
./mpmd.5953107.0.out
./mpmd.5953107.1.out
./mpmd.5953107.16.out
./mpmd.5953107.2.out
./mpmd.5953107.22.out
./mpmd.5953107.11.out
./mpmd.5953107.23.out
./mpmd.5953107.8.out
./mpmd.5953107.3.out
./mpmd.5953107.13.out
./mpmd.5953107.15.out
./mpmd.5953107.7.out
./mpmd.5953107.12.out
./mpmd.5953107.4.out'
+ run_mpmd.sh[106]for file in ${out_files}
+ run_mpmd.sh[107]cat ./mpmd.5953107.19.out
+ run_mpmd.sh[108]rm -f ./mpmd.5953107.19.out
+ run_mpmd.sh[106]for file in ${out_files}
+ run_mpmd.sh[107]cat ./mpmd.5953107.9.out
+ run_mpmd.sh[108]rm -f ./mpmd.5953107.9.out
+ run_mpmd.sh[106]for file in ${out_files}
+ run_mpmd.sh[107]cat ./mpmd.5953107.10.out
+ run_mpmd.sh[108]rm -f ./mpmd.5953107.10.out
+ run_mpmd.sh[106]for file in ${out_files}
+ run_mpmd.sh[107]cat ./mpmd.5953107.5.out
+ run_mpmd.sh[108]rm -f ./mpmd.5953107.5.out
+ run_mpmd.sh[106]for file in ${out_files}
+ run_mpmd.sh[107]cat ./mpmd.5953107.17.out
+ run_mpmd.sh[108]rm -f ./mpmd.5953107.17.out
+ run_mpmd.sh[106]for file in ${out_files}
+ run_mpmd.sh[107]cat ./mpmd.5953107.6.out
+ run_mpmd.sh[108]rm -f ./mpmd.5953107.6.out
+ run_mpmd.sh[106]for file in ${out_files}
+ run_mpmd.sh[107]cat ./mpmd.5953107.14.out
+ run_mpmd.sh[108]rm -f ./mpmd.5953107.14.out
+ run_mpmd.sh[106]for file in ${out_files}
+ run_mpmd.sh[107]cat ./mpmd.5953107.18.out
+ run_mpmd.sh[108]rm -f ./mpmd.5953107.18.out
+ run_mpmd.sh[106]for file in ${out_files}
+ run_mpmd.sh[107]cat ./mpmd.5953107.20.out
+ run_mpmd.sh[108]rm -f ./mpmd.5953107.20.out
+ run_mpmd.sh[106]for file in ${out_files}
+ run_mpmd.sh[107]cat ./mpmd.5953107.21.out
+ run_mpmd.sh[108]rm -f ./mpmd.5953107.21.out
+ run_mpmd.sh[106]for file in ${out_files}
+ run_mpmd.sh[107]cat ./mpmd.5953107.0.out
+ run_mpmd.sh[108]rm -f ./mpmd.5953107.0.out
+ run_mpmd.sh[106]for file in ${out_files}
+ run_mpmd.sh[107]cat ./mpmd.5953107.1.out
+ run_mpmd.sh[108]rm -f ./mpmd.5953107.1.out
+ run_mpmd.sh[106]for file in ${out_files}
+ run_mpmd.sh[107]cat ./mpmd.5953107.16.out
+ run_mpmd.sh[108]rm -f ./mpmd.5953107.16.out
+ run_mpmd.sh[106]for file in ${out_files}
+ run_mpmd.sh[107]cat ./mpmd.5953107.2.out
+ run_mpmd.sh[108]rm -f ./mpmd.5953107.2.out
+ run_mpmd.sh[106]for file in ${out_files}
+ run_mpmd.sh[107]cat ./mpmd.5953107.22.out
+ run_mpmd.sh[108]rm -f ./mpmd.5953107.22.out
+ run_mpmd.sh[106]for file in ${out_files}
+ run_mpmd.sh[107]cat ./mpmd.5953107.11.out
+ run_mpmd.sh[108]rm -f ./mpmd.5953107.11.out
+ run_mpmd.sh[106]for file in ${out_files}
+ run_mpmd.sh[107]cat ./mpmd.5953107.23.out
+ run_mpmd.sh[108]rm -f ./mpmd.5953107.23.out
+ run_mpmd.sh[106]for file in ${out_files}
+ run_mpmd.sh[107]cat ./mpmd.5953107.8.out
+ run_mpmd.sh[108]rm -f ./mpmd.5953107.8.out
+ run_mpmd.sh[106]for file in ${out_files}
+ run_mpmd.sh[107]cat ./mpmd.5953107.3.out
+ run_mpmd.sh[108]rm -f ./mpmd.5953107.3.out
+ run_mpmd.sh[106]for file in ${out_files}
+ run_mpmd.sh[107]cat ./mpmd.5953107.13.out
+ run_mpmd.sh[108]rm -f ./mpmd.5953107.13.out
+ run_mpmd.sh[106]for file in ${out_files}
+ run_mpmd.sh[107]cat ./mpmd.5953107.15.out
+ run_mpmd.sh[108]rm -f ./mpmd.5953107.15.out
+ run_mpmd.sh[106]for file in ${out_files}
+ run_mpmd.sh[107]cat ./mpmd.5953107.7.out
+ run_mpmd.sh[108]rm -f ./mpmd.5953107.7.out
+ run_mpmd.sh[106]for file in ${out_files}
+ run_mpmd.sh[107]cat ./mpmd.5953107.12.out
+ run_mpmd.sh[108]rm -f ./mpmd.5953107.12.out
+ run_mpmd.sh[106]for file in ${out_files}
+ run_mpmd.sh[107]cat ./mpmd.5953107.4.out
+ run_mpmd.sh[108]rm -f ./mpmd.5953107.4.out
+ run_mpmd.sh[110]cat mpmd.out
19: + bash[8]'[' -z '' ']'
19: + bash[9]case "$-" in
19: + bash[12]__lmod_vx=x
19: + bash[16]'[' -n x ']'
19: + bash[16]set +x
19: Shell debugging temporarily silenced: export LMOD_SH_DBG_ON=1 for this output (/apps/other/lmod/lmod/init/bash)
19: Shell debugging restarted
19: + bash[224]unset __lmod_vx
19: + interp_atmos_master.sh[7]input_file=tmpfile_f005_20
19: + interp_atmos_master.sh[8]output_file_prefix=pgb2file_f005_20
19: + interp_atmos_master.sh[9]grid_string=0p25:0p50:1p00
19: + interp_atmos_master.sh[12]defaults='-set_grib_type same -set_bitmap 1 -set_grib_max_bits 16'
19: + interp_atmos_master.sh[13]interp_winds='-new_grid_winds earth'
19: + interp_atmos_master.sh[14]interp_bilinear='-new_grid_interpolation bilinear'
19: + interp_atmos_master.sh[15]interp_neighbor='-if :(CSNOW|CRAIN|CFRZR|CICEP|ICSEV): -new_grid_interpolation neighbor -fi'
19: + interp_atmos_master.sh[16]interp_budget='-if :(APCP|ACPCP|PRATE|CPRAT|DZDT): -new_grid_interpolation budget -fi'
19: + interp_atmos_master.sh[17]increased_bits='-if :(APCP|ACPCP|PRATE|CPRAT): -set_grib_max_bits 25 -fi'
19: + interp_atmos_master.sh[21]grid0p25='latlon 0:1440:0.25 90:721:-0.25'
19: + interp_atmos_master.sh[23]grid0p50='latlon 0:720:0.5 90:361:-0.5'
19: + interp_atmos_master.sh[25]grid1p00='latlon 0:360:1.0 90:181:-1.0'
19: + interp_atmos_master.sh[28]source /work2/noaa/global/mterry/global-workflow_forked/ush/product_functions.sh
19: + interp_atmos_master.sh[31]IFS=:
19: + interp_atmos_master.sh[31]read -ra grids
19: + interp_atmos_master.sh[33]output_grids=
19: + interp_atmos_master.sh[34]for grid in "${grids[@]}"
19: + interp_atmos_master.sh[35]gridopt=grid0p25
19: + interp_atmos_master.sh[36]output_grids=' -new_grid latlon 0:1440:0.25 90:721:-0.25 pgb2file_f005_20_0p25'
19: + interp_atmos_master.sh[34]for grid in "${grids[@]}"
19: + interp_atmos_master.sh[35]gridopt=grid0p50
19: + interp_atmos_master.sh[36]output_grids=' -new_grid latlon 0:1440:0.25 90:721:-0.25 pgb2file_f005_20_0p25 -new_grid latlon 0:720:0.5 90:361:-0.5 pgb2file_f005_20_0p50'
19: + interp_atmos_master.sh[34]for grid in "${grids[@]}"
19: + interp_atmos_master.sh[35]gridopt=grid1p00
19: + interp_atmos_master.sh[36]output_grids=' -new_grid latlon 0:1440:0.25 90:721:-0.25 pgb2file_f005_20_0p25 -new_grid latlon 0:720:0.5 90:361:-0.5 pgb2file_f005_20_0p50 -new_grid latlon 0:360:1.0 90:181:-1.0 pgb2file_f005_20_1p00'
19: + interp_atmos_master.sh[40]wgrib2 tmpfile_f005_20 -set_grib_type same -set_bitmap 1 -set_grib_max_bits 16 -new_grid_winds earth -new_grid_interpolation bilinear -if ':(CSNOW|CRAIN|CFRZR|CICEP|ICSEV):' -new_grid_interpolation neighbor -fi -if ':(APCP|ACPCP|PRATE|CPRAT|DZDT):' -new_grid_interpolation budget -fi -if ':(APCP|ACPCP|PRATE|CPRAT):' -set_grib_max_bits 25 -fi -new_grid latlon 0:1440:0.25 90:721:-0.25 pgb2file_f005_20_0p25 -new_grid latlon 0:720:0.5 90:361:-0.5 pgb2file_f005_20_0p50 -new_grid latlon 0:360:1.0 90:181:-1.0 pgb2file_f005_20_1p00
19: 1:0:d=2021122106:CPRAT:surface:0-5 hour ave fcst:
19: 2:78958:d=2021122106:PRATE:surface:0-5 hour ave fcst:
19: 3:152891:d=2021122106:APCP:surface:0-5 hour acc fcst:
19: 4:186492:d=2021122106:APCP:surface:0-5 hour acc fcst:
19: 5:228594:d=2021122106:ACPCP:surface:0-5 hour acc fcst:
19: 6:255631:d=2021122106:ACPCP:surface:0-5 hour acc fcst:
19: 7:290330:d=2021122106:FROZR:surface:0-5 hour acc fcst:
19: 8:299749:d=2021122106:FRZR:surface:0-5 hour acc fcst:
19: 9:309168:d=2021122106:TSNOWP:surface:0-5 hour acc fcst:
19: 10:318587:d=2021122106:WATR:surface:0-5 hour acc fcst:
19: 11:349108:d=2021122106:FROZR:surface:0-5 hour acc fcst:
19: 12:358527:d=2021122106:FRZR:surface:0-5 hour acc fcst:
19: 13:367946:d=2021122106:TSNOWP:surface:0-5 hour acc fcst:
19: 14:377365:d=2021122106:CSNOW:surface:5 hour fcst:
19: 15:382623:d=2021122106:CICEP:surface:5 hour fcst:
19: 16:382802:d=2021122106:CFRZR:surface:5 hour fcst:
19: 17:383156:d=2021122106:CRAIN:surface:5 hour fcst:
19: 18:394863:d=2021122106:LHTFL:surface:0-5 hour ave fcst:
19: 19:446175:d=2021122106:SHTFL:surface:0-5 hour ave fcst:
19: 20:521306:d=2021122106:GFLUX:surface:0-5 hour ave fcst:
19: 21:567203:d=2021122106:UFLX:surface:0-5 hour ave fcst:
19: 22:624874:d=2021122106:VFLX:surface:0-5 hour ave fcst:
19: 23:681587:d=2021122106:SFCR:surface:5 hour fcst:
19: 24:744931:d=2021122106:FRICV:surface:5 hour fcst:
19: 25:826256:d=2021122106:U-GWD:surface:0-5 hour ave fcst:
19: 26:858732:d=2021122106:V-GWD:surface:0-5 hour ave fcst:
19: 27:889959:d=2021122106:VEG:surface:5 hour fcst:
19: 28:911654:d=2021122106:SOTYP:surface:5 hour fcst:
19: 29:941802:d=2021122106:WILT:surface:5 hour fcst:
19: 30:972574:d=2021122106:FLDCP:surface:5 hour fcst:
19: 31:1004428:d=2021122106:SUNSD:surface:5 hour fcst:
19: + interp_atmos_master.sh[47]export err=0
19: + interp_atmos_master.sh[47]err=0
19: + interp_atmos_master.sh[48][[ 0 -ne 0 ]]
19: + interp_atmos_master.sh[54]for grid in "${grids[@]}"
19: + interp_atmos_master.sh[55]trim_rh pgb2file_f005_20_0p25
19: + product_functions.sh[5]local filename=pgb2file_f005_20_0p25
19: + product_functions.sh[6]wgrib2 pgb2file_f005_20_0p25 -not_if :RH: -grib pgb2file_f005_20_0p25.new -if :RH: -rpn '10:*:0.5:+:floor:1000:min:10:/' -set_grib_type same -set_scaling -1 0 -grib_out pgb2file_f005_20_0p25.new
19: 1:0:d=2021122106:CPRAT:surface:0-5 hour ave fcst:
19: 2:652352:d=2021122106:PRATE:surface:0-5 hour ave fcst:
19: 3:1217144:d=2021122106:APCP:surface:0-5 hour acc fcst:
19: 4:1433099:d=2021122106:APCP:surface:0-5 hour acc fcst:
19: 5:1717250:d=2021122106:ACPCP:surface:0-5 hour acc fcst:
19: 6:1883763:d=2021122106:ACPCP:surface:0-5 hour acc fcst:
19: 7:2111290:d=2021122106:FROZR:surface:0-5 hour acc fcst:
19: 8:2241273:d=2021122106:FRZR:surface:0-5 hour acc fcst:
19: 9:2371256:d=2021122106:TSNOWP:surface:0-5 hour acc fcst:
19: 10:2501239:d=2021122106:WATR:surface:0-5 hour acc fcst:
19: 11:2800631:d=2021122106:FROZR:surface:0-5 hour acc fcst:
19: 12:2930614:d=2021122106:FRZR:surface:0-5 hour acc fcst:
19: 13:3060597:d=2021122106:TSNOWP:surface:0-5 hour acc fcst:
19: 14:3190580:d=2021122106:CSNOW:surface:5 hour fcst:
19: 15:3219824:d=2021122106:CICEP:surface:5 hour fcst:
19: 16:3220003:d=2021122106:CFRZR:surface:5 hour fcst:
19: 17:3220883:d=2021122106:CRAIN:surface:5 hour fcst:
19: 18:3298665:d=2021122106:LHTFL:surface:0-5 hour ave fcst:
19: 19:3664646:d=2021122106:SHTFL:surface:0-5 hour ave fcst:
19: 20:4258839:d=2021122106:GFLUX:surface:0-5 hour ave fcst:
19: 21:4688068:d=2021122106:UFLX:surface:0-5 hour ave fcst:
19: 22:5112489:d=2021122106:VFLX:surface:0-5 hour ave fcst:
19: 23:5524935:d=2021122106:SFCR:surface:5 hour fcst:
19: 24:6045043:d=2021122106:FRICV:surface:5 hour fcst:
19: 25:6699258:d=2021122106:U-GWD:surface:0-5 hour ave fcst:
19: 26:6929832:d=2021122106:V-GWD:surface:0-5 hour ave fcst:
19: 27:7150642:d=2021122106:VEG:surface:5 hour fcst:
19: 28:7386017:d=2021122106:SOTYP:surface:5 hour fcst:
19: 29:7626411:d=2021122106:WILT:surface:5 hour fcst:
19: 30:7939866:d=2021122106:FLDCP:surface:5 hour fcst:
19: 31:8260859:d=2021122106:SUNSD:surface:5 hour fcst:
19: + product_functions.sh[10]rc=0
19: + product_functions.sh[11]((  rc == 0  ))
19: + product_functions.sh[11]mv pgb2file_f005_20_0p25.new pgb2file_f005_20_0p25
19: + product_functions.sh[12]return 0
19: + interp_atmos_master.sh[56]export err=0
19: + interp_atmos_master.sh[56]err=0
19: + interp_atmos_master.sh[57][[ 0 -ne 0 ]]
19: ++ interp_atmos_master.sh[62]wc -l
19: ++ interp_atmos_master.sh[62]wgrib2 pgb2file_f005_20_0p25 -match 'LAND|ICEC'
19: + interp_atmos_master.sh[62]var_count=0
19: + interp_atmos_master.sh[63][[ 0 -eq 2 ]]
19: + interp_atmos_master.sh[54]for grid in "${grids[@]}"
19: + interp_atmos_master.sh[55]trim_rh pgb2file_f005_20_0p50
19: + product_functions.sh[5]local filename=pgb2file_f005_20_0p50
19: + product_functions.sh[6]wgrib2 pgb2file_f005_20_0p50 -not_if :RH: -grib pgb2file_f005_20_0p50.new -if :RH: -rpn '10:*:0.5:+:floor:1000:min:10:/' -set_grib_type same -set_scaling -1 0 -grib_out pgb2file_f005_20_0p50.new
19: 1:0:d=2021122106:CPRAT:surface:0-5 hour ave fcst:
19: 2:208640:d=2021122106:PRATE:surface:0-5 hour ave fcst:
19: 3:395217:d=2021122106:APCP:surface:0-5 hour acc fcst:
19: 4:469597:d=2021122106:APCP:surface:0-5 hour acc fcst:
19: 5:566023:d=2021122106:ACPCP:surface:0-5 hour acc fcst:
19: 6:624370:d=2021122106:ACPCP:surface:0-5 hour acc fcst:
19: 7:702670:d=2021122106:FROZR:surface:0-5 hour acc fcst:
19: 8:735363:d=2021122106:FRZR:surface:0-5 hour acc fcst:
19: 9:768056:d=2021122106:TSNOWP:surface:0-5 hour acc fcst:
19: 10:800749:d=2021122106:WATR:surface:0-5 hour acc fcst:
19: 11:889037:d=2021122106:FROZR:surface:0-5 hour acc fcst:
19: 12:921730:d=2021122106:FRZR:surface:0-5 hour acc fcst:
19: 13:954423:d=2021122106:TSNOWP:surface:0-5 hour acc fcst:
19: 14:987116:d=2021122106:CSNOW:surface:5 hour fcst:
19: 15:998727:d=2021122106:CICEP:surface:5 hour fcst:
19: 16:998906:d=2021122106:CFRZR:surface:5 hour fcst:
19: 17:999400:d=2021122106:CRAIN:surface:5 hour fcst:
19: 18:1026067:d=2021122106:LHTFL:surface:0-5 hour ave fcst:
19: 19:1148066:d=2021122106:SHTFL:surface:0-5 hour ave fcst:
19: 20:1340132:d=2021122106:GFLUX:surface:0-5 hour ave fcst:
19: 21:1469948:d=2021122106:UFLX:surface:0-5 hour ave fcst:
19: 22:1611302:d=2021122106:VFLX:surface:0-5 hour ave fcst:
19: 23:1749638:d=2021122106:SFCR:surface:5 hour fcst:
19: 24:1913008:d=2021122106:FRICV:surface:5 hour fcst:
19: 25:2126487:d=2021122106:U-GWD:surface:0-5 hour ave fcst:
19: 26:2206995:d=2021122106:V-GWD:surface:0-5 hour ave fcst:
19: 27:2283951:d=2021122106:VEG:surface:5 hour fcst:
19: 28:2350411:d=2021122106:SOTYP:surface:5 hour fcst:
19: 29:2430542:d=2021122106:WILT:surface:5 hour fcst:
19: 30:2521740:d=2021122106:FLDCP:surface:5 hour fcst:
19: 31:2615757:d=2021122106:SUNSD:surface:5 hour fcst:
19: + product_functions.sh[10]rc=0
19: + product_functions.sh[11]((  rc == 0  ))
19: + product_functions.sh[11]mv pgb2file_f005_20_0p50.new pgb2file_f005_20_0p50
19: + product_functions.sh[12]return 0
19: + interp_atmos_master.sh[56]export err=0
19: + interp_atmos_master.sh[56]err=0
19: + interp_atmos_master.sh[57][[ 0 -ne 0 ]]
19: ++ interp_atmos_master.sh[62]wc -l
19: ++ interp_atmos_master.sh[62]wgrib2 pgb2file_f005_20_0p50 -match 'LAND|ICEC'
19: + interp_atmos_master.sh[62]var_count=0
19: + interp_atmos_master.sh[63][[ 0 -eq 2 ]]
19: + interp_atmos_master.sh[54]for grid in "${grids[@]}"
19: + interp_atmos_master.sh[55]trim_rh pgb2file_f005_20_1p00
19: + product_functions.sh[5]local filename=pgb2file_f005_20_1p00
19: + product_functions.sh[6]wgrib2 pgb2file_f005_20_1p00 -not_if :RH: -grib pgb2file_f005_20_1p00.new -if :RH: -rpn '10:*:0.5:+:floor:1000:min:10:/' -set_grib_type same -set_scaling -1 0 -grib_out pgb2file_f005_20_1p00.new
19: 1:0:d=2021122106:CPRAT:surface:0-5 hour ave fcst:
19: 2:66445:d=2021122106:PRATE:surface:0-5 hour ave fcst:
19: 3:127158:d=2021122106:APCP:surface:0-5 hour acc fcst:
19: 4:153791:d=2021122106:APCP:surface:0-5 hour acc fcst:
19: 5:187352:d=2021122106:ACPCP:surface:0-5 hour acc fcst:
19: 6:208712:d=2021122106:ACPCP:surface:0-5 hour acc fcst:
19: 7:236149:d=2021122106:FROZR:surface:0-5 hour acc fcst:
19: 8:244497:d=2021122106:FRZR:surface:0-5 hour acc fcst:
19: 9:252845:d=2021122106:TSNOWP:surface:0-5 hour acc fcst:
19: 10:261193:d=2021122106:WATR:surface:0-5 hour acc fcst:
19: 11:286704:d=2021122106:FROZR:surface:0-5 hour acc fcst:
19: 12:295052:d=2021122106:FRZR:surface:0-5 hour acc fcst:
19: 13:303400:d=2021122106:TSNOWP:surface:0-5 hour acc fcst:
19: 14:311748:d=2021122106:CSNOW:surface:5 hour fcst:
19: 15:316190:d=2021122106:CICEP:surface:5 hour fcst:
19: 16:316369:d=2021122106:CFRZR:surface:5 hour fcst:
19: 17:316696:d=2021122106:CRAIN:surface:5 hour fcst:
19: 18:326874:d=2021122106:LHTFL:surface:0-5 hour ave fcst:
19: 19:368177:d=2021122106:SHTFL:surface:0-5 hour ave fcst:
19: 20:429276:d=2021122106:GFLUX:surface:0-5 hour ave fcst:
19: 21:467243:d=2021122106:UFLX:surface:0-5 hour ave fcst:
19: 22:515067:d=2021122106:VFLX:surface:0-5 hour ave fcst:
19: 23:561872:d=2021122106:SFCR:surface:5 hour fcst:
19: 24:612686:d=2021122106:FRICV:surface:5 hour fcst:
19: 25:678058:d=2021122106:U-GWD:surface:0-5 hour ave fcst:
19: 26:705313:d=2021122106:V-GWD:surface:0-5 hour ave fcst:
19: 27:731942:d=2021122106:VEG:surface:5 hour fcst:
19: 28:750516:d=2021122106:SOTYP:surface:5 hour fcst:
19: 29:776043:d=2021122106:WILT:surface:5 hour fcst:
19: 30:801861:d=2021122106:FLDCP:surface:5 hour fcst:
19: 31:828511:d=2021122106:SUNSD:surface:5 hour fcst:
19: + product_functions.sh[10]rc=0
19: + product_functions.sh[11]((  rc == 0  ))
19: + product_functions.sh[11]mv pgb2file_f005_20_1p00.new pgb2file_f005_20_1p00
19: + product_functions.sh[12]return 0
19: + interp_atmos_master.sh[56]export err=0
19: + interp_atmos_master.sh[56]err=0
19: + interp_atmos_master.sh[57][[ 0 -ne 0 ]]
19: ++ interp_atmos_master.sh[62]wc -l
19: ++ interp_atmos_master.sh[62]wgrib2 pgb2file_f005_20_1p00 -match 'LAND|ICEC'
19: + interp_atmos_master.sh[62]var_count=0
19: + interp_atmos_master.sh[63][[ 0 -eq 2 ]]
19: + interp_atmos_master.sh[73]exit 0
 9: + bash[8]'[' -z '' ']'
 9: + bash[9]case "$-" in
 9: + bash[12]__lmod_vx=x
 9: + bash[16]'[' -n x ']'
 9: + bash[16]set +x
 9: Shell debugging temporarily silenced: export LMOD_SH_DBG_ON=1 for this output (/apps/other/lmod/lmod/init/bash)
 9: Shell debugging restarted
 9: + bash[224]unset __lmod_vx
 9: + interp_atmos_master.sh[7]input_file=tmpfile_f005_10
 9: + interp_atmos_master.sh[8]output_file_prefix=pgb2file_f005_10
 9: + interp_atmos_master.sh[9]grid_string=0p25:0p50:1p00
 9: + interp_atmos_master.sh[12]defaults='-set_grib_type same -set_bitmap 1 -set_grib_max_bits 16'
 9: + interp_atmos_master.sh[13]interp_winds='-new_grid_winds earth'
 9: + interp_atmos_master.sh[14]interp_bilinear='-new_grid_interpolation bilinear'
 9: + interp_atmos_master.sh[15]interp_neighbor='-if :(CSNOW|CRAIN|CFRZR|CICEP|ICSEV): -new_grid_interpolation neighbor -fi'
 9: + interp_atmos_master.sh[16]interp_budget='-if :(APCP|ACPCP|PRATE|CPRAT|DZDT): -new_grid_interpolation budget -fi'
 9: + interp_atmos_master.sh[17]increased_bits='-if :(APCP|ACPCP|PRATE|CPRAT): -set_grib_max_bits 25 -fi'
 9: + interp_atmos_master.sh[21]grid0p25='latlon 0:1440:0.25 90:721:-0.25'
 9: + interp_atmos_master.sh[23]grid0p50='latlon 0:720:0.5 90:361:-0.5'
 9: + interp_atmos_master.sh[25]grid1p00='latlon 0:360:1.0 90:181:-1.0'
 9: + interp_atmos_master.sh[28]source /work2/noaa/global/mterry/global-workflow_forked/ush/product_functions.sh
 9: + interp_atmos_master.sh[31]IFS=:
 9: + interp_atmos_master.sh[31]read -ra grids
 9: + interp_atmos_master.sh[33]output_grids=
 9: + interp_atmos_master.sh[34]for grid in "${grids[@]}"
 9: + interp_atmos_master.sh[35]gridopt=grid0p25
 9: + interp_atmos_master.sh[36]output_grids=' -new_grid latlon 0:1440:0.25 90:721:-0.25 pgb2file_f005_10_0p25'
 9: + interp_atmos_master.sh[34]for grid in "${grids[@]}"
 9: + interp_atmos_master.sh[35]gridopt=grid0p50
 9: + interp_atmos_master.sh[36]output_grids=' -new_grid latlon 0:1440:0.25 90:721:-0.25 pgb2file_f005_10_0p25 -new_grid latlon 0:720:0.5 90:361:-0.5 pgb2file_f005_10_0p50'
 9: + interp_atmos_master.sh[34]for grid in "${grids[@]}"
 9: + interp_atmos_master.sh[35]gridopt=grid1p00
 9: + interp_atmos_master.sh[36]output_grids=' -new_grid latlon 0:1440:0.25 90:721:-0.25 pgb2file_f005_10_0p25 -new_grid latlon 0:720:0.5 90:361:-0.5 pgb2file_f005_10_0p50 -new_grid latlon 0:360:1.0 90:181:-1.0 pgb2file_f005_10_1p00'
 9: + interp_atmos_master.sh[40]wgrib2 tmpfile_f005_10 -set_grib_type same -set_bitmap 1 -set_grib_max_bits 16 -new_grid_winds earth -new_grid_interpolation bilinear -if ':(CSNOW|CRAIN|CFRZR|CICEP|ICSEV):' -new_grid_interpolation neighbor -fi -if ':(APCP|ACPCP|PRATE|CPRAT|DZDT):' -new_grid_interpolation budget -fi -if ':(APCP|ACPCP|PRATE|CPRAT):' -set_grib_max_bits 25 -fi -new_grid latlon 0:1440:0.25 90:721:-0.25 pgb2file_f005_10_0p25 -new_grid latlon 0:720:0.5 90:361:-0.5 pgb2file_f005_10_0p50 -new_grid latlon 0:360:1.0 90:181:-1.0 pgb2file_f005_10_1p00
 9: 1:0:d=2021122106:RWMR:250 mb:5 hour fcst:
 9: 2:179:d=2021122106:SNMR:250 mb:5 hour fcst:
 9: 3:15468:d=2021122106:GRLE:250 mb:5 hour fcst:
 9: 4:16392:d=2021122106:O3MR:250 mb:5 hour fcst:
 9: 5:117276:d=2021122106:HGT:300 mb:5 hour fcst:
 9: 6:190576:d=2021122106:TMP:300 mb:5 hour fcst:
 9: 7:254985:d=2021122106:RH:300 mb:5 hour fcst:
 9: 8:322937:d=2021122106:TCDC:300 mb:5 hour fcst:
 9: 9:358954:d=2021122106:SPFH:300 mb:5 hour fcst:
 9: 10:455372:d=2021122106:VVEL:300 mb:5 hour fcst:
 9: 11:552828:d=2021122106:DZDT:300 mb:5 hour fcst:
 9: 12:633238:d=2021122106:UGRD:300 mb:5 hour fcst:
 9: 13:684601:d=2021122106:VGRD:300 mb:5 hour fcst:
 9: 14:737523:d=2021122106:ABSV:300 mb:5 hour fcst:
 9: 15:825915:d=2021122106:CLMR:300 mb:5 hour fcst:
 9: 16:826094:d=2021122106:ICMR:300 mb:5 hour fcst:
 9: 17:873367:d=2021122106:RWMR:300 mb:5 hour fcst:
 9: 18:873546:d=2021122106:SNMR:300 mb:5 hour fcst:
 9: 19:896721:d=2021122106:GRLE:300 mb:5 hour fcst:
 9: 20:897485:d=2021122106:O3MR:300 mb:5 hour fcst:
 9: 21:993381:d=2021122106:HGT:350 mb:5 hour fcst:
 9: 22:1067010:d=2021122106:TMP:350 mb:5 hour fcst:
 9: 23:1130435:d=2021122106:RH:350 mb:5 hour fcst:
 9: 24:1199173:d=2021122106:TCDC:350 mb:5 hour fcst:
 9: 25:1235012:d=2021122106:SPFH:350 mb:5 hour fcst:
 9: 26:1341071:d=2021122106:VVEL:350 mb:5 hour fcst:
 9: 27:1439099:d=2021122106:DZDT:350 mb:5 hour fcst:
 9: 28:1541866:d=2021122106:UGRD:350 mb:5 hour fcst:
 9: 29:1592501:d=2021122106:VGRD:350 mb:5 hour fcst:
 9: 30:1644728:d=2021122106:ABSV:350 mb:5 hour fcst:
 9: 31:1732905:d=2021122106:CLMR:350 mb:5 hour fcst:
 9: + interp_atmos_master.sh[47]export err=0
 9: + interp_atmos_master.sh[47]err=0
 9: + interp_atmos_master.sh[48][[ 0 -ne 0 ]]
 9: + interp_atmos_master.sh[54]for grid in "${grids[@]}"
 9: + interp_atmos_master.sh[55]trim_rh pgb2file_f005_10_0p25
 9: + product_functions.sh[5]local filename=pgb2file_f005_10_0p25
 9: + product_functions.sh[6]wgrib2 pgb2file_f005_10_0p25 -not_if :RH: -grib pgb2file_f005_10_0p25.new -if :RH: -rpn '10:*:0.5:+:floor:1000:min:10:/' -set_grib_type same -set_scaling -1 0 -grib_out pgb2file_f005_10_0p25.new
 9: 1:0:d=2021122106:RWMR:250 mb:5 hour fcst:
 9: 2:179:d=2021122106:SNMR:250 mb:5 hour fcst:
 9: 3:91526:d=2021122106:GRLE:250 mb:5 hour fcst:
 9: 4:97547:d=2021122106:O3MR:250 mb:5 hour fcst:
 9: 5:995978:d=2021122106:HGT:300 mb:5 hour fcst:
 9: 6:1579992:d=2021122106:TMP:300 mb:5 hour fcst:
 9: 7:2064674:d=2021122106:RH:300 mb:5 hour fcst:
 9: 8:2585071:d=2021122106:TCDC:300 mb:5 hour fcst:
 9: 9:2847054:d=2021122106:SPFH:300 mb:5 hour fcst:
 9: 10:3709315:d=2021122106:VVEL:300 mb:5 hour fcst:
 9: 11:4581542:d=2021122106:DZDT:300 mb:5 hour fcst:
 9: 12:5236373:d=2021122106:UGRD:300 mb:5 hour fcst:
 9: 13:5602470:d=2021122106:VGRD:300 mb:5 hour fcst:
 9: 14:5981708:d=2021122106:ABSV:300 mb:5 hour fcst:
 9: 15:6746934:d=2021122106:CLMR:300 mb:5 hour fcst:
 9: 16:6747113:d=2021122106:ICMR:300 mb:5 hour fcst:
 9: 17:7118449:d=2021122106:RWMR:300 mb:5 hour fcst:
 9: 18:7118628:d=2021122106:SNMR:300 mb:5 hour fcst:
 9: 19:7267644:d=2021122106:GRLE:300 mb:5 hour fcst:
 9: 20:7272738:d=2021122106:O3MR:300 mb:5 hour fcst:
 9: 21:8113013:d=2021122106:HGT:350 mb:5 hour fcst:
 9: 22:8691787:d=2021122106:TMP:350 mb:5 hour fcst:
 9: 23:9162700:d=2021122106:RH:350 mb:5 hour fcst:
 9: 24:9689889:d=2021122106:TCDC:350 mb:5 hour fcst:
 9: 25:9950023:d=2021122106:SPFH:350 mb:5 hour fcst:
 9: 26:10922712:d=2021122106:VVEL:350 mb:5 hour fcst:
 9: 27:11817053:d=2021122106:DZDT:350 mb:5 hour fcst:
 9: 28:12736769:d=2021122106:UGRD:350 mb:5 hour fcst:
 9: 29:13094258:d=2021122106:VGRD:350 mb:5 hour fcst:
 9: 30:13467138:d=2021122106:ABSV:350 mb:5 hour fcst:
 9: 31:14221655:d=2021122106:CLMR:350 mb:5 hour fcst:
 9: + product_functions.sh[10]rc=0
 9: + product_functions.sh[11]((  rc == 0  ))
 9: + product_functions.sh[11]mv pgb2file_f005_10_0p25.new pgb2file_f005_10_0p25
 9: + product_functions.sh[12]return 0
 9: + interp_atmos_master.sh[56]export err=0
 9: + interp_atmos_master.sh[56]err=0
 9: + interp_atmos_master.sh[57][[ 0 -ne 0 ]]
 9: ++ interp_atmos_master.sh[62]wc -l
 9: ++ interp_atmos_master.sh[62]wgrib2 pgb2file_f005_10_0p25 -match 'LAND|ICEC'
 9: + interp_atmos_master.sh[62]var_count=0
 9: + interp_atmos_master.sh[63][[ 0 -eq 2 ]]
 9: + interp_atmos_master.sh[54]for grid in "${grids[@]}"
 9: + interp_atmos_master.sh[55]trim_rh pgb2file_f005_10_0p50
 9: + product_functions.sh[5]local filename=pgb2file_f005_10_0p50
 9: + product_functions.sh[6]wgrib2 pgb2file_f005_10_0p50 -not_if :RH: -grib pgb2file_f005_10_0p50.new -if :RH: -rpn '10:*:0.5:+:floor:1000:min:10:/' -set_grib_type same -set_scaling -1 0 -grib_out pgb2file_f005_10_0p50.new
 9: 1:0:d=2021122106:RWMR:250 mb:5 hour fcst:
 9: 2:179:d=2021122106:SNMR:250 mb:5 hour fcst:
 9: 3:33965:d=2021122106:GRLE:250 mb:5 hour fcst:
 9: 4:36310:d=2021122106:O3MR:250 mb:5 hour fcst:
 9: 5:314111:d=2021122106:HGT:300 mb:5 hour fcst:
 9: 6:504735:d=2021122106:TMP:300 mb:5 hour fcst:
 9: 7:666662:d=2021122106:RH:300 mb:5 hour fcst:
 9: 8:837968:d=2021122106:TCDC:300 mb:5 hour fcst:
 9: 9:931151:d=2021122106:SPFH:300 mb:5 hour fcst:
 9: 10:1194546:d=2021122106:VVEL:300 mb:5 hour fcst:
 9: 11:1461278:d=2021122106:DZDT:300 mb:5 hour fcst:
 9: 12:1668432:d=2021122106:UGRD:300 mb:5 hour fcst:
 9: 13:1792291:d=2021122106:VGRD:300 mb:5 hour fcst:
 9: 14:1920876:d=2021122106:ABSV:300 mb:5 hour fcst:
 9: 15:2160111:d=2021122106:CLMR:300 mb:5 hour fcst:
 9: 16:2160290:d=2021122106:ICMR:300 mb:5 hour fcst:
 9: 17:2281802:d=2021122106:RWMR:300 mb:5 hour fcst:
 9: 18:2281981:d=2021122106:SNMR:300 mb:5 hour fcst:
 9: 19:2335814:d=2021122106:GRLE:300 mb:5 hour fcst:
 9: 20:2337758:d=2021122106:O3MR:300 mb:5 hour fcst:
 9: 21:2601431:d=2021122106:HGT:350 mb:5 hour fcst:
 9: 22:2791036:d=2021122106:TMP:350 mb:5 hour fcst:
 9: 23:2949726:d=2021122106:RH:350 mb:5 hour fcst:
 9: 24:3123576:d=2021122106:TCDC:350 mb:5 hour fcst:
 9: 25:3217283:d=2021122106:SPFH:350 mb:5 hour fcst:
 9: 26:3511624:d=2021122106:VVEL:350 mb:5 hour fcst:
 9: 27:3783669:d=2021122106:DZDT:350 mb:5 hour fcst:
 9: 28:4062268:d=2021122106:UGRD:350 mb:5 hour fcst:
 9: 29:4183847:d=2021122106:VGRD:350 mb:5 hour fcst:
 9: 30:4310645:d=2021122106:ABSV:350 mb:5 hour fcst:
 9: 31:4549095:d=2021122106:CLMR:350 mb:5 hour fcst:
 9: + product_functions.sh[10]rc=0
 9: + product_functions.sh[11]((  rc == 0  ))
 9: + product_functions.sh[11]mv pgb2file_f005_10_0p50.new pgb2file_f005_10_0p50
 9: + product_functions.sh[12]return 0
 9: + interp_atmos_master.sh[56]export err=0
 9: + interp_atmos_master.sh[56]err=0
 9: + interp_atmos_master.sh[57][[ 0 -ne 0 ]]
 9: ++ interp_atmos_master.sh[62]wc -l
 9: ++ interp_atmos_master.sh[62]wgrib2 pgb2file_f005_10_0p50 -match 'LAND|ICEC'
 9: + interp_atmos_master.sh[62]var_count=0
 9: + interp_atmos_master.sh[63][[ 0 -eq 2 ]]
 9: + interp_atmos_master.sh[54]for grid in "${grids[@]}"
 9: + interp_atmos_master.sh[55]trim_rh pgb2file_f005_10_1p00
 9: + product_functions.sh[5]local filename=pgb2file_f005_10_1p00
 9: + product_functions.sh[6]wgrib2 pgb2file_f005_10_1p00 -not_if :RH: -grib pgb2file_f005_10_1p00.new -if :RH: -rpn '10:*:0.5:+:floor:1000:min:10:/' -set_grib_type same -set_scaling -1 0 -grib_out pgb2file_f005_10_1p00.new
 9: 1:0:d=2021122106:RWMR:250 mb:5 hour fcst:
 9: 2:179:d=2021122106:SNMR:250 mb:5 hour fcst:
 9: 3:13346:d=2021122106:GRLE:250 mb:5 hour fcst:
 9: 4:14424:d=2021122106:O3MR:250 mb:5 hour fcst:
 9: 5:98633:d=2021122106:HGT:300 mb:5 hour fcst:
 9: 6:159808:d=2021122106:TMP:300 mb:5 hour fcst:
 9: 7:212562:d=2021122106:RH:300 mb:5 hour fcst:
 9: 8:269166:d=2021122106:TCDC:300 mb:5 hour fcst:
 9: 9:301928:d=2021122106:SPFH:300 mb:5 hour fcst:
 9: 10:381716:d=2021122106:VVEL:300 mb:5 hour fcst:
 9: 11:462553:d=2021122106:DZDT:300 mb:5 hour fcst:
 9: 12:527338:d=2021122106:UGRD:300 mb:5 hour fcst:
 9: 13:569863:d=2021122106:VGRD:300 mb:5 hour fcst:
 9: 14:614158:d=2021122106:ABSV:300 mb:5 hour fcst:
 9: 15:688032:d=2021122106:CLMR:300 mb:5 hour fcst:
 9: 16:688211:d=2021122106:ICMR:300 mb:5 hour fcst:
 9: 17:729625:d=2021122106:RWMR:300 mb:5 hour fcst:
 9: 18:729804:d=2021122106:SNMR:300 mb:5 hour fcst:
 9: 19:750226:d=2021122106:GRLE:300 mb:5 hour fcst:
 9: 20:751130:d=2021122106:O3MR:300 mb:5 hour fcst:
 9: 21:832013:d=2021122106:HGT:350 mb:5 hour fcst:
 9: 22:893013:d=2021122106:TMP:350 mb:5 hour fcst:
 9: 23:944595:d=2021122106:RH:350 mb:5 hour fcst:
 9: 24:1001833:d=2021122106:TCDC:350 mb:5 hour fcst:
 9: 25:1034598:d=2021122106:SPFH:350 mb:5 hour fcst:
 9: 26:1122821:d=2021122106:VVEL:350 mb:5 hour fcst:
 9: 27:1204726:d=2021122106:DZDT:350 mb:5 hour fcst:
 9: 28:1287987:d=2021122106:UGRD:350 mb:5 hour fcst:
 9: 29:1329703:d=2021122106:VGRD:350 mb:5 hour fcst:
 9: 30:1373235:d=2021122106:ABSV:350 mb:5 hour fcst:
 9: 31:1447179:d=2021122106:CLMR:350 mb:5 hour fcst:
 9: + product_functions.sh[10]rc=0
 9: + product_functions.sh[11]((  rc == 0  ))
 9: + product_functions.sh[11]mv pgb2file_f005_10_1p00.new pgb2file_f005_10_1p00
 9: + product_functions.sh[12]return 0
 9: + interp_atmos_master.sh[56]export err=0
 9: + interp_atmos_master.sh[56]err=0
 9: + interp_atmos_master.sh[57][[ 0 -ne 0 ]]
 9: ++ interp_atmos_master.sh[62]wc -l
 9: ++ interp_atmos_master.sh[62]wgrib2 pgb2file_f005_10_1p00 -match 'LAND|ICEC'
 9: + interp_atmos_master.sh[62]var_count=0
 9: + interp_atmos_master.sh[63][[ 0 -eq 2 ]]
 9: + interp_atmos_master.sh[73]exit 0
10: + bash[8]'[' -z '' ']'
10: + bash[9]case "$-" in
10: + bash[12]__lmod_vx=x
10: + bash[16]'[' -n x ']'
10: + bash[16]set +x
10: Shell debugging temporarily silenced: export LMOD_SH_DBG_ON=1 for this output (/apps/other/lmod/lmod/init/bash)
10: Shell debugging restarted
10: + bash[224]unset __lmod_vx
10: + interp_atmos_master.sh[7]input_file=tmpfile_f005_11
10: + interp_atmos_master.sh[8]output_file_prefix=pgb2file_f005_11
10: + interp_atmos_master.sh[9]grid_string=0p25:0p50:1p00
10: + interp_atmos_master.sh[12]defaults='-set_grib_type same -set_bitmap 1 -set_grib_max_bits 16'
10: + interp_atmos_master.sh[13]interp_winds='-new_grid_winds earth'
10: + interp_atmos_master.sh[14]interp_bilinear='-new_grid_interpolation bilinear'
10: + interp_atmos_master.sh[15]interp_neighbor='-if :(CSNOW|CRAIN|CFRZR|CICEP|ICSEV): -new_grid_interpolation neighbor -fi'
10: + interp_atmos_master.sh[16]interp_budget='-if :(APCP|ACPCP|PRATE|CPRAT|DZDT): -new_grid_interpolation budget -fi'
10: + interp_atmos_master.sh[17]increased_bits='-if :(APCP|ACPCP|PRATE|CPRAT): -set_grib_max_bits 25 -fi'
10: + interp_atmos_master.sh[21]grid0p25='latlon 0:1440:0.25 90:721:-0.25'
10: + interp_atmos_master.sh[23]grid0p50='latlon 0:720:0.5 90:361:-0.5'
10: + interp_atmos_master.sh[25]grid1p00='latlon 0:360:1.0 90:181:-1.0'
10: + interp_atmos_master.sh[28]source /work2/noaa/global/mterry/global-workflow_forked/ush/product_functions.sh
10: + interp_atmos_master.sh[31]IFS=:
10: + interp_atmos_master.sh[31]read -ra grids
10: + interp_atmos_master.sh[33]output_grids=
10: + interp_atmos_master.sh[34]for grid in "${grids[@]}"
10: + interp_atmos_master.sh[35]gridopt=grid0p25
10: + interp_atmos_master.sh[36]output_grids=' -new_grid latlon 0:1440:0.25 90:721:-0.25 pgb2file_f005_11_0p25'
10: + interp_atmos_master.sh[34]for grid in "${grids[@]}"
10: + interp_atmos_master.sh[35]gridopt=grid0p50
10: + interp_atmos_master.sh[36]output_grids=' -new_grid latlon 0:1440:0.25 90:721:-0.25 pgb2file_f005_11_0p25 -new_grid latlon 0:720:0.5 90:361:-0.5 pgb2file_f005_11_0p50'
10: + interp_atmos_master.sh[34]for grid in "${grids[@]}"
10: + interp_atmos_master.sh[35]gridopt=grid1p00
10: + interp_atmos_master.sh[36]output_grids=' -new_grid latlon 0:1440:0.25 90:721:-0.25 pgb2file_f005_11_0p25 -new_grid latlon 0:720:0.5 90:361:-0.5 pgb2file_f005_11_0p50 -new_grid latlon 0:360:1.0 90:181:-1.0 pgb2file_f005_11_1p00'
10: + interp_atmos_master.sh[40]wgrib2 tmpfile_f005_11 -set_grib_type same -set_bitmap 1 -set_grib_max_bits 16 -new_grid_winds earth -new_grid_interpolation bilinear -if ':(CSNOW|CRAIN|CFRZR|CICEP|ICSEV):' -new_grid_interpolation neighbor -fi -if ':(APCP|ACPCP|PRATE|CPRAT|DZDT):' -new_grid_interpolation budget -fi -if ':(APCP|ACPCP|PRATE|CPRAT):' -set_grib_max_bits 25 -fi -new_grid latlon 0:1440:0.25 90:721:-0.25 pgb2file_f005_11_0p25 -new_grid latlon 0:720:0.5 90:361:-0.5 pgb2file_f005_11_0p50 -new_grid latlon 0:360:1.0 90:181:-1.0 pgb2file_f005_11_1p00
10: 1:0:d=2021122106:ICMR:350 mb:5 hour fcst:
10: 2:47510:d=2021122106:RWMR:350 mb:5 hour fcst:
10: 3:47689:d=2021122106:SNMR:350 mb:5 hour fcst:
10: 4:76716:d=2021122106:GRLE:350 mb:5 hour fcst:
10: 5:78022:d=2021122106:O3MR:350 mb:5 hour fcst:
10: 6:170076:d=2021122106:HGT:400 mb:5 hour fcst:
10: 7:243002:d=2021122106:TMP:400 mb:5 hour fcst:
10: 8:306881:d=2021122106:RH:400 mb:5 hour fcst:
10: 9:376500:d=2021122106:TCDC:400 mb:5 hour fcst:
10: 10:410441:d=2021122106:SPFH:400 mb:5 hour fcst:
10: 11:515150:d=2021122106:VVEL:400 mb:5 hour fcst:
10: 12:614023:d=2021122106:DZDT:400 mb:5 hour fcst:
10: 13:715685:d=2021122106:UGRD:400 mb:5 hour fcst:
10: 14:765149:d=2021122106:VGRD:400 mb:5 hour fcst:
10: 15:816284:d=2021122106:ABSV:400 mb:5 hour fcst:
10: 16:903195:d=2021122106:CLMR:400 mb:5 hour fcst:
10: 17:904208:d=2021122106:ICMR:400 mb:5 hour fcst:
10: 18:950006:d=2021122106:RWMR:400 mb:5 hour fcst:
10: 19:950483:d=2021122106:SNMR:400 mb:5 hour fcst:
10: 20:982729:d=2021122106:GRLE:400 mb:5 hour fcst:
10: 21:985293:d=2021122106:O3MR:400 mb:5 hour fcst:
10: 22:1074989:d=2021122106:HGT:450 mb:5 hour fcst:
10: 23:1156700:d=2021122106:TMP:450 mb:5 hour fcst:
10: 24:1221124:d=2021122106:RH:450 mb:5 hour fcst:
10: 25:1290791:d=2021122106:TCDC:450 mb:5 hour fcst:
10: 26:1324193:d=2021122106:SPFH:450 mb:5 hour fcst:
10: 27:1425538:d=2021122106:VVEL:450 mb:5 hour fcst:
10: 28:1524937:d=2021122106:DZDT:450 mb:5 hour fcst:
10: 29:1626002:d=2021122106:UGRD:450 mb:5 hour fcst:
10: 30:1674367:d=2021122106:VGRD:450 mb:5 hour fcst:
10: 31:1723786:d=2021122106:ABSV:450 mb:5 hour fcst:
10: + interp_atmos_master.sh[47]export err=0
10: + interp_atmos_master.sh[47]err=0
10: + interp_atmos_master.sh[48][[ 0 -ne 0 ]]
10: + interp_atmos_master.sh[54]for grid in "${grids[@]}"
10: + interp_atmos_master.sh[55]trim_rh pgb2file_f005_11_0p25
10: + product_functions.sh[5]local filename=pgb2file_f005_11_0p25
10: + product_functions.sh[6]wgrib2 pgb2file_f005_11_0p25 -not_if :RH: -grib pgb2file_f005_11_0p25.new -if :RH: -rpn '10:*:0.5:+:floor:1000:min:10:/' -set_grib_type same -set_scaling -1 0 -grib_out pgb2file_f005_11_0p25.new
10: 1:0:d=2021122106:ICMR:350 mb:5 hour fcst:
10: 2:375925:d=2021122106:RWMR:350 mb:5 hour fcst:
10: 3:376104:d=2021122106:SNMR:350 mb:5 hour fcst:
10: 4:572730:d=2021122106:GRLE:350 mb:5 hour fcst:
10: 5:579450:d=2021122106:O3MR:350 mb:5 hour fcst:
10: 6:1375348:d=2021122106:HGT:400 mb:5 hour fcst:
10: 7:1944185:d=2021122106:TMP:400 mb:5 hour fcst:
10: 8:2423763:d=2021122106:RH:400 mb:5 hour fcst:
10: 9:2959627:d=2021122106:TCDC:400 mb:5 hour fcst:
10: 10:3204066:d=2021122106:SPFH:400 mb:5 hour fcst:
10: 11:4158410:d=2021122106:VVEL:400 mb:5 hour fcst:
10: 12:5065352:d=2021122106:DZDT:400 mb:5 hour fcst:
10: 13:5980424:d=2021122106:UGRD:400 mb:5 hour fcst:
10: 14:6330871:d=2021122106:VGRD:400 mb:5 hour fcst:
10: 15:6694612:d=2021122106:ABSV:400 mb:5 hour fcst:
10: 16:7435781:d=2021122106:CLMR:400 mb:5 hour fcst:
10: 17:7443138:d=2021122106:ICMR:400 mb:5 hour fcst:
10: 18:7802380:d=2021122106:RWMR:400 mb:5 hour fcst:
10: 19:7804506:d=2021122106:SNMR:400 mb:5 hour fcst:
10: 20:8029888:d=2021122106:GRLE:400 mb:5 hour fcst:
10: 21:8044490:d=2021122106:O3MR:400 mb:5 hour fcst:
10: 22:8810285:d=2021122106:HGT:450 mb:5 hour fcst:
10: 23:9481429:d=2021122106:TMP:450 mb:5 hour fcst:
10: 24:9966365:d=2021122106:RH:450 mb:5 hour fcst:
10: 25:10503023:d=2021122106:TCDC:450 mb:5 hour fcst:
10: 26:10746050:d=2021122106:SPFH:450 mb:5 hour fcst:
10: 27:11656017:d=2021122106:VVEL:450 mb:5 hour fcst:
10: 28:12570191:d=2021122106:DZDT:450 mb:5 hour fcst:
10: 29:13474772:d=2021122106:UGRD:450 mb:5 hour fcst:
10: 30:13817430:d=2021122106:VGRD:450 mb:5 hour fcst:
10: 31:14170735:d=2021122106:ABSV:450 mb:5 hour fcst:
10: + product_functions.sh[10]rc=0
10: + product_functions.sh[11]((  rc == 0  ))
10: + product_functions.sh[11]mv pgb2file_f005_11_0p25.new pgb2file_f005_11_0p25
10: + product_functions.sh[12]return 0
10: + interp_atmos_master.sh[56]export err=0
10: + interp_atmos_master.sh[56]err=0
10: + interp_atmos_master.sh[57][[ 0 -ne 0 ]]
10: ++ interp_atmos_master.sh[62]wc -l
10: ++ interp_atmos_master.sh[62]wgrib2 pgb2file_f005_11_0p25 -match 'LAND|ICEC'
10: + interp_atmos_master.sh[62]var_count=0
10: + interp_atmos_master.sh[63][[ 0 -eq 2 ]]
10: + interp_atmos_master.sh[54]for grid in "${grids[@]}"
10: + interp_atmos_master.sh[55]trim_rh pgb2file_f005_11_0p50
10: + product_functions.sh[5]local filename=pgb2file_f005_11_0p50
10: + product_functions.sh[6]wgrib2 pgb2file_f005_11_0p50 -not_if :RH: -grib pgb2file_f005_11_0p50.new -if :RH: -rpn '10:*:0.5:+:floor:1000:min:10:/' -set_grib_type same -set_scaling -1 0 -grib_out pgb2file_f005_11_0p50.new
10: 1:0:d=2021122106:ICMR:350 mb:5 hour fcst:
10: 2:123778:d=2021122106:RWMR:350 mb:5 hour fcst:
10: 3:123957:d=2021122106:SNMR:350 mb:5 hour fcst:
10: 4:194148:d=2021122106:GRLE:350 mb:5 hour fcst:
10: 5:197191:d=2021122106:O3MR:350 mb:5 hour fcst:
10: 6:447357:d=2021122106:HGT:400 mb:5 hour fcst:
10: 7:634277:d=2021122106:TMP:400 mb:5 hour fcst:
10: 8:794758:d=2021122106:RH:400 mb:5 hour fcst:
10: 9:971333:d=2021122106:TCDC:400 mb:5 hour fcst:
10: 10:1059421:d=2021122106:SPFH:400 mb:5 hour fcst:
10: 11:1348951:d=2021122106:VVEL:400 mb:5 hour fcst:
10: 12:1625309:d=2021122106:DZDT:400 mb:5 hour fcst:
10: 13:1901446:d=2021122106:UGRD:400 mb:5 hour fcst:
10: 14:2019827:d=2021122106:VGRD:400 mb:5 hour fcst:
10: 15:2142365:d=2021122106:ABSV:400 mb:5 hour fcst:
10: 16:2376604:d=2021122106:CLMR:400 mb:5 hour fcst:
10: 17:2379368:d=2021122106:ICMR:400 mb:5 hour fcst:
10: 18:2498010:d=2021122106:RWMR:400 mb:5 hour fcst:
10: 19:2498994:d=2021122106:SNMR:400 mb:5 hour fcst:
10: 20:2578441:d=2021122106:GRLE:400 mb:5 hour fcst:
10: 21:2584400:d=2021122106:O3MR:400 mb:5 hour fcst:
10: 22:2825141:d=2021122106:HGT:450 mb:5 hour fcst:
10: 23:3040640:d=2021122106:TMP:450 mb:5 hour fcst:
10: 24:3202431:d=2021122106:RH:450 mb:5 hour fcst:
10: 25:3380624:d=2021122106:TCDC:450 mb:5 hour fcst:
10: 26:3467792:d=2021122106:SPFH:450 mb:5 hour fcst:
10: 27:3745243:d=2021122106:VVEL:450 mb:5 hour fcst:
10: 28:4023343:d=2021122106:DZDT:450 mb:5 hour fcst:
10: 29:4298018:d=2021122106:UGRD:450 mb:5 hour fcst:
10: 30:4412300:d=2021122106:VGRD:450 mb:5 hour fcst:
10: 31:4530703:d=2021122106:ABSV:450 mb:5 hour fcst:
10: + product_functions.sh[10]rc=0
10: + product_functions.sh[11]((  rc == 0  ))
10: + product_functions.sh[11]mv pgb2file_f005_11_0p50.new pgb2file_f005_11_0p50
10: + product_functions.sh[12]return 0
10: + interp_atmos_master.sh[56]export err=0
10: + interp_atmos_master.sh[56]err=0
10: + interp_atmos_master.sh[57][[ 0 -ne 0 ]]
10: ++ interp_atmos_master.sh[62]wgrib2 pgb2file_f005_11_0p50 -match 'LAND|ICEC'
10: ++ interp_atmos_master.sh[62]wc -l
10: + interp_atmos_master.sh[62]var_count=0
10: + interp_atmos_master.sh[63][[ 0 -eq 2 ]]
10: + interp_atmos_master.sh[54]for grid in "${grids[@]}"
10: + interp_atmos_master.sh[55]trim_rh pgb2file_f005_11_1p00
10: + product_functions.sh[5]local filename=pgb2file_f005_11_1p00
10: + product_functions.sh[6]wgrib2 pgb2file_f005_11_1p00 -not_if :RH: -grib pgb2file_f005_11_1p00.new -if :RH: -rpn '10:*:0.5:+:floor:1000:min:10:/' -set_grib_type same -set_scaling -1 0 -grib_out pgb2file_f005_11_1p00.new
10: 1:0:d=2021122106:ICMR:350 mb:5 hour fcst:
10: 2:42447:d=2021122106:RWMR:350 mb:5 hour fcst:
10: 3:42626:d=2021122106:SNMR:350 mb:5 hour fcst:
10: 4:68480:d=2021122106:GRLE:350 mb:5 hour fcst:
10: 5:69914:d=2021122106:O3MR:350 mb:5 hour fcst:
10: 6:147088:d=2021122106:HGT:400 mb:5 hour fcst:
10: 7:207288:d=2021122106:TMP:400 mb:5 hour fcst:
10: 8:259682:d=2021122106:RH:400 mb:5 hour fcst:
10: 9:317675:d=2021122106:TCDC:400 mb:5 hour fcst:
10: 10:349126:d=2021122106:SPFH:400 mb:5 hour fcst:
10: 11:435914:d=2021122106:VVEL:400 mb:5 hour fcst:
10: 12:518671:d=2021122106:DZDT:400 mb:5 hour fcst:
10: 13:601415:d=2021122106:UGRD:400 mb:5 hour fcst:
10: 14:641985:d=2021122106:VGRD:400 mb:5 hour fcst:
10: 15:684394:d=2021122106:ABSV:400 mb:5 hour fcst:
10: 16:757143:d=2021122106:CLMR:400 mb:5 hour fcst:
10: 17:758327:d=2021122106:ICMR:400 mb:5 hour fcst:
10: 18:799244:d=2021122106:RWMR:400 mb:5 hour fcst:
10: 19:799757:d=2021122106:SNMR:400 mb:5 hour fcst:
10: 20:828473:d=2021122106:GRLE:400 mb:5 hour fcst:
10: 21:831040:d=2021122106:O3MR:400 mb:5 hour fcst:
10: 22:905697:d=2021122106:HGT:450 mb:5 hour fcst:
10: 23:972944:d=2021122106:TMP:450 mb:5 hour fcst:
10: 24:1025456:d=2021122106:RH:450 mb:5 hour fcst:
10: 25:1083764:d=2021122106:TCDC:450 mb:5 hour fcst:
10: 26:1114622:d=2021122106:SPFH:450 mb:5 hour fcst:
10: 27:1198198:d=2021122106:VVEL:450 mb:5 hour fcst:
10: 28:1281393:d=2021122106:DZDT:450 mb:5 hour fcst:
10: 29:1363472:d=2021122106:UGRD:450 mb:5 hour fcst:
10: 30:1403277:d=2021122106:VGRD:450 mb:5 hour fcst:
10: 31:1444772:d=2021122106:ABSV:450 mb:5 hour fcst:
10: + product_functions.sh[10]rc=0
10: + product_functions.sh[11]((  rc == 0  ))
10: + product_functions.sh[11]mv pgb2file_f005_11_1p00.new pgb2file_f005_11_1p00
10: + product_functions.sh[12]return 0
10: + interp_atmos_master.sh[56]export err=0
10: + interp_atmos_master.sh[56]err=0
10: + interp_atmos_master.sh[57][[ 0 -ne 0 ]]
10: ++ interp_atmos_master.sh[62]wc -l
10: ++ interp_atmos_master.sh[62]wgrib2 pgb2file_f005_11_1p00 -match 'LAND|ICEC'
10: + interp_atmos_master.sh[62]var_count=0
10: + interp_atmos_master.sh[63][[ 0 -eq 2 ]]
10: + interp_atmos_master.sh[73]exit 0
 5: + bash[8]'[' -z '' ']'
 5: + bash[9]case "$-" in
 5: + bash[12]__lmod_vx=x
 5: + bash[16]'[' -n x ']'
 5: + bash[16]set +x
 5: Shell debugging temporarily silenced: export LMOD_SH_DBG_ON=1 for this output (/apps/other/lmod/lmod/init/bash)
 5: Shell debugging restarted
 5: + bash[224]unset __lmod_vx
 5: + interp_atmos_master.sh[7]input_file=tmpfile_f005_6
 5: + interp_atmos_master.sh[8]output_file_prefix=pgb2file_f005_6
 5: + interp_atmos_master.sh[9]grid_string=0p25:0p50:1p00
 5: + interp_atmos_master.sh[12]defaults='-set_grib_type same -set_bitmap 1 -set_grib_max_bits 16'
 5: + interp_atmos_master.sh[13]interp_winds='-new_grid_winds earth'
 5: + interp_atmos_master.sh[14]interp_bilinear='-new_grid_interpolation bilinear'
 5: + interp_atmos_master.sh[15]interp_neighbor='-if :(CSNOW|CRAIN|CFRZR|CICEP|ICSEV): -new_grid_interpolation neighbor -fi'
 5: + interp_atmos_master.sh[16]interp_budget='-if :(APCP|ACPCP|PRATE|CPRAT|DZDT): -new_grid_interpolation budget -fi'
 5: + interp_atmos_master.sh[17]increased_bits='-if :(APCP|ACPCP|PRATE|CPRAT): -set_grib_max_bits 25 -fi'
 5: + interp_atmos_master.sh[21]grid0p25='latlon 0:1440:0.25 90:721:-0.25'
 5: + interp_atmos_master.sh[23]grid0p50='latlon 0:720:0.5 90:361:-0.5'
 5: + interp_atmos_master.sh[25]grid1p00='latlon 0:360:1.0 90:181:-1.0'
 5: + interp_atmos_master.sh[28]source /work2/noaa/global/mterry/global-workflow_forked/ush/product_functions.sh
 5: + interp_atmos_master.sh[31]IFS=:
 5: + interp_atmos_master.sh[31]read -ra grids
 5: + interp_atmos_master.sh[33]output_grids=
 5: + interp_atmos_master.sh[34]for grid in "${grids[@]}"
 5: + interp_atmos_master.sh[35]gridopt=grid0p25
 5: + interp_atmos_master.sh[36]output_grids=' -new_grid latlon 0:1440:0.25 90:721:-0.25 pgb2file_f005_6_0p25'
 5: + interp_atmos_master.sh[34]for grid in "${grids[@]}"
 5: + interp_atmos_master.sh[35]gridopt=grid0p50
 5: + interp_atmos_master.sh[36]output_grids=' -new_grid latlon 0:1440:0.25 90:721:-0.25 pgb2file_f005_6_0p25 -new_grid latlon 0:720:0.5 90:361:-0.5 pgb2file_f005_6_0p50'
 5: + interp_atmos_master.sh[34]for grid in "${grids[@]}"
 5: + interp_atmos_master.sh[35]gridopt=grid1p00
 5: + interp_atmos_master.sh[36]output_grids=' -new_grid latlon 0:1440:0.25 90:721:-0.25 pgb2file_f005_6_0p25 -new_grid latlon 0:720:0.5 90:361:-0.5 pgb2file_f005_6_0p50 -new_grid latlon 0:360:1.0 90:181:-1.0 pgb2file_f005_6_1p00'
 5: + interp_atmos_master.sh[40]wgrib2 tmpfile_f005_6 -set_grib_type same -set_bitmap 1 -set_grib_max_bits 16 -new_grid_winds earth -new_grid_interpolation bilinear -if ':(CSNOW|CRAIN|CFRZR|CICEP|ICSEV):' -new_grid_interpolation neighbor -fi -if ':(APCP|ACPCP|PRATE|CPRAT|DZDT):' -new_grid_interpolation budget -fi -if ':(APCP|ACPCP|PRATE|CPRAT):' -set_grib_max_bits 25 -fi -new_grid latlon 0:1440:0.25 90:721:-0.25 pgb2file_f005_6_0p25 -new_grid latlon 0:720:0.5 90:361:-0.5 pgb2file_f005_6_0p50 -new_grid latlon 0:360:1.0 90:181:-1.0 pgb2file_f005_6_1p00
 5: 1:0:d=2021122106:RH:15 mb:5 hour fcst:
 5: 2:9788:d=2021122106:SPFH:15 mb:5 hour fcst:
 5: 3:64922:d=2021122106:VVEL:15 mb:5 hour fcst:
 5: 4:176965:d=2021122106:DZDT:15 mb:5 hour fcst:
 5: 5:281102:d=2021122106:UGRD:15 mb:5 hour fcst:
 5: 6:321219:d=2021122106:VGRD:15 mb:5 hour fcst:
 5: 7:387463:d=2021122106:ABSV:15 mb:5 hour fcst:
 5: 8:458739:d=2021122106:O3MR:15 mb:5 hour fcst:
 5: 9:546233:d=2021122106:HGT:20 mb:5 hour fcst:
 5: 10:604064:d=2021122106:TMP:20 mb:5 hour fcst:
 5: 11:661719:d=2021122106:RH:20 mb:5 hour fcst:
 5: 12:672368:d=2021122106:SPFH:20 mb:5 hour fcst:
 5: 13:731428:d=2021122106:VVEL:20 mb:5 hour fcst:
 5: 14:846452:d=2021122106:DZDT:20 mb:5 hour fcst:
 5: 15:949647:d=2021122106:UGRD:20 mb:5 hour fcst:
 5: 16:987878:d=2021122106:VGRD:20 mb:5 hour fcst:
 5: 17:1053002:d=2021122106:ABSV:20 mb:5 hour fcst:
 5: 18:1122386:d=2021122106:O3MR:20 mb:5 hour fcst:
 5: 19:1220550:d=2021122106:HGT:30 mb:5 hour fcst:
 5: 20:1286506:d=2021122106:TMP:30 mb:5 hour fcst:
 5: 21:1342867:d=2021122106:RH:30 mb:5 hour fcst:
 5: 22:1358957:d=2021122106:SPFH:30 mb:5 hour fcst:
 5: 23:1426696:d=2021122106:VVEL:30 mb:5 hour fcst:
 5: 24:1546255:d=2021122106:DZDT:30 mb:5 hour fcst:
 5: 25:1648390:d=2021122106:UGRD:30 mb:5 hour fcst:
 5: 26:1714106:d=2021122106:VGRD:30 mb:5 hour fcst:
 5: 27:1777921:d=2021122106:ABSV:30 mb:5 hour fcst:
 5: 28:1845036:d=2021122106:O3MR:30 mb:5 hour fcst:
 5: 29:1943264:d=2021122106:HGT:40 mb:5 hour fcst:
 5: 30:2008438:d=2021122106:TMP:40 mb:5 hour fcst:
 5: 31:2066422:d=2021122106:RH:40 mb:5 hour fcst:
 5: + interp_atmos_master.sh[47]export err=0
 5: + interp_atmos_master.sh[47]err=0
 5: + interp_atmos_master.sh[48][[ 0 -ne 0 ]]
 5: + interp_atmos_master.sh[54]for grid in "${grids[@]}"
 5: + interp_atmos_master.sh[55]trim_rh pgb2file_f005_6_0p25
 5: + product_functions.sh[5]local filename=pgb2file_f005_6_0p25
 5: + product_functions.sh[6]wgrib2 pgb2file_f005_6_0p25 -not_if :RH: -grib pgb2file_f005_6_0p25.new -if :RH: -rpn '10:*:0.5:+:floor:1000:min:10:/' -set_grib_type same -set_scaling -1 0 -grib_out pgb2file_f005_6_0p25.new
 5: 1:0:d=2021122106:RH:15 mb:5 hour fcst:
 5: 2:68715:d=2021122106:SPFH:15 mb:5 hour fcst:
 5: 3:500093:d=2021122106:VVEL:15 mb:5 hour fcst:
 5: 4:1575274:d=2021122106:DZDT:15 mb:5 hour fcst:
 5: 5:2539111:d=2021122106:UGRD:15 mb:5 hour fcst:
 5: 6:3106301:d=2021122106:VGRD:15 mb:5 hour fcst:
 5: 7:3626720:d=2021122106:ABSV:15 mb:5 hour fcst:
 5: 8:4181711:d=2021122106:O3MR:15 mb:5 hour fcst:
 5: 9:4943754:d=2021122106:HGT:20 mb:5 hour fcst:
 5: 10:5377229:d=2021122106:TMP:20 mb:5 hour fcst:
 5: 11:5808801:d=2021122106:RH:20 mb:5 hour fcst:
 5: 12:5886309:d=2021122106:SPFH:20 mb:5 hour fcst:
 5: 13:6354335:d=2021122106:VVEL:20 mb:5 hour fcst:
 5: 14:7471070:d=2021122106:DZDT:20 mb:5 hour fcst:
 5: 15:8423136:d=2021122106:UGRD:20 mb:5 hour fcst:
 5: 16:8977817:d=2021122106:VGRD:20 mb:5 hour fcst:
 5: 17:9487968:d=2021122106:ABSV:20 mb:5 hour fcst:
 5: 18:10023344:d=2021122106:O3MR:20 mb:5 hour fcst:
 5: 19:10921930:d=2021122106:HGT:30 mb:5 hour fcst:
 5: 20:11433937:d=2021122106:TMP:30 mb:5 hour fcst:
 5: 21:11852067:d=2021122106:RH:30 mb:5 hour fcst:
 5: 22:11972362:d=2021122106:SPFH:30 mb:5 hour fcst:
 5: 23:12524628:d=2021122106:VVEL:30 mb:5 hour fcst:
 5: 24:13696374:d=2021122106:DZDT:30 mb:5 hour fcst:
 5: 25:14624558:d=2021122106:UGRD:30 mb:5 hour fcst:
 5: 26:15142280:d=2021122106:VGRD:30 mb:5 hour fcst:
 5: 27:15630311:d=2021122106:ABSV:30 mb:5 hour fcst:
 5: 28:16139143:d=2021122106:O3MR:30 mb:5 hour fcst:
 5: 29:17038400:d=2021122106:HGT:40 mb:5 hour fcst:
 5: 30:17541987:d=2021122106:TMP:40 mb:5 hour fcst:
 5: 31:17974842:d=2021122106:RH:40 mb:5 hour fcst:
 5: + product_functions.sh[10]rc=0
 5: + product_functions.sh[11]((  rc == 0  ))
 5: + product_functions.sh[11]mv pgb2file_f005_6_0p25.new pgb2file_f005_6_0p25
 5: + product_functions.sh[12]return 0
 5: + interp_atmos_master.sh[56]export err=0
 5: + interp_atmos_master.sh[56]err=0
 5: + interp_atmos_master.sh[57][[ 0 -ne 0 ]]
 5: ++ interp_atmos_master.sh[62]wc -l
 5: ++ interp_atmos_master.sh[62]wgrib2 pgb2file_f005_6_0p25 -match 'LAND|ICEC'
 5: + interp_atmos_master.sh[62]var_count=0
 5: + interp_atmos_master.sh[63][[ 0 -eq 2 ]]
 5: + interp_atmos_master.sh[54]for grid in "${grids[@]}"
 5: + interp_atmos_master.sh[55]trim_rh pgb2file_f005_6_0p50
 5: + product_functions.sh[5]local filename=pgb2file_f005_6_0p50
 5: + product_functions.sh[6]wgrib2 pgb2file_f005_6_0p50 -not_if :RH: -grib pgb2file_f005_6_0p50.new -if :RH: -rpn '10:*:0.5:+:floor:1000:min:10:/' -set_grib_type same -set_scaling -1 0 -grib_out pgb2file_f005_6_0p50.new
 5: 1:0:d=2021122106:RH:15 mb:5 hour fcst:
 5: 2:22798:d=2021122106:SPFH:15 mb:5 hour fcst:
 5: 3:160633:d=2021122106:VVEL:15 mb:5 hour fcst:
 5: 4:479003:d=2021122106:DZDT:15 mb:5 hour fcst:
 5: 5:767555:d=2021122106:UGRD:15 mb:5 hour fcst:
 5: 6:952915:d=2021122106:VGRD:15 mb:5 hour fcst:
 5: 7:1123448:d=2021122106:ABSV:15 mb:5 hour fcst:
 5: 8:1304727:d=2021122106:O3MR:15 mb:5 hour fcst:
 5: 9:1541804:d=2021122106:HGT:20 mb:5 hour fcst:
 5: 10:1684241:d=2021122106:TMP:20 mb:5 hour fcst:
 5: 11:1828337:d=2021122106:RH:20 mb:5 hour fcst:
 5: 12:1853630:d=2021122106:SPFH:20 mb:5 hour fcst:
 5: 13:2003035:d=2021122106:VVEL:20 mb:5 hour fcst:
 5: 14:2332029:d=2021122106:DZDT:20 mb:5 hour fcst:
 5: 15:2617390:d=2021122106:UGRD:20 mb:5 hour fcst:
 5: 16:2799904:d=2021122106:VGRD:20 mb:5 hour fcst:
 5: 17:2967127:d=2021122106:ABSV:20 mb:5 hour fcst:
 5: 18:3143592:d=2021122106:O3MR:20 mb:5 hour fcst:
 5: 19:3417416:d=2021122106:HGT:30 mb:5 hour fcst:
 5: 20:3584850:d=2021122106:TMP:30 mb:5 hour fcst:
 5: 21:3724835:d=2021122106:RH:30 mb:5 hour fcst:
 5: 22:3764799:d=2021122106:SPFH:30 mb:5 hour fcst:
 5: 23:3940828:d=2021122106:VVEL:30 mb:5 hour fcst:
 5: 24:4284200:d=2021122106:DZDT:30 mb:5 hour fcst:
 5: 25:4563658:d=2021122106:UGRD:30 mb:5 hour fcst:
 5: 26:4732986:d=2021122106:VGRD:30 mb:5 hour fcst:
 5: 27:4895435:d=2021122106:ABSV:30 mb:5 hour fcst:
 5: 28:5064094:d=2021122106:O3MR:30 mb:5 hour fcst:
 5: 29:5337358:d=2021122106:HGT:40 mb:5 hour fcst:
 5: 30:5502087:d=2021122106:TMP:40 mb:5 hour fcst:
 5: 31:5646887:d=2021122106:RH:40 mb:5 hour fcst:
 5: + product_functions.sh[10]rc=0
 5: + product_functions.sh[11]((  rc == 0  ))
 5: + product_functions.sh[11]mv pgb2file_f005_6_0p50.new pgb2file_f005_6_0p50
 5: + product_functions.sh[12]return 0
 5: + interp_atmos_master.sh[56]export err=0
 5: + interp_atmos_master.sh[56]err=0
 5: + interp_atmos_master.sh[57][[ 0 -ne 0 ]]
 5: ++ interp_atmos_master.sh[62]wc -l
 5: ++ interp_atmos_master.sh[62]wgrib2 pgb2file_f005_6_0p50 -match 'LAND|ICEC'
 5: + interp_atmos_master.sh[62]var_count=0
 5: + interp_atmos_master.sh[63][[ 0 -eq 2 ]]
 5: + interp_atmos_master.sh[54]for grid in "${grids[@]}"
 5: + interp_atmos_master.sh[55]trim_rh pgb2file_f005_6_1p00
 5: + product_functions.sh[5]local filename=pgb2file_f005_6_1p00
 5: + product_functions.sh[6]wgrib2 pgb2file_f005_6_1p00 -not_if :RH: -grib pgb2file_f005_6_1p00.new -if :RH: -rpn '10:*:0.5:+:floor:1000:min:10:/' -set_grib_type same -set_scaling -1 0 -grib_out pgb2file_f005_6_1p00.new
 5: 1:0:d=2021122106:RH:15 mb:5 hour fcst:
 5: 2:8084:d=2021122106:SPFH:15 mb:5 hour fcst:
 5: 3:54059:d=2021122106:VVEL:15 mb:5 hour fcst:
 5: 4:147458:d=2021122106:DZDT:15 mb:5 hour fcst:
 5: 5:233150:d=2021122106:UGRD:15 mb:5 hour fcst:
 5: 6:291637:d=2021122106:VGRD:15 mb:5 hour fcst:
 5: 7:347063:d=2021122106:ABSV:15 mb:5 hour fcst:
 5: 8:404973:d=2021122106:O3MR:15 mb:5 hour fcst:
 5: 9:477423:d=2021122106:HGT:20 mb:5 hour fcst:
 5: 10:524544:d=2021122106:TMP:20 mb:5 hour fcst:
 5: 11:572451:d=2021122106:RH:20 mb:5 hour fcst:
 5: 12:581142:d=2021122106:SPFH:20 mb:5 hour fcst:
 5: 13:630240:d=2021122106:VVEL:20 mb:5 hour fcst:
 5: 14:726401:d=2021122106:DZDT:20 mb:5 hour fcst:
 5: 15:811277:d=2021122106:UGRD:20 mb:5 hour fcst:
 5: 16:869280:d=2021122106:VGRD:20 mb:5 hour fcst:
 5: 17:923287:d=2021122106:ABSV:20 mb:5 hour fcst:
 5: 18:979986:d=2021122106:O3MR:20 mb:5 hour fcst:
 5: 19:1061567:d=2021122106:HGT:30 mb:5 hour fcst:
 5: 20:1115451:d=2021122106:TMP:30 mb:5 hour fcst:
 5: 21:1162232:d=2021122106:RH:30 mb:5 hour fcst:
 5: 22:1175006:d=2021122106:SPFH:30 mb:5 hour fcst:
 5: 23:1231780:d=2021122106:VVEL:30 mb:5 hour fcst:
 5: 24:1331677:d=2021122106:DZDT:30 mb:5 hour fcst:
 5: 25:1415162:d=2021122106:UGRD:30 mb:5 hour fcst:
 5: 26:1470121:d=2021122106:VGRD:30 mb:5 hour fcst:
 5: 27:1523317:d=2021122106:ABSV:30 mb:5 hour fcst:
 5: 28:1577830:d=2021122106:O3MR:30 mb:5 hour fcst:
 5: 29:1659516:d=2021122106:HGT:40 mb:5 hour fcst:
 5: 30:1712654:d=2021122106:TMP:40 mb:5 hour fcst:
 5: 31:1760735:d=2021122106:RH:40 mb:5 hour fcst:
 5: + product_functions.sh[10]rc=0
 5: + product_functions.sh[11]((  rc == 0  ))
 5: + product_functions.sh[11]mv pgb2file_f005_6_1p00.new pgb2file_f005_6_1p00
 5: + product_functions.sh[12]return 0
 5: + interp_atmos_master.sh[56]export err=0
 5: + interp_atmos_master.sh[56]err=0
 5: + interp_atmos_master.sh[57][[ 0 -ne 0 ]]
 5: ++ interp_atmos_master.sh[62]wc -l
 5: ++ interp_atmos_master.sh[62]wgrib2 pgb2file_f005_6_1p00 -match 'LAND|ICEC'
 5: + interp_atmos_master.sh[62]var_count=0
 5: + interp_atmos_master.sh[63][[ 0 -eq 2 ]]
 5: + interp_atmos_master.sh[73]exit 0
17: + bash[8]'[' -z '' ']'
17: + bash[9]case "$-" in
17: + bash[12]__lmod_vx=x
17: + bash[16]'[' -n x ']'
17: + bash[16]set +x
17: Shell debugging temporarily silenced: export LMOD_SH_DBG_ON=1 for this output (/apps/other/lmod/lmod/init/bash)
17: Shell debugging restarted
17: + bash[224]unset __lmod_vx
17: + interp_atmos_master.sh[7]input_file=tmpfile_f005_18
17: + interp_atmos_master.sh[8]output_file_prefix=pgb2file_f005_18
17: + interp_atmos_master.sh[9]grid_string=0p25:0p50:1p00
17: + interp_atmos_master.sh[12]defaults='-set_grib_type same -set_bitmap 1 -set_grib_max_bits 16'
17: + interp_atmos_master.sh[13]interp_winds='-new_grid_winds earth'
17: + interp_atmos_master.sh[14]interp_bilinear='-new_grid_interpolation bilinear'
17: + interp_atmos_master.sh[15]interp_neighbor='-if :(CSNOW|CRAIN|CFRZR|CICEP|ICSEV): -new_grid_interpolation neighbor -fi'
17: + interp_atmos_master.sh[16]interp_budget='-if :(APCP|ACPCP|PRATE|CPRAT|DZDT): -new_grid_interpolation budget -fi'
17: + interp_atmos_master.sh[17]increased_bits='-if :(APCP|ACPCP|PRATE|CPRAT): -set_grib_max_bits 25 -fi'
17: + interp_atmos_master.sh[21]grid0p25='latlon 0:1440:0.25 90:721:-0.25'
17: + interp_atmos_master.sh[23]grid0p50='latlon 0:720:0.5 90:361:-0.5'
17: + interp_atmos_master.sh[25]grid1p00='latlon 0:360:1.0 90:181:-1.0'
17: + interp_atmos_master.sh[28]source /work2/noaa/global/mterry/global-workflow_forked/ush/product_functions.sh
17: + interp_atmos_master.sh[31]IFS=:
17: + interp_atmos_master.sh[31]read -ra grids
17: + interp_atmos_master.sh[33]output_grids=
17: + interp_atmos_master.sh[34]for grid in "${grids[@]}"
17: + interp_atmos_master.sh[35]gridopt=grid0p25
17: + interp_atmos_master.sh[36]output_grids=' -new_grid latlon 0:1440:0.25 90:721:-0.25 pgb2file_f005_18_0p25'
17: + interp_atmos_master.sh[34]for grid in "${grids[@]}"
17: + interp_atmos_master.sh[35]gridopt=grid0p50
17: + interp_atmos_master.sh[36]output_grids=' -new_grid latlon 0:1440:0.25 90:721:-0.25 pgb2file_f005_18_0p25 -new_grid latlon 0:720:0.5 90:361:-0.5 pgb2file_f005_18_0p50'
17: + interp_atmos_master.sh[34]for grid in "${grids[@]}"
17: + interp_atmos_master.sh[35]gridopt=grid1p00
17: + interp_atmos_master.sh[36]output_grids=' -new_grid latlon 0:1440:0.25 90:721:-0.25 pgb2file_f005_18_0p25 -new_grid latlon 0:720:0.5 90:361:-0.5 pgb2file_f005_18_0p50 -new_grid latlon 0:360:1.0 90:181:-1.0 pgb2file_f005_18_1p00'
17: + interp_atmos_master.sh[40]wgrib2 tmpfile_f005_18 -set_grib_type same -set_bitmap 1 -set_grib_max_bits 16 -new_grid_winds earth -new_grid_interpolation bilinear -if ':(CSNOW|CRAIN|CFRZR|CICEP|ICSEV):' -new_grid_interpolation neighbor -fi -if ':(APCP|ACPCP|PRATE|CPRAT|DZDT):' -new_grid_interpolation budget -fi -if ':(APCP|ACPCP|PRATE|CPRAT):' -set_grib_max_bits 25 -fi -new_grid latlon 0:1440:0.25 90:721:-0.25 pgb2file_f005_18_0p25 -new_grid latlon 0:720:0.5 90:361:-0.5 pgb2file_f005_18_0p50 -new_grid latlon 0:360:1.0 90:181:-1.0 pgb2file_f005_18_1p00
17: 1:0:d=2021122106:UGRD:975 mb:5 hour fcst:
17: 2:78010:d=2021122106:VGRD:975 mb:5 hour fcst:
17: 3:156333:d=2021122106:ABSV:975 mb:5 hour fcst:
17: 4:240133:d=2021122106:CLMR:975 mb:5 hour fcst:
17: 5:257239:d=2021122106:ICMR:975 mb:5 hour fcst:
17: 6:275348:d=2021122106:RWMR:975 mb:5 hour fcst:
17: 7:308871:d=2021122106:SNMR:975 mb:5 hour fcst:
17: 8:330268:d=2021122106:GRLE:975 mb:5 hour fcst:
17: 9:335593:d=2021122106:O3MR:975 mb:5 hour fcst:
17: 10:432508:d=2021122106:TMP:1000 mb:5 hour fcst:
17: 11:506715:d=2021122106:RH:1000 mb:5 hour fcst:
17: 12:574208:d=2021122106:TCDC:1000 mb:5 hour fcst:
17: 13:593079:d=2021122106:SPFH:1000 mb:5 hour fcst:
17: 14:691682:d=2021122106:VVEL:1000 mb:5 hour fcst:
17: 15:775768:d=2021122106:DZDT:1000 mb:5 hour fcst:
17: 16:860711:d=2021122106:UGRD:1000 mb:5 hour fcst:
17: 17:937806:d=2021122106:VGRD:1000 mb:5 hour fcst:
17: 18:1014527:d=2021122106:ABSV:1000 mb:5 hour fcst:
17: 19:1097149:d=2021122106:CLMR:1000 mb:5 hour fcst:
17: 20:1106956:d=2021122106:ICMR:1000 mb:5 hour fcst:
17: 21:1118554:d=2021122106:RWMR:1000 mb:5 hour fcst:
17: 22:1147874:d=2021122106:SNMR:1000 mb:5 hour fcst:
17: 23:1159811:d=2021122106:GRLE:1000 mb:5 hour fcst:
17: 24:1162985:d=2021122106:O3MR:1000 mb:5 hour fcst:
17: 25:1259555:d=2021122106:MSLET:mean sea level:5 hour fcst:
17: 26:1353319:d=2021122106:HGT:1000 mb:5 hour fcst:
17: 27:1443908:d=2021122106:SDEN:surface:5 hour fcst:
17: 28:1485705:d=2021122106:REFD:4000 m above ground:5 hour fcst:
17: 29:1495100:d=2021122106:REFD:1000 m above ground:5 hour fcst:
17: 30:1504495:d=2021122106:PRES:surface:5 hour fcst:
17: 31:1592517:d=2021122106:HGT:surface:5 hour fcst:
17: + interp_atmos_master.sh[47]export err=0
17: + interp_atmos_master.sh[47]err=0
17: + interp_atmos_master.sh[48][[ 0 -ne 0 ]]
17: + interp_atmos_master.sh[54]for grid in "${grids[@]}"
17: + interp_atmos_master.sh[55]trim_rh pgb2file_f005_18_0p25
17: + product_functions.sh[5]local filename=pgb2file_f005_18_0p25
17: + product_functions.sh[6]wgrib2 pgb2file_f005_18_0p25 -not_if :RH: -grib pgb2file_f005_18_0p25.new -if :RH: -rpn '10:*:0.5:+:floor:1000:min:10:/' -set_grib_type same -set_scaling -1 0 -grib_out pgb2file_f005_18_0p25.new
17: 1:0:d=2021122106:UGRD:975 mb:5 hour fcst:
17: 2:634093:d=2021122106:VGRD:975 mb:5 hour fcst:
17: 3:1271155:d=2021122106:ABSV:975 mb:5 hour fcst:
17: 4:1970475:d=2021122106:CLMR:975 mb:5 hour fcst:
17: 5:2119122:d=2021122106:ICMR:975 mb:5 hour fcst:
17: 6:2264254:d=2021122106:RWMR:975 mb:5 hour fcst:
17: 7:2498780:d=2021122106:SNMR:975 mb:5 hour fcst:
17: 8:2656689:d=2021122106:GRLE:975 mb:5 hour fcst:
17: 9:2693278:d=2021122106:O3MR:975 mb:5 hour fcst:
17: 10:3561277:d=2021122106:TMP:1000 mb:5 hour fcst:
17: 11:4144387:d=2021122106:RH:1000 mb:5 hour fcst:
17: 12:4658246:d=2021122106:TCDC:1000 mb:5 hour fcst:
17: 13:4791175:d=2021122106:SPFH:1000 mb:5 hour fcst:
17: 14:5683910:d=2021122106:VVEL:1000 mb:5 hour fcst:
17: 15:6391333:d=2021122106:DZDT:1000 mb:5 hour fcst:
17: 16:7088040:d=2021122106:UGRD:1000 mb:5 hour fcst:
17: 17:7712601:d=2021122106:VGRD:1000 mb:5 hour fcst:
17: 18:8337803:d=2021122106:ABSV:1000 mb:5 hour fcst:
17: 19:9018026:d=2021122106:CLMR:1000 mb:5 hour fcst:
17: 20:9101713:d=2021122106:ICMR:1000 mb:5 hour fcst:
17: 21:9196671:d=2021122106:RWMR:1000 mb:5 hour fcst:
17: 22:9412373:d=2021122106:SNMR:1000 mb:5 hour fcst:
17: 23:9501453:d=2021122106:GRLE:1000 mb:5 hour fcst:
17: 24:9522602:d=2021122106:O3MR:1000 mb:5 hour fcst:
17: 25:10387018:d=2021122106:MSLET:mean sea level:5 hour fcst:
17: 26:11197555:d=2021122106:HGT:1000 mb:5 hour fcst:
17: 27:11969575:d=2021122106:SDEN:surface:5 hour fcst:
17: 28:12358633:d=2021122106:REFD:4000 m above ground:5 hour fcst:
17: 29:12488592:d=2021122106:REFD:1000 m above ground:5 hour fcst:
17: 30:12618551:d=2021122106:PRES:surface:5 hour fcst:
17: 31:13340242:d=2021122106:HGT:surface:5 hour fcst:
17: + product_functions.sh[10]rc=0
17: + product_functions.sh[11]((  rc == 0  ))
17: + product_functions.sh[11]mv pgb2file_f005_18_0p25.new pgb2file_f005_18_0p25
17: + product_functions.sh[12]return 0
17: + interp_atmos_master.sh[56]export err=0
17: + interp_atmos_master.sh[56]err=0
17: + interp_atmos_master.sh[57][[ 0 -ne 0 ]]
17: ++ interp_atmos_master.sh[62]wc -l
17: ++ interp_atmos_master.sh[62]wgrib2 pgb2file_f005_18_0p25 -match 'LAND|ICEC'
17: + interp_atmos_master.sh[62]var_count=0
17: + interp_atmos_master.sh[63][[ 0 -eq 2 ]]
17: + interp_atmos_master.sh[54]for grid in "${grids[@]}"
17: + interp_atmos_master.sh[55]trim_rh pgb2file_f005_18_0p50
17: + product_functions.sh[5]local filename=pgb2file_f005_18_0p50
17: + product_functions.sh[6]wgrib2 pgb2file_f005_18_0p50 -not_if :RH: -grib pgb2file_f005_18_0p50.new -if :RH: -rpn '10:*:0.5:+:floor:1000:min:10:/' -set_grib_type same -set_scaling -1 0 -grib_out pgb2file_f005_18_0p50.new
17: 1:0:d=2021122106:UGRD:975 mb:5 hour fcst:
17: 2:205052:d=2021122106:VGRD:975 mb:5 hour fcst:
17: 3:411889:d=2021122106:ABSV:975 mb:5 hour fcst:
17: 4:634661:d=2021122106:CLMR:975 mb:5 hour fcst:
17: 5:684866:d=2021122106:ICMR:975 mb:5 hour fcst:
17: 6:733416:d=2021122106:RWMR:975 mb:5 hour fcst:
17: 7:816198:d=2021122106:SNMR:975 mb:5 hour fcst:
17: 8:870550:d=2021122106:GRLE:975 mb:5 hour fcst:
17: 9:884079:d=2021122106:O3MR:975 mb:5 hour fcst:
17: 10:1151824:d=2021122106:TMP:1000 mb:5 hour fcst:
17: 11:1341792:d=2021122106:RH:1000 mb:5 hour fcst:
17: 12:1511807:d=2021122106:TCDC:1000 mb:5 hour fcst:
17: 13:1561537:d=2021122106:SPFH:1000 mb:5 hour fcst:
17: 14:1834112:d=2021122106:VVEL:1000 mb:5 hour fcst:
17: 15:2058446:d=2021122106:DZDT:1000 mb:5 hour fcst:
17: 16:2278648:d=2021122106:UGRD:1000 mb:5 hour fcst:
17: 17:2481087:d=2021122106:VGRD:1000 mb:5 hour fcst:
17: 18:2684337:d=2021122106:ABSV:1000 mb:5 hour fcst:
17: 19:2903165:d=2021122106:CLMR:1000 mb:5 hour fcst:
17: 20:2931744:d=2021122106:ICMR:1000 mb:5 hour fcst:
17: 21:2963212:d=2021122106:RWMR:1000 mb:5 hour fcst:
17: 22:3039151:d=2021122106:SNMR:1000 mb:5 hour fcst:
17: 23:3070323:d=2021122106:GRLE:1000 mb:5 hour fcst:
17: 24:3078366:d=2021122106:O3MR:1000 mb:5 hour fcst:
17: 25:3344998:d=2021122106:MSLET:mean sea level:5 hour fcst:
17: 26:3597553:d=2021122106:HGT:1000 mb:5 hour fcst:
17: 27:3840524:d=2021122106:SDEN:surface:5 hour fcst:
17: 28:3955883:d=2021122106:REFD:4000 m above ground:5 hour fcst:
17: 29:3988552:d=2021122106:REFD:1000 m above ground:5 hour fcst:
17: 30:4021221:d=2021122106:PRES:surface:5 hour fcst:
17: 31:4251507:d=2021122106:HGT:surface:5 hour fcst:
17: + product_functions.sh[10]rc=0
17: + product_functions.sh[11]((  rc == 0  ))
17: + product_functions.sh[11]mv pgb2file_f005_18_0p50.new pgb2file_f005_18_0p50
17: + product_functions.sh[12]return 0
17: + interp_atmos_master.sh[56]export err=0
17: + interp_atmos_master.sh[56]err=0
17: + interp_atmos_master.sh[57][[ 0 -ne 0 ]]
17: ++ interp_atmos_master.sh[62]wc -l
17: ++ interp_atmos_master.sh[62]wgrib2 pgb2file_f005_18_0p50 -match 'LAND|ICEC'
17: + interp_atmos_master.sh[62]var_count=0
17: + interp_atmos_master.sh[63][[ 0 -eq 2 ]]
17: + interp_atmos_master.sh[54]for grid in "${grids[@]}"
17: + interp_atmos_master.sh[55]trim_rh pgb2file_f005_18_1p00
17: + product_functions.sh[5]local filename=pgb2file_f005_18_1p00
17: + product_functions.sh[6]wgrib2 pgb2file_f005_18_1p00 -not_if :RH: -grib pgb2file_f005_18_1p00.new -if :RH: -rpn '10:*:0.5:+:floor:1000:min:10:/' -set_grib_type same -set_scaling -1 0 -grib_out pgb2file_f005_18_1p00.new
17: 1:0:d=2021122106:UGRD:975 mb:5 hour fcst:
17: 2:64517:d=2021122106:VGRD:975 mb:5 hour fcst:
17: 3:130236:d=2021122106:ABSV:975 mb:5 hour fcst:
17: 4:200344:d=2021122106:CLMR:975 mb:5 hour fcst:
17: 5:217935:d=2021122106:ICMR:975 mb:5 hour fcst:
17: 6:234317:d=2021122106:RWMR:975 mb:5 hour fcst:
17: 7:263951:d=2021122106:SNMR:975 mb:5 hour fcst:
17: 8:282648:d=2021122106:GRLE:975 mb:5 hour fcst:
17: 9:288126:d=2021122106:O3MR:975 mb:5 hour fcst:
17: 10:369025:d=2021122106:TMP:1000 mb:5 hour fcst:
17: 11:429766:d=2021122106:RH:1000 mb:5 hour fcst:
17: 12:484612:d=2021122106:TCDC:1000 mb:5 hour fcst:
17: 13:503072:d=2021122106:SPFH:1000 mb:5 hour fcst:
17: 14:584682:d=2021122106:VVEL:1000 mb:5 hour fcst:
17: 15:654949:d=2021122106:DZDT:1000 mb:5 hour fcst:
17: 16:723695:d=2021122106:UGRD:1000 mb:5 hour fcst:
17: 17:787601:d=2021122106:VGRD:1000 mb:5 hour fcst:
17: 18:852392:d=2021122106:ABSV:1000 mb:5 hour fcst:
17: 19:921435:d=2021122106:CLMR:1000 mb:5 hour fcst:
17: 20:931619:d=2021122106:ICMR:1000 mb:5 hour fcst:
17: 21:942253:d=2021122106:RWMR:1000 mb:5 hour fcst:
17: 22:968811:d=2021122106:SNMR:1000 mb:5 hour fcst:
17: 23:979890:d=2021122106:GRLE:1000 mb:5 hour fcst:
17: 24:983121:d=2021122106:O3MR:1000 mb:5 hour fcst:
17: 25:1063740:d=2021122106:MSLET:mean sea level:5 hour fcst:
17: 26:1140340:d=2021122106:HGT:1000 mb:5 hour fcst:
17: 27:1214759:d=2021122106:SDEN:surface:5 hour fcst:
17: 28:1249195:d=2021122106:REFD:4000 m above ground:5 hour fcst:
17: 29:1257519:d=2021122106:REFD:1000 m above ground:5 hour fcst:
17: 30:1265843:d=2021122106:PRES:surface:5 hour fcst:
17: 31:1338594:d=2021122106:HGT:surface:5 hour fcst:
17: + product_functions.sh[10]rc=0
17: + product_functions.sh[11]((  rc == 0  ))
17: + product_functions.sh[11]mv pgb2file_f005_18_1p00.new pgb2file_f005_18_1p00
17: + product_functions.sh[12]return 0
17: + interp_atmos_master.sh[56]export err=0
17: + interp_atmos_master.sh[56]err=0
17: + interp_atmos_master.sh[57][[ 0 -ne 0 ]]
17: ++ interp_atmos_master.sh[62]wc -l
17: ++ interp_atmos_master.sh[62]wgrib2 pgb2file_f005_18_1p00 -match 'LAND|ICEC'
17: + interp_atmos_master.sh[62]var_count=0
17: + interp_atmos_master.sh[63][[ 0 -eq 2 ]]
17: + interp_atmos_master.sh[73]exit 0
 6: + bash[8]'[' -z '' ']'
 6: + bash[9]case "$-" in
 6: + bash[12]__lmod_vx=x
 6: + bash[16]'[' -n x ']'
 6: + bash[16]set +x
 6: Shell debugging temporarily silenced: export LMOD_SH_DBG_ON=1 for this output (/apps/other/lmod/lmod/init/bash)
 6: Shell debugging restarted
 6: + bash[224]unset __lmod_vx
 6: + interp_atmos_master.sh[7]input_file=tmpfile_f005_7
 6: + interp_atmos_master.sh[8]output_file_prefix=pgb2file_f005_7
 6: + interp_atmos_master.sh[9]grid_string=0p25:0p50:1p00
 6: + interp_atmos_master.sh[12]defaults='-set_grib_type same -set_bitmap 1 -set_grib_max_bits 16'
 6: + interp_atmos_master.sh[13]interp_winds='-new_grid_winds earth'
 6: + interp_atmos_master.sh[14]interp_bilinear='-new_grid_interpolation bilinear'
 6: + interp_atmos_master.sh[15]interp_neighbor='-if :(CSNOW|CRAIN|CFRZR|CICEP|ICSEV): -new_grid_interpolation neighbor -fi'
 6: + interp_atmos_master.sh[16]interp_budget='-if :(APCP|ACPCP|PRATE|CPRAT|DZDT): -new_grid_interpolation budget -fi'
 6: + interp_atmos_master.sh[17]increased_bits='-if :(APCP|ACPCP|PRATE|CPRAT): -set_grib_max_bits 25 -fi'
 6: + interp_atmos_master.sh[21]grid0p25='latlon 0:1440:0.25 90:721:-0.25'
 6: + interp_atmos_master.sh[23]grid0p50='latlon 0:720:0.5 90:361:-0.5'
 6: + interp_atmos_master.sh[25]grid1p00='latlon 0:360:1.0 90:181:-1.0'
 6: + interp_atmos_master.sh[28]source /work2/noaa/global/mterry/global-workflow_forked/ush/product_functions.sh
 6: + interp_atmos_master.sh[31]IFS=:
 6: + interp_atmos_master.sh[31]read -ra grids
 6: + interp_atmos_master.sh[33]output_grids=
 6: + interp_atmos_master.sh[34]for grid in "${grids[@]}"
 6: + interp_atmos_master.sh[35]gridopt=grid0p25
 6: + interp_atmos_master.sh[36]output_grids=' -new_grid latlon 0:1440:0.25 90:721:-0.25 pgb2file_f005_7_0p25'
 6: + interp_atmos_master.sh[34]for grid in "${grids[@]}"
 6: + interp_atmos_master.sh[35]gridopt=grid0p50
 6: + interp_atmos_master.sh[36]output_grids=' -new_grid latlon 0:1440:0.25 90:721:-0.25 pgb2file_f005_7_0p25 -new_grid latlon 0:720:0.5 90:361:-0.5 pgb2file_f005_7_0p50'
 6: + interp_atmos_master.sh[34]for grid in "${grids[@]}"
 6: + interp_atmos_master.sh[35]gridopt=grid1p00
 6: + interp_atmos_master.sh[36]output_grids=' -new_grid latlon 0:1440:0.25 90:721:-0.25 pgb2file_f005_7_0p25 -new_grid latlon 0:720:0.5 90:361:-0.5 pgb2file_f005_7_0p50 -new_grid latlon 0:360:1.0 90:181:-1.0 pgb2file_f005_7_1p00'
 6: + interp_atmos_master.sh[40]wgrib2 tmpfile_f005_7 -set_grib_type same -set_bitmap 1 -set_grib_max_bits 16 -new_grid_winds earth -new_grid_interpolation bilinear -if ':(CSNOW|CRAIN|CFRZR|CICEP|ICSEV):' -new_grid_interpolation neighbor -fi -if ':(APCP|ACPCP|PRATE|CPRAT|DZDT):' -new_grid_interpolation budget -fi -if ':(APCP|ACPCP|PRATE|CPRAT):' -set_grib_max_bits 25 -fi -new_grid latlon 0:1440:0.25 90:721:-0.25 pgb2file_f005_7_0p25 -new_grid latlon 0:720:0.5 90:361:-0.5 pgb2file_f005_7_0p50 -new_grid latlon 0:360:1.0 90:181:-1.0 pgb2file_f005_7_1p00
 6: 1:0:d=2021122106:SPFH:40 mb:5 hour fcst:
 6: 2:70011:d=2021122106:VVEL:40 mb:5 hour fcst:
 6: 3:183137:d=2021122106:DZDT:40 mb:5 hour fcst:
 6: 4:284247:d=2021122106:UGRD:40 mb:5 hour fcst:
 6: 5:351346:d=2021122106:VGRD:40 mb:5 hour fcst:
 6: 6:416771:d=2021122106:ABSV:40 mb:5 hour fcst:
 6: 7:486372:d=2021122106:O3MR:40 mb:5 hour fcst:
 6: 8:587129:d=2021122106:HGT:50 mb:5 hour fcst:
 6: 9:652015:d=2021122106:TMP:50 mb:5 hour fcst:
 6: 10:709590:d=2021122106:RH:50 mb:5 hour fcst:
 6: 11:730388:d=2021122106:TCDC:50 mb:5 hour fcst:
 6: 12:730567:d=2021122106:SPFH:50 mb:5 hour fcst:
 6: 13:803014:d=2021122106:VVEL:50 mb:5 hour fcst:
 6: 14:896017:d=2021122106:DZDT:50 mb:5 hour fcst:
 6: 15:995903:d=2021122106:UGRD:50 mb:5 hour fcst:
 6: 16:1063284:d=2021122106:VGRD:50 mb:5 hour fcst:
 6: 17:1128732:d=2021122106:ABSV:50 mb:5 hour fcst:
 6: 18:1198605:d=2021122106:CLMR:50 mb:5 hour fcst:
 6: 19:1198784:d=2021122106:ICMR:50 mb:5 hour fcst:
 6: 20:1198963:d=2021122106:RWMR:50 mb:5 hour fcst:
 6: 21:1199142:d=2021122106:SNMR:50 mb:5 hour fcst:
 6: 22:1199321:d=2021122106:GRLE:50 mb:5 hour fcst:
 6: 23:1199500:d=2021122106:O3MR:50 mb:5 hour fcst:
 6: 24:1298347:d=2021122106:HGT:70 mb:5 hour fcst:
 6: 25:1363787:d=2021122106:TMP:70 mb:5 hour fcst:
 6: 26:1424192:d=2021122106:RH:70 mb:5 hour fcst:
 6: 27:1454123:d=2021122106:SPFH:70 mb:5 hour fcst:
 6: 28:1531765:d=2021122106:VVEL:70 mb:5 hour fcst:
 6: 29:1628276:d=2021122106:DZDT:70 mb:5 hour fcst:
 6: 30:1728092:d=2021122106:UGRD:70 mb:5 hour fcst:
 6: 31:1797544:d=2021122106:VGRD:70 mb:5 hour fcst:
 6: + interp_atmos_master.sh[47]export err=0
 6: + interp_atmos_master.sh[47]err=0
 6: + interp_atmos_master.sh[48][[ 0 -ne 0 ]]
 6: + interp_atmos_master.sh[54]for grid in "${grids[@]}"
 6: + interp_atmos_master.sh[55]trim_rh pgb2file_f005_7_0p25
 6: + product_functions.sh[5]local filename=pgb2file_f005_7_0p25
 6: + product_functions.sh[6]wgrib2 pgb2file_f005_7_0p25 -not_if :RH: -grib pgb2file_f005_7_0p25.new -if :RH: -rpn '10:*:0.5:+:floor:1000:min:10:/' -set_grib_type same -set_scaling -1 0 -grib_out pgb2file_f005_7_0p25.new
 6: 1:0:d=2021122106:SPFH:40 mb:5 hour fcst:
 6: 2:565861:d=2021122106:VVEL:40 mb:5 hour fcst:
 6: 3:1656607:d=2021122106:DZDT:40 mb:5 hour fcst:
 6: 4:2578768:d=2021122106:UGRD:40 mb:5 hour fcst:
 6: 5:3111704:d=2021122106:VGRD:40 mb:5 hour fcst:
 6: 6:3622366:d=2021122106:ABSV:40 mb:5 hour fcst:
 6: 7:4159828:d=2021122106:O3MR:40 mb:5 hour fcst:
 6: 8:5090664:d=2021122106:HGT:50 mb:5 hour fcst:
 6: 9:5589972:d=2021122106:TMP:50 mb:5 hour fcst:
 6: 10:6019649:d=2021122106:RH:50 mb:5 hour fcst:
 6: 11:6201186:d=2021122106:TCDC:50 mb:5 hour fcst:
 6: 12:6201365:d=2021122106:SPFH:50 mb:5 hour fcst:
 6: 13:6778487:d=2021122106:VVEL:50 mb:5 hour fcst:
 6: 14:7616259:d=2021122106:DZDT:50 mb:5 hour fcst:
 6: 15:8516967:d=2021122106:UGRD:50 mb:5 hour fcst:
 6: 16:9046356:d=2021122106:VGRD:50 mb:5 hour fcst:
 6: 17:9549715:d=2021122106:ABSV:50 mb:5 hour fcst:
 6: 18:10091922:d=2021122106:CLMR:50 mb:5 hour fcst:
 6: 19:10092101:d=2021122106:ICMR:50 mb:5 hour fcst:
 6: 20:10092280:d=2021122106:RWMR:50 mb:5 hour fcst:
 6: 21:10092459:d=2021122106:SNMR:50 mb:5 hour fcst:
 6: 22:10092638:d=2021122106:GRLE:50 mb:5 hour fcst:
 6: 23:10092817:d=2021122106:O3MR:50 mb:5 hour fcst:
 6: 24:10998215:d=2021122106:HGT:70 mb:5 hour fcst:
 6: 25:11504123:d=2021122106:TMP:70 mb:5 hour fcst:
 6: 26:11965279:d=2021122106:RH:70 mb:5 hour fcst:
 6: 27:12195175:d=2021122106:SPFH:70 mb:5 hour fcst:
 6: 28:12828962:d=2021122106:VVEL:70 mb:5 hour fcst:
 6: 29:13711973:d=2021122106:DZDT:70 mb:5 hour fcst:
 6: 30:14611848:d=2021122106:UGRD:70 mb:5 hour fcst:
 6: 31:15165155:d=2021122106:VGRD:70 mb:5 hour fcst:
 6: + product_functions.sh[10]rc=0
 6: + product_functions.sh[11]((  rc == 0  ))
 6: + product_functions.sh[11]mv pgb2file_f005_7_0p25.new pgb2file_f005_7_0p25
 6: + product_functions.sh[12]return 0
 6: + interp_atmos_master.sh[56]export err=0
 6: + interp_atmos_master.sh[56]err=0
 6: + interp_atmos_master.sh[57][[ 0 -ne 0 ]]
 6: ++ interp_atmos_master.sh[62]wc -l
 6: ++ interp_atmos_master.sh[62]wgrib2 pgb2file_f005_7_0p25 -match 'LAND|ICEC'
 6: + interp_atmos_master.sh[62]var_count=0
 6: + interp_atmos_master.sh[63][[ 0 -eq 2 ]]
 6: + interp_atmos_master.sh[54]for grid in "${grids[@]}"
 6: + interp_atmos_master.sh[55]trim_rh pgb2file_f005_7_0p50
 6: + product_functions.sh[5]local filename=pgb2file_f005_7_0p50
 6: + product_functions.sh[6]wgrib2 pgb2file_f005_7_0p50 -not_if :RH: -grib pgb2file_f005_7_0p50.new -if :RH: -rpn '10:*:0.5:+:floor:1000:min:10:/' -set_grib_type same -set_scaling -1 0 -grib_out pgb2file_f005_7_0p50.new
 6: 1:0:d=2021122106:SPFH:40 mb:5 hour fcst:
 6: 2:180146:d=2021122106:VVEL:40 mb:5 hour fcst:
 6: 3:502614:d=2021122106:DZDT:40 mb:5 hour fcst:
 6: 4:780351:d=2021122106:UGRD:40 mb:5 hour fcst:
 6: 5:954277:d=2021122106:VGRD:40 mb:5 hour fcst:
 6: 6:1122340:d=2021122106:ABSV:40 mb:5 hour fcst:
 6: 7:1299291:d=2021122106:O3MR:40 mb:5 hour fcst:
 6: 8:1580986:d=2021122106:HGT:50 mb:5 hour fcst:
 6: 9:1744677:d=2021122106:TMP:50 mb:5 hour fcst:
 6: 10:1888522:d=2021122106:RH:50 mb:5 hour fcst:
 6: 11:1942377:d=2021122106:TCDC:50 mb:5 hour fcst:
 6: 12:1942556:d=2021122106:SPFH:50 mb:5 hour fcst:
 6: 13:2127681:d=2021122106:VVEL:50 mb:5 hour fcst:
 6: 14:2383110:d=2021122106:DZDT:50 mb:5 hour fcst:
 6: 15:2655664:d=2021122106:UGRD:50 mb:5 hour fcst:
 6: 16:2828342:d=2021122106:VGRD:50 mb:5 hour fcst:
 6: 17:2996336:d=2021122106:ABSV:50 mb:5 hour fcst:
 6: 18:3174472:d=2021122106:CLMR:50 mb:5 hour fcst:
 6: 19:3174651:d=2021122106:ICMR:50 mb:5 hour fcst:
 6: 20:3174830:d=2021122106:RWMR:50 mb:5 hour fcst:
 6: 21:3175009:d=2021122106:SNMR:50 mb:5 hour fcst:
 6: 22:3175188:d=2021122106:GRLE:50 mb:5 hour fcst:
 6: 23:3175367:d=2021122106:O3MR:50 mb:5 hour fcst:
 6: 24:3450583:d=2021122106:HGT:70 mb:5 hour fcst:
 6: 25:3616154:d=2021122106:TMP:70 mb:5 hour fcst:
 6: 26:3767801:d=2021122106:RH:70 mb:5 hour fcst:
 6: 27:3840365:d=2021122106:SPFH:70 mb:5 hour fcst:
 6: 28:4040891:d=2021122106:VVEL:70 mb:5 hour fcst:
 6: 29:4309187:d=2021122106:DZDT:70 mb:5 hour fcst:
 6: 30:4579783:d=2021122106:UGRD:70 mb:5 hour fcst:
 6: 31:4759210:d=2021122106:VGRD:70 mb:5 hour fcst:
 6: + product_functions.sh[10]rc=0
 6: + product_functions.sh[11]((  rc == 0  ))
 6: + product_functions.sh[11]mv pgb2file_f005_7_0p50.new pgb2file_f005_7_0p50
 6: + product_functions.sh[12]return 0
 6: + interp_atmos_master.sh[56]export err=0
 6: + interp_atmos_master.sh[56]err=0
 6: + interp_atmos_master.sh[57][[ 0 -ne 0 ]]
 6: ++ interp_atmos_master.sh[62]wc -l
 6: ++ interp_atmos_master.sh[62]wgrib2 pgb2file_f005_7_0p50 -match 'LAND|ICEC'
 6: + interp_atmos_master.sh[62]var_count=0
 6: + interp_atmos_master.sh[63][[ 0 -eq 2 ]]
 6: + interp_atmos_master.sh[54]for grid in "${grids[@]}"
 6: + interp_atmos_master.sh[55]trim_rh pgb2file_f005_7_1p00
 6: + product_functions.sh[5]local filename=pgb2file_f005_7_1p00
 6: + product_functions.sh[6]wgrib2 pgb2file_f005_7_1p00 -not_if :RH: -grib pgb2file_f005_7_1p00.new -if :RH: -rpn '10:*:0.5:+:floor:1000:min:10:/' -set_grib_type same -set_scaling -1 0 -grib_out pgb2file_f005_7_1p00.new
 6: 1:0:d=2021122106:SPFH:40 mb:5 hour fcst:
 6: 2:58586:d=2021122106:VVEL:40 mb:5 hour fcst:
 6: 3:153020:d=2021122106:DZDT:40 mb:5 hour fcst:
 6: 4:236070:d=2021122106:UGRD:40 mb:5 hour fcst:
 6: 5:292231:d=2021122106:VGRD:40 mb:5 hour fcst:
 6: 6:346970:d=2021122106:ABSV:40 mb:5 hour fcst:
 6: 7:403556:d=2021122106:O3MR:40 mb:5 hour fcst:
 6: 8:487426:d=2021122106:HGT:50 mb:5 hour fcst:
 6: 9:540301:d=2021122106:TMP:50 mb:5 hour fcst:
 6: 10:588089:d=2021122106:RH:50 mb:5 hour fcst:
 6: 11:605459:d=2021122106:TCDC:50 mb:5 hour fcst:
 6: 12:605638:d=2021122106:SPFH:50 mb:5 hour fcst:
 6: 13:665604:d=2021122106:VVEL:50 mb:5 hour fcst:
 6: 14:742704:d=2021122106:DZDT:50 mb:5 hour fcst:
 6: 15:824635:d=2021122106:UGRD:50 mb:5 hour fcst:
 6: 16:880180:d=2021122106:VGRD:50 mb:5 hour fcst:
 6: 17:934590:d=2021122106:ABSV:50 mb:5 hour fcst:
 6: 18:991405:d=2021122106:CLMR:50 mb:5 hour fcst:
 6: 19:991584:d=2021122106:ICMR:50 mb:5 hour fcst:
 6: 20:991763:d=2021122106:RWMR:50 mb:5 hour fcst:
 6: 21:991942:d=2021122106:SNMR:50 mb:5 hour fcst:
 6: 22:992121:d=2021122106:GRLE:50 mb:5 hour fcst:
 6: 23:992300:d=2021122106:O3MR:50 mb:5 hour fcst:
 6: 24:1074928:d=2021122106:HGT:70 mb:5 hour fcst:
 6: 25:1128198:d=2021122106:TMP:70 mb:5 hour fcst:
 6: 26:1177703:d=2021122106:RH:70 mb:5 hour fcst:
 6: 27:1201726:d=2021122106:SPFH:70 mb:5 hour fcst:
 6: 28:1265306:d=2021122106:VVEL:70 mb:5 hour fcst:
 6: 29:1345671:d=2021122106:DZDT:70 mb:5 hour fcst:
 6: 30:1426708:d=2021122106:UGRD:70 mb:5 hour fcst:
 6: 31:1484117:d=2021122106:VGRD:70 mb:5 hour fcst:
 6: + product_functions.sh[10]rc=0
 6: + product_functions.sh[11]((  rc == 0  ))
 6: + product_functions.sh[11]mv pgb2file_f005_7_1p00.new pgb2file_f005_7_1p00
 6: + product_functions.sh[12]return 0
 6: + interp_atmos_master.sh[56]export err=0
 6: + interp_atmos_master.sh[56]err=0
 6: + interp_atmos_master.sh[57][[ 0 -ne 0 ]]
 6: ++ interp_atmos_master.sh[62]wc -l
 6: ++ interp_atmos_master.sh[62]wgrib2 pgb2file_f005_7_1p00 -match 'LAND|ICEC'
 6: + interp_atmos_master.sh[62]var_count=0
 6: + interp_atmos_master.sh[63][[ 0 -eq 2 ]]
 6: + interp_atmos_master.sh[73]exit 0
14: + bash[8]'[' -z '' ']'
14: + bash[9]case "$-" in
14: + bash[12]__lmod_vx=x
14: + bash[16]'[' -n x ']'
14: + bash[16]set +x
14: Shell debugging temporarily silenced: export LMOD_SH_DBG_ON=1 for this output (/apps/other/lmod/lmod/init/bash)
14: Shell debugging restarted
14: + bash[224]unset __lmod_vx
14: + interp_atmos_master.sh[7]input_file=tmpfile_f005_15
14: + interp_atmos_master.sh[8]output_file_prefix=pgb2file_f005_15
14: + interp_atmos_master.sh[9]grid_string=0p25:0p50:1p00
14: + interp_atmos_master.sh[12]defaults='-set_grib_type same -set_bitmap 1 -set_grib_max_bits 16'
14: + interp_atmos_master.sh[13]interp_winds='-new_grid_winds earth'
14: + interp_atmos_master.sh[14]interp_bilinear='-new_grid_interpolation bilinear'
14: + interp_atmos_master.sh[15]interp_neighbor='-if :(CSNOW|CRAIN|CFRZR|CICEP|ICSEV): -new_grid_interpolation neighbor -fi'
14: + interp_atmos_master.sh[16]interp_budget='-if :(APCP|ACPCP|PRATE|CPRAT|DZDT): -new_grid_interpolation budget -fi'
14: + interp_atmos_master.sh[17]increased_bits='-if :(APCP|ACPCP|PRATE|CPRAT): -set_grib_max_bits 25 -fi'
14: + interp_atmos_master.sh[21]grid0p25='latlon 0:1440:0.25 90:721:-0.25'
14: + interp_atmos_master.sh[23]grid0p50='latlon 0:720:0.5 90:361:-0.5'
14: + interp_atmos_master.sh[25]grid1p00='latlon 0:360:1.0 90:181:-1.0'
14: + interp_atmos_master.sh[28]source /work2/noaa/global/mterry/global-workflow_forked/ush/product_functions.sh
14: + interp_atmos_master.sh[31]IFS=:
14: + interp_atmos_master.sh[31]read -ra grids
14: + interp_atmos_master.sh[33]output_grids=
14: + interp_atmos_master.sh[34]for grid in "${grids[@]}"
14: + interp_atmos_master.sh[35]gridopt=grid0p25
14: + interp_atmos_master.sh[36]output_grids=' -new_grid latlon 0:1440:0.25 90:721:-0.25 pgb2file_f005_15_0p25'
14: + interp_atmos_master.sh[34]for grid in "${grids[@]}"
14: + interp_atmos_master.sh[35]gridopt=grid0p50
14: + interp_atmos_master.sh[36]output_grids=' -new_grid latlon 0:1440:0.25 90:721:-0.25 pgb2file_f005_15_0p25 -new_grid latlon 0:720:0.5 90:361:-0.5 pgb2file_f005_15_0p50'
14: + interp_atmos_master.sh[34]for grid in "${grids[@]}"
14: + interp_atmos_master.sh[35]gridopt=grid1p00
14: + interp_atmos_master.sh[36]output_grids=' -new_grid latlon 0:1440:0.25 90:721:-0.25 pgb2file_f005_15_0p25 -new_grid latlon 0:720:0.5 90:361:-0.5 pgb2file_f005_15_0p50 -new_grid latlon 0:360:1.0 90:181:-1.0 pgb2file_f005_15_1p00'
14: + interp_atmos_master.sh[40]wgrib2 tmpfile_f005_15 -set_grib_type same -set_bitmap 1 -set_grib_max_bits 16 -new_grid_winds earth -new_grid_interpolation bilinear -if ':(CSNOW|CRAIN|CFRZR|CICEP|ICSEV):' -new_grid_interpolation neighbor -fi -if ':(APCP|ACPCP|PRATE|CPRAT|DZDT):' -new_grid_interpolation budget -fi -if ':(APCP|ACPCP|PRATE|CPRAT):' -set_grib_max_bits 25 -fi -new_grid latlon 0:1440:0.25 90:721:-0.25 pgb2file_f005_15_0p25 -new_grid latlon 0:720:0.5 90:361:-0.5 pgb2file_f005_15_0p50 -new_grid latlon 0:360:1.0 90:181:-1.0 pgb2file_f005_15_1p00
14: 1:0:d=2021122106:ABSV:750 mb:5 hour fcst:
14: 2:83208:d=2021122106:CLMR:750 mb:5 hour fcst:
14: 3:106551:d=2021122106:ICMR:750 mb:5 hour fcst:
14: 4:135504:d=2021122106:RWMR:750 mb:5 hour fcst:
14: 5:149907:d=2021122106:SNMR:750 mb:5 hour fcst:
14: 6:183985:d=2021122106:GRLE:750 mb:5 hour fcst:
14: 7:188280:d=2021122106:O3MR:750 mb:5 hour fcst:
14: 8:300396:d=2021122106:HGT:800 mb:5 hour fcst:
14: 9:385927:d=2021122106:TMP:800 mb:5 hour fcst:
14: 10:457575:d=2021122106:RH:800 mb:5 hour fcst:
14: 11:531050:d=2021122106:TCDC:800 mb:5 hour fcst:
14: 12:569524:d=2021122106:SPFH:800 mb:5 hour fcst:
14: 13:679757:d=2021122106:VVEL:800 mb:5 hour fcst:
14: 14:782165:d=2021122106:DZDT:800 mb:5 hour fcst:
14: 15:890236:d=2021122106:UGRD:800 mb:5 hour fcst:
14: 16:966932:d=2021122106:VGRD:800 mb:5 hour fcst:
14: 17:1045001:d=2021122106:ABSV:800 mb:5 hour fcst:
14: 18:1129565:d=2021122106:CLMR:800 mb:5 hour fcst:
14: 19:1162829:d=2021122106:ICMR:800 mb:5 hour fcst:
14: 20:1192476:d=2021122106:RWMR:800 mb:5 hour fcst:
14: 21:1210790:d=2021122106:SNMR:800 mb:5 hour fcst:
14: 22:1244355:d=2021122106:GRLE:800 mb:5 hour fcst:
14: 23:1249104:d=2021122106:O3MR:800 mb:5 hour fcst:
14: 24:1359686:d=2021122106:HGT:850 mb:5 hour fcst:
14: 25:1446075:d=2021122106:TMP:850 mb:5 hour fcst:
14: 26:1520451:d=2021122106:RH:850 mb:5 hour fcst:
14: 27:1594485:d=2021122106:TCDC:850 mb:5 hour fcst:
14: 28:1640784:d=2021122106:SPFH:850 mb:5 hour fcst:
14: 29:1752226:d=2021122106:VVEL:850 mb:5 hour fcst:
14: 30:1854411:d=2021122106:DZDT:850 mb:5 hour fcst:
14: 31:1961940:d=2021122106:UGRD:850 mb:5 hour fcst:
14: 32:2039126:d=2021122106:VGRD:850 mb:5 hour fcst:
14: + interp_atmos_master.sh[47]export err=0
14: + interp_atmos_master.sh[47]err=0
14: + interp_atmos_master.sh[48][[ 0 -ne 0 ]]
14: + interp_atmos_master.sh[54]for grid in "${grids[@]}"
14: + interp_atmos_master.sh[55]trim_rh pgb2file_f005_15_0p25
14: + product_functions.sh[5]local filename=pgb2file_f005_15_0p25
14: + product_functions.sh[6]wgrib2 pgb2file_f005_15_0p25 -not_if :RH: -grib pgb2file_f005_15_0p25.new -if :RH: -rpn '10:*:0.5:+:floor:1000:min:10:/' -set_grib_type same -set_scaling -1 0 -grib_out pgb2file_f005_15_0p25.new
14: 1:0:d=2021122106:ABSV:750 mb:5 hour fcst:
14: 2:693514:d=2021122106:CLMR:750 mb:5 hour fcst:
14: 3:892410:d=2021122106:ICMR:750 mb:5 hour fcst:
14: 4:1126308:d=2021122106:RWMR:750 mb:5 hour fcst:
14: 5:1223641:d=2021122106:SNMR:750 mb:5 hour fcst:
14: 6:1484749:d=2021122106:GRLE:750 mb:5 hour fcst:
14: 7:1514296:d=2021122106:O3MR:750 mb:5 hour fcst:
14: 8:2564887:d=2021122106:HGT:800 mb:5 hour fcst:
14: 9:3273335:d=2021122106:TMP:800 mb:5 hour fcst:
14: 10:3828165:d=2021122106:RH:800 mb:5 hour fcst:
14: 11:4408496:d=2021122106:TCDC:800 mb:5 hour fcst:
14: 12:4698098:d=2021122106:SPFH:800 mb:5 hour fcst:
14: 13:5726578:d=2021122106:VVEL:800 mb:5 hour fcst:
14: 14:6668229:d=2021122106:DZDT:800 mb:5 hour fcst:
14: 15:7650340:d=2021122106:UGRD:800 mb:5 hour fcst:
14: 16:8269651:d=2021122106:VGRD:800 mb:5 hour fcst:
14: 17:8909476:d=2021122106:ABSV:800 mb:5 hour fcst:
14: 18:9615507:d=2021122106:CLMR:800 mb:5 hour fcst:
14: 19:9903798:d=2021122106:ICMR:800 mb:5 hour fcst:
14: 20:10147030:d=2021122106:RWMR:800 mb:5 hour fcst:
14: 21:10271897:d=2021122106:SNMR:800 mb:5 hour fcst:
14: 22:10528075:d=2021122106:GRLE:800 mb:5 hour fcst:
14: 23:10560676:d=2021122106:O3MR:800 mb:5 hour fcst:
14: 24:11602896:d=2021122106:HGT:850 mb:5 hour fcst:
14: 25:12320945:d=2021122106:TMP:850 mb:5 hour fcst:
14: 26:12903564:d=2021122106:RH:850 mb:5 hour fcst:
14: 27:13490543:d=2021122106:TCDC:850 mb:5 hour fcst:
14: 28:13841052:d=2021122106:SPFH:850 mb:5 hour fcst:
14: 29:14886415:d=2021122106:VVEL:850 mb:5 hour fcst:
14: 30:15825849:d=2021122106:DZDT:850 mb:5 hour fcst:
14: 31:16795052:d=2021122106:UGRD:850 mb:5 hour fcst:
14: 32:17420387:d=2021122106:VGRD:850 mb:5 hour fcst:
14: + product_functions.sh[10]rc=0
14: + product_functions.sh[11]((  rc == 0  ))
14: + product_functions.sh[11]mv pgb2file_f005_15_0p25.new pgb2file_f005_15_0p25
14: + product_functions.sh[12]return 0
14: + interp_atmos_master.sh[56]export err=0
14: + interp_atmos_master.sh[56]err=0
14: + interp_atmos_master.sh[57][[ 0 -ne 0 ]]
14: ++ interp_atmos_master.sh[62]wc -l
14: ++ interp_atmos_master.sh[62]wgrib2 pgb2file_f005_15_0p25 -match 'LAND|ICEC'
14: + interp_atmos_master.sh[62]var_count=0
14: + interp_atmos_master.sh[63][[ 0 -eq 2 ]]
14: + interp_atmos_master.sh[54]for grid in "${grids[@]}"
14: + interp_atmos_master.sh[55]trim_rh pgb2file_f005_15_0p50
14: + product_functions.sh[5]local filename=pgb2file_f005_15_0p50
14: + product_functions.sh[6]wgrib2 pgb2file_f005_15_0p50 -not_if :RH: -grib pgb2file_f005_15_0p50.new -if :RH: -rpn '10:*:0.5:+:floor:1000:min:10:/' -set_grib_type same -set_scaling -1 0 -grib_out pgb2file_f005_15_0p50.new
14: 1:0:d=2021122106:ABSV:750 mb:5 hour fcst:
14: 2:221381:d=2021122106:CLMR:750 mb:5 hour fcst:
14: 3:288571:d=2021122106:ICMR:750 mb:5 hour fcst:
14: 4:366084:d=2021122106:RWMR:750 mb:5 hour fcst:
14: 5:401801:d=2021122106:SNMR:750 mb:5 hour fcst:
14: 6:491137:d=2021122106:GRLE:750 mb:5 hour fcst:
14: 7:502285:d=2021122106:O3MR:750 mb:5 hour fcst:
14: 8:816207:d=2021122106:HGT:800 mb:5 hour fcst:
14: 9:1041847:d=2021122106:TMP:800 mb:5 hour fcst:
14: 10:1223492:d=2021122106:RH:800 mb:5 hour fcst:
14: 11:1414390:d=2021122106:TCDC:800 mb:5 hour fcst:
14: 12:1515815:d=2021122106:SPFH:800 mb:5 hour fcst:
14: 13:1823338:d=2021122106:VVEL:800 mb:5 hour fcst:
14: 14:2109195:d=2021122106:DZDT:800 mb:5 hour fcst:
14: 15:2404291:d=2021122106:UGRD:800 mb:5 hour fcst:
14: 16:2605273:d=2021122106:VGRD:800 mb:5 hour fcst:
14: 17:2810323:d=2021122106:ABSV:800 mb:5 hour fcst:
14: 18:3033931:d=2021122106:CLMR:800 mb:5 hour fcst:
14: 19:3128678:d=2021122106:ICMR:800 mb:5 hour fcst:
14: 20:3208869:d=2021122106:RWMR:800 mb:5 hour fcst:
14: 21:3254459:d=2021122106:SNMR:800 mb:5 hour fcst:
14: 22:3340959:d=2021122106:GRLE:800 mb:5 hour fcst:
14: 23:3353135:d=2021122106:O3MR:800 mb:5 hour fcst:
14: 24:3666822:d=2021122106:HGT:850 mb:5 hour fcst:
14: 25:3895157:d=2021122106:TMP:850 mb:5 hour fcst:
14: 26:4085432:d=2021122106:RH:850 mb:5 hour fcst:
14: 27:4278269:d=2021122106:TCDC:850 mb:5 hour fcst:
14: 28:4400279:d=2021122106:SPFH:850 mb:5 hour fcst:
14: 29:4713267:d=2021122106:VVEL:850 mb:5 hour fcst:
14: 30:4998465:d=2021122106:DZDT:850 mb:5 hour fcst:
14: 31:5290831:d=2021122106:UGRD:850 mb:5 hour fcst:
14: 32:5493334:d=2021122106:VGRD:850 mb:5 hour fcst:
14: + product_functions.sh[10]rc=0
14: + product_functions.sh[11]((  rc == 0  ))
14: + product_functions.sh[11]mv pgb2file_f005_15_0p50.new pgb2file_f005_15_0p50
14: + product_functions.sh[12]return 0
14: + interp_atmos_master.sh[56]export err=0
14: + interp_atmos_master.sh[56]err=0
14: + interp_atmos_master.sh[57][[ 0 -ne 0 ]]
14: ++ interp_atmos_master.sh[62]wc -l
14: ++ interp_atmos_master.sh[62]wgrib2 pgb2file_f005_15_0p50 -match 'LAND|ICEC'
14: + interp_atmos_master.sh[62]var_count=0
14: + interp_atmos_master.sh[63][[ 0 -eq 2 ]]
14: + interp_atmos_master.sh[54]for grid in "${grids[@]}"
14: + interp_atmos_master.sh[55]trim_rh pgb2file_f005_15_1p00
14: + product_functions.sh[5]local filename=pgb2file_f005_15_1p00
14: + product_functions.sh[6]wgrib2 pgb2file_f005_15_1p00 -not_if :RH: -grib pgb2file_f005_15_1p00.new -if :RH: -rpn '10:*:0.5:+:floor:1000:min:10:/' -set_grib_type same -set_scaling -1 0 -grib_out pgb2file_f005_15_1p00.new
14: 1:0:d=2021122106:ABSV:750 mb:5 hour fcst:
14: 2:69393:d=2021122106:CLMR:750 mb:5 hour fcst:
14: 3:92547:d=2021122106:ICMR:750 mb:5 hour fcst:
14: 4:118391:d=2021122106:RWMR:750 mb:5 hour fcst:
14: 5:131881:d=2021122106:SNMR:750 mb:5 hour fcst:
14: 6:162341:d=2021122106:GRLE:750 mb:5 hour fcst:
14: 7:166759:d=2021122106:O3MR:750 mb:5 hour fcst:
14: 8:259691:d=2021122106:HGT:800 mb:5 hour fcst:
14: 9:329425:d=2021122106:TMP:800 mb:5 hour fcst:
14: 10:387956:d=2021122106:RH:800 mb:5 hour fcst:
14: 11:449036:d=2021122106:TCDC:800 mb:5 hour fcst:
14: 12:483814:d=2021122106:SPFH:800 mb:5 hour fcst:
14: 13:574810:d=2021122106:VVEL:800 mb:5 hour fcst:
14: 14:660721:d=2021122106:DZDT:800 mb:5 hour fcst:
14: 15:748224:d=2021122106:UGRD:800 mb:5 hour fcst:
14: 16:811848:d=2021122106:VGRD:800 mb:5 hour fcst:
14: 17:877134:d=2021122106:ABSV:800 mb:5 hour fcst:
14: 18:947253:d=2021122106:CLMR:800 mb:5 hour fcst:
14: 19:979035:d=2021122106:ICMR:800 mb:5 hour fcst:
14: 20:1005522:d=2021122106:RWMR:800 mb:5 hour fcst:
14: 21:1022447:d=2021122106:SNMR:800 mb:5 hour fcst:
14: 22:1052284:d=2021122106:GRLE:800 mb:5 hour fcst:
14: 23:1056954:d=2021122106:O3MR:800 mb:5 hour fcst:
14: 24:1149609:d=2021122106:HGT:850 mb:5 hour fcst:
14: 25:1220020:d=2021122106:TMP:850 mb:5 hour fcst:
14: 26:1280664:d=2021122106:RH:850 mb:5 hour fcst:
14: 27:1342206:d=2021122106:TCDC:850 mb:5 hour fcst:
14: 28:1383569:d=2021122106:SPFH:850 mb:5 hour fcst:
14: 29:1475570:d=2021122106:VVEL:850 mb:5 hour fcst:
14: 30:1561299:d=2021122106:DZDT:850 mb:5 hour fcst:
14: 31:1648561:d=2021122106:UGRD:850 mb:5 hour fcst:
14: 32:1712210:d=2021122106:VGRD:850 mb:5 hour fcst:
14: + product_functions.sh[10]rc=0
14: + product_functions.sh[11]((  rc == 0  ))
14: + product_functions.sh[11]mv pgb2file_f005_15_1p00.new pgb2file_f005_15_1p00
14: + product_functions.sh[12]return 0
14: + interp_atmos_master.sh[56]export err=0
14: + interp_atmos_master.sh[56]err=0
14: + interp_atmos_master.sh[57][[ 0 -ne 0 ]]
14: ++ interp_atmos_master.sh[62]wc -l
14: ++ interp_atmos_master.sh[62]wgrib2 pgb2file_f005_15_1p00 -match 'LAND|ICEC'
14: + interp_atmos_master.sh[62]var_count=0
14: + interp_atmos_master.sh[63][[ 0 -eq 2 ]]
14: + interp_atmos_master.sh[73]exit 0
18: + bash[8]'[' -z '' ']'
18: + bash[9]case "$-" in
18: + bash[12]__lmod_vx=x
18: + bash[16]'[' -n x ']'
18: + bash[16]set +x
18: Shell debugging temporarily silenced: export LMOD_SH_DBG_ON=1 for this output (/apps/other/lmod/lmod/init/bash)
18: Shell debugging restarted
18: + bash[224]unset __lmod_vx
18: + interp_atmos_master.sh[7]input_file=tmpfile_f005_19
18: + interp_atmos_master.sh[8]output_file_prefix=pgb2file_f005_19
18: + interp_atmos_master.sh[9]grid_string=0p25:0p50:1p00
18: + interp_atmos_master.sh[12]defaults='-set_grib_type same -set_bitmap 1 -set_grib_max_bits 16'
18: + interp_atmos_master.sh[13]interp_winds='-new_grid_winds earth'
18: + interp_atmos_master.sh[14]interp_bilinear='-new_grid_interpolation bilinear'
18: + interp_atmos_master.sh[15]interp_neighbor='-if :(CSNOW|CRAIN|CFRZR|CICEP|ICSEV): -new_grid_interpolation neighbor -fi'
18: + interp_atmos_master.sh[16]interp_budget='-if :(APCP|ACPCP|PRATE|CPRAT|DZDT): -new_grid_interpolation budget -fi'
18: + interp_atmos_master.sh[17]increased_bits='-if :(APCP|ACPCP|PRATE|CPRAT): -set_grib_max_bits 25 -fi'
18: + interp_atmos_master.sh[21]grid0p25='latlon 0:1440:0.25 90:721:-0.25'
18: + interp_atmos_master.sh[23]grid0p50='latlon 0:720:0.5 90:361:-0.5'
18: + interp_atmos_master.sh[25]grid1p00='latlon 0:360:1.0 90:181:-1.0'
18: + interp_atmos_master.sh[28]source /work2/noaa/global/mterry/global-workflow_forked/ush/product_functions.sh
18: + interp_atmos_master.sh[31]IFS=:
18: + interp_atmos_master.sh[31]read -ra grids
18: + interp_atmos_master.sh[33]output_grids=
18: + interp_atmos_master.sh[34]for grid in "${grids[@]}"
18: + interp_atmos_master.sh[35]gridopt=grid0p25
18: + interp_atmos_master.sh[36]output_grids=' -new_grid latlon 0:1440:0.25 90:721:-0.25 pgb2file_f005_19_0p25'
18: + interp_atmos_master.sh[34]for grid in "${grids[@]}"
18: + interp_atmos_master.sh[35]gridopt=grid0p50
18: + interp_atmos_master.sh[36]output_grids=' -new_grid latlon 0:1440:0.25 90:721:-0.25 pgb2file_f005_19_0p25 -new_grid latlon 0:720:0.5 90:361:-0.5 pgb2file_f005_19_0p50'
18: + interp_atmos_master.sh[34]for grid in "${grids[@]}"
18: + interp_atmos_master.sh[35]gridopt=grid1p00
18: + interp_atmos_master.sh[36]output_grids=' -new_grid latlon 0:1440:0.25 90:721:-0.25 pgb2file_f005_19_0p25 -new_grid latlon 0:720:0.5 90:361:-0.5 pgb2file_f005_19_0p50 -new_grid latlon 0:360:1.0 90:181:-1.0 pgb2file_f005_19_1p00'
18: + interp_atmos_master.sh[40]wgrib2 tmpfile_f005_19 -set_grib_type same -set_bitmap 1 -set_grib_max_bits 16 -new_grid_winds earth -new_grid_interpolation bilinear -if ':(CSNOW|CRAIN|CFRZR|CICEP|ICSEV):' -new_grid_interpolation neighbor -fi -if ':(APCP|ACPCP|PRATE|CPRAT|DZDT):' -new_grid_interpolation budget -fi -if ':(APCP|ACPCP|PRATE|CPRAT):' -set_grib_max_bits 25 -fi -new_grid latlon 0:1440:0.25 90:721:-0.25 pgb2file_f005_19_0p25 -new_grid latlon 0:720:0.5 90:361:-0.5 pgb2file_f005_19_0p50 -new_grid latlon 0:360:1.0 90:181:-1.0 pgb2file_f005_19_1p00
18: 1:0:d=2021122106:TMP:surface:5 hour fcst:
18: 2:59600:d=2021122106:TSOIL:0-0.1 m below ground:5 hour fcst:
18: 3:98143:d=2021122106:SOILW:0-0.1 m below ground:5 hour fcst:
18: 4:126167:d=2021122106:SOILL:0-0.1 m below ground:5 hour fcst:
18: 5:153577:d=2021122106:TSOIL:0.1-0.4 m below ground:5 hour fcst:
18: 6:203627:d=2021122106:SOILW:0.1-0.4 m below ground:5 hour fcst:
18: 7:231627:d=2021122106:SOILL:0.1-0.4 m below ground:5 hour fcst:
18: 8:259512:d=2021122106:TSOIL:0.4-1 m below ground:5 hour fcst:
18: 9:302184:d=2021122106:SOILW:0.4-1 m below ground:5 hour fcst:
18: 10:330677:d=2021122106:SOILL:0.4-1 m below ground:5 hour fcst:
18: 11:359029:d=2021122106:TSOIL:1-2 m below ground:5 hour fcst:
18: 12:401030:d=2021122106:SOILW:1-2 m below ground:5 hour fcst:
18: 13:429243:d=2021122106:SOILL:1-2 m below ground:5 hour fcst:
18: 14:457598:d=2021122106:CNWAT:surface:5 hour fcst:
18: 15:475608:d=2021122106:WEASD:surface:5 hour fcst:
18: 16:521624:d=2021122106:SNOD:surface:5 hour fcst:
18: 17:570986:d=2021122106:PEVPR:surface:5 hour fcst:
18: 18:615143:d=2021122106:ICETK:surface:5 hour fcst:
18: 19:627181:d=2021122106:TMP:2 m above ground:5 hour fcst:
18: 20:701335:d=2021122106:SPFH:2 m above ground:5 hour fcst:
18: 21:798488:d=2021122106:DPT:2 m above ground:5 hour fcst:
18: 22:874152:d=2021122106:RH:2 m above ground:5 hour fcst:
18: 23:939459:d=2021122106:APTMP:2 m above ground:5 hour fcst:
18: 24:988923:d=2021122106:TMAX:2 m above ground:0-5 hour max fcst:
18: 25:1062298:d=2021122106:TMIN:2 m above ground:0-5 hour min fcst:
18: 26:1136202:d=2021122106:UGRD:10 m above ground:5 hour fcst:
18: 27:1211628:d=2021122106:VGRD:10 m above ground:5 hour fcst:
18: 28:1287785:d=2021122106:ICEG:10 m above mean sea level:5 hour fcst:
18: 29:1290094:d=2021122106:CPOFP:surface:5 hour fcst:
18: 30:1357821:d=2021122106:CPRAT:surface:5 hour fcst:
18: 31:1424703:d=2021122106:PRATE:surface:5 hour fcst:
18: + interp_atmos_master.sh[47]export err=0
18: + interp_atmos_master.sh[47]err=0
18: + interp_atmos_master.sh[48][[ 0 -ne 0 ]]
18: + interp_atmos_master.sh[54]for grid in "${grids[@]}"
18: + interp_atmos_master.sh[55]trim_rh pgb2file_f005_19_0p25
18: + product_functions.sh[5]local filename=pgb2file_f005_19_0p25
18: + product_functions.sh[6]wgrib2 pgb2file_f005_19_0p25 -not_if :RH: -grib pgb2file_f005_19_0p25.new -if :RH: -rpn '10:*:0.5:+:floor:1000:min:10:/' -set_grib_type same -set_scaling -1 0 -grib_out pgb2file_f005_19_0p25.new
18: 1:0:d=2021122106:TMP:surface:5 hour fcst:
18: 2:420436:d=2021122106:TSOIL:0-0.1 m below ground:5 hour fcst:
18: 3:760928:d=2021122106:SOILW:0-0.1 m below ground:5 hour fcst:
18: 4:1048146:d=2021122106:SOILL:0-0.1 m below ground:5 hour fcst:
18: 5:1329774:d=2021122106:TSOIL:0.1-0.4 m below ground:5 hour fcst:
18: 6:1794030:d=2021122106:SOILW:0.1-0.4 m below ground:5 hour fcst:
18: 7:2082975:d=2021122106:SOILL:0.1-0.4 m below ground:5 hour fcst:
18: 8:2373038:d=2021122106:TSOIL:0.4-1 m below ground:5 hour fcst:
18: 9:2782728:d=2021122106:SOILW:0.4-1 m below ground:5 hour fcst:
18: 10:3076058:d=2021122106:SOILL:0.4-1 m below ground:5 hour fcst:
18: 11:3368702:d=2021122106:TSOIL:1-2 m below ground:5 hour fcst:
18: 12:3769818:d=2021122106:SOILW:1-2 m below ground:5 hour fcst:
18: 13:4057252:d=2021122106:SOILL:1-2 m below ground:5 hour fcst:
18: 14:4348010:d=2021122106:CNWAT:surface:5 hour fcst:
18: 15:4536330:d=2021122106:WEASD:surface:5 hour fcst:
18: 16:4976053:d=2021122106:SNOD:surface:5 hour fcst:
18: 17:5439257:d=2021122106:PEVPR:surface:5 hour fcst:
18: 18:5878354:d=2021122106:ICETK:surface:5 hour fcst:
18: 19:5957348:d=2021122106:TMP:2 m above ground:5 hour fcst:
18: 20:6540171:d=2021122106:SPFH:2 m above ground:5 hour fcst:
18: 21:7415542:d=2021122106:DPT:2 m above ground:5 hour fcst:
18: 22:8018346:d=2021122106:RH:2 m above ground:5 hour fcst:
18: 23:8508833:d=2021122106:APTMP:2 m above ground:5 hour fcst:
18: 24:8862679:d=2021122106:TMAX:2 m above ground:0-5 hour max fcst:
18: 25:9434851:d=2021122106:TMIN:2 m above ground:0-5 hour min fcst:
18: 26:10014771:d=2021122106:UGRD:10 m above ground:5 hour fcst:
18: 27:10625790:d=2021122106:VGRD:10 m above ground:5 hour fcst:
18: 28:11237599:d=2021122106:ICEG:10 m above mean sea level:5 hour fcst:
18: 29:11253993:d=2021122106:CPOFP:surface:5 hour fcst:
18: 30:11771322:d=2021122106:CPRAT:surface:5 hour fcst:
18: 31:12325203:d=2021122106:PRATE:surface:5 hour fcst:
18: + product_functions.sh[10]rc=0
18: + product_functions.sh[11]((  rc == 0  ))
18: + product_functions.sh[11]mv pgb2file_f005_19_0p25.new pgb2file_f005_19_0p25
18: + product_functions.sh[12]return 0
18: + interp_atmos_master.sh[56]export err=0
18: + interp_atmos_master.sh[56]err=0
18: + interp_atmos_master.sh[57][[ 0 -ne 0 ]]
18: ++ interp_atmos_master.sh[62]wc -l
18: ++ interp_atmos_master.sh[62]wgrib2 pgb2file_f005_19_0p25 -match 'LAND|ICEC'
18: + interp_atmos_master.sh[62]var_count=0
18: + interp_atmos_master.sh[63][[ 0 -eq 2 ]]
18: + interp_atmos_master.sh[54]for grid in "${grids[@]}"
18: + interp_atmos_master.sh[55]trim_rh pgb2file_f005_19_0p50
18: + product_functions.sh[5]local filename=pgb2file_f005_19_0p50
18: + product_functions.sh[6]wgrib2 pgb2file_f005_19_0p50 -not_if :RH: -grib pgb2file_f005_19_0p50.new -if :RH: -rpn '10:*:0.5:+:floor:1000:min:10:/' -set_grib_type same -set_scaling -1 0 -grib_out pgb2file_f005_19_0p50.new
18: 1:0:d=2021122106:TMP:surface:5 hour fcst:
18: 2:143323:d=2021122106:TSOIL:0-0.1 m below ground:5 hour fcst:
18: 3:248157:d=2021122106:SOILW:0-0.1 m below ground:5 hour fcst:
18: 4:330936:d=2021122106:SOILL:0-0.1 m below ground:5 hour fcst:
18: 5:412102:d=2021122106:TSOIL:0.1-0.4 m below ground:5 hour fcst:
18: 6:552751:d=2021122106:SOILW:0.1-0.4 m below ground:5 hour fcst:
18: 7:635707:d=2021122106:SOILL:0.1-0.4 m below ground:5 hour fcst:
18: 8:719148:d=2021122106:TSOIL:0.4-1 m below ground:5 hour fcst:
18: 9:841475:d=2021122106:SOILW:0.4-1 m below ground:5 hour fcst:
18: 10:925785:d=2021122106:SOILL:0.4-1 m below ground:5 hour fcst:
18: 11:1009817:d=2021122106:TSOIL:1-2 m below ground:5 hour fcst:
18: 12:1129721:d=2021122106:SOILW:1-2 m below ground:5 hour fcst:
18: 13:1212738:d=2021122106:SOILL:1-2 m below ground:5 hour fcst:
18: 14:1296511:d=2021122106:CNWAT:surface:5 hour fcst:
18: 15:1349870:d=2021122106:WEASD:surface:5 hour fcst:
18: 16:1481448:d=2021122106:SNOD:surface:5 hour fcst:
18: 17:1621966:d=2021122106:PEVPR:surface:5 hour fcst:
18: 18:1750156:d=2021122106:ICETK:surface:5 hour fcst:
18: 19:1779495:d=2021122106:TMP:2 m above ground:5 hour fcst:
18: 20:1970799:d=2021122106:SPFH:2 m above ground:5 hour fcst:
18: 21:2237371:d=2021122106:DPT:2 m above ground:5 hour fcst:
18: 22:2434053:d=2021122106:RH:2 m above ground:5 hour fcst:
18: 23:2597680:d=2021122106:APTMP:2 m above ground:5 hour fcst:
18: 24:2716248:d=2021122106:TMAX:2 m above ground:0-5 hour max fcst:
18: 25:2904591:d=2021122106:TMIN:2 m above ground:0-5 hour min fcst:
18: 26:3094963:d=2021122106:UGRD:10 m above ground:5 hour fcst:
18: 27:3293383:d=2021122106:VGRD:10 m above ground:5 hour fcst:
18: 28:3492646:d=2021122106:ICEG:10 m above mean sea level:5 hour fcst:
18: 29:3498968:d=2021122106:CPOFP:surface:5 hour fcst:
18: 30:3677376:d=2021122106:CPRAT:surface:5 hour fcst:
18: 31:3863199:d=2021122106:PRATE:surface:5 hour fcst:
18: + product_functions.sh[10]rc=0
18: + product_functions.sh[11]((  rc == 0  ))
18: + product_functions.sh[11]mv pgb2file_f005_19_0p50.new pgb2file_f005_19_0p50
18: + product_functions.sh[12]return 0
18: + interp_atmos_master.sh[56]export err=0
18: + interp_atmos_master.sh[56]err=0
18: + interp_atmos_master.sh[57][[ 0 -ne 0 ]]
18: ++ interp_atmos_master.sh[62]wc -l
18: ++ interp_atmos_master.sh[62]wgrib2 pgb2file_f005_19_0p50 -match 'LAND|ICEC'
18: + interp_atmos_master.sh[62]var_count=0
18: + interp_atmos_master.sh[63][[ 0 -eq 2 ]]
18: + interp_atmos_master.sh[54]for grid in "${grids[@]}"
18: + interp_atmos_master.sh[55]trim_rh pgb2file_f005_19_1p00
18: + product_functions.sh[5]local filename=pgb2file_f005_19_1p00
18: + product_functions.sh[6]wgrib2 pgb2file_f005_19_1p00 -not_if :RH: -grib pgb2file_f005_19_1p00.new -if :RH: -rpn '10:*:0.5:+:floor:1000:min:10:/' -set_grib_type same -set_scaling -1 0 -grib_out pgb2file_f005_19_1p00.new
18: 1:0:d=2021122106:TMP:surface:5 hour fcst:
18: 2:46560:d=2021122106:TSOIL:0-0.1 m below ground:5 hour fcst:
18: 3:78141:d=2021122106:SOILW:0-0.1 m below ground:5 hour fcst:
18: 4:101237:d=2021122106:SOILL:0-0.1 m below ground:5 hour fcst:
18: 5:124063:d=2021122106:TSOIL:0.1-0.4 m below ground:5 hour fcst:
18: 6:165457:d=2021122106:SOILW:0.1-0.4 m below ground:5 hour fcst:
18: 7:188624:d=2021122106:SOILL:0.1-0.4 m below ground:5 hour fcst:
18: 8:211922:d=2021122106:TSOIL:0.4-1 m below ground:5 hour fcst:
18: 9:247620:d=2021122106:SOILW:0.4-1 m below ground:5 hour fcst:
18: 10:271142:d=2021122106:SOILL:0.4-1 m below ground:5 hour fcst:
18: 11:294580:d=2021122106:TSOIL:1-2 m below ground:5 hour fcst:
18: 12:329748:d=2021122106:SOILW:1-2 m below ground:5 hour fcst:
18: 13:353054:d=2021122106:SOILL:1-2 m below ground:5 hour fcst:
18: 14:376588:d=2021122106:CNWAT:surface:5 hour fcst:
18: 15:392012:d=2021122106:WEASD:surface:5 hour fcst:
18: 16:430322:d=2021122106:SNOD:surface:5 hour fcst:
18: 17:471345:d=2021122106:PEVPR:surface:5 hour fcst:
18: 18:507847:d=2021122106:ICETK:surface:5 hour fcst:
18: 19:518203:d=2021122106:TMP:2 m above ground:5 hour fcst:
18: 20:578950:d=2021122106:SPFH:2 m above ground:5 hour fcst:
18: 21:659000:d=2021122106:DPT:2 m above ground:5 hour fcst:
18: 22:721193:d=2021122106:RH:2 m above ground:5 hour fcst:
18: 23:774403:d=2021122106:APTMP:2 m above ground:5 hour fcst:
18: 24:814827:d=2021122106:TMAX:2 m above ground:0-5 hour max fcst:
18: 25:874892:d=2021122106:TMIN:2 m above ground:0-5 hour min fcst:
18: 26:935374:d=2021122106:UGRD:10 m above ground:5 hour fcst:
18: 27:998685:d=2021122106:VGRD:10 m above ground:5 hour fcst:
18: 28:1062083:d=2021122106:ICEG:10 m above mean sea level:5 hour fcst:
18: 29:1064601:d=2021122106:CPOFP:surface:5 hour fcst:
18: 30:1123220:d=2021122106:CPRAT:surface:5 hour fcst:
18: 31:1182780:d=2021122106:PRATE:surface:5 hour fcst:
18: + product_functions.sh[10]rc=0
18: + product_functions.sh[11]((  rc == 0  ))
18: + product_functions.sh[11]mv pgb2file_f005_19_1p00.new pgb2file_f005_19_1p00
18: + product_functions.sh[12]return 0
18: + interp_atmos_master.sh[56]export err=0
18: + interp_atmos_master.sh[56]err=0
18: + interp_atmos_master.sh[57][[ 0 -ne 0 ]]
18: ++ interp_atmos_master.sh[62]wc -l
18: ++ interp_atmos_master.sh[62]wgrib2 pgb2file_f005_19_1p00 -match 'LAND|ICEC'
18: + interp_atmos_master.sh[62]var_count=0
18: + interp_atmos_master.sh[63][[ 0 -eq 2 ]]
18: + interp_atmos_master.sh[73]exit 0
20: + bash[8]'[' -z '' ']'
20: + bash[9]case "$-" in
20: + bash[12]__lmod_vx=x
20: + bash[16]'[' -n x ']'
20: + bash[16]set +x
20: Shell debugging temporarily silenced: export LMOD_SH_DBG_ON=1 for this output (/apps/other/lmod/lmod/init/bash)
20: Shell debugging restarted
20: + bash[224]unset __lmod_vx
20: + interp_atmos_master.sh[7]input_file=tmpfile_f005_21
20: + interp_atmos_master.sh[8]output_file_prefix=pgb2file_f005_21
20: + interp_atmos_master.sh[9]grid_string=0p25:0p50:1p00
20: + interp_atmos_master.sh[12]defaults='-set_grib_type same -set_bitmap 1 -set_grib_max_bits 16'
20: + interp_atmos_master.sh[13]interp_winds='-new_grid_winds earth'
20: + interp_atmos_master.sh[14]interp_bilinear='-new_grid_interpolation bilinear'
20: + interp_atmos_master.sh[15]interp_neighbor='-if :(CSNOW|CRAIN|CFRZR|CICEP|ICSEV): -new_grid_interpolation neighbor -fi'
20: + interp_atmos_master.sh[16]interp_budget='-if :(APCP|ACPCP|PRATE|CPRAT|DZDT): -new_grid_interpolation budget -fi'
20: + interp_atmos_master.sh[17]increased_bits='-if :(APCP|ACPCP|PRATE|CPRAT): -set_grib_max_bits 25 -fi'
20: + interp_atmos_master.sh[21]grid0p25='latlon 0:1440:0.25 90:721:-0.25'
20: + interp_atmos_master.sh[23]grid0p50='latlon 0:720:0.5 90:361:-0.5'
20: + interp_atmos_master.sh[25]grid1p00='latlon 0:360:1.0 90:181:-1.0'
20: + interp_atmos_master.sh[28]source /work2/noaa/global/mterry/global-workflow_forked/ush/product_functions.sh
20: + interp_atmos_master.sh[31]IFS=:
20: + interp_atmos_master.sh[31]read -ra grids
20: + interp_atmos_master.sh[33]output_grids=
20: + interp_atmos_master.sh[34]for grid in "${grids[@]}"
20: + interp_atmos_master.sh[35]gridopt=grid0p25
20: + interp_atmos_master.sh[36]output_grids=' -new_grid latlon 0:1440:0.25 90:721:-0.25 pgb2file_f005_21_0p25'
20: + interp_atmos_master.sh[34]for grid in "${grids[@]}"
20: + interp_atmos_master.sh[35]gridopt=grid0p50
20: + interp_atmos_master.sh[36]output_grids=' -new_grid latlon 0:1440:0.25 90:721:-0.25 pgb2file_f005_21_0p25 -new_grid latlon 0:720:0.5 90:361:-0.5 pgb2file_f005_21_0p50'
20: + interp_atmos_master.sh[34]for grid in "${grids[@]}"
20: + interp_atmos_master.sh[35]gridopt=grid1p00
20: + interp_atmos_master.sh[36]output_grids=' -new_grid latlon 0:1440:0.25 90:721:-0.25 pgb2file_f005_21_0p25 -new_grid latlon 0:720:0.5 90:361:-0.5 pgb2file_f005_21_0p50 -new_grid latlon 0:360:1.0 90:181:-1.0 pgb2file_f005_21_1p00'
20: + interp_atmos_master.sh[40]wgrib2 tmpfile_f005_21 -set_grib_type same -set_bitmap 1 -set_grib_max_bits 16 -new_grid_winds earth -new_grid_interpolation bilinear -if ':(CSNOW|CRAIN|CFRZR|CICEP|ICSEV):' -new_grid_interpolation neighbor -fi -if ':(APCP|ACPCP|PRATE|CPRAT|DZDT):' -new_grid_interpolation budget -fi -if ':(APCP|ACPCP|PRATE|CPRAT):' -set_grib_max_bits 25 -fi -new_grid latlon 0:1440:0.25 90:721:-0.25 pgb2file_f005_21_0p25 -new_grid latlon 0:720:0.5 90:361:-0.5 pgb2file_f005_21_0p50 -new_grid latlon 0:360:1.0 90:181:-1.0 pgb2file_f005_21_1p00
20: 1:0:d=2021122106:LFTX:surface:5 hour fcst:
20: 2:48864:d=2021122106:CAPE:surface:5 hour fcst:
20: 3:98442:d=2021122106:CIN:surface:5 hour fcst:
20: 4:143525:d=2021122106:PWAT:entire atmosphere (considered as a single layer):5 hour fcst:
20: 5:242577:d=2021122106:CWAT:entire atmosphere (considered as a single layer):5 hour fcst:
20: 6:338344:d=2021122106:RH:entire atmosphere (considered as a single layer):5 hour fcst:
20: 7:390661:d=2021122106:TOZNE:entire atmosphere (considered as a single layer):5 hour fcst:
20: 8:439017:d=2021122106:LCDC:low cloud layer:5 hour fcst:
20: 9:496421:d=2021122106:LCDC:low cloud layer:0-5 hour ave fcst:
20: 10:563097:d=2021122106:MCDC:middle cloud layer:5 hour fcst:
20: 11:609637:d=2021122106:MCDC:middle cloud layer:0-5 hour ave fcst:
20: 12:662161:d=2021122106:HCDC:high cloud layer:5 hour fcst:
20: 13:706987:d=2021122106:HCDC:high cloud layer:0-5 hour ave fcst:
20: 14:766677:d=2021122106:TCDC:entire atmosphere (considered as a single layer):5 hour fcst:
20: 15:823429:d=2021122106:TCDC:entire atmosphere (considered as a single layer):0-5 hour ave fcst:
20: 16:891396:d=2021122106:HGT:cloud ceiling:5 hour fcst:
20: 17:1007133:d=2021122106:PRES:convective cloud bottom level:5 hour fcst:
20: 18:1054646:d=2021122106:PRES:low cloud bottom level:0-5 hour ave fcst:
20: 19:1142350:d=2021122106:PRES:middle cloud bottom level:0-5 hour ave fcst:
20: 20:1201939:d=2021122106:PRES:high cloud bottom level:0-5 hour ave fcst:
20: 21:1273381:d=2021122106:PRES:convective cloud top level:5 hour fcst:
20: 22:1325837:d=2021122106:PRES:low cloud top level:0-5 hour ave fcst:
20: 23:1414896:d=2021122106:PRES:middle cloud top level:0-5 hour ave fcst:
20: 24:1472960:d=2021122106:PRES:high cloud top level:0-5 hour ave fcst:
20: 25:1544815:d=2021122106:TMP:low cloud top level:0-5 hour ave fcst:
20: 26:1610397:d=2021122106:TMP:middle cloud top level:0-5 hour ave fcst:
20: 27:1657347:d=2021122106:TMP:high cloud top level:0-5 hour ave fcst:
20: 28:1716933:d=2021122106:TCDC:convective cloud layer:5 hour fcst:
20: 29:1789232:d=2021122106:TCDC:boundary layer cloud layer:0-5 hour ave fcst:
20: 30:1844747:d=2021122106:CWORK:entire atmosphere (considered as a single layer):0-5 hour ave fcst:
20: 31:1877048:d=2021122106:DSWRF:surface:0-5 hour ave fcst:
20: + interp_atmos_master.sh[47]export err=0
20: + interp_atmos_master.sh[47]err=0
20: + interp_atmos_master.sh[48][[ 0 -ne 0 ]]
20: + interp_atmos_master.sh[54]for grid in "${grids[@]}"
20: + interp_atmos_master.sh[55]trim_rh pgb2file_f005_21_0p25
20: + product_functions.sh[5]local filename=pgb2file_f005_21_0p25
20: + product_functions.sh[6]wgrib2 pgb2file_f005_21_0p25 -not_if :RH: -grib pgb2file_f005_21_0p25.new -if :RH: -rpn '10:*:0.5:+:floor:1000:min:10:/' -set_grib_type same -set_scaling -1 0 -grib_out pgb2file_f005_21_0p25.new
20: 1:0:d=2021122106:LFTX:surface:5 hour fcst:
20: 2:335307:d=2021122106:CAPE:surface:5 hour fcst:
20: 3:707695:d=2021122106:CIN:surface:5 hour fcst:
20: 4:1032824:d=2021122106:PWAT:entire atmosphere (considered as a single layer):5 hour fcst:
20: 5:1934187:d=2021122106:CWAT:entire atmosphere (considered as a single layer):5 hour fcst:
20: 6:2764189:d=2021122106:RH:entire atmosphere (considered as a single layer):5 hour fcst:
20: 7:3142275:d=2021122106:TOZNE:entire atmosphere (considered as a single layer):5 hour fcst:
20: 8:3482557:d=2021122106:LCDC:low cloud layer:5 hour fcst:
20: 9:3905192:d=2021122106:LCDC:low cloud layer:0-5 hour ave fcst:
20: 10:4420817:d=2021122106:MCDC:middle cloud layer:5 hour fcst:
20: 11:4732272:d=2021122106:MCDC:middle cloud layer:0-5 hour ave fcst:
20: 12:5124421:d=2021122106:HCDC:high cloud layer:5 hour fcst:
20: 13:5430139:d=2021122106:HCDC:high cloud layer:0-5 hour ave fcst:
20: 14:5878078:d=2021122106:TCDC:entire atmosphere (considered as a single layer):5 hour fcst:
20: 15:6288493:d=2021122106:TCDC:entire atmosphere (considered as a single layer):0-5 hour ave fcst:
20: 16:6814641:d=2021122106:HGT:cloud ceiling:5 hour fcst:
20: 17:7838152:d=2021122106:PRES:convective cloud bottom level:5 hour fcst:
20: 18:8371556:d=2021122106:PRES:low cloud bottom level:0-5 hour ave fcst:
20: 19:9294338:d=2021122106:PRES:middle cloud bottom level:0-5 hour ave fcst:
20: 20:9918536:d=2021122106:PRES:high cloud bottom level:0-5 hour ave fcst:
20: 21:10662478:d=2021122106:PRES:convective cloud top level:5 hour fcst:
20: 22:11252763:d=2021122106:PRES:low cloud top level:0-5 hour ave fcst:
20: 23:12171635:d=2021122106:PRES:middle cloud top level:0-5 hour ave fcst:
20: 24:12761450:d=2021122106:PRES:high cloud top level:0-5 hour ave fcst:
20: 25:13518544:d=2021122106:TMP:low cloud top level:0-5 hour ave fcst:
20: 26:14161598:d=2021122106:TMP:middle cloud top level:0-5 hour ave fcst:
20: 27:14630722:d=2021122106:TMP:high cloud top level:0-5 hour ave fcst:
20: 28:15240269:d=2021122106:TCDC:convective cloud layer:5 hour fcst:
20: 29:15878279:d=2021122106:TCDC:boundary layer cloud layer:0-5 hour ave fcst:
20: 30:16295125:d=2021122106:CWORK:entire atmosphere (considered as a single layer):0-5 hour ave fcst:
20: 31:16558575:d=2021122106:DSWRF:surface:0-5 hour ave fcst:
20: + product_functions.sh[10]rc=0
20: + product_functions.sh[11]((  rc == 0  ))
20: + product_functions.sh[11]mv pgb2file_f005_21_0p25.new pgb2file_f005_21_0p25
20: + product_functions.sh[12]return 0
20: + interp_atmos_master.sh[56]export err=0
20: + interp_atmos_master.sh[56]err=0
20: + interp_atmos_master.sh[57][[ 0 -ne 0 ]]
20: ++ interp_atmos_master.sh[62]wc -l
20: ++ interp_atmos_master.sh[62]wgrib2 pgb2file_f005_21_0p25 -match 'LAND|ICEC'
20: + interp_atmos_master.sh[62]var_count=0
20: + interp_atmos_master.sh[63][[ 0 -eq 2 ]]
20: + interp_atmos_master.sh[54]for grid in "${grids[@]}"
20: + interp_atmos_master.sh[55]trim_rh pgb2file_f005_21_0p50
20: + product_functions.sh[5]local filename=pgb2file_f005_21_0p50
20: + product_functions.sh[6]wgrib2 pgb2file_f005_21_0p50 -not_if :RH: -grib pgb2file_f005_21_0p50.new -if :RH: -rpn '10:*:0.5:+:floor:1000:min:10:/' -set_grib_type same -set_scaling -1 0 -grib_out pgb2file_f005_21_0p50.new
20: 1:0:d=2021122106:LFTX:surface:5 hour fcst:
20: 2:114440:d=2021122106:CAPE:surface:5 hour fcst:
20: 3:237328:d=2021122106:CIN:surface:5 hour fcst:
20: 4:352268:d=2021122106:PWAT:entire atmosphere (considered as a single layer):5 hour fcst:
20: 5:626729:d=2021122106:CWAT:entire atmosphere (considered as a single layer):5 hour fcst:
20: 6:887681:d=2021122106:RH:entire atmosphere (considered as a single layer):5 hour fcst:
20: 7:1015599:d=2021122106:TOZNE:entire atmosphere (considered as a single layer):5 hour fcst:
20: 8:1130660:d=2021122106:LCDC:low cloud layer:5 hour fcst:
20: 9:1278532:d=2021122106:LCDC:low cloud layer:0-5 hour ave fcst:
20: 10:1451090:d=2021122106:MCDC:middle cloud layer:5 hour fcst:
20: 11:1565050:d=2021122106:MCDC:middle cloud layer:0-5 hour ave fcst:
20: 12:1700636:d=2021122106:HCDC:high cloud layer:5 hour fcst:
20: 13:1811759:d=2021122106:HCDC:high cloud layer:0-5 hour ave fcst:
20: 14:1965150:d=2021122106:TCDC:entire atmosphere (considered as a single layer):5 hour fcst:
20: 15:2111043:d=2021122106:TCDC:entire atmosphere (considered as a single layer):0-5 hour ave fcst:
20: 16:2289411:d=2021122106:HGT:cloud ceiling:5 hour fcst:
20: 17:2612650:d=2021122106:PRES:convective cloud bottom level:5 hour fcst:
20: 18:2761908:d=2021122106:PRES:low cloud bottom level:0-5 hour ave fcst:
20: 19:3027747:d=2021122106:PRES:middle cloud bottom level:0-5 hour ave fcst:
20: 20:3209431:d=2021122106:PRES:high cloud bottom level:0-5 hour ave fcst:
20: 21:3425817:d=2021122106:PRES:convective cloud top level:5 hour fcst:
20: 22:3591232:d=2021122106:PRES:low cloud top level:0-5 hour ave fcst:
20: 23:3859429:d=2021122106:PRES:middle cloud top level:0-5 hour ave fcst:
20: 24:4034807:d=2021122106:PRES:high cloud top level:0-5 hour ave fcst:
20: 25:4253919:d=2021122106:TMP:low cloud top level:0-5 hour ave fcst:
20: 26:4446201:d=2021122106:TMP:middle cloud top level:0-5 hour ave fcst:
20: 27:4586078:d=2021122106:TMP:high cloud top level:0-5 hour ave fcst:
20: 28:4765522:d=2021122106:TCDC:convective cloud layer:5 hour fcst:
20: 29:4966188:d=2021122106:TCDC:boundary layer cloud layer:0-5 hour ave fcst:
20: 30:5109202:d=2021122106:CWORK:entire atmosphere (considered as a single layer):0-5 hour ave fcst:
20: 31:5195029:d=2021122106:DSWRF:surface:0-5 hour ave fcst:
20: + product_functions.sh[10]rc=0
20: + product_functions.sh[11]((  rc == 0  ))
20: + product_functions.sh[11]mv pgb2file_f005_21_0p50.new pgb2file_f005_21_0p50
20: + product_functions.sh[12]return 0
20: + interp_atmos_master.sh[56]export err=0
20: + interp_atmos_master.sh[56]err=0
20: + interp_atmos_master.sh[57][[ 0 -ne 0 ]]
20: ++ interp_atmos_master.sh[62]wc -l
20: ++ interp_atmos_master.sh[62]wgrib2 pgb2file_f005_21_0p50 -match 'LAND|ICEC'
20: + interp_atmos_master.sh[62]var_count=0
20: + interp_atmos_master.sh[63][[ 0 -eq 2 ]]
20: + interp_atmos_master.sh[54]for grid in "${grids[@]}"
20: + interp_atmos_master.sh[55]trim_rh pgb2file_f005_21_1p00
20: + product_functions.sh[5]local filename=pgb2file_f005_21_1p00
20: + product_functions.sh[6]wgrib2 pgb2file_f005_21_1p00 -not_if :RH: -grib pgb2file_f005_21_1p00.new -if :RH: -rpn '10:*:0.5:+:floor:1000:min:10:/' -set_grib_type same -set_scaling -1 0 -grib_out pgb2file_f005_21_1p00.new
20: 1:0:d=2021122106:LFTX:surface:5 hour fcst:
20: 2:39396:d=2021122106:CAPE:surface:5 hour fcst:
20: 3:79995:d=2021122106:CIN:surface:5 hour fcst:
20: 4:118261:d=2021122106:PWAT:entire atmosphere (considered as a single layer):5 hour fcst:
20: 5:201081:d=2021122106:CWAT:entire atmosphere (considered as a single layer):5 hour fcst:
20: 6:282077:d=2021122106:RH:entire atmosphere (considered as a single layer):5 hour fcst:
20: 7:325559:d=2021122106:TOZNE:entire atmosphere (considered as a single layer):5 hour fcst:
20: 8:365534:d=2021122106:LCDC:low cloud layer:5 hour fcst:
20: 9:416258:d=2021122106:LCDC:low cloud layer:0-5 hour ave fcst:
20: 10:472981:d=2021122106:MCDC:middle cloud layer:5 hour fcst:
20: 11:514537:d=2021122106:MCDC:middle cloud layer:0-5 hour ave fcst:
20: 12:560381:d=2021122106:HCDC:high cloud layer:5 hour fcst:
20: 13:600673:d=2021122106:HCDC:high cloud layer:0-5 hour ave fcst:
20: 14:651959:d=2021122106:TCDC:entire atmosphere (considered as a single layer):5 hour fcst:
20: 15:701766:d=2021122106:TCDC:entire atmosphere (considered as a single layer):0-5 hour ave fcst:
20: 16:759440:d=2021122106:HGT:cloud ceiling:5 hour fcst:
20: 17:857850:d=2021122106:PRES:convective cloud bottom level:5 hour fcst:
20: 18:898375:d=2021122106:PRES:low cloud bottom level:0-5 hour ave fcst:
20: 19:971609:d=2021122106:PRES:middle cloud bottom level:0-5 hour ave fcst:
20: 20:1021882:d=2021122106:PRES:high cloud bottom level:0-5 hour ave fcst:
20: 21:1081807:d=2021122106:PRES:convective cloud top level:5 hour fcst:
20: 22:1126349:d=2021122106:PRES:low cloud top level:0-5 hour ave fcst:
20: 23:1201161:d=2021122106:PRES:middle cloud top level:0-5 hour ave fcst:
20: 24:1250354:d=2021122106:PRES:high cloud top level:0-5 hour ave fcst:
20: 25:1310573:d=2021122106:TMP:low cloud top level:0-5 hour ave fcst:
20: 26:1365199:d=2021122106:TMP:middle cloud top level:0-5 hour ave fcst:
20: 27:1404644:d=2021122106:TMP:high cloud top level:0-5 hour ave fcst:
20: 28:1454470:d=2021122106:TCDC:convective cloud layer:5 hour fcst:
20: 29:1516671:d=2021122106:TCDC:boundary layer cloud layer:0-5 hour ave fcst:
20: 30:1564740:d=2021122106:CWORK:entire atmosphere (considered as a single layer):0-5 hour ave fcst:
20: 31:1593299:d=2021122106:DSWRF:surface:0-5 hour ave fcst:
20: + product_functions.sh[10]rc=0
20: + product_functions.sh[11]((  rc == 0  ))
20: + product_functions.sh[11]mv pgb2file_f005_21_1p00.new pgb2file_f005_21_1p00
20: + product_functions.sh[12]return 0
20: + interp_atmos_master.sh[56]export err=0
20: + interp_atmos_master.sh[56]err=0
20: + interp_atmos_master.sh[57][[ 0 -ne 0 ]]
20: ++ interp_atmos_master.sh[62]wc -l
20: ++ interp_atmos_master.sh[62]wgrib2 pgb2file_f005_21_1p00 -match 'LAND|ICEC'
20: + interp_atmos_master.sh[62]var_count=0
20: + interp_atmos_master.sh[63][[ 0 -eq 2 ]]
20: + interp_atmos_master.sh[73]exit 0
21: + bash[8]'[' -z '' ']'
21: + bash[9]case "$-" in
21: + bash[12]__lmod_vx=x
21: + bash[16]'[' -n x ']'
21: + bash[16]set +x
21: Shell debugging temporarily silenced: export LMOD_SH_DBG_ON=1 for this output (/apps/other/lmod/lmod/init/bash)
21: Shell debugging restarted
21: + bash[224]unset __lmod_vx
21: + interp_atmos_master.sh[7]input_file=tmpfile_f005_22
21: + interp_atmos_master.sh[8]output_file_prefix=pgb2file_f005_22
21: + interp_atmos_master.sh[9]grid_string=0p25:0p50:1p00
21: + interp_atmos_master.sh[12]defaults='-set_grib_type same -set_bitmap 1 -set_grib_max_bits 16'
21: + interp_atmos_master.sh[13]interp_winds='-new_grid_winds earth'
21: + interp_atmos_master.sh[14]interp_bilinear='-new_grid_interpolation bilinear'
21: + interp_atmos_master.sh[15]interp_neighbor='-if :(CSNOW|CRAIN|CFRZR|CICEP|ICSEV): -new_grid_interpolation neighbor -fi'
21: + interp_atmos_master.sh[16]interp_budget='-if :(APCP|ACPCP|PRATE|CPRAT|DZDT): -new_grid_interpolation budget -fi'
21: + interp_atmos_master.sh[17]increased_bits='-if :(APCP|ACPCP|PRATE|CPRAT): -set_grib_max_bits 25 -fi'
21: + interp_atmos_master.sh[21]grid0p25='latlon 0:1440:0.25 90:721:-0.25'
21: + interp_atmos_master.sh[23]grid0p50='latlon 0:720:0.5 90:361:-0.5'
21: + interp_atmos_master.sh[25]grid1p00='latlon 0:360:1.0 90:181:-1.0'
21: + interp_atmos_master.sh[28]source /work2/noaa/global/mterry/global-workflow_forked/ush/product_functions.sh
21: + interp_atmos_master.sh[31]IFS=:
21: + interp_atmos_master.sh[31]read -ra grids
21: + interp_atmos_master.sh[33]output_grids=
21: + interp_atmos_master.sh[34]for grid in "${grids[@]}"
21: + interp_atmos_master.sh[35]gridopt=grid0p25
21: + interp_atmos_master.sh[36]output_grids=' -new_grid latlon 0:1440:0.25 90:721:-0.25 pgb2file_f005_22_0p25'
21: + interp_atmos_master.sh[34]for grid in "${grids[@]}"
21: + interp_atmos_master.sh[35]gridopt=grid0p50
21: + interp_atmos_master.sh[36]output_grids=' -new_grid latlon 0:1440:0.25 90:721:-0.25 pgb2file_f005_22_0p25 -new_grid latlon 0:720:0.5 90:361:-0.5 pgb2file_f005_22_0p50'
21: + interp_atmos_master.sh[34]for grid in "${grids[@]}"
21: + interp_atmos_master.sh[35]gridopt=grid1p00
21: + interp_atmos_master.sh[36]output_grids=' -new_grid latlon 0:1440:0.25 90:721:-0.25 pgb2file_f005_22_0p25 -new_grid latlon 0:720:0.5 90:361:-0.5 pgb2file_f005_22_0p50 -new_grid latlon 0:360:1.0 90:181:-1.0 pgb2file_f005_22_1p00'
21: + interp_atmos_master.sh[40]wgrib2 tmpfile_f005_22 -set_grib_type same -set_bitmap 1 -set_grib_max_bits 16 -new_grid_winds earth -new_grid_interpolation bilinear -if ':(CSNOW|CRAIN|CFRZR|CICEP|ICSEV):' -new_grid_interpolation neighbor -fi -if ':(APCP|ACPCP|PRATE|CPRAT|DZDT):' -new_grid_interpolation budget -fi -if ':(APCP|ACPCP|PRATE|CPRAT):' -set_grib_max_bits 25 -fi -new_grid latlon 0:1440:0.25 90:721:-0.25 pgb2file_f005_22_0p25 -new_grid latlon 0:720:0.5 90:361:-0.5 pgb2file_f005_22_0p50 -new_grid latlon 0:360:1.0 90:181:-1.0 pgb2file_f005_22_1p00
21: 1:0:d=2021122106:DLWRF:surface:0-5 hour ave fcst:
21: 2:79421:d=2021122106:USWRF:surface:0-5 hour ave fcst:
21: 3:143921:d=2021122106:ULWRF:surface:0-5 hour ave fcst:
21: 4:210062:d=2021122106:USWRF:top of atmosphere:0-5 hour ave fcst:
21: 5:284097:d=2021122106:ULWRF:top of atmosphere:0-5 hour ave fcst:
21: 6:358432:d=2021122106:AOTK:entire atmosphere:5 hour fcst:aerosol=Total Aerosol:aerosol_size <2e-05:aerosol_wavelength >=5.45e-07,<=5.55e-07
21: 7:458962:d=2021122106:AOTK:entire atmosphere:5 hour fcst:aerosol=Dust Dry:aerosol_size <2e-05:aerosol_wavelength >=5.45e-07,<=5.55e-07
21: 8:513225:d=2021122106:AOTK:entire atmosphere:5 hour fcst:aerosol=Sea Salt Dry:aerosol_size <2e-05:aerosol_wavelength >=5.45e-07,<=5.55e-07
21: 9:616579:d=2021122106:AOTK:entire atmosphere:5 hour fcst:aerosol=Sulphate Dry:aerosol_size <2e-05:aerosol_wavelength >=5.45e-07,<=5.55e-07
21: 10:709946:d=2021122106:AOTK:entire atmosphere:5 hour fcst:aerosol=Particulate Organic Matter Dry:aerosol_size <2e-05:aerosol_wavelength >=5.45e-07,<=5.55e-07
21: 11:803609:d=2021122106:AOTK:entire atmosphere:5 hour fcst:aerosol=Black Carbon Dry:aerosol_size <2e-05:aerosol_wavelength >=5.45e-07,<=5.55e-07
21: 12:885064:d=2021122106:HLCY:3000-0 m above ground:5 hour fcst:
21: 13:942344:d=2021122106:HLCY:1000-0 m above ground:5 hour fcst:
21: 14:994009:d=2021122106:USTM:6000-0 m above ground:5 hour fcst:
21: 15:1076202:d=2021122106:VSTM:6000-0 m above ground:5 hour fcst:
21: 16:1157910:d=2021122106:PRES:tropopause:5 hour fcst:
21: 17:1269503:d=2021122106:ICAHT:tropopause:5 hour fcst:
21: 18:1376754:d=2021122106:HGT:tropopause:5 hour fcst:
21: 19:1482718:d=2021122106:TMP:tropopause:5 hour fcst:
21: 20:1563363:d=2021122106:UGRD:tropopause:5 hour fcst:
21: 21:1622156:d=2021122106:VGRD:tropopause:5 hour fcst:
21: 22:1680418:d=2021122106:VWSH:tropopause:5 hour fcst:
21: 23:1754490:d=2021122106:PRES:max wind:5 hour fcst:
21: 24:1887298:d=2021122106:ICAHT:max wind:5 hour fcst:
21: 25:2022608:d=2021122106:HGT:max wind:5 hour fcst:
21: 26:2158128:d=2021122106:UGRD:max wind:5 hour fcst:
21: 27:2219450:d=2021122106:VGRD:max wind:5 hour fcst:
21: 28:2283604:d=2021122106:TMP:max wind:5 hour fcst:
21: 29:2384906:d=2021122106:UGRD:20 m above ground:5 hour fcst:
21: 30:2460232:d=2021122106:VGRD:20 m above ground:5 hour fcst:
21: 31:2536550:d=2021122106:UGRD:30 m above ground:5 hour fcst:
21: 32:2612642:d=2021122106:VGRD:30 m above ground:5 hour fcst:
21: + interp_atmos_master.sh[47]export err=0
21: + interp_atmos_master.sh[47]err=0
21: + interp_atmos_master.sh[48][[ 0 -ne 0 ]]
21: + interp_atmos_master.sh[54]for grid in "${grids[@]}"
21: + interp_atmos_master.sh[55]trim_rh pgb2file_f005_22_0p25
21: + product_functions.sh[5]local filename=pgb2file_f005_22_0p25
21: + product_functions.sh[6]wgrib2 pgb2file_f005_22_0p25 -not_if :RH: -grib pgb2file_f005_22_0p25.new -if :RH: -rpn '10:*:0.5:+:floor:1000:min:10:/' -set_grib_type same -set_scaling -1 0 -grib_out pgb2file_f005_22_0p25.new
21: 1:0:d=2021122106:DLWRF:surface:0-5 hour ave fcst:
21: 2:643199:d=2021122106:USWRF:surface:0-5 hour ave fcst:
21: 3:1194434:d=2021122106:ULWRF:surface:0-5 hour ave fcst:
21: 4:1695865:d=2021122106:USWRF:top of atmosphere:0-5 hour ave fcst:
21: 5:2365099:d=2021122106:ULWRF:top of atmosphere:0-5 hour ave fcst:
21: 6:2957848:d=2021122106:AOTK:entire atmosphere:5 hour fcst:aerosol=Total Aerosol:aerosol_size <2e-05:aerosol_wavelength >=5.45e-07,<=5.55e-07
21: 7:3863343:d=2021122106:AOTK:entire atmosphere:5 hour fcst:aerosol=Dust Dry:aerosol_size <2e-05:aerosol_wavelength >=5.45e-07,<=5.55e-07
21: 8:4292362:d=2021122106:AOTK:entire atmosphere:5 hour fcst:aerosol=Sea Salt Dry:aerosol_size <2e-05:aerosol_wavelength >=5.45e-07,<=5.55e-07
21: 9:5227329:d=2021122106:AOTK:entire atmosphere:5 hour fcst:aerosol=Sulphate Dry:aerosol_size <2e-05:aerosol_wavelength >=5.45e-07,<=5.55e-07
21: 10:6041508:d=2021122106:AOTK:entire atmosphere:5 hour fcst:aerosol=Particulate Organic Matter Dry:aerosol_size <2e-05:aerosol_wavelength >=5.45e-07,<=5.55e-07
21: 11:6837548:d=2021122106:AOTK:entire atmosphere:5 hour fcst:aerosol=Black Carbon Dry:aerosol_size <2e-05:aerosol_wavelength >=5.45e-07,<=5.55e-07
21: 12:7503590:d=2021122106:HLCY:3000-0 m above ground:5 hour fcst:
21: 13:7913443:d=2021122106:HLCY:1000-0 m above ground:5 hour fcst:
21: 14:8282023:d=2021122106:USTM:6000-0 m above ground:5 hour fcst:
21: 15:8953339:d=2021122106:VSTM:6000-0 m above ground:5 hour fcst:
21: 16:9617358:d=2021122106:PRES:tropopause:5 hour fcst:
21: 17:10615562:d=2021122106:ICAHT:tropopause:5 hour fcst:
21: 18:11552331:d=2021122106:HGT:tropopause:5 hour fcst:
21: 19:12481302:d=2021122106:TMP:tropopause:5 hour fcst:
21: 20:13119624:d=2021122106:UGRD:tropopause:5 hour fcst:
21: 21:13544120:d=2021122106:VGRD:tropopause:5 hour fcst:
21: 22:13959986:d=2021122106:VWSH:tropopause:5 hour fcst:
21: 23:14531537:d=2021122106:PRES:max wind:5 hour fcst:
21: 24:15753581:d=2021122106:ICAHT:max wind:5 hour fcst:
21: 25:17008794:d=2021122106:HGT:max wind:5 hour fcst:
21: 26:18265676:d=2021122106:UGRD:max wind:5 hour fcst:
21: 27:18709126:d=2021122106:VGRD:max wind:5 hour fcst:
21: 28:19174834:d=2021122106:TMP:max wind:5 hour fcst:
21: 29:20026382:d=2021122106:UGRD:20 m above ground:5 hour fcst:
21: 30:20641570:d=2021122106:VGRD:20 m above ground:5 hour fcst:
21: 31:21255956:d=2021122106:UGRD:30 m above ground:5 hour fcst:
21: 32:21879865:d=2021122106:VGRD:30 m above ground:5 hour fcst:
21: + product_functions.sh[10]rc=0
21: + product_functions.sh[11]((  rc == 0  ))
21: + product_functions.sh[11]mv pgb2file_f005_22_0p25.new pgb2file_f005_22_0p25
21: + product_functions.sh[12]return 0
21: + interp_atmos_master.sh[56]export err=0
21: + interp_atmos_master.sh[56]err=0
21: + interp_atmos_master.sh[57][[ 0 -ne 0 ]]
21: ++ interp_atmos_master.sh[62]wc -l
21: ++ interp_atmos_master.sh[62]wgrib2 pgb2file_f005_22_0p25 -match 'LAND|ICEC'
21: + interp_atmos_master.sh[62]var_count=0
21: + interp_atmos_master.sh[63][[ 0 -eq 2 ]]
21: + interp_atmos_master.sh[54]for grid in "${grids[@]}"
21: + interp_atmos_master.sh[55]trim_rh pgb2file_f005_22_0p50
21: + product_functions.sh[5]local filename=pgb2file_f005_22_0p50
21: + product_functions.sh[6]wgrib2 pgb2file_f005_22_0p50 -not_if :RH: -grib pgb2file_f005_22_0p50.new -if :RH: -rpn '10:*:0.5:+:floor:1000:min:10:/' -set_grib_type same -set_scaling -1 0 -grib_out pgb2file_f005_22_0p50.new
21: 1:0:d=2021122106:DLWRF:surface:0-5 hour ave fcst:
21: 2:208959:d=2021122106:USWRF:surface:0-5 hour ave fcst:
21: 3:381148:d=2021122106:ULWRF:surface:0-5 hour ave fcst:
21: 4:547337:d=2021122106:USWRF:top of atmosphere:0-5 hour ave fcst:
21: 5:750705:d=2021122106:ULWRF:top of atmosphere:0-5 hour ave fcst:
21: 6:943887:d=2021122106:AOTK:entire atmosphere:5 hour fcst:aerosol=Total Aerosol:aerosol_size <2e-05:aerosol_wavelength >=5.45e-07,<=5.55e-07
21: 7:1222399:d=2021122106:AOTK:entire atmosphere:5 hour fcst:aerosol=Dust Dry:aerosol_size <2e-05:aerosol_wavelength >=5.45e-07,<=5.55e-07
21: 8:1357595:d=2021122106:AOTK:entire atmosphere:5 hour fcst:aerosol=Sea Salt Dry:aerosol_size <2e-05:aerosol_wavelength >=5.45e-07,<=5.55e-07
21: 9:1641739:d=2021122106:AOTK:entire atmosphere:5 hour fcst:aerosol=Sulphate Dry:aerosol_size <2e-05:aerosol_wavelength >=5.45e-07,<=5.55e-07
21: 10:1895425:d=2021122106:AOTK:entire atmosphere:5 hour fcst:aerosol=Particulate Organic Matter Dry:aerosol_size <2e-05:aerosol_wavelength >=5.45e-07,<=5.55e-07
21: 11:2146326:d=2021122106:AOTK:entire atmosphere:5 hour fcst:aerosol=Black Carbon Dry:aerosol_size <2e-05:aerosol_wavelength >=5.45e-07,<=5.55e-07
21: 12:2359864:d=2021122106:HLCY:3000-0 m above ground:5 hour fcst:
21: 13:2499006:d=2021122106:HLCY:1000-0 m above ground:5 hour fcst:
21: 14:2622417:d=2021122106:USTM:6000-0 m above ground:5 hour fcst:
21: 15:2840661:d=2021122106:VSTM:6000-0 m above ground:5 hour fcst:
21: 16:3056323:d=2021122106:PRES:tropopause:5 hour fcst:
21: 17:3366955:d=2021122106:ICAHT:tropopause:5 hour fcst:
21: 18:3661251:d=2021122106:HGT:tropopause:5 hour fcst:
21: 19:3953385:d=2021122106:TMP:tropopause:5 hour fcst:
21: 20:4162710:d=2021122106:UGRD:tropopause:5 hour fcst:
21: 21:4305373:d=2021122106:VGRD:tropopause:5 hour fcst:
21: 22:4445519:d=2021122106:VWSH:tropopause:5 hour fcst:
21: 23:4635701:d=2021122106:PRES:max wind:5 hour fcst:
21: 24:5011096:d=2021122106:ICAHT:max wind:5 hour fcst:
21: 25:5396561:d=2021122106:HGT:max wind:5 hour fcst:
21: 26:5782662:d=2021122106:UGRD:max wind:5 hour fcst:
21: 27:5934068:d=2021122106:VGRD:max wind:5 hour fcst:
21: 28:6093662:d=2021122106:TMP:max wind:5 hour fcst:
21: 29:6369220:d=2021122106:UGRD:20 m above ground:5 hour fcst:
21: 30:6567347:d=2021122106:VGRD:20 m above ground:5 hour fcst:
21: 31:6767400:d=2021122106:UGRD:30 m above ground:5 hour fcst:
21: 32:6969137:d=2021122106:VGRD:30 m above ground:5 hour fcst:
21: + product_functions.sh[10]rc=0
21: + product_functions.sh[11]((  rc == 0  ))
21: + product_functions.sh[11]mv pgb2file_f005_22_0p50.new pgb2file_f005_22_0p50
21: + product_functions.sh[12]return 0
21: + interp_atmos_master.sh[56]export err=0
21: + interp_atmos_master.sh[56]err=0
21: + interp_atmos_master.sh[57][[ 0 -ne 0 ]]
21: ++ interp_atmos_master.sh[62]wc -l
21: ++ interp_atmos_master.sh[62]wgrib2 pgb2file_f005_22_0p50 -match 'LAND|ICEC'
21: + interp_atmos_master.sh[62]var_count=0
21: + interp_atmos_master.sh[63][[ 0 -eq 2 ]]
21: + interp_atmos_master.sh[54]for grid in "${grids[@]}"
21: + interp_atmos_master.sh[55]trim_rh pgb2file_f005_22_1p00
21: + product_functions.sh[5]local filename=pgb2file_f005_22_1p00
21: + product_functions.sh[6]wgrib2 pgb2file_f005_22_1p00 -not_if :RH: -grib pgb2file_f005_22_1p00.new -if :RH: -rpn '10:*:0.5:+:floor:1000:min:10:/' -set_grib_type same -set_scaling -1 0 -grib_out pgb2file_f005_22_1p00.new
21: 1:0:d=2021122106:DLWRF:surface:0-5 hour ave fcst:
21: 2:65589:d=2021122106:USWRF:surface:0-5 hour ave fcst:
21: 3:118412:d=2021122106:ULWRF:surface:0-5 hour ave fcst:
21: 4:172848:d=2021122106:USWRF:top of atmosphere:0-5 hour ave fcst:
21: 5:233978:d=2021122106:ULWRF:top of atmosphere:0-5 hour ave fcst:
21: 6:295518:d=2021122106:AOTK:entire atmosphere:5 hour fcst:aerosol=Total Aerosol:aerosol_size <2e-05:aerosol_wavelength >=5.45e-07,<=5.55e-07
21: 7:378831:d=2021122106:AOTK:entire atmosphere:5 hour fcst:aerosol=Dust Dry:aerosol_size <2e-05:aerosol_wavelength >=5.45e-07,<=5.55e-07
21: 8:423706:d=2021122106:AOTK:entire atmosphere:5 hour fcst:aerosol=Sea Salt Dry:aerosol_size <2e-05:aerosol_wavelength >=5.45e-07,<=5.55e-07
21: 9:509106:d=2021122106:AOTK:entire atmosphere:5 hour fcst:aerosol=Sulphate Dry:aerosol_size <2e-05:aerosol_wavelength >=5.45e-07,<=5.55e-07
21: 10:586559:d=2021122106:AOTK:entire atmosphere:5 hour fcst:aerosol=Particulate Organic Matter Dry:aerosol_size <2e-05:aerosol_wavelength >=5.45e-07,<=5.55e-07
21: 11:663554:d=2021122106:AOTK:entire atmosphere:5 hour fcst:aerosol=Black Carbon Dry:aerosol_size <2e-05:aerosol_wavelength >=5.45e-07,<=5.55e-07
21: 12:730446:d=2021122106:HLCY:3000-0 m above ground:5 hour fcst:
21: 13:777457:d=2021122106:HLCY:1000-0 m above ground:5 hour fcst:
21: 14:820014:d=2021122106:USTM:6000-0 m above ground:5 hour fcst:
21: 15:889504:d=2021122106:VSTM:6000-0 m above ground:5 hour fcst:
21: 16:957858:d=2021122106:PRES:tropopause:5 hour fcst:
21: 17:1050997:d=2021122106:ICAHT:tropopause:5 hour fcst:
21: 18:1139911:d=2021122106:HGT:tropopause:5 hour fcst:
21: 19:1228253:d=2021122106:TMP:tropopause:5 hour fcst:
21: 20:1293796:d=2021122106:UGRD:tropopause:5 hour fcst:
21: 21:1341671:d=2021122106:VGRD:tropopause:5 hour fcst:
21: 22:1388985:d=2021122106:VWSH:tropopause:5 hour fcst:
21: 23:1448150:d=2021122106:PRES:max wind:5 hour fcst:
21: 24:1559544:d=2021122106:ICAHT:max wind:5 hour fcst:
21: 25:1672913:d=2021122106:HGT:max wind:5 hour fcst:
21: 26:1786520:d=2021122106:UGRD:max wind:5 hour fcst:
21: 27:1836662:d=2021122106:VGRD:max wind:5 hour fcst:
21: 28:1889544:d=2021122106:TMP:max wind:5 hour fcst:
21: 29:1974046:d=2021122106:UGRD:20 m above ground:5 hour fcst:
21: 30:2037185:d=2021122106:VGRD:20 m above ground:5 hour fcst:
21: 31:2100813:d=2021122106:UGRD:30 m above ground:5 hour fcst:
21: 32:2164563:d=2021122106:VGRD:30 m above ground:5 hour fcst:
21: + product_functions.sh[10]rc=0
21: + product_functions.sh[11]((  rc == 0  ))
21: + product_functions.sh[11]mv pgb2file_f005_22_1p00.new pgb2file_f005_22_1p00
21: + product_functions.sh[12]return 0
21: + interp_atmos_master.sh[56]export err=0
21: + interp_atmos_master.sh[56]err=0
21: + interp_atmos_master.sh[57][[ 0 -ne 0 ]]
21: ++ interp_atmos_master.sh[62]wc -l
21: ++ interp_atmos_master.sh[62]wgrib2 pgb2file_f005_22_1p00 -match 'LAND|ICEC'
21: + interp_atmos_master.sh[62]var_count=0
21: + interp_atmos_master.sh[63][[ 0 -eq 2 ]]
21: + interp_atmos_master.sh[73]exit 0
 0: + bash[8]'[' -z '' ']'
 0: + bash[9]case "$-" in
 0: + bash[12]__lmod_vx=x
 0: + bash[16]'[' -n x ']'
 0: + bash[16]set +x
 0: Shell debugging temporarily silenced: export LMOD_SH_DBG_ON=1 for this output (/apps/other/lmod/lmod/init/bash)
 0: Shell debugging restarted
 0: + bash[224]unset __lmod_vx
 0: + interp_atmos_master.sh[7]input_file=tmpfile_f005_1
 0: + interp_atmos_master.sh[8]output_file_prefix=pgb2file_f005_1
 0: + interp_atmos_master.sh[9]grid_string=0p25:0p50:1p00
 0: + interp_atmos_master.sh[12]defaults='-set_grib_type same -set_bitmap 1 -set_grib_max_bits 16'
 0: + interp_atmos_master.sh[13]interp_winds='-new_grid_winds earth'
 0: + interp_atmos_master.sh[14]interp_bilinear='-new_grid_interpolation bilinear'
 0: + interp_atmos_master.sh[15]interp_neighbor='-if :(CSNOW|CRAIN|CFRZR|CICEP|ICSEV): -new_grid_interpolation neighbor -fi'
 0: + interp_atmos_master.sh[16]interp_budget='-if :(APCP|ACPCP|PRATE|CPRAT|DZDT): -new_grid_interpolation budget -fi'
 0: + interp_atmos_master.sh[17]increased_bits='-if :(APCP|ACPCP|PRATE|CPRAT): -set_grib_max_bits 25 -fi'
 0: + interp_atmos_master.sh[21]grid0p25='latlon 0:1440:0.25 90:721:-0.25'
 0: + interp_atmos_master.sh[23]grid0p50='latlon 0:720:0.5 90:361:-0.5'
 0: + interp_atmos_master.sh[25]grid1p00='latlon 0:360:1.0 90:181:-1.0'
 0: + interp_atmos_master.sh[28]source /work2/noaa/global/mterry/global-workflow_forked/ush/product_functions.sh
 0: + interp_atmos_master.sh[31]IFS=:
 0: + interp_atmos_master.sh[31]read -ra grids
 0: + interp_atmos_master.sh[33]output_grids=
 0: + interp_atmos_master.sh[34]for grid in "${grids[@]}"
 0: + interp_atmos_master.sh[35]gridopt=grid0p25
 0: + interp_atmos_master.sh[36]output_grids=' -new_grid latlon 0:1440:0.25 90:721:-0.25 pgb2file_f005_1_0p25'
 0: + interp_atmos_master.sh[34]for grid in "${grids[@]}"
 0: + interp_atmos_master.sh[35]gridopt=grid0p50
 0: + interp_atmos_master.sh[36]output_grids=' -new_grid latlon 0:1440:0.25 90:721:-0.25 pgb2file_f005_1_0p25 -new_grid latlon 0:720:0.5 90:361:-0.5 pgb2file_f005_1_0p50'
 0: + interp_atmos_master.sh[34]for grid in "${grids[@]}"
 0: + interp_atmos_master.sh[35]gridopt=grid1p00
 0: + interp_atmos_master.sh[36]output_grids=' -new_grid latlon 0:1440:0.25 90:721:-0.25 pgb2file_f005_1_0p25 -new_grid latlon 0:720:0.5 90:361:-0.5 pgb2file_f005_1_0p50 -new_grid latlon 0:360:1.0 90:181:-1.0 pgb2file_f005_1_1p00'
 0: + interp_atmos_master.sh[40]wgrib2 tmpfile_f005_1 -set_grib_type same -set_bitmap 1 -set_grib_max_bits 16 -new_grid_winds earth -new_grid_interpolation bilinear -if ':(CSNOW|CRAIN|CFRZR|CICEP|ICSEV):' -new_grid_interpolation neighbor -fi -if ':(APCP|ACPCP|PRATE|CPRAT|DZDT):' -new_grid_interpolation budget -fi -if ':(APCP|ACPCP|PRATE|CPRAT):' -set_grib_max_bits 25 -fi -new_grid latlon 0:1440:0.25 90:721:-0.25 pgb2file_f005_1_0p25 -new_grid latlon 0:720:0.5 90:361:-0.5 pgb2file_f005_1_0p50 -new_grid latlon 0:360:1.0 90:181:-1.0 pgb2file_f005_1_1p00
 0: 1:0:d=2021122106:PRMSL:mean sea level:5 hour fcst:
 0: 2:90795:d=2021122106:CLMR:1 hybrid level:5 hour fcst:
 0: 3:107407:d=2021122106:ICMR:1 hybrid level:5 hour fcst:
 0: 4:130782:d=2021122106:RWMR:1 hybrid level:5 hour fcst:
 0: 5:165532:d=2021122106:SNMR:1 hybrid level:5 hour fcst:
 0: 6:196664:d=2021122106:GRLE:1 hybrid level:5 hour fcst:
 0: 7:202257:d=2021122106:REFD:1 hybrid level:5 hour fcst:
 0: 8:211652:d=2021122106:REFD:2 hybrid level:5 hour fcst:
 0: 9:221047:d=2021122106:REFC:entire atmosphere (considered as a single layer):5 hour fcst:
 0: 10:230442:d=2021122106:VIS:surface:5 hour fcst:
 0: 11:349499:d=2021122106:UGRD:planetary boundary layer:5 hour fcst:
 0: 12:399245:d=2021122106:VGRD:planetary boundary layer:5 hour fcst:
 0: 13:449242:d=2021122106:VRATE:planetary boundary layer:5 hour fcst:
 0: 14:501072:d=2021122106:GUST:surface:5 hour fcst:
 0: 15:551514:d=2021122106:HGT:0.01 mb:5 hour fcst:
 0: 16:625587:d=2021122106:TMP:0.01 mb:5 hour fcst:
 0: 17:668841:d=2021122106:RH:0.01 mb:5 hour fcst:
 0: 18:691630:d=2021122106:SPFH:0.01 mb:5 hour fcst:
 0: 19:758643:d=2021122106:VVEL:0.01 mb:5 hour fcst:
 0: 20:846575:d=2021122106:DZDT:0.01 mb:5 hour fcst:
 0: 21:939089:d=2021122106:UGRD:0.01 mb:5 hour fcst:
 0: 22:987157:d=2021122106:VGRD:0.01 mb:5 hour fcst:
 0: 23:1029420:d=2021122106:ABSV:0.01 mb:5 hour fcst:
 0: 24:1098041:d=2021122106:O3MR:0.01 mb:5 hour fcst:
 0: 25:1157485:d=2021122106:HGT:0.02 mb:5 hour fcst:
 0: 26:1230211:d=2021122106:TMP:0.02 mb:5 hour fcst:
 0: 27:1292856:d=2021122106:RH:0.02 mb:5 hour fcst:
 0: 28:1309853:d=2021122106:SPFH:0.02 mb:5 hour fcst:
 0: 29:1376526:d=2021122106:VVEL:0.02 mb:5 hour fcst:
 0: 30:1483759:d=2021122106:DZDT:0.02 mb:5 hour fcst:
 0: 31:1588350:d=2021122106:UGRD:0.02 mb:5 hour fcst:
 0: 32:1639604:d=2021122106:VGRD:0.02 mb:5 hour fcst:
 0: + interp_atmos_master.sh[47]export err=0
 0: + interp_atmos_master.sh[47]err=0
 0: + interp_atmos_master.sh[48][[ 0 -ne 0 ]]
 0: + interp_atmos_master.sh[54]for grid in "${grids[@]}"
 0: + interp_atmos_master.sh[55]trim_rh pgb2file_f005_1_0p25
 0: + product_functions.sh[5]local filename=pgb2file_f005_1_0p25
 0: + product_functions.sh[6]wgrib2 pgb2file_f005_1_0p25 -not_if :RH: -grib pgb2file_f005_1_0p25.new -if :RH: -rpn '10:*:0.5:+:floor:1000:min:10:/' -set_grib_type same -set_scaling -1 0 -grib_out pgb2file_f005_1_0p25.new
 0: 1:0:d=2021122106:PRMSL:mean sea level:5 hour fcst:
 0: 2:776140:d=2021122106:CLMR:1 hybrid level:5 hour fcst:
 0: 3:917378:d=2021122106:ICMR:1 hybrid level:5 hour fcst:
 0: 4:1107047:d=2021122106:RWMR:1 hybrid level:5 hour fcst:
 0: 5:1348891:d=2021122106:SNMR:1 hybrid level:5 hour fcst:
 0: 6:1596259:d=2021122106:GRLE:1 hybrid level:5 hour fcst:
 0: 7:1633737:d=2021122106:REFD:1 hybrid level:5 hour fcst:
 0: 8:1763696:d=2021122106:REFD:2 hybrid level:5 hour fcst:
 0: 9:1893655:d=2021122106:REFC:entire atmosphere (considered as a single layer):5 hour fcst:
 0: 10:2023614:d=2021122106:VIS:surface:5 hour fcst:
 0: 11:3147424:d=2021122106:UGRD:planetary boundary layer:5 hour fcst:
 0: 12:3492058:d=2021122106:VGRD:planetary boundary layer:5 hour fcst:
 0: 13:3840602:d=2021122106:VRATE:planetary boundary layer:5 hour fcst:
 0: 14:4202305:d=2021122106:GUST:surface:5 hour fcst:
 0: 15:4555303:d=2021122106:HGT:0.01 mb:5 hour fcst:
 0: 16:5163812:d=2021122106:TMP:0.01 mb:5 hour fcst:
 0: 17:5483916:d=2021122106:RH:0.01 mb:5 hour fcst:
 0: 18:5691903:d=2021122106:SPFH:0.01 mb:5 hour fcst:
 0: 19:6213686:d=2021122106:VVEL:0.01 mb:5 hour fcst:
 0: 20:6991541:d=2021122106:DZDT:0.01 mb:5 hour fcst:
 0: 21:7796904:d=2021122106:UGRD:0.01 mb:5 hour fcst:
 0: 22:8153236:d=2021122106:VGRD:0.01 mb:5 hour fcst:
 0: 23:8465332:d=2021122106:ABSV:0.01 mb:5 hour fcst:
 0: 24:8985312:d=2021122106:O3MR:0.01 mb:5 hour fcst:
 0: 25:9424951:d=2021122106:HGT:0.02 mb:5 hour fcst:
 0: 26:10017584:d=2021122106:TMP:0.02 mb:5 hour fcst:
 0: 27:10503015:d=2021122106:RH:0.02 mb:5 hour fcst:
 0: 28:10625294:d=2021122106:SPFH:0.02 mb:5 hour fcst:
 0: 29:11145059:d=2021122106:VVEL:0.02 mb:5 hour fcst:
 0: 30:12172425:d=2021122106:DZDT:0.02 mb:5 hour fcst:
 0: 31:13140231:d=2021122106:UGRD:0.02 mb:5 hour fcst:
 0: 32:13520443:d=2021122106:VGRD:0.02 mb:5 hour fcst:
 0: + product_functions.sh[10]rc=0
 0: + product_functions.sh[11]((  rc == 0  ))
 0: + product_functions.sh[11]mv pgb2file_f005_1_0p25.new pgb2file_f005_1_0p25
 0: + product_functions.sh[12]return 0
 0: + interp_atmos_master.sh[56]export err=0
 0: + interp_atmos_master.sh[56]err=0
 0: + interp_atmos_master.sh[57][[ 0 -ne 0 ]]
 0: ++ interp_atmos_master.sh[62]wc -l
 0: ++ interp_atmos_master.sh[62]wgrib2 pgb2file_f005_1_0p25 -match 'LAND|ICEC'
 0: + interp_atmos_master.sh[62]var_count=0
 0: + interp_atmos_master.sh[63][[ 0 -eq 2 ]]
 0: + interp_atmos_master.sh[54]for grid in "${grids[@]}"
 0: + interp_atmos_master.sh[55]trim_rh pgb2file_f005_1_0p50
 0: + product_functions.sh[5]local filename=pgb2file_f005_1_0p50
 0: + product_functions.sh[6]wgrib2 pgb2file_f005_1_0p50 -not_if :RH: -grib pgb2file_f005_1_0p50.new -if :RH: -rpn '10:*:0.5:+:floor:1000:min:10:/' -set_grib_type same -set_scaling -1 0 -grib_out pgb2file_f005_1_0p50.new
 0: 1:0:d=2021122106:PRMSL:mean sea level:5 hour fcst:
 0: 2:244011:d=2021122106:CLMR:1 hybrid level:5 hour fcst:
 0: 3:292034:d=2021122106:ICMR:1 hybrid level:5 hour fcst:
 0: 4:354501:d=2021122106:RWMR:1 hybrid level:5 hour fcst:
 0: 5:440643:d=2021122106:SNMR:1 hybrid level:5 hour fcst:
 0: 6:522217:d=2021122106:GRLE:1 hybrid level:5 hour fcst:
 0: 7:536138:d=2021122106:REFD:1 hybrid level:5 hour fcst:
 0: 8:568807:d=2021122106:REFD:2 hybrid level:5 hour fcst:
 0: 9:601476:d=2021122106:REFC:entire atmosphere (considered as a single layer):5 hour fcst:
 0: 10:634145:d=2021122106:VIS:surface:5 hour fcst:
 0: 11:972614:d=2021122106:UGRD:planetary boundary layer:5 hour fcst:
 0: 12:1088929:d=2021122106:VGRD:planetary boundary layer:5 hour fcst:
 0: 13:1207673:d=2021122106:VRATE:planetary boundary layer:5 hour fcst:
 0: 14:1331104:d=2021122106:GUST:surface:5 hour fcst:
 0: 15:1452165:d=2021122106:HGT:0.01 mb:5 hour fcst:
 0: 16:1647358:d=2021122106:TMP:0.01 mb:5 hour fcst:
 0: 17:1751572:d=2021122106:RH:0.01 mb:5 hour fcst:
 0: 18:1814121:d=2021122106:SPFH:0.01 mb:5 hour fcst:
 0: 19:1983603:d=2021122106:VVEL:0.01 mb:5 hour fcst:
 0: 20:2225177:d=2021122106:DZDT:0.01 mb:5 hour fcst:
 0: 21:2472215:d=2021122106:UGRD:0.01 mb:5 hour fcst:
 0: 22:2589730:d=2021122106:VGRD:0.01 mb:5 hour fcst:
 0: 23:2690472:d=2021122106:ABSV:0.01 mb:5 hour fcst:
 0: 24:2862918:d=2021122106:O3MR:0.01 mb:5 hour fcst:
 0: 25:3009569:d=2021122106:HGT:0.02 mb:5 hour fcst:
 0: 26:3199201:d=2021122106:TMP:0.02 mb:5 hour fcst:
 0: 27:3358725:d=2021122106:RH:0.02 mb:5 hour fcst:
 0: 28:3401784:d=2021122106:SPFH:0.02 mb:5 hour fcst:
 0: 29:3570058:d=2021122106:VVEL:0.02 mb:5 hour fcst:
 0: 30:3876484:d=2021122106:DZDT:0.02 mb:5 hour fcst:
 0: 31:4167168:d=2021122106:UGRD:0.02 mb:5 hour fcst:
 0: 32:4292796:d=2021122106:VGRD:0.02 mb:5 hour fcst:
 0: + product_functions.sh[10]rc=0
 0: + product_functions.sh[11]((  rc == 0  ))
 0: + product_functions.sh[11]mv pgb2file_f005_1_0p50.new pgb2file_f005_1_0p50
 0: + product_functions.sh[12]return 0
 0: + interp_atmos_master.sh[56]export err=0
 0: + interp_atmos_master.sh[56]err=0
 0: + interp_atmos_master.sh[57][[ 0 -ne 0 ]]
 0: ++ interp_atmos_master.sh[62]wc -l
 0: ++ interp_atmos_master.sh[62]wgrib2 pgb2file_f005_1_0p50 -match 'LAND|ICEC'
 0: + interp_atmos_master.sh[62]var_count=0
 0: + interp_atmos_master.sh[63][[ 0 -eq 2 ]]
 0: + interp_atmos_master.sh[54]for grid in "${grids[@]}"
 0: + interp_atmos_master.sh[55]trim_rh pgb2file_f005_1_1p00
 0: + product_functions.sh[5]local filename=pgb2file_f005_1_1p00
 0: + product_functions.sh[6]wgrib2 pgb2file_f005_1_1p00 -not_if :RH: -grib pgb2file_f005_1_1p00.new -if :RH: -rpn '10:*:0.5:+:floor:1000:min:10:/' -set_grib_type same -set_scaling -1 0 -grib_out pgb2file_f005_1_1p00.new
 0: 1:0:d=2021122106:PRMSL:mean sea level:5 hour fcst:
 0: 2:74778:d=2021122106:CLMR:1 hybrid level:5 hour fcst:
 0: 3:91674:d=2021122106:ICMR:1 hybrid level:5 hour fcst:
 0: 4:112387:d=2021122106:RWMR:1 hybrid level:5 hour fcst:
 0: 5:143165:d=2021122106:SNMR:1 hybrid level:5 hour fcst:
 0: 6:170300:d=2021122106:GRLE:1 hybrid level:5 hour fcst:
 0: 7:175934:d=2021122106:REFD:1 hybrid level:5 hour fcst:
 0: 8:184258:d=2021122106:REFD:2 hybrid level:5 hour fcst:
 0: 9:192582:d=2021122106:REFC:entire atmosphere (considered as a single layer):5 hour fcst:
 0: 10:200906:d=2021122106:VIS:surface:5 hour fcst:
 0: 11:300144:d=2021122106:UGRD:planetary boundary layer:5 hour fcst:
 0: 12:340569:d=2021122106:VGRD:planetary boundary layer:5 hour fcst:
 0: 13:381506:d=2021122106:VRATE:planetary boundary layer:5 hour fcst:
 0: 14:423267:d=2021122106:GUST:surface:5 hour fcst:
 0: 15:464641:d=2021122106:HGT:0.01 mb:5 hour fcst:
 0: 16:526655:d=2021122106:TMP:0.01 mb:5 hour fcst:
 0: 17:563271:d=2021122106:RH:0.01 mb:5 hour fcst:
 0: 18:582215:d=2021122106:SPFH:0.01 mb:5 hour fcst:
 0: 19:637693:d=2021122106:VVEL:0.01 mb:5 hour fcst:
 0: 20:711813:d=2021122106:DZDT:0.01 mb:5 hour fcst:
 0: 21:786964:d=2021122106:UGRD:0.01 mb:5 hour fcst:
 0: 22:827755:d=2021122106:VGRD:0.01 mb:5 hour fcst:
 0: 23:863561:d=2021122106:ABSV:0.01 mb:5 hour fcst:
 0: 24:919315:d=2021122106:O3MR:0.01 mb:5 hour fcst:
 0: 25:968807:d=2021122106:HGT:0.02 mb:5 hour fcst:
 0: 26:1029696:d=2021122106:TMP:0.02 mb:5 hour fcst:
 0: 27:1081894:d=2021122106:RH:0.02 mb:5 hour fcst:
 0: 28:1095551:d=2021122106:SPFH:0.02 mb:5 hour fcst:
 0: 29:1150378:d=2021122106:VVEL:0.02 mb:5 hour fcst:
 0: 30:1240632:d=2021122106:DZDT:0.02 mb:5 hour fcst:
 0: 31:1327477:d=2021122106:UGRD:0.02 mb:5 hour fcst:
 0: 32:1370947:d=2021122106:VGRD:0.02 mb:5 hour fcst:
 0: + product_functions.sh[10]rc=0
 0: + product_functions.sh[11]((  rc == 0  ))
 0: + product_functions.sh[11]mv pgb2file_f005_1_1p00.new pgb2file_f005_1_1p00
 0: + product_functions.sh[12]return 0
 0: + interp_atmos_master.sh[56]export err=0
 0: + interp_atmos_master.sh[56]err=0
 0: + interp_atmos_master.sh[57][[ 0 -ne 0 ]]
 0: ++ interp_atmos_master.sh[62]wc -l
 0: ++ interp_atmos_master.sh[62]wgrib2 pgb2file_f005_1_1p00 -match 'LAND|ICEC'
 0: + interp_atmos_master.sh[62]var_count=0
 0: + interp_atmos_master.sh[63][[ 0 -eq 2 ]]
 0: + interp_atmos_master.sh[73]exit 0
 1: + bash[8]'[' -z '' ']'
 1: + bash[9]case "$-" in
 1: + bash[12]__lmod_vx=x
 1: + bash[16]'[' -n x ']'
 1: + bash[16]set +x
 1: Shell debugging temporarily silenced: export LMOD_SH_DBG_ON=1 for this output (/apps/other/lmod/lmod/init/bash)
 1: Shell debugging restarted
 1: + bash[224]unset __lmod_vx
 1: + interp_atmos_master.sh[7]input_file=tmpfile_f005_2
 1: + interp_atmos_master.sh[8]output_file_prefix=pgb2file_f005_2
 1: + interp_atmos_master.sh[9]grid_string=0p25:0p50:1p00
 1: + interp_atmos_master.sh[12]defaults='-set_grib_type same -set_bitmap 1 -set_grib_max_bits 16'
 1: + interp_atmos_master.sh[13]interp_winds='-new_grid_winds earth'
 1: + interp_atmos_master.sh[14]interp_bilinear='-new_grid_interpolation bilinear'
 1: + interp_atmos_master.sh[15]interp_neighbor='-if :(CSNOW|CRAIN|CFRZR|CICEP|ICSEV): -new_grid_interpolation neighbor -fi'
 1: + interp_atmos_master.sh[16]interp_budget='-if :(APCP|ACPCP|PRATE|CPRAT|DZDT): -new_grid_interpolation budget -fi'
 1: + interp_atmos_master.sh[17]increased_bits='-if :(APCP|ACPCP|PRATE|CPRAT): -set_grib_max_bits 25 -fi'
 1: + interp_atmos_master.sh[21]grid0p25='latlon 0:1440:0.25 90:721:-0.25'
 1: + interp_atmos_master.sh[23]grid0p50='latlon 0:720:0.5 90:361:-0.5'
 1: + interp_atmos_master.sh[25]grid1p00='latlon 0:360:1.0 90:181:-1.0'
 1: + interp_atmos_master.sh[28]source /work2/noaa/global/mterry/global-workflow_forked/ush/product_functions.sh
 1: + interp_atmos_master.sh[31]IFS=:
 1: + interp_atmos_master.sh[31]read -ra grids
 1: + interp_atmos_master.sh[33]output_grids=
 1: + interp_atmos_master.sh[34]for grid in "${grids[@]}"
 1: + interp_atmos_master.sh[35]gridopt=grid0p25
 1: + interp_atmos_master.sh[36]output_grids=' -new_grid latlon 0:1440:0.25 90:721:-0.25 pgb2file_f005_2_0p25'
 1: + interp_atmos_master.sh[34]for grid in "${grids[@]}"
 1: + interp_atmos_master.sh[35]gridopt=grid0p50
 1: + interp_atmos_master.sh[36]output_grids=' -new_grid latlon 0:1440:0.25 90:721:-0.25 pgb2file_f005_2_0p25 -new_grid latlon 0:720:0.5 90:361:-0.5 pgb2file_f005_2_0p50'
 1: + interp_atmos_master.sh[34]for grid in "${grids[@]}"
 1: + interp_atmos_master.sh[35]gridopt=grid1p00
 1: + interp_atmos_master.sh[36]output_grids=' -new_grid latlon 0:1440:0.25 90:721:-0.25 pgb2file_f005_2_0p25 -new_grid latlon 0:720:0.5 90:361:-0.5 pgb2file_f005_2_0p50 -new_grid latlon 0:360:1.0 90:181:-1.0 pgb2file_f005_2_1p00'
 1: + interp_atmos_master.sh[40]wgrib2 tmpfile_f005_2 -set_grib_type same -set_bitmap 1 -set_grib_max_bits 16 -new_grid_winds earth -new_grid_interpolation bilinear -if ':(CSNOW|CRAIN|CFRZR|CICEP|ICSEV):' -new_grid_interpolation neighbor -fi -if ':(APCP|ACPCP|PRATE|CPRAT|DZDT):' -new_grid_interpolation budget -fi -if ':(APCP|ACPCP|PRATE|CPRAT):' -set_grib_max_bits 25 -fi -new_grid latlon 0:1440:0.25 90:721:-0.25 pgb2file_f005_2_0p25 -new_grid latlon 0:720:0.5 90:361:-0.5 pgb2file_f005_2_0p50 -new_grid latlon 0:360:1.0 90:181:-1.0 pgb2file_f005_2_1p00
 1: 1:0:d=2021122106:ABSV:0.02 mb:5 hour fcst:
 1: 2:73597:d=2021122106:O3MR:0.02 mb:5 hour fcst:
 1: 3:142688:d=2021122106:HGT:0.04 mb:5 hour fcst:
 1: 4:209595:d=2021122106:TMP:0.04 mb:5 hour fcst:
 1: 5:277444:d=2021122106:RH:0.04 mb:5 hour fcst:
 1: 6:300322:d=2021122106:SPFH:0.04 mb:5 hour fcst:
 1: 7:361689:d=2021122106:VVEL:0.04 mb:5 hour fcst:
 1: 8:471614:d=2021122106:DZDT:0.04 mb:5 hour fcst:
 1: 9:585113:d=2021122106:UGRD:0.04 mb:5 hour fcst:
 1: 10:633005:d=2021122106:VGRD:0.04 mb:5 hour fcst:
 1: 11:676451:d=2021122106:ABSV:0.04 mb:5 hour fcst:
 1: 12:751700:d=2021122106:O3MR:0.04 mb:5 hour fcst:
 1: 13:820723:d=2021122106:HGT:0.07 mb:5 hour fcst:
 1: 14:887462:d=2021122106:TMP:0.07 mb:5 hour fcst:
 1: 15:953229:d=2021122106:RH:0.07 mb:5 hour fcst:
 1: 16:973084:d=2021122106:SPFH:0.07 mb:5 hour fcst:
 1: 17:1035923:d=2021122106:VVEL:0.07 mb:5 hour fcst:
 1: 18:1128328:d=2021122106:DZDT:0.07 mb:5 hour fcst:
 1: 19:1245003:d=2021122106:UGRD:0.07 mb:5 hour fcst:
 1: 20:1293142:d=2021122106:VGRD:0.07 mb:5 hour fcst:
 1: 21:1337700:d=2021122106:ABSV:0.07 mb:5 hour fcst:
 1: 22:1413112:d=2021122106:O3MR:0.07 mb:5 hour fcst:
 1: 23:1465450:d=2021122106:HGT:0.1 mb:5 hour fcst:
 1: 24:1531618:d=2021122106:TMP:0.1 mb:5 hour fcst:
 1: 25:1595419:d=2021122106:RH:0.1 mb:5 hour fcst:
 1: 26:1612388:d=2021122106:SPFH:0.1 mb:5 hour fcst:
 1: 27:1677591:d=2021122106:VVEL:0.1 mb:5 hour fcst:
 1: 28:1772981:d=2021122106:DZDT:0.1 mb:5 hour fcst:
 1: 29:1880610:d=2021122106:UGRD:0.1 mb:5 hour fcst:
 1: 30:1927569:d=2021122106:VGRD:0.1 mb:5 hour fcst:
 1: 31:1969547:d=2021122106:ABSV:0.1 mb:5 hour fcst:
 1: + interp_atmos_master.sh[47]export err=0
 1: + interp_atmos_master.sh[47]err=0
 1: + interp_atmos_master.sh[48][[ 0 -ne 0 ]]
 1: + interp_atmos_master.sh[54]for grid in "${grids[@]}"
 1: + interp_atmos_master.sh[55]trim_rh pgb2file_f005_2_0p25
 1: + product_functions.sh[5]local filename=pgb2file_f005_2_0p25
 1: + product_functions.sh[6]wgrib2 pgb2file_f005_2_0p25 -not_if :RH: -grib pgb2file_f005_2_0p25.new -if :RH: -rpn '10:*:0.5:+:floor:1000:min:10:/' -set_grib_type same -set_scaling -1 0 -grib_out pgb2file_f005_2_0p25.new
 1: 1:0:d=2021122106:ABSV:0.02 mb:5 hour fcst:
 1: 2:578488:d=2021122106:O3MR:0.02 mb:5 hour fcst:
 1: 3:1113501:d=2021122106:HGT:0.04 mb:5 hour fcst:
 1: 4:1645835:d=2021122106:TMP:0.04 mb:5 hour fcst:
 1: 5:2187321:d=2021122106:RH:0.04 mb:5 hour fcst:
 1: 6:2390333:d=2021122106:SPFH:0.04 mb:5 hour fcst:
 1: 7:2862958:d=2021122106:VVEL:0.04 mb:5 hour fcst:
 1: 8:3920457:d=2021122106:DZDT:0.04 mb:5 hour fcst:
 1: 9:5004452:d=2021122106:UGRD:0.04 mb:5 hour fcst:
 1: 10:5350810:d=2021122106:VGRD:0.04 mb:5 hour fcst:
 1: 11:5669707:d=2021122106:ABSV:0.04 mb:5 hour fcst:
 1: 12:6274643:d=2021122106:O3MR:0.04 mb:5 hour fcst:
 1: 13:6821932:d=2021122106:HGT:0.07 mb:5 hour fcst:
 1: 14:7344937:d=2021122106:TMP:0.07 mb:5 hour fcst:
 1: 15:7861386:d=2021122106:RH:0.07 mb:5 hour fcst:
 1: 16:8032072:d=2021122106:SPFH:0.07 mb:5 hour fcst:
 1: 17:8550250:d=2021122106:VVEL:0.07 mb:5 hour fcst:
 1: 18:9388073:d=2021122106:DZDT:0.07 mb:5 hour fcst:
 1: 19:10498666:d=2021122106:UGRD:0.07 mb:5 hour fcst:
 1: 20:10852252:d=2021122106:VGRD:0.07 mb:5 hour fcst:
 1: 21:11173816:d=2021122106:ABSV:0.07 mb:5 hour fcst:
 1: 22:11777383:d=2021122106:O3MR:0.07 mb:5 hour fcst:
 1: 23:12162842:d=2021122106:HGT:0.1 mb:5 hour fcst:
 1: 24:12678457:d=2021122106:TMP:0.1 mb:5 hour fcst:
 1: 25:13172559:d=2021122106:RH:0.1 mb:5 hour fcst:
 1: 26:13290896:d=2021122106:SPFH:0.1 mb:5 hour fcst:
 1: 27:13849756:d=2021122106:VVEL:0.1 mb:5 hour fcst:
 1: 28:14723570:d=2021122106:DZDT:0.1 mb:5 hour fcst:
 1: 29:15725625:d=2021122106:UGRD:0.1 mb:5 hour fcst:
 1: 30:16067730:d=2021122106:VGRD:0.1 mb:5 hour fcst:
 1: 31:16381582:d=2021122106:ABSV:0.1 mb:5 hour fcst:
 1: + product_functions.sh[10]rc=0
 1: + product_functions.sh[11]((  rc == 0  ))
 1: + product_functions.sh[11]mv pgb2file_f005_2_0p25.new pgb2file_f005_2_0p25
 1: + product_functions.sh[12]return 0
 1: + interp_atmos_master.sh[56]export err=0
 1: + interp_atmos_master.sh[56]err=0
 1: + interp_atmos_master.sh[57][[ 0 -ne 0 ]]
 1: ++ interp_atmos_master.sh[62]wc -l
 1: ++ interp_atmos_master.sh[62]wgrib2 pgb2file_f005_2_0p25 -match 'LAND|ICEC'
 1: + interp_atmos_master.sh[62]var_count=0
 1: + interp_atmos_master.sh[63][[ 0 -eq 2 ]]
 1: + interp_atmos_master.sh[54]for grid in "${grids[@]}"
 1: + interp_atmos_master.sh[55]trim_rh pgb2file_f005_2_0p50
 1: + product_functions.sh[5]local filename=pgb2file_f005_2_0p50
 1: + product_functions.sh[6]wgrib2 pgb2file_f005_2_0p50 -not_if :RH: -grib pgb2file_f005_2_0p50.new -if :RH: -rpn '10:*:0.5:+:floor:1000:min:10:/' -set_grib_type same -set_scaling -1 0 -grib_out pgb2file_f005_2_0p50.new
 1: 1:0:d=2021122106:ABSV:0.02 mb:5 hour fcst:
 1: 2:189373:d=2021122106:O3MR:0.02 mb:5 hour fcst:
 1: 3:365600:d=2021122106:HGT:0.04 mb:5 hour fcst:
 1: 4:538289:d=2021122106:TMP:0.04 mb:5 hour fcst:
 1: 5:714675:d=2021122106:RH:0.04 mb:5 hour fcst:
 1: 6:774374:d=2021122106:SPFH:0.04 mb:5 hour fcst:
 1: 7:928048:d=2021122106:VVEL:0.04 mb:5 hour fcst:
 1: 8:1241498:d=2021122106:DZDT:0.04 mb:5 hour fcst:
 1: 9:1561404:d=2021122106:UGRD:0.04 mb:5 hour fcst:
 1: 10:1676692:d=2021122106:VGRD:0.04 mb:5 hour fcst:
 1: 11:1780756:d=2021122106:ABSV:0.04 mb:5 hour fcst:
 1: 12:1976278:d=2021122106:O3MR:0.04 mb:5 hour fcst:
 1: 13:2153889:d=2021122106:HGT:0.07 mb:5 hour fcst:
 1: 14:2324652:d=2021122106:TMP:0.07 mb:5 hour fcst:
 1: 15:2493769:d=2021122106:RH:0.07 mb:5 hour fcst:
 1: 16:2546607:d=2021122106:SPFH:0.07 mb:5 hour fcst:
 1: 17:2708891:d=2021122106:VVEL:0.07 mb:5 hour fcst:
 1: 18:2965027:d=2021122106:DZDT:0.07 mb:5 hour fcst:
 1: 19:3291424:d=2021122106:UGRD:0.07 mb:5 hour fcst:
 1: 20:3409093:d=2021122106:VGRD:0.07 mb:5 hour fcst:
 1: 21:3514290:d=2021122106:ABSV:0.07 mb:5 hour fcst:
 1: 22:3709643:d=2021122106:O3MR:0.07 mb:5 hour fcst:
 1: 23:3836703:d=2021122106:HGT:0.1 mb:5 hour fcst:
 1: 24:4005099:d=2021122106:TMP:0.1 mb:5 hour fcst:
 1: 25:4167739:d=2021122106:RH:0.1 mb:5 hour fcst:
 1: 26:4209997:d=2021122106:SPFH:0.1 mb:5 hour fcst:
 1: 27:4383066:d=2021122106:VVEL:0.1 mb:5 hour fcst:
 1: 28:4649101:d=2021122106:DZDT:0.1 mb:5 hour fcst:
 1: 29:4947593:d=2021122106:UGRD:0.1 mb:5 hour fcst:
 1: 30:5061254:d=2021122106:VGRD:0.1 mb:5 hour fcst:
 1: 31:5162394:d=2021122106:ABSV:0.1 mb:5 hour fcst:
 1: + product_functions.sh[10]rc=0
 1: + product_functions.sh[11]((  rc == 0  ))
 1: + product_functions.sh[11]mv pgb2file_f005_2_0p50.new pgb2file_f005_2_0p50
 1: + product_functions.sh[12]return 0
 1: + interp_atmos_master.sh[56]export err=0
 1: + interp_atmos_master.sh[56]err=0
 1: + interp_atmos_master.sh[57][[ 0 -ne 0 ]]
 1: ++ interp_atmos_master.sh[62]wc -l
 1: ++ interp_atmos_master.sh[62]wgrib2 pgb2file_f005_2_0p50 -match 'LAND|ICEC'
 1: + interp_atmos_master.sh[62]var_count=0
 1: + interp_atmos_master.sh[63][[ 0 -eq 2 ]]
 1: + interp_atmos_master.sh[54]for grid in "${grids[@]}"
 1: + interp_atmos_master.sh[55]trim_rh pgb2file_f005_2_1p00
 1: + product_functions.sh[5]local filename=pgb2file_f005_2_1p00
 1: + product_functions.sh[6]wgrib2 pgb2file_f005_2_1p00 -not_if :RH: -grib pgb2file_f005_2_1p00.new -if :RH: -rpn '10:*:0.5:+:floor:1000:min:10:/' -set_grib_type same -set_scaling -1 0 -grib_out pgb2file_f005_2_1p00.new
 1: 1:0:d=2021122106:ABSV:0.02 mb:5 hour fcst:
 1: 2:60116:d=2021122106:O3MR:0.02 mb:5 hour fcst:
 1: 3:117646:d=2021122106:HGT:0.04 mb:5 hour fcst:
 1: 4:173498:d=2021122106:TMP:0.04 mb:5 hour fcst:
 1: 5:230256:d=2021122106:RH:0.04 mb:5 hour fcst:
 1: 6:249699:d=2021122106:SPFH:0.04 mb:5 hour fcst:
 1: 7:300220:d=2021122106:VVEL:0.04 mb:5 hour fcst:
 1: 8:392127:d=2021122106:DZDT:0.04 mb:5 hour fcst:
 1: 9:486240:d=2021122106:UGRD:0.04 mb:5 hour fcst:
 1: 10:526347:d=2021122106:VGRD:0.04 mb:5 hour fcst:
 1: 11:563095:d=2021122106:ABSV:0.04 mb:5 hour fcst:
 1: 12:624951:d=2021122106:O3MR:0.04 mb:5 hour fcst:
 1: 13:682179:d=2021122106:HGT:0.07 mb:5 hour fcst:
 1: 14:737466:d=2021122106:TMP:0.07 mb:5 hour fcst:
 1: 15:792400:d=2021122106:RH:0.07 mb:5 hour fcst:
 1: 16:808742:d=2021122106:SPFH:0.07 mb:5 hour fcst:
 1: 17:860577:d=2021122106:VVEL:0.07 mb:5 hour fcst:
 1: 18:937929:d=2021122106:DZDT:0.07 mb:5 hour fcst:
 1: 19:1033746:d=2021122106:UGRD:0.07 mb:5 hour fcst:
 1: 20:1074037:d=2021122106:VGRD:0.07 mb:5 hour fcst:
 1: 21:1110923:d=2021122106:ABSV:0.07 mb:5 hour fcst:
 1: 22:1172383:d=2021122106:O3MR:0.07 mb:5 hour fcst:
 1: 23:1215446:d=2021122106:HGT:0.1 mb:5 hour fcst:
 1: 24:1270039:d=2021122106:TMP:0.1 mb:5 hour fcst:
 1: 25:1323219:d=2021122106:RH:0.1 mb:5 hour fcst:
 1: 26:1337038:d=2021122106:SPFH:0.1 mb:5 hour fcst:
 1: 27:1391578:d=2021122106:VVEL:0.1 mb:5 hour fcst:
 1: 28:1471441:d=2021122106:DZDT:0.1 mb:5 hour fcst:
 1: 29:1560208:d=2021122106:UGRD:0.1 mb:5 hour fcst:
 1: 30:1599450:d=2021122106:VGRD:0.1 mb:5 hour fcst:
 1: 31:1635149:d=2021122106:ABSV:0.1 mb:5 hour fcst:
 1: + product_functions.sh[10]rc=0
 1: + product_functions.sh[11]((  rc == 0  ))
 1: + product_functions.sh[11]mv pgb2file_f005_2_1p00.new pgb2file_f005_2_1p00
 1: + product_functions.sh[12]return 0
 1: + interp_atmos_master.sh[56]export err=0
 1: + interp_atmos_master.sh[56]err=0
 1: + interp_atmos_master.sh[57][[ 0 -ne 0 ]]
 1: ++ interp_atmos_master.sh[62]wc -l
 1: ++ interp_atmos_master.sh[62]wgrib2 pgb2file_f005_2_1p00 -match 'LAND|ICEC'
 1: + interp_atmos_master.sh[62]var_count=0
 1: + interp_atmos_master.sh[63][[ 0 -eq 2 ]]
 1: + interp_atmos_master.sh[73]exit 0
16: + bash[8]'[' -z '' ']'
16: + bash[9]case "$-" in
16: + bash[12]__lmod_vx=x
16: + bash[16]'[' -n x ']'
16: + bash[16]set +x
16: Shell debugging temporarily silenced: export LMOD_SH_DBG_ON=1 for this output (/apps/other/lmod/lmod/init/bash)
16: Shell debugging restarted
16: + bash[224]unset __lmod_vx
16: + interp_atmos_master.sh[7]input_file=tmpfile_f005_17
16: + interp_atmos_master.sh[8]output_file_prefix=pgb2file_f005_17
16: + interp_atmos_master.sh[9]grid_string=0p25:0p50:1p00
16: + interp_atmos_master.sh[12]defaults='-set_grib_type same -set_bitmap 1 -set_grib_max_bits 16'
16: + interp_atmos_master.sh[13]interp_winds='-new_grid_winds earth'
16: + interp_atmos_master.sh[14]interp_bilinear='-new_grid_interpolation bilinear'
16: + interp_atmos_master.sh[15]interp_neighbor='-if :(CSNOW|CRAIN|CFRZR|CICEP|ICSEV): -new_grid_interpolation neighbor -fi'
16: + interp_atmos_master.sh[16]interp_budget='-if :(APCP|ACPCP|PRATE|CPRAT|DZDT): -new_grid_interpolation budget -fi'
16: + interp_atmos_master.sh[17]increased_bits='-if :(APCP|ACPCP|PRATE|CPRAT): -set_grib_max_bits 25 -fi'
16: + interp_atmos_master.sh[21]grid0p25='latlon 0:1440:0.25 90:721:-0.25'
16: + interp_atmos_master.sh[23]grid0p50='latlon 0:720:0.5 90:361:-0.5'
16: + interp_atmos_master.sh[25]grid1p00='latlon 0:360:1.0 90:181:-1.0'
16: + interp_atmos_master.sh[28]source /work2/noaa/global/mterry/global-workflow_forked/ush/product_functions.sh
16: + interp_atmos_master.sh[31]IFS=:
16: + interp_atmos_master.sh[31]read -ra grids
16: + interp_atmos_master.sh[33]output_grids=
16: + interp_atmos_master.sh[34]for grid in "${grids[@]}"
16: + interp_atmos_master.sh[35]gridopt=grid0p25
16: + interp_atmos_master.sh[36]output_grids=' -new_grid latlon 0:1440:0.25 90:721:-0.25 pgb2file_f005_17_0p25'
16: + interp_atmos_master.sh[34]for grid in "${grids[@]}"
16: + interp_atmos_master.sh[35]gridopt=grid0p50
16: + interp_atmos_master.sh[36]output_grids=' -new_grid latlon 0:1440:0.25 90:721:-0.25 pgb2file_f005_17_0p25 -new_grid latlon 0:720:0.5 90:361:-0.5 pgb2file_f005_17_0p50'
16: + interp_atmos_master.sh[34]for grid in "${grids[@]}"
16: + interp_atmos_master.sh[35]gridopt=grid1p00
16: + interp_atmos_master.sh[36]output_grids=' -new_grid latlon 0:1440:0.25 90:721:-0.25 pgb2file_f005_17_0p25 -new_grid latlon 0:720:0.5 90:361:-0.5 pgb2file_f005_17_0p50 -new_grid latlon 0:360:1.0 90:181:-1.0 pgb2file_f005_17_1p00'
16: + interp_atmos_master.sh[40]wgrib2 tmpfile_f005_17 -set_grib_type same -set_bitmap 1 -set_grib_max_bits 16 -new_grid_winds earth -new_grid_interpolation bilinear -if ':(CSNOW|CRAIN|CFRZR|CICEP|ICSEV):' -new_grid_interpolation neighbor -fi -if ':(APCP|ACPCP|PRATE|CPRAT|DZDT):' -new_grid_interpolation budget -fi -if ':(APCP|ACPCP|PRATE|CPRAT):' -set_grib_max_bits 25 -fi -new_grid latlon 0:1440:0.25 90:721:-0.25 pgb2file_f005_17_0p25 -new_grid latlon 0:720:0.5 90:361:-0.5 pgb2file_f005_17_0p50 -new_grid latlon 0:360:1.0 90:181:-1.0 pgb2file_f005_17_1p00
16: 1:0:d=2021122106:ABSV:925 mb:5 hour fcst:
16: 2:84464:d=2021122106:CLMR:925 mb:5 hour fcst:
16: 3:112365:d=2021122106:ICMR:925 mb:5 hour fcst:
16: 4:135956:d=2021122106:RWMR:925 mb:5 hour fcst:
16: 5:173196:d=2021122106:SNMR:925 mb:5 hour fcst:
16: 6:201933:d=2021122106:GRLE:925 mb:5 hour fcst:
16: 7:208598:d=2021122106:O3MR:925 mb:5 hour fcst:
16: 8:315859:d=2021122106:HGT:950 mb:5 hour fcst:
16: 9:404368:d=2021122106:TMP:950 mb:5 hour fcst:
16: 10:479613:d=2021122106:RH:950 mb:5 hour fcst:
16: 11:550514:d=2021122106:TCDC:950 mb:5 hour fcst:
16: 12:586984:d=2021122106:SPFH:950 mb:5 hour fcst:
16: 13:687509:d=2021122106:VVEL:950 mb:5 hour fcst:
16: 14:784362:d=2021122106:DZDT:950 mb:5 hour fcst:
16: 15:884519:d=2021122106:UGRD:950 mb:5 hour fcst:
16: 16:962467:d=2021122106:VGRD:950 mb:5 hour fcst:
16: 17:1041229:d=2021122106:ABSV:950 mb:5 hour fcst:
16: 18:1126377:d=2021122106:CLMR:950 mb:5 hour fcst:
16: 19:1147557:d=2021122106:ICMR:950 mb:5 hour fcst:
16: 20:1168878:d=2021122106:RWMR:950 mb:5 hour fcst:
16: 21:1207534:d=2021122106:SNMR:950 mb:5 hour fcst:
16: 22:1234071:d=2021122106:GRLE:950 mb:5 hour fcst:
16: 23:1240192:d=2021122106:O3MR:950 mb:5 hour fcst:
16: 24:1337727:d=2021122106:HINDEX:surface:5 hour fcst:
16: 25:1354829:d=2021122106:HGT:975 mb:5 hour fcst:
16: 26:1444233:d=2021122106:TMP:975 mb:5 hour fcst:
16: 27:1519051:d=2021122106:RH:975 mb:5 hour fcst:
16: 28:1588097:d=2021122106:TCDC:975 mb:5 hour fcst:
16: 29:1618135:d=2021122106:SPFH:975 mb:5 hour fcst:
16: 30:1717124:d=2021122106:VVEL:975 mb:5 hour fcst:
16: 31:1808469:d=2021122106:DZDT:975 mb:5 hour fcst:
16: + interp_atmos_master.sh[47]export err=0
16: + interp_atmos_master.sh[47]err=0
16: + interp_atmos_master.sh[48][[ 0 -ne 0 ]]
16: + interp_atmos_master.sh[54]for grid in "${grids[@]}"
16: + interp_atmos_master.sh[55]trim_rh pgb2file_f005_17_0p25
16: + product_functions.sh[5]local filename=pgb2file_f005_17_0p25
16: + product_functions.sh[6]wgrib2 pgb2file_f005_17_0p25 -not_if :RH: -grib pgb2file_f005_17_0p25.new -if :RH: -rpn '10:*:0.5:+:floor:1000:min:10:/' -set_grib_type same -set_scaling -1 0 -grib_out pgb2file_f005_17_0p25.new
16: 1:0:d=2021122106:ABSV:925 mb:5 hour fcst:
16: 2:708193:d=2021122106:CLMR:925 mb:5 hour fcst:
16: 3:940793:d=2021122106:ICMR:925 mb:5 hour fcst:
16: 4:1131738:d=2021122106:RWMR:925 mb:5 hour fcst:
16: 5:1402185:d=2021122106:SNMR:925 mb:5 hour fcst:
16: 6:1622803:d=2021122106:GRLE:925 mb:5 hour fcst:
16: 7:1670234:d=2021122106:O3MR:925 mb:5 hour fcst:
16: 8:2669093:d=2021122106:HGT:950 mb:5 hour fcst:
16: 9:3413997:d=2021122106:TMP:950 mb:5 hour fcst:
16: 10:4010900:d=2021122106:RH:950 mb:5 hour fcst:
16: 11:4562857:d=2021122106:TCDC:950 mb:5 hour fcst:
16: 12:4828436:d=2021122106:SPFH:950 mb:5 hour fcst:
16: 13:5742156:d=2021122106:VVEL:950 mb:5 hour fcst:
16: 14:6607862:d=2021122106:DZDT:950 mb:5 hour fcst:
16: 15:7495693:d=2021122106:UGRD:950 mb:5 hour fcst:
16: 16:8128772:d=2021122106:VGRD:950 mb:5 hour fcst:
16: 17:8769449:d=2021122106:ABSV:950 mb:5 hour fcst:
16: 18:9476174:d=2021122106:CLMR:950 mb:5 hour fcst:
16: 19:9653590:d=2021122106:ICMR:950 mb:5 hour fcst:
16: 20:9825077:d=2021122106:RWMR:950 mb:5 hour fcst:
16: 21:10106157:d=2021122106:SNMR:950 mb:5 hour fcst:
16: 22:10308756:d=2021122106:GRLE:950 mb:5 hour fcst:
16: 23:10350612:d=2021122106:O3MR:950 mb:5 hour fcst:
16: 24:11227427:d=2021122106:HINDEX:surface:5 hour fcst:
16: 25:11409870:d=2021122106:HGT:975 mb:5 hour fcst:
16: 26:12167373:d=2021122106:TMP:975 mb:5 hour fcst:
16: 27:12758075:d=2021122106:RH:975 mb:5 hour fcst:
16: 28:13287182:d=2021122106:TCDC:975 mb:5 hour fcst:
16: 29:13504502:d=2021122106:SPFH:975 mb:5 hour fcst:
16: 30:14405623:d=2021122106:VVEL:975 mb:5 hour fcst:
16: 31:15209287:d=2021122106:DZDT:975 mb:5 hour fcst:
16: + product_functions.sh[10]rc=0
16: + product_functions.sh[11]((  rc == 0  ))
16: + product_functions.sh[11]mv pgb2file_f005_17_0p25.new pgb2file_f005_17_0p25
16: + product_functions.sh[12]return 0
16: + interp_atmos_master.sh[56]export err=0
16: + interp_atmos_master.sh[56]err=0
16: + interp_atmos_master.sh[57][[ 0 -ne 0 ]]
16: ++ interp_atmos_master.sh[62]wc -l
16: ++ interp_atmos_master.sh[62]wgrib2 pgb2file_f005_17_0p25 -match 'LAND|ICEC'
16: + interp_atmos_master.sh[62]var_count=0
16: + interp_atmos_master.sh[63][[ 0 -eq 2 ]]
16: + interp_atmos_master.sh[54]for grid in "${grids[@]}"
16: + interp_atmos_master.sh[55]trim_rh pgb2file_f005_17_0p50
16: + product_functions.sh[5]local filename=pgb2file_f005_17_0p50
16: + product_functions.sh[6]wgrib2 pgb2file_f005_17_0p50 -not_if :RH: -grib pgb2file_f005_17_0p50.new -if :RH: -rpn '10:*:0.5:+:floor:1000:min:10:/' -set_grib_type same -set_scaling -1 0 -grib_out pgb2file_f005_17_0p50.new
16: 1:0:d=2021122106:ABSV:925 mb:5 hour fcst:
16: 2:225000:d=2021122106:CLMR:925 mb:5 hour fcst:
16: 3:302672:d=2021122106:ICMR:925 mb:5 hour fcst:
16: 4:366359:d=2021122106:RWMR:925 mb:5 hour fcst:
16: 5:461328:d=2021122106:SNMR:925 mb:5 hour fcst:
16: 6:534916:d=2021122106:GRLE:925 mb:5 hour fcst:
16: 7:552341:d=2021122106:O3MR:925 mb:5 hour fcst:
16: 8:854295:d=2021122106:HGT:950 mb:5 hour fcst:
16: 9:1090054:d=2021122106:TMP:950 mb:5 hour fcst:
16: 10:1285299:d=2021122106:RH:950 mb:5 hour fcst:
16: 11:1467358:d=2021122106:TCDC:950 mb:5 hour fcst:
16: 12:1562150:d=2021122106:SPFH:950 mb:5 hour fcst:
16: 13:1839052:d=2021122106:VVEL:950 mb:5 hour fcst:
16: 14:2105352:d=2021122106:DZDT:950 mb:5 hour fcst:
16: 15:2377095:d=2021122106:UGRD:950 mb:5 hour fcst:
16: 16:2582256:d=2021122106:VGRD:950 mb:5 hour fcst:
16: 17:2790122:d=2021122106:ABSV:950 mb:5 hour fcst:
16: 18:3015005:d=2021122106:CLMR:950 mb:5 hour fcst:
16: 19:3074655:d=2021122106:ICMR:950 mb:5 hour fcst:
16: 20:3131615:d=2021122106:RWMR:950 mb:5 hour fcst:
16: 21:3230096:d=2021122106:SNMR:950 mb:5 hour fcst:
16: 22:3298419:d=2021122106:GRLE:950 mb:5 hour fcst:
16: 23:3313820:d=2021122106:O3MR:950 mb:5 hour fcst:
16: 24:3583827:d=2021122106:HINDEX:surface:5 hour fcst:
16: 25:3634811:d=2021122106:HGT:975 mb:5 hour fcst:
16: 26:3873849:d=2021122106:TMP:975 mb:5 hour fcst:
16: 27:4066162:d=2021122106:RH:975 mb:5 hour fcst:
16: 28:4240939:d=2021122106:TCDC:975 mb:5 hour fcst:
16: 29:4319643:d=2021122106:SPFH:975 mb:5 hour fcst:
16: 30:4593260:d=2021122106:VVEL:975 mb:5 hour fcst:
16: 31:4842834:d=2021122106:DZDT:975 mb:5 hour fcst:
16: + product_functions.sh[10]rc=0
16: + product_functions.sh[11]((  rc == 0  ))
16: + product_functions.sh[11]mv pgb2file_f005_17_0p50.new pgb2file_f005_17_0p50
16: + product_functions.sh[12]return 0
16: + interp_atmos_master.sh[56]export err=0
16: + interp_atmos_master.sh[56]err=0
16: + interp_atmos_master.sh[57][[ 0 -ne 0 ]]
16: ++ interp_atmos_master.sh[62]wc -l
16: ++ interp_atmos_master.sh[62]wgrib2 pgb2file_f005_17_0p50 -match 'LAND|ICEC'
16: + interp_atmos_master.sh[62]var_count=0
16: + interp_atmos_master.sh[63][[ 0 -eq 2 ]]
16: + interp_atmos_master.sh[54]for grid in "${grids[@]}"
16: + interp_atmos_master.sh[55]trim_rh pgb2file_f005_17_1p00
16: + product_functions.sh[5]local filename=pgb2file_f005_17_1p00
16: + product_functions.sh[6]wgrib2 pgb2file_f005_17_1p00 -not_if :RH: -grib pgb2file_f005_17_1p00.new -if :RH: -rpn '10:*:0.5:+:floor:1000:min:10:/' -set_grib_type same -set_scaling -1 0 -grib_out pgb2file_f005_17_1p00.new
16: 1:0:d=2021122106:ABSV:925 mb:5 hour fcst:
16: 2:70819:d=2021122106:CLMR:925 mb:5 hour fcst:
16: 3:97845:d=2021122106:ICMR:925 mb:5 hour fcst:
16: 4:118991:d=2021122106:RWMR:925 mb:5 hour fcst:
16: 5:152356:d=2021122106:SNMR:925 mb:5 hour fcst:
16: 6:177301:d=2021122106:GRLE:925 mb:5 hour fcst:
16: 7:183934:d=2021122106:O3MR:925 mb:5 hour fcst:
16: 8:273433:d=2021122106:HGT:950 mb:5 hour fcst:
16: 9:346046:d=2021122106:TMP:950 mb:5 hour fcst:
16: 10:407738:d=2021122106:RH:950 mb:5 hour fcst:
16: 11:465891:d=2021122106:TCDC:950 mb:5 hour fcst:
16: 12:499282:d=2021122106:SPFH:950 mb:5 hour fcst:
16: 13:581984:d=2021122106:VVEL:950 mb:5 hour fcst:
16: 14:662797:d=2021122106:DZDT:950 mb:5 hour fcst:
16: 15:744605:d=2021122106:UGRD:950 mb:5 hour fcst:
16: 16:809191:d=2021122106:VGRD:950 mb:5 hour fcst:
16: 17:875346:d=2021122106:ABSV:950 mb:5 hour fcst:
16: 18:946006:d=2021122106:CLMR:950 mb:5 hour fcst:
16: 19:967220:d=2021122106:ICMR:950 mb:5 hour fcst:
16: 20:986302:d=2021122106:RWMR:950 mb:5 hour fcst:
16: 21:1020988:d=2021122106:SNMR:950 mb:5 hour fcst:
16: 22:1044107:d=2021122106:GRLE:950 mb:5 hour fcst:
16: 23:1050138:d=2021122106:O3MR:950 mb:5 hour fcst:
16: 24:1131416:d=2021122106:HINDEX:surface:5 hour fcst:
16: 25:1146123:d=2021122106:HGT:975 mb:5 hour fcst:
16: 26:1219598:d=2021122106:TMP:975 mb:5 hour fcst:
16: 27:1280865:d=2021122106:RH:975 mb:5 hour fcst:
16: 28:1336893:d=2021122106:TCDC:975 mb:5 hour fcst:
16: 29:1365164:d=2021122106:SPFH:975 mb:5 hour fcst:
16: 30:1447075:d=2021122106:VVEL:975 mb:5 hour fcst:
16: 31:1523717:d=2021122106:DZDT:975 mb:5 hour fcst:
16: + product_functions.sh[10]rc=0
16: + product_functions.sh[11]((  rc == 0  ))
16: + product_functions.sh[11]mv pgb2file_f005_17_1p00.new pgb2file_f005_17_1p00
16: + product_functions.sh[12]return 0
16: + interp_atmos_master.sh[56]export err=0
16: + interp_atmos_master.sh[56]err=0
16: + interp_atmos_master.sh[57][[ 0 -ne 0 ]]
16: ++ interp_atmos_master.sh[62]wc -l
16: ++ interp_atmos_master.sh[62]wgrib2 pgb2file_f005_17_1p00 -match 'LAND|ICEC'
16: + interp_atmos_master.sh[62]var_count=0
16: + interp_atmos_master.sh[63][[ 0 -eq 2 ]]
16: + interp_atmos_master.sh[73]exit 0
 2: + bash[8]'[' -z '' ']'
 2: + bash[9]case "$-" in
 2: + bash[12]__lmod_vx=x
 2: + bash[16]'[' -n x ']'
 2: + bash[16]set +x
 2: Shell debugging temporarily silenced: export LMOD_SH_DBG_ON=1 for this output (/apps/other/lmod/lmod/init/bash)
 2: Shell debugging restarted
 2: + bash[224]unset __lmod_vx
 2: + interp_atmos_master.sh[7]input_file=tmpfile_f005_3
 2: + interp_atmos_master.sh[8]output_file_prefix=pgb2file_f005_3
 2: + interp_atmos_master.sh[9]grid_string=0p25:0p50:1p00
 2: + interp_atmos_master.sh[12]defaults='-set_grib_type same -set_bitmap 1 -set_grib_max_bits 16'
 2: + interp_atmos_master.sh[13]interp_winds='-new_grid_winds earth'
 2: + interp_atmos_master.sh[14]interp_bilinear='-new_grid_interpolation bilinear'
 2: + interp_atmos_master.sh[15]interp_neighbor='-if :(CSNOW|CRAIN|CFRZR|CICEP|ICSEV): -new_grid_interpolation neighbor -fi'
 2: + interp_atmos_master.sh[16]interp_budget='-if :(APCP|ACPCP|PRATE|CPRAT|DZDT): -new_grid_interpolation budget -fi'
 2: + interp_atmos_master.sh[17]increased_bits='-if :(APCP|ACPCP|PRATE|CPRAT): -set_grib_max_bits 25 -fi'
 2: + interp_atmos_master.sh[21]grid0p25='latlon 0:1440:0.25 90:721:-0.25'
 2: + interp_atmos_master.sh[23]grid0p50='latlon 0:720:0.5 90:361:-0.5'
 2: + interp_atmos_master.sh[25]grid1p00='latlon 0:360:1.0 90:181:-1.0'
 2: + interp_atmos_master.sh[28]source /work2/noaa/global/mterry/global-workflow_forked/ush/product_functions.sh
 2: + interp_atmos_master.sh[31]IFS=:
 2: + interp_atmos_master.sh[31]read -ra grids
 2: + interp_atmos_master.sh[33]output_grids=
 2: + interp_atmos_master.sh[34]for grid in "${grids[@]}"
 2: + interp_atmos_master.sh[35]gridopt=grid0p25
 2: + interp_atmos_master.sh[36]output_grids=' -new_grid latlon 0:1440:0.25 90:721:-0.25 pgb2file_f005_3_0p25'
 2: + interp_atmos_master.sh[34]for grid in "${grids[@]}"
 2: + interp_atmos_master.sh[35]gridopt=grid0p50
 2: + interp_atmos_master.sh[36]output_grids=' -new_grid latlon 0:1440:0.25 90:721:-0.25 pgb2file_f005_3_0p25 -new_grid latlon 0:720:0.5 90:361:-0.5 pgb2file_f005_3_0p50'
 2: + interp_atmos_master.sh[34]for grid in "${grids[@]}"
 2: + interp_atmos_master.sh[35]gridopt=grid1p00
 2: + interp_atmos_master.sh[36]output_grids=' -new_grid latlon 0:1440:0.25 90:721:-0.25 pgb2file_f005_3_0p25 -new_grid latlon 0:720:0.5 90:361:-0.5 pgb2file_f005_3_0p50 -new_grid latlon 0:360:1.0 90:181:-1.0 pgb2file_f005_3_1p00'
 2: + interp_atmos_master.sh[40]wgrib2 tmpfile_f005_3 -set_grib_type same -set_bitmap 1 -set_grib_max_bits 16 -new_grid_winds earth -new_grid_interpolation bilinear -if ':(CSNOW|CRAIN|CFRZR|CICEP|ICSEV):' -new_grid_interpolation neighbor -fi -if ':(APCP|ACPCP|PRATE|CPRAT|DZDT):' -new_grid_interpolation budget -fi -if ':(APCP|ACPCP|PRATE|CPRAT):' -set_grib_max_bits 25 -fi -new_grid latlon 0:1440:0.25 90:721:-0.25 pgb2file_f005_3_0p25 -new_grid latlon 0:720:0.5 90:361:-0.5 pgb2file_f005_3_0p50 -new_grid latlon 0:360:1.0 90:181:-1.0 pgb2file_f005_3_1p00
 2: 1:0:d=2021122106:O3MR:0.1 mb:5 hour fcst:
 2: 2:65225:d=2021122106:HGT:0.2 mb:5 hour fcst:
 2: 3:128910:d=2021122106:TMP:0.2 mb:5 hour fcst:
 2: 4:191307:d=2021122106:RH:0.2 mb:5 hour fcst:
 2: 5:213384:d=2021122106:SPFH:0.2 mb:5 hour fcst:
 2: 6:281872:d=2021122106:VVEL:0.2 mb:5 hour fcst:
 2: 7:384283:d=2021122106:DZDT:0.2 mb:5 hour fcst:
 2: 8:476233:d=2021122106:UGRD:0.2 mb:5 hour fcst:
 2: 9:520839:d=2021122106:VGRD:0.2 mb:5 hour fcst:
 2: 10:560803:d=2021122106:ABSV:0.2 mb:5 hour fcst:
 2: 11:631111:d=2021122106:O3MR:0.2 mb:5 hour fcst:
 2: 12:703620:d=2021122106:HGT:0.4 mb:5 hour fcst:
 2: 13:765799:d=2021122106:TMP:0.4 mb:5 hour fcst:
 2: 14:826327:d=2021122106:RH:0.4 mb:5 hour fcst:
 2: 15:844510:d=2021122106:SPFH:0.4 mb:5 hour fcst:
 2: 16:913588:d=2021122106:VVEL:0.4 mb:5 hour fcst:
 2: 17:1022303:d=2021122106:DZDT:0.4 mb:5 hour fcst:
 2: 18:1126734:d=2021122106:UGRD:0.4 mb:5 hour fcst:
 2: 19:1169348:d=2021122106:VGRD:0.4 mb:5 hour fcst:
 2: 20:1206919:d=2021122106:ABSV:0.4 mb:5 hour fcst:
 2: 21:1274571:d=2021122106:O3MR:0.4 mb:5 hour fcst:
 2: 22:1351426:d=2021122106:HGT:0.7 mb:5 hour fcst:
 2: 23:1412251:d=2021122106:TMP:0.7 mb:5 hour fcst:
 2: 24:1473029:d=2021122106:RH:0.7 mb:5 hour fcst:
 2: 25:1492644:d=2021122106:SPFH:0.7 mb:5 hour fcst:
 2: 26:1560690:d=2021122106:VVEL:0.7 mb:5 hour fcst:
 2: 27:1674377:d=2021122106:DZDT:0.7 mb:5 hour fcst:
 2: 28:1771777:d=2021122106:UGRD:0.7 mb:5 hour fcst:
 2: 29:1812958:d=2021122106:VGRD:0.7 mb:5 hour fcst:
 2: 30:1849473:d=2021122106:ABSV:0.7 mb:5 hour fcst:
 2: 31:1886228:d=2021122106:O3MR:0.7 mb:5 hour fcst:
 2: + interp_atmos_master.sh[47]export err=0
 2: + interp_atmos_master.sh[47]err=0
 2: + interp_atmos_master.sh[48][[ 0 -ne 0 ]]
 2: + interp_atmos_master.sh[54]for grid in "${grids[@]}"
 2: + interp_atmos_master.sh[55]trim_rh pgb2file_f005_3_0p25
 2: + product_functions.sh[5]local filename=pgb2file_f005_3_0p25
 2: + product_functions.sh[6]wgrib2 pgb2file_f005_3_0p25 -not_if :RH: -grib pgb2file_f005_3_0p25.new -if :RH: -rpn '10:*:0.5:+:floor:1000:min:10:/' -set_grib_type same -set_scaling -1 0 -grib_out pgb2file_f005_3_0p25.new
 2: 1:0:d=2021122106:O3MR:0.1 mb:5 hour fcst:
 2: 2:511059:d=2021122106:HGT:0.2 mb:5 hour fcst:
 2: 3:1000124:d=2021122106:TMP:0.2 mb:5 hour fcst:
 2: 4:1478092:d=2021122106:RH:0.2 mb:5 hour fcst:
 2: 5:1669790:d=2021122106:SPFH:0.2 mb:5 hour fcst:
 2: 6:2255564:d=2021122106:VVEL:0.2 mb:5 hour fcst:
 2: 7:3217156:d=2021122106:DZDT:0.2 mb:5 hour fcst:
 2: 8:4023189:d=2021122106:UGRD:0.2 mb:5 hour fcst:
 2: 9:4348588:d=2021122106:VGRD:0.2 mb:5 hour fcst:
 2: 10:4648326:d=2021122106:ABSV:0.2 mb:5 hour fcst:
 2: 11:5187023:d=2021122106:O3MR:0.2 mb:5 hour fcst:
 2: 12:5776447:d=2021122106:HGT:0.4 mb:5 hour fcst:
 2: 13:6246765:d=2021122106:TMP:0.4 mb:5 hour fcst:
 2: 14:6713307:d=2021122106:RH:0.4 mb:5 hour fcst:
 2: 15:6869586:d=2021122106:SPFH:0.4 mb:5 hour fcst:
 2: 16:7470498:d=2021122106:VVEL:0.4 mb:5 hour fcst:
 2: 17:8512313:d=2021122106:DZDT:0.4 mb:5 hour fcst:
 2: 18:9477577:d=2021122106:UGRD:0.4 mb:5 hour fcst:
 2: 19:9790191:d=2021122106:VGRD:0.4 mb:5 hour fcst:
 2: 20:10078251:d=2021122106:ABSV:0.4 mb:5 hour fcst:
 2: 21:10584469:d=2021122106:O3MR:0.4 mb:5 hour fcst:
 2: 22:11225051:d=2021122106:HGT:0.7 mb:5 hour fcst:
 2: 23:11681287:d=2021122106:TMP:0.7 mb:5 hour fcst:
 2: 24:12140424:d=2021122106:RH:0.7 mb:5 hour fcst:
 2: 25:12307641:d=2021122106:SPFH:0.7 mb:5 hour fcst:
 2: 26:12869471:d=2021122106:VVEL:0.7 mb:5 hour fcst:
 2: 27:13973670:d=2021122106:DZDT:0.7 mb:5 hour fcst:
 2: 28:14849264:d=2021122106:UGRD:0.7 mb:5 hour fcst:
 2: 29:15153059:d=2021122106:VGRD:0.7 mb:5 hour fcst:
 2: 30:15435985:d=2021122106:ABSV:0.7 mb:5 hour fcst:
 2: 31:15713247:d=2021122106:O3MR:0.7 mb:5 hour fcst:
 2: + product_functions.sh[10]rc=0
 2: + product_functions.sh[11]((  rc == 0  ))
 2: + product_functions.sh[11]mv pgb2file_f005_3_0p25.new pgb2file_f005_3_0p25
 2: + product_functions.sh[12]return 0
 2: + interp_atmos_master.sh[56]export err=0
 2: + interp_atmos_master.sh[56]err=0
 2: + interp_atmos_master.sh[57][[ 0 -ne 0 ]]
 2: ++ interp_atmos_master.sh[62]wc -l
 2: ++ interp_atmos_master.sh[62]wgrib2 pgb2file_f005_3_0p25 -match 'LAND|ICEC'
 2: + interp_atmos_master.sh[62]var_count=0
 2: + interp_atmos_master.sh[63][[ 0 -eq 2 ]]
 2: + interp_atmos_master.sh[54]for grid in "${grids[@]}"
 2: + interp_atmos_master.sh[55]trim_rh pgb2file_f005_3_0p50
 2: + product_functions.sh[5]local filename=pgb2file_f005_3_0p50
 2: + product_functions.sh[6]wgrib2 pgb2file_f005_3_0p50 -not_if :RH: -grib pgb2file_f005_3_0p50.new -if :RH: -rpn '10:*:0.5:+:floor:1000:min:10:/' -set_grib_type same -set_scaling -1 0 -grib_out pgb2file_f005_3_0p50.new
 2: 1:0:d=2021122106:O3MR:0.1 mb:5 hour fcst:
 2: 2:166633:d=2021122106:HGT:0.2 mb:5 hour fcst:
 2: 3:327512:d=2021122106:TMP:0.2 mb:5 hour fcst:
 2: 4:485240:d=2021122106:RH:0.2 mb:5 hour fcst:
 2: 5:542726:d=2021122106:SPFH:0.2 mb:5 hour fcst:
 2: 6:725641:d=2021122106:VVEL:0.2 mb:5 hour fcst:
 2: 7:1014492:d=2021122106:DZDT:0.2 mb:5 hour fcst:
 2: 8:1262049:d=2021122106:UGRD:0.2 mb:5 hour fcst:
 2: 9:1368385:d=2021122106:VGRD:0.2 mb:5 hour fcst:
 2: 10:1464286:d=2021122106:ABSV:0.2 mb:5 hour fcst:
 2: 11:1641744:d=2021122106:O3MR:0.2 mb:5 hour fcst:
 2: 12:1830675:d=2021122106:HGT:0.4 mb:5 hour fcst:
 2: 13:1985955:d=2021122106:TMP:0.4 mb:5 hour fcst:
 2: 14:2139235:d=2021122106:RH:0.4 mb:5 hour fcst:
 2: 15:2188034:d=2021122106:SPFH:0.4 mb:5 hour fcst:
 2: 16:2374656:d=2021122106:VVEL:0.4 mb:5 hour fcst:
 2: 17:2684274:d=2021122106:DZDT:0.4 mb:5 hour fcst:
 2: 18:2971852:d=2021122106:UGRD:0.4 mb:5 hour fcst:
 2: 19:3073001:d=2021122106:VGRD:0.4 mb:5 hour fcst:
 2: 20:3163514:d=2021122106:ABSV:0.4 mb:5 hour fcst:
 2: 21:3331863:d=2021122106:O3MR:0.4 mb:5 hour fcst:
 2: 22:3534695:d=2021122106:HGT:0.7 mb:5 hour fcst:
 2: 23:3685743:d=2021122106:TMP:0.7 mb:5 hour fcst:
 2: 24:3838130:d=2021122106:RH:0.7 mb:5 hour fcst:
 2: 25:3890328:d=2021122106:SPFH:0.7 mb:5 hour fcst:
 2: 26:4069058:d=2021122106:VVEL:0.7 mb:5 hour fcst:
 2: 27:4394065:d=2021122106:DZDT:0.7 mb:5 hour fcst:
 2: 28:4658411:d=2021122106:UGRD:0.7 mb:5 hour fcst:
 2: 29:4757076:d=2021122106:VGRD:0.7 mb:5 hour fcst:
 2: 30:4845375:d=2021122106:ABSV:0.7 mb:5 hour fcst:
 2: 31:4929697:d=2021122106:O3MR:0.7 mb:5 hour fcst:
 2: + product_functions.sh[10]rc=0
 2: + product_functions.sh[11]((  rc == 0  ))
 2: + product_functions.sh[11]mv pgb2file_f005_3_0p50.new pgb2file_f005_3_0p50
 2: + product_functions.sh[12]return 0
 2: + interp_atmos_master.sh[56]export err=0
 2: + interp_atmos_master.sh[56]err=0
 2: + interp_atmos_master.sh[57][[ 0 -ne 0 ]]
 2: ++ interp_atmos_master.sh[62]wc -l
 2: ++ interp_atmos_master.sh[62]wgrib2 pgb2file_f005_3_0p50 -match 'LAND|ICEC'
 2: + interp_atmos_master.sh[62]var_count=0
 2: + interp_atmos_master.sh[63][[ 0 -eq 2 ]]
 2: + interp_atmos_master.sh[54]for grid in "${grids[@]}"
 2: + interp_atmos_master.sh[55]trim_rh pgb2file_f005_3_1p00
 2: + product_functions.sh[5]local filename=pgb2file_f005_3_1p00
 2: + product_functions.sh[6]wgrib2 pgb2file_f005_3_1p00 -not_if :RH: -grib pgb2file_f005_3_1p00.new -if :RH: -rpn '10:*:0.5:+:floor:1000:min:10:/' -set_grib_type same -set_scaling -1 0 -grib_out pgb2file_f005_3_1p00.new
 2: 1:0:d=2021122106:O3MR:0.1 mb:5 hour fcst:
 2: 2:53716:d=2021122106:HGT:0.2 mb:5 hour fcst:
 2: 3:106248:d=2021122106:TMP:0.2 mb:5 hour fcst:
 2: 4:158005:d=2021122106:RH:0.2 mb:5 hour fcst:
 2: 5:176719:d=2021122106:SPFH:0.2 mb:5 hour fcst:
 2: 6:233711:d=2021122106:VVEL:0.2 mb:5 hour fcst:
 2: 7:319436:d=2021122106:DZDT:0.2 mb:5 hour fcst:
 2: 8:394864:d=2021122106:UGRD:0.2 mb:5 hour fcst:
 2: 9:432123:d=2021122106:VGRD:0.2 mb:5 hour fcst:
 2: 10:465563:d=2021122106:ABSV:0.2 mb:5 hour fcst:
 2: 11:522372:d=2021122106:O3MR:0.2 mb:5 hour fcst:
 2: 12:582427:d=2021122106:HGT:0.4 mb:5 hour fcst:
 2: 13:633493:d=2021122106:TMP:0.4 mb:5 hour fcst:
 2: 14:684115:d=2021122106:RH:0.4 mb:5 hour fcst:
 2: 15:699462:d=2021122106:SPFH:0.4 mb:5 hour fcst:
 2: 16:757566:d=2021122106:VVEL:0.4 mb:5 hour fcst:
 2: 17:848583:d=2021122106:DZDT:0.4 mb:5 hour fcst:
 2: 18:934274:d=2021122106:UGRD:0.4 mb:5 hour fcst:
 2: 19:969764:d=2021122106:VGRD:0.4 mb:5 hour fcst:
 2: 20:1001334:d=2021122106:ABSV:0.4 mb:5 hour fcst:
 2: 21:1055703:d=2021122106:O3MR:0.4 mb:5 hour fcst:
 2: 22:1119668:d=2021122106:HGT:0.7 mb:5 hour fcst:
 2: 23:1169619:d=2021122106:TMP:0.7 mb:5 hour fcst:
 2: 24:1219900:d=2021122106:RH:0.7 mb:5 hour fcst:
 2: 25:1236263:d=2021122106:SPFH:0.7 mb:5 hour fcst:
 2: 26:1293008:d=2021122106:VVEL:0.7 mb:5 hour fcst:
 2: 27:1387887:d=2021122106:DZDT:0.7 mb:5 hour fcst:
 2: 28:1467685:d=2021122106:UGRD:0.7 mb:5 hour fcst:
 2: 29:1501939:d=2021122106:VGRD:0.7 mb:5 hour fcst:
 2: 30:1532875:d=2021122106:ABSV:0.7 mb:5 hour fcst:
 2: 31:1561599:d=2021122106:O3MR:0.7 mb:5 hour fcst:
 2: + product_functions.sh[10]rc=0
 2: + product_functions.sh[11]((  rc == 0  ))
 2: + product_functions.sh[11]mv pgb2file_f005_3_1p00.new pgb2file_f005_3_1p00
 2: + product_functions.sh[12]return 0
 2: + interp_atmos_master.sh[56]export err=0
 2: + interp_atmos_master.sh[56]err=0
 2: + interp_atmos_master.sh[57][[ 0 -ne 0 ]]
 2: ++ interp_atmos_master.sh[62]wc -l
 2: ++ interp_atmos_master.sh[62]wgrib2 pgb2file_f005_3_1p00 -match 'LAND|ICEC'
 2: + interp_atmos_master.sh[62]var_count=0
 2: + interp_atmos_master.sh[63][[ 0 -eq 2 ]]
 2: + interp_atmos_master.sh[73]exit 0
22: + bash[8]'[' -z '' ']'
22: + bash[9]case "$-" in
22: + bash[12]__lmod_vx=x
22: + bash[16]'[' -n x ']'
22: + bash[16]set +x
22: Shell debugging temporarily silenced: export LMOD_SH_DBG_ON=1 for this output (/apps/other/lmod/lmod/init/bash)
22: Shell debugging restarted
22: + bash[224]unset __lmod_vx
22: + interp_atmos_master.sh[7]input_file=tmpfile_f005_23
22: + interp_atmos_master.sh[8]output_file_prefix=pgb2file_f005_23
22: + interp_atmos_master.sh[9]grid_string=0p25:0p50:1p00
22: + interp_atmos_master.sh[12]defaults='-set_grib_type same -set_bitmap 1 -set_grib_max_bits 16'
22: + interp_atmos_master.sh[13]interp_winds='-new_grid_winds earth'
22: + interp_atmos_master.sh[14]interp_bilinear='-new_grid_interpolation bilinear'
22: + interp_atmos_master.sh[15]interp_neighbor='-if :(CSNOW|CRAIN|CFRZR|CICEP|ICSEV): -new_grid_interpolation neighbor -fi'
22: + interp_atmos_master.sh[16]interp_budget='-if :(APCP|ACPCP|PRATE|CPRAT|DZDT): -new_grid_interpolation budget -fi'
22: + interp_atmos_master.sh[17]increased_bits='-if :(APCP|ACPCP|PRATE|CPRAT): -set_grib_max_bits 25 -fi'
22: + interp_atmos_master.sh[21]grid0p25='latlon 0:1440:0.25 90:721:-0.25'
22: + interp_atmos_master.sh[23]grid0p50='latlon 0:720:0.5 90:361:-0.5'
22: + interp_atmos_master.sh[25]grid1p00='latlon 0:360:1.0 90:181:-1.0'
22: + interp_atmos_master.sh[28]source /work2/noaa/global/mterry/global-workflow_forked/ush/product_functions.sh
22: + interp_atmos_master.sh[31]IFS=:
22: + interp_atmos_master.sh[31]read -ra grids
22: + interp_atmos_master.sh[33]output_grids=
22: + interp_atmos_master.sh[34]for grid in "${grids[@]}"
22: + interp_atmos_master.sh[35]gridopt=grid0p25
22: + interp_atmos_master.sh[36]output_grids=' -new_grid latlon 0:1440:0.25 90:721:-0.25 pgb2file_f005_23_0p25'
22: + interp_atmos_master.sh[34]for grid in "${grids[@]}"
22: + interp_atmos_master.sh[35]gridopt=grid0p50
22: + interp_atmos_master.sh[36]output_grids=' -new_grid latlon 0:1440:0.25 90:721:-0.25 pgb2file_f005_23_0p25 -new_grid latlon 0:720:0.5 90:361:-0.5 pgb2file_f005_23_0p50'
22: + interp_atmos_master.sh[34]for grid in "${grids[@]}"
22: + interp_atmos_master.sh[35]gridopt=grid1p00
22: + interp_atmos_master.sh[36]output_grids=' -new_grid latlon 0:1440:0.25 90:721:-0.25 pgb2file_f005_23_0p25 -new_grid latlon 0:720:0.5 90:361:-0.5 pgb2file_f005_23_0p50 -new_grid latlon 0:360:1.0 90:181:-1.0 pgb2file_f005_23_1p00'
22: + interp_atmos_master.sh[40]wgrib2 tmpfile_f005_23 -set_grib_type same -set_bitmap 1 -set_grib_max_bits 16 -new_grid_winds earth -new_grid_interpolation bilinear -if ':(CSNOW|CRAIN|CFRZR|CICEP|ICSEV):' -new_grid_interpolation neighbor -fi -if ':(APCP|ACPCP|PRATE|CPRAT|DZDT):' -new_grid_interpolation budget -fi -if ':(APCP|ACPCP|PRATE|CPRAT):' -set_grib_max_bits 25 -fi -new_grid latlon 0:1440:0.25 90:721:-0.25 pgb2file_f005_23_0p25 -new_grid latlon 0:720:0.5 90:361:-0.5 pgb2file_f005_23_0p50 -new_grid latlon 0:360:1.0 90:181:-1.0 pgb2file_f005_23_1p00
22: 1:0:d=2021122106:UGRD:40 m above ground:5 hour fcst:
22: 2:76439:d=2021122106:VGRD:40 m above ground:5 hour fcst:
22: 3:153742:d=2021122106:UGRD:50 m above ground:5 hour fcst:
22: 4:231089:d=2021122106:VGRD:50 m above ground:5 hour fcst:
22: 5:308691:d=2021122106:TMP:80 m above ground:5 hour fcst:
22: 6:382853:d=2021122106:SPFH:80 m above ground:5 hour fcst:
22: 7:489300:d=2021122106:PRES:80 m above ground:5 hour fcst:
22: 8:577020:d=2021122106:UGRD:80 m above ground:5 hour fcst:
22: 9:654729:d=2021122106:VGRD:80 m above ground:5 hour fcst:
22: 10:732918:d=2021122106:TMP:100 m above ground:5 hour fcst:
22: 11:807008:d=2021122106:UGRD:100 m above ground:5 hour fcst:
22: 12:884942:d=2021122106:VGRD:100 m above ground:5 hour fcst:
22: 13:963345:d=2021122106:TMP:1829 m above mean sea level:5 hour fcst:
22: 14:1040325:d=2021122106:UGRD:1829 m above mean sea level:5 hour fcst:
22: 15:1121914:d=2021122106:VGRD:1829 m above mean sea level:5 hour fcst:
22: 16:1205074:d=2021122106:TMP:2743 m above mean sea level:5 hour fcst:
22: 17:1280141:d=2021122106:UGRD:2743 m above mean sea level:5 hour fcst:
22: 18:1362902:d=2021122106:VGRD:2743 m above mean sea level:5 hour fcst:
22: 19:1447301:d=2021122106:TMP:3658 m above mean sea level:5 hour fcst:
22: 20:1521823:d=2021122106:UGRD:3658 m above mean sea level:5 hour fcst:
22: 21:1605320:d=2021122106:VGRD:3658 m above mean sea level:5 hour fcst:
22: 22:1690358:d=2021122106:HGT:0C isotherm:5 hour fcst:
22: 23:1769189:d=2021122106:RH:0C isotherm:5 hour fcst:
22: 24:1838843:d=2021122106:HGT:highest tropospheric freezing level:5 hour fcst:
22: 25:1917805:d=2021122106:RH:highest tropospheric freezing level:5 hour fcst:
22: 26:1987600:d=2021122106:TMP:30-0 mb above ground:5 hour fcst:
22: 27:2061734:d=2021122106:RH:30-0 mb above ground:5 hour fcst:
22: 28:2126413:d=2021122106:SPFH:30-0 mb above ground:5 hour fcst:
22: 29:2233088:d=2021122106:UGRD:30-0 mb above ground:5 hour fcst:
22: 30:2310839:d=2021122106:VGRD:30-0 mb above ground:5 hour fcst:
22: 31:2389144:d=2021122106:4LFTX:surface:5 hour fcst:
22: + interp_atmos_master.sh[47]export err=0
22: + interp_atmos_master.sh[47]err=0
22: + interp_atmos_master.sh[48][[ 0 -ne 0 ]]
22: + interp_atmos_master.sh[54]for grid in "${grids[@]}"
22: + interp_atmos_master.sh[55]trim_rh pgb2file_f005_23_0p25
22: + product_functions.sh[5]local filename=pgb2file_f005_23_0p25
22: + product_functions.sh[6]wgrib2 pgb2file_f005_23_0p25 -not_if :RH: -grib pgb2file_f005_23_0p25.new -if :RH: -rpn '10:*:0.5:+:floor:1000:min:10:/' -set_grib_type same -set_scaling -1 0 -grib_out pgb2file_f005_23_0p25.new
22: 1:0:d=2021122106:UGRD:40 m above ground:5 hour fcst:
22: 2:627293:d=2021122106:VGRD:40 m above ground:5 hour fcst:
22: 3:1253808:d=2021122106:UGRD:50 m above ground:5 hour fcst:
22: 4:1883837:d=2021122106:VGRD:50 m above ground:5 hour fcst:
22: 5:2513936:d=2021122106:TMP:80 m above ground:5 hour fcst:
22: 6:3096667:d=2021122106:SPFH:80 m above ground:5 hour fcst:
22: 7:4081733:d=2021122106:PRES:80 m above ground:5 hour fcst:
22: 8:4800174:d=2021122106:UGRD:80 m above ground:5 hour fcst:
22: 9:5434845:d=2021122106:VGRD:80 m above ground:5 hour fcst:
22: 10:6071050:d=2021122106:TMP:100 m above ground:5 hour fcst:
22: 11:6653358:d=2021122106:UGRD:100 m above ground:5 hour fcst:
22: 12:7289816:d=2021122106:VGRD:100 m above ground:5 hour fcst:
22: 13:7928913:d=2021122106:TMP:1829 m above mean sea level:5 hour fcst:
22: 14:8589081:d=2021122106:UGRD:1829 m above mean sea level:5 hour fcst:
22: 15:9314761:d=2021122106:VGRD:1829 m above mean sea level:5 hour fcst:
22: 16:10061877:d=2021122106:TMP:2743 m above mean sea level:5 hour fcst:
22: 17:10700170:d=2021122106:UGRD:2743 m above mean sea level:5 hour fcst:
22: 18:11425385:d=2021122106:VGRD:2743 m above mean sea level:5 hour fcst:
22: 19:12178187:d=2021122106:TMP:3658 m above mean sea level:5 hour fcst:
22: 20:12809843:d=2021122106:UGRD:3658 m above mean sea level:5 hour fcst:
22: 21:13545064:d=2021122106:VGRD:3658 m above mean sea level:5 hour fcst:
22: 22:14303720:d=2021122106:HGT:0C isotherm:5 hour fcst:
22: 23:15011072:d=2021122106:RH:0C isotherm:5 hour fcst:
22: 24:15551862:d=2021122106:HGT:highest tropospheric freezing level:5 hour fcst:
22: 25:16265969:d=2021122106:RH:highest tropospheric freezing level:5 hour fcst:
22: 26:16807747:d=2021122106:TMP:30-0 mb above ground:5 hour fcst:
22: 27:17389364:d=2021122106:RH:30-0 mb above ground:5 hour fcst:
22: 28:17871421:d=2021122106:SPFH:30-0 mb above ground:5 hour fcst:
22: 29:18858613:d=2021122106:UGRD:30-0 mb above ground:5 hour fcst:
22: 30:19492055:d=2021122106:VGRD:30-0 mb above ground:5 hour fcst:
22: 31:20128329:d=2021122106:4LFTX:surface:5 hour fcst:
22: + product_functions.sh[10]rc=0
22: + product_functions.sh[11]((  rc == 0  ))
22: + product_functions.sh[11]mv pgb2file_f005_23_0p25.new pgb2file_f005_23_0p25
22: + product_functions.sh[12]return 0
22: + interp_atmos_master.sh[56]export err=0
22: + interp_atmos_master.sh[56]err=0
22: + interp_atmos_master.sh[57][[ 0 -ne 0 ]]
22: ++ interp_atmos_master.sh[62]wc -l
22: ++ interp_atmos_master.sh[62]wgrib2 pgb2file_f005_23_0p25 -match 'LAND|ICEC'
22: + interp_atmos_master.sh[62]var_count=0
22: + interp_atmos_master.sh[63][[ 0 -eq 2 ]]
22: + interp_atmos_master.sh[54]for grid in "${grids[@]}"
22: + interp_atmos_master.sh[55]trim_rh pgb2file_f005_23_0p50
22: + product_functions.sh[5]local filename=pgb2file_f005_23_0p50
22: + product_functions.sh[6]wgrib2 pgb2file_f005_23_0p50 -not_if :RH: -grib pgb2file_f005_23_0p50.new -if :RH: -rpn '10:*:0.5:+:floor:1000:min:10:/' -set_grib_type same -set_scaling -1 0 -grib_out pgb2file_f005_23_0p50.new
22: 1:0:d=2021122106:UGRD:40 m above ground:5 hour fcst:
22: 2:202557:d=2021122106:VGRD:40 m above ground:5 hour fcst:
22: 3:405914:d=2021122106:UGRD:50 m above ground:5 hour fcst:
22: 4:609388:d=2021122106:VGRD:50 m above ground:5 hour fcst:
22: 5:813935:d=2021122106:TMP:80 m above ground:5 hour fcst:
22: 6:1004116:d=2021122106:SPFH:80 m above ground:5 hour fcst:
22: 7:1300428:d=2021122106:PRES:80 m above ground:5 hour fcst:
22: 8:1529516:d=2021122106:UGRD:80 m above ground:5 hour fcst:
22: 9:1734417:d=2021122106:VGRD:80 m above ground:5 hour fcst:
22: 10:1940725:d=2021122106:TMP:100 m above ground:5 hour fcst:
22: 11:2130814:d=2021122106:UGRD:100 m above ground:5 hour fcst:
22: 12:2336149:d=2021122106:VGRD:100 m above ground:5 hour fcst:
22: 13:2543224:d=2021122106:TMP:1829 m above mean sea level:5 hour fcst:
22: 14:2749651:d=2021122106:UGRD:1829 m above mean sea level:5 hour fcst:
22: 15:2973924:d=2021122106:VGRD:1829 m above mean sea level:5 hour fcst:
22: 16:3203556:d=2021122106:TMP:2743 m above mean sea level:5 hour fcst:
22: 17:3403940:d=2021122106:UGRD:2743 m above mean sea level:5 hour fcst:
22: 18:3629985:d=2021122106:VGRD:2743 m above mean sea level:5 hour fcst:
22: 19:3861758:d=2021122106:TMP:3658 m above mean sea level:5 hour fcst:
22: 20:4060302:d=2021122106:UGRD:3658 m above mean sea level:5 hour fcst:
22: 21:4288170:d=2021122106:VGRD:3658 m above mean sea level:5 hour fcst:
22: 22:4522077:d=2021122106:HGT:0C isotherm:5 hour fcst:
22: 23:4738561:d=2021122106:RH:0C isotherm:5 hour fcst:
22: 24:4917638:d=2021122106:HGT:highest tropospheric freezing level:5 hour fcst:
22: 25:5136006:d=2021122106:RH:highest tropospheric freezing level:5 hour fcst:
22: 26:5314367:d=2021122106:TMP:30-0 mb above ground:5 hour fcst:
22: 27:5504302:d=2021122106:RH:30-0 mb above ground:5 hour fcst:
22: 28:5667721:d=2021122106:SPFH:30-0 mb above ground:5 hour fcst:
22: 29:5964906:d=2021122106:UGRD:30-0 mb above ground:5 hour fcst:
22: 30:6169651:d=2021122106:VGRD:30-0 mb above ground:5 hour fcst:
22: 31:6376123:d=2021122106:4LFTX:surface:5 hour fcst:
22: + product_functions.sh[10]rc=0
22: + product_functions.sh[11]((  rc == 0  ))
22: + product_functions.sh[11]mv pgb2file_f005_23_0p50.new pgb2file_f005_23_0p50
22: + product_functions.sh[12]return 0
22: + interp_atmos_master.sh[56]export err=0
22: + interp_atmos_master.sh[56]err=0
22: + interp_atmos_master.sh[57][[ 0 -ne 0 ]]
22: ++ interp_atmos_master.sh[62]wc -l
22: ++ interp_atmos_master.sh[62]wgrib2 pgb2file_f005_23_0p50 -match 'LAND|ICEC'
22: + interp_atmos_master.sh[62]var_count=0
22: + interp_atmos_master.sh[63][[ 0 -eq 2 ]]
22: + interp_atmos_master.sh[54]for grid in "${grids[@]}"
22: + interp_atmos_master.sh[55]trim_rh pgb2file_f005_23_1p00
22: + product_functions.sh[5]local filename=pgb2file_f005_23_1p00
22: + product_functions.sh[6]wgrib2 pgb2file_f005_23_1p00 -not_if :RH: -grib pgb2file_f005_23_1p00.new -if :RH: -rpn '10:*:0.5:+:floor:1000:min:10:/' -set_grib_type same -set_scaling -1 0 -grib_out pgb2file_f005_23_1p00.new
22: 1:0:d=2021122106:UGRD:40 m above ground:5 hour fcst:
22: 2:64013:d=2021122106:VGRD:40 m above ground:5 hour fcst:
22: 3:128860:d=2021122106:UGRD:50 m above ground:5 hour fcst:
22: 4:193089:d=2021122106:VGRD:50 m above ground:5 hour fcst:
22: 5:258225:d=2021122106:TMP:80 m above ground:5 hour fcst:
22: 6:319039:d=2021122106:SPFH:80 m above ground:5 hour fcst:
22: 7:406700:d=2021122106:PRES:80 m above ground:5 hour fcst:
22: 8:479188:d=2021122106:UGRD:80 m above ground:5 hour fcst:
22: 9:543753:d=2021122106:VGRD:80 m above ground:5 hour fcst:
22: 10:609416:d=2021122106:TMP:100 m above ground:5 hour fcst:
22: 11:670119:d=2021122106:UGRD:100 m above ground:5 hour fcst:
22: 12:734698:d=2021122106:VGRD:100 m above ground:5 hour fcst:
22: 13:800523:d=2021122106:TMP:1829 m above mean sea level:5 hour fcst:
22: 14:864175:d=2021122106:UGRD:1829 m above mean sea level:5 hour fcst:
22: 15:932453:d=2021122106:VGRD:1829 m above mean sea level:5 hour fcst:
22: 16:1002828:d=2021122106:TMP:2743 m above mean sea level:5 hour fcst:
22: 17:1064883:d=2021122106:UGRD:2743 m above mean sea level:5 hour fcst:
22: 18:1134142:d=2021122106:VGRD:2743 m above mean sea level:5 hour fcst:
22: 19:1205197:d=2021122106:TMP:3658 m above mean sea level:5 hour fcst:
22: 20:1266802:d=2021122106:UGRD:3658 m above mean sea level:5 hour fcst:
22: 21:1337193:d=2021122106:VGRD:3658 m above mean sea level:5 hour fcst:
22: 22:1409124:d=2021122106:HGT:0C isotherm:5 hour fcst:
22: 23:1474024:d=2021122106:RH:0C isotherm:5 hour fcst:
22: 24:1531612:d=2021122106:HGT:highest tropospheric freezing level:5 hour fcst:
22: 25:1597299:d=2021122106:RH:highest tropospheric freezing level:5 hour fcst:
22: 26:1654902:d=2021122106:TMP:30-0 mb above ground:5 hour fcst:
22: 27:1715609:d=2021122106:RH:30-0 mb above ground:5 hour fcst:
22: 28:1768645:d=2021122106:SPFH:30-0 mb above ground:5 hour fcst:
22: 29:1856480:d=2021122106:UGRD:30-0 mb above ground:5 hour fcst:
22: 30:1920858:d=2021122106:VGRD:30-0 mb above ground:5 hour fcst:
22: 31:1986537:d=2021122106:4LFTX:surface:5 hour fcst:
22: + product_functions.sh[10]rc=0
22: + product_functions.sh[11]((  rc == 0  ))
22: + product_functions.sh[11]mv pgb2file_f005_23_1p00.new pgb2file_f005_23_1p00
22: + product_functions.sh[12]return 0
22: + interp_atmos_master.sh[56]export err=0
22: + interp_atmos_master.sh[56]err=0
22: + interp_atmos_master.sh[57][[ 0 -ne 0 ]]
22: ++ interp_atmos_master.sh[62]wc -l
22: ++ interp_atmos_master.sh[62]wgrib2 pgb2file_f005_23_1p00 -match 'LAND|ICEC'
22: + interp_atmos_master.sh[62]var_count=0
22: + interp_atmos_master.sh[63][[ 0 -eq 2 ]]
22: + interp_atmos_master.sh[73]exit 0
11: + bash[8]'[' -z '' ']'
11: + bash[9]case "$-" in
11: + bash[12]__lmod_vx=x
11: + bash[16]'[' -n x ']'
11: + bash[16]set +x
11: Shell debugging temporarily silenced: export LMOD_SH_DBG_ON=1 for this output (/apps/other/lmod/lmod/init/bash)
11: Shell debugging restarted
11: + bash[224]unset __lmod_vx
11: + interp_atmos_master.sh[7]input_file=tmpfile_f005_12
11: + interp_atmos_master.sh[8]output_file_prefix=pgb2file_f005_12
11: + interp_atmos_master.sh[9]grid_string=0p25:0p50:1p00
11: + interp_atmos_master.sh[12]defaults='-set_grib_type same -set_bitmap 1 -set_grib_max_bits 16'
11: + interp_atmos_master.sh[13]interp_winds='-new_grid_winds earth'
11: + interp_atmos_master.sh[14]interp_bilinear='-new_grid_interpolation bilinear'
11: + interp_atmos_master.sh[15]interp_neighbor='-if :(CSNOW|CRAIN|CFRZR|CICEP|ICSEV): -new_grid_interpolation neighbor -fi'
11: + interp_atmos_master.sh[16]interp_budget='-if :(APCP|ACPCP|PRATE|CPRAT|DZDT): -new_grid_interpolation budget -fi'
11: + interp_atmos_master.sh[17]increased_bits='-if :(APCP|ACPCP|PRATE|CPRAT): -set_grib_max_bits 25 -fi'
11: + interp_atmos_master.sh[21]grid0p25='latlon 0:1440:0.25 90:721:-0.25'
11: + interp_atmos_master.sh[23]grid0p50='latlon 0:720:0.5 90:361:-0.5'
11: + interp_atmos_master.sh[25]grid1p00='latlon 0:360:1.0 90:181:-1.0'
11: + interp_atmos_master.sh[28]source /work2/noaa/global/mterry/global-workflow_forked/ush/product_functions.sh
11: + interp_atmos_master.sh[31]IFS=:
11: + interp_atmos_master.sh[31]read -ra grids
11: + interp_atmos_master.sh[33]output_grids=
11: + interp_atmos_master.sh[34]for grid in "${grids[@]}"
11: + interp_atmos_master.sh[35]gridopt=grid0p25
11: + interp_atmos_master.sh[36]output_grids=' -new_grid latlon 0:1440:0.25 90:721:-0.25 pgb2file_f005_12_0p25'
11: + interp_atmos_master.sh[34]for grid in "${grids[@]}"
11: + interp_atmos_master.sh[35]gridopt=grid0p50
11: + interp_atmos_master.sh[36]output_grids=' -new_grid latlon 0:1440:0.25 90:721:-0.25 pgb2file_f005_12_0p25 -new_grid latlon 0:720:0.5 90:361:-0.5 pgb2file_f005_12_0p50'
11: + interp_atmos_master.sh[34]for grid in "${grids[@]}"
11: + interp_atmos_master.sh[35]gridopt=grid1p00
11: + interp_atmos_master.sh[36]output_grids=' -new_grid latlon 0:1440:0.25 90:721:-0.25 pgb2file_f005_12_0p25 -new_grid latlon 0:720:0.5 90:361:-0.5 pgb2file_f005_12_0p50 -new_grid latlon 0:360:1.0 90:181:-1.0 pgb2file_f005_12_1p00'
11: + interp_atmos_master.sh[40]wgrib2 tmpfile_f005_12 -set_grib_type same -set_bitmap 1 -set_grib_max_bits 16 -new_grid_winds earth -new_grid_interpolation bilinear -if ':(CSNOW|CRAIN|CFRZR|CICEP|ICSEV):' -new_grid_interpolation neighbor -fi -if ':(APCP|ACPCP|PRATE|CPRAT|DZDT):' -new_grid_interpolation budget -fi -if ':(APCP|ACPCP|PRATE|CPRAT):' -set_grib_max_bits 25 -fi -new_grid latlon 0:1440:0.25 90:721:-0.25 pgb2file_f005_12_0p25 -new_grid latlon 0:720:0.5 90:361:-0.5 pgb2file_f005_12_0p50 -new_grid latlon 0:360:1.0 90:181:-1.0 pgb2file_f005_12_1p00
11: 1:0:d=2021122106:CLMR:450 mb:5 hour fcst:
11: 2:3874:d=2021122106:ICMR:450 mb:5 hour fcst:
11: 3:47253:d=2021122106:RWMR:450 mb:5 hour fcst:
11: 4:49154:d=2021122106:SNMR:450 mb:5 hour fcst:
11: 5:83524:d=2021122106:GRLE:450 mb:5 hour fcst:
11: 6:86645:d=2021122106:O3MR:450 mb:5 hour fcst:
11: 7:174031:d=2021122106:HGT:500 mb:5 hour fcst:
11: 8:255815:d=2021122106:TMP:500 mb:5 hour fcst:
11: 9:320336:d=2021122106:RH:500 mb:5 hour fcst:
11: 10:390546:d=2021122106:TCDC:500 mb:5 hour fcst:
11: 11:423782:d=2021122106:SPFH:500 mb:5 hour fcst:
11: 12:529692:d=2021122106:VVEL:500 mb:5 hour fcst:
11: 13:629277:d=2021122106:DZDT:500 mb:5 hour fcst:
11: 14:739615:d=2021122106:UGRD:500 mb:5 hour fcst:
11: 15:816751:d=2021122106:VGRD:500 mb:5 hour fcst:
11: 16:865142:d=2021122106:ABSV:500 mb:5 hour fcst:
11: 17:949528:d=2021122106:CLMR:500 mb:5 hour fcst:
11: 18:956465:d=2021122106:ICMR:500 mb:5 hour fcst:
11: 19:1001208:d=2021122106:RWMR:500 mb:5 hour fcst:
11: 20:1004623:d=2021122106:SNMR:500 mb:5 hour fcst:
11: 21:1039801:d=2021122106:GRLE:500 mb:5 hour fcst:
11: 22:1043137:d=2021122106:O3MR:500 mb:5 hour fcst:
11: 23:1129028:d=2021122106:HGT:550 mb:5 hour fcst:
11: 24:1210349:d=2021122106:TMP:550 mb:5 hour fcst:
11: 25:1275938:d=2021122106:RH:550 mb:5 hour fcst:
11: 26:1346729:d=2021122106:TCDC:550 mb:5 hour fcst:
11: 27:1379601:d=2021122106:SPFH:550 mb:5 hour fcst:
11: 28:1490096:d=2021122106:VVEL:550 mb:5 hour fcst:
11: 29:1590475:d=2021122106:DZDT:550 mb:5 hour fcst:
11: 30:1699940:d=2021122106:UGRD:550 mb:5 hour fcst:
11: 31:1775599:d=2021122106:VGRD:550 mb:5 hour fcst:
11: + interp_atmos_master.sh[47]export err=0
11: + interp_atmos_master.sh[47]err=0
11: + interp_atmos_master.sh[48][[ 0 -ne 0 ]]
11: + interp_atmos_master.sh[54]for grid in "${grids[@]}"
11: + interp_atmos_master.sh[55]trim_rh pgb2file_f005_12_0p25
11: + product_functions.sh[5]local filename=pgb2file_f005_12_0p25
11: + product_functions.sh[6]wgrib2 pgb2file_f005_12_0p25 -not_if :RH: -grib pgb2file_f005_12_0p25.new -if :RH: -rpn '10:*:0.5:+:floor:1000:min:10:/' -set_grib_type same -set_scaling -1 0 -grib_out pgb2file_f005_12_0p25.new
11: 1:0:d=2021122106:CLMR:450 mb:5 hour fcst:
11: 2:30485:d=2021122106:ICMR:450 mb:5 hour fcst:
11: 3:369168:d=2021122106:RWMR:450 mb:5 hour fcst:
11: 4:382304:d=2021122106:SNMR:450 mb:5 hour fcst:
11: 5:626898:d=2021122106:GRLE:450 mb:5 hour fcst:
11: 6:645156:d=2021122106:O3MR:450 mb:5 hour fcst:
11: 7:1387207:d=2021122106:HGT:500 mb:5 hour fcst:
11: 8:2049851:d=2021122106:TMP:500 mb:5 hour fcst:
11: 9:2536091:d=2021122106:RH:500 mb:5 hour fcst:
11: 10:3077362:d=2021122106:TCDC:500 mb:5 hour fcst:
11: 11:3318456:d=2021122106:SPFH:500 mb:5 hour fcst:
11: 12:4285983:d=2021122106:VVEL:500 mb:5 hour fcst:
11: 13:5202971:d=2021122106:DZDT:500 mb:5 hour fcst:
11: 14:6217688:d=2021122106:UGRD:500 mb:5 hour fcst:
11: 15:6550825:d=2021122106:VGRD:500 mb:5 hour fcst:
11: 16:6898102:d=2021122106:ABSV:500 mb:5 hour fcst:
11: 17:7607689:d=2021122106:CLMR:500 mb:5 hour fcst:
11: 18:7665812:d=2021122106:ICMR:500 mb:5 hour fcst:
11: 19:8026078:d=2021122106:RWMR:500 mb:5 hour fcst:
11: 20:8049410:d=2021122106:SNMR:500 mb:5 hour fcst:
11: 21:8306487:d=2021122106:GRLE:500 mb:5 hour fcst:
11: 22:8328014:d=2021122106:O3MR:500 mb:5 hour fcst:
11: 23:9051785:d=2021122106:HGT:550 mb:5 hour fcst:
11: 24:9713750:d=2021122106:TMP:550 mb:5 hour fcst:
11: 25:10208320:d=2021122106:RH:550 mb:5 hour fcst:
11: 26:10754884:d=2021122106:TCDC:550 mb:5 hour fcst:
11: 27:10996583:d=2021122106:SPFH:550 mb:5 hour fcst:
11: 28:12014657:d=2021122106:VVEL:550 mb:5 hour fcst:
11: 29:12933134:d=2021122106:DZDT:550 mb:5 hour fcst:
11: 30:13936688:d=2021122106:UGRD:550 mb:5 hour fcst:
11: 31:14556208:d=2021122106:VGRD:550 mb:5 hour fcst:
11: + product_functions.sh[10]rc=0
11: + product_functions.sh[11]((  rc == 0  ))
11: + product_functions.sh[11]mv pgb2file_f005_12_0p25.new pgb2file_f005_12_0p25
11: + product_functions.sh[12]return 0
11: + interp_atmos_master.sh[56]export err=0
11: + interp_atmos_master.sh[56]err=0
11: + interp_atmos_master.sh[57][[ 0 -ne 0 ]]
11: ++ interp_atmos_master.sh[62]wc -l
11: ++ interp_atmos_master.sh[62]wgrib2 pgb2file_f005_12_0p25 -match 'LAND|ICEC'
11: + interp_atmos_master.sh[62]var_count=0
11: + interp_atmos_master.sh[63][[ 0 -eq 2 ]]
11: + interp_atmos_master.sh[54]for grid in "${grids[@]}"
11: + interp_atmos_master.sh[55]trim_rh pgb2file_f005_12_0p50
11: + product_functions.sh[5]local filename=pgb2file_f005_12_0p50
11: + product_functions.sh[6]wgrib2 pgb2file_f005_12_0p50 -not_if :RH: -grib pgb2file_f005_12_0p50.new -if :RH: -rpn '10:*:0.5:+:floor:1000:min:10:/' -set_grib_type same -set_scaling -1 0 -grib_out pgb2file_f005_12_0p50.new
11: 1:0:d=2021122106:CLMR:450 mb:5 hour fcst:
11: 2:10926:d=2021122106:ICMR:450 mb:5 hour fcst:
11: 3:124396:d=2021122106:RWMR:450 mb:5 hour fcst:
11: 4:129427:d=2021122106:SNMR:450 mb:5 hour fcst:
11: 5:214747:d=2021122106:GRLE:450 mb:5 hour fcst:
11: 6:222109:d=2021122106:O3MR:450 mb:5 hour fcst:
11: 7:457394:d=2021122106:HGT:500 mb:5 hour fcst:
11: 8:670630:d=2021122106:TMP:500 mb:5 hour fcst:
11: 9:832768:d=2021122106:RH:500 mb:5 hour fcst:
11: 10:1012618:d=2021122106:TCDC:500 mb:5 hour fcst:
11: 11:1098859:d=2021122106:SPFH:500 mb:5 hour fcst:
11: 12:1392320:d=2021122106:VVEL:500 mb:5 hour fcst:
11: 13:1671143:d=2021122106:DZDT:500 mb:5 hour fcst:
11: 14:1973456:d=2021122106:UGRD:500 mb:5 hour fcst:
11: 15:2084082:d=2021122106:VGRD:500 mb:5 hour fcst:
11: 16:2199847:d=2021122106:ABSV:500 mb:5 hour fcst:
11: 17:2424668:d=2021122106:CLMR:500 mb:5 hour fcst:
11: 18:2444707:d=2021122106:ICMR:500 mb:5 hour fcst:
11: 19:2563716:d=2021122106:RWMR:500 mb:5 hour fcst:
11: 20:2572526:d=2021122106:SNMR:500 mb:5 hour fcst:
11: 21:2661905:d=2021122106:GRLE:500 mb:5 hour fcst:
11: 22:2670053:d=2021122106:O3MR:500 mb:5 hour fcst:
11: 23:2899019:d=2021122106:HGT:550 mb:5 hour fcst:
11: 24:3110681:d=2021122106:TMP:550 mb:5 hour fcst:
11: 25:3275237:d=2021122106:RH:550 mb:5 hour fcst:
11: 26:3456696:d=2021122106:TCDC:550 mb:5 hour fcst:
11: 27:3542821:d=2021122106:SPFH:550 mb:5 hour fcst:
11: 28:3849604:d=2021122106:VVEL:550 mb:5 hour fcst:
11: 29:4128716:d=2021122106:DZDT:550 mb:5 hour fcst:
11: 30:4428809:d=2021122106:UGRD:550 mb:5 hour fcst:
11: 31:4629120:d=2021122106:VGRD:550 mb:5 hour fcst:
11: + product_functions.sh[10]rc=0
11: + product_functions.sh[11]((  rc == 0  ))
11: + product_functions.sh[11]mv pgb2file_f005_12_0p50.new pgb2file_f005_12_0p50
11: + product_functions.sh[12]return 0
11: + interp_atmos_master.sh[56]export err=0
11: + interp_atmos_master.sh[56]err=0
11: + interp_atmos_master.sh[57][[ 0 -ne 0 ]]
11: ++ interp_atmos_master.sh[62]wc -l
11: ++ interp_atmos_master.sh[62]wgrib2 pgb2file_f005_12_0p50 -match 'LAND|ICEC'
11: + interp_atmos_master.sh[62]var_count=0
11: + interp_atmos_master.sh[63][[ 0 -eq 2 ]]
11: + interp_atmos_master.sh[54]for grid in "${grids[@]}"
11: + interp_atmos_master.sh[55]trim_rh pgb2file_f005_12_1p00
11: + product_functions.sh[5]local filename=pgb2file_f005_12_1p00
11: + product_functions.sh[6]wgrib2 pgb2file_f005_12_1p00 -not_if :RH: -grib pgb2file_f005_12_1p00.new -if :RH: -rpn '10:*:0.5:+:floor:1000:min:10:/' -set_grib_type same -set_scaling -1 0 -grib_out pgb2file_f005_12_1p00.new
11: 1:0:d=2021122106:CLMR:450 mb:5 hour fcst:
11: 2:4049:d=2021122106:ICMR:450 mb:5 hour fcst:
11: 3:43221:d=2021122106:RWMR:450 mb:5 hour fcst:
11: 4:45269:d=2021122106:SNMR:450 mb:5 hour fcst:
11: 5:76046:d=2021122106:GRLE:450 mb:5 hour fcst:
11: 6:79122:d=2021122106:O3MR:450 mb:5 hour fcst:
11: 7:151866:d=2021122106:HGT:500 mb:5 hour fcst:
11: 8:218855:d=2021122106:TMP:500 mb:5 hour fcst:
11: 9:271688:d=2021122106:RH:500 mb:5 hour fcst:
11: 10:330361:d=2021122106:TCDC:500 mb:5 hour fcst:
11: 11:361001:d=2021122106:SPFH:500 mb:5 hour fcst:
11: 12:448487:d=2021122106:VVEL:500 mb:5 hour fcst:
11: 13:531770:d=2021122106:DZDT:500 mb:5 hour fcst:
11: 14:621468:d=2021122106:UGRD:500 mb:5 hour fcst:
11: 15:660035:d=2021122106:VGRD:500 mb:5 hour fcst:
11: 16:700804:d=2021122106:ABSV:500 mb:5 hour fcst:
11: 17:771265:d=2021122106:CLMR:500 mb:5 hour fcst:
11: 18:778584:d=2021122106:ICMR:500 mb:5 hour fcst:
11: 19:818872:d=2021122106:RWMR:500 mb:5 hour fcst:
11: 20:822282:d=2021122106:SNMR:500 mb:5 hour fcst:
11: 21:854014:d=2021122106:GRLE:500 mb:5 hour fcst:
11: 22:857431:d=2021122106:O3MR:500 mb:5 hour fcst:
11: 23:928964:d=2021122106:HGT:550 mb:5 hour fcst:
11: 24:995509:d=2021122106:TMP:550 mb:5 hour fcst:
11: 25:1048955:d=2021122106:RH:550 mb:5 hour fcst:
11: 26:1108138:d=2021122106:TCDC:550 mb:5 hour fcst:
11: 27:1138771:d=2021122106:SPFH:550 mb:5 hour fcst:
11: 28:1230568:d=2021122106:VVEL:550 mb:5 hour fcst:
11: 29:1314226:d=2021122106:DZDT:550 mb:5 hour fcst:
11: 30:1402902:d=2021122106:UGRD:550 mb:5 hour fcst:
11: 31:1466124:d=2021122106:VGRD:550 mb:5 hour fcst:
11: + product_functions.sh[10]rc=0
11: + product_functions.sh[11]((  rc == 0  ))
11: + product_functions.sh[11]mv pgb2file_f005_12_1p00.new pgb2file_f005_12_1p00
11: + product_functions.sh[12]return 0
11: + interp_atmos_master.sh[56]export err=0
11: + interp_atmos_master.sh[56]err=0
11: + interp_atmos_master.sh[57][[ 0 -ne 0 ]]
11: ++ interp_atmos_master.sh[62]wc -l
11: ++ interp_atmos_master.sh[62]wgrib2 pgb2file_f005_12_1p00 -match 'LAND|ICEC'
11: + interp_atmos_master.sh[62]var_count=0
11: + interp_atmos_master.sh[63][[ 0 -eq 2 ]]
11: + interp_atmos_master.sh[73]exit 0
23: + bash[8]'[' -z '' ']'
23: + bash[9]case "$-" in
23: + bash[12]__lmod_vx=x
23: + bash[16]'[' -n x ']'
23: + bash[16]set +x
23: Shell debugging temporarily silenced: export LMOD_SH_DBG_ON=1 for this output (/apps/other/lmod/lmod/init/bash)
23: Shell debugging restarted
23: + bash[224]unset __lmod_vx
23: + interp_atmos_master.sh[7]input_file=tmpfile_f005_24
23: + interp_atmos_master.sh[8]output_file_prefix=pgb2file_f005_24
23: + interp_atmos_master.sh[9]grid_string=0p25:0p50:1p00
23: + interp_atmos_master.sh[12]defaults='-set_grib_type same -set_bitmap 1 -set_grib_max_bits 16'
23: + interp_atmos_master.sh[13]interp_winds='-new_grid_winds earth'
23: + interp_atmos_master.sh[14]interp_bilinear='-new_grid_interpolation bilinear'
23: + interp_atmos_master.sh[15]interp_neighbor='-if :(CSNOW|CRAIN|CFRZR|CICEP|ICSEV): -new_grid_interpolation neighbor -fi'
23: + interp_atmos_master.sh[16]interp_budget='-if :(APCP|ACPCP|PRATE|CPRAT|DZDT): -new_grid_interpolation budget -fi'
23: + interp_atmos_master.sh[17]increased_bits='-if :(APCP|ACPCP|PRATE|CPRAT): -set_grib_max_bits 25 -fi'
23: + interp_atmos_master.sh[21]grid0p25='latlon 0:1440:0.25 90:721:-0.25'
23: + interp_atmos_master.sh[23]grid0p50='latlon 0:720:0.5 90:361:-0.5'
23: + interp_atmos_master.sh[25]grid1p00='latlon 0:360:1.0 90:181:-1.0'
23: + interp_atmos_master.sh[28]source /work2/noaa/global/mterry/global-workflow_forked/ush/product_functions.sh
23: + interp_atmos_master.sh[31]IFS=:
23: + interp_atmos_master.sh[31]read -ra grids
23: + interp_atmos_master.sh[33]output_grids=
23: + interp_atmos_master.sh[34]for grid in "${grids[@]}"
23: + interp_atmos_master.sh[35]gridopt=grid0p25
23: + interp_atmos_master.sh[36]output_grids=' -new_grid latlon 0:1440:0.25 90:721:-0.25 pgb2file_f005_24_0p25'
23: + interp_atmos_master.sh[34]for grid in "${grids[@]}"
23: + interp_atmos_master.sh[35]gridopt=grid0p50
23: + interp_atmos_master.sh[36]output_grids=' -new_grid latlon 0:1440:0.25 90:721:-0.25 pgb2file_f005_24_0p25 -new_grid latlon 0:720:0.5 90:361:-0.5 pgb2file_f005_24_0p50'
23: + interp_atmos_master.sh[34]for grid in "${grids[@]}"
23: + interp_atmos_master.sh[35]gridopt=grid1p00
23: + interp_atmos_master.sh[36]output_grids=' -new_grid latlon 0:1440:0.25 90:721:-0.25 pgb2file_f005_24_0p25 -new_grid latlon 0:720:0.5 90:361:-0.5 pgb2file_f005_24_0p50 -new_grid latlon 0:360:1.0 90:181:-1.0 pgb2file_f005_24_1p00'
23: + interp_atmos_master.sh[40]wgrib2 tmpfile_f005_24 -set_grib_type same -set_bitmap 1 -set_grib_max_bits 16 -new_grid_winds earth -new_grid_interpolation bilinear -if ':(CSNOW|CRAIN|CFRZR|CICEP|ICSEV):' -new_grid_interpolation neighbor -fi -if ':(APCP|ACPCP|PRATE|CPRAT|DZDT):' -new_grid_interpolation budget -fi -if ':(APCP|ACPCP|PRATE|CPRAT):' -set_grib_max_bits 25 -fi -new_grid latlon 0:1440:0.25 90:721:-0.25 pgb2file_f005_24_0p25 -new_grid latlon 0:720:0.5 90:361:-0.5 pgb2file_f005_24_0p50 -new_grid latlon 0:360:1.0 90:181:-1.0 pgb2file_f005_24_1p00
23: 1:0:d=2021122106:CAPE:180-0 mb above ground:5 hour fcst:
23: 2:43433:d=2021122106:CIN:180-0 mb above ground:5 hour fcst:
23: 3:72957:d=2021122106:HPBL:surface:5 hour fcst:
23: 4:189779:d=2021122106:RH:0.33-1 sigma layer:5 hour fcst:
23: 5:254499:d=2021122106:RH:0.44-1 sigma layer:5 hour fcst:
23: 6:318261:d=2021122106:RH:0.72-0.94 sigma layer:5 hour fcst:
23: 7:385228:d=2021122106:RH:0.44-0.72 sigma layer:5 hour fcst:
23: 8:452296:d=2021122106:TMP:0.995 sigma level:5 hour fcst:
23: 9:526773:d=2021122106:POT:0.995 sigma level:5 hour fcst:
23: 10:601121:d=2021122106:RH:0.995 sigma level:5 hour fcst:
23: 11:665878:d=2021122106:UGRD:0.995 sigma level:5 hour fcst:
23: 12:743561:d=2021122106:VGRD:0.995 sigma level:5 hour fcst:
23: 13:821307:d=2021122106:VVEL:0.995 sigma level:5 hour fcst:
23: 14:903076:d=2021122106:CAPE:90-0 mb above ground:5 hour fcst:
23: 15:943531:d=2021122106:CIN:90-0 mb above ground:5 hour fcst:
23: 16:991503:d=2021122106:CAPE:255-0 mb above ground:5 hour fcst:
23: 17:1033483:d=2021122106:CIN:255-0 mb above ground:5 hour fcst:
23: 18:1072281:d=2021122106:PLPL:255-0 mb above ground:5 hour fcst:
23: 19:1154455:d=2021122106:LAND:surface:5 hour fcst:
23: 20:1158790:d=2021122106:ICEC:surface:5 hour fcst:
23: 21:1170672:d=2021122106:ALBDO:surface:0-5 hour ave fcst:
23: 22:1231326:d=2021122106:ICETMP:surface:5 hour fcst:
23: 23:1257922:d=2021122106:UGRD:PV=2e-06 (Km^2/kg/s) surface:5 hour fcst:
23: 24:1300230:d=2021122106:VGRD:PV=2e-06 (Km^2/kg/s) surface:5 hour fcst:
23: 25:1341732:d=2021122106:TMP:PV=2e-06 (Km^2/kg/s) surface:5 hour fcst:
23: 26:1398473:d=2021122106:HGT:PV=2e-06 (Km^2/kg/s) surface:5 hour fcst:
23: 27:1467954:d=2021122106:PRES:PV=2e-06 (Km^2/kg/s) surface:5 hour fcst:
23: 28:1536006:d=2021122106:VWSH:PV=2e-06 (Km^2/kg/s) surface:5 hour fcst:
23: 29:1585397:d=2021122106:UGRD:PV=-2e-06 (Km^2/kg/s) surface:5 hour fcst:
23: 30:1628701:d=2021122106:VGRD:PV=-2e-06 (Km^2/kg/s) surface:5 hour fcst:
23: 31:1671021:d=2021122106:TMP:PV=-2e-06 (Km^2/kg/s) surface:5 hour fcst:
23: 32:1729444:d=2021122106:HGT:PV=-2e-06 (Km^2/kg/s) surface:5 hour fcst:
23: 33:1799964:d=2021122106:PRES:PV=-2e-06 (Km^2/kg/s) surface:5 hour fcst:
23: 34:1868752:d=2021122106:VWSH:PV=-2e-06 (Km^2/kg/s) surface:5 hour fcst:
23: + interp_atmos_master.sh[47]export err=0
23: + interp_atmos_master.sh[47]err=0
23: + interp_atmos_master.sh[48][[ 0 -ne 0 ]]
23: + interp_atmos_master.sh[54]for grid in "${grids[@]}"
23: + interp_atmos_master.sh[55]trim_rh pgb2file_f005_24_0p25
23: + product_functions.sh[5]local filename=pgb2file_f005_24_0p25
23: + product_functions.sh[6]wgrib2 pgb2file_f005_24_0p25 -not_if :RH: -grib pgb2file_f005_24_0p25.new -if :RH: -rpn '10:*:0.5:+:floor:1000:min:10:/' -set_grib_type same -set_scaling -1 0 -grib_out pgb2file_f005_24_0p25.new
23: 1:0:d=2021122106:CAPE:180-0 mb above ground:5 hour fcst:
23: 2:325507:d=2021122106:CIN:180-0 mb above ground:5 hour fcst:
23: 3:514308:d=2021122106:HPBL:surface:5 hour fcst:
23: 4:1613022:d=2021122106:RH:0.33-1 sigma layer:5 hour fcst:
23: 5:2098094:d=2021122106:RH:0.44-1 sigma layer:5 hour fcst:
23: 6:2573510:d=2021122106:RH:0.72-0.94 sigma layer:5 hour fcst:
23: 7:3085736:d=2021122106:RH:0.44-0.72 sigma layer:5 hour fcst:
23: 8:3594386:d=2021122106:TMP:0.995 sigma level:5 hour fcst:
23: 9:4180089:d=2021122106:POT:0.995 sigma level:5 hour fcst:
23: 10:4765571:d=2021122106:RH:0.995 sigma level:5 hour fcst:
23: 11:5249435:d=2021122106:UGRD:0.995 sigma level:5 hour fcst:
23: 12:5884053:d=2021122106:VGRD:0.995 sigma level:5 hour fcst:
23: 13:6516019:d=2021122106:VVEL:0.995 sigma level:5 hour fcst:
23: 14:7185249:d=2021122106:CAPE:90-0 mb above ground:5 hour fcst:
23: 15:7481782:d=2021122106:CIN:90-0 mb above ground:5 hour fcst:
23: 16:7843306:d=2021122106:CAPE:255-0 mb above ground:5 hour fcst:
23: 17:8171723:d=2021122106:CIN:255-0 mb above ground:5 hour fcst:
23: 18:8464443:d=2021122106:PLPL:255-0 mb above ground:5 hour fcst:
23: 19:9147195:d=2021122106:LAND:surface:5 hour fcst:
23: 20:9167898:d=2021122106:ICEC:surface:5 hour fcst:
23: 21:9260989:d=2021122106:ALBDO:surface:0-5 hour ave fcst:
23: 22:9766492:d=2021122106:ICETMP:surface:5 hour fcst:
23: 23:10034988:d=2021122106:UGRD:PV=2e-06 (Km^2/kg/s) surface:5 hour fcst:
23: 24:10417782:d=2021122106:VGRD:PV=2e-06 (Km^2/kg/s) surface:5 hour fcst:
23: 25:10791506:d=2021122106:TMP:PV=2e-06 (Km^2/kg/s) surface:5 hour fcst:
23: 26:11327494:d=2021122106:HGT:PV=2e-06 (Km^2/kg/s) surface:5 hour fcst:
23: 27:12018240:d=2021122106:PRES:PV=2e-06 (Km^2/kg/s) surface:5 hour fcst:
23: 28:12686227:d=2021122106:VWSH:PV=2e-06 (Km^2/kg/s) surface:5 hour fcst:
23: 29:13138866:d=2021122106:UGRD:PV=-2e-06 (Km^2/kg/s) surface:5 hour fcst:
23: 30:13525045:d=2021122106:VGRD:PV=-2e-06 (Km^2/kg/s) surface:5 hour fcst:
23: 31:13899285:d=2021122106:TMP:PV=-2e-06 (Km^2/kg/s) surface:5 hour fcst:
23: 32:14447969:d=2021122106:HGT:PV=-2e-06 (Km^2/kg/s) surface:5 hour fcst:
23: 33:15146280:d=2021122106:PRES:PV=-2e-06 (Km^2/kg/s) surface:5 hour fcst:
23: 34:15822705:d=2021122106:VWSH:PV=-2e-06 (Km^2/kg/s) surface:5 hour fcst:
23: + product_functions.sh[10]rc=0
23: + product_functions.sh[11]((  rc == 0  ))
23: + product_functions.sh[11]mv pgb2file_f005_24_0p25.new pgb2file_f005_24_0p25
23: + product_functions.sh[12]return 0
23: + interp_atmos_master.sh[56]export err=0
23: + interp_atmos_master.sh[56]err=0
23: + interp_atmos_master.sh[57][[ 0 -ne 0 ]]
23: ++ interp_atmos_master.sh[62]wc -l
23: ++ interp_atmos_master.sh[62]wgrib2 pgb2file_f005_24_0p25 -match 'LAND|ICEC'
23: + interp_atmos_master.sh[62]var_count=2
23: + interp_atmos_master.sh[63][[ 2 -eq 2 ]]
23: + interp_atmos_master.sh[64]mod_icec pgb2file_f005_24_0p25
23: + product_functions.sh[17]local filename=pgb2file_f005_24_0p25
23: + product_functions.sh[18]wgrib2 pgb2file_f005_24_0p25 -if LAND -rpn sto_1 -fi -if ICEC -rpn 'rcl_1:0:==:*' -fi -set_grib_type same -set_scaling same same -grib_out pgb2file_f005_24_0p25.new
23: 1:0:d=2021122106:CAPE:180-0 mb above ground:5 hour fcst:
23: 2:325507:d=2021122106:CIN:180-0 mb above ground:5 hour fcst:
23: 3:514308:d=2021122106:HPBL:surface:5 hour fcst:
23: 4:1613022:d=2021122106:RH:0.33-1 sigma layer:5 hour fcst:
23: 5:2098094:d=2021122106:RH:0.44-1 sigma layer:5 hour fcst:
23: 6:2573510:d=2021122106:RH:0.72-0.94 sigma layer:5 hour fcst:
23: 7:3085736:d=2021122106:RH:0.44-0.72 sigma layer:5 hour fcst:
23: 8:3594386:d=2021122106:TMP:0.995 sigma level:5 hour fcst:
23: 9:4180089:d=2021122106:POT:0.995 sigma level:5 hour fcst:
23: 10:4765571:d=2021122106:RH:0.995 sigma level:5 hour fcst:
23: 11:5249435:d=2021122106:UGRD:0.995 sigma level:5 hour fcst:
23: 12:5884053:d=2021122106:VGRD:0.995 sigma level:5 hour fcst:
23: 13:6516019:d=2021122106:VVEL:0.995 sigma level:5 hour fcst:
23: 14:7185249:d=2021122106:CAPE:90-0 mb above ground:5 hour fcst:
23: 15:7481782:d=2021122106:CIN:90-0 mb above ground:5 hour fcst:
23: 16:7843306:d=2021122106:CAPE:255-0 mb above ground:5 hour fcst:
23: 17:8171723:d=2021122106:CIN:255-0 mb above ground:5 hour fcst:
23: 18:8464443:d=2021122106:PLPL:255-0 mb above ground:5 hour fcst:
23: 19:9147195:d=2021122106:LAND:surface:5 hour fcst:
23: 20:9167898:d=2021122106:ICEC:surface:5 hour fcst:
23: 21:9260989:d=2021122106:ALBDO:surface:0-5 hour ave fcst:
23: 22:9766492:d=2021122106:ICETMP:surface:5 hour fcst:
23: 23:10034988:d=2021122106:UGRD:PV=2e-06 (Km^2/kg/s) surface:5 hour fcst:
23: 24:10417782:d=2021122106:VGRD:PV=2e-06 (Km^2/kg/s) surface:5 hour fcst:
23: 25:10791506:d=2021122106:TMP:PV=2e-06 (Km^2/kg/s) surface:5 hour fcst:
23: 26:11327494:d=2021122106:HGT:PV=2e-06 (Km^2/kg/s) surface:5 hour fcst:
23: 27:12018240:d=2021122106:PRES:PV=2e-06 (Km^2/kg/s) surface:5 hour fcst:
23: 28:12686227:d=2021122106:VWSH:PV=2e-06 (Km^2/kg/s) surface:5 hour fcst:
23: 29:13138866:d=2021122106:UGRD:PV=-2e-06 (Km^2/kg/s) surface:5 hour fcst:
23: 30:13525045:d=2021122106:VGRD:PV=-2e-06 (Km^2/kg/s) surface:5 hour fcst:
23: 31:13899285:d=2021122106:TMP:PV=-2e-06 (Km^2/kg/s) surface:5 hour fcst:
23: 32:14447969:d=2021122106:HGT:PV=-2e-06 (Km^2/kg/s) surface:5 hour fcst:
23: 33:15146280:d=2021122106:PRES:PV=-2e-06 (Km^2/kg/s) surface:5 hour fcst:
23: 34:15822705:d=2021122106:VWSH:PV=-2e-06 (Km^2/kg/s) surface:5 hour fcst:
23: + product_functions.sh[24]rc=0
23: + product_functions.sh[25]((  rc == 0  ))
23: + product_functions.sh[25]mv pgb2file_f005_24_0p25.new pgb2file_f005_24_0p25
23: + product_functions.sh[26]return 0
23: + interp_atmos_master.sh[65]export err=0
23: + interp_atmos_master.sh[65]err=0
23: + interp_atmos_master.sh[66][[ 0 -ne 0 ]]
23: + interp_atmos_master.sh[54]for grid in "${grids[@]}"
23: + interp_atmos_master.sh[55]trim_rh pgb2file_f005_24_0p50
23: + product_functions.sh[5]local filename=pgb2file_f005_24_0p50
23: + product_functions.sh[6]wgrib2 pgb2file_f005_24_0p50 -not_if :RH: -grib pgb2file_f005_24_0p50.new -if :RH: -rpn '10:*:0.5:+:floor:1000:min:10:/' -set_grib_type same -set_scaling -1 0 -grib_out pgb2file_f005_24_0p50.new
23: 1:0:d=2021122106:CAPE:180-0 mb above ground:5 hour fcst:
23: 2:109017:d=2021122106:CIN:180-0 mb above ground:5 hour fcst:
23: 3:177858:d=2021122106:HPBL:surface:5 hour fcst:
23: 4:506466:d=2021122106:RH:0.33-1 sigma layer:5 hour fcst:
23: 5:669425:d=2021122106:RH:0.44-1 sigma layer:5 hour fcst:
23: 6:829530:d=2021122106:RH:0.72-0.94 sigma layer:5 hour fcst:
23: 7:1000798:d=2021122106:RH:0.44-0.72 sigma layer:5 hour fcst:
23: 8:1171788:d=2021122106:TMP:0.995 sigma level:5 hour fcst:
23: 9:1364151:d=2021122106:POT:0.995 sigma level:5 hour fcst:
23: 10:1556219:d=2021122106:RH:0.995 sigma level:5 hour fcst:
23: 11:1719540:d=2021122106:UGRD:0.995 sigma level:5 hour fcst:
23: 12:1924409:d=2021122106:VGRD:0.995 sigma level:5 hour fcst:
23: 13:2129208:d=2021122106:VVEL:0.995 sigma level:5 hour fcst:
23: 14:2343870:d=2021122106:CAPE:90-0 mb above ground:5 hour fcst:
23: 15:2443336:d=2021122106:CIN:90-0 mb above ground:5 hour fcst:
23: 16:2567795:d=2021122106:CAPE:255-0 mb above ground:5 hour fcst:
23: 17:2675261:d=2021122106:CIN:255-0 mb above ground:5 hour fcst:
23: 18:2777748:d=2021122106:PLPL:255-0 mb above ground:5 hour fcst:
23: 19:2997429:d=2021122106:LAND:surface:5 hour fcst:
23: 20:3006309:d=2021122106:ICEC:surface:5 hour fcst:
23: 21:3038811:d=2021122106:ALBDO:surface:0-5 hour ave fcst:
23: 22:3200127:d=2021122106:ICETMP:surface:5 hour fcst:
23: 23:3278874:d=2021122106:UGRD:PV=2e-06 (Km^2/kg/s) surface:5 hour fcst:
23: 24:3394686:d=2021122106:VGRD:PV=2e-06 (Km^2/kg/s) surface:5 hour fcst:
23: 25:3508352:d=2021122106:TMP:PV=2e-06 (Km^2/kg/s) surface:5 hour fcst:
23: 26:3669960:d=2021122106:HGT:PV=2e-06 (Km^2/kg/s) surface:5 hour fcst:
23: 27:3872359:d=2021122106:PRES:PV=2e-06 (Km^2/kg/s) surface:5 hour fcst:
23: 28:4069190:d=2021122106:VWSH:PV=2e-06 (Km^2/kg/s) surface:5 hour fcst:
23: 29:4206395:d=2021122106:UGRD:PV=-2e-06 (Km^2/kg/s) surface:5 hour fcst:
23: 30:4324100:d=2021122106:VGRD:PV=-2e-06 (Km^2/kg/s) surface:5 hour fcst:
23: 31:4439476:d=2021122106:TMP:PV=-2e-06 (Km^2/kg/s) surface:5 hour fcst:
23: 32:4604549:d=2021122106:HGT:PV=-2e-06 (Km^2/kg/s) surface:5 hour fcst:
23: 33:4810653:d=2021122106:PRES:PV=-2e-06 (Km^2/kg/s) surface:5 hour fcst:
23: 34:5010559:d=2021122106:VWSH:PV=-2e-06 (Km^2/kg/s) surface:5 hour fcst:
23: + product_functions.sh[10]rc=0
23: + product_functions.sh[11]((  rc == 0  ))
23: + product_functions.sh[11]mv pgb2file_f005_24_0p50.new pgb2file_f005_24_0p50
23: + product_functions.sh[12]return 0
23: + interp_atmos_master.sh[56]export err=0
23: + interp_atmos_master.sh[56]err=0
23: + interp_atmos_master.sh[57][[ 0 -ne 0 ]]
23: ++ interp_atmos_master.sh[62]wc -l
23: ++ interp_atmos_master.sh[62]wgrib2 pgb2file_f005_24_0p50 -match 'LAND|ICEC'
23: + interp_atmos_master.sh[62]var_count=2
23: + interp_atmos_master.sh[63][[ 2 -eq 2 ]]
23: + interp_atmos_master.sh[64]mod_icec pgb2file_f005_24_0p50
23: + product_functions.sh[17]local filename=pgb2file_f005_24_0p50
23: + product_functions.sh[18]wgrib2 pgb2file_f005_24_0p50 -if LAND -rpn sto_1 -fi -if ICEC -rpn 'rcl_1:0:==:*' -fi -set_grib_type same -set_scaling same same -grib_out pgb2file_f005_24_0p50.new
23: 1:0:d=2021122106:CAPE:180-0 mb above ground:5 hour fcst:
23: 2:109017:d=2021122106:CIN:180-0 mb above ground:5 hour fcst:
23: 3:177858:d=2021122106:HPBL:surface:5 hour fcst:
23: 4:506466:d=2021122106:RH:0.33-1 sigma layer:5 hour fcst:
23: 5:669425:d=2021122106:RH:0.44-1 sigma layer:5 hour fcst:
23: 6:829530:d=2021122106:RH:0.72-0.94 sigma layer:5 hour fcst:
23: 7:1000798:d=2021122106:RH:0.44-0.72 sigma layer:5 hour fcst:
23: 8:1171788:d=2021122106:TMP:0.995 sigma level:5 hour fcst:
23: 9:1364151:d=2021122106:POT:0.995 sigma level:5 hour fcst:
23: 10:1556219:d=2021122106:RH:0.995 sigma level:5 hour fcst:
23: 11:1719540:d=2021122106:UGRD:0.995 sigma level:5 hour fcst:
23: 12:1924409:d=2021122106:VGRD:0.995 sigma level:5 hour fcst:
23: 13:2129208:d=2021122106:VVEL:0.995 sigma level:5 hour fcst:
23: 14:2343870:d=2021122106:CAPE:90-0 mb above ground:5 hour fcst:
23: 15:2443336:d=2021122106:CIN:90-0 mb above ground:5 hour fcst:
23: 16:2567795:d=2021122106:CAPE:255-0 mb above ground:5 hour fcst:
23: 17:2675261:d=2021122106:CIN:255-0 mb above ground:5 hour fcst:
23: 18:2777748:d=2021122106:PLPL:255-0 mb above ground:5 hour fcst:
23: 19:2997429:d=2021122106:LAND:surface:5 hour fcst:
23: 20:3006309:d=2021122106:ICEC:surface:5 hour fcst:
23: 21:3038811:d=2021122106:ALBDO:surface:0-5 hour ave fcst:
23: 22:3200127:d=2021122106:ICETMP:surface:5 hour fcst:
23: 23:3278874:d=2021122106:UGRD:PV=2e-06 (Km^2/kg/s) surface:5 hour fcst:
23: 24:3394686:d=2021122106:VGRD:PV=2e-06 (Km^2/kg/s) surface:5 hour fcst:
23: 25:3508352:d=2021122106:TMP:PV=2e-06 (Km^2/kg/s) surface:5 hour fcst:
23: 26:3669960:d=2021122106:HGT:PV=2e-06 (Km^2/kg/s) surface:5 hour fcst:
23: 27:3872359:d=2021122106:PRES:PV=2e-06 (Km^2/kg/s) surface:5 hour fcst:
23: 28:4069190:d=2021122106:VWSH:PV=2e-06 (Km^2/kg/s) surface:5 hour fcst:
23: 29:4206395:d=2021122106:UGRD:PV=-2e-06 (Km^2/kg/s) surface:5 hour fcst:
23: 30:4324100:d=2021122106:VGRD:PV=-2e-06 (Km^2/kg/s) surface:5 hour fcst:
23: 31:4439476:d=2021122106:TMP:PV=-2e-06 (Km^2/kg/s) surface:5 hour fcst:
23: 32:4604549:d=2021122106:HGT:PV=-2e-06 (Km^2/kg/s) surface:5 hour fcst:
23: 33:4810653:d=2021122106:PRES:PV=-2e-06 (Km^2/kg/s) surface:5 hour fcst:
23: 34:5010559:d=2021122106:VWSH:PV=-2e-06 (Km^2/kg/s) surface:5 hour fcst:
23: + product_functions.sh[24]rc=0
23: + product_functions.sh[25]((  rc == 0  ))
23: + product_functions.sh[25]mv pgb2file_f005_24_0p50.new pgb2file_f005_24_0p50
23: + product_functions.sh[26]return 0
23: + interp_atmos_master.sh[65]export err=0
23: + interp_atmos_master.sh[65]err=0
23: + interp_atmos_master.sh[66][[ 0 -ne 0 ]]
23: + interp_atmos_master.sh[54]for grid in "${grids[@]}"
23: + interp_atmos_master.sh[55]trim_rh pgb2file_f005_24_1p00
23: + product_functions.sh[5]local filename=pgb2file_f005_24_1p00
23: + product_functions.sh[6]wgrib2 pgb2file_f005_24_1p00 -not_if :RH: -grib pgb2file_f005_24_1p00.new -if :RH: -rpn '10:*:0.5:+:floor:1000:min:10:/' -set_grib_type same -set_scaling -1 0 -grib_out pgb2file_f005_24_1p00.new
23: 1:0:d=2021122106:CAPE:180-0 mb above ground:5 hour fcst:
23: 2:36122:d=2021122106:CIN:180-0 mb above ground:5 hour fcst:
23: 3:61777:d=2021122106:HPBL:surface:5 hour fcst:
23: 4:158146:d=2021122106:RH:0.33-1 sigma layer:5 hour fcst:
23: 5:212013:d=2021122106:RH:0.44-1 sigma layer:5 hour fcst:
23: 6:264840:d=2021122106:RH:0.72-0.94 sigma layer:5 hour fcst:
23: 7:320952:d=2021122106:RH:0.44-0.72 sigma layer:5 hour fcst:
23: 8:377746:d=2021122106:TMP:0.995 sigma level:5 hour fcst:
23: 9:438714:d=2021122106:POT:0.995 sigma level:5 hour fcst:
23: 10:499840:d=2021122106:RH:0.995 sigma level:5 hour fcst:
23: 11:552762:d=2021122106:UGRD:0.995 sigma level:5 hour fcst:
23: 12:617335:d=2021122106:VGRD:0.995 sigma level:5 hour fcst:
23: 13:682603:d=2021122106:VVEL:0.995 sigma level:5 hour fcst:
23: 14:750492:d=2021122106:CAPE:90-0 mb above ground:5 hour fcst:
23: 15:783862:d=2021122106:CIN:90-0 mb above ground:5 hour fcst:
23: 16:825195:d=2021122106:CAPE:255-0 mb above ground:5 hour fcst:
23: 17:860081:d=2021122106:CIN:255-0 mb above ground:5 hour fcst:
23: 18:893930:d=2021122106:PLPL:255-0 mb above ground:5 hour fcst:
23: 19:962261:d=2021122106:LAND:surface:5 hour fcst:
23: 20:965958:d=2021122106:ICEC:surface:5 hour fcst:
23: 21:976846:d=2021122106:ALBDO:surface:0-5 hour ave fcst:
23: 22:1026114:d=2021122106:ICETMP:surface:5 hour fcst:
23: 23:1048614:d=2021122106:UGRD:PV=2e-06 (Km^2/kg/s) surface:5 hour fcst:
23: 24:1083595:d=2021122106:VGRD:PV=2e-06 (Km^2/kg/s) surface:5 hour fcst:
23: 25:1118392:d=2021122106:TMP:PV=2e-06 (Km^2/kg/s) surface:5 hour fcst:
23: 26:1165982:d=2021122106:HGT:PV=2e-06 (Km^2/kg/s) surface:5 hour fcst:
23: 27:1224043:d=2021122106:PRES:PV=2e-06 (Km^2/kg/s) surface:5 hour fcst:
23: 28:1280840:d=2021122106:VWSH:PV=2e-06 (Km^2/kg/s) surface:5 hour fcst:
23: 29:1321188:d=2021122106:UGRD:PV=-2e-06 (Km^2/kg/s) surface:5 hour fcst:
23: 30:1356967:d=2021122106:VGRD:PV=-2e-06 (Km^2/kg/s) surface:5 hour fcst:
23: 31:1392402:d=2021122106:TMP:PV=-2e-06 (Km^2/kg/s) surface:5 hour fcst:
23: 32:1441253:d=2021122106:HGT:PV=-2e-06 (Km^2/kg/s) surface:5 hour fcst:
23: 33:1500242:d=2021122106:PRES:PV=-2e-06 (Km^2/kg/s) surface:5 hour fcst:
23: 34:1557768:d=2021122106:VWSH:PV=-2e-06 (Km^2/kg/s) surface:5 hour fcst:
23: + product_functions.sh[10]rc=0
23: + product_functions.sh[11]((  rc == 0  ))
23: + product_functions.sh[11]mv pgb2file_f005_24_1p00.new pgb2file_f005_24_1p00
23: + product_functions.sh[12]return 0
23: + interp_atmos_master.sh[56]export err=0
23: + interp_atmos_master.sh[56]err=0
23: + interp_atmos_master.sh[57][[ 0 -ne 0 ]]
23: ++ interp_atmos_master.sh[62]wc -l
23: ++ interp_atmos_master.sh[62]wgrib2 pgb2file_f005_24_1p00 -match 'LAND|ICEC'
23: + interp_atmos_master.sh[62]var_count=2
23: + interp_atmos_master.sh[63][[ 2 -eq 2 ]]
23: + interp_atmos_master.sh[64]mod_icec pgb2file_f005_24_1p00
23: + product_functions.sh[17]local filename=pgb2file_f005_24_1p00
23: + product_functions.sh[18]wgrib2 pgb2file_f005_24_1p00 -if LAND -rpn sto_1 -fi -if ICEC -rpn 'rcl_1:0:==:*' -fi -set_grib_type same -set_scaling same same -grib_out pgb2file_f005_24_1p00.new
23: 1:0:d=2021122106:CAPE:180-0 mb above ground:5 hour fcst:
23: 2:36122:d=2021122106:CIN:180-0 mb above ground:5 hour fcst:
23: 3:61777:d=2021122106:HPBL:surface:5 hour fcst:
23: 4:158146:d=2021122106:RH:0.33-1 sigma layer:5 hour fcst:
23: 5:212013:d=2021122106:RH:0.44-1 sigma layer:5 hour fcst:
23: 6:264840:d=2021122106:RH:0.72-0.94 sigma layer:5 hour fcst:
23: 7:320952:d=2021122106:RH:0.44-0.72 sigma layer:5 hour fcst:
23: 8:377746:d=2021122106:TMP:0.995 sigma level:5 hour fcst:
23: 9:438714:d=2021122106:POT:0.995 sigma level:5 hour fcst:
23: 10:499840:d=2021122106:RH:0.995 sigma level:5 hour fcst:
23: 11:552762:d=2021122106:UGRD:0.995 sigma level:5 hour fcst:
23: 12:617335:d=2021122106:VGRD:0.995 sigma level:5 hour fcst:
23: 13:682603:d=2021122106:VVEL:0.995 sigma level:5 hour fcst:
23: 14:750492:d=2021122106:CAPE:90-0 mb above ground:5 hour fcst:
23: 15:783862:d=2021122106:CIN:90-0 mb above ground:5 hour fcst:
23: 16:825195:d=2021122106:CAPE:255-0 mb above ground:5 hour fcst:
23: 17:860081:d=2021122106:CIN:255-0 mb above ground:5 hour fcst:
23: 18:893930:d=2021122106:PLPL:255-0 mb above ground:5 hour fcst:
23: 19:962261:d=2021122106:LAND:surface:5 hour fcst:
23: 20:965958:d=2021122106:ICEC:surface:5 hour fcst:
23: 21:976846:d=2021122106:ALBDO:surface:0-5 hour ave fcst:
23: 22:1026114:d=2021122106:ICETMP:surface:5 hour fcst:
23: 23:1048614:d=2021122106:UGRD:PV=2e-06 (Km^2/kg/s) surface:5 hour fcst:
23: 24:1083595:d=2021122106:VGRD:PV=2e-06 (Km^2/kg/s) surface:5 hour fcst:
23: 25:1118392:d=2021122106:TMP:PV=2e-06 (Km^2/kg/s) surface:5 hour fcst:
23: 26:1165982:d=2021122106:HGT:PV=2e-06 (Km^2/kg/s) surface:5 hour fcst:
23: 27:1224043:d=2021122106:PRES:PV=2e-06 (Km^2/kg/s) surface:5 hour fcst:
23: 28:1280840:d=2021122106:VWSH:PV=2e-06 (Km^2/kg/s) surface:5 hour fcst:
23: 29:1321188:d=2021122106:UGRD:PV=-2e-06 (Km^2/kg/s) surface:5 hour fcst:
23: 30:1356967:d=2021122106:VGRD:PV=-2e-06 (Km^2/kg/s) surface:5 hour fcst:
23: 31:1392402:d=2021122106:TMP:PV=-2e-06 (Km^2/kg/s) surface:5 hour fcst:
23: 32:1441253:d=2021122106:HGT:PV=-2e-06 (Km^2/kg/s) surface:5 hour fcst:
23: 33:1500242:d=2021122106:PRES:PV=-2e-06 (Km^2/kg/s) surface:5 hour fcst:
23: 34:1557768:d=2021122106:VWSH:PV=-2e-06 (Km^2/kg/s) surface:5 hour fcst:
23: + product_functions.sh[24]rc=0
23: + product_functions.sh[25]((  rc == 0  ))
23: + product_functions.sh[25]mv pgb2file_f005_24_1p00.new pgb2file_f005_24_1p00
23: + product_functions.sh[26]return 0
23: + interp_atmos_master.sh[65]export err=0
23: + interp_atmos_master.sh[65]err=0
23: + interp_atmos_master.sh[66][[ 0 -ne 0 ]]
23: + interp_atmos_master.sh[73]exit 0
 8: + bash[8]'[' -z '' ']'
 8: + bash[9]case "$-" in
 8: + bash[12]__lmod_vx=x
 8: + bash[16]'[' -n x ']'
 8: + bash[16]set +x
 8: Shell debugging temporarily silenced: export LMOD_SH_DBG_ON=1 for this output (/apps/other/lmod/lmod/init/bash)
 8: Shell debugging restarted
 8: + bash[224]unset __lmod_vx
 8: + interp_atmos_master.sh[7]input_file=tmpfile_f005_9
 8: + interp_atmos_master.sh[8]output_file_prefix=pgb2file_f005_9
 8: + interp_atmos_master.sh[9]grid_string=0p25:0p50:1p00
 8: + interp_atmos_master.sh[12]defaults='-set_grib_type same -set_bitmap 1 -set_grib_max_bits 16'
 8: + interp_atmos_master.sh[13]interp_winds='-new_grid_winds earth'
 8: + interp_atmos_master.sh[14]interp_bilinear='-new_grid_interpolation bilinear'
 8: + interp_atmos_master.sh[15]interp_neighbor='-if :(CSNOW|CRAIN|CFRZR|CICEP|ICSEV): -new_grid_interpolation neighbor -fi'
 8: + interp_atmos_master.sh[16]interp_budget='-if :(APCP|ACPCP|PRATE|CPRAT|DZDT): -new_grid_interpolation budget -fi'
 8: + interp_atmos_master.sh[17]increased_bits='-if :(APCP|ACPCP|PRATE|CPRAT): -set_grib_max_bits 25 -fi'
 8: + interp_atmos_master.sh[21]grid0p25='latlon 0:1440:0.25 90:721:-0.25'
 8: + interp_atmos_master.sh[23]grid0p50='latlon 0:720:0.5 90:361:-0.5'
 8: + interp_atmos_master.sh[25]grid1p00='latlon 0:360:1.0 90:181:-1.0'
 8: + interp_atmos_master.sh[28]source /work2/noaa/global/mterry/global-workflow_forked/ush/product_functions.sh
 8: + interp_atmos_master.sh[31]IFS=:
 8: + interp_atmos_master.sh[31]read -ra grids
 8: + interp_atmos_master.sh[33]output_grids=
 8: + interp_atmos_master.sh[34]for grid in "${grids[@]}"
 8: + interp_atmos_master.sh[35]gridopt=grid0p25
 8: + interp_atmos_master.sh[36]output_grids=' -new_grid latlon 0:1440:0.25 90:721:-0.25 pgb2file_f005_9_0p25'
 8: + interp_atmos_master.sh[34]for grid in "${grids[@]}"
 8: + interp_atmos_master.sh[35]gridopt=grid0p50
 8: + interp_atmos_master.sh[36]output_grids=' -new_grid latlon 0:1440:0.25 90:721:-0.25 pgb2file_f005_9_0p25 -new_grid latlon 0:720:0.5 90:361:-0.5 pgb2file_f005_9_0p50'
 8: + interp_atmos_master.sh[34]for grid in "${grids[@]}"
 8: + interp_atmos_master.sh[35]gridopt=grid1p00
 8: + interp_atmos_master.sh[36]output_grids=' -new_grid latlon 0:1440:0.25 90:721:-0.25 pgb2file_f005_9_0p25 -new_grid latlon 0:720:0.5 90:361:-0.5 pgb2file_f005_9_0p50 -new_grid latlon 0:360:1.0 90:181:-1.0 pgb2file_f005_9_1p00'
 8: + interp_atmos_master.sh[40]wgrib2 tmpfile_f005_9 -set_grib_type same -set_bitmap 1 -set_grib_max_bits 16 -new_grid_winds earth -new_grid_interpolation bilinear -if ':(CSNOW|CRAIN|CFRZR|CICEP|ICSEV):' -new_grid_interpolation neighbor -fi -if ':(APCP|ACPCP|PRATE|CPRAT|DZDT):' -new_grid_interpolation budget -fi -if ':(APCP|ACPCP|PRATE|CPRAT):' -set_grib_max_bits 25 -fi -new_grid latlon 0:1440:0.25 90:721:-0.25 pgb2file_f005_9_0p25 -new_grid latlon 0:720:0.5 90:361:-0.5 pgb2file_f005_9_0p50 -new_grid latlon 0:360:1.0 90:181:-1.0 pgb2file_f005_9_1p00
 8: 1:0:d=2021122106:SNMR:150 mb:5 hour fcst:
 8: 2:923:d=2021122106:GRLE:150 mb:5 hour fcst:
 8: 3:1413:d=2021122106:O3MR:150 mb:5 hour fcst:
 8: 4:80418:d=2021122106:HGT:200 mb:5 hour fcst:
 8: 5:150808:d=2021122106:TMP:200 mb:5 hour fcst:
 8: 6:214419:d=2021122106:RH:200 mb:5 hour fcst:
 8: 7:268929:d=2021122106:TCDC:200 mb:5 hour fcst:
 8: 8:291956:d=2021122106:SPFH:200 mb:5 hour fcst:
 8: 9:386323:d=2021122106:VVEL:200 mb:5 hour fcst:
 8: 10:474553:d=2021122106:DZDT:200 mb:5 hour fcst:
 8: 11:551478:d=2021122106:UGRD:200 mb:5 hour fcst:
 8: 12:599299:d=2021122106:VGRD:200 mb:5 hour fcst:
 8: 13:646472:d=2021122106:ABSV:200 mb:5 hour fcst:
 8: 14:728097:d=2021122106:CLMR:200 mb:5 hour fcst:
 8: 15:728276:d=2021122106:ICMR:200 mb:5 hour fcst:
 8: 16:754760:d=2021122106:RWMR:200 mb:5 hour fcst:
 8: 17:754939:d=2021122106:SNMR:200 mb:5 hour fcst:
 8: 18:760325:d=2021122106:GRLE:200 mb:5 hour fcst:
 8: 19:761229:d=2021122106:O3MR:200 mb:5 hour fcst:
 8: 20:856426:d=2021122106:HGT:250 mb:5 hour fcst:
 8: 21:928962:d=2021122106:TMP:250 mb:5 hour fcst:
 8: 22:993497:d=2021122106:RH:250 mb:5 hour fcst:
 8: 23:1056733:d=2021122106:TCDC:250 mb:5 hour fcst:
 8: 24:1089354:d=2021122106:SPFH:250 mb:5 hour fcst:
 8: 25:1185052:d=2021122106:VVEL:250 mb:5 hour fcst:
 8: 26:1278589:d=2021122106:DZDT:250 mb:5 hour fcst:
 8: 27:1358024:d=2021122106:UGRD:250 mb:5 hour fcst:
 8: 28:1408126:d=2021122106:VGRD:250 mb:5 hour fcst:
 8: 29:1459344:d=2021122106:ABSV:250 mb:5 hour fcst:
 8: 30:1545745:d=2021122106:CLMR:250 mb:5 hour fcst:
 8: 31:1545924:d=2021122106:ICMR:250 mb:5 hour fcst:
 8: + interp_atmos_master.sh[47]export err=0
 8: + interp_atmos_master.sh[47]err=0
 8: + interp_atmos_master.sh[48][[ 0 -ne 0 ]]
 8: + interp_atmos_master.sh[54]for grid in "${grids[@]}"
 8: + interp_atmos_master.sh[55]trim_rh pgb2file_f005_9_0p25
 8: + product_functions.sh[5]local filename=pgb2file_f005_9_0p25
 8: + product_functions.sh[6]wgrib2 pgb2file_f005_9_0p25 -not_if :RH: -grib pgb2file_f005_9_0p25.new -if :RH: -rpn '10:*:0.5:+:floor:1000:min:10:/' -set_grib_type same -set_scaling -1 0 -grib_out pgb2file_f005_9_0p25.new
 8: 1:0:d=2021122106:SNMR:150 mb:5 hour fcst:
 8: 2:4000:d=2021122106:GRLE:150 mb:5 hour fcst:
 8: 3:6324:d=2021122106:O3MR:150 mb:5 hour fcst:
 8: 4:648045:d=2021122106:HGT:200 mb:5 hour fcst:
 8: 5:1205374:d=2021122106:TMP:200 mb:5 hour fcst:
 8: 6:1686653:d=2021122106:RH:200 mb:5 hour fcst:
 8: 7:2109595:d=2021122106:TCDC:200 mb:5 hour fcst:
 8: 8:2285447:d=2021122106:SPFH:200 mb:5 hour fcst:
 8: 9:3115427:d=2021122106:VVEL:200 mb:5 hour fcst:
 8: 10:3872721:d=2021122106:DZDT:200 mb:5 hour fcst:
 8: 11:4485763:d=2021122106:UGRD:200 mb:5 hour fcst:
 8: 12:4837916:d=2021122106:VGRD:200 mb:5 hour fcst:
 8: 13:5185240:d=2021122106:ABSV:200 mb:5 hour fcst:
 8: 14:5861969:d=2021122106:CLMR:200 mb:5 hour fcst:
 8: 15:5862148:d=2021122106:ICMR:200 mb:5 hour fcst:
 8: 16:6067811:d=2021122106:RWMR:200 mb:5 hour fcst:
 8: 17:6067990:d=2021122106:SNMR:200 mb:5 hour fcst:
 8: 18:6096036:d=2021122106:GRLE:200 mb:5 hour fcst:
 8: 19:6102427:d=2021122106:O3MR:200 mb:5 hour fcst:
 8: 20:6934524:d=2021122106:HGT:250 mb:5 hour fcst:
 8: 21:7510499:d=2021122106:TMP:250 mb:5 hour fcst:
 8: 22:7995421:d=2021122106:RH:250 mb:5 hour fcst:
 8: 23:8483888:d=2021122106:TCDC:250 mb:5 hour fcst:
 8: 24:8731125:d=2021122106:SPFH:250 mb:5 hour fcst:
 8: 25:9575523:d=2021122106:VVEL:250 mb:5 hour fcst:
 8: 26:10403447:d=2021122106:DZDT:250 mb:5 hour fcst:
 8: 27:11044723:d=2021122106:UGRD:250 mb:5 hour fcst:
 8: 28:11408405:d=2021122106:VGRD:250 mb:5 hour fcst:
 8: 29:11774692:d=2021122106:ABSV:250 mb:5 hour fcst:
 8: 30:12507616:d=2021122106:CLMR:250 mb:5 hour fcst:
 8: 31:12507795:d=2021122106:ICMR:250 mb:5 hour fcst:
 8: + product_functions.sh[10]rc=0
 8: + product_functions.sh[11]((  rc == 0  ))
 8: + product_functions.sh[11]mv pgb2file_f005_9_0p25.new pgb2file_f005_9_0p25
 8: + product_functions.sh[12]return 0
 8: + interp_atmos_master.sh[56]export err=0
 8: + interp_atmos_master.sh[56]err=0
 8: + interp_atmos_master.sh[57][[ 0 -ne 0 ]]
 8: ++ interp_atmos_master.sh[62]wc -l
 8: ++ interp_atmos_master.sh[62]wgrib2 pgb2file_f005_9_0p25 -match 'LAND|ICEC'
 8: + interp_atmos_master.sh[62]var_count=0
 8: + interp_atmos_master.sh[63][[ 0 -eq 2 ]]
 8: + interp_atmos_master.sh[54]for grid in "${grids[@]}"
 8: + interp_atmos_master.sh[55]trim_rh pgb2file_f005_9_0p50
 8: + product_functions.sh[5]local filename=pgb2file_f005_9_0p50
 8: + product_functions.sh[6]wgrib2 pgb2file_f005_9_0p50 -not_if :RH: -grib pgb2file_f005_9_0p50.new -if :RH: -rpn '10:*:0.5:+:floor:1000:min:10:/' -set_grib_type same -set_scaling -1 0 -grib_out pgb2file_f005_9_0p50.new
 8: 1:0:d=2021122106:SNMR:150 mb:5 hour fcst:
 8: 2:1770:d=2021122106:GRLE:150 mb:5 hour fcst:
 8: 3:2763:d=2021122106:O3MR:150 mb:5 hour fcst:
 8: 4:210117:d=2021122106:HGT:200 mb:5 hour fcst:
 8: 5:391778:d=2021122106:TMP:200 mb:5 hour fcst:
 8: 6:551511:d=2021122106:RH:200 mb:5 hour fcst:
 8: 7:689248:d=2021122106:TCDC:200 mb:5 hour fcst:
 8: 8:750244:d=2021122106:SPFH:200 mb:5 hour fcst:
 8: 9:1003751:d=2021122106:VVEL:200 mb:5 hour fcst:
 8: 10:1239389:d=2021122106:DZDT:200 mb:5 hour fcst:
 8: 11:1433928:d=2021122106:UGRD:200 mb:5 hour fcst:
 8: 12:1550522:d=2021122106:VGRD:200 mb:5 hour fcst:
 8: 13:1664614:d=2021122106:ABSV:200 mb:5 hour fcst:
 8: 14:1880242:d=2021122106:CLMR:200 mb:5 hour fcst:
 8: 15:1880421:d=2021122106:ICMR:200 mb:5 hour fcst:
 8: 16:1948412:d=2021122106:RWMR:200 mb:5 hour fcst:
 8: 17:1948591:d=2021122106:SNMR:200 mb:5 hour fcst:
 8: 18:1959634:d=2021122106:GRLE:200 mb:5 hour fcst:
 8: 19:1961949:d=2021122106:O3MR:200 mb:5 hour fcst:
 8: 20:2221757:d=2021122106:HGT:250 mb:5 hour fcst:
 8: 21:2409531:d=2021122106:TMP:250 mb:5 hour fcst:
 8: 22:2571674:d=2021122106:RH:250 mb:5 hour fcst:
 8: 23:2731579:d=2021122106:TCDC:250 mb:5 hour fcst:
 8: 24:2817229:d=2021122106:SPFH:250 mb:5 hour fcst:
 8: 25:3076025:d=2021122106:VVEL:250 mb:5 hour fcst:
 8: 26:3329831:d=2021122106:DZDT:250 mb:5 hour fcst:
 8: 27:3532216:d=2021122106:UGRD:250 mb:5 hour fcst:
 8: 28:3652244:d=2021122106:VGRD:250 mb:5 hour fcst:
 8: 29:3774569:d=2021122106:ABSV:250 mb:5 hour fcst:
 8: 30:4006532:d=2021122106:CLMR:250 mb:5 hour fcst:
 8: 31:4006711:d=2021122106:ICMR:250 mb:5 hour fcst:
 8: + product_functions.sh[10]rc=0
 8: + product_functions.sh[11]((  rc == 0  ))
 8: + product_functions.sh[11]mv pgb2file_f005_9_0p50.new pgb2file_f005_9_0p50
 8: + product_functions.sh[12]return 0
 8: + interp_atmos_master.sh[56]export err=0
 8: + interp_atmos_master.sh[56]err=0
 8: + interp_atmos_master.sh[57][[ 0 -ne 0 ]]
 8: ++ interp_atmos_master.sh[62]wc -l
 8: ++ interp_atmos_master.sh[62]wgrib2 pgb2file_f005_9_0p50 -match 'LAND|ICEC'
 8: + interp_atmos_master.sh[62]var_count=0
 8: + interp_atmos_master.sh[63][[ 0 -eq 2 ]]
 8: + interp_atmos_master.sh[54]for grid in "${grids[@]}"
 8: + interp_atmos_master.sh[55]trim_rh pgb2file_f005_9_1p00
 8: + product_functions.sh[5]local filename=pgb2file_f005_9_1p00
 8: + product_functions.sh[6]wgrib2 pgb2file_f005_9_1p00 -not_if :RH: -grib pgb2file_f005_9_1p00.new -if :RH: -rpn '10:*:0.5:+:floor:1000:min:10:/' -set_grib_type same -set_scaling -1 0 -grib_out pgb2file_f005_9_1p00.new
 8: 1:0:d=2021122106:SNMR:150 mb:5 hour fcst:
 8: 2:826:d=2021122106:GRLE:150 mb:5 hour fcst:
 8: 3:1321:d=2021122106:O3MR:150 mb:5 hour fcst:
 8: 4:67251:d=2021122106:HGT:200 mb:5 hour fcst:
 8: 5:125586:d=2021122106:TMP:200 mb:5 hour fcst:
 8: 6:177804:d=2021122106:RH:200 mb:5 hour fcst:
 8: 7:223307:d=2021122106:TCDC:200 mb:5 hour fcst:
 8: 8:244038:d=2021122106:SPFH:200 mb:5 hour fcst:
 8: 9:321486:d=2021122106:VVEL:200 mb:5 hour fcst:
 8: 10:393292:d=2021122106:DZDT:200 mb:5 hour fcst:
 8: 11:454387:d=2021122106:UGRD:200 mb:5 hour fcst:
 8: 12:493975:d=2021122106:VGRD:200 mb:5 hour fcst:
 8: 13:533771:d=2021122106:ABSV:200 mb:5 hour fcst:
 8: 14:601042:d=2021122106:CLMR:200 mb:5 hour fcst:
 8: 15:601221:d=2021122106:ICMR:200 mb:5 hour fcst:
 8: 16:624367:d=2021122106:RWMR:200 mb:5 hour fcst:
 8: 17:624546:d=2021122106:SNMR:200 mb:5 hour fcst:
 8: 18:629127:d=2021122106:GRLE:200 mb:5 hour fcst:
 8: 19:630124:d=2021122106:O3MR:200 mb:5 hour fcst:
 8: 20:709321:d=2021122106:HGT:250 mb:5 hour fcst:
 8: 21:769540:d=2021122106:TMP:250 mb:5 hour fcst:
 8: 22:822694:d=2021122106:RH:250 mb:5 hour fcst:
 8: 23:875639:d=2021122106:TCDC:250 mb:5 hour fcst:
 8: 24:905296:d=2021122106:SPFH:250 mb:5 hour fcst:
 8: 25:983672:d=2021122106:VVEL:250 mb:5 hour fcst:
 8: 26:1060828:d=2021122106:DZDT:250 mb:5 hour fcst:
 8: 27:1124062:d=2021122106:UGRD:250 mb:5 hour fcst:
 8: 28:1165216:d=2021122106:VGRD:250 mb:5 hour fcst:
 8: 29:1207799:d=2021122106:ABSV:250 mb:5 hour fcst:
 8: 30:1279680:d=2021122106:CLMR:250 mb:5 hour fcst:
 8: 31:1279859:d=2021122106:ICMR:250 mb:5 hour fcst:
 8: + product_functions.sh[10]rc=0
 8: + product_functions.sh[11]((  rc == 0  ))
 8: + product_functions.sh[11]mv pgb2file_f005_9_1p00.new pgb2file_f005_9_1p00
 8: + product_functions.sh[12]return 0
 8: + interp_atmos_master.sh[56]export err=0
 8: + interp_atmos_master.sh[56]err=0
 8: + interp_atmos_master.sh[57][[ 0 -ne 0 ]]
 8: ++ interp_atmos_master.sh[62]wc -l
 8: ++ interp_atmos_master.sh[62]wgrib2 pgb2file_f005_9_1p00 -match 'LAND|ICEC'
 8: + interp_atmos_master.sh[62]var_count=0
 8: + interp_atmos_master.sh[63][[ 0 -eq 2 ]]
 8: + interp_atmos_master.sh[73]exit 0
 3: + bash[8]'[' -z '' ']'
 3: + bash[9]case "$-" in
 3: + bash[12]__lmod_vx=x
 3: + bash[16]'[' -n x ']'
 3: + bash[16]set +x
 3: Shell debugging temporarily silenced: export LMOD_SH_DBG_ON=1 for this output (/apps/other/lmod/lmod/init/bash)
 3: Shell debugging restarted
 3: + bash[224]unset __lmod_vx
 3: + interp_atmos_master.sh[7]input_file=tmpfile_f005_4
 3: + interp_atmos_master.sh[8]output_file_prefix=pgb2file_f005_4
 3: + interp_atmos_master.sh[9]grid_string=0p25:0p50:1p00
 3: + interp_atmos_master.sh[12]defaults='-set_grib_type same -set_bitmap 1 -set_grib_max_bits 16'
 3: + interp_atmos_master.sh[13]interp_winds='-new_grid_winds earth'
 3: + interp_atmos_master.sh[14]interp_bilinear='-new_grid_interpolation bilinear'
 3: + interp_atmos_master.sh[15]interp_neighbor='-if :(CSNOW|CRAIN|CFRZR|CICEP|ICSEV): -new_grid_interpolation neighbor -fi'
 3: + interp_atmos_master.sh[16]interp_budget='-if :(APCP|ACPCP|PRATE|CPRAT|DZDT): -new_grid_interpolation budget -fi'
 3: + interp_atmos_master.sh[17]increased_bits='-if :(APCP|ACPCP|PRATE|CPRAT): -set_grib_max_bits 25 -fi'
 3: + interp_atmos_master.sh[21]grid0p25='latlon 0:1440:0.25 90:721:-0.25'
 3: + interp_atmos_master.sh[23]grid0p50='latlon 0:720:0.5 90:361:-0.5'
 3: + interp_atmos_master.sh[25]grid1p00='latlon 0:360:1.0 90:181:-1.0'
 3: + interp_atmos_master.sh[28]source /work2/noaa/global/mterry/global-workflow_forked/ush/product_functions.sh
 3: + interp_atmos_master.sh[31]IFS=:
 3: + interp_atmos_master.sh[31]read -ra grids
 3: + interp_atmos_master.sh[33]output_grids=
 3: + interp_atmos_master.sh[34]for grid in "${grids[@]}"
 3: + interp_atmos_master.sh[35]gridopt=grid0p25
 3: + interp_atmos_master.sh[36]output_grids=' -new_grid latlon 0:1440:0.25 90:721:-0.25 pgb2file_f005_4_0p25'
 3: + interp_atmos_master.sh[34]for grid in "${grids[@]}"
 3: + interp_atmos_master.sh[35]gridopt=grid0p50
 3: + interp_atmos_master.sh[36]output_grids=' -new_grid latlon 0:1440:0.25 90:721:-0.25 pgb2file_f005_4_0p25 -new_grid latlon 0:720:0.5 90:361:-0.5 pgb2file_f005_4_0p50'
 3: + interp_atmos_master.sh[34]for grid in "${grids[@]}"
 3: + interp_atmos_master.sh[35]gridopt=grid1p00
 3: + interp_atmos_master.sh[36]output_grids=' -new_grid latlon 0:1440:0.25 90:721:-0.25 pgb2file_f005_4_0p25 -new_grid latlon 0:720:0.5 90:361:-0.5 pgb2file_f005_4_0p50 -new_grid latlon 0:360:1.0 90:181:-1.0 pgb2file_f005_4_1p00'
 3: + interp_atmos_master.sh[40]wgrib2 tmpfile_f005_4 -set_grib_type same -set_bitmap 1 -set_grib_max_bits 16 -new_grid_winds earth -new_grid_interpolation bilinear -if ':(CSNOW|CRAIN|CFRZR|CICEP|ICSEV):' -new_grid_interpolation neighbor -fi -if ':(APCP|ACPCP|PRATE|CPRAT|DZDT):' -new_grid_interpolation budget -fi -if ':(APCP|ACPCP|PRATE|CPRAT):' -set_grib_max_bits 25 -fi -new_grid latlon 0:1440:0.25 90:721:-0.25 pgb2file_f005_4_0p25 -new_grid latlon 0:720:0.5 90:361:-0.5 pgb2file_f005_4_0p50 -new_grid latlon 0:360:1.0 90:181:-1.0 pgb2file_f005_4_1p00
 3: 1:0:d=2021122106:HGT:1 mb:5 hour fcst:
 3: 2:59908:d=2021122106:TMP:1 mb:5 hour fcst:
 3: 3:120358:d=2021122106:RH:1 mb:5 hour fcst:
 3: 4:130942:d=2021122106:SPFH:1 mb:5 hour fcst:
 3: 5:199016:d=2021122106:VVEL:1 mb:5 hour fcst:
 3: 6:315768:d=2021122106:DZDT:1 mb:5 hour fcst:
 3: 7:429400:d=2021122106:UGRD:1 mb:5 hour fcst:
 3: 8:469894:d=2021122106:VGRD:1 mb:5 hour fcst:
 3: 9:505559:d=2021122106:ABSV:1 mb:5 hour fcst:
 3: 10:571175:d=2021122106:O3MR:1 mb:5 hour fcst:
 3: 11:656380:d=2021122106:HGT:2 mb:5 hour fcst:
 3: 12:713719:d=2021122106:TMP:2 mb:5 hour fcst:
 3: 13:775052:d=2021122106:RH:2 mb:5 hour fcst:
 3: 14:783361:d=2021122106:SPFH:2 mb:5 hour fcst:
 3: 15:850287:d=2021122106:VVEL:2 mb:5 hour fcst:
 3: 16:941120:d=2021122106:DZDT:2 mb:5 hour fcst:
 3: 17:1055490:d=2021122106:UGRD:2 mb:5 hour fcst:
 3: 18:1095076:d=2021122106:VGRD:2 mb:5 hour fcst:
 3: 19:1131095:d=2021122106:ABSV:2 mb:5 hour fcst:
 3: 20:1198300:d=2021122106:O3MR:2 mb:5 hour fcst:
 3: 21:1276268:d=2021122106:HGT:3 mb:5 hour fcst:
 3: 22:1331344:d=2021122106:TMP:3 mb:5 hour fcst:
 3: 23:1391162:d=2021122106:RH:3 mb:5 hour fcst:
 3: 24:1402853:d=2021122106:SPFH:3 mb:5 hour fcst:
 3: 25:1473885:d=2021122106:VVEL:3 mb:5 hour fcst:
 3: 26:1567895:d=2021122106:DZDT:3 mb:5 hour fcst:
 3: 27:1679073:d=2021122106:UGRD:3 mb:5 hour fcst:
 3: 28:1717360:d=2021122106:VGRD:3 mb:5 hour fcst:
 3: 29:1752099:d=2021122106:ABSV:3 mb:5 hour fcst:
 3: 30:1818224:d=2021122106:O3MR:3 mb:5 hour fcst:
 3: 31:1894440:d=2021122106:HGT:5 mb:5 hour fcst:
 3: + interp_atmos_master.sh[47]export err=0
 3: + interp_atmos_master.sh[47]err=0
 3: + interp_atmos_master.sh[48][[ 0 -ne 0 ]]
 3: + interp_atmos_master.sh[54]for grid in "${grids[@]}"
 3: + interp_atmos_master.sh[55]trim_rh pgb2file_f005_4_0p25
 3: + product_functions.sh[5]local filename=pgb2file_f005_4_0p25
 3: + product_functions.sh[6]wgrib2 pgb2file_f005_4_0p25 -not_if :RH: -grib pgb2file_f005_4_0p25.new -if :RH: -rpn '10:*:0.5:+:floor:1000:min:10:/' -set_grib_type same -set_scaling -1 0 -grib_out pgb2file_f005_4_0p25.new
 3: 1:0:d=2021122106:HGT:1 mb:5 hour fcst:
 3: 2:446839:d=2021122106:TMP:1 mb:5 hour fcst:
 3: 3:902376:d=2021122106:RH:1 mb:5 hour fcst:
 3: 4:963490:d=2021122106:SPFH:1 mb:5 hour fcst:
 3: 5:1519641:d=2021122106:VVEL:1 mb:5 hour fcst:
 3: 6:2657463:d=2021122106:DZDT:1 mb:5 hour fcst:
 3: 7:3727043:d=2021122106:UGRD:1 mb:5 hour fcst:
 3: 8:4027293:d=2021122106:VGRD:1 mb:5 hour fcst:
 3: 9:4307693:d=2021122106:ABSV:1 mb:5 hour fcst:
 3: 10:4783421:d=2021122106:O3MR:1 mb:5 hour fcst:
 3: 11:5512935:d=2021122106:HGT:2 mb:5 hour fcst:
 3: 12:5931835:d=2021122106:TMP:2 mb:5 hour fcst:
 3: 13:6399726:d=2021122106:RH:2 mb:5 hour fcst:
 3: 14:6448529:d=2021122106:SPFH:2 mb:5 hour fcst:
 3: 15:6997658:d=2021122106:VVEL:2 mb:5 hour fcst:
 3: 16:7813246:d=2021122106:DZDT:2 mb:5 hour fcst:
 3: 17:8898903:d=2021122106:UGRD:2 mb:5 hour fcst:
 3: 18:9195049:d=2021122106:VGRD:2 mb:5 hour fcst:
 3: 19:9476161:d=2021122106:ABSV:2 mb:5 hour fcst:
 3: 20:9971350:d=2021122106:O3MR:2 mb:5 hour fcst:
 3: 21:10614293:d=2021122106:HGT:3 mb:5 hour fcst:
 3: 22:11014610:d=2021122106:TMP:3 mb:5 hour fcst:
 3: 23:11468740:d=2021122106:RH:3 mb:5 hour fcst:
 3: 24:11550837:d=2021122106:SPFH:3 mb:5 hour fcst:
 3: 25:12144725:d=2021122106:VVEL:3 mb:5 hour fcst:
 3: 26:13005690:d=2021122106:DZDT:3 mb:5 hour fcst:
 3: 27:14050798:d=2021122106:UGRD:3 mb:5 hour fcst:
 3: 28:14344252:d=2021122106:VGRD:3 mb:5 hour fcst:
 3: 29:14620506:d=2021122106:ABSV:3 mb:5 hour fcst:
 3: 30:15113424:d=2021122106:O3MR:3 mb:5 hour fcst:
 3: 31:15737022:d=2021122106:HGT:5 mb:5 hour fcst:
 3: + product_functions.sh[10]rc=0
 3: + product_functions.sh[11]((  rc == 0  ))
 3: + product_functions.sh[11]mv pgb2file_f005_4_0p25.new pgb2file_f005_4_0p25
 3: + product_functions.sh[12]return 0
 3: + interp_atmos_master.sh[56]export err=0
 3: + interp_atmos_master.sh[56]err=0
 3: + interp_atmos_master.sh[57][[ 0 -ne 0 ]]
 3: ++ interp_atmos_master.sh[62]wc -l
 3: ++ interp_atmos_master.sh[62]wgrib2 pgb2file_f005_4_0p25 -match 'LAND|ICEC'
 3: + interp_atmos_master.sh[62]var_count=0
 3: + interp_atmos_master.sh[63][[ 0 -eq 2 ]]
 3: + interp_atmos_master.sh[54]for grid in "${grids[@]}"
 3: + interp_atmos_master.sh[55]trim_rh pgb2file_f005_4_0p50
 3: + product_functions.sh[5]local filename=pgb2file_f005_4_0p50
 3: + product_functions.sh[6]wgrib2 pgb2file_f005_4_0p50 -not_if :RH: -grib pgb2file_f005_4_0p50.new -if :RH: -rpn '10:*:0.5:+:floor:1000:min:10:/' -set_grib_type same -set_scaling -1 0 -grib_out pgb2file_f005_4_0p50.new
 3: 1:0:d=2021122106:HGT:1 mb:5 hour fcst:
 3: 2:148250:d=2021122106:TMP:1 mb:5 hour fcst:
 3: 3:299293:d=2021122106:RH:1 mb:5 hour fcst:
 3: 4:323108:d=2021122106:SPFH:1 mb:5 hour fcst:
 3: 5:500308:d=2021122106:VVEL:1 mb:5 hour fcst:
 3: 6:834082:d=2021122106:DZDT:1 mb:5 hour fcst:
 3: 7:1150080:d=2021122106:UGRD:1 mb:5 hour fcst:
 3: 8:1246515:d=2021122106:VGRD:1 mb:5 hour fcst:
 3: 9:1333440:d=2021122106:ABSV:1 mb:5 hour fcst:
 3: 10:1492741:d=2021122106:O3MR:1 mb:5 hour fcst:
 3: 11:1722199:d=2021122106:HGT:2 mb:5 hour fcst:
 3: 12:1861757:d=2021122106:TMP:2 mb:5 hour fcst:
 3: 13:2015189:d=2021122106:RH:2 mb:5 hour fcst:
 3: 14:2033352:d=2021122106:SPFH:2 mb:5 hour fcst:
 3: 15:2206622:d=2021122106:VVEL:2 mb:5 hour fcst:
 3: 16:2456927:d=2021122106:DZDT:2 mb:5 hour fcst:
 3: 17:2775501:d=2021122106:UGRD:2 mb:5 hour fcst:
 3: 18:2870137:d=2021122106:VGRD:2 mb:5 hour fcst:
 3: 19:2957524:d=2021122106:ABSV:2 mb:5 hour fcst:
 3: 20:3122737:d=2021122106:O3MR:2 mb:5 hour fcst:
 3: 21:3327799:d=2021122106:HGT:3 mb:5 hour fcst:
 3: 22:3461662:d=2021122106:TMP:3 mb:5 hour fcst:
 3: 23:3611936:d=2021122106:RH:3 mb:5 hour fcst:
 3: 24:3639484:d=2021122106:SPFH:3 mb:5 hour fcst:
 3: 25:3826057:d=2021122106:VVEL:3 mb:5 hour fcst:
 3: 26:4087377:d=2021122106:DZDT:3 mb:5 hour fcst:
 3: 27:4396597:d=2021122106:UGRD:3 mb:5 hour fcst:
 3: 28:4490130:d=2021122106:VGRD:3 mb:5 hour fcst:
 3: 29:4575327:d=2021122106:ABSV:3 mb:5 hour fcst:
 3: 30:4739559:d=2021122106:O3MR:3 mb:5 hour fcst:
 3: 31:4939630:d=2021122106:HGT:5 mb:5 hour fcst:
 3: + product_functions.sh[10]rc=0
 3: + product_functions.sh[11]((  rc == 0  ))
 3: + product_functions.sh[11]mv pgb2file_f005_4_0p50.new pgb2file_f005_4_0p50
 3: + product_functions.sh[12]return 0
 3: + interp_atmos_master.sh[56]export err=0
 3: + interp_atmos_master.sh[56]err=0
 3: + interp_atmos_master.sh[57][[ 0 -ne 0 ]]
 3: ++ interp_atmos_master.sh[62]wc -l
 3: ++ interp_atmos_master.sh[62]wgrib2 pgb2file_f005_4_0p50 -match 'LAND|ICEC'
 3: + interp_atmos_master.sh[62]var_count=0
 3: + interp_atmos_master.sh[63][[ 0 -eq 2 ]]
 3: + interp_atmos_master.sh[54]for grid in "${grids[@]}"
 3: + interp_atmos_master.sh[55]trim_rh pgb2file_f005_4_1p00
 3: + product_functions.sh[5]local filename=pgb2file_f005_4_1p00
 3: + product_functions.sh[6]wgrib2 pgb2file_f005_4_1p00 -not_if :RH: -grib pgb2file_f005_4_1p00.new -if :RH: -rpn '10:*:0.5:+:floor:1000:min:10:/' -set_grib_type same -set_scaling -1 0 -grib_out pgb2file_f005_4_1p00.new
 3: 1:0:d=2021122106:HGT:1 mb:5 hour fcst:
 3: 2:48990:d=2021122106:TMP:1 mb:5 hour fcst:
 3: 3:99125:d=2021122106:RH:1 mb:5 hour fcst:
 3: 4:107675:d=2021122106:SPFH:1 mb:5 hour fcst:
 3: 5:164730:d=2021122106:VVEL:1 mb:5 hour fcst:
 3: 6:262023:d=2021122106:DZDT:1 mb:5 hour fcst:
 3: 7:354881:d=2021122106:UGRD:1 mb:5 hour fcst:
 3: 8:388561:d=2021122106:VGRD:1 mb:5 hour fcst:
 3: 9:418562:d=2021122106:ABSV:1 mb:5 hour fcst:
 3: 10:470533:d=2021122106:O3MR:1 mb:5 hour fcst:
 3: 11:541459:d=2021122106:HGT:2 mb:5 hour fcst:
 3: 12:588102:d=2021122106:TMP:2 mb:5 hour fcst:
 3: 13:638746:d=2021122106:RH:2 mb:5 hour fcst:
 3: 14:645345:d=2021122106:SPFH:2 mb:5 hour fcst:
 3: 15:701139:d=2021122106:VVEL:2 mb:5 hour fcst:
 3: 16:776787:d=2021122106:DZDT:2 mb:5 hour fcst:
 3: 17:870464:d=2021122106:UGRD:2 mb:5 hour fcst:
 3: 18:903627:d=2021122106:VGRD:2 mb:5 hour fcst:
 3: 19:933869:d=2021122106:ABSV:2 mb:5 hour fcst:
 3: 20:987368:d=2021122106:O3MR:2 mb:5 hour fcst:
 3: 21:1051838:d=2021122106:HGT:3 mb:5 hour fcst:
 3: 22:1096725:d=2021122106:TMP:3 mb:5 hour fcst:
 3: 23:1146514:d=2021122106:RH:3 mb:5 hour fcst:
 3: 24:1156030:d=2021122106:SPFH:3 mb:5 hour fcst:
 3: 25:1215452:d=2021122106:VVEL:3 mb:5 hour fcst:
 3: 26:1293919:d=2021122106:DZDT:3 mb:5 hour fcst:
 3: 27:1385195:d=2021122106:UGRD:3 mb:5 hour fcst:
 3: 28:1417669:d=2021122106:VGRD:3 mb:5 hour fcst:
 3: 29:1447208:d=2021122106:ABSV:3 mb:5 hour fcst:
 3: 30:1500511:d=2021122106:O3MR:3 mb:5 hour fcst:
 3: 31:1563788:d=2021122106:HGT:5 mb:5 hour fcst:
 3: + product_functions.sh[10]rc=0
 3: + product_functions.sh[11]((  rc == 0  ))
 3: + product_functions.sh[11]mv pgb2file_f005_4_1p00.new pgb2file_f005_4_1p00
 3: + product_functions.sh[12]return 0
 3: + interp_atmos_master.sh[56]export err=0
 3: + interp_atmos_master.sh[56]err=0
 3: + interp_atmos_master.sh[57][[ 0 -ne 0 ]]
 3: ++ interp_atmos_master.sh[62]wc -l
 3: ++ interp_atmos_master.sh[62]wgrib2 pgb2file_f005_4_1p00 -match 'LAND|ICEC'
 3: + interp_atmos_master.sh[62]var_count=0
 3: + interp_atmos_master.sh[63][[ 0 -eq 2 ]]
 3: + interp_atmos_master.sh[73]exit 0
13: + bash[8]'[' -z '' ']'
13: + bash[9]case "$-" in
13: + bash[12]__lmod_vx=x
13: + bash[16]'[' -n x ']'
13: + bash[16]set +x
13: Shell debugging temporarily silenced: export LMOD_SH_DBG_ON=1 for this output (/apps/other/lmod/lmod/init/bash)
13: Shell debugging restarted
13: + bash[224]unset __lmod_vx
13: + interp_atmos_master.sh[7]input_file=tmpfile_f005_14
13: + interp_atmos_master.sh[8]output_file_prefix=pgb2file_f005_14
13: + interp_atmos_master.sh[9]grid_string=0p25:0p50:1p00
13: + interp_atmos_master.sh[12]defaults='-set_grib_type same -set_bitmap 1 -set_grib_max_bits 16'
13: + interp_atmos_master.sh[13]interp_winds='-new_grid_winds earth'
13: + interp_atmos_master.sh[14]interp_bilinear='-new_grid_interpolation bilinear'
13: + interp_atmos_master.sh[15]interp_neighbor='-if :(CSNOW|CRAIN|CFRZR|CICEP|ICSEV): -new_grid_interpolation neighbor -fi'
13: + interp_atmos_master.sh[16]interp_budget='-if :(APCP|ACPCP|PRATE|CPRAT|DZDT): -new_grid_interpolation budget -fi'
13: + interp_atmos_master.sh[17]increased_bits='-if :(APCP|ACPCP|PRATE|CPRAT): -set_grib_max_bits 25 -fi'
13: + interp_atmos_master.sh[21]grid0p25='latlon 0:1440:0.25 90:721:-0.25'
13: + interp_atmos_master.sh[23]grid0p50='latlon 0:720:0.5 90:361:-0.5'
13: + interp_atmos_master.sh[25]grid1p00='latlon 0:360:1.0 90:181:-1.0'
13: + interp_atmos_master.sh[28]source /work2/noaa/global/mterry/global-workflow_forked/ush/product_functions.sh
13: + interp_atmos_master.sh[31]IFS=:
13: + interp_atmos_master.sh[31]read -ra grids
13: + interp_atmos_master.sh[33]output_grids=
13: + interp_atmos_master.sh[34]for grid in "${grids[@]}"
13: + interp_atmos_master.sh[35]gridopt=grid0p25
13: + interp_atmos_master.sh[36]output_grids=' -new_grid latlon 0:1440:0.25 90:721:-0.25 pgb2file_f005_14_0p25'
13: + interp_atmos_master.sh[34]for grid in "${grids[@]}"
13: + interp_atmos_master.sh[35]gridopt=grid0p50
13: + interp_atmos_master.sh[36]output_grids=' -new_grid latlon 0:1440:0.25 90:721:-0.25 pgb2file_f005_14_0p25 -new_grid latlon 0:720:0.5 90:361:-0.5 pgb2file_f005_14_0p50'
13: + interp_atmos_master.sh[34]for grid in "${grids[@]}"
13: + interp_atmos_master.sh[35]gridopt=grid1p00
13: + interp_atmos_master.sh[36]output_grids=' -new_grid latlon 0:1440:0.25 90:721:-0.25 pgb2file_f005_14_0p25 -new_grid latlon 0:720:0.5 90:361:-0.5 pgb2file_f005_14_0p50 -new_grid latlon 0:360:1.0 90:181:-1.0 pgb2file_f005_14_1p00'
13: + interp_atmos_master.sh[40]wgrib2 tmpfile_f005_14 -set_grib_type same -set_bitmap 1 -set_grib_max_bits 16 -new_grid_winds earth -new_grid_interpolation bilinear -if ':(CSNOW|CRAIN|CFRZR|CICEP|ICSEV):' -new_grid_interpolation neighbor -fi -if ':(APCP|ACPCP|PRATE|CPRAT|DZDT):' -new_grid_interpolation budget -fi -if ':(APCP|ACPCP|PRATE|CPRAT):' -set_grib_max_bits 25 -fi -new_grid latlon 0:1440:0.25 90:721:-0.25 pgb2file_f005_14_0p25 -new_grid latlon 0:720:0.5 90:361:-0.5 pgb2file_f005_14_0p50 -new_grid latlon 0:360:1.0 90:181:-1.0 pgb2file_f005_14_1p00
13: 1:0:d=2021122106:ABSV:650 mb:5 hour fcst:
13: 2:82614:d=2021122106:CLMR:650 mb:5 hour fcst:
13: 3:98716:d=2021122106:ICMR:650 mb:5 hour fcst:
13: 4:129663:d=2021122106:RWMR:650 mb:5 hour fcst:
13: 5:140400:d=2021122106:SNMR:650 mb:5 hour fcst:
13: 6:178002:d=2021122106:GRLE:650 mb:5 hour fcst:
13: 7:183006:d=2021122106:O3MR:650 mb:5 hour fcst:
13: 8:285023:d=2021122106:HGT:700 mb:5 hour fcst:
13: 9:369691:d=2021122106:TMP:700 mb:5 hour fcst:
13: 10:437870:d=2021122106:RH:700 mb:5 hour fcst:
13: 11:509734:d=2021122106:TCDC:700 mb:5 hour fcst:
13: 12:541819:d=2021122106:SPFH:700 mb:5 hour fcst:
13: 13:648150:d=2021122106:VVEL:700 mb:5 hour fcst:
13: 14:749755:d=2021122106:DZDT:700 mb:5 hour fcst:
13: 15:858245:d=2021122106:UGRD:700 mb:5 hour fcst:
13: 16:933905:d=2021122106:VGRD:700 mb:5 hour fcst:
13: 17:1011166:d=2021122106:ABSV:700 mb:5 hour fcst:
13: 18:1093963:d=2021122106:CLMR:700 mb:5 hour fcst:
13: 19:1112585:d=2021122106:ICMR:700 mb:5 hour fcst:
13: 20:1143064:d=2021122106:RWMR:700 mb:5 hour fcst:
13: 21:1155425:d=2021122106:SNMR:700 mb:5 hour fcst:
13: 22:1190572:d=2021122106:GRLE:700 mb:5 hour fcst:
13: 23:1195136:d=2021122106:O3MR:700 mb:5 hour fcst:
13: 24:1306885:d=2021122106:HGT:750 mb:5 hour fcst:
13: 25:1391893:d=2021122106:TMP:750 mb:5 hour fcst:
13: 26:1460955:d=2021122106:RH:750 mb:5 hour fcst:
13: 27:1533814:d=2021122106:TCDC:750 mb:5 hour fcst:
13: 28:1567665:d=2021122106:SPFH:750 mb:5 hour fcst:
13: 29:1676240:d=2021122106:VVEL:750 mb:5 hour fcst:
13: 30:1778349:d=2021122106:DZDT:750 mb:5 hour fcst:
13: 31:1886701:d=2021122106:UGRD:750 mb:5 hour fcst:
13: 32:1962733:d=2021122106:VGRD:750 mb:5 hour fcst:
13: + interp_atmos_master.sh[47]export err=0
13: + interp_atmos_master.sh[47]err=0
13: + interp_atmos_master.sh[48][[ 0 -ne 0 ]]
13: + interp_atmos_master.sh[54]for grid in "${grids[@]}"
13: + interp_atmos_master.sh[55]trim_rh pgb2file_f005_14_0p25
13: + product_functions.sh[5]local filename=pgb2file_f005_14_0p25
13: + product_functions.sh[6]wgrib2 pgb2file_f005_14_0p25 -not_if :RH: -grib pgb2file_f005_14_0p25.new -if :RH: -rpn '10:*:0.5:+:floor:1000:min:10:/' -set_grib_type same -set_scaling -1 0 -grib_out pgb2file_f005_14_0p25.new
13: 1:0:d=2021122106:ABSV:650 mb:5 hour fcst:
13: 2:685712:d=2021122106:CLMR:650 mb:5 hour fcst:
13: 3:823599:d=2021122106:ICMR:650 mb:5 hour fcst:
13: 4:1066892:d=2021122106:RWMR:650 mb:5 hour fcst:
13: 5:1143628:d=2021122106:SNMR:650 mb:5 hour fcst:
13: 6:1432655:d=2021122106:GRLE:650 mb:5 hour fcst:
13: 7:1467990:d=2021122106:O3MR:650 mb:5 hour fcst:
13: 8:2402426:d=2021122106:HGT:700 mb:5 hour fcst:
13: 9:3100155:d=2021122106:TMP:700 mb:5 hour fcst:
13: 10:3611465:d=2021122106:RH:700 mb:5 hour fcst:
13: 11:4173645:d=2021122106:TCDC:700 mb:5 hour fcst:
13: 12:4410549:d=2021122106:SPFH:700 mb:5 hour fcst:
13: 13:5385371:d=2021122106:VVEL:700 mb:5 hour fcst:
13: 14:6317473:d=2021122106:DZDT:700 mb:5 hour fcst:
13: 15:7304972:d=2021122106:UGRD:700 mb:5 hour fcst:
13: 16:7912365:d=2021122106:VGRD:700 mb:5 hour fcst:
13: 17:8541171:d=2021122106:ABSV:700 mb:5 hour fcst:
13: 18:9228837:d=2021122106:CLMR:700 mb:5 hour fcst:
13: 19:9384781:d=2021122106:ICMR:700 mb:5 hour fcst:
13: 20:9632501:d=2021122106:RWMR:700 mb:5 hour fcst:
13: 21:9721329:d=2021122106:SNMR:700 mb:5 hour fcst:
13: 22:9991864:d=2021122106:GRLE:700 mb:5 hour fcst:
13: 23:10023932:d=2021122106:O3MR:700 mb:5 hour fcst:
13: 24:11075725:d=2021122106:HGT:750 mb:5 hour fcst:
13: 25:11777656:d=2021122106:TMP:750 mb:5 hour fcst:
13: 26:12310128:d=2021122106:RH:750 mb:5 hour fcst:
13: 27:12881051:d=2021122106:TCDC:750 mb:5 hour fcst:
13: 28:13132851:d=2021122106:SPFH:750 mb:5 hour fcst:
13: 29:14137062:d=2021122106:VVEL:750 mb:5 hour fcst:
13: 30:15076107:d=2021122106:DZDT:750 mb:5 hour fcst:
13: 31:16062194:d=2021122106:UGRD:750 mb:5 hour fcst:
13: 32:16673399:d=2021122106:VGRD:750 mb:5 hour fcst:
13: + product_functions.sh[10]rc=0
13: + product_functions.sh[11]((  rc == 0  ))
13: + product_functions.sh[11]mv pgb2file_f005_14_0p25.new pgb2file_f005_14_0p25
13: + product_functions.sh[12]return 0
13: + interp_atmos_master.sh[56]export err=0
13: + interp_atmos_master.sh[56]err=0
13: + interp_atmos_master.sh[57][[ 0 -ne 0 ]]
13: ++ interp_atmos_master.sh[62]wc -l
13: ++ interp_atmos_master.sh[62]wgrib2 pgb2file_f005_14_0p25 -match 'LAND|ICEC'
13: + interp_atmos_master.sh[62]var_count=0
13: + interp_atmos_master.sh[63][[ 0 -eq 2 ]]
13: + interp_atmos_master.sh[54]for grid in "${grids[@]}"
13: + interp_atmos_master.sh[55]trim_rh pgb2file_f005_14_0p50
13: + product_functions.sh[5]local filename=pgb2file_f005_14_0p50
13: + product_functions.sh[6]wgrib2 pgb2file_f005_14_0p50 -not_if :RH: -grib pgb2file_f005_14_0p50.new -if :RH: -rpn '10:*:0.5:+:floor:1000:min:10:/' -set_grib_type same -set_scaling -1 0 -grib_out pgb2file_f005_14_0p50.new
13: 1:0:d=2021122106:ABSV:650 mb:5 hour fcst:
13: 2:219554:d=2021122106:CLMR:650 mb:5 hour fcst:
13: 3:267069:d=2021122106:ICMR:650 mb:5 hour fcst:
13: 4:348044:d=2021122106:RWMR:650 mb:5 hour fcst:
13: 5:375242:d=2021122106:SNMR:650 mb:5 hour fcst:
13: 6:473880:d=2021122106:GRLE:650 mb:5 hour fcst:
13: 7:487144:d=2021122106:O3MR:650 mb:5 hour fcst:
13: 8:772766:d=2021122106:HGT:700 mb:5 hour fcst:
13: 9:994447:d=2021122106:TMP:700 mb:5 hour fcst:
13: 10:1164440:d=2021122106:RH:700 mb:5 hour fcst:
13: 11:1350128:d=2021122106:TCDC:700 mb:5 hour fcst:
13: 12:1434370:d=2021122106:SPFH:700 mb:5 hour fcst:
13: 13:1729444:d=2021122106:VVEL:700 mb:5 hour fcst:
13: 14:2012647:d=2021122106:DZDT:700 mb:5 hour fcst:
13: 15:2308329:d=2021122106:UGRD:700 mb:5 hour fcst:
13: 16:2506069:d=2021122106:VGRD:700 mb:5 hour fcst:
13: 17:2708239:d=2021122106:ABSV:700 mb:5 hour fcst:
13: 18:2928371:d=2021122106:CLMR:700 mb:5 hour fcst:
13: 19:2982302:d=2021122106:ICMR:700 mb:5 hour fcst:
13: 20:3064309:d=2021122106:RWMR:700 mb:5 hour fcst:
13: 21:3096122:d=2021122106:SNMR:700 mb:5 hour fcst:
13: 22:3188688:d=2021122106:GRLE:700 mb:5 hour fcst:
13: 23:3200595:d=2021122106:O3MR:700 mb:5 hour fcst:
13: 24:3515280:d=2021122106:HGT:750 mb:5 hour fcst:
13: 25:3739130:d=2021122106:TMP:750 mb:5 hour fcst:
13: 26:3915736:d=2021122106:RH:750 mb:5 hour fcst:
13: 27:4104325:d=2021122106:TCDC:750 mb:5 hour fcst:
13: 28:4193037:d=2021122106:SPFH:750 mb:5 hour fcst:
13: 29:4495843:d=2021122106:VVEL:750 mb:5 hour fcst:
13: 30:4780664:d=2021122106:DZDT:750 mb:5 hour fcst:
13: 31:5076826:d=2021122106:UGRD:750 mb:5 hour fcst:
13: 32:5275475:d=2021122106:VGRD:750 mb:5 hour fcst:
13: + product_functions.sh[10]rc=0
13: + product_functions.sh[11]((  rc == 0  ))
13: + product_functions.sh[11]mv pgb2file_f005_14_0p50.new pgb2file_f005_14_0p50
13: + product_functions.sh[12]return 0
13: + interp_atmos_master.sh[56]export err=0
13: + interp_atmos_master.sh[56]err=0
13: + interp_atmos_master.sh[57][[ 0 -ne 0 ]]
13: ++ interp_atmos_master.sh[62]wc -l
13: ++ interp_atmos_master.sh[62]wgrib2 pgb2file_f005_14_0p50 -match 'LAND|ICEC'
13: + interp_atmos_master.sh[62]var_count=0
13: + interp_atmos_master.sh[63][[ 0 -eq 2 ]]
13: + interp_atmos_master.sh[54]for grid in "${grids[@]}"
13: + interp_atmos_master.sh[55]trim_rh pgb2file_f005_14_1p00
13: + product_functions.sh[5]local filename=pgb2file_f005_14_1p00
13: + product_functions.sh[6]wgrib2 pgb2file_f005_14_1p00 -not_if :RH: -grib pgb2file_f005_14_1p00.new -if :RH: -rpn '10:*:0.5:+:floor:1000:min:10:/' -set_grib_type same -set_scaling -1 0 -grib_out pgb2file_f005_14_1p00.new
13: 1:0:d=2021122106:ABSV:650 mb:5 hour fcst:
13: 2:68456:d=2021122106:CLMR:650 mb:5 hour fcst:
13: 3:85274:d=2021122106:ICMR:650 mb:5 hour fcst:
13: 4:113050:d=2021122106:RWMR:650 mb:5 hour fcst:
13: 5:123100:d=2021122106:SNMR:650 mb:5 hour fcst:
13: 6:156963:d=2021122106:GRLE:650 mb:5 hour fcst:
13: 7:161884:d=2021122106:O3MR:650 mb:5 hour fcst:
13: 8:247600:d=2021122106:HGT:700 mb:5 hour fcst:
13: 9:316564:d=2021122106:TMP:700 mb:5 hour fcst:
13: 10:371687:d=2021122106:RH:700 mb:5 hour fcst:
13: 11:431585:d=2021122106:TCDC:700 mb:5 hour fcst:
13: 12:461353:d=2021122106:SPFH:700 mb:5 hour fcst:
13: 13:549173:d=2021122106:VVEL:700 mb:5 hour fcst:
13: 14:634302:d=2021122106:DZDT:700 mb:5 hour fcst:
13: 15:722057:d=2021122106:UGRD:700 mb:5 hour fcst:
13: 16:784556:d=2021122106:VGRD:700 mb:5 hour fcst:
13: 17:848849:d=2021122106:ABSV:700 mb:5 hour fcst:
13: 18:917565:d=2021122106:CLMR:700 mb:5 hour fcst:
13: 19:936670:d=2021122106:ICMR:700 mb:5 hour fcst:
13: 20:964104:d=2021122106:RWMR:700 mb:5 hour fcst:
13: 21:975852:d=2021122106:SNMR:700 mb:5 hour fcst:
13: 22:1007766:d=2021122106:GRLE:700 mb:5 hour fcst:
13: 23:1012481:d=2021122106:O3MR:700 mb:5 hour fcst:
13: 24:1105522:d=2021122106:HGT:750 mb:5 hour fcst:
13: 25:1174729:d=2021122106:TMP:750 mb:5 hour fcst:
13: 26:1231250:d=2021122106:RH:750 mb:5 hour fcst:
13: 27:1291922:d=2021122106:TCDC:750 mb:5 hour fcst:
13: 28:1322736:d=2021122106:SPFH:750 mb:5 hour fcst:
13: 29:1412367:d=2021122106:VVEL:750 mb:5 hour fcst:
13: 30:1497906:d=2021122106:DZDT:750 mb:5 hour fcst:
13: 31:1585762:d=2021122106:UGRD:750 mb:5 hour fcst:
13: 32:1648867:d=2021122106:VGRD:750 mb:5 hour fcst:
13: + product_functions.sh[10]rc=0
13: + product_functions.sh[11]((  rc == 0  ))
13: + product_functions.sh[11]mv pgb2file_f005_14_1p00.new pgb2file_f005_14_1p00
13: + product_functions.sh[12]return 0
13: + interp_atmos_master.sh[56]export err=0
13: + interp_atmos_master.sh[56]err=0
13: + interp_atmos_master.sh[57][[ 0 -ne 0 ]]
13: ++ interp_atmos_master.sh[62]wc -l
13: ++ interp_atmos_master.sh[62]wgrib2 pgb2file_f005_14_1p00 -match 'LAND|ICEC'
13: + interp_atmos_master.sh[62]var_count=0
13: + interp_atmos_master.sh[63][[ 0 -eq 2 ]]
13: + interp_atmos_master.sh[73]exit 0
15: + bash[8]'[' -z '' ']'
15: + bash[9]case "$-" in
15: + bash[12]__lmod_vx=x
15: + bash[16]'[' -n x ']'
15: + bash[16]set +x
15: Shell debugging temporarily silenced: export LMOD_SH_DBG_ON=1 for this output (/apps/other/lmod/lmod/init/bash)
15: Shell debugging restarted
15: + bash[224]unset __lmod_vx
15: + interp_atmos_master.sh[7]input_file=tmpfile_f005_16
15: + interp_atmos_master.sh[8]output_file_prefix=pgb2file_f005_16
15: + interp_atmos_master.sh[9]grid_string=0p25:0p50:1p00
15: + interp_atmos_master.sh[12]defaults='-set_grib_type same -set_bitmap 1 -set_grib_max_bits 16'
15: + interp_atmos_master.sh[13]interp_winds='-new_grid_winds earth'
15: + interp_atmos_master.sh[14]interp_bilinear='-new_grid_interpolation bilinear'
15: + interp_atmos_master.sh[15]interp_neighbor='-if :(CSNOW|CRAIN|CFRZR|CICEP|ICSEV): -new_grid_interpolation neighbor -fi'
15: + interp_atmos_master.sh[16]interp_budget='-if :(APCP|ACPCP|PRATE|CPRAT|DZDT): -new_grid_interpolation budget -fi'
15: + interp_atmos_master.sh[17]increased_bits='-if :(APCP|ACPCP|PRATE|CPRAT): -set_grib_max_bits 25 -fi'
15: + interp_atmos_master.sh[21]grid0p25='latlon 0:1440:0.25 90:721:-0.25'
15: + interp_atmos_master.sh[23]grid0p50='latlon 0:720:0.5 90:361:-0.5'
15: + interp_atmos_master.sh[25]grid1p00='latlon 0:360:1.0 90:181:-1.0'
15: + interp_atmos_master.sh[28]source /work2/noaa/global/mterry/global-workflow_forked/ush/product_functions.sh
15: + interp_atmos_master.sh[31]IFS=:
15: + interp_atmos_master.sh[31]read -ra grids
15: + interp_atmos_master.sh[33]output_grids=
15: + interp_atmos_master.sh[34]for grid in "${grids[@]}"
15: + interp_atmos_master.sh[35]gridopt=grid0p25
15: + interp_atmos_master.sh[36]output_grids=' -new_grid latlon 0:1440:0.25 90:721:-0.25 pgb2file_f005_16_0p25'
15: + interp_atmos_master.sh[34]for grid in "${grids[@]}"
15: + interp_atmos_master.sh[35]gridopt=grid0p50
15: + interp_atmos_master.sh[36]output_grids=' -new_grid latlon 0:1440:0.25 90:721:-0.25 pgb2file_f005_16_0p25 -new_grid latlon 0:720:0.5 90:361:-0.5 pgb2file_f005_16_0p50'
15: + interp_atmos_master.sh[34]for grid in "${grids[@]}"
15: + interp_atmos_master.sh[35]gridopt=grid1p00
15: + interp_atmos_master.sh[36]output_grids=' -new_grid latlon 0:1440:0.25 90:721:-0.25 pgb2file_f005_16_0p25 -new_grid latlon 0:720:0.5 90:361:-0.5 pgb2file_f005_16_0p50 -new_grid latlon 0:360:1.0 90:181:-1.0 pgb2file_f005_16_1p00'
15: + interp_atmos_master.sh[40]wgrib2 tmpfile_f005_16 -set_grib_type same -set_bitmap 1 -set_grib_max_bits 16 -new_grid_winds earth -new_grid_interpolation bilinear -if ':(CSNOW|CRAIN|CFRZR|CICEP|ICSEV):' -new_grid_interpolation neighbor -fi -if ':(APCP|ACPCP|PRATE|CPRAT|DZDT):' -new_grid_interpolation budget -fi -if ':(APCP|ACPCP|PRATE|CPRAT):' -set_grib_max_bits 25 -fi -new_grid latlon 0:1440:0.25 90:721:-0.25 pgb2file_f005_16_0p25 -new_grid latlon 0:720:0.5 90:361:-0.5 pgb2file_f005_16_0p50 -new_grid latlon 0:360:1.0 90:181:-1.0 pgb2file_f005_16_1p00
15: 1:0:d=2021122106:ABSV:850 mb:5 hour fcst:
15: 2:84436:d=2021122106:CLMR:850 mb:5 hour fcst:
15: 3:128963:d=2021122106:ICMR:850 mb:5 hour fcst:
15: 4:160359:d=2021122106:RWMR:850 mb:5 hour fcst:
15: 5:184160:d=2021122106:SNMR:850 mb:5 hour fcst:
15: 6:216600:d=2021122106:GRLE:850 mb:5 hour fcst:
15: 7:221860:d=2021122106:O3MR:850 mb:5 hour fcst:
15: 8:332299:d=2021122106:HGT:900 mb:5 hour fcst:
15: 9:419620:d=2021122106:TMP:900 mb:5 hour fcst:
15: 10:494538:d=2021122106:RH:900 mb:5 hour fcst:
15: 11:567131:d=2021122106:TCDC:900 mb:5 hour fcst:
15: 12:611690:d=2021122106:SPFH:900 mb:5 hour fcst:
15: 13:722299:d=2021122106:VVEL:900 mb:5 hour fcst:
15: 14:823200:d=2021122106:DZDT:900 mb:5 hour fcst:
15: 15:929086:d=2021122106:UGRD:900 mb:5 hour fcst:
15: 16:1006550:d=2021122106:VGRD:900 mb:5 hour fcst:
15: 17:1085245:d=2021122106:ABSV:900 mb:5 hour fcst:
15: 18:1169833:d=2021122106:CLMR:900 mb:5 hour fcst:
15: 19:1205635:d=2021122106:ICMR:900 mb:5 hour fcst:
15: 20:1231975:d=2021122106:RWMR:900 mb:5 hour fcst:
15: 21:1262589:d=2021122106:SNMR:900 mb:5 hour fcst:
15: 22:1292977:d=2021122106:GRLE:900 mb:5 hour fcst:
15: 23:1299140:d=2021122106:O3MR:900 mb:5 hour fcst:
15: 24:1407065:d=2021122106:HGT:925 mb:5 hour fcst:
15: 25:1494959:d=2021122106:TMP:925 mb:5 hour fcst:
15: 26:1570314:d=2021122106:RH:925 mb:5 hour fcst:
15: 27:1642229:d=2021122106:TCDC:925 mb:5 hour fcst:
15: 28:1682404:d=2021122106:SPFH:925 mb:5 hour fcst:
15: 29:1782541:d=2021122106:VVEL:925 mb:5 hour fcst:
15: 30:1882044:d=2021122106:DZDT:925 mb:5 hour fcst:
15: 31:1985001:d=2021122106:UGRD:925 mb:5 hour fcst:
15: 32:2062786:d=2021122106:VGRD:925 mb:5 hour fcst:
15: + interp_atmos_master.sh[47]export err=0
15: + interp_atmos_master.sh[47]err=0
15: + interp_atmos_master.sh[48][[ 0 -ne 0 ]]
15: + interp_atmos_master.sh[54]for grid in "${grids[@]}"
15: + interp_atmos_master.sh[55]trim_rh pgb2file_f005_16_0p25
15: + product_functions.sh[5]local filename=pgb2file_f005_16_0p25
15: + product_functions.sh[6]wgrib2 pgb2file_f005_16_0p25 -not_if :RH: -grib pgb2file_f005_16_0p25.new -if :RH: -rpn '10:*:0.5:+:floor:1000:min:10:/' -set_grib_type same -set_scaling -1 0 -grib_out pgb2file_f005_16_0p25.new
15: 1:0:d=2021122106:ABSV:850 mb:5 hour fcst:
15: 2:711110:d=2021122106:CLMR:850 mb:5 hour fcst:
15: 3:1094549:d=2021122106:ICMR:850 mb:5 hour fcst:
15: 4:1361341:d=2021122106:RWMR:850 mb:5 hour fcst:
15: 5:1524319:d=2021122106:SNMR:850 mb:5 hour fcst:
15: 6:1774574:d=2021122106:GRLE:850 mb:5 hour fcst:
15: 7:1811260:d=2021122106:O3MR:850 mb:5 hour fcst:
15: 8:2844051:d=2021122106:HGT:900 mb:5 hour fcst:
15: 9:3573921:d=2021122106:TMP:900 mb:5 hour fcst:
15: 10:4166747:d=2021122106:RH:900 mb:5 hour fcst:
15: 11:4738217:d=2021122106:TCDC:900 mb:5 hour fcst:
15: 12:5074490:d=2021122106:SPFH:900 mb:5 hour fcst:
15: 13:6109593:d=2021122106:VVEL:900 mb:5 hour fcst:
15: 14:7030975:d=2021122106:DZDT:900 mb:5 hour fcst:
15: 15:7977932:d=2021122106:UGRD:900 mb:5 hour fcst:
15: 16:8606407:d=2021122106:VGRD:900 mb:5 hour fcst:
15: 17:9248245:d=2021122106:ABSV:900 mb:5 hour fcst:
15: 18:9958101:d=2021122106:CLMR:900 mb:5 hour fcst:
15: 19:10261294:d=2021122106:ICMR:900 mb:5 hour fcst:
15: 20:10471477:d=2021122106:RWMR:900 mb:5 hour fcst:
15: 21:10684037:d=2021122106:SNMR:900 mb:5 hour fcst:
15: 22:10916632:d=2021122106:GRLE:900 mb:5 hour fcst:
15: 23:10959723:d=2021122106:O3MR:900 mb:5 hour fcst:
15: 24:11968397:d=2021122106:HGT:925 mb:5 hour fcst:
15: 25:12704152:d=2021122106:TMP:925 mb:5 hour fcst:
15: 26:13301957:d=2021122106:RH:925 mb:5 hour fcst:
15: 27:13865019:d=2021122106:TCDC:925 mb:5 hour fcst:
15: 28:14160005:d=2021122106:SPFH:925 mb:5 hour fcst:
15: 29:15072651:d=2021122106:VVEL:925 mb:5 hour fcst:
15: 30:15974464:d=2021122106:DZDT:925 mb:5 hour fcst:
15: 31:16900264:d=2021122106:UGRD:925 mb:5 hour fcst:
15: 32:17530182:d=2021122106:VGRD:925 mb:5 hour fcst:
15: + product_functions.sh[10]rc=0
15: + product_functions.sh[11]((  rc == 0  ))
15: + product_functions.sh[11]mv pgb2file_f005_16_0p25.new pgb2file_f005_16_0p25
15: + product_functions.sh[12]return 0
15: + interp_atmos_master.sh[56]export err=0
15: + interp_atmos_master.sh[56]err=0
15: + interp_atmos_master.sh[57][[ 0 -ne 0 ]]
15: ++ interp_atmos_master.sh[62]wc -l
15: ++ interp_atmos_master.sh[62]wgrib2 pgb2file_f005_16_0p25 -match 'LAND|ICEC'
15: + interp_atmos_master.sh[62]var_count=0
15: + interp_atmos_master.sh[63][[ 0 -eq 2 ]]
15: + interp_atmos_master.sh[54]for grid in "${grids[@]}"
15: + interp_atmos_master.sh[55]trim_rh pgb2file_f005_16_0p50
15: + product_functions.sh[5]local filename=pgb2file_f005_16_0p50
15: + product_functions.sh[6]wgrib2 pgb2file_f005_16_0p50 -not_if :RH: -grib pgb2file_f005_16_0p50.new -if :RH: -rpn '10:*:0.5:+:floor:1000:min:10:/' -set_grib_type same -set_scaling -1 0 -grib_out pgb2file_f005_16_0p50.new
15: 1:0:d=2021122106:ABSV:850 mb:5 hour fcst:
15: 2:225110:d=2021122106:CLMR:850 mb:5 hour fcst:
15: 3:350910:d=2021122106:ICMR:850 mb:5 hour fcst:
15: 4:437507:d=2021122106:RWMR:850 mb:5 hour fcst:
15: 5:496517:d=2021122106:SNMR:850 mb:5 hour fcst:
15: 6:580812:d=2021122106:GRLE:850 mb:5 hour fcst:
15: 7:594375:d=2021122106:O3MR:850 mb:5 hour fcst:
15: 8:905329:d=2021122106:HGT:900 mb:5 hour fcst:
15: 9:1136758:d=2021122106:TMP:900 mb:5 hour fcst:
15: 10:1330583:d=2021122106:RH:900 mb:5 hour fcst:
15: 11:1518567:d=2021122106:TCDC:900 mb:5 hour fcst:
15: 12:1635739:d=2021122106:SPFH:900 mb:5 hour fcst:
15: 13:1945697:d=2021122106:VVEL:900 mb:5 hour fcst:
15: 14:2226543:d=2021122106:DZDT:900 mb:5 hour fcst:
15: 15:2513030:d=2021122106:UGRD:900 mb:5 hour fcst:
15: 16:2716871:d=2021122106:VGRD:900 mb:5 hour fcst:
15: 17:2924703:d=2021122106:ABSV:900 mb:5 hour fcst:
15: 18:3150980:d=2021122106:CLMR:900 mb:5 hour fcst:
15: 19:3251773:d=2021122106:ICMR:900 mb:5 hour fcst:
15: 20:3321194:d=2021122106:RWMR:900 mb:5 hour fcst:
15: 21:3397480:d=2021122106:SNMR:900 mb:5 hour fcst:
15: 22:3475578:d=2021122106:GRLE:900 mb:5 hour fcst:
15: 23:3491758:d=2021122106:O3MR:900 mb:5 hour fcst:
15: 24:3796232:d=2021122106:HGT:925 mb:5 hour fcst:
15: 25:4029673:d=2021122106:TMP:925 mb:5 hour fcst:
15: 26:4225127:d=2021122106:RH:925 mb:5 hour fcst:
15: 27:4410625:d=2021122106:TCDC:925 mb:5 hour fcst:
15: 28:4515472:d=2021122106:SPFH:925 mb:5 hour fcst:
15: 29:4793246:d=2021122106:VVEL:925 mb:5 hour fcst:
15: 30:5068971:d=2021122106:DZDT:925 mb:5 hour fcst:
15: 31:5350354:d=2021122106:UGRD:925 mb:5 hour fcst:
15: 32:5554900:d=2021122106:VGRD:925 mb:5 hour fcst:
15: + product_functions.sh[10]rc=0
15: + product_functions.sh[11]((  rc == 0  ))
15: + product_functions.sh[11]mv pgb2file_f005_16_0p50.new pgb2file_f005_16_0p50
15: + product_functions.sh[12]return 0
15: + interp_atmos_master.sh[56]export err=0
15: + interp_atmos_master.sh[56]err=0
15: + interp_atmos_master.sh[57][[ 0 -ne 0 ]]
15: ++ interp_atmos_master.sh[62]wc -l
15: ++ interp_atmos_master.sh[62]wgrib2 pgb2file_f005_16_0p50 -match 'LAND|ICEC'
15: + interp_atmos_master.sh[62]var_count=0
15: + interp_atmos_master.sh[63][[ 0 -eq 2 ]]
15: + interp_atmos_master.sh[54]for grid in "${grids[@]}"
15: + interp_atmos_master.sh[55]trim_rh pgb2file_f005_16_1p00
15: + product_functions.sh[5]local filename=pgb2file_f005_16_1p00
15: + product_functions.sh[6]wgrib2 pgb2file_f005_16_1p00 -not_if :RH: -grib pgb2file_f005_16_1p00.new -if :RH: -rpn '10:*:0.5:+:floor:1000:min:10:/' -set_grib_type same -set_scaling -1 0 -grib_out pgb2file_f005_16_1p00.new
15: 1:0:d=2021122106:ABSV:850 mb:5 hour fcst:
15: 2:70586:d=2021122106:CLMR:850 mb:5 hour fcst:
15: 3:111998:d=2021122106:ICMR:850 mb:5 hour fcst:
15: 4:140079:d=2021122106:RWMR:850 mb:5 hour fcst:
15: 5:162008:d=2021122106:SNMR:850 mb:5 hour fcst:
15: 6:190740:d=2021122106:GRLE:850 mb:5 hour fcst:
15: 7:196079:d=2021122106:O3MR:850 mb:5 hour fcst:
15: 8:287745:d=2021122106:HGT:900 mb:5 hour fcst:
15: 9:359010:d=2021122106:TMP:900 mb:5 hour fcst:
15: 10:420359:d=2021122106:RH:900 mb:5 hour fcst:
15: 11:479813:d=2021122106:TCDC:900 mb:5 hour fcst:
15: 12:519898:d=2021122106:SPFH:900 mb:5 hour fcst:
15: 13:611137:d=2021122106:VVEL:900 mb:5 hour fcst:
15: 14:695492:d=2021122106:DZDT:900 mb:5 hour fcst:
15: 15:781310:d=2021122106:UGRD:900 mb:5 hour fcst:
15: 16:845486:d=2021122106:VGRD:900 mb:5 hour fcst:
15: 17:911512:d=2021122106:ABSV:900 mb:5 hour fcst:
15: 18:982170:d=2021122106:CLMR:900 mb:5 hour fcst:
15: 19:1016023:d=2021122106:ICMR:900 mb:5 hour fcst:
15: 20:1039037:d=2021122106:RWMR:900 mb:5 hour fcst:
15: 21:1066730:d=2021122106:SNMR:900 mb:5 hour fcst:
15: 22:1093000:d=2021122106:GRLE:900 mb:5 hour fcst:
15: 23:1099253:d=2021122106:O3MR:900 mb:5 hour fcst:
15: 24:1189309:d=2021122106:HGT:925 mb:5 hour fcst:
15: 25:1261228:d=2021122106:TMP:925 mb:5 hour fcst:
15: 26:1322941:d=2021122106:RH:925 mb:5 hour fcst:
15: 27:1381967:d=2021122106:TCDC:925 mb:5 hour fcst:
15: 28:1418467:d=2021122106:SPFH:925 mb:5 hour fcst:
15: 29:1501164:d=2021122106:VVEL:925 mb:5 hour fcst:
15: 30:1584165:d=2021122106:DZDT:925 mb:5 hour fcst:
15: 31:1668342:d=2021122106:UGRD:925 mb:5 hour fcst:
15: 32:1733113:d=2021122106:VGRD:925 mb:5 hour fcst:
15: + product_functions.sh[10]rc=0
15: + product_functions.sh[11]((  rc == 0  ))
15: + product_functions.sh[11]mv pgb2file_f005_16_1p00.new pgb2file_f005_16_1p00
15: + product_functions.sh[12]return 0
15: + interp_atmos_master.sh[56]export err=0
15: + interp_atmos_master.sh[56]err=0
15: + interp_atmos_master.sh[57][[ 0 -ne 0 ]]
15: ++ interp_atmos_master.sh[62]wc -l
15: ++ interp_atmos_master.sh[62]wgrib2 pgb2file_f005_16_1p00 -match 'LAND|ICEC'
15: + interp_atmos_master.sh[62]var_count=0
15: + interp_atmos_master.sh[63][[ 0 -eq 2 ]]
15: + interp_atmos_master.sh[73]exit 0
 7: + bash[8]'[' -z '' ']'
 7: + bash[9]case "$-" in
 7: + bash[12]__lmod_vx=x
 7: + bash[16]'[' -n x ']'
 7: + bash[16]set +x
 7: Shell debugging temporarily silenced: export LMOD_SH_DBG_ON=1 for this output (/apps/other/lmod/lmod/init/bash)
 7: Shell debugging restarted
 7: + bash[224]unset __lmod_vx
 7: + interp_atmos_master.sh[7]input_file=tmpfile_f005_8
 7: + interp_atmos_master.sh[8]output_file_prefix=pgb2file_f005_8
 7: + interp_atmos_master.sh[9]grid_string=0p25:0p50:1p00
 7: + interp_atmos_master.sh[12]defaults='-set_grib_type same -set_bitmap 1 -set_grib_max_bits 16'
 7: + interp_atmos_master.sh[13]interp_winds='-new_grid_winds earth'
 7: + interp_atmos_master.sh[14]interp_bilinear='-new_grid_interpolation bilinear'
 7: + interp_atmos_master.sh[15]interp_neighbor='-if :(CSNOW|CRAIN|CFRZR|CICEP|ICSEV): -new_grid_interpolation neighbor -fi'
 7: + interp_atmos_master.sh[16]interp_budget='-if :(APCP|ACPCP|PRATE|CPRAT|DZDT): -new_grid_interpolation budget -fi'
 7: + interp_atmos_master.sh[17]increased_bits='-if :(APCP|ACPCP|PRATE|CPRAT): -set_grib_max_bits 25 -fi'
 7: + interp_atmos_master.sh[21]grid0p25='latlon 0:1440:0.25 90:721:-0.25'
 7: + interp_atmos_master.sh[23]grid0p50='latlon 0:720:0.5 90:361:-0.5'
 7: + interp_atmos_master.sh[25]grid1p00='latlon 0:360:1.0 90:181:-1.0'
 7: + interp_atmos_master.sh[28]source /work2/noaa/global/mterry/global-workflow_forked/ush/product_functions.sh
 7: + interp_atmos_master.sh[31]IFS=:
 7: + interp_atmos_master.sh[31]read -ra grids
 7: + interp_atmos_master.sh[33]output_grids=
 7: + interp_atmos_master.sh[34]for grid in "${grids[@]}"
 7: + interp_atmos_master.sh[35]gridopt=grid0p25
 7: + interp_atmos_master.sh[36]output_grids=' -new_grid latlon 0:1440:0.25 90:721:-0.25 pgb2file_f005_8_0p25'
 7: + interp_atmos_master.sh[34]for grid in "${grids[@]}"
 7: + interp_atmos_master.sh[35]gridopt=grid0p50
 7: + interp_atmos_master.sh[36]output_grids=' -new_grid latlon 0:1440:0.25 90:721:-0.25 pgb2file_f005_8_0p25 -new_grid latlon 0:720:0.5 90:361:-0.5 pgb2file_f005_8_0p50'
 7: + interp_atmos_master.sh[34]for grid in "${grids[@]}"
 7: + interp_atmos_master.sh[35]gridopt=grid1p00
 7: + interp_atmos_master.sh[36]output_grids=' -new_grid latlon 0:1440:0.25 90:721:-0.25 pgb2file_f005_8_0p25 -new_grid latlon 0:720:0.5 90:361:-0.5 pgb2file_f005_8_0p50 -new_grid latlon 0:360:1.0 90:181:-1.0 pgb2file_f005_8_1p00'
 7: + interp_atmos_master.sh[40]wgrib2 tmpfile_f005_8 -set_grib_type same -set_bitmap 1 -set_grib_max_bits 16 -new_grid_winds earth -new_grid_interpolation bilinear -if ':(CSNOW|CRAIN|CFRZR|CICEP|ICSEV):' -new_grid_interpolation neighbor -fi -if ':(APCP|ACPCP|PRATE|CPRAT|DZDT):' -new_grid_interpolation budget -fi -if ':(APCP|ACPCP|PRATE|CPRAT):' -set_grib_max_bits 25 -fi -new_grid latlon 0:1440:0.25 90:721:-0.25 pgb2file_f005_8_0p25 -new_grid latlon 0:720:0.5 90:361:-0.5 pgb2file_f005_8_0p50 -new_grid latlon 0:360:1.0 90:181:-1.0 pgb2file_f005_8_1p00
 7: 1:0:d=2021122106:ABSV:70 mb:5 hour fcst:
 7: 2:72834:d=2021122106:O3MR:70 mb:5 hour fcst:
 7: 3:170311:d=2021122106:HGT:100 mb:5 hour fcst:
 7: 4:237027:d=2021122106:TMP:100 mb:5 hour fcst:
 7: 5:298252:d=2021122106:RH:100 mb:5 hour fcst:
 7: 6:333979:d=2021122106:TCDC:100 mb:5 hour fcst:
 7: 7:334328:d=2021122106:SPFH:100 mb:5 hour fcst:
 7: 8:425707:d=2021122106:VVEL:100 mb:5 hour fcst:
 7: 9:530355:d=2021122106:DZDT:100 mb:5 hour fcst:
 7: 10:632440:d=2021122106:UGRD:100 mb:5 hour fcst:
 7: 11:676465:d=2021122106:VGRD:100 mb:5 hour fcst:
 7: 12:748678:d=2021122106:ABSV:100 mb:5 hour fcst:
 7: 13:825086:d=2021122106:CLMR:100 mb:5 hour fcst:
 7: 14:825265:d=2021122106:ICMR:100 mb:5 hour fcst:
 7: 15:827442:d=2021122106:RWMR:100 mb:5 hour fcst:
 7: 16:827621:d=2021122106:SNMR:100 mb:5 hour fcst:
 7: 17:827956:d=2021122106:GRLE:100 mb:5 hour fcst:
 7: 18:828336:d=2021122106:O3MR:100 mb:5 hour fcst:
 7: 19:919345:d=2021122106:HGT:150 mb:5 hour fcst:
 7: 20:987759:d=2021122106:TMP:150 mb:5 hour fcst:
 7: 21:1048928:d=2021122106:RH:150 mb:5 hour fcst:
 7: 22:1090558:d=2021122106:TCDC:150 mb:5 hour fcst:
 7: 23:1100087:d=2021122106:SPFH:150 mb:5 hour fcst:
 7: 24:1187864:d=2021122106:VVEL:150 mb:5 hour fcst:
 7: 25:1269088:d=2021122106:DZDT:150 mb:5 hour fcst:
 7: 26:1365769:d=2021122106:UGRD:150 mb:5 hour fcst:
 7: 27:1411570:d=2021122106:VGRD:150 mb:5 hour fcst:
 7: 28:1484944:d=2021122106:ABSV:150 mb:5 hour fcst:
 7: 29:1562616:d=2021122106:CLMR:150 mb:5 hour fcst:
 7: 30:1562795:d=2021122106:ICMR:150 mb:5 hour fcst:
 7: 31:1573262:d=2021122106:RWMR:150 mb:5 hour fcst:
 7: + interp_atmos_master.sh[47]export err=0
 7: + interp_atmos_master.sh[47]err=0
 7: + interp_atmos_master.sh[48][[ 0 -ne 0 ]]
 7: + interp_atmos_master.sh[54]for grid in "${grids[@]}"
 7: + interp_atmos_master.sh[55]trim_rh pgb2file_f005_8_0p25
 7: + product_functions.sh[5]local filename=pgb2file_f005_8_0p25
 7: + product_functions.sh[6]wgrib2 pgb2file_f005_8_0p25 -not_if :RH: -grib pgb2file_f005_8_0p25.new -if :RH: -rpn '10:*:0.5:+:floor:1000:min:10:/' -set_grib_type same -set_scaling -1 0 -grib_out pgb2file_f005_8_0p25.new
 7: 1:0:d=2021122106:ABSV:70 mb:5 hour fcst:
 7: 2:580300:d=2021122106:O3MR:70 mb:5 hour fcst:
 7: 3:1459255:d=2021122106:HGT:100 mb:5 hour fcst:
 7: 4:1978849:d=2021122106:TMP:100 mb:5 hour fcst:
 7: 5:2438547:d=2021122106:RH:100 mb:5 hour fcst:
 7: 6:2715534:d=2021122106:TCDC:100 mb:5 hour fcst:
 7: 7:2716906:d=2021122106:SPFH:100 mb:5 hour fcst:
 7: 8:3518019:d=2021122106:VVEL:100 mb:5 hour fcst:
 7: 9:4494589:d=2021122106:DZDT:100 mb:5 hour fcst:
 7: 10:5423656:d=2021122106:UGRD:100 mb:5 hour fcst:
 7: 11:6037466:d=2021122106:VGRD:100 mb:5 hour fcst:
 7: 12:6622751:d=2021122106:ABSV:100 mb:5 hour fcst:
 7: 13:7243425:d=2021122106:CLMR:100 mb:5 hour fcst:
 7: 14:7243604:d=2021122106:ICMR:100 mb:5 hour fcst:
 7: 15:7254017:d=2021122106:RWMR:100 mb:5 hour fcst:
 7: 16:7254196:d=2021122106:SNMR:100 mb:5 hour fcst:
 7: 17:7255210:d=2021122106:GRLE:100 mb:5 hour fcst:
 7: 18:7256606:d=2021122106:O3MR:100 mb:5 hour fcst:
 7: 19:8039100:d=2021122106:HGT:150 mb:5 hour fcst:
 7: 20:8576542:d=2021122106:TMP:150 mb:5 hour fcst:
 7: 21:9036563:d=2021122106:RH:150 mb:5 hour fcst:
 7: 22:9360601:d=2021122106:TCDC:150 mb:5 hour fcst:
 7: 23:9434557:d=2021122106:SPFH:150 mb:5 hour fcst:
 7: 24:10195316:d=2021122106:VVEL:150 mb:5 hour fcst:
 7: 25:10886186:d=2021122106:DZDT:150 mb:5 hour fcst:
 7: 26:11728612:d=2021122106:UGRD:150 mb:5 hour fcst:
 7: 27:12360319:d=2021122106:VGRD:150 mb:5 hour fcst:
 7: 28:12960432:d=2021122106:ABSV:150 mb:5 hour fcst:
 7: 29:13592993:d=2021122106:CLMR:150 mb:5 hour fcst:
 7: 30:13593172:d=2021122106:ICMR:150 mb:5 hour fcst:
 7: 31:13666712:d=2021122106:RWMR:150 mb:5 hour fcst:
 7: + product_functions.sh[10]rc=0
 7: + product_functions.sh[11]((  rc == 0  ))
 7: + product_functions.sh[11]mv pgb2file_f005_8_0p25.new pgb2file_f005_8_0p25
 7: + product_functions.sh[12]return 0
 7: + interp_atmos_master.sh[56]export err=0
 7: + interp_atmos_master.sh[56]err=0
 7: + interp_atmos_master.sh[57][[ 0 -ne 0 ]]
 7: ++ interp_atmos_master.sh[62]wc -l
 7: ++ interp_atmos_master.sh[62]wgrib2 pgb2file_f005_8_0p25 -match 'LAND|ICEC'
 7: + interp_atmos_master.sh[62]var_count=0
 7: + interp_atmos_master.sh[63][[ 0 -eq 2 ]]
 7: + interp_atmos_master.sh[54]for grid in "${grids[@]}"
 7: + interp_atmos_master.sh[55]trim_rh pgb2file_f005_8_0p50
 7: + product_functions.sh[5]local filename=pgb2file_f005_8_0p50
 7: + product_functions.sh[6]wgrib2 pgb2file_f005_8_0p50 -not_if :RH: -grib pgb2file_f005_8_0p50.new -if :RH: -rpn '10:*:0.5:+:floor:1000:min:10:/' -set_grib_type same -set_scaling -1 0 -grib_out pgb2file_f005_8_0p50.new
 7: 1:0:d=2021122106:ABSV:70 mb:5 hour fcst:
 7: 2:188519:d=2021122106:O3MR:70 mb:5 hour fcst:
 7: 3:458523:d=2021122106:HGT:100 mb:5 hour fcst:
 7: 4:628233:d=2021122106:TMP:100 mb:5 hour fcst:
 7: 5:781598:d=2021122106:RH:100 mb:5 hour fcst:
 7: 6:870668:d=2021122106:TCDC:100 mb:5 hour fcst:
 7: 7:871378:d=2021122106:SPFH:100 mb:5 hour fcst:
 7: 8:1119535:d=2021122106:VVEL:100 mb:5 hour fcst:
 7: 9:1411950:d=2021122106:DZDT:100 mb:5 hour fcst:
 7: 10:1691405:d=2021122106:UGRD:100 mb:5 hour fcst:
 7: 11:1890499:d=2021122106:VGRD:100 mb:5 hour fcst:
 7: 12:2079446:d=2021122106:ABSV:100 mb:5 hour fcst:
 7: 13:2279825:d=2021122106:CLMR:100 mb:5 hour fcst:
 7: 14:2280004:d=2021122106:ICMR:100 mb:5 hour fcst:
 7: 15:2284530:d=2021122106:RWMR:100 mb:5 hour fcst:
 7: 16:2284709:d=2021122106:SNMR:100 mb:5 hour fcst:
 7: 17:2285222:d=2021122106:GRLE:100 mb:5 hour fcst:
 7: 18:2285845:d=2021122106:O3MR:100 mb:5 hour fcst:
 7: 19:2531173:d=2021122106:HGT:150 mb:5 hour fcst:
 7: 20:2706285:d=2021122106:TMP:150 mb:5 hour fcst:
 7: 21:2858885:d=2021122106:RH:150 mb:5 hour fcst:
 7: 22:2962282:d=2021122106:TCDC:150 mb:5 hour fcst:
 7: 23:2987604:d=2021122106:SPFH:150 mb:5 hour fcst:
 7: 24:3222236:d=2021122106:VVEL:150 mb:5 hour fcst:
 7: 25:3438055:d=2021122106:DZDT:150 mb:5 hour fcst:
 7: 26:3694529:d=2021122106:UGRD:150 mb:5 hour fcst:
 7: 27:3898072:d=2021122106:VGRD:150 mb:5 hour fcst:
 7: 28:4091328:d=2021122106:ABSV:150 mb:5 hour fcst:
 7: 29:4294953:d=2021122106:CLMR:150 mb:5 hour fcst:
 7: 30:4295132:d=2021122106:ICMR:150 mb:5 hour fcst:
 7: 31:4320534:d=2021122106:RWMR:150 mb:5 hour fcst:
 7: + product_functions.sh[10]rc=0
 7: + product_functions.sh[11]((  rc == 0  ))
 7: + product_functions.sh[11]mv pgb2file_f005_8_0p50.new pgb2file_f005_8_0p50
 7: + product_functions.sh[12]return 0
 7: + interp_atmos_master.sh[56]export err=0
 7: + interp_atmos_master.sh[56]err=0
 7: + interp_atmos_master.sh[57][[ 0 -ne 0 ]]
 7: ++ interp_atmos_master.sh[62]wc -l
 7: ++ interp_atmos_master.sh[62]wgrib2 pgb2file_f005_8_0p50 -match 'LAND|ICEC'
 7: + interp_atmos_master.sh[62]var_count=0
 7: + interp_atmos_master.sh[63][[ 0 -eq 2 ]]
 7: + interp_atmos_master.sh[54]for grid in "${grids[@]}"
 7: + interp_atmos_master.sh[55]trim_rh pgb2file_f005_8_1p00
 7: + product_functions.sh[5]local filename=pgb2file_f005_8_1p00
 7: + product_functions.sh[6]wgrib2 pgb2file_f005_8_1p00 -not_if :RH: -grib pgb2file_f005_8_1p00.new -if :RH: -rpn '10:*:0.5:+:floor:1000:min:10:/' -set_grib_type same -set_scaling -1 0 -grib_out pgb2file_f005_8_1p00.new
 7: 1:0:d=2021122106:ABSV:70 mb:5 hour fcst:
 7: 2:59660:d=2021122106:O3MR:70 mb:5 hour fcst:
 7: 3:141274:d=2021122106:HGT:100 mb:5 hour fcst:
 7: 4:195946:d=2021122106:TMP:100 mb:5 hour fcst:
 7: 5:245974:d=2021122106:RH:100 mb:5 hour fcst:
 7: 6:275292:d=2021122106:TCDC:100 mb:5 hour fcst:
 7: 7:275717:d=2021122106:SPFH:100 mb:5 hour fcst:
 7: 8:352125:d=2021122106:VVEL:100 mb:5 hour fcst:
 7: 9:438829:d=2021122106:DZDT:100 mb:5 hour fcst:
 7: 10:521773:d=2021122106:UGRD:100 mb:5 hour fcst:
 7: 11:583906:d=2021122106:VGRD:100 mb:5 hour fcst:
 7: 12:644554:d=2021122106:ABSV:100 mb:5 hour fcst:
 7: 13:707868:d=2021122106:CLMR:100 mb:5 hour fcst:
 7: 14:708047:d=2021122106:ICMR:100 mb:5 hour fcst:
 7: 15:710060:d=2021122106:RWMR:100 mb:5 hour fcst:
 7: 16:710239:d=2021122106:SNMR:100 mb:5 hour fcst:
 7: 17:710570:d=2021122106:GRLE:100 mb:5 hour fcst:
 7: 18:710934:d=2021122106:O3MR:100 mb:5 hour fcst:
 7: 19:786928:d=2021122106:HGT:150 mb:5 hour fcst:
 7: 20:843309:d=2021122106:TMP:150 mb:5 hour fcst:
 7: 21:893472:d=2021122106:RH:150 mb:5 hour fcst:
 7: 22:927290:d=2021122106:TCDC:150 mb:5 hour fcst:
 7: 23:935819:d=2021122106:SPFH:150 mb:5 hour fcst:
 7: 24:1008212:d=2021122106:VVEL:150 mb:5 hour fcst:
 7: 25:1074901:d=2021122106:DZDT:150 mb:5 hour fcst:
 7: 26:1152290:d=2021122106:UGRD:150 mb:5 hour fcst:
 7: 27:1215820:d=2021122106:VGRD:150 mb:5 hour fcst:
 7: 28:1277383:d=2021122106:ABSV:150 mb:5 hour fcst:
 7: 29:1341829:d=2021122106:CLMR:150 mb:5 hour fcst:
 7: 30:1342008:d=2021122106:ICMR:150 mb:5 hour fcst:
 7: 31:1350942:d=2021122106:RWMR:150 mb:5 hour fcst:
 7: + product_functions.sh[10]rc=0
 7: + product_functions.sh[11]((  rc == 0  ))
 7: + product_functions.sh[11]mv pgb2file_f005_8_1p00.new pgb2file_f005_8_1p00
 7: + product_functions.sh[12]return 0
 7: + interp_atmos_master.sh[56]export err=0
 7: + interp_atmos_master.sh[56]err=0
 7: + interp_atmos_master.sh[57][[ 0 -ne 0 ]]
 7: ++ interp_atmos_master.sh[62]wc -l
 7: ++ interp_atmos_master.sh[62]wgrib2 pgb2file_f005_8_1p00 -match 'LAND|ICEC'
 7: + interp_atmos_master.sh[62]var_count=0
 7: + interp_atmos_master.sh[63][[ 0 -eq 2 ]]
 7: + interp_atmos_master.sh[73]exit 0
12: + bash[8]'[' -z '' ']'
12: + bash[9]case "$-" in
12: + bash[12]__lmod_vx=x
12: + bash[16]'[' -n x ']'
12: + bash[16]set +x
12: Shell debugging temporarily silenced: export LMOD_SH_DBG_ON=1 for this output (/apps/other/lmod/lmod/init/bash)
12: Shell debugging restarted
12: + bash[224]unset __lmod_vx
12: + interp_atmos_master.sh[7]input_file=tmpfile_f005_13
12: + interp_atmos_master.sh[8]output_file_prefix=pgb2file_f005_13
12: + interp_atmos_master.sh[9]grid_string=0p25:0p50:1p00
12: + interp_atmos_master.sh[12]defaults='-set_grib_type same -set_bitmap 1 -set_grib_max_bits 16'
12: + interp_atmos_master.sh[13]interp_winds='-new_grid_winds earth'
12: + interp_atmos_master.sh[14]interp_bilinear='-new_grid_interpolation bilinear'
12: + interp_atmos_master.sh[15]interp_neighbor='-if :(CSNOW|CRAIN|CFRZR|CICEP|ICSEV): -new_grid_interpolation neighbor -fi'
12: + interp_atmos_master.sh[16]interp_budget='-if :(APCP|ACPCP|PRATE|CPRAT|DZDT): -new_grid_interpolation budget -fi'
12: + interp_atmos_master.sh[17]increased_bits='-if :(APCP|ACPCP|PRATE|CPRAT): -set_grib_max_bits 25 -fi'
12: + interp_atmos_master.sh[21]grid0p25='latlon 0:1440:0.25 90:721:-0.25'
12: + interp_atmos_master.sh[23]grid0p50='latlon 0:720:0.5 90:361:-0.5'
12: + interp_atmos_master.sh[25]grid1p00='latlon 0:360:1.0 90:181:-1.0'
12: + interp_atmos_master.sh[28]source /work2/noaa/global/mterry/global-workflow_forked/ush/product_functions.sh
12: + interp_atmos_master.sh[31]IFS=:
12: + interp_atmos_master.sh[31]read -ra grids
12: + interp_atmos_master.sh[33]output_grids=
12: + interp_atmos_master.sh[34]for grid in "${grids[@]}"
12: + interp_atmos_master.sh[35]gridopt=grid0p25
12: + interp_atmos_master.sh[36]output_grids=' -new_grid latlon 0:1440:0.25 90:721:-0.25 pgb2file_f005_13_0p25'
12: + interp_atmos_master.sh[34]for grid in "${grids[@]}"
12: + interp_atmos_master.sh[35]gridopt=grid0p50
12: + interp_atmos_master.sh[36]output_grids=' -new_grid latlon 0:1440:0.25 90:721:-0.25 pgb2file_f005_13_0p25 -new_grid latlon 0:720:0.5 90:361:-0.5 pgb2file_f005_13_0p50'
12: + interp_atmos_master.sh[34]for grid in "${grids[@]}"
12: + interp_atmos_master.sh[35]gridopt=grid1p00
12: + interp_atmos_master.sh[36]output_grids=' -new_grid latlon 0:1440:0.25 90:721:-0.25 pgb2file_f005_13_0p25 -new_grid latlon 0:720:0.5 90:361:-0.5 pgb2file_f005_13_0p50 -new_grid latlon 0:360:1.0 90:181:-1.0 pgb2file_f005_13_1p00'
12: + interp_atmos_master.sh[40]wgrib2 tmpfile_f005_13 -set_grib_type same -set_bitmap 1 -set_grib_max_bits 16 -new_grid_winds earth -new_grid_interpolation bilinear -if ':(CSNOW|CRAIN|CFRZR|CICEP|ICSEV):' -new_grid_interpolation neighbor -fi -if ':(APCP|ACPCP|PRATE|CPRAT|DZDT):' -new_grid_interpolation budget -fi -if ':(APCP|ACPCP|PRATE|CPRAT):' -set_grib_max_bits 25 -fi -new_grid latlon 0:1440:0.25 90:721:-0.25 pgb2file_f005_13_0p25 -new_grid latlon 0:720:0.5 90:361:-0.5 pgb2file_f005_13_0p50 -new_grid latlon 0:360:1.0 90:181:-1.0 pgb2file_f005_13_1p00
12: 1:0:d=2021122106:ABSV:550 mb:5 hour fcst:
12: 2:83377:d=2021122106:CLMR:550 mb:5 hour fcst:
12: 3:94456:d=2021122106:ICMR:550 mb:5 hour fcst:
12: 4:135822:d=2021122106:RWMR:550 mb:5 hour fcst:
12: 5:141579:d=2021122106:SNMR:550 mb:5 hour fcst:
12: 6:177492:d=2021122106:GRLE:550 mb:5 hour fcst:
12: 7:181379:d=2021122106:O3MR:550 mb:5 hour fcst:
12: 8:287044:d=2021122106:HGT:600 mb:5 hour fcst:
12: 9:368111:d=2021122106:TMP:600 mb:5 hour fcst:
12: 10:433950:d=2021122106:RH:600 mb:5 hour fcst:
12: 11:504922:d=2021122106:TCDC:600 mb:5 hour fcst:
12: 12:536949:d=2021122106:SPFH:600 mb:5 hour fcst:
12: 13:640949:d=2021122106:VVEL:600 mb:5 hour fcst:
12: 14:741637:d=2021122106:DZDT:600 mb:5 hour fcst:
12: 15:850488:d=2021122106:UGRD:600 mb:5 hour fcst:
12: 16:926177:d=2021122106:VGRD:600 mb:5 hour fcst:
12: 17:1002786:d=2021122106:ABSV:600 mb:5 hour fcst:
12: 18:1085343:d=2021122106:CLMR:600 mb:5 hour fcst:
12: 19:1098594:d=2021122106:ICMR:600 mb:5 hour fcst:
12: 20:1134014:d=2021122106:RWMR:600 mb:5 hour fcst:
12: 21:1142690:d=2021122106:SNMR:600 mb:5 hour fcst:
12: 22:1181848:d=2021122106:GRLE:600 mb:5 hour fcst:
12: 23:1186981:d=2021122106:O3MR:600 mb:5 hour fcst:
12: 24:1291509:d=2021122106:HGT:650 mb:5 hour fcst:
12: 25:1372578:d=2021122106:TMP:650 mb:5 hour fcst:
12: 26:1439295:d=2021122106:RH:650 mb:5 hour fcst:
12: 27:1510738:d=2021122106:TCDC:650 mb:5 hour fcst:
12: 28:1542755:d=2021122106:SPFH:650 mb:5 hour fcst:
12: 29:1649575:d=2021122106:VVEL:650 mb:5 hour fcst:
12: 30:1750098:d=2021122106:DZDT:650 mb:5 hour fcst:
12: 31:1858823:d=2021122106:UGRD:650 mb:5 hour fcst:
12: 32:1934406:d=2021122106:VGRD:650 mb:5 hour fcst:
12: + interp_atmos_master.sh[47]export err=0
12: + interp_atmos_master.sh[47]err=0
12: + interp_atmos_master.sh[48][[ 0 -ne 0 ]]
12: + interp_atmos_master.sh[54]for grid in "${grids[@]}"
12: + interp_atmos_master.sh[55]trim_rh pgb2file_f005_13_0p25
12: + product_functions.sh[5]local filename=pgb2file_f005_13_0p25
12: + product_functions.sh[6]wgrib2 pgb2file_f005_13_0p25 -not_if :RH: -grib pgb2file_f005_13_0p25.new -if :RH: -rpn '10:*:0.5:+:floor:1000:min:10:/' -set_grib_type same -set_scaling -1 0 -grib_out pgb2file_f005_13_0p25.new
12: 1:0:d=2021122106:ABSV:550 mb:5 hour fcst:
12: 2:697093:d=2021122106:CLMR:550 mb:5 hour fcst:
12: 3:790022:d=2021122106:ICMR:550 mb:5 hour fcst:
12: 4:1124168:d=2021122106:RWMR:550 mb:5 hour fcst:
12: 5:1164351:d=2021122106:SNMR:550 mb:5 hour fcst:
12: 6:1426330:d=2021122106:GRLE:550 mb:5 hour fcst:
12: 7:1451881:d=2021122106:O3MR:550 mb:5 hour fcst:
12: 8:2433493:d=2021122106:HGT:600 mb:5 hour fcst:
12: 9:3091983:d=2021122106:TMP:600 mb:5 hour fcst:
12: 10:3588278:d=2021122106:RH:600 mb:5 hour fcst:
12: 11:4138001:d=2021122106:TCDC:600 mb:5 hour fcst:
12: 12:4375166:d=2021122106:SPFH:600 mb:5 hour fcst:
12: 13:5319403:d=2021122106:VVEL:600 mb:5 hour fcst:
12: 14:6240465:d=2021122106:DZDT:600 mb:5 hour fcst:
12: 15:7235239:d=2021122106:UGRD:600 mb:5 hour fcst:
12: 16:7846952:d=2021122106:VGRD:600 mb:5 hour fcst:
12: 17:8473887:d=2021122106:ABSV:600 mb:5 hour fcst:
12: 18:9160154:d=2021122106:CLMR:600 mb:5 hour fcst:
12: 19:9271038:d=2021122106:ICMR:600 mb:5 hour fcst:
12: 20:9551314:d=2021122106:RWMR:600 mb:5 hour fcst:
12: 21:9614729:d=2021122106:SNMR:600 mb:5 hour fcst:
12: 22:9916891:d=2021122106:GRLE:600 mb:5 hour fcst:
12: 23:9954027:d=2021122106:O3MR:600 mb:5 hour fcst:
12: 24:10906870:d=2021122106:HGT:650 mb:5 hour fcst:
12: 25:11563192:d=2021122106:TMP:650 mb:5 hour fcst:
12: 26:12066614:d=2021122106:RH:650 mb:5 hour fcst:
12: 27:12620618:d=2021122106:TCDC:650 mb:5 hour fcst:
12: 28:12859099:d=2021122106:SPFH:650 mb:5 hour fcst:
12: 29:13838104:d=2021122106:VVEL:650 mb:5 hour fcst:
12: 30:14764120:d=2021122106:DZDT:650 mb:5 hour fcst:
12: 31:15754754:d=2021122106:UGRD:650 mb:5 hour fcst:
12: 32:16359355:d=2021122106:VGRD:650 mb:5 hour fcst:
12: + product_functions.sh[10]rc=0
12: + product_functions.sh[11]((  rc == 0  ))
12: + product_functions.sh[11]mv pgb2file_f005_13_0p25.new pgb2file_f005_13_0p25
12: + product_functions.sh[12]return 0
12: + interp_atmos_master.sh[56]export err=0
12: + interp_atmos_master.sh[56]err=0
12: + interp_atmos_master.sh[57][[ 0 -ne 0 ]]
12: ++ interp_atmos_master.sh[62]wc -l
12: ++ interp_atmos_master.sh[62]wgrib2 pgb2file_f005_13_0p25 -match 'LAND|ICEC'
12: + interp_atmos_master.sh[62]var_count=0
12: + interp_atmos_master.sh[63][[ 0 -eq 2 ]]
12: + interp_atmos_master.sh[54]for grid in "${grids[@]}"
12: + interp_atmos_master.sh[55]trim_rh pgb2file_f005_13_0p50
12: + product_functions.sh[5]local filename=pgb2file_f005_13_0p50
12: + product_functions.sh[6]wgrib2 pgb2file_f005_13_0p50 -not_if :RH: -grib pgb2file_f005_13_0p50.new -if :RH: -rpn '10:*:0.5:+:floor:1000:min:10:/' -set_grib_type same -set_scaling -1 0 -grib_out pgb2file_f005_13_0p50.new
12: 1:0:d=2021122106:ABSV:550 mb:5 hour fcst:
12: 2:222396:d=2021122106:CLMR:550 mb:5 hour fcst:
12: 3:254319:d=2021122106:ICMR:550 mb:5 hour fcst:
12: 4:364510:d=2021122106:RWMR:550 mb:5 hour fcst:
12: 5:379303:d=2021122106:SNMR:550 mb:5 hour fcst:
12: 6:470121:d=2021122106:GRLE:550 mb:5 hour fcst:
12: 7:479894:d=2021122106:O3MR:550 mb:5 hour fcst:
12: 8:778047:d=2021122106:HGT:600 mb:5 hour fcst:
12: 9:989898:d=2021122106:TMP:600 mb:5 hour fcst:
12: 10:1155083:d=2021122106:RH:600 mb:5 hour fcst:
12: 11:1337751:d=2021122106:TCDC:600 mb:5 hour fcst:
12: 12:1422234:d=2021122106:SPFH:600 mb:5 hour fcst:
12: 13:1708279:d=2021122106:VVEL:600 mb:5 hour fcst:
12: 14:1988130:d=2021122106:DZDT:600 mb:5 hour fcst:
12: 15:2285383:d=2021122106:UGRD:600 mb:5 hour fcst:
12: 16:2482266:d=2021122106:VGRD:600 mb:5 hour fcst:
12: 17:2685129:d=2021122106:ABSV:600 mb:5 hour fcst:
12: 18:2904724:d=2021122106:CLMR:600 mb:5 hour fcst:
12: 19:2942741:d=2021122106:ICMR:600 mb:5 hour fcst:
12: 20:3036449:d=2021122106:RWMR:600 mb:5 hour fcst:
12: 21:3059044:d=2021122106:SNMR:600 mb:5 hour fcst:
12: 22:3161008:d=2021122106:GRLE:600 mb:5 hour fcst:
12: 23:3174417:d=2021122106:O3MR:600 mb:5 hour fcst:
12: 24:3465269:d=2021122106:HGT:650 mb:5 hour fcst:
12: 25:3676662:d=2021122106:TMP:650 mb:5 hour fcst:
12: 26:3844450:d=2021122106:RH:650 mb:5 hour fcst:
12: 27:4028165:d=2021122106:TCDC:650 mb:5 hour fcst:
12: 28:4112617:d=2021122106:SPFH:650 mb:5 hour fcst:
12: 29:4409231:d=2021122106:VVEL:650 mb:5 hour fcst:
12: 30:4690764:d=2021122106:DZDT:650 mb:5 hour fcst:
12: 31:4987057:d=2021122106:UGRD:650 mb:5 hour fcst:
12: 32:5183632:d=2021122106:VGRD:650 mb:5 hour fcst:
12: + product_functions.sh[10]rc=0
12: + product_functions.sh[11]((  rc == 0  ))
12: + product_functions.sh[11]mv pgb2file_f005_13_0p50.new pgb2file_f005_13_0p50
12: + product_functions.sh[12]return 0
12: + interp_atmos_master.sh[56]export err=0
12: + interp_atmos_master.sh[56]err=0
12: + interp_atmos_master.sh[57][[ 0 -ne 0 ]]
12: ++ interp_atmos_master.sh[62]wc -l
12: ++ interp_atmos_master.sh[62]wgrib2 pgb2file_f005_13_0p50 -match 'LAND|ICEC'
12: + interp_atmos_master.sh[62]var_count=0
12: + interp_atmos_master.sh[63][[ 0 -eq 2 ]]
12: + interp_atmos_master.sh[54]for grid in "${grids[@]}"
12: + interp_atmos_master.sh[55]trim_rh pgb2file_f005_13_1p00
12: + product_functions.sh[5]local filename=pgb2file_f005_13_1p00
12: + product_functions.sh[6]wgrib2 pgb2file_f005_13_1p00 -not_if :RH: -grib pgb2file_f005_13_1p00.new -if :RH: -rpn '10:*:0.5:+:floor:1000:min:10:/' -set_grib_type same -set_scaling -1 0 -grib_out pgb2file_f005_13_1p00.new
12: 1:0:d=2021122106:ABSV:550 mb:5 hour fcst:
12: 2:69024:d=2021122106:CLMR:550 mb:5 hour fcst:
12: 3:80316:d=2021122106:ICMR:550 mb:5 hour fcst:
12: 4:118010:d=2021122106:RWMR:550 mb:5 hour fcst:
12: 5:123583:d=2021122106:SNMR:550 mb:5 hour fcst:
12: 6:155734:d=2021122106:GRLE:550 mb:5 hour fcst:
12: 7:159677:d=2021122106:O3MR:550 mb:5 hour fcst:
12: 8:248395:d=2021122106:HGT:600 mb:5 hour fcst:
12: 9:314692:d=2021122106:TMP:600 mb:5 hour fcst:
12: 10:368022:d=2021122106:RH:600 mb:5 hour fcst:
12: 11:427364:d=2021122106:TCDC:600 mb:5 hour fcst:
12: 12:457323:d=2021122106:SPFH:600 mb:5 hour fcst:
12: 13:543342:d=2021122106:VVEL:600 mb:5 hour fcst:
12: 14:627331:d=2021122106:DZDT:600 mb:5 hour fcst:
12: 15:715561:d=2021122106:UGRD:600 mb:5 hour fcst:
12: 16:778223:d=2021122106:VGRD:600 mb:5 hour fcst:
12: 17:842740:d=2021122106:ABSV:600 mb:5 hour fcst:
12: 18:911041:d=2021122106:CLMR:600 mb:5 hour fcst:
12: 19:924443:d=2021122106:ICMR:600 mb:5 hour fcst:
12: 20:956683:d=2021122106:RWMR:600 mb:5 hour fcst:
12: 21:964667:d=2021122106:SNMR:600 mb:5 hour fcst:
12: 22:1000312:d=2021122106:GRLE:600 mb:5 hour fcst:
12: 23:1005511:d=2021122106:O3MR:600 mb:5 hour fcst:
12: 24:1092500:d=2021122106:HGT:650 mb:5 hour fcst:
12: 25:1158617:d=2021122106:TMP:650 mb:5 hour fcst:
12: 26:1212943:d=2021122106:RH:650 mb:5 hour fcst:
12: 27:1272525:d=2021122106:TCDC:650 mb:5 hour fcst:
12: 28:1302225:d=2021122106:SPFH:650 mb:5 hour fcst:
12: 29:1390565:d=2021122106:VVEL:650 mb:5 hour fcst:
12: 30:1475084:d=2021122106:DZDT:650 mb:5 hour fcst:
12: 31:1563556:d=2021122106:UGRD:650 mb:5 hour fcst:
12: 32:1626295:d=2021122106:VGRD:650 mb:5 hour fcst:
12: + product_functions.sh[10]rc=0
12: + product_functions.sh[11]((  rc == 0  ))
12: + product_functions.sh[11]mv pgb2file_f005_13_1p00.new pgb2file_f005_13_1p00
12: + product_functions.sh[12]return 0
12: + interp_atmos_master.sh[56]export err=0
12: + interp_atmos_master.sh[56]err=0
12: + interp_atmos_master.sh[57][[ 0 -ne 0 ]]
12: ++ interp_atmos_master.sh[62]wc -l
12: ++ interp_atmos_master.sh[62]wgrib2 pgb2file_f005_13_1p00 -match 'LAND|ICEC'
12: + interp_atmos_master.sh[62]var_count=0
12: + interp_atmos_master.sh[63][[ 0 -eq 2 ]]
12: + interp_atmos_master.sh[73]exit 0
 4: + bash[8]'[' -z '' ']'
 4: + bash[9]case "$-" in
 4: + bash[12]__lmod_vx=x
 4: + bash[16]'[' -n x ']'
 4: + bash[16]set +x
 4: Shell debugging temporarily silenced: export LMOD_SH_DBG_ON=1 for this output (/apps/other/lmod/lmod/init/bash)
 4: Shell debugging restarted
 4: + bash[224]unset __lmod_vx
 4: + interp_atmos_master.sh[7]input_file=tmpfile_f005_5
 4: + interp_atmos_master.sh[8]output_file_prefix=pgb2file_f005_5
 4: + interp_atmos_master.sh[9]grid_string=0p25:0p50:1p00
 4: + interp_atmos_master.sh[12]defaults='-set_grib_type same -set_bitmap 1 -set_grib_max_bits 16'
 4: + interp_atmos_master.sh[13]interp_winds='-new_grid_winds earth'
 4: + interp_atmos_master.sh[14]interp_bilinear='-new_grid_interpolation bilinear'
 4: + interp_atmos_master.sh[15]interp_neighbor='-if :(CSNOW|CRAIN|CFRZR|CICEP|ICSEV): -new_grid_interpolation neighbor -fi'
 4: + interp_atmos_master.sh[16]interp_budget='-if :(APCP|ACPCP|PRATE|CPRAT|DZDT): -new_grid_interpolation budget -fi'
 4: + interp_atmos_master.sh[17]increased_bits='-if :(APCP|ACPCP|PRATE|CPRAT): -set_grib_max_bits 25 -fi'
 4: + interp_atmos_master.sh[21]grid0p25='latlon 0:1440:0.25 90:721:-0.25'
 4: + interp_atmos_master.sh[23]grid0p50='latlon 0:720:0.5 90:361:-0.5'
 4: + interp_atmos_master.sh[25]grid1p00='latlon 0:360:1.0 90:181:-1.0'
 4: + interp_atmos_master.sh[28]source /work2/noaa/global/mterry/global-workflow_forked/ush/product_functions.sh
 4: + interp_atmos_master.sh[31]IFS=:
 4: + interp_atmos_master.sh[31]read -ra grids
 4: + interp_atmos_master.sh[33]output_grids=
 4: + interp_atmos_master.sh[34]for grid in "${grids[@]}"
 4: + interp_atmos_master.sh[35]gridopt=grid0p25
 4: + interp_atmos_master.sh[36]output_grids=' -new_grid latlon 0:1440:0.25 90:721:-0.25 pgb2file_f005_5_0p25'
 4: + interp_atmos_master.sh[34]for grid in "${grids[@]}"
 4: + interp_atmos_master.sh[35]gridopt=grid0p50
 4: + interp_atmos_master.sh[36]output_grids=' -new_grid latlon 0:1440:0.25 90:721:-0.25 pgb2file_f005_5_0p25 -new_grid latlon 0:720:0.5 90:361:-0.5 pgb2file_f005_5_0p50'
 4: + interp_atmos_master.sh[34]for grid in "${grids[@]}"
 4: + interp_atmos_master.sh[35]gridopt=grid1p00
 4: + interp_atmos_master.sh[36]output_grids=' -new_grid latlon 0:1440:0.25 90:721:-0.25 pgb2file_f005_5_0p25 -new_grid latlon 0:720:0.5 90:361:-0.5 pgb2file_f005_5_0p50 -new_grid latlon 0:360:1.0 90:181:-1.0 pgb2file_f005_5_1p00'
 4: + interp_atmos_master.sh[40]wgrib2 tmpfile_f005_5 -set_grib_type same -set_bitmap 1 -set_grib_max_bits 16 -new_grid_winds earth -new_grid_interpolation bilinear -if ':(CSNOW|CRAIN|CFRZR|CICEP|ICSEV):' -new_grid_interpolation neighbor -fi -if ':(APCP|ACPCP|PRATE|CPRAT|DZDT):' -new_grid_interpolation budget -fi -if ':(APCP|ACPCP|PRATE|CPRAT):' -set_grib_max_bits 25 -fi -new_grid latlon 0:1440:0.25 90:721:-0.25 pgb2file_f005_5_0p25 -new_grid latlon 0:720:0.5 90:361:-0.5 pgb2file_f005_5_0p50 -new_grid latlon 0:360:1.0 90:181:-1.0 pgb2file_f005_5_1p00
 4: 1:0:d=2021122106:TMP:5 mb:5 hour fcst:
 4: 2:61001:d=2021122106:RH:5 mb:5 hour fcst:
 4: 3:69033:d=2021122106:SPFH:5 mb:5 hour fcst:
 4: 4:131679:d=2021122106:VVEL:5 mb:5 hour fcst:
 4: 5:231309:d=2021122106:DZDT:5 mb:5 hour fcst:
 4: 6:340723:d=2021122106:UGRD:5 mb:5 hour fcst:
 4: 7:380174:d=2021122106:VGRD:5 mb:5 hour fcst:
 4: 8:417040:d=2021122106:ABSV:5 mb:5 hour fcst:
 4: 9:486240:d=2021122106:O3MR:5 mb:5 hour fcst:
 4: 10:564663:d=2021122106:HGT:7 mb:5 hour fcst:
 4: 11:625556:d=2021122106:TMP:7 mb:5 hour fcst:
 4: 12:684748:d=2021122106:RH:7 mb:5 hour fcst:
 4: 13:696739:d=2021122106:SPFH:7 mb:5 hour fcst:
 4: 14:748371:d=2021122106:VVEL:7 mb:5 hour fcst:
 4: 15:850943:d=2021122106:DZDT:7 mb:5 hour fcst:
 4: 16:958564:d=2021122106:UGRD:7 mb:5 hour fcst:
 4: 17:996805:d=2021122106:VGRD:7 mb:5 hour fcst:
 4: 18:1033457:d=2021122106:ABSV:7 mb:5 hour fcst:
 4: 19:1103246:d=2021122106:O3MR:7 mb:5 hour fcst:
 4: 20:1184064:d=2021122106:HGT:10 mb:5 hour fcst:
 4: 21:1243935:d=2021122106:TMP:10 mb:5 hour fcst:
 4: 22:1302017:d=2021122106:RH:10 mb:5 hour fcst:
 4: 23:1308435:d=2021122106:SPFH:10 mb:5 hour fcst:
 4: 24:1359855:d=2021122106:VVEL:10 mb:5 hour fcst:
 4: 25:1466582:d=2021122106:DZDT:10 mb:5 hour fcst:
 4: 26:1572066:d=2021122106:UGRD:10 mb:5 hour fcst:
 4: 27:1611236:d=2021122106:VGRD:10 mb:5 hour fcst:
 4: 28:1648588:d=2021122106:ABSV:10 mb:5 hour fcst:
 4: 29:1719486:d=2021122106:O3MR:10 mb:5 hour fcst:
 4: 30:1803991:d=2021122106:HGT:15 mb:5 hour fcst:
 4: 31:1862310:d=2021122106:TMP:15 mb:5 hour fcst:
 4: + interp_atmos_master.sh[47]export err=0
 4: + interp_atmos_master.sh[47]err=0
 4: + interp_atmos_master.sh[48][[ 0 -ne 0 ]]
 4: + interp_atmos_master.sh[54]for grid in "${grids[@]}"
 4: + interp_atmos_master.sh[55]trim_rh pgb2file_f005_5_0p25
 4: + product_functions.sh[5]local filename=pgb2file_f005_5_0p25
 4: + product_functions.sh[6]wgrib2 pgb2file_f005_5_0p25 -not_if :RH: -grib pgb2file_f005_5_0p25.new -if :RH: -rpn '10:*:0.5:+:floor:1000:min:10:/' -set_grib_type same -set_scaling -1 0 -grib_out pgb2file_f005_5_0p25.new
 4: 1:0:d=2021122106:TMP:5 mb:5 hour fcst:
 4: 2:463415:d=2021122106:RH:5 mb:5 hour fcst:
 4: 3:521150:d=2021122106:SPFH:5 mb:5 hour fcst:
 4: 4:1025135:d=2021122106:VVEL:5 mb:5 hour fcst:
 4: 5:1949605:d=2021122106:DZDT:5 mb:5 hour fcst:
 4: 6:2971014:d=2021122106:UGRD:5 mb:5 hour fcst:
 4: 7:3268910:d=2021122106:VGRD:5 mb:5 hour fcst:
 4: 8:3555219:d=2021122106:ABSV:5 mb:5 hour fcst:
 4: 9:4082805:d=2021122106:O3MR:5 mb:5 hour fcst:
 4: 10:4731551:d=2021122106:HGT:7 mb:5 hour fcst:
 4: 11:5187242:d=2021122106:TMP:7 mb:5 hour fcst:
 4: 12:5629943:d=2021122106:RH:7 mb:5 hour fcst:
 4: 13:5715196:d=2021122106:SPFH:7 mb:5 hour fcst:
 4: 14:6120225:d=2021122106:VVEL:7 mb:5 hour fcst:
 4: 15:7084413:d=2021122106:DZDT:7 mb:5 hour fcst:
 4: 16:8080905:d=2021122106:UGRD:7 mb:5 hour fcst:
 4: 17:8376658:d=2021122106:VGRD:7 mb:5 hour fcst:
 4: 18:8662779:d=2021122106:ABSV:7 mb:5 hour fcst:
 4: 19:9196673:d=2021122106:O3MR:7 mb:5 hour fcst:
 4: 20:9871424:d=2021122106:HGT:10 mb:5 hour fcst:
 4: 21:10315526:d=2021122106:TMP:10 mb:5 hour fcst:
 4: 22:10750232:d=2021122106:RH:10 mb:5 hour fcst:
 4: 23:10799725:d=2021122106:SPFH:10 mb:5 hour fcst:
 4: 24:11207632:d=2021122106:VVEL:10 mb:5 hour fcst:
 4: 25:12221968:d=2021122106:DZDT:10 mb:5 hour fcst:
 4: 26:13194751:d=2021122106:UGRD:10 mb:5 hour fcst:
 4: 27:13491878:d=2021122106:VGRD:10 mb:5 hour fcst:
 4: 28:13781864:d=2021122106:ABSV:10 mb:5 hour fcst:
 4: 29:14330446:d=2021122106:O3MR:10 mb:5 hour fcst:
 4: 30:15053370:d=2021122106:HGT:15 mb:5 hour fcst:
 4: 31:15490192:d=2021122106:TMP:15 mb:5 hour fcst:
 4: + product_functions.sh[10]rc=0
 4: + product_functions.sh[11]((  rc == 0  ))
 4: + product_functions.sh[11]mv pgb2file_f005_5_0p25.new pgb2file_f005_5_0p25
 4: + product_functions.sh[12]return 0
 4: + interp_atmos_master.sh[56]export err=0
 4: + interp_atmos_master.sh[56]err=0
 4: + interp_atmos_master.sh[57][[ 0 -ne 0 ]]
 4: ++ interp_atmos_master.sh[62]wc -l
 4: ++ interp_atmos_master.sh[62]wgrib2 pgb2file_f005_5_0p25 -match 'LAND|ICEC'
 4: + interp_atmos_master.sh[62]var_count=0
 4: + interp_atmos_master.sh[63][[ 0 -eq 2 ]]
 4: + interp_atmos_master.sh[54]for grid in "${grids[@]}"
 4: + interp_atmos_master.sh[55]trim_rh pgb2file_f005_5_0p50
 4: + product_functions.sh[5]local filename=pgb2file_f005_5_0p50
 4: + product_functions.sh[6]wgrib2 pgb2file_f005_5_0p50 -not_if :RH: -grib pgb2file_f005_5_0p50.new -if :RH: -rpn '10:*:0.5:+:floor:1000:min:10:/' -set_grib_type same -set_scaling -1 0 -grib_out pgb2file_f005_5_0p50.new
 4: 1:0:d=2021122106:TMP:5 mb:5 hour fcst:
 4: 2:153330:d=2021122106:RH:5 mb:5 hour fcst:
 4: 3:172006:d=2021122106:SPFH:5 mb:5 hour fcst:
 4: 4:332288:d=2021122106:VVEL:5 mb:5 hour fcst:
 4: 5:611338:d=2021122106:DZDT:5 mb:5 hour fcst:
 4: 6:914904:d=2021122106:UGRD:5 mb:5 hour fcst:
 4: 7:1010563:d=2021122106:VGRD:5 mb:5 hour fcst:
 4: 8:1100487:d=2021122106:ABSV:5 mb:5 hour fcst:
 4: 9:1274807:d=2021122106:O3MR:5 mb:5 hour fcst:
 4: 10:1481873:d=2021122106:HGT:7 mb:5 hour fcst:
 4: 11:1632559:d=2021122106:TMP:7 mb:5 hour fcst:
 4: 12:1780399:d=2021122106:RH:7 mb:5 hour fcst:
 4: 13:1808631:d=2021122106:SPFH:7 mb:5 hour fcst:
 4: 14:1934916:d=2021122106:VVEL:7 mb:5 hour fcst:
 4: 15:2224339:d=2021122106:DZDT:7 mb:5 hour fcst:
 4: 16:2519863:d=2021122106:UGRD:7 mb:5 hour fcst:
 4: 17:2613614:d=2021122106:VGRD:7 mb:5 hour fcst:
 4: 18:2702988:d=2021122106:ABSV:7 mb:5 hour fcst:
 4: 19:2879024:d=2021122106:O3MR:7 mb:5 hour fcst:
 4: 20:3092788:d=2021122106:HGT:10 mb:5 hour fcst:
 4: 21:3239914:d=2021122106:TMP:10 mb:5 hour fcst:
 4: 22:3385025:d=2021122106:RH:10 mb:5 hour fcst:
 4: 23:3400875:d=2021122106:SPFH:10 mb:5 hour fcst:
 4: 24:3529240:d=2021122106:VVEL:10 mb:5 hour fcst:
 4: 25:3831809:d=2021122106:DZDT:10 mb:5 hour fcst:
 4: 26:4122830:d=2021122106:UGRD:10 mb:5 hour fcst:
 4: 27:4217107:d=2021122106:VGRD:10 mb:5 hour fcst:
 4: 28:4308260:d=2021122106:ABSV:10 mb:5 hour fcst:
 4: 29:4487928:d=2021122106:O3MR:10 mb:5 hour fcst:
 4: 30:4714283:d=2021122106:HGT:15 mb:5 hour fcst:
 4: 31:4858848:d=2021122106:TMP:15 mb:5 hour fcst:
 4: + product_functions.sh[10]rc=0
 4: + product_functions.sh[11]((  rc == 0  ))
 4: + product_functions.sh[11]mv pgb2file_f005_5_0p50.new pgb2file_f005_5_0p50
 4: + product_functions.sh[12]return 0
 4: + interp_atmos_master.sh[56]export err=0
 4: + interp_atmos_master.sh[56]err=0
 4: + interp_atmos_master.sh[57][[ 0 -ne 0 ]]
 4: ++ interp_atmos_master.sh[62]wc -l
 4: ++ interp_atmos_master.sh[62]wgrib2 pgb2file_f005_5_0p50 -match 'LAND|ICEC'
 4: + interp_atmos_master.sh[62]var_count=0
 4: + interp_atmos_master.sh[63][[ 0 -eq 2 ]]
 4: + interp_atmos_master.sh[54]for grid in "${grids[@]}"
 4: + interp_atmos_master.sh[55]trim_rh pgb2file_f005_5_1p00
 4: + product_functions.sh[5]local filename=pgb2file_f005_5_1p00
 4: + product_functions.sh[6]wgrib2 pgb2file_f005_5_1p00 -not_if :RH: -grib pgb2file_f005_5_1p00.new -if :RH: -rpn '10:*:0.5:+:floor:1000:min:10:/' -set_grib_type same -set_scaling -1 0 -grib_out pgb2file_f005_5_1p00.new
 4: 1:0:d=2021122106:TMP:5 mb:5 hour fcst:
 4: 2:50396:d=2021122106:RH:5 mb:5 hour fcst:
 4: 3:56892:d=2021122106:SPFH:5 mb:5 hour fcst:
 4: 4:108770:d=2021122106:VVEL:5 mb:5 hour fcst:
 4: 5:191878:d=2021122106:DZDT:5 mb:5 hour fcst:
 4: 6:281378:d=2021122106:UGRD:5 mb:5 hour fcst:
 4: 7:314412:d=2021122106:VGRD:5 mb:5 hour fcst:
 4: 8:345511:d=2021122106:ABSV:5 mb:5 hour fcst:
 4: 9:401723:d=2021122106:O3MR:5 mb:5 hour fcst:
 4: 10:466769:d=2021122106:HGT:7 mb:5 hour fcst:
 4: 11:516315:d=2021122106:TMP:7 mb:5 hour fcst:
 4: 12:564859:d=2021122106:RH:7 mb:5 hour fcst:
 4: 13:574724:d=2021122106:SPFH:7 mb:5 hour fcst:
 4: 14:616511:d=2021122106:VVEL:7 mb:5 hour fcst:
 4: 15:702415:d=2021122106:DZDT:7 mb:5 hour fcst:
 4: 16:789998:d=2021122106:UGRD:7 mb:5 hour fcst:
 4: 17:822517:d=2021122106:VGRD:7 mb:5 hour fcst:
 4: 18:853392:d=2021122106:ABSV:7 mb:5 hour fcst:
 4: 19:909754:d=2021122106:O3MR:7 mb:5 hour fcst:
 4: 20:976246:d=2021122106:HGT:10 mb:5 hour fcst:
 4: 21:1024890:d=2021122106:TMP:10 mb:5 hour fcst:
 4: 22:1073258:d=2021122106:RH:10 mb:5 hour fcst:
 4: 23:1078595:d=2021122106:SPFH:10 mb:5 hour fcst:
 4: 24:1121178:d=2021122106:VVEL:10 mb:5 hour fcst:
 4: 25:1210043:d=2021122106:DZDT:10 mb:5 hour fcst:
 4: 26:1296314:d=2021122106:UGRD:10 mb:5 hour fcst:
 4: 27:1328996:d=2021122106:VGRD:10 mb:5 hour fcst:
 4: 28:1360216:d=2021122106:ABSV:10 mb:5 hour fcst:
 4: 29:1417638:d=2021122106:O3MR:10 mb:5 hour fcst:
 4: 30:1487451:d=2021122106:HGT:15 mb:5 hour fcst:
 4: 31:1535243:d=2021122106:TMP:15 mb:5 hour fcst:
 4: + product_functions.sh[10]rc=0
 4: + product_functions.sh[11]((  rc == 0  ))
 4: + product_functions.sh[11]mv pgb2file_f005_5_1p00.new pgb2file_f005_5_1p00
 4: + product_functions.sh[12]return 0
 4: + interp_atmos_master.sh[56]export err=0
 4: + interp_atmos_master.sh[56]err=0
 4: + interp_atmos_master.sh[57][[ 0 -ne 0 ]]
 4: ++ interp_atmos_master.sh[62]wc -l
 4: ++ interp_atmos_master.sh[62]wgrib2 pgb2file_f005_5_1p00 -match 'LAND|ICEC'
 4: + interp_atmos_master.sh[62]var_count=0
 4: + interp_atmos_master.sh[63][[ 0 -eq 2 ]]
 4: + interp_atmos_master.sh[73]exit 0
+ run_mpmd.sh[113]exit 0
+ run_mpmd.sh[1]postamble run_mpmd.sh 1753773624 0
+ preamble.sh[62]set +x
End run_mpmd.sh at 07:20:53 with error code 0 (time elapsed: 00:00:29)
+ exglobal_atmos_products.sh[142]true
+ exglobal_atmos_products.sh[143]export err=0
+ exglobal_atmos_products.sh[143]err=0
+ exglobal_atmos_products.sh[144][[ 0 -ne 0 ]]
+ exglobal_atmos_products.sh[149]mv mpmd.out mpmd_1.out
+ exglobal_atmos_products.sh[153]echo 'Concatenating processor-specific grib2 files into a single product file'
Concatenating processor-specific grib2 files into a single product file
+ exglobal_atmos_products.sh[154](( iproc = 1  ))
+ exglobal_atmos_products.sh[154](( iproc <= nproc  ))
+ exglobal_atmos_products.sh[155]for grid in "${grids[@]}"
+ exglobal_atmos_products.sh[156]cat pgb2file_f005_1_0p25
+ exglobal_atmos_products.sh[157]rm -f pgb2file_f005_1_0p25
+ exglobal_atmos_products.sh[155]for grid in "${grids[@]}"
+ exglobal_atmos_products.sh[156]cat pgb2file_f005_1_0p50
+ exglobal_atmos_products.sh[157]rm -f pgb2file_f005_1_0p50
+ exglobal_atmos_products.sh[155]for grid in "${grids[@]}"
+ exglobal_atmos_products.sh[156]cat pgb2file_f005_1_1p00
+ exglobal_atmos_products.sh[157]rm -f pgb2file_f005_1_1p00
+ exglobal_atmos_products.sh[160]rm -f tmpfile_f005_1
+ exglobal_atmos_products.sh[154](( iproc++  ))
+ exglobal_atmos_products.sh[154](( iproc <= nproc  ))
+ exglobal_atmos_products.sh[155]for grid in "${grids[@]}"
+ exglobal_atmos_products.sh[156]cat pgb2file_f005_2_0p25
+ exglobal_atmos_products.sh[157]rm -f pgb2file_f005_2_0p25
+ exglobal_atmos_products.sh[155]for grid in "${grids[@]}"
+ exglobal_atmos_products.sh[156]cat pgb2file_f005_2_0p50
+ exglobal_atmos_products.sh[157]rm -f pgb2file_f005_2_0p50
+ exglobal_atmos_products.sh[155]for grid in "${grids[@]}"
+ exglobal_atmos_products.sh[156]cat pgb2file_f005_2_1p00
+ exglobal_atmos_products.sh[157]rm -f pgb2file_f005_2_1p00
+ exglobal_atmos_products.sh[160]rm -f tmpfile_f005_2
+ exglobal_atmos_products.sh[154](( iproc++  ))
+ exglobal_atmos_products.sh[154](( iproc <= nproc  ))
+ exglobal_atmos_products.sh[155]for grid in "${grids[@]}"
+ exglobal_atmos_products.sh[156]cat pgb2file_f005_3_0p25
+ exglobal_atmos_products.sh[157]rm -f pgb2file_f005_3_0p25
+ exglobal_atmos_products.sh[155]for grid in "${grids[@]}"
+ exglobal_atmos_products.sh[156]cat pgb2file_f005_3_0p50
+ exglobal_atmos_products.sh[157]rm -f pgb2file_f005_3_0p50
+ exglobal_atmos_products.sh[155]for grid in "${grids[@]}"
+ exglobal_atmos_products.sh[156]cat pgb2file_f005_3_1p00
+ exglobal_atmos_products.sh[157]rm -f pgb2file_f005_3_1p00
+ exglobal_atmos_products.sh[160]rm -f tmpfile_f005_3
+ exglobal_atmos_products.sh[154](( iproc++  ))
+ exglobal_atmos_products.sh[154](( iproc <= nproc  ))
+ exglobal_atmos_products.sh[155]for grid in "${grids[@]}"
+ exglobal_atmos_products.sh[156]cat pgb2file_f005_4_0p25
+ exglobal_atmos_products.sh[157]rm -f pgb2file_f005_4_0p25
+ exglobal_atmos_products.sh[155]for grid in "${grids[@]}"
+ exglobal_atmos_products.sh[156]cat pgb2file_f005_4_0p50
+ exglobal_atmos_products.sh[157]rm -f pgb2file_f005_4_0p50
+ exglobal_atmos_products.sh[155]for grid in "${grids[@]}"
+ exglobal_atmos_products.sh[156]cat pgb2file_f005_4_1p00
+ exglobal_atmos_products.sh[157]rm -f pgb2file_f005_4_1p00
+ exglobal_atmos_products.sh[160]rm -f tmpfile_f005_4
+ exglobal_atmos_products.sh[154](( iproc++  ))
+ exglobal_atmos_products.sh[154](( iproc <= nproc  ))
+ exglobal_atmos_products.sh[155]for grid in "${grids[@]}"
+ exglobal_atmos_products.sh[156]cat pgb2file_f005_5_0p25
+ exglobal_atmos_products.sh[157]rm -f pgb2file_f005_5_0p25
+ exglobal_atmos_products.sh[155]for grid in "${grids[@]}"
+ exglobal_atmos_products.sh[156]cat pgb2file_f005_5_0p50
+ exglobal_atmos_products.sh[157]rm -f pgb2file_f005_5_0p50
+ exglobal_atmos_products.sh[155]for grid in "${grids[@]}"
+ exglobal_atmos_products.sh[156]cat pgb2file_f005_5_1p00
+ exglobal_atmos_products.sh[157]rm -f pgb2file_f005_5_1p00
+ exglobal_atmos_products.sh[160]rm -f tmpfile_f005_5
+ exglobal_atmos_products.sh[154](( iproc++  ))
+ exglobal_atmos_products.sh[154](( iproc <= nproc  ))
+ exglobal_atmos_products.sh[155]for grid in "${grids[@]}"
+ exglobal_atmos_products.sh[156]cat pgb2file_f005_6_0p25
+ exglobal_atmos_products.sh[157]rm -f pgb2file_f005_6_0p25
+ exglobal_atmos_products.sh[155]for grid in "${grids[@]}"
+ exglobal_atmos_products.sh[156]cat pgb2file_f005_6_0p50
+ exglobal_atmos_products.sh[157]rm -f pgb2file_f005_6_0p50
+ exglobal_atmos_products.sh[155]for grid in "${grids[@]}"
+ exglobal_atmos_products.sh[156]cat pgb2file_f005_6_1p00
+ exglobal_atmos_products.sh[157]rm -f pgb2file_f005_6_1p00
+ exglobal_atmos_products.sh[160]rm -f tmpfile_f005_6
+ exglobal_atmos_products.sh[154](( iproc++  ))
+ exglobal_atmos_products.sh[154](( iproc <= nproc  ))
+ exglobal_atmos_products.sh[155]for grid in "${grids[@]}"
+ exglobal_atmos_products.sh[156]cat pgb2file_f005_7_0p25
+ exglobal_atmos_products.sh[157]rm -f pgb2file_f005_7_0p25
+ exglobal_atmos_products.sh[155]for grid in "${grids[@]}"
+ exglobal_atmos_products.sh[156]cat pgb2file_f005_7_0p50
+ exglobal_atmos_products.sh[157]rm -f pgb2file_f005_7_0p50
+ exglobal_atmos_products.sh[155]for grid in "${grids[@]}"
+ exglobal_atmos_products.sh[156]cat pgb2file_f005_7_1p00
+ exglobal_atmos_products.sh[157]rm -f pgb2file_f005_7_1p00
+ exglobal_atmos_products.sh[160]rm -f tmpfile_f005_7
+ exglobal_atmos_products.sh[154](( iproc++  ))
+ exglobal_atmos_products.sh[154](( iproc <= nproc  ))
+ exglobal_atmos_products.sh[155]for grid in "${grids[@]}"
+ exglobal_atmos_products.sh[156]cat pgb2file_f005_8_0p25
+ exglobal_atmos_products.sh[157]rm -f pgb2file_f005_8_0p25
+ exglobal_atmos_products.sh[155]for grid in "${grids[@]}"
+ exglobal_atmos_products.sh[156]cat pgb2file_f005_8_0p50
+ exglobal_atmos_products.sh[157]rm -f pgb2file_f005_8_0p50
+ exglobal_atmos_products.sh[155]for grid in "${grids[@]}"
+ exglobal_atmos_products.sh[156]cat pgb2file_f005_8_1p00
+ exglobal_atmos_products.sh[157]rm -f pgb2file_f005_8_1p00
+ exglobal_atmos_products.sh[160]rm -f tmpfile_f005_8
+ exglobal_atmos_products.sh[154](( iproc++  ))
+ exglobal_atmos_products.sh[154](( iproc <= nproc  ))
+ exglobal_atmos_products.sh[155]for grid in "${grids[@]}"
+ exglobal_atmos_products.sh[156]cat pgb2file_f005_9_0p25
+ exglobal_atmos_products.sh[157]rm -f pgb2file_f005_9_0p25
+ exglobal_atmos_products.sh[155]for grid in "${grids[@]}"
+ exglobal_atmos_products.sh[156]cat pgb2file_f005_9_0p50
+ exglobal_atmos_products.sh[157]rm -f pgb2file_f005_9_0p50
+ exglobal_atmos_products.sh[155]for grid in "${grids[@]}"
+ exglobal_atmos_products.sh[156]cat pgb2file_f005_9_1p00
+ exglobal_atmos_products.sh[157]rm -f pgb2file_f005_9_1p00
+ exglobal_atmos_products.sh[160]rm -f tmpfile_f005_9
+ exglobal_atmos_products.sh[154](( iproc++  ))
+ exglobal_atmos_products.sh[154](( iproc <= nproc  ))
+ exglobal_atmos_products.sh[155]for grid in "${grids[@]}"
+ exglobal_atmos_products.sh[156]cat pgb2file_f005_10_0p25
+ exglobal_atmos_products.sh[157]rm -f pgb2file_f005_10_0p25
+ exglobal_atmos_products.sh[155]for grid in "${grids[@]}"
+ exglobal_atmos_products.sh[156]cat pgb2file_f005_10_0p50
+ exglobal_atmos_products.sh[157]rm -f pgb2file_f005_10_0p50
+ exglobal_atmos_products.sh[155]for grid in "${grids[@]}"
+ exglobal_atmos_products.sh[156]cat pgb2file_f005_10_1p00
+ exglobal_atmos_products.sh[157]rm -f pgb2file_f005_10_1p00
+ exglobal_atmos_products.sh[160]rm -f tmpfile_f005_10
+ exglobal_atmos_products.sh[154](( iproc++  ))
+ exglobal_atmos_products.sh[154](( iproc <= nproc  ))
+ exglobal_atmos_products.sh[155]for grid in "${grids[@]}"
+ exglobal_atmos_products.sh[156]cat pgb2file_f005_11_0p25
+ exglobal_atmos_products.sh[157]rm -f pgb2file_f005_11_0p25
+ exglobal_atmos_products.sh[155]for grid in "${grids[@]}"
+ exglobal_atmos_products.sh[156]cat pgb2file_f005_11_0p50
+ exglobal_atmos_products.sh[157]rm -f pgb2file_f005_11_0p50
+ exglobal_atmos_products.sh[155]for grid in "${grids[@]}"
+ exglobal_atmos_products.sh[156]cat pgb2file_f005_11_1p00
+ exglobal_atmos_products.sh[157]rm -f pgb2file_f005_11_1p00
+ exglobal_atmos_products.sh[160]rm -f tmpfile_f005_11
+ exglobal_atmos_products.sh[154](( iproc++  ))
+ exglobal_atmos_products.sh[154](( iproc <= nproc  ))
+ exglobal_atmos_products.sh[155]for grid in "${grids[@]}"
+ exglobal_atmos_products.sh[156]cat pgb2file_f005_12_0p25
+ exglobal_atmos_products.sh[157]rm -f pgb2file_f005_12_0p25
+ exglobal_atmos_products.sh[155]for grid in "${grids[@]}"
+ exglobal_atmos_products.sh[156]cat pgb2file_f005_12_0p50
+ exglobal_atmos_products.sh[157]rm -f pgb2file_f005_12_0p50
+ exglobal_atmos_products.sh[155]for grid in "${grids[@]}"
+ exglobal_atmos_products.sh[156]cat pgb2file_f005_12_1p00
+ exglobal_atmos_products.sh[157]rm -f pgb2file_f005_12_1p00
+ exglobal_atmos_products.sh[160]rm -f tmpfile_f005_12
+ exglobal_atmos_products.sh[154](( iproc++  ))
+ exglobal_atmos_products.sh[154](( iproc <= nproc  ))
+ exglobal_atmos_products.sh[155]for grid in "${grids[@]}"
+ exglobal_atmos_products.sh[156]cat pgb2file_f005_13_0p25
+ exglobal_atmos_products.sh[157]rm -f pgb2file_f005_13_0p25
+ exglobal_atmos_products.sh[155]for grid in "${grids[@]}"
+ exglobal_atmos_products.sh[156]cat pgb2file_f005_13_0p50
+ exglobal_atmos_products.sh[157]rm -f pgb2file_f005_13_0p50
+ exglobal_atmos_products.sh[155]for grid in "${grids[@]}"
+ exglobal_atmos_products.sh[156]cat pgb2file_f005_13_1p00
+ exglobal_atmos_products.sh[157]rm -f pgb2file_f005_13_1p00
+ exglobal_atmos_products.sh[160]rm -f tmpfile_f005_13
+ exglobal_atmos_products.sh[154](( iproc++  ))
+ exglobal_atmos_products.sh[154](( iproc <= nproc  ))
+ exglobal_atmos_products.sh[155]for grid in "${grids[@]}"
+ exglobal_atmos_products.sh[156]cat pgb2file_f005_14_0p25
+ exglobal_atmos_products.sh[157]rm -f pgb2file_f005_14_0p25
+ exglobal_atmos_products.sh[155]for grid in "${grids[@]}"
+ exglobal_atmos_products.sh[156]cat pgb2file_f005_14_0p50
+ exglobal_atmos_products.sh[157]rm -f pgb2file_f005_14_0p50
+ exglobal_atmos_products.sh[155]for grid in "${grids[@]}"
+ exglobal_atmos_products.sh[156]cat pgb2file_f005_14_1p00
+ exglobal_atmos_products.sh[157]rm -f pgb2file_f005_14_1p00
+ exglobal_atmos_products.sh[160]rm -f tmpfile_f005_14
+ exglobal_atmos_products.sh[154](( iproc++  ))
+ exglobal_atmos_products.sh[154](( iproc <= nproc  ))
+ exglobal_atmos_products.sh[155]for grid in "${grids[@]}"
+ exglobal_atmos_products.sh[156]cat pgb2file_f005_15_0p25
+ exglobal_atmos_products.sh[157]rm -f pgb2file_f005_15_0p25
+ exglobal_atmos_products.sh[155]for grid in "${grids[@]}"
+ exglobal_atmos_products.sh[156]cat pgb2file_f005_15_0p50
+ exglobal_atmos_products.sh[157]rm -f pgb2file_f005_15_0p50
+ exglobal_atmos_products.sh[155]for grid in "${grids[@]}"
+ exglobal_atmos_products.sh[156]cat pgb2file_f005_15_1p00
+ exglobal_atmos_products.sh[157]rm -f pgb2file_f005_15_1p00
+ exglobal_atmos_products.sh[160]rm -f tmpfile_f005_15
+ exglobal_atmos_products.sh[154](( iproc++  ))
+ exglobal_atmos_products.sh[154](( iproc <= nproc  ))
+ exglobal_atmos_products.sh[155]for grid in "${grids[@]}"
+ exglobal_atmos_products.sh[156]cat pgb2file_f005_16_0p25
+ exglobal_atmos_products.sh[157]rm -f pgb2file_f005_16_0p25
+ exglobal_atmos_products.sh[155]for grid in "${grids[@]}"
+ exglobal_atmos_products.sh[156]cat pgb2file_f005_16_0p50
+ exglobal_atmos_products.sh[157]rm -f pgb2file_f005_16_0p50
+ exglobal_atmos_products.sh[155]for grid in "${grids[@]}"
+ exglobal_atmos_products.sh[156]cat pgb2file_f005_16_1p00
+ exglobal_atmos_products.sh[157]rm -f pgb2file_f005_16_1p00
+ exglobal_atmos_products.sh[160]rm -f tmpfile_f005_16
+ exglobal_atmos_products.sh[154](( iproc++  ))
+ exglobal_atmos_products.sh[154](( iproc <= nproc  ))
+ exglobal_atmos_products.sh[155]for grid in "${grids[@]}"
+ exglobal_atmos_products.sh[156]cat pgb2file_f005_17_0p25
+ exglobal_atmos_products.sh[157]rm -f pgb2file_f005_17_0p25
+ exglobal_atmos_products.sh[155]for grid in "${grids[@]}"
+ exglobal_atmos_products.sh[156]cat pgb2file_f005_17_0p50
+ exglobal_atmos_products.sh[157]rm -f pgb2file_f005_17_0p50
+ exglobal_atmos_products.sh[155]for grid in "${grids[@]}"
+ exglobal_atmos_products.sh[156]cat pgb2file_f005_17_1p00
+ exglobal_atmos_products.sh[157]rm -f pgb2file_f005_17_1p00
+ exglobal_atmos_products.sh[160]rm -f tmpfile_f005_17
+ exglobal_atmos_products.sh[154](( iproc++  ))
+ exglobal_atmos_products.sh[154](( iproc <= nproc  ))
+ exglobal_atmos_products.sh[155]for grid in "${grids[@]}"
+ exglobal_atmos_products.sh[156]cat pgb2file_f005_18_0p25
+ exglobal_atmos_products.sh[157]rm -f pgb2file_f005_18_0p25
+ exglobal_atmos_products.sh[155]for grid in "${grids[@]}"
+ exglobal_atmos_products.sh[156]cat pgb2file_f005_18_0p50
+ exglobal_atmos_products.sh[157]rm -f pgb2file_f005_18_0p50
+ exglobal_atmos_products.sh[155]for grid in "${grids[@]}"
+ exglobal_atmos_products.sh[156]cat pgb2file_f005_18_1p00
+ exglobal_atmos_products.sh[157]rm -f pgb2file_f005_18_1p00
+ exglobal_atmos_products.sh[160]rm -f tmpfile_f005_18
+ exglobal_atmos_products.sh[154](( iproc++  ))
+ exglobal_atmos_products.sh[154](( iproc <= nproc  ))
+ exglobal_atmos_products.sh[155]for grid in "${grids[@]}"
+ exglobal_atmos_products.sh[156]cat pgb2file_f005_19_0p25
+ exglobal_atmos_products.sh[157]rm -f pgb2file_f005_19_0p25
+ exglobal_atmos_products.sh[155]for grid in "${grids[@]}"
+ exglobal_atmos_products.sh[156]cat pgb2file_f005_19_0p50
+ exglobal_atmos_products.sh[157]rm -f pgb2file_f005_19_0p50
+ exglobal_atmos_products.sh[155]for grid in "${grids[@]}"
+ exglobal_atmos_products.sh[156]cat pgb2file_f005_19_1p00
+ exglobal_atmos_products.sh[157]rm -f pgb2file_f005_19_1p00
+ exglobal_atmos_products.sh[160]rm -f tmpfile_f005_19
+ exglobal_atmos_products.sh[154](( iproc++  ))
+ exglobal_atmos_products.sh[154](( iproc <= nproc  ))
+ exglobal_atmos_products.sh[155]for grid in "${grids[@]}"
+ exglobal_atmos_products.sh[156]cat pgb2file_f005_20_0p25
+ exglobal_atmos_products.sh[157]rm -f pgb2file_f005_20_0p25
+ exglobal_atmos_products.sh[155]for grid in "${grids[@]}"
+ exglobal_atmos_products.sh[156]cat pgb2file_f005_20_0p50
+ exglobal_atmos_products.sh[157]rm -f pgb2file_f005_20_0p50
+ exglobal_atmos_products.sh[155]for grid in "${grids[@]}"
+ exglobal_atmos_products.sh[156]cat pgb2file_f005_20_1p00
+ exglobal_atmos_products.sh[157]rm -f pgb2file_f005_20_1p00
+ exglobal_atmos_products.sh[160]rm -f tmpfile_f005_20
+ exglobal_atmos_products.sh[154](( iproc++  ))
+ exglobal_atmos_products.sh[154](( iproc <= nproc  ))
+ exglobal_atmos_products.sh[155]for grid in "${grids[@]}"
+ exglobal_atmos_products.sh[156]cat pgb2file_f005_21_0p25
+ exglobal_atmos_products.sh[157]rm -f pgb2file_f005_21_0p25
+ exglobal_atmos_products.sh[155]for grid in "${grids[@]}"
+ exglobal_atmos_products.sh[156]cat pgb2file_f005_21_0p50
+ exglobal_atmos_products.sh[157]rm -f pgb2file_f005_21_0p50
+ exglobal_atmos_products.sh[155]for grid in "${grids[@]}"
+ exglobal_atmos_products.sh[156]cat pgb2file_f005_21_1p00
+ exglobal_atmos_products.sh[157]rm -f pgb2file_f005_21_1p00
+ exglobal_atmos_products.sh[160]rm -f tmpfile_f005_21
+ exglobal_atmos_products.sh[154](( iproc++  ))
+ exglobal_atmos_products.sh[154](( iproc <= nproc  ))
+ exglobal_atmos_products.sh[155]for grid in "${grids[@]}"
+ exglobal_atmos_products.sh[156]cat pgb2file_f005_22_0p25
+ exglobal_atmos_products.sh[157]rm -f pgb2file_f005_22_0p25
+ exglobal_atmos_products.sh[155]for grid in "${grids[@]}"
+ exglobal_atmos_products.sh[156]cat pgb2file_f005_22_0p50
+ exglobal_atmos_products.sh[157]rm -f pgb2file_f005_22_0p50
+ exglobal_atmos_products.sh[155]for grid in "${grids[@]}"
+ exglobal_atmos_products.sh[156]cat pgb2file_f005_22_1p00
+ exglobal_atmos_products.sh[157]rm -f pgb2file_f005_22_1p00
+ exglobal_atmos_products.sh[160]rm -f tmpfile_f005_22
+ exglobal_atmos_products.sh[154](( iproc++  ))
+ exglobal_atmos_products.sh[154](( iproc <= nproc  ))
+ exglobal_atmos_products.sh[155]for grid in "${grids[@]}"
+ exglobal_atmos_products.sh[156]cat pgb2file_f005_23_0p25
+ exglobal_atmos_products.sh[157]rm -f pgb2file_f005_23_0p25
+ exglobal_atmos_products.sh[155]for grid in "${grids[@]}"
+ exglobal_atmos_products.sh[156]cat pgb2file_f005_23_0p50
+ exglobal_atmos_products.sh[157]rm -f pgb2file_f005_23_0p50
+ exglobal_atmos_products.sh[155]for grid in "${grids[@]}"
+ exglobal_atmos_products.sh[156]cat pgb2file_f005_23_1p00
+ exglobal_atmos_products.sh[157]rm -f pgb2file_f005_23_1p00
+ exglobal_atmos_products.sh[160]rm -f tmpfile_f005_23
+ exglobal_atmos_products.sh[154](( iproc++  ))
+ exglobal_atmos_products.sh[154](( iproc <= nproc  ))
+ exglobal_atmos_products.sh[155]for grid in "${grids[@]}"
+ exglobal_atmos_products.sh[156]cat pgb2file_f005_24_0p25
+ exglobal_atmos_products.sh[157]rm -f pgb2file_f005_24_0p25
+ exglobal_atmos_products.sh[155]for grid in "${grids[@]}"
+ exglobal_atmos_products.sh[156]cat pgb2file_f005_24_0p50
+ exglobal_atmos_products.sh[157]rm -f pgb2file_f005_24_0p50
+ exglobal_atmos_products.sh[155]for grid in "${grids[@]}"
+ exglobal_atmos_products.sh[156]cat pgb2file_f005_24_1p00
+ exglobal_atmos_products.sh[157]rm -f pgb2file_f005_24_1p00
+ exglobal_atmos_products.sh[160]rm -f tmpfile_f005_24
+ exglobal_atmos_products.sh[154](( iproc++  ))
+ exglobal_atmos_products.sh[154](( iproc <= nproc  ))
+ exglobal_atmos_products.sh[164]for grid in "${grids[@]}"
+ exglobal_atmos_products.sh[165]prod_dir=COMOUT_ATMOS_GRIB_0p25
+ exglobal_atmos_products.sh[166]cpfs pgb2file_f005_0p25 /work2/noaa/global/mterry/RUNTESTS/COMROOT/C96C48_hybatmDA/gdas.20211221/06//products/atmos/grib2/0p25/gdas.t06z.pgrb2.0p25.f005
+ cpfs[3]'[' 2 -ne 2 ']'
+ cpfs[8]'[' /work2/noaa/global/mterry/RUNTESTS/COMROOT/C96C48_hybatmDA/gdas.20211221/06//products/atmos/grib2/0p25/gdas.t06z.pgrb2.0p25.f005 = . -o /work2/noaa/global/mterry/RUNTESTS/COMROOT/C96C48_hybatmDA/gdas.20211221/06//products/atmos/grib2/0p25/gdas.t06z.pgrb2.0p25.f005 = ./ ']'
+ cpfs[10]'[' -d /work2/noaa/global/mterry/RUNTESTS/COMROOT/C96C48_hybatmDA/gdas.20211221/06//products/atmos/grib2/0p25/gdas.t06z.pgrb2.0p25.f005 ']'
+ cpfs[13]cpdstfile=/work2/noaa/global/mterry/RUNTESTS/COMROOT/C96C48_hybatmDA/gdas.20211221/06//products/atmos/grib2/0p25/gdas.t06z.pgrb2.0p25.f005
+ cpfs[16]cp pgb2file_f005_0p25 /work2/noaa/global/mterry/RUNTESTS/COMROOT/C96C48_hybatmDA/gdas.20211221/06//products/atmos/grib2/0p25/gdas.t06z.pgrb2.0p25.f005.cptmp
+ cpfs[18]'[' 0 -ne 0 ']'
+ cpfs[22]/work/noaa/epic/role-epic/spack-stack/hercules/spack-stack-1.6.0/envs/unified-env/install/intel/2021.9.0/prod-util-2.1.1-ddlo2cq/bin/fsync_file /work2/noaa/global/mterry/RUNTESTS/COMROOT/C96C48_hybatmDA/gdas.20211221/06//products/atmos/grib2/0p25/gdas.t06z.pgrb2.0p25.f005.cptmp
+ cpfs[23]'[' 0 -ne 0 ']'
+ cpfs[27]mv /work2/noaa/global/mterry/RUNTESTS/COMROOT/C96C48_hybatmDA/gdas.20211221/06//products/atmos/grib2/0p25/gdas.t06z.pgrb2.0p25.f005.cptmp /work2/noaa/global/mterry/RUNTESTS/COMROOT/C96C48_hybatmDA/gdas.20211221/06//products/atmos/grib2/0p25/gdas.t06z.pgrb2.0p25.f005
+ cpfs[28]'[' 0 -ne 0 ']'
+ exglobal_atmos_products.sh[167]wgrib2 -s pgb2file_f005_0p25
+ exglobal_atmos_products.sh[164]for grid in "${grids[@]}"
+ exglobal_atmos_products.sh[165]prod_dir=COMOUT_ATMOS_GRIB_0p50
+ exglobal_atmos_products.sh[166]cpfs pgb2file_f005_0p50 /work2/noaa/global/mterry/RUNTESTS/COMROOT/C96C48_hybatmDA/gdas.20211221/06//products/atmos/grib2/0p50/gdas.t06z.pgrb2.0p50.f005
+ cpfs[3]'[' 2 -ne 2 ']'
+ cpfs[8]'[' /work2/noaa/global/mterry/RUNTESTS/COMROOT/C96C48_hybatmDA/gdas.20211221/06//products/atmos/grib2/0p50/gdas.t06z.pgrb2.0p50.f005 = . -o /work2/noaa/global/mterry/RUNTESTS/COMROOT/C96C48_hybatmDA/gdas.20211221/06//products/atmos/grib2/0p50/gdas.t06z.pgrb2.0p50.f005 = ./ ']'
+ cpfs[10]'[' -d /work2/noaa/global/mterry/RUNTESTS/COMROOT/C96C48_hybatmDA/gdas.20211221/06//products/atmos/grib2/0p50/gdas.t06z.pgrb2.0p50.f005 ']'
+ cpfs[13]cpdstfile=/work2/noaa/global/mterry/RUNTESTS/COMROOT/C96C48_hybatmDA/gdas.20211221/06//products/atmos/grib2/0p50/gdas.t06z.pgrb2.0p50.f005
+ cpfs[16]cp pgb2file_f005_0p50 /work2/noaa/global/mterry/RUNTESTS/COMROOT/C96C48_hybatmDA/gdas.20211221/06//products/atmos/grib2/0p50/gdas.t06z.pgrb2.0p50.f005.cptmp
+ cpfs[18]'[' 0 -ne 0 ']'
+ cpfs[22]/work/noaa/epic/role-epic/spack-stack/hercules/spack-stack-1.6.0/envs/unified-env/install/intel/2021.9.0/prod-util-2.1.1-ddlo2cq/bin/fsync_file /work2/noaa/global/mterry/RUNTESTS/COMROOT/C96C48_hybatmDA/gdas.20211221/06//products/atmos/grib2/0p50/gdas.t06z.pgrb2.0p50.f005.cptmp
+ cpfs[23]'[' 0 -ne 0 ']'
+ cpfs[27]mv /work2/noaa/global/mterry/RUNTESTS/COMROOT/C96C48_hybatmDA/gdas.20211221/06//products/atmos/grib2/0p50/gdas.t06z.pgrb2.0p50.f005.cptmp /work2/noaa/global/mterry/RUNTESTS/COMROOT/C96C48_hybatmDA/gdas.20211221/06//products/atmos/grib2/0p50/gdas.t06z.pgrb2.0p50.f005
+ cpfs[28]'[' 0 -ne 0 ']'
+ exglobal_atmos_products.sh[167]wgrib2 -s pgb2file_f005_0p50
+ exglobal_atmos_products.sh[164]for grid in "${grids[@]}"
+ exglobal_atmos_products.sh[165]prod_dir=COMOUT_ATMOS_GRIB_1p00
+ exglobal_atmos_products.sh[166]cpfs pgb2file_f005_1p00 /work2/noaa/global/mterry/RUNTESTS/COMROOT/C96C48_hybatmDA/gdas.20211221/06//products/atmos/grib2/1p00/gdas.t06z.pgrb2.1p00.f005
+ cpfs[3]'[' 2 -ne 2 ']'
+ cpfs[8]'[' /work2/noaa/global/mterry/RUNTESTS/COMROOT/C96C48_hybatmDA/gdas.20211221/06//products/atmos/grib2/1p00/gdas.t06z.pgrb2.1p00.f005 = . -o /work2/noaa/global/mterry/RUNTESTS/COMROOT/C96C48_hybatmDA/gdas.20211221/06//products/atmos/grib2/1p00/gdas.t06z.pgrb2.1p00.f005 = ./ ']'
+ cpfs[10]'[' -d /work2/noaa/global/mterry/RUNTESTS/COMROOT/C96C48_hybatmDA/gdas.20211221/06//products/atmos/grib2/1p00/gdas.t06z.pgrb2.1p00.f005 ']'
+ cpfs[13]cpdstfile=/work2/noaa/global/mterry/RUNTESTS/COMROOT/C96C48_hybatmDA/gdas.20211221/06//products/atmos/grib2/1p00/gdas.t06z.pgrb2.1p00.f005
+ cpfs[16]cp pgb2file_f005_1p00 /work2/noaa/global/mterry/RUNTESTS/COMROOT/C96C48_hybatmDA/gdas.20211221/06//products/atmos/grib2/1p00/gdas.t06z.pgrb2.1p00.f005.cptmp
+ cpfs[18]'[' 0 -ne 0 ']'
+ cpfs[22]/work/noaa/epic/role-epic/spack-stack/hercules/spack-stack-1.6.0/envs/unified-env/install/intel/2021.9.0/prod-util-2.1.1-ddlo2cq/bin/fsync_file /work2/noaa/global/mterry/RUNTESTS/COMROOT/C96C48_hybatmDA/gdas.20211221/06//products/atmos/grib2/1p00/gdas.t06z.pgrb2.1p00.f005.cptmp
+ cpfs[23]'[' 0 -ne 0 ']'
+ cpfs[27]mv /work2/noaa/global/mterry/RUNTESTS/COMROOT/C96C48_hybatmDA/gdas.20211221/06//products/atmos/grib2/1p00/gdas.t06z.pgrb2.1p00.f005.cptmp /work2/noaa/global/mterry/RUNTESTS/COMROOT/C96C48_hybatmDA/gdas.20211221/06//products/atmos/grib2/1p00/gdas.t06z.pgrb2.1p00.f005
+ cpfs[28]'[' 0 -ne 0 ']'
+ exglobal_atmos_products.sh[167]wgrib2 -s pgb2file_f005_1p00
+ exglobal_atmos_products.sh[170]echo 'Finished processing nset = 1'
Finished processing nset = 1
+ exglobal_atmos_products.sh[154](( nset++  ))
+ exglobal_atmos_products.sh[154](( nset <= downset  ))
+ exglobal_atmos_products.sh[177]FLUX_FILE=/work2/noaa/global/mterry/RUNTESTS/COMROOT/C96C48_hybatmDA/gdas.20211221/06//model/atmos/master/gdas.t06z.sfluxgrbf005.grib2
+ exglobal_atmos_products.sh[178][[ -s /work2/noaa/global/mterry/RUNTESTS/COMROOT/C96C48_hybatmDA/gdas.20211221/06//model/atmos/master/gdas.t06z.sfluxgrbf005.grib2 ]]
+ exglobal_atmos_products.sh[179]wgrib2 -s /work2/noaa/global/mterry/RUNTESTS/COMROOT/C96C48_hybatmDA/gdas.20211221/06//model/atmos/master/gdas.t06z.sfluxgrbf005.grib2
+ exglobal_atmos_products.sh[185][[ NO == \Y\E\S ]]
+ exglobal_atmos_products.sh[207][[ NO == \Y\E\S ]]
+ exglobal_atmos_products.sh[219][[ NO == \Y\E\S ]]
+ exglobal_atmos_products.sh[290]exit 0
+ JGLOBAL_ATMOS_PRODUCTS[27]true
+ JGLOBAL_ATMOS_PRODUCTS[28]export err=0
+ JGLOBAL_ATMOS_PRODUCTS[28]err=0
+ JGLOBAL_ATMOS_PRODUCTS[29][[ 0 -ne 0 ]]
+ JGLOBAL_ATMOS_PRODUCTS[40][[ -e OUTPUT.333711 ]]
+ JGLOBAL_ATMOS_PRODUCTS[47]cd /work2/noaa/stmp/mterry/HERCULES/RUNDIRS/C96C48_hybatmDA/gdas.2021122106
+ JGLOBAL_ATMOS_PRODUCTS[48][[ NO == \N\O ]]
+ JGLOBAL_ATMOS_PRODUCTS[49]rm -rf /work2/noaa/stmp/mterry/HERCULES/RUNDIRS/C96C48_hybatmDA/gdas.2021122106/atmos_products_f005.333254
+ JGLOBAL_ATMOS_PRODUCTS[53]exit 0
+ JGLOBAL_ATMOS_PRODUCTS[1]postamble /work2/noaa/global/mterry/global-workflow_forked/jobs/JGLOBAL_ATMOS_PRODUCTS 1753773598 0
+ preamble.sh[62]set +x
End /work2/noaa/global/mterry/global-workflow_forked/jobs/JGLOBAL_ATMOS_PRODUCTS at 07:21:02 with error code 0 (time elapsed: 00:01:04)
+ status=0
+ [[ 0 -ne 0 ]]
+ exit 0
