+ . /work2/noaa/global/mterry/global-workflow_forked/ush/load_fv3gfs_modules.sh
++ [[ hxB == *x* ]]
++ set_x=YES
++ [[ NO == \N\O ]]
++ echo 'Loading modules quietly...'
Loading modules quietly...
++ set +x
Running "module reset". Resetting modules to system default. The following $MODULEPATH directories have been removed: /work2/noaa/global/mterry/global-workflow_forked/modulefiles

Currently Loaded Modules:
  1) contrib/0.1                      43) ip/4.3.0
  2) intel-oneapi-compilers/2023.1.0  44) grib-util/1.3.0
  3) stack-intel/2021.9.0             45) g2tmpl/1.13.0
  4) intel-oneapi-mpi/2021.9.0        46) gsi-ncdiag/1.1.2
  5) stack-intel-oneapi-mpi/2021.9.0  47) crtm-fix/2.4.0.1_emc
  6) intel-oneapi-mkl/2023.1.0        48) git-lfs/3.1.2
  7) zlib/1.2.13                      49) crtm/2.4.0.1
  8) pigz/2.7                         50) openblas/0.3.24
  9) zstd/1.5.2                       51) py-setuptools/63.4.3
 10) tar/1.34                         52) py-numpy/1.23.4
 11) gettext/0.21.1                   53) bufr/11.7.0
 12) libxcrypt/4.4.35                 54) gmake/4.2.1
 13) sqlite/3.43.2                    55) wgrib2/2.0.8
 14) util-linux-uuid/2.38.1           56) py-f90nml/1.4.3
 15) python/3.11.6                    57) py-cftime/1.0.3.4
 16) libjpeg/2.1.0                    58) py-netcdf4/1.5.8
 17) jasper/2.0.32                    59) libyaml/0.2.5
 18) libpng/1.6.37                    60) py-pyyaml/6.0
 19) openjpeg/2.3.1                   61) py-markupsafe/2.1.3
 20) eccodes/2.32.0                   62) py-jinja2/3.1.2
 21) fftw/3.3.10                      63) py-bottleneck/1.3.7
 22) nghttp2/1.57.0                   64) py-numexpr/2.8.4
 23) curl/8.4.0                       65) py-et-xmlfile/1.0.1
 24) proj/9.2.1                       66) py-openpyxl/3.1.2
 25) udunits/2.2.28                   67) py-pytz/2023.3
 26) cdo/2.2.0                        68) py-pyxlsb/1.0.10
 27) hdf5/1.14.0                      69) py-xlrd/2.0.1
 28) snappy/1.1.10                    70) py-xlsxwriter/3.1.7
 29) c-blosc/1.21.5                   71) py-xlwt/1.3.0
 30) netcdf-c/4.9.2                   72) py-pandas/1.5.3
 31) netcdf-fortran/4.6.1             73) py-six/1.16.0
 32) parallel-netcdf/1.12.2           74) py-python-dateutil/2.8.2
 33) parallelio/2.5.10                75) g2c/1.8.0
 34) esmf/8.6.0                       76) netcdf-cxx4/4.3.1
 35) antlr/2.7.7                      77) met/9.1.3
 36) gsl/2.7.1                        78) metplus/3.1.1
 37) nco/5.0.6                        79) py-packaging/23.1
 38) bacio/2.4.1                      80) py-xarray/2023.7.0
 39) w3emc/2.10.0                     81) prepobs/1.1.0
 40) prod_util/2.1.1                  82) fit2obs/1.1.7.1
 41) g2/3.4.5                         83) globus-cli/3.35.2
 42) sp/2.5.0                         84) module_base.hercules

 

++ [[ -d /work2/noaa/global/mterry/global-workflow_forked/sorc/wxflow/src ]]
++ PYTHONPATH=/apps/other/globus-cli-3.35.2:/work/noaa/epic/role-epic/spack-stack/hercules/spack-stack-1.6.0/envs/gsi-addon-dev-fms-2024.01/install/intel/2021.9.0/py-xarray-2023.7.0-x743hx4/lib/python3.11/site-packages:/work/noaa/epic/role-epic/spack-stack/hercules/spack-stack-1.6.0/envs/gsi-addon-dev-fms-2024.01/install/intel/2021.9.0/py-packaging-23.1-cvb54w6/lib/python3.11/site-packages:/work/noaa/epic/role-epic/spack-stack/hercules/spack-stack-1.6.0/envs/gsi-addon-dev-fms-2024.01/install/intel/2021.9.0/py-python-dateutil-2.8.2-crskgyy/lib/python3.11/site-packages:/work/noaa/epic/role-epic/spack-stack/hercules/spack-stack-1.6.0/envs/gsi-addon-dev-fms-2024.01/install/intel/2021.9.0/py-six-1.16.0-dtjcn7o/lib/python3.11/site-packages:/work/noaa/epic/role-epic/spack-stack/hercules/spack-stack-1.6.0/envs/gsi-addon-dev-fms-2024.01/install/intel/2021.9.0/py-pandas-1.5.3-7tjsvkw/lib/python3.11/site-packages:/work/noaa/epic/role-epic/spack-stack/hercules/spack-stack-1.6.0/envs/gsi-addon-dev-fms-2024.01/install/intel/2021.9.0/py-xlwt-1.3.0-ghvbw56/lib/python3.11/site-packages:/work/noaa/epic/role-epic/spack-stack/hercules/spack-stack-1.6.0/envs/gsi-addon-dev-fms-2024.01/install/intel/2021.9.0/py-xlsxwriter-3.1.7-rqogaok/lib/python3.11/site-packages:/work/noaa/epic/role-epic/spack-stack/hercules/spack-stack-1.6.0/envs/gsi-addon-dev-fms-2024.01/install/intel/2021.9.0/py-xlrd-2.0.1-g52jf7f/lib/python3.11/site-packages:/work/noaa/epic/role-epic/spack-stack/hercules/spack-stack-1.6.0/envs/gsi-addon-dev-fms-2024.01/install/intel/2021.9.0/py-pyxlsb-1.0.10-ow7w6ge/lib/python3.11/site-packages:/work/noaa/epic/role-epic/spack-stack/hercules/spack-stack-1.6.0/envs/gsi-addon-dev-fms-2024.01/install/intel/2021.9.0/py-pytz-2023.3-kmu3i3s/lib/python3.11/site-packages:/work/noaa/epic/role-epic/spack-stack/hercules/spack-stack-1.6.0/envs/gsi-addon-dev-fms-2024.01/install/intel/2021.9.0/py-openpyxl-3.1.2-vfourqe/lib/python3.11/site-packages:/work/noaa/epic/role-epic/spack-stack/hercules/spack-stack-1.6.0/envs/gsi-addon-dev-fms-2024.01/install/intel/2021.9.0/py-et-xmlfile-1.0.1-7wze7yq/lib/python3.11/site-packages:/work/noaa/epic/role-epic/spack-stack/hercules/spack-stack-1.6.0/envs/gsi-addon-dev-fms-2024.01/install/intel/2021.9.0/py-numexpr-2.8.4-nobvkrq/lib/python3.11/site-packages:/work/noaa/epic/role-epic/spack-stack/hercules/spack-stack-1.6.0/envs/gsi-addon-dev-fms-2024.01/install/intel/2021.9.0/py-bottleneck-1.3.7-ftw2r3a/lib/python3.11/site-packages:/work/noaa/epic/role-epic/spack-stack/hercules/spack-stack-1.6.0/envs/gsi-addon-dev-fms-2024.01/install/intel/2021.9.0/py-jinja2-3.1.2-eoja5pj/lib/python3.11/site-packages:/work/noaa/epic/role-epic/spack-stack/hercules/spack-stack-1.6.0/envs/gsi-addon-dev-fms-2024.01/install/intel/2021.9.0/py-markupsafe-2.1.3-v6xcnb7/lib/python3.11/site-packages:/work/noaa/epic/role-epic/spack-stack/hercules/spack-stack-1.6.0/envs/gsi-addon-dev-fms-2024.01/install/intel/2021.9.0/py-pyyaml-6.0-t2st4x2/lib/python3.11/site-packages:/work/noaa/epic/role-epic/spack-stack/hercules/spack-stack-1.6.0/envs/gsi-addon-dev-fms-2024.01/install/intel/2021.9.0/py-netcdf4-1.5.8-bgfhv5i/lib/python3.11/site-packages:/work/noaa/epic/role-epic/spack-stack/hercules/spack-stack-1.6.0/envs/gsi-addon-dev-fms-2024.01/install/intel/2021.9.0/py-cftime-1.0.3.4-ienmq3i/lib/python3.11/site-packages:/work/noaa/epic/role-epic/spack-stack/hercules/spack-stack-1.6.0/envs/gsi-addon-dev-fms-2024.01/install/intel/2021.9.0/py-f90nml-1.4.3-3ib7u6z/lib/python3.11/site-packages:/work/noaa/epic/role-epic/spack-stack/hercules/spack-stack-1.6.0/envs/gsi-addon-dev-fms-2024.01/install/intel/2021.9.0/bufr-11.7.0-7qdgt6m/lib64/python3.11/site-packages:/work/noaa/epic/role-epic/spack-stack/hercules/spack-stack-1.6.0/envs/gsi-addon-dev-fms-2024.01/install/intel/2021.9.0/bufr-11.7.0-7qdgt6m/lib/python3.11/site-packages:/work/noaa/epic/role-epic/spack-stack/hercules/spack-stack-1.6.0/envs/gsi-addon-dev-fms-2024.01/install/intel/2021.9.0/py-numpy-1.23.4-ftta6ne/lib/python3.11/site-packages:/work/noaa/epic/role-epic/spack-stack/hercules/spack-stack-1.6.0/envs/gsi-addon-dev-fms-2024.01/install/intel/2021.9.0/py-setuptools-63.4.3-5extjhr/lib/python3.11/site-packages:/work2/noaa/global/mterry/global-workflow_forked/sorc/wxflow/src:/work2/noaa/global/mterry/global-workflow_forked/sorc/wxflow/src
++ PYTHONPATH=/apps/other/globus-cli-3.35.2:/work/noaa/epic/role-epic/spack-stack/hercules/spack-stack-1.6.0/envs/gsi-addon-dev-fms-2024.01/install/intel/2021.9.0/py-xarray-2023.7.0-x743hx4/lib/python3.11/site-packages:/work/noaa/epic/role-epic/spack-stack/hercules/spack-stack-1.6.0/envs/gsi-addon-dev-fms-2024.01/install/intel/2021.9.0/py-packaging-23.1-cvb54w6/lib/python3.11/site-packages:/work/noaa/epic/role-epic/spack-stack/hercules/spack-stack-1.6.0/envs/gsi-addon-dev-fms-2024.01/install/intel/2021.9.0/py-python-dateutil-2.8.2-crskgyy/lib/python3.11/site-packages:/work/noaa/epic/role-epic/spack-stack/hercules/spack-stack-1.6.0/envs/gsi-addon-dev-fms-2024.01/install/intel/2021.9.0/py-six-1.16.0-dtjcn7o/lib/python3.11/site-packages:/work/noaa/epic/role-epic/spack-stack/hercules/spack-stack-1.6.0/envs/gsi-addon-dev-fms-2024.01/install/intel/2021.9.0/py-pandas-1.5.3-7tjsvkw/lib/python3.11/site-packages:/work/noaa/epic/role-epic/spack-stack/hercules/spack-stack-1.6.0/envs/gsi-addon-dev-fms-2024.01/install/intel/2021.9.0/py-xlwt-1.3.0-ghvbw56/lib/python3.11/site-packages:/work/noaa/epic/role-epic/spack-stack/hercules/spack-stack-1.6.0/envs/gsi-addon-dev-fms-2024.01/install/intel/2021.9.0/py-xlsxwriter-3.1.7-rqogaok/lib/python3.11/site-packages:/work/noaa/epic/role-epic/spack-stack/hercules/spack-stack-1.6.0/envs/gsi-addon-dev-fms-2024.01/install/intel/2021.9.0/py-xlrd-2.0.1-g52jf7f/lib/python3.11/site-packages:/work/noaa/epic/role-epic/spack-stack/hercules/spack-stack-1.6.0/envs/gsi-addon-dev-fms-2024.01/install/intel/2021.9.0/py-pyxlsb-1.0.10-ow7w6ge/lib/python3.11/site-packages:/work/noaa/epic/role-epic/spack-stack/hercules/spack-stack-1.6.0/envs/gsi-addon-dev-fms-2024.01/install/intel/2021.9.0/py-pytz-2023.3-kmu3i3s/lib/python3.11/site-packages:/work/noaa/epic/role-epic/spack-stack/hercules/spack-stack-1.6.0/envs/gsi-addon-dev-fms-2024.01/install/intel/2021.9.0/py-openpyxl-3.1.2-vfourqe/lib/python3.11/site-packages:/work/noaa/epic/role-epic/spack-stack/hercules/spack-stack-1.6.0/envs/gsi-addon-dev-fms-2024.01/install/intel/2021.9.0/py-et-xmlfile-1.0.1-7wze7yq/lib/python3.11/site-packages:/work/noaa/epic/role-epic/spack-stack/hercules/spack-stack-1.6.0/envs/gsi-addon-dev-fms-2024.01/install/intel/2021.9.0/py-numexpr-2.8.4-nobvkrq/lib/python3.11/site-packages:/work/noaa/epic/role-epic/spack-stack/hercules/spack-stack-1.6.0/envs/gsi-addon-dev-fms-2024.01/install/intel/2021.9.0/py-bottleneck-1.3.7-ftw2r3a/lib/python3.11/site-packages:/work/noaa/epic/role-epic/spack-stack/hercules/spack-stack-1.6.0/envs/gsi-addon-dev-fms-2024.01/install/intel/2021.9.0/py-jinja2-3.1.2-eoja5pj/lib/python3.11/site-packages:/work/noaa/epic/role-epic/spack-stack/hercules/spack-stack-1.6.0/envs/gsi-addon-dev-fms-2024.01/install/intel/2021.9.0/py-markupsafe-2.1.3-v6xcnb7/lib/python3.11/site-packages:/work/noaa/epic/role-epic/spack-stack/hercules/spack-stack-1.6.0/envs/gsi-addon-dev-fms-2024.01/install/intel/2021.9.0/py-pyyaml-6.0-t2st4x2/lib/python3.11/site-packages:/work/noaa/epic/role-epic/spack-stack/hercules/spack-stack-1.6.0/envs/gsi-addon-dev-fms-2024.01/install/intel/2021.9.0/py-netcdf4-1.5.8-bgfhv5i/lib/python3.11/site-packages:/work/noaa/epic/role-epic/spack-stack/hercules/spack-stack-1.6.0/envs/gsi-addon-dev-fms-2024.01/install/intel/2021.9.0/py-cftime-1.0.3.4-ienmq3i/lib/python3.11/site-packages:/work/noaa/epic/role-epic/spack-stack/hercules/spack-stack-1.6.0/envs/gsi-addon-dev-fms-2024.01/install/intel/2021.9.0/py-f90nml-1.4.3-3ib7u6z/lib/python3.11/site-packages:/work/noaa/epic/role-epic/spack-stack/hercules/spack-stack-1.6.0/envs/gsi-addon-dev-fms-2024.01/install/intel/2021.9.0/bufr-11.7.0-7qdgt6m/lib64/python3.11/site-packages:/work/noaa/epic/role-epic/spack-stack/hercules/spack-stack-1.6.0/envs/gsi-addon-dev-fms-2024.01/install/intel/2021.9.0/bufr-11.7.0-7qdgt6m/lib/python3.11/site-packages:/work/noaa/epic/role-epic/spack-stack/hercules/spack-stack-1.6.0/envs/gsi-addon-dev-fms-2024.01/install/intel/2021.9.0/py-numpy-1.23.4-ftta6ne/lib/python3.11/site-packages:/work/noaa/epic/role-epic/spack-stack/hercules/spack-stack-1.6.0/envs/gsi-addon-dev-fms-2024.01/install/intel/2021.9.0/py-setuptools-63.4.3-5extjhr/lib/python3.11/site-packages:/work2/noaa/global/mterry/global-workflow_forked/sorc/wxflow/src:/work2/noaa/global/mterry/global-workflow_forked/sorc/wxflow/src:/work2/noaa/global/mterry/global-workflow_forked/ush/python
++ export PYTHONPATH
++ ulimit -S -s 16384
++ unset ulimit_s
+ status=0
+ ((  status != 0  ))
+ export job=atmos_products
+ job=atmos_products
+ IFS=', '
+ read -r -a fhr_list
+ export FORECAST_HOUR jobid
+ for FORECAST_HOUR in "${fhr_list[@]}"
++ printf %03d 3
+ fhr3=003
+ jobid=atmos_products_f003.742205
+ /work2/noaa/global/mterry/global-workflow_forked/jobs/JGLOBAL_ATMOS_PRODUCTS
Begin /work2/noaa/global/mterry/global-workflow_forked/jobs/JGLOBAL_ATMOS_PRODUCTS at Tue Jul 29 05:54:51 UTC 2025
++ jjob_header.sh[46]OPTIND=1
++ jjob_header.sh[47]getopts c:e: option
++ jjob_header.sh[48]case "${option}" in
++ jjob_header.sh[50]env_job=atmos_products
++ jjob_header.sh[47]getopts c:e: option
++ jjob_header.sh[48]case "${option}" in
++ jjob_header.sh[49]read -ra configs
++ jjob_header.sh[47]getopts c:e: option
++ jjob_header.sh[61]shift 4
++ jjob_header.sh[63][[ -z atmos_products ]]
++ jjob_header.sh[71]export DATA=/work2/noaa/stmp/mterry/HERCULES/RUNDIRS/C96C48_hybatmDA/gdas.2021122100/atmos_products_f003.742205
++ jjob_header.sh[71]DATA=/work2/noaa/stmp/mterry/HERCULES/RUNDIRS/C96C48_hybatmDA/gdas.2021122100/atmos_products_f003.742205
++ jjob_header.sh[72][[ YES == \Y\E\S ]]
++ jjob_header.sh[73]rm -rf /work2/noaa/stmp/mterry/HERCULES/RUNDIRS/C96C48_hybatmDA/gdas.2021122100/atmos_products_f003.742205
++ jjob_header.sh[75]mkdir -p /work2/noaa/stmp/mterry/HERCULES/RUNDIRS/C96C48_hybatmDA/gdas.2021122100/atmos_products_f003.742205
++ jjob_header.sh[76]cd /work2/noaa/stmp/mterry/HERCULES/RUNDIRS/C96C48_hybatmDA/gdas.2021122100/atmos_products_f003.742205
++ jjob_header.sh[85]export pid=742662
++ jjob_header.sh[85]pid=742662
++ jjob_header.sh[86]export pgmout=OUTPUT.742662
++ jjob_header.sh[86]pgmout=OUTPUT.742662
++ jjob_header.sh[87]export pgmerr=errfile
++ jjob_header.sh[87]pgmerr=errfile
++ jjob_header.sh[90]export pgm=
++ jjob_header.sh[90]pgm=
++ jjob_header.sh[96]export cycle=t00z
++ jjob_header.sh[96]cycle=t00z
++ jjob_header.sh[97]setpdy.sh
+ setpdy.sh[20]'[' /work2/noaa/stmp/mterry/HERCULES/RUNDIRS/C96C48_hybatmDA/gdas.2021122100/atmos_products_f003.742205 == /home/mterry ']'
+ setpdy.sh[25][[ ! t00z =~ t??z ]]
+ setpdy.sh[30]case $# in
+ setpdy.sh[31]dates_before_PDY=7
+ setpdy.sh[32]dates_after_PDY=7
+ setpdy.sh[50]COMDATEROOT=/work2/noaa/global/mterry/RUNTESTS/COMROOT
+ setpdy.sh[53]'[' -z 20211221 ']'
+ setpdy.sh[57]sed 's/[0-9]\{8\}/20211221/' /work2/noaa/global/mterry/RUNTESTS/COMROOT/date/t00z
sed: can't read /work2/noaa/global/mterry/RUNTESTS/COMROOT/date/t00z: No such file or directory
++ jjob_header.sh[97]true
++ jjob_header.sh[98]source ./PDY
/work2/noaa/global/mterry/global-workflow_forked/ush/jjob_header.sh: line 98: ./PDY: No such file or directory
++ jjob_header.sh[98]true
++ jjob_header.sh[104]export EXPDIR=/work2/noaa/global/mterry/RUNTESTS/EXPDIR/C96C48_hybatmDA
++ jjob_header.sh[104]EXPDIR=/work2/noaa/global/mterry/RUNTESTS/EXPDIR/C96C48_hybatmDA
++ jjob_header.sh[105]for config in "${configs[@]:-''}"
++ jjob_header.sh[106]source /work2/noaa/global/mterry/RUNTESTS/EXPDIR/C96C48_hybatmDA/config.base
+++ config.base[6]echo 'BEGIN: config.base'
BEGIN: config.base
+++ config.base[9]export machine=HERCULES
+++ config.base[9]machine=HERCULES
+++ config.base[12]export RUN_ENVIR=emc
+++ config.base[12]RUN_ENVIR=emc
+++ config.base[15]export ACCOUNT=fv3-cpu
+++ config.base[15]ACCOUNT=fv3-cpu
+++ config.base[16]export QUEUE=batch
+++ config.base[16]QUEUE=batch
+++ config.base[17]export QUEUE_SERVICE=batch
+++ config.base[17]QUEUE_SERVICE=batch
+++ config.base[18]export QUEUE_DTN=batch
+++ config.base[18]QUEUE_DTN=batch
+++ config.base[19]export PARTITION_BATCH=hercules
+++ config.base[19]PARTITION_BATCH=hercules
+++ config.base[20]export PARTITION_SERVICE=service
+++ config.base[20]PARTITION_SERVICE=service
+++ config.base[21]export PARTITION_DTN=
+++ config.base[21]PARTITION_DTN=
+++ config.base[22]export RESERVATION=
+++ config.base[22]RESERVATION=
+++ config.base[23]export CLUSTERS=
+++ config.base[23]CLUSTERS=
+++ config.base[24]export CLUSTERS_SERVICE=
+++ config.base[24]CLUSTERS_SERVICE=
+++ config.base[25]export CLUSTERS_DTN=
+++ config.base[25]CLUSTERS_DTN=
+++ config.base[28]export HPSS_PROJECT=emc-global
+++ config.base[28]HPSS_PROJECT=emc-global
+++ config.base[31]export HOMEgfs=/work2/noaa/global/mterry/global-workflow_forked
+++ config.base[31]HOMEgfs=/work2/noaa/global/mterry/global-workflow_forked
+++ config.base[32]export EXECgfs=/work2/noaa/global/mterry/global-workflow_forked/exec
+++ config.base[32]EXECgfs=/work2/noaa/global/mterry/global-workflow_forked/exec
+++ config.base[33]export FIXgfs=/work2/noaa/global/mterry/global-workflow_forked/fix
+++ config.base[33]FIXgfs=/work2/noaa/global/mterry/global-workflow_forked/fix
+++ config.base[34]export PARMgfs=/work2/noaa/global/mterry/global-workflow_forked/parm
+++ config.base[34]PARMgfs=/work2/noaa/global/mterry/global-workflow_forked/parm
+++ config.base[35]export SCRgfs=/work2/noaa/global/mterry/global-workflow_forked/scripts
+++ config.base[35]SCRgfs=/work2/noaa/global/mterry/global-workflow_forked/scripts
+++ config.base[36]export USHgfs=/work2/noaa/global/mterry/global-workflow_forked/ush
+++ config.base[36]USHgfs=/work2/noaa/global/mterry/global-workflow_forked/ush
+++ config.base[38]export FIXam=/work2/noaa/global/mterry/global-workflow_forked/fix/am
+++ config.base[38]FIXam=/work2/noaa/global/mterry/global-workflow_forked/fix/am
+++ config.base[39]export FIXaer=/work2/noaa/global/mterry/global-workflow_forked/fix/aer
+++ config.base[39]FIXaer=/work2/noaa/global/mterry/global-workflow_forked/fix/aer
+++ config.base[40]export FIXcpl=/work2/noaa/global/mterry/global-workflow_forked/fix/cpl
+++ config.base[40]FIXcpl=/work2/noaa/global/mterry/global-workflow_forked/fix/cpl
+++ config.base[41]export FIXlut=/work2/noaa/global/mterry/global-workflow_forked/fix/lut
+++ config.base[41]FIXlut=/work2/noaa/global/mterry/global-workflow_forked/fix/lut
+++ config.base[42]export FIXcice=/work2/noaa/global/mterry/global-workflow_forked/fix/cice
+++ config.base[42]FIXcice=/work2/noaa/global/mterry/global-workflow_forked/fix/cice
+++ config.base[43]export FIXmom=/work2/noaa/global/mterry/global-workflow_forked/fix/mom6
+++ config.base[43]FIXmom=/work2/noaa/global/mterry/global-workflow_forked/fix/mom6
+++ config.base[44]export FIXreg2grb2=/work2/noaa/global/mterry/global-workflow_forked/fix/reg2grb2
+++ config.base[44]FIXreg2grb2=/work2/noaa/global/mterry/global-workflow_forked/fix/reg2grb2
+++ config.base[45]export FIXgdas=/work2/noaa/global/mterry/global-workflow_forked/fix/gdas
+++ config.base[45]FIXgdas=/work2/noaa/global/mterry/global-workflow_forked/fix/gdas
+++ config.base[50]export PACKAGEROOT=/work2/noaa/global/role-global/nwpara
+++ config.base[50]PACKAGEROOT=/work2/noaa/global/role-global/nwpara
+++ config.base[51]export COMROOT=/work2/noaa/global/mterry/RUNTESTS/COMROOT
+++ config.base[51]COMROOT=/work2/noaa/global/mterry/RUNTESTS/COMROOT
+++ config.base[52]export COMINsyn=/work2/noaa/global/role-global/com/gfs/prod/syndat
+++ config.base[52]COMINsyn=/work2/noaa/global/role-global/com/gfs/prod/syndat
+++ config.base[53]export DMPDIR=/work/noaa/rstprod/dump
+++ config.base[53]DMPDIR=/work/noaa/rstprod/dump
+++ config.base[57]export COMINecmwf=/work2/noaa/global/role-global/data/external_gempak/ecmwf
+++ config.base[57]COMINecmwf=/work2/noaa/global/role-global/data/external_gempak/ecmwf
+++ config.base[58]export COMINnam=/work2/noaa/global/role-global/data/external_gempak/nam
+++ config.base[58]COMINnam=/work2/noaa/global/role-global/data/external_gempak/nam
+++ config.base[59]export COMINukmet=/work2/noaa/global/role-global/data/external_gempak/ukmet
+++ config.base[59]COMINukmet=/work2/noaa/global/role-global/data/external_gempak/ukmet
+++ config.base[62]export HOMEDIR=/work2/noaa/global/mterry
+++ config.base[62]HOMEDIR=/work2/noaa/global/mterry
+++ config.base[63]export STMP=/work2/noaa/stmp/mterry/HERCULES
+++ config.base[63]STMP=/work2/noaa/stmp/mterry/HERCULES
+++ config.base[64]export PTMP=/work2/noaa/stmp/mterry/HERCULES
+++ config.base[64]PTMP=/work2/noaa/stmp/mterry/HERCULES
+++ config.base[65]export NOSCRUB=/work2/noaa/global/mterry
+++ config.base[65]NOSCRUB=/work2/noaa/global/mterry
+++ config.base[68]export BASE_GIT=/work2/noaa/global/role-global/git
+++ config.base[68]BASE_GIT=/work2/noaa/global/role-global/git
+++ config.base[71]export BASE_DATA=/work2/noaa/global/role-global/data
+++ config.base[71]BASE_DATA=/work2/noaa/global/role-global/data
+++ config.base[74]export DO_PREP_SFC=NO
+++ config.base[74]DO_PREP_SFC=NO
+++ config.base[77]export DO_GOES=NO
+++ config.base[77]DO_GOES=NO
+++ config.base[78]export DO_BUFRSND=NO
+++ config.base[78]DO_BUFRSND=NO
+++ config.base[79]export DO_GEMPAK=NO
+++ config.base[79]DO_GEMPAK=NO
+++ config.base[80]export DO_AWIPS=NO
+++ config.base[80]DO_AWIPS=NO
+++ config.base[81]export DO_NPOESS=NO
+++ config.base[81]DO_NPOESS=NO
+++ config.base[82]export DO_TRACKER=YES
+++ config.base[82]DO_TRACKER=YES
+++ config.base[83]export DO_GENESIS=YES
+++ config.base[83]DO_GENESIS=YES
+++ config.base[84]export DO_GENESIS_FSU=NO
+++ config.base[84]DO_GENESIS_FSU=NO
+++ config.base[85]export DO_VERFOZN=YES
+++ config.base[85]DO_VERFOZN=YES
+++ config.base[86]export DO_VERFRAD=YES
+++ config.base[86]DO_VERFRAD=YES
+++ config.base[87]export DO_VMINMON=YES
+++ config.base[87]DO_VMINMON=YES
+++ config.base[88]export DO_ANLSTAT=NO
+++ config.base[88]DO_ANLSTAT=NO
+++ config.base[91]export MODE=cycled
+++ config.base[91]MODE=cycled
+++ config.base[92]export DO_TEST_MODE=YES
+++ config.base[92]DO_TEST_MODE=YES
+++ config.base[101]export FIXgsi=/work2/noaa/global/mterry/global-workflow_forked/fix/gsi
+++ config.base[101]FIXgsi=/work2/noaa/global/mterry/global-workflow_forked/fix/gsi
+++ config.base[102]export HOMEpost=/work2/noaa/global/mterry/global-workflow_forked
+++ config.base[102]HOMEpost=/work2/noaa/global/mterry/global-workflow_forked
+++ config.base[103]export HOMEobsproc=/work2/noaa/global/role-global/git/obsproc/v1.2.0
+++ config.base[103]HOMEobsproc=/work2/noaa/global/role-global/git/obsproc/v1.2.0
+++ config.base[106]export NMV=/bin/mv
+++ config.base[106]NMV=/bin/mv
+++ config.base[107]export 'NLN=/bin/ln -sf'
+++ config.base[107]NLN='/bin/ln -sf'
+++ config.base[108]export VERBOSE=YES
+++ config.base[108]VERBOSE=YES
+++ config.base[109]export KEEPDATA=NO
+++ config.base[109]KEEPDATA=NO
+++ config.base[110]export DEBUG_POSTSCRIPT=NO
+++ config.base[110]DEBUG_POSTSCRIPT=NO
+++ config.base[111]export CHGRP_RSTPROD=YES
+++ config.base[111]CHGRP_RSTPROD=YES
+++ config.base[112]export 'CHGRP_CMD=chgrp rstprod'
+++ config.base[112]CHGRP_CMD='chgrp rstprod'
+++ config.base[113]export NCDUMP=/work/noaa/epic/role-epic/spack-stack/hercules/spack-stack-1.6.0/envs/unified-env/install/intel/2021.9.0/netcdf-c-4.9.2-tslbcfy/bin/ncdump
+++ config.base[113]NCDUMP=/work/noaa/epic/role-epic/spack-stack/hercules/spack-stack-1.6.0/envs/unified-env/install/intel/2021.9.0/netcdf-c-4.9.2-tslbcfy/bin/ncdump
+++ config.base[114]export NCLEN=/work2/noaa/global/mterry/global-workflow_forked/ush/getncdimlen
+++ config.base[114]NCLEN=/work2/noaa/global/mterry/global-workflow_forked/ush/getncdimlen
+++ config.base[117]export BASE_ENV=/work2/noaa/global/mterry/global-workflow_forked/env
+++ config.base[117]BASE_ENV=/work2/noaa/global/mterry/global-workflow_forked/env
+++ config.base[120]export SDATE=2021122018
+++ config.base[120]SDATE=2021122018
+++ config.base[121]export EDATE=2021122106
+++ config.base[121]EDATE=2021122106
+++ config.base[122]export EXP_WARM_START=.false.
+++ config.base[122]EXP_WARM_START=.false.
+++ config.base[123]export assim_freq=6
+++ config.base[123]assim_freq=6
+++ config.base[124]export PSLOT=C96C48_hybatmDA
+++ config.base[124]PSLOT=C96C48_hybatmDA
+++ config.base[125]export EXPDIR=/work2/noaa/global/mterry/RUNTESTS/EXPDIR/C96C48_hybatmDA
+++ config.base[125]EXPDIR=/work2/noaa/global/mterry/RUNTESTS/EXPDIR/C96C48_hybatmDA
+++ config.base[126]export ROTDIR=/work2/noaa/global/mterry/RUNTESTS/COMROOT/C96C48_hybatmDA
+++ config.base[126]ROTDIR=/work2/noaa/global/mterry/RUNTESTS/COMROOT/C96C48_hybatmDA
+++ config.base[127]export DUMP_SUFFIX=
+++ config.base[127]DUMP_SUFFIX=
+++ config.base[128][[ 2021122100 -ge 2019092100 ]]
+++ config.base[128][[ 2021122100 -le 2019110700 ]]
+++ config.base[131]export ARCDIR=/work2/noaa/global/mterry/archive/C96C48_hybatmDA
+++ config.base[131]ARCDIR=/work2/noaa/global/mterry/archive/C96C48_hybatmDA
+++ config.base[132]export ATARDIR=/NCEPDEV/emc-global/1year/mterry/HERCULES/scratch/C96C48_hybatmDA
+++ config.base[132]ATARDIR=/NCEPDEV/emc-global/1year/mterry/HERCULES/scratch/C96C48_hybatmDA
+++ config.base[133]export FETCHDIR=/NCEPDEV/emc-global/1year/David.Grumm/test_data
+++ config.base[133]FETCHDIR=/NCEPDEV/emc-global/1year/David.Grumm/test_data
+++ config.base[136]export envir=prod
+++ config.base[136]envir=prod
+++ config.base[137]export NET=gfs
+++ config.base[137]NET=gfs
+++ config.base[138]export RUN=gdas
+++ config.base[138]RUN=gdas
+++ config.base[141]source /work2/noaa/global/mterry/RUNTESTS/EXPDIR/C96C48_hybatmDA/config.com
++++ config.com[4]echo 'BEGIN: config.com'
BEGIN: config.com
++++ config.com[38][[ emc == \n\c\o ]]
++++ config.com[43]COM_OBSPROC_TMPL='${DMPDIR}/${RUN}${DUMP_SUFFIX}.${YMD}/${HH}/atmos'
++++ config.com[44]COM_RTOFS_TMPL='${DMPDIR}'
++++ config.com[45]COM_TCVITAL_TMPL='${DMPDIR}/${RUN}.${YMD}/${HH}/atmos'
++++ config.com[47]declare -rx 'COM_OBS_TMPL=${ROTDIR}/${RUN}.${YMD}/${HH}/obs'
++++ config.com[48]declare -rx COM_OBSPROC_TMPL COM_RTOFS_TMPL
++++ config.com[50]COM_BASE='${ROTDIR}/${RUN}.${YMD}/${HH}/${MEMDIR}'
++++ config.com[52]declare -rx 'COM_TOP_TMPL=${ROTDIR}/${RUN}.${YMD}/${HH}'
++++ config.com[54]declare -rx 'COM_CONF_TMPL=${ROTDIR}/${RUN}.${YMD}/${HH}/${MEMDIR}/conf'
++++ config.com[55]declare -rx 'COM_OBS_JEDI=${ROTDIR}/${RUN}.${YMD}/${HH}/${MEMDIR}/obs_jedi'
++++ config.com[57]declare -rx 'COM_ATMOS_INPUT_TMPL=${ROTDIR}/${RUN}.${YMD}/${HH}/${MEMDIR}/model/atmos/input'
++++ config.com[58]declare -rx 'COM_ATMOS_RESTART_TMPL=${ROTDIR}/${RUN}.${YMD}/${HH}/${MEMDIR}/model/atmos/restart'
++++ config.com[59]declare -rx 'COM_ATMOS_ANALYSIS_TMPL=${ROTDIR}/${RUN}.${YMD}/${HH}/${MEMDIR}/analysis/atmos'
++++ config.com[60]declare -rx 'COM_SNOW_ANALYSIS_TMPL=${ROTDIR}/${RUN}.${YMD}/${HH}/${MEMDIR}/analysis/snow'
++++ config.com[61]declare -rx 'COM_SNOW_ANLMON_TMPL=${ROTDIR}/${RUN}.${YMD}/${HH}/${MEMDIR}/products/snow/anlmon'
++++ config.com[62]declare -rx 'COM_ATMOS_HISTORY_TMPL=${ROTDIR}/${RUN}.${YMD}/${HH}/${MEMDIR}/model/atmos/history'
++++ config.com[63]declare -rx 'COM_ATMOS_MASTER_TMPL=${ROTDIR}/${RUN}.${YMD}/${HH}/${MEMDIR}/model/atmos/master'
++++ config.com[64]declare -rx 'COM_ATMOS_GRIB_TMPL=${ROTDIR}/${RUN}.${YMD}/${HH}/${MEMDIR}/products/atmos/grib2'
++++ config.com[65]declare -rx 'COM_ATMOS_GRIB_GRID_TMPL=${ROTDIR}/${RUN}.${YMD}/${HH}/${MEMDIR}/products/atmos/grib2/${GRID}'
++++ config.com[66]declare -rx 'COM_ATMOS_BUFR_TMPL=${ROTDIR}/${RUN}.${YMD}/${HH}/${MEMDIR}/products/atmos/bufr'
++++ config.com[67]declare -rx 'COM_ATMOS_GEMPAK_TMPL=${ROTDIR}/${RUN}.${YMD}/${HH}/${MEMDIR}/products/atmos/gempak/${GRID}'
++++ config.com[68]declare -rx 'COM_ATMOS_GENESIS_TMPL=${ROTDIR}/${RUN}.${YMD}/${HH}/${MEMDIR}/products/atmos/cyclone/genesis_vital'
++++ config.com[69]declare -rx 'COM_ATMOS_TRACK_TMPL=${ROTDIR}/${RUN}.${YMD}/${HH}/${MEMDIR}/products/atmos/cyclone/tracks'
++++ config.com[70]declare -rx 'COM_ATMOS_GOES_TMPL=${ROTDIR}/${RUN}.${YMD}/${HH}/${MEMDIR}/products/atmos/goes_sim'
++++ config.com[71]declare -rx 'COM_ATMOS_IMAGERY_TMPL=${ROTDIR}/${RUN}.${YMD}/${HH}/${MEMDIR}/products/atmos/imagery'
++++ config.com[72]declare -rx 'COM_ATMOS_OZNMON_TMPL=${ROTDIR}/${RUN}.${YMD}/${HH}/${MEMDIR}/products/atmos/oznmon'
++++ config.com[73]declare -rx 'COM_ATMOS_RADMON_TMPL=${ROTDIR}/${RUN}.${YMD}/${HH}/${MEMDIR}/products/atmos/radmon'
++++ config.com[74]declare -rx 'COM_ATMOS_MINMON_TMPL=${ROTDIR}/${RUN}.${YMD}/${HH}/${MEMDIR}/products/atmos/minmon'
++++ config.com[75]declare -rx 'COM_ATMOS_ANLMON_TMPL=${ROTDIR}/${RUN}.${YMD}/${HH}/${MEMDIR}/products/atmos/anlmon'
++++ config.com[76]declare -rx 'COM_ATMOS_WMO_TMPL=${ROTDIR}/${RUN}.${YMD}/${HH}/${MEMDIR}/products/atmos/wmo'
++++ config.com[78]declare -rx 'COM_WAVE_RESTART_TMPL=${ROTDIR}/${RUN}.${YMD}/${HH}/${MEMDIR}/model/wave/restart'
++++ config.com[79]declare -rx 'COM_WAVE_PREP_TMPL=${ROTDIR}/${RUN}.${YMD}/${HH}/${MEMDIR}/model/wave/prep'
++++ config.com[80]declare -rx 'COM_WAVE_HISTORY_TMPL=${ROTDIR}/${RUN}.${YMD}/${HH}/${MEMDIR}/model/wave/history'
++++ config.com[81]declare -rx 'COM_WAVE_GRID_TMPL=${ROTDIR}/${RUN}.${YMD}/${HH}/${MEMDIR}/products/wave/gridded'
++++ config.com[82]declare -rx 'COM_WAVE_GRID_RES_TMPL=${ROTDIR}/${RUN}.${YMD}/${HH}/${MEMDIR}/products/wave/gridded/${GRDRESNAME}'
++++ config.com[83]declare -rx 'COM_WAVE_STATION_TMPL=${ROTDIR}/${RUN}.${YMD}/${HH}/${MEMDIR}/products/wave/station'
++++ config.com[84]declare -rx 'COM_WAVE_GEMPAK_TMPL=${ROTDIR}/${RUN}.${YMD}/${HH}/${MEMDIR}/products/wave/gempak'
++++ config.com[85]declare -rx 'COM_WAVE_WMO_TMPL=${ROTDIR}/${RUN}.${YMD}/${HH}/${MEMDIR}/products/wave/wmo'
++++ config.com[87]declare -rx 'COM_OCEAN_HISTORY_TMPL=${ROTDIR}/${RUN}.${YMD}/${HH}/${MEMDIR}/model/ocean/history'
++++ config.com[88]declare -rx 'COM_OCEAN_RESTART_TMPL=${ROTDIR}/${RUN}.${YMD}/${HH}/${MEMDIR}/model/ocean/restart'
++++ config.com[89]declare -rx 'COM_OCEAN_INPUT_TMPL=${ROTDIR}/${RUN}.${YMD}/${HH}/${MEMDIR}/model/ocean/input'
++++ config.com[90]declare -rx 'COM_OCEAN_ANALYSIS_TMPL=${ROTDIR}/${RUN}.${YMD}/${HH}/${MEMDIR}/analysis/ocean'
++++ config.com[91]declare -rx 'COM_OCEAN_ANLMON_TMPL=${ROTDIR}/${RUN}.${YMD}/${HH}/${MEMDIR}/products/ocean/anlmon'
++++ config.com[92]declare -rx 'COM_OCEAN_LETKF_TMPL=${ROTDIR}/${RUN}.${YMD}/${HH}/${MEMDIR}/analysis/ocean/letkf'
++++ config.com[93]declare -rx 'COM_OCEAN_BMATRIX_TMPL=${ROTDIR}/${RUN}.${YMD}/${HH}/${MEMDIR}/bmatrix/ocean'
++++ config.com[94]declare -rx 'COM_OCEAN_NETCDF_TMPL=${ROTDIR}/${RUN}.${YMD}/${HH}/${MEMDIR}/products/ocean/netcdf'
++++ config.com[95]declare -rx 'COM_OCEAN_GRIB_TMPL=${ROTDIR}/${RUN}.${YMD}/${HH}/${MEMDIR}/products/ocean/grib2'
++++ config.com[96]declare -rx 'COM_OCEAN_GRIB_GRID_TMPL=${ROTDIR}/${RUN}.${YMD}/${HH}/${MEMDIR}/products/ocean/grib2/${GRID}'
++++ config.com[98]declare -rx 'COM_ICE_ANALYSIS_TMPL=${ROTDIR}/${RUN}.${YMD}/${HH}/${MEMDIR}/analysis/ice'
++++ config.com[99]declare -rx 'COM_ICE_LETKF_TMPL=${ROTDIR}/${RUN}.${YMD}/${HH}/${MEMDIR}/analysis/ice/letkf'
++++ config.com[100]declare -rx 'COM_ICE_ANLMON_TMPL=${ROTDIR}/${RUN}.${YMD}/${HH}/${MEMDIR}/products/ice/anlmon'
++++ config.com[101]declare -rx 'COM_ICE_BMATRIX_TMPL=${ROTDIR}/${RUN}.${YMD}/${HH}/${MEMDIR}/bmatrix/ice'
++++ config.com[102]declare -rx 'COM_ICE_INPUT_TMPL=${ROTDIR}/${RUN}.${YMD}/${HH}/${MEMDIR}/model/ice/input'
++++ config.com[103]declare -rx 'COM_ICE_HISTORY_TMPL=${ROTDIR}/${RUN}.${YMD}/${HH}/${MEMDIR}/model/ice/history'
++++ config.com[104]declare -rx 'COM_ICE_RESTART_TMPL=${ROTDIR}/${RUN}.${YMD}/${HH}/${MEMDIR}/model/ice/restart'
++++ config.com[105]declare -rx 'COM_ICE_NETCDF_TMPL=${ROTDIR}/${RUN}.${YMD}/${HH}/${MEMDIR}/products/ice/netcdf'
++++ config.com[106]declare -rx 'COM_ICE_GRIB_TMPL=${ROTDIR}/${RUN}.${YMD}/${HH}/${MEMDIR}/products/ice/grib2'
++++ config.com[107]declare -rx 'COM_ICE_GRIB_GRID_TMPL=${ROTDIR}/${RUN}.${YMD}/${HH}/${MEMDIR}/products/ice/grib2/${GRID}'
++++ config.com[109]declare -rx 'COM_CHEM_HISTORY_TMPL=${ROTDIR}/${RUN}.${YMD}/${HH}/${MEMDIR}/model/chem/history'
++++ config.com[110]declare -rx 'COM_CHEM_ANALYSIS_TMPL=${ROTDIR}/${RUN}.${YMD}/${HH}/${MEMDIR}/analysis/chem'
++++ config.com[111]declare -rx 'COM_CHEM_BMAT_TMPL=${ROTDIR}/${RUN}.${YMD}/${HH}/${MEMDIR}/analysis/chem/bmatrix'
++++ config.com[112]declare -rx 'COM_CHEM_ANLMON_TMPL=${ROTDIR}/${RUN}.${YMD}/${HH}/${MEMDIR}/products/chem/anlmon'
++++ config.com[114]declare -rx 'COM_MED_RESTART_TMPL=${ROTDIR}/${RUN}.${YMD}/${HH}/${MEMDIR}/model/med/restart'
+++ config.base[143]export LOGSCRIPT=
+++ config.base[143]LOGSCRIPT=
+++ config.base[145]export 'REDOUT=1>'
+++ config.base[145]REDOUT='1>'
+++ config.base[146]export 'REDERR=2>'
+++ config.base[146]REDERR='2>'
+++ config.base[148]export SENDECF=NO
+++ config.base[148]SENDECF=NO
+++ config.base[149]export SENDSDM=NO
+++ config.base[149]SENDSDM=NO
+++ config.base[150]export SENDDBN_NTC=NO
+++ config.base[150]SENDDBN_NTC=NO
+++ config.base[151]export SENDDBN=NO
+++ config.base[151]SENDDBN=NO
+++ config.base[152]export DBNROOT=/work/noaa/epic/role-epic/spack-stack/hercules/spack-stack-1.6.0/envs/unified-env/install/intel/2021.9.0/prod-util-2.1.1-ddlo2cq/fakedbn
+++ config.base[152]DBNROOT=/work/noaa/epic/role-epic/spack-stack/hercules/spack-stack-1.6.0/envs/unified-env/install/intel/2021.9.0/prod-util-2.1.1-ddlo2cq/fakedbn
+++ config.base[153]export SENDAWIP=NO
+++ config.base[153]SENDAWIP=NO
+++ config.base[156]export APP=ATM
+++ config.base[156]APP=ATM
+++ config.base[158]shopt -s extglob
+++ config.base[161]case "${RUN}" in
+++ config.base[168]shopt -u extglob
+++ config.base[171]export DO_ATM=YES
+++ config.base[171]DO_ATM=YES
+++ config.base[172]export DO_COUPLED=NO
+++ config.base[172]DO_COUPLED=NO
+++ config.base[173]export DO_WAVE=NO
+++ config.base[173]DO_WAVE=NO
+++ config.base[174]export DO_OCN=NO
+++ config.base[174]DO_OCN=NO
+++ config.base[175]export DO_ICE=NO
+++ config.base[175]DO_ICE=NO
+++ config.base[176]DO_AERO=NO
+++ config.base[177]export DO_PREP_OBS_AERO=NO
+++ config.base[177]DO_PREP_OBS_AERO=NO
+++ config.base[178]aero_fcst_runs=gdas
+++ config.base[179]aero_anl_runs='gdas gfs'
+++ config.base[180]export DO_AERO_FCST=NO
+++ config.base[180]DO_AERO_FCST=NO
+++ config.base[181]export DO_AERO_ANL=NO
+++ config.base[181]DO_AERO_ANL=NO
+++ config.base[182]export DOBNDPNT_WAVE=YES
+++ config.base[182]DOBNDPNT_WAVE=YES
+++ config.base[183]export DOIBP_WAV=NO
+++ config.base[183]DOIBP_WAV=NO
+++ config.base[184]export FRAC_GRID=.true.
+++ config.base[184]FRAC_GRID=.true.
+++ config.base[185]export DO_NEST=NO
+++ config.base[185]DO_NEST=NO
+++ config.base[186][[ NO == \Y\E\S ]]
+++ config.base[192]export ntiles=6
+++ config.base[192]ntiles=6
+++ config.base[193]export FIXugwd=/work2/noaa/global/mterry/global-workflow_forked/fix/ugwd
+++ config.base[193]FIXugwd=/work2/noaa/global/mterry/global-workflow_forked/fix/ugwd
+++ config.base[194]export FIXorog=/work2/noaa/global/mterry/global-workflow_forked/fix/orog
+++ config.base[194]FIXorog=/work2/noaa/global/mterry/global-workflow_forked/fix/orog
+++ config.base[198]export OPS_RES=C768
+++ config.base[198]OPS_RES=C768
+++ config.base[201]export LEVS=128
+++ config.base[201]LEVS=128
+++ config.base[202]export CASE=C96
+++ config.base[202]CASE=C96
+++ config.base[203]export CASE_ENS=C48
+++ config.base[203]CASE_ENS=C48
+++ config.base[204]export OCNRES=500
+++ config.base[204]OCNRES=500
+++ config.base[205]export ICERES=500
+++ config.base[205]ICERES=500
+++ config.base[208]case "${CASE}" in
+++ config.base[213]export waveGRD=uglo_100km
+++ config.base[213]waveGRD=uglo_100km
+++ config.base[227]case "${APP}" in
+++ config.base[262][[ NO == \Y\E\S ]]
+++ config.base[272][[ gdas =~ gdas ]]
+++ config.base[273]export FHCYC=1
+++ config.base[273]FHCYC=1
+++ config.base[274]export FTSFS=10
+++ config.base[274]FTSFS=10
+++ config.base[280]export FHMIN=0
+++ config.base[280]FHMIN=0
+++ config.base[281]export FHMAX=9
+++ config.base[281]FHMAX=9
+++ config.base[282]export FHOUT=3
+++ config.base[282]FHOUT=3
+++ config.base[283]export FHOUT_OCN=3
+++ config.base[283]FHOUT_OCN=3
+++ config.base[284]export FHOUT_ICE=3
+++ config.base[284]FHOUT_ICE=3
+++ config.base[285]export FHOUT_AERO=3
+++ config.base[285]FHOUT_AERO=3
+++ config.base[288]export EUPD_CYC=gdas
+++ config.base[288]EUPD_CYC=gdas
+++ config.base[291]export INTERVAL_GFS=24
+++ config.base[291]INTERVAL_GFS=24
+++ config.base[292]export SDATE_GFS=2021122100
+++ config.base[292]SDATE_GFS=2021122100
+++ config.base[295]export FHMIN_GFS=0
+++ config.base[295]FHMIN_GFS=0
+++ config.base[296]export FHMAX_GFS=120
+++ config.base[296]FHMAX_GFS=120
+++ config.base[298]breakpnts=
+++ config.base[299]export FCST_SEGMENTS=0,120
+++ config.base[299]FCST_SEGMENTS=0,120
+++ config.base[300]export FHOUT_GFS=3
+++ config.base[300]FHOUT_GFS=3
+++ config.base[301]export FHMAX_HF_GFS=48
+++ config.base[301]FHMAX_HF_GFS=48
+++ config.base[302]export FHMAX_HF_GFS=48
+++ config.base[302]FHMAX_HF_GFS=48
+++ config.base[303]export FHOUT_HF_GFS=1
+++ config.base[303]FHOUT_HF_GFS=1
+++ config.base[306]export FHMIN_WAV=0
+++ config.base[306]FHMIN_WAV=0
+++ config.base[307]export FHOUT_WAV=1
+++ config.base[307]FHOUT_WAV=1
+++ config.base[308]export FHMAX_WAV=9
+++ config.base[308]FHMAX_WAV=9
+++ config.base[309]export FHMAX_WAV=9
+++ config.base[309]FHMAX_WAV=9
+++ config.base[310]export FHOUT_WAV_GFS=3
+++ config.base[310]FHOUT_WAV_GFS=3
+++ config.base[311]export FHMAX_WAV_GFS=120
+++ config.base[311]FHMAX_WAV_GFS=120
+++ config.base[312]export FHOUT_HF_WAV=1
+++ config.base[312]FHOUT_HF_WAV=1
+++ config.base[313]export FHMAX_HF_WAV=48
+++ config.base[313]FHMAX_HF_WAV=48
+++ config.base[314]export FHMAX_HF_WAV=48
+++ config.base[314]FHMAX_HF_WAV=48
+++ config.base[317]export FHOUT_OCN_GFS=6
+++ config.base[317]FHOUT_OCN_GFS=6
+++ config.base[318]export FHOUT_ICE_GFS=6
+++ config.base[318]FHOUT_ICE_GFS=6
+++ config.base[321]export ILPOST=1
+++ config.base[321]ILPOST=1
+++ config.base[322]((  FHMAX_HF_GFS < 120  ))
+++ config.base[323]export ILPOST=3
+++ config.base[323]ILPOST=3
+++ config.base[327]export FHMAX_GOES=180
+++ config.base[327]FHMAX_GOES=180
+++ config.base[328]export FHOUT_GOES=3
+++ config.base[328]FHOUT_GOES=3
+++ config.base[329]((  FHMAX_GOES > FHMAX_GFS  ))
+++ config.base[330]export FHMAX_GOES=120
+++ config.base[330]FHMAX_GOES=120
+++ config.base[334]export restart_interval_gfs=12
+++ config.base[334]restart_interval_gfs=12
+++ config.base[339]export QUILTING=.true.
+++ config.base[339]QUILTING=.true.
+++ config.base[340]export OUTPUT_GRID=gaussian_grid
+++ config.base[340]OUTPUT_GRID=gaussian_grid
+++ config.base[341]export WRITE_DOPOST=.true.
+++ config.base[341]WRITE_DOPOST=.true.
+++ config.base[342]export WRITE_NSFLIP=.true.
+++ config.base[342]WRITE_NSFLIP=.true.
+++ config.base[345]export DOIAU=YES
+++ config.base[345]DOIAU=YES
+++ config.base[346]export IAUFHRS=3,6,9
+++ config.base[346]IAUFHRS=3,6,9
+++ config.base[347]export IAU_FHROT=3
+++ config.base[347]IAU_FHROT=3
+++ config.base[348]export IAU_DELTHRS=6
+++ config.base[348]IAU_DELTHRS=6
+++ config.base[349]export IAU_OFFSET=6
+++ config.base[349]IAU_OFFSET=6
+++ config.base[350]export DOIAU_ENKF=YES
+++ config.base[350]DOIAU_ENKF=YES
+++ config.base[351]export IAUFHRS_ENKF=3,6,9
+++ config.base[351]IAUFHRS_ENKF=3,6,9
+++ config.base[352]export IAU_DELTHRS_ENKF=6
+++ config.base[352]IAU_DELTHRS_ENKF=6
+++ config.base[355]export lobsdiag_forenkf=.true.
+++ config.base[355]lobsdiag_forenkf=.true.
+++ config.base[363]export imp_physics=8
+++ config.base[363]imp_physics=8
+++ config.base[367]export DO_JEDIATMVAR=NO
+++ config.base[367]DO_JEDIATMVAR=NO
+++ config.base[368]export DO_JEDIATMENS=NO
+++ config.base[368]DO_JEDIATMENS=NO
+++ config.base[369]export DO_JEDIOCNVAR=NO
+++ config.base[369]DO_JEDIOCNVAR=NO
+++ config.base[370]export DO_JEDISNOWDA=NO
+++ config.base[370]DO_JEDISNOWDA=NO
+++ config.base[371]export DO_MERGENSST=NO
+++ config.base[371]DO_MERGENSST=NO
+++ config.base[372]export DO_STARTMEM_FROM_JEDIICE=NO
+++ config.base[372]DO_STARTMEM_FROM_JEDIICE=NO
+++ config.base[375]export DOHYBVAR=YES
+++ config.base[375]DOHYBVAR=YES
+++ config.base[376]export DOHYBVAR_OCN=NO
+++ config.base[376]DOHYBVAR_OCN=NO
+++ config.base[377]export DOLETKF_OCN=NO
+++ config.base[377]DOLETKF_OCN=NO
+++ config.base[378]export NMEM_ENS=2
+++ config.base[378]NMEM_ENS=2
+++ config.base[379]export SMOOTH_ENKF=NO
+++ config.base[379]SMOOTH_ENKF=NO
+++ config.base[380]export l4densvar=.true.
+++ config.base[380]l4densvar=.true.
+++ config.base[381]export lwrite4danl=.true.
+++ config.base[381]lwrite4danl=.true.
+++ config.base[382]export DO_CALC_INCREMENT=NO
+++ config.base[382]DO_CALC_INCREMENT=NO
+++ config.base[385]export NMEM_ENS_GFS=30
+++ config.base[385]NMEM_ENS_GFS=30
+++ config.base[386]export NMEM_ENS_GFS_OFFSET=20
+++ config.base[386]NMEM_ENS_GFS_OFFSET=20
+++ config.base[387]export DO_CALC_INCREMENT_ENKF_GFS=NO
+++ config.base[387]DO_CALC_INCREMENT_ENKF_GFS=NO
+++ config.base[390][[ YES = \Y\E\S ]]
+++ config.base[391]export FHMIN_ENKF=3
+++ config.base[391]FHMIN_ENKF=3
+++ config.base[392]export FHMAX_ENKF=9
+++ config.base[392]FHMAX_ENKF=9
+++ config.base[393]export FHMAX_ENKF_GFS=12
+++ config.base[393]FHMAX_ENKF_GFS=12
+++ config.base[394]export FHOUT_ENKF_GFS=3
+++ config.base[394]FHOUT_ENKF_GFS=3
+++ config.base[395][[ .true. = \.\t\r\u\e\. ]]
+++ config.base[396]export FHOUT=1
+++ config.base[396]FHOUT=1
+++ config.base[397]export FHOUT_ENKF=1
+++ config.base[397]FHOUT_ENKF=1
+++ config.base[404][[ YES == \N\O ]]
+++ config.base[412]export ENKF_SPREAD=YES
+++ config.base[412]ENKF_SPREAD=YES
+++ config.base[415]export DO_GSISOILDA=YES
+++ config.base[415]DO_GSISOILDA=YES
+++ config.base[416]export DO_LAND_IAU=.true.
+++ config.base[416]DO_LAND_IAU=.true.
+++ config.base[417]export LSOIL_INCR=2
+++ config.base[417]LSOIL_INCR=2
+++ config.base[420][[ cycled = \c\y\c\l\e\d ]]
+++ config.base[420][[ 2021122018 = \2\0\2\1\1\2\2\1\0\0 ]]
+++ config.base[420][[ YES = \N\O ]]
+++ config.base[420][[ cycled = \f\o\r\e\c\a\s\t\-\o\n\l\y ]]
+++ config.base[427][[ YES = \N\O ]]
+++ config.base[431][[ YES == \Y\E\S ]]
+++ config.base[432]export restart_interval_enkfgdas=3
+++ config.base[432]restart_interval_enkfgdas=3
+++ config.base[437]export restart_interval_enkfgfs=3
+++ config.base[437]restart_interval_enkfgfs=3
+++ config.base[439][[ YES == \Y\E\S ]]
+++ config.base[440]export restart_interval_gdas=3
+++ config.base[440]restart_interval_gdas=3
+++ config.base[446]export DONST=YES
+++ config.base[446]DONST=YES
+++ config.base[447][[ YES = \Y\E\S ]]
+++ config.base[447]export 'FNTSFA=        '
+++ config.base[447]FNTSFA='        '
+++ config.base[450]export nst_anl=.true.
+++ config.base[450]nst_anl=.true.
+++ config.base[453]export MAKE_NSSTBUFR=NO
+++ config.base[453]MAKE_NSSTBUFR=NO
+++ config.base[456]export MAKE_ACFTBUFR=NO
+++ config.base[456]MAKE_ACFTBUFR=NO
+++ config.base[459]export 'INCREMENTS_TO_ZERO='\''liq_wat_inc'\'','\''icmr_inc'\'','\''rwmr_inc'\'','\''snmr_inc'\'','\''grle_inc'\'''
+++ config.base[459]INCREMENTS_TO_ZERO=''\''liq_wat_inc'\'','\''icmr_inc'\'','\''rwmr_inc'\'','\''snmr_inc'\'','\''grle_inc'\'''
+++ config.base[462]export 'INCVARS_ZERO_STRAT='\''sphum_inc'\'','\''liq_wat_inc'\'','\''icmr_inc'\'','\''rwmr_inc'\'','\''snmr_inc'\'','\''grle_inc'\'''
+++ config.base[462]INCVARS_ZERO_STRAT=''\''sphum_inc'\'','\''liq_wat_inc'\'','\''icmr_inc'\'','\''rwmr_inc'\'','\''snmr_inc'\'','\''grle_inc'\'''
+++ config.base[463]export INCVARS_EFOLD=5
+++ config.base[463]INCVARS_EFOLD=5
+++ config.base[468]export netcdf_diag=.true.
+++ config.base[468]netcdf_diag=.true.
+++ config.base[469]export binary_diag=.false.
+++ config.base[469]binary_diag=.false.
+++ config.base[472]export DO_CA=YES
+++ config.base[472]DO_CA=YES
+++ config.base[475]export DO_METP=YES
+++ config.base[475]DO_METP=YES
+++ config.base[476]export DO_FIT2OBS=YES
+++ config.base[476]DO_FIT2OBS=YES
+++ config.base[479]export FHMAX_FITS=132
+++ config.base[479]FHMAX_FITS=132
+++ config.base[480][[ 132 -gt 120 ]]
+++ config.base[481]export FHMAX_FITS=120
+++ config.base[481]FHMAX_FITS=120
+++ config.base[486]export DO_FETCH_HPSS=NO
+++ config.base[486]DO_FETCH_HPSS=NO
+++ config.base[487]export DO_FETCH_LOCAL=NO
+++ config.base[487]DO_FETCH_LOCAL=NO
+++ config.base[490]export DO_ARCHCOM=NO
+++ config.base[490]DO_ARCHCOM=NO
+++ config.base[491]export ARCHCOM_TO=globus_hpss
+++ config.base[491]ARCHCOM_TO=globus_hpss
+++ config.base[494]export CLIENT_GLOBUS_UUID=869912fe-f6de-46c0-af10-b22efd84a022
+++ config.base[494]CLIENT_GLOBUS_UUID=869912fe-f6de-46c0-af10-b22efd84a022
+++ config.base[497][[ NO = \Y\E\S ]]
+++ config.base[504][[ NO = \Y\E\S ]]
+++ config.base[504][[ NO = \Y\E\S ]]
+++ config.base[504][[ NO = \Y\E\S ]]
+++ config.base[510]export REPLAY_ICS=NO
+++ config.base[510]REPLAY_ICS=NO
+++ config.base[511]export OFFSET_START_HOUR=0
+++ config.base[511]OFFSET_START_HOUR=0
+++ config.base[514]export NUM_SND_COLLECTIVES=9
+++ config.base[514]NUM_SND_COLLECTIVES=9
+++ config.base[516]echo 'END: config.base'
END: config.base
++ jjob_header.sh[106]true
++ jjob_header.sh[107]export err=0
++ jjob_header.sh[107]err=0
++ jjob_header.sh[108][[ 0 -ne 0 ]]
++ jjob_header.sh[105]for config in "${configs[@]:-''}"
++ jjob_header.sh[106]source /work2/noaa/global/mterry/RUNTESTS/EXPDIR/C96C48_hybatmDA/config.atmos_products
+++ config.atmos_products[6]echo 'BEGIN: config.atmos_products'
BEGIN: config.atmos_products
+++ config.atmos_products[9]. /work2/noaa/global/mterry/RUNTESTS/EXPDIR/C96C48_hybatmDA/config.resources atmos_products
++++ config.resources[10]((  1 != 1  ))
++++ config.resources[34]step=atmos_products
++++ config.resources[36]echo 'BEGIN: config.resources'
BEGIN: config.resources
++++ config.resources[38]case ${machine} in
++++ config.resources[61]max_tasks_per_node=80
++++ config.resources[62]mem_node_max=500GB
++++ config.resources[96]export max_tasks_per_node
++++ config.resources[98]case ${step} in
++++ config.resources[1019]walltime=00:15:00
++++ config.resources[1020]ntasks=24
++++ config.resources[1021]threads_per_task=1
++++ config.resources[1022]tasks_per_node=24
++++ config.resources[1023]export is_exclusive=True
++++ config.resources[1023]is_exclusive=True
++++ config.resources[1398][[ -f /work2/noaa/global/mterry/RUNTESTS/EXPDIR/C96C48_hybatmDA/config.resources.HERCULES ]]
++++ config.resources[1399]source /work2/noaa/global/mterry/RUNTESTS/EXPDIR/C96C48_hybatmDA/config.resources.HERCULES
+++++ config.resources.HERCULES[6]case ${step} in
++++ config.resources[1403]for resource_var in threads_per_task ntasks tasks_per_node NTASKS memory walltime
++++ config.resources[1404]run_resource_var=threads_per_task_gdas
++++ config.resources[1405][[ -n '' ]]
++++ config.resources[1407][[ -n 0 ]]
++++ config.resources[1408]export threads_per_task
++++ config.resources[1403]for resource_var in threads_per_task ntasks tasks_per_node NTASKS memory walltime
++++ config.resources[1404]run_resource_var=ntasks_gdas
++++ config.resources[1405][[ -n '' ]]
++++ config.resources[1407][[ -n 0 ]]
++++ config.resources[1408]export ntasks
++++ config.resources[1403]for resource_var in threads_per_task ntasks tasks_per_node NTASKS memory walltime
++++ config.resources[1404]run_resource_var=tasks_per_node_gdas
++++ config.resources[1405][[ -n '' ]]
++++ config.resources[1407][[ -n 0 ]]
++++ config.resources[1408]export tasks_per_node
++++ config.resources[1403]for resource_var in threads_per_task ntasks tasks_per_node NTASKS memory walltime
++++ config.resources[1404]run_resource_var=NTASKS_gdas
++++ config.resources[1405][[ -n '' ]]
++++ config.resources[1407][[ -n '' ]]
++++ config.resources[1403]for resource_var in threads_per_task ntasks tasks_per_node NTASKS memory walltime
++++ config.resources[1404]run_resource_var=memory_gdas
++++ config.resources[1405][[ -n '' ]]
++++ config.resources[1407][[ -n '' ]]
++++ config.resources[1403]for resource_var in threads_per_task ntasks tasks_per_node NTASKS memory walltime
++++ config.resources[1404]run_resource_var=walltime_gdas
++++ config.resources[1405][[ -n '' ]]
++++ config.resources[1407][[ -n 0 ]]
++++ config.resources[1408]export walltime
++++ config.resources[1412]echo 'END: config.resources'
END: config.resources
+++ config.atmos_products[12]export MAX_TASKS=25
+++ config.atmos_products[12]MAX_TASKS=25
+++ config.atmos_products[15]export INTERP_ATMOS_MASTERSH=/work2/noaa/global/mterry/global-workflow_forked/ush/interp_atmos_master.sh
+++ config.atmos_products[15]INTERP_ATMOS_MASTERSH=/work2/noaa/global/mterry/global-workflow_forked/ush/interp_atmos_master.sh
+++ config.atmos_products[16]export INTERP_ATMOS_SFLUXSH=/work2/noaa/global/mterry/global-workflow_forked/ush/interp_atmos_sflux.sh
+++ config.atmos_products[16]INTERP_ATMOS_SFLUXSH=/work2/noaa/global/mterry/global-workflow_forked/ush/interp_atmos_sflux.sh
+++ config.atmos_products[18][[ gdas == \g\d\a\s ]]
+++ config.atmos_products[19]export downset=1
+++ config.atmos_products[19]downset=1
+++ config.atmos_products[20]export FHOUT_PGBS=1
+++ config.atmos_products[20]FHOUT_PGBS=1
+++ config.atmos_products[21]export FLXGF=NO
+++ config.atmos_products[21]FLXGF=NO
+++ config.atmos_products[22]export WGNE=NO
+++ config.atmos_products[22]WGNE=NO
+++ config.atmos_products[23]export FHMAX_WGNE=0
+++ config.atmos_products[23]FHMAX_WGNE=0
+++ config.atmos_products[32]export APCP_MSG=597
+++ config.atmos_products[32]APCP_MSG=597
+++ config.atmos_products[35]export paramlista=/work2/noaa/global/mterry/global-workflow_forked/parm/product/gfs.fFFF.paramlist.a.txt
+++ config.atmos_products[35]paramlista=/work2/noaa/global/mterry/global-workflow_forked/parm/product/gfs.fFFF.paramlist.a.txt
+++ config.atmos_products[36]export paramlista_anl=/work2/noaa/global/mterry/global-workflow_forked/parm/product/gfs.anl.paramlist.a.txt
+++ config.atmos_products[36]paramlista_anl=/work2/noaa/global/mterry/global-workflow_forked/parm/product/gfs.anl.paramlist.a.txt
+++ config.atmos_products[37]export paramlista_f000=/work2/noaa/global/mterry/global-workflow_forked/parm/product/gfs.f000.paramlist.a.txt
+++ config.atmos_products[37]paramlista_f000=/work2/noaa/global/mterry/global-workflow_forked/parm/product/gfs.f000.paramlist.a.txt
+++ config.atmos_products[38]export paramlistb=/work2/noaa/global/mterry/global-workflow_forked/parm/product/gfs.fFFF.paramlist.b.txt
+++ config.atmos_products[38]paramlistb=/work2/noaa/global/mterry/global-workflow_forked/parm/product/gfs.fFFF.paramlist.b.txt
+++ config.atmos_products[40]echo 'END: config.atmos_products'
END: config.atmos_products
++ jjob_header.sh[106]true
++ jjob_header.sh[107]export err=0
++ jjob_header.sh[107]err=0
++ jjob_header.sh[108][[ 0 -ne 0 ]]
++ jjob_header.sh[117]source /work2/noaa/global/mterry/global-workflow_forked/env/HERCULES.env atmos_products
+++ HERCULES.env[3][[ 1 -ne 1 ]]
+++ HERCULES.env[10]step=atmos_products
+++ HERCULES.env[12]export 'launcher=srun -l --export=ALL --hint=nomultithread'
+++ HERCULES.env[12]launcher='srun -l --export=ALL --hint=nomultithread'
+++ HERCULES.env[13]export 'mpmd_opt=--multi-prog --output=mpmd.%j.%t.out'
+++ HERCULES.env[13]mpmd_opt='--multi-prog --output=mpmd.%j.%t.out'
+++ HERCULES.env[16]export MPI_BUFS_PER_PROC=2048
+++ HERCULES.env[16]MPI_BUFS_PER_PROC=2048
+++ HERCULES.env[17]export MPI_BUFS_PER_HOST=2048
+++ HERCULES.env[17]MPI_BUFS_PER_HOST=2048
+++ HERCULES.env[18]export MPI_GROUP_MAX=256
+++ HERCULES.env[18]MPI_GROUP_MAX=256
+++ HERCULES.env[19]export MPI_MEMMAP_OFF=1
+++ HERCULES.env[19]MPI_MEMMAP_OFF=1
+++ HERCULES.env[20]export MP_STDOUTMODE=ORDERED
+++ HERCULES.env[20]MP_STDOUTMODE=ORDERED
+++ HERCULES.env[21]export KMP_AFFINITY=scatter
+++ HERCULES.env[21]KMP_AFFINITY=scatter
+++ HERCULES.env[22]export OMP_STACKSIZE=2048000
+++ HERCULES.env[22]OMP_STACKSIZE=2048000
+++ HERCULES.env[23]export NTHSTACK=1024000000
+++ HERCULES.env[23]NTHSTACK=1024000000
+++ HERCULES.env[25]export I_MPI_EXTRA_FILESYSTEM=1
+++ HERCULES.env[25]I_MPI_EXTRA_FILESYSTEM=1
+++ HERCULES.env[26]export I_MPI_EXTRA_FILESYSTEM_LIST=lustre
+++ HERCULES.env[26]I_MPI_EXTRA_FILESYSTEM_LIST=lustre
+++ HERCULES.env[28]ulimit -s unlimited
+++ HERCULES.env[29]ulimit -a
real-time non-blocking time  (microseconds, -R) unlimited
core file size              (blocks, -c) 0
data seg size               (kbytes, -d) unlimited
scheduling priority                 (-e) 0
file size                   (blocks, -f) unlimited
pending signals                     (-i) 2049614
max locked memory           (kbytes, -l) unlimited
max memory size             (kbytes, -m) 520192000
open files                          (-n) 131072
pipe size                (512 bytes, -p) 8
POSIX message queues         (bytes, -q) 819200
real-time priority                  (-r) 0
stack size                  (kbytes, -s) unlimited
cpu time                   (seconds, -t) unlimited
max user processes                  (-u) 1028698
virtual memory              (kbytes, -v) unlimited
file locks                          (-x) unlimited
+++ HERCULES.env[33][[ -n 24 ]]
+++ HERCULES.env[33][[ -n 80 ]]
+++ HERCULES.env[33][[ -n 24 ]]
+++ HERCULES.env[34]max_threads_per_task=3
+++ HERCULES.env[35]NTHREADSmax=1
+++ HERCULES.env[36]NTHREADS1=1
+++ HERCULES.env[37][[ 1 -gt 3 ]]
+++ HERCULES.env[40][[ 1 -gt 3 ]]
+++ HERCULES.env[43]APRUN_default='srun -l --export=ALL --hint=nomultithread -n 24'
+++ HERCULES.env[49]case ${step} in
+++ HERCULES.env[281]export USE_CFP=YES
+++ HERCULES.env[281]USE_CFP=YES
++ jjob_header.sh[117]true
++ jjob_header.sh[118]export err=0
++ jjob_header.sh[118]err=0
++ jjob_header.sh[119][[ 0 -ne 0 ]]
+ JGLOBAL_ATMOS_PRODUCTS[11]YMD=20211221
+ JGLOBAL_ATMOS_PRODUCTS[11]HH=00
+ JGLOBAL_ATMOS_PRODUCTS[11]declare_from_tmpl -rx COMIN_ATMOS_ANALYSIS:COM_ATMOS_ANALYSIS_TMPL COMIN_ATMOS_HISTORY:COM_ATMOS_HISTORY_TMPL COMIN_ATMOS_MASTER:COM_ATMOS_MASTER_TMPL
+ bash_utils.sh[39][[ NO == \N\O ]]
+ bash_utils.sh[39]set +x
declare_from_tmpl :: COMIN_ATMOS_ANALYSIS=/work2/noaa/global/mterry/RUNTESTS/COMROOT/C96C48_hybatmDA/gdas.20211221/00//analysis/atmos
declare_from_tmpl :: COMIN_ATMOS_HISTORY=/work2/noaa/global/mterry/RUNTESTS/COMROOT/C96C48_hybatmDA/gdas.20211221/00//model/atmos/history
declare_from_tmpl :: COMIN_ATMOS_MASTER=/work2/noaa/global/mterry/RUNTESTS/COMROOT/C96C48_hybatmDA/gdas.20211221/00//model/atmos/master
+ JGLOBAL_ATMOS_PRODUCTS[16]for grid in '0p25' '0p50' '1p00'
+ JGLOBAL_ATMOS_PRODUCTS[17]prod_dir=COMOUT_ATMOS_GRIB_0p25
+ JGLOBAL_ATMOS_PRODUCTS[18]GRID=0p25
+ JGLOBAL_ATMOS_PRODUCTS[18]YMD=20211221
+ JGLOBAL_ATMOS_PRODUCTS[18]HH=00
+ JGLOBAL_ATMOS_PRODUCTS[18]declare_from_tmpl -rx COMOUT_ATMOS_GRIB_0p25:COM_ATMOS_GRIB_GRID_TMPL
+ bash_utils.sh[39][[ NO == \N\O ]]
+ bash_utils.sh[39]set +x
declare_from_tmpl :: COMOUT_ATMOS_GRIB_0p25=/work2/noaa/global/mterry/RUNTESTS/COMROOT/C96C48_hybatmDA/gdas.20211221/00//products/atmos/grib2/0p25
+ JGLOBAL_ATMOS_PRODUCTS[19][[ ! -d /work2/noaa/global/mterry/RUNTESTS/COMROOT/C96C48_hybatmDA/gdas.20211221/00//products/atmos/grib2/0p25 ]]
+ JGLOBAL_ATMOS_PRODUCTS[16]for grid in '0p25' '0p50' '1p00'
+ JGLOBAL_ATMOS_PRODUCTS[17]prod_dir=COMOUT_ATMOS_GRIB_0p50
+ JGLOBAL_ATMOS_PRODUCTS[18]GRID=0p50
+ JGLOBAL_ATMOS_PRODUCTS[18]YMD=20211221
+ JGLOBAL_ATMOS_PRODUCTS[18]HH=00
+ JGLOBAL_ATMOS_PRODUCTS[18]declare_from_tmpl -rx COMOUT_ATMOS_GRIB_0p50:COM_ATMOS_GRIB_GRID_TMPL
+ bash_utils.sh[39][[ NO == \N\O ]]
+ bash_utils.sh[39]set +x
declare_from_tmpl :: COMOUT_ATMOS_GRIB_0p50=/work2/noaa/global/mterry/RUNTESTS/COMROOT/C96C48_hybatmDA/gdas.20211221/00//products/atmos/grib2/0p50
+ JGLOBAL_ATMOS_PRODUCTS[19][[ ! -d /work2/noaa/global/mterry/RUNTESTS/COMROOT/C96C48_hybatmDA/gdas.20211221/00//products/atmos/grib2/0p50 ]]
+ JGLOBAL_ATMOS_PRODUCTS[16]for grid in '0p25' '0p50' '1p00'
+ JGLOBAL_ATMOS_PRODUCTS[17]prod_dir=COMOUT_ATMOS_GRIB_1p00
+ JGLOBAL_ATMOS_PRODUCTS[18]GRID=1p00
+ JGLOBAL_ATMOS_PRODUCTS[18]YMD=20211221
+ JGLOBAL_ATMOS_PRODUCTS[18]HH=00
+ JGLOBAL_ATMOS_PRODUCTS[18]declare_from_tmpl -rx COMOUT_ATMOS_GRIB_1p00:COM_ATMOS_GRIB_GRID_TMPL
+ bash_utils.sh[39][[ NO == \N\O ]]
+ bash_utils.sh[39]set +x
declare_from_tmpl :: COMOUT_ATMOS_GRIB_1p00=/work2/noaa/global/mterry/RUNTESTS/COMROOT/C96C48_hybatmDA/gdas.20211221/00//products/atmos/grib2/1p00
+ JGLOBAL_ATMOS_PRODUCTS[19][[ ! -d /work2/noaa/global/mterry/RUNTESTS/COMROOT/C96C48_hybatmDA/gdas.20211221/00//products/atmos/grib2/1p00 ]]
+ JGLOBAL_ATMOS_PRODUCTS[23]export PREFIX=gdas.t00z.
+ JGLOBAL_ATMOS_PRODUCTS[23]PREFIX=gdas.t00z.
+ JGLOBAL_ATMOS_PRODUCTS[27]/work2/noaa/global/mterry/global-workflow_forked/scripts/exglobal_atmos_products.sh
+ bash[8]'[' -z '' ']'
+ bash[9]case "$-" in
+ bash[12]__lmod_vx=x
+ bash[16]'[' -n x ']'
+ bash[16]set +x
Shell debugging temporarily silenced: export LMOD_SH_DBG_ON=1 for this output (/apps/other/lmod/lmod/init/bash)
Shell debugging restarted
+ bash[224]unset __lmod_vx
+ exglobal_atmos_products.sh[4]INTERP_ATMOS_MASTERSH=/work2/noaa/global/mterry/global-workflow_forked/ush/interp_atmos_master.sh
+ exglobal_atmos_products.sh[5]INTERP_ATMOS_SFLUXSH=/work2/noaa/global/mterry/global-workflow_forked/ush/interp_atmos_sflux.sh
+ exglobal_atmos_products.sh[8]downset=1
+ exglobal_atmos_products.sh[9]ntasks_atmos_products=8
+ exglobal_atmos_products.sh[12]WGNE=NO
+ exglobal_atmos_products.sh[13]FHMAX_WGNE=0
+ exglobal_atmos_products.sh[15]cd /work2/noaa/stmp/mterry/HERCULES/RUNDIRS/C96C48_hybatmDA/gdas.2021122100/atmos_products_f003.742205
+ exglobal_atmos_products.sh[19][[ 3 -le 0 ]]
++ exglobal_atmos_products.sh[30]printf f%03d 3
+ exglobal_atmos_products.sh[30]fhr3=f003
+ exglobal_atmos_products.sh[31]((  FORECAST_HOUR%FHOUT_PGBS == 0  ))
+ exglobal_atmos_products.sh[32]PGBS=YES
+ exglobal_atmos_products.sh[40]MASTER_FILE=/work2/noaa/global/mterry/RUNTESTS/COMROOT/C96C48_hybatmDA/gdas.20211221/00//model/atmos/master/gdas.t00z.master.grb2f003
+ exglobal_atmos_products.sh[45]wgrib2 /work2/noaa/global/mterry/RUNTESTS/COMROOT/C96C48_hybatmDA/gdas.20211221/00//model/atmos/master/gdas.t00z.master.grb2f003
+ exglobal_atmos_products.sh[45]wgrib2 -i -grib tmpfile_f003 /work2/noaa/global/mterry/RUNTESTS/COMROOT/C96C48_hybatmDA/gdas.20211221/00//model/atmos/master/gdas.t00z.master.grb2f003
+ exglobal_atmos_products.sh[45]grep -F -f /work2/noaa/global/mterry/global-workflow_forked/parm/product/gfs.fFFF.paramlist.a.txt
1:0:d=2021122100:PRMSL:mean sea level:3 hour fcst:
2:90675:d=2021122100:CLMR:1 hybrid level:3 hour fcst:
3:110360:d=2021122100:ICMR:1 hybrid level:3 hour fcst:
4:135575:d=2021122100:RWMR:1 hybrid level:3 hour fcst:
5:173365:d=2021122100:SNMR:1 hybrid level:3 hour fcst:
6:202961:d=2021122100:GRLE:1 hybrid level:3 hour fcst:
7:209093:d=2021122100:REFD:1 hybrid level:3 hour fcst:
8:218488:d=2021122100:REFD:2 hybrid level:3 hour fcst:
9:227883:d=2021122100:REFC:entire atmosphere (considered as a single layer):3 hour fcst:
10:237278:d=2021122100:VIS:surface:3 hour fcst:
11:355327:d=2021122100:UGRD:planetary boundary layer:3 hour fcst:
12:405040:d=2021122100:VGRD:planetary boundary layer:3 hour fcst:
13:455216:d=2021122100:VRATE:planetary boundary layer:3 hour fcst:
14:506970:d=2021122100:GUST:surface:3 hour fcst:
15:558499:d=2021122100:HGT:0.01 mb:3 hour fcst:
16:636159:d=2021122100:TMP:0.01 mb:3 hour fcst:
17:680592:d=2021122100:RH:0.01 mb:3 hour fcst:
18:703490:d=2021122100:SPFH:0.01 mb:3 hour fcst:
19:765691:d=2021122100:VVEL:0.01 mb:3 hour fcst:
20:857035:d=2021122100:DZDT:0.01 mb:3 hour fcst:
21:953755:d=2021122100:UGRD:0.01 mb:3 hour fcst:
22:1004782:d=2021122100:VGRD:0.01 mb:3 hour fcst:
23:1049018:d=2021122100:ABSV:0.01 mb:3 hour fcst:
24:1120069:d=2021122100:O3MR:0.01 mb:3 hour fcst:
25:1180071:d=2021122100:HGT:0.02 mb:3 hour fcst:
26:1256603:d=2021122100:TMP:0.02 mb:3 hour fcst:
27:1320705:d=2021122100:RH:0.02 mb:3 hour fcst:
28:1351997:d=2021122100:SPFH:0.02 mb:3 hour fcst:
29:1415297:d=2021122100:VVEL:0.02 mb:3 hour fcst:
30:1525760:d=2021122100:DZDT:0.02 mb:3 hour fcst:
31:1633164:d=2021122100:UGRD:0.02 mb:3 hour fcst:
32:1686837:d=2021122100:VGRD:0.02 mb:3 hour fcst:
33:1734408:d=2021122100:ABSV:0.02 mb:3 hour fcst:
34:1809864:d=2021122100:O3MR:0.02 mb:3 hour fcst:
35:1880473:d=2021122100:HGT:0.04 mb:3 hour fcst:
36:1951318:d=2021122100:TMP:0.04 mb:3 hour fcst:
37:2021463:d=2021122100:RH:0.04 mb:3 hour fcst:
38:2046308:d=2021122100:SPFH:0.04 mb:3 hour fcst:
39:2105320:d=2021122100:VVEL:0.04 mb:3 hour fcst:
40:2197189:d=2021122100:DZDT:0.04 mb:3 hour fcst:
41:2313925:d=2021122100:UGRD:0.04 mb:3 hour fcst:
42:2363736:d=2021122100:VGRD:0.04 mb:3 hour fcst:
43:2408633:d=2021122100:ABSV:0.04 mb:3 hour fcst:
44:2484833:d=2021122100:O3MR:0.04 mb:3 hour fcst:
45:2557407:d=2021122100:HGT:0.07 mb:3 hour fcst:
46:2625710:d=2021122100:TMP:0.07 mb:3 hour fcst:
47:2694202:d=2021122100:RH:0.07 mb:3 hour fcst:
48:2715436:d=2021122100:SPFH:0.07 mb:3 hour fcst:
49:2775857:d=2021122100:VVEL:0.07 mb:3 hour fcst:
50:2872309:d=2021122100:DZDT:0.07 mb:3 hour fcst:
51:2982476:d=2021122100:UGRD:0.07 mb:3 hour fcst:
52:3031769:d=2021122100:VGRD:0.07 mb:3 hour fcst:
53:3077358:d=2021122100:ABSV:0.07 mb:3 hour fcst:
54:3152899:d=2021122100:O3MR:0.07 mb:3 hour fcst:
55:3208677:d=2021122100:HGT:0.1 mb:3 hour fcst:
56:3276231:d=2021122100:TMP:0.1 mb:3 hour fcst:
57:3342136:d=2021122100:RH:0.1 mb:3 hour fcst:
58:3360366:d=2021122100:SPFH:0.1 mb:3 hour fcst:
59:3423969:d=2021122100:VVEL:0.1 mb:3 hour fcst:
60:3522582:d=2021122100:DZDT:0.1 mb:3 hour fcst:
61:3633613:d=2021122100:UGRD:0.1 mb:3 hour fcst:
62:3681735:d=2021122100:VGRD:0.1 mb:3 hour fcst:
63:3724904:d=2021122100:ABSV:0.1 mb:3 hour fcst:
64:3799103:d=2021122100:O3MR:0.1 mb:3 hour fcst:
65:3866158:d=2021122100:HGT:0.2 mb:3 hour fcst:
66:3932058:d=2021122100:TMP:0.2 mb:3 hour fcst:
67:3995771:d=2021122100:RH:0.2 mb:3 hour fcst:
68:4018686:d=2021122100:SPFH:0.2 mb:3 hour fcst:
69:4086437:d=2021122100:VVEL:0.2 mb:3 hour fcst:
70:4190833:d=2021122100:DZDT:0.2 mb:3 hour fcst:
71:4284823:d=2021122100:UGRD:0.2 mb:3 hour fcst:
72:4330613:d=2021122100:VGRD:0.2 mb:3 hour fcst:
73:4370923:d=2021122100:ABSV:0.2 mb:3 hour fcst:
74:4442083:d=2021122100:O3MR:0.2 mb:3 hour fcst:
75:4516111:d=2021122100:HGT:0.4 mb:3 hour fcst:
76:4580157:d=2021122100:TMP:0.4 mb:3 hour fcst:
77:4643464:d=2021122100:RH:0.4 mb:3 hour fcst:
78:4662665:d=2021122100:SPFH:0.4 mb:3 hour fcst:
79:4732012:d=2021122100:VVEL:0.4 mb:3 hour fcst:
80:4843484:d=2021122100:DZDT:0.4 mb:3 hour fcst:
81:4950799:d=2021122100:UGRD:0.4 mb:3 hour fcst:
82:4994817:d=2021122100:VGRD:0.4 mb:3 hour fcst:
83:5034283:d=2021122100:ABSV:0.4 mb:3 hour fcst:
84:5102747:d=2021122100:O3MR:0.4 mb:3 hour fcst:
85:5182528:d=2021122100:HGT:0.7 mb:3 hour fcst:
86:5245102:d=2021122100:TMP:0.7 mb:3 hour fcst:
87:5307914:d=2021122100:RH:0.7 mb:3 hour fcst:
88:5328804:d=2021122100:SPFH:0.7 mb:3 hour fcst:
89:5396594:d=2021122100:VVEL:0.7 mb:3 hour fcst:
90:5512135:d=2021122100:DZDT:0.7 mb:3 hour fcst:
91:5611581:d=2021122100:UGRD:0.7 mb:3 hour fcst:
92:5654081:d=2021122100:VGRD:0.7 mb:3 hour fcst:
93:5691344:d=2021122100:ABSV:0.7 mb:3 hour fcst:
94:5757494:d=2021122100:O3MR:0.7 mb:3 hour fcst:
95:5841629:d=2021122100:HGT:1 mb:3 hour fcst:
96:5903416:d=2021122100:TMP:1 mb:3 hour fcst:
97:5965449:d=2021122100:RH:1 mb:3 hour fcst:
98:5976352:d=2021122100:SPFH:1 mb:3 hour fcst:
99:6043396:d=2021122100:VVEL:1 mb:3 hour fcst:
100:6151965:d=2021122100:DZDT:1 mb:3 hour fcst:
101:6266952:d=2021122100:UGRD:1 mb:3 hour fcst:
102:6308798:d=2021122100:VGRD:1 mb:3 hour fcst:
103:6345317:d=2021122100:ABSV:1 mb:3 hour fcst:
104:6410742:d=2021122100:O3MR:1 mb:3 hour fcst:
105:6497691:d=2021122100:HGT:2 mb:3 hour fcst:
106:6555737:d=2021122100:TMP:2 mb:3 hour fcst:
107:6618837:d=2021122100:RH:2 mb:3 hour fcst:
108:6638251:d=2021122100:SPFH:2 mb:3 hour fcst:
109:6704182:d=2021122100:VVEL:2 mb:3 hour fcst:
110:6797555:d=2021122100:DZDT:2 mb:3 hour fcst:
111:6913179:d=2021122100:UGRD:2 mb:3 hour fcst:
112:6953939:d=2021122100:VGRD:2 mb:3 hour fcst:
113:6990544:d=2021122100:ABSV:2 mb:3 hour fcst:
114:7058310:d=2021122100:O3MR:2 mb:3 hour fcst:
115:7138233:d=2021122100:HGT:3 mb:3 hour fcst:
116:7194791:d=2021122100:TMP:3 mb:3 hour fcst:
117:7256296:d=2021122100:RH:3 mb:3 hour fcst:
118:7267958:d=2021122100:SPFH:3 mb:3 hour fcst:
119:7339829:d=2021122100:VVEL:3 mb:3 hour fcst:
120:7436435:d=2021122100:DZDT:3 mb:3 hour fcst:
121:7549572:d=2021122100:UGRD:3 mb:3 hour fcst:
122:7589257:d=2021122100:VGRD:3 mb:3 hour fcst:
123:7624845:d=2021122100:ABSV:3 mb:3 hour fcst:
124:7692246:d=2021122100:O3MR:3 mb:3 hour fcst:
125:7770030:d=2021122100:HGT:5 mb:3 hour fcst:
126:7833542:d=2021122100:TMP:5 mb:3 hour fcst:
127:7895712:d=2021122100:RH:5 mb:3 hour fcst:
128:7903783:d=2021122100:SPFH:5 mb:3 hour fcst:
129:7965687:d=2021122100:VVEL:5 mb:3 hour fcst:
130:8067133:d=2021122100:DZDT:5 mb:3 hour fcst:
131:8177804:d=2021122100:UGRD:5 mb:3 hour fcst:
132:8218268:d=2021122100:VGRD:5 mb:3 hour fcst:
133:8256005:d=2021122100:ABSV:5 mb:3 hour fcst:
134:8326662:d=2021122100:O3MR:5 mb:3 hour fcst:
135:8407460:d=2021122100:HGT:7 mb:3 hour fcst:
136:8469861:d=2021122100:TMP:7 mb:3 hour fcst:
137:8531174:d=2021122100:RH:7 mb:3 hour fcst:
138:8543387:d=2021122100:SPFH:7 mb:3 hour fcst:
139:8594495:d=2021122100:VVEL:7 mb:3 hour fcst:
140:8699304:d=2021122100:DZDT:7 mb:3 hour fcst:
141:8807660:d=2021122100:UGRD:7 mb:3 hour fcst:
142:8847338:d=2021122100:VGRD:7 mb:3 hour fcst:
143:8884919:d=2021122100:ABSV:7 mb:3 hour fcst:
144:8955775:d=2021122100:O3MR:7 mb:3 hour fcst:
145:9037614:d=2021122100:HGT:10 mb:3 hour fcst:
146:9099109:d=2021122100:TMP:10 mb:3 hour fcst:
147:9159306:d=2021122100:RH:10 mb:3 hour fcst:
148:9165757:d=2021122100:SPFH:10 mb:3 hour fcst:
149:9217210:d=2021122100:VVEL:10 mb:3 hour fcst:
150:9326309:d=2021122100:DZDT:10 mb:3 hour fcst:
151:9434904:d=2021122100:UGRD:10 mb:3 hour fcst:
152:9475108:d=2021122100:VGRD:10 mb:3 hour fcst:
153:9513346:d=2021122100:ABSV:10 mb:3 hour fcst:
154:9585573:d=2021122100:O3MR:10 mb:3 hour fcst:
155:9671781:d=2021122100:HGT:15 mb:3 hour fcst:
156:9731555:d=2021122100:TMP:15 mb:3 hour fcst:
157:9791635:d=2021122100:RH:15 mb:3 hour fcst:
158:9801389:d=2021122100:SPFH:15 mb:3 hour fcst:
159:9856808:d=2021122100:VVEL:15 mb:3 hour fcst:
160:9971599:d=2021122100:DZDT:15 mb:3 hour fcst:
161:10078518:d=2021122100:UGRD:15 mb:3 hour fcst:
162:10119771:d=2021122100:VGRD:15 mb:3 hour fcst:
163:10158588:d=2021122100:ABSV:15 mb:3 hour fcst:
164:10231407:d=2021122100:O3MR:15 mb:3 hour fcst:
165:10321136:d=2021122100:HGT:20 mb:3 hour fcst:
166:10380158:d=2021122100:TMP:20 mb:3 hour fcst:
167:10440488:d=2021122100:RH:20 mb:3 hour fcst:
168:10451835:d=2021122100:SPFH:20 mb:3 hour fcst:
169:10511189:d=2021122100:VVEL:20 mb:3 hour fcst:
170:10629265:d=2021122100:DZDT:20 mb:3 hour fcst:
171:10736024:d=2021122100:UGRD:20 mb:3 hour fcst:
172:10776093:d=2021122100:VGRD:20 mb:3 hour fcst:
173:10814128:d=2021122100:ABSV:20 mb:3 hour fcst:
174:10884885:d=2021122100:O3MR:20 mb:3 hour fcst:
175:10985621:d=2021122100:HGT:30 mb:3 hour fcst:
176:11052729:d=2021122100:TMP:30 mb:3 hour fcst:
177:11111577:d=2021122100:RH:30 mb:3 hour fcst:
178:11128217:d=2021122100:SPFH:30 mb:3 hour fcst:
179:11197436:d=2021122100:VVEL:30 mb:3 hour fcst:
180:11309409:d=2021122100:DZDT:30 mb:3 hour fcst:
181:11413472:d=2021122100:UGRD:30 mb:3 hour fcst:
182:11480650:d=2021122100:VGRD:30 mb:3 hour fcst:
183:11545729:d=2021122100:ABSV:30 mb:3 hour fcst:
184:11614457:d=2021122100:O3MR:30 mb:3 hour fcst:
185:11715725:d=2021122100:HGT:40 mb:3 hour fcst:
186:11782011:d=2021122100:TMP:40 mb:3 hour fcst:
187:11841999:d=2021122100:RH:40 mb:3 hour fcst:
188:11861671:d=2021122100:SPFH:40 mb:3 hour fcst:
189:11933196:d=2021122100:VVEL:40 mb:3 hour fcst:
190:12025912:d=2021122100:DZDT:40 mb:3 hour fcst:
191:12129470:d=2021122100:UGRD:40 mb:3 hour fcst:
192:12197863:d=2021122100:VGRD:40 mb:3 hour fcst:
193:12264519:d=2021122100:ABSV:40 mb:3 hour fcst:
194:12335436:d=2021122100:O3MR:40 mb:3 hour fcst:
195:12438552:d=2021122100:HGT:50 mb:3 hour fcst:
196:12505011:d=2021122100:TMP:50 mb:3 hour fcst:
197:12564708:d=2021122100:RH:50 mb:3 hour fcst:
198:12586147:d=2021122100:TCDC:50 mb:3 hour fcst:
199:12586326:d=2021122100:SPFH:50 mb:3 hour fcst:
200:12659471:d=2021122100:VVEL:50 mb:3 hour fcst:
201:12754369:d=2021122100:DZDT:50 mb:3 hour fcst:
202:12856757:d=2021122100:UGRD:50 mb:3 hour fcst:
203:12924997:d=2021122100:VGRD:50 mb:3 hour fcst:
204:12991722:d=2021122100:ABSV:50 mb:3 hour fcst:
205:13063237:d=2021122100:CLMR:50 mb:3 hour fcst:
206:13063416:d=2021122100:ICMR:50 mb:3 hour fcst:
207:13063595:d=2021122100:RWMR:50 mb:3 hour fcst:
208:13063774:d=2021122100:SNMR:50 mb:3 hour fcst:
209:13063953:d=2021122100:GRLE:50 mb:3 hour fcst:
210:13064132:d=2021122100:O3MR:50 mb:3 hour fcst:
211:13165227:d=2021122100:HGT:70 mb:3 hour fcst:
212:13231957:d=2021122100:TMP:70 mb:3 hour fcst:
213:13293807:d=2021122100:RH:70 mb:3 hour fcst:
215:13324952:d=2021122100:SPFH:70 mb:3 hour fcst:
216:13403059:d=2021122100:VVEL:70 mb:3 hour fcst:
217:13501287:d=2021122100:DZDT:70 mb:3 hour fcst:
218:13602695:d=2021122100:UGRD:70 mb:3 hour fcst:
219:13672422:d=2021122100:VGRD:70 mb:3 hour fcst:
220:13741618:d=2021122100:ABSV:70 mb:3 hour fcst:
226:13816640:d=2021122100:O3MR:70 mb:3 hour fcst:
227:13916040:d=2021122100:HGT:100 mb:3 hour fcst:
228:13983781:d=2021122100:TMP:100 mb:3 hour fcst:
229:14045903:d=2021122100:RH:100 mb:3 hour fcst:
230:14083173:d=2021122100:TCDC:100 mb:3 hour fcst:
231:14083576:d=2021122100:SPFH:100 mb:3 hour fcst:
232:14175703:d=2021122100:VVEL:100 mb:3 hour fcst:
233:14281123:d=2021122100:DZDT:100 mb:3 hour fcst:
234:14385173:d=2021122100:UGRD:100 mb:3 hour fcst:
235:14429164:d=2021122100:VGRD:100 mb:3 hour fcst:
236:14502165:d=2021122100:ABSV:100 mb:3 hour fcst:
237:14579562:d=2021122100:CLMR:100 mb:3 hour fcst:
238:14579741:d=2021122100:ICMR:100 mb:3 hour fcst:
239:14584496:d=2021122100:RWMR:100 mb:3 hour fcst:
240:14584675:d=2021122100:SNMR:100 mb:3 hour fcst:
241:14594613:d=2021122100:GRLE:100 mb:3 hour fcst:
242:14595064:d=2021122100:O3MR:100 mb:3 hour fcst:
259:15480581:d=2021122100:HGT:150 mb:3 hour fcst:
260:15549525:d=2021122100:TMP:150 mb:3 hour fcst:
261:15610573:d=2021122100:RH:150 mb:3 hour fcst:
262:15652682:d=2021122100:TCDC:150 mb:3 hour fcst:
263:15661949:d=2021122100:SPFH:150 mb:3 hour fcst:
264:15760215:d=2021122100:VVEL:150 mb:3 hour fcst:
265:15873153:d=2021122100:DZDT:150 mb:3 hour fcst:
266:15979352:d=2021122100:UGRD:150 mb:3 hour fcst:
267:16024663:d=2021122100:VGRD:150 mb:3 hour fcst:
268:16098599:d=2021122100:ABSV:150 mb:3 hour fcst:
269:16176815:d=2021122100:CLMR:150 mb:3 hour fcst:
270:16176994:d=2021122100:ICMR:150 mb:3 hour fcst:
271:16191275:d=2021122100:RWMR:150 mb:3 hour fcst:
272:16191454:d=2021122100:SNMR:150 mb:3 hour fcst:
273:16200397:d=2021122100:GRLE:150 mb:3 hour fcst:
274:16201416:d=2021122100:O3MR:150 mb:3 hour fcst:
291:17070155:d=2021122100:HGT:200 mb:3 hour fcst:
292:17141186:d=2021122100:TMP:200 mb:3 hour fcst:
293:17204966:d=2021122100:RH:200 mb:3 hour fcst:
294:17259667:d=2021122100:TCDC:200 mb:3 hour fcst:
295:17281705:d=2021122100:SPFH:200 mb:3 hour fcst:
296:17375186:d=2021122100:VVEL:200 mb:3 hour fcst:
297:17484585:d=2021122100:DZDT:200 mb:3 hour fcst:
298:17592547:d=2021122100:UGRD:200 mb:3 hour fcst:
299:17639456:d=2021122100:VGRD:200 mb:3 hour fcst:
300:17686735:d=2021122100:ABSV:200 mb:3 hour fcst:
301:17768140:d=2021122100:CLMR:200 mb:3 hour fcst:
302:17768319:d=2021122100:ICMR:200 mb:3 hour fcst:
303:17795641:d=2021122100:RWMR:200 mb:3 hour fcst:
304:17795820:d=2021122100:SNMR:200 mb:3 hour fcst:
305:17812361:d=2021122100:GRLE:200 mb:3 hour fcst:
306:17814680:d=2021122100:O3MR:200 mb:3 hour fcst:
323:18762105:d=2021122100:HGT:250 mb:3 hour fcst:
324:18835108:d=2021122100:TMP:250 mb:3 hour fcst:
325:18899614:d=2021122100:RH:250 mb:3 hour fcst:
326:18963279:d=2021122100:TCDC:250 mb:3 hour fcst:
327:18993772:d=2021122100:SPFH:250 mb:3 hour fcst:
328:19088616:d=2021122100:VVEL:250 mb:3 hour fcst:
329:19180900:d=2021122100:DZDT:250 mb:3 hour fcst:
330:19291424:d=2021122100:UGRD:250 mb:3 hour fcst:
331:19341031:d=2021122100:VGRD:250 mb:3 hour fcst:
332:19391253:d=2021122100:ABSV:250 mb:3 hour fcst:
333:19477103:d=2021122100:CLMR:250 mb:3 hour fcst:
334:19477282:d=2021122100:ICMR:250 mb:3 hour fcst:
335:19515972:d=2021122100:RWMR:250 mb:3 hour fcst:
336:19516151:d=2021122100:SNMR:250 mb:3 hour fcst:
337:19538222:d=2021122100:GRLE:250 mb:3 hour fcst:
338:19540937:d=2021122100:O3MR:250 mb:3 hour fcst:
355:20545786:d=2021122100:HGT:300 mb:3 hour fcst:
356:20619546:d=2021122100:TMP:300 mb:3 hour fcst:
357:20683969:d=2021122100:RH:300 mb:3 hour fcst:
358:20751385:d=2021122100:TCDC:300 mb:3 hour fcst:
359:20784317:d=2021122100:SPFH:300 mb:3 hour fcst:
360:20879644:d=2021122100:VVEL:300 mb:3 hour fcst:
361:20975292:d=2021122100:DZDT:300 mb:3 hour fcst:
362:21087055:d=2021122100:UGRD:300 mb:3 hour fcst:
363:21137947:d=2021122100:VGRD:300 mb:3 hour fcst:
364:21190300:d=2021122100:ABSV:300 mb:3 hour fcst:
365:21278439:d=2021122100:CLMR:300 mb:3 hour fcst:
366:21278618:d=2021122100:ICMR:300 mb:3 hour fcst:
367:21322087:d=2021122100:RWMR:300 mb:3 hour fcst:
368:21322266:d=2021122100:SNMR:300 mb:3 hour fcst:
369:21350663:d=2021122100:GRLE:300 mb:3 hour fcst:
370:21353897:d=2021122100:O3MR:300 mb:3 hour fcst:
387:22364059:d=2021122100:HGT:350 mb:3 hour fcst:
388:22437347:d=2021122100:TMP:350 mb:3 hour fcst:
389:22501051:d=2021122100:RH:350 mb:3 hour fcst:
390:22569154:d=2021122100:TCDC:350 mb:3 hour fcst:
391:22601684:d=2021122100:SPFH:350 mb:3 hour fcst:
392:22707967:d=2021122100:VVEL:350 mb:3 hour fcst:
393:22805499:d=2021122100:DZDT:350 mb:3 hour fcst:
394:22917498:d=2021122100:UGRD:350 mb:3 hour fcst:
395:22967914:d=2021122100:VGRD:350 mb:3 hour fcst:
396:23019975:d=2021122100:ABSV:350 mb:3 hour fcst:
397:23107916:d=2021122100:CLMR:350 mb:3 hour fcst:
398:23108282:d=2021122100:ICMR:350 mb:3 hour fcst:
399:23153037:d=2021122100:RWMR:350 mb:3 hour fcst:
400:23153216:d=2021122100:SNMR:350 mb:3 hour fcst:
401:23188416:d=2021122100:GRLE:350 mb:3 hour fcst:
402:23191603:d=2021122100:O3MR:350 mb:3 hour fcst:
419:24198745:d=2021122100:HGT:400 mb:3 hour fcst:
420:24271317:d=2021122100:TMP:400 mb:3 hour fcst:
421:24335527:d=2021122100:RH:400 mb:3 hour fcst:
422:24405209:d=2021122100:TCDC:400 mb:3 hour fcst:
423:24437355:d=2021122100:SPFH:400 mb:3 hour fcst:
424:24542329:d=2021122100:VVEL:400 mb:3 hour fcst:
425:24640892:d=2021122100:DZDT:400 mb:3 hour fcst:
426:24752344:d=2021122100:UGRD:400 mb:3 hour fcst:
427:24800985:d=2021122100:VGRD:400 mb:3 hour fcst:
428:24852051:d=2021122100:ABSV:400 mb:3 hour fcst:
429:24938824:d=2021122100:CLMR:400 mb:3 hour fcst:
430:24940126:d=2021122100:ICMR:400 mb:3 hour fcst:
431:24983704:d=2021122100:RWMR:400 mb:3 hour fcst:
432:24984173:d=2021122100:SNMR:400 mb:3 hour fcst:
433:25019089:d=2021122100:GRLE:400 mb:3 hour fcst:
434:25022474:d=2021122100:O3MR:400 mb:3 hour fcst:
451:26029611:d=2021122100:HGT:450 mb:3 hour fcst:
452:26111028:d=2021122100:TMP:450 mb:3 hour fcst:
453:26175667:d=2021122100:RH:450 mb:3 hour fcst:
454:26245873:d=2021122100:TCDC:450 mb:3 hour fcst:
455:26276885:d=2021122100:SPFH:450 mb:3 hour fcst:
456:26378741:d=2021122100:VVEL:450 mb:3 hour fcst:
457:26478447:d=2021122100:DZDT:450 mb:3 hour fcst:
458:26589191:d=2021122100:UGRD:450 mb:3 hour fcst:
459:26636637:d=2021122100:VGRD:450 mb:3 hour fcst:
460:26686548:d=2021122100:ABSV:450 mb:3 hour fcst:
461:26771891:d=2021122100:CLMR:450 mb:3 hour fcst:
462:26775182:d=2021122100:ICMR:450 mb:3 hour fcst:
463:26816458:d=2021122100:RWMR:450 mb:3 hour fcst:
464:26817639:d=2021122100:SNMR:450 mb:3 hour fcst:
465:26854348:d=2021122100:GRLE:450 mb:3 hour fcst:
466:26857661:d=2021122100:O3MR:450 mb:3 hour fcst:
483:27922945:d=2021122100:HGT:500 mb:3 hour fcst:
484:28004319:d=2021122100:TMP:500 mb:3 hour fcst:
485:28069128:d=2021122100:RH:500 mb:3 hour fcst:
486:28139674:d=2021122100:TCDC:500 mb:3 hour fcst:
487:28169975:d=2021122100:SPFH:500 mb:3 hour fcst:
488:28276461:d=2021122100:VVEL:500 mb:3 hour fcst:
489:28376596:d=2021122100:DZDT:500 mb:3 hour fcst:
490:28486721:d=2021122100:UGRD:500 mb:3 hour fcst:
491:28563592:d=2021122100:VGRD:500 mb:3 hour fcst:
492:28641423:d=2021122100:ABSV:500 mb:3 hour fcst:
493:28725334:d=2021122100:CLMR:500 mb:3 hour fcst:
494:28731529:d=2021122100:ICMR:500 mb:3 hour fcst:
495:28774042:d=2021122100:RWMR:500 mb:3 hour fcst:
496:28776588:d=2021122100:SNMR:500 mb:3 hour fcst:
497:28813983:d=2021122100:GRLE:500 mb:3 hour fcst:
498:28816905:d=2021122100:O3MR:500 mb:3 hour fcst:
515:29921102:d=2021122100:HGT:550 mb:3 hour fcst:
516:30002097:d=2021122100:TMP:550 mb:3 hour fcst:
517:30066997:d=2021122100:RH:550 mb:3 hour fcst:
518:30137913:d=2021122100:TCDC:550 mb:3 hour fcst:
519:30168187:d=2021122100:SPFH:550 mb:3 hour fcst:
520:30279013:d=2021122100:VVEL:550 mb:3 hour fcst:
521:30379534:d=2021122100:DZDT:550 mb:3 hour fcst:
522:30478747:d=2021122100:UGRD:550 mb:3 hour fcst:
523:30553940:d=2021122100:VGRD:550 mb:3 hour fcst:
524:30631648:d=2021122100:ABSV:550 mb:3 hour fcst:
525:30714755:d=2021122100:CLMR:550 mb:3 hour fcst:
526:30725045:d=2021122100:ICMR:550 mb:3 hour fcst:
527:30763970:d=2021122100:RWMR:550 mb:3 hour fcst:
528:30768266:d=2021122100:SNMR:550 mb:3 hour fcst:
529:30804941:d=2021122100:GRLE:550 mb:3 hour fcst:
530:30808565:d=2021122100:O3MR:550 mb:3 hour fcst:
547:31912691:d=2021122100:HGT:600 mb:3 hour fcst:
548:31993503:d=2021122100:TMP:600 mb:3 hour fcst:
549:32059330:d=2021122100:RH:600 mb:3 hour fcst:
550:32130774:d=2021122100:TCDC:600 mb:3 hour fcst:
551:32160173:d=2021122100:SPFH:600 mb:3 hour fcst:
552:32274253:d=2021122100:VVEL:600 mb:3 hour fcst:
553:32374835:d=2021122100:DZDT:600 mb:3 hour fcst:
554:32473391:d=2021122100:UGRD:600 mb:3 hour fcst:
555:32548965:d=2021122100:VGRD:600 mb:3 hour fcst:
556:32625375:d=2021122100:ABSV:600 mb:3 hour fcst:
557:32707849:d=2021122100:CLMR:600 mb:3 hour fcst:
558:32719839:d=2021122100:ICMR:600 mb:3 hour fcst:
559:32753287:d=2021122100:RWMR:600 mb:3 hour fcst:
560:32761559:d=2021122100:SNMR:600 mb:3 hour fcst:
561:32798021:d=2021122100:GRLE:600 mb:3 hour fcst:
562:32803028:d=2021122100:O3MR:600 mb:3 hour fcst:
579:33894948:d=2021122100:HGT:650 mb:3 hour fcst:
580:33975479:d=2021122100:TMP:650 mb:3 hour fcst:
581:34041959:d=2021122100:RH:650 mb:3 hour fcst:
582:34113666:d=2021122100:TCDC:650 mb:3 hour fcst:
583:34142854:d=2021122100:SPFH:650 mb:3 hour fcst:
584:34249732:d=2021122100:VVEL:650 mb:3 hour fcst:
585:34350642:d=2021122100:DZDT:650 mb:3 hour fcst:
586:34448829:d=2021122100:UGRD:650 mb:3 hour fcst:
587:34524257:d=2021122100:VGRD:650 mb:3 hour fcst:
588:34600749:d=2021122100:ABSV:650 mb:3 hour fcst:
589:34683382:d=2021122100:CLMR:650 mb:3 hour fcst:
590:34698026:d=2021122100:ICMR:650 mb:3 hour fcst:
591:34730365:d=2021122100:RWMR:650 mb:3 hour fcst:
592:34740899:d=2021122100:SNMR:650 mb:3 hour fcst:
593:34775844:d=2021122100:GRLE:650 mb:3 hour fcst:
594:34780884:d=2021122100:O3MR:650 mb:3 hour fcst:
611:35875989:d=2021122100:HGT:700 mb:3 hour fcst:
612:35960352:d=2021122100:TMP:700 mb:3 hour fcst:
613:36027543:d=2021122100:RH:700 mb:3 hour fcst:
614:36099747:d=2021122100:TCDC:700 mb:3 hour fcst:
615:36129252:d=2021122100:SPFH:700 mb:3 hour fcst:
616:36235909:d=2021122100:VVEL:700 mb:3 hour fcst:
617:36337505:d=2021122100:DZDT:700 mb:3 hour fcst:
618:36435659:d=2021122100:UGRD:700 mb:3 hour fcst:
619:36510617:d=2021122100:VGRD:700 mb:3 hour fcst:
620:36587105:d=2021122100:ABSV:700 mb:3 hour fcst:
621:36669372:d=2021122100:CLMR:700 mb:3 hour fcst:
622:36686048:d=2021122100:ICMR:700 mb:3 hour fcst:
623:36716260:d=2021122100:RWMR:700 mb:3 hour fcst:
624:36728793:d=2021122100:SNMR:700 mb:3 hour fcst:
625:36762037:d=2021122100:GRLE:700 mb:3 hour fcst:
626:36766287:d=2021122100:O3MR:700 mb:3 hour fcst:
643:37862241:d=2021122100:HGT:750 mb:3 hour fcst:
644:37946805:d=2021122100:TMP:750 mb:3 hour fcst:
645:38016070:d=2021122100:RH:750 mb:3 hour fcst:
646:38089129:d=2021122100:TCDC:750 mb:3 hour fcst:
647:38119489:d=2021122100:SPFH:750 mb:3 hour fcst:
648:38228139:d=2021122100:VVEL:750 mb:3 hour fcst:
649:38330211:d=2021122100:DZDT:750 mb:3 hour fcst:
650:38437756:d=2021122100:UGRD:750 mb:3 hour fcst:
651:38512984:d=2021122100:VGRD:750 mb:3 hour fcst:
652:38590532:d=2021122100:ABSV:750 mb:3 hour fcst:
653:38673853:d=2021122100:CLMR:750 mb:3 hour fcst:
654:38695052:d=2021122100:ICMR:750 mb:3 hour fcst:
655:38723072:d=2021122100:RWMR:750 mb:3 hour fcst:
656:38737565:d=2021122100:SNMR:750 mb:3 hour fcst:
657:38768590:d=2021122100:GRLE:750 mb:3 hour fcst:
658:38772751:d=2021122100:O3MR:750 mb:3 hour fcst:
675:39899332:d=2021122100:HGT:800 mb:3 hour fcst:
676:39984497:d=2021122100:TMP:800 mb:3 hour fcst:
677:40055723:d=2021122100:RH:800 mb:3 hour fcst:
678:40129482:d=2021122100:TCDC:800 mb:3 hour fcst:
679:40164119:d=2021122100:SPFH:800 mb:3 hour fcst:
680:40274475:d=2021122100:VVEL:800 mb:3 hour fcst:
681:40376852:d=2021122100:DZDT:800 mb:3 hour fcst:
682:40484276:d=2021122100:UGRD:800 mb:3 hour fcst:
683:40560822:d=2021122100:VGRD:800 mb:3 hour fcst:
684:40638946:d=2021122100:ABSV:800 mb:3 hour fcst:
685:40722883:d=2021122100:CLMR:800 mb:3 hour fcst:
686:40752648:d=2021122100:ICMR:800 mb:3 hour fcst:
687:40780007:d=2021122100:RWMR:800 mb:3 hour fcst:
688:40796615:d=2021122100:SNMR:800 mb:3 hour fcst:
689:40827133:d=2021122100:GRLE:800 mb:3 hour fcst:
690:40831832:d=2021122100:O3MR:800 mb:3 hour fcst:
707:41986803:d=2021122100:HGT:850 mb:3 hour fcst:
708:42072818:d=2021122100:TMP:850 mb:3 hour fcst:
709:42146962:d=2021122100:RH:850 mb:3 hour fcst:
710:42221362:d=2021122100:TCDC:850 mb:3 hour fcst:
711:42264740:d=2021122100:SPFH:850 mb:3 hour fcst:
712:42376470:d=2021122100:VVEL:850 mb:3 hour fcst:
713:42478639:d=2021122100:DZDT:850 mb:3 hour fcst:
714:42585934:d=2021122100:UGRD:850 mb:3 hour fcst:
715:42663133:d=2021122100:VGRD:850 mb:3 hour fcst:
716:42741634:d=2021122100:ABSV:850 mb:3 hour fcst:
717:42826214:d=2021122100:CLMR:850 mb:3 hour fcst:
718:42870379:d=2021122100:ICMR:850 mb:3 hour fcst:
719:42897057:d=2021122100:RWMR:850 mb:3 hour fcst:
720:42918529:d=2021122100:SNMR:850 mb:3 hour fcst:
721:42949490:d=2021122100:GRLE:850 mb:3 hour fcst:
722:42954351:d=2021122100:O3MR:850 mb:3 hour fcst:
739:44126504:d=2021122100:HGT:900 mb:3 hour fcst:
740:44213481:d=2021122100:TMP:900 mb:3 hour fcst:
741:44288118:d=2021122100:RH:900 mb:3 hour fcst:
742:44361079:d=2021122100:TCDC:900 mb:3 hour fcst:
743:44402573:d=2021122100:SPFH:900 mb:3 hour fcst:
744:44503116:d=2021122100:VVEL:900 mb:3 hour fcst:
745:44603941:d=2021122100:DZDT:900 mb:3 hour fcst:
746:44708836:d=2021122100:UGRD:900 mb:3 hour fcst:
747:44786198:d=2021122100:VGRD:900 mb:3 hour fcst:
748:44864885:d=2021122100:ABSV:900 mb:3 hour fcst:
749:44949436:d=2021122100:CLMR:900 mb:3 hour fcst:
750:44986094:d=2021122100:ICMR:900 mb:3 hour fcst:
751:45010536:d=2021122100:RWMR:900 mb:3 hour fcst:
752:45042982:d=2021122100:SNMR:900 mb:3 hour fcst:
753:45072012:d=2021122100:GRLE:900 mb:3 hour fcst:
754:45077238:d=2021122100:O3MR:900 mb:3 hour fcst:
755:45176473:d=2021122100:HGT:925 mb:3 hour fcst:
756:45264018:d=2021122100:TMP:925 mb:3 hour fcst:
757:45339180:d=2021122100:RH:925 mb:3 hour fcst:
758:45411335:d=2021122100:TCDC:925 mb:3 hour fcst:
759:45449345:d=2021122100:SPFH:925 mb:3 hour fcst:
760:45549455:d=2021122100:VVEL:925 mb:3 hour fcst:
761:45648737:d=2021122100:DZDT:925 mb:3 hour fcst:
762:45752199:d=2021122100:UGRD:925 mb:3 hour fcst:
763:45829885:d=2021122100:VGRD:925 mb:3 hour fcst:
764:45908564:d=2021122100:ABSV:925 mb:3 hour fcst:
765:45993044:d=2021122100:CLMR:925 mb:3 hour fcst:
766:46021549:d=2021122100:ICMR:925 mb:3 hour fcst:
767:46044437:d=2021122100:RWMR:925 mb:3 hour fcst:
768:46079466:d=2021122100:SNMR:925 mb:3 hour fcst:
769:46107352:d=2021122100:GRLE:925 mb:3 hour fcst:
770:46113561:d=2021122100:O3MR:925 mb:3 hour fcst:
771:46211937:d=2021122100:HGT:950 mb:3 hour fcst:
772:46300077:d=2021122100:TMP:950 mb:3 hour fcst:
773:46375083:d=2021122100:RH:950 mb:3 hour fcst:
774:46445952:d=2021122100:TCDC:950 mb:3 hour fcst:
775:46479122:d=2021122100:SPFH:950 mb:3 hour fcst:
776:46578758:d=2021122100:VVEL:950 mb:3 hour fcst:
777:46674532:d=2021122100:DZDT:950 mb:3 hour fcst:
778:46774909:d=2021122100:UGRD:950 mb:3 hour fcst:
779:46852969:d=2021122100:VGRD:950 mb:3 hour fcst:
780:46931675:d=2021122100:ABSV:950 mb:3 hour fcst:
781:47016075:d=2021122100:CLMR:950 mb:3 hour fcst:
782:47037857:d=2021122100:ICMR:950 mb:3 hour fcst:
783:47058383:d=2021122100:RWMR:950 mb:3 hour fcst:
784:47095091:d=2021122100:SNMR:950 mb:3 hour fcst:
785:47123639:d=2021122100:GRLE:950 mb:3 hour fcst:
786:47130084:d=2021122100:O3MR:950 mb:3 hour fcst:
787:47228233:d=2021122100:HINDEX:surface:3 hour fcst:
788:47245068:d=2021122100:HGT:975 mb:3 hour fcst:
789:47334168:d=2021122100:TMP:975 mb:3 hour fcst:
790:47408785:d=2021122100:RH:975 mb:3 hour fcst:
791:47477281:d=2021122100:TCDC:975 mb:3 hour fcst:
792:47504930:d=2021122100:SPFH:975 mb:3 hour fcst:
793:47603836:d=2021122100:VVEL:975 mb:3 hour fcst:
794:47694581:d=2021122100:DZDT:975 mb:3 hour fcst:
795:47788443:d=2021122100:UGRD:975 mb:3 hour fcst:
796:47865673:d=2021122100:VGRD:975 mb:3 hour fcst:
797:47944064:d=2021122100:ABSV:975 mb:3 hour fcst:
798:48027865:d=2021122100:CLMR:975 mb:3 hour fcst:
799:48044317:d=2021122100:ICMR:975 mb:3 hour fcst:
800:48061926:d=2021122100:RWMR:975 mb:3 hour fcst:
801:48097469:d=2021122100:SNMR:975 mb:3 hour fcst:
802:48119912:d=2021122100:GRLE:975 mb:3 hour fcst:
803:48125639:d=2021122100:O3MR:975 mb:3 hour fcst:
804:48223170:d=2021122100:TMP:1000 mb:3 hour fcst:
805:48296955:d=2021122100:RH:1000 mb:3 hour fcst:
806:48363841:d=2021122100:TCDC:1000 mb:3 hour fcst:
807:48381205:d=2021122100:SPFH:1000 mb:3 hour fcst:
808:48479840:d=2021122100:VVEL:1000 mb:3 hour fcst:
809:48562990:d=2021122100:DZDT:1000 mb:3 hour fcst:
810:48646213:d=2021122100:UGRD:1000 mb:3 hour fcst:
811:48722273:d=2021122100:VGRD:1000 mb:3 hour fcst:
812:48799329:d=2021122100:ABSV:1000 mb:3 hour fcst:
813:48881563:d=2021122100:CLMR:1000 mb:3 hour fcst:
814:48891928:d=2021122100:ICMR:1000 mb:3 hour fcst:
815:48901864:d=2021122100:RWMR:1000 mb:3 hour fcst:
816:48930685:d=2021122100:SNMR:1000 mb:3 hour fcst:
817:48942779:d=2021122100:GRLE:1000 mb:3 hour fcst:
818:48945588:d=2021122100:O3MR:1000 mb:3 hour fcst:
819:49042798:d=2021122100:MSLET:mean sea level:3 hour fcst:
820:49136290:d=2021122100:HGT:1000 mb:3 hour fcst:
821:49226594:d=2021122100:SDEN:surface:3 hour fcst:
822:49268021:d=2021122100:REFD:4000 m above ground:3 hour fcst:
823:49277416:d=2021122100:REFD:1000 m above ground:3 hour fcst:
824:49286811:d=2021122100:PRES:surface:3 hour fcst:
825:49374708:d=2021122100:HGT:surface:3 hour fcst:
826:49419626:d=2021122100:TMP:surface:3 hour fcst:
827:49478286:d=2021122100:TSOIL:0-0.1 m below ground:3 hour fcst:
828:49516421:d=2021122100:SOILW:0-0.1 m below ground:3 hour fcst:
829:49544390:d=2021122100:SOILL:0-0.1 m below ground:3 hour fcst:
830:49571899:d=2021122100:TSOIL:0.1-0.4 m below ground:3 hour fcst:
831:49622023:d=2021122100:SOILW:0.1-0.4 m below ground:3 hour fcst:
832:49650119:d=2021122100:SOILL:0.1-0.4 m below ground:3 hour fcst:
833:49678039:d=2021122100:TSOIL:0.4-1 m below ground:3 hour fcst:
834:49720802:d=2021122100:SOILW:0.4-1 m below ground:3 hour fcst:
835:49749269:d=2021122100:SOILL:0.4-1 m below ground:3 hour fcst:
836:49777580:d=2021122100:TSOIL:1-2 m below ground:3 hour fcst:
837:49819617:d=2021122100:SOILW:1-2 m below ground:3 hour fcst:
838:49847729:d=2021122100:SOILL:1-2 m below ground:3 hour fcst:
839:49876014:d=2021122100:CNWAT:surface:3 hour fcst:
840:49894713:d=2021122100:WEASD:surface:3 hour fcst:
841:49940145:d=2021122100:SNOD:surface:3 hour fcst:
842:49989019:d=2021122100:PEVPR:surface:3 hour fcst:
843:50030996:d=2021122100:ICETK:surface:3 hour fcst:
845:50052444:d=2021122100:TMP:2 m above ground:3 hour fcst:
846:50126200:d=2021122100:SPFH:2 m above ground:3 hour fcst:
847:50222914:d=2021122100:DPT:2 m above ground:3 hour fcst:
848:50298602:d=2021122100:RH:2 m above ground:3 hour fcst:
849:50363127:d=2021122100:APTMP:2 m above ground:3 hour fcst:
850:50412253:d=2021122100:TMAX:2 m above ground:0-3 hour max fcst:
851:50485722:d=2021122100:TMIN:2 m above ground:0-3 hour min fcst:
852:50559509:d=2021122100:UGRD:10 m above ground:3 hour fcst:
853:50634564:d=2021122100:VGRD:10 m above ground:3 hour fcst:
854:50709524:d=2021122100:ICEG:10 m above mean sea level:3 hour fcst:
855:50711768:d=2021122100:CPOFP:surface:3 hour fcst:
856:50777895:d=2021122100:CPRAT:surface:3 hour fcst:
857:50842941:d=2021122100:PRATE:surface:3 hour fcst:
858:50921593:d=2021122100:CPRAT:surface:0-3 hour ave fcst:
859:50997634:d=2021122100:PRATE:surface:0-3 hour ave fcst:
860:51068537:d=2021122100:APCP:surface:0-3 hour acc fcst:
861:51096646:d=2021122100:APCP:surface:0-3 hour acc fcst:
862:51132889:d=2021122100:ACPCP:surface:0-3 hour acc fcst:
863:51155499:d=2021122100:ACPCP:surface:0-3 hour acc fcst:
866:51219616:d=2021122100:FROZR:surface:0-3 hour acc fcst:
867:51229035:d=2021122100:FRZR:surface:0-3 hour acc fcst:
868:51238454:d=2021122100:TSNOWP:surface:0-3 hour acc fcst:
869:51247873:d=2021122100:WATR:surface:0-3 hour acc fcst:
870:51278987:d=2021122100:FROZR:surface:0-3 hour acc fcst:
871:51288406:d=2021122100:FRZR:surface:0-3 hour acc fcst:
872:51297825:d=2021122100:TSNOWP:surface:0-3 hour acc fcst:
873:51307244:d=2021122100:CSNOW:surface:3 hour fcst:
874:51312444:d=2021122100:CICEP:surface:3 hour fcst:
875:51312623:d=2021122100:CFRZR:surface:3 hour fcst:
876:51313018:d=2021122100:CRAIN:surface:3 hour fcst:
877:51324681:d=2021122100:LHTFL:surface:0-3 hour ave fcst:
878:51375477:d=2021122100:SHTFL:surface:0-3 hour ave fcst:
879:51448962:d=2021122100:GFLUX:surface:0-3 hour ave fcst:
880:51494954:d=2021122100:UFLX:surface:0-3 hour ave fcst:
881:51552410:d=2021122100:VFLX:surface:0-3 hour ave fcst:
882:51609042:d=2021122100:SFCR:surface:3 hour fcst:
883:51671986:d=2021122100:FRICV:surface:3 hour fcst:
884:51753421:d=2021122100:U-GWD:surface:0-3 hour ave fcst:
885:51786570:d=2021122100:V-GWD:surface:0-3 hour ave fcst:
886:51818669:d=2021122100:VEG:surface:3 hour fcst:
887:51840352:d=2021122100:SOTYP:surface:3 hour fcst:
888:51870500:d=2021122100:WILT:surface:3 hour fcst:
889:51901272:d=2021122100:FLDCP:surface:3 hour fcst:
890:51933126:d=2021122100:SUNSD:surface:3 hour fcst:
891:51962138:d=2021122100:LFTX:surface:3 hour fcst:
892:52011434:d=2021122100:CAPE:surface:3 hour fcst:
893:52058913:d=2021122100:CIN:surface:3 hour fcst:
894:52103208:d=2021122100:PWAT:entire atmosphere (considered as a single layer):3 hour fcst:
895:52202526:d=2021122100:CWAT:entire atmosphere (considered as a single layer):3 hour fcst:
896:52296405:d=2021122100:RH:entire atmosphere (considered as a single layer):3 hour fcst:
897:52348852:d=2021122100:TOZNE:entire atmosphere (considered as a single layer):3 hour fcst:
898:52399307:d=2021122100:LCDC:low cloud layer:3 hour fcst:
899:52456668:d=2021122100:LCDC:low cloud layer:0-3 hour ave fcst:
900:52519498:d=2021122100:MCDC:middle cloud layer:3 hour fcst:
901:52563088:d=2021122100:MCDC:middle cloud layer:0-3 hour ave fcst:
902:52609914:d=2021122100:HCDC:high cloud layer:3 hour fcst:
903:52651349:d=2021122100:HCDC:high cloud layer:0-3 hour ave fcst:
904:52703114:d=2021122100:TCDC:entire atmosphere (considered as a single layer):3 hour fcst:
905:52761788:d=2021122100:TCDC:entire atmosphere (considered as a single layer):0-3 hour ave fcst:
906:52828225:d=2021122100:HGT:cloud ceiling:3 hour fcst:
907:52941316:d=2021122100:PRES:convective cloud bottom level:3 hour fcst:
908:52986497:d=2021122100:PRES:low cloud bottom level:0-3 hour ave fcst:
909:53066151:d=2021122100:PRES:middle cloud bottom level:0-3 hour ave fcst:
910:53118220:d=2021122100:PRES:high cloud bottom level:0-3 hour ave fcst:
912:53283463:d=2021122100:PRES:convective cloud top level:3 hour fcst:
913:53333301:d=2021122100:PRES:low cloud top level:0-3 hour ave fcst:
914:53414496:d=2021122100:PRES:middle cloud top level:0-3 hour ave fcst:
915:53465004:d=2021122100:PRES:high cloud top level:0-3 hour ave fcst:
916:53528344:d=2021122100:TMP:low cloud top level:0-3 hour ave fcst:
917:53588641:d=2021122100:TMP:middle cloud top level:0-3 hour ave fcst:
918:53630148:d=2021122100:TMP:high cloud top level:0-3 hour ave fcst:
919:53683471:d=2021122100:TCDC:convective cloud layer:3 hour fcst:
920:53752457:d=2021122100:TCDC:boundary layer cloud layer:0-3 hour ave fcst:
921:53801981:d=2021122100:CWORK:entire atmosphere (considered as a single layer):0-3 hour ave fcst:
922:53834268:d=2021122100:DSWRF:surface:0-3 hour ave fcst:
925:54006216:d=2021122100:DLWRF:surface:0-3 hour ave fcst:
926:54086329:d=2021122100:USWRF:surface:0-3 hour ave fcst:
927:54143649:d=2021122100:ULWRF:surface:0-3 hour ave fcst:
928:54209670:d=2021122100:USWRF:top of atmosphere:0-3 hour ave fcst:
929:54277680:d=2021122100:ULWRF:top of atmosphere:0-3 hour ave fcst:
930:54352368:d=2021122100:AOTK:entire atmosphere:3 hour fcst:aerosol=Total Aerosol:aerosol_size <2e-05:aerosol_wavelength >=5.45e-07,<=5.55e-07
931:54452661:d=2021122100:AOTK:entire atmosphere:3 hour fcst:aerosol=Dust Dry:aerosol_size <2e-05:aerosol_wavelength >=5.45e-07,<=5.55e-07
932:54506779:d=2021122100:AOTK:entire atmosphere:3 hour fcst:aerosol=Sea Salt Dry:aerosol_size <2e-05:aerosol_wavelength >=5.45e-07,<=5.55e-07
933:54608575:d=2021122100:AOTK:entire atmosphere:3 hour fcst:aerosol=Sulphate Dry:aerosol_size <2e-05:aerosol_wavelength >=5.45e-07,<=5.55e-07
934:54701635:d=2021122100:AOTK:entire atmosphere:3 hour fcst:aerosol=Particulate Organic Matter Dry:aerosol_size <2e-05:aerosol_wavelength >=5.45e-07,<=5.55e-07
935:54794052:d=2021122100:AOTK:entire atmosphere:3 hour fcst:aerosol=Black Carbon Dry:aerosol_size <2e-05:aerosol_wavelength >=5.45e-07,<=5.55e-07
936:54875132:d=2021122100:HLCY:3000-0 m above ground:3 hour fcst:
937:54932033:d=2021122100:HLCY:1000-0 m above ground:3 hour fcst:
938:54984280:d=2021122100:USTM:6000-0 m above ground:3 hour fcst:
939:55065936:d=2021122100:VSTM:6000-0 m above ground:3 hour fcst:
940:55147008:d=2021122100:PRES:tropopause:3 hour fcst:
941:55259540:d=2021122100:ICAHT:tropopause:3 hour fcst:
942:55366987:d=2021122100:HGT:tropopause:3 hour fcst:
943:55474569:d=2021122100:TMP:tropopause:3 hour fcst:
944:55555651:d=2021122100:UGRD:tropopause:3 hour fcst:
945:55614896:d=2021122100:VGRD:tropopause:3 hour fcst:
946:55672679:d=2021122100:VWSH:tropopause:3 hour fcst:
947:55747075:d=2021122100:PRES:max wind:3 hour fcst:
948:55879421:d=2021122100:ICAHT:max wind:3 hour fcst:
949:56014557:d=2021122100:HGT:max wind:3 hour fcst:
950:56150111:d=2021122100:UGRD:max wind:3 hour fcst:
951:56211131:d=2021122100:VGRD:max wind:3 hour fcst:
952:56275402:d=2021122100:TMP:max wind:3 hour fcst:
953:56376539:d=2021122100:UGRD:20 m above ground:3 hour fcst:
954:56451589:d=2021122100:VGRD:20 m above ground:3 hour fcst:
955:56527493:d=2021122100:UGRD:30 m above ground:3 hour fcst:
956:56603246:d=2021122100:VGRD:30 m above ground:3 hour fcst:
957:56679840:d=2021122100:UGRD:40 m above ground:3 hour fcst:
958:56755882:d=2021122100:VGRD:40 m above ground:3 hour fcst:
959:56832867:d=2021122100:UGRD:50 m above ground:3 hour fcst:
960:56909145:d=2021122100:VGRD:50 m above ground:3 hour fcst:
961:56986398:d=2021122100:TMP:80 m above ground:3 hour fcst:
962:57060156:d=2021122100:SPFH:80 m above ground:3 hour fcst:
963:57166471:d=2021122100:PRES:80 m above ground:3 hour fcst:
964:57254093:d=2021122100:UGRD:80 m above ground:3 hour fcst:
965:57331539:d=2021122100:VGRD:80 m above ground:3 hour fcst:
966:57409419:d=2021122100:TMP:100 m above ground:3 hour fcst:
967:57483013:d=2021122100:UGRD:100 m above ground:3 hour fcst:
968:57560720:d=2021122100:VGRD:100 m above ground:3 hour fcst:
981:58533413:d=2021122100:TMP:1829 m above mean sea level:3 hour fcst:
982:58609361:d=2021122100:UGRD:1829 m above mean sea level:3 hour fcst:
983:58690829:d=2021122100:VGRD:1829 m above mean sea level:3 hour fcst:
984:58773932:d=2021122100:TMP:2743 m above mean sea level:3 hour fcst:
985:58848642:d=2021122100:UGRD:2743 m above mean sea level:3 hour fcst:
986:58931277:d=2021122100:VGRD:2743 m above mean sea level:3 hour fcst:
987:59015607:d=2021122100:TMP:3658 m above mean sea level:3 hour fcst:
988:59089997:d=2021122100:UGRD:3658 m above mean sea level:3 hour fcst:
989:59174018:d=2021122100:VGRD:3658 m above mean sea level:3 hour fcst:
993:59504253:d=2021122100:HGT:0C isotherm:3 hour fcst:
994:59580777:d=2021122100:RH:0C isotherm:3 hour fcst:
995:59650606:d=2021122100:HGT:highest tropospheric freezing level:3 hour fcst:
996:59727040:d=2021122100:RH:highest tropospheric freezing level:3 hour fcst:
997:59796996:d=2021122100:TMP:30-0 mb above ground:3 hour fcst:
998:59870537:d=2021122100:RH:30-0 mb above ground:3 hour fcst:
1000:60010598:d=2021122100:SPFH:30-0 mb above ground:3 hour fcst:
1001:60117015:d=2021122100:UGRD:30-0 mb above ground:3 hour fcst:
1002:60194430:d=2021122100:VGRD:30-0 mb above ground:3 hour fcst:
1030:62470401:d=2021122100:4LFTX:surface:3 hour fcst:
1031:62517745:d=2021122100:CAPE:180-0 mb above ground:3 hour fcst:
1032:62560156:d=2021122100:CIN:180-0 mb above ground:3 hour fcst:
1033:62606665:d=2021122100:HPBL:surface:3 hour fcst:
1034:62722745:d=2021122100:RH:0.33-1 sigma layer:3 hour fcst:
1035:62787751:d=2021122100:RH:0.44-1 sigma layer:3 hour fcst:
1036:62851819:d=2021122100:RH:0.72-0.94 sigma layer:3 hour fcst:
1037:62919178:d=2021122100:RH:0.44-0.72 sigma layer:3 hour fcst:
1038:62987023:d=2021122100:TMP:0.995 sigma level:3 hour fcst:
1039:63061080:d=2021122100:POT:0.995 sigma level:3 hour fcst:
1040:63135068:d=2021122100:RH:0.995 sigma level:3 hour fcst:
1041:63199573:d=2021122100:UGRD:0.995 sigma level:3 hour fcst:
1042:63276192:d=2021122100:VGRD:0.995 sigma level:3 hour fcst:
1043:63353665:d=2021122100:VVEL:0.995 sigma level:3 hour fcst:
1044:63434069:d=2021122100:CAPE:90-0 mb above ground:3 hour fcst:
1045:63473149:d=2021122100:CIN:90-0 mb above ground:3 hour fcst:
1046:63519523:d=2021122100:CAPE:255-0 mb above ground:3 hour fcst:
1047:63560172:d=2021122100:CIN:255-0 mb above ground:3 hour fcst:
1048:63599003:d=2021122100:PLPL:255-0 mb above ground:3 hour fcst:
1049:63681072:d=2021122100:LAND:surface:3 hour fcst:
1050:63685407:d=2021122100:ICEC:surface:3 hour fcst:
1051:63697271:d=2021122100:ALBDO:surface:0-3 hour ave fcst:
1052:63745464:d=2021122100:ICETMP:surface:3 hour fcst:
1094:66059350:d=2021122100:UGRD:PV=2e-06 (Km^2/kg/s) surface:3 hour fcst:
1095:66101985:d=2021122100:VGRD:PV=2e-06 (Km^2/kg/s) surface:3 hour fcst:
1096:66144353:d=2021122100:TMP:PV=2e-06 (Km^2/kg/s) surface:3 hour fcst:
1097:66201976:d=2021122100:HGT:PV=2e-06 (Km^2/kg/s) surface:3 hour fcst:
1098:66272067:d=2021122100:PRES:PV=2e-06 (Km^2/kg/s) surface:3 hour fcst:
1099:66340854:d=2021122100:VWSH:PV=2e-06 (Km^2/kg/s) surface:3 hour fcst:
1100:66375041:d=2021122100:UGRD:PV=-2e-06 (Km^2/kg/s) surface:3 hour fcst:
1101:66418552:d=2021122100:VGRD:PV=-2e-06 (Km^2/kg/s) surface:3 hour fcst:
1102:66461148:d=2021122100:TMP:PV=-2e-06 (Km^2/kg/s) surface:3 hour fcst:
1103:66520078:d=2021122100:HGT:PV=-2e-06 (Km^2/kg/s) surface:3 hour fcst:
1104:66591094:d=2021122100:PRES:PV=-2e-06 (Km^2/kg/s) surface:3 hour fcst:
1105:66660758:d=2021122100:VWSH:PV=-2e-06 (Km^2/kg/s) surface:3 hour fcst:
+ exglobal_atmos_products.sh[45]true
+ exglobal_atmos_products.sh[46]export err=0
+ exglobal_atmos_products.sh[46]err=0
+ exglobal_atmos_products.sh[47][[ 0 -ne 0 ]]
+ exglobal_atmos_products.sh[52][[ 1 -eq 2 ]]
+ exglobal_atmos_products.sh[62]grid_string=0p25
+ exglobal_atmos_products.sh[63][[ YES == \Y\E\S ]]
+ exglobal_atmos_products.sh[64]grid_string=0p25:0p50:1p00
+ exglobal_atmos_products.sh[70]IFS=:
+ exglobal_atmos_products.sh[70]read -ra grids
+ exglobal_atmos_products.sh[154](( nset=1  ))
+ exglobal_atmos_products.sh[154](( nset <= downset  ))
+ exglobal_atmos_products.sh[74]echo 'Begin processing nset = 1'
Begin processing nset = 1
+ exglobal_atmos_products.sh[77]nproc=24
+ exglobal_atmos_products.sh[80][[ 1 == 1 ]]
+ exglobal_atmos_products.sh[81]grp=
+ exglobal_atmos_products.sh[87]tmpfile=tmpfile_f003
++ exglobal_atmos_products.sh[90]wgrib2 tmpfile_f003
++ exglobal_atmos_products.sh[90]wc -l
+ exglobal_atmos_products.sh[90]ncount=753
+ exglobal_atmos_products.sh[91][[ 24 -gt 753 ]]
+ exglobal_atmos_products.sh[95]inv=31
+ exglobal_atmos_products.sh[96]rm -f /work2/noaa/stmp/mterry/HERCULES/RUNDIRS/C96C48_hybatmDA/gdas.2021122100/atmos_products_f003.742205/poescript
+ exglobal_atmos_products.sh[98]last=0
+ exglobal_atmos_products.sh[134](( iproc = 1  ))
+ exglobal_atmos_products.sh[134](( iproc <= nproc  ))
+ exglobal_atmos_products.sh[100]first=1
+ exglobal_atmos_products.sh[101]last=31
+ exglobal_atmos_products.sh[102][[ 31 -gt 753 ]]
+ exglobal_atmos_products.sh[109]set +e
+ exglobal_atmos_products.sh[111]wgrib2 -d 31 tmpfile_f003
+ exglobal_atmos_products.sh[111]grep -E -i 'ugrd|ustm|uflx|u-gwd|land|maxuw'
31:1633164:d=2021122100:UGRD:0.02 mb:3 hour fcst:
+ exglobal_atmos_products.sh[112]rc=0
+ exglobal_atmos_products.sh[113]set_strict
+ environment[0][[ YES == \Y\E\S ]]
+ environment[1]set -eu
+ exglobal_atmos_products.sh[114][[ 0 == 0 ]]
+ exglobal_atmos_products.sh[115]last=32
+ exglobal_atmos_products.sh[117][[ 1 -eq 24 ]]
+ exglobal_atmos_products.sh[122]wgrib2 tmpfile_f003 -for 1:32 -grib tmpfile_f003_1
1:0:d=2021122100:PRMSL:mean sea level:3 hour fcst:
2:90675:d=2021122100:CLMR:1 hybrid level:3 hour fcst:
3:110360:d=2021122100:ICMR:1 hybrid level:3 hour fcst:
4:135575:d=2021122100:RWMR:1 hybrid level:3 hour fcst:
5:173365:d=2021122100:SNMR:1 hybrid level:3 hour fcst:
6:202961:d=2021122100:GRLE:1 hybrid level:3 hour fcst:
7:209093:d=2021122100:REFD:1 hybrid level:3 hour fcst:
8:218488:d=2021122100:REFD:2 hybrid level:3 hour fcst:
9:227883:d=2021122100:REFC:entire atmosphere (considered as a single layer):3 hour fcst:
10:237278:d=2021122100:VIS:surface:3 hour fcst:
11:355327:d=2021122100:UGRD:planetary boundary layer:3 hour fcst:
12:405040:d=2021122100:VGRD:planetary boundary layer:3 hour fcst:
13:455216:d=2021122100:VRATE:planetary boundary layer:3 hour fcst:
14:506970:d=2021122100:GUST:surface:3 hour fcst:
15:558499:d=2021122100:HGT:0.01 mb:3 hour fcst:
16:636159:d=2021122100:TMP:0.01 mb:3 hour fcst:
17:680592:d=2021122100:RH:0.01 mb:3 hour fcst:
18:703490:d=2021122100:SPFH:0.01 mb:3 hour fcst:
19:765691:d=2021122100:VVEL:0.01 mb:3 hour fcst:
20:857035:d=2021122100:DZDT:0.01 mb:3 hour fcst:
21:953755:d=2021122100:UGRD:0.01 mb:3 hour fcst:
22:1004782:d=2021122100:VGRD:0.01 mb:3 hour fcst:
23:1049018:d=2021122100:ABSV:0.01 mb:3 hour fcst:
24:1120069:d=2021122100:O3MR:0.01 mb:3 hour fcst:
25:1180071:d=2021122100:HGT:0.02 mb:3 hour fcst:
26:1256603:d=2021122100:TMP:0.02 mb:3 hour fcst:
27:1320705:d=2021122100:RH:0.02 mb:3 hour fcst:
28:1351997:d=2021122100:SPFH:0.02 mb:3 hour fcst:
29:1415297:d=2021122100:VVEL:0.02 mb:3 hour fcst:
30:1525760:d=2021122100:DZDT:0.02 mb:3 hour fcst:
31:1633164:d=2021122100:UGRD:0.02 mb:3 hour fcst:
32:1686837:d=2021122100:VGRD:0.02 mb:3 hour fcst:
+ exglobal_atmos_products.sh[122]true
+ exglobal_atmos_products.sh[123]export err=0
+ exglobal_atmos_products.sh[123]err=0
+ exglobal_atmos_products.sh[124][[ 0 -ne 0 ]]
+ exglobal_atmos_products.sh[127]input_file=tmpfile_f003_1
+ exglobal_atmos_products.sh[128]output_file_prefix=pgb2file_f003_1
+ exglobal_atmos_products.sh[129]echo '/work2/noaa/global/mterry/global-workflow_forked/ush/interp_atmos_master.sh tmpfile_f003_1 pgb2file_f003_1 0p25:0p50:1p00'
+ exglobal_atmos_products.sh[133][[ 32 -eq 753 ]]
+ exglobal_atmos_products.sh[134](( iproc++  ))
+ exglobal_atmos_products.sh[134](( iproc <= nproc  ))
+ exglobal_atmos_products.sh[100]first=33
+ exglobal_atmos_products.sh[101]last=63
+ exglobal_atmos_products.sh[102][[ 63 -gt 753 ]]
+ exglobal_atmos_products.sh[109]set +e
+ exglobal_atmos_products.sh[111]wgrib2 -d 63 tmpfile_f003
+ exglobal_atmos_products.sh[111]grep -E -i 'ugrd|ustm|uflx|u-gwd|land|maxuw'
+ exglobal_atmos_products.sh[112]rc=1
+ exglobal_atmos_products.sh[113]set_strict
+ environment[0][[ YES == \Y\E\S ]]
+ environment[1]set -eu
+ exglobal_atmos_products.sh[114][[ 1 == 0 ]]
+ exglobal_atmos_products.sh[117][[ 2 -eq 24 ]]
+ exglobal_atmos_products.sh[122]wgrib2 tmpfile_f003 -for 33:63 -grib tmpfile_f003_2
33:1734408:d=2021122100:ABSV:0.02 mb:3 hour fcst:
34:1809864:d=2021122100:O3MR:0.02 mb:3 hour fcst:
35:1880473:d=2021122100:HGT:0.04 mb:3 hour fcst:
36:1951318:d=2021122100:TMP:0.04 mb:3 hour fcst:
37:2021463:d=2021122100:RH:0.04 mb:3 hour fcst:
38:2046308:d=2021122100:SPFH:0.04 mb:3 hour fcst:
39:2105320:d=2021122100:VVEL:0.04 mb:3 hour fcst:
40:2197189:d=2021122100:DZDT:0.04 mb:3 hour fcst:
41:2313925:d=2021122100:UGRD:0.04 mb:3 hour fcst:
42:2363736:d=2021122100:VGRD:0.04 mb:3 hour fcst:
43:2408633:d=2021122100:ABSV:0.04 mb:3 hour fcst:
44:2484833:d=2021122100:O3MR:0.04 mb:3 hour fcst:
45:2557407:d=2021122100:HGT:0.07 mb:3 hour fcst:
46:2625710:d=2021122100:TMP:0.07 mb:3 hour fcst:
47:2694202:d=2021122100:RH:0.07 mb:3 hour fcst:
48:2715436:d=2021122100:SPFH:0.07 mb:3 hour fcst:
49:2775857:d=2021122100:VVEL:0.07 mb:3 hour fcst:
50:2872309:d=2021122100:DZDT:0.07 mb:3 hour fcst:
51:2982476:d=2021122100:UGRD:0.07 mb:3 hour fcst:
52:3031769:d=2021122100:VGRD:0.07 mb:3 hour fcst:
53:3077358:d=2021122100:ABSV:0.07 mb:3 hour fcst:
54:3152899:d=2021122100:O3MR:0.07 mb:3 hour fcst:
55:3208677:d=2021122100:HGT:0.1 mb:3 hour fcst:
56:3276231:d=2021122100:TMP:0.1 mb:3 hour fcst:
57:3342136:d=2021122100:RH:0.1 mb:3 hour fcst:
58:3360366:d=2021122100:SPFH:0.1 mb:3 hour fcst:
59:3423969:d=2021122100:VVEL:0.1 mb:3 hour fcst:
60:3522582:d=2021122100:DZDT:0.1 mb:3 hour fcst:
61:3633613:d=2021122100:UGRD:0.1 mb:3 hour fcst:
62:3681735:d=2021122100:VGRD:0.1 mb:3 hour fcst:
63:3724904:d=2021122100:ABSV:0.1 mb:3 hour fcst:
+ exglobal_atmos_products.sh[122]true
+ exglobal_atmos_products.sh[123]export err=0
+ exglobal_atmos_products.sh[123]err=0
+ exglobal_atmos_products.sh[124][[ 0 -ne 0 ]]
+ exglobal_atmos_products.sh[127]input_file=tmpfile_f003_2
+ exglobal_atmos_products.sh[128]output_file_prefix=pgb2file_f003_2
+ exglobal_atmos_products.sh[129]echo '/work2/noaa/global/mterry/global-workflow_forked/ush/interp_atmos_master.sh tmpfile_f003_2 pgb2file_f003_2 0p25:0p50:1p00'
+ exglobal_atmos_products.sh[133][[ 63 -eq 753 ]]
+ exglobal_atmos_products.sh[134](( iproc++  ))
+ exglobal_atmos_products.sh[134](( iproc <= nproc  ))
+ exglobal_atmos_products.sh[100]first=64
+ exglobal_atmos_products.sh[101]last=94
+ exglobal_atmos_products.sh[102][[ 94 -gt 753 ]]
+ exglobal_atmos_products.sh[109]set +e
+ exglobal_atmos_products.sh[111]wgrib2 -d 94 tmpfile_f003
+ exglobal_atmos_products.sh[111]grep -E -i 'ugrd|ustm|uflx|u-gwd|land|maxuw'
+ exglobal_atmos_products.sh[112]rc=1
+ exglobal_atmos_products.sh[113]set_strict
+ environment[0][[ YES == \Y\E\S ]]
+ environment[1]set -eu
+ exglobal_atmos_products.sh[114][[ 1 == 0 ]]
+ exglobal_atmos_products.sh[117][[ 3 -eq 24 ]]
+ exglobal_atmos_products.sh[122]wgrib2 tmpfile_f003 -for 64:94 -grib tmpfile_f003_3
64:3799103:d=2021122100:O3MR:0.1 mb:3 hour fcst:
65:3866158:d=2021122100:HGT:0.2 mb:3 hour fcst:
66:3932058:d=2021122100:TMP:0.2 mb:3 hour fcst:
67:3995771:d=2021122100:RH:0.2 mb:3 hour fcst:
68:4018686:d=2021122100:SPFH:0.2 mb:3 hour fcst:
69:4086437:d=2021122100:VVEL:0.2 mb:3 hour fcst:
70:4190833:d=2021122100:DZDT:0.2 mb:3 hour fcst:
71:4284823:d=2021122100:UGRD:0.2 mb:3 hour fcst:
72:4330613:d=2021122100:VGRD:0.2 mb:3 hour fcst:
73:4370923:d=2021122100:ABSV:0.2 mb:3 hour fcst:
74:4442083:d=2021122100:O3MR:0.2 mb:3 hour fcst:
75:4516111:d=2021122100:HGT:0.4 mb:3 hour fcst:
76:4580157:d=2021122100:TMP:0.4 mb:3 hour fcst:
77:4643464:d=2021122100:RH:0.4 mb:3 hour fcst:
78:4662665:d=2021122100:SPFH:0.4 mb:3 hour fcst:
79:4732012:d=2021122100:VVEL:0.4 mb:3 hour fcst:
80:4843484:d=2021122100:DZDT:0.4 mb:3 hour fcst:
81:4950799:d=2021122100:UGRD:0.4 mb:3 hour fcst:
82:4994817:d=2021122100:VGRD:0.4 mb:3 hour fcst:
83:5034283:d=2021122100:ABSV:0.4 mb:3 hour fcst:
84:5102747:d=2021122100:O3MR:0.4 mb:3 hour fcst:
85:5182528:d=2021122100:HGT:0.7 mb:3 hour fcst:
86:5245102:d=2021122100:TMP:0.7 mb:3 hour fcst:
87:5307914:d=2021122100:RH:0.7 mb:3 hour fcst:
88:5328804:d=2021122100:SPFH:0.7 mb:3 hour fcst:
89:5396594:d=2021122100:VVEL:0.7 mb:3 hour fcst:
90:5512135:d=2021122100:DZDT:0.7 mb:3 hour fcst:
91:5611581:d=2021122100:UGRD:0.7 mb:3 hour fcst:
92:5654081:d=2021122100:VGRD:0.7 mb:3 hour fcst:
93:5691344:d=2021122100:ABSV:0.7 mb:3 hour fcst:
94:5757494:d=2021122100:O3MR:0.7 mb:3 hour fcst:
+ exglobal_atmos_products.sh[122]true
+ exglobal_atmos_products.sh[123]export err=0
+ exglobal_atmos_products.sh[123]err=0
+ exglobal_atmos_products.sh[124][[ 0 -ne 0 ]]
+ exglobal_atmos_products.sh[127]input_file=tmpfile_f003_3
+ exglobal_atmos_products.sh[128]output_file_prefix=pgb2file_f003_3
+ exglobal_atmos_products.sh[129]echo '/work2/noaa/global/mterry/global-workflow_forked/ush/interp_atmos_master.sh tmpfile_f003_3 pgb2file_f003_3 0p25:0p50:1p00'
+ exglobal_atmos_products.sh[133][[ 94 -eq 753 ]]
+ exglobal_atmos_products.sh[134](( iproc++  ))
+ exglobal_atmos_products.sh[134](( iproc <= nproc  ))
+ exglobal_atmos_products.sh[100]first=95
+ exglobal_atmos_products.sh[101]last=125
+ exglobal_atmos_products.sh[102][[ 125 -gt 753 ]]
+ exglobal_atmos_products.sh[109]set +e
+ exglobal_atmos_products.sh[111]wgrib2 -d 125 tmpfile_f003
+ exglobal_atmos_products.sh[111]grep -E -i 'ugrd|ustm|uflx|u-gwd|land|maxuw'
+ exglobal_atmos_products.sh[112]rc=1
+ exglobal_atmos_products.sh[113]set_strict
+ environment[0][[ YES == \Y\E\S ]]
+ environment[1]set -eu
+ exglobal_atmos_products.sh[114][[ 1 == 0 ]]
+ exglobal_atmos_products.sh[117][[ 4 -eq 24 ]]
+ exglobal_atmos_products.sh[122]wgrib2 tmpfile_f003 -for 95:125 -grib tmpfile_f003_4
95:5841629:d=2021122100:HGT:1 mb:3 hour fcst:
96:5903416:d=2021122100:TMP:1 mb:3 hour fcst:
97:5965449:d=2021122100:RH:1 mb:3 hour fcst:
98:5976352:d=2021122100:SPFH:1 mb:3 hour fcst:
99:6043396:d=2021122100:VVEL:1 mb:3 hour fcst:
100:6151965:d=2021122100:DZDT:1 mb:3 hour fcst:
101:6266952:d=2021122100:UGRD:1 mb:3 hour fcst:
102:6308798:d=2021122100:VGRD:1 mb:3 hour fcst:
103:6345317:d=2021122100:ABSV:1 mb:3 hour fcst:
104:6410742:d=2021122100:O3MR:1 mb:3 hour fcst:
105:6497691:d=2021122100:HGT:2 mb:3 hour fcst:
106:6555737:d=2021122100:TMP:2 mb:3 hour fcst:
107:6618837:d=2021122100:RH:2 mb:3 hour fcst:
108:6638251:d=2021122100:SPFH:2 mb:3 hour fcst:
109:6704182:d=2021122100:VVEL:2 mb:3 hour fcst:
110:6797555:d=2021122100:DZDT:2 mb:3 hour fcst:
111:6913179:d=2021122100:UGRD:2 mb:3 hour fcst:
112:6953939:d=2021122100:VGRD:2 mb:3 hour fcst:
113:6990544:d=2021122100:ABSV:2 mb:3 hour fcst:
114:7058310:d=2021122100:O3MR:2 mb:3 hour fcst:
115:7138233:d=2021122100:HGT:3 mb:3 hour fcst:
116:7194791:d=2021122100:TMP:3 mb:3 hour fcst:
117:7256296:d=2021122100:RH:3 mb:3 hour fcst:
118:7267958:d=2021122100:SPFH:3 mb:3 hour fcst:
119:7339829:d=2021122100:VVEL:3 mb:3 hour fcst:
120:7436435:d=2021122100:DZDT:3 mb:3 hour fcst:
121:7549572:d=2021122100:UGRD:3 mb:3 hour fcst:
122:7589257:d=2021122100:VGRD:3 mb:3 hour fcst:
123:7624845:d=2021122100:ABSV:3 mb:3 hour fcst:
124:7692246:d=2021122100:O3MR:3 mb:3 hour fcst:
125:7770030:d=2021122100:HGT:5 mb:3 hour fcst:
+ exglobal_atmos_products.sh[122]true
+ exglobal_atmos_products.sh[123]export err=0
+ exglobal_atmos_products.sh[123]err=0
+ exglobal_atmos_products.sh[124][[ 0 -ne 0 ]]
+ exglobal_atmos_products.sh[127]input_file=tmpfile_f003_4
+ exglobal_atmos_products.sh[128]output_file_prefix=pgb2file_f003_4
+ exglobal_atmos_products.sh[129]echo '/work2/noaa/global/mterry/global-workflow_forked/ush/interp_atmos_master.sh tmpfile_f003_4 pgb2file_f003_4 0p25:0p50:1p00'
+ exglobal_atmos_products.sh[133][[ 125 -eq 753 ]]
+ exglobal_atmos_products.sh[134](( iproc++  ))
+ exglobal_atmos_products.sh[134](( iproc <= nproc  ))
+ exglobal_atmos_products.sh[100]first=126
+ exglobal_atmos_products.sh[101]last=156
+ exglobal_atmos_products.sh[102][[ 156 -gt 753 ]]
+ exglobal_atmos_products.sh[109]set +e
+ exglobal_atmos_products.sh[111]wgrib2 -d 156 tmpfile_f003
+ exglobal_atmos_products.sh[111]grep -E -i 'ugrd|ustm|uflx|u-gwd|land|maxuw'
+ exglobal_atmos_products.sh[112]rc=1
+ exglobal_atmos_products.sh[113]set_strict
+ environment[0][[ YES == \Y\E\S ]]
+ environment[1]set -eu
+ exglobal_atmos_products.sh[114][[ 1 == 0 ]]
+ exglobal_atmos_products.sh[117][[ 5 -eq 24 ]]
+ exglobal_atmos_products.sh[122]wgrib2 tmpfile_f003 -for 126:156 -grib tmpfile_f003_5
126:7833542:d=2021122100:TMP:5 mb:3 hour fcst:
127:7895712:d=2021122100:RH:5 mb:3 hour fcst:
128:7903783:d=2021122100:SPFH:5 mb:3 hour fcst:
129:7965687:d=2021122100:VVEL:5 mb:3 hour fcst:
130:8067133:d=2021122100:DZDT:5 mb:3 hour fcst:
131:8177804:d=2021122100:UGRD:5 mb:3 hour fcst:
132:8218268:d=2021122100:VGRD:5 mb:3 hour fcst:
133:8256005:d=2021122100:ABSV:5 mb:3 hour fcst:
134:8326662:d=2021122100:O3MR:5 mb:3 hour fcst:
135:8407460:d=2021122100:HGT:7 mb:3 hour fcst:
136:8469861:d=2021122100:TMP:7 mb:3 hour fcst:
137:8531174:d=2021122100:RH:7 mb:3 hour fcst:
138:8543387:d=2021122100:SPFH:7 mb:3 hour fcst:
139:8594495:d=2021122100:VVEL:7 mb:3 hour fcst:
140:8699304:d=2021122100:DZDT:7 mb:3 hour fcst:
141:8807660:d=2021122100:UGRD:7 mb:3 hour fcst:
142:8847338:d=2021122100:VGRD:7 mb:3 hour fcst:
143:8884919:d=2021122100:ABSV:7 mb:3 hour fcst:
144:8955775:d=2021122100:O3MR:7 mb:3 hour fcst:
145:9037614:d=2021122100:HGT:10 mb:3 hour fcst:
146:9099109:d=2021122100:TMP:10 mb:3 hour fcst:
147:9159306:d=2021122100:RH:10 mb:3 hour fcst:
148:9165757:d=2021122100:SPFH:10 mb:3 hour fcst:
149:9217210:d=2021122100:VVEL:10 mb:3 hour fcst:
150:9326309:d=2021122100:DZDT:10 mb:3 hour fcst:
151:9434904:d=2021122100:UGRD:10 mb:3 hour fcst:
152:9475108:d=2021122100:VGRD:10 mb:3 hour fcst:
153:9513346:d=2021122100:ABSV:10 mb:3 hour fcst:
154:9585573:d=2021122100:O3MR:10 mb:3 hour fcst:
155:9671781:d=2021122100:HGT:15 mb:3 hour fcst:
156:9731555:d=2021122100:TMP:15 mb:3 hour fcst:
+ exglobal_atmos_products.sh[122]true
+ exglobal_atmos_products.sh[123]export err=0
+ exglobal_atmos_products.sh[123]err=0
+ exglobal_atmos_products.sh[124][[ 0 -ne 0 ]]
+ exglobal_atmos_products.sh[127]input_file=tmpfile_f003_5
+ exglobal_atmos_products.sh[128]output_file_prefix=pgb2file_f003_5
+ exglobal_atmos_products.sh[129]echo '/work2/noaa/global/mterry/global-workflow_forked/ush/interp_atmos_master.sh tmpfile_f003_5 pgb2file_f003_5 0p25:0p50:1p00'
+ exglobal_atmos_products.sh[133][[ 156 -eq 753 ]]
+ exglobal_atmos_products.sh[134](( iproc++  ))
+ exglobal_atmos_products.sh[134](( iproc <= nproc  ))
+ exglobal_atmos_products.sh[100]first=157
+ exglobal_atmos_products.sh[101]last=187
+ exglobal_atmos_products.sh[102][[ 187 -gt 753 ]]
+ exglobal_atmos_products.sh[109]set +e
+ exglobal_atmos_products.sh[111]wgrib2 -d 187 tmpfile_f003
+ exglobal_atmos_products.sh[111]grep -E -i 'ugrd|ustm|uflx|u-gwd|land|maxuw'
+ exglobal_atmos_products.sh[112]rc=1
+ exglobal_atmos_products.sh[113]set_strict
+ environment[0][[ YES == \Y\E\S ]]
+ environment[1]set -eu
+ exglobal_atmos_products.sh[114][[ 1 == 0 ]]
+ exglobal_atmos_products.sh[117][[ 6 -eq 24 ]]
+ exglobal_atmos_products.sh[122]wgrib2 tmpfile_f003 -for 157:187 -grib tmpfile_f003_6
157:9791635:d=2021122100:RH:15 mb:3 hour fcst:
158:9801389:d=2021122100:SPFH:15 mb:3 hour fcst:
159:9856808:d=2021122100:VVEL:15 mb:3 hour fcst:
160:9971599:d=2021122100:DZDT:15 mb:3 hour fcst:
161:10078518:d=2021122100:UGRD:15 mb:3 hour fcst:
162:10119771:d=2021122100:VGRD:15 mb:3 hour fcst:
163:10158588:d=2021122100:ABSV:15 mb:3 hour fcst:
164:10231407:d=2021122100:O3MR:15 mb:3 hour fcst:
165:10321136:d=2021122100:HGT:20 mb:3 hour fcst:
166:10380158:d=2021122100:TMP:20 mb:3 hour fcst:
167:10440488:d=2021122100:RH:20 mb:3 hour fcst:
168:10451835:d=2021122100:SPFH:20 mb:3 hour fcst:
169:10511189:d=2021122100:VVEL:20 mb:3 hour fcst:
170:10629265:d=2021122100:DZDT:20 mb:3 hour fcst:
171:10736024:d=2021122100:UGRD:20 mb:3 hour fcst:
172:10776093:d=2021122100:VGRD:20 mb:3 hour fcst:
173:10814128:d=2021122100:ABSV:20 mb:3 hour fcst:
174:10884885:d=2021122100:O3MR:20 mb:3 hour fcst:
175:10985621:d=2021122100:HGT:30 mb:3 hour fcst:
176:11052729:d=2021122100:TMP:30 mb:3 hour fcst:
177:11111577:d=2021122100:RH:30 mb:3 hour fcst:
178:11128217:d=2021122100:SPFH:30 mb:3 hour fcst:
179:11197436:d=2021122100:VVEL:30 mb:3 hour fcst:
180:11309409:d=2021122100:DZDT:30 mb:3 hour fcst:
181:11413472:d=2021122100:UGRD:30 mb:3 hour fcst:
182:11480650:d=2021122100:VGRD:30 mb:3 hour fcst:
183:11545729:d=2021122100:ABSV:30 mb:3 hour fcst:
184:11614457:d=2021122100:O3MR:30 mb:3 hour fcst:
185:11715725:d=2021122100:HGT:40 mb:3 hour fcst:
186:11782011:d=2021122100:TMP:40 mb:3 hour fcst:
187:11841999:d=2021122100:RH:40 mb:3 hour fcst:
+ exglobal_atmos_products.sh[122]true
+ exglobal_atmos_products.sh[123]export err=0
+ exglobal_atmos_products.sh[123]err=0
+ exglobal_atmos_products.sh[124][[ 0 -ne 0 ]]
+ exglobal_atmos_products.sh[127]input_file=tmpfile_f003_6
+ exglobal_atmos_products.sh[128]output_file_prefix=pgb2file_f003_6
+ exglobal_atmos_products.sh[129]echo '/work2/noaa/global/mterry/global-workflow_forked/ush/interp_atmos_master.sh tmpfile_f003_6 pgb2file_f003_6 0p25:0p50:1p00'
+ exglobal_atmos_products.sh[133][[ 187 -eq 753 ]]
+ exglobal_atmos_products.sh[134](( iproc++  ))
+ exglobal_atmos_products.sh[134](( iproc <= nproc  ))
+ exglobal_atmos_products.sh[100]first=188
+ exglobal_atmos_products.sh[101]last=218
+ exglobal_atmos_products.sh[102][[ 218 -gt 753 ]]
+ exglobal_atmos_products.sh[109]set +e
+ exglobal_atmos_products.sh[111]wgrib2 -d 218 tmpfile_f003
+ exglobal_atmos_products.sh[111]grep -E -i 'ugrd|ustm|uflx|u-gwd|land|maxuw'
+ exglobal_atmos_products.sh[112]rc=1
+ exglobal_atmos_products.sh[113]set_strict
+ environment[0][[ YES == \Y\E\S ]]
+ environment[1]set -eu
+ exglobal_atmos_products.sh[114][[ 1 == 0 ]]
+ exglobal_atmos_products.sh[117][[ 7 -eq 24 ]]
+ exglobal_atmos_products.sh[122]wgrib2 tmpfile_f003 -for 188:218 -grib tmpfile_f003_7
188:11861671:d=2021122100:SPFH:40 mb:3 hour fcst:
189:11933196:d=2021122100:VVEL:40 mb:3 hour fcst:
190:12025912:d=2021122100:DZDT:40 mb:3 hour fcst:
191:12129470:d=2021122100:UGRD:40 mb:3 hour fcst:
192:12197863:d=2021122100:VGRD:40 mb:3 hour fcst:
193:12264519:d=2021122100:ABSV:40 mb:3 hour fcst:
194:12335436:d=2021122100:O3MR:40 mb:3 hour fcst:
195:12438552:d=2021122100:HGT:50 mb:3 hour fcst:
196:12505011:d=2021122100:TMP:50 mb:3 hour fcst:
197:12564708:d=2021122100:RH:50 mb:3 hour fcst:
198:12586147:d=2021122100:TCDC:50 mb:3 hour fcst:
199:12586326:d=2021122100:SPFH:50 mb:3 hour fcst:
200:12659471:d=2021122100:VVEL:50 mb:3 hour fcst:
201:12754369:d=2021122100:DZDT:50 mb:3 hour fcst:
202:12856757:d=2021122100:UGRD:50 mb:3 hour fcst:
203:12924997:d=2021122100:VGRD:50 mb:3 hour fcst:
204:12991722:d=2021122100:ABSV:50 mb:3 hour fcst:
205:13063237:d=2021122100:CLMR:50 mb:3 hour fcst:
206:13063416:d=2021122100:ICMR:50 mb:3 hour fcst:
207:13063595:d=2021122100:RWMR:50 mb:3 hour fcst:
208:13063774:d=2021122100:SNMR:50 mb:3 hour fcst:
209:13063953:d=2021122100:GRLE:50 mb:3 hour fcst:
210:13064132:d=2021122100:O3MR:50 mb:3 hour fcst:
211:13165227:d=2021122100:HGT:70 mb:3 hour fcst:
212:13231957:d=2021122100:TMP:70 mb:3 hour fcst:
213:13293807:d=2021122100:RH:70 mb:3 hour fcst:
214:13324773:d=2021122100:SPFH:70 mb:3 hour fcst:
215:13402880:d=2021122100:VVEL:70 mb:3 hour fcst:
216:13501108:d=2021122100:DZDT:70 mb:3 hour fcst:
217:13602516:d=2021122100:UGRD:70 mb:3 hour fcst:
218:13672243:d=2021122100:VGRD:70 mb:3 hour fcst:
+ exglobal_atmos_products.sh[122]true
+ exglobal_atmos_products.sh[123]export err=0
+ exglobal_atmos_products.sh[123]err=0
+ exglobal_atmos_products.sh[124][[ 0 -ne 0 ]]
+ exglobal_atmos_products.sh[127]input_file=tmpfile_f003_7
+ exglobal_atmos_products.sh[128]output_file_prefix=pgb2file_f003_7
+ exglobal_atmos_products.sh[129]echo '/work2/noaa/global/mterry/global-workflow_forked/ush/interp_atmos_master.sh tmpfile_f003_7 pgb2file_f003_7 0p25:0p50:1p00'
+ exglobal_atmos_products.sh[133][[ 218 -eq 753 ]]
+ exglobal_atmos_products.sh[134](( iproc++  ))
+ exglobal_atmos_products.sh[134](( iproc <= nproc  ))
+ exglobal_atmos_products.sh[100]first=219
+ exglobal_atmos_products.sh[101]last=249
+ exglobal_atmos_products.sh[102][[ 249 -gt 753 ]]
+ exglobal_atmos_products.sh[109]set +e
+ exglobal_atmos_products.sh[111]wgrib2 -d 249 tmpfile_f003
+ exglobal_atmos_products.sh[111]grep -E -i 'ugrd|ustm|uflx|u-gwd|land|maxuw'
+ exglobal_atmos_products.sh[112]rc=1
+ exglobal_atmos_products.sh[113]set_strict
+ environment[0][[ YES == \Y\E\S ]]
+ environment[1]set -eu
+ exglobal_atmos_products.sh[114][[ 1 == 0 ]]
+ exglobal_atmos_products.sh[117][[ 8 -eq 24 ]]
+ exglobal_atmos_products.sh[122]wgrib2 tmpfile_f003 -for 219:249 -grib tmpfile_f003_8
219:13741439:d=2021122100:ABSV:70 mb:3 hour fcst:
220:13815566:d=2021122100:O3MR:70 mb:3 hour fcst:
221:13914966:d=2021122100:HGT:100 mb:3 hour fcst:
222:13982707:d=2021122100:TMP:100 mb:3 hour fcst:
223:14044829:d=2021122100:RH:100 mb:3 hour fcst:
224:14082099:d=2021122100:TCDC:100 mb:3 hour fcst:
225:14082502:d=2021122100:SPFH:100 mb:3 hour fcst:
226:14174629:d=2021122100:VVEL:100 mb:3 hour fcst:
227:14280049:d=2021122100:DZDT:100 mb:3 hour fcst:
228:14384099:d=2021122100:UGRD:100 mb:3 hour fcst:
229:14428090:d=2021122100:VGRD:100 mb:3 hour fcst:
230:14501091:d=2021122100:ABSV:100 mb:3 hour fcst:
231:14578488:d=2021122100:CLMR:100 mb:3 hour fcst:
232:14578667:d=2021122100:ICMR:100 mb:3 hour fcst:
233:14583422:d=2021122100:RWMR:100 mb:3 hour fcst:
234:14583601:d=2021122100:SNMR:100 mb:3 hour fcst:
235:14593539:d=2021122100:GRLE:100 mb:3 hour fcst:
236:14593990:d=2021122100:O3MR:100 mb:3 hour fcst:
237:14686176:d=2021122100:HGT:150 mb:3 hour fcst:
238:14755120:d=2021122100:TMP:150 mb:3 hour fcst:
239:14816168:d=2021122100:RH:150 mb:3 hour fcst:
240:14858277:d=2021122100:TCDC:150 mb:3 hour fcst:
241:14867544:d=2021122100:SPFH:150 mb:3 hour fcst:
242:14965810:d=2021122100:VVEL:150 mb:3 hour fcst:
243:15078748:d=2021122100:DZDT:150 mb:3 hour fcst:
244:15184947:d=2021122100:UGRD:150 mb:3 hour fcst:
245:15230258:d=2021122100:VGRD:150 mb:3 hour fcst:
246:15304194:d=2021122100:ABSV:150 mb:3 hour fcst:
247:15382410:d=2021122100:CLMR:150 mb:3 hour fcst:
248:15382589:d=2021122100:ICMR:150 mb:3 hour fcst:
249:15396870:d=2021122100:RWMR:150 mb:3 hour fcst:
+ exglobal_atmos_products.sh[122]true
+ exglobal_atmos_products.sh[123]export err=0
+ exglobal_atmos_products.sh[123]err=0
+ exglobal_atmos_products.sh[124][[ 0 -ne 0 ]]
+ exglobal_atmos_products.sh[127]input_file=tmpfile_f003_8
+ exglobal_atmos_products.sh[128]output_file_prefix=pgb2file_f003_8
+ exglobal_atmos_products.sh[129]echo '/work2/noaa/global/mterry/global-workflow_forked/ush/interp_atmos_master.sh tmpfile_f003_8 pgb2file_f003_8 0p25:0p50:1p00'
+ exglobal_atmos_products.sh[133][[ 249 -eq 753 ]]
+ exglobal_atmos_products.sh[134](( iproc++  ))
+ exglobal_atmos_products.sh[134](( iproc <= nproc  ))
+ exglobal_atmos_products.sh[100]first=250
+ exglobal_atmos_products.sh[101]last=280
+ exglobal_atmos_products.sh[102][[ 280 -gt 753 ]]
+ exglobal_atmos_products.sh[109]set +e
+ exglobal_atmos_products.sh[111]wgrib2 -d 280 tmpfile_f003
+ exglobal_atmos_products.sh[111]grep -E -i 'ugrd|ustm|uflx|u-gwd|land|maxuw'
+ exglobal_atmos_products.sh[112]rc=1
+ exglobal_atmos_products.sh[113]set_strict
+ environment[0][[ YES == \Y\E\S ]]
+ environment[1]set -eu
+ exglobal_atmos_products.sh[114][[ 1 == 0 ]]
+ exglobal_atmos_products.sh[117][[ 9 -eq 24 ]]
+ exglobal_atmos_products.sh[122]wgrib2 tmpfile_f003 -for 250:280 -grib tmpfile_f003_9
250:15397049:d=2021122100:SNMR:150 mb:3 hour fcst:
251:15405992:d=2021122100:GRLE:150 mb:3 hour fcst:
252:15407011:d=2021122100:O3MR:150 mb:3 hour fcst:
253:15487691:d=2021122100:HGT:200 mb:3 hour fcst:
254:15558722:d=2021122100:TMP:200 mb:3 hour fcst:
255:15622502:d=2021122100:RH:200 mb:3 hour fcst:
256:15677203:d=2021122100:TCDC:200 mb:3 hour fcst:
257:15699241:d=2021122100:SPFH:200 mb:3 hour fcst:
258:15792722:d=2021122100:VVEL:200 mb:3 hour fcst:
259:15902121:d=2021122100:DZDT:200 mb:3 hour fcst:
260:16010083:d=2021122100:UGRD:200 mb:3 hour fcst:
261:16056992:d=2021122100:VGRD:200 mb:3 hour fcst:
262:16104271:d=2021122100:ABSV:200 mb:3 hour fcst:
263:16185676:d=2021122100:CLMR:200 mb:3 hour fcst:
264:16185855:d=2021122100:ICMR:200 mb:3 hour fcst:
265:16213177:d=2021122100:RWMR:200 mb:3 hour fcst:
266:16213356:d=2021122100:SNMR:200 mb:3 hour fcst:
267:16229897:d=2021122100:GRLE:200 mb:3 hour fcst:
268:16232216:d=2021122100:O3MR:200 mb:3 hour fcst:
269:16328541:d=2021122100:HGT:250 mb:3 hour fcst:
270:16401544:d=2021122100:TMP:250 mb:3 hour fcst:
271:16466050:d=2021122100:RH:250 mb:3 hour fcst:
272:16529715:d=2021122100:TCDC:250 mb:3 hour fcst:
273:16560208:d=2021122100:SPFH:250 mb:3 hour fcst:
274:16655052:d=2021122100:VVEL:250 mb:3 hour fcst:
275:16747336:d=2021122100:DZDT:250 mb:3 hour fcst:
276:16857860:d=2021122100:UGRD:250 mb:3 hour fcst:
277:16907467:d=2021122100:VGRD:250 mb:3 hour fcst:
278:16957689:d=2021122100:ABSV:250 mb:3 hour fcst:
279:17043539:d=2021122100:CLMR:250 mb:3 hour fcst:
280:17043718:d=2021122100:ICMR:250 mb:3 hour fcst:
+ exglobal_atmos_products.sh[122]true
+ exglobal_atmos_products.sh[123]export err=0
+ exglobal_atmos_products.sh[123]err=0
+ exglobal_atmos_products.sh[124][[ 0 -ne 0 ]]
+ exglobal_atmos_products.sh[127]input_file=tmpfile_f003_9
+ exglobal_atmos_products.sh[128]output_file_prefix=pgb2file_f003_9
+ exglobal_atmos_products.sh[129]echo '/work2/noaa/global/mterry/global-workflow_forked/ush/interp_atmos_master.sh tmpfile_f003_9 pgb2file_f003_9 0p25:0p50:1p00'
+ exglobal_atmos_products.sh[133][[ 280 -eq 753 ]]
+ exglobal_atmos_products.sh[134](( iproc++  ))
+ exglobal_atmos_products.sh[134](( iproc <= nproc  ))
+ exglobal_atmos_products.sh[100]first=281
+ exglobal_atmos_products.sh[101]last=311
+ exglobal_atmos_products.sh[102][[ 311 -gt 753 ]]
+ exglobal_atmos_products.sh[109]set +e
+ exglobal_atmos_products.sh[111]wgrib2 -d 311 tmpfile_f003
+ exglobal_atmos_products.sh[111]grep -E -i 'ugrd|ustm|uflx|u-gwd|land|maxuw'
+ exglobal_atmos_products.sh[112]rc=1
+ exglobal_atmos_products.sh[113]set_strict
+ environment[0][[ YES == \Y\E\S ]]
+ environment[1]set -eu
+ exglobal_atmos_products.sh[114][[ 1 == 0 ]]
+ exglobal_atmos_products.sh[117][[ 10 -eq 24 ]]
+ exglobal_atmos_products.sh[122]wgrib2 tmpfile_f003 -for 281:311 -grib tmpfile_f003_10
281:17082408:d=2021122100:RWMR:250 mb:3 hour fcst:
282:17082587:d=2021122100:SNMR:250 mb:3 hour fcst:
283:17104658:d=2021122100:GRLE:250 mb:3 hour fcst:
284:17107373:d=2021122100:O3MR:250 mb:3 hour fcst:
285:17209306:d=2021122100:HGT:300 mb:3 hour fcst:
286:17283066:d=2021122100:TMP:300 mb:3 hour fcst:
287:17347489:d=2021122100:RH:300 mb:3 hour fcst:
288:17414905:d=2021122100:TCDC:300 mb:3 hour fcst:
289:17447837:d=2021122100:SPFH:300 mb:3 hour fcst:
290:17543164:d=2021122100:VVEL:300 mb:3 hour fcst:
291:17638812:d=2021122100:DZDT:300 mb:3 hour fcst:
292:17750575:d=2021122100:UGRD:300 mb:3 hour fcst:
293:17801467:d=2021122100:VGRD:300 mb:3 hour fcst:
294:17853820:d=2021122100:ABSV:300 mb:3 hour fcst:
295:17941959:d=2021122100:CLMR:300 mb:3 hour fcst:
296:17942138:d=2021122100:ICMR:300 mb:3 hour fcst:
297:17985607:d=2021122100:RWMR:300 mb:3 hour fcst:
298:17985786:d=2021122100:SNMR:300 mb:3 hour fcst:
299:18014183:d=2021122100:GRLE:300 mb:3 hour fcst:
300:18017417:d=2021122100:O3MR:300 mb:3 hour fcst:
301:18114635:d=2021122100:HGT:350 mb:3 hour fcst:
302:18187923:d=2021122100:TMP:350 mb:3 hour fcst:
303:18251627:d=2021122100:RH:350 mb:3 hour fcst:
304:18319730:d=2021122100:TCDC:350 mb:3 hour fcst:
305:18352260:d=2021122100:SPFH:350 mb:3 hour fcst:
306:18458543:d=2021122100:VVEL:350 mb:3 hour fcst:
307:18556075:d=2021122100:DZDT:350 mb:3 hour fcst:
308:18668074:d=2021122100:UGRD:350 mb:3 hour fcst:
309:18718490:d=2021122100:VGRD:350 mb:3 hour fcst:
310:18770551:d=2021122100:ABSV:350 mb:3 hour fcst:
311:18858492:d=2021122100:CLMR:350 mb:3 hour fcst:
+ exglobal_atmos_products.sh[122]true
+ exglobal_atmos_products.sh[123]export err=0
+ exglobal_atmos_products.sh[123]err=0
+ exglobal_atmos_products.sh[124][[ 0 -ne 0 ]]
+ exglobal_atmos_products.sh[127]input_file=tmpfile_f003_10
+ exglobal_atmos_products.sh[128]output_file_prefix=pgb2file_f003_10
+ exglobal_atmos_products.sh[129]echo '/work2/noaa/global/mterry/global-workflow_forked/ush/interp_atmos_master.sh tmpfile_f003_10 pgb2file_f003_10 0p25:0p50:1p00'
+ exglobal_atmos_products.sh[133][[ 311 -eq 753 ]]
+ exglobal_atmos_products.sh[134](( iproc++  ))
+ exglobal_atmos_products.sh[134](( iproc <= nproc  ))
+ exglobal_atmos_products.sh[100]first=312
+ exglobal_atmos_products.sh[101]last=342
+ exglobal_atmos_products.sh[102][[ 342 -gt 753 ]]
+ exglobal_atmos_products.sh[109]set +e
+ exglobal_atmos_products.sh[111]wgrib2 -d 342 tmpfile_f003
+ exglobal_atmos_products.sh[111]grep -E -i 'ugrd|ustm|uflx|u-gwd|land|maxuw'
+ exglobal_atmos_products.sh[112]rc=1
+ exglobal_atmos_products.sh[113]set_strict
+ environment[0][[ YES == \Y\E\S ]]
+ environment[1]set -eu
+ exglobal_atmos_products.sh[114][[ 1 == 0 ]]
+ exglobal_atmos_products.sh[117][[ 11 -eq 24 ]]
+ exglobal_atmos_products.sh[122]wgrib2 tmpfile_f003 -for 312:342 -grib tmpfile_f003_11
312:18858858:d=2021122100:ICMR:350 mb:3 hour fcst:
313:18903613:d=2021122100:RWMR:350 mb:3 hour fcst:
314:18903792:d=2021122100:SNMR:350 mb:3 hour fcst:
315:18938992:d=2021122100:GRLE:350 mb:3 hour fcst:
316:18942179:d=2021122100:O3MR:350 mb:3 hour fcst:
317:19035097:d=2021122100:HGT:400 mb:3 hour fcst:
318:19107669:d=2021122100:TMP:400 mb:3 hour fcst:
319:19171879:d=2021122100:RH:400 mb:3 hour fcst:
320:19241561:d=2021122100:TCDC:400 mb:3 hour fcst:
321:19273707:d=2021122100:SPFH:400 mb:3 hour fcst:
322:19378681:d=2021122100:VVEL:400 mb:3 hour fcst:
323:19477244:d=2021122100:DZDT:400 mb:3 hour fcst:
324:19588696:d=2021122100:UGRD:400 mb:3 hour fcst:
325:19637337:d=2021122100:VGRD:400 mb:3 hour fcst:
326:19688403:d=2021122100:ABSV:400 mb:3 hour fcst:
327:19775176:d=2021122100:CLMR:400 mb:3 hour fcst:
328:19776478:d=2021122100:ICMR:400 mb:3 hour fcst:
329:19820056:d=2021122100:RWMR:400 mb:3 hour fcst:
330:19820525:d=2021122100:SNMR:400 mb:3 hour fcst:
331:19855441:d=2021122100:GRLE:400 mb:3 hour fcst:
332:19858826:d=2021122100:O3MR:400 mb:3 hour fcst:
333:19949690:d=2021122100:HGT:450 mb:3 hour fcst:
334:20031107:d=2021122100:TMP:450 mb:3 hour fcst:
335:20095746:d=2021122100:RH:450 mb:3 hour fcst:
336:20165952:d=2021122100:TCDC:450 mb:3 hour fcst:
337:20196964:d=2021122100:SPFH:450 mb:3 hour fcst:
338:20298820:d=2021122100:VVEL:450 mb:3 hour fcst:
339:20398526:d=2021122100:DZDT:450 mb:3 hour fcst:
340:20509270:d=2021122100:UGRD:450 mb:3 hour fcst:
341:20556716:d=2021122100:VGRD:450 mb:3 hour fcst:
342:20606627:d=2021122100:ABSV:450 mb:3 hour fcst:
+ exglobal_atmos_products.sh[122]true
+ exglobal_atmos_products.sh[123]export err=0
+ exglobal_atmos_products.sh[123]err=0
+ exglobal_atmos_products.sh[124][[ 0 -ne 0 ]]
+ exglobal_atmos_products.sh[127]input_file=tmpfile_f003_11
+ exglobal_atmos_products.sh[128]output_file_prefix=pgb2file_f003_11
+ exglobal_atmos_products.sh[129]echo '/work2/noaa/global/mterry/global-workflow_forked/ush/interp_atmos_master.sh tmpfile_f003_11 pgb2file_f003_11 0p25:0p50:1p00'
+ exglobal_atmos_products.sh[133][[ 342 -eq 753 ]]
+ exglobal_atmos_products.sh[134](( iproc++  ))
+ exglobal_atmos_products.sh[134](( iproc <= nproc  ))
+ exglobal_atmos_products.sh[100]first=343
+ exglobal_atmos_products.sh[101]last=373
+ exglobal_atmos_products.sh[102][[ 373 -gt 753 ]]
+ exglobal_atmos_products.sh[109]set +e
+ exglobal_atmos_products.sh[111]wgrib2 -d 373 tmpfile_f003
+ exglobal_atmos_products.sh[111]grep -E -i 'ugrd|ustm|uflx|u-gwd|land|maxuw'
+ exglobal_atmos_products.sh[112]rc=1
+ exglobal_atmos_products.sh[113]set_strict
+ environment[0][[ YES == \Y\E\S ]]
+ environment[1]set -eu
+ exglobal_atmos_products.sh[114][[ 1 == 0 ]]
+ exglobal_atmos_products.sh[117][[ 12 -eq 24 ]]
+ exglobal_atmos_products.sh[122]wgrib2 tmpfile_f003 -for 343:373 -grib tmpfile_f003_12
343:20691970:d=2021122100:CLMR:450 mb:3 hour fcst:
344:20695261:d=2021122100:ICMR:450 mb:3 hour fcst:
345:20736537:d=2021122100:RWMR:450 mb:3 hour fcst:
346:20737718:d=2021122100:SNMR:450 mb:3 hour fcst:
347:20774427:d=2021122100:GRLE:450 mb:3 hour fcst:
348:20777740:d=2021122100:O3MR:450 mb:3 hour fcst:
349:20866028:d=2021122100:HGT:500 mb:3 hour fcst:
350:20947402:d=2021122100:TMP:500 mb:3 hour fcst:
351:21012211:d=2021122100:RH:500 mb:3 hour fcst:
352:21082757:d=2021122100:TCDC:500 mb:3 hour fcst:
353:21113058:d=2021122100:SPFH:500 mb:3 hour fcst:
354:21219544:d=2021122100:VVEL:500 mb:3 hour fcst:
355:21319679:d=2021122100:DZDT:500 mb:3 hour fcst:
356:21429804:d=2021122100:UGRD:500 mb:3 hour fcst:
357:21506675:d=2021122100:VGRD:500 mb:3 hour fcst:
358:21584506:d=2021122100:ABSV:500 mb:3 hour fcst:
359:21668417:d=2021122100:CLMR:500 mb:3 hour fcst:
360:21674612:d=2021122100:ICMR:500 mb:3 hour fcst:
361:21717125:d=2021122100:RWMR:500 mb:3 hour fcst:
362:21719671:d=2021122100:SNMR:500 mb:3 hour fcst:
363:21757066:d=2021122100:GRLE:500 mb:3 hour fcst:
364:21759988:d=2021122100:O3MR:500 mb:3 hour fcst:
365:21869082:d=2021122100:HGT:550 mb:3 hour fcst:
366:21950077:d=2021122100:TMP:550 mb:3 hour fcst:
367:22014977:d=2021122100:RH:550 mb:3 hour fcst:
368:22085893:d=2021122100:TCDC:550 mb:3 hour fcst:
369:22116167:d=2021122100:SPFH:550 mb:3 hour fcst:
370:22226993:d=2021122100:VVEL:550 mb:3 hour fcst:
371:22327514:d=2021122100:DZDT:550 mb:3 hour fcst:
372:22426727:d=2021122100:UGRD:550 mb:3 hour fcst:
373:22501920:d=2021122100:VGRD:550 mb:3 hour fcst:
+ exglobal_atmos_products.sh[122]true
+ exglobal_atmos_products.sh[123]export err=0
+ exglobal_atmos_products.sh[123]err=0
+ exglobal_atmos_products.sh[124][[ 0 -ne 0 ]]
+ exglobal_atmos_products.sh[127]input_file=tmpfile_f003_12
+ exglobal_atmos_products.sh[128]output_file_prefix=pgb2file_f003_12
+ exglobal_atmos_products.sh[129]echo '/work2/noaa/global/mterry/global-workflow_forked/ush/interp_atmos_master.sh tmpfile_f003_12 pgb2file_f003_12 0p25:0p50:1p00'
+ exglobal_atmos_products.sh[133][[ 373 -eq 753 ]]
+ exglobal_atmos_products.sh[134](( iproc++  ))
+ exglobal_atmos_products.sh[134](( iproc <= nproc  ))
+ exglobal_atmos_products.sh[100]first=374
+ exglobal_atmos_products.sh[101]last=404
+ exglobal_atmos_products.sh[102][[ 404 -gt 753 ]]
+ exglobal_atmos_products.sh[109]set +e
+ exglobal_atmos_products.sh[111]wgrib2 -d 404 tmpfile_f003
+ exglobal_atmos_products.sh[111]grep -E -i 'ugrd|ustm|uflx|u-gwd|land|maxuw'
404:24413963:d=2021122100:UGRD:650 mb:3 hour fcst:
+ exglobal_atmos_products.sh[112]rc=0
+ exglobal_atmos_products.sh[113]set_strict
+ environment[0][[ YES == \Y\E\S ]]
+ environment[1]set -eu
+ exglobal_atmos_products.sh[114][[ 0 == 0 ]]
+ exglobal_atmos_products.sh[115]last=405
+ exglobal_atmos_products.sh[117][[ 13 -eq 24 ]]
+ exglobal_atmos_products.sh[122]wgrib2 tmpfile_f003 -for 374:405 -grib tmpfile_f003_13
374:22579628:d=2021122100:ABSV:550 mb:3 hour fcst:
375:22662735:d=2021122100:CLMR:550 mb:3 hour fcst:
376:22673025:d=2021122100:ICMR:550 mb:3 hour fcst:
377:22711950:d=2021122100:RWMR:550 mb:3 hour fcst:
378:22716246:d=2021122100:SNMR:550 mb:3 hour fcst:
379:22752921:d=2021122100:GRLE:550 mb:3 hour fcst:
380:22756545:d=2021122100:O3MR:550 mb:3 hour fcst:
381:22864718:d=2021122100:HGT:600 mb:3 hour fcst:
382:22945530:d=2021122100:TMP:600 mb:3 hour fcst:
383:23011357:d=2021122100:RH:600 mb:3 hour fcst:
384:23082801:d=2021122100:TCDC:600 mb:3 hour fcst:
385:23112200:d=2021122100:SPFH:600 mb:3 hour fcst:
386:23226280:d=2021122100:VVEL:600 mb:3 hour fcst:
387:23326862:d=2021122100:DZDT:600 mb:3 hour fcst:
388:23425418:d=2021122100:UGRD:600 mb:3 hour fcst:
389:23500992:d=2021122100:VGRD:600 mb:3 hour fcst:
390:23577402:d=2021122100:ABSV:600 mb:3 hour fcst:
391:23659876:d=2021122100:CLMR:600 mb:3 hour fcst:
392:23671866:d=2021122100:ICMR:600 mb:3 hour fcst:
393:23705314:d=2021122100:RWMR:600 mb:3 hour fcst:
394:23713586:d=2021122100:SNMR:600 mb:3 hour fcst:
395:23750048:d=2021122100:GRLE:600 mb:3 hour fcst:
396:23755055:d=2021122100:O3MR:600 mb:3 hour fcst:
397:23860082:d=2021122100:HGT:650 mb:3 hour fcst:
398:23940613:d=2021122100:TMP:650 mb:3 hour fcst:
399:24007093:d=2021122100:RH:650 mb:3 hour fcst:
400:24078800:d=2021122100:TCDC:650 mb:3 hour fcst:
401:24107988:d=2021122100:SPFH:650 mb:3 hour fcst:
402:24214866:d=2021122100:VVEL:650 mb:3 hour fcst:
403:24315776:d=2021122100:DZDT:650 mb:3 hour fcst:
404:24413963:d=2021122100:UGRD:650 mb:3 hour fcst:
405:24489391:d=2021122100:VGRD:650 mb:3 hour fcst:
+ exglobal_atmos_products.sh[122]true
+ exglobal_atmos_products.sh[123]export err=0
+ exglobal_atmos_products.sh[123]err=0
+ exglobal_atmos_products.sh[124][[ 0 -ne 0 ]]
+ exglobal_atmos_products.sh[127]input_file=tmpfile_f003_13
+ exglobal_atmos_products.sh[128]output_file_prefix=pgb2file_f003_13
+ exglobal_atmos_products.sh[129]echo '/work2/noaa/global/mterry/global-workflow_forked/ush/interp_atmos_master.sh tmpfile_f003_13 pgb2file_f003_13 0p25:0p50:1p00'
+ exglobal_atmos_products.sh[133][[ 405 -eq 753 ]]
+ exglobal_atmos_products.sh[134](( iproc++  ))
+ exglobal_atmos_products.sh[134](( iproc <= nproc  ))
+ exglobal_atmos_products.sh[100]first=406
+ exglobal_atmos_products.sh[101]last=436
+ exglobal_atmos_products.sh[102][[ 436 -gt 753 ]]
+ exglobal_atmos_products.sh[109]set +e
+ exglobal_atmos_products.sh[111]wgrib2 -d 436 tmpfile_f003
+ exglobal_atmos_products.sh[111]grep -E -i 'ugrd|ustm|uflx|u-gwd|land|maxuw'
436:26417536:d=2021122100:UGRD:750 mb:3 hour fcst:
+ exglobal_atmos_products.sh[112]rc=0
+ exglobal_atmos_products.sh[113]set_strict
+ environment[0][[ YES == \Y\E\S ]]
+ environment[1]set -eu
+ exglobal_atmos_products.sh[114][[ 0 == 0 ]]
+ exglobal_atmos_products.sh[115]last=437
+ exglobal_atmos_products.sh[117][[ 14 -eq 24 ]]
+ exglobal_atmos_products.sh[122]wgrib2 tmpfile_f003 -for 406:437 -grib tmpfile_f003_14
406:24565883:d=2021122100:ABSV:650 mb:3 hour fcst:
407:24648516:d=2021122100:CLMR:650 mb:3 hour fcst:
408:24663160:d=2021122100:ICMR:650 mb:3 hour fcst:
409:24695499:d=2021122100:RWMR:650 mb:3 hour fcst:
410:24706033:d=2021122100:SNMR:650 mb:3 hour fcst:
411:24740978:d=2021122100:GRLE:650 mb:3 hour fcst:
412:24746018:d=2021122100:O3MR:650 mb:3 hour fcst:
413:24849217:d=2021122100:HGT:700 mb:3 hour fcst:
414:24933580:d=2021122100:TMP:700 mb:3 hour fcst:
415:25000771:d=2021122100:RH:700 mb:3 hour fcst:
416:25072975:d=2021122100:TCDC:700 mb:3 hour fcst:
417:25102480:d=2021122100:SPFH:700 mb:3 hour fcst:
418:25209137:d=2021122100:VVEL:700 mb:3 hour fcst:
419:25310733:d=2021122100:DZDT:700 mb:3 hour fcst:
420:25408887:d=2021122100:UGRD:700 mb:3 hour fcst:
421:25483845:d=2021122100:VGRD:700 mb:3 hour fcst:
422:25560333:d=2021122100:ABSV:700 mb:3 hour fcst:
423:25642600:d=2021122100:CLMR:700 mb:3 hour fcst:
424:25659276:d=2021122100:ICMR:700 mb:3 hour fcst:
425:25689488:d=2021122100:RWMR:700 mb:3 hour fcst:
426:25702021:d=2021122100:SNMR:700 mb:3 hour fcst:
427:25735265:d=2021122100:GRLE:700 mb:3 hour fcst:
428:25739515:d=2021122100:O3MR:700 mb:3 hour fcst:
429:25842021:d=2021122100:HGT:750 mb:3 hour fcst:
430:25926585:d=2021122100:TMP:750 mb:3 hour fcst:
431:25995850:d=2021122100:RH:750 mb:3 hour fcst:
432:26068909:d=2021122100:TCDC:750 mb:3 hour fcst:
433:26099269:d=2021122100:SPFH:750 mb:3 hour fcst:
434:26207919:d=2021122100:VVEL:750 mb:3 hour fcst:
435:26309991:d=2021122100:DZDT:750 mb:3 hour fcst:
436:26417536:d=2021122100:UGRD:750 mb:3 hour fcst:
437:26492764:d=2021122100:VGRD:750 mb:3 hour fcst:
+ exglobal_atmos_products.sh[122]true
+ exglobal_atmos_products.sh[123]export err=0
+ exglobal_atmos_products.sh[123]err=0
+ exglobal_atmos_products.sh[124][[ 0 -ne 0 ]]
+ exglobal_atmos_products.sh[127]input_file=tmpfile_f003_14
+ exglobal_atmos_products.sh[128]output_file_prefix=pgb2file_f003_14
+ exglobal_atmos_products.sh[129]echo '/work2/noaa/global/mterry/global-workflow_forked/ush/interp_atmos_master.sh tmpfile_f003_14 pgb2file_f003_14 0p25:0p50:1p00'
+ exglobal_atmos_products.sh[133][[ 437 -eq 753 ]]
+ exglobal_atmos_products.sh[134](( iproc++  ))
+ exglobal_atmos_products.sh[134](( iproc <= nproc  ))
+ exglobal_atmos_products.sh[100]first=438
+ exglobal_atmos_products.sh[101]last=468
+ exglobal_atmos_products.sh[102][[ 468 -gt 753 ]]
+ exglobal_atmos_products.sh[109]set +e
+ exglobal_atmos_products.sh[111]wgrib2 -d 468 tmpfile_f003
+ exglobal_atmos_products.sh[111]grep -E -i 'ugrd|ustm|uflx|u-gwd|land|maxuw'
468:28487987:d=2021122100:UGRD:850 mb:3 hour fcst:
+ exglobal_atmos_products.sh[112]rc=0
+ exglobal_atmos_products.sh[113]set_strict
+ environment[0][[ YES == \Y\E\S ]]
+ environment[1]set -eu
+ exglobal_atmos_products.sh[114][[ 0 == 0 ]]
+ exglobal_atmos_products.sh[115]last=469
+ exglobal_atmos_products.sh[117][[ 15 -eq 24 ]]
+ exglobal_atmos_products.sh[122]wgrib2 tmpfile_f003 -for 438:469 -grib tmpfile_f003_15
438:26570312:d=2021122100:ABSV:750 mb:3 hour fcst:
439:26653633:d=2021122100:CLMR:750 mb:3 hour fcst:
440:26674832:d=2021122100:ICMR:750 mb:3 hour fcst:
441:26702852:d=2021122100:RWMR:750 mb:3 hour fcst:
442:26717345:d=2021122100:SNMR:750 mb:3 hour fcst:
443:26748370:d=2021122100:GRLE:750 mb:3 hour fcst:
444:26752531:d=2021122100:O3MR:750 mb:3 hour fcst:
445:26854752:d=2021122100:HGT:800 mb:3 hour fcst:
446:26939917:d=2021122100:TMP:800 mb:3 hour fcst:
447:27011143:d=2021122100:RH:800 mb:3 hour fcst:
448:27084902:d=2021122100:TCDC:800 mb:3 hour fcst:
449:27119539:d=2021122100:SPFH:800 mb:3 hour fcst:
450:27229895:d=2021122100:VVEL:800 mb:3 hour fcst:
451:27332272:d=2021122100:DZDT:800 mb:3 hour fcst:
452:27439696:d=2021122100:UGRD:800 mb:3 hour fcst:
453:27516242:d=2021122100:VGRD:800 mb:3 hour fcst:
454:27594366:d=2021122100:ABSV:800 mb:3 hour fcst:
455:27678303:d=2021122100:CLMR:800 mb:3 hour fcst:
456:27708068:d=2021122100:ICMR:800 mb:3 hour fcst:
457:27735427:d=2021122100:RWMR:800 mb:3 hour fcst:
458:27752035:d=2021122100:SNMR:800 mb:3 hour fcst:
459:27782553:d=2021122100:GRLE:800 mb:3 hour fcst:
460:27787252:d=2021122100:O3MR:800 mb:3 hour fcst:
461:27888856:d=2021122100:HGT:850 mb:3 hour fcst:
462:27974871:d=2021122100:TMP:850 mb:3 hour fcst:
463:28049015:d=2021122100:RH:850 mb:3 hour fcst:
464:28123415:d=2021122100:TCDC:850 mb:3 hour fcst:
465:28166793:d=2021122100:SPFH:850 mb:3 hour fcst:
466:28278523:d=2021122100:VVEL:850 mb:3 hour fcst:
467:28380692:d=2021122100:DZDT:850 mb:3 hour fcst:
468:28487987:d=2021122100:UGRD:850 mb:3 hour fcst:
469:28565186:d=2021122100:VGRD:850 mb:3 hour fcst:
+ exglobal_atmos_products.sh[122]true
+ exglobal_atmos_products.sh[123]export err=0
+ exglobal_atmos_products.sh[123]err=0
+ exglobal_atmos_products.sh[124][[ 0 -ne 0 ]]
+ exglobal_atmos_products.sh[127]input_file=tmpfile_f003_15
+ exglobal_atmos_products.sh[128]output_file_prefix=pgb2file_f003_15
+ exglobal_atmos_products.sh[129]echo '/work2/noaa/global/mterry/global-workflow_forked/ush/interp_atmos_master.sh tmpfile_f003_15 pgb2file_f003_15 0p25:0p50:1p00'
+ exglobal_atmos_products.sh[133][[ 469 -eq 753 ]]
+ exglobal_atmos_products.sh[134](( iproc++  ))
+ exglobal_atmos_products.sh[134](( iproc <= nproc  ))
+ exglobal_atmos_products.sh[100]first=470
+ exglobal_atmos_products.sh[101]last=500
+ exglobal_atmos_products.sh[102][[ 500 -gt 753 ]]
+ exglobal_atmos_products.sh[109]set +e
+ exglobal_atmos_products.sh[111]wgrib2 -d 500 tmpfile_f003
+ exglobal_atmos_products.sh[111]grep -E -i 'ugrd|ustm|uflx|u-gwd|land|maxuw'
500:30583132:d=2021122100:UGRD:925 mb:3 hour fcst:
+ exglobal_atmos_products.sh[112]rc=0
+ exglobal_atmos_products.sh[113]set_strict
+ environment[0][[ YES == \Y\E\S ]]
+ environment[1]set -eu
+ exglobal_atmos_products.sh[114][[ 0 == 0 ]]
+ exglobal_atmos_products.sh[115]last=501
+ exglobal_atmos_products.sh[117][[ 16 -eq 24 ]]
+ exglobal_atmos_products.sh[122]wgrib2 tmpfile_f003 -for 470:501 -grib tmpfile_f003_16
470:28643687:d=2021122100:ABSV:850 mb:3 hour fcst:
471:28728267:d=2021122100:CLMR:850 mb:3 hour fcst:
472:28772432:d=2021122100:ICMR:850 mb:3 hour fcst:
473:28799110:d=2021122100:RWMR:850 mb:3 hour fcst:
474:28820582:d=2021122100:SNMR:850 mb:3 hour fcst:
475:28851543:d=2021122100:GRLE:850 mb:3 hour fcst:
476:28856404:d=2021122100:O3MR:850 mb:3 hour fcst:
477:28957437:d=2021122100:HGT:900 mb:3 hour fcst:
478:29044414:d=2021122100:TMP:900 mb:3 hour fcst:
479:29119051:d=2021122100:RH:900 mb:3 hour fcst:
480:29192012:d=2021122100:TCDC:900 mb:3 hour fcst:
481:29233506:d=2021122100:SPFH:900 mb:3 hour fcst:
482:29334049:d=2021122100:VVEL:900 mb:3 hour fcst:
483:29434874:d=2021122100:DZDT:900 mb:3 hour fcst:
484:29539769:d=2021122100:UGRD:900 mb:3 hour fcst:
485:29617131:d=2021122100:VGRD:900 mb:3 hour fcst:
486:29695818:d=2021122100:ABSV:900 mb:3 hour fcst:
487:29780369:d=2021122100:CLMR:900 mb:3 hour fcst:
488:29817027:d=2021122100:ICMR:900 mb:3 hour fcst:
489:29841469:d=2021122100:RWMR:900 mb:3 hour fcst:
490:29873915:d=2021122100:SNMR:900 mb:3 hour fcst:
491:29902945:d=2021122100:GRLE:900 mb:3 hour fcst:
492:29908171:d=2021122100:O3MR:900 mb:3 hour fcst:
493:30007406:d=2021122100:HGT:925 mb:3 hour fcst:
494:30094951:d=2021122100:TMP:925 mb:3 hour fcst:
495:30170113:d=2021122100:RH:925 mb:3 hour fcst:
496:30242268:d=2021122100:TCDC:925 mb:3 hour fcst:
497:30280278:d=2021122100:SPFH:925 mb:3 hour fcst:
498:30380388:d=2021122100:VVEL:925 mb:3 hour fcst:
499:30479670:d=2021122100:DZDT:925 mb:3 hour fcst:
500:30583132:d=2021122100:UGRD:925 mb:3 hour fcst:
501:30660818:d=2021122100:VGRD:925 mb:3 hour fcst:
+ exglobal_atmos_products.sh[122]true
+ exglobal_atmos_products.sh[123]export err=0
+ exglobal_atmos_products.sh[123]err=0
+ exglobal_atmos_products.sh[124][[ 0 -ne 0 ]]
+ exglobal_atmos_products.sh[127]input_file=tmpfile_f003_16
+ exglobal_atmos_products.sh[128]output_file_prefix=pgb2file_f003_16
+ exglobal_atmos_products.sh[129]echo '/work2/noaa/global/mterry/global-workflow_forked/ush/interp_atmos_master.sh tmpfile_f003_16 pgb2file_f003_16 0p25:0p50:1p00'
+ exglobal_atmos_products.sh[133][[ 501 -eq 753 ]]
+ exglobal_atmos_products.sh[134](( iproc++  ))
+ exglobal_atmos_products.sh[134](( iproc <= nproc  ))
+ exglobal_atmos_products.sh[100]first=502
+ exglobal_atmos_products.sh[101]last=532
+ exglobal_atmos_products.sh[102][[ 532 -gt 753 ]]
+ exglobal_atmos_products.sh[109]set +e
+ exglobal_atmos_products.sh[111]wgrib2 -d 532 tmpfile_f003
+ exglobal_atmos_products.sh[111]grep -E -i 'ugrd|ustm|uflx|u-gwd|land|maxuw'
+ exglobal_atmos_products.sh[112]rc=1
+ exglobal_atmos_products.sh[113]set_strict
+ environment[0][[ YES == \Y\E\S ]]
+ environment[1]set -eu
+ exglobal_atmos_products.sh[114][[ 1 == 0 ]]
+ exglobal_atmos_products.sh[117][[ 17 -eq 24 ]]
+ exglobal_atmos_products.sh[122]wgrib2 tmpfile_f003 -for 502:532 -grib tmpfile_f003_17
502:30739497:d=2021122100:ABSV:925 mb:3 hour fcst:
503:30823977:d=2021122100:CLMR:925 mb:3 hour fcst:
504:30852482:d=2021122100:ICMR:925 mb:3 hour fcst:
505:30875370:d=2021122100:RWMR:925 mb:3 hour fcst:
506:30910399:d=2021122100:SNMR:925 mb:3 hour fcst:
507:30938285:d=2021122100:GRLE:925 mb:3 hour fcst:
508:30944494:d=2021122100:O3MR:925 mb:3 hour fcst:
509:31042870:d=2021122100:HGT:950 mb:3 hour fcst:
510:31131010:d=2021122100:TMP:950 mb:3 hour fcst:
511:31206016:d=2021122100:RH:950 mb:3 hour fcst:
512:31276885:d=2021122100:TCDC:950 mb:3 hour fcst:
513:31310055:d=2021122100:SPFH:950 mb:3 hour fcst:
514:31409691:d=2021122100:VVEL:950 mb:3 hour fcst:
515:31505465:d=2021122100:DZDT:950 mb:3 hour fcst:
516:31605842:d=2021122100:UGRD:950 mb:3 hour fcst:
517:31683902:d=2021122100:VGRD:950 mb:3 hour fcst:
518:31762608:d=2021122100:ABSV:950 mb:3 hour fcst:
519:31847008:d=2021122100:CLMR:950 mb:3 hour fcst:
520:31868790:d=2021122100:ICMR:950 mb:3 hour fcst:
521:31889316:d=2021122100:RWMR:950 mb:3 hour fcst:
522:31926024:d=2021122100:SNMR:950 mb:3 hour fcst:
523:31954572:d=2021122100:GRLE:950 mb:3 hour fcst:
524:31961017:d=2021122100:O3MR:950 mb:3 hour fcst:
525:32059166:d=2021122100:HINDEX:surface:3 hour fcst:
526:32076001:d=2021122100:HGT:975 mb:3 hour fcst:
527:32165101:d=2021122100:TMP:975 mb:3 hour fcst:
528:32239718:d=2021122100:RH:975 mb:3 hour fcst:
529:32308214:d=2021122100:TCDC:975 mb:3 hour fcst:
530:32335863:d=2021122100:SPFH:975 mb:3 hour fcst:
531:32434769:d=2021122100:VVEL:975 mb:3 hour fcst:
532:32525514:d=2021122100:DZDT:975 mb:3 hour fcst:
+ exglobal_atmos_products.sh[122]true
+ exglobal_atmos_products.sh[123]export err=0
+ exglobal_atmos_products.sh[123]err=0
+ exglobal_atmos_products.sh[124][[ 0 -ne 0 ]]
+ exglobal_atmos_products.sh[127]input_file=tmpfile_f003_17
+ exglobal_atmos_products.sh[128]output_file_prefix=pgb2file_f003_17
+ exglobal_atmos_products.sh[129]echo '/work2/noaa/global/mterry/global-workflow_forked/ush/interp_atmos_master.sh tmpfile_f003_17 pgb2file_f003_17 0p25:0p50:1p00'
+ exglobal_atmos_products.sh[133][[ 532 -eq 753 ]]
+ exglobal_atmos_products.sh[134](( iproc++  ))
+ exglobal_atmos_products.sh[134](( iproc <= nproc  ))
+ exglobal_atmos_products.sh[100]first=533
+ exglobal_atmos_products.sh[101]last=563
+ exglobal_atmos_products.sh[102][[ 563 -gt 753 ]]
+ exglobal_atmos_products.sh[109]set +e
+ exglobal_atmos_products.sh[111]wgrib2 -d 563 tmpfile_f003
+ exglobal_atmos_products.sh[111]grep -E -i 'ugrd|ustm|uflx|u-gwd|land|maxuw'
+ exglobal_atmos_products.sh[112]rc=1
+ exglobal_atmos_products.sh[113]set_strict
+ environment[0][[ YES == \Y\E\S ]]
+ environment[1]set -eu
+ exglobal_atmos_products.sh[114][[ 1 == 0 ]]
+ exglobal_atmos_products.sh[117][[ 18 -eq 24 ]]
+ exglobal_atmos_products.sh[122]wgrib2 tmpfile_f003 -for 533:563 -grib tmpfile_f003_18
533:32619376:d=2021122100:UGRD:975 mb:3 hour fcst:
534:32696606:d=2021122100:VGRD:975 mb:3 hour fcst:
535:32774997:d=2021122100:ABSV:975 mb:3 hour fcst:
536:32858798:d=2021122100:CLMR:975 mb:3 hour fcst:
537:32875250:d=2021122100:ICMR:975 mb:3 hour fcst:
538:32892859:d=2021122100:RWMR:975 mb:3 hour fcst:
539:32928402:d=2021122100:SNMR:975 mb:3 hour fcst:
540:32950845:d=2021122100:GRLE:975 mb:3 hour fcst:
541:32956572:d=2021122100:O3MR:975 mb:3 hour fcst:
542:33054103:d=2021122100:TMP:1000 mb:3 hour fcst:
543:33127888:d=2021122100:RH:1000 mb:3 hour fcst:
544:33194774:d=2021122100:TCDC:1000 mb:3 hour fcst:
545:33212138:d=2021122100:SPFH:1000 mb:3 hour fcst:
546:33310773:d=2021122100:VVEL:1000 mb:3 hour fcst:
547:33393923:d=2021122100:DZDT:1000 mb:3 hour fcst:
548:33477146:d=2021122100:UGRD:1000 mb:3 hour fcst:
549:33553206:d=2021122100:VGRD:1000 mb:3 hour fcst:
550:33630262:d=2021122100:ABSV:1000 mb:3 hour fcst:
551:33712496:d=2021122100:CLMR:1000 mb:3 hour fcst:
552:33722861:d=2021122100:ICMR:1000 mb:3 hour fcst:
553:33732797:d=2021122100:RWMR:1000 mb:3 hour fcst:
554:33761618:d=2021122100:SNMR:1000 mb:3 hour fcst:
555:33773712:d=2021122100:GRLE:1000 mb:3 hour fcst:
556:33776521:d=2021122100:O3MR:1000 mb:3 hour fcst:
557:33873731:d=2021122100:MSLET:mean sea level:3 hour fcst:
558:33967223:d=2021122100:HGT:1000 mb:3 hour fcst:
559:34057527:d=2021122100:SDEN:surface:3 hour fcst:
560:34098954:d=2021122100:REFD:4000 m above ground:3 hour fcst:
561:34108349:d=2021122100:REFD:1000 m above ground:3 hour fcst:
562:34117744:d=2021122100:PRES:surface:3 hour fcst:
563:34205641:d=2021122100:HGT:surface:3 hour fcst:
+ exglobal_atmos_products.sh[122]true
+ exglobal_atmos_products.sh[123]export err=0
+ exglobal_atmos_products.sh[123]err=0
+ exglobal_atmos_products.sh[124][[ 0 -ne 0 ]]
+ exglobal_atmos_products.sh[127]input_file=tmpfile_f003_18
+ exglobal_atmos_products.sh[128]output_file_prefix=pgb2file_f003_18
+ exglobal_atmos_products.sh[129]echo '/work2/noaa/global/mterry/global-workflow_forked/ush/interp_atmos_master.sh tmpfile_f003_18 pgb2file_f003_18 0p25:0p50:1p00'
+ exglobal_atmos_products.sh[133][[ 563 -eq 753 ]]
+ exglobal_atmos_products.sh[134](( iproc++  ))
+ exglobal_atmos_products.sh[134](( iproc <= nproc  ))
+ exglobal_atmos_products.sh[100]first=564
+ exglobal_atmos_products.sh[101]last=594
+ exglobal_atmos_products.sh[102][[ 594 -gt 753 ]]
+ exglobal_atmos_products.sh[109]set +e
+ exglobal_atmos_products.sh[111]wgrib2 -d 594 tmpfile_f003
+ exglobal_atmos_products.sh[111]grep -E -i 'ugrd|ustm|uflx|u-gwd|land|maxuw'
+ exglobal_atmos_products.sh[112]rc=1
+ exglobal_atmos_products.sh[113]set_strict
+ environment[0][[ YES == \Y\E\S ]]
+ environment[1]set -eu
+ exglobal_atmos_products.sh[114][[ 1 == 0 ]]
+ exglobal_atmos_products.sh[117][[ 19 -eq 24 ]]
+ exglobal_atmos_products.sh[122]wgrib2 tmpfile_f003 -for 564:594 -grib tmpfile_f003_19
564:34250559:d=2021122100:TMP:surface:3 hour fcst:
565:34309219:d=2021122100:TSOIL:0-0.1 m below ground:3 hour fcst:
566:34347354:d=2021122100:SOILW:0-0.1 m below ground:3 hour fcst:
567:34375323:d=2021122100:SOILL:0-0.1 m below ground:3 hour fcst:
568:34402832:d=2021122100:TSOIL:0.1-0.4 m below ground:3 hour fcst:
569:34452956:d=2021122100:SOILW:0.1-0.4 m below ground:3 hour fcst:
570:34481052:d=2021122100:SOILL:0.1-0.4 m below ground:3 hour fcst:
571:34508972:d=2021122100:TSOIL:0.4-1 m below ground:3 hour fcst:
572:34551735:d=2021122100:SOILW:0.4-1 m below ground:3 hour fcst:
573:34580202:d=2021122100:SOILL:0.4-1 m below ground:3 hour fcst:
574:34608513:d=2021122100:TSOIL:1-2 m below ground:3 hour fcst:
575:34650550:d=2021122100:SOILW:1-2 m below ground:3 hour fcst:
576:34678662:d=2021122100:SOILL:1-2 m below ground:3 hour fcst:
577:34706947:d=2021122100:CNWAT:surface:3 hour fcst:
578:34725646:d=2021122100:WEASD:surface:3 hour fcst:
579:34771078:d=2021122100:SNOD:surface:3 hour fcst:
580:34819952:d=2021122100:PEVPR:surface:3 hour fcst:
581:34861929:d=2021122100:ICETK:surface:3 hour fcst:
582:34873982:d=2021122100:TMP:2 m above ground:3 hour fcst:
583:34947738:d=2021122100:SPFH:2 m above ground:3 hour fcst:
584:35044452:d=2021122100:DPT:2 m above ground:3 hour fcst:
585:35120140:d=2021122100:RH:2 m above ground:3 hour fcst:
586:35184665:d=2021122100:APTMP:2 m above ground:3 hour fcst:
587:35233791:d=2021122100:TMAX:2 m above ground:0-3 hour max fcst:
588:35307260:d=2021122100:TMIN:2 m above ground:0-3 hour min fcst:
589:35381047:d=2021122100:UGRD:10 m above ground:3 hour fcst:
590:35456102:d=2021122100:VGRD:10 m above ground:3 hour fcst:
591:35531062:d=2021122100:ICEG:10 m above mean sea level:3 hour fcst:
592:35533306:d=2021122100:CPOFP:surface:3 hour fcst:
593:35599433:d=2021122100:CPRAT:surface:3 hour fcst:
594:35664479:d=2021122100:PRATE:surface:3 hour fcst:
+ exglobal_atmos_products.sh[122]true
+ exglobal_atmos_products.sh[123]export err=0
+ exglobal_atmos_products.sh[123]err=0
+ exglobal_atmos_products.sh[124][[ 0 -ne 0 ]]
+ exglobal_atmos_products.sh[127]input_file=tmpfile_f003_19
+ exglobal_atmos_products.sh[128]output_file_prefix=pgb2file_f003_19
+ exglobal_atmos_products.sh[129]echo '/work2/noaa/global/mterry/global-workflow_forked/ush/interp_atmos_master.sh tmpfile_f003_19 pgb2file_f003_19 0p25:0p50:1p00'
+ exglobal_atmos_products.sh[133][[ 594 -eq 753 ]]
+ exglobal_atmos_products.sh[134](( iproc++  ))
+ exglobal_atmos_products.sh[134](( iproc <= nproc  ))
+ exglobal_atmos_products.sh[100]first=595
+ exglobal_atmos_products.sh[101]last=625
+ exglobal_atmos_products.sh[102][[ 625 -gt 753 ]]
+ exglobal_atmos_products.sh[109]set +e
+ exglobal_atmos_products.sh[111]wgrib2 -d 625 tmpfile_f003
+ exglobal_atmos_products.sh[111]grep -E -i 'ugrd|ustm|uflx|u-gwd|land|maxuw'
+ exglobal_atmos_products.sh[112]rc=1
+ exglobal_atmos_products.sh[113]set_strict
+ environment[0][[ YES == \Y\E\S ]]
+ environment[1]set -eu
+ exglobal_atmos_products.sh[114][[ 1 == 0 ]]
+ exglobal_atmos_products.sh[117][[ 20 -eq 24 ]]
+ exglobal_atmos_products.sh[122]wgrib2 tmpfile_f003 -for 595:625 -grib tmpfile_f003_20
595:35743131:d=2021122100:CPRAT:surface:0-3 hour ave fcst:
596:35819172:d=2021122100:PRATE:surface:0-3 hour ave fcst:
597:35890075:d=2021122100:APCP:surface:0-3 hour acc fcst:
598:35918184:d=2021122100:APCP:surface:0-3 hour acc fcst:
599:35954427:d=2021122100:ACPCP:surface:0-3 hour acc fcst:
600:35977037:d=2021122100:ACPCP:surface:0-3 hour acc fcst:
601:36006312:d=2021122100:FROZR:surface:0-3 hour acc fcst:
602:36015731:d=2021122100:FRZR:surface:0-3 hour acc fcst:
603:36025150:d=2021122100:TSNOWP:surface:0-3 hour acc fcst:
604:36034569:d=2021122100:WATR:surface:0-3 hour acc fcst:
605:36065683:d=2021122100:FROZR:surface:0-3 hour acc fcst:
606:36075102:d=2021122100:FRZR:surface:0-3 hour acc fcst:
607:36084521:d=2021122100:TSNOWP:surface:0-3 hour acc fcst:
608:36093940:d=2021122100:CSNOW:surface:3 hour fcst:
609:36099140:d=2021122100:CICEP:surface:3 hour fcst:
610:36099319:d=2021122100:CFRZR:surface:3 hour fcst:
611:36099714:d=2021122100:CRAIN:surface:3 hour fcst:
612:36111377:d=2021122100:LHTFL:surface:0-3 hour ave fcst:
613:36162173:d=2021122100:SHTFL:surface:0-3 hour ave fcst:
614:36235658:d=2021122100:GFLUX:surface:0-3 hour ave fcst:
615:36281650:d=2021122100:UFLX:surface:0-3 hour ave fcst:
616:36339106:d=2021122100:VFLX:surface:0-3 hour ave fcst:
617:36395738:d=2021122100:SFCR:surface:3 hour fcst:
618:36458682:d=2021122100:FRICV:surface:3 hour fcst:
619:36540117:d=2021122100:U-GWD:surface:0-3 hour ave fcst:
620:36573266:d=2021122100:V-GWD:surface:0-3 hour ave fcst:
621:36605365:d=2021122100:VEG:surface:3 hour fcst:
622:36627048:d=2021122100:SOTYP:surface:3 hour fcst:
623:36657196:d=2021122100:WILT:surface:3 hour fcst:
624:36687968:d=2021122100:FLDCP:surface:3 hour fcst:
625:36719822:d=2021122100:SUNSD:surface:3 hour fcst:
+ exglobal_atmos_products.sh[122]true
+ exglobal_atmos_products.sh[123]export err=0
+ exglobal_atmos_products.sh[123]err=0
+ exglobal_atmos_products.sh[124][[ 0 -ne 0 ]]
+ exglobal_atmos_products.sh[127]input_file=tmpfile_f003_20
+ exglobal_atmos_products.sh[128]output_file_prefix=pgb2file_f003_20
+ exglobal_atmos_products.sh[129]echo '/work2/noaa/global/mterry/global-workflow_forked/ush/interp_atmos_master.sh tmpfile_f003_20 pgb2file_f003_20 0p25:0p50:1p00'
+ exglobal_atmos_products.sh[133][[ 625 -eq 753 ]]
+ exglobal_atmos_products.sh[134](( iproc++  ))
+ exglobal_atmos_products.sh[134](( iproc <= nproc  ))
+ exglobal_atmos_products.sh[100]first=626
+ exglobal_atmos_products.sh[101]last=656
+ exglobal_atmos_products.sh[102][[ 656 -gt 753 ]]
+ exglobal_atmos_products.sh[109]set +e
+ exglobal_atmos_products.sh[111]wgrib2 -d 656 tmpfile_f003
+ exglobal_atmos_products.sh[111]grep -E -i 'ugrd|ustm|uflx|u-gwd|land|maxuw'
+ exglobal_atmos_products.sh[112]rc=1
+ exglobal_atmos_products.sh[113]set_strict
+ environment[0][[ YES == \Y\E\S ]]
+ environment[1]set -eu
+ exglobal_atmos_products.sh[114][[ 1 == 0 ]]
+ exglobal_atmos_products.sh[117][[ 21 -eq 24 ]]
+ exglobal_atmos_products.sh[122]wgrib2 tmpfile_f003 -for 626:656 -grib tmpfile_f003_21
626:36748834:d=2021122100:LFTX:surface:3 hour fcst:
627:36798130:d=2021122100:CAPE:surface:3 hour fcst:
628:36845609:d=2021122100:CIN:surface:3 hour fcst:
629:36889904:d=2021122100:PWAT:entire atmosphere (considered as a single layer):3 hour fcst:
630:36989222:d=2021122100:CWAT:entire atmosphere (considered as a single layer):3 hour fcst:
631:37083101:d=2021122100:RH:entire atmosphere (considered as a single layer):3 hour fcst:
632:37135548:d=2021122100:TOZNE:entire atmosphere (considered as a single layer):3 hour fcst:
633:37186003:d=2021122100:LCDC:low cloud layer:3 hour fcst:
634:37243364:d=2021122100:LCDC:low cloud layer:0-3 hour ave fcst:
635:37306194:d=2021122100:MCDC:middle cloud layer:3 hour fcst:
636:37349784:d=2021122100:MCDC:middle cloud layer:0-3 hour ave fcst:
637:37396610:d=2021122100:HCDC:high cloud layer:3 hour fcst:
638:37438045:d=2021122100:HCDC:high cloud layer:0-3 hour ave fcst:
639:37489810:d=2021122100:TCDC:entire atmosphere (considered as a single layer):3 hour fcst:
640:37548484:d=2021122100:TCDC:entire atmosphere (considered as a single layer):0-3 hour ave fcst:
641:37614921:d=2021122100:HGT:cloud ceiling:3 hour fcst:
642:37728012:d=2021122100:PRES:convective cloud bottom level:3 hour fcst:
643:37773193:d=2021122100:PRES:low cloud bottom level:0-3 hour ave fcst:
644:37852847:d=2021122100:PRES:middle cloud bottom level:0-3 hour ave fcst:
645:37904916:d=2021122100:PRES:high cloud bottom level:0-3 hour ave fcst:
646:37967551:d=2021122100:PRES:convective cloud top level:3 hour fcst:
647:38017389:d=2021122100:PRES:low cloud top level:0-3 hour ave fcst:
648:38098584:d=2021122100:PRES:middle cloud top level:0-3 hour ave fcst:
649:38149092:d=2021122100:PRES:high cloud top level:0-3 hour ave fcst:
650:38212432:d=2021122100:TMP:low cloud top level:0-3 hour ave fcst:
651:38272729:d=2021122100:TMP:middle cloud top level:0-3 hour ave fcst:
652:38314236:d=2021122100:TMP:high cloud top level:0-3 hour ave fcst:
653:38367559:d=2021122100:TCDC:convective cloud layer:3 hour fcst:
654:38436545:d=2021122100:TCDC:boundary layer cloud layer:0-3 hour ave fcst:
655:38486069:d=2021122100:CWORK:entire atmosphere (considered as a single layer):0-3 hour ave fcst:
656:38518356:d=2021122100:DSWRF:surface:0-3 hour ave fcst:
+ exglobal_atmos_products.sh[122]true
+ exglobal_atmos_products.sh[123]export err=0
+ exglobal_atmos_products.sh[123]err=0
+ exglobal_atmos_products.sh[124][[ 0 -ne 0 ]]
+ exglobal_atmos_products.sh[127]input_file=tmpfile_f003_21
+ exglobal_atmos_products.sh[128]output_file_prefix=pgb2file_f003_21
+ exglobal_atmos_products.sh[129]echo '/work2/noaa/global/mterry/global-workflow_forked/ush/interp_atmos_master.sh tmpfile_f003_21 pgb2file_f003_21 0p25:0p50:1p00'
+ exglobal_atmos_products.sh[133][[ 656 -eq 753 ]]
+ exglobal_atmos_products.sh[134](( iproc++  ))
+ exglobal_atmos_products.sh[134](( iproc <= nproc  ))
+ exglobal_atmos_products.sh[100]first=657
+ exglobal_atmos_products.sh[101]last=687
+ exglobal_atmos_products.sh[102][[ 687 -gt 753 ]]
+ exglobal_atmos_products.sh[109]set +e
+ exglobal_atmos_products.sh[111]wgrib2 -d 687 tmpfile_f003
+ exglobal_atmos_products.sh[111]grep -E -i 'ugrd|ustm|uflx|u-gwd|land|maxuw'
687:41106656:d=2021122100:UGRD:30 m above ground:3 hour fcst:
+ exglobal_atmos_products.sh[112]rc=0
+ exglobal_atmos_products.sh[113]set_strict
+ environment[0][[ YES == \Y\E\S ]]
+ environment[1]set -eu
+ exglobal_atmos_products.sh[114][[ 0 == 0 ]]
+ exglobal_atmos_products.sh[115]last=688
+ exglobal_atmos_products.sh[117][[ 22 -eq 24 ]]
+ exglobal_atmos_products.sh[122]wgrib2 tmpfile_f003 -for 657:688 -grib tmpfile_f003_22
657:38585379:d=2021122100:DLWRF:surface:0-3 hour ave fcst:
658:38665492:d=2021122100:USWRF:surface:0-3 hour ave fcst:
659:38722812:d=2021122100:ULWRF:surface:0-3 hour ave fcst:
660:38788833:d=2021122100:USWRF:top of atmosphere:0-3 hour ave fcst:
661:38856843:d=2021122100:ULWRF:top of atmosphere:0-3 hour ave fcst:
662:38931531:d=2021122100:AOTK:entire atmosphere:3 hour fcst:aerosol=Total Aerosol:aerosol_size <2e-05:aerosol_wavelength >=5.45e-07,<=5.55e-07
663:39031824:d=2021122100:AOTK:entire atmosphere:3 hour fcst:aerosol=Dust Dry:aerosol_size <2e-05:aerosol_wavelength >=5.45e-07,<=5.55e-07
664:39085942:d=2021122100:AOTK:entire atmosphere:3 hour fcst:aerosol=Sea Salt Dry:aerosol_size <2e-05:aerosol_wavelength >=5.45e-07,<=5.55e-07
665:39187738:d=2021122100:AOTK:entire atmosphere:3 hour fcst:aerosol=Sulphate Dry:aerosol_size <2e-05:aerosol_wavelength >=5.45e-07,<=5.55e-07
666:39280798:d=2021122100:AOTK:entire atmosphere:3 hour fcst:aerosol=Particulate Organic Matter Dry:aerosol_size <2e-05:aerosol_wavelength >=5.45e-07,<=5.55e-07
667:39373215:d=2021122100:AOTK:entire atmosphere:3 hour fcst:aerosol=Black Carbon Dry:aerosol_size <2e-05:aerosol_wavelength >=5.45e-07,<=5.55e-07
668:39454295:d=2021122100:HLCY:3000-0 m above ground:3 hour fcst:
669:39511196:d=2021122100:HLCY:1000-0 m above ground:3 hour fcst:
670:39563443:d=2021122100:USTM:6000-0 m above ground:3 hour fcst:
671:39645099:d=2021122100:VSTM:6000-0 m above ground:3 hour fcst:
672:39726171:d=2021122100:PRES:tropopause:3 hour fcst:
673:39838703:d=2021122100:ICAHT:tropopause:3 hour fcst:
674:39946150:d=2021122100:HGT:tropopause:3 hour fcst:
675:40053732:d=2021122100:TMP:tropopause:3 hour fcst:
676:40134814:d=2021122100:UGRD:tropopause:3 hour fcst:
677:40194059:d=2021122100:VGRD:tropopause:3 hour fcst:
678:40251842:d=2021122100:VWSH:tropopause:3 hour fcst:
679:40326238:d=2021122100:PRES:max wind:3 hour fcst:
680:40458584:d=2021122100:ICAHT:max wind:3 hour fcst:
681:40593720:d=2021122100:HGT:max wind:3 hour fcst:
682:40729274:d=2021122100:UGRD:max wind:3 hour fcst:
683:40790294:d=2021122100:VGRD:max wind:3 hour fcst:
684:40854565:d=2021122100:TMP:max wind:3 hour fcst:
685:40955702:d=2021122100:UGRD:20 m above ground:3 hour fcst:
686:41030752:d=2021122100:VGRD:20 m above ground:3 hour fcst:
687:41106656:d=2021122100:UGRD:30 m above ground:3 hour fcst:
688:41182409:d=2021122100:VGRD:30 m above ground:3 hour fcst:
+ exglobal_atmos_products.sh[122]true
+ exglobal_atmos_products.sh[123]export err=0
+ exglobal_atmos_products.sh[123]err=0
+ exglobal_atmos_products.sh[124][[ 0 -ne 0 ]]
+ exglobal_atmos_products.sh[127]input_file=tmpfile_f003_22
+ exglobal_atmos_products.sh[128]output_file_prefix=pgb2file_f003_22
+ exglobal_atmos_products.sh[129]echo '/work2/noaa/global/mterry/global-workflow_forked/ush/interp_atmos_master.sh tmpfile_f003_22 pgb2file_f003_22 0p25:0p50:1p00'
+ exglobal_atmos_products.sh[133][[ 688 -eq 753 ]]
+ exglobal_atmos_products.sh[134](( iproc++  ))
+ exglobal_atmos_products.sh[134](( iproc <= nproc  ))
+ exglobal_atmos_products.sh[100]first=689
+ exglobal_atmos_products.sh[101]last=719
+ exglobal_atmos_products.sh[102][[ 719 -gt 753 ]]
+ exglobal_atmos_products.sh[109]set +e
+ exglobal_atmos_products.sh[111]wgrib2 -d 719 tmpfile_f003
+ exglobal_atmos_products.sh[111]grep -E -i 'ugrd|ustm|uflx|u-gwd|land|maxuw'
+ exglobal_atmos_products.sh[112]rc=1
+ exglobal_atmos_products.sh[113]set_strict
+ environment[0][[ YES == \Y\E\S ]]
+ environment[1]set -eu
+ exglobal_atmos_products.sh[114][[ 1 == 0 ]]
+ exglobal_atmos_products.sh[117][[ 23 -eq 24 ]]
+ exglobal_atmos_products.sh[122]wgrib2 tmpfile_f003 -for 689:719 -grib tmpfile_f003_23
689:41259003:d=2021122100:UGRD:40 m above ground:3 hour fcst:
690:41335045:d=2021122100:VGRD:40 m above ground:3 hour fcst:
691:41412030:d=2021122100:UGRD:50 m above ground:3 hour fcst:
692:41488308:d=2021122100:VGRD:50 m above ground:3 hour fcst:
693:41565561:d=2021122100:TMP:80 m above ground:3 hour fcst:
694:41639319:d=2021122100:SPFH:80 m above ground:3 hour fcst:
695:41745634:d=2021122100:PRES:80 m above ground:3 hour fcst:
696:41833256:d=2021122100:UGRD:80 m above ground:3 hour fcst:
697:41910702:d=2021122100:VGRD:80 m above ground:3 hour fcst:
698:41988582:d=2021122100:TMP:100 m above ground:3 hour fcst:
699:42062176:d=2021122100:UGRD:100 m above ground:3 hour fcst:
700:42139883:d=2021122100:VGRD:100 m above ground:3 hour fcst:
701:42218104:d=2021122100:TMP:1829 m above mean sea level:3 hour fcst:
702:42294052:d=2021122100:UGRD:1829 m above mean sea level:3 hour fcst:
703:42375520:d=2021122100:VGRD:1829 m above mean sea level:3 hour fcst:
704:42458623:d=2021122100:TMP:2743 m above mean sea level:3 hour fcst:
705:42533333:d=2021122100:UGRD:2743 m above mean sea level:3 hour fcst:
706:42615968:d=2021122100:VGRD:2743 m above mean sea level:3 hour fcst:
707:42700298:d=2021122100:TMP:3658 m above mean sea level:3 hour fcst:
708:42774688:d=2021122100:UGRD:3658 m above mean sea level:3 hour fcst:
709:42858709:d=2021122100:VGRD:3658 m above mean sea level:3 hour fcst:
710:42943734:d=2021122100:HGT:0C isotherm:3 hour fcst:
711:43020258:d=2021122100:RH:0C isotherm:3 hour fcst:
712:43090087:d=2021122100:HGT:highest tropospheric freezing level:3 hour fcst:
713:43166521:d=2021122100:RH:highest tropospheric freezing level:3 hour fcst:
714:43236477:d=2021122100:TMP:30-0 mb above ground:3 hour fcst:
715:43310018:d=2021122100:RH:30-0 mb above ground:3 hour fcst:
716:43374425:d=2021122100:SPFH:30-0 mb above ground:3 hour fcst:
717:43480842:d=2021122100:UGRD:30-0 mb above ground:3 hour fcst:
718:43558257:d=2021122100:VGRD:30-0 mb above ground:3 hour fcst:
719:43636323:d=2021122100:4LFTX:surface:3 hour fcst:
+ exglobal_atmos_products.sh[122]true
+ exglobal_atmos_products.sh[123]export err=0
+ exglobal_atmos_products.sh[123]err=0
+ exglobal_atmos_products.sh[124][[ 0 -ne 0 ]]
+ exglobal_atmos_products.sh[127]input_file=tmpfile_f003_23
+ exglobal_atmos_products.sh[128]output_file_prefix=pgb2file_f003_23
+ exglobal_atmos_products.sh[129]echo '/work2/noaa/global/mterry/global-workflow_forked/ush/interp_atmos_master.sh tmpfile_f003_23 pgb2file_f003_23 0p25:0p50:1p00'
+ exglobal_atmos_products.sh[133][[ 719 -eq 753 ]]
+ exglobal_atmos_products.sh[134](( iproc++  ))
+ exglobal_atmos_products.sh[134](( iproc <= nproc  ))
+ exglobal_atmos_products.sh[100]first=720
+ exglobal_atmos_products.sh[101]last=750
+ exglobal_atmos_products.sh[102][[ 750 -gt 753 ]]
+ exglobal_atmos_products.sh[109]set +e
+ exglobal_atmos_products.sh[111]wgrib2 -d 750 tmpfile_f003
+ exglobal_atmos_products.sh[111]grep -E -i 'ugrd|ustm|uflx|u-gwd|land|maxuw'
+ exglobal_atmos_products.sh[112]rc=1
+ exglobal_atmos_products.sh[113]set_strict
+ environment[0][[ YES == \Y\E\S ]]
+ environment[1]set -eu
+ exglobal_atmos_products.sh[114][[ 1 == 0 ]]
+ exglobal_atmos_products.sh[117][[ 24 -eq 24 ]]
+ exglobal_atmos_products.sh[118]last=753
+ exglobal_atmos_products.sh[122]wgrib2 tmpfile_f003 -for 720:753 -grib tmpfile_f003_24
720:43683667:d=2021122100:CAPE:180-0 mb above ground:3 hour fcst:
721:43726078:d=2021122100:CIN:180-0 mb above ground:3 hour fcst:
722:43772587:d=2021122100:HPBL:surface:3 hour fcst:
723:43888667:d=2021122100:RH:0.33-1 sigma layer:3 hour fcst:
724:43953673:d=2021122100:RH:0.44-1 sigma layer:3 hour fcst:
725:44017741:d=2021122100:RH:0.72-0.94 sigma layer:3 hour fcst:
726:44085100:d=2021122100:RH:0.44-0.72 sigma layer:3 hour fcst:
727:44152945:d=2021122100:TMP:0.995 sigma level:3 hour fcst:
728:44227002:d=2021122100:POT:0.995 sigma level:3 hour fcst:
729:44300990:d=2021122100:RH:0.995 sigma level:3 hour fcst:
730:44365495:d=2021122100:UGRD:0.995 sigma level:3 hour fcst:
731:44442114:d=2021122100:VGRD:0.995 sigma level:3 hour fcst:
732:44519587:d=2021122100:VVEL:0.995 sigma level:3 hour fcst:
733:44599991:d=2021122100:CAPE:90-0 mb above ground:3 hour fcst:
734:44639071:d=2021122100:CIN:90-0 mb above ground:3 hour fcst:
735:44685445:d=2021122100:CAPE:255-0 mb above ground:3 hour fcst:
736:44726094:d=2021122100:CIN:255-0 mb above ground:3 hour fcst:
737:44764925:d=2021122100:PLPL:255-0 mb above ground:3 hour fcst:
738:44846994:d=2021122100:LAND:surface:3 hour fcst:
739:44851329:d=2021122100:ICEC:surface:3 hour fcst:
740:44863193:d=2021122100:ALBDO:surface:0-3 hour ave fcst:
741:44911386:d=2021122100:ICETMP:surface:3 hour fcst:
742:44938088:d=2021122100:UGRD:PV=2e-06 (Km^2/kg/s) surface:3 hour fcst:
743:44980723:d=2021122100:VGRD:PV=2e-06 (Km^2/kg/s) surface:3 hour fcst:
744:45023091:d=2021122100:TMP:PV=2e-06 (Km^2/kg/s) surface:3 hour fcst:
745:45080714:d=2021122100:HGT:PV=2e-06 (Km^2/kg/s) surface:3 hour fcst:
746:45150805:d=2021122100:PRES:PV=2e-06 (Km^2/kg/s) surface:3 hour fcst:
747:45219592:d=2021122100:VWSH:PV=2e-06 (Km^2/kg/s) surface:3 hour fcst:
748:45253779:d=2021122100:UGRD:PV=-2e-06 (Km^2/kg/s) surface:3 hour fcst:
749:45297290:d=2021122100:VGRD:PV=-2e-06 (Km^2/kg/s) surface:3 hour fcst:
750:45339886:d=2021122100:TMP:PV=-2e-06 (Km^2/kg/s) surface:3 hour fcst:
751:45398816:d=2021122100:HGT:PV=-2e-06 (Km^2/kg/s) surface:3 hour fcst:
752:45469832:d=2021122100:PRES:PV=-2e-06 (Km^2/kg/s) surface:3 hour fcst:
753:45539496:d=2021122100:VWSH:PV=-2e-06 (Km^2/kg/s) surface:3 hour fcst:
+ exglobal_atmos_products.sh[122]true
+ exglobal_atmos_products.sh[123]export err=0
+ exglobal_atmos_products.sh[123]err=0
+ exglobal_atmos_products.sh[124][[ 0 -ne 0 ]]
+ exglobal_atmos_products.sh[127]input_file=tmpfile_f003_24
+ exglobal_atmos_products.sh[128]output_file_prefix=pgb2file_f003_24
+ exglobal_atmos_products.sh[129]echo '/work2/noaa/global/mterry/global-workflow_forked/ush/interp_atmos_master.sh tmpfile_f003_24 pgb2file_f003_24 0p25:0p50:1p00'
+ exglobal_atmos_products.sh[133][[ 753 -eq 753 ]]
+ exglobal_atmos_products.sh[134](( pproc = iproc+1  ))
+ exglobal_atmos_products.sh[134](( pproc < nproc  ))
+ exglobal_atmos_products.sh[137]break
+ exglobal_atmos_products.sh[142]/work2/noaa/global/mterry/global-workflow_forked/ush/run_mpmd.sh /work2/noaa/stmp/mterry/HERCULES/RUNDIRS/C96C48_hybatmDA/gdas.2021122100/atmos_products_f003.742205/poescript
+ bash[8]'[' -z '' ']'
+ bash[9]case "$-" in
+ bash[12]__lmod_vx=x
+ bash[16]'[' -n x ']'
+ bash[16]set +x
Shell debugging temporarily silenced: export LMOD_SH_DBG_ON=1 for this output (/apps/other/lmod/lmod/init/bash)
Shell debugging restarted
+ bash[224]unset __lmod_vx
+ run_mpmd.sh[31]source /work2/noaa/global/mterry/global-workflow_forked/ush/preamble.sh
++ preamble.sh[20]set +x
Begin run_mpmd.sh at Tue Jul 29 05:55:16 UTC 2025
+ run_mpmd.sh[33]cmdfile=/work2/noaa/stmp/mterry/HERCULES/RUNDIRS/C96C48_hybatmDA/gdas.2021122100/atmos_products_f003.742205/poescript
+ run_mpmd.sh[36][[ YES != \Y\E\S ]]
+ run_mpmd.sh[46]export OMP_NUM_THREADS=1
+ run_mpmd.sh[46]OMP_NUM_THREADS=1
++ run_mpmd.sh[49]wc -l
+ run_mpmd.sh[49]nprocs=24
+ run_mpmd.sh[52]mpmd_cmdfile=/work2/noaa/stmp/mterry/HERCULES/RUNDIRS/C96C48_hybatmDA/gdas.2021122100/atmos_products_f003.742205/mpmd_cmdfile
+ run_mpmd.sh[53][[ -s /work2/noaa/stmp/mterry/HERCULES/RUNDIRS/C96C48_hybatmDA/gdas.2021122100/atmos_products_f003.742205/mpmd_cmdfile ]]
+ run_mpmd.sh[55]cat
  INFO: Executing MPMD job, STDOUT redirected for each process separately
  INFO: On failure, logs for each job will be available in /work2/noaa/stmp/mterry/HERCULES/RUNDIRS/C96C48_hybatmDA/gdas.2021122100/atmos_products_f003.742205/mpmd.proc_num.out
  INFO: The proc_num corresponds to the line in '/work2/noaa/stmp/mterry/HERCULES/RUNDIRS/C96C48_hybatmDA/gdas.2021122100/atmos_products_f003.742205/mpmd_cmdfile'
+ run_mpmd.sh[61][[ srun -l --export=ALL --hint=nomultithread =~ ^srun.* ]]
+ run_mpmd.sh[65]nm=0
+ run_mpmd.sh[67]IFS=
+ run_mpmd.sh[67]read -r line
+ run_mpmd.sh[68]echo '0 /work2/noaa/global/mterry/global-workflow_forked/ush/interp_atmos_master.sh tmpfile_f003_1 pgb2file_f003_1 0p25:0p50:1p00'
+ run_mpmd.sh[69](( nm=nm+1 ))
+ run_mpmd.sh[67]IFS=
+ run_mpmd.sh[67]read -r line
+ run_mpmd.sh[68]echo '1 /work2/noaa/global/mterry/global-workflow_forked/ush/interp_atmos_master.sh tmpfile_f003_2 pgb2file_f003_2 0p25:0p50:1p00'
+ run_mpmd.sh[69](( nm=nm+1 ))
+ run_mpmd.sh[67]IFS=
+ run_mpmd.sh[67]read -r line
+ run_mpmd.sh[68]echo '2 /work2/noaa/global/mterry/global-workflow_forked/ush/interp_atmos_master.sh tmpfile_f003_3 pgb2file_f003_3 0p25:0p50:1p00'
+ run_mpmd.sh[69](( nm=nm+1 ))
+ run_mpmd.sh[67]IFS=
+ run_mpmd.sh[67]read -r line
+ run_mpmd.sh[68]echo '3 /work2/noaa/global/mterry/global-workflow_forked/ush/interp_atmos_master.sh tmpfile_f003_4 pgb2file_f003_4 0p25:0p50:1p00'
+ run_mpmd.sh[69](( nm=nm+1 ))
+ run_mpmd.sh[67]IFS=
+ run_mpmd.sh[67]read -r line
+ run_mpmd.sh[68]echo '4 /work2/noaa/global/mterry/global-workflow_forked/ush/interp_atmos_master.sh tmpfile_f003_5 pgb2file_f003_5 0p25:0p50:1p00'
+ run_mpmd.sh[69](( nm=nm+1 ))
+ run_mpmd.sh[67]IFS=
+ run_mpmd.sh[67]read -r line
+ run_mpmd.sh[68]echo '5 /work2/noaa/global/mterry/global-workflow_forked/ush/interp_atmos_master.sh tmpfile_f003_6 pgb2file_f003_6 0p25:0p50:1p00'
+ run_mpmd.sh[69](( nm=nm+1 ))
+ run_mpmd.sh[67]IFS=
+ run_mpmd.sh[67]read -r line
+ run_mpmd.sh[68]echo '6 /work2/noaa/global/mterry/global-workflow_forked/ush/interp_atmos_master.sh tmpfile_f003_7 pgb2file_f003_7 0p25:0p50:1p00'
+ run_mpmd.sh[69](( nm=nm+1 ))
+ run_mpmd.sh[67]IFS=
+ run_mpmd.sh[67]read -r line
+ run_mpmd.sh[68]echo '7 /work2/noaa/global/mterry/global-workflow_forked/ush/interp_atmos_master.sh tmpfile_f003_8 pgb2file_f003_8 0p25:0p50:1p00'
+ run_mpmd.sh[69](( nm=nm+1 ))
+ run_mpmd.sh[67]IFS=
+ run_mpmd.sh[67]read -r line
+ run_mpmd.sh[68]echo '8 /work2/noaa/global/mterry/global-workflow_forked/ush/interp_atmos_master.sh tmpfile_f003_9 pgb2file_f003_9 0p25:0p50:1p00'
+ run_mpmd.sh[69](( nm=nm+1 ))
+ run_mpmd.sh[67]IFS=
+ run_mpmd.sh[67]read -r line
+ run_mpmd.sh[68]echo '9 /work2/noaa/global/mterry/global-workflow_forked/ush/interp_atmos_master.sh tmpfile_f003_10 pgb2file_f003_10 0p25:0p50:1p00'
+ run_mpmd.sh[69](( nm=nm+1 ))
+ run_mpmd.sh[67]IFS=
+ run_mpmd.sh[67]read -r line
+ run_mpmd.sh[68]echo '10 /work2/noaa/global/mterry/global-workflow_forked/ush/interp_atmos_master.sh tmpfile_f003_11 pgb2file_f003_11 0p25:0p50:1p00'
+ run_mpmd.sh[69](( nm=nm+1 ))
+ run_mpmd.sh[67]IFS=
+ run_mpmd.sh[67]read -r line
+ run_mpmd.sh[68]echo '11 /work2/noaa/global/mterry/global-workflow_forked/ush/interp_atmos_master.sh tmpfile_f003_12 pgb2file_f003_12 0p25:0p50:1p00'
+ run_mpmd.sh[69](( nm=nm+1 ))
+ run_mpmd.sh[67]IFS=
+ run_mpmd.sh[67]read -r line
+ run_mpmd.sh[68]echo '12 /work2/noaa/global/mterry/global-workflow_forked/ush/interp_atmos_master.sh tmpfile_f003_13 pgb2file_f003_13 0p25:0p50:1p00'
+ run_mpmd.sh[69](( nm=nm+1 ))
+ run_mpmd.sh[67]IFS=
+ run_mpmd.sh[67]read -r line
+ run_mpmd.sh[68]echo '13 /work2/noaa/global/mterry/global-workflow_forked/ush/interp_atmos_master.sh tmpfile_f003_14 pgb2file_f003_14 0p25:0p50:1p00'
+ run_mpmd.sh[69](( nm=nm+1 ))
+ run_mpmd.sh[67]IFS=
+ run_mpmd.sh[67]read -r line
+ run_mpmd.sh[68]echo '14 /work2/noaa/global/mterry/global-workflow_forked/ush/interp_atmos_master.sh tmpfile_f003_15 pgb2file_f003_15 0p25:0p50:1p00'
+ run_mpmd.sh[69](( nm=nm+1 ))
+ run_mpmd.sh[67]IFS=
+ run_mpmd.sh[67]read -r line
+ run_mpmd.sh[68]echo '15 /work2/noaa/global/mterry/global-workflow_forked/ush/interp_atmos_master.sh tmpfile_f003_16 pgb2file_f003_16 0p25:0p50:1p00'
+ run_mpmd.sh[69](( nm=nm+1 ))
+ run_mpmd.sh[67]IFS=
+ run_mpmd.sh[67]read -r line
+ run_mpmd.sh[68]echo '16 /work2/noaa/global/mterry/global-workflow_forked/ush/interp_atmos_master.sh tmpfile_f003_17 pgb2file_f003_17 0p25:0p50:1p00'
+ run_mpmd.sh[69](( nm=nm+1 ))
+ run_mpmd.sh[67]IFS=
+ run_mpmd.sh[67]read -r line
+ run_mpmd.sh[68]echo '17 /work2/noaa/global/mterry/global-workflow_forked/ush/interp_atmos_master.sh tmpfile_f003_18 pgb2file_f003_18 0p25:0p50:1p00'
+ run_mpmd.sh[69](( nm=nm+1 ))
+ run_mpmd.sh[67]IFS=
+ run_mpmd.sh[67]read -r line
+ run_mpmd.sh[68]echo '18 /work2/noaa/global/mterry/global-workflow_forked/ush/interp_atmos_master.sh tmpfile_f003_19 pgb2file_f003_19 0p25:0p50:1p00'
+ run_mpmd.sh[69](( nm=nm+1 ))
+ run_mpmd.sh[67]IFS=
+ run_mpmd.sh[67]read -r line
+ run_mpmd.sh[68]echo '19 /work2/noaa/global/mterry/global-workflow_forked/ush/interp_atmos_master.sh tmpfile_f003_20 pgb2file_f003_20 0p25:0p50:1p00'
+ run_mpmd.sh[69](( nm=nm+1 ))
+ run_mpmd.sh[67]IFS=
+ run_mpmd.sh[67]read -r line
+ run_mpmd.sh[68]echo '20 /work2/noaa/global/mterry/global-workflow_forked/ush/interp_atmos_master.sh tmpfile_f003_21 pgb2file_f003_21 0p25:0p50:1p00'
+ run_mpmd.sh[69](( nm=nm+1 ))
+ run_mpmd.sh[67]IFS=
+ run_mpmd.sh[67]read -r line
+ run_mpmd.sh[68]echo '21 /work2/noaa/global/mterry/global-workflow_forked/ush/interp_atmos_master.sh tmpfile_f003_22 pgb2file_f003_22 0p25:0p50:1p00'
+ run_mpmd.sh[69](( nm=nm+1 ))
+ run_mpmd.sh[67]IFS=
+ run_mpmd.sh[67]read -r line
+ run_mpmd.sh[68]echo '22 /work2/noaa/global/mterry/global-workflow_forked/ush/interp_atmos_master.sh tmpfile_f003_23 pgb2file_f003_23 0p25:0p50:1p00'
+ run_mpmd.sh[69](( nm=nm+1 ))
+ run_mpmd.sh[67]IFS=
+ run_mpmd.sh[67]read -r line
+ run_mpmd.sh[68]echo '23 /work2/noaa/global/mterry/global-workflow_forked/ush/interp_atmos_master.sh tmpfile_f003_24 pgb2file_f003_24 0p25:0p50:1p00'
+ run_mpmd.sh[69](( nm=nm+1 ))
+ run_mpmd.sh[67]IFS=
+ run_mpmd.sh[67]read -r line
+ run_mpmd.sh[72]set +e
+ run_mpmd.sh[74]srun -l --export=ALL --hint=nomultithread --multi-prog --output=mpmd.%j.%t.out -n 24 /work2/noaa/stmp/mterry/HERCULES/RUNDIRS/C96C48_hybatmDA/gdas.2021122100/atmos_products_f003.742205/mpmd_cmdfile
+ run_mpmd.sh[75]err=0
+ run_mpmd.sh[76]set_strict
+ preamble.sh[35][[ YES == \Y\E\S ]]
+ preamble.sh[37]set -eu
+ run_mpmd.sh[103][[ 0 -eq 0 ]]
+ run_mpmd.sh[104]rm -f /work2/noaa/stmp/mterry/HERCULES/RUNDIRS/C96C48_hybatmDA/gdas.2021122100/atmos_products_f003.742205/mpmd_cmdfile
++ run_mpmd.sh[105]find . -name 'mpmd.*.out'
+ run_mpmd.sh[105]out_files='./mpmd.5952551.4.out
./mpmd.5952551.1.out
./mpmd.5952551.15.out
./mpmd.5952551.9.out
./mpmd.5952551.12.out
./mpmd.5952551.0.out
./mpmd.5952551.3.out
./mpmd.5952551.20.out
./mpmd.5952551.13.out
./mpmd.5952551.7.out
./mpmd.5952551.2.out
./mpmd.5952551.23.out
./mpmd.5952551.18.out
./mpmd.5952551.8.out
./mpmd.5952551.22.out
./mpmd.5952551.19.out
./mpmd.5952551.10.out
./mpmd.5952551.17.out
./mpmd.5952551.6.out
./mpmd.5952551.14.out
./mpmd.5952551.16.out
./mpmd.5952551.5.out
./mpmd.5952551.21.out
./mpmd.5952551.11.out'
+ run_mpmd.sh[106]for file in ${out_files}
+ run_mpmd.sh[107]cat ./mpmd.5952551.4.out
+ run_mpmd.sh[108]rm -f ./mpmd.5952551.4.out
+ run_mpmd.sh[106]for file in ${out_files}
+ run_mpmd.sh[107]cat ./mpmd.5952551.1.out
+ run_mpmd.sh[108]rm -f ./mpmd.5952551.1.out
+ run_mpmd.sh[106]for file in ${out_files}
+ run_mpmd.sh[107]cat ./mpmd.5952551.15.out
+ run_mpmd.sh[108]rm -f ./mpmd.5952551.15.out
+ run_mpmd.sh[106]for file in ${out_files}
+ run_mpmd.sh[107]cat ./mpmd.5952551.9.out
+ run_mpmd.sh[108]rm -f ./mpmd.5952551.9.out
+ run_mpmd.sh[106]for file in ${out_files}
+ run_mpmd.sh[107]cat ./mpmd.5952551.12.out
+ run_mpmd.sh[108]rm -f ./mpmd.5952551.12.out
+ run_mpmd.sh[106]for file in ${out_files}
+ run_mpmd.sh[107]cat ./mpmd.5952551.0.out
+ run_mpmd.sh[108]rm -f ./mpmd.5952551.0.out
+ run_mpmd.sh[106]for file in ${out_files}
+ run_mpmd.sh[107]cat ./mpmd.5952551.3.out
+ run_mpmd.sh[108]rm -f ./mpmd.5952551.3.out
+ run_mpmd.sh[106]for file in ${out_files}
+ run_mpmd.sh[107]cat ./mpmd.5952551.20.out
+ run_mpmd.sh[108]rm -f ./mpmd.5952551.20.out
+ run_mpmd.sh[106]for file in ${out_files}
+ run_mpmd.sh[107]cat ./mpmd.5952551.13.out
+ run_mpmd.sh[108]rm -f ./mpmd.5952551.13.out
+ run_mpmd.sh[106]for file in ${out_files}
+ run_mpmd.sh[107]cat ./mpmd.5952551.7.out
+ run_mpmd.sh[108]rm -f ./mpmd.5952551.7.out
+ run_mpmd.sh[106]for file in ${out_files}
+ run_mpmd.sh[107]cat ./mpmd.5952551.2.out
+ run_mpmd.sh[108]rm -f ./mpmd.5952551.2.out
+ run_mpmd.sh[106]for file in ${out_files}
+ run_mpmd.sh[107]cat ./mpmd.5952551.23.out
+ run_mpmd.sh[108]rm -f ./mpmd.5952551.23.out
+ run_mpmd.sh[106]for file in ${out_files}
+ run_mpmd.sh[107]cat ./mpmd.5952551.18.out
+ run_mpmd.sh[108]rm -f ./mpmd.5952551.18.out
+ run_mpmd.sh[106]for file in ${out_files}
+ run_mpmd.sh[107]cat ./mpmd.5952551.8.out
+ run_mpmd.sh[108]rm -f ./mpmd.5952551.8.out
+ run_mpmd.sh[106]for file in ${out_files}
+ run_mpmd.sh[107]cat ./mpmd.5952551.22.out
+ run_mpmd.sh[108]rm -f ./mpmd.5952551.22.out
+ run_mpmd.sh[106]for file in ${out_files}
+ run_mpmd.sh[107]cat ./mpmd.5952551.19.out
+ run_mpmd.sh[108]rm -f ./mpmd.5952551.19.out
+ run_mpmd.sh[106]for file in ${out_files}
+ run_mpmd.sh[107]cat ./mpmd.5952551.10.out
+ run_mpmd.sh[108]rm -f ./mpmd.5952551.10.out
+ run_mpmd.sh[106]for file in ${out_files}
+ run_mpmd.sh[107]cat ./mpmd.5952551.17.out
+ run_mpmd.sh[108]rm -f ./mpmd.5952551.17.out
+ run_mpmd.sh[106]for file in ${out_files}
+ run_mpmd.sh[107]cat ./mpmd.5952551.6.out
+ run_mpmd.sh[108]rm -f ./mpmd.5952551.6.out
+ run_mpmd.sh[106]for file in ${out_files}
+ run_mpmd.sh[107]cat ./mpmd.5952551.14.out
+ run_mpmd.sh[108]rm -f ./mpmd.5952551.14.out
+ run_mpmd.sh[106]for file in ${out_files}
+ run_mpmd.sh[107]cat ./mpmd.5952551.16.out
+ run_mpmd.sh[108]rm -f ./mpmd.5952551.16.out
+ run_mpmd.sh[106]for file in ${out_files}
+ run_mpmd.sh[107]cat ./mpmd.5952551.5.out
+ run_mpmd.sh[108]rm -f ./mpmd.5952551.5.out
+ run_mpmd.sh[106]for file in ${out_files}
+ run_mpmd.sh[107]cat ./mpmd.5952551.21.out
+ run_mpmd.sh[108]rm -f ./mpmd.5952551.21.out
+ run_mpmd.sh[106]for file in ${out_files}
+ run_mpmd.sh[107]cat ./mpmd.5952551.11.out
+ run_mpmd.sh[108]rm -f ./mpmd.5952551.11.out
+ run_mpmd.sh[110]cat mpmd.out
 4: + bash[8]'[' -z '' ']'
 4: + bash[9]case "$-" in
 4: + bash[12]__lmod_vx=x
 4: + bash[16]'[' -n x ']'
 4: + bash[16]set +x
 4: Shell debugging temporarily silenced: export LMOD_SH_DBG_ON=1 for this output (/apps/other/lmod/lmod/init/bash)
 4: Shell debugging restarted
 4: + bash[224]unset __lmod_vx
 4: + interp_atmos_master.sh[7]input_file=tmpfile_f003_5
 4: + interp_atmos_master.sh[8]output_file_prefix=pgb2file_f003_5
 4: + interp_atmos_master.sh[9]grid_string=0p25:0p50:1p00
 4: + interp_atmos_master.sh[12]defaults='-set_grib_type same -set_bitmap 1 -set_grib_max_bits 16'
 4: + interp_atmos_master.sh[13]interp_winds='-new_grid_winds earth'
 4: + interp_atmos_master.sh[14]interp_bilinear='-new_grid_interpolation bilinear'
 4: + interp_atmos_master.sh[15]interp_neighbor='-if :(CSNOW|CRAIN|CFRZR|CICEP|ICSEV): -new_grid_interpolation neighbor -fi'
 4: + interp_atmos_master.sh[16]interp_budget='-if :(APCP|ACPCP|PRATE|CPRAT|DZDT): -new_grid_interpolation budget -fi'
 4: + interp_atmos_master.sh[17]increased_bits='-if :(APCP|ACPCP|PRATE|CPRAT): -set_grib_max_bits 25 -fi'
 4: + interp_atmos_master.sh[21]grid0p25='latlon 0:1440:0.25 90:721:-0.25'
 4: + interp_atmos_master.sh[23]grid0p50='latlon 0:720:0.5 90:361:-0.5'
 4: + interp_atmos_master.sh[25]grid1p00='latlon 0:360:1.0 90:181:-1.0'
 4: + interp_atmos_master.sh[28]source /work2/noaa/global/mterry/global-workflow_forked/ush/product_functions.sh
 4: + interp_atmos_master.sh[31]IFS=:
 4: + interp_atmos_master.sh[31]read -ra grids
 4: + interp_atmos_master.sh[33]output_grids=
 4: + interp_atmos_master.sh[34]for grid in "${grids[@]}"
 4: + interp_atmos_master.sh[35]gridopt=grid0p25
 4: + interp_atmos_master.sh[36]output_grids=' -new_grid latlon 0:1440:0.25 90:721:-0.25 pgb2file_f003_5_0p25'
 4: + interp_atmos_master.sh[34]for grid in "${grids[@]}"
 4: + interp_atmos_master.sh[35]gridopt=grid0p50
 4: + interp_atmos_master.sh[36]output_grids=' -new_grid latlon 0:1440:0.25 90:721:-0.25 pgb2file_f003_5_0p25 -new_grid latlon 0:720:0.5 90:361:-0.5 pgb2file_f003_5_0p50'
 4: + interp_atmos_master.sh[34]for grid in "${grids[@]}"
 4: + interp_atmos_master.sh[35]gridopt=grid1p00
 4: + interp_atmos_master.sh[36]output_grids=' -new_grid latlon 0:1440:0.25 90:721:-0.25 pgb2file_f003_5_0p25 -new_grid latlon 0:720:0.5 90:361:-0.5 pgb2file_f003_5_0p50 -new_grid latlon 0:360:1.0 90:181:-1.0 pgb2file_f003_5_1p00'
 4: + interp_atmos_master.sh[40]wgrib2 tmpfile_f003_5 -set_grib_type same -set_bitmap 1 -set_grib_max_bits 16 -new_grid_winds earth -new_grid_interpolation bilinear -if ':(CSNOW|CRAIN|CFRZR|CICEP|ICSEV):' -new_grid_interpolation neighbor -fi -if ':(APCP|ACPCP|PRATE|CPRAT|DZDT):' -new_grid_interpolation budget -fi -if ':(APCP|ACPCP|PRATE|CPRAT):' -set_grib_max_bits 25 -fi -new_grid latlon 0:1440:0.25 90:721:-0.25 pgb2file_f003_5_0p25 -new_grid latlon 0:720:0.5 90:361:-0.5 pgb2file_f003_5_0p50 -new_grid latlon 0:360:1.0 90:181:-1.0 pgb2file_f003_5_1p00
 4: 1:0:d=2021122100:TMP:5 mb:3 hour fcst:
 4: 2:62170:d=2021122100:RH:5 mb:3 hour fcst:
 4: 3:70241:d=2021122100:SPFH:5 mb:3 hour fcst:
 4: 4:132145:d=2021122100:VVEL:5 mb:3 hour fcst:
 4: 5:233591:d=2021122100:DZDT:5 mb:3 hour fcst:
 4: 6:344262:d=2021122100:UGRD:5 mb:3 hour fcst:
 4: 7:384726:d=2021122100:VGRD:5 mb:3 hour fcst:
 4: 8:422463:d=2021122100:ABSV:5 mb:3 hour fcst:
 4: 9:493120:d=2021122100:O3MR:5 mb:3 hour fcst:
 4: 10:573918:d=2021122100:HGT:7 mb:3 hour fcst:
 4: 11:636319:d=2021122100:TMP:7 mb:3 hour fcst:
 4: 12:697632:d=2021122100:RH:7 mb:3 hour fcst:
 4: 13:709845:d=2021122100:SPFH:7 mb:3 hour fcst:
 4: 14:760953:d=2021122100:VVEL:7 mb:3 hour fcst:
 4: 15:865762:d=2021122100:DZDT:7 mb:3 hour fcst:
 4: 16:974118:d=2021122100:UGRD:7 mb:3 hour fcst:
 4: 17:1013796:d=2021122100:VGRD:7 mb:3 hour fcst:
 4: 18:1051377:d=2021122100:ABSV:7 mb:3 hour fcst:
 4: 19:1122233:d=2021122100:O3MR:7 mb:3 hour fcst:
 4: 20:1204072:d=2021122100:HGT:10 mb:3 hour fcst:
 4: 21:1265567:d=2021122100:TMP:10 mb:3 hour fcst:
 4: 22:1325764:d=2021122100:RH:10 mb:3 hour fcst:
 4: 23:1332215:d=2021122100:SPFH:10 mb:3 hour fcst:
 4: 24:1383668:d=2021122100:VVEL:10 mb:3 hour fcst:
 4: 25:1492767:d=2021122100:DZDT:10 mb:3 hour fcst:
 4: 26:1601362:d=2021122100:UGRD:10 mb:3 hour fcst:
 4: 27:1641566:d=2021122100:VGRD:10 mb:3 hour fcst:
 4: 28:1679804:d=2021122100:ABSV:10 mb:3 hour fcst:
 4: 29:1752031:d=2021122100:O3MR:10 mb:3 hour fcst:
 4: 30:1838239:d=2021122100:HGT:15 mb:3 hour fcst:
 4: 31:1898013:d=2021122100:TMP:15 mb:3 hour fcst:
 4: + interp_atmos_master.sh[47]export err=0
 4: + interp_atmos_master.sh[47]err=0
 4: + interp_atmos_master.sh[48][[ 0 -ne 0 ]]
 4: + interp_atmos_master.sh[54]for grid in "${grids[@]}"
 4: + interp_atmos_master.sh[55]trim_rh pgb2file_f003_5_0p25
 4: + product_functions.sh[5]local filename=pgb2file_f003_5_0p25
 4: + product_functions.sh[6]wgrib2 pgb2file_f003_5_0p25 -not_if :RH: -grib pgb2file_f003_5_0p25.new -if :RH: -rpn '10:*:0.5:+:floor:1000:min:10:/' -set_grib_type same -set_scaling -1 0 -grib_out pgb2file_f003_5_0p25.new
 4: 1:0:d=2021122100:TMP:5 mb:3 hour fcst:
 4: 2:478328:d=2021122100:RH:5 mb:3 hour fcst:
 4: 3:537045:d=2021122100:SPFH:5 mb:3 hour fcst:
 4: 4:1034230:d=2021122100:VVEL:5 mb:3 hour fcst:
 4: 5:1986994:d=2021122100:DZDT:5 mb:3 hour fcst:
 4: 6:3039645:d=2021122100:UGRD:5 mb:3 hour fcst:
 4: 7:3347501:d=2021122100:VGRD:5 mb:3 hour fcst:
 4: 8:3636642:d=2021122100:ABSV:5 mb:3 hour fcst:
 4: 9:4184487:d=2021122100:O3MR:5 mb:3 hour fcst:
 4: 10:4860137:d=2021122100:HGT:7 mb:3 hour fcst:
 4: 11:5331831:d=2021122100:TMP:7 mb:3 hour fcst:
 4: 12:5797461:d=2021122100:RH:7 mb:3 hour fcst:
 4: 13:5884121:d=2021122100:SPFH:7 mb:3 hour fcst:
 4: 14:6287030:d=2021122100:VVEL:7 mb:3 hour fcst:
 4: 15:7282671:d=2021122100:DZDT:7 mb:3 hour fcst:
 4: 16:8305622:d=2021122100:UGRD:7 mb:3 hour fcst:
 4: 17:8608063:d=2021122100:VGRD:7 mb:3 hour fcst:
 4: 18:8899095:d=2021122100:ABSV:7 mb:3 hour fcst:
 4: 19:9453397:d=2021122100:O3MR:7 mb:3 hour fcst:
 4: 20:10150629:d=2021122100:HGT:10 mb:3 hour fcst:
 4: 21:10613054:d=2021122100:TMP:10 mb:3 hour fcst:
 4: 22:11069092:d=2021122100:RH:10 mb:3 hour fcst:
 4: 23:11119139:d=2021122100:SPFH:10 mb:3 hour fcst:
 4: 24:11525288:d=2021122100:VVEL:10 mb:3 hour fcst:
 4: 25:12576448:d=2021122100:DZDT:10 mb:3 hour fcst:
 4: 26:13590175:d=2021122100:UGRD:10 mb:3 hour fcst:
 4: 27:13893950:d=2021122100:VGRD:10 mb:3 hour fcst:
 4: 28:14189313:d=2021122100:ABSV:10 mb:3 hour fcst:
 4: 29:14755640:d=2021122100:O3MR:10 mb:3 hour fcst:
 4: 30:15504784:d=2021122100:HGT:15 mb:3 hour fcst:
 4: 31:15959464:d=2021122100:TMP:15 mb:3 hour fcst:
 4: + product_functions.sh[10]rc=0
 4: + product_functions.sh[11]((  rc == 0  ))
 4: + product_functions.sh[11]mv pgb2file_f003_5_0p25.new pgb2file_f003_5_0p25
 4: + product_functions.sh[12]return 0
 4: + interp_atmos_master.sh[56]export err=0
 4: + interp_atmos_master.sh[56]err=0
 4: + interp_atmos_master.sh[57][[ 0 -ne 0 ]]
 4: ++ interp_atmos_master.sh[62]wc -l
 4: ++ interp_atmos_master.sh[62]wgrib2 pgb2file_f003_5_0p25 -match 'LAND|ICEC'
 4: + interp_atmos_master.sh[62]var_count=0
 4: + interp_atmos_master.sh[63][[ 0 -eq 2 ]]
 4: + interp_atmos_master.sh[54]for grid in "${grids[@]}"
 4: + interp_atmos_master.sh[55]trim_rh pgb2file_f003_5_0p50
 4: + product_functions.sh[5]local filename=pgb2file_f003_5_0p50
 4: + product_functions.sh[6]wgrib2 pgb2file_f003_5_0p50 -not_if :RH: -grib pgb2file_f003_5_0p50.new -if :RH: -rpn '10:*:0.5:+:floor:1000:min:10:/' -set_grib_type same -set_scaling -1 0 -grib_out pgb2file_f003_5_0p50.new
 4: 1:0:d=2021122100:TMP:5 mb:3 hour fcst:
 4: 2:157919:d=2021122100:RH:5 mb:3 hour fcst:
 4: 3:177275:d=2021122100:SPFH:5 mb:3 hour fcst:
 4: 4:334732:d=2021122100:VVEL:5 mb:3 hour fcst:
 4: 5:622510:d=2021122100:DZDT:5 mb:3 hour fcst:
 4: 6:934720:d=2021122100:UGRD:5 mb:3 hour fcst:
 4: 7:1032580:d=2021122100:VGRD:5 mb:3 hour fcst:
 4: 8:1123536:d=2021122100:ABSV:5 mb:3 hour fcst:
 4: 9:1303392:d=2021122100:O3MR:5 mb:3 hour fcst:
 4: 10:1517192:d=2021122100:HGT:7 mb:3 hour fcst:
 4: 11:1672838:d=2021122100:TMP:7 mb:3 hour fcst:
 4: 12:1826347:d=2021122100:RH:7 mb:3 hour fcst:
 4: 13:1855174:d=2021122100:SPFH:7 mb:3 hour fcst:
 4: 14:1980548:d=2021122100:VVEL:7 mb:3 hour fcst:
 4: 15:2277918:d=2021122100:DZDT:7 mb:3 hour fcst:
 4: 16:2581500:d=2021122100:UGRD:7 mb:3 hour fcst:
 4: 17:2678150:d=2021122100:VGRD:7 mb:3 hour fcst:
 4: 18:2769735:d=2021122100:ABSV:7 mb:3 hour fcst:
 4: 19:2949743:d=2021122100:O3MR:7 mb:3 hour fcst:
 4: 20:3169682:d=2021122100:HGT:10 mb:3 hour fcst:
 4: 21:3322360:d=2021122100:TMP:10 mb:3 hour fcst:
 4: 22:3474015:d=2021122100:RH:10 mb:3 hour fcst:
 4: 23:3489616:d=2021122100:SPFH:10 mb:3 hour fcst:
 4: 24:3618850:d=2021122100:VVEL:10 mb:3 hour fcst:
 4: 25:3929716:d=2021122100:DZDT:10 mb:3 hour fcst:
 4: 26:4230201:d=2021122100:UGRD:10 mb:3 hour fcst:
 4: 27:4327473:d=2021122100:VGRD:10 mb:3 hour fcst:
 4: 28:4420899:d=2021122100:ABSV:10 mb:3 hour fcst:
 4: 29:4605565:d=2021122100:O3MR:10 mb:3 hour fcst:
 4: 30:4838564:d=2021122100:HGT:15 mb:3 hour fcst:
 4: 31:4988560:d=2021122100:TMP:15 mb:3 hour fcst:
 4: + product_functions.sh[10]rc=0
 4: + product_functions.sh[11]((  rc == 0  ))
 4: + product_functions.sh[11]mv pgb2file_f003_5_0p50.new pgb2file_f003_5_0p50
 4: + product_functions.sh[12]return 0
 4: + interp_atmos_master.sh[56]export err=0
 4: + interp_atmos_master.sh[56]err=0
 4: + interp_atmos_master.sh[57][[ 0 -ne 0 ]]
 4: ++ interp_atmos_master.sh[62]wc -l
 4: ++ interp_atmos_master.sh[62]wgrib2 pgb2file_f003_5_0p50 -match 'LAND|ICEC'
 4: + interp_atmos_master.sh[62]var_count=0
 4: + interp_atmos_master.sh[63][[ 0 -eq 2 ]]
 4: + interp_atmos_master.sh[54]for grid in "${grids[@]}"
 4: + interp_atmos_master.sh[55]trim_rh pgb2file_f003_5_1p00
 4: + product_functions.sh[5]local filename=pgb2file_f003_5_1p00
 4: + product_functions.sh[6]wgrib2 pgb2file_f003_5_1p00 -not_if :RH: -grib pgb2file_f003_5_1p00.new -if :RH: -rpn '10:*:0.5:+:floor:1000:min:10:/' -set_grib_type same -set_scaling -1 0 -grib_out pgb2file_f003_5_1p00.new
 4: 1:0:d=2021122100:TMP:5 mb:3 hour fcst:
 4: 2:51503:d=2021122100:RH:5 mb:3 hour fcst:
 4: 3:58106:d=2021122100:SPFH:5 mb:3 hour fcst:
 4: 4:109246:d=2021122100:VVEL:5 mb:3 hour fcst:
 4: 5:194476:d=2021122100:DZDT:5 mb:3 hour fcst:
 4: 6:286031:d=2021122100:UGRD:5 mb:3 hour fcst:
 4: 7:320309:d=2021122100:VGRD:5 mb:3 hour fcst:
 4: 8:352097:d=2021122100:ABSV:5 mb:3 hour fcst:
 4: 9:409305:d=2021122100:O3MR:5 mb:3 hour fcst:
 4: 10:475976:d=2021122100:HGT:7 mb:3 hour fcst:
 4: 11:526770:d=2021122100:TMP:7 mb:3 hour fcst:
 4: 12:577103:d=2021122100:RH:7 mb:3 hour fcst:
 4: 13:586993:d=2021122100:SPFH:7 mb:3 hour fcst:
 4: 14:628526:d=2021122100:VVEL:7 mb:3 hour fcst:
 4: 15:716009:d=2021122100:DZDT:7 mb:3 hour fcst:
 4: 16:805553:d=2021122100:UGRD:7 mb:3 hour fcst:
 4: 17:838951:d=2021122100:VGRD:7 mb:3 hour fcst:
 4: 18:870692:d=2021122100:ABSV:7 mb:3 hour fcst:
 4: 19:928249:d=2021122100:O3MR:7 mb:3 hour fcst:
 4: 20:996069:d=2021122100:HGT:10 mb:3 hour fcst:
 4: 21:1045977:d=2021122100:TMP:10 mb:3 hour fcst:
 4: 22:1095830:d=2021122100:RH:10 mb:3 hour fcst:
 4: 23:1101057:d=2021122100:SPFH:10 mb:3 hour fcst:
 4: 24:1143942:d=2021122100:VVEL:10 mb:3 hour fcst:
 4: 25:1234904:d=2021122100:DZDT:10 mb:3 hour fcst:
 4: 26:1323507:d=2021122100:UGRD:10 mb:3 hour fcst:
 4: 27:1357075:d=2021122100:VGRD:10 mb:3 hour fcst:
 4: 28:1389377:d=2021122100:ABSV:10 mb:3 hour fcst:
 4: 29:1447850:d=2021122100:O3MR:10 mb:3 hour fcst:
 4: 30:1519203:d=2021122100:HGT:15 mb:3 hour fcst:
 4: 31:1568222:d=2021122100:TMP:15 mb:3 hour fcst:
 4: + product_functions.sh[10]rc=0
 4: + product_functions.sh[11]((  rc == 0  ))
 4: + product_functions.sh[11]mv pgb2file_f003_5_1p00.new pgb2file_f003_5_1p00
 4: + product_functions.sh[12]return 0
 4: + interp_atmos_master.sh[56]export err=0
 4: + interp_atmos_master.sh[56]err=0
 4: + interp_atmos_master.sh[57][[ 0 -ne 0 ]]
 4: ++ interp_atmos_master.sh[62]wc -l
 4: ++ interp_atmos_master.sh[62]wgrib2 pgb2file_f003_5_1p00 -match 'LAND|ICEC'
 4: + interp_atmos_master.sh[62]var_count=0
 4: + interp_atmos_master.sh[63][[ 0 -eq 2 ]]
 4: + interp_atmos_master.sh[73]exit 0
 1: + bash[8]'[' -z '' ']'
 1: + bash[9]case "$-" in
 1: + bash[12]__lmod_vx=x
 1: + bash[16]'[' -n x ']'
 1: + bash[16]set +x
 1: Shell debugging temporarily silenced: export LMOD_SH_DBG_ON=1 for this output (/apps/other/lmod/lmod/init/bash)
 1: Shell debugging restarted
 1: + bash[224]unset __lmod_vx
 1: + interp_atmos_master.sh[7]input_file=tmpfile_f003_2
 1: + interp_atmos_master.sh[8]output_file_prefix=pgb2file_f003_2
 1: + interp_atmos_master.sh[9]grid_string=0p25:0p50:1p00
 1: + interp_atmos_master.sh[12]defaults='-set_grib_type same -set_bitmap 1 -set_grib_max_bits 16'
 1: + interp_atmos_master.sh[13]interp_winds='-new_grid_winds earth'
 1: + interp_atmos_master.sh[14]interp_bilinear='-new_grid_interpolation bilinear'
 1: + interp_atmos_master.sh[15]interp_neighbor='-if :(CSNOW|CRAIN|CFRZR|CICEP|ICSEV): -new_grid_interpolation neighbor -fi'
 1: + interp_atmos_master.sh[16]interp_budget='-if :(APCP|ACPCP|PRATE|CPRAT|DZDT): -new_grid_interpolation budget -fi'
 1: + interp_atmos_master.sh[17]increased_bits='-if :(APCP|ACPCP|PRATE|CPRAT): -set_grib_max_bits 25 -fi'
 1: + interp_atmos_master.sh[21]grid0p25='latlon 0:1440:0.25 90:721:-0.25'
 1: + interp_atmos_master.sh[23]grid0p50='latlon 0:720:0.5 90:361:-0.5'
 1: + interp_atmos_master.sh[25]grid1p00='latlon 0:360:1.0 90:181:-1.0'
 1: + interp_atmos_master.sh[28]source /work2/noaa/global/mterry/global-workflow_forked/ush/product_functions.sh
 1: + interp_atmos_master.sh[31]IFS=:
 1: + interp_atmos_master.sh[31]read -ra grids
 1: + interp_atmos_master.sh[33]output_grids=
 1: + interp_atmos_master.sh[34]for grid in "${grids[@]}"
 1: + interp_atmos_master.sh[35]gridopt=grid0p25
 1: + interp_atmos_master.sh[36]output_grids=' -new_grid latlon 0:1440:0.25 90:721:-0.25 pgb2file_f003_2_0p25'
 1: + interp_atmos_master.sh[34]for grid in "${grids[@]}"
 1: + interp_atmos_master.sh[35]gridopt=grid0p50
 1: + interp_atmos_master.sh[36]output_grids=' -new_grid latlon 0:1440:0.25 90:721:-0.25 pgb2file_f003_2_0p25 -new_grid latlon 0:720:0.5 90:361:-0.5 pgb2file_f003_2_0p50'
 1: + interp_atmos_master.sh[34]for grid in "${grids[@]}"
 1: + interp_atmos_master.sh[35]gridopt=grid1p00
 1: + interp_atmos_master.sh[36]output_grids=' -new_grid latlon 0:1440:0.25 90:721:-0.25 pgb2file_f003_2_0p25 -new_grid latlon 0:720:0.5 90:361:-0.5 pgb2file_f003_2_0p50 -new_grid latlon 0:360:1.0 90:181:-1.0 pgb2file_f003_2_1p00'
 1: + interp_atmos_master.sh[40]wgrib2 tmpfile_f003_2 -set_grib_type same -set_bitmap 1 -set_grib_max_bits 16 -new_grid_winds earth -new_grid_interpolation bilinear -if ':(CSNOW|CRAIN|CFRZR|CICEP|ICSEV):' -new_grid_interpolation neighbor -fi -if ':(APCP|ACPCP|PRATE|CPRAT|DZDT):' -new_grid_interpolation budget -fi -if ':(APCP|ACPCP|PRATE|CPRAT):' -set_grib_max_bits 25 -fi -new_grid latlon 0:1440:0.25 90:721:-0.25 pgb2file_f003_2_0p25 -new_grid latlon 0:720:0.5 90:361:-0.5 pgb2file_f003_2_0p50 -new_grid latlon 0:360:1.0 90:181:-1.0 pgb2file_f003_2_1p00
 1: 1:0:d=2021122100:ABSV:0.02 mb:3 hour fcst:
 1: 2:75456:d=2021122100:O3MR:0.02 mb:3 hour fcst:
 1: 3:146065:d=2021122100:HGT:0.04 mb:3 hour fcst:
 1: 4:216910:d=2021122100:TMP:0.04 mb:3 hour fcst:
 1: 5:287055:d=2021122100:RH:0.04 mb:3 hour fcst:
 1: 6:311900:d=2021122100:SPFH:0.04 mb:3 hour fcst:
 1: 7:370912:d=2021122100:VVEL:0.04 mb:3 hour fcst:
 1: 8:462781:d=2021122100:DZDT:0.04 mb:3 hour fcst:
 1: 9:579517:d=2021122100:UGRD:0.04 mb:3 hour fcst:
 1: 10:629328:d=2021122100:VGRD:0.04 mb:3 hour fcst:
 1: 11:674225:d=2021122100:ABSV:0.04 mb:3 hour fcst:
 1: 12:750425:d=2021122100:O3MR:0.04 mb:3 hour fcst:
 1: 13:822999:d=2021122100:HGT:0.07 mb:3 hour fcst:
 1: 14:891302:d=2021122100:TMP:0.07 mb:3 hour fcst:
 1: 15:959794:d=2021122100:RH:0.07 mb:3 hour fcst:
 1: 16:981028:d=2021122100:SPFH:0.07 mb:3 hour fcst:
 1: 17:1041449:d=2021122100:VVEL:0.07 mb:3 hour fcst:
 1: 18:1137901:d=2021122100:DZDT:0.07 mb:3 hour fcst:
 1: 19:1248068:d=2021122100:UGRD:0.07 mb:3 hour fcst:
 1: 20:1297361:d=2021122100:VGRD:0.07 mb:3 hour fcst:
 1: 21:1342950:d=2021122100:ABSV:0.07 mb:3 hour fcst:
 1: 22:1418491:d=2021122100:O3MR:0.07 mb:3 hour fcst:
 1: 23:1474269:d=2021122100:HGT:0.1 mb:3 hour fcst:
 1: 24:1541823:d=2021122100:TMP:0.1 mb:3 hour fcst:
 1: 25:1607728:d=2021122100:RH:0.1 mb:3 hour fcst:
 1: 26:1625958:d=2021122100:SPFH:0.1 mb:3 hour fcst:
 1: 27:1689561:d=2021122100:VVEL:0.1 mb:3 hour fcst:
 1: 28:1788174:d=2021122100:DZDT:0.1 mb:3 hour fcst:
 1: 29:1899205:d=2021122100:UGRD:0.1 mb:3 hour fcst:
 1: 30:1947327:d=2021122100:VGRD:0.1 mb:3 hour fcst:
 1: 31:1990496:d=2021122100:ABSV:0.1 mb:3 hour fcst:
 1: + interp_atmos_master.sh[47]export err=0
 1: + interp_atmos_master.sh[47]err=0
 1: + interp_atmos_master.sh[48][[ 0 -ne 0 ]]
 1: + interp_atmos_master.sh[54]for grid in "${grids[@]}"
 1: + interp_atmos_master.sh[55]trim_rh pgb2file_f003_2_0p25
 1: + product_functions.sh[5]local filename=pgb2file_f003_2_0p25
 1: + product_functions.sh[6]wgrib2 pgb2file_f003_2_0p25 -not_if :RH: -grib pgb2file_f003_2_0p25.new -if :RH: -rpn '10:*:0.5:+:floor:1000:min:10:/' -set_grib_type same -set_scaling -1 0 -grib_out pgb2file_f003_2_0p25.new
 1: 1:0:d=2021122100:ABSV:0.02 mb:3 hour fcst:
 1: 2:607814:d=2021122100:O3MR:0.02 mb:3 hour fcst:
 1: 3:1158463:d=2021122100:HGT:0.04 mb:3 hour fcst:
 1: 4:1727801:d=2021122100:TMP:0.04 mb:3 hour fcst:
 1: 5:2295967:d=2021122100:RH:0.04 mb:3 hour fcst:
 1: 6:2505801:d=2021122100:SPFH:0.04 mb:3 hour fcst:
 1: 7:2960341:d=2021122100:VVEL:0.04 mb:3 hour fcst:
 1: 8:3788227:d=2021122100:DZDT:0.04 mb:3 hour fcst:
 1: 9:4916954:d=2021122100:UGRD:0.04 mb:3 hour fcst:
 1: 10:5276758:d=2021122100:VGRD:0.04 mb:3 hour fcst:
 1: 11:5602701:d=2021122100:ABSV:0.04 mb:3 hour fcst:
 1: 12:6220471:d=2021122100:O3MR:0.04 mb:3 hour fcst:
 1: 13:6805467:d=2021122100:HGT:0.07 mb:3 hour fcst:
 1: 14:7346640:d=2021122100:TMP:0.07 mb:3 hour fcst:
 1: 15:7892099:d=2021122100:RH:0.07 mb:3 hour fcst:
 1: 16:8075707:d=2021122100:SPFH:0.07 mb:3 hour fcst:
 1: 17:8586920:d=2021122100:VVEL:0.07 mb:3 hour fcst:
 1: 18:9474934:d=2021122100:DZDT:0.07 mb:3 hour fcst:
 1: 19:10510682:d=2021122100:UGRD:0.07 mb:3 hour fcst:
 1: 20:10871049:d=2021122100:VGRD:0.07 mb:3 hour fcst:
 1: 21:11197771:d=2021122100:ABSV:0.07 mb:3 hour fcst:
 1: 22:11801586:d=2021122100:O3MR:0.07 mb:3 hour fcst:
 1: 23:12212356:d=2021122100:HGT:0.1 mb:3 hour fcst:
 1: 24:12744951:d=2021122100:TMP:0.1 mb:3 hour fcst:
 1: 25:13260884:d=2021122100:RH:0.1 mb:3 hour fcst:
 1: 26:13392215:d=2021122100:SPFH:0.1 mb:3 hour fcst:
 1: 27:13943320:d=2021122100:VVEL:0.1 mb:3 hour fcst:
 1: 28:14865293:d=2021122100:DZDT:0.1 mb:3 hour fcst:
 1: 29:15919376:d=2021122100:UGRD:0.1 mb:3 hour fcst:
 1: 30:16268624:d=2021122100:VGRD:0.1 mb:3 hour fcst:
 1: 31:16585537:d=2021122100:ABSV:0.1 mb:3 hour fcst:
 1: + product_functions.sh[10]rc=0
 1: + product_functions.sh[11]((  rc == 0  ))
 1: + product_functions.sh[11]mv pgb2file_f003_2_0p25.new pgb2file_f003_2_0p25
 1: + product_functions.sh[12]return 0
 1: + interp_atmos_master.sh[56]export err=0
 1: + interp_atmos_master.sh[56]err=0
 1: + interp_atmos_master.sh[57][[ 0 -ne 0 ]]
 1: ++ interp_atmos_master.sh[62]wc -l
 1: ++ interp_atmos_master.sh[62]wgrib2 pgb2file_f003_2_0p25 -match 'LAND|ICEC'
 1: + interp_atmos_master.sh[62]var_count=0
 1: + interp_atmos_master.sh[63][[ 0 -eq 2 ]]
 1: + interp_atmos_master.sh[54]for grid in "${grids[@]}"
 1: + interp_atmos_master.sh[55]trim_rh pgb2file_f003_2_0p50
 1: + product_functions.sh[5]local filename=pgb2file_f003_2_0p50
 1: + product_functions.sh[6]wgrib2 pgb2file_f003_2_0p50 -not_if :RH: -grib pgb2file_f003_2_0p50.new -if :RH: -rpn '10:*:0.5:+:floor:1000:min:10:/' -set_grib_type same -set_scaling -1 0 -grib_out pgb2file_f003_2_0p50.new
 1: 1:0:d=2021122100:ABSV:0.02 mb:3 hour fcst:
 1: 2:197084:d=2021122100:O3MR:0.02 mb:3 hour fcst:
 1: 3:377405:d=2021122100:HGT:0.04 mb:3 hour fcst:
 1: 4:561695:d=2021122100:TMP:0.04 mb:3 hour fcst:
 1: 5:746437:d=2021122100:RH:0.04 mb:3 hour fcst:
 1: 6:808840:d=2021122100:SPFH:0.04 mb:3 hour fcst:
 1: 7:956635:d=2021122100:VVEL:0.04 mb:3 hour fcst:
 1: 8:1209364:d=2021122100:DZDT:0.04 mb:3 hour fcst:
 1: 9:1541353:d=2021122100:UGRD:0.04 mb:3 hour fcst:
 1: 10:1661668:d=2021122100:VGRD:0.04 mb:3 hour fcst:
 1: 11:1769289:d=2021122100:ABSV:0.04 mb:3 hour fcst:
 1: 12:1968958:d=2021122100:O3MR:0.04 mb:3 hour fcst:
 1: 13:2156921:d=2021122100:HGT:0.07 mb:3 hour fcst:
 1: 14:2332727:d=2021122100:TMP:0.07 mb:3 hour fcst:
 1: 15:2510413:d=2021122100:RH:0.07 mb:3 hour fcst:
 1: 16:2565691:d=2021122100:SPFH:0.07 mb:3 hour fcst:
 1: 17:2723925:d=2021122100:VVEL:0.07 mb:3 hour fcst:
 1: 18:2994360:d=2021122100:DZDT:0.07 mb:3 hour fcst:
 1: 19:3302301:d=2021122100:UGRD:0.07 mb:3 hour fcst:
 1: 20:3422243:d=2021122100:VGRD:0.07 mb:3 hour fcst:
 1: 21:3529817:d=2021122100:ABSV:0.07 mb:3 hour fcst:
 1: 22:3726030:d=2021122100:O3MR:0.07 mb:3 hour fcst:
 1: 23:3862281:d=2021122100:HGT:0.1 mb:3 hour fcst:
 1: 24:4035603:d=2021122100:TMP:0.1 mb:3 hour fcst:
 1: 25:4204893:d=2021122100:RH:0.1 mb:3 hour fcst:
 1: 26:4249284:d=2021122100:SPFH:0.1 mb:3 hour fcst:
 1: 27:4419358:d=2021122100:VVEL:0.1 mb:3 hour fcst:
 1: 28:4697271:d=2021122100:DZDT:0.1 mb:3 hour fcst:
 1: 29:5008732:d=2021122100:UGRD:0.1 mb:3 hour fcst:
 1: 30:5124476:d=2021122100:VGRD:0.1 mb:3 hour fcst:
 1: 31:5227853:d=2021122100:ABSV:0.1 mb:3 hour fcst:
 1: + product_functions.sh[10]rc=0
 1: + product_functions.sh[11]((  rc == 0  ))
 1: + product_functions.sh[11]mv pgb2file_f003_2_0p50.new pgb2file_f003_2_0p50
 1: + product_functions.sh[12]return 0
 1: + interp_atmos_master.sh[56]export err=0
 1: + interp_atmos_master.sh[56]err=0
 1: + interp_atmos_master.sh[57][[ 0 -ne 0 ]]
 1: ++ interp_atmos_master.sh[62]wc -l
 1: ++ interp_atmos_master.sh[62]wgrib2 pgb2file_f003_2_0p50 -match 'LAND|ICEC'
 1: + interp_atmos_master.sh[62]var_count=0
 1: + interp_atmos_master.sh[63][[ 0 -eq 2 ]]
 1: + interp_atmos_master.sh[54]for grid in "${grids[@]}"
 1: + interp_atmos_master.sh[55]trim_rh pgb2file_f003_2_1p00
 1: + product_functions.sh[5]local filename=pgb2file_f003_2_1p00
 1: + product_functions.sh[6]wgrib2 pgb2file_f003_2_1p00 -not_if :RH: -grib pgb2file_f003_2_1p00.new -if :RH: -rpn '10:*:0.5:+:floor:1000:min:10:/' -set_grib_type same -set_scaling -1 0 -grib_out pgb2file_f003_2_1p00.new
 1: 1:0:d=2021122100:ABSV:0.02 mb:3 hour fcst:
 1: 2:61551:d=2021122100:O3MR:0.02 mb:3 hour fcst:
 1: 3:120048:d=2021122100:HGT:0.04 mb:3 hour fcst:
 1: 4:178942:d=2021122100:TMP:0.04 mb:3 hour fcst:
 1: 5:237624:d=2021122100:RH:0.04 mb:3 hour fcst:
 1: 6:258697:d=2021122100:SPFH:0.04 mb:3 hour fcst:
 1: 7:307075:d=2021122100:VVEL:0.04 mb:3 hour fcst:
 1: 8:383668:d=2021122100:DZDT:0.04 mb:3 hour fcst:
 1: 9:480506:d=2021122100:UGRD:0.04 mb:3 hour fcst:
 1: 10:522322:d=2021122100:VGRD:0.04 mb:3 hour fcst:
 1: 11:559914:d=2021122100:ABSV:0.04 mb:3 hour fcst:
 1: 12:622381:d=2021122100:O3MR:0.04 mb:3 hour fcst:
 1: 13:682244:d=2021122100:HGT:0.07 mb:3 hour fcst:
 1: 14:738962:d=2021122100:TMP:0.07 mb:3 hour fcst:
 1: 15:796352:d=2021122100:RH:0.07 mb:3 hour fcst:
 1: 16:813818:d=2021122100:SPFH:0.07 mb:3 hour fcst:
 1: 17:864300:d=2021122100:VVEL:0.07 mb:3 hour fcst:
 1: 18:945084:d=2021122100:DZDT:0.07 mb:3 hour fcst:
 1: 19:1035942:d=2021122100:UGRD:0.07 mb:3 hour fcst:
 1: 20:1077112:d=2021122100:VGRD:0.07 mb:3 hour fcst:
 1: 21:1115216:d=2021122100:ABSV:0.07 mb:3 hour fcst:
 1: 22:1176890:d=2021122100:O3MR:0.07 mb:3 hour fcst:
 1: 23:1222655:d=2021122100:HGT:0.1 mb:3 hour fcst:
 1: 24:1278699:d=2021122100:TMP:0.1 mb:3 hour fcst:
 1: 25:1333726:d=2021122100:RH:0.1 mb:3 hour fcst:
 1: 26:1348262:d=2021122100:SPFH:0.1 mb:3 hour fcst:
 1: 27:1401634:d=2021122100:VVEL:0.1 mb:3 hour fcst:
 1: 28:1484298:d=2021122100:DZDT:0.1 mb:3 hour fcst:
 1: 29:1575986:d=2021122100:UGRD:0.1 mb:3 hour fcst:
 1: 30:1616310:d=2021122100:VGRD:0.1 mb:3 hour fcst:
 1: 31:1652839:d=2021122100:ABSV:0.1 mb:3 hour fcst:
 1: + product_functions.sh[10]rc=0
 1: + product_functions.sh[11]((  rc == 0  ))
 1: + product_functions.sh[11]mv pgb2file_f003_2_1p00.new pgb2file_f003_2_1p00
 1: + product_functions.sh[12]return 0
 1: + interp_atmos_master.sh[56]export err=0
 1: + interp_atmos_master.sh[56]err=0
 1: + interp_atmos_master.sh[57][[ 0 -ne 0 ]]
 1: ++ interp_atmos_master.sh[62]wc -l
 1: ++ interp_atmos_master.sh[62]wgrib2 pgb2file_f003_2_1p00 -match 'LAND|ICEC'
 1: + interp_atmos_master.sh[62]var_count=0
 1: + interp_atmos_master.sh[63][[ 0 -eq 2 ]]
 1: + interp_atmos_master.sh[73]exit 0
15: + bash[8]'[' -z '' ']'
15: + bash[9]case "$-" in
15: + bash[12]__lmod_vx=x
15: + bash[16]'[' -n x ']'
15: + bash[16]set +x
15: Shell debugging temporarily silenced: export LMOD_SH_DBG_ON=1 for this output (/apps/other/lmod/lmod/init/bash)
15: Shell debugging restarted
15: + bash[224]unset __lmod_vx
15: + interp_atmos_master.sh[7]input_file=tmpfile_f003_16
15: + interp_atmos_master.sh[8]output_file_prefix=pgb2file_f003_16
15: + interp_atmos_master.sh[9]grid_string=0p25:0p50:1p00
15: + interp_atmos_master.sh[12]defaults='-set_grib_type same -set_bitmap 1 -set_grib_max_bits 16'
15: + interp_atmos_master.sh[13]interp_winds='-new_grid_winds earth'
15: + interp_atmos_master.sh[14]interp_bilinear='-new_grid_interpolation bilinear'
15: + interp_atmos_master.sh[15]interp_neighbor='-if :(CSNOW|CRAIN|CFRZR|CICEP|ICSEV): -new_grid_interpolation neighbor -fi'
15: + interp_atmos_master.sh[16]interp_budget='-if :(APCP|ACPCP|PRATE|CPRAT|DZDT): -new_grid_interpolation budget -fi'
15: + interp_atmos_master.sh[17]increased_bits='-if :(APCP|ACPCP|PRATE|CPRAT): -set_grib_max_bits 25 -fi'
15: + interp_atmos_master.sh[21]grid0p25='latlon 0:1440:0.25 90:721:-0.25'
15: + interp_atmos_master.sh[23]grid0p50='latlon 0:720:0.5 90:361:-0.5'
15: + interp_atmos_master.sh[25]grid1p00='latlon 0:360:1.0 90:181:-1.0'
15: + interp_atmos_master.sh[28]source /work2/noaa/global/mterry/global-workflow_forked/ush/product_functions.sh
15: + interp_atmos_master.sh[31]IFS=:
15: + interp_atmos_master.sh[31]read -ra grids
15: + interp_atmos_master.sh[33]output_grids=
15: + interp_atmos_master.sh[34]for grid in "${grids[@]}"
15: + interp_atmos_master.sh[35]gridopt=grid0p25
15: + interp_atmos_master.sh[36]output_grids=' -new_grid latlon 0:1440:0.25 90:721:-0.25 pgb2file_f003_16_0p25'
15: + interp_atmos_master.sh[34]for grid in "${grids[@]}"
15: + interp_atmos_master.sh[35]gridopt=grid0p50
15: + interp_atmos_master.sh[36]output_grids=' -new_grid latlon 0:1440:0.25 90:721:-0.25 pgb2file_f003_16_0p25 -new_grid latlon 0:720:0.5 90:361:-0.5 pgb2file_f003_16_0p50'
15: + interp_atmos_master.sh[34]for grid in "${grids[@]}"
15: + interp_atmos_master.sh[35]gridopt=grid1p00
15: + interp_atmos_master.sh[36]output_grids=' -new_grid latlon 0:1440:0.25 90:721:-0.25 pgb2file_f003_16_0p25 -new_grid latlon 0:720:0.5 90:361:-0.5 pgb2file_f003_16_0p50 -new_grid latlon 0:360:1.0 90:181:-1.0 pgb2file_f003_16_1p00'
15: + interp_atmos_master.sh[40]wgrib2 tmpfile_f003_16 -set_grib_type same -set_bitmap 1 -set_grib_max_bits 16 -new_grid_winds earth -new_grid_interpolation bilinear -if ':(CSNOW|CRAIN|CFRZR|CICEP|ICSEV):' -new_grid_interpolation neighbor -fi -if ':(APCP|ACPCP|PRATE|CPRAT|DZDT):' -new_grid_interpolation budget -fi -if ':(APCP|ACPCP|PRATE|CPRAT):' -set_grib_max_bits 25 -fi -new_grid latlon 0:1440:0.25 90:721:-0.25 pgb2file_f003_16_0p25 -new_grid latlon 0:720:0.5 90:361:-0.5 pgb2file_f003_16_0p50 -new_grid latlon 0:360:1.0 90:181:-1.0 pgb2file_f003_16_1p00
15: 1:0:d=2021122100:ABSV:850 mb:3 hour fcst:
15: 2:84580:d=2021122100:CLMR:850 mb:3 hour fcst:
15: 3:128745:d=2021122100:ICMR:850 mb:3 hour fcst:
15: 4:155423:d=2021122100:RWMR:850 mb:3 hour fcst:
15: 5:176895:d=2021122100:SNMR:850 mb:3 hour fcst:
15: 6:207856:d=2021122100:GRLE:850 mb:3 hour fcst:
15: 7:212717:d=2021122100:O3MR:850 mb:3 hour fcst:
15: 8:313750:d=2021122100:HGT:900 mb:3 hour fcst:
15: 9:400727:d=2021122100:TMP:900 mb:3 hour fcst:
15: 10:475364:d=2021122100:RH:900 mb:3 hour fcst:
15: 11:548325:d=2021122100:TCDC:900 mb:3 hour fcst:
15: 12:589819:d=2021122100:SPFH:900 mb:3 hour fcst:
15: 13:690362:d=2021122100:VVEL:900 mb:3 hour fcst:
15: 14:791187:d=2021122100:DZDT:900 mb:3 hour fcst:
15: 15:896082:d=2021122100:UGRD:900 mb:3 hour fcst:
15: 16:973444:d=2021122100:VGRD:900 mb:3 hour fcst:
15: 17:1052131:d=2021122100:ABSV:900 mb:3 hour fcst:
15: 18:1136682:d=2021122100:CLMR:900 mb:3 hour fcst:
15: 19:1173340:d=2021122100:ICMR:900 mb:3 hour fcst:
15: 20:1197782:d=2021122100:RWMR:900 mb:3 hour fcst:
15: 21:1230228:d=2021122100:SNMR:900 mb:3 hour fcst:
15: 22:1259258:d=2021122100:GRLE:900 mb:3 hour fcst:
15: 23:1264484:d=2021122100:O3MR:900 mb:3 hour fcst:
15: 24:1363719:d=2021122100:HGT:925 mb:3 hour fcst:
15: 25:1451264:d=2021122100:TMP:925 mb:3 hour fcst:
15: 26:1526426:d=2021122100:RH:925 mb:3 hour fcst:
15: 27:1598581:d=2021122100:TCDC:925 mb:3 hour fcst:
15: 28:1636591:d=2021122100:SPFH:925 mb:3 hour fcst:
15: 29:1736701:d=2021122100:VVEL:925 mb:3 hour fcst:
15: 30:1835983:d=2021122100:DZDT:925 mb:3 hour fcst:
15: 31:1939445:d=2021122100:UGRD:925 mb:3 hour fcst:
15: 32:2017131:d=2021122100:VGRD:925 mb:3 hour fcst:
15: + interp_atmos_master.sh[47]export err=0
15: + interp_atmos_master.sh[47]err=0
15: + interp_atmos_master.sh[48][[ 0 -ne 0 ]]
15: + interp_atmos_master.sh[54]for grid in "${grids[@]}"
15: + interp_atmos_master.sh[55]trim_rh pgb2file_f003_16_0p25
15: + product_functions.sh[5]local filename=pgb2file_f003_16_0p25
15: + product_functions.sh[6]wgrib2 pgb2file_f003_16_0p25 -not_if :RH: -grib pgb2file_f003_16_0p25.new -if :RH: -rpn '10:*:0.5:+:floor:1000:min:10:/' -set_grib_type same -set_scaling -1 0 -grib_out pgb2file_f003_16_0p25.new
15: 1:0:d=2021122100:ABSV:850 mb:3 hour fcst:
15: 2:713503:d=2021122100:CLMR:850 mb:3 hour fcst:
15: 3:1090880:d=2021122100:ICMR:850 mb:3 hour fcst:
15: 4:1308656:d=2021122100:RWMR:850 mb:3 hour fcst:
15: 5:1459431:d=2021122100:SNMR:850 mb:3 hour fcst:
15: 6:1697291:d=2021122100:GRLE:850 mb:3 hour fcst:
15: 7:1729611:d=2021122100:O3MR:850 mb:3 hour fcst:
15: 8:2657099:d=2021122100:HGT:900 mb:3 hour fcst:
15: 9:3384290:d=2021122100:TMP:900 mb:3 hour fcst:
15: 10:3973336:d=2021122100:RH:900 mb:3 hour fcst:
15: 11:4548246:d=2021122100:TCDC:900 mb:3 hour fcst:
15: 12:4862434:d=2021122100:SPFH:900 mb:3 hour fcst:
15: 13:5780142:d=2021122100:VVEL:900 mb:3 hour fcst:
15: 14:6700949:d=2021122100:DZDT:900 mb:3 hour fcst:
15: 15:7647259:d=2021122100:UGRD:900 mb:3 hour fcst:
15: 16:8274287:d=2021122100:VGRD:900 mb:3 hour fcst:
15: 17:8917434:d=2021122100:ABSV:900 mb:3 hour fcst:
15: 18:9627711:d=2021122100:CLMR:900 mb:3 hour fcst:
15: 19:9935380:d=2021122100:ICMR:900 mb:3 hour fcst:
15: 20:10130364:d=2021122100:RWMR:900 mb:3 hour fcst:
15: 21:10363172:d=2021122100:SNMR:900 mb:3 hour fcst:
15: 22:10587075:d=2021122100:GRLE:900 mb:3 hour fcst:
15: 23:10622212:d=2021122100:O3MR:900 mb:3 hour fcst:
15: 24:11527111:d=2021122100:HGT:925 mb:3 hour fcst:
15: 25:12260376:d=2021122100:TMP:925 mb:3 hour fcst:
15: 26:12854400:d=2021122100:RH:925 mb:3 hour fcst:
15: 27:13419964:d=2021122100:TCDC:925 mb:3 hour fcst:
15: 28:13698417:d=2021122100:SPFH:925 mb:3 hour fcst:
15: 29:14610993:d=2021122100:VVEL:925 mb:3 hour fcst:
15: 30:15511489:d=2021122100:DZDT:925 mb:3 hour fcst:
15: 31:16435583:d=2021122100:UGRD:925 mb:3 hour fcst:
15: 32:17065511:d=2021122100:VGRD:925 mb:3 hour fcst:
15: + product_functions.sh[10]rc=0
15: + product_functions.sh[11]((  rc == 0  ))
15: + product_functions.sh[11]mv pgb2file_f003_16_0p25.new pgb2file_f003_16_0p25
15: + product_functions.sh[12]return 0
15: + interp_atmos_master.sh[56]export err=0
15: + interp_atmos_master.sh[56]err=0
15: + interp_atmos_master.sh[57][[ 0 -ne 0 ]]
15: ++ interp_atmos_master.sh[62]wc -l
15: ++ interp_atmos_master.sh[62]wgrib2 pgb2file_f003_16_0p25 -match 'LAND|ICEC'
15: + interp_atmos_master.sh[62]var_count=0
15: + interp_atmos_master.sh[63][[ 0 -eq 2 ]]
15: + interp_atmos_master.sh[54]for grid in "${grids[@]}"
15: + interp_atmos_master.sh[55]trim_rh pgb2file_f003_16_0p50
15: + product_functions.sh[5]local filename=pgb2file_f003_16_0p50
15: + product_functions.sh[6]wgrib2 pgb2file_f003_16_0p50 -not_if :RH: -grib pgb2file_f003_16_0p50.new -if :RH: -rpn '10:*:0.5:+:floor:1000:min:10:/' -set_grib_type same -set_scaling -1 0 -grib_out pgb2file_f003_16_0p50.new
15: 1:0:d=2021122100:ABSV:850 mb:3 hour fcst:
15: 2:225693:d=2021122100:CLMR:850 mb:3 hour fcst:
15: 3:349441:d=2021122100:ICMR:850 mb:3 hour fcst:
15: 4:420664:d=2021122100:RWMR:850 mb:3 hour fcst:
15: 5:474558:d=2021122100:SNMR:850 mb:3 hour fcst:
15: 6:554616:d=2021122100:GRLE:850 mb:3 hour fcst:
15: 7:566983:d=2021122100:O3MR:850 mb:3 hour fcst:
15: 8:848915:d=2021122100:HGT:900 mb:3 hour fcst:
15: 9:1079772:d=2021122100:TMP:900 mb:3 hour fcst:
15: 10:1272734:d=2021122100:RH:900 mb:3 hour fcst:
15: 11:1461689:d=2021122100:TCDC:900 mb:3 hour fcst:
15: 12:1571649:d=2021122100:SPFH:900 mb:3 hour fcst:
15: 13:1850932:d=2021122100:VVEL:900 mb:3 hour fcst:
15: 14:2131153:d=2021122100:DZDT:900 mb:3 hour fcst:
15: 15:2417360:d=2021122100:UGRD:900 mb:3 hour fcst:
15: 16:2620835:d=2021122100:VGRD:900 mb:3 hour fcst:
15: 17:2828929:d=2021122100:ABSV:900 mb:3 hour fcst:
15: 18:3054393:d=2021122100:CLMR:900 mb:3 hour fcst:
15: 19:3157132:d=2021122100:ICMR:900 mb:3 hour fcst:
15: 20:3221875:d=2021122100:RWMR:900 mb:3 hour fcst:
15: 21:3304512:d=2021122100:SNMR:900 mb:3 hour fcst:
15: 22:3378863:d=2021122100:GRLE:900 mb:3 hour fcst:
15: 23:3391716:d=2021122100:O3MR:900 mb:3 hour fcst:
15: 24:3667705:d=2021122100:HGT:925 mb:3 hour fcst:
15: 25:3900359:d=2021122100:TMP:925 mb:3 hour fcst:
15: 26:4093560:d=2021122100:RH:925 mb:3 hour fcst:
15: 27:4279502:d=2021122100:TCDC:925 mb:3 hour fcst:
15: 28:4378976:d=2021122100:SPFH:925 mb:3 hour fcst:
15: 29:4656577:d=2021122100:VVEL:925 mb:3 hour fcst:
15: 30:4931579:d=2021122100:DZDT:925 mb:3 hour fcst:
15: 31:5211140:d=2021122100:UGRD:925 mb:3 hour fcst:
15: 32:5415574:d=2021122100:VGRD:925 mb:3 hour fcst:
15: + product_functions.sh[10]rc=0
15: + product_functions.sh[11]((  rc == 0  ))
15: + product_functions.sh[11]mv pgb2file_f003_16_0p50.new pgb2file_f003_16_0p50
15: + product_functions.sh[12]return 0
15: + interp_atmos_master.sh[56]export err=0
15: + interp_atmos_master.sh[56]err=0
15: + interp_atmos_master.sh[57][[ 0 -ne 0 ]]
15: ++ interp_atmos_master.sh[62]wc -l
15: ++ interp_atmos_master.sh[62]wgrib2 pgb2file_f003_16_0p50 -match 'LAND|ICEC'
15: + interp_atmos_master.sh[62]var_count=0
15: + interp_atmos_master.sh[63][[ 0 -eq 2 ]]
15: + interp_atmos_master.sh[54]for grid in "${grids[@]}"
15: + interp_atmos_master.sh[55]trim_rh pgb2file_f003_16_1p00
15: + product_functions.sh[5]local filename=pgb2file_f003_16_1p00
15: + product_functions.sh[6]wgrib2 pgb2file_f003_16_1p00 -not_if :RH: -grib pgb2file_f003_16_1p00.new -if :RH: -rpn '10:*:0.5:+:floor:1000:min:10:/' -set_grib_type same -set_scaling -1 0 -grib_out pgb2file_f003_16_1p00.new
15: 1:0:d=2021122100:ABSV:850 mb:3 hour fcst:
15: 2:70641:d=2021122100:CLMR:850 mb:3 hour fcst:
15: 3:111585:d=2021122100:ICMR:850 mb:3 hour fcst:
15: 4:135350:d=2021122100:RWMR:850 mb:3 hour fcst:
15: 5:155448:d=2021122100:SNMR:850 mb:3 hour fcst:
15: 6:182601:d=2021122100:GRLE:850 mb:3 hour fcst:
15: 7:187348:d=2021122100:O3MR:850 mb:3 hour fcst:
15: 8:271509:d=2021122100:HGT:900 mb:3 hour fcst:
15: 9:342491:d=2021122100:TMP:900 mb:3 hour fcst:
15: 10:403733:d=2021122100:RH:900 mb:3 hour fcst:
15: 11:463748:d=2021122100:TCDC:900 mb:3 hour fcst:
15: 12:501702:d=2021122100:SPFH:900 mb:3 hour fcst:
15: 13:584890:d=2021122100:VVEL:900 mb:3 hour fcst:
15: 14:668750:d=2021122100:DZDT:900 mb:3 hour fcst:
15: 15:753782:d=2021122100:UGRD:900 mb:3 hour fcst:
15: 16:818048:d=2021122100:VGRD:900 mb:3 hour fcst:
15: 17:883980:d=2021122100:ABSV:900 mb:3 hour fcst:
15: 18:954695:d=2021122100:CLMR:900 mb:3 hour fcst:
15: 19:989587:d=2021122100:ICMR:900 mb:3 hour fcst:
15: 20:1011317:d=2021122100:RWMR:900 mb:3 hour fcst:
15: 21:1040824:d=2021122100:SNMR:900 mb:3 hour fcst:
15: 22:1066135:d=2021122100:GRLE:900 mb:3 hour fcst:
15: 23:1071256:d=2021122100:O3MR:900 mb:3 hour fcst:
15: 24:1153951:d=2021122100:HGT:925 mb:3 hour fcst:
15: 25:1225468:d=2021122100:TMP:925 mb:3 hour fcst:
15: 26:1287047:d=2021122100:RH:925 mb:3 hour fcst:
15: 27:1346055:d=2021122100:TCDC:925 mb:3 hour fcst:
15: 28:1381056:d=2021122100:SPFH:925 mb:3 hour fcst:
15: 29:1463720:d=2021122100:VVEL:925 mb:3 hour fcst:
15: 30:1546538:d=2021122100:DZDT:925 mb:3 hour fcst:
15: 31:1630186:d=2021122100:UGRD:925 mb:3 hour fcst:
15: 32:1694489:d=2021122100:VGRD:925 mb:3 hour fcst:
15: + product_functions.sh[10]rc=0
15: + product_functions.sh[11]((  rc == 0  ))
15: + product_functions.sh[11]mv pgb2file_f003_16_1p00.new pgb2file_f003_16_1p00
15: + product_functions.sh[12]return 0
15: + interp_atmos_master.sh[56]export err=0
15: + interp_atmos_master.sh[56]err=0
15: + interp_atmos_master.sh[57][[ 0 -ne 0 ]]
15: ++ interp_atmos_master.sh[62]wc -l
15: ++ interp_atmos_master.sh[62]wgrib2 pgb2file_f003_16_1p00 -match 'LAND|ICEC'
15: + interp_atmos_master.sh[62]var_count=0
15: + interp_atmos_master.sh[63][[ 0 -eq 2 ]]
15: + interp_atmos_master.sh[73]exit 0
 9: + bash[8]'[' -z '' ']'
 9: + bash[9]case "$-" in
 9: + bash[12]__lmod_vx=x
 9: + bash[16]'[' -n x ']'
 9: + bash[16]set +x
 9: Shell debugging temporarily silenced: export LMOD_SH_DBG_ON=1 for this output (/apps/other/lmod/lmod/init/bash)
 9: Shell debugging restarted
 9: + bash[224]unset __lmod_vx
 9: + interp_atmos_master.sh[7]input_file=tmpfile_f003_10
 9: + interp_atmos_master.sh[8]output_file_prefix=pgb2file_f003_10
 9: + interp_atmos_master.sh[9]grid_string=0p25:0p50:1p00
 9: + interp_atmos_master.sh[12]defaults='-set_grib_type same -set_bitmap 1 -set_grib_max_bits 16'
 9: + interp_atmos_master.sh[13]interp_winds='-new_grid_winds earth'
 9: + interp_atmos_master.sh[14]interp_bilinear='-new_grid_interpolation bilinear'
 9: + interp_atmos_master.sh[15]interp_neighbor='-if :(CSNOW|CRAIN|CFRZR|CICEP|ICSEV): -new_grid_interpolation neighbor -fi'
 9: + interp_atmos_master.sh[16]interp_budget='-if :(APCP|ACPCP|PRATE|CPRAT|DZDT): -new_grid_interpolation budget -fi'
 9: + interp_atmos_master.sh[17]increased_bits='-if :(APCP|ACPCP|PRATE|CPRAT): -set_grib_max_bits 25 -fi'
 9: + interp_atmos_master.sh[21]grid0p25='latlon 0:1440:0.25 90:721:-0.25'
 9: + interp_atmos_master.sh[23]grid0p50='latlon 0:720:0.5 90:361:-0.5'
 9: + interp_atmos_master.sh[25]grid1p00='latlon 0:360:1.0 90:181:-1.0'
 9: + interp_atmos_master.sh[28]source /work2/noaa/global/mterry/global-workflow_forked/ush/product_functions.sh
 9: + interp_atmos_master.sh[31]IFS=:
 9: + interp_atmos_master.sh[31]read -ra grids
 9: + interp_atmos_master.sh[33]output_grids=
 9: + interp_atmos_master.sh[34]for grid in "${grids[@]}"
 9: + interp_atmos_master.sh[35]gridopt=grid0p25
 9: + interp_atmos_master.sh[36]output_grids=' -new_grid latlon 0:1440:0.25 90:721:-0.25 pgb2file_f003_10_0p25'
 9: + interp_atmos_master.sh[34]for grid in "${grids[@]}"
 9: + interp_atmos_master.sh[35]gridopt=grid0p50
 9: + interp_atmos_master.sh[36]output_grids=' -new_grid latlon 0:1440:0.25 90:721:-0.25 pgb2file_f003_10_0p25 -new_grid latlon 0:720:0.5 90:361:-0.5 pgb2file_f003_10_0p50'
 9: + interp_atmos_master.sh[34]for grid in "${grids[@]}"
 9: + interp_atmos_master.sh[35]gridopt=grid1p00
 9: + interp_atmos_master.sh[36]output_grids=' -new_grid latlon 0:1440:0.25 90:721:-0.25 pgb2file_f003_10_0p25 -new_grid latlon 0:720:0.5 90:361:-0.5 pgb2file_f003_10_0p50 -new_grid latlon 0:360:1.0 90:181:-1.0 pgb2file_f003_10_1p00'
 9: + interp_atmos_master.sh[40]wgrib2 tmpfile_f003_10 -set_grib_type same -set_bitmap 1 -set_grib_max_bits 16 -new_grid_winds earth -new_grid_interpolation bilinear -if ':(CSNOW|CRAIN|CFRZR|CICEP|ICSEV):' -new_grid_interpolation neighbor -fi -if ':(APCP|ACPCP|PRATE|CPRAT|DZDT):' -new_grid_interpolation budget -fi -if ':(APCP|ACPCP|PRATE|CPRAT):' -set_grib_max_bits 25 -fi -new_grid latlon 0:1440:0.25 90:721:-0.25 pgb2file_f003_10_0p25 -new_grid latlon 0:720:0.5 90:361:-0.5 pgb2file_f003_10_0p50 -new_grid latlon 0:360:1.0 90:181:-1.0 pgb2file_f003_10_1p00
 9: 1:0:d=2021122100:RWMR:250 mb:3 hour fcst:
 9: 2:179:d=2021122100:SNMR:250 mb:3 hour fcst:
 9: 3:22250:d=2021122100:GRLE:250 mb:3 hour fcst:
 9: 4:24965:d=2021122100:O3MR:250 mb:3 hour fcst:
 9: 5:126898:d=2021122100:HGT:300 mb:3 hour fcst:
 9: 6:200658:d=2021122100:TMP:300 mb:3 hour fcst:
 9: 7:265081:d=2021122100:RH:300 mb:3 hour fcst:
 9: 8:332497:d=2021122100:TCDC:300 mb:3 hour fcst:
 9: 9:365429:d=2021122100:SPFH:300 mb:3 hour fcst:
 9: 10:460756:d=2021122100:VVEL:300 mb:3 hour fcst:
 9: 11:556404:d=2021122100:DZDT:300 mb:3 hour fcst:
 9: 12:668167:d=2021122100:UGRD:300 mb:3 hour fcst:
 9: 13:719059:d=2021122100:VGRD:300 mb:3 hour fcst:
 9: 14:771412:d=2021122100:ABSV:300 mb:3 hour fcst:
 9: 15:859551:d=2021122100:CLMR:300 mb:3 hour fcst:
 9: 16:859730:d=2021122100:ICMR:300 mb:3 hour fcst:
 9: 17:903199:d=2021122100:RWMR:300 mb:3 hour fcst:
 9: 18:903378:d=2021122100:SNMR:300 mb:3 hour fcst:
 9: 19:931775:d=2021122100:GRLE:300 mb:3 hour fcst:
 9: 20:935009:d=2021122100:O3MR:300 mb:3 hour fcst:
 9: 21:1032227:d=2021122100:HGT:350 mb:3 hour fcst:
 9: 22:1105515:d=2021122100:TMP:350 mb:3 hour fcst:
 9: 23:1169219:d=2021122100:RH:350 mb:3 hour fcst:
 9: 24:1237322:d=2021122100:TCDC:350 mb:3 hour fcst:
 9: 25:1269852:d=2021122100:SPFH:350 mb:3 hour fcst:
 9: 26:1376135:d=2021122100:VVEL:350 mb:3 hour fcst:
 9: 27:1473667:d=2021122100:DZDT:350 mb:3 hour fcst:
 9: 28:1585666:d=2021122100:UGRD:350 mb:3 hour fcst:
 9: 29:1636082:d=2021122100:VGRD:350 mb:3 hour fcst:
 9: 30:1688143:d=2021122100:ABSV:350 mb:3 hour fcst:
 9: 31:1776084:d=2021122100:CLMR:350 mb:3 hour fcst:
 9: + interp_atmos_master.sh[47]export err=0
 9: + interp_atmos_master.sh[47]err=0
 9: + interp_atmos_master.sh[48][[ 0 -ne 0 ]]
 9: + interp_atmos_master.sh[54]for grid in "${grids[@]}"
 9: + interp_atmos_master.sh[55]trim_rh pgb2file_f003_10_0p25
 9: + product_functions.sh[5]local filename=pgb2file_f003_10_0p25
 9: + product_functions.sh[6]wgrib2 pgb2file_f003_10_0p25 -not_if :RH: -grib pgb2file_f003_10_0p25.new -if :RH: -rpn '10:*:0.5:+:floor:1000:min:10:/' -set_grib_type same -set_scaling -1 0 -grib_out pgb2file_f003_10_0p25.new
 9: 1:0:d=2021122100:RWMR:250 mb:3 hour fcst:
 9: 2:179:d=2021122100:SNMR:250 mb:3 hour fcst:
 9: 3:149770:d=2021122100:GRLE:250 mb:3 hour fcst:
 9: 4:171557:d=2021122100:O3MR:250 mb:3 hour fcst:
 9: 5:1083545:d=2021122100:HGT:300 mb:3 hour fcst:
 9: 6:1665007:d=2021122100:TMP:300 mb:3 hour fcst:
 9: 7:2149320:d=2021122100:RH:300 mb:3 hour fcst:
 9: 8:2659841:d=2021122100:TCDC:300 mb:3 hour fcst:
 9: 9:2896982:d=2021122100:SPFH:300 mb:3 hour fcst:
 9: 10:3751390:d=2021122100:VVEL:300 mb:3 hour fcst:
 9: 11:4618330:d=2021122100:DZDT:300 mb:3 hour fcst:
 9: 12:5653692:d=2021122100:UGRD:300 mb:3 hour fcst:
 9: 13:6015176:d=2021122100:VGRD:300 mb:3 hour fcst:
 9: 14:6385518:d=2021122100:ABSV:300 mb:3 hour fcst:
 9: 15:7149473:d=2021122100:CLMR:300 mb:3 hour fcst:
 9: 16:7149652:d=2021122100:ICMR:300 mb:3 hour fcst:
 9: 17:7491727:d=2021122100:RWMR:300 mb:3 hour fcst:
 9: 18:7491906:d=2021122100:SNMR:300 mb:3 hour fcst:
 9: 19:7693694:d=2021122100:GRLE:300 mb:3 hour fcst:
 9: 20:7720420:d=2021122100:O3MR:300 mb:3 hour fcst:
 9: 21:8577726:d=2021122100:HGT:350 mb:3 hour fcst:
 9: 22:9153807:d=2021122100:TMP:350 mb:3 hour fcst:
 9: 23:9631891:d=2021122100:RH:350 mb:3 hour fcst:
 9: 24:10154916:d=2021122100:TCDC:350 mb:3 hour fcst:
 9: 25:10391639:d=2021122100:SPFH:350 mb:3 hour fcst:
 9: 26:11366566:d=2021122100:VVEL:350 mb:3 hour fcst:
 9: 27:12261177:d=2021122100:DZDT:350 mb:3 hour fcst:
 9: 28:13297575:d=2021122100:UGRD:350 mb:3 hour fcst:
 9: 29:13653123:d=2021122100:VGRD:350 mb:3 hour fcst:
 9: 30:14023662:d=2021122100:ABSV:350 mb:3 hour fcst:
 9: 31:14778433:d=2021122100:CLMR:350 mb:3 hour fcst:
 9: + product_functions.sh[10]rc=0
 9: + product_functions.sh[11]((  rc == 0  ))
 9: + product_functions.sh[11]mv pgb2file_f003_10_0p25.new pgb2file_f003_10_0p25
 9: + product_functions.sh[12]return 0
 9: + interp_atmos_master.sh[56]export err=0
 9: + interp_atmos_master.sh[56]err=0
 9: + interp_atmos_master.sh[57][[ 0 -ne 0 ]]
 9: ++ interp_atmos_master.sh[62]wc -l
 9: ++ interp_atmos_master.sh[62]wgrib2 pgb2file_f003_10_0p25 -match 'LAND|ICEC'
 9: + interp_atmos_master.sh[62]var_count=0
 9: + interp_atmos_master.sh[63][[ 0 -eq 2 ]]
 9: + interp_atmos_master.sh[54]for grid in "${grids[@]}"
 9: + interp_atmos_master.sh[55]trim_rh pgb2file_f003_10_0p50
 9: + product_functions.sh[5]local filename=pgb2file_f003_10_0p50
 9: + product_functions.sh[6]wgrib2 pgb2file_f003_10_0p50 -not_if :RH: -grib pgb2file_f003_10_0p50.new -if :RH: -rpn '10:*:0.5:+:floor:1000:min:10:/' -set_grib_type same -set_scaling -1 0 -grib_out pgb2file_f003_10_0p50.new
 9: 1:0:d=2021122100:RWMR:250 mb:3 hour fcst:
 9: 2:179:d=2021122100:SNMR:250 mb:3 hour fcst:
 9: 3:53456:d=2021122100:GRLE:250 mb:3 hour fcst:
 9: 4:61004:d=2021122100:O3MR:250 mb:3 hour fcst:
 9: 5:342438:d=2021122100:HGT:300 mb:3 hour fcst:
 9: 6:531350:d=2021122100:TMP:300 mb:3 hour fcst:
 9: 7:692938:d=2021122100:RH:300 mb:3 hour fcst:
 9: 8:863792:d=2021122100:TCDC:300 mb:3 hour fcst:
 9: 9:948639:d=2021122100:SPFH:300 mb:3 hour fcst:
 9: 10:1210799:d=2021122100:VVEL:300 mb:3 hour fcst:
 9: 11:1475662:d=2021122100:DZDT:300 mb:3 hour fcst:
 9: 12:1783622:d=2021122100:UGRD:300 mb:3 hour fcst:
 9: 13:1904994:d=2021122100:VGRD:300 mb:3 hour fcst:
 9: 14:2029929:d=2021122100:ABSV:300 mb:3 hour fcst:
 9: 15:2268258:d=2021122100:CLMR:300 mb:3 hour fcst:
 9: 16:2268437:d=2021122100:ICMR:300 mb:3 hour fcst:
 9: 17:2381655:d=2021122100:RWMR:300 mb:3 hour fcst:
 9: 18:2381834:d=2021122100:SNMR:300 mb:3 hour fcst:
 9: 19:2451762:d=2021122100:GRLE:300 mb:3 hour fcst:
 9: 20:2460901:d=2021122100:O3MR:300 mb:3 hour fcst:
 9: 21:2726338:d=2021122100:HGT:350 mb:3 hour fcst:
 9: 22:2913757:d=2021122100:TMP:350 mb:3 hour fcst:
 9: 23:3073436:d=2021122100:RH:350 mb:3 hour fcst:
 9: 24:3247769:d=2021122100:TCDC:350 mb:3 hour fcst:
 9: 25:3332017:d=2021122100:SPFH:350 mb:3 hour fcst:
 9: 26:3626608:d=2021122100:VVEL:350 mb:3 hour fcst:
 9: 27:3898612:d=2021122100:DZDT:350 mb:3 hour fcst:
 9: 28:4207023:d=2021122100:UGRD:350 mb:3 hour fcst:
 9: 29:4327871:d=2021122100:VGRD:350 mb:3 hour fcst:
 9: 30:4453029:d=2021122100:ABSV:350 mb:3 hour fcst:
 9: 31:4690671:d=2021122100:CLMR:350 mb:3 hour fcst:
 9: + product_functions.sh[10]rc=0
 9: + product_functions.sh[11]((  rc == 0  ))
 9: + product_functions.sh[11]mv pgb2file_f003_10_0p50.new pgb2file_f003_10_0p50
 9: + product_functions.sh[12]return 0
 9: + interp_atmos_master.sh[56]export err=0
 9: + interp_atmos_master.sh[56]err=0
 9: + interp_atmos_master.sh[57][[ 0 -ne 0 ]]
 9: ++ interp_atmos_master.sh[62]wc -l
 9: ++ interp_atmos_master.sh[62]wgrib2 pgb2file_f003_10_0p50 -match 'LAND|ICEC'
 9: + interp_atmos_master.sh[62]var_count=0
 9: + interp_atmos_master.sh[63][[ 0 -eq 2 ]]
 9: + interp_atmos_master.sh[54]for grid in "${grids[@]}"
 9: + interp_atmos_master.sh[55]trim_rh pgb2file_f003_10_1p00
 9: + product_functions.sh[5]local filename=pgb2file_f003_10_1p00
 9: + product_functions.sh[6]wgrib2 pgb2file_f003_10_1p00 -not_if :RH: -grib pgb2file_f003_10_1p00.new -if :RH: -rpn '10:*:0.5:+:floor:1000:min:10:/' -set_grib_type same -set_scaling -1 0 -grib_out pgb2file_f003_10_1p00.new
 9: 1:0:d=2021122100:RWMR:250 mb:3 hour fcst:
 9: 2:179:d=2021122100:SNMR:250 mb:3 hour fcst:
 9: 3:19387:d=2021122100:GRLE:250 mb:3 hour fcst:
 9: 4:22304:d=2021122100:O3MR:250 mb:3 hour fcst:
 9: 5:107762:d=2021122100:HGT:300 mb:3 hour fcst:
 9: 6:168442:d=2021122100:TMP:300 mb:3 hour fcst:
 9: 7:221180:d=2021122100:RH:300 mb:3 hour fcst:
 9: 8:277388:d=2021122100:TCDC:300 mb:3 hour fcst:
 9: 9:307315:d=2021122100:SPFH:300 mb:3 hour fcst:
 9: 10:386708:d=2021122100:VVEL:300 mb:3 hour fcst:
 9: 11:466656:d=2021122100:DZDT:300 mb:3 hour fcst:
 9: 12:557357:d=2021122100:UGRD:300 mb:3 hour fcst:
 9: 13:599197:d=2021122100:VGRD:300 mb:3 hour fcst:
 9: 14:642852:d=2021122100:ABSV:300 mb:3 hour fcst:
 9: 15:716430:d=2021122100:CLMR:300 mb:3 hour fcst:
 9: 16:716609:d=2021122100:ICMR:300 mb:3 hour fcst:
 9: 17:755507:d=2021122100:RWMR:300 mb:3 hour fcst:
 9: 18:755686:d=2021122100:SNMR:300 mb:3 hour fcst:
 9: 19:780896:d=2021122100:GRLE:300 mb:3 hour fcst:
 9: 20:784408:d=2021122100:O3MR:300 mb:3 hour fcst:
 9: 21:865638:d=2021122100:HGT:350 mb:3 hour fcst:
 9: 22:925852:d=2021122100:TMP:350 mb:3 hour fcst:
 9: 23:977789:d=2021122100:RH:350 mb:3 hour fcst:
 9: 24:1035038:d=2021122100:TCDC:350 mb:3 hour fcst:
 9: 25:1065143:d=2021122100:SPFH:350 mb:3 hour fcst:
 9: 26:1153459:d=2021122100:VVEL:350 mb:3 hour fcst:
 9: 27:1235083:d=2021122100:DZDT:350 mb:3 hour fcst:
 9: 28:1326215:d=2021122100:UGRD:350 mb:3 hour fcst:
 9: 29:1367714:d=2021122100:VGRD:350 mb:3 hour fcst:
 9: 30:1411011:d=2021122100:ABSV:350 mb:3 hour fcst:
 9: 31:1484581:d=2021122100:CLMR:350 mb:3 hour fcst:
 9: + product_functions.sh[10]rc=0
 9: + product_functions.sh[11]((  rc == 0  ))
 9: + product_functions.sh[11]mv pgb2file_f003_10_1p00.new pgb2file_f003_10_1p00
 9: + product_functions.sh[12]return 0
 9: + interp_atmos_master.sh[56]export err=0
 9: + interp_atmos_master.sh[56]err=0
 9: + interp_atmos_master.sh[57][[ 0 -ne 0 ]]
 9: ++ interp_atmos_master.sh[62]wc -l
 9: ++ interp_atmos_master.sh[62]wgrib2 pgb2file_f003_10_1p00 -match 'LAND|ICEC'
 9: + interp_atmos_master.sh[62]var_count=0
 9: + interp_atmos_master.sh[63][[ 0 -eq 2 ]]
 9: + interp_atmos_master.sh[73]exit 0
12: + bash[8]'[' -z '' ']'
12: + bash[9]case "$-" in
12: + bash[12]__lmod_vx=x
12: + bash[16]'[' -n x ']'
12: + bash[16]set +x
12: Shell debugging temporarily silenced: export LMOD_SH_DBG_ON=1 for this output (/apps/other/lmod/lmod/init/bash)
12: Shell debugging restarted
12: + bash[224]unset __lmod_vx
12: + interp_atmos_master.sh[7]input_file=tmpfile_f003_13
12: + interp_atmos_master.sh[8]output_file_prefix=pgb2file_f003_13
12: + interp_atmos_master.sh[9]grid_string=0p25:0p50:1p00
12: + interp_atmos_master.sh[12]defaults='-set_grib_type same -set_bitmap 1 -set_grib_max_bits 16'
12: + interp_atmos_master.sh[13]interp_winds='-new_grid_winds earth'
12: + interp_atmos_master.sh[14]interp_bilinear='-new_grid_interpolation bilinear'
12: + interp_atmos_master.sh[15]interp_neighbor='-if :(CSNOW|CRAIN|CFRZR|CICEP|ICSEV): -new_grid_interpolation neighbor -fi'
12: + interp_atmos_master.sh[16]interp_budget='-if :(APCP|ACPCP|PRATE|CPRAT|DZDT): -new_grid_interpolation budget -fi'
12: + interp_atmos_master.sh[17]increased_bits='-if :(APCP|ACPCP|PRATE|CPRAT): -set_grib_max_bits 25 -fi'
12: + interp_atmos_master.sh[21]grid0p25='latlon 0:1440:0.25 90:721:-0.25'
12: + interp_atmos_master.sh[23]grid0p50='latlon 0:720:0.5 90:361:-0.5'
12: + interp_atmos_master.sh[25]grid1p00='latlon 0:360:1.0 90:181:-1.0'
12: + interp_atmos_master.sh[28]source /work2/noaa/global/mterry/global-workflow_forked/ush/product_functions.sh
12: + interp_atmos_master.sh[31]IFS=:
12: + interp_atmos_master.sh[31]read -ra grids
12: + interp_atmos_master.sh[33]output_grids=
12: + interp_atmos_master.sh[34]for grid in "${grids[@]}"
12: + interp_atmos_master.sh[35]gridopt=grid0p25
12: + interp_atmos_master.sh[36]output_grids=' -new_grid latlon 0:1440:0.25 90:721:-0.25 pgb2file_f003_13_0p25'
12: + interp_atmos_master.sh[34]for grid in "${grids[@]}"
12: + interp_atmos_master.sh[35]gridopt=grid0p50
12: + interp_atmos_master.sh[36]output_grids=' -new_grid latlon 0:1440:0.25 90:721:-0.25 pgb2file_f003_13_0p25 -new_grid latlon 0:720:0.5 90:361:-0.5 pgb2file_f003_13_0p50'
12: + interp_atmos_master.sh[34]for grid in "${grids[@]}"
12: + interp_atmos_master.sh[35]gridopt=grid1p00
12: + interp_atmos_master.sh[36]output_grids=' -new_grid latlon 0:1440:0.25 90:721:-0.25 pgb2file_f003_13_0p25 -new_grid latlon 0:720:0.5 90:361:-0.5 pgb2file_f003_13_0p50 -new_grid latlon 0:360:1.0 90:181:-1.0 pgb2file_f003_13_1p00'
12: + interp_atmos_master.sh[40]wgrib2 tmpfile_f003_13 -set_grib_type same -set_bitmap 1 -set_grib_max_bits 16 -new_grid_winds earth -new_grid_interpolation bilinear -if ':(CSNOW|CRAIN|CFRZR|CICEP|ICSEV):' -new_grid_interpolation neighbor -fi -if ':(APCP|ACPCP|PRATE|CPRAT|DZDT):' -new_grid_interpolation budget -fi -if ':(APCP|ACPCP|PRATE|CPRAT):' -set_grib_max_bits 25 -fi -new_grid latlon 0:1440:0.25 90:721:-0.25 pgb2file_f003_13_0p25 -new_grid latlon 0:720:0.5 90:361:-0.5 pgb2file_f003_13_0p50 -new_grid latlon 0:360:1.0 90:181:-1.0 pgb2file_f003_13_1p00
12: 1:0:d=2021122100:ABSV:550 mb:3 hour fcst:
12: 2:83107:d=2021122100:CLMR:550 mb:3 hour fcst:
12: 3:93397:d=2021122100:ICMR:550 mb:3 hour fcst:
12: 4:132322:d=2021122100:RWMR:550 mb:3 hour fcst:
12: 5:136618:d=2021122100:SNMR:550 mb:3 hour fcst:
12: 6:173293:d=2021122100:GRLE:550 mb:3 hour fcst:
12: 7:176917:d=2021122100:O3MR:550 mb:3 hour fcst:
12: 8:285090:d=2021122100:HGT:600 mb:3 hour fcst:
12: 9:365902:d=2021122100:TMP:600 mb:3 hour fcst:
12: 10:431729:d=2021122100:RH:600 mb:3 hour fcst:
12: 11:503173:d=2021122100:TCDC:600 mb:3 hour fcst:
12: 12:532572:d=2021122100:SPFH:600 mb:3 hour fcst:
12: 13:646652:d=2021122100:VVEL:600 mb:3 hour fcst:
12: 14:747234:d=2021122100:DZDT:600 mb:3 hour fcst:
12: 15:845790:d=2021122100:UGRD:600 mb:3 hour fcst:
12: 16:921364:d=2021122100:VGRD:600 mb:3 hour fcst:
12: 17:997774:d=2021122100:ABSV:600 mb:3 hour fcst:
12: 18:1080248:d=2021122100:CLMR:600 mb:3 hour fcst:
12: 19:1092238:d=2021122100:ICMR:600 mb:3 hour fcst:
12: 20:1125686:d=2021122100:RWMR:600 mb:3 hour fcst:
12: 21:1133958:d=2021122100:SNMR:600 mb:3 hour fcst:
12: 22:1170420:d=2021122100:GRLE:600 mb:3 hour fcst:
12: 23:1175427:d=2021122100:O3MR:600 mb:3 hour fcst:
12: 24:1280454:d=2021122100:HGT:650 mb:3 hour fcst:
12: 25:1360985:d=2021122100:TMP:650 mb:3 hour fcst:
12: 26:1427465:d=2021122100:RH:650 mb:3 hour fcst:
12: 27:1499172:d=2021122100:TCDC:650 mb:3 hour fcst:
12: 28:1528360:d=2021122100:SPFH:650 mb:3 hour fcst:
12: 29:1635238:d=2021122100:VVEL:650 mb:3 hour fcst:
12: 30:1736148:d=2021122100:DZDT:650 mb:3 hour fcst:
12: 31:1834335:d=2021122100:UGRD:650 mb:3 hour fcst:
12: 32:1909763:d=2021122100:VGRD:650 mb:3 hour fcst:
12: + interp_atmos_master.sh[47]export err=0
12: + interp_atmos_master.sh[47]err=0
12: + interp_atmos_master.sh[48][[ 0 -ne 0 ]]
12: + interp_atmos_master.sh[54]for grid in "${grids[@]}"
12: + interp_atmos_master.sh[55]trim_rh pgb2file_f003_13_0p25
12: + product_functions.sh[5]local filename=pgb2file_f003_13_0p25
12: + product_functions.sh[6]wgrib2 pgb2file_f003_13_0p25 -not_if :RH: -grib pgb2file_f003_13_0p25.new -if :RH: -rpn '10:*:0.5:+:floor:1000:min:10:/' -set_grib_type same -set_scaling -1 0 -grib_out pgb2file_f003_13_0p25.new
12: 1:0:d=2021122100:ABSV:550 mb:3 hour fcst:
12: 2:696067:d=2021122100:CLMR:550 mb:3 hour fcst:
12: 3:780845:d=2021122100:ICMR:550 mb:3 hour fcst:
12: 4:1096216:d=2021122100:RWMR:550 mb:3 hour fcst:
12: 5:1124894:d=2021122100:SNMR:550 mb:3 hour fcst:
12: 6:1404865:d=2021122100:GRLE:550 mb:3 hour fcst:
12: 7:1428392:d=2021122100:O3MR:550 mb:3 hour fcst:
12: 8:2426920:d=2021122100:HGT:600 mb:3 hour fcst:
12: 9:3081774:d=2021122100:TMP:600 mb:3 hour fcst:
12: 10:3582138:d=2021122100:RH:600 mb:3 hour fcst:
12: 11:4135459:d=2021122100:TCDC:600 mb:3 hour fcst:
12: 12:4361426:d=2021122100:SPFH:600 mb:3 hour fcst:
12: 13:5431444:d=2021122100:VVEL:600 mb:3 hour fcst:
12: 14:6353729:d=2021122100:DZDT:600 mb:3 hour fcst:
12: 15:7227275:d=2021122100:UGRD:600 mb:3 hour fcst:
12: 16:7837735:d=2021122100:VGRD:600 mb:3 hour fcst:
12: 17:8463891:d=2021122100:ABSV:600 mb:3 hour fcst:
12: 18:9151593:d=2021122100:CLMR:600 mb:3 hour fcst:
12: 19:9252316:d=2021122100:ICMR:600 mb:3 hour fcst:
12: 20:9521249:d=2021122100:RWMR:600 mb:3 hour fcst:
12: 21:9582122:d=2021122100:SNMR:600 mb:3 hour fcst:
12: 22:9865339:d=2021122100:GRLE:600 mb:3 hour fcst:
12: 23:9901292:d=2021122100:O3MR:600 mb:3 hour fcst:
12: 24:10872051:d=2021122100:HGT:650 mb:3 hour fcst:
12: 25:11523569:d=2021122100:TMP:650 mb:3 hour fcst:
12: 26:12029736:d=2021122100:RH:650 mb:3 hour fcst:
12: 27:12587666:d=2021122100:TCDC:650 mb:3 hour fcst:
12: 28:12808551:d=2021122100:SPFH:650 mb:3 hour fcst:
12: 29:13792364:d=2021122100:VVEL:650 mb:3 hour fcst:
12: 30:14718736:d=2021122100:DZDT:650 mb:3 hour fcst:
12: 31:15588089:d=2021122100:UGRD:650 mb:3 hour fcst:
12: 32:16196700:d=2021122100:VGRD:650 mb:3 hour fcst:
12: + product_functions.sh[10]rc=0
12: + product_functions.sh[11]((  rc == 0  ))
12: + product_functions.sh[11]mv pgb2file_f003_13_0p25.new pgb2file_f003_13_0p25
12: + product_functions.sh[12]return 0
12: + interp_atmos_master.sh[56]export err=0
12: + interp_atmos_master.sh[56]err=0
12: + interp_atmos_master.sh[57][[ 0 -ne 0 ]]
12: ++ interp_atmos_master.sh[62]wc -l
12: ++ interp_atmos_master.sh[62]wgrib2 pgb2file_f003_13_0p25 -match 'LAND|ICEC'
12: + interp_atmos_master.sh[62]var_count=0
12: + interp_atmos_master.sh[63][[ 0 -eq 2 ]]
12: + interp_atmos_master.sh[54]for grid in "${grids[@]}"
12: + interp_atmos_master.sh[55]trim_rh pgb2file_f003_13_0p50
12: + product_functions.sh[5]local filename=pgb2file_f003_13_0p50
12: + product_functions.sh[6]wgrib2 pgb2file_f003_13_0p50 -not_if :RH: -grib pgb2file_f003_13_0p50.new -if :RH: -rpn '10:*:0.5:+:floor:1000:min:10:/' -set_grib_type same -set_scaling -1 0 -grib_out pgb2file_f003_13_0p50.new
12: 1:0:d=2021122100:ABSV:550 mb:3 hour fcst:
12: 2:221453:d=2021122100:CLMR:550 mb:3 hour fcst:
12: 3:250745:d=2021122100:ICMR:550 mb:3 hour fcst:
12: 4:355259:d=2021122100:RWMR:550 mb:3 hour fcst:
12: 5:366412:d=2021122100:SNMR:550 mb:3 hour fcst:
12: 6:462211:d=2021122100:GRLE:550 mb:3 hour fcst:
12: 7:471389:d=2021122100:O3MR:550 mb:3 hour fcst:
12: 8:772623:d=2021122100:HGT:600 mb:3 hour fcst:
12: 9:983276:d=2021122100:TMP:600 mb:3 hour fcst:
12: 10:1148329:d=2021122100:RH:600 mb:3 hour fcst:
12: 11:1331794:d=2021122100:TCDC:600 mb:3 hour fcst:
12: 12:1411401:d=2021122100:SPFH:600 mb:3 hour fcst:
12: 13:1731502:d=2021122100:VVEL:600 mb:3 hour fcst:
12: 14:2011225:d=2021122100:DZDT:600 mb:3 hour fcst:
12: 15:2276272:d=2021122100:UGRD:600 mb:3 hour fcst:
12: 16:2472585:d=2021122100:VGRD:600 mb:3 hour fcst:
12: 17:2674748:d=2021122100:ABSV:600 mb:3 hour fcst:
12: 18:2893272:d=2021122100:CLMR:600 mb:3 hour fcst:
12: 19:2927939:d=2021122100:ICMR:600 mb:3 hour fcst:
12: 20:3017720:d=2021122100:RWMR:600 mb:3 hour fcst:
12: 21:3039526:d=2021122100:SNMR:600 mb:3 hour fcst:
12: 22:3134973:d=2021122100:GRLE:600 mb:3 hour fcst:
12: 23:3147748:d=2021122100:O3MR:600 mb:3 hour fcst:
12: 24:3442625:d=2021122100:HGT:650 mb:3 hour fcst:
12: 25:3652723:d=2021122100:TMP:650 mb:3 hour fcst:
12: 26:3819989:d=2021122100:RH:650 mb:3 hour fcst:
12: 27:4004412:d=2021122100:TCDC:650 mb:3 hour fcst:
12: 28:4083395:d=2021122100:SPFH:650 mb:3 hour fcst:
12: 29:4380462:d=2021122100:VVEL:650 mb:3 hour fcst:
12: 30:4661487:d=2021122100:DZDT:650 mb:3 hour fcst:
12: 31:4925412:d=2021122100:UGRD:650 mb:3 hour fcst:
12: 32:5122589:d=2021122100:VGRD:650 mb:3 hour fcst:
12: + product_functions.sh[10]rc=0
12: + product_functions.sh[11]((  rc == 0  ))
12: + product_functions.sh[11]mv pgb2file_f003_13_0p50.new pgb2file_f003_13_0p50
12: + product_functions.sh[12]return 0
12: + interp_atmos_master.sh[56]export err=0
12: + interp_atmos_master.sh[56]err=0
12: + interp_atmos_master.sh[57][[ 0 -ne 0 ]]
12: ++ interp_atmos_master.sh[62]wc -l
12: ++ interp_atmos_master.sh[62]wgrib2 pgb2file_f003_13_0p50 -match 'LAND|ICEC'
12: + interp_atmos_master.sh[62]var_count=0
12: + interp_atmos_master.sh[63][[ 0 -eq 2 ]]
12: + interp_atmos_master.sh[54]for grid in "${grids[@]}"
12: + interp_atmos_master.sh[55]trim_rh pgb2file_f003_13_1p00
12: + product_functions.sh[5]local filename=pgb2file_f003_13_1p00
12: + product_functions.sh[6]wgrib2 pgb2file_f003_13_1p00 -not_if :RH: -grib pgb2file_f003_13_1p00.new -if :RH: -rpn '10:*:0.5:+:floor:1000:min:10:/' -set_grib_type same -set_scaling -1 0 -grib_out pgb2file_f003_13_1p00.new
12: 1:0:d=2021122100:ABSV:550 mb:3 hour fcst:
12: 2:68688:d=2021122100:CLMR:550 mb:3 hour fcst:
12: 3:79107:d=2021122100:ICMR:550 mb:3 hour fcst:
12: 4:114627:d=2021122100:RWMR:550 mb:3 hour fcst:
12: 5:118820:d=2021122100:SNMR:550 mb:3 hour fcst:
12: 6:151996:d=2021122100:GRLE:550 mb:3 hour fcst:
12: 7:155588:d=2021122100:O3MR:550 mb:3 hour fcst:
12: 8:245114:d=2021122100:HGT:600 mb:3 hour fcst:
12: 9:310966:d=2021122100:TMP:600 mb:3 hour fcst:
12: 10:364354:d=2021122100:RH:600 mb:3 hour fcst:
12: 11:424003:d=2021122100:TCDC:600 mb:3 hour fcst:
12: 12:452067:d=2021122100:SPFH:600 mb:3 hour fcst:
12: 13:546641:d=2021122100:VVEL:600 mb:3 hour fcst:
12: 14:630067:d=2021122100:DZDT:600 mb:3 hour fcst:
12: 15:709652:d=2021122100:UGRD:600 mb:3 hour fcst:
12: 16:771989:d=2021122100:VGRD:600 mb:3 hour fcst:
12: 17:836517:d=2021122100:ABSV:600 mb:3 hour fcst:
12: 18:904620:d=2021122100:CLMR:600 mb:3 hour fcst:
12: 19:917165:d=2021122100:ICMR:600 mb:3 hour fcst:
12: 20:947700:d=2021122100:RWMR:600 mb:3 hour fcst:
12: 21:955358:d=2021122100:SNMR:600 mb:3 hour fcst:
12: 22:988397:d=2021122100:GRLE:600 mb:3 hour fcst:
12: 23:993334:d=2021122100:O3MR:600 mb:3 hour fcst:
12: 24:1081398:d=2021122100:HGT:650 mb:3 hour fcst:
12: 25:1146990:d=2021122100:TMP:650 mb:3 hour fcst:
12: 26:1201071:d=2021122100:RH:650 mb:3 hour fcst:
12: 27:1260567:d=2021122100:TCDC:650 mb:3 hour fcst:
12: 28:1288468:d=2021122100:SPFH:650 mb:3 hour fcst:
12: 29:1377006:d=2021122100:VVEL:650 mb:3 hour fcst:
12: 30:1460962:d=2021122100:DZDT:650 mb:3 hour fcst:
12: 31:1540668:d=2021122100:UGRD:650 mb:3 hour fcst:
12: 32:1603032:d=2021122100:VGRD:650 mb:3 hour fcst:
12: + product_functions.sh[10]rc=0
12: + product_functions.sh[11]((  rc == 0  ))
12: + product_functions.sh[11]mv pgb2file_f003_13_1p00.new pgb2file_f003_13_1p00
12: + product_functions.sh[12]return 0
12: + interp_atmos_master.sh[56]export err=0
12: + interp_atmos_master.sh[56]err=0
12: + interp_atmos_master.sh[57][[ 0 -ne 0 ]]
12: ++ interp_atmos_master.sh[62]wc -l
12: ++ interp_atmos_master.sh[62]wgrib2 pgb2file_f003_13_1p00 -match 'LAND|ICEC'
12: + interp_atmos_master.sh[62]var_count=0
12: + interp_atmos_master.sh[63][[ 0 -eq 2 ]]
12: + interp_atmos_master.sh[73]exit 0
 0: + bash[8]'[' -z '' ']'
 0: + bash[9]case "$-" in
 0: + bash[12]__lmod_vx=x
 0: + bash[16]'[' -n x ']'
 0: + bash[16]set +x
 0: Shell debugging temporarily silenced: export LMOD_SH_DBG_ON=1 for this output (/apps/other/lmod/lmod/init/bash)
 0: Shell debugging restarted
 0: + bash[224]unset __lmod_vx
 0: + interp_atmos_master.sh[7]input_file=tmpfile_f003_1
 0: + interp_atmos_master.sh[8]output_file_prefix=pgb2file_f003_1
 0: + interp_atmos_master.sh[9]grid_string=0p25:0p50:1p00
 0: + interp_atmos_master.sh[12]defaults='-set_grib_type same -set_bitmap 1 -set_grib_max_bits 16'
 0: + interp_atmos_master.sh[13]interp_winds='-new_grid_winds earth'
 0: + interp_atmos_master.sh[14]interp_bilinear='-new_grid_interpolation bilinear'
 0: + interp_atmos_master.sh[15]interp_neighbor='-if :(CSNOW|CRAIN|CFRZR|CICEP|ICSEV): -new_grid_interpolation neighbor -fi'
 0: + interp_atmos_master.sh[16]interp_budget='-if :(APCP|ACPCP|PRATE|CPRAT|DZDT): -new_grid_interpolation budget -fi'
 0: + interp_atmos_master.sh[17]increased_bits='-if :(APCP|ACPCP|PRATE|CPRAT): -set_grib_max_bits 25 -fi'
 0: + interp_atmos_master.sh[21]grid0p25='latlon 0:1440:0.25 90:721:-0.25'
 0: + interp_atmos_master.sh[23]grid0p50='latlon 0:720:0.5 90:361:-0.5'
 0: + interp_atmos_master.sh[25]grid1p00='latlon 0:360:1.0 90:181:-1.0'
 0: + interp_atmos_master.sh[28]source /work2/noaa/global/mterry/global-workflow_forked/ush/product_functions.sh
 0: + interp_atmos_master.sh[31]IFS=:
 0: + interp_atmos_master.sh[31]read -ra grids
 0: + interp_atmos_master.sh[33]output_grids=
 0: + interp_atmos_master.sh[34]for grid in "${grids[@]}"
 0: + interp_atmos_master.sh[35]gridopt=grid0p25
 0: + interp_atmos_master.sh[36]output_grids=' -new_grid latlon 0:1440:0.25 90:721:-0.25 pgb2file_f003_1_0p25'
 0: + interp_atmos_master.sh[34]for grid in "${grids[@]}"
 0: + interp_atmos_master.sh[35]gridopt=grid0p50
 0: + interp_atmos_master.sh[36]output_grids=' -new_grid latlon 0:1440:0.25 90:721:-0.25 pgb2file_f003_1_0p25 -new_grid latlon 0:720:0.5 90:361:-0.5 pgb2file_f003_1_0p50'
 0: + interp_atmos_master.sh[34]for grid in "${grids[@]}"
 0: + interp_atmos_master.sh[35]gridopt=grid1p00
 0: + interp_atmos_master.sh[36]output_grids=' -new_grid latlon 0:1440:0.25 90:721:-0.25 pgb2file_f003_1_0p25 -new_grid latlon 0:720:0.5 90:361:-0.5 pgb2file_f003_1_0p50 -new_grid latlon 0:360:1.0 90:181:-1.0 pgb2file_f003_1_1p00'
 0: + interp_atmos_master.sh[40]wgrib2 tmpfile_f003_1 -set_grib_type same -set_bitmap 1 -set_grib_max_bits 16 -new_grid_winds earth -new_grid_interpolation bilinear -if ':(CSNOW|CRAIN|CFRZR|CICEP|ICSEV):' -new_grid_interpolation neighbor -fi -if ':(APCP|ACPCP|PRATE|CPRAT|DZDT):' -new_grid_interpolation budget -fi -if ':(APCP|ACPCP|PRATE|CPRAT):' -set_grib_max_bits 25 -fi -new_grid latlon 0:1440:0.25 90:721:-0.25 pgb2file_f003_1_0p25 -new_grid latlon 0:720:0.5 90:361:-0.5 pgb2file_f003_1_0p50 -new_grid latlon 0:360:1.0 90:181:-1.0 pgb2file_f003_1_1p00
 0: 1:0:d=2021122100:PRMSL:mean sea level:3 hour fcst:
 0: 2:90675:d=2021122100:CLMR:1 hybrid level:3 hour fcst:
 0: 3:110360:d=2021122100:ICMR:1 hybrid level:3 hour fcst:
 0: 4:135575:d=2021122100:RWMR:1 hybrid level:3 hour fcst:
 0: 5:173365:d=2021122100:SNMR:1 hybrid level:3 hour fcst:
 0: 6:202961:d=2021122100:GRLE:1 hybrid level:3 hour fcst:
 0: 7:209093:d=2021122100:REFD:1 hybrid level:3 hour fcst:
 0: 8:218488:d=2021122100:REFD:2 hybrid level:3 hour fcst:
 0: 9:227883:d=2021122100:REFC:entire atmosphere (considered as a single layer):3 hour fcst:
 0: 10:237278:d=2021122100:VIS:surface:3 hour fcst:
 0: 11:355327:d=2021122100:UGRD:planetary boundary layer:3 hour fcst:
 0: 12:405040:d=2021122100:VGRD:planetary boundary layer:3 hour fcst:
 0: 13:455216:d=2021122100:VRATE:planetary boundary layer:3 hour fcst:
 0: 14:506970:d=2021122100:GUST:surface:3 hour fcst:
 0: 15:558499:d=2021122100:HGT:0.01 mb:3 hour fcst:
 0: 16:636159:d=2021122100:TMP:0.01 mb:3 hour fcst:
 0: 17:680592:d=2021122100:RH:0.01 mb:3 hour fcst:
 0: 18:703490:d=2021122100:SPFH:0.01 mb:3 hour fcst:
 0: 19:765691:d=2021122100:VVEL:0.01 mb:3 hour fcst:
 0: 20:857035:d=2021122100:DZDT:0.01 mb:3 hour fcst:
 0: 21:953755:d=2021122100:UGRD:0.01 mb:3 hour fcst:
 0: 22:1004782:d=2021122100:VGRD:0.01 mb:3 hour fcst:
 0: 23:1049018:d=2021122100:ABSV:0.01 mb:3 hour fcst:
 0: 24:1120069:d=2021122100:O3MR:0.01 mb:3 hour fcst:
 0: 25:1180071:d=2021122100:HGT:0.02 mb:3 hour fcst:
 0: 26:1256603:d=2021122100:TMP:0.02 mb:3 hour fcst:
 0: 27:1320705:d=2021122100:RH:0.02 mb:3 hour fcst:
 0: 28:1351997:d=2021122100:SPFH:0.02 mb:3 hour fcst:
 0: 29:1415297:d=2021122100:VVEL:0.02 mb:3 hour fcst:
 0: 30:1525760:d=2021122100:DZDT:0.02 mb:3 hour fcst:
 0: 31:1633164:d=2021122100:UGRD:0.02 mb:3 hour fcst:
 0: 32:1686837:d=2021122100:VGRD:0.02 mb:3 hour fcst:
 0: + interp_atmos_master.sh[47]export err=0
 0: + interp_atmos_master.sh[47]err=0
 0: + interp_atmos_master.sh[48][[ 0 -ne 0 ]]
 0: + interp_atmos_master.sh[54]for grid in "${grids[@]}"
 0: + interp_atmos_master.sh[55]trim_rh pgb2file_f003_1_0p25
 0: + product_functions.sh[5]local filename=pgb2file_f003_1_0p25
 0: + product_functions.sh[6]wgrib2 pgb2file_f003_1_0p25 -not_if :RH: -grib pgb2file_f003_1_0p25.new -if :RH: -rpn '10:*:0.5:+:floor:1000:min:10:/' -set_grib_type same -set_scaling -1 0 -grib_out pgb2file_f003_1_0p25.new
 0: 1:0:d=2021122100:PRMSL:mean sea level:3 hour fcst:
 0: 2:774480:d=2021122100:CLMR:1 hybrid level:3 hour fcst:
 0: 3:941994:d=2021122100:ICMR:1 hybrid level:3 hour fcst:
 0: 4:1150365:d=2021122100:RWMR:1 hybrid level:3 hour fcst:
 0: 5:1422747:d=2021122100:SNMR:1 hybrid level:3 hour fcst:
 0: 6:1658685:d=2021122100:GRLE:1 hybrid level:3 hour fcst:
 0: 7:1699478:d=2021122100:REFD:1 hybrid level:3 hour fcst:
 0: 8:1829437:d=2021122100:REFD:2 hybrid level:3 hour fcst:
 0: 9:1959396:d=2021122100:REFC:entire atmosphere (considered as a single layer):3 hour fcst:
 0: 10:2089355:d=2021122100:VIS:surface:3 hour fcst:
 0: 11:3209243:d=2021122100:UGRD:planetary boundary layer:3 hour fcst:
 0: 12:3553340:d=2021122100:VGRD:planetary boundary layer:3 hour fcst:
 0: 13:3899497:d=2021122100:VRATE:planetary boundary layer:3 hour fcst:
 0: 14:4258513:d=2021122100:GUST:surface:3 hour fcst:
 0: 15:4614407:d=2021122100:HGT:0.01 mb:3 hour fcst:
 0: 16:5266596:d=2021122100:TMP:0.01 mb:3 hour fcst:
 0: 17:5588255:d=2021122100:RH:0.01 mb:3 hour fcst:
 0: 18:5798160:d=2021122100:SPFH:0.01 mb:3 hour fcst:
 0: 19:6270663:d=2021122100:VVEL:0.01 mb:3 hour fcst:
 0: 20:7098094:d=2021122100:DZDT:0.01 mb:3 hour fcst:
 0: 21:7961064:d=2021122100:UGRD:0.01 mb:3 hour fcst:
 0: 22:8336136:d=2021122100:VGRD:0.01 mb:3 hour fcst:
 0: 23:8658085:d=2021122100:ABSV:0.01 mb:3 hour fcst:
 0: 24:9200633:d=2021122100:O3MR:0.01 mb:3 hour fcst:
 0: 25:9644331:d=2021122100:HGT:0.02 mb:3 hour fcst:
 0: 26:10282415:d=2021122100:TMP:0.02 mb:3 hour fcst:
 0: 27:10782349:d=2021122100:RH:0.02 mb:3 hour fcst:
 0: 28:11031614:d=2021122100:SPFH:0.02 mb:3 hour fcst:
 0: 29:11511579:d=2021122100:VVEL:0.02 mb:3 hour fcst:
 0: 30:12576928:d=2021122100:DZDT:0.02 mb:3 hour fcst:
 0: 31:13583906:d=2021122100:UGRD:0.02 mb:3 hour fcst:
 0: 32:13979959:d=2021122100:VGRD:0.02 mb:3 hour fcst:
 0: + product_functions.sh[10]rc=0
 0: + product_functions.sh[11]((  rc == 0  ))
 0: + product_functions.sh[11]mv pgb2file_f003_1_0p25.new pgb2file_f003_1_0p25
 0: + product_functions.sh[12]return 0
 0: + interp_atmos_master.sh[56]export err=0
 0: + interp_atmos_master.sh[56]err=0
 0: + interp_atmos_master.sh[57][[ 0 -ne 0 ]]
 0: ++ interp_atmos_master.sh[62]wc -l
 0: ++ interp_atmos_master.sh[62]wgrib2 pgb2file_f003_1_0p25 -match 'LAND|ICEC'
 0: + interp_atmos_master.sh[62]var_count=0
 0: + interp_atmos_master.sh[63][[ 0 -eq 2 ]]
 0: + interp_atmos_master.sh[54]for grid in "${grids[@]}"
 0: + interp_atmos_master.sh[55]trim_rh pgb2file_f003_1_0p50
 0: + product_functions.sh[5]local filename=pgb2file_f003_1_0p50
 0: + product_functions.sh[6]wgrib2 pgb2file_f003_1_0p50 -not_if :RH: -grib pgb2file_f003_1_0p50.new -if :RH: -rpn '10:*:0.5:+:floor:1000:min:10:/' -set_grib_type same -set_scaling -1 0 -grib_out pgb2file_f003_1_0p50.new
 0: 1:0:d=2021122100:PRMSL:mean sea level:3 hour fcst:
 0: 2:243682:d=2021122100:CLMR:1 hybrid level:3 hour fcst:
 0: 3:300120:d=2021122100:ICMR:1 hybrid level:3 hour fcst:
 0: 4:368084:d=2021122100:RWMR:1 hybrid level:3 hour fcst:
 0: 5:463872:d=2021122100:SNMR:1 hybrid level:3 hour fcst:
 0: 6:541591:d=2021122100:GRLE:1 hybrid level:3 hour fcst:
 0: 7:556926:d=2021122100:REFD:1 hybrid level:3 hour fcst:
 0: 8:589595:d=2021122100:REFD:2 hybrid level:3 hour fcst:
 0: 9:622264:d=2021122100:REFC:entire atmosphere (considered as a single layer):3 hour fcst:
 0: 10:654933:d=2021122100:VIS:surface:3 hour fcst:
 0: 11:991144:d=2021122100:UGRD:planetary boundary layer:3 hour fcst:
 0: 12:1108229:d=2021122100:VGRD:planetary boundary layer:3 hour fcst:
 0: 13:1226176:d=2021122100:VRATE:planetary boundary layer:3 hour fcst:
 0: 14:1347122:d=2021122100:GUST:surface:3 hour fcst:
 0: 15:1469327:d=2021122100:HGT:0.01 mb:3 hour fcst:
 0: 16:1676810:d=2021122100:TMP:0.01 mb:3 hour fcst:
 0: 17:1782085:d=2021122100:RH:0.01 mb:3 hour fcst:
 0: 18:1845291:d=2021122100:SPFH:0.01 mb:3 hour fcst:
 0: 19:2000896:d=2021122100:VVEL:0.01 mb:3 hour fcst:
 0: 20:2254182:d=2021122100:DZDT:0.01 mb:3 hour fcst:
 0: 21:2517631:d=2021122100:UGRD:0.01 mb:3 hour fcst:
 0: 22:2642101:d=2021122100:VGRD:0.01 mb:3 hour fcst:
 0: 23:2747233:d=2021122100:ABSV:0.01 mb:3 hour fcst:
 0: 24:2926958:d=2021122100:O3MR:0.01 mb:3 hour fcst:
 0: 25:3074226:d=2021122100:HGT:0.02 mb:3 hour fcst:
 0: 26:3277804:d=2021122100:TMP:0.02 mb:3 hour fcst:
 0: 27:3442029:d=2021122100:RH:0.02 mb:3 hour fcst:
 0: 28:3517952:d=2021122100:SPFH:0.02 mb:3 hour fcst:
 0: 29:3675425:d=2021122100:VVEL:0.02 mb:3 hour fcst:
 0: 30:3991930:d=2021122100:DZDT:0.02 mb:3 hour fcst:
 0: 31:4292770:d=2021122100:UGRD:0.02 mb:3 hour fcst:
 0: 32:4426332:d=2021122100:VGRD:0.02 mb:3 hour fcst:
 0: + product_functions.sh[10]rc=0
 0: + product_functions.sh[11]((  rc == 0  ))
 0: + product_functions.sh[11]mv pgb2file_f003_1_0p50.new pgb2file_f003_1_0p50
 0: + product_functions.sh[12]return 0
 0: + interp_atmos_master.sh[56]export err=0
 0: + interp_atmos_master.sh[56]err=0
 0: + interp_atmos_master.sh[57][[ 0 -ne 0 ]]
 0: ++ interp_atmos_master.sh[62]wc -l
 0: ++ interp_atmos_master.sh[62]wgrib2 pgb2file_f003_1_0p50 -match 'LAND|ICEC'
 0: + interp_atmos_master.sh[62]var_count=0
 0: + interp_atmos_master.sh[63][[ 0 -eq 2 ]]
 0: + interp_atmos_master.sh[54]for grid in "${grids[@]}"
 0: + interp_atmos_master.sh[55]trim_rh pgb2file_f003_1_1p00
 0: + product_functions.sh[5]local filename=pgb2file_f003_1_1p00
 0: + product_functions.sh[6]wgrib2 pgb2file_f003_1_1p00 -not_if :RH: -grib pgb2file_f003_1_1p00.new -if :RH: -rpn '10:*:0.5:+:floor:1000:min:10:/' -set_grib_type same -set_scaling -1 0 -grib_out pgb2file_f003_1_1p00.new
 0: 1:0:d=2021122100:PRMSL:mean sea level:3 hour fcst:
 0: 2:74588:d=2021122100:CLMR:1 hybrid level:3 hour fcst:
 0: 3:94242:d=2021122100:ICMR:1 hybrid level:3 hour fcst:
 0: 4:116721:d=2021122100:RWMR:1 hybrid level:3 hour fcst:
 0: 5:150676:d=2021122100:SNMR:1 hybrid level:3 hour fcst:
 0: 6:176639:d=2021122100:GRLE:1 hybrid level:3 hour fcst:
 0: 7:182648:d=2021122100:REFD:1 hybrid level:3 hour fcst:
 0: 8:190972:d=2021122100:REFD:2 hybrid level:3 hour fcst:
 0: 9:199296:d=2021122100:REFC:entire atmosphere (considered as a single layer):3 hour fcst:
 0: 10:207620:d=2021122100:VIS:surface:3 hour fcst:
 0: 11:306319:d=2021122100:UGRD:planetary boundary layer:3 hour fcst:
 0: 12:346269:d=2021122100:VGRD:planetary boundary layer:3 hour fcst:
 0: 13:387341:d=2021122100:VRATE:planetary boundary layer:3 hour fcst:
 0: 14:428649:d=2021122100:GUST:surface:3 hour fcst:
 0: 15:470220:d=2021122100:HGT:0.01 mb:3 hour fcst:
 0: 16:535257:d=2021122100:TMP:0.01 mb:3 hour fcst:
 0: 17:573120:d=2021122100:RH:0.01 mb:3 hour fcst:
 0: 18:592382:d=2021122100:SPFH:0.01 mb:3 hour fcst:
 0: 19:644073:d=2021122100:VVEL:0.01 mb:3 hour fcst:
 0: 20:721329:d=2021122100:DZDT:0.01 mb:3 hour fcst:
 0: 21:800418:d=2021122100:UGRD:0.01 mb:3 hour fcst:
 0: 22:843020:d=2021122100:VGRD:0.01 mb:3 hour fcst:
 0: 23:880273:d=2021122100:ABSV:0.01 mb:3 hour fcst:
 0: 24:937385:d=2021122100:O3MR:0.01 mb:3 hour fcst:
 0: 25:987252:d=2021122100:HGT:0.02 mb:3 hour fcst:
 0: 26:1051319:d=2021122100:TMP:0.02 mb:3 hour fcst:
 0: 27:1105114:d=2021122100:RH:0.02 mb:3 hour fcst:
 0: 28:1131464:d=2021122100:SPFH:0.02 mb:3 hour fcst:
 0: 29:1183212:d=2021122100:VVEL:0.02 mb:3 hour fcst:
 0: 30:1276291:d=2021122100:DZDT:0.02 mb:3 hour fcst:
 0: 31:1365398:d=2021122100:UGRD:0.02 mb:3 hour fcst:
 0: 32:1410591:d=2021122100:VGRD:0.02 mb:3 hour fcst:
 0: + product_functions.sh[10]rc=0
 0: + product_functions.sh[11]((  rc == 0  ))
 0: + product_functions.sh[11]mv pgb2file_f003_1_1p00.new pgb2file_f003_1_1p00
 0: + product_functions.sh[12]return 0
 0: + interp_atmos_master.sh[56]export err=0
 0: + interp_atmos_master.sh[56]err=0
 0: + interp_atmos_master.sh[57][[ 0 -ne 0 ]]
 0: ++ interp_atmos_master.sh[62]wc -l
 0: ++ interp_atmos_master.sh[62]wgrib2 pgb2file_f003_1_1p00 -match 'LAND|ICEC'
 0: + interp_atmos_master.sh[62]var_count=0
 0: + interp_atmos_master.sh[63][[ 0 -eq 2 ]]
 0: + interp_atmos_master.sh[73]exit 0
 3: + bash[8]'[' -z '' ']'
 3: + bash[9]case "$-" in
 3: + bash[12]__lmod_vx=x
 3: + bash[16]'[' -n x ']'
 3: + bash[16]set +x
 3: Shell debugging temporarily silenced: export LMOD_SH_DBG_ON=1 for this output (/apps/other/lmod/lmod/init/bash)
 3: Shell debugging restarted
 3: + bash[224]unset __lmod_vx
 3: + interp_atmos_master.sh[7]input_file=tmpfile_f003_4
 3: + interp_atmos_master.sh[8]output_file_prefix=pgb2file_f003_4
 3: + interp_atmos_master.sh[9]grid_string=0p25:0p50:1p00
 3: + interp_atmos_master.sh[12]defaults='-set_grib_type same -set_bitmap 1 -set_grib_max_bits 16'
 3: + interp_atmos_master.sh[13]interp_winds='-new_grid_winds earth'
 3: + interp_atmos_master.sh[14]interp_bilinear='-new_grid_interpolation bilinear'
 3: + interp_atmos_master.sh[15]interp_neighbor='-if :(CSNOW|CRAIN|CFRZR|CICEP|ICSEV): -new_grid_interpolation neighbor -fi'
 3: + interp_atmos_master.sh[16]interp_budget='-if :(APCP|ACPCP|PRATE|CPRAT|DZDT): -new_grid_interpolation budget -fi'
 3: + interp_atmos_master.sh[17]increased_bits='-if :(APCP|ACPCP|PRATE|CPRAT): -set_grib_max_bits 25 -fi'
 3: + interp_atmos_master.sh[21]grid0p25='latlon 0:1440:0.25 90:721:-0.25'
 3: + interp_atmos_master.sh[23]grid0p50='latlon 0:720:0.5 90:361:-0.5'
 3: + interp_atmos_master.sh[25]grid1p00='latlon 0:360:1.0 90:181:-1.0'
 3: + interp_atmos_master.sh[28]source /work2/noaa/global/mterry/global-workflow_forked/ush/product_functions.sh
 3: + interp_atmos_master.sh[31]IFS=:
 3: + interp_atmos_master.sh[31]read -ra grids
 3: + interp_atmos_master.sh[33]output_grids=
 3: + interp_atmos_master.sh[34]for grid in "${grids[@]}"
 3: + interp_atmos_master.sh[35]gridopt=grid0p25
 3: + interp_atmos_master.sh[36]output_grids=' -new_grid latlon 0:1440:0.25 90:721:-0.25 pgb2file_f003_4_0p25'
 3: + interp_atmos_master.sh[34]for grid in "${grids[@]}"
 3: + interp_atmos_master.sh[35]gridopt=grid0p50
 3: + interp_atmos_master.sh[36]output_grids=' -new_grid latlon 0:1440:0.25 90:721:-0.25 pgb2file_f003_4_0p25 -new_grid latlon 0:720:0.5 90:361:-0.5 pgb2file_f003_4_0p50'
 3: + interp_atmos_master.sh[34]for grid in "${grids[@]}"
 3: + interp_atmos_master.sh[35]gridopt=grid1p00
 3: + interp_atmos_master.sh[36]output_grids=' -new_grid latlon 0:1440:0.25 90:721:-0.25 pgb2file_f003_4_0p25 -new_grid latlon 0:720:0.5 90:361:-0.5 pgb2file_f003_4_0p50 -new_grid latlon 0:360:1.0 90:181:-1.0 pgb2file_f003_4_1p00'
 3: + interp_atmos_master.sh[40]wgrib2 tmpfile_f003_4 -set_grib_type same -set_bitmap 1 -set_grib_max_bits 16 -new_grid_winds earth -new_grid_interpolation bilinear -if ':(CSNOW|CRAIN|CFRZR|CICEP|ICSEV):' -new_grid_interpolation neighbor -fi -if ':(APCP|ACPCP|PRATE|CPRAT|DZDT):' -new_grid_interpolation budget -fi -if ':(APCP|ACPCP|PRATE|CPRAT):' -set_grib_max_bits 25 -fi -new_grid latlon 0:1440:0.25 90:721:-0.25 pgb2file_f003_4_0p25 -new_grid latlon 0:720:0.5 90:361:-0.5 pgb2file_f003_4_0p50 -new_grid latlon 0:360:1.0 90:181:-1.0 pgb2file_f003_4_1p00
 3: 1:0:d=2021122100:HGT:1 mb:3 hour fcst:
 3: 2:61787:d=2021122100:TMP:1 mb:3 hour fcst:
 3: 3:123820:d=2021122100:RH:1 mb:3 hour fcst:
 3: 4:134723:d=2021122100:SPFH:1 mb:3 hour fcst:
 3: 5:201767:d=2021122100:VVEL:1 mb:3 hour fcst:
 3: 6:310336:d=2021122100:DZDT:1 mb:3 hour fcst:
 3: 7:425323:d=2021122100:UGRD:1 mb:3 hour fcst:
 3: 8:467169:d=2021122100:VGRD:1 mb:3 hour fcst:
 3: 9:503688:d=2021122100:ABSV:1 mb:3 hour fcst:
 3: 10:569113:d=2021122100:O3MR:1 mb:3 hour fcst:
 3: 11:656062:d=2021122100:HGT:2 mb:3 hour fcst:
 3: 12:714108:d=2021122100:TMP:2 mb:3 hour fcst:
 3: 13:777208:d=2021122100:RH:2 mb:3 hour fcst:
 3: 14:796622:d=2021122100:SPFH:2 mb:3 hour fcst:
 3: 15:862553:d=2021122100:VVEL:2 mb:3 hour fcst:
 3: 16:955926:d=2021122100:DZDT:2 mb:3 hour fcst:
 3: 17:1071550:d=2021122100:UGRD:2 mb:3 hour fcst:
 3: 18:1112310:d=2021122100:VGRD:2 mb:3 hour fcst:
 3: 19:1148915:d=2021122100:ABSV:2 mb:3 hour fcst:
 3: 20:1216681:d=2021122100:O3MR:2 mb:3 hour fcst:
 3: 21:1296604:d=2021122100:HGT:3 mb:3 hour fcst:
 3: 22:1353162:d=2021122100:TMP:3 mb:3 hour fcst:
 3: 23:1414667:d=2021122100:RH:3 mb:3 hour fcst:
 3: 24:1426329:d=2021122100:SPFH:3 mb:3 hour fcst:
 3: 25:1498200:d=2021122100:VVEL:3 mb:3 hour fcst:
 3: 26:1594806:d=2021122100:DZDT:3 mb:3 hour fcst:
 3: 27:1707943:d=2021122100:UGRD:3 mb:3 hour fcst:
 3: 28:1747628:d=2021122100:VGRD:3 mb:3 hour fcst:
 3: 29:1783216:d=2021122100:ABSV:3 mb:3 hour fcst:
 3: 30:1850617:d=2021122100:O3MR:3 mb:3 hour fcst:
 3: 31:1928401:d=2021122100:HGT:5 mb:3 hour fcst:
 3: + interp_atmos_master.sh[47]export err=0
 3: + interp_atmos_master.sh[47]err=0
 3: + interp_atmos_master.sh[48][[ 0 -ne 0 ]]
 3: + interp_atmos_master.sh[54]for grid in "${grids[@]}"
 3: + interp_atmos_master.sh[55]trim_rh pgb2file_f003_4_0p25
 3: + product_functions.sh[5]local filename=pgb2file_f003_4_0p25
 3: + product_functions.sh[6]wgrib2 pgb2file_f003_4_0p25 -not_if :RH: -grib pgb2file_f003_4_0p25.new -if :RH: -rpn '10:*:0.5:+:floor:1000:min:10:/' -set_grib_type same -set_scaling -1 0 -grib_out pgb2file_f003_4_0p25.new
 3: 1:0:d=2021122100:HGT:1 mb:3 hour fcst:
 3: 2:466313:d=2021122100:TMP:1 mb:3 hour fcst:
 3: 3:939457:d=2021122100:RH:1 mb:3 hour fcst:
 3: 4:1004486:d=2021122100:SPFH:1 mb:3 hour fcst:
 3: 5:1553089:d=2021122100:VVEL:1 mb:3 hour fcst:
 3: 6:2597957:d=2021122100:DZDT:1 mb:3 hour fcst:
 3: 7:3704848:d=2021122100:UGRD:1 mb:3 hour fcst:
 3: 8:4010561:d=2021122100:VGRD:1 mb:3 hour fcst:
 3: 9:4294417:d=2021122100:ABSV:1 mb:3 hour fcst:
 3: 10:4776648:d=2021122100:O3MR:1 mb:3 hour fcst:
 3: 11:5528844:d=2021122100:HGT:2 mb:3 hour fcst:
 3: 12:5962959:d=2021122100:TMP:2 mb:3 hour fcst:
 3: 13:6447199:d=2021122100:RH:2 mb:3 hour fcst:
 3: 14:6594326:d=2021122100:SPFH:2 mb:3 hour fcst:
 3: 15:7141685:d=2021122100:VVEL:2 mb:3 hour fcst:
 3: 16:7991117:d=2021122100:DZDT:2 mb:3 hour fcst:
 3: 17:9108193:d=2021122100:UGRD:2 mb:3 hour fcst:
 3: 18:9413154:d=2021122100:VGRD:2 mb:3 hour fcst:
 3: 19:9695822:d=2021122100:ABSV:2 mb:3 hour fcst:
 3: 20:10198917:d=2021122100:O3MR:2 mb:3 hour fcst:
 3: 21:10865557:d=2021122100:HGT:3 mb:3 hour fcst:
 3: 22:11280540:d=2021122100:TMP:3 mb:3 hour fcst:
 3: 23:11748721:d=2021122100:RH:3 mb:3 hour fcst:
 3: 24:11828117:d=2021122100:SPFH:3 mb:3 hour fcst:
 3: 25:12437865:d=2021122100:VVEL:3 mb:3 hour fcst:
 3: 26:13328128:d=2021122100:DZDT:3 mb:3 hour fcst:
 3: 27:14405469:d=2021122100:UGRD:3 mb:3 hour fcst:
 3: 28:14706063:d=2021122100:VGRD:3 mb:3 hour fcst:
 3: 29:14987591:d=2021122100:ABSV:3 mb:3 hour fcst:
 3: 30:15497024:d=2021122100:O3MR:3 mb:3 hour fcst:
 3: 31:16141325:d=2021122100:HGT:5 mb:3 hour fcst:
 3: + product_functions.sh[10]rc=0
 3: + product_functions.sh[11]((  rc == 0  ))
 3: + product_functions.sh[11]mv pgb2file_f003_4_0p25.new pgb2file_f003_4_0p25
 3: + product_functions.sh[12]return 0
 3: + interp_atmos_master.sh[56]export err=0
 3: + interp_atmos_master.sh[56]err=0
 3: + interp_atmos_master.sh[57][[ 0 -ne 0 ]]
 3: ++ interp_atmos_master.sh[62]wc -l
 3: ++ interp_atmos_master.sh[62]wgrib2 pgb2file_f003_4_0p25 -match 'LAND|ICEC'
 3: + interp_atmos_master.sh[62]var_count=0
 3: + interp_atmos_master.sh[63][[ 0 -eq 2 ]]
 3: + interp_atmos_master.sh[54]for grid in "${grids[@]}"
 3: + interp_atmos_master.sh[55]trim_rh pgb2file_f003_4_0p50
 3: + product_functions.sh[5]local filename=pgb2file_f003_4_0p50
 3: + product_functions.sh[6]wgrib2 pgb2file_f003_4_0p50 -not_if :RH: -grib pgb2file_f003_4_0p50.new -if :RH: -rpn '10:*:0.5:+:floor:1000:min:10:/' -set_grib_type same -set_scaling -1 0 -grib_out pgb2file_f003_4_0p50.new
 3: 1:0:d=2021122100:HGT:1 mb:3 hour fcst:
 3: 2:154037:d=2021122100:TMP:1 mb:3 hour fcst:
 3: 3:310428:d=2021122100:RH:1 mb:3 hour fcst:
 3: 4:335226:d=2021122100:SPFH:1 mb:3 hour fcst:
 3: 5:511256:d=2021122100:VVEL:1 mb:3 hour fcst:
 3: 6:822323:d=2021122100:DZDT:1 mb:3 hour fcst:
 3: 7:1147674:d=2021122100:UGRD:1 mb:3 hour fcst:
 3: 8:1246093:d=2021122100:VGRD:1 mb:3 hour fcst:
 3: 9:1334423:d=2021122100:ABSV:1 mb:3 hour fcst:
 3: 10:1495644:d=2021122100:O3MR:1 mb:3 hour fcst:
 3: 11:1731042:d=2021122100:HGT:2 mb:3 hour fcst:
 3: 12:1874397:d=2021122100:TMP:2 mb:3 hour fcst:
 3: 13:2033195:d=2021122100:RH:2 mb:3 hour fcst:
 3: 14:2080540:d=2021122100:SPFH:2 mb:3 hour fcst:
 3: 15:2251746:d=2021122100:VVEL:2 mb:3 hour fcst:
 3: 16:2510660:d=2021122100:DZDT:2 mb:3 hour fcst:
 3: 17:2838457:d=2021122100:UGRD:2 mb:3 hour fcst:
 3: 18:2936301:d=2021122100:VGRD:2 mb:3 hour fcst:
 3: 19:3024611:d=2021122100:ABSV:2 mb:3 hour fcst:
 3: 20:3191986:d=2021122100:O3MR:2 mb:3 hour fcst:
 3: 21:3403612:d=2021122100:HGT:3 mb:3 hour fcst:
 3: 22:3541872:d=2021122100:TMP:3 mb:3 hour fcst:
 3: 23:3697844:d=2021122100:RH:3 mb:3 hour fcst:
 3: 24:3725331:d=2021122100:SPFH:3 mb:3 hour fcst:
 3: 25:3915016:d=2021122100:VVEL:3 mb:3 hour fcst:
 3: 26:4183842:d=2021122100:DZDT:3 mb:3 hour fcst:
 3: 27:4502398:d=2021122100:UGRD:3 mb:3 hour fcst:
 3: 28:4598368:d=2021122100:VGRD:3 mb:3 hour fcst:
 3: 29:4685517:d=2021122100:ABSV:3 mb:3 hour fcst:
 3: 30:4854311:d=2021122100:O3MR:3 mb:3 hour fcst:
 3: 31:5059899:d=2021122100:HGT:5 mb:3 hour fcst:
 3: + product_functions.sh[10]rc=0
 3: + product_functions.sh[11]((  rc == 0  ))
 3: + product_functions.sh[11]mv pgb2file_f003_4_0p50.new pgb2file_f003_4_0p50
 3: + product_functions.sh[12]return 0
 3: + interp_atmos_master.sh[56]export err=0
 3: + interp_atmos_master.sh[56]err=0
 3: + interp_atmos_master.sh[57][[ 0 -ne 0 ]]
 3: ++ interp_atmos_master.sh[62]wc -l
 3: ++ interp_atmos_master.sh[62]wgrib2 pgb2file_f003_4_0p50 -match 'LAND|ICEC'
 3: + interp_atmos_master.sh[62]var_count=0
 3: + interp_atmos_master.sh[63][[ 0 -eq 2 ]]
 3: + interp_atmos_master.sh[54]for grid in "${grids[@]}"
 3: + interp_atmos_master.sh[55]trim_rh pgb2file_f003_4_1p00
 3: + product_functions.sh[5]local filename=pgb2file_f003_4_1p00
 3: + product_functions.sh[6]wgrib2 pgb2file_f003_4_1p00 -not_if :RH: -grib pgb2file_f003_4_1p00.new -if :RH: -rpn '10:*:0.5:+:floor:1000:min:10:/' -set_grib_type same -set_scaling -1 0 -grib_out pgb2file_f003_4_1p00.new
 3: 1:0:d=2021122100:HGT:1 mb:3 hour fcst:
 3: 2:50720:d=2021122100:TMP:1 mb:3 hour fcst:
 3: 3:102088:d=2021122100:RH:1 mb:3 hour fcst:
 3: 4:110858:d=2021122100:SPFH:1 mb:3 hour fcst:
 3: 5:167340:d=2021122100:VVEL:1 mb:3 hour fcst:
 3: 6:258572:d=2021122100:DZDT:1 mb:3 hour fcst:
 3: 7:353506:d=2021122100:UGRD:1 mb:3 hour fcst:
 3: 8:387921:d=2021122100:VGRD:1 mb:3 hour fcst:
 3: 9:418805:d=2021122100:ABSV:1 mb:3 hour fcst:
 3: 10:471248:d=2021122100:O3MR:1 mb:3 hour fcst:
 3: 11:543483:d=2021122100:HGT:2 mb:3 hour fcst:
 3: 12:591165:d=2021122100:TMP:2 mb:3 hour fcst:
 3: 13:643056:d=2021122100:RH:2 mb:3 hour fcst:
 3: 14:658149:d=2021122100:SPFH:2 mb:3 hour fcst:
 3: 15:713295:d=2021122100:VVEL:2 mb:3 hour fcst:
 3: 16:791341:d=2021122100:DZDT:2 mb:3 hour fcst:
 3: 17:886964:d=2021122100:UGRD:2 mb:3 hour fcst:
 3: 18:921056:d=2021122100:VGRD:2 mb:3 hour fcst:
 3: 19:951695:d=2021122100:ABSV:2 mb:3 hour fcst:
 3: 20:1005543:d=2021122100:O3MR:2 mb:3 hour fcst:
 3: 21:1071883:d=2021122100:HGT:3 mb:3 hour fcst:
 3: 22:1118164:d=2021122100:TMP:3 mb:3 hour fcst:
 3: 23:1169292:d=2021122100:RH:3 mb:3 hour fcst:
 3: 24:1178734:d=2021122100:SPFH:3 mb:3 hour fcst:
 3: 25:1238848:d=2021122100:VVEL:3 mb:3 hour fcst:
 3: 26:1319465:d=2021122100:DZDT:3 mb:3 hour fcst:
 3: 27:1412734:d=2021122100:UGRD:3 mb:3 hour fcst:
 3: 28:1446265:d=2021122100:VGRD:3 mb:3 hour fcst:
 3: 29:1476332:d=2021122100:ABSV:3 mb:3 hour fcst:
 3: 30:1530740:d=2021122100:O3MR:3 mb:3 hour fcst:
 3: 31:1595284:d=2021122100:HGT:5 mb:3 hour fcst:
 3: + product_functions.sh[10]rc=0
 3: + product_functions.sh[11]((  rc == 0  ))
 3: + product_functions.sh[11]mv pgb2file_f003_4_1p00.new pgb2file_f003_4_1p00
 3: + product_functions.sh[12]return 0
 3: + interp_atmos_master.sh[56]export err=0
 3: + interp_atmos_master.sh[56]err=0
 3: + interp_atmos_master.sh[57][[ 0 -ne 0 ]]
 3: ++ interp_atmos_master.sh[62]wc -l
 3: ++ interp_atmos_master.sh[62]wgrib2 pgb2file_f003_4_1p00 -match 'LAND|ICEC'
 3: + interp_atmos_master.sh[62]var_count=0
 3: + interp_atmos_master.sh[63][[ 0 -eq 2 ]]
 3: + interp_atmos_master.sh[73]exit 0
20: + bash[8]'[' -z '' ']'
20: + bash[9]case "$-" in
20: + bash[12]__lmod_vx=x
20: + bash[16]'[' -n x ']'
20: + bash[16]set +x
20: Shell debugging temporarily silenced: export LMOD_SH_DBG_ON=1 for this output (/apps/other/lmod/lmod/init/bash)
20: Shell debugging restarted
20: + bash[224]unset __lmod_vx
20: + interp_atmos_master.sh[7]input_file=tmpfile_f003_21
20: + interp_atmos_master.sh[8]output_file_prefix=pgb2file_f003_21
20: + interp_atmos_master.sh[9]grid_string=0p25:0p50:1p00
20: + interp_atmos_master.sh[12]defaults='-set_grib_type same -set_bitmap 1 -set_grib_max_bits 16'
20: + interp_atmos_master.sh[13]interp_winds='-new_grid_winds earth'
20: + interp_atmos_master.sh[14]interp_bilinear='-new_grid_interpolation bilinear'
20: + interp_atmos_master.sh[15]interp_neighbor='-if :(CSNOW|CRAIN|CFRZR|CICEP|ICSEV): -new_grid_interpolation neighbor -fi'
20: + interp_atmos_master.sh[16]interp_budget='-if :(APCP|ACPCP|PRATE|CPRAT|DZDT): -new_grid_interpolation budget -fi'
20: + interp_atmos_master.sh[17]increased_bits='-if :(APCP|ACPCP|PRATE|CPRAT): -set_grib_max_bits 25 -fi'
20: + interp_atmos_master.sh[21]grid0p25='latlon 0:1440:0.25 90:721:-0.25'
20: + interp_atmos_master.sh[23]grid0p50='latlon 0:720:0.5 90:361:-0.5'
20: + interp_atmos_master.sh[25]grid1p00='latlon 0:360:1.0 90:181:-1.0'
20: + interp_atmos_master.sh[28]source /work2/noaa/global/mterry/global-workflow_forked/ush/product_functions.sh
20: + interp_atmos_master.sh[31]IFS=:
20: + interp_atmos_master.sh[31]read -ra grids
20: + interp_atmos_master.sh[33]output_grids=
20: + interp_atmos_master.sh[34]for grid in "${grids[@]}"
20: + interp_atmos_master.sh[35]gridopt=grid0p25
20: + interp_atmos_master.sh[36]output_grids=' -new_grid latlon 0:1440:0.25 90:721:-0.25 pgb2file_f003_21_0p25'
20: + interp_atmos_master.sh[34]for grid in "${grids[@]}"
20: + interp_atmos_master.sh[35]gridopt=grid0p50
20: + interp_atmos_master.sh[36]output_grids=' -new_grid latlon 0:1440:0.25 90:721:-0.25 pgb2file_f003_21_0p25 -new_grid latlon 0:720:0.5 90:361:-0.5 pgb2file_f003_21_0p50'
20: + interp_atmos_master.sh[34]for grid in "${grids[@]}"
20: + interp_atmos_master.sh[35]gridopt=grid1p00
20: + interp_atmos_master.sh[36]output_grids=' -new_grid latlon 0:1440:0.25 90:721:-0.25 pgb2file_f003_21_0p25 -new_grid latlon 0:720:0.5 90:361:-0.5 pgb2file_f003_21_0p50 -new_grid latlon 0:360:1.0 90:181:-1.0 pgb2file_f003_21_1p00'
20: + interp_atmos_master.sh[40]wgrib2 tmpfile_f003_21 -set_grib_type same -set_bitmap 1 -set_grib_max_bits 16 -new_grid_winds earth -new_grid_interpolation bilinear -if ':(CSNOW|CRAIN|CFRZR|CICEP|ICSEV):' -new_grid_interpolation neighbor -fi -if ':(APCP|ACPCP|PRATE|CPRAT|DZDT):' -new_grid_interpolation budget -fi -if ':(APCP|ACPCP|PRATE|CPRAT):' -set_grib_max_bits 25 -fi -new_grid latlon 0:1440:0.25 90:721:-0.25 pgb2file_f003_21_0p25 -new_grid latlon 0:720:0.5 90:361:-0.5 pgb2file_f003_21_0p50 -new_grid latlon 0:360:1.0 90:181:-1.0 pgb2file_f003_21_1p00
20: 1:0:d=2021122100:LFTX:surface:3 hour fcst:
20: 2:49296:d=2021122100:CAPE:surface:3 hour fcst:
20: 3:96775:d=2021122100:CIN:surface:3 hour fcst:
20: 4:141070:d=2021122100:PWAT:entire atmosphere (considered as a single layer):3 hour fcst:
20: 5:240388:d=2021122100:CWAT:entire atmosphere (considered as a single layer):3 hour fcst:
20: 6:334267:d=2021122100:RH:entire atmosphere (considered as a single layer):3 hour fcst:
20: 7:386714:d=2021122100:TOZNE:entire atmosphere (considered as a single layer):3 hour fcst:
20: 8:437169:d=2021122100:LCDC:low cloud layer:3 hour fcst:
20: 9:494530:d=2021122100:LCDC:low cloud layer:0-3 hour ave fcst:
20: 10:557360:d=2021122100:MCDC:middle cloud layer:3 hour fcst:
20: 11:600950:d=2021122100:MCDC:middle cloud layer:0-3 hour ave fcst:
20: 12:647776:d=2021122100:HCDC:high cloud layer:3 hour fcst:
20: 13:689211:d=2021122100:HCDC:high cloud layer:0-3 hour ave fcst:
20: 14:740976:d=2021122100:TCDC:entire atmosphere (considered as a single layer):3 hour fcst:
20: 15:799650:d=2021122100:TCDC:entire atmosphere (considered as a single layer):0-3 hour ave fcst:
20: 16:866087:d=2021122100:HGT:cloud ceiling:3 hour fcst:
20: 17:979178:d=2021122100:PRES:convective cloud bottom level:3 hour fcst:
20: 18:1024359:d=2021122100:PRES:low cloud bottom level:0-3 hour ave fcst:
20: 19:1104013:d=2021122100:PRES:middle cloud bottom level:0-3 hour ave fcst:
20: 20:1156082:d=2021122100:PRES:high cloud bottom level:0-3 hour ave fcst:
20: 21:1218717:d=2021122100:PRES:convective cloud top level:3 hour fcst:
20: 22:1268555:d=2021122100:PRES:low cloud top level:0-3 hour ave fcst:
20: 23:1349750:d=2021122100:PRES:middle cloud top level:0-3 hour ave fcst:
20: 24:1400258:d=2021122100:PRES:high cloud top level:0-3 hour ave fcst:
20: 25:1463598:d=2021122100:TMP:low cloud top level:0-3 hour ave fcst:
20: 26:1523895:d=2021122100:TMP:middle cloud top level:0-3 hour ave fcst:
20: 27:1565402:d=2021122100:TMP:high cloud top level:0-3 hour ave fcst:
20: 28:1618725:d=2021122100:TCDC:convective cloud layer:3 hour fcst:
20: 29:1687711:d=2021122100:TCDC:boundary layer cloud layer:0-3 hour ave fcst:
20: 30:1737235:d=2021122100:CWORK:entire atmosphere (considered as a single layer):0-3 hour ave fcst:
20: 31:1769522:d=2021122100:DSWRF:surface:0-3 hour ave fcst:
20: + interp_atmos_master.sh[47]export err=0
20: + interp_atmos_master.sh[47]err=0
20: + interp_atmos_master.sh[48][[ 0 -ne 0 ]]
20: + interp_atmos_master.sh[54]for grid in "${grids[@]}"
20: + interp_atmos_master.sh[55]trim_rh pgb2file_f003_21_0p25
20: + product_functions.sh[5]local filename=pgb2file_f003_21_0p25
20: + product_functions.sh[6]wgrib2 pgb2file_f003_21_0p25 -not_if :RH: -grib pgb2file_f003_21_0p25.new -if :RH: -rpn '10:*:0.5:+:floor:1000:min:10:/' -set_grib_type same -set_scaling -1 0 -grib_out pgb2file_f003_21_0p25.new
20: 1:0:d=2021122100:LFTX:surface:3 hour fcst:
20: 2:342696:d=2021122100:CAPE:surface:3 hour fcst:
20: 3:697648:d=2021122100:CIN:surface:3 hour fcst:
20: 4:1011645:d=2021122100:PWAT:entire atmosphere (considered as a single layer):3 hour fcst:
20: 5:1917432:d=2021122100:CWAT:entire atmosphere (considered as a single layer):3 hour fcst:
20: 6:2724089:d=2021122100:RH:entire atmosphere (considered as a single layer):3 hour fcst:
20: 7:3104199:d=2021122100:TOZNE:entire atmosphere (considered as a single layer):3 hour fcst:
20: 8:3457331:d=2021122100:LCDC:low cloud layer:3 hour fcst:
20: 9:3877208:d=2021122100:LCDC:low cloud layer:0-3 hour ave fcst:
20: 10:4347644:d=2021122100:MCDC:middle cloud layer:3 hour fcst:
20: 11:4642669:d=2021122100:MCDC:middle cloud layer:0-3 hour ave fcst:
20: 12:4985430:d=2021122100:HCDC:high cloud layer:3 hour fcst:
20: 13:5257662:d=2021122100:HCDC:high cloud layer:0-3 hour ave fcst:
20: 14:5634982:d=2021122100:TCDC:entire atmosphere (considered as a single layer):3 hour fcst:
20: 15:6053163:d=2021122100:TCDC:entire atmosphere (considered as a single layer):0-3 hour ave fcst:
20: 16:6552545:d=2021122100:HGT:cloud ceiling:3 hour fcst:
20: 17:7549195:d=2021122100:PRES:convective cloud bottom level:3 hour fcst:
20: 18:8062438:d=2021122100:PRES:low cloud bottom level:0-3 hour ave fcst:
20: 19:8910016:d=2021122100:PRES:middle cloud bottom level:0-3 hour ave fcst:
20: 20:9463001:d=2021122100:PRES:high cloud bottom level:0-3 hour ave fcst:
20: 21:10119606:d=2021122100:PRES:convective cloud top level:3 hour fcst:
20: 22:10685448:d=2021122100:PRES:low cloud top level:0-3 hour ave fcst:
20: 23:11525096:d=2021122100:PRES:middle cloud top level:0-3 hour ave fcst:
20: 24:12038644:d=2021122100:PRES:high cloud top level:0-3 hour ave fcst:
20: 25:12716688:d=2021122100:TMP:low cloud top level:0-3 hour ave fcst:
20: 26:13314612:d=2021122100:TMP:middle cloud top level:0-3 hour ave fcst:
20: 27:13735003:d=2021122100:TMP:high cloud top level:0-3 hour ave fcst:
20: 28:14288754:d=2021122100:TCDC:convective cloud layer:3 hour fcst:
20: 29:14902419:d=2021122100:TCDC:boundary layer cloud layer:0-3 hour ave fcst:
20: 30:15272650:d=2021122100:CWORK:entire atmosphere (considered as a single layer):0-3 hour ave fcst:
20: 31:15541404:d=2021122100:DSWRF:surface:0-3 hour ave fcst:
20: + product_functions.sh[10]rc=0
20: + product_functions.sh[11]((  rc == 0  ))
20: + product_functions.sh[11]mv pgb2file_f003_21_0p25.new pgb2file_f003_21_0p25
20: + product_functions.sh[12]return 0
20: + interp_atmos_master.sh[56]export err=0
20: + interp_atmos_master.sh[56]err=0
20: + interp_atmos_master.sh[57][[ 0 -ne 0 ]]
20: ++ interp_atmos_master.sh[62]wc -l
20: ++ interp_atmos_master.sh[62]wgrib2 pgb2file_f003_21_0p25 -match 'LAND|ICEC'
20: + interp_atmos_master.sh[62]var_count=0
20: + interp_atmos_master.sh[63][[ 0 -eq 2 ]]
20: + interp_atmos_master.sh[54]for grid in "${grids[@]}"
20: + interp_atmos_master.sh[55]trim_rh pgb2file_f003_21_0p50
20: + product_functions.sh[5]local filename=pgb2file_f003_21_0p50
20: + product_functions.sh[6]wgrib2 pgb2file_f003_21_0p50 -not_if :RH: -grib pgb2file_f003_21_0p50.new -if :RH: -rpn '10:*:0.5:+:floor:1000:min:10:/' -set_grib_type same -set_scaling -1 0 -grib_out pgb2file_f003_21_0p50.new
20: 1:0:d=2021122100:LFTX:surface:3 hour fcst:
20: 2:115778:d=2021122100:CAPE:surface:3 hour fcst:
20: 3:234292:d=2021122100:CIN:surface:3 hour fcst:
20: 4:349098:d=2021122100:PWAT:entire atmosphere (considered as a single layer):3 hour fcst:
20: 5:623191:d=2021122100:CWAT:entire atmosphere (considered as a single layer):3 hour fcst:
20: 6:877847:d=2021122100:RH:entire atmosphere (considered as a single layer):3 hour fcst:
20: 7:1006380:d=2021122100:TOZNE:entire atmosphere (considered as a single layer):3 hour fcst:
20: 8:1125084:d=2021122100:LCDC:low cloud layer:3 hour fcst:
20: 9:1272239:d=2021122100:LCDC:low cloud layer:0-3 hour ave fcst:
20: 10:1436741:d=2021122100:MCDC:middle cloud layer:3 hour fcst:
20: 11:1544350:d=2021122100:MCDC:middle cloud layer:0-3 hour ave fcst:
20: 12:1664483:d=2021122100:HCDC:high cloud layer:3 hour fcst:
20: 13:1765699:d=2021122100:HCDC:high cloud layer:0-3 hour ave fcst:
20: 14:1896977:d=2021122100:TCDC:entire atmosphere (considered as a single layer):3 hour fcst:
20: 15:2046525:d=2021122100:TCDC:entire atmosphere (considered as a single layer):0-3 hour ave fcst:
20: 16:2215532:d=2021122100:HGT:cloud ceiling:3 hour fcst:
20: 17:2530447:d=2021122100:PRES:convective cloud bottom level:3 hour fcst:
20: 18:2673359:d=2021122100:PRES:low cloud bottom level:0-3 hour ave fcst:
20: 19:2915879:d=2021122100:PRES:middle cloud bottom level:0-3 hour ave fcst:
20: 20:3076575:d=2021122100:PRES:high cloud bottom level:0-3 hour ave fcst:
20: 21:3267328:d=2021122100:PRES:convective cloud top level:3 hour fcst:
20: 22:3425204:d=2021122100:PRES:low cloud top level:0-3 hour ave fcst:
20: 23:3670211:d=2021122100:PRES:middle cloud top level:0-3 hour ave fcst:
20: 24:3822547:d=2021122100:PRES:high cloud top level:0-3 hour ave fcst:
20: 25:4018105:d=2021122100:TMP:low cloud top level:0-3 hour ave fcst:
20: 26:4196862:d=2021122100:TMP:middle cloud top level:0-3 hour ave fcst:
20: 27:4322107:d=2021122100:TMP:high cloud top level:0-3 hour ave fcst:
20: 28:4483912:d=2021122100:TCDC:convective cloud layer:3 hour fcst:
20: 29:4676570:d=2021122100:TCDC:boundary layer cloud layer:0-3 hour ave fcst:
20: 30:4805543:d=2021122100:CWORK:entire atmosphere (considered as a single layer):0-3 hour ave fcst:
20: 31:4892435:d=2021122100:DSWRF:surface:0-3 hour ave fcst:
20: + product_functions.sh[10]rc=0
20: + product_functions.sh[11]((  rc == 0  ))
20: + product_functions.sh[11]mv pgb2file_f003_21_0p50.new pgb2file_f003_21_0p50
20: + product_functions.sh[12]return 0
20: + interp_atmos_master.sh[56]export err=0
20: + interp_atmos_master.sh[56]err=0
20: + interp_atmos_master.sh[57][[ 0 -ne 0 ]]
20: ++ interp_atmos_master.sh[62]wc -l
20: ++ interp_atmos_master.sh[62]wgrib2 pgb2file_f003_21_0p50 -match 'LAND|ICEC'
20: + interp_atmos_master.sh[62]var_count=0
20: + interp_atmos_master.sh[63][[ 0 -eq 2 ]]
20: + interp_atmos_master.sh[54]for grid in "${grids[@]}"
20: + interp_atmos_master.sh[55]trim_rh pgb2file_f003_21_1p00
20: + product_functions.sh[5]local filename=pgb2file_f003_21_1p00
20: + product_functions.sh[6]wgrib2 pgb2file_f003_21_1p00 -not_if :RH: -grib pgb2file_f003_21_1p00.new -if :RH: -rpn '10:*:0.5:+:floor:1000:min:10:/' -set_grib_type same -set_scaling -1 0 -grib_out pgb2file_f003_21_1p00.new
20: 1:0:d=2021122100:LFTX:surface:3 hour fcst:
20: 2:39770:d=2021122100:CAPE:surface:3 hour fcst:
20: 3:79074:d=2021122100:CIN:surface:3 hour fcst:
20: 4:117243:d=2021122100:PWAT:entire atmosphere (considered as a single layer):3 hour fcst:
20: 5:200132:d=2021122100:CWAT:entire atmosphere (considered as a single layer):3 hour fcst:
20: 6:279544:d=2021122100:RH:entire atmosphere (considered as a single layer):3 hour fcst:
20: 7:322987:d=2021122100:TOZNE:entire atmosphere (considered as a single layer):3 hour fcst:
20: 8:364106:d=2021122100:LCDC:low cloud layer:3 hour fcst:
20: 9:414819:d=2021122100:LCDC:low cloud layer:0-3 hour ave fcst:
20: 10:468901:d=2021122100:MCDC:middle cloud layer:3 hour fcst:
20: 11:508204:d=2021122100:MCDC:middle cloud layer:0-3 hour ave fcst:
20: 12:549858:d=2021122100:HCDC:high cloud layer:3 hour fcst:
20: 13:586919:d=2021122100:HCDC:high cloud layer:0-3 hour ave fcst:
20: 14:632459:d=2021122100:TCDC:entire atmosphere (considered as a single layer):3 hour fcst:
20: 15:683977:d=2021122100:TCDC:entire atmosphere (considered as a single layer):0-3 hour ave fcst:
20: 16:740530:d=2021122100:HGT:cloud ceiling:3 hour fcst:
20: 17:837037:d=2021122100:PRES:convective cloud bottom level:3 hour fcst:
20: 18:875512:d=2021122100:PRES:low cloud bottom level:0-3 hour ave fcst:
20: 19:942164:d=2021122100:PRES:middle cloud bottom level:0-3 hour ave fcst:
20: 20:986389:d=2021122100:PRES:high cloud bottom level:0-3 hour ave fcst:
20: 21:1039375:d=2021122100:PRES:convective cloud top level:3 hour fcst:
20: 22:1081563:d=2021122100:PRES:low cloud top level:0-3 hour ave fcst:
20: 23:1149973:d=2021122100:PRES:middle cloud top level:0-3 hour ave fcst:
20: 24:1192919:d=2021122100:PRES:high cloud top level:0-3 hour ave fcst:
20: 25:1246564:d=2021122100:TMP:low cloud top level:0-3 hour ave fcst:
20: 26:1297015:d=2021122100:TMP:middle cloud top level:0-3 hour ave fcst:
20: 27:1332117:d=2021122100:TMP:high cloud top level:0-3 hour ave fcst:
20: 28:1377018:d=2021122100:TCDC:convective cloud layer:3 hour fcst:
20: 29:1436623:d=2021122100:TCDC:boundary layer cloud layer:0-3 hour ave fcst:
20: 30:1480568:d=2021122100:CWORK:entire atmosphere (considered as a single layer):0-3 hour ave fcst:
20: 31:1509222:d=2021122100:DSWRF:surface:0-3 hour ave fcst:
20: + product_functions.sh[10]rc=0
20: + product_functions.sh[11]((  rc == 0  ))
20: + product_functions.sh[11]mv pgb2file_f003_21_1p00.new pgb2file_f003_21_1p00
20: + product_functions.sh[12]return 0
20: + interp_atmos_master.sh[56]export err=0
20: + interp_atmos_master.sh[56]err=0
20: + interp_atmos_master.sh[57][[ 0 -ne 0 ]]
20: ++ interp_atmos_master.sh[62]wc -l
20: ++ interp_atmos_master.sh[62]wgrib2 pgb2file_f003_21_1p00 -match 'LAND|ICEC'
20: + interp_atmos_master.sh[62]var_count=0
20: + interp_atmos_master.sh[63][[ 0 -eq 2 ]]
20: + interp_atmos_master.sh[73]exit 0
13: + bash[8]'[' -z '' ']'
13: + bash[9]case "$-" in
13: + bash[12]__lmod_vx=x
13: + bash[16]'[' -n x ']'
13: + bash[16]set +x
13: Shell debugging temporarily silenced: export LMOD_SH_DBG_ON=1 for this output (/apps/other/lmod/lmod/init/bash)
13: Shell debugging restarted
13: + bash[224]unset __lmod_vx
13: + interp_atmos_master.sh[7]input_file=tmpfile_f003_14
13: + interp_atmos_master.sh[8]output_file_prefix=pgb2file_f003_14
13: + interp_atmos_master.sh[9]grid_string=0p25:0p50:1p00
13: + interp_atmos_master.sh[12]defaults='-set_grib_type same -set_bitmap 1 -set_grib_max_bits 16'
13: + interp_atmos_master.sh[13]interp_winds='-new_grid_winds earth'
13: + interp_atmos_master.sh[14]interp_bilinear='-new_grid_interpolation bilinear'
13: + interp_atmos_master.sh[15]interp_neighbor='-if :(CSNOW|CRAIN|CFRZR|CICEP|ICSEV): -new_grid_interpolation neighbor -fi'
13: + interp_atmos_master.sh[16]interp_budget='-if :(APCP|ACPCP|PRATE|CPRAT|DZDT): -new_grid_interpolation budget -fi'
13: + interp_atmos_master.sh[17]increased_bits='-if :(APCP|ACPCP|PRATE|CPRAT): -set_grib_max_bits 25 -fi'
13: + interp_atmos_master.sh[21]grid0p25='latlon 0:1440:0.25 90:721:-0.25'
13: + interp_atmos_master.sh[23]grid0p50='latlon 0:720:0.5 90:361:-0.5'
13: + interp_atmos_master.sh[25]grid1p00='latlon 0:360:1.0 90:181:-1.0'
13: + interp_atmos_master.sh[28]source /work2/noaa/global/mterry/global-workflow_forked/ush/product_functions.sh
13: + interp_atmos_master.sh[31]IFS=:
13: + interp_atmos_master.sh[31]read -ra grids
13: + interp_atmos_master.sh[33]output_grids=
13: + interp_atmos_master.sh[34]for grid in "${grids[@]}"
13: + interp_atmos_master.sh[35]gridopt=grid0p25
13: + interp_atmos_master.sh[36]output_grids=' -new_grid latlon 0:1440:0.25 90:721:-0.25 pgb2file_f003_14_0p25'
13: + interp_atmos_master.sh[34]for grid in "${grids[@]}"
13: + interp_atmos_master.sh[35]gridopt=grid0p50
13: + interp_atmos_master.sh[36]output_grids=' -new_grid latlon 0:1440:0.25 90:721:-0.25 pgb2file_f003_14_0p25 -new_grid latlon 0:720:0.5 90:361:-0.5 pgb2file_f003_14_0p50'
13: + interp_atmos_master.sh[34]for grid in "${grids[@]}"
13: + interp_atmos_master.sh[35]gridopt=grid1p00
13: + interp_atmos_master.sh[36]output_grids=' -new_grid latlon 0:1440:0.25 90:721:-0.25 pgb2file_f003_14_0p25 -new_grid latlon 0:720:0.5 90:361:-0.5 pgb2file_f003_14_0p50 -new_grid latlon 0:360:1.0 90:181:-1.0 pgb2file_f003_14_1p00'
13: + interp_atmos_master.sh[40]wgrib2 tmpfile_f003_14 -set_grib_type same -set_bitmap 1 -set_grib_max_bits 16 -new_grid_winds earth -new_grid_interpolation bilinear -if ':(CSNOW|CRAIN|CFRZR|CICEP|ICSEV):' -new_grid_interpolation neighbor -fi -if ':(APCP|ACPCP|PRATE|CPRAT|DZDT):' -new_grid_interpolation budget -fi -if ':(APCP|ACPCP|PRATE|CPRAT):' -set_grib_max_bits 25 -fi -new_grid latlon 0:1440:0.25 90:721:-0.25 pgb2file_f003_14_0p25 -new_grid latlon 0:720:0.5 90:361:-0.5 pgb2file_f003_14_0p50 -new_grid latlon 0:360:1.0 90:181:-1.0 pgb2file_f003_14_1p00
13: 1:0:d=2021122100:ABSV:650 mb:3 hour fcst:
13: 2:82633:d=2021122100:CLMR:650 mb:3 hour fcst:
13: 3:97277:d=2021122100:ICMR:650 mb:3 hour fcst:
13: 4:129616:d=2021122100:RWMR:650 mb:3 hour fcst:
13: 5:140150:d=2021122100:SNMR:650 mb:3 hour fcst:
13: 6:175095:d=2021122100:GRLE:650 mb:3 hour fcst:
13: 7:180135:d=2021122100:O3MR:650 mb:3 hour fcst:
13: 8:283334:d=2021122100:HGT:700 mb:3 hour fcst:
13: 9:367697:d=2021122100:TMP:700 mb:3 hour fcst:
13: 10:434888:d=2021122100:RH:700 mb:3 hour fcst:
13: 11:507092:d=2021122100:TCDC:700 mb:3 hour fcst:
13: 12:536597:d=2021122100:SPFH:700 mb:3 hour fcst:
13: 13:643254:d=2021122100:VVEL:700 mb:3 hour fcst:
13: 14:744850:d=2021122100:DZDT:700 mb:3 hour fcst:
13: 15:843004:d=2021122100:UGRD:700 mb:3 hour fcst:
13: 16:917962:d=2021122100:VGRD:700 mb:3 hour fcst:
13: 17:994450:d=2021122100:ABSV:700 mb:3 hour fcst:
13: 18:1076717:d=2021122100:CLMR:700 mb:3 hour fcst:
13: 19:1093393:d=2021122100:ICMR:700 mb:3 hour fcst:
13: 20:1123605:d=2021122100:RWMR:700 mb:3 hour fcst:
13: 21:1136138:d=2021122100:SNMR:700 mb:3 hour fcst:
13: 22:1169382:d=2021122100:GRLE:700 mb:3 hour fcst:
13: 23:1173632:d=2021122100:O3MR:700 mb:3 hour fcst:
13: 24:1276138:d=2021122100:HGT:750 mb:3 hour fcst:
13: 25:1360702:d=2021122100:TMP:750 mb:3 hour fcst:
13: 26:1429967:d=2021122100:RH:750 mb:3 hour fcst:
13: 27:1503026:d=2021122100:TCDC:750 mb:3 hour fcst:
13: 28:1533386:d=2021122100:SPFH:750 mb:3 hour fcst:
13: 29:1642036:d=2021122100:VVEL:750 mb:3 hour fcst:
13: 30:1744108:d=2021122100:DZDT:750 mb:3 hour fcst:
13: 31:1851653:d=2021122100:UGRD:750 mb:3 hour fcst:
13: 32:1926881:d=2021122100:VGRD:750 mb:3 hour fcst:
13: + interp_atmos_master.sh[47]export err=0
13: + interp_atmos_master.sh[47]err=0
13: + interp_atmos_master.sh[48][[ 0 -ne 0 ]]
13: + interp_atmos_master.sh[54]for grid in "${grids[@]}"
13: + interp_atmos_master.sh[55]trim_rh pgb2file_f003_14_0p25
13: + product_functions.sh[5]local filename=pgb2file_f003_14_0p25
13: + product_functions.sh[6]wgrib2 pgb2file_f003_14_0p25 -not_if :RH: -grib pgb2file_f003_14_0p25.new -if :RH: -rpn '10:*:0.5:+:floor:1000:min:10:/' -set_grib_type same -set_scaling -1 0 -grib_out pgb2file_f003_14_0p25.new
13: 1:0:d=2021122100:ABSV:650 mb:3 hour fcst:
13: 2:687150:d=2021122100:CLMR:650 mb:3 hour fcst:
13: 3:807427:d=2021122100:ICMR:650 mb:3 hour fcst:
13: 4:1074267:d=2021122100:RWMR:650 mb:3 hour fcst:
13: 5:1151470:d=2021122100:SNMR:650 mb:3 hour fcst:
13: 6:1422409:d=2021122100:GRLE:650 mb:3 hour fcst:
13: 7:1458510:d=2021122100:O3MR:650 mb:3 hour fcst:
13: 8:2414339:d=2021122100:HGT:700 mb:3 hour fcst:
13: 9:3108393:d=2021122100:TMP:700 mb:3 hour fcst:
13: 10:3617815:d=2021122100:RH:700 mb:3 hour fcst:
13: 11:4183276:d=2021122100:TCDC:700 mb:3 hour fcst:
13: 12:4402406:d=2021122100:SPFH:700 mb:3 hour fcst:
13: 13:5376700:d=2021122100:VVEL:700 mb:3 hour fcst:
13: 14:6310688:d=2021122100:DZDT:700 mb:3 hour fcst:
13: 15:7177802:d=2021122100:UGRD:700 mb:3 hour fcst:
13: 16:7780409:d=2021122100:VGRD:700 mb:3 hour fcst:
13: 17:8404462:d=2021122100:ABSV:700 mb:3 hour fcst:
13: 18:9093581:d=2021122100:CLMR:700 mb:3 hour fcst:
13: 19:9233128:d=2021122100:ICMR:700 mb:3 hour fcst:
13: 20:9483847:d=2021122100:RWMR:700 mb:3 hour fcst:
13: 21:9575670:d=2021122100:SNMR:700 mb:3 hour fcst:
13: 22:9832897:d=2021122100:GRLE:700 mb:3 hour fcst:
13: 23:9860882:d=2021122100:O3MR:700 mb:3 hour fcst:
13: 24:10801360:d=2021122100:HGT:750 mb:3 hour fcst:
13: 25:11500107:d=2021122100:TMP:750 mb:3 hour fcst:
13: 26:12028844:d=2021122100:RH:750 mb:3 hour fcst:
13: 27:12603502:d=2021122100:TCDC:750 mb:3 hour fcst:
13: 28:12830526:d=2021122100:SPFH:750 mb:3 hour fcst:
13: 29:13837988:d=2021122100:VVEL:750 mb:3 hour fcst:
13: 30:14778456:d=2021122100:DZDT:750 mb:3 hour fcst:
13: 31:15765363:d=2021122100:UGRD:750 mb:3 hour fcst:
13: 32:16377824:d=2021122100:VGRD:750 mb:3 hour fcst:
13: + product_functions.sh[10]rc=0
13: + product_functions.sh[11]((  rc == 0  ))
13: + product_functions.sh[11]mv pgb2file_f003_14_0p25.new pgb2file_f003_14_0p25
13: + product_functions.sh[12]return 0
13: + interp_atmos_master.sh[56]export err=0
13: + interp_atmos_master.sh[56]err=0
13: + interp_atmos_master.sh[57][[ 0 -ne 0 ]]
13: ++ interp_atmos_master.sh[62]wc -l
13: ++ interp_atmos_master.sh[62]wgrib2 pgb2file_f003_14_0p25 -match 'LAND|ICEC'
13: + interp_atmos_master.sh[62]var_count=0
13: + interp_atmos_master.sh[63][[ 0 -eq 2 ]]
13: + interp_atmos_master.sh[54]for grid in "${grids[@]}"
13: + interp_atmos_master.sh[55]trim_rh pgb2file_f003_14_0p50
13: + product_functions.sh[5]local filename=pgb2file_f003_14_0p50
13: + product_functions.sh[6]wgrib2 pgb2file_f003_14_0p50 -not_if :RH: -grib pgb2file_f003_14_0p50.new -if :RH: -rpn '10:*:0.5:+:floor:1000:min:10:/' -set_grib_type same -set_scaling -1 0 -grib_out pgb2file_f003_14_0p50.new
13: 1:0:d=2021122100:ABSV:650 mb:3 hour fcst:
13: 2:219479:d=2021122100:CLMR:650 mb:3 hour fcst:
13: 3:261328:d=2021122100:ICMR:650 mb:3 hour fcst:
13: 4:349215:d=2021122100:RWMR:650 mb:3 hour fcst:
13: 5:376414:d=2021122100:SNMR:650 mb:3 hour fcst:
13: 6:467893:d=2021122100:GRLE:650 mb:3 hour fcst:
13: 7:481163:d=2021122100:O3MR:650 mb:3 hour fcst:
13: 8:770066:d=2021122100:HGT:700 mb:3 hour fcst:
13: 9:990396:d=2021122100:TMP:700 mb:3 hour fcst:
13: 10:1159623:d=2021122100:RH:700 mb:3 hour fcst:
13: 11:1346228:d=2021122100:TCDC:700 mb:3 hour fcst:
13: 12:1424397:d=2021122100:SPFH:700 mb:3 hour fcst:
13: 13:1720218:d=2021122100:VVEL:700 mb:3 hour fcst:
13: 14:2003347:d=2021122100:DZDT:700 mb:3 hour fcst:
13: 15:2266952:d=2021122100:UGRD:700 mb:3 hour fcst:
13: 16:2463314:d=2021122100:VGRD:700 mb:3 hour fcst:
13: 17:2665689:d=2021122100:ABSV:700 mb:3 hour fcst:
13: 18:2886289:d=2021122100:CLMR:700 mb:3 hour fcst:
13: 19:2934114:d=2021122100:ICMR:700 mb:3 hour fcst:
13: 20:3016911:d=2021122100:RWMR:700 mb:3 hour fcst:
13: 21:3049275:d=2021122100:SNMR:700 mb:3 hour fcst:
13: 22:3136394:d=2021122100:GRLE:700 mb:3 hour fcst:
13: 23:3146773:d=2021122100:O3MR:700 mb:3 hour fcst:
13: 24:3433534:d=2021122100:HGT:750 mb:3 hour fcst:
13: 25:3656475:d=2021122100:TMP:750 mb:3 hour fcst:
13: 26:3831678:d=2021122100:RH:750 mb:3 hour fcst:
13: 27:4020932:d=2021122100:TCDC:750 mb:3 hour fcst:
13: 28:4101506:d=2021122100:SPFH:750 mb:3 hour fcst:
13: 29:4404618:d=2021122100:VVEL:750 mb:3 hour fcst:
13: 30:4689853:d=2021122100:DZDT:750 mb:3 hour fcst:
13: 31:4985078:d=2021122100:UGRD:750 mb:3 hour fcst:
13: 32:5183728:d=2021122100:VGRD:750 mb:3 hour fcst:
13: + product_functions.sh[10]rc=0
13: + product_functions.sh[11]((  rc == 0  ))
13: + product_functions.sh[11]mv pgb2file_f003_14_0p50.new pgb2file_f003_14_0p50
13: + product_functions.sh[12]return 0
13: + interp_atmos_master.sh[56]export err=0
13: + interp_atmos_master.sh[56]err=0
13: + interp_atmos_master.sh[57][[ 0 -ne 0 ]]
13: ++ interp_atmos_master.sh[62]wc -l
13: ++ interp_atmos_master.sh[62]wgrib2 pgb2file_f003_14_0p50 -match 'LAND|ICEC'
13: + interp_atmos_master.sh[62]var_count=0
13: + interp_atmos_master.sh[63][[ 0 -eq 2 ]]
13: + interp_atmos_master.sh[54]for grid in "${grids[@]}"
13: + interp_atmos_master.sh[55]trim_rh pgb2file_f003_14_1p00
13: + product_functions.sh[5]local filename=pgb2file_f003_14_1p00
13: + product_functions.sh[6]wgrib2 pgb2file_f003_14_1p00 -not_if :RH: -grib pgb2file_f003_14_1p00.new -if :RH: -rpn '10:*:0.5:+:floor:1000:min:10:/' -set_grib_type same -set_scaling -1 0 -grib_out pgb2file_f003_14_1p00.new
13: 1:0:d=2021122100:ABSV:650 mb:3 hour fcst:
13: 2:68277:d=2021122100:CLMR:650 mb:3 hour fcst:
13: 3:83610:d=2021122100:ICMR:650 mb:3 hour fcst:
13: 4:113132:d=2021122100:RWMR:650 mb:3 hour fcst:
13: 5:123046:d=2021122100:SNMR:650 mb:3 hour fcst:
13: 6:155054:d=2021122100:GRLE:650 mb:3 hour fcst:
13: 7:160258:d=2021122100:O3MR:650 mb:3 hour fcst:
13: 8:246692:d=2021122100:HGT:700 mb:3 hour fcst:
13: 9:315284:d=2021122100:TMP:700 mb:3 hour fcst:
13: 10:369926:d=2021122100:RH:700 mb:3 hour fcst:
13: 11:430172:d=2021122100:TCDC:700 mb:3 hour fcst:
13: 12:458074:d=2021122100:SPFH:700 mb:3 hour fcst:
13: 13:546116:d=2021122100:VVEL:700 mb:3 hour fcst:
13: 14:630833:d=2021122100:DZDT:700 mb:3 hour fcst:
13: 15:710249:d=2021122100:UGRD:700 mb:3 hour fcst:
13: 16:772927:d=2021122100:VGRD:700 mb:3 hour fcst:
13: 17:837455:d=2021122100:ABSV:700 mb:3 hour fcst:
13: 18:906014:d=2021122100:CLMR:700 mb:3 hour fcst:
13: 19:923403:d=2021122100:ICMR:700 mb:3 hour fcst:
13: 20:951127:d=2021122100:RWMR:700 mb:3 hour fcst:
13: 21:962958:d=2021122100:SNMR:700 mb:3 hour fcst:
13: 22:993433:d=2021122100:GRLE:700 mb:3 hour fcst:
13: 23:997790:d=2021122100:O3MR:700 mb:3 hour fcst:
13: 24:1083320:d=2021122100:HGT:750 mb:3 hour fcst:
13: 25:1152132:d=2021122100:TMP:750 mb:3 hour fcst:
13: 26:1208233:d=2021122100:RH:750 mb:3 hour fcst:
13: 27:1269044:d=2021122100:TCDC:750 mb:3 hour fcst:
13: 28:1297237:d=2021122100:SPFH:750 mb:3 hour fcst:
13: 29:1387021:d=2021122100:VVEL:750 mb:3 hour fcst:
13: 30:1472208:d=2021122100:DZDT:750 mb:3 hour fcst:
13: 31:1559940:d=2021122100:UGRD:750 mb:3 hour fcst:
13: 32:1622667:d=2021122100:VGRD:750 mb:3 hour fcst:
13: + product_functions.sh[10]rc=0
13: + product_functions.sh[11]((  rc == 0  ))
13: + product_functions.sh[11]mv pgb2file_f003_14_1p00.new pgb2file_f003_14_1p00
13: + product_functions.sh[12]return 0
13: + interp_atmos_master.sh[56]export err=0
13: + interp_atmos_master.sh[56]err=0
13: + interp_atmos_master.sh[57][[ 0 -ne 0 ]]
13: ++ interp_atmos_master.sh[62]wc -l
13: ++ interp_atmos_master.sh[62]wgrib2 pgb2file_f003_14_1p00 -match 'LAND|ICEC'
13: + interp_atmos_master.sh[62]var_count=0
13: + interp_atmos_master.sh[63][[ 0 -eq 2 ]]
13: + interp_atmos_master.sh[73]exit 0
 7: + bash[8]'[' -z '' ']'
 7: + bash[9]case "$-" in
 7: + bash[12]__lmod_vx=x
 7: + bash[16]'[' -n x ']'
 7: + bash[16]set +x
 7: Shell debugging temporarily silenced: export LMOD_SH_DBG_ON=1 for this output (/apps/other/lmod/lmod/init/bash)
 7: Shell debugging restarted
 7: + bash[224]unset __lmod_vx
 7: + interp_atmos_master.sh[7]input_file=tmpfile_f003_8
 7: + interp_atmos_master.sh[8]output_file_prefix=pgb2file_f003_8
 7: + interp_atmos_master.sh[9]grid_string=0p25:0p50:1p00
 7: + interp_atmos_master.sh[12]defaults='-set_grib_type same -set_bitmap 1 -set_grib_max_bits 16'
 7: + interp_atmos_master.sh[13]interp_winds='-new_grid_winds earth'
 7: + interp_atmos_master.sh[14]interp_bilinear='-new_grid_interpolation bilinear'
 7: + interp_atmos_master.sh[15]interp_neighbor='-if :(CSNOW|CRAIN|CFRZR|CICEP|ICSEV): -new_grid_interpolation neighbor -fi'
 7: + interp_atmos_master.sh[16]interp_budget='-if :(APCP|ACPCP|PRATE|CPRAT|DZDT): -new_grid_interpolation budget -fi'
 7: + interp_atmos_master.sh[17]increased_bits='-if :(APCP|ACPCP|PRATE|CPRAT): -set_grib_max_bits 25 -fi'
 7: + interp_atmos_master.sh[21]grid0p25='latlon 0:1440:0.25 90:721:-0.25'
 7: + interp_atmos_master.sh[23]grid0p50='latlon 0:720:0.5 90:361:-0.5'
 7: + interp_atmos_master.sh[25]grid1p00='latlon 0:360:1.0 90:181:-1.0'
 7: + interp_atmos_master.sh[28]source /work2/noaa/global/mterry/global-workflow_forked/ush/product_functions.sh
 7: + interp_atmos_master.sh[31]IFS=:
 7: + interp_atmos_master.sh[31]read -ra grids
 7: + interp_atmos_master.sh[33]output_grids=
 7: + interp_atmos_master.sh[34]for grid in "${grids[@]}"
 7: + interp_atmos_master.sh[35]gridopt=grid0p25
 7: + interp_atmos_master.sh[36]output_grids=' -new_grid latlon 0:1440:0.25 90:721:-0.25 pgb2file_f003_8_0p25'
 7: + interp_atmos_master.sh[34]for grid in "${grids[@]}"
 7: + interp_atmos_master.sh[35]gridopt=grid0p50
 7: + interp_atmos_master.sh[36]output_grids=' -new_grid latlon 0:1440:0.25 90:721:-0.25 pgb2file_f003_8_0p25 -new_grid latlon 0:720:0.5 90:361:-0.5 pgb2file_f003_8_0p50'
 7: + interp_atmos_master.sh[34]for grid in "${grids[@]}"
 7: + interp_atmos_master.sh[35]gridopt=grid1p00
 7: + interp_atmos_master.sh[36]output_grids=' -new_grid latlon 0:1440:0.25 90:721:-0.25 pgb2file_f003_8_0p25 -new_grid latlon 0:720:0.5 90:361:-0.5 pgb2file_f003_8_0p50 -new_grid latlon 0:360:1.0 90:181:-1.0 pgb2file_f003_8_1p00'
 7: + interp_atmos_master.sh[40]wgrib2 tmpfile_f003_8 -set_grib_type same -set_bitmap 1 -set_grib_max_bits 16 -new_grid_winds earth -new_grid_interpolation bilinear -if ':(CSNOW|CRAIN|CFRZR|CICEP|ICSEV):' -new_grid_interpolation neighbor -fi -if ':(APCP|ACPCP|PRATE|CPRAT|DZDT):' -new_grid_interpolation budget -fi -if ':(APCP|ACPCP|PRATE|CPRAT):' -set_grib_max_bits 25 -fi -new_grid latlon 0:1440:0.25 90:721:-0.25 pgb2file_f003_8_0p25 -new_grid latlon 0:720:0.5 90:361:-0.5 pgb2file_f003_8_0p50 -new_grid latlon 0:360:1.0 90:181:-1.0 pgb2file_f003_8_1p00
 7: 1:0:d=2021122100:ABSV:70 mb:3 hour fcst:
 7: 2:74127:d=2021122100:O3MR:70 mb:3 hour fcst:
 7: 3:173527:d=2021122100:HGT:100 mb:3 hour fcst:
 7: 4:241268:d=2021122100:TMP:100 mb:3 hour fcst:
 7: 5:303390:d=2021122100:RH:100 mb:3 hour fcst:
 7: 6:340660:d=2021122100:TCDC:100 mb:3 hour fcst:
 7: 7:341063:d=2021122100:SPFH:100 mb:3 hour fcst:
 7: 8:433190:d=2021122100:VVEL:100 mb:3 hour fcst:
 7: 9:538610:d=2021122100:DZDT:100 mb:3 hour fcst:
 7: 10:642660:d=2021122100:UGRD:100 mb:3 hour fcst:
 7: 11:686651:d=2021122100:VGRD:100 mb:3 hour fcst:
 7: 12:759652:d=2021122100:ABSV:100 mb:3 hour fcst:
 7: 13:837049:d=2021122100:CLMR:100 mb:3 hour fcst:
 7: 14:837228:d=2021122100:ICMR:100 mb:3 hour fcst:
 7: 15:841983:d=2021122100:RWMR:100 mb:3 hour fcst:
 7: 16:842162:d=2021122100:SNMR:100 mb:3 hour fcst:
 7: 17:852100:d=2021122100:GRLE:100 mb:3 hour fcst:
 7: 18:852551:d=2021122100:O3MR:100 mb:3 hour fcst:
 7: 19:944737:d=2021122100:HGT:150 mb:3 hour fcst:
 7: 20:1013681:d=2021122100:TMP:150 mb:3 hour fcst:
 7: 21:1074729:d=2021122100:RH:150 mb:3 hour fcst:
 7: 22:1116838:d=2021122100:TCDC:150 mb:3 hour fcst:
 7: 23:1126105:d=2021122100:SPFH:150 mb:3 hour fcst:
 7: 24:1224371:d=2021122100:VVEL:150 mb:3 hour fcst:
 7: 25:1337309:d=2021122100:DZDT:150 mb:3 hour fcst:
 7: 26:1443508:d=2021122100:UGRD:150 mb:3 hour fcst:
 7: 27:1488819:d=2021122100:VGRD:150 mb:3 hour fcst:
 7: 28:1562755:d=2021122100:ABSV:150 mb:3 hour fcst:
 7: 29:1640971:d=2021122100:CLMR:150 mb:3 hour fcst:
 7: 30:1641150:d=2021122100:ICMR:150 mb:3 hour fcst:
 7: 31:1655431:d=2021122100:RWMR:150 mb:3 hour fcst:
 7: + interp_atmos_master.sh[47]export err=0
 7: + interp_atmos_master.sh[47]err=0
 7: + interp_atmos_master.sh[48][[ 0 -ne 0 ]]
 7: + interp_atmos_master.sh[54]for grid in "${grids[@]}"
 7: + interp_atmos_master.sh[55]trim_rh pgb2file_f003_8_0p25
 7: + product_functions.sh[5]local filename=pgb2file_f003_8_0p25
 7: + product_functions.sh[6]wgrib2 pgb2file_f003_8_0p25 -not_if :RH: -grib pgb2file_f003_8_0p25.new -if :RH: -rpn '10:*:0.5:+:floor:1000:min:10:/' -set_grib_type same -set_scaling -1 0 -grib_out pgb2file_f003_8_0p25.new
 7: 1:0:d=2021122100:ABSV:70 mb:3 hour fcst:
 7: 2:601539:d=2021122100:O3MR:70 mb:3 hour fcst:
 7: 3:1505312:d=2021122100:HGT:100 mb:3 hour fcst:
 7: 4:2034338:d=2021122100:TMP:100 mb:3 hour fcst:
 7: 5:2508774:d=2021122100:RH:100 mb:3 hour fcst:
 7: 6:2798094:d=2021122100:TCDC:100 mb:3 hour fcst:
 7: 7:2799895:d=2021122100:SPFH:100 mb:3 hour fcst:
 7: 8:3610973:d=2021122100:VVEL:100 mb:3 hour fcst:
 7: 9:4608776:d=2021122100:DZDT:100 mb:3 hour fcst:
 7: 10:5556064:d=2021122100:UGRD:100 mb:3 hour fcst:
 7: 11:6180833:d=2021122100:VGRD:100 mb:3 hour fcst:
 7: 12:6777729:d=2021122100:ABSV:100 mb:3 hour fcst:
 7: 13:7413756:d=2021122100:CLMR:100 mb:3 hour fcst:
 7: 14:7413935:d=2021122100:ICMR:100 mb:3 hour fcst:
 7: 15:7447013:d=2021122100:RWMR:100 mb:3 hour fcst:
 7: 16:7447192:d=2021122100:SNMR:100 mb:3 hour fcst:
 7: 17:7531712:d=2021122100:GRLE:100 mb:3 hour fcst:
 7: 18:7533621:d=2021122100:O3MR:100 mb:3 hour fcst:
 7: 19:8335262:d=2021122100:HGT:150 mb:3 hour fcst:
 7: 20:8877247:d=2021122100:TMP:150 mb:3 hour fcst:
 7: 21:9338863:d=2021122100:RH:150 mb:3 hour fcst:
 7: 22:9664348:d=2021122100:TCDC:150 mb:3 hour fcst:
 7: 23:9734860:d=2021122100:SPFH:150 mb:3 hour fcst:
 7: 24:10619823:d=2021122100:VVEL:150 mb:3 hour fcst:
 7: 25:11704103:d=2021122100:DZDT:150 mb:3 hour fcst:
 7: 26:12671296:d=2021122100:UGRD:150 mb:3 hour fcst:
 7: 27:13306634:d=2021122100:VGRD:150 mb:3 hour fcst:
 7: 28:13914079:d=2021122100:ABSV:150 mb:3 hour fcst:
 7: 29:14563706:d=2021122100:CLMR:150 mb:3 hour fcst:
 7: 30:14563885:d=2021122100:ICMR:150 mb:3 hour fcst:
 7: 31:14681920:d=2021122100:RWMR:150 mb:3 hour fcst:
 7: + product_functions.sh[10]rc=0
 7: + product_functions.sh[11]((  rc == 0  ))
 7: + product_functions.sh[11]mv pgb2file_f003_8_0p25.new pgb2file_f003_8_0p25
 7: + product_functions.sh[12]return 0
 7: + interp_atmos_master.sh[56]export err=0
 7: + interp_atmos_master.sh[56]err=0
 7: + interp_atmos_master.sh[57][[ 0 -ne 0 ]]
 7: ++ interp_atmos_master.sh[62]wc -l
 7: ++ interp_atmos_master.sh[62]wgrib2 pgb2file_f003_8_0p25 -match 'LAND|ICEC'
 7: + interp_atmos_master.sh[62]var_count=0
 7: + interp_atmos_master.sh[63][[ 0 -eq 2 ]]
 7: + interp_atmos_master.sh[54]for grid in "${grids[@]}"
 7: + interp_atmos_master.sh[55]trim_rh pgb2file_f003_8_0p50
 7: + product_functions.sh[5]local filename=pgb2file_f003_8_0p50
 7: + product_functions.sh[6]wgrib2 pgb2file_f003_8_0p50 -not_if :RH: -grib pgb2file_f003_8_0p50.new -if :RH: -rpn '10:*:0.5:+:floor:1000:min:10:/' -set_grib_type same -set_scaling -1 0 -grib_out pgb2file_f003_8_0p50.new
 7: 1:0:d=2021122100:ABSV:70 mb:3 hour fcst:
 7: 2:192914:d=2021122100:O3MR:70 mb:3 hour fcst:
 7: 3:469585:d=2021122100:HGT:100 mb:3 hour fcst:
 7: 4:641307:d=2021122100:TMP:100 mb:3 hour fcst:
 7: 5:797670:d=2021122100:RH:100 mb:3 hour fcst:
 7: 6:889461:d=2021122100:TCDC:100 mb:3 hour fcst:
 7: 7:890261:d=2021122100:SPFH:100 mb:3 hour fcst:
 7: 8:1141161:d=2021122100:VVEL:100 mb:3 hour fcst:
 7: 9:1437760:d=2021122100:DZDT:100 mb:3 hour fcst:
 7: 10:1720499:d=2021122100:UGRD:100 mb:3 hour fcst:
 7: 11:1921731:d=2021122100:VGRD:100 mb:3 hour fcst:
 7: 12:2113663:d=2021122100:ABSV:100 mb:3 hour fcst:
 7: 13:2317619:d=2021122100:CLMR:100 mb:3 hour fcst:
 7: 14:2317798:d=2021122100:ICMR:100 mb:3 hour fcst:
 7: 15:2329490:d=2021122100:RWMR:100 mb:3 hour fcst:
 7: 16:2329669:d=2021122100:SNMR:100 mb:3 hour fcst:
 7: 17:2356745:d=2021122100:GRLE:100 mb:3 hour fcst:
 7: 18:2357538:d=2021122100:O3MR:100 mb:3 hour fcst:
 7: 19:2608641:d=2021122100:HGT:150 mb:3 hour fcst:
 7: 20:2784561:d=2021122100:TMP:150 mb:3 hour fcst:
 7: 21:2938019:d=2021122100:RH:150 mb:3 hour fcst:
 7: 22:3042732:d=2021122100:TCDC:150 mb:3 hour fcst:
 7: 23:3067147:d=2021122100:SPFH:150 mb:3 hour fcst:
 7: 24:3335911:d=2021122100:VVEL:150 mb:3 hour fcst:
 7: 25:3656231:d=2021122100:DZDT:150 mb:3 hour fcst:
 7: 26:3945159:d=2021122100:UGRD:150 mb:3 hour fcst:
 7: 27:4148580:d=2021122100:VGRD:150 mb:3 hour fcst:
 7: 28:4343615:d=2021122100:ABSV:150 mb:3 hour fcst:
 7: 29:4550178:d=2021122100:CLMR:150 mb:3 hour fcst:
 7: 30:4550357:d=2021122100:ICMR:150 mb:3 hour fcst:
 7: 31:4588124:d=2021122100:RWMR:150 mb:3 hour fcst:
 7: + product_functions.sh[10]rc=0
 7: + product_functions.sh[11]((  rc == 0  ))
 7: + product_functions.sh[11]mv pgb2file_f003_8_0p50.new pgb2file_f003_8_0p50
 7: + product_functions.sh[12]return 0
 7: + interp_atmos_master.sh[56]export err=0
 7: + interp_atmos_master.sh[56]err=0
 7: + interp_atmos_master.sh[57][[ 0 -ne 0 ]]
 7: ++ interp_atmos_master.sh[62]wc -l
 7: ++ interp_atmos_master.sh[62]wgrib2 pgb2file_f003_8_0p50 -match 'LAND|ICEC'
 7: + interp_atmos_master.sh[62]var_count=0
 7: + interp_atmos_master.sh[63][[ 0 -eq 2 ]]
 7: + interp_atmos_master.sh[54]for grid in "${grids[@]}"
 7: + interp_atmos_master.sh[55]trim_rh pgb2file_f003_8_1p00
 7: + product_functions.sh[5]local filename=pgb2file_f003_8_1p00
 7: + product_functions.sh[6]wgrib2 pgb2file_f003_8_1p00 -not_if :RH: -grib pgb2file_f003_8_1p00.new -if :RH: -rpn '10:*:0.5:+:floor:1000:min:10:/' -set_grib_type same -set_scaling -1 0 -grib_out pgb2file_f003_8_1p00.new
 7: 1:0:d=2021122100:ABSV:70 mb:3 hour fcst:
 7: 2:60928:d=2021122100:O3MR:70 mb:3 hour fcst:
 7: 3:143937:d=2021122100:HGT:100 mb:3 hour fcst:
 7: 4:198756:d=2021122100:TMP:100 mb:3 hour fcst:
 7: 5:249354:d=2021122100:RH:100 mb:3 hour fcst:
 7: 6:279578:d=2021122100:TCDC:100 mb:3 hour fcst:
 7: 7:280036:d=2021122100:SPFH:100 mb:3 hour fcst:
 7: 8:357263:d=2021122100:VVEL:100 mb:3 hour fcst:
 7: 9:444911:d=2021122100:DZDT:100 mb:3 hour fcst:
 7: 10:528937:d=2021122100:UGRD:100 mb:3 hour fcst:
 7: 11:591743:d=2021122100:VGRD:100 mb:3 hour fcst:
 7: 12:652637:d=2021122100:ABSV:100 mb:3 hour fcst:
 7: 13:716816:d=2021122100:CLMR:100 mb:3 hour fcst:
 7: 14:716995:d=2021122100:ICMR:100 mb:3 hour fcst:
 7: 15:721299:d=2021122100:RWMR:100 mb:3 hour fcst:
 7: 16:721478:d=2021122100:SNMR:100 mb:3 hour fcst:
 7: 17:730221:d=2021122100:GRLE:100 mb:3 hour fcst:
 7: 18:730638:d=2021122100:O3MR:100 mb:3 hour fcst:
 7: 19:807651:d=2021122100:HGT:150 mb:3 hour fcst:
 7: 20:863887:d=2021122100:TMP:150 mb:3 hour fcst:
 7: 21:914184:d=2021122100:RH:150 mb:3 hour fcst:
 7: 22:948592:d=2021122100:TCDC:150 mb:3 hour fcst:
 7: 23:957006:d=2021122100:SPFH:150 mb:3 hour fcst:
 7: 24:1038301:d=2021122100:VVEL:150 mb:3 hour fcst:
 7: 25:1131913:d=2021122100:DZDT:150 mb:3 hour fcst:
 7: 26:1217466:d=2021122100:UGRD:150 mb:3 hour fcst:
 7: 27:1281072:d=2021122100:VGRD:150 mb:3 hour fcst:
 7: 28:1343393:d=2021122100:ABSV:150 mb:3 hour fcst:
 7: 29:1408430:d=2021122100:CLMR:150 mb:3 hour fcst:
 7: 30:1408609:d=2021122100:ICMR:150 mb:3 hour fcst:
 7: 31:1421028:d=2021122100:RWMR:150 mb:3 hour fcst:
 7: + product_functions.sh[10]rc=0
 7: + product_functions.sh[11]((  rc == 0  ))
 7: + product_functions.sh[11]mv pgb2file_f003_8_1p00.new pgb2file_f003_8_1p00
 7: + product_functions.sh[12]return 0
 7: + interp_atmos_master.sh[56]export err=0
 7: + interp_atmos_master.sh[56]err=0
 7: + interp_atmos_master.sh[57][[ 0 -ne 0 ]]
 7: ++ interp_atmos_master.sh[62]wc -l
 7: ++ interp_atmos_master.sh[62]wgrib2 pgb2file_f003_8_1p00 -match 'LAND|ICEC'
 7: + interp_atmos_master.sh[62]var_count=0
 7: + interp_atmos_master.sh[63][[ 0 -eq 2 ]]
 7: + interp_atmos_master.sh[73]exit 0
 2: + bash[8]'[' -z '' ']'
 2: + bash[9]case "$-" in
 2: + bash[12]__lmod_vx=x
 2: + bash[16]'[' -n x ']'
 2: + bash[16]set +x
 2: Shell debugging temporarily silenced: export LMOD_SH_DBG_ON=1 for this output (/apps/other/lmod/lmod/init/bash)
 2: Shell debugging restarted
 2: + bash[224]unset __lmod_vx
 2: + interp_atmos_master.sh[7]input_file=tmpfile_f003_3
 2: + interp_atmos_master.sh[8]output_file_prefix=pgb2file_f003_3
 2: + interp_atmos_master.sh[9]grid_string=0p25:0p50:1p00
 2: + interp_atmos_master.sh[12]defaults='-set_grib_type same -set_bitmap 1 -set_grib_max_bits 16'
 2: + interp_atmos_master.sh[13]interp_winds='-new_grid_winds earth'
 2: + interp_atmos_master.sh[14]interp_bilinear='-new_grid_interpolation bilinear'
 2: + interp_atmos_master.sh[15]interp_neighbor='-if :(CSNOW|CRAIN|CFRZR|CICEP|ICSEV): -new_grid_interpolation neighbor -fi'
 2: + interp_atmos_master.sh[16]interp_budget='-if :(APCP|ACPCP|PRATE|CPRAT|DZDT): -new_grid_interpolation budget -fi'
 2: + interp_atmos_master.sh[17]increased_bits='-if :(APCP|ACPCP|PRATE|CPRAT): -set_grib_max_bits 25 -fi'
 2: + interp_atmos_master.sh[21]grid0p25='latlon 0:1440:0.25 90:721:-0.25'
 2: + interp_atmos_master.sh[23]grid0p50='latlon 0:720:0.5 90:361:-0.5'
 2: + interp_atmos_master.sh[25]grid1p00='latlon 0:360:1.0 90:181:-1.0'
 2: + interp_atmos_master.sh[28]source /work2/noaa/global/mterry/global-workflow_forked/ush/product_functions.sh
 2: + interp_atmos_master.sh[31]IFS=:
 2: + interp_atmos_master.sh[31]read -ra grids
 2: + interp_atmos_master.sh[33]output_grids=
 2: + interp_atmos_master.sh[34]for grid in "${grids[@]}"
 2: + interp_atmos_master.sh[35]gridopt=grid0p25
 2: + interp_atmos_master.sh[36]output_grids=' -new_grid latlon 0:1440:0.25 90:721:-0.25 pgb2file_f003_3_0p25'
 2: + interp_atmos_master.sh[34]for grid in "${grids[@]}"
 2: + interp_atmos_master.sh[35]gridopt=grid0p50
 2: + interp_atmos_master.sh[36]output_grids=' -new_grid latlon 0:1440:0.25 90:721:-0.25 pgb2file_f003_3_0p25 -new_grid latlon 0:720:0.5 90:361:-0.5 pgb2file_f003_3_0p50'
 2: + interp_atmos_master.sh[34]for grid in "${grids[@]}"
 2: + interp_atmos_master.sh[35]gridopt=grid1p00
 2: + interp_atmos_master.sh[36]output_grids=' -new_grid latlon 0:1440:0.25 90:721:-0.25 pgb2file_f003_3_0p25 -new_grid latlon 0:720:0.5 90:361:-0.5 pgb2file_f003_3_0p50 -new_grid latlon 0:360:1.0 90:181:-1.0 pgb2file_f003_3_1p00'
 2: + interp_atmos_master.sh[40]wgrib2 tmpfile_f003_3 -set_grib_type same -set_bitmap 1 -set_grib_max_bits 16 -new_grid_winds earth -new_grid_interpolation bilinear -if ':(CSNOW|CRAIN|CFRZR|CICEP|ICSEV):' -new_grid_interpolation neighbor -fi -if ':(APCP|ACPCP|PRATE|CPRAT|DZDT):' -new_grid_interpolation budget -fi -if ':(APCP|ACPCP|PRATE|CPRAT):' -set_grib_max_bits 25 -fi -new_grid latlon 0:1440:0.25 90:721:-0.25 pgb2file_f003_3_0p25 -new_grid latlon 0:720:0.5 90:361:-0.5 pgb2file_f003_3_0p50 -new_grid latlon 0:360:1.0 90:181:-1.0 pgb2file_f003_3_1p00
 2: 1:0:d=2021122100:O3MR:0.1 mb:3 hour fcst:
 2: 2:67055:d=2021122100:HGT:0.2 mb:3 hour fcst:
 2: 3:132955:d=2021122100:TMP:0.2 mb:3 hour fcst:
 2: 4:196668:d=2021122100:RH:0.2 mb:3 hour fcst:
 2: 5:219583:d=2021122100:SPFH:0.2 mb:3 hour fcst:
 2: 6:287334:d=2021122100:VVEL:0.2 mb:3 hour fcst:
 2: 7:391730:d=2021122100:DZDT:0.2 mb:3 hour fcst:
 2: 8:485720:d=2021122100:UGRD:0.2 mb:3 hour fcst:
 2: 9:531510:d=2021122100:VGRD:0.2 mb:3 hour fcst:
 2: 10:571820:d=2021122100:ABSV:0.2 mb:3 hour fcst:
 2: 11:642980:d=2021122100:O3MR:0.2 mb:3 hour fcst:
 2: 12:717008:d=2021122100:HGT:0.4 mb:3 hour fcst:
 2: 13:781054:d=2021122100:TMP:0.4 mb:3 hour fcst:
 2: 14:844361:d=2021122100:RH:0.4 mb:3 hour fcst:
 2: 15:863562:d=2021122100:SPFH:0.4 mb:3 hour fcst:
 2: 16:932909:d=2021122100:VVEL:0.4 mb:3 hour fcst:
 2: 17:1044381:d=2021122100:DZDT:0.4 mb:3 hour fcst:
 2: 18:1151696:d=2021122100:UGRD:0.4 mb:3 hour fcst:
 2: 19:1195714:d=2021122100:VGRD:0.4 mb:3 hour fcst:
 2: 20:1235180:d=2021122100:ABSV:0.4 mb:3 hour fcst:
 2: 21:1303644:d=2021122100:O3MR:0.4 mb:3 hour fcst:
 2: 22:1383425:d=2021122100:HGT:0.7 mb:3 hour fcst:
 2: 23:1445999:d=2021122100:TMP:0.7 mb:3 hour fcst:
 2: 24:1508811:d=2021122100:RH:0.7 mb:3 hour fcst:
 2: 25:1529701:d=2021122100:SPFH:0.7 mb:3 hour fcst:
 2: 26:1597491:d=2021122100:VVEL:0.7 mb:3 hour fcst:
 2: 27:1713032:d=2021122100:DZDT:0.7 mb:3 hour fcst:
 2: 28:1812478:d=2021122100:UGRD:0.7 mb:3 hour fcst:
 2: 29:1854978:d=2021122100:VGRD:0.7 mb:3 hour fcst:
 2: 30:1892241:d=2021122100:ABSV:0.7 mb:3 hour fcst:
 2: 31:1958391:d=2021122100:O3MR:0.7 mb:3 hour fcst:
 2: + interp_atmos_master.sh[47]export err=0
 2: + interp_atmos_master.sh[47]err=0
 2: + interp_atmos_master.sh[48][[ 0 -ne 0 ]]
 2: + interp_atmos_master.sh[54]for grid in "${grids[@]}"
 2: + interp_atmos_master.sh[55]trim_rh pgb2file_f003_3_0p25
 2: + product_functions.sh[5]local filename=pgb2file_f003_3_0p25
 2: + product_functions.sh[6]wgrib2 pgb2file_f003_3_0p25 -not_if :RH: -grib pgb2file_f003_3_0p25.new -if :RH: -rpn '10:*:0.5:+:floor:1000:min:10:/' -set_grib_type same -set_scaling -1 0 -grib_out pgb2file_f003_3_0p25.new
 2: 1:0:d=2021122100:O3MR:0.1 mb:3 hour fcst:
 2: 2:535474:d=2021122100:HGT:0.2 mb:3 hour fcst:
 2: 3:1048028:d=2021122100:TMP:0.2 mb:3 hour fcst:
 2: 4:1538807:d=2021122100:RH:0.2 mb:3 hour fcst:
 2: 5:1733912:d=2021122100:SPFH:0.2 mb:3 hour fcst:
 2: 6:2302440:d=2021122100:VVEL:0.2 mb:3 hour fcst:
 2: 7:3292602:d=2021122100:DZDT:0.2 mb:3 hour fcst:
 2: 8:4129631:d=2021122100:UGRD:0.2 mb:3 hour fcst:
 2: 9:4464511:d=2021122100:VGRD:0.2 mb:3 hour fcst:
 2: 10:4766347:d=2021122100:ABSV:0.2 mb:3 hour fcst:
 2: 11:5315135:d=2021122100:O3MR:0.2 mb:3 hour fcst:
 2: 12:5921788:d=2021122100:HGT:0.4 mb:3 hour fcst:
 2: 13:6411886:d=2021122100:TMP:0.4 mb:3 hour fcst:
 2: 14:6899277:d=2021122100:RH:0.4 mb:3 hour fcst:
 2: 15:7059054:d=2021122100:SPFH:0.4 mb:3 hour fcst:
 2: 16:7654678:d=2021122100:VVEL:0.4 mb:3 hour fcst:
 2: 17:8736329:d=2021122100:DZDT:0.4 mb:3 hour fcst:
 2: 18:9735810:d=2021122100:UGRD:0.4 mb:3 hour fcst:
 2: 19:10057308:d=2021122100:VGRD:0.4 mb:3 hour fcst:
 2: 20:10350336:d=2021122100:ABSV:0.4 mb:3 hour fcst:
 2: 21:10866428:d=2021122100:O3MR:0.4 mb:3 hour fcst:
 2: 22:11534699:d=2021122100:HGT:0.7 mb:3 hour fcst:
 2: 23:12010730:d=2021122100:TMP:0.7 mb:3 hour fcst:
 2: 24:12490005:d=2021122100:RH:0.7 mb:3 hour fcst:
 2: 25:12667339:d=2021122100:SPFH:0.7 mb:3 hour fcst:
 2: 26:13225765:d=2021122100:VVEL:0.7 mb:3 hour fcst:
 2: 27:14360403:d=2021122100:DZDT:0.7 mb:3 hour fcst:
 2: 28:15268136:d=2021122100:UGRD:0.7 mb:3 hour fcst:
 2: 29:15579520:d=2021122100:VGRD:0.7 mb:3 hour fcst:
 2: 30:15866663:d=2021122100:ABSV:0.7 mb:3 hour fcst:
 2: 31:16356848:d=2021122100:O3MR:0.7 mb:3 hour fcst:
 2: + product_functions.sh[10]rc=0
 2: + product_functions.sh[11]((  rc == 0  ))
 2: + product_functions.sh[11]mv pgb2file_f003_3_0p25.new pgb2file_f003_3_0p25
 2: + product_functions.sh[12]return 0
 2: + interp_atmos_master.sh[56]export err=0
 2: + interp_atmos_master.sh[56]err=0
 2: + interp_atmos_master.sh[57][[ 0 -ne 0 ]]
 2: ++ interp_atmos_master.sh[62]wc -l
 2: ++ interp_atmos_master.sh[62]wgrib2 pgb2file_f003_3_0p25 -match 'LAND|ICEC'
 2: + interp_atmos_master.sh[62]var_count=0
 2: + interp_atmos_master.sh[63][[ 0 -eq 2 ]]
 2: + interp_atmos_master.sh[54]for grid in "${grids[@]}"
 2: + interp_atmos_master.sh[55]trim_rh pgb2file_f003_3_0p50
 2: + product_functions.sh[5]local filename=pgb2file_f003_3_0p50
 2: + product_functions.sh[6]wgrib2 pgb2file_f003_3_0p50 -not_if :RH: -grib pgb2file_f003_3_0p50.new -if :RH: -rpn '10:*:0.5:+:floor:1000:min:10:/' -set_grib_type same -set_scaling -1 0 -grib_out pgb2file_f003_3_0p50.new
 2: 1:0:d=2021122100:O3MR:0.1 mb:3 hour fcst:
 2: 2:174163:d=2021122100:HGT:0.2 mb:3 hour fcst:
 2: 3:341790:d=2021122100:TMP:0.2 mb:3 hour fcst:
 2: 4:502464:d=2021122100:RH:0.2 mb:3 hour fcst:
 2: 5:561565:d=2021122100:SPFH:0.2 mb:3 hour fcst:
 2: 6:742354:d=2021122100:VVEL:0.2 mb:3 hour fcst:
 2: 7:1037579:d=2021122100:DZDT:0.2 mb:3 hour fcst:
 2: 8:1292778:d=2021122100:UGRD:0.2 mb:3 hour fcst:
 2: 9:1402604:d=2021122100:VGRD:0.2 mb:3 hour fcst:
 2: 10:1499530:d=2021122100:ABSV:0.2 mb:3 hour fcst:
 2: 11:1679033:d=2021122100:O3MR:0.2 mb:3 hour fcst:
 2: 12:1873734:d=2021122100:HGT:0.4 mb:3 hour fcst:
 2: 13:2034842:d=2021122100:TMP:0.4 mb:3 hour fcst:
 2: 14:2194376:d=2021122100:RH:0.4 mb:3 hour fcst:
 2: 15:2244792:d=2021122100:SPFH:0.4 mb:3 hour fcst:
 2: 16:2430970:d=2021122100:VVEL:0.4 mb:3 hour fcst:
 2: 17:2749634:d=2021122100:DZDT:0.4 mb:3 hour fcst:
 2: 18:3047346:d=2021122100:UGRD:0.4 mb:3 hour fcst:
 2: 19:3152028:d=2021122100:VGRD:0.4 mb:3 hour fcst:
 2: 20:3244191:d=2021122100:ABSV:0.4 mb:3 hour fcst:
 2: 21:3415446:d=2021122100:O3MR:0.4 mb:3 hour fcst:
 2: 22:3626760:d=2021122100:HGT:0.7 mb:3 hour fcst:
 2: 23:3783201:d=2021122100:TMP:0.7 mb:3 hour fcst:
 2: 24:3940733:d=2021122100:RH:0.7 mb:3 hour fcst:
 2: 25:3994943:d=2021122100:SPFH:0.7 mb:3 hour fcst:
 2: 26:4174090:d=2021122100:VVEL:0.7 mb:3 hour fcst:
 2: 27:4507232:d=2021122100:DZDT:0.7 mb:3 hour fcst:
 2: 28:4781593:d=2021122100:UGRD:0.7 mb:3 hour fcst:
 2: 29:4881490:d=2021122100:VGRD:0.7 mb:3 hour fcst:
 2: 30:4971852:d=2021122100:ABSV:0.7 mb:3 hour fcst:
 2: 31:5135587:d=2021122100:O3MR:0.7 mb:3 hour fcst:
 2: + product_functions.sh[10]rc=0
 2: + product_functions.sh[11]((  rc == 0  ))
 2: + product_functions.sh[11]mv pgb2file_f003_3_0p50.new pgb2file_f003_3_0p50
 2: + product_functions.sh[12]return 0
 2: + interp_atmos_master.sh[56]export err=0
 2: + interp_atmos_master.sh[56]err=0
 2: + interp_atmos_master.sh[57][[ 0 -ne 0 ]]
 2: ++ interp_atmos_master.sh[62]wc -l
 2: ++ interp_atmos_master.sh[62]wgrib2 pgb2file_f003_3_0p50 -match 'LAND|ICEC'
 2: + interp_atmos_master.sh[62]var_count=0
 2: + interp_atmos_master.sh[63][[ 0 -eq 2 ]]
 2: + interp_atmos_master.sh[54]for grid in "${grids[@]}"
 2: + interp_atmos_master.sh[55]trim_rh pgb2file_f003_3_1p00
 2: + product_functions.sh[5]local filename=pgb2file_f003_3_1p00
 2: + product_functions.sh[6]wgrib2 pgb2file_f003_3_1p00 -not_if :RH: -grib pgb2file_f003_3_1p00.new -if :RH: -rpn '10:*:0.5:+:floor:1000:min:10:/' -set_grib_type same -set_scaling -1 0 -grib_out pgb2file_f003_3_1p00.new
 2: 1:0:d=2021122100:O3MR:0.1 mb:3 hour fcst:
 2: 2:55899:d=2021122100:HGT:0.2 mb:3 hour fcst:
 2: 3:110489:d=2021122100:TMP:0.2 mb:3 hour fcst:
 2: 4:163174:d=2021122100:RH:0.2 mb:3 hour fcst:
 2: 5:182614:d=2021122100:SPFH:0.2 mb:3 hour fcst:
 2: 6:239248:d=2021122100:VVEL:0.2 mb:3 hour fcst:
 2: 7:326794:d=2021122100:DZDT:0.2 mb:3 hour fcst:
 2: 8:404106:d=2021122100:UGRD:0.2 mb:3 hour fcst:
 2: 9:442345:d=2021122100:VGRD:0.2 mb:3 hour fcst:
 2: 10:476455:d=2021122100:ABSV:0.2 mb:3 hour fcst:
 2: 11:533676:d=2021122100:O3MR:0.2 mb:3 hour fcst:
 2: 12:595248:d=2021122100:HGT:0.4 mb:3 hour fcst:
 2: 13:647961:d=2021122100:TMP:0.4 mb:3 hour fcst:
 2: 14:700315:d=2021122100:RH:0.4 mb:3 hour fcst:
 2: 15:716560:d=2021122100:SPFH:0.4 mb:3 hour fcst:
 2: 16:774530:d=2021122100:VVEL:0.4 mb:3 hour fcst:
 2: 17:867868:d=2021122100:DZDT:0.4 mb:3 hour fcst:
 2: 18:956221:d=2021122100:UGRD:0.4 mb:3 hour fcst:
 2: 19:992814:d=2021122100:VGRD:0.4 mb:3 hour fcst:
 2: 20:1025365:d=2021122100:ABSV:0.4 mb:3 hour fcst:
 2: 21:1080591:d=2021122100:O3MR:0.4 mb:3 hour fcst:
 2: 22:1146417:d=2021122100:HGT:0.7 mb:3 hour fcst:
 2: 23:1197900:d=2021122100:TMP:0.7 mb:3 hour fcst:
 2: 24:1249929:d=2021122100:RH:0.7 mb:3 hour fcst:
 2: 25:1267010:d=2021122100:SPFH:0.7 mb:3 hour fcst:
 2: 26:1323814:d=2021122100:VVEL:0.7 mb:3 hour fcst:
 2: 27:1420904:d=2021122100:DZDT:0.7 mb:3 hour fcst:
 2: 28:1503025:d=2021122100:UGRD:0.7 mb:3 hour fcst:
 2: 29:1538486:d=2021122100:VGRD:0.7 mb:3 hour fcst:
 2: 30:1569798:d=2021122100:ABSV:0.7 mb:3 hour fcst:
 2: 31:1622813:d=2021122100:O3MR:0.7 mb:3 hour fcst:
 2: + product_functions.sh[10]rc=0
 2: + product_functions.sh[11]((  rc == 0  ))
 2: + product_functions.sh[11]mv pgb2file_f003_3_1p00.new pgb2file_f003_3_1p00
 2: + product_functions.sh[12]return 0
 2: + interp_atmos_master.sh[56]export err=0
 2: + interp_atmos_master.sh[56]err=0
 2: + interp_atmos_master.sh[57][[ 0 -ne 0 ]]
 2: ++ interp_atmos_master.sh[62]wc -l
 2: ++ interp_atmos_master.sh[62]wgrib2 pgb2file_f003_3_1p00 -match 'LAND|ICEC'
 2: + interp_atmos_master.sh[62]var_count=0
 2: + interp_atmos_master.sh[63][[ 0 -eq 2 ]]
 2: + interp_atmos_master.sh[73]exit 0
23: + bash[8]'[' -z '' ']'
23: + bash[9]case "$-" in
23: + bash[12]__lmod_vx=x
23: + bash[16]'[' -n x ']'
23: + bash[16]set +x
23: Shell debugging temporarily silenced: export LMOD_SH_DBG_ON=1 for this output (/apps/other/lmod/lmod/init/bash)
23: Shell debugging restarted
23: + bash[224]unset __lmod_vx
23: + interp_atmos_master.sh[7]input_file=tmpfile_f003_24
23: + interp_atmos_master.sh[8]output_file_prefix=pgb2file_f003_24
23: + interp_atmos_master.sh[9]grid_string=0p25:0p50:1p00
23: + interp_atmos_master.sh[12]defaults='-set_grib_type same -set_bitmap 1 -set_grib_max_bits 16'
23: + interp_atmos_master.sh[13]interp_winds='-new_grid_winds earth'
23: + interp_atmos_master.sh[14]interp_bilinear='-new_grid_interpolation bilinear'
23: + interp_atmos_master.sh[15]interp_neighbor='-if :(CSNOW|CRAIN|CFRZR|CICEP|ICSEV): -new_grid_interpolation neighbor -fi'
23: + interp_atmos_master.sh[16]interp_budget='-if :(APCP|ACPCP|PRATE|CPRAT|DZDT): -new_grid_interpolation budget -fi'
23: + interp_atmos_master.sh[17]increased_bits='-if :(APCP|ACPCP|PRATE|CPRAT): -set_grib_max_bits 25 -fi'
23: + interp_atmos_master.sh[21]grid0p25='latlon 0:1440:0.25 90:721:-0.25'
23: + interp_atmos_master.sh[23]grid0p50='latlon 0:720:0.5 90:361:-0.5'
23: + interp_atmos_master.sh[25]grid1p00='latlon 0:360:1.0 90:181:-1.0'
23: + interp_atmos_master.sh[28]source /work2/noaa/global/mterry/global-workflow_forked/ush/product_functions.sh
23: + interp_atmos_master.sh[31]IFS=:
23: + interp_atmos_master.sh[31]read -ra grids
23: + interp_atmos_master.sh[33]output_grids=
23: + interp_atmos_master.sh[34]for grid in "${grids[@]}"
23: + interp_atmos_master.sh[35]gridopt=grid0p25
23: + interp_atmos_master.sh[36]output_grids=' -new_grid latlon 0:1440:0.25 90:721:-0.25 pgb2file_f003_24_0p25'
23: + interp_atmos_master.sh[34]for grid in "${grids[@]}"
23: + interp_atmos_master.sh[35]gridopt=grid0p50
23: + interp_atmos_master.sh[36]output_grids=' -new_grid latlon 0:1440:0.25 90:721:-0.25 pgb2file_f003_24_0p25 -new_grid latlon 0:720:0.5 90:361:-0.5 pgb2file_f003_24_0p50'
23: + interp_atmos_master.sh[34]for grid in "${grids[@]}"
23: + interp_atmos_master.sh[35]gridopt=grid1p00
23: + interp_atmos_master.sh[36]output_grids=' -new_grid latlon 0:1440:0.25 90:721:-0.25 pgb2file_f003_24_0p25 -new_grid latlon 0:720:0.5 90:361:-0.5 pgb2file_f003_24_0p50 -new_grid latlon 0:360:1.0 90:181:-1.0 pgb2file_f003_24_1p00'
23: + interp_atmos_master.sh[40]wgrib2 tmpfile_f003_24 -set_grib_type same -set_bitmap 1 -set_grib_max_bits 16 -new_grid_winds earth -new_grid_interpolation bilinear -if ':(CSNOW|CRAIN|CFRZR|CICEP|ICSEV):' -new_grid_interpolation neighbor -fi -if ':(APCP|ACPCP|PRATE|CPRAT|DZDT):' -new_grid_interpolation budget -fi -if ':(APCP|ACPCP|PRATE|CPRAT):' -set_grib_max_bits 25 -fi -new_grid latlon 0:1440:0.25 90:721:-0.25 pgb2file_f003_24_0p25 -new_grid latlon 0:720:0.5 90:361:-0.5 pgb2file_f003_24_0p50 -new_grid latlon 0:360:1.0 90:181:-1.0 pgb2file_f003_24_1p00
23: 1:0:d=2021122100:CAPE:180-0 mb above ground:3 hour fcst:
23: 2:42411:d=2021122100:CIN:180-0 mb above ground:3 hour fcst:
23: 3:88920:d=2021122100:HPBL:surface:3 hour fcst:
23: 4:205000:d=2021122100:RH:0.33-1 sigma layer:3 hour fcst:
23: 5:270006:d=2021122100:RH:0.44-1 sigma layer:3 hour fcst:
23: 6:334074:d=2021122100:RH:0.72-0.94 sigma layer:3 hour fcst:
23: 7:401433:d=2021122100:RH:0.44-0.72 sigma layer:3 hour fcst:
23: 8:469278:d=2021122100:TMP:0.995 sigma level:3 hour fcst:
23: 9:543335:d=2021122100:POT:0.995 sigma level:3 hour fcst:
23: 10:617323:d=2021122100:RH:0.995 sigma level:3 hour fcst:
23: 11:681828:d=2021122100:UGRD:0.995 sigma level:3 hour fcst:
23: 12:758447:d=2021122100:VGRD:0.995 sigma level:3 hour fcst:
23: 13:835920:d=2021122100:VVEL:0.995 sigma level:3 hour fcst:
23: 14:916324:d=2021122100:CAPE:90-0 mb above ground:3 hour fcst:
23: 15:955404:d=2021122100:CIN:90-0 mb above ground:3 hour fcst:
23: 16:1001778:d=2021122100:CAPE:255-0 mb above ground:3 hour fcst:
23: 17:1042427:d=2021122100:CIN:255-0 mb above ground:3 hour fcst:
23: 18:1081258:d=2021122100:PLPL:255-0 mb above ground:3 hour fcst:
23: 19:1163327:d=2021122100:LAND:surface:3 hour fcst:
23: 20:1167662:d=2021122100:ICEC:surface:3 hour fcst:
23: 21:1179526:d=2021122100:ALBDO:surface:0-3 hour ave fcst:
23: 22:1227719:d=2021122100:ICETMP:surface:3 hour fcst:
23: 23:1254421:d=2021122100:UGRD:PV=2e-06 (Km^2/kg/s) surface:3 hour fcst:
23: 24:1297056:d=2021122100:VGRD:PV=2e-06 (Km^2/kg/s) surface:3 hour fcst:
23: 25:1339424:d=2021122100:TMP:PV=2e-06 (Km^2/kg/s) surface:3 hour fcst:
23: 26:1397047:d=2021122100:HGT:PV=2e-06 (Km^2/kg/s) surface:3 hour fcst:
23: 27:1467138:d=2021122100:PRES:PV=2e-06 (Km^2/kg/s) surface:3 hour fcst:
23: 28:1535925:d=2021122100:VWSH:PV=2e-06 (Km^2/kg/s) surface:3 hour fcst:
23: 29:1570112:d=2021122100:UGRD:PV=-2e-06 (Km^2/kg/s) surface:3 hour fcst:
23: 30:1613623:d=2021122100:VGRD:PV=-2e-06 (Km^2/kg/s) surface:3 hour fcst:
23: 31:1656219:d=2021122100:TMP:PV=-2e-06 (Km^2/kg/s) surface:3 hour fcst:
23: 32:1715149:d=2021122100:HGT:PV=-2e-06 (Km^2/kg/s) surface:3 hour fcst:
23: 33:1786165:d=2021122100:PRES:PV=-2e-06 (Km^2/kg/s) surface:3 hour fcst:
23: 34:1855829:d=2021122100:VWSH:PV=-2e-06 (Km^2/kg/s) surface:3 hour fcst:
23: + interp_atmos_master.sh[47]export err=0
23: + interp_atmos_master.sh[47]err=0
23: + interp_atmos_master.sh[48][[ 0 -ne 0 ]]
23: + interp_atmos_master.sh[54]for grid in "${grids[@]}"
23: + interp_atmos_master.sh[55]trim_rh pgb2file_f003_24_0p25
23: + product_functions.sh[5]local filename=pgb2file_f003_24_0p25
23: + product_functions.sh[6]wgrib2 pgb2file_f003_24_0p25 -not_if :RH: -grib pgb2file_f003_24_0p25.new -if :RH: -rpn '10:*:0.5:+:floor:1000:min:10:/' -set_grib_type same -set_scaling -1 0 -grib_out pgb2file_f003_24_0p25.new
23: 1:0:d=2021122100:CAPE:180-0 mb above ground:3 hour fcst:
23: 2:315743:d=2021122100:CIN:180-0 mb above ground:3 hour fcst:
23: 3:666534:d=2021122100:HPBL:surface:3 hour fcst:
23: 4:1753534:d=2021122100:RH:0.33-1 sigma layer:3 hour fcst:
23: 5:2240587:d=2021122100:RH:0.44-1 sigma layer:3 hour fcst:
23: 6:2717476:d=2021122100:RH:0.72-0.94 sigma layer:3 hour fcst:
23: 7:3233757:d=2021122100:RH:0.44-0.72 sigma layer:3 hour fcst:
23: 8:3743403:d=2021122100:TMP:0.995 sigma level:3 hour fcst:
23: 9:4323366:d=2021122100:POT:0.995 sigma level:3 hour fcst:
23: 10:4903581:d=2021122100:RH:0.995 sigma level:3 hour fcst:
23: 11:5391910:d=2021122100:UGRD:0.995 sigma level:3 hour fcst:
23: 12:6017551:d=2021122100:VGRD:0.995 sigma level:3 hour fcst:
23: 13:6648877:d=2021122100:VVEL:0.995 sigma level:3 hour fcst:
23: 14:7305171:d=2021122100:CAPE:90-0 mb above ground:3 hour fcst:
23: 15:7591391:d=2021122100:CIN:90-0 mb above ground:3 hour fcst:
23: 16:7941652:d=2021122100:CAPE:255-0 mb above ground:3 hour fcst:
23: 17:8257890:d=2021122100:CIN:255-0 mb above ground:3 hour fcst:
23: 18:8547336:d=2021122100:PLPL:255-0 mb above ground:3 hour fcst:
23: 19:9239160:d=2021122100:LAND:surface:3 hour fcst:
23: 20:9259863:d=2021122100:ICEC:surface:3 hour fcst:
23: 21:9352867:d=2021122100:ALBDO:surface:0-3 hour ave fcst:
23: 22:9739532:d=2021122100:ICETMP:surface:3 hour fcst:
23: 23:10011518:d=2021122100:UGRD:PV=2e-06 (Km^2/kg/s) surface:3 hour fcst:
23: 24:10395465:d=2021122100:VGRD:PV=2e-06 (Km^2/kg/s) surface:3 hour fcst:
23: 25:10774853:d=2021122100:TMP:PV=2e-06 (Km^2/kg/s) surface:3 hour fcst:
23: 26:11315993:d=2021122100:HGT:PV=2e-06 (Km^2/kg/s) surface:3 hour fcst:
23: 27:12014503:d=2021122100:PRES:PV=2e-06 (Km^2/kg/s) surface:3 hour fcst:
23: 28:12690435:d=2021122100:VWSH:PV=2e-06 (Km^2/kg/s) surface:3 hour fcst:
23: 29:12996740:d=2021122100:UGRD:PV=-2e-06 (Km^2/kg/s) surface:3 hour fcst:
23: 30:13385100:d=2021122100:VGRD:PV=-2e-06 (Km^2/kg/s) surface:3 hour fcst:
23: 31:13762850:d=2021122100:TMP:PV=-2e-06 (Km^2/kg/s) surface:3 hour fcst:
23: 32:14319273:d=2021122100:HGT:PV=-2e-06 (Km^2/kg/s) surface:3 hour fcst:
23: 33:15028595:d=2021122100:PRES:PV=-2e-06 (Km^2/kg/s) surface:3 hour fcst:
23: 34:15712308:d=2021122100:VWSH:PV=-2e-06 (Km^2/kg/s) surface:3 hour fcst:
23: + product_functions.sh[10]rc=0
23: + product_functions.sh[11]((  rc == 0  ))
23: + product_functions.sh[11]mv pgb2file_f003_24_0p25.new pgb2file_f003_24_0p25
23: + product_functions.sh[12]return 0
23: + interp_atmos_master.sh[56]export err=0
23: + interp_atmos_master.sh[56]err=0
23: + interp_atmos_master.sh[57][[ 0 -ne 0 ]]
23: ++ interp_atmos_master.sh[62]wc -l
23: ++ interp_atmos_master.sh[62]wgrib2 pgb2file_f003_24_0p25 -match 'LAND|ICEC'
23: + interp_atmos_master.sh[62]var_count=2
23: + interp_atmos_master.sh[63][[ 2 -eq 2 ]]
23: + interp_atmos_master.sh[64]mod_icec pgb2file_f003_24_0p25
23: + product_functions.sh[17]local filename=pgb2file_f003_24_0p25
23: + product_functions.sh[18]wgrib2 pgb2file_f003_24_0p25 -if LAND -rpn sto_1 -fi -if ICEC -rpn 'rcl_1:0:==:*' -fi -set_grib_type same -set_scaling same same -grib_out pgb2file_f003_24_0p25.new
23: 1:0:d=2021122100:CAPE:180-0 mb above ground:3 hour fcst:
23: 2:315743:d=2021122100:CIN:180-0 mb above ground:3 hour fcst:
23: 3:666534:d=2021122100:HPBL:surface:3 hour fcst:
23: 4:1753534:d=2021122100:RH:0.33-1 sigma layer:3 hour fcst:
23: 5:2240587:d=2021122100:RH:0.44-1 sigma layer:3 hour fcst:
23: 6:2717476:d=2021122100:RH:0.72-0.94 sigma layer:3 hour fcst:
23: 7:3233757:d=2021122100:RH:0.44-0.72 sigma layer:3 hour fcst:
23: 8:3743403:d=2021122100:TMP:0.995 sigma level:3 hour fcst:
23: 9:4323366:d=2021122100:POT:0.995 sigma level:3 hour fcst:
23: 10:4903581:d=2021122100:RH:0.995 sigma level:3 hour fcst:
23: 11:5391910:d=2021122100:UGRD:0.995 sigma level:3 hour fcst:
23: 12:6017551:d=2021122100:VGRD:0.995 sigma level:3 hour fcst:
23: 13:6648877:d=2021122100:VVEL:0.995 sigma level:3 hour fcst:
23: 14:7305171:d=2021122100:CAPE:90-0 mb above ground:3 hour fcst:
23: 15:7591391:d=2021122100:CIN:90-0 mb above ground:3 hour fcst:
23: 16:7941652:d=2021122100:CAPE:255-0 mb above ground:3 hour fcst:
23: 17:8257890:d=2021122100:CIN:255-0 mb above ground:3 hour fcst:
23: 18:8547336:d=2021122100:PLPL:255-0 mb above ground:3 hour fcst:
23: 19:9239160:d=2021122100:LAND:surface:3 hour fcst:
23: 20:9259863:d=2021122100:ICEC:surface:3 hour fcst:
23: 21:9352867:d=2021122100:ALBDO:surface:0-3 hour ave fcst:
23: 22:9739532:d=2021122100:ICETMP:surface:3 hour fcst:
23: 23:10011518:d=2021122100:UGRD:PV=2e-06 (Km^2/kg/s) surface:3 hour fcst:
23: 24:10395465:d=2021122100:VGRD:PV=2e-06 (Km^2/kg/s) surface:3 hour fcst:
23: 25:10774853:d=2021122100:TMP:PV=2e-06 (Km^2/kg/s) surface:3 hour fcst:
23: 26:11315993:d=2021122100:HGT:PV=2e-06 (Km^2/kg/s) surface:3 hour fcst:
23: 27:12014503:d=2021122100:PRES:PV=2e-06 (Km^2/kg/s) surface:3 hour fcst:
23: 28:12690435:d=2021122100:VWSH:PV=2e-06 (Km^2/kg/s) surface:3 hour fcst:
23: 29:12996740:d=2021122100:UGRD:PV=-2e-06 (Km^2/kg/s) surface:3 hour fcst:
23: 30:13385100:d=2021122100:VGRD:PV=-2e-06 (Km^2/kg/s) surface:3 hour fcst:
23: 31:13762850:d=2021122100:TMP:PV=-2e-06 (Km^2/kg/s) surface:3 hour fcst:
23: 32:14319273:d=2021122100:HGT:PV=-2e-06 (Km^2/kg/s) surface:3 hour fcst:
23: 33:15028595:d=2021122100:PRES:PV=-2e-06 (Km^2/kg/s) surface:3 hour fcst:
23: 34:15712308:d=2021122100:VWSH:PV=-2e-06 (Km^2/kg/s) surface:3 hour fcst:
23: + product_functions.sh[24]rc=0
23: + product_functions.sh[25]((  rc == 0  ))
23: + product_functions.sh[25]mv pgb2file_f003_24_0p25.new pgb2file_f003_24_0p25
23: + product_functions.sh[26]return 0
23: + interp_atmos_master.sh[65]export err=0
23: + interp_atmos_master.sh[65]err=0
23: + interp_atmos_master.sh[66][[ 0 -ne 0 ]]
23: + interp_atmos_master.sh[54]for grid in "${grids[@]}"
23: + interp_atmos_master.sh[55]trim_rh pgb2file_f003_24_0p50
23: + product_functions.sh[5]local filename=pgb2file_f003_24_0p50
23: + product_functions.sh[6]wgrib2 pgb2file_f003_24_0p50 -not_if :RH: -grib pgb2file_f003_24_0p50.new -if :RH: -rpn '10:*:0.5:+:floor:1000:min:10:/' -set_grib_type same -set_scaling -1 0 -grib_out pgb2file_f003_24_0p50.new
23: 1:0:d=2021122100:CAPE:180-0 mb above ground:3 hour fcst:
23: 2:105990:d=2021122100:CIN:180-0 mb above ground:3 hour fcst:
23: 3:226126:d=2021122100:HPBL:surface:3 hour fcst:
23: 4:551512:d=2021122100:RH:0.33-1 sigma layer:3 hour fcst:
23: 5:714935:d=2021122100:RH:0.44-1 sigma layer:3 hour fcst:
23: 6:875769:d=2021122100:RH:0.72-0.94 sigma layer:3 hour fcst:
23: 7:1048096:d=2021122100:RH:0.44-0.72 sigma layer:3 hour fcst:
23: 8:1218997:d=2021122100:TMP:0.995 sigma level:3 hour fcst:
23: 9:1409665:d=2021122100:POT:0.995 sigma level:3 hour fcst:
23: 10:1600206:d=2021122100:RH:0.995 sigma level:3 hour fcst:
23: 11:1762737:d=2021122100:UGRD:0.995 sigma level:3 hour fcst:
23: 12:1965261:d=2021122100:VGRD:0.995 sigma level:3 hour fcst:
23: 13:2168318:d=2021122100:VVEL:0.995 sigma level:3 hour fcst:
23: 14:2380404:d=2021122100:CAPE:90-0 mb above ground:3 hour fcst:
23: 15:2476458:d=2021122100:CIN:90-0 mb above ground:3 hour fcst:
23: 16:2595964:d=2021122100:CAPE:255-0 mb above ground:3 hour fcst:
23: 17:2700579:d=2021122100:CIN:255-0 mb above ground:3 hour fcst:
23: 18:2803052:d=2021122100:PLPL:255-0 mb above ground:3 hour fcst:
23: 19:3022484:d=2021122100:LAND:surface:3 hour fcst:
23: 20:3031364:d=2021122100:ICEC:surface:3 hour fcst:
23: 21:3063844:d=2021122100:ALBDO:surface:0-3 hour ave fcst:
23: 22:3190267:d=2021122100:ICETMP:surface:3 hour fcst:
23: 23:3269742:d=2021122100:UGRD:PV=2e-06 (Km^2/kg/s) surface:3 hour fcst:
23: 24:3386205:d=2021122100:VGRD:PV=2e-06 (Km^2/kg/s) surface:3 hour fcst:
23: 25:3501743:d=2021122100:TMP:PV=2e-06 (Km^2/kg/s) surface:3 hour fcst:
23: 26:3664846:d=2021122100:HGT:PV=2e-06 (Km^2/kg/s) surface:3 hour fcst:
23: 27:3869374:d=2021122100:PRES:PV=2e-06 (Km^2/kg/s) surface:3 hour fcst:
23: 28:4067797:d=2021122100:VWSH:PV=2e-06 (Km^2/kg/s) surface:3 hour fcst:
23: 29:4159113:d=2021122100:UGRD:PV=-2e-06 (Km^2/kg/s) surface:3 hour fcst:
23: 30:4277649:d=2021122100:VGRD:PV=-2e-06 (Km^2/kg/s) surface:3 hour fcst:
23: 31:4394144:d=2021122100:TMP:PV=-2e-06 (Km^2/kg/s) surface:3 hour fcst:
23: 32:4561322:d=2021122100:HGT:PV=-2e-06 (Km^2/kg/s) surface:3 hour fcst:
23: 33:4769253:d=2021122100:PRES:PV=-2e-06 (Km^2/kg/s) surface:3 hour fcst:
23: 34:4970648:d=2021122100:VWSH:PV=-2e-06 (Km^2/kg/s) surface:3 hour fcst:
23: + product_functions.sh[10]rc=0
23: + product_functions.sh[11]((  rc == 0  ))
23: + product_functions.sh[11]mv pgb2file_f003_24_0p50.new pgb2file_f003_24_0p50
23: + product_functions.sh[12]return 0
23: + interp_atmos_master.sh[56]export err=0
23: + interp_atmos_master.sh[56]err=0
23: + interp_atmos_master.sh[57][[ 0 -ne 0 ]]
23: ++ interp_atmos_master.sh[62]wc -l
23: ++ interp_atmos_master.sh[62]wgrib2 pgb2file_f003_24_0p50 -match 'LAND|ICEC'
23: + interp_atmos_master.sh[62]var_count=2
23: + interp_atmos_master.sh[63][[ 2 -eq 2 ]]
23: + interp_atmos_master.sh[64]mod_icec pgb2file_f003_24_0p50
23: + product_functions.sh[17]local filename=pgb2file_f003_24_0p50
23: + product_functions.sh[18]wgrib2 pgb2file_f003_24_0p50 -if LAND -rpn sto_1 -fi -if ICEC -rpn 'rcl_1:0:==:*' -fi -set_grib_type same -set_scaling same same -grib_out pgb2file_f003_24_0p50.new
23: 1:0:d=2021122100:CAPE:180-0 mb above ground:3 hour fcst:
23: 2:105990:d=2021122100:CIN:180-0 mb above ground:3 hour fcst:
23: 3:226126:d=2021122100:HPBL:surface:3 hour fcst:
23: 4:551512:d=2021122100:RH:0.33-1 sigma layer:3 hour fcst:
23: 5:714935:d=2021122100:RH:0.44-1 sigma layer:3 hour fcst:
23: 6:875769:d=2021122100:RH:0.72-0.94 sigma layer:3 hour fcst:
23: 7:1048096:d=2021122100:RH:0.44-0.72 sigma layer:3 hour fcst:
23: 8:1218997:d=2021122100:TMP:0.995 sigma level:3 hour fcst:
23: 9:1409665:d=2021122100:POT:0.995 sigma level:3 hour fcst:
23: 10:1600206:d=2021122100:RH:0.995 sigma level:3 hour fcst:
23: 11:1762737:d=2021122100:UGRD:0.995 sigma level:3 hour fcst:
23: 12:1965261:d=2021122100:VGRD:0.995 sigma level:3 hour fcst:
23: 13:2168318:d=2021122100:VVEL:0.995 sigma level:3 hour fcst:
23: 14:2380404:d=2021122100:CAPE:90-0 mb above ground:3 hour fcst:
23: 15:2476458:d=2021122100:CIN:90-0 mb above ground:3 hour fcst:
23: 16:2595964:d=2021122100:CAPE:255-0 mb above ground:3 hour fcst:
23: 17:2700579:d=2021122100:CIN:255-0 mb above ground:3 hour fcst:
23: 18:2803052:d=2021122100:PLPL:255-0 mb above ground:3 hour fcst:
23: 19:3022484:d=2021122100:LAND:surface:3 hour fcst:
23: 20:3031364:d=2021122100:ICEC:surface:3 hour fcst:
23: 21:3063844:d=2021122100:ALBDO:surface:0-3 hour ave fcst:
23: 22:3190267:d=2021122100:ICETMP:surface:3 hour fcst:
23: 23:3269742:d=2021122100:UGRD:PV=2e-06 (Km^2/kg/s) surface:3 hour fcst:
23: 24:3386205:d=2021122100:VGRD:PV=2e-06 (Km^2/kg/s) surface:3 hour fcst:
23: 25:3501743:d=2021122100:TMP:PV=2e-06 (Km^2/kg/s) surface:3 hour fcst:
23: 26:3664846:d=2021122100:HGT:PV=2e-06 (Km^2/kg/s) surface:3 hour fcst:
23: 27:3869374:d=2021122100:PRES:PV=2e-06 (Km^2/kg/s) surface:3 hour fcst:
23: 28:4067797:d=2021122100:VWSH:PV=2e-06 (Km^2/kg/s) surface:3 hour fcst:
23: 29:4159113:d=2021122100:UGRD:PV=-2e-06 (Km^2/kg/s) surface:3 hour fcst:
23: 30:4277649:d=2021122100:VGRD:PV=-2e-06 (Km^2/kg/s) surface:3 hour fcst:
23: 31:4394144:d=2021122100:TMP:PV=-2e-06 (Km^2/kg/s) surface:3 hour fcst:
23: 32:4561322:d=2021122100:HGT:PV=-2e-06 (Km^2/kg/s) surface:3 hour fcst:
23: 33:4769253:d=2021122100:PRES:PV=-2e-06 (Km^2/kg/s) surface:3 hour fcst:
23: 34:4970648:d=2021122100:VWSH:PV=-2e-06 (Km^2/kg/s) surface:3 hour fcst:
23: + product_functions.sh[24]rc=0
23: + product_functions.sh[25]((  rc == 0  ))
23: + product_functions.sh[25]mv pgb2file_f003_24_0p50.new pgb2file_f003_24_0p50
23: + product_functions.sh[26]return 0
23: + interp_atmos_master.sh[65]export err=0
23: + interp_atmos_master.sh[65]err=0
23: + interp_atmos_master.sh[66][[ 0 -ne 0 ]]
23: + interp_atmos_master.sh[54]for grid in "${grids[@]}"
23: + interp_atmos_master.sh[55]trim_rh pgb2file_f003_24_1p00
23: + product_functions.sh[5]local filename=pgb2file_f003_24_1p00
23: + product_functions.sh[6]wgrib2 pgb2file_f003_24_1p00 -not_if :RH: -grib pgb2file_f003_24_1p00.new -if :RH: -rpn '10:*:0.5:+:floor:1000:min:10:/' -set_grib_type same -set_scaling -1 0 -grib_out pgb2file_f003_24_1p00.new
23: 1:0:d=2021122100:CAPE:180-0 mb above ground:3 hour fcst:
23: 2:34898:d=2021122100:CIN:180-0 mb above ground:3 hour fcst:
23: 3:74092:d=2021122100:HPBL:surface:3 hour fcst:
23: 4:169517:d=2021122100:RH:0.33-1 sigma layer:3 hour fcst:
23: 5:223576:d=2021122100:RH:0.44-1 sigma layer:3 hour fcst:
23: 6:276801:d=2021122100:RH:0.72-0.94 sigma layer:3 hour fcst:
23: 7:333266:d=2021122100:RH:0.44-0.72 sigma layer:3 hour fcst:
23: 8:390061:d=2021122100:TMP:0.995 sigma level:3 hour fcst:
23: 9:451009:d=2021122100:POT:0.995 sigma level:3 hour fcst:
23: 10:511905:d=2021122100:RH:0.995 sigma level:3 hour fcst:
23: 11:564639:d=2021122100:UGRD:0.995 sigma level:3 hour fcst:
23: 12:628812:d=2021122100:VGRD:0.995 sigma level:3 hour fcst:
23: 13:693469:d=2021122100:VVEL:0.995 sigma level:3 hour fcst:
23: 14:760761:d=2021122100:CAPE:90-0 mb above ground:3 hour fcst:
23: 15:792876:d=2021122100:CIN:90-0 mb above ground:3 hour fcst:
23: 16:831984:d=2021122100:CAPE:255-0 mb above ground:3 hour fcst:
23: 17:865907:d=2021122100:CIN:255-0 mb above ground:3 hour fcst:
23: 18:899826:d=2021122100:PLPL:255-0 mb above ground:3 hour fcst:
23: 19:968735:d=2021122100:LAND:surface:3 hour fcst:
23: 20:972432:d=2021122100:ICEC:surface:3 hour fcst:
23: 21:983310:d=2021122100:ALBDO:surface:0-3 hour ave fcst:
23: 22:1022743:d=2021122100:ICETMP:surface:3 hour fcst:
23: 23:1045436:d=2021122100:UGRD:PV=2e-06 (Km^2/kg/s) surface:3 hour fcst:
23: 24:1080759:d=2021122100:VGRD:PV=2e-06 (Km^2/kg/s) surface:3 hour fcst:
23: 25:1115893:d=2021122100:TMP:PV=2e-06 (Km^2/kg/s) surface:3 hour fcst:
23: 26:1163945:d=2021122100:HGT:PV=2e-06 (Km^2/kg/s) surface:3 hour fcst:
23: 27:1222556:d=2021122100:PRES:PV=2e-06 (Km^2/kg/s) surface:3 hour fcst:
23: 28:1279871:d=2021122100:VWSH:PV=2e-06 (Km^2/kg/s) surface:3 hour fcst:
23: 29:1307375:d=2021122100:UGRD:PV=-2e-06 (Km^2/kg/s) surface:3 hour fcst:
23: 30:1343128:d=2021122100:VGRD:PV=-2e-06 (Km^2/kg/s) surface:3 hour fcst:
23: 31:1378830:d=2021122100:TMP:PV=-2e-06 (Km^2/kg/s) surface:3 hour fcst:
23: 32:1428178:d=2021122100:HGT:PV=-2e-06 (Km^2/kg/s) surface:3 hour fcst:
23: 33:1487671:d=2021122100:PRES:PV=-2e-06 (Km^2/kg/s) surface:3 hour fcst:
23: 34:1545673:d=2021122100:VWSH:PV=-2e-06 (Km^2/kg/s) surface:3 hour fcst:
23: + product_functions.sh[10]rc=0
23: + product_functions.sh[11]((  rc == 0  ))
23: + product_functions.sh[11]mv pgb2file_f003_24_1p00.new pgb2file_f003_24_1p00
23: + product_functions.sh[12]return 0
23: + interp_atmos_master.sh[56]export err=0
23: + interp_atmos_master.sh[56]err=0
23: + interp_atmos_master.sh[57][[ 0 -ne 0 ]]
23: ++ interp_atmos_master.sh[62]wc -l
23: ++ interp_atmos_master.sh[62]wgrib2 pgb2file_f003_24_1p00 -match 'LAND|ICEC'
23: + interp_atmos_master.sh[62]var_count=2
23: + interp_atmos_master.sh[63][[ 2 -eq 2 ]]
23: + interp_atmos_master.sh[64]mod_icec pgb2file_f003_24_1p00
23: + product_functions.sh[17]local filename=pgb2file_f003_24_1p00
23: + product_functions.sh[18]wgrib2 pgb2file_f003_24_1p00 -if LAND -rpn sto_1 -fi -if ICEC -rpn 'rcl_1:0:==:*' -fi -set_grib_type same -set_scaling same same -grib_out pgb2file_f003_24_1p00.new
23: 1:0:d=2021122100:CAPE:180-0 mb above ground:3 hour fcst:
23: 2:34898:d=2021122100:CIN:180-0 mb above ground:3 hour fcst:
23: 3:74092:d=2021122100:HPBL:surface:3 hour fcst:
23: 4:169517:d=2021122100:RH:0.33-1 sigma layer:3 hour fcst:
23: 5:223576:d=2021122100:RH:0.44-1 sigma layer:3 hour fcst:
23: 6:276801:d=2021122100:RH:0.72-0.94 sigma layer:3 hour fcst:
23: 7:333266:d=2021122100:RH:0.44-0.72 sigma layer:3 hour fcst:
23: 8:390061:d=2021122100:TMP:0.995 sigma level:3 hour fcst:
23: 9:451009:d=2021122100:POT:0.995 sigma level:3 hour fcst:
23: 10:511905:d=2021122100:RH:0.995 sigma level:3 hour fcst:
23: 11:564639:d=2021122100:UGRD:0.995 sigma level:3 hour fcst:
23: 12:628812:d=2021122100:VGRD:0.995 sigma level:3 hour fcst:
23: 13:693469:d=2021122100:VVEL:0.995 sigma level:3 hour fcst:
23: 14:760761:d=2021122100:CAPE:90-0 mb above ground:3 hour fcst:
23: 15:792876:d=2021122100:CIN:90-0 mb above ground:3 hour fcst:
23: 16:831984:d=2021122100:CAPE:255-0 mb above ground:3 hour fcst:
23: 17:865907:d=2021122100:CIN:255-0 mb above ground:3 hour fcst:
23: 18:899826:d=2021122100:PLPL:255-0 mb above ground:3 hour fcst:
23: 19:968735:d=2021122100:LAND:surface:3 hour fcst:
23: 20:972432:d=2021122100:ICEC:surface:3 hour fcst:
23: 21:983310:d=2021122100:ALBDO:surface:0-3 hour ave fcst:
23: 22:1022743:d=2021122100:ICETMP:surface:3 hour fcst:
23: 23:1045436:d=2021122100:UGRD:PV=2e-06 (Km^2/kg/s) surface:3 hour fcst:
23: 24:1080759:d=2021122100:VGRD:PV=2e-06 (Km^2/kg/s) surface:3 hour fcst:
23: 25:1115893:d=2021122100:TMP:PV=2e-06 (Km^2/kg/s) surface:3 hour fcst:
23: 26:1163945:d=2021122100:HGT:PV=2e-06 (Km^2/kg/s) surface:3 hour fcst:
23: 27:1222556:d=2021122100:PRES:PV=2e-06 (Km^2/kg/s) surface:3 hour fcst:
23: 28:1279871:d=2021122100:VWSH:PV=2e-06 (Km^2/kg/s) surface:3 hour fcst:
23: 29:1307375:d=2021122100:UGRD:PV=-2e-06 (Km^2/kg/s) surface:3 hour fcst:
23: 30:1343128:d=2021122100:VGRD:PV=-2e-06 (Km^2/kg/s) surface:3 hour fcst:
23: 31:1378830:d=2021122100:TMP:PV=-2e-06 (Km^2/kg/s) surface:3 hour fcst:
23: 32:1428178:d=2021122100:HGT:PV=-2e-06 (Km^2/kg/s) surface:3 hour fcst:
23: 33:1487671:d=2021122100:PRES:PV=-2e-06 (Km^2/kg/s) surface:3 hour fcst:
23: 34:1545673:d=2021122100:VWSH:PV=-2e-06 (Km^2/kg/s) surface:3 hour fcst:
23: + product_functions.sh[24]rc=0
23: + product_functions.sh[25]((  rc == 0  ))
23: + product_functions.sh[25]mv pgb2file_f003_24_1p00.new pgb2file_f003_24_1p00
23: + product_functions.sh[26]return 0
23: + interp_atmos_master.sh[65]export err=0
23: + interp_atmos_master.sh[65]err=0
23: + interp_atmos_master.sh[66][[ 0 -ne 0 ]]
23: + interp_atmos_master.sh[73]exit 0
18: + bash[8]'[' -z '' ']'
18: + bash[9]case "$-" in
18: + bash[12]__lmod_vx=x
18: + bash[16]'[' -n x ']'
18: + bash[16]set +x
18: Shell debugging temporarily silenced: export LMOD_SH_DBG_ON=1 for this output (/apps/other/lmod/lmod/init/bash)
18: Shell debugging restarted
18: + bash[224]unset __lmod_vx
18: + interp_atmos_master.sh[7]input_file=tmpfile_f003_19
18: + interp_atmos_master.sh[8]output_file_prefix=pgb2file_f003_19
18: + interp_atmos_master.sh[9]grid_string=0p25:0p50:1p00
18: + interp_atmos_master.sh[12]defaults='-set_grib_type same -set_bitmap 1 -set_grib_max_bits 16'
18: + interp_atmos_master.sh[13]interp_winds='-new_grid_winds earth'
18: + interp_atmos_master.sh[14]interp_bilinear='-new_grid_interpolation bilinear'
18: + interp_atmos_master.sh[15]interp_neighbor='-if :(CSNOW|CRAIN|CFRZR|CICEP|ICSEV): -new_grid_interpolation neighbor -fi'
18: + interp_atmos_master.sh[16]interp_budget='-if :(APCP|ACPCP|PRATE|CPRAT|DZDT): -new_grid_interpolation budget -fi'
18: + interp_atmos_master.sh[17]increased_bits='-if :(APCP|ACPCP|PRATE|CPRAT): -set_grib_max_bits 25 -fi'
18: + interp_atmos_master.sh[21]grid0p25='latlon 0:1440:0.25 90:721:-0.25'
18: + interp_atmos_master.sh[23]grid0p50='latlon 0:720:0.5 90:361:-0.5'
18: + interp_atmos_master.sh[25]grid1p00='latlon 0:360:1.0 90:181:-1.0'
18: + interp_atmos_master.sh[28]source /work2/noaa/global/mterry/global-workflow_forked/ush/product_functions.sh
18: + interp_atmos_master.sh[31]IFS=:
18: + interp_atmos_master.sh[31]read -ra grids
18: + interp_atmos_master.sh[33]output_grids=
18: + interp_atmos_master.sh[34]for grid in "${grids[@]}"
18: + interp_atmos_master.sh[35]gridopt=grid0p25
18: + interp_atmos_master.sh[36]output_grids=' -new_grid latlon 0:1440:0.25 90:721:-0.25 pgb2file_f003_19_0p25'
18: + interp_atmos_master.sh[34]for grid in "${grids[@]}"
18: + interp_atmos_master.sh[35]gridopt=grid0p50
18: + interp_atmos_master.sh[36]output_grids=' -new_grid latlon 0:1440:0.25 90:721:-0.25 pgb2file_f003_19_0p25 -new_grid latlon 0:720:0.5 90:361:-0.5 pgb2file_f003_19_0p50'
18: + interp_atmos_master.sh[34]for grid in "${grids[@]}"
18: + interp_atmos_master.sh[35]gridopt=grid1p00
18: + interp_atmos_master.sh[36]output_grids=' -new_grid latlon 0:1440:0.25 90:721:-0.25 pgb2file_f003_19_0p25 -new_grid latlon 0:720:0.5 90:361:-0.5 pgb2file_f003_19_0p50 -new_grid latlon 0:360:1.0 90:181:-1.0 pgb2file_f003_19_1p00'
18: + interp_atmos_master.sh[40]wgrib2 tmpfile_f003_19 -set_grib_type same -set_bitmap 1 -set_grib_max_bits 16 -new_grid_winds earth -new_grid_interpolation bilinear -if ':(CSNOW|CRAIN|CFRZR|CICEP|ICSEV):' -new_grid_interpolation neighbor -fi -if ':(APCP|ACPCP|PRATE|CPRAT|DZDT):' -new_grid_interpolation budget -fi -if ':(APCP|ACPCP|PRATE|CPRAT):' -set_grib_max_bits 25 -fi -new_grid latlon 0:1440:0.25 90:721:-0.25 pgb2file_f003_19_0p25 -new_grid latlon 0:720:0.5 90:361:-0.5 pgb2file_f003_19_0p50 -new_grid latlon 0:360:1.0 90:181:-1.0 pgb2file_f003_19_1p00
18: 1:0:d=2021122100:TMP:surface:3 hour fcst:
18: 2:58660:d=2021122100:TSOIL:0-0.1 m below ground:3 hour fcst:
18: 3:96795:d=2021122100:SOILW:0-0.1 m below ground:3 hour fcst:
18: 4:124764:d=2021122100:SOILL:0-0.1 m below ground:3 hour fcst:
18: 5:152273:d=2021122100:TSOIL:0.1-0.4 m below ground:3 hour fcst:
18: 6:202397:d=2021122100:SOILW:0.1-0.4 m below ground:3 hour fcst:
18: 7:230493:d=2021122100:SOILL:0.1-0.4 m below ground:3 hour fcst:
18: 8:258413:d=2021122100:TSOIL:0.4-1 m below ground:3 hour fcst:
18: 9:301176:d=2021122100:SOILW:0.4-1 m below ground:3 hour fcst:
18: 10:329643:d=2021122100:SOILL:0.4-1 m below ground:3 hour fcst:
18: 11:357954:d=2021122100:TSOIL:1-2 m below ground:3 hour fcst:
18: 12:399991:d=2021122100:SOILW:1-2 m below ground:3 hour fcst:
18: 13:428103:d=2021122100:SOILL:1-2 m below ground:3 hour fcst:
18: 14:456388:d=2021122100:CNWAT:surface:3 hour fcst:
18: 15:475087:d=2021122100:WEASD:surface:3 hour fcst:
18: 16:520519:d=2021122100:SNOD:surface:3 hour fcst:
18: 17:569393:d=2021122100:PEVPR:surface:3 hour fcst:
18: 18:611370:d=2021122100:ICETK:surface:3 hour fcst:
18: 19:623423:d=2021122100:TMP:2 m above ground:3 hour fcst:
18: 20:697179:d=2021122100:SPFH:2 m above ground:3 hour fcst:
18: 21:793893:d=2021122100:DPT:2 m above ground:3 hour fcst:
18: 22:869581:d=2021122100:RH:2 m above ground:3 hour fcst:
18: 23:934106:d=2021122100:APTMP:2 m above ground:3 hour fcst:
18: 24:983232:d=2021122100:TMAX:2 m above ground:0-3 hour max fcst:
18: 25:1056701:d=2021122100:TMIN:2 m above ground:0-3 hour min fcst:
18: 26:1130488:d=2021122100:UGRD:10 m above ground:3 hour fcst:
18: 27:1205543:d=2021122100:VGRD:10 m above ground:3 hour fcst:
18: 28:1280503:d=2021122100:ICEG:10 m above mean sea level:3 hour fcst:
18: 29:1282747:d=2021122100:CPOFP:surface:3 hour fcst:
18: 30:1348874:d=2021122100:CPRAT:surface:3 hour fcst:
18: 31:1413920:d=2021122100:PRATE:surface:3 hour fcst:
18: + interp_atmos_master.sh[47]export err=0
18: + interp_atmos_master.sh[47]err=0
18: + interp_atmos_master.sh[48][[ 0 -ne 0 ]]
18: + interp_atmos_master.sh[54]for grid in "${grids[@]}"
18: + interp_atmos_master.sh[55]trim_rh pgb2file_f003_19_0p25
18: + product_functions.sh[5]local filename=pgb2file_f003_19_0p25
18: + product_functions.sh[6]wgrib2 pgb2file_f003_19_0p25 -not_if :RH: -grib pgb2file_f003_19_0p25.new -if :RH: -rpn '10:*:0.5:+:floor:1000:min:10:/' -set_grib_type same -set_scaling -1 0 -grib_out pgb2file_f003_19_0p25.new
18: 1:0:d=2021122100:TMP:surface:3 hour fcst:
18: 2:415706:d=2021122100:TSOIL:0-0.1 m below ground:3 hour fcst:
18: 3:752401:d=2021122100:SOILW:0-0.1 m below ground:3 hour fcst:
18: 4:1039274:d=2021122100:SOILL:0-0.1 m below ground:3 hour fcst:
18: 5:1321540:d=2021122100:TSOIL:0.1-0.4 m below ground:3 hour fcst:
18: 6:1786189:d=2021122100:SOILW:0.1-0.4 m below ground:3 hour fcst:
18: 7:2075787:d=2021122100:SOILL:0.1-0.4 m below ground:3 hour fcst:
18: 8:2365980:d=2021122100:TSOIL:0.4-1 m below ground:3 hour fcst:
18: 9:2775944:d=2021122100:SOILW:0.4-1 m below ground:3 hour fcst:
18: 10:3069034:d=2021122100:SOILL:0.4-1 m below ground:3 hour fcst:
18: 11:3361221:d=2021122100:TSOIL:1-2 m below ground:3 hour fcst:
18: 12:3762590:d=2021122100:SOILW:1-2 m below ground:3 hour fcst:
18: 13:4049321:d=2021122100:SOILL:1-2 m below ground:3 hour fcst:
18: 14:4339136:d=2021122100:CNWAT:surface:3 hour fcst:
18: 15:4532259:d=2021122100:WEASD:surface:3 hour fcst:
18: 16:4968458:d=2021122100:SNOD:surface:3 hour fcst:
18: 17:5433202:d=2021122100:PEVPR:surface:3 hour fcst:
18: 18:5847585:d=2021122100:ICETK:surface:3 hour fcst:
18: 19:5926326:d=2021122100:TMP:2 m above ground:3 hour fcst:
18: 20:6503189:d=2021122100:SPFH:2 m above ground:3 hour fcst:
18: 21:7375392:d=2021122100:DPT:2 m above ground:3 hour fcst:
18: 22:7978251:d=2021122100:RH:2 m above ground:3 hour fcst:
18: 23:8463743:d=2021122100:APTMP:2 m above ground:3 hour fcst:
18: 24:8817180:d=2021122100:TMAX:2 m above ground:0-3 hour max fcst:
18: 25:9389400:d=2021122100:TMIN:2 m above ground:0-3 hour min fcst:
18: 26:9966319:d=2021122100:UGRD:10 m above ground:3 hour fcst:
18: 27:10572291:d=2021122100:VGRD:10 m above ground:3 hour fcst:
18: 28:11177083:d=2021122100:ICEG:10 m above mean sea level:3 hour fcst:
18: 29:11192644:d=2021122100:CPOFP:surface:3 hour fcst:
18: 30:11703048:d=2021122100:CPRAT:surface:3 hour fcst:
18: 31:12240531:d=2021122100:PRATE:surface:3 hour fcst:
18: + product_functions.sh[10]rc=0
18: + product_functions.sh[11]((  rc == 0  ))
18: + product_functions.sh[11]mv pgb2file_f003_19_0p25.new pgb2file_f003_19_0p25
18: + product_functions.sh[12]return 0
18: + interp_atmos_master.sh[56]export err=0
18: + interp_atmos_master.sh[56]err=0
18: + interp_atmos_master.sh[57][[ 0 -ne 0 ]]
18: ++ interp_atmos_master.sh[62]wc -l
18: ++ interp_atmos_master.sh[62]wgrib2 pgb2file_f003_19_0p25 -match 'LAND|ICEC'
18: + interp_atmos_master.sh[62]var_count=0
18: + interp_atmos_master.sh[63][[ 0 -eq 2 ]]
18: + interp_atmos_master.sh[54]for grid in "${grids[@]}"
18: + interp_atmos_master.sh[55]trim_rh pgb2file_f003_19_0p50
18: + product_functions.sh[5]local filename=pgb2file_f003_19_0p50
18: + product_functions.sh[6]wgrib2 pgb2file_f003_19_0p50 -not_if :RH: -grib pgb2file_f003_19_0p50.new -if :RH: -rpn '10:*:0.5:+:floor:1000:min:10:/' -set_grib_type same -set_scaling -1 0 -grib_out pgb2file_f003_19_0p50.new
18: 1:0:d=2021122100:TMP:surface:3 hour fcst:
18: 2:141090:d=2021122100:TSOIL:0-0.1 m below ground:3 hour fcst:
18: 3:244714:d=2021122100:SOILW:0-0.1 m below ground:3 hour fcst:
18: 4:327464:d=2021122100:SOILL:0-0.1 m below ground:3 hour fcst:
18: 5:408812:d=2021122100:TSOIL:0.1-0.4 m below ground:3 hour fcst:
18: 6:549706:d=2021122100:SOILW:0.1-0.4 m below ground:3 hour fcst:
18: 7:632917:d=2021122100:SOILL:0.1-0.4 m below ground:3 hour fcst:
18: 8:716327:d=2021122100:TSOIL:0.4-1 m below ground:3 hour fcst:
18: 9:838805:d=2021122100:SOILW:0.4-1 m below ground:3 hour fcst:
18: 10:922959:d=2021122100:SOILL:0.4-1 m below ground:3 hour fcst:
18: 11:1006819:d=2021122100:TSOIL:1-2 m below ground:3 hour fcst:
18: 12:1126888:d=2021122100:SOILW:1-2 m below ground:3 hour fcst:
18: 13:1209683:d=2021122100:SOILL:1-2 m below ground:3 hour fcst:
18: 14:1293177:d=2021122100:CNWAT:surface:3 hour fcst:
18: 15:1348459:d=2021122100:WEASD:surface:3 hour fcst:
18: 16:1478915:d=2021122100:SNOD:surface:3 hour fcst:
18: 17:1618964:d=2021122100:PEVPR:surface:3 hour fcst:
18: 18:1739650:d=2021122100:ICETK:surface:3 hour fcst:
18: 19:1768886:d=2021122100:TMP:2 m above ground:3 hour fcst:
18: 20:1958357:d=2021122100:SPFH:2 m above ground:3 hour fcst:
18: 21:2225022:d=2021122100:DPT:2 m above ground:3 hour fcst:
18: 22:2421876:d=2021122100:RH:2 m above ground:3 hour fcst:
18: 23:2585373:d=2021122100:APTMP:2 m above ground:3 hour fcst:
18: 24:2703150:d=2021122100:TMAX:2 m above ground:0-3 hour max fcst:
18: 25:2891289:d=2021122100:TMIN:2 m above ground:0-3 hour min fcst:
18: 26:3080782:d=2021122100:UGRD:10 m above ground:3 hour fcst:
18: 27:3278059:d=2021122100:VGRD:10 m above ground:3 hour fcst:
18: 28:3474958:d=2021122100:ICEG:10 m above mean sea level:3 hour fcst:
18: 29:3481064:d=2021122100:CPOFP:surface:3 hour fcst:
18: 30:3657131:d=2021122100:CPRAT:surface:3 hour fcst:
18: 31:3837078:d=2021122100:PRATE:surface:3 hour fcst:
18: + product_functions.sh[10]rc=0
18: + product_functions.sh[11]((  rc == 0  ))
18: + product_functions.sh[11]mv pgb2file_f003_19_0p50.new pgb2file_f003_19_0p50
18: + product_functions.sh[12]return 0
18: + interp_atmos_master.sh[56]export err=0
18: + interp_atmos_master.sh[56]err=0
18: + interp_atmos_master.sh[57][[ 0 -ne 0 ]]
18: ++ interp_atmos_master.sh[62]wc -l
18: ++ interp_atmos_master.sh[62]wgrib2 pgb2file_f003_19_0p50 -match 'LAND|ICEC'
18: + interp_atmos_master.sh[62]var_count=0
18: + interp_atmos_master.sh[63][[ 0 -eq 2 ]]
18: + interp_atmos_master.sh[54]for grid in "${grids[@]}"
18: + interp_atmos_master.sh[55]trim_rh pgb2file_f003_19_1p00
18: + product_functions.sh[5]local filename=pgb2file_f003_19_1p00
18: + product_functions.sh[6]wgrib2 pgb2file_f003_19_1p00 -not_if :RH: -grib pgb2file_f003_19_1p00.new -if :RH: -rpn '10:*:0.5:+:floor:1000:min:10:/' -set_grib_type same -set_scaling -1 0 -grib_out pgb2file_f003_19_1p00.new
18: 1:0:d=2021122100:TMP:surface:3 hour fcst:
18: 2:46333:d=2021122100:TSOIL:0-0.1 m below ground:3 hour fcst:
18: 3:77646:d=2021122100:SOILW:0-0.1 m below ground:3 hour fcst:
18: 4:100748:d=2021122100:SOILL:0-0.1 m below ground:3 hour fcst:
18: 5:123631:d=2021122100:TSOIL:0.1-0.4 m below ground:3 hour fcst:
18: 6:165117:d=2021122100:SOILW:0.1-0.4 m below ground:3 hour fcst:
18: 7:188333:d=2021122100:SOILL:0.1-0.4 m below ground:3 hour fcst:
18: 8:211628:d=2021122100:TSOIL:0.4-1 m below ground:3 hour fcst:
18: 9:247430:d=2021122100:SOILW:0.4-1 m below ground:3 hour fcst:
18: 10:270938:d=2021122100:SOILL:0.4-1 m below ground:3 hour fcst:
18: 11:294342:d=2021122100:TSOIL:1-2 m below ground:3 hour fcst:
18: 12:329603:d=2021122100:SOILW:1-2 m below ground:3 hour fcst:
18: 13:352878:d=2021122100:SOILL:1-2 m below ground:3 hour fcst:
18: 14:376297:d=2021122100:CNWAT:surface:3 hour fcst:
18: 15:392374:d=2021122100:WEASD:surface:3 hour fcst:
18: 16:430340:d=2021122100:SNOD:surface:3 hour fcst:
18: 17:471256:d=2021122100:PEVPR:surface:3 hour fcst:
18: 18:505981:d=2021122100:ICETK:surface:3 hour fcst:
18: 19:516326:d=2021122100:TMP:2 m above ground:3 hour fcst:
18: 20:576987:d=2021122100:SPFH:2 m above ground:3 hour fcst:
18: 21:657049:d=2021122100:DPT:2 m above ground:3 hour fcst:
18: 22:719674:d=2021122100:RH:2 m above ground:3 hour fcst:
18: 23:772605:d=2021122100:APTMP:2 m above ground:3 hour fcst:
18: 24:812427:d=2021122100:TMAX:2 m above ground:0-3 hour max fcst:
18: 25:872489:d=2021122100:TMIN:2 m above ground:0-3 hour min fcst:
18: 26:932945:d=2021122100:UGRD:10 m above ground:3 hour fcst:
18: 27:995720:d=2021122100:VGRD:10 m above ground:3 hour fcst:
18: 28:1058834:d=2021122100:ICEG:10 m above mean sea level:3 hour fcst:
18: 29:1061206:d=2021122100:CPOFP:surface:3 hour fcst:
18: 30:1118468:d=2021122100:CPRAT:surface:3 hour fcst:
18: 31:1176351:d=2021122100:PRATE:surface:3 hour fcst:
18: + product_functions.sh[10]rc=0
18: + product_functions.sh[11]((  rc == 0  ))
18: + product_functions.sh[11]mv pgb2file_f003_19_1p00.new pgb2file_f003_19_1p00
18: + product_functions.sh[12]return 0
18: + interp_atmos_master.sh[56]export err=0
18: + interp_atmos_master.sh[56]err=0
18: + interp_atmos_master.sh[57][[ 0 -ne 0 ]]
18: ++ interp_atmos_master.sh[62]wc -l
18: ++ interp_atmos_master.sh[62]wgrib2 pgb2file_f003_19_1p00 -match 'LAND|ICEC'
18: + interp_atmos_master.sh[62]var_count=0
18: + interp_atmos_master.sh[63][[ 0 -eq 2 ]]
18: + interp_atmos_master.sh[73]exit 0
 8: + bash[8]'[' -z '' ']'
 8: + bash[9]case "$-" in
 8: + bash[12]__lmod_vx=x
 8: + bash[16]'[' -n x ']'
 8: + bash[16]set +x
 8: Shell debugging temporarily silenced: export LMOD_SH_DBG_ON=1 for this output (/apps/other/lmod/lmod/init/bash)
 8: Shell debugging restarted
 8: + bash[224]unset __lmod_vx
 8: + interp_atmos_master.sh[7]input_file=tmpfile_f003_9
 8: + interp_atmos_master.sh[8]output_file_prefix=pgb2file_f003_9
 8: + interp_atmos_master.sh[9]grid_string=0p25:0p50:1p00
 8: + interp_atmos_master.sh[12]defaults='-set_grib_type same -set_bitmap 1 -set_grib_max_bits 16'
 8: + interp_atmos_master.sh[13]interp_winds='-new_grid_winds earth'
 8: + interp_atmos_master.sh[14]interp_bilinear='-new_grid_interpolation bilinear'
 8: + interp_atmos_master.sh[15]interp_neighbor='-if :(CSNOW|CRAIN|CFRZR|CICEP|ICSEV): -new_grid_interpolation neighbor -fi'
 8: + interp_atmos_master.sh[16]interp_budget='-if :(APCP|ACPCP|PRATE|CPRAT|DZDT): -new_grid_interpolation budget -fi'
 8: + interp_atmos_master.sh[17]increased_bits='-if :(APCP|ACPCP|PRATE|CPRAT): -set_grib_max_bits 25 -fi'
 8: + interp_atmos_master.sh[21]grid0p25='latlon 0:1440:0.25 90:721:-0.25'
 8: + interp_atmos_master.sh[23]grid0p50='latlon 0:720:0.5 90:361:-0.5'
 8: + interp_atmos_master.sh[25]grid1p00='latlon 0:360:1.0 90:181:-1.0'
 8: + interp_atmos_master.sh[28]source /work2/noaa/global/mterry/global-workflow_forked/ush/product_functions.sh
 8: + interp_atmos_master.sh[31]IFS=:
 8: + interp_atmos_master.sh[31]read -ra grids
 8: + interp_atmos_master.sh[33]output_grids=
 8: + interp_atmos_master.sh[34]for grid in "${grids[@]}"
 8: + interp_atmos_master.sh[35]gridopt=grid0p25
 8: + interp_atmos_master.sh[36]output_grids=' -new_grid latlon 0:1440:0.25 90:721:-0.25 pgb2file_f003_9_0p25'
 8: + interp_atmos_master.sh[34]for grid in "${grids[@]}"
 8: + interp_atmos_master.sh[35]gridopt=grid0p50
 8: + interp_atmos_master.sh[36]output_grids=' -new_grid latlon 0:1440:0.25 90:721:-0.25 pgb2file_f003_9_0p25 -new_grid latlon 0:720:0.5 90:361:-0.5 pgb2file_f003_9_0p50'
 8: + interp_atmos_master.sh[34]for grid in "${grids[@]}"
 8: + interp_atmos_master.sh[35]gridopt=grid1p00
 8: + interp_atmos_master.sh[36]output_grids=' -new_grid latlon 0:1440:0.25 90:721:-0.25 pgb2file_f003_9_0p25 -new_grid latlon 0:720:0.5 90:361:-0.5 pgb2file_f003_9_0p50 -new_grid latlon 0:360:1.0 90:181:-1.0 pgb2file_f003_9_1p00'
 8: + interp_atmos_master.sh[40]wgrib2 tmpfile_f003_9 -set_grib_type same -set_bitmap 1 -set_grib_max_bits 16 -new_grid_winds earth -new_grid_interpolation bilinear -if ':(CSNOW|CRAIN|CFRZR|CICEP|ICSEV):' -new_grid_interpolation neighbor -fi -if ':(APCP|ACPCP|PRATE|CPRAT|DZDT):' -new_grid_interpolation budget -fi -if ':(APCP|ACPCP|PRATE|CPRAT):' -set_grib_max_bits 25 -fi -new_grid latlon 0:1440:0.25 90:721:-0.25 pgb2file_f003_9_0p25 -new_grid latlon 0:720:0.5 90:361:-0.5 pgb2file_f003_9_0p50 -new_grid latlon 0:360:1.0 90:181:-1.0 pgb2file_f003_9_1p00
 8: 1:0:d=2021122100:SNMR:150 mb:3 hour fcst:
 8: 2:8943:d=2021122100:GRLE:150 mb:3 hour fcst:
 8: 3:9962:d=2021122100:O3MR:150 mb:3 hour fcst:
 8: 4:90642:d=2021122100:HGT:200 mb:3 hour fcst:
 8: 5:161673:d=2021122100:TMP:200 mb:3 hour fcst:
 8: 6:225453:d=2021122100:RH:200 mb:3 hour fcst:
 8: 7:280154:d=2021122100:TCDC:200 mb:3 hour fcst:
 8: 8:302192:d=2021122100:SPFH:200 mb:3 hour fcst:
 8: 9:395673:d=2021122100:VVEL:200 mb:3 hour fcst:
 8: 10:505072:d=2021122100:DZDT:200 mb:3 hour fcst:
 8: 11:613034:d=2021122100:UGRD:200 mb:3 hour fcst:
 8: 12:659943:d=2021122100:VGRD:200 mb:3 hour fcst:
 8: 13:707222:d=2021122100:ABSV:200 mb:3 hour fcst:
 8: 14:788627:d=2021122100:CLMR:200 mb:3 hour fcst:
 8: 15:788806:d=2021122100:ICMR:200 mb:3 hour fcst:
 8: 16:816128:d=2021122100:RWMR:200 mb:3 hour fcst:
 8: 17:816307:d=2021122100:SNMR:200 mb:3 hour fcst:
 8: 18:832848:d=2021122100:GRLE:200 mb:3 hour fcst:
 8: 19:835167:d=2021122100:O3MR:200 mb:3 hour fcst:
 8: 20:931492:d=2021122100:HGT:250 mb:3 hour fcst:
 8: 21:1004495:d=2021122100:TMP:250 mb:3 hour fcst:
 8: 22:1069001:d=2021122100:RH:250 mb:3 hour fcst:
 8: 23:1132666:d=2021122100:TCDC:250 mb:3 hour fcst:
 8: 24:1163159:d=2021122100:SPFH:250 mb:3 hour fcst:
 8: 25:1258003:d=2021122100:VVEL:250 mb:3 hour fcst:
 8: 26:1350287:d=2021122100:DZDT:250 mb:3 hour fcst:
 8: 27:1460811:d=2021122100:UGRD:250 mb:3 hour fcst:
 8: 28:1510418:d=2021122100:VGRD:250 mb:3 hour fcst:
 8: 29:1560640:d=2021122100:ABSV:250 mb:3 hour fcst:
 8: 30:1646490:d=2021122100:CLMR:250 mb:3 hour fcst:
 8: 31:1646669:d=2021122100:ICMR:250 mb:3 hour fcst:
 8: + interp_atmos_master.sh[47]export err=0
 8: + interp_atmos_master.sh[47]err=0
 8: + interp_atmos_master.sh[48][[ 0 -ne 0 ]]
 8: + interp_atmos_master.sh[54]for grid in "${grids[@]}"
 8: + interp_atmos_master.sh[55]trim_rh pgb2file_f003_9_0p25
 8: + product_functions.sh[5]local filename=pgb2file_f003_9_0p25
 8: + product_functions.sh[6]wgrib2 pgb2file_f003_9_0p25 -not_if :RH: -grib pgb2file_f003_9_0p25.new -if :RH: -rpn '10:*:0.5:+:floor:1000:min:10:/' -set_grib_type same -set_scaling -1 0 -grib_out pgb2file_f003_9_0p25.new
 8: 1:0:d=2021122100:SNMR:150 mb:3 hour fcst:
 8: 2:52773:d=2021122100:GRLE:150 mb:3 hour fcst:
 8: 3:59629:d=2021122100:O3MR:150 mb:3 hour fcst:
 8: 4:724449:d=2021122100:HGT:200 mb:3 hour fcst:
 8: 5:1285387:d=2021122100:TMP:200 mb:3 hour fcst:
 8: 6:1768025:d=2021122100:RH:200 mb:3 hour fcst:
 8: 7:2190660:d=2021122100:TCDC:200 mb:3 hour fcst:
 8: 8:2355988:d=2021122100:SPFH:200 mb:3 hour fcst:
 8: 9:3193589:d=2021122100:VVEL:200 mb:3 hour fcst:
 8: 10:4226555:d=2021122100:DZDT:200 mb:3 hour fcst:
 8: 11:5213678:d=2021122100:UGRD:200 mb:3 hour fcst:
 8: 12:5560076:d=2021122100:VGRD:200 mb:3 hour fcst:
 8: 13:5906632:d=2021122100:ABSV:200 mb:3 hour fcst:
 8: 14:6585326:d=2021122100:CLMR:200 mb:3 hour fcst:
 8: 15:6585505:d=2021122100:ICMR:200 mb:3 hour fcst:
 8: 16:6799760:d=2021122100:RWMR:200 mb:3 hour fcst:
 8: 17:6799939:d=2021122100:SNMR:200 mb:3 hour fcst:
 8: 18:6912669:d=2021122100:GRLE:200 mb:3 hour fcst:
 8: 19:6930956:d=2021122100:O3MR:200 mb:3 hour fcst:
 8: 20:7778253:d=2021122100:HGT:250 mb:3 hour fcst:
 8: 21:8354491:d=2021122100:TMP:250 mb:3 hour fcst:
 8: 22:8838805:d=2021122100:RH:250 mb:3 hour fcst:
 8: 23:9319374:d=2021122100:TCDC:250 mb:3 hour fcst:
 8: 24:9544865:d=2021122100:SPFH:250 mb:3 hour fcst:
 8: 25:10389739:d=2021122100:VVEL:250 mb:3 hour fcst:
 8: 26:11213749:d=2021122100:DZDT:250 mb:3 hour fcst:
 8: 27:12236292:d=2021122100:UGRD:250 mb:3 hour fcst:
 8: 28:12593579:d=2021122100:VGRD:250 mb:3 hour fcst:
 8: 29:12960538:d=2021122100:ABSV:250 mb:3 hour fcst:
 8: 30:13691408:d=2021122100:CLMR:250 mb:3 hour fcst:
 8: 31:13691587:d=2021122100:ICMR:250 mb:3 hour fcst:
 8: + product_functions.sh[10]rc=0
 8: + product_functions.sh[11]((  rc == 0  ))
 8: + product_functions.sh[11]mv pgb2file_f003_9_0p25.new pgb2file_f003_9_0p25
 8: + product_functions.sh[12]return 0
 8: + interp_atmos_master.sh[56]export err=0
 8: + interp_atmos_master.sh[56]err=0
 8: + interp_atmos_master.sh[57][[ 0 -ne 0 ]]
 8: ++ interp_atmos_master.sh[62]wc -l
 8: ++ interp_atmos_master.sh[62]wgrib2 pgb2file_f003_9_0p25 -match 'LAND|ICEC'
 8: + interp_atmos_master.sh[62]var_count=0
 8: + interp_atmos_master.sh[63][[ 0 -eq 2 ]]
 8: + interp_atmos_master.sh[54]for grid in "${grids[@]}"
 8: + interp_atmos_master.sh[55]trim_rh pgb2file_f003_9_0p50
 8: + product_functions.sh[5]local filename=pgb2file_f003_9_0p50
 8: + product_functions.sh[6]wgrib2 pgb2file_f003_9_0p50 -not_if :RH: -grib pgb2file_f003_9_0p50.new -if :RH: -rpn '10:*:0.5:+:floor:1000:min:10:/' -set_grib_type same -set_scaling -1 0 -grib_out pgb2file_f003_9_0p50.new
 8: 1:0:d=2021122100:SNMR:150 mb:3 hour fcst:
 8: 2:19238:d=2021122100:GRLE:150 mb:3 hour fcst:
 8: 3:21777:d=2021122100:O3MR:150 mb:3 hour fcst:
 8: 4:234337:d=2021122100:HGT:200 mb:3 hour fcst:
 8: 5:416654:d=2021122100:TMP:200 mb:3 hour fcst:
 8: 6:577131:d=2021122100:RH:200 mb:3 hour fcst:
 8: 7:715011:d=2021122100:TCDC:200 mb:3 hour fcst:
 8: 8:772583:d=2021122100:SPFH:200 mb:3 hour fcst:
 8: 9:1028787:d=2021122100:VVEL:200 mb:3 hour fcst:
 8: 10:1335083:d=2021122100:DZDT:200 mb:3 hour fcst:
 8: 11:1629507:d=2021122100:UGRD:200 mb:3 hour fcst:
 8: 12:1743933:d=2021122100:VGRD:200 mb:3 hour fcst:
 8: 13:1857786:d=2021122100:ABSV:200 mb:3 hour fcst:
 8: 14:2072601:d=2021122100:CLMR:200 mb:3 hour fcst:
 8: 15:2072780:d=2021122100:ICMR:200 mb:3 hour fcst:
 8: 16:2143892:d=2021122100:RWMR:200 mb:3 hour fcst:
 8: 17:2144071:d=2021122100:SNMR:200 mb:3 hour fcst:
 8: 18:2184254:d=2021122100:GRLE:200 mb:3 hour fcst:
 8: 19:2190606:d=2021122100:O3MR:200 mb:3 hour fcst:
 8: 20:2454059:d=2021122100:HGT:250 mb:3 hour fcst:
 8: 21:2640714:d=2021122100:TMP:250 mb:3 hour fcst:
 8: 22:2802940:d=2021122100:RH:250 mb:3 hour fcst:
 8: 23:2962189:d=2021122100:TCDC:250 mb:3 hour fcst:
 8: 24:3041617:d=2021122100:SPFH:250 mb:3 hour fcst:
 8: 25:3299850:d=2021122100:VVEL:250 mb:3 hour fcst:
 8: 26:3552778:d=2021122100:DZDT:250 mb:3 hour fcst:
 8: 27:3857317:d=2021122100:UGRD:250 mb:3 hour fcst:
 8: 28:3976976:d=2021122100:VGRD:250 mb:3 hour fcst:
 8: 29:4098303:d=2021122100:ABSV:250 mb:3 hour fcst:
 8: 30:4328016:d=2021122100:CLMR:250 mb:3 hour fcst:
 8: 31:4328195:d=2021122100:ICMR:250 mb:3 hour fcst:
 8: + product_functions.sh[10]rc=0
 8: + product_functions.sh[11]((  rc == 0  ))
 8: + product_functions.sh[11]mv pgb2file_f003_9_0p50.new pgb2file_f003_9_0p50
 8: + product_functions.sh[12]return 0
 8: + interp_atmos_master.sh[56]export err=0
 8: + interp_atmos_master.sh[56]err=0
 8: + interp_atmos_master.sh[57][[ 0 -ne 0 ]]
 8: ++ interp_atmos_master.sh[62]wc -l
 8: ++ interp_atmos_master.sh[62]wgrib2 pgb2file_f003_9_0p50 -match 'LAND|ICEC'
 8: + interp_atmos_master.sh[62]var_count=0
 8: + interp_atmos_master.sh[63][[ 0 -eq 2 ]]
 8: + interp_atmos_master.sh[54]for grid in "${grids[@]}"
 8: + interp_atmos_master.sh[55]trim_rh pgb2file_f003_9_1p00
 8: + product_functions.sh[5]local filename=pgb2file_f003_9_1p00
 8: + product_functions.sh[6]wgrib2 pgb2file_f003_9_1p00 -not_if :RH: -grib pgb2file_f003_9_1p00.new -if :RH: -rpn '10:*:0.5:+:floor:1000:min:10:/' -set_grib_type same -set_scaling -1 0 -grib_out pgb2file_f003_9_1p00.new
 8: 1:0:d=2021122100:SNMR:150 mb:3 hour fcst:
 8: 2:7202:d=2021122100:GRLE:150 mb:3 hour fcst:
 8: 3:8266:d=2021122100:O3MR:150 mb:3 hour fcst:
 8: 4:75892:d=2021122100:HGT:200 mb:3 hour fcst:
 8: 5:133890:d=2021122100:TMP:200 mb:3 hour fcst:
 8: 6:186321:d=2021122100:RH:200 mb:3 hour fcst:
 8: 7:231921:d=2021122100:TCDC:200 mb:3 hour fcst:
 8: 8:251637:d=2021122100:SPFH:200 mb:3 hour fcst:
 8: 9:329404:d=2021122100:VVEL:200 mb:3 hour fcst:
 8: 10:420121:d=2021122100:DZDT:200 mb:3 hour fcst:
 8: 11:507532:d=2021122100:UGRD:200 mb:3 hour fcst:
 8: 12:546525:d=2021122100:VGRD:200 mb:3 hour fcst:
 8: 13:586276:d=2021122100:ABSV:200 mb:3 hour fcst:
 8: 14:653230:d=2021122100:CLMR:200 mb:3 hour fcst:
 8: 15:653409:d=2021122100:ICMR:200 mb:3 hour fcst:
 8: 16:677407:d=2021122100:RWMR:200 mb:3 hour fcst:
 8: 17:677586:d=2021122100:SNMR:200 mb:3 hour fcst:
 8: 18:691875:d=2021122100:GRLE:200 mb:3 hour fcst:
 8: 19:694327:d=2021122100:O3MR:200 mb:3 hour fcst:
 8: 20:774840:d=2021122100:HGT:250 mb:3 hour fcst:
 8: 21:834639:d=2021122100:TMP:250 mb:3 hour fcst:
 8: 22:887387:d=2021122100:RH:250 mb:3 hour fcst:
 8: 23:940353:d=2021122100:TCDC:250 mb:3 hour fcst:
 8: 24:968074:d=2021122100:SPFH:250 mb:3 hour fcst:
 8: 25:1046337:d=2021122100:VVEL:250 mb:3 hour fcst:
 8: 26:1123004:d=2021122100:DZDT:250 mb:3 hour fcst:
 8: 27:1212804:d=2021122100:UGRD:250 mb:3 hour fcst:
 8: 28:1253390:d=2021122100:VGRD:250 mb:3 hour fcst:
 8: 29:1295844:d=2021122100:ABSV:250 mb:3 hour fcst:
 8: 30:1367125:d=2021122100:CLMR:250 mb:3 hour fcst:
 8: 31:1367304:d=2021122100:ICMR:250 mb:3 hour fcst:
 8: + product_functions.sh[10]rc=0
 8: + product_functions.sh[11]((  rc == 0  ))
 8: + product_functions.sh[11]mv pgb2file_f003_9_1p00.new pgb2file_f003_9_1p00
 8: + product_functions.sh[12]return 0
 8: + interp_atmos_master.sh[56]export err=0
 8: + interp_atmos_master.sh[56]err=0
 8: + interp_atmos_master.sh[57][[ 0 -ne 0 ]]
 8: ++ interp_atmos_master.sh[62]wc -l
 8: ++ interp_atmos_master.sh[62]wgrib2 pgb2file_f003_9_1p00 -match 'LAND|ICEC'
 8: + interp_atmos_master.sh[62]var_count=0
 8: + interp_atmos_master.sh[63][[ 0 -eq 2 ]]
 8: + interp_atmos_master.sh[73]exit 0
22: + bash[8]'[' -z '' ']'
22: + bash[9]case "$-" in
22: + bash[12]__lmod_vx=x
22: + bash[16]'[' -n x ']'
22: + bash[16]set +x
22: Shell debugging temporarily silenced: export LMOD_SH_DBG_ON=1 for this output (/apps/other/lmod/lmod/init/bash)
22: Shell debugging restarted
22: + bash[224]unset __lmod_vx
22: + interp_atmos_master.sh[7]input_file=tmpfile_f003_23
22: + interp_atmos_master.sh[8]output_file_prefix=pgb2file_f003_23
22: + interp_atmos_master.sh[9]grid_string=0p25:0p50:1p00
22: + interp_atmos_master.sh[12]defaults='-set_grib_type same -set_bitmap 1 -set_grib_max_bits 16'
22: + interp_atmos_master.sh[13]interp_winds='-new_grid_winds earth'
22: + interp_atmos_master.sh[14]interp_bilinear='-new_grid_interpolation bilinear'
22: + interp_atmos_master.sh[15]interp_neighbor='-if :(CSNOW|CRAIN|CFRZR|CICEP|ICSEV): -new_grid_interpolation neighbor -fi'
22: + interp_atmos_master.sh[16]interp_budget='-if :(APCP|ACPCP|PRATE|CPRAT|DZDT): -new_grid_interpolation budget -fi'
22: + interp_atmos_master.sh[17]increased_bits='-if :(APCP|ACPCP|PRATE|CPRAT): -set_grib_max_bits 25 -fi'
22: + interp_atmos_master.sh[21]grid0p25='latlon 0:1440:0.25 90:721:-0.25'
22: + interp_atmos_master.sh[23]grid0p50='latlon 0:720:0.5 90:361:-0.5'
22: + interp_atmos_master.sh[25]grid1p00='latlon 0:360:1.0 90:181:-1.0'
22: + interp_atmos_master.sh[28]source /work2/noaa/global/mterry/global-workflow_forked/ush/product_functions.sh
22: + interp_atmos_master.sh[31]IFS=:
22: + interp_atmos_master.sh[31]read -ra grids
22: + interp_atmos_master.sh[33]output_grids=
22: + interp_atmos_master.sh[34]for grid in "${grids[@]}"
22: + interp_atmos_master.sh[35]gridopt=grid0p25
22: + interp_atmos_master.sh[36]output_grids=' -new_grid latlon 0:1440:0.25 90:721:-0.25 pgb2file_f003_23_0p25'
22: + interp_atmos_master.sh[34]for grid in "${grids[@]}"
22: + interp_atmos_master.sh[35]gridopt=grid0p50
22: + interp_atmos_master.sh[36]output_grids=' -new_grid latlon 0:1440:0.25 90:721:-0.25 pgb2file_f003_23_0p25 -new_grid latlon 0:720:0.5 90:361:-0.5 pgb2file_f003_23_0p50'
22: + interp_atmos_master.sh[34]for grid in "${grids[@]}"
22: + interp_atmos_master.sh[35]gridopt=grid1p00
22: + interp_atmos_master.sh[36]output_grids=' -new_grid latlon 0:1440:0.25 90:721:-0.25 pgb2file_f003_23_0p25 -new_grid latlon 0:720:0.5 90:361:-0.5 pgb2file_f003_23_0p50 -new_grid latlon 0:360:1.0 90:181:-1.0 pgb2file_f003_23_1p00'
22: + interp_atmos_master.sh[40]wgrib2 tmpfile_f003_23 -set_grib_type same -set_bitmap 1 -set_grib_max_bits 16 -new_grid_winds earth -new_grid_interpolation bilinear -if ':(CSNOW|CRAIN|CFRZR|CICEP|ICSEV):' -new_grid_interpolation neighbor -fi -if ':(APCP|ACPCP|PRATE|CPRAT|DZDT):' -new_grid_interpolation budget -fi -if ':(APCP|ACPCP|PRATE|CPRAT):' -set_grib_max_bits 25 -fi -new_grid latlon 0:1440:0.25 90:721:-0.25 pgb2file_f003_23_0p25 -new_grid latlon 0:720:0.5 90:361:-0.5 pgb2file_f003_23_0p50 -new_grid latlon 0:360:1.0 90:181:-1.0 pgb2file_f003_23_1p00
22: 1:0:d=2021122100:UGRD:40 m above ground:3 hour fcst:
22: 2:76042:d=2021122100:VGRD:40 m above ground:3 hour fcst:
22: 3:153027:d=2021122100:UGRD:50 m above ground:3 hour fcst:
22: 4:229305:d=2021122100:VGRD:50 m above ground:3 hour fcst:
22: 5:306558:d=2021122100:TMP:80 m above ground:3 hour fcst:
22: 6:380316:d=2021122100:SPFH:80 m above ground:3 hour fcst:
22: 7:486631:d=2021122100:PRES:80 m above ground:3 hour fcst:
22: 8:574253:d=2021122100:UGRD:80 m above ground:3 hour fcst:
22: 9:651699:d=2021122100:VGRD:80 m above ground:3 hour fcst:
22: 10:729579:d=2021122100:TMP:100 m above ground:3 hour fcst:
22: 11:803173:d=2021122100:UGRD:100 m above ground:3 hour fcst:
22: 12:880880:d=2021122100:VGRD:100 m above ground:3 hour fcst:
22: 13:959101:d=2021122100:TMP:1829 m above mean sea level:3 hour fcst:
22: 14:1035049:d=2021122100:UGRD:1829 m above mean sea level:3 hour fcst:
22: 15:1116517:d=2021122100:VGRD:1829 m above mean sea level:3 hour fcst:
22: 16:1199620:d=2021122100:TMP:2743 m above mean sea level:3 hour fcst:
22: 17:1274330:d=2021122100:UGRD:2743 m above mean sea level:3 hour fcst:
22: 18:1356965:d=2021122100:VGRD:2743 m above mean sea level:3 hour fcst:
22: 19:1441295:d=2021122100:TMP:3658 m above mean sea level:3 hour fcst:
22: 20:1515685:d=2021122100:UGRD:3658 m above mean sea level:3 hour fcst:
22: 21:1599706:d=2021122100:VGRD:3658 m above mean sea level:3 hour fcst:
22: 22:1684731:d=2021122100:HGT:0C isotherm:3 hour fcst:
22: 23:1761255:d=2021122100:RH:0C isotherm:3 hour fcst:
22: 24:1831084:d=2021122100:HGT:highest tropospheric freezing level:3 hour fcst:
22: 25:1907518:d=2021122100:RH:highest tropospheric freezing level:3 hour fcst:
22: 26:1977474:d=2021122100:TMP:30-0 mb above ground:3 hour fcst:
22: 27:2051015:d=2021122100:RH:30-0 mb above ground:3 hour fcst:
22: 28:2115422:d=2021122100:SPFH:30-0 mb above ground:3 hour fcst:
22: 29:2221839:d=2021122100:UGRD:30-0 mb above ground:3 hour fcst:
22: 30:2299254:d=2021122100:VGRD:30-0 mb above ground:3 hour fcst:
22: 31:2377320:d=2021122100:4LFTX:surface:3 hour fcst:
22: + interp_atmos_master.sh[47]export err=0
22: + interp_atmos_master.sh[47]err=0
22: + interp_atmos_master.sh[48][[ 0 -ne 0 ]]
22: + interp_atmos_master.sh[54]for grid in "${grids[@]}"
22: + interp_atmos_master.sh[55]trim_rh pgb2file_f003_23_0p25
22: + product_functions.sh[5]local filename=pgb2file_f003_23_0p25
22: + product_functions.sh[6]wgrib2 pgb2file_f003_23_0p25 -not_if :RH: -grib pgb2file_f003_23_0p25.new -if :RH: -rpn '10:*:0.5:+:floor:1000:min:10:/' -set_grib_type same -set_scaling -1 0 -grib_out pgb2file_f003_23_0p25.new
22: 1:0:d=2021122100:UGRD:40 m above ground:3 hour fcst:
22: 2:617618:d=2021122100:VGRD:40 m above ground:3 hour fcst:
22: 3:1243190:d=2021122100:UGRD:50 m above ground:3 hour fcst:
22: 4:1863955:d=2021122100:VGRD:50 m above ground:3 hour fcst:
22: 5:2493423:d=2021122100:TMP:80 m above ground:3 hour fcst:
22: 6:3070541:d=2021122100:SPFH:80 m above ground:3 hour fcst:
22: 7:4052411:d=2021122100:PRES:80 m above ground:3 hour fcst:
22: 8:4770299:d=2021122100:UGRD:80 m above ground:3 hour fcst:
22: 9:5401808:d=2021122100:VGRD:80 m above ground:3 hour fcst:
22: 10:6038042:d=2021122100:TMP:100 m above ground:3 hour fcst:
22: 11:6613794:d=2021122100:UGRD:100 m above ground:3 hour fcst:
22: 12:7247353:d=2021122100:VGRD:100 m above ground:3 hour fcst:
22: 13:7886931:d=2021122100:TMP:1829 m above mean sea level:3 hour fcst:
22: 14:8543002:d=2021122100:UGRD:1829 m above mean sea level:3 hour fcst:
22: 15:9268436:d=2021122100:VGRD:1829 m above mean sea level:3 hour fcst:
22: 16:10015590:d=2021122100:TMP:2743 m above mean sea level:3 hour fcst:
22: 17:10651299:d=2021122100:UGRD:2743 m above mean sea level:3 hour fcst:
22: 18:11376459:d=2021122100:VGRD:2743 m above mean sea level:3 hour fcst:
22: 19:12128036:d=2021122100:TMP:3658 m above mean sea level:3 hour fcst:
22: 20:12758458:d=2021122100:UGRD:3658 m above mean sea level:3 hour fcst:
22: 21:13497661:d=2021122100:VGRD:3658 m above mean sea level:3 hour fcst:
22: 22:14257422:d=2021122100:HGT:0C isotherm:3 hour fcst:
22: 23:14954409:d=2021122100:RH:0C isotherm:3 hour fcst:
22: 24:15499424:d=2021122100:HGT:highest tropospheric freezing level:3 hour fcst:
22: 25:16200143:d=2021122100:RH:highest tropospheric freezing level:3 hour fcst:
22: 26:16745810:d=2021122100:TMP:30-0 mb above ground:3 hour fcst:
22: 27:17319675:d=2021122100:RH:30-0 mb above ground:3 hour fcst:
22: 28:17801248:d=2021122100:SPFH:30-0 mb above ground:3 hour fcst:
22: 29:18785106:d=2021122100:UGRD:30-0 mb above ground:3 hour fcst:
22: 30:19415804:d=2021122100:VGRD:30-0 mb above ground:3 hour fcst:
22: 31:20052727:d=2021122100:4LFTX:surface:3 hour fcst:
22: + product_functions.sh[10]rc=0
22: + product_functions.sh[11]((  rc == 0  ))
22: + product_functions.sh[11]mv pgb2file_f003_23_0p25.new pgb2file_f003_23_0p25
22: + product_functions.sh[12]return 0
22: + interp_atmos_master.sh[56]export err=0
22: + interp_atmos_master.sh[56]err=0
22: + interp_atmos_master.sh[57][[ 0 -ne 0 ]]
22: ++ interp_atmos_master.sh[62]wc -l
22: ++ interp_atmos_master.sh[62]wgrib2 pgb2file_f003_23_0p25 -match 'LAND|ICEC'
22: + interp_atmos_master.sh[62]var_count=0
22: + interp_atmos_master.sh[63][[ 0 -eq 2 ]]
22: + interp_atmos_master.sh[54]for grid in "${grids[@]}"
22: + interp_atmos_master.sh[55]trim_rh pgb2file_f003_23_0p50
22: + product_functions.sh[5]local filename=pgb2file_f003_23_0p50
22: + product_functions.sh[6]wgrib2 pgb2file_f003_23_0p50 -not_if :RH: -grib pgb2file_f003_23_0p50.new -if :RH: -rpn '10:*:0.5:+:floor:1000:min:10:/' -set_grib_type same -set_scaling -1 0 -grib_out pgb2file_f003_23_0p50.new
22: 1:0:d=2021122100:UGRD:40 m above ground:3 hour fcst:
22: 2:200472:d=2021122100:VGRD:40 m above ground:3 hour fcst:
22: 3:401851:d=2021122100:UGRD:50 m above ground:3 hour fcst:
22: 4:603119:d=2021122100:VGRD:50 m above ground:3 hour fcst:
22: 5:805391:d=2021122100:TMP:80 m above ground:3 hour fcst:
22: 6:995283:d=2021122100:SPFH:80 m above ground:3 hour fcst:
22: 7:1290796:d=2021122100:PRES:80 m above ground:3 hour fcst:
22: 8:1519623:d=2021122100:UGRD:80 m above ground:3 hour fcst:
22: 9:1722224:d=2021122100:VGRD:80 m above ground:3 hour fcst:
22: 10:1926521:d=2021122100:TMP:100 m above ground:3 hour fcst:
22: 11:2116040:d=2021122100:UGRD:100 m above ground:3 hour fcst:
22: 12:2319434:d=2021122100:VGRD:100 m above ground:3 hour fcst:
22: 13:2524606:d=2021122100:TMP:1829 m above mean sea level:3 hour fcst:
22: 14:2730025:d=2021122100:UGRD:1829 m above mean sea level:3 hour fcst:
22: 15:2954009:d=2021122100:VGRD:1829 m above mean sea level:3 hour fcst:
22: 16:3184173:d=2021122100:TMP:2743 m above mean sea level:3 hour fcst:
22: 17:3383550:d=2021122100:UGRD:2743 m above mean sea level:3 hour fcst:
22: 18:3609230:d=2021122100:VGRD:2743 m above mean sea level:3 hour fcst:
22: 19:3841176:d=2021122100:TMP:3658 m above mean sea level:3 hour fcst:
22: 20:4039198:d=2021122100:UGRD:3658 m above mean sea level:3 hour fcst:
22: 21:4267422:d=2021122100:VGRD:3658 m above mean sea level:3 hour fcst:
22: 22:4501884:d=2021122100:HGT:0C isotherm:3 hour fcst:
22: 23:4714412:d=2021122100:RH:0C isotherm:3 hour fcst:
22: 24:4894304:d=2021122100:HGT:highest tropospheric freezing level:3 hour fcst:
22: 25:5107058:d=2021122100:RH:highest tropospheric freezing level:3 hour fcst:
22: 26:5287370:d=2021122100:TMP:30-0 mb above ground:3 hour fcst:
22: 27:5476283:d=2021122100:RH:30-0 mb above ground:3 hour fcst:
22: 28:5638377:d=2021122100:SPFH:30-0 mb above ground:3 hour fcst:
22: 29:5933974:d=2021122100:UGRD:30-0 mb above ground:3 hour fcst:
22: 30:6136659:d=2021122100:VGRD:30-0 mb above ground:3 hour fcst:
22: 31:6342641:d=2021122100:4LFTX:surface:3 hour fcst:
22: + product_functions.sh[10]rc=0
22: + product_functions.sh[11]((  rc == 0  ))
22: + product_functions.sh[11]mv pgb2file_f003_23_0p50.new pgb2file_f003_23_0p50
22: + product_functions.sh[12]return 0
22: + interp_atmos_master.sh[56]export err=0
22: + interp_atmos_master.sh[56]err=0
22: + interp_atmos_master.sh[57][[ 0 -ne 0 ]]
22: ++ interp_atmos_master.sh[62]wc -l
22: ++ interp_atmos_master.sh[62]wgrib2 pgb2file_f003_23_0p50 -match 'LAND|ICEC'
22: + interp_atmos_master.sh[62]var_count=0
22: + interp_atmos_master.sh[63][[ 0 -eq 2 ]]
22: + interp_atmos_master.sh[54]for grid in "${grids[@]}"
22: + interp_atmos_master.sh[55]trim_rh pgb2file_f003_23_1p00
22: + product_functions.sh[5]local filename=pgb2file_f003_23_1p00
22: + product_functions.sh[6]wgrib2 pgb2file_f003_23_1p00 -not_if :RH: -grib pgb2file_f003_23_1p00.new -if :RH: -rpn '10:*:0.5:+:floor:1000:min:10:/' -set_grib_type same -set_scaling -1 0 -grib_out pgb2file_f003_23_1p00.new
22: 1:0:d=2021122100:UGRD:40 m above ground:3 hour fcst:
22: 2:63675:d=2021122100:VGRD:40 m above ground:3 hour fcst:
22: 3:127944:d=2021122100:UGRD:50 m above ground:3 hour fcst:
22: 4:191874:d=2021122100:VGRD:50 m above ground:3 hour fcst:
22: 5:256418:d=2021122100:TMP:80 m above ground:3 hour fcst:
22: 6:317120:d=2021122100:SPFH:80 m above ground:3 hour fcst:
22: 7:404658:d=2021122100:PRES:80 m above ground:3 hour fcst:
22: 8:476903:d=2021122100:UGRD:80 m above ground:3 hour fcst:
22: 9:541188:d=2021122100:VGRD:80 m above ground:3 hour fcst:
22: 10:606221:d=2021122100:TMP:100 m above ground:3 hour fcst:
22: 11:666678:d=2021122100:UGRD:100 m above ground:3 hour fcst:
22: 12:731211:d=2021122100:VGRD:100 m above ground:3 hour fcst:
22: 13:796579:d=2021122100:TMP:1829 m above mean sea level:3 hour fcst:
22: 14:859719:d=2021122100:UGRD:1829 m above mean sea level:3 hour fcst:
22: 15:927812:d=2021122100:VGRD:1829 m above mean sea level:3 hour fcst:
22: 16:998136:d=2021122100:TMP:2743 m above mean sea level:3 hour fcst:
22: 17:1059639:d=2021122100:UGRD:2743 m above mean sea level:3 hour fcst:
22: 18:1128631:d=2021122100:VGRD:2743 m above mean sea level:3 hour fcst:
22: 19:1199588:d=2021122100:TMP:3658 m above mean sea level:3 hour fcst:
22: 20:1260963:d=2021122100:UGRD:3658 m above mean sea level:3 hour fcst:
22: 21:1330921:d=2021122100:VGRD:3658 m above mean sea level:3 hour fcst:
22: 22:1402894:d=2021122100:HGT:0C isotherm:3 hour fcst:
22: 23:1466747:d=2021122100:RH:0C isotherm:3 hour fcst:
22: 24:1524180:d=2021122100:HGT:highest tropospheric freezing level:3 hour fcst:
22: 25:1587804:d=2021122100:RH:highest tropospheric freezing level:3 hour fcst:
22: 26:1645577:d=2021122100:TMP:30-0 mb above ground:3 hour fcst:
22: 27:1705839:d=2021122100:RH:30-0 mb above ground:3 hour fcst:
22: 28:1758775:d=2021122100:SPFH:30-0 mb above ground:3 hour fcst:
22: 29:1846107:d=2021122100:UGRD:30-0 mb above ground:3 hour fcst:
22: 30:1910457:d=2021122100:VGRD:30-0 mb above ground:3 hour fcst:
22: 31:1975584:d=2021122100:4LFTX:surface:3 hour fcst:
22: + product_functions.sh[10]rc=0
22: + product_functions.sh[11]((  rc == 0  ))
22: + product_functions.sh[11]mv pgb2file_f003_23_1p00.new pgb2file_f003_23_1p00
22: + product_functions.sh[12]return 0
22: + interp_atmos_master.sh[56]export err=0
22: + interp_atmos_master.sh[56]err=0
22: + interp_atmos_master.sh[57][[ 0 -ne 0 ]]
22: ++ interp_atmos_master.sh[62]wgrib2 pgb2file_f003_23_1p00 -match 'LAND|ICEC'
22: ++ interp_atmos_master.sh[62]wc -l
22: + interp_atmos_master.sh[62]var_count=0
22: + interp_atmos_master.sh[63][[ 0 -eq 2 ]]
22: + interp_atmos_master.sh[73]exit 0
19: + bash[8]'[' -z '' ']'
19: + bash[9]case "$-" in
19: + bash[12]__lmod_vx=x
19: + bash[16]'[' -n x ']'
19: + bash[16]set +x
19: Shell debugging temporarily silenced: export LMOD_SH_DBG_ON=1 for this output (/apps/other/lmod/lmod/init/bash)
19: Shell debugging restarted
19: + bash[224]unset __lmod_vx
19: + interp_atmos_master.sh[7]input_file=tmpfile_f003_20
19: + interp_atmos_master.sh[8]output_file_prefix=pgb2file_f003_20
19: + interp_atmos_master.sh[9]grid_string=0p25:0p50:1p00
19: + interp_atmos_master.sh[12]defaults='-set_grib_type same -set_bitmap 1 -set_grib_max_bits 16'
19: + interp_atmos_master.sh[13]interp_winds='-new_grid_winds earth'
19: + interp_atmos_master.sh[14]interp_bilinear='-new_grid_interpolation bilinear'
19: + interp_atmos_master.sh[15]interp_neighbor='-if :(CSNOW|CRAIN|CFRZR|CICEP|ICSEV): -new_grid_interpolation neighbor -fi'
19: + interp_atmos_master.sh[16]interp_budget='-if :(APCP|ACPCP|PRATE|CPRAT|DZDT): -new_grid_interpolation budget -fi'
19: + interp_atmos_master.sh[17]increased_bits='-if :(APCP|ACPCP|PRATE|CPRAT): -set_grib_max_bits 25 -fi'
19: + interp_atmos_master.sh[21]grid0p25='latlon 0:1440:0.25 90:721:-0.25'
19: + interp_atmos_master.sh[23]grid0p50='latlon 0:720:0.5 90:361:-0.5'
19: + interp_atmos_master.sh[25]grid1p00='latlon 0:360:1.0 90:181:-1.0'
19: + interp_atmos_master.sh[28]source /work2/noaa/global/mterry/global-workflow_forked/ush/product_functions.sh
19: + interp_atmos_master.sh[31]IFS=:
19: + interp_atmos_master.sh[31]read -ra grids
19: + interp_atmos_master.sh[33]output_grids=
19: + interp_atmos_master.sh[34]for grid in "${grids[@]}"
19: + interp_atmos_master.sh[35]gridopt=grid0p25
19: + interp_atmos_master.sh[36]output_grids=' -new_grid latlon 0:1440:0.25 90:721:-0.25 pgb2file_f003_20_0p25'
19: + interp_atmos_master.sh[34]for grid in "${grids[@]}"
19: + interp_atmos_master.sh[35]gridopt=grid0p50
19: + interp_atmos_master.sh[36]output_grids=' -new_grid latlon 0:1440:0.25 90:721:-0.25 pgb2file_f003_20_0p25 -new_grid latlon 0:720:0.5 90:361:-0.5 pgb2file_f003_20_0p50'
19: + interp_atmos_master.sh[34]for grid in "${grids[@]}"
19: + interp_atmos_master.sh[35]gridopt=grid1p00
19: + interp_atmos_master.sh[36]output_grids=' -new_grid latlon 0:1440:0.25 90:721:-0.25 pgb2file_f003_20_0p25 -new_grid latlon 0:720:0.5 90:361:-0.5 pgb2file_f003_20_0p50 -new_grid latlon 0:360:1.0 90:181:-1.0 pgb2file_f003_20_1p00'
19: + interp_atmos_master.sh[40]wgrib2 tmpfile_f003_20 -set_grib_type same -set_bitmap 1 -set_grib_max_bits 16 -new_grid_winds earth -new_grid_interpolation bilinear -if ':(CSNOW|CRAIN|CFRZR|CICEP|ICSEV):' -new_grid_interpolation neighbor -fi -if ':(APCP|ACPCP|PRATE|CPRAT|DZDT):' -new_grid_interpolation budget -fi -if ':(APCP|ACPCP|PRATE|CPRAT):' -set_grib_max_bits 25 -fi -new_grid latlon 0:1440:0.25 90:721:-0.25 pgb2file_f003_20_0p25 -new_grid latlon 0:720:0.5 90:361:-0.5 pgb2file_f003_20_0p50 -new_grid latlon 0:360:1.0 90:181:-1.0 pgb2file_f003_20_1p00
19: 1:0:d=2021122100:CPRAT:surface:0-3 hour ave fcst:
19: 2:76041:d=2021122100:PRATE:surface:0-3 hour ave fcst:
19: 3:146944:d=2021122100:APCP:surface:0-3 hour acc fcst:
19: 4:175053:d=2021122100:APCP:surface:0-3 hour acc fcst:
19: 5:211296:d=2021122100:ACPCP:surface:0-3 hour acc fcst:
19: 6:233906:d=2021122100:ACPCP:surface:0-3 hour acc fcst:
19: 7:263181:d=2021122100:FROZR:surface:0-3 hour acc fcst:
19: 8:272600:d=2021122100:FRZR:surface:0-3 hour acc fcst:
19: 9:282019:d=2021122100:TSNOWP:surface:0-3 hour acc fcst:
19: 10:291438:d=2021122100:WATR:surface:0-3 hour acc fcst:
19: 11:322552:d=2021122100:FROZR:surface:0-3 hour acc fcst:
19: 12:331971:d=2021122100:FRZR:surface:0-3 hour acc fcst:
19: 13:341390:d=2021122100:TSNOWP:surface:0-3 hour acc fcst:
19: 14:350809:d=2021122100:CSNOW:surface:3 hour fcst:
19: 15:356009:d=2021122100:CICEP:surface:3 hour fcst:
19: 16:356188:d=2021122100:CFRZR:surface:3 hour fcst:
19: 17:356583:d=2021122100:CRAIN:surface:3 hour fcst:
19: 18:368246:d=2021122100:LHTFL:surface:0-3 hour ave fcst:
19: 19:419042:d=2021122100:SHTFL:surface:0-3 hour ave fcst:
19: 20:492527:d=2021122100:GFLUX:surface:0-3 hour ave fcst:
19: 21:538519:d=2021122100:UFLX:surface:0-3 hour ave fcst:
19: 22:595975:d=2021122100:VFLX:surface:0-3 hour ave fcst:
19: 23:652607:d=2021122100:SFCR:surface:3 hour fcst:
19: 24:715551:d=2021122100:FRICV:surface:3 hour fcst:
19: 25:796986:d=2021122100:U-GWD:surface:0-3 hour ave fcst:
19: 26:830135:d=2021122100:V-GWD:surface:0-3 hour ave fcst:
19: 27:862234:d=2021122100:VEG:surface:3 hour fcst:
19: 28:883917:d=2021122100:SOTYP:surface:3 hour fcst:
19: 29:914065:d=2021122100:WILT:surface:3 hour fcst:
19: 30:944837:d=2021122100:FLDCP:surface:3 hour fcst:
19: 31:976691:d=2021122100:SUNSD:surface:3 hour fcst:
19: + interp_atmos_master.sh[47]export err=0
19: + interp_atmos_master.sh[47]err=0
19: + interp_atmos_master.sh[48][[ 0 -ne 0 ]]
19: + interp_atmos_master.sh[54]for grid in "${grids[@]}"
19: + interp_atmos_master.sh[55]trim_rh pgb2file_f003_20_0p25
19: + product_functions.sh[5]local filename=pgb2file_f003_20_0p25
19: + product_functions.sh[6]wgrib2 pgb2file_f003_20_0p25 -not_if :RH: -grib pgb2file_f003_20_0p25.new -if :RH: -rpn '10:*:0.5:+:floor:1000:min:10:/' -set_grib_type same -set_scaling -1 0 -grib_out pgb2file_f003_20_0p25.new
19: 1:0:d=2021122100:CPRAT:surface:0-3 hour ave fcst:
19: 2:629898:d=2021122100:PRATE:surface:0-3 hour ave fcst:
19: 3:1183627:d=2021122100:APCP:surface:0-3 hour acc fcst:
19: 4:1356469:d=2021122100:APCP:surface:0-3 hour acc fcst:
19: 5:1590128:d=2021122100:ACPCP:surface:0-3 hour acc fcst:
19: 6:1726801:d=2021122100:ACPCP:surface:0-3 hour acc fcst:
19: 7:1913728:d=2021122100:FROZR:surface:0-3 hour acc fcst:
19: 8:2043711:d=2021122100:FRZR:surface:0-3 hour acc fcst:
19: 9:2173694:d=2021122100:TSNOWP:surface:0-3 hour acc fcst:
19: 10:2303677:d=2021122100:WATR:surface:0-3 hour acc fcst:
19: 11:2605264:d=2021122100:FROZR:surface:0-3 hour acc fcst:
19: 12:2735247:d=2021122100:FRZR:surface:0-3 hour acc fcst:
19: 13:2865230:d=2021122100:TSNOWP:surface:0-3 hour acc fcst:
19: 14:2995213:d=2021122100:CSNOW:surface:3 hour fcst:
19: 15:3023358:d=2021122100:CICEP:surface:3 hour fcst:
19: 16:3023537:d=2021122100:CFRZR:surface:3 hour fcst:
19: 17:3024718:d=2021122100:CRAIN:surface:3 hour fcst:
19: 18:3102515:d=2021122100:LHTFL:surface:0-3 hour ave fcst:
19: 19:3462048:d=2021122100:SHTFL:surface:0-3 hour ave fcst:
19: 20:4039834:d=2021122100:GFLUX:surface:0-3 hour ave fcst:
19: 21:4467933:d=2021122100:UFLX:surface:0-3 hour ave fcst:
19: 22:4883478:d=2021122100:VFLX:surface:0-3 hour ave fcst:
19: 23:5292087:d=2021122100:SFCR:surface:3 hour fcst:
19: 24:5809297:d=2021122100:FRICV:surface:3 hour fcst:
19: 25:6457570:d=2021122100:U-GWD:surface:0-3 hour ave fcst:
19: 26:6693437:d=2021122100:V-GWD:surface:0-3 hour ave fcst:
19: 27:6918811:d=2021122100:VEG:surface:3 hour fcst:
19: 28:7154186:d=2021122100:SOTYP:surface:3 hour fcst:
19: 29:7394580:d=2021122100:WILT:surface:3 hour fcst:
19: 30:7708035:d=2021122100:FLDCP:surface:3 hour fcst:
19: 31:8029028:d=2021122100:SUNSD:surface:3 hour fcst:
19: + product_functions.sh[10]rc=0
19: + product_functions.sh[11]((  rc == 0  ))
19: + product_functions.sh[11]mv pgb2file_f003_20_0p25.new pgb2file_f003_20_0p25
19: + product_functions.sh[12]return 0
19: + interp_atmos_master.sh[56]export err=0
19: + interp_atmos_master.sh[56]err=0
19: + interp_atmos_master.sh[57][[ 0 -ne 0 ]]
19: ++ interp_atmos_master.sh[62]wc -l
19: ++ interp_atmos_master.sh[62]wgrib2 pgb2file_f003_20_0p25 -match 'LAND|ICEC'
19: + interp_atmos_master.sh[62]var_count=0
19: + interp_atmos_master.sh[63][[ 0 -eq 2 ]]
19: + interp_atmos_master.sh[54]for grid in "${grids[@]}"
19: + interp_atmos_master.sh[55]trim_rh pgb2file_f003_20_0p50
19: + product_functions.sh[5]local filename=pgb2file_f003_20_0p50
19: + product_functions.sh[6]wgrib2 pgb2file_f003_20_0p50 -not_if :RH: -grib pgb2file_f003_20_0p50.new -if :RH: -rpn '10:*:0.5:+:floor:1000:min:10:/' -set_grib_type same -set_scaling -1 0 -grib_out pgb2file_f003_20_0p50.new
19: 1:0:d=2021122100:CPRAT:surface:0-3 hour ave fcst:
19: 2:201506:d=2021122100:PRATE:surface:0-3 hour ave fcst:
19: 3:383787:d=2021122100:APCP:surface:0-3 hour acc fcst:
19: 4:444459:d=2021122100:APCP:surface:0-3 hour acc fcst:
19: 5:525730:d=2021122100:ACPCP:surface:0-3 hour acc fcst:
19: 6:574070:d=2021122100:ACPCP:surface:0-3 hour acc fcst:
19: 7:638944:d=2021122100:FROZR:surface:0-3 hour acc fcst:
19: 8:671637:d=2021122100:FRZR:surface:0-3 hour acc fcst:
19: 9:704330:d=2021122100:TSNOWP:surface:0-3 hour acc fcst:
19: 10:737023:d=2021122100:WATR:surface:0-3 hour acc fcst:
19: 11:826361:d=2021122100:FROZR:surface:0-3 hour acc fcst:
19: 12:859054:d=2021122100:FRZR:surface:0-3 hour acc fcst:
19: 13:891747:d=2021122100:TSNOWP:surface:0-3 hour acc fcst:
19: 14:924440:d=2021122100:CSNOW:surface:3 hour fcst:
19: 15:935607:d=2021122100:CICEP:surface:3 hour fcst:
19: 16:935786:d=2021122100:CFRZR:surface:3 hour fcst:
19: 17:936385:d=2021122100:CRAIN:surface:3 hour fcst:
19: 18:963025:d=2021122100:LHTFL:surface:0-3 hour ave fcst:
19: 19:1083368:d=2021122100:SHTFL:surface:0-3 hour ave fcst:
19: 20:1272153:d=2021122100:GFLUX:surface:0-3 hour ave fcst:
19: 21:1401598:d=2021122100:UFLX:surface:0-3 hour ave fcst:
19: 22:1541592:d=2021122100:VFLX:surface:0-3 hour ave fcst:
19: 23:1679297:d=2021122100:SFCR:surface:3 hour fcst:
19: 24:1841589:d=2021122100:FRICV:surface:3 hour fcst:
19: 25:2052365:d=2021122100:U-GWD:surface:0-3 hour ave fcst:
19: 26:2134724:d=2021122100:V-GWD:surface:0-3 hour ave fcst:
19: 27:2213853:d=2021122100:VEG:surface:3 hour fcst:
19: 28:2280297:d=2021122100:SOTYP:surface:3 hour fcst:
19: 29:2360428:d=2021122100:WILT:surface:3 hour fcst:
19: 30:2451626:d=2021122100:FLDCP:surface:3 hour fcst:
19: 31:2545643:d=2021122100:SUNSD:surface:3 hour fcst:
19: + product_functions.sh[10]rc=0
19: + product_functions.sh[11]((  rc == 0  ))
19: + product_functions.sh[11]mv pgb2file_f003_20_0p50.new pgb2file_f003_20_0p50
19: + product_functions.sh[12]return 0
19: + interp_atmos_master.sh[56]export err=0
19: + interp_atmos_master.sh[56]err=0
19: + interp_atmos_master.sh[57][[ 0 -ne 0 ]]
19: ++ interp_atmos_master.sh[62]wgrib2 pgb2file_f003_20_0p50 -match 'LAND|ICEC'
19: ++ interp_atmos_master.sh[62]wc -l
19: + interp_atmos_master.sh[62]var_count=0
19: + interp_atmos_master.sh[63][[ 0 -eq 2 ]]
19: + interp_atmos_master.sh[54]for grid in "${grids[@]}"
19: + interp_atmos_master.sh[55]trim_rh pgb2file_f003_20_1p00
19: + product_functions.sh[5]local filename=pgb2file_f003_20_1p00
19: + product_functions.sh[6]wgrib2 pgb2file_f003_20_1p00 -not_if :RH: -grib pgb2file_f003_20_1p00.new -if :RH: -rpn '10:*:0.5:+:floor:1000:min:10:/' -set_grib_type same -set_scaling -1 0 -grib_out pgb2file_f003_20_1p00.new
19: 1:0:d=2021122100:CPRAT:surface:0-3 hour ave fcst:
19: 2:64503:d=2021122100:PRATE:surface:0-3 hour ave fcst:
19: 3:123840:d=2021122100:APCP:surface:0-3 hour acc fcst:
19: 4:146194:d=2021122100:APCP:surface:0-3 hour acc fcst:
19: 5:174995:d=2021122100:ACPCP:surface:0-3 hour acc fcst:
19: 6:192370:d=2021122100:ACPCP:surface:0-3 hour acc fcst:
19: 7:215479:d=2021122100:FROZR:surface:0-3 hour acc fcst:
19: 8:223827:d=2021122100:FRZR:surface:0-3 hour acc fcst:
19: 9:232175:d=2021122100:TSNOWP:surface:0-3 hour acc fcst:
19: 10:240523:d=2021122100:WATR:surface:0-3 hour acc fcst:
19: 11:266562:d=2021122100:FROZR:surface:0-3 hour acc fcst:
19: 12:274910:d=2021122100:FRZR:surface:0-3 hour acc fcst:
19: 13:283258:d=2021122100:TSNOWP:surface:0-3 hour acc fcst:
19: 14:291606:d=2021122100:CSNOW:surface:3 hour fcst:
19: 15:295904:d=2021122100:CICEP:surface:3 hour fcst:
19: 16:296083:d=2021122100:CFRZR:surface:3 hour fcst:
19: 17:296447:d=2021122100:CRAIN:surface:3 hour fcst:
19: 18:306500:d=2021122100:LHTFL:surface:0-3 hour ave fcst:
19: 19:347336:d=2021122100:SHTFL:surface:0-3 hour ave fcst:
19: 20:407497:d=2021122100:GFLUX:surface:0-3 hour ave fcst:
19: 21:445344:d=2021122100:UFLX:surface:0-3 hour ave fcst:
19: 22:492476:d=2021122100:VFLX:surface:0-3 hour ave fcst:
19: 23:539242:d=2021122100:SFCR:surface:3 hour fcst:
19: 24:589718:d=2021122100:FRICV:surface:3 hour fcst:
19: 25:654707:d=2021122100:U-GWD:surface:0-3 hour ave fcst:
19: 26:682507:d=2021122100:V-GWD:surface:0-3 hour ave fcst:
19: 27:709064:d=2021122100:VEG:surface:3 hour fcst:
19: 28:727649:d=2021122100:SOTYP:surface:3 hour fcst:
19: 29:753176:d=2021122100:WILT:surface:3 hour fcst:
19: 30:778994:d=2021122100:FLDCP:surface:3 hour fcst:
19: 31:805644:d=2021122100:SUNSD:surface:3 hour fcst:
19: + product_functions.sh[10]rc=0
19: + product_functions.sh[11]((  rc == 0  ))
19: + product_functions.sh[11]mv pgb2file_f003_20_1p00.new pgb2file_f003_20_1p00
19: + product_functions.sh[12]return 0
19: + interp_atmos_master.sh[56]export err=0
19: + interp_atmos_master.sh[56]err=0
19: + interp_atmos_master.sh[57][[ 0 -ne 0 ]]
19: ++ interp_atmos_master.sh[62]wc -l
19: ++ interp_atmos_master.sh[62]wgrib2 pgb2file_f003_20_1p00 -match 'LAND|ICEC'
19: + interp_atmos_master.sh[62]var_count=0
19: + interp_atmos_master.sh[63][[ 0 -eq 2 ]]
19: + interp_atmos_master.sh[73]exit 0
10: + bash[8]'[' -z '' ']'
10: + bash[9]case "$-" in
10: + bash[12]__lmod_vx=x
10: + bash[16]'[' -n x ']'
10: + bash[16]set +x
10: Shell debugging temporarily silenced: export LMOD_SH_DBG_ON=1 for this output (/apps/other/lmod/lmod/init/bash)
10: Shell debugging restarted
10: + bash[224]unset __lmod_vx
10: + interp_atmos_master.sh[7]input_file=tmpfile_f003_11
10: + interp_atmos_master.sh[8]output_file_prefix=pgb2file_f003_11
10: + interp_atmos_master.sh[9]grid_string=0p25:0p50:1p00
10: + interp_atmos_master.sh[12]defaults='-set_grib_type same -set_bitmap 1 -set_grib_max_bits 16'
10: + interp_atmos_master.sh[13]interp_winds='-new_grid_winds earth'
10: + interp_atmos_master.sh[14]interp_bilinear='-new_grid_interpolation bilinear'
10: + interp_atmos_master.sh[15]interp_neighbor='-if :(CSNOW|CRAIN|CFRZR|CICEP|ICSEV): -new_grid_interpolation neighbor -fi'
10: + interp_atmos_master.sh[16]interp_budget='-if :(APCP|ACPCP|PRATE|CPRAT|DZDT): -new_grid_interpolation budget -fi'
10: + interp_atmos_master.sh[17]increased_bits='-if :(APCP|ACPCP|PRATE|CPRAT): -set_grib_max_bits 25 -fi'
10: + interp_atmos_master.sh[21]grid0p25='latlon 0:1440:0.25 90:721:-0.25'
10: + interp_atmos_master.sh[23]grid0p50='latlon 0:720:0.5 90:361:-0.5'
10: + interp_atmos_master.sh[25]grid1p00='latlon 0:360:1.0 90:181:-1.0'
10: + interp_atmos_master.sh[28]source /work2/noaa/global/mterry/global-workflow_forked/ush/product_functions.sh
10: + interp_atmos_master.sh[31]IFS=:
10: + interp_atmos_master.sh[31]read -ra grids
10: + interp_atmos_master.sh[33]output_grids=
10: + interp_atmos_master.sh[34]for grid in "${grids[@]}"
10: + interp_atmos_master.sh[35]gridopt=grid0p25
10: + interp_atmos_master.sh[36]output_grids=' -new_grid latlon 0:1440:0.25 90:721:-0.25 pgb2file_f003_11_0p25'
10: + interp_atmos_master.sh[34]for grid in "${grids[@]}"
10: + interp_atmos_master.sh[35]gridopt=grid0p50
10: + interp_atmos_master.sh[36]output_grids=' -new_grid latlon 0:1440:0.25 90:721:-0.25 pgb2file_f003_11_0p25 -new_grid latlon 0:720:0.5 90:361:-0.5 pgb2file_f003_11_0p50'
10: + interp_atmos_master.sh[34]for grid in "${grids[@]}"
10: + interp_atmos_master.sh[35]gridopt=grid1p00
10: + interp_atmos_master.sh[36]output_grids=' -new_grid latlon 0:1440:0.25 90:721:-0.25 pgb2file_f003_11_0p25 -new_grid latlon 0:720:0.5 90:361:-0.5 pgb2file_f003_11_0p50 -new_grid latlon 0:360:1.0 90:181:-1.0 pgb2file_f003_11_1p00'
10: + interp_atmos_master.sh[40]wgrib2 tmpfile_f003_11 -set_grib_type same -set_bitmap 1 -set_grib_max_bits 16 -new_grid_winds earth -new_grid_interpolation bilinear -if ':(CSNOW|CRAIN|CFRZR|CICEP|ICSEV):' -new_grid_interpolation neighbor -fi -if ':(APCP|ACPCP|PRATE|CPRAT|DZDT):' -new_grid_interpolation budget -fi -if ':(APCP|ACPCP|PRATE|CPRAT):' -set_grib_max_bits 25 -fi -new_grid latlon 0:1440:0.25 90:721:-0.25 pgb2file_f003_11_0p25 -new_grid latlon 0:720:0.5 90:361:-0.5 pgb2file_f003_11_0p50 -new_grid latlon 0:360:1.0 90:181:-1.0 pgb2file_f003_11_1p00
10: 1:0:d=2021122100:ICMR:350 mb:3 hour fcst:
10: 2:44755:d=2021122100:RWMR:350 mb:3 hour fcst:
10: 3:44934:d=2021122100:SNMR:350 mb:3 hour fcst:
10: 4:80134:d=2021122100:GRLE:350 mb:3 hour fcst:
10: 5:83321:d=2021122100:O3MR:350 mb:3 hour fcst:
10: 6:176239:d=2021122100:HGT:400 mb:3 hour fcst:
10: 7:248811:d=2021122100:TMP:400 mb:3 hour fcst:
10: 8:313021:d=2021122100:RH:400 mb:3 hour fcst:
10: 9:382703:d=2021122100:TCDC:400 mb:3 hour fcst:
10: 10:414849:d=2021122100:SPFH:400 mb:3 hour fcst:
10: 11:519823:d=2021122100:VVEL:400 mb:3 hour fcst:
10: 12:618386:d=2021122100:DZDT:400 mb:3 hour fcst:
10: 13:729838:d=2021122100:UGRD:400 mb:3 hour fcst:
10: 14:778479:d=2021122100:VGRD:400 mb:3 hour fcst:
10: 15:829545:d=2021122100:ABSV:400 mb:3 hour fcst:
10: 16:916318:d=2021122100:CLMR:400 mb:3 hour fcst:
10: 17:917620:d=2021122100:ICMR:400 mb:3 hour fcst:
10: 18:961198:d=2021122100:RWMR:400 mb:3 hour fcst:
10: 19:961667:d=2021122100:SNMR:400 mb:3 hour fcst:
10: 20:996583:d=2021122100:GRLE:400 mb:3 hour fcst:
10: 21:999968:d=2021122100:O3MR:400 mb:3 hour fcst:
10: 22:1090832:d=2021122100:HGT:450 mb:3 hour fcst:
10: 23:1172249:d=2021122100:TMP:450 mb:3 hour fcst:
10: 24:1236888:d=2021122100:RH:450 mb:3 hour fcst:
10: 25:1307094:d=2021122100:TCDC:450 mb:3 hour fcst:
10: 26:1338106:d=2021122100:SPFH:450 mb:3 hour fcst:
10: 27:1439962:d=2021122100:VVEL:450 mb:3 hour fcst:
10: 28:1539668:d=2021122100:DZDT:450 mb:3 hour fcst:
10: 29:1650412:d=2021122100:UGRD:450 mb:3 hour fcst:
10: 30:1697858:d=2021122100:VGRD:450 mb:3 hour fcst:
10: 31:1747769:d=2021122100:ABSV:450 mb:3 hour fcst:
10: + interp_atmos_master.sh[47]export err=0
10: + interp_atmos_master.sh[47]err=0
10: + interp_atmos_master.sh[48][[ 0 -ne 0 ]]
10: + interp_atmos_master.sh[54]for grid in "${grids[@]}"
10: + interp_atmos_master.sh[55]trim_rh pgb2file_f003_11_0p25
10: + product_functions.sh[5]local filename=pgb2file_f003_11_0p25
10: + product_functions.sh[6]wgrib2 pgb2file_f003_11_0p25 -not_if :RH: -grib pgb2file_f003_11_0p25.new -if :RH: -rpn '10:*:0.5:+:floor:1000:min:10:/' -set_grib_type same -set_scaling -1 0 -grib_out pgb2file_f003_11_0p25.new
10: 1:0:d=2021122100:ICMR:350 mb:3 hour fcst:
10: 2:352325:d=2021122100:RWMR:350 mb:3 hour fcst:
10: 3:352504:d=2021122100:SNMR:350 mb:3 hour fcst:
10: 4:612759:d=2021122100:GRLE:350 mb:3 hour fcst:
10: 5:636788:d=2021122100:O3MR:350 mb:3 hour fcst:
10: 6:1446046:d=2021122100:HGT:400 mb:3 hour fcst:
10: 7:2013397:d=2021122100:TMP:400 mb:3 hour fcst:
10: 8:2494710:d=2021122100:RH:400 mb:3 hour fcst:
10: 9:3031080:d=2021122100:TCDC:400 mb:3 hour fcst:
10: 10:3264324:d=2021122100:SPFH:400 mb:3 hour fcst:
10: 11:4221439:d=2021122100:VVEL:400 mb:3 hour fcst:
10: 12:5128945:d=2021122100:DZDT:400 mb:3 hour fcst:
10: 13:6164110:d=2021122100:UGRD:400 mb:3 hour fcst:
10: 14:6509512:d=2021122100:VGRD:400 mb:3 hour fcst:
10: 15:6872542:d=2021122100:ABSV:400 mb:3 hour fcst:
10: 16:7613580:d=2021122100:CLMR:400 mb:3 hour fcst:
10: 17:7623191:d=2021122100:ICMR:400 mb:3 hour fcst:
10: 18:7966240:d=2021122100:RWMR:400 mb:3 hour fcst:
10: 19:7968369:d=2021122100:SNMR:400 mb:3 hour fcst:
10: 20:8226928:d=2021122100:GRLE:400 mb:3 hour fcst:
10: 21:8244665:d=2021122100:O3MR:400 mb:3 hour fcst:
10: 22:9025109:d=2021122100:HGT:450 mb:3 hour fcst:
10: 23:9693316:d=2021122100:TMP:450 mb:3 hour fcst:
10: 24:10179535:d=2021122100:RH:450 mb:3 hour fcst:
10: 25:10720749:d=2021122100:TCDC:450 mb:3 hour fcst:
10: 26:10947079:d=2021122100:SPFH:450 mb:3 hour fcst:
10: 27:11858549:d=2021122100:VVEL:450 mb:3 hour fcst:
10: 28:12772497:d=2021122100:DZDT:450 mb:3 hour fcst:
10: 29:13793124:d=2021122100:UGRD:450 mb:3 hour fcst:
10: 30:14131067:d=2021122100:VGRD:450 mb:3 hour fcst:
10: 31:14482166:d=2021122100:ABSV:450 mb:3 hour fcst:
10: + product_functions.sh[10]rc=0
10: + product_functions.sh[11]((  rc == 0  ))
10: + product_functions.sh[11]mv pgb2file_f003_11_0p25.new pgb2file_f003_11_0p25
10: + product_functions.sh[12]return 0
10: + interp_atmos_master.sh[56]export err=0
10: + interp_atmos_master.sh[56]err=0
10: + interp_atmos_master.sh[57][[ 0 -ne 0 ]]
10: ++ interp_atmos_master.sh[62]wc -l
10: ++ interp_atmos_master.sh[62]wgrib2 pgb2file_f003_11_0p25 -match 'LAND|ICEC'
10: + interp_atmos_master.sh[62]var_count=0
10: + interp_atmos_master.sh[63][[ 0 -eq 2 ]]
10: + interp_atmos_master.sh[54]for grid in "${grids[@]}"
10: + interp_atmos_master.sh[55]trim_rh pgb2file_f003_11_0p50
10: + product_functions.sh[5]local filename=pgb2file_f003_11_0p50
10: + product_functions.sh[6]wgrib2 pgb2file_f003_11_0p50 -not_if :RH: -grib pgb2file_f003_11_0p50.new -if :RH: -rpn '10:*:0.5:+:floor:1000:min:10:/' -set_grib_type same -set_scaling -1 0 -grib_out pgb2file_f003_11_0p50.new
10: 1:0:d=2021122100:ICMR:350 mb:3 hour fcst:
10: 2:117321:d=2021122100:RWMR:350 mb:3 hour fcst:
10: 3:117500:d=2021122100:SNMR:350 mb:3 hour fcst:
10: 4:206135:d=2021122100:GRLE:350 mb:3 hour fcst:
10: 5:214974:d=2021122100:O3MR:350 mb:3 hour fcst:
10: 6:468088:d=2021122100:HGT:400 mb:3 hour fcst:
10: 7:654267:d=2021122100:TMP:400 mb:3 hour fcst:
10: 8:815062:d=2021122100:RH:400 mb:3 hour fcst:
10: 9:991625:d=2021122100:TCDC:400 mb:3 hour fcst:
10: 10:1075203:d=2021122100:SPFH:400 mb:3 hour fcst:
10: 11:1364970:d=2021122100:VVEL:400 mb:3 hour fcst:
10: 12:1639131:d=2021122100:DZDT:400 mb:3 hour fcst:
10: 13:1945931:d=2021122100:UGRD:400 mb:3 hour fcst:
10: 14:2061786:d=2021122100:VGRD:400 mb:3 hour fcst:
10: 15:2183898:d=2021122100:ABSV:400 mb:3 hour fcst:
10: 16:2417542:d=2021122100:CLMR:400 mb:3 hour fcst:
10: 17:2421190:d=2021122100:ICMR:400 mb:3 hour fcst:
10: 18:2535715:d=2021122100:RWMR:400 mb:3 hour fcst:
10: 19:2536673:d=2021122100:SNMR:400 mb:3 hour fcst:
10: 20:2625174:d=2021122100:GRLE:400 mb:3 hour fcst:
10: 21:2632521:d=2021122100:O3MR:400 mb:3 hour fcst:
10: 22:2877003:d=2021122100:HGT:450 mb:3 hour fcst:
10: 23:3091192:d=2021122100:TMP:450 mb:3 hour fcst:
10: 24:3253370:d=2021122100:RH:450 mb:3 hour fcst:
10: 25:3432743:d=2021122100:TCDC:450 mb:3 hour fcst:
10: 26:3513616:d=2021122100:SPFH:450 mb:3 hour fcst:
10: 27:3792772:d=2021122100:VVEL:450 mb:3 hour fcst:
10: 28:4068594:d=2021122100:DZDT:450 mb:3 hour fcst:
10: 29:4372789:d=2021122100:UGRD:450 mb:3 hour fcst:
10: 30:4485216:d=2021122100:VGRD:450 mb:3 hour fcst:
10: 31:4603215:d=2021122100:ABSV:450 mb:3 hour fcst:
10: + product_functions.sh[10]rc=0
10: + product_functions.sh[11]((  rc == 0  ))
10: + product_functions.sh[11]mv pgb2file_f003_11_0p50.new pgb2file_f003_11_0p50
10: + product_functions.sh[12]return 0
10: + interp_atmos_master.sh[56]export err=0
10: + interp_atmos_master.sh[56]err=0
10: + interp_atmos_master.sh[57][[ 0 -ne 0 ]]
10: ++ interp_atmos_master.sh[62]wc -l
10: ++ interp_atmos_master.sh[62]wgrib2 pgb2file_f003_11_0p50 -match 'LAND|ICEC'
10: + interp_atmos_master.sh[62]var_count=0
10: + interp_atmos_master.sh[63][[ 0 -eq 2 ]]
10: + interp_atmos_master.sh[54]for grid in "${grids[@]}"
10: + interp_atmos_master.sh[55]trim_rh pgb2file_f003_11_1p00
10: + product_functions.sh[5]local filename=pgb2file_f003_11_1p00
10: + product_functions.sh[6]wgrib2 pgb2file_f003_11_1p00 -not_if :RH: -grib pgb2file_f003_11_1p00.new -if :RH: -rpn '10:*:0.5:+:floor:1000:min:10:/' -set_grib_type same -set_scaling -1 0 -grib_out pgb2file_f003_11_1p00.new
10: 1:0:d=2021122100:ICMR:350 mb:3 hour fcst:
10: 2:40049:d=2021122100:RWMR:350 mb:3 hour fcst:
10: 3:40228:d=2021122100:SNMR:350 mb:3 hour fcst:
10: 4:71463:d=2021122100:GRLE:350 mb:3 hour fcst:
10: 5:74844:d=2021122100:O3MR:350 mb:3 hour fcst:
10: 6:152762:d=2021122100:HGT:400 mb:3 hour fcst:
10: 7:212661:d=2021122100:TMP:400 mb:3 hour fcst:
10: 8:265130:d=2021122100:RH:400 mb:3 hour fcst:
10: 9:322898:d=2021122100:TCDC:400 mb:3 hour fcst:
10: 10:352768:d=2021122100:SPFH:400 mb:3 hour fcst:
10: 11:439705:d=2021122100:VVEL:400 mb:3 hour fcst:
10: 12:522235:d=2021122100:DZDT:400 mb:3 hour fcst:
10: 13:612857:d=2021122100:UGRD:400 mb:3 hour fcst:
10: 14:653269:d=2021122100:VGRD:400 mb:3 hour fcst:
10: 15:695949:d=2021122100:ABSV:400 mb:3 hour fcst:
10: 16:768509:d=2021122100:CLMR:400 mb:3 hour fcst:
10: 17:770024:d=2021122100:ICMR:400 mb:3 hour fcst:
10: 18:809126:d=2021122100:RWMR:400 mb:3 hour fcst:
10: 19:809605:d=2021122100:SNMR:400 mb:3 hour fcst:
10: 20:841072:d=2021122100:GRLE:400 mb:3 hour fcst:
10: 21:844222:d=2021122100:O3MR:400 mb:3 hour fcst:
10: 22:919893:d=2021122100:HGT:450 mb:3 hour fcst:
10: 23:987154:d=2021122100:TMP:450 mb:3 hour fcst:
10: 24:1039846:d=2021122100:RH:450 mb:3 hour fcst:
10: 25:1098099:d=2021122100:TCDC:450 mb:3 hour fcst:
10: 26:1127046:d=2021122100:SPFH:450 mb:3 hour fcst:
10: 27:1211057:d=2021122100:VVEL:450 mb:3 hour fcst:
10: 28:1293855:d=2021122100:DZDT:450 mb:3 hour fcst:
10: 29:1383575:d=2021122100:UGRD:450 mb:3 hour fcst:
10: 30:1422751:d=2021122100:VGRD:450 mb:3 hour fcst:
10: 31:1464144:d=2021122100:ABSV:450 mb:3 hour fcst:
10: + product_functions.sh[10]rc=0
10: + product_functions.sh[11]((  rc == 0  ))
10: + product_functions.sh[11]mv pgb2file_f003_11_1p00.new pgb2file_f003_11_1p00
10: + product_functions.sh[12]return 0
10: + interp_atmos_master.sh[56]export err=0
10: + interp_atmos_master.sh[56]err=0
10: + interp_atmos_master.sh[57][[ 0 -ne 0 ]]
10: ++ interp_atmos_master.sh[62]wc -l
10: ++ interp_atmos_master.sh[62]wgrib2 pgb2file_f003_11_1p00 -match 'LAND|ICEC'
10: + interp_atmos_master.sh[62]var_count=0
10: + interp_atmos_master.sh[63][[ 0 -eq 2 ]]
10: + interp_atmos_master.sh[73]exit 0
17: + bash[8]'[' -z '' ']'
17: + bash[9]case "$-" in
17: + bash[12]__lmod_vx=x
17: + bash[16]'[' -n x ']'
17: + bash[16]set +x
17: Shell debugging temporarily silenced: export LMOD_SH_DBG_ON=1 for this output (/apps/other/lmod/lmod/init/bash)
17: Shell debugging restarted
17: + bash[224]unset __lmod_vx
17: + interp_atmos_master.sh[7]input_file=tmpfile_f003_18
17: + interp_atmos_master.sh[8]output_file_prefix=pgb2file_f003_18
17: + interp_atmos_master.sh[9]grid_string=0p25:0p50:1p00
17: + interp_atmos_master.sh[12]defaults='-set_grib_type same -set_bitmap 1 -set_grib_max_bits 16'
17: + interp_atmos_master.sh[13]interp_winds='-new_grid_winds earth'
17: + interp_atmos_master.sh[14]interp_bilinear='-new_grid_interpolation bilinear'
17: + interp_atmos_master.sh[15]interp_neighbor='-if :(CSNOW|CRAIN|CFRZR|CICEP|ICSEV): -new_grid_interpolation neighbor -fi'
17: + interp_atmos_master.sh[16]interp_budget='-if :(APCP|ACPCP|PRATE|CPRAT|DZDT): -new_grid_interpolation budget -fi'
17: + interp_atmos_master.sh[17]increased_bits='-if :(APCP|ACPCP|PRATE|CPRAT): -set_grib_max_bits 25 -fi'
17: + interp_atmos_master.sh[21]grid0p25='latlon 0:1440:0.25 90:721:-0.25'
17: + interp_atmos_master.sh[23]grid0p50='latlon 0:720:0.5 90:361:-0.5'
17: + interp_atmos_master.sh[25]grid1p00='latlon 0:360:1.0 90:181:-1.0'
17: + interp_atmos_master.sh[28]source /work2/noaa/global/mterry/global-workflow_forked/ush/product_functions.sh
17: + interp_atmos_master.sh[31]IFS=:
17: + interp_atmos_master.sh[31]read -ra grids
17: + interp_atmos_master.sh[33]output_grids=
17: + interp_atmos_master.sh[34]for grid in "${grids[@]}"
17: + interp_atmos_master.sh[35]gridopt=grid0p25
17: + interp_atmos_master.sh[36]output_grids=' -new_grid latlon 0:1440:0.25 90:721:-0.25 pgb2file_f003_18_0p25'
17: + interp_atmos_master.sh[34]for grid in "${grids[@]}"
17: + interp_atmos_master.sh[35]gridopt=grid0p50
17: + interp_atmos_master.sh[36]output_grids=' -new_grid latlon 0:1440:0.25 90:721:-0.25 pgb2file_f003_18_0p25 -new_grid latlon 0:720:0.5 90:361:-0.5 pgb2file_f003_18_0p50'
17: + interp_atmos_master.sh[34]for grid in "${grids[@]}"
17: + interp_atmos_master.sh[35]gridopt=grid1p00
17: + interp_atmos_master.sh[36]output_grids=' -new_grid latlon 0:1440:0.25 90:721:-0.25 pgb2file_f003_18_0p25 -new_grid latlon 0:720:0.5 90:361:-0.5 pgb2file_f003_18_0p50 -new_grid latlon 0:360:1.0 90:181:-1.0 pgb2file_f003_18_1p00'
17: + interp_atmos_master.sh[40]wgrib2 tmpfile_f003_18 -set_grib_type same -set_bitmap 1 -set_grib_max_bits 16 -new_grid_winds earth -new_grid_interpolation bilinear -if ':(CSNOW|CRAIN|CFRZR|CICEP|ICSEV):' -new_grid_interpolation neighbor -fi -if ':(APCP|ACPCP|PRATE|CPRAT|DZDT):' -new_grid_interpolation budget -fi -if ':(APCP|ACPCP|PRATE|CPRAT):' -set_grib_max_bits 25 -fi -new_grid latlon 0:1440:0.25 90:721:-0.25 pgb2file_f003_18_0p25 -new_grid latlon 0:720:0.5 90:361:-0.5 pgb2file_f003_18_0p50 -new_grid latlon 0:360:1.0 90:181:-1.0 pgb2file_f003_18_1p00
17: 1:0:d=2021122100:UGRD:975 mb:3 hour fcst:
17: 2:77230:d=2021122100:VGRD:975 mb:3 hour fcst:
17: 3:155621:d=2021122100:ABSV:975 mb:3 hour fcst:
17: 4:239422:d=2021122100:CLMR:975 mb:3 hour fcst:
17: 5:255874:d=2021122100:ICMR:975 mb:3 hour fcst:
17: 6:273483:d=2021122100:RWMR:975 mb:3 hour fcst:
17: 7:309026:d=2021122100:SNMR:975 mb:3 hour fcst:
17: 8:331469:d=2021122100:GRLE:975 mb:3 hour fcst:
17: 9:337196:d=2021122100:O3MR:975 mb:3 hour fcst:
17: 10:434727:d=2021122100:TMP:1000 mb:3 hour fcst:
17: 11:508512:d=2021122100:RH:1000 mb:3 hour fcst:
17: 12:575398:d=2021122100:TCDC:1000 mb:3 hour fcst:
17: 13:592762:d=2021122100:SPFH:1000 mb:3 hour fcst:
17: 14:691397:d=2021122100:VVEL:1000 mb:3 hour fcst:
17: 15:774547:d=2021122100:DZDT:1000 mb:3 hour fcst:
17: 16:857770:d=2021122100:UGRD:1000 mb:3 hour fcst:
17: 17:933830:d=2021122100:VGRD:1000 mb:3 hour fcst:
17: 18:1010886:d=2021122100:ABSV:1000 mb:3 hour fcst:
17: 19:1093120:d=2021122100:CLMR:1000 mb:3 hour fcst:
17: 20:1103485:d=2021122100:ICMR:1000 mb:3 hour fcst:
17: 21:1113421:d=2021122100:RWMR:1000 mb:3 hour fcst:
17: 22:1142242:d=2021122100:SNMR:1000 mb:3 hour fcst:
17: 23:1154336:d=2021122100:GRLE:1000 mb:3 hour fcst:
17: 24:1157145:d=2021122100:O3MR:1000 mb:3 hour fcst:
17: 25:1254355:d=2021122100:MSLET:mean sea level:3 hour fcst:
17: 26:1347847:d=2021122100:HGT:1000 mb:3 hour fcst:
17: 27:1438151:d=2021122100:SDEN:surface:3 hour fcst:
17: 28:1479578:d=2021122100:REFD:4000 m above ground:3 hour fcst:
17: 29:1488973:d=2021122100:REFD:1000 m above ground:3 hour fcst:
17: 30:1498368:d=2021122100:PRES:surface:3 hour fcst:
17: 31:1586265:d=2021122100:HGT:surface:3 hour fcst:
17: + interp_atmos_master.sh[47]export err=0
17: + interp_atmos_master.sh[47]err=0
17: + interp_atmos_master.sh[48][[ 0 -ne 0 ]]
17: + interp_atmos_master.sh[54]for grid in "${grids[@]}"
17: + interp_atmos_master.sh[55]trim_rh pgb2file_f003_18_0p25
17: + product_functions.sh[5]local filename=pgb2file_f003_18_0p25
17: + product_functions.sh[6]wgrib2 pgb2file_f003_18_0p25 -not_if :RH: -grib pgb2file_f003_18_0p25.new -if :RH: -rpn '10:*:0.5:+:floor:1000:min:10:/' -set_grib_type same -set_scaling -1 0 -grib_out pgb2file_f003_18_0p25.new
17: 1:0:d=2021122100:UGRD:975 mb:3 hour fcst:
17: 2:633935:d=2021122100:VGRD:975 mb:3 hour fcst:
17: 3:1272219:d=2021122100:ABSV:975 mb:3 hour fcst:
17: 4:1967027:d=2021122100:CLMR:975 mb:3 hour fcst:
17: 5:2112112:d=2021122100:ICMR:975 mb:3 hour fcst:
17: 6:2253723:d=2021122100:RWMR:975 mb:3 hour fcst:
17: 7:2510706:d=2021122100:SNMR:975 mb:3 hour fcst:
17: 8:2686736:d=2021122100:GRLE:975 mb:3 hour fcst:
17: 9:2726186:d=2021122100:O3MR:975 mb:3 hour fcst:
17: 10:3604811:d=2021122100:TMP:1000 mb:3 hour fcst:
17: 11:4177685:d=2021122100:RH:1000 mb:3 hour fcst:
17: 12:4687755:d=2021122100:TCDC:1000 mb:3 hour fcst:
17: 13:4808574:d=2021122100:SPFH:1000 mb:3 hour fcst:
17: 14:5700983:d=2021122100:VVEL:1000 mb:3 hour fcst:
17: 15:6398734:d=2021122100:DZDT:1000 mb:3 hour fcst:
17: 16:7082182:d=2021122100:UGRD:1000 mb:3 hour fcst:
17: 17:7697760:d=2021122100:VGRD:1000 mb:3 hour fcst:
17: 18:8320683:d=2021122100:ABSV:1000 mb:3 hour fcst:
17: 19:8996841:d=2021122100:CLMR:1000 mb:3 hour fcst:
17: 20:9084978:d=2021122100:ICMR:1000 mb:3 hour fcst:
17: 21:9163017:d=2021122100:RWMR:1000 mb:3 hour fcst:
17: 22:9368416:d=2021122100:SNMR:1000 mb:3 hour fcst:
17: 23:9462152:d=2021122100:GRLE:1000 mb:3 hour fcst:
17: 24:9480574:d=2021122100:O3MR:1000 mb:3 hour fcst:
17: 25:10355036:d=2021122100:MSLET:mean sea level:3 hour fcst:
17: 26:11162484:d=2021122100:HGT:1000 mb:3 hour fcst:
17: 27:11932323:d=2021122100:SDEN:surface:3 hour fcst:
17: 28:12315705:d=2021122100:REFD:4000 m above ground:3 hour fcst:
17: 29:12445664:d=2021122100:REFD:1000 m above ground:3 hour fcst:
17: 30:12575623:d=2021122100:PRES:surface:3 hour fcst:
17: 31:13296846:d=2021122100:HGT:surface:3 hour fcst:
17: + product_functions.sh[10]rc=0
17: + product_functions.sh[11]((  rc == 0  ))
17: + product_functions.sh[11]mv pgb2file_f003_18_0p25.new pgb2file_f003_18_0p25
17: + product_functions.sh[12]return 0
17: + interp_atmos_master.sh[56]export err=0
17: + interp_atmos_master.sh[56]err=0
17: + interp_atmos_master.sh[57][[ 0 -ne 0 ]]
17: ++ interp_atmos_master.sh[62]wc -l
17: ++ interp_atmos_master.sh[62]wgrib2 pgb2file_f003_18_0p25 -match 'LAND|ICEC'
17: + interp_atmos_master.sh[62]var_count=0
17: + interp_atmos_master.sh[63][[ 0 -eq 2 ]]
17: + interp_atmos_master.sh[54]for grid in "${grids[@]}"
17: + interp_atmos_master.sh[55]trim_rh pgb2file_f003_18_0p50
17: + product_functions.sh[5]local filename=pgb2file_f003_18_0p50
17: + product_functions.sh[6]wgrib2 pgb2file_f003_18_0p50 -not_if :RH: -grib pgb2file_f003_18_0p50.new -if :RH: -rpn '10:*:0.5:+:floor:1000:min:10:/' -set_grib_type same -set_scaling -1 0 -grib_out pgb2file_f003_18_0p50.new
17: 1:0:d=2021122100:UGRD:975 mb:3 hour fcst:
17: 2:204008:d=2021122100:VGRD:975 mb:3 hour fcst:
17: 3:410827:d=2021122100:ABSV:975 mb:3 hour fcst:
17: 4:633771:d=2021122100:CLMR:975 mb:3 hour fcst:
17: 5:682044:d=2021122100:ICMR:975 mb:3 hour fcst:
17: 6:729442:d=2021122100:RWMR:975 mb:3 hour fcst:
17: 7:819682:d=2021122100:SNMR:975 mb:3 hour fcst:
17: 8:879745:d=2021122100:GRLE:975 mb:3 hour fcst:
17: 9:894255:d=2021122100:O3MR:975 mb:3 hour fcst:
17: 10:1164256:d=2021122100:TMP:1000 mb:3 hour fcst:
17: 11:1353919:d=2021122100:RH:1000 mb:3 hour fcst:
17: 12:1525060:d=2021122100:TCDC:1000 mb:3 hour fcst:
17: 13:1570600:d=2021122100:SPFH:1000 mb:3 hour fcst:
17: 14:1843044:d=2021122100:VVEL:1000 mb:3 hour fcst:
17: 15:2064614:d=2021122100:DZDT:1000 mb:3 hour fcst:
17: 16:2280851:d=2021122100:UGRD:1000 mb:3 hour fcst:
17: 17:2480920:d=2021122100:VGRD:1000 mb:3 hour fcst:
17: 18:2681927:d=2021122100:ABSV:1000 mb:3 hour fcst:
17: 19:2899597:d=2021122100:CLMR:1000 mb:3 hour fcst:
17: 20:2929737:d=2021122100:ICMR:1000 mb:3 hour fcst:
17: 21:2956497:d=2021122100:RWMR:1000 mb:3 hour fcst:
17: 22:3029565:d=2021122100:SNMR:1000 mb:3 hour fcst:
17: 23:3062028:d=2021122100:GRLE:1000 mb:3 hour fcst:
17: 24:3069100:d=2021122100:O3MR:1000 mb:3 hour fcst:
17: 25:3338047:d=2021122100:MSLET:mean sea level:3 hour fcst:
17: 26:3588889:d=2021122100:HGT:1000 mb:3 hour fcst:
17: 27:3831532:d=2021122100:SDEN:surface:3 hour fcst:
17: 28:3945660:d=2021122100:REFD:4000 m above ground:3 hour fcst:
17: 29:3978329:d=2021122100:REFD:1000 m above ground:3 hour fcst:
17: 30:4010998:d=2021122100:PRES:surface:3 hour fcst:
17: 31:4240993:d=2021122100:HGT:surface:3 hour fcst:
17: + product_functions.sh[10]rc=0
17: + product_functions.sh[11]((  rc == 0  ))
17: + product_functions.sh[11]mv pgb2file_f003_18_0p50.new pgb2file_f003_18_0p50
17: + product_functions.sh[12]return 0
17: + interp_atmos_master.sh[56]export err=0
17: + interp_atmos_master.sh[56]err=0
17: + interp_atmos_master.sh[57][[ 0 -ne 0 ]]
17: ++ interp_atmos_master.sh[62]wgrib2 pgb2file_f003_18_0p50 -match 'LAND|ICEC'
17: ++ interp_atmos_master.sh[62]wc -l
17: + interp_atmos_master.sh[62]var_count=0
17: + interp_atmos_master.sh[63][[ 0 -eq 2 ]]
17: + interp_atmos_master.sh[54]for grid in "${grids[@]}"
17: + interp_atmos_master.sh[55]trim_rh pgb2file_f003_18_1p00
17: + product_functions.sh[5]local filename=pgb2file_f003_18_1p00
17: + product_functions.sh[6]wgrib2 pgb2file_f003_18_1p00 -not_if :RH: -grib pgb2file_f003_18_1p00.new -if :RH: -rpn '10:*:0.5:+:floor:1000:min:10:/' -set_grib_type same -set_scaling -1 0 -grib_out pgb2file_f003_18_1p00.new
17: 1:0:d=2021122100:UGRD:975 mb:3 hour fcst:
17: 2:64702:d=2021122100:VGRD:975 mb:3 hour fcst:
17: 3:130399:d=2021122100:ABSV:975 mb:3 hour fcst:
17: 4:200584:d=2021122100:CLMR:975 mb:3 hour fcst:
17: 5:217350:d=2021122100:ICMR:975 mb:3 hour fcst:
17: 6:233124:d=2021122100:RWMR:975 mb:3 hour fcst:
17: 7:265011:d=2021122100:SNMR:975 mb:3 hour fcst:
17: 8:285312:d=2021122100:GRLE:975 mb:3 hour fcst:
17: 9:291035:d=2021122100:O3MR:975 mb:3 hour fcst:
17: 10:372645:d=2021122100:TMP:1000 mb:3 hour fcst:
17: 11:433149:d=2021122100:RH:1000 mb:3 hour fcst:
17: 12:488229:d=2021122100:TCDC:1000 mb:3 hour fcst:
17: 13:505442:d=2021122100:SPFH:1000 mb:3 hour fcst:
17: 14:587010:d=2021122100:VVEL:1000 mb:3 hour fcst:
17: 15:656078:d=2021122100:DZDT:1000 mb:3 hour fcst:
17: 16:723531:d=2021122100:UGRD:1000 mb:3 hour fcst:
17: 17:787100:d=2021122100:VGRD:1000 mb:3 hour fcst:
17: 18:851277:d=2021122100:ABSV:1000 mb:3 hour fcst:
17: 19:919735:d=2021122100:CLMR:1000 mb:3 hour fcst:
17: 20:930206:d=2021122100:ICMR:1000 mb:3 hour fcst:
17: 21:939325:d=2021122100:RWMR:1000 mb:3 hour fcst:
17: 22:965410:d=2021122100:SNMR:1000 mb:3 hour fcst:
17: 23:976741:d=2021122100:GRLE:1000 mb:3 hour fcst:
17: 24:979666:d=2021122100:O3MR:1000 mb:3 hour fcst:
17: 25:1060778:d=2021122100:MSLET:mean sea level:3 hour fcst:
17: 26:1137052:d=2021122100:HGT:1000 mb:3 hour fcst:
17: 27:1211197:d=2021122100:SDEN:surface:3 hour fcst:
17: 28:1245622:d=2021122100:REFD:4000 m above ground:3 hour fcst:
17: 29:1253946:d=2021122100:REFD:1000 m above ground:3 hour fcst:
17: 30:1262270:d=2021122100:PRES:surface:3 hour fcst:
17: 31:1334799:d=2021122100:HGT:surface:3 hour fcst:
17: + product_functions.sh[10]rc=0
17: + product_functions.sh[11]((  rc == 0  ))
17: + product_functions.sh[11]mv pgb2file_f003_18_1p00.new pgb2file_f003_18_1p00
17: + product_functions.sh[12]return 0
17: + interp_atmos_master.sh[56]export err=0
17: + interp_atmos_master.sh[56]err=0
17: + interp_atmos_master.sh[57][[ 0 -ne 0 ]]
17: ++ interp_atmos_master.sh[62]wc -l
17: ++ interp_atmos_master.sh[62]wgrib2 pgb2file_f003_18_1p00 -match 'LAND|ICEC'
17: + interp_atmos_master.sh[62]var_count=0
17: + interp_atmos_master.sh[63][[ 0 -eq 2 ]]
17: + interp_atmos_master.sh[73]exit 0
 6: + bash[8]'[' -z '' ']'
 6: + bash[9]case "$-" in
 6: + bash[12]__lmod_vx=x
 6: + bash[16]'[' -n x ']'
 6: + bash[16]set +x
 6: Shell debugging temporarily silenced: export LMOD_SH_DBG_ON=1 for this output (/apps/other/lmod/lmod/init/bash)
 6: Shell debugging restarted
 6: + bash[224]unset __lmod_vx
 6: + interp_atmos_master.sh[7]input_file=tmpfile_f003_7
 6: + interp_atmos_master.sh[8]output_file_prefix=pgb2file_f003_7
 6: + interp_atmos_master.sh[9]grid_string=0p25:0p50:1p00
 6: + interp_atmos_master.sh[12]defaults='-set_grib_type same -set_bitmap 1 -set_grib_max_bits 16'
 6: + interp_atmos_master.sh[13]interp_winds='-new_grid_winds earth'
 6: + interp_atmos_master.sh[14]interp_bilinear='-new_grid_interpolation bilinear'
 6: + interp_atmos_master.sh[15]interp_neighbor='-if :(CSNOW|CRAIN|CFRZR|CICEP|ICSEV): -new_grid_interpolation neighbor -fi'
 6: + interp_atmos_master.sh[16]interp_budget='-if :(APCP|ACPCP|PRATE|CPRAT|DZDT): -new_grid_interpolation budget -fi'
 6: + interp_atmos_master.sh[17]increased_bits='-if :(APCP|ACPCP|PRATE|CPRAT): -set_grib_max_bits 25 -fi'
 6: + interp_atmos_master.sh[21]grid0p25='latlon 0:1440:0.25 90:721:-0.25'
 6: + interp_atmos_master.sh[23]grid0p50='latlon 0:720:0.5 90:361:-0.5'
 6: + interp_atmos_master.sh[25]grid1p00='latlon 0:360:1.0 90:181:-1.0'
 6: + interp_atmos_master.sh[28]source /work2/noaa/global/mterry/global-workflow_forked/ush/product_functions.sh
 6: + interp_atmos_master.sh[31]IFS=:
 6: + interp_atmos_master.sh[31]read -ra grids
 6: + interp_atmos_master.sh[33]output_grids=
 6: + interp_atmos_master.sh[34]for grid in "${grids[@]}"
 6: + interp_atmos_master.sh[35]gridopt=grid0p25
 6: + interp_atmos_master.sh[36]output_grids=' -new_grid latlon 0:1440:0.25 90:721:-0.25 pgb2file_f003_7_0p25'
 6: + interp_atmos_master.sh[34]for grid in "${grids[@]}"
 6: + interp_atmos_master.sh[35]gridopt=grid0p50
 6: + interp_atmos_master.sh[36]output_grids=' -new_grid latlon 0:1440:0.25 90:721:-0.25 pgb2file_f003_7_0p25 -new_grid latlon 0:720:0.5 90:361:-0.5 pgb2file_f003_7_0p50'
 6: + interp_atmos_master.sh[34]for grid in "${grids[@]}"
 6: + interp_atmos_master.sh[35]gridopt=grid1p00
 6: + interp_atmos_master.sh[36]output_grids=' -new_grid latlon 0:1440:0.25 90:721:-0.25 pgb2file_f003_7_0p25 -new_grid latlon 0:720:0.5 90:361:-0.5 pgb2file_f003_7_0p50 -new_grid latlon 0:360:1.0 90:181:-1.0 pgb2file_f003_7_1p00'
 6: + interp_atmos_master.sh[40]wgrib2 tmpfile_f003_7 -set_grib_type same -set_bitmap 1 -set_grib_max_bits 16 -new_grid_winds earth -new_grid_interpolation bilinear -if ':(CSNOW|CRAIN|CFRZR|CICEP|ICSEV):' -new_grid_interpolation neighbor -fi -if ':(APCP|ACPCP|PRATE|CPRAT|DZDT):' -new_grid_interpolation budget -fi -if ':(APCP|ACPCP|PRATE|CPRAT):' -set_grib_max_bits 25 -fi -new_grid latlon 0:1440:0.25 90:721:-0.25 pgb2file_f003_7_0p25 -new_grid latlon 0:720:0.5 90:361:-0.5 pgb2file_f003_7_0p50 -new_grid latlon 0:360:1.0 90:181:-1.0 pgb2file_f003_7_1p00
 6: 1:0:d=2021122100:SPFH:40 mb:3 hour fcst:
 6: 2:71525:d=2021122100:VVEL:40 mb:3 hour fcst:
 6: 3:164241:d=2021122100:DZDT:40 mb:3 hour fcst:
 6: 4:267799:d=2021122100:UGRD:40 mb:3 hour fcst:
 6: 5:336192:d=2021122100:VGRD:40 mb:3 hour fcst:
 6: 6:402848:d=2021122100:ABSV:40 mb:3 hour fcst:
 6: 7:473765:d=2021122100:O3MR:40 mb:3 hour fcst:
 6: 8:576881:d=2021122100:HGT:50 mb:3 hour fcst:
 6: 9:643340:d=2021122100:TMP:50 mb:3 hour fcst:
 6: 10:703037:d=2021122100:RH:50 mb:3 hour fcst:
 6: 11:724476:d=2021122100:TCDC:50 mb:3 hour fcst:
 6: 12:724655:d=2021122100:SPFH:50 mb:3 hour fcst:
 6: 13:797800:d=2021122100:VVEL:50 mb:3 hour fcst:
 6: 14:892698:d=2021122100:DZDT:50 mb:3 hour fcst:
 6: 15:995086:d=2021122100:UGRD:50 mb:3 hour fcst:
 6: 16:1063326:d=2021122100:VGRD:50 mb:3 hour fcst:
 6: 17:1130051:d=2021122100:ABSV:50 mb:3 hour fcst:
 6: 18:1201566:d=2021122100:CLMR:50 mb:3 hour fcst:
 6: 19:1201745:d=2021122100:ICMR:50 mb:3 hour fcst:
 6: 20:1201924:d=2021122100:RWMR:50 mb:3 hour fcst:
 6: 21:1202103:d=2021122100:SNMR:50 mb:3 hour fcst:
 6: 22:1202282:d=2021122100:GRLE:50 mb:3 hour fcst:
 6: 23:1202461:d=2021122100:O3MR:50 mb:3 hour fcst:
 6: 24:1303556:d=2021122100:HGT:70 mb:3 hour fcst:
 6: 25:1370286:d=2021122100:TMP:70 mb:3 hour fcst:
 6: 26:1432136:d=2021122100:RH:70 mb:3 hour fcst:
 6: 27:1463102:d=2021122100:SPFH:70 mb:3 hour fcst:
 6: 28:1541209:d=2021122100:VVEL:70 mb:3 hour fcst:
 6: 29:1639437:d=2021122100:DZDT:70 mb:3 hour fcst:
 6: 30:1740845:d=2021122100:UGRD:70 mb:3 hour fcst:
 6: 31:1810572:d=2021122100:VGRD:70 mb:3 hour fcst:
 6: + interp_atmos_master.sh[47]export err=0
 6: + interp_atmos_master.sh[47]err=0
 6: + interp_atmos_master.sh[48][[ 0 -ne 0 ]]
 6: + interp_atmos_master.sh[54]for grid in "${grids[@]}"
 6: + interp_atmos_master.sh[55]trim_rh pgb2file_f003_7_0p25
 6: + product_functions.sh[5]local filename=pgb2file_f003_7_0p25
 6: + product_functions.sh[6]wgrib2 pgb2file_f003_7_0p25 -not_if :RH: -grib pgb2file_f003_7_0p25.new -if :RH: -rpn '10:*:0.5:+:floor:1000:min:10:/' -set_grib_type same -set_scaling -1 0 -grib_out pgb2file_f003_7_0p25.new
 6: 1:0:d=2021122100:SPFH:40 mb:3 hour fcst:
 6: 2:575328:d=2021122100:VVEL:40 mb:3 hour fcst:
 6: 3:1415524:d=2021122100:DZDT:40 mb:3 hour fcst:
 6: 4:2366010:d=2021122100:UGRD:40 mb:3 hour fcst:
 6: 5:2921368:d=2021122100:VGRD:40 mb:3 hour fcst:
 6: 6:3448185:d=2021122100:ABSV:40 mb:3 hour fcst:
 6: 7:4008637:d=2021122100:O3MR:40 mb:3 hour fcst:
 6: 8:4973079:d=2021122100:HGT:50 mb:3 hour fcst:
 6: 9:5483571:d=2021122100:TMP:50 mb:3 hour fcst:
 6: 10:5933750:d=2021122100:RH:50 mb:3 hour fcst:
 6: 11:6119489:d=2021122100:TCDC:50 mb:3 hour fcst:
 6: 12:6119668:d=2021122100:SPFH:50 mb:3 hour fcst:
 6: 13:6716467:d=2021122100:VVEL:50 mb:3 hour fcst:
 6: 14:7582575:d=2021122100:DZDT:50 mb:3 hour fcst:
 6: 15:8515153:d=2021122100:UGRD:50 mb:3 hour fcst:
 6: 16:9062728:d=2021122100:VGRD:50 mb:3 hour fcst:
 6: 17:9590109:d=2021122100:ABSV:50 mb:3 hour fcst:
 6: 18:10153108:d=2021122100:CLMR:50 mb:3 hour fcst:
 6: 19:10153287:d=2021122100:ICMR:50 mb:3 hour fcst:
 6: 20:10153466:d=2021122100:RWMR:50 mb:3 hour fcst:
 6: 21:10153645:d=2021122100:SNMR:50 mb:3 hour fcst:
 6: 22:10153824:d=2021122100:GRLE:50 mb:3 hour fcst:
 6: 23:10154003:d=2021122100:O3MR:50 mb:3 hour fcst:
 6: 24:11094440:d=2021122100:HGT:70 mb:3 hour fcst:
 6: 25:11608461:d=2021122100:TMP:70 mb:3 hour fcst:
 6: 26:12080335:d=2021122100:RH:70 mb:3 hour fcst:
 6: 27:12315401:d=2021122100:SPFH:70 mb:3 hour fcst:
 6: 28:12968634:d=2021122100:VVEL:70 mb:3 hour fcst:
 6: 29:13878981:d=2021122100:DZDT:70 mb:3 hour fcst:
 6: 30:14799971:d=2021122100:UGRD:70 mb:3 hour fcst:
 6: 31:15365512:d=2021122100:VGRD:70 mb:3 hour fcst:
 6: + product_functions.sh[10]rc=0
 6: + product_functions.sh[11]((  rc == 0  ))
 6: + product_functions.sh[11]mv pgb2file_f003_7_0p25.new pgb2file_f003_7_0p25
 6: + product_functions.sh[12]return 0
 6: + interp_atmos_master.sh[56]export err=0
 6: + interp_atmos_master.sh[56]err=0
 6: + interp_atmos_master.sh[57][[ 0 -ne 0 ]]
 6: ++ interp_atmos_master.sh[62]wc -l
 6: ++ interp_atmos_master.sh[62]wgrib2 pgb2file_f003_7_0p25 -match 'LAND|ICEC'
 6: + interp_atmos_master.sh[62]var_count=0
 6: + interp_atmos_master.sh[63][[ 0 -eq 2 ]]
 6: + interp_atmos_master.sh[54]for grid in "${grids[@]}"
 6: + interp_atmos_master.sh[55]trim_rh pgb2file_f003_7_0p50
 6: + product_functions.sh[5]local filename=pgb2file_f003_7_0p50
 6: + product_functions.sh[6]wgrib2 pgb2file_f003_7_0p50 -not_if :RH: -grib pgb2file_f003_7_0p50.new -if :RH: -rpn '10:*:0.5:+:floor:1000:min:10:/' -set_grib_type same -set_scaling -1 0 -grib_out pgb2file_f003_7_0p50.new
 6: 1:0:d=2021122100:SPFH:40 mb:3 hour fcst:
 6: 2:183791:d=2021122100:VVEL:40 mb:3 hour fcst:
 6: 3:440300:d=2021122100:DZDT:40 mb:3 hour fcst:
 6: 4:724694:d=2021122100:UGRD:40 mb:3 hour fcst:
 6: 5:902891:d=2021122100:VGRD:40 mb:3 hour fcst:
 6: 6:1074983:d=2021122100:ABSV:40 mb:3 hour fcst:
 6: 7:1256922:d=2021122100:O3MR:40 mb:3 hour fcst:
 6: 8:1547787:d=2021122100:HGT:50 mb:3 hour fcst:
 6: 9:1714450:d=2021122100:TMP:50 mb:3 hour fcst:
 6: 10:1864345:d=2021122100:RH:50 mb:3 hour fcst:
 6: 11:1919119:d=2021122100:TCDC:50 mb:3 hour fcst:
 6: 12:1919298:d=2021122100:SPFH:50 mb:3 hour fcst:
 6: 13:2109827:d=2021122100:VVEL:50 mb:3 hour fcst:
 6: 14:2371527:d=2021122100:DZDT:50 mb:3 hour fcst:
 6: 15:2651255:d=2021122100:UGRD:50 mb:3 hour fcst:
 6: 16:2829754:d=2021122100:VGRD:50 mb:3 hour fcst:
 6: 17:3002008:d=2021122100:ABSV:50 mb:3 hour fcst:
 6: 18:3185301:d=2021122100:CLMR:50 mb:3 hour fcst:
 6: 19:3185480:d=2021122100:ICMR:50 mb:3 hour fcst:
 6: 20:3185659:d=2021122100:RWMR:50 mb:3 hour fcst:
 6: 21:3185838:d=2021122100:SNMR:50 mb:3 hour fcst:
 6: 22:3186017:d=2021122100:GRLE:50 mb:3 hour fcst:
 6: 23:3186196:d=2021122100:O3MR:50 mb:3 hour fcst:
 6: 24:3470153:d=2021122100:HGT:70 mb:3 hour fcst:
 6: 25:3637933:d=2021122100:TMP:70 mb:3 hour fcst:
 6: 26:3793961:d=2021122100:RH:70 mb:3 hour fcst:
 6: 27:3868470:d=2021122100:SPFH:70 mb:3 hour fcst:
 6: 28:4074911:d=2021122100:VVEL:70 mb:3 hour fcst:
 6: 29:4349846:d=2021122100:DZDT:70 mb:3 hour fcst:
 6: 30:4626540:d=2021122100:UGRD:70 mb:3 hour fcst:
 6: 31:4809033:d=2021122100:VGRD:70 mb:3 hour fcst:
 6: + product_functions.sh[10]rc=0
 6: + product_functions.sh[11]((  rc == 0  ))
 6: + product_functions.sh[11]mv pgb2file_f003_7_0p50.new pgb2file_f003_7_0p50
 6: + product_functions.sh[12]return 0
 6: + interp_atmos_master.sh[56]export err=0
 6: + interp_atmos_master.sh[56]err=0
 6: + interp_atmos_master.sh[57][[ 0 -ne 0 ]]
 6: ++ interp_atmos_master.sh[62]wc -l
 6: ++ interp_atmos_master.sh[62]wgrib2 pgb2file_f003_7_0p50 -match 'LAND|ICEC'
 6: + interp_atmos_master.sh[62]var_count=0
 6: + interp_atmos_master.sh[63][[ 0 -eq 2 ]]
 6: + interp_atmos_master.sh[54]for grid in "${grids[@]}"
 6: + interp_atmos_master.sh[55]trim_rh pgb2file_f003_7_1p00
 6: + product_functions.sh[5]local filename=pgb2file_f003_7_1p00
 6: + product_functions.sh[6]wgrib2 pgb2file_f003_7_1p00 -not_if :RH: -grib pgb2file_f003_7_1p00.new -if :RH: -rpn '10:*:0.5:+:floor:1000:min:10:/' -set_grib_type same -set_scaling -1 0 -grib_out pgb2file_f003_7_1p00.new
 6: 1:0:d=2021122100:SPFH:40 mb:3 hour fcst:
 6: 2:59342:d=2021122100:VVEL:40 mb:3 hour fcst:
 6: 3:136281:d=2021122100:DZDT:40 mb:3 hour fcst:
 6: 4:220886:d=2021122100:UGRD:40 mb:3 hour fcst:
 6: 5:277714:d=2021122100:VGRD:40 mb:3 hour fcst:
 6: 6:333376:d=2021122100:ABSV:40 mb:3 hour fcst:
 6: 7:391001:d=2021122100:O3MR:40 mb:3 hour fcst:
 6: 8:476935:d=2021122100:HGT:50 mb:3 hour fcst:
 6: 9:530664:d=2021122100:TMP:50 mb:3 hour fcst:
 6: 10:579676:d=2021122100:RH:50 mb:3 hour fcst:
 6: 11:597538:d=2021122100:TCDC:50 mb:3 hour fcst:
 6: 12:597717:d=2021122100:SPFH:50 mb:3 hour fcst:
 6: 13:658928:d=2021122100:VVEL:50 mb:3 hour fcst:
 6: 14:737402:d=2021122100:DZDT:50 mb:3 hour fcst:
 6: 15:820488:d=2021122100:UGRD:50 mb:3 hour fcst:
 6: 16:877344:d=2021122100:VGRD:50 mb:3 hour fcst:
 6: 17:933154:d=2021122100:ABSV:50 mb:3 hour fcst:
 6: 18:991144:d=2021122100:CLMR:50 mb:3 hour fcst:
 6: 19:991323:d=2021122100:ICMR:50 mb:3 hour fcst:
 6: 20:991502:d=2021122100:RWMR:50 mb:3 hour fcst:
 6: 21:991681:d=2021122100:SNMR:50 mb:3 hour fcst:
 6: 22:991860:d=2021122100:GRLE:50 mb:3 hour fcst:
 6: 23:992039:d=2021122100:O3MR:50 mb:3 hour fcst:
 6: 24:1076156:d=2021122100:HGT:70 mb:3 hour fcst:
 6: 25:1129829:d=2021122100:TMP:70 mb:3 hour fcst:
 6: 26:1180162:d=2021122100:RH:70 mb:3 hour fcst:
 6: 27:1205050:d=2021122100:SPFH:70 mb:3 hour fcst:
 6: 28:1270228:d=2021122100:VVEL:70 mb:3 hour fcst:
 6: 29:1351906:d=2021122100:DZDT:70 mb:3 hour fcst:
 6: 30:1434020:d=2021122100:UGRD:70 mb:3 hour fcst:
 6: 31:1492337:d=2021122100:VGRD:70 mb:3 hour fcst:
 6: + product_functions.sh[10]rc=0
 6: + product_functions.sh[11]((  rc == 0  ))
 6: + product_functions.sh[11]mv pgb2file_f003_7_1p00.new pgb2file_f003_7_1p00
 6: + product_functions.sh[12]return 0
 6: + interp_atmos_master.sh[56]export err=0
 6: + interp_atmos_master.sh[56]err=0
 6: + interp_atmos_master.sh[57][[ 0 -ne 0 ]]
 6: ++ interp_atmos_master.sh[62]wc -l
 6: ++ interp_atmos_master.sh[62]wgrib2 pgb2file_f003_7_1p00 -match 'LAND|ICEC'
 6: + interp_atmos_master.sh[62]var_count=0
 6: + interp_atmos_master.sh[63][[ 0 -eq 2 ]]
 6: + interp_atmos_master.sh[73]exit 0
14: + bash[8]'[' -z '' ']'
14: + bash[9]case "$-" in
14: + bash[12]__lmod_vx=x
14: + bash[16]'[' -n x ']'
14: + bash[16]set +x
14: Shell debugging temporarily silenced: export LMOD_SH_DBG_ON=1 for this output (/apps/other/lmod/lmod/init/bash)
14: Shell debugging restarted
14: + bash[224]unset __lmod_vx
14: + interp_atmos_master.sh[7]input_file=tmpfile_f003_15
14: + interp_atmos_master.sh[8]output_file_prefix=pgb2file_f003_15
14: + interp_atmos_master.sh[9]grid_string=0p25:0p50:1p00
14: + interp_atmos_master.sh[12]defaults='-set_grib_type same -set_bitmap 1 -set_grib_max_bits 16'
14: + interp_atmos_master.sh[13]interp_winds='-new_grid_winds earth'
14: + interp_atmos_master.sh[14]interp_bilinear='-new_grid_interpolation bilinear'
14: + interp_atmos_master.sh[15]interp_neighbor='-if :(CSNOW|CRAIN|CFRZR|CICEP|ICSEV): -new_grid_interpolation neighbor -fi'
14: + interp_atmos_master.sh[16]interp_budget='-if :(APCP|ACPCP|PRATE|CPRAT|DZDT): -new_grid_interpolation budget -fi'
14: + interp_atmos_master.sh[17]increased_bits='-if :(APCP|ACPCP|PRATE|CPRAT): -set_grib_max_bits 25 -fi'
14: + interp_atmos_master.sh[21]grid0p25='latlon 0:1440:0.25 90:721:-0.25'
14: + interp_atmos_master.sh[23]grid0p50='latlon 0:720:0.5 90:361:-0.5'
14: + interp_atmos_master.sh[25]grid1p00='latlon 0:360:1.0 90:181:-1.0'
14: + interp_atmos_master.sh[28]source /work2/noaa/global/mterry/global-workflow_forked/ush/product_functions.sh
14: + interp_atmos_master.sh[31]IFS=:
14: + interp_atmos_master.sh[31]read -ra grids
14: + interp_atmos_master.sh[33]output_grids=
14: + interp_atmos_master.sh[34]for grid in "${grids[@]}"
14: + interp_atmos_master.sh[35]gridopt=grid0p25
14: + interp_atmos_master.sh[36]output_grids=' -new_grid latlon 0:1440:0.25 90:721:-0.25 pgb2file_f003_15_0p25'
14: + interp_atmos_master.sh[34]for grid in "${grids[@]}"
14: + interp_atmos_master.sh[35]gridopt=grid0p50
14: + interp_atmos_master.sh[36]output_grids=' -new_grid latlon 0:1440:0.25 90:721:-0.25 pgb2file_f003_15_0p25 -new_grid latlon 0:720:0.5 90:361:-0.5 pgb2file_f003_15_0p50'
14: + interp_atmos_master.sh[34]for grid in "${grids[@]}"
14: + interp_atmos_master.sh[35]gridopt=grid1p00
14: + interp_atmos_master.sh[36]output_grids=' -new_grid latlon 0:1440:0.25 90:721:-0.25 pgb2file_f003_15_0p25 -new_grid latlon 0:720:0.5 90:361:-0.5 pgb2file_f003_15_0p50 -new_grid latlon 0:360:1.0 90:181:-1.0 pgb2file_f003_15_1p00'
14: + interp_atmos_master.sh[40]wgrib2 tmpfile_f003_15 -set_grib_type same -set_bitmap 1 -set_grib_max_bits 16 -new_grid_winds earth -new_grid_interpolation bilinear -if ':(CSNOW|CRAIN|CFRZR|CICEP|ICSEV):' -new_grid_interpolation neighbor -fi -if ':(APCP|ACPCP|PRATE|CPRAT|DZDT):' -new_grid_interpolation budget -fi -if ':(APCP|ACPCP|PRATE|CPRAT):' -set_grib_max_bits 25 -fi -new_grid latlon 0:1440:0.25 90:721:-0.25 pgb2file_f003_15_0p25 -new_grid latlon 0:720:0.5 90:361:-0.5 pgb2file_f003_15_0p50 -new_grid latlon 0:360:1.0 90:181:-1.0 pgb2file_f003_15_1p00
14: 1:0:d=2021122100:ABSV:750 mb:3 hour fcst:
14: 2:83321:d=2021122100:CLMR:750 mb:3 hour fcst:
14: 3:104520:d=2021122100:ICMR:750 mb:3 hour fcst:
14: 4:132540:d=2021122100:RWMR:750 mb:3 hour fcst:
14: 5:147033:d=2021122100:SNMR:750 mb:3 hour fcst:
14: 6:178058:d=2021122100:GRLE:750 mb:3 hour fcst:
14: 7:182219:d=2021122100:O3MR:750 mb:3 hour fcst:
14: 8:284440:d=2021122100:HGT:800 mb:3 hour fcst:
14: 9:369605:d=2021122100:TMP:800 mb:3 hour fcst:
14: 10:440831:d=2021122100:RH:800 mb:3 hour fcst:
14: 11:514590:d=2021122100:TCDC:800 mb:3 hour fcst:
14: 12:549227:d=2021122100:SPFH:800 mb:3 hour fcst:
14: 13:659583:d=2021122100:VVEL:800 mb:3 hour fcst:
14: 14:761960:d=2021122100:DZDT:800 mb:3 hour fcst:
14: 15:869384:d=2021122100:UGRD:800 mb:3 hour fcst:
14: 16:945930:d=2021122100:VGRD:800 mb:3 hour fcst:
14: 17:1024054:d=2021122100:ABSV:800 mb:3 hour fcst:
14: 18:1107991:d=2021122100:CLMR:800 mb:3 hour fcst:
14: 19:1137756:d=2021122100:ICMR:800 mb:3 hour fcst:
14: 20:1165115:d=2021122100:RWMR:800 mb:3 hour fcst:
14: 21:1181723:d=2021122100:SNMR:800 mb:3 hour fcst:
14: 22:1212241:d=2021122100:GRLE:800 mb:3 hour fcst:
14: 23:1216940:d=2021122100:O3MR:800 mb:3 hour fcst:
14: 24:1318544:d=2021122100:HGT:850 mb:3 hour fcst:
14: 25:1404559:d=2021122100:TMP:850 mb:3 hour fcst:
14: 26:1478703:d=2021122100:RH:850 mb:3 hour fcst:
14: 27:1553103:d=2021122100:TCDC:850 mb:3 hour fcst:
14: 28:1596481:d=2021122100:SPFH:850 mb:3 hour fcst:
14: 29:1708211:d=2021122100:VVEL:850 mb:3 hour fcst:
14: 30:1810380:d=2021122100:DZDT:850 mb:3 hour fcst:
14: 31:1917675:d=2021122100:UGRD:850 mb:3 hour fcst:
14: 32:1994874:d=2021122100:VGRD:850 mb:3 hour fcst:
14: + interp_atmos_master.sh[47]export err=0
14: + interp_atmos_master.sh[47]err=0
14: + interp_atmos_master.sh[48][[ 0 -ne 0 ]]
14: + interp_atmos_master.sh[54]for grid in "${grids[@]}"
14: + interp_atmos_master.sh[55]trim_rh pgb2file_f003_15_0p25
14: + product_functions.sh[5]local filename=pgb2file_f003_15_0p25
14: + product_functions.sh[6]wgrib2 pgb2file_f003_15_0p25 -not_if :RH: -grib pgb2file_f003_15_0p25.new -if :RH: -rpn '10:*:0.5:+:floor:1000:min:10:/' -set_grib_type same -set_scaling -1 0 -grib_out pgb2file_f003_15_0p25.new
14: 1:0:d=2021122100:ABSV:750 mb:3 hour fcst:
14: 2:695304:d=2021122100:CLMR:750 mb:3 hour fcst:
14: 3:876369:d=2021122100:ICMR:750 mb:3 hour fcst:
14: 4:1107218:d=2021122100:RWMR:750 mb:3 hour fcst:
14: 5:1210055:d=2021122100:SNMR:750 mb:3 hour fcst:
14: 6:1446960:d=2021122100:GRLE:750 mb:3 hour fcst:
14: 7:1476185:d=2021122100:O3MR:750 mb:3 hour fcst:
14: 8:2410631:d=2021122100:HGT:800 mb:3 hour fcst:
14: 9:3115158:d=2021122100:TMP:800 mb:3 hour fcst:
14: 10:3665861:d=2021122100:RH:800 mb:3 hour fcst:
14: 11:4248476:d=2021122100:TCDC:800 mb:3 hour fcst:
14: 12:4509309:d=2021122100:SPFH:800 mb:3 hour fcst:
14: 13:5539840:d=2021122100:VVEL:800 mb:3 hour fcst:
14: 14:6488521:d=2021122100:DZDT:800 mb:3 hour fcst:
14: 15:7471823:d=2021122100:UGRD:800 mb:3 hour fcst:
14: 16:8091313:d=2021122100:VGRD:800 mb:3 hour fcst:
14: 17:8732082:d=2021122100:ABSV:800 mb:3 hour fcst:
14: 18:9435231:d=2021122100:CLMR:800 mb:3 hour fcst:
14: 19:9691502:d=2021122100:ICMR:800 mb:3 hour fcst:
14: 20:9914550:d=2021122100:RWMR:800 mb:3 hour fcst:
14: 21:10027483:d=2021122100:SNMR:800 mb:3 hour fcst:
14: 22:10257419:d=2021122100:GRLE:800 mb:3 hour fcst:
14: 23:10291064:d=2021122100:O3MR:800 mb:3 hour fcst:
14: 24:11220703:d=2021122100:HGT:850 mb:3 hour fcst:
14: 25:11935118:d=2021122100:TMP:850 mb:3 hour fcst:
14: 26:12510323:d=2021122100:RH:850 mb:3 hour fcst:
14: 27:13100509:d=2021122100:TCDC:850 mb:3 hour fcst:
14: 28:13432771:d=2021122100:SPFH:850 mb:3 hour fcst:
14: 29:14480904:d=2021122100:VVEL:850 mb:3 hour fcst:
14: 30:15419952:d=2021122100:DZDT:850 mb:3 hour fcst:
14: 31:16389424:d=2021122100:UGRD:850 mb:3 hour fcst:
14: 32:17013724:d=2021122100:VGRD:850 mb:3 hour fcst:
14: + product_functions.sh[10]rc=0
14: + product_functions.sh[11]((  rc == 0  ))
14: + product_functions.sh[11]mv pgb2file_f003_15_0p25.new pgb2file_f003_15_0p25
14: + product_functions.sh[12]return 0
14: + interp_atmos_master.sh[56]export err=0
14: + interp_atmos_master.sh[56]err=0
14: + interp_atmos_master.sh[57][[ 0 -ne 0 ]]
14: ++ interp_atmos_master.sh[62]wc -l
14: ++ interp_atmos_master.sh[62]wgrib2 pgb2file_f003_15_0p25 -match 'LAND|ICEC'
14: + interp_atmos_master.sh[62]var_count=0
14: + interp_atmos_master.sh[63][[ 0 -eq 2 ]]
14: + interp_atmos_master.sh[54]for grid in "${grids[@]}"
14: + interp_atmos_master.sh[55]trim_rh pgb2file_f003_15_0p50
14: + product_functions.sh[5]local filename=pgb2file_f003_15_0p50
14: + product_functions.sh[6]wgrib2 pgb2file_f003_15_0p50 -not_if :RH: -grib pgb2file_f003_15_0p50.new -if :RH: -rpn '10:*:0.5:+:floor:1000:min:10:/' -set_grib_type same -set_scaling -1 0 -grib_out pgb2file_f003_15_0p50.new
14: 1:0:d=2021122100:ABSV:750 mb:3 hour fcst:
14: 2:221833:d=2021122100:CLMR:750 mb:3 hour fcst:
14: 3:282873:d=2021122100:ICMR:750 mb:3 hour fcst:
14: 4:359462:d=2021122100:RWMR:750 mb:3 hour fcst:
14: 5:396297:d=2021122100:SNMR:750 mb:3 hour fcst:
14: 6:476401:d=2021122100:GRLE:750 mb:3 hour fcst:
14: 7:487349:d=2021122100:O3MR:750 mb:3 hour fcst:
14: 8:772626:d=2021122100:HGT:800 mb:3 hour fcst:
14: 9:997437:d=2021122100:TMP:800 mb:3 hour fcst:
14: 10:1177864:d=2021122100:RH:800 mb:3 hour fcst:
14: 11:1369015:d=2021122100:TCDC:800 mb:3 hour fcst:
14: 12:1461071:d=2021122100:SPFH:800 mb:3 hour fcst:
14: 13:1770141:d=2021122100:VVEL:800 mb:3 hour fcst:
14: 14:2056245:d=2021122100:DZDT:800 mb:3 hour fcst:
14: 15:2350690:d=2021122100:UGRD:800 mb:3 hour fcst:
14: 16:2551473:d=2021122100:VGRD:800 mb:3 hour fcst:
14: 17:2758460:d=2021122100:ABSV:800 mb:3 hour fcst:
14: 18:2982587:d=2021122100:CLMR:800 mb:3 hour fcst:
14: 19:3067459:d=2021122100:ICMR:800 mb:3 hour fcst:
14: 20:3141198:d=2021122100:RWMR:800 mb:3 hour fcst:
14: 21:3182234:d=2021122100:SNMR:800 mb:3 hour fcst:
14: 22:3260166:d=2021122100:GRLE:800 mb:3 hour fcst:
14: 23:3272611:d=2021122100:O3MR:800 mb:3 hour fcst:
14: 24:3556339:d=2021122100:HGT:850 mb:3 hour fcst:
14: 25:3783666:d=2021122100:TMP:850 mb:3 hour fcst:
14: 26:3973143:d=2021122100:RH:850 mb:3 hour fcst:
14: 27:4166711:d=2021122100:TCDC:850 mb:3 hour fcst:
14: 28:4281698:d=2021122100:SPFH:850 mb:3 hour fcst:
14: 29:4595597:d=2021122100:VVEL:850 mb:3 hour fcst:
14: 30:4880517:d=2021122100:DZDT:850 mb:3 hour fcst:
14: 31:5172563:d=2021122100:UGRD:850 mb:3 hour fcst:
14: 32:5375006:d=2021122100:VGRD:850 mb:3 hour fcst:
14: + product_functions.sh[10]rc=0
14: + product_functions.sh[11]((  rc == 0  ))
14: + product_functions.sh[11]mv pgb2file_f003_15_0p50.new pgb2file_f003_15_0p50
14: + product_functions.sh[12]return 0
14: + interp_atmos_master.sh[56]export err=0
14: + interp_atmos_master.sh[56]err=0
14: + interp_atmos_master.sh[57][[ 0 -ne 0 ]]
14: ++ interp_atmos_master.sh[62]wc -l
14: ++ interp_atmos_master.sh[62]wgrib2 pgb2file_f003_15_0p50 -match 'LAND|ICEC'
14: + interp_atmos_master.sh[62]var_count=0
14: + interp_atmos_master.sh[63][[ 0 -eq 2 ]]
14: + interp_atmos_master.sh[54]for grid in "${grids[@]}"
14: + interp_atmos_master.sh[55]trim_rh pgb2file_f003_15_1p00
14: + product_functions.sh[5]local filename=pgb2file_f003_15_1p00
14: + product_functions.sh[6]wgrib2 pgb2file_f003_15_1p00 -not_if :RH: -grib pgb2file_f003_15_1p00.new -if :RH: -rpn '10:*:0.5:+:floor:1000:min:10:/' -set_grib_type same -set_scaling -1 0 -grib_out pgb2file_f003_15_1p00.new
14: 1:0:d=2021122100:ABSV:750 mb:3 hour fcst:
14: 2:69193:d=2021122100:CLMR:750 mb:3 hour fcst:
14: 3:90365:d=2021122100:ICMR:750 mb:3 hour fcst:
14: 4:116039:d=2021122100:RWMR:750 mb:3 hour fcst:
14: 5:129568:d=2021122100:SNMR:750 mb:3 hour fcst:
14: 6:157294:d=2021122100:GRLE:750 mb:3 hour fcst:
14: 7:161522:d=2021122100:O3MR:750 mb:3 hour fcst:
14: 8:246964:d=2021122100:HGT:800 mb:3 hour fcst:
14: 9:316223:d=2021122100:TMP:800 mb:3 hour fcst:
14: 10:374152:d=2021122100:RH:800 mb:3 hour fcst:
14: 11:435628:d=2021122100:TCDC:800 mb:3 hour fcst:
14: 12:467617:d=2021122100:SPFH:800 mb:3 hour fcst:
14: 13:558565:d=2021122100:VVEL:800 mb:3 hour fcst:
14: 14:644000:d=2021122100:DZDT:800 mb:3 hour fcst:
14: 15:731561:d=2021122100:UGRD:800 mb:3 hour fcst:
14: 16:794656:d=2021122100:VGRD:800 mb:3 hour fcst:
14: 17:859911:d=2021122100:ABSV:800 mb:3 hour fcst:
14: 18:930042:d=2021122100:CLMR:800 mb:3 hour fcst:
14: 19:959016:d=2021122100:ICMR:800 mb:3 hour fcst:
14: 20:983522:d=2021122100:RWMR:800 mb:3 hour fcst:
14: 21:998601:d=2021122100:SNMR:800 mb:3 hour fcst:
14: 22:1025526:d=2021122100:GRLE:800 mb:3 hour fcst:
14: 23:1030281:d=2021122100:O3MR:800 mb:3 hour fcst:
14: 24:1115126:d=2021122100:HGT:850 mb:3 hour fcst:
14: 25:1185187:d=2021122100:TMP:850 mb:3 hour fcst:
14: 26:1245862:d=2021122100:RH:850 mb:3 hour fcst:
14: 27:1307659:d=2021122100:TCDC:850 mb:3 hour fcst:
14: 28:1347026:d=2021122100:SPFH:850 mb:3 hour fcst:
14: 29:1439625:d=2021122100:VVEL:850 mb:3 hour fcst:
14: 30:1524545:d=2021122100:DZDT:850 mb:3 hour fcst:
14: 31:1611202:d=2021122100:UGRD:850 mb:3 hour fcst:
14: 32:1674867:d=2021122100:VGRD:850 mb:3 hour fcst:
14: + product_functions.sh[10]rc=0
14: + product_functions.sh[11]((  rc == 0  ))
14: + product_functions.sh[11]mv pgb2file_f003_15_1p00.new pgb2file_f003_15_1p00
14: + product_functions.sh[12]return 0
14: + interp_atmos_master.sh[56]export err=0
14: + interp_atmos_master.sh[56]err=0
14: + interp_atmos_master.sh[57][[ 0 -ne 0 ]]
14: ++ interp_atmos_master.sh[62]wc -l
14: ++ interp_atmos_master.sh[62]wgrib2 pgb2file_f003_15_1p00 -match 'LAND|ICEC'
14: + interp_atmos_master.sh[62]var_count=0
14: + interp_atmos_master.sh[63][[ 0 -eq 2 ]]
14: + interp_atmos_master.sh[73]exit 0
16: + bash[8]'[' -z '' ']'
16: + bash[9]case "$-" in
16: + bash[12]__lmod_vx=x
16: + bash[16]'[' -n x ']'
16: + bash[16]set +x
16: Shell debugging temporarily silenced: export LMOD_SH_DBG_ON=1 for this output (/apps/other/lmod/lmod/init/bash)
16: Shell debugging restarted
16: + bash[224]unset __lmod_vx
16: + interp_atmos_master.sh[7]input_file=tmpfile_f003_17
16: + interp_atmos_master.sh[8]output_file_prefix=pgb2file_f003_17
16: + interp_atmos_master.sh[9]grid_string=0p25:0p50:1p00
16: + interp_atmos_master.sh[12]defaults='-set_grib_type same -set_bitmap 1 -set_grib_max_bits 16'
16: + interp_atmos_master.sh[13]interp_winds='-new_grid_winds earth'
16: + interp_atmos_master.sh[14]interp_bilinear='-new_grid_interpolation bilinear'
16: + interp_atmos_master.sh[15]interp_neighbor='-if :(CSNOW|CRAIN|CFRZR|CICEP|ICSEV): -new_grid_interpolation neighbor -fi'
16: + interp_atmos_master.sh[16]interp_budget='-if :(APCP|ACPCP|PRATE|CPRAT|DZDT): -new_grid_interpolation budget -fi'
16: + interp_atmos_master.sh[17]increased_bits='-if :(APCP|ACPCP|PRATE|CPRAT): -set_grib_max_bits 25 -fi'
16: + interp_atmos_master.sh[21]grid0p25='latlon 0:1440:0.25 90:721:-0.25'
16: + interp_atmos_master.sh[23]grid0p50='latlon 0:720:0.5 90:361:-0.5'
16: + interp_atmos_master.sh[25]grid1p00='latlon 0:360:1.0 90:181:-1.0'
16: + interp_atmos_master.sh[28]source /work2/noaa/global/mterry/global-workflow_forked/ush/product_functions.sh
16: + interp_atmos_master.sh[31]IFS=:
16: + interp_atmos_master.sh[31]read -ra grids
16: + interp_atmos_master.sh[33]output_grids=
16: + interp_atmos_master.sh[34]for grid in "${grids[@]}"
16: + interp_atmos_master.sh[35]gridopt=grid0p25
16: + interp_atmos_master.sh[36]output_grids=' -new_grid latlon 0:1440:0.25 90:721:-0.25 pgb2file_f003_17_0p25'
16: + interp_atmos_master.sh[34]for grid in "${grids[@]}"
16: + interp_atmos_master.sh[35]gridopt=grid0p50
16: + interp_atmos_master.sh[36]output_grids=' -new_grid latlon 0:1440:0.25 90:721:-0.25 pgb2file_f003_17_0p25 -new_grid latlon 0:720:0.5 90:361:-0.5 pgb2file_f003_17_0p50'
16: + interp_atmos_master.sh[34]for grid in "${grids[@]}"
16: + interp_atmos_master.sh[35]gridopt=grid1p00
16: + interp_atmos_master.sh[36]output_grids=' -new_grid latlon 0:1440:0.25 90:721:-0.25 pgb2file_f003_17_0p25 -new_grid latlon 0:720:0.5 90:361:-0.5 pgb2file_f003_17_0p50 -new_grid latlon 0:360:1.0 90:181:-1.0 pgb2file_f003_17_1p00'
16: + interp_atmos_master.sh[40]wgrib2 tmpfile_f003_17 -set_grib_type same -set_bitmap 1 -set_grib_max_bits 16 -new_grid_winds earth -new_grid_interpolation bilinear -if ':(CSNOW|CRAIN|CFRZR|CICEP|ICSEV):' -new_grid_interpolation neighbor -fi -if ':(APCP|ACPCP|PRATE|CPRAT|DZDT):' -new_grid_interpolation budget -fi -if ':(APCP|ACPCP|PRATE|CPRAT):' -set_grib_max_bits 25 -fi -new_grid latlon 0:1440:0.25 90:721:-0.25 pgb2file_f003_17_0p25 -new_grid latlon 0:720:0.5 90:361:-0.5 pgb2file_f003_17_0p50 -new_grid latlon 0:360:1.0 90:181:-1.0 pgb2file_f003_17_1p00
16: 1:0:d=2021122100:ABSV:925 mb:3 hour fcst:
16: 2:84480:d=2021122100:CLMR:925 mb:3 hour fcst:
16: 3:112985:d=2021122100:ICMR:925 mb:3 hour fcst:
16: 4:135873:d=2021122100:RWMR:925 mb:3 hour fcst:
16: 5:170902:d=2021122100:SNMR:925 mb:3 hour fcst:
16: 6:198788:d=2021122100:GRLE:925 mb:3 hour fcst:
16: 7:204997:d=2021122100:O3MR:925 mb:3 hour fcst:
16: 8:303373:d=2021122100:HGT:950 mb:3 hour fcst:
16: 9:391513:d=2021122100:TMP:950 mb:3 hour fcst:
16: 10:466519:d=2021122100:RH:950 mb:3 hour fcst:
16: 11:537388:d=2021122100:TCDC:950 mb:3 hour fcst:
16: 12:570558:d=2021122100:SPFH:950 mb:3 hour fcst:
16: 13:670194:d=2021122100:VVEL:950 mb:3 hour fcst:
16: 14:765968:d=2021122100:DZDT:950 mb:3 hour fcst:
16: 15:866345:d=2021122100:UGRD:950 mb:3 hour fcst:
16: 16:944405:d=2021122100:VGRD:950 mb:3 hour fcst:
16: 17:1023111:d=2021122100:ABSV:950 mb:3 hour fcst:
16: 18:1107511:d=2021122100:CLMR:950 mb:3 hour fcst:
16: 19:1129293:d=2021122100:ICMR:950 mb:3 hour fcst:
16: 20:1149819:d=2021122100:RWMR:950 mb:3 hour fcst:
16: 21:1186527:d=2021122100:SNMR:950 mb:3 hour fcst:
16: 22:1215075:d=2021122100:GRLE:950 mb:3 hour fcst:
16: 23:1221520:d=2021122100:O3MR:950 mb:3 hour fcst:
16: 24:1319669:d=2021122100:HINDEX:surface:3 hour fcst:
16: 25:1336504:d=2021122100:HGT:975 mb:3 hour fcst:
16: 26:1425604:d=2021122100:TMP:975 mb:3 hour fcst:
16: 27:1500221:d=2021122100:RH:975 mb:3 hour fcst:
16: 28:1568717:d=2021122100:TCDC:975 mb:3 hour fcst:
16: 29:1596366:d=2021122100:SPFH:975 mb:3 hour fcst:
16: 30:1695272:d=2021122100:VVEL:975 mb:3 hour fcst:
16: 31:1786017:d=2021122100:DZDT:975 mb:3 hour fcst:
16: + interp_atmos_master.sh[47]export err=0
16: + interp_atmos_master.sh[47]err=0
16: + interp_atmos_master.sh[48][[ 0 -ne 0 ]]
16: + interp_atmos_master.sh[54]for grid in "${grids[@]}"
16: + interp_atmos_master.sh[55]trim_rh pgb2file_f003_17_0p25
16: + product_functions.sh[5]local filename=pgb2file_f003_17_0p25
16: + product_functions.sh[6]wgrib2 pgb2file_f003_17_0p25 -not_if :RH: -grib pgb2file_f003_17_0p25.new -if :RH: -rpn '10:*:0.5:+:floor:1000:min:10:/' -set_grib_type same -set_scaling -1 0 -grib_out pgb2file_f003_17_0p25.new
16: 1:0:d=2021122100:ABSV:925 mb:3 hour fcst:
16: 2:709178:d=2021122100:CLMR:925 mb:3 hour fcst:
16: 3:947516:d=2021122100:ICMR:925 mb:3 hour fcst:
16: 4:1129759:d=2021122100:RWMR:925 mb:3 hour fcst:
16: 5:1381827:d=2021122100:SNMR:925 mb:3 hour fcst:
16: 6:1596369:d=2021122100:GRLE:925 mb:3 hour fcst:
16: 7:1639723:d=2021122100:O3MR:925 mb:3 hour fcst:
16: 8:2534798:d=2021122100:HGT:950 mb:3 hour fcst:
16: 9:3276732:d=2021122100:TMP:950 mb:3 hour fcst:
16: 10:3868657:d=2021122100:RH:950 mb:3 hour fcst:
16: 11:4419288:d=2021122100:TCDC:950 mb:3 hour fcst:
16: 12:4661993:d=2021122100:SPFH:950 mb:3 hour fcst:
16: 13:5568524:d=2021122100:VVEL:950 mb:3 hour fcst:
16: 14:6431334:d=2021122100:DZDT:950 mb:3 hour fcst:
16: 15:7315570:d=2021122100:UGRD:950 mb:3 hour fcst:
16: 16:7949931:d=2021122100:VGRD:950 mb:3 hour fcst:
16: 17:8591725:d=2021122100:ABSV:950 mb:3 hour fcst:
16: 18:9299947:d=2021122100:CLMR:950 mb:3 hour fcst:
16: 19:9488636:d=2021122100:ICMR:950 mb:3 hour fcst:
16: 20:9653114:d=2021122100:RWMR:950 mb:3 hour fcst:
16: 21:9919608:d=2021122100:SNMR:950 mb:3 hour fcst:
16: 22:10144929:d=2021122100:GRLE:950 mb:3 hour fcst:
16: 23:10189901:d=2021122100:O3MR:950 mb:3 hour fcst:
16: 24:11075738:d=2021122100:HINDEX:surface:3 hour fcst:
16: 25:11255058:d=2021122100:HGT:975 mb:3 hour fcst:
16: 26:12009938:d=2021122100:TMP:975 mb:3 hour fcst:
16: 27:12597168:d=2021122100:RH:975 mb:3 hour fcst:
16: 28:13123919:d=2021122100:TCDC:975 mb:3 hour fcst:
16: 29:13324959:d=2021122100:SPFH:975 mb:3 hour fcst:
16: 30:14222270:d=2021122100:VVEL:975 mb:3 hour fcst:
16: 31:15019040:d=2021122100:DZDT:975 mb:3 hour fcst:
16: + product_functions.sh[10]rc=0
16: + product_functions.sh[11]((  rc == 0  ))
16: + product_functions.sh[11]mv pgb2file_f003_17_0p25.new pgb2file_f003_17_0p25
16: + product_functions.sh[12]return 0
16: + interp_atmos_master.sh[56]export err=0
16: + interp_atmos_master.sh[56]err=0
16: + interp_atmos_master.sh[57][[ 0 -ne 0 ]]
16: ++ interp_atmos_master.sh[62]wc -l
16: ++ interp_atmos_master.sh[62]wgrib2 pgb2file_f003_17_0p25 -match 'LAND|ICEC'
16: + interp_atmos_master.sh[62]var_count=0
16: + interp_atmos_master.sh[63][[ 0 -eq 2 ]]
16: + interp_atmos_master.sh[54]for grid in "${grids[@]}"
16: + interp_atmos_master.sh[55]trim_rh pgb2file_f003_17_0p50
16: + product_functions.sh[5]local filename=pgb2file_f003_17_0p50
16: + product_functions.sh[6]wgrib2 pgb2file_f003_17_0p50 -not_if :RH: -grib pgb2file_f003_17_0p50.new -if :RH: -rpn '10:*:0.5:+:floor:1000:min:10:/' -set_grib_type same -set_scaling -1 0 -grib_out pgb2file_f003_17_0p50.new
16: 1:0:d=2021122100:ABSV:925 mb:3 hour fcst:
16: 2:225324:d=2021122100:CLMR:925 mb:3 hour fcst:
16: 3:304700:d=2021122100:ICMR:925 mb:3 hour fcst:
16: 4:365447:d=2021122100:RWMR:925 mb:3 hour fcst:
16: 5:454601:d=2021122100:SNMR:925 mb:3 hour fcst:
16: 6:526290:d=2021122100:GRLE:925 mb:3 hour fcst:
16: 7:541950:d=2021122100:O3MR:925 mb:3 hour fcst:
16: 8:814770:d=2021122100:HGT:950 mb:3 hour fcst:
16: 9:1049993:d=2021122100:TMP:950 mb:3 hour fcst:
16: 10:1243898:d=2021122100:RH:950 mb:3 hour fcst:
16: 11:1424494:d=2021122100:TCDC:950 mb:3 hour fcst:
16: 12:1511787:d=2021122100:SPFH:950 mb:3 hour fcst:
16: 13:1787746:d=2021122100:VVEL:950 mb:3 hour fcst:
16: 14:2052870:d=2021122100:DZDT:950 mb:3 hour fcst:
16: 15:2321952:d=2021122100:UGRD:950 mb:3 hour fcst:
16: 16:2527810:d=2021122100:VGRD:950 mb:3 hour fcst:
16: 17:2735747:d=2021122100:ABSV:950 mb:3 hour fcst:
16: 18:2960848:d=2021122100:CLMR:950 mb:3 hour fcst:
16: 19:3024344:d=2021122100:ICMR:950 mb:3 hour fcst:
16: 20:3079448:d=2021122100:RWMR:950 mb:3 hour fcst:
16: 21:3173062:d=2021122100:SNMR:950 mb:3 hour fcst:
16: 22:3248109:d=2021122100:GRLE:950 mb:3 hour fcst:
16: 23:3264395:d=2021122100:O3MR:950 mb:3 hour fcst:
16: 24:3536445:d=2021122100:HINDEX:surface:3 hour fcst:
16: 25:3586533:d=2021122100:HGT:975 mb:3 hour fcst:
16: 26:3825056:d=2021122100:TMP:975 mb:3 hour fcst:
16: 27:4017386:d=2021122100:RH:975 mb:3 hour fcst:
16: 28:4193209:d=2021122100:TCDC:975 mb:3 hour fcst:
16: 29:4266443:d=2021122100:SPFH:975 mb:3 hour fcst:
16: 30:4540122:d=2021122100:VVEL:975 mb:3 hour fcst:
16: 31:4787690:d=2021122100:DZDT:975 mb:3 hour fcst:
16: + product_functions.sh[10]rc=0
16: + product_functions.sh[11]((  rc == 0  ))
16: + product_functions.sh[11]mv pgb2file_f003_17_0p50.new pgb2file_f003_17_0p50
16: + product_functions.sh[12]return 0
16: + interp_atmos_master.sh[56]export err=0
16: + interp_atmos_master.sh[56]err=0
16: + interp_atmos_master.sh[57][[ 0 -ne 0 ]]
16: ++ interp_atmos_master.sh[62]wc -l
16: ++ interp_atmos_master.sh[62]wgrib2 pgb2file_f003_17_0p50 -match 'LAND|ICEC'
16: + interp_atmos_master.sh[62]var_count=0
16: + interp_atmos_master.sh[63][[ 0 -eq 2 ]]
16: + interp_atmos_master.sh[54]for grid in "${grids[@]}"
16: + interp_atmos_master.sh[55]trim_rh pgb2file_f003_17_1p00
16: + product_functions.sh[5]local filename=pgb2file_f003_17_1p00
16: + product_functions.sh[6]wgrib2 pgb2file_f003_17_1p00 -not_if :RH: -grib pgb2file_f003_17_1p00.new -if :RH: -rpn '10:*:0.5:+:floor:1000:min:10:/' -set_grib_type same -set_scaling -1 0 -grib_out pgb2file_f003_17_1p00.new
16: 1:0:d=2021122100:ABSV:925 mb:3 hour fcst:
16: 2:70813:d=2021122100:CLMR:925 mb:3 hour fcst:
16: 3:98296:d=2021122100:ICMR:925 mb:3 hour fcst:
16: 4:118699:d=2021122100:RWMR:925 mb:3 hour fcst:
16: 5:150312:d=2021122100:SNMR:925 mb:3 hour fcst:
16: 6:174929:d=2021122100:GRLE:925 mb:3 hour fcst:
16: 7:180974:d=2021122100:O3MR:925 mb:3 hour fcst:
16: 8:262937:d=2021122100:HGT:950 mb:3 hour fcst:
16: 9:335219:d=2021122100:TMP:950 mb:3 hour fcst:
16: 10:396658:d=2021122100:RH:950 mb:3 hour fcst:
16: 11:454517:d=2021122100:TCDC:950 mb:3 hour fcst:
16: 12:485423:d=2021122100:SPFH:950 mb:3 hour fcst:
16: 13:567715:d=2021122100:VVEL:950 mb:3 hour fcst:
16: 14:648054:d=2021122100:DZDT:950 mb:3 hour fcst:
16: 15:729045:d=2021122100:UGRD:950 mb:3 hour fcst:
16: 16:793987:d=2021122100:VGRD:950 mb:3 hour fcst:
16: 17:860106:d=2021122100:ABSV:950 mb:3 hour fcst:
16: 18:930852:d=2021122100:CLMR:950 mb:3 hour fcst:
16: 19:952547:d=2021122100:ICMR:950 mb:3 hour fcst:
16: 20:971049:d=2021122100:RWMR:950 mb:3 hour fcst:
16: 21:1003900:d=2021122100:SNMR:950 mb:3 hour fcst:
16: 22:1029269:d=2021122100:GRLE:950 mb:3 hour fcst:
16: 23:1035475:d=2021122100:O3MR:950 mb:3 hour fcst:
16: 24:1117395:d=2021122100:HINDEX:surface:3 hour fcst:
16: 25:1131925:d=2021122100:HGT:975 mb:3 hour fcst:
16: 26:1205080:d=2021122100:TMP:975 mb:3 hour fcst:
16: 27:1266151:d=2021122100:RH:975 mb:3 hour fcst:
16: 28:1322436:d=2021122100:TCDC:975 mb:3 hour fcst:
16: 29:1348737:d=2021122100:SPFH:975 mb:3 hour fcst:
16: 30:1430436:d=2021122100:VVEL:975 mb:3 hour fcst:
16: 31:1506398:d=2021122100:DZDT:975 mb:3 hour fcst:
16: + product_functions.sh[10]rc=0
16: + product_functions.sh[11]((  rc == 0  ))
16: + product_functions.sh[11]mv pgb2file_f003_17_1p00.new pgb2file_f003_17_1p00
16: + product_functions.sh[12]return 0
16: + interp_atmos_master.sh[56]export err=0
16: + interp_atmos_master.sh[56]err=0
16: + interp_atmos_master.sh[57][[ 0 -ne 0 ]]
16: ++ interp_atmos_master.sh[62]wc -l
16: ++ interp_atmos_master.sh[62]wgrib2 pgb2file_f003_17_1p00 -match 'LAND|ICEC'
16: + interp_atmos_master.sh[62]var_count=0
16: + interp_atmos_master.sh[63][[ 0 -eq 2 ]]
16: + interp_atmos_master.sh[73]exit 0
 5: + bash[8]'[' -z '' ']'
 5: + bash[9]case "$-" in
 5: + bash[12]__lmod_vx=x
 5: + bash[16]'[' -n x ']'
 5: + bash[16]set +x
 5: Shell debugging temporarily silenced: export LMOD_SH_DBG_ON=1 for this output (/apps/other/lmod/lmod/init/bash)
 5: Shell debugging restarted
 5: + bash[224]unset __lmod_vx
 5: + interp_atmos_master.sh[7]input_file=tmpfile_f003_6
 5: + interp_atmos_master.sh[8]output_file_prefix=pgb2file_f003_6
 5: + interp_atmos_master.sh[9]grid_string=0p25:0p50:1p00
 5: + interp_atmos_master.sh[12]defaults='-set_grib_type same -set_bitmap 1 -set_grib_max_bits 16'
 5: + interp_atmos_master.sh[13]interp_winds='-new_grid_winds earth'
 5: + interp_atmos_master.sh[14]interp_bilinear='-new_grid_interpolation bilinear'
 5: + interp_atmos_master.sh[15]interp_neighbor='-if :(CSNOW|CRAIN|CFRZR|CICEP|ICSEV): -new_grid_interpolation neighbor -fi'
 5: + interp_atmos_master.sh[16]interp_budget='-if :(APCP|ACPCP|PRATE|CPRAT|DZDT): -new_grid_interpolation budget -fi'
 5: + interp_atmos_master.sh[17]increased_bits='-if :(APCP|ACPCP|PRATE|CPRAT): -set_grib_max_bits 25 -fi'
 5: + interp_atmos_master.sh[21]grid0p25='latlon 0:1440:0.25 90:721:-0.25'
 5: + interp_atmos_master.sh[23]grid0p50='latlon 0:720:0.5 90:361:-0.5'
 5: + interp_atmos_master.sh[25]grid1p00='latlon 0:360:1.0 90:181:-1.0'
 5: + interp_atmos_master.sh[28]source /work2/noaa/global/mterry/global-workflow_forked/ush/product_functions.sh
 5: + interp_atmos_master.sh[31]IFS=:
 5: + interp_atmos_master.sh[31]read -ra grids
 5: + interp_atmos_master.sh[33]output_grids=
 5: + interp_atmos_master.sh[34]for grid in "${grids[@]}"
 5: + interp_atmos_master.sh[35]gridopt=grid0p25
 5: + interp_atmos_master.sh[36]output_grids=' -new_grid latlon 0:1440:0.25 90:721:-0.25 pgb2file_f003_6_0p25'
 5: + interp_atmos_master.sh[34]for grid in "${grids[@]}"
 5: + interp_atmos_master.sh[35]gridopt=grid0p50
 5: + interp_atmos_master.sh[36]output_grids=' -new_grid latlon 0:1440:0.25 90:721:-0.25 pgb2file_f003_6_0p25 -new_grid latlon 0:720:0.5 90:361:-0.5 pgb2file_f003_6_0p50'
 5: + interp_atmos_master.sh[34]for grid in "${grids[@]}"
 5: + interp_atmos_master.sh[35]gridopt=grid1p00
 5: + interp_atmos_master.sh[36]output_grids=' -new_grid latlon 0:1440:0.25 90:721:-0.25 pgb2file_f003_6_0p25 -new_grid latlon 0:720:0.5 90:361:-0.5 pgb2file_f003_6_0p50 -new_grid latlon 0:360:1.0 90:181:-1.0 pgb2file_f003_6_1p00'
 5: + interp_atmos_master.sh[40]wgrib2 tmpfile_f003_6 -set_grib_type same -set_bitmap 1 -set_grib_max_bits 16 -new_grid_winds earth -new_grid_interpolation bilinear -if ':(CSNOW|CRAIN|CFRZR|CICEP|ICSEV):' -new_grid_interpolation neighbor -fi -if ':(APCP|ACPCP|PRATE|CPRAT|DZDT):' -new_grid_interpolation budget -fi -if ':(APCP|ACPCP|PRATE|CPRAT):' -set_grib_max_bits 25 -fi -new_grid latlon 0:1440:0.25 90:721:-0.25 pgb2file_f003_6_0p25 -new_grid latlon 0:720:0.5 90:361:-0.5 pgb2file_f003_6_0p50 -new_grid latlon 0:360:1.0 90:181:-1.0 pgb2file_f003_6_1p00
 5: 1:0:d=2021122100:RH:15 mb:3 hour fcst:
 5: 2:9754:d=2021122100:SPFH:15 mb:3 hour fcst:
 5: 3:65173:d=2021122100:VVEL:15 mb:3 hour fcst:
 5: 4:179964:d=2021122100:DZDT:15 mb:3 hour fcst:
 5: 5:286883:d=2021122100:UGRD:15 mb:3 hour fcst:
 5: 6:328136:d=2021122100:VGRD:15 mb:3 hour fcst:
 5: 7:366953:d=2021122100:ABSV:15 mb:3 hour fcst:
 5: 8:439772:d=2021122100:O3MR:15 mb:3 hour fcst:
 5: 9:529501:d=2021122100:HGT:20 mb:3 hour fcst:
 5: 10:588523:d=2021122100:TMP:20 mb:3 hour fcst:
 5: 11:648853:d=2021122100:RH:20 mb:3 hour fcst:
 5: 12:660200:d=2021122100:SPFH:20 mb:3 hour fcst:
 5: 13:719554:d=2021122100:VVEL:20 mb:3 hour fcst:
 5: 14:837630:d=2021122100:DZDT:20 mb:3 hour fcst:
 5: 15:944389:d=2021122100:UGRD:20 mb:3 hour fcst:
 5: 16:984458:d=2021122100:VGRD:20 mb:3 hour fcst:
 5: 17:1022493:d=2021122100:ABSV:20 mb:3 hour fcst:
 5: 18:1093250:d=2021122100:O3MR:20 mb:3 hour fcst:
 5: 19:1193986:d=2021122100:HGT:30 mb:3 hour fcst:
 5: 20:1261094:d=2021122100:TMP:30 mb:3 hour fcst:
 5: 21:1319942:d=2021122100:RH:30 mb:3 hour fcst:
 5: 22:1336582:d=2021122100:SPFH:30 mb:3 hour fcst:
 5: 23:1405801:d=2021122100:VVEL:30 mb:3 hour fcst:
 5: 24:1517774:d=2021122100:DZDT:30 mb:3 hour fcst:
 5: 25:1621837:d=2021122100:UGRD:30 mb:3 hour fcst:
 5: 26:1689015:d=2021122100:VGRD:30 mb:3 hour fcst:
 5: 27:1754094:d=2021122100:ABSV:30 mb:3 hour fcst:
 5: 28:1822822:d=2021122100:O3MR:30 mb:3 hour fcst:
 5: 29:1924090:d=2021122100:HGT:40 mb:3 hour fcst:
 5: 30:1990376:d=2021122100:TMP:40 mb:3 hour fcst:
 5: 31:2050364:d=2021122100:RH:40 mb:3 hour fcst:
 5: + interp_atmos_master.sh[47]export err=0
 5: + interp_atmos_master.sh[47]err=0
 5: + interp_atmos_master.sh[48][[ 0 -ne 0 ]]
 5: + interp_atmos_master.sh[54]for grid in "${grids[@]}"
 5: + interp_atmos_master.sh[55]trim_rh pgb2file_f003_6_0p25
 5: + product_functions.sh[5]local filename=pgb2file_f003_6_0p25
 5: + product_functions.sh[6]wgrib2 pgb2file_f003_6_0p25 -not_if :RH: -grib pgb2file_f003_6_0p25.new -if :RH: -rpn '10:*:0.5:+:floor:1000:min:10:/' -set_grib_type same -set_scaling -1 0 -grib_out pgb2file_f003_6_0p25.new
 5: 1:0:d=2021122100:RH:15 mb:3 hour fcst:
 5: 2:71598:d=2021122100:SPFH:15 mb:3 hour fcst:
 5: 3:507830:d=2021122100:VVEL:15 mb:3 hour fcst:
 5: 4:1621144:d=2021122100:DZDT:15 mb:3 hour fcst:
 5: 5:2620962:d=2021122100:UGRD:15 mb:3 hour fcst:
 5: 6:2930223:d=2021122100:VGRD:15 mb:3 hour fcst:
 5: 7:3226974:d=2021122100:ABSV:15 mb:3 hour fcst:
 5: 8:3802149:d=2021122100:O3MR:15 mb:3 hour fcst:
 5: 9:4601297:d=2021122100:HGT:20 mb:3 hour fcst:
 5: 10:5050395:d=2021122100:TMP:20 mb:3 hour fcst:
 5: 11:5505179:d=2021122100:RH:20 mb:3 hour fcst:
 5: 12:5584941:d=2021122100:SPFH:20 mb:3 hour fcst:
 5: 13:6049442:d=2021122100:VVEL:20 mb:3 hour fcst:
 5: 14:7205482:d=2021122100:DZDT:20 mb:3 hour fcst:
 5: 15:8195436:d=2021122100:UGRD:20 mb:3 hour fcst:
 5: 16:8496867:d=2021122100:VGRD:20 mb:3 hour fcst:
 5: 17:8788952:d=2021122100:ABSV:20 mb:3 hour fcst:
 5: 18:9346754:d=2021122100:O3MR:20 mb:3 hour fcst:
 5: 19:10279806:d=2021122100:HGT:30 mb:3 hour fcst:
 5: 20:10808287:d=2021122100:TMP:30 mb:3 hour fcst:
 5: 21:11245628:d=2021122100:RH:30 mb:3 hour fcst:
 5: 22:11369143:d=2021122100:SPFH:30 mb:3 hour fcst:
 5: 23:11934279:d=2021122100:VVEL:30 mb:3 hour fcst:
 5: 24:13012106:d=2021122100:DZDT:30 mb:3 hour fcst:
 5: 25:13969315:d=2021122100:UGRD:30 mb:3 hour fcst:
 5: 26:14505632:d=2021122100:VGRD:30 mb:3 hour fcst:
 5: 27:15013719:d=2021122100:ABSV:30 mb:3 hour fcst:
 5: 28:15546901:d=2021122100:O3MR:30 mb:3 hour fcst:
 5: 29:16484861:d=2021122100:HGT:40 mb:3 hour fcst:
 5: 30:17002156:d=2021122100:TMP:40 mb:3 hour fcst:
 5: 31:17461423:d=2021122100:RH:40 mb:3 hour fcst:
 5: + product_functions.sh[10]rc=0
 5: + product_functions.sh[11]((  rc == 0  ))
 5: + product_functions.sh[11]mv pgb2file_f003_6_0p25.new pgb2file_f003_6_0p25
 5: + product_functions.sh[12]return 0
 5: + interp_atmos_master.sh[56]export err=0
 5: + interp_atmos_master.sh[56]err=0
 5: + interp_atmos_master.sh[57][[ 0 -ne 0 ]]
 5: ++ interp_atmos_master.sh[62]wc -l
 5: ++ interp_atmos_master.sh[62]wgrib2 pgb2file_f003_6_0p25 -match 'LAND|ICEC'
 5: + interp_atmos_master.sh[62]var_count=0
 5: + interp_atmos_master.sh[63][[ 0 -eq 2 ]]
 5: + interp_atmos_master.sh[54]for grid in "${grids[@]}"
 5: + interp_atmos_master.sh[55]trim_rh pgb2file_f003_6_0p50
 5: + product_functions.sh[5]local filename=pgb2file_f003_6_0p50
 5: + product_functions.sh[6]wgrib2 pgb2file_f003_6_0p50 -not_if :RH: -grib pgb2file_f003_6_0p50.new -if :RH: -rpn '10:*:0.5:+:floor:1000:min:10:/' -set_grib_type same -set_scaling -1 0 -grib_out pgb2file_f003_6_0p50.new
 5: 1:0:d=2021122100:RH:15 mb:3 hour fcst:
 5: 2:23426:d=2021122100:SPFH:15 mb:3 hour fcst:
 5: 3:161985:d=2021122100:VVEL:15 mb:3 hour fcst:
 5: 4:489169:d=2021122100:DZDT:15 mb:3 hour fcst:
 5: 5:785227:d=2021122100:UGRD:15 mb:3 hour fcst:
 5: 6:883341:d=2021122100:VGRD:15 mb:3 hour fcst:
 5: 7:977522:d=2021122100:ABSV:15 mb:3 hour fcst:
 5: 8:1164328:d=2021122100:O3MR:15 mb:3 hour fcst:
 5: 9:1410758:d=2021122100:HGT:20 mb:3 hour fcst:
 5: 10:1557808:d=2021122100:TMP:20 mb:3 hour fcst:
 5: 11:1708844:d=2021122100:RH:20 mb:3 hour fcst:
 5: 12:1735737:d=2021122100:SPFH:20 mb:3 hour fcst:
 5: 13:1885676:d=2021122100:VVEL:20 mb:3 hour fcst:
 5: 14:2224101:d=2021122100:DZDT:20 mb:3 hour fcst:
 5: 15:2517567:d=2021122100:UGRD:20 mb:3 hour fcst:
 5: 16:2613689:d=2021122100:VGRD:20 mb:3 hour fcst:
 5: 17:2705811:d=2021122100:ABSV:20 mb:3 hour fcst:
 5: 18:2887661:d=2021122100:O3MR:20 mb:3 hour fcst:
 5: 19:3169002:d=2021122100:HGT:30 mb:3 hour fcst:
 5: 20:3340505:d=2021122100:TMP:30 mb:3 hour fcst:
 5: 21:3486587:d=2021122100:RH:30 mb:3 hour fcst:
 5: 22:3527223:d=2021122100:SPFH:30 mb:3 hour fcst:
 5: 23:3705931:d=2021122100:VVEL:30 mb:3 hour fcst:
 5: 24:4024478:d=2021122100:DZDT:30 mb:3 hour fcst:
 5: 25:4310893:d=2021122100:UGRD:30 mb:3 hour fcst:
 5: 26:4485167:d=2021122100:VGRD:30 mb:3 hour fcst:
 5: 27:4652073:d=2021122100:ABSV:30 mb:3 hour fcst:
 5: 28:4826259:d=2021122100:O3MR:30 mb:3 hour fcst:
 5: 29:5110320:d=2021122100:HGT:40 mb:3 hour fcst:
 5: 30:5278955:d=2021122100:TMP:40 mb:3 hour fcst:
 5: 31:5430384:d=2021122100:RH:40 mb:3 hour fcst:
 5: + product_functions.sh[10]rc=0
 5: + product_functions.sh[11]((  rc == 0  ))
 5: + product_functions.sh[11]mv pgb2file_f003_6_0p50.new pgb2file_f003_6_0p50
 5: + product_functions.sh[12]return 0
 5: + interp_atmos_master.sh[56]export err=0
 5: + interp_atmos_master.sh[56]err=0
 5: + interp_atmos_master.sh[57][[ 0 -ne 0 ]]
 5: ++ interp_atmos_master.sh[62]wgrib2 pgb2file_f003_6_0p50 -match 'LAND|ICEC'
 5: ++ interp_atmos_master.sh[62]wc -l
 5: + interp_atmos_master.sh[62]var_count=0
 5: + interp_atmos_master.sh[63][[ 0 -eq 2 ]]
 5: + interp_atmos_master.sh[54]for grid in "${grids[@]}"
 5: + interp_atmos_master.sh[55]trim_rh pgb2file_f003_6_1p00
 5: + product_functions.sh[5]local filename=pgb2file_f003_6_1p00
 5: + product_functions.sh[6]wgrib2 pgb2file_f003_6_1p00 -not_if :RH: -grib pgb2file_f003_6_1p00.new -if :RH: -rpn '10:*:0.5:+:floor:1000:min:10:/' -set_grib_type same -set_scaling -1 0 -grib_out pgb2file_f003_6_1p00.new
 5: 1:0:d=2021122100:RH:15 mb:3 hour fcst:
 5: 2:7986:d=2021122100:SPFH:15 mb:3 hour fcst:
 5: 3:53959:d=2021122100:VVEL:15 mb:3 hour fcst:
 5: 4:149263:d=2021122100:DZDT:15 mb:3 hour fcst:
 5: 5:236835:d=2021122100:UGRD:15 mb:3 hour fcst:
 5: 6:270749:d=2021122100:VGRD:15 mb:3 hour fcst:
 5: 7:303183:d=2021122100:ABSV:15 mb:3 hour fcst:
 5: 8:362333:d=2021122100:O3MR:15 mb:3 hour fcst:
 5: 9:436607:d=2021122100:HGT:20 mb:3 hour fcst:
 5: 10:484938:d=2021122100:TMP:20 mb:3 hour fcst:
 5: 11:534368:d=2021122100:RH:20 mb:3 hour fcst:
 5: 12:543626:d=2021122100:SPFH:20 mb:3 hour fcst:
 5: 13:593028:d=2021122100:VVEL:20 mb:3 hour fcst:
 5: 14:691341:d=2021122100:DZDT:20 mb:3 hour fcst:
 5: 15:778175:d=2021122100:UGRD:20 mb:3 hour fcst:
 5: 16:811559:d=2021122100:VGRD:20 mb:3 hour fcst:
 5: 17:843563:d=2021122100:ABSV:20 mb:3 hour fcst:
 5: 18:901393:d=2021122100:O3MR:20 mb:3 hour fcst:
 5: 19:985227:d=2021122100:HGT:30 mb:3 hour fcst:
 5: 20:1040055:d=2021122100:TMP:30 mb:3 hour fcst:
 5: 21:1088221:d=2021122100:RH:30 mb:3 hour fcst:
 5: 22:1101230:d=2021122100:SPFH:30 mb:3 hour fcst:
 5: 23:1158413:d=2021122100:VVEL:30 mb:3 hour fcst:
 5: 24:1251606:d=2021122100:DZDT:30 mb:3 hour fcst:
 5: 25:1336784:d=2021122100:UGRD:30 mb:3 hour fcst:
 5: 26:1392736:d=2021122100:VGRD:30 mb:3 hour fcst:
 5: 27:1447101:d=2021122100:ABSV:30 mb:3 hour fcst:
 5: 28:1502835:d=2021122100:O3MR:30 mb:3 hour fcst:
 5: 29:1586926:d=2021122100:HGT:40 mb:3 hour fcst:
 5: 30:1641025:d=2021122100:TMP:40 mb:3 hour fcst:
 5: 31:1690300:d=2021122100:RH:40 mb:3 hour fcst:
 5: + product_functions.sh[10]rc=0
 5: + product_functions.sh[11]((  rc == 0  ))
 5: + product_functions.sh[11]mv pgb2file_f003_6_1p00.new pgb2file_f003_6_1p00
 5: + product_functions.sh[12]return 0
 5: + interp_atmos_master.sh[56]export err=0
 5: + interp_atmos_master.sh[56]err=0
 5: + interp_atmos_master.sh[57][[ 0 -ne 0 ]]
 5: ++ interp_atmos_master.sh[62]wc -l
 5: ++ interp_atmos_master.sh[62]wgrib2 pgb2file_f003_6_1p00 -match 'LAND|ICEC'
 5: + interp_atmos_master.sh[62]var_count=0
 5: + interp_atmos_master.sh[63][[ 0 -eq 2 ]]
 5: + interp_atmos_master.sh[73]exit 0
21: + bash[8]'[' -z '' ']'
21: + bash[9]case "$-" in
21: + bash[12]__lmod_vx=x
21: + bash[16]'[' -n x ']'
21: + bash[16]set +x
21: Shell debugging temporarily silenced: export LMOD_SH_DBG_ON=1 for this output (/apps/other/lmod/lmod/init/bash)
21: Shell debugging restarted
21: + bash[224]unset __lmod_vx
21: + interp_atmos_master.sh[7]input_file=tmpfile_f003_22
21: + interp_atmos_master.sh[8]output_file_prefix=pgb2file_f003_22
21: + interp_atmos_master.sh[9]grid_string=0p25:0p50:1p00
21: + interp_atmos_master.sh[12]defaults='-set_grib_type same -set_bitmap 1 -set_grib_max_bits 16'
21: + interp_atmos_master.sh[13]interp_winds='-new_grid_winds earth'
21: + interp_atmos_master.sh[14]interp_bilinear='-new_grid_interpolation bilinear'
21: + interp_atmos_master.sh[15]interp_neighbor='-if :(CSNOW|CRAIN|CFRZR|CICEP|ICSEV): -new_grid_interpolation neighbor -fi'
21: + interp_atmos_master.sh[16]interp_budget='-if :(APCP|ACPCP|PRATE|CPRAT|DZDT): -new_grid_interpolation budget -fi'
21: + interp_atmos_master.sh[17]increased_bits='-if :(APCP|ACPCP|PRATE|CPRAT): -set_grib_max_bits 25 -fi'
21: + interp_atmos_master.sh[21]grid0p25='latlon 0:1440:0.25 90:721:-0.25'
21: + interp_atmos_master.sh[23]grid0p50='latlon 0:720:0.5 90:361:-0.5'
21: + interp_atmos_master.sh[25]grid1p00='latlon 0:360:1.0 90:181:-1.0'
21: + interp_atmos_master.sh[28]source /work2/noaa/global/mterry/global-workflow_forked/ush/product_functions.sh
21: + interp_atmos_master.sh[31]IFS=:
21: + interp_atmos_master.sh[31]read -ra grids
21: + interp_atmos_master.sh[33]output_grids=
21: + interp_atmos_master.sh[34]for grid in "${grids[@]}"
21: + interp_atmos_master.sh[35]gridopt=grid0p25
21: + interp_atmos_master.sh[36]output_grids=' -new_grid latlon 0:1440:0.25 90:721:-0.25 pgb2file_f003_22_0p25'
21: + interp_atmos_master.sh[34]for grid in "${grids[@]}"
21: + interp_atmos_master.sh[35]gridopt=grid0p50
21: + interp_atmos_master.sh[36]output_grids=' -new_grid latlon 0:1440:0.25 90:721:-0.25 pgb2file_f003_22_0p25 -new_grid latlon 0:720:0.5 90:361:-0.5 pgb2file_f003_22_0p50'
21: + interp_atmos_master.sh[34]for grid in "${grids[@]}"
21: + interp_atmos_master.sh[35]gridopt=grid1p00
21: + interp_atmos_master.sh[36]output_grids=' -new_grid latlon 0:1440:0.25 90:721:-0.25 pgb2file_f003_22_0p25 -new_grid latlon 0:720:0.5 90:361:-0.5 pgb2file_f003_22_0p50 -new_grid latlon 0:360:1.0 90:181:-1.0 pgb2file_f003_22_1p00'
21: + interp_atmos_master.sh[40]wgrib2 tmpfile_f003_22 -set_grib_type same -set_bitmap 1 -set_grib_max_bits 16 -new_grid_winds earth -new_grid_interpolation bilinear -if ':(CSNOW|CRAIN|CFRZR|CICEP|ICSEV):' -new_grid_interpolation neighbor -fi -if ':(APCP|ACPCP|PRATE|CPRAT|DZDT):' -new_grid_interpolation budget -fi -if ':(APCP|ACPCP|PRATE|CPRAT):' -set_grib_max_bits 25 -fi -new_grid latlon 0:1440:0.25 90:721:-0.25 pgb2file_f003_22_0p25 -new_grid latlon 0:720:0.5 90:361:-0.5 pgb2file_f003_22_0p50 -new_grid latlon 0:360:1.0 90:181:-1.0 pgb2file_f003_22_1p00
21: 1:0:d=2021122100:DLWRF:surface:0-3 hour ave fcst:
21: 2:80113:d=2021122100:USWRF:surface:0-3 hour ave fcst:
21: 3:137433:d=2021122100:ULWRF:surface:0-3 hour ave fcst:
21: 4:203454:d=2021122100:USWRF:top of atmosphere:0-3 hour ave fcst:
21: 5:271464:d=2021122100:ULWRF:top of atmosphere:0-3 hour ave fcst:
21: 6:346152:d=2021122100:AOTK:entire atmosphere:3 hour fcst:aerosol=Total Aerosol:aerosol_size <2e-05:aerosol_wavelength >=5.45e-07,<=5.55e-07
21: 7:446445:d=2021122100:AOTK:entire atmosphere:3 hour fcst:aerosol=Dust Dry:aerosol_size <2e-05:aerosol_wavelength >=5.45e-07,<=5.55e-07
21: 8:500563:d=2021122100:AOTK:entire atmosphere:3 hour fcst:aerosol=Sea Salt Dry:aerosol_size <2e-05:aerosol_wavelength >=5.45e-07,<=5.55e-07
21: 9:602359:d=2021122100:AOTK:entire atmosphere:3 hour fcst:aerosol=Sulphate Dry:aerosol_size <2e-05:aerosol_wavelength >=5.45e-07,<=5.55e-07
21: 10:695419:d=2021122100:AOTK:entire atmosphere:3 hour fcst:aerosol=Particulate Organic Matter Dry:aerosol_size <2e-05:aerosol_wavelength >=5.45e-07,<=5.55e-07
21: 11:787836:d=2021122100:AOTK:entire atmosphere:3 hour fcst:aerosol=Black Carbon Dry:aerosol_size <2e-05:aerosol_wavelength >=5.45e-07,<=5.55e-07
21: 12:868916:d=2021122100:HLCY:3000-0 m above ground:3 hour fcst:
21: 13:925817:d=2021122100:HLCY:1000-0 m above ground:3 hour fcst:
21: 14:978064:d=2021122100:USTM:6000-0 m above ground:3 hour fcst:
21: 15:1059720:d=2021122100:VSTM:6000-0 m above ground:3 hour fcst:
21: 16:1140792:d=2021122100:PRES:tropopause:3 hour fcst:
21: 17:1253324:d=2021122100:ICAHT:tropopause:3 hour fcst:
21: 18:1360771:d=2021122100:HGT:tropopause:3 hour fcst:
21: 19:1468353:d=2021122100:TMP:tropopause:3 hour fcst:
21: 20:1549435:d=2021122100:UGRD:tropopause:3 hour fcst:
21: 21:1608680:d=2021122100:VGRD:tropopause:3 hour fcst:
21: 22:1666463:d=2021122100:VWSH:tropopause:3 hour fcst:
21: 23:1740859:d=2021122100:PRES:max wind:3 hour fcst:
21: 24:1873205:d=2021122100:ICAHT:max wind:3 hour fcst:
21: 25:2008341:d=2021122100:HGT:max wind:3 hour fcst:
21: 26:2143895:d=2021122100:UGRD:max wind:3 hour fcst:
21: 27:2204915:d=2021122100:VGRD:max wind:3 hour fcst:
21: 28:2269186:d=2021122100:TMP:max wind:3 hour fcst:
21: 29:2370323:d=2021122100:UGRD:20 m above ground:3 hour fcst:
21: 30:2445373:d=2021122100:VGRD:20 m above ground:3 hour fcst:
21: 31:2521277:d=2021122100:UGRD:30 m above ground:3 hour fcst:
21: 32:2597030:d=2021122100:VGRD:30 m above ground:3 hour fcst:
21: + interp_atmos_master.sh[47]export err=0
21: + interp_atmos_master.sh[47]err=0
21: + interp_atmos_master.sh[48][[ 0 -ne 0 ]]
21: + interp_atmos_master.sh[54]for grid in "${grids[@]}"
21: + interp_atmos_master.sh[55]trim_rh pgb2file_f003_22_0p25
21: + product_functions.sh[5]local filename=pgb2file_f003_22_0p25
21: + product_functions.sh[6]wgrib2 pgb2file_f003_22_0p25 -not_if :RH: -grib pgb2file_f003_22_0p25.new -if :RH: -rpn '10:*:0.5:+:floor:1000:min:10:/' -set_grib_type same -set_scaling -1 0 -grib_out pgb2file_f003_22_0p25.new
21: 1:0:d=2021122100:DLWRF:surface:0-3 hour ave fcst:
21: 2:644298:d=2021122100:USWRF:surface:0-3 hour ave fcst:
21: 3:1122909:d=2021122100:ULWRF:surface:0-3 hour ave fcst:
21: 4:1621994:d=2021122100:USWRF:top of atmosphere:0-3 hour ave fcst:
21: 5:2225606:d=2021122100:ULWRF:top of atmosphere:0-3 hour ave fcst:
21: 6:2820052:d=2021122100:AOTK:entire atmosphere:3 hour fcst:aerosol=Total Aerosol:aerosol_size <2e-05:aerosol_wavelength >=5.45e-07,<=5.55e-07
21: 7:3728963:d=2021122100:AOTK:entire atmosphere:3 hour fcst:aerosol=Dust Dry:aerosol_size <2e-05:aerosol_wavelength >=5.45e-07,<=5.55e-07
21: 8:4158084:d=2021122100:AOTK:entire atmosphere:3 hour fcst:aerosol=Sea Salt Dry:aerosol_size <2e-05:aerosol_wavelength >=5.45e-07,<=5.55e-07
21: 9:5093684:d=2021122100:AOTK:entire atmosphere:3 hour fcst:aerosol=Sulphate Dry:aerosol_size <2e-05:aerosol_wavelength >=5.45e-07,<=5.55e-07
21: 10:5906056:d=2021122100:AOTK:entire atmosphere:3 hour fcst:aerosol=Particulate Organic Matter Dry:aerosol_size <2e-05:aerosol_wavelength >=5.45e-07,<=5.55e-07
21: 11:6695710:d=2021122100:AOTK:entire atmosphere:3 hour fcst:aerosol=Black Carbon Dry:aerosol_size <2e-05:aerosol_wavelength >=5.45e-07,<=5.55e-07
21: 12:7358330:d=2021122100:HLCY:3000-0 m above ground:3 hour fcst:
21: 13:7766739:d=2021122100:HLCY:1000-0 m above ground:3 hour fcst:
21: 14:8131467:d=2021122100:USTM:6000-0 m above ground:3 hour fcst:
21: 15:8797405:d=2021122100:VSTM:6000-0 m above ground:3 hour fcst:
21: 16:9456141:d=2021122100:PRES:tropopause:3 hour fcst:
21: 17:10466897:d=2021122100:ICAHT:tropopause:3 hour fcst:
21: 18:11420488:d=2021122100:HGT:tropopause:3 hour fcst:
21: 19:12360011:d=2021122100:TMP:tropopause:3 hour fcst:
21: 20:13005122:d=2021122100:UGRD:tropopause:3 hour fcst:
21: 21:13431441:d=2021122100:VGRD:tropopause:3 hour fcst:
21: 22:13845217:d=2021122100:VWSH:tropopause:3 hour fcst:
21: 23:14421391:d=2021122100:PRES:max wind:3 hour fcst:
21: 24:15638058:d=2021122100:ICAHT:max wind:3 hour fcst:
21: 25:16889705:d=2021122100:HGT:max wind:3 hour fcst:
21: 26:18142911:d=2021122100:UGRD:max wind:3 hour fcst:
21: 27:18582571:d=2021122100:VGRD:max wind:3 hour fcst:
21: 28:19048439:d=2021122100:TMP:max wind:3 hour fcst:
21: 29:19897524:d=2021122100:UGRD:20 m above ground:3 hour fcst:
21: 30:20502850:d=2021122100:VGRD:20 m above ground:3 hour fcst:
21: 31:21110603:d=2021122100:UGRD:30 m above ground:3 hour fcst:
21: 32:21724732:d=2021122100:VGRD:30 m above ground:3 hour fcst:
21: + product_functions.sh[10]rc=0
21: + product_functions.sh[11]((  rc == 0  ))
21: + product_functions.sh[11]mv pgb2file_f003_22_0p25.new pgb2file_f003_22_0p25
21: + product_functions.sh[12]return 0
21: + interp_atmos_master.sh[56]export err=0
21: + interp_atmos_master.sh[56]err=0
21: + interp_atmos_master.sh[57][[ 0 -ne 0 ]]
21: ++ interp_atmos_master.sh[62]wc -l
21: ++ interp_atmos_master.sh[62]wgrib2 pgb2file_f003_22_0p25 -match 'LAND|ICEC'
21: + interp_atmos_master.sh[62]var_count=0
21: + interp_atmos_master.sh[63][[ 0 -eq 2 ]]
21: + interp_atmos_master.sh[54]for grid in "${grids[@]}"
21: + interp_atmos_master.sh[55]trim_rh pgb2file_f003_22_0p50
21: + product_functions.sh[5]local filename=pgb2file_f003_22_0p50
21: + product_functions.sh[6]wgrib2 pgb2file_f003_22_0p50 -not_if :RH: -grib pgb2file_f003_22_0p50.new -if :RH: -rpn '10:*:0.5:+:floor:1000:min:10:/' -set_grib_type same -set_scaling -1 0 -grib_out pgb2file_f003_22_0p50.new
21: 1:0:d=2021122100:DLWRF:surface:0-3 hour ave fcst:
21: 2:211077:d=2021122100:USWRF:surface:0-3 hour ave fcst:
21: 3:363290:d=2021122100:ULWRF:surface:0-3 hour ave fcst:
21: 4:528612:d=2021122100:USWRF:top of atmosphere:0-3 hour ave fcst:
21: 5:713455:d=2021122100:ULWRF:top of atmosphere:0-3 hour ave fcst:
21: 6:907406:d=2021122100:AOTK:entire atmosphere:3 hour fcst:aerosol=Total Aerosol:aerosol_size <2e-05:aerosol_wavelength >=5.45e-07,<=5.55e-07
21: 7:1184943:d=2021122100:AOTK:entire atmosphere:3 hour fcst:aerosol=Dust Dry:aerosol_size <2e-05:aerosol_wavelength >=5.45e-07,<=5.55e-07
21: 8:1320117:d=2021122100:AOTK:entire atmosphere:3 hour fcst:aerosol=Sea Salt Dry:aerosol_size <2e-05:aerosol_wavelength >=5.45e-07,<=5.55e-07
21: 9:1603625:d=2021122100:AOTK:entire atmosphere:3 hour fcst:aerosol=Sulphate Dry:aerosol_size <2e-05:aerosol_wavelength >=5.45e-07,<=5.55e-07
21: 10:1856367:d=2021122100:AOTK:entire atmosphere:3 hour fcst:aerosol=Particulate Organic Matter Dry:aerosol_size <2e-05:aerosol_wavelength >=5.45e-07,<=5.55e-07
21: 11:2104214:d=2021122100:AOTK:entire atmosphere:3 hour fcst:aerosol=Black Carbon Dry:aerosol_size <2e-05:aerosol_wavelength >=5.45e-07,<=5.55e-07
21: 12:2315379:d=2021122100:HLCY:3000-0 m above ground:3 hour fcst:
21: 13:2454003:d=2021122100:HLCY:1000-0 m above ground:3 hour fcst:
21: 14:2577604:d=2021122100:USTM:6000-0 m above ground:3 hour fcst:
21: 15:2794019:d=2021122100:VSTM:6000-0 m above ground:3 hour fcst:
21: 16:3006652:d=2021122100:PRES:tropopause:3 hour fcst:
21: 17:3320738:d=2021122100:ICAHT:tropopause:3 hour fcst:
21: 18:3618130:d=2021122100:HGT:tropopause:3 hour fcst:
21: 19:3913264:d=2021122100:TMP:tropopause:3 hour fcst:
21: 20:4123088:d=2021122100:UGRD:tropopause:3 hour fcst:
21: 21:4266691:d=2021122100:VGRD:tropopause:3 hour fcst:
21: 22:4407727:d=2021122100:VWSH:tropopause:3 hour fcst:
21: 23:4599363:d=2021122100:PRES:max wind:3 hour fcst:
21: 24:4975414:d=2021122100:ICAHT:max wind:3 hour fcst:
21: 25:5360141:d=2021122100:HGT:max wind:3 hour fcst:
21: 26:5745572:d=2021122100:UGRD:max wind:3 hour fcst:
21: 27:5895691:d=2021122100:VGRD:max wind:3 hour fcst:
21: 28:6055623:d=2021122100:TMP:max wind:3 hour fcst:
21: 29:6330414:d=2021122100:UGRD:20 m above ground:3 hour fcst:
21: 30:6527319:d=2021122100:VGRD:20 m above ground:3 hour fcst:
21: 31:6725142:d=2021122100:UGRD:30 m above ground:3 hour fcst:
21: 32:6924599:d=2021122100:VGRD:30 m above ground:3 hour fcst:
21: + product_functions.sh[10]rc=0
21: + product_functions.sh[11]((  rc == 0  ))
21: + product_functions.sh[11]mv pgb2file_f003_22_0p50.new pgb2file_f003_22_0p50
21: + product_functions.sh[12]return 0
21: + interp_atmos_master.sh[56]export err=0
21: + interp_atmos_master.sh[56]err=0
21: + interp_atmos_master.sh[57][[ 0 -ne 0 ]]
21: ++ interp_atmos_master.sh[62]wc -l
21: ++ interp_atmos_master.sh[62]wgrib2 pgb2file_f003_22_0p50 -match 'LAND|ICEC'
21: + interp_atmos_master.sh[62]var_count=0
21: + interp_atmos_master.sh[63][[ 0 -eq 2 ]]
21: + interp_atmos_master.sh[54]for grid in "${grids[@]}"
21: + interp_atmos_master.sh[55]trim_rh pgb2file_f003_22_1p00
21: + product_functions.sh[5]local filename=pgb2file_f003_22_1p00
21: + product_functions.sh[6]wgrib2 pgb2file_f003_22_1p00 -not_if :RH: -grib pgb2file_f003_22_1p00.new -if :RH: -rpn '10:*:0.5:+:floor:1000:min:10:/' -set_grib_type same -set_scaling -1 0 -grib_out pgb2file_f003_22_1p00.new
21: 1:0:d=2021122100:DLWRF:surface:0-3 hour ave fcst:
21: 2:66257:d=2021122100:USWRF:surface:0-3 hour ave fcst:
21: 3:113418:d=2021122100:ULWRF:surface:0-3 hour ave fcst:
21: 4:167577:d=2021122100:USWRF:top of atmosphere:0-3 hour ave fcst:
21: 5:223501:d=2021122100:ULWRF:top of atmosphere:0-3 hour ave fcst:
21: 6:284848:d=2021122100:AOTK:entire atmosphere:3 hour fcst:aerosol=Total Aerosol:aerosol_size <2e-05:aerosol_wavelength >=5.45e-07,<=5.55e-07
21: 7:367601:d=2021122100:AOTK:entire atmosphere:3 hour fcst:aerosol=Dust Dry:aerosol_size <2e-05:aerosol_wavelength >=5.45e-07,<=5.55e-07
21: 8:412351:d=2021122100:AOTK:entire atmosphere:3 hour fcst:aerosol=Sea Salt Dry:aerosol_size <2e-05:aerosol_wavelength >=5.45e-07,<=5.55e-07
21: 9:497314:d=2021122100:AOTK:entire atmosphere:3 hour fcst:aerosol=Sulphate Dry:aerosol_size <2e-05:aerosol_wavelength >=5.45e-07,<=5.55e-07
21: 10:574261:d=2021122100:AOTK:entire atmosphere:3 hour fcst:aerosol=Particulate Organic Matter Dry:aerosol_size <2e-05:aerosol_wavelength >=5.45e-07,<=5.55e-07
21: 11:650862:d=2021122100:AOTK:entire atmosphere:3 hour fcst:aerosol=Black Carbon Dry:aerosol_size <2e-05:aerosol_wavelength >=5.45e-07,<=5.55e-07
21: 12:717481:d=2021122100:HLCY:3000-0 m above ground:3 hour fcst:
21: 13:764298:d=2021122100:HLCY:1000-0 m above ground:3 hour fcst:
21: 14:806766:d=2021122100:USTM:6000-0 m above ground:3 hour fcst:
21: 15:875602:d=2021122100:VSTM:6000-0 m above ground:3 hour fcst:
21: 16:943446:d=2021122100:PRES:tropopause:3 hour fcst:
21: 17:1037626:d=2021122100:ICAHT:tropopause:3 hour fcst:
21: 18:1127654:d=2021122100:HGT:tropopause:3 hour fcst:
21: 19:1217192:d=2021122100:TMP:tropopause:3 hour fcst:
21: 20:1283682:d=2021122100:UGRD:tropopause:3 hour fcst:
21: 21:1332007:d=2021122100:VGRD:tropopause:3 hour fcst:
21: 22:1379538:d=2021122100:VWSH:tropopause:3 hour fcst:
21: 23:1438863:d=2021122100:PRES:max wind:3 hour fcst:
21: 24:1549774:d=2021122100:ICAHT:max wind:3 hour fcst:
21: 25:1662847:d=2021122100:HGT:max wind:3 hour fcst:
21: 26:1776233:d=2021122100:UGRD:max wind:3 hour fcst:
21: 27:1826191:d=2021122100:VGRD:max wind:3 hour fcst:
21: 28:1879088:d=2021122100:TMP:max wind:3 hour fcst:
21: 29:1963455:d=2021122100:UGRD:20 m above ground:3 hour fcst:
21: 30:2026196:d=2021122100:VGRD:20 m above ground:3 hour fcst:
21: 31:2089548:d=2021122100:UGRD:30 m above ground:3 hour fcst:
21: 32:2152923:d=2021122100:VGRD:30 m above ground:3 hour fcst:
21: + product_functions.sh[10]rc=0
21: + product_functions.sh[11]((  rc == 0  ))
21: + product_functions.sh[11]mv pgb2file_f003_22_1p00.new pgb2file_f003_22_1p00
21: + product_functions.sh[12]return 0
21: + interp_atmos_master.sh[56]export err=0
21: + interp_atmos_master.sh[56]err=0
21: + interp_atmos_master.sh[57][[ 0 -ne 0 ]]
21: ++ interp_atmos_master.sh[62]wc -l
21: ++ interp_atmos_master.sh[62]wgrib2 pgb2file_f003_22_1p00 -match 'LAND|ICEC'
21: + interp_atmos_master.sh[62]var_count=0
21: + interp_atmos_master.sh[63][[ 0 -eq 2 ]]
21: + interp_atmos_master.sh[73]exit 0
11: + bash[8]'[' -z '' ']'
11: + bash[9]case "$-" in
11: + bash[12]__lmod_vx=x
11: + bash[16]'[' -n x ']'
11: + bash[16]set +x
11: Shell debugging temporarily silenced: export LMOD_SH_DBG_ON=1 for this output (/apps/other/lmod/lmod/init/bash)
11: Shell debugging restarted
11: + bash[224]unset __lmod_vx
11: + interp_atmos_master.sh[7]input_file=tmpfile_f003_12
11: + interp_atmos_master.sh[8]output_file_prefix=pgb2file_f003_12
11: + interp_atmos_master.sh[9]grid_string=0p25:0p50:1p00
11: + interp_atmos_master.sh[12]defaults='-set_grib_type same -set_bitmap 1 -set_grib_max_bits 16'
11: + interp_atmos_master.sh[13]interp_winds='-new_grid_winds earth'
11: + interp_atmos_master.sh[14]interp_bilinear='-new_grid_interpolation bilinear'
11: + interp_atmos_master.sh[15]interp_neighbor='-if :(CSNOW|CRAIN|CFRZR|CICEP|ICSEV): -new_grid_interpolation neighbor -fi'
11: + interp_atmos_master.sh[16]interp_budget='-if :(APCP|ACPCP|PRATE|CPRAT|DZDT): -new_grid_interpolation budget -fi'
11: + interp_atmos_master.sh[17]increased_bits='-if :(APCP|ACPCP|PRATE|CPRAT): -set_grib_max_bits 25 -fi'
11: + interp_atmos_master.sh[21]grid0p25='latlon 0:1440:0.25 90:721:-0.25'
11: + interp_atmos_master.sh[23]grid0p50='latlon 0:720:0.5 90:361:-0.5'
11: + interp_atmos_master.sh[25]grid1p00='latlon 0:360:1.0 90:181:-1.0'
11: + interp_atmos_master.sh[28]source /work2/noaa/global/mterry/global-workflow_forked/ush/product_functions.sh
11: + interp_atmos_master.sh[31]IFS=:
11: + interp_atmos_master.sh[31]read -ra grids
11: + interp_atmos_master.sh[33]output_grids=
11: + interp_atmos_master.sh[34]for grid in "${grids[@]}"
11: + interp_atmos_master.sh[35]gridopt=grid0p25
11: + interp_atmos_master.sh[36]output_grids=' -new_grid latlon 0:1440:0.25 90:721:-0.25 pgb2file_f003_12_0p25'
11: + interp_atmos_master.sh[34]for grid in "${grids[@]}"
11: + interp_atmos_master.sh[35]gridopt=grid0p50
11: + interp_atmos_master.sh[36]output_grids=' -new_grid latlon 0:1440:0.25 90:721:-0.25 pgb2file_f003_12_0p25 -new_grid latlon 0:720:0.5 90:361:-0.5 pgb2file_f003_12_0p50'
11: + interp_atmos_master.sh[34]for grid in "${grids[@]}"
11: + interp_atmos_master.sh[35]gridopt=grid1p00
11: + interp_atmos_master.sh[36]output_grids=' -new_grid latlon 0:1440:0.25 90:721:-0.25 pgb2file_f003_12_0p25 -new_grid latlon 0:720:0.5 90:361:-0.5 pgb2file_f003_12_0p50 -new_grid latlon 0:360:1.0 90:181:-1.0 pgb2file_f003_12_1p00'
11: + interp_atmos_master.sh[40]wgrib2 tmpfile_f003_12 -set_grib_type same -set_bitmap 1 -set_grib_max_bits 16 -new_grid_winds earth -new_grid_interpolation bilinear -if ':(CSNOW|CRAIN|CFRZR|CICEP|ICSEV):' -new_grid_interpolation neighbor -fi -if ':(APCP|ACPCP|PRATE|CPRAT|DZDT):' -new_grid_interpolation budget -fi -if ':(APCP|ACPCP|PRATE|CPRAT):' -set_grib_max_bits 25 -fi -new_grid latlon 0:1440:0.25 90:721:-0.25 pgb2file_f003_12_0p25 -new_grid latlon 0:720:0.5 90:361:-0.5 pgb2file_f003_12_0p50 -new_grid latlon 0:360:1.0 90:181:-1.0 pgb2file_f003_12_1p00
11: 1:0:d=2021122100:CLMR:450 mb:3 hour fcst:
11: 2:3291:d=2021122100:ICMR:450 mb:3 hour fcst:
11: 3:44567:d=2021122100:RWMR:450 mb:3 hour fcst:
11: 4:45748:d=2021122100:SNMR:450 mb:3 hour fcst:
11: 5:82457:d=2021122100:GRLE:450 mb:3 hour fcst:
11: 6:85770:d=2021122100:O3MR:450 mb:3 hour fcst:
11: 7:174058:d=2021122100:HGT:500 mb:3 hour fcst:
11: 8:255432:d=2021122100:TMP:500 mb:3 hour fcst:
11: 9:320241:d=2021122100:RH:500 mb:3 hour fcst:
11: 10:390787:d=2021122100:TCDC:500 mb:3 hour fcst:
11: 11:421088:d=2021122100:SPFH:500 mb:3 hour fcst:
11: 12:527574:d=2021122100:VVEL:500 mb:3 hour fcst:
11: 13:627709:d=2021122100:DZDT:500 mb:3 hour fcst:
11: 14:737834:d=2021122100:UGRD:500 mb:3 hour fcst:
11: 15:814705:d=2021122100:VGRD:500 mb:3 hour fcst:
11: 16:892536:d=2021122100:ABSV:500 mb:3 hour fcst:
11: 17:976447:d=2021122100:CLMR:500 mb:3 hour fcst:
11: 18:982642:d=2021122100:ICMR:500 mb:3 hour fcst:
11: 19:1025155:d=2021122100:RWMR:500 mb:3 hour fcst:
11: 20:1027701:d=2021122100:SNMR:500 mb:3 hour fcst:
11: 21:1065096:d=2021122100:GRLE:500 mb:3 hour fcst:
11: 22:1068018:d=2021122100:O3MR:500 mb:3 hour fcst:
11: 23:1177112:d=2021122100:HGT:550 mb:3 hour fcst:
11: 24:1258107:d=2021122100:TMP:550 mb:3 hour fcst:
11: 25:1323007:d=2021122100:RH:550 mb:3 hour fcst:
11: 26:1393923:d=2021122100:TCDC:550 mb:3 hour fcst:
11: 27:1424197:d=2021122100:SPFH:550 mb:3 hour fcst:
11: 28:1535023:d=2021122100:VVEL:550 mb:3 hour fcst:
11: 29:1635544:d=2021122100:DZDT:550 mb:3 hour fcst:
11: 30:1734757:d=2021122100:UGRD:550 mb:3 hour fcst:
11: 31:1809950:d=2021122100:VGRD:550 mb:3 hour fcst:
11: + interp_atmos_master.sh[47]export err=0
11: + interp_atmos_master.sh[47]err=0
11: + interp_atmos_master.sh[48][[ 0 -ne 0 ]]
11: + interp_atmos_master.sh[54]for grid in "${grids[@]}"
11: + interp_atmos_master.sh[55]trim_rh pgb2file_f003_12_0p25
11: + product_functions.sh[5]local filename=pgb2file_f003_12_0p25
11: + product_functions.sh[6]wgrib2 pgb2file_f003_12_0p25 -not_if :RH: -grib pgb2file_f003_12_0p25.new -if :RH: -rpn '10:*:0.5:+:floor:1000:min:10:/' -set_grib_type same -set_scaling -1 0 -grib_out pgb2file_f003_12_0p25.new
11: 1:0:d=2021122100:CLMR:450 mb:3 hour fcst:
11: 2:26375:d=2021122100:ICMR:450 mb:3 hour fcst:
11: 3:351644:d=2021122100:RWMR:450 mb:3 hour fcst:
11: 4:358794:d=2021122100:SNMR:450 mb:3 hour fcst:
11: 5:636517:d=2021122100:GRLE:450 mb:3 hour fcst:
11: 6:654476:d=2021122100:O3MR:450 mb:3 hour fcst:
11: 7:1409197:d=2021122100:HGT:500 mb:3 hour fcst:
11: 8:2073635:d=2021122100:TMP:500 mb:3 hour fcst:
11: 9:2562678:d=2021122100:RH:500 mb:3 hour fcst:
11: 10:3107525:d=2021122100:TCDC:500 mb:3 hour fcst:
11: 11:3332971:d=2021122100:SPFH:500 mb:3 hour fcst:
11: 12:4306396:d=2021122100:VVEL:500 mb:3 hour fcst:
11: 13:5224451:d=2021122100:DZDT:500 mb:3 hour fcst:
11: 14:6238909:d=2021122100:UGRD:500 mb:3 hour fcst:
11: 15:6866516:d=2021122100:VGRD:500 mb:3 hour fcst:
11: 16:7514904:d=2021122100:ABSV:500 mb:3 hour fcst:
11: 17:8222416:d=2021122100:CLMR:500 mb:3 hour fcst:
11: 18:8273045:d=2021122100:ICMR:500 mb:3 hour fcst:
11: 19:8618307:d=2021122100:RWMR:500 mb:3 hour fcst:
11: 20:8634768:d=2021122100:SNMR:500 mb:3 hour fcst:
11: 21:8921034:d=2021122100:GRLE:500 mb:3 hour fcst:
11: 22:8938589:d=2021122100:O3MR:500 mb:3 hour fcst:
11: 23:9957078:d=2021122100:HGT:550 mb:3 hour fcst:
11: 24:10615057:d=2021122100:TMP:550 mb:3 hour fcst:
11: 25:11109757:d=2021122100:RH:550 mb:3 hour fcst:
11: 26:11659473:d=2021122100:TCDC:550 mb:3 hour fcst:
11: 27:11887416:d=2021122100:SPFH:550 mb:3 hour fcst:
11: 28:12910451:d=2021122100:VVEL:550 mb:3 hour fcst:
11: 29:13830569:d=2021122100:DZDT:550 mb:3 hour fcst:
11: 30:14713007:d=2021122100:UGRD:550 mb:3 hour fcst:
11: 31:15329641:d=2021122100:VGRD:550 mb:3 hour fcst:
11: + product_functions.sh[10]rc=0
11: + product_functions.sh[11]((  rc == 0  ))
11: + product_functions.sh[11]mv pgb2file_f003_12_0p25.new pgb2file_f003_12_0p25
11: + product_functions.sh[12]return 0
11: + interp_atmos_master.sh[56]export err=0
11: + interp_atmos_master.sh[56]err=0
11: + interp_atmos_master.sh[57][[ 0 -ne 0 ]]
11: ++ interp_atmos_master.sh[62]wc -l
11: ++ interp_atmos_master.sh[62]wgrib2 pgb2file_f003_12_0p25 -match 'LAND|ICEC'
11: + interp_atmos_master.sh[62]var_count=0
11: + interp_atmos_master.sh[63][[ 0 -eq 2 ]]
11: + interp_atmos_master.sh[54]for grid in "${grids[@]}"
11: + interp_atmos_master.sh[55]trim_rh pgb2file_f003_12_0p50
11: + product_functions.sh[5]local filename=pgb2file_f003_12_0p50
11: + product_functions.sh[6]wgrib2 pgb2file_f003_12_0p50 -not_if :RH: -grib pgb2file_f003_12_0p50.new -if :RH: -rpn '10:*:0.5:+:floor:1000:min:10:/' -set_grib_type same -set_scaling -1 0 -grib_out pgb2file_f003_12_0p50.new
11: 1:0:d=2021122100:CLMR:450 mb:3 hour fcst:
11: 2:9516:d=2021122100:ICMR:450 mb:3 hour fcst:
11: 3:118354:d=2021122100:RWMR:450 mb:3 hour fcst:
11: 4:121243:d=2021122100:SNMR:450 mb:3 hour fcst:
11: 5:216523:d=2021122100:GRLE:450 mb:3 hour fcst:
11: 6:223805:d=2021122100:O3MR:450 mb:3 hour fcst:
11: 7:461109:d=2021122100:HGT:500 mb:3 hour fcst:
11: 8:673166:d=2021122100:TMP:500 mb:3 hour fcst:
11: 9:836321:d=2021122100:RH:500 mb:3 hour fcst:
11: 10:1017162:d=2021122100:TCDC:500 mb:3 hour fcst:
11: 11:1097561:d=2021122100:SPFH:500 mb:3 hour fcst:
11: 12:1392574:d=2021122100:VVEL:500 mb:3 hour fcst:
11: 13:1669831:d=2021122100:DZDT:500 mb:3 hour fcst:
11: 14:1971385:d=2021122100:UGRD:500 mb:3 hour fcst:
11: 15:2173294:d=2021122100:VGRD:500 mb:3 hour fcst:
11: 16:2380050:d=2021122100:ABSV:500 mb:3 hour fcst:
11: 17:2603192:d=2021122100:CLMR:500 mb:3 hour fcst:
11: 18:2620882:d=2021122100:ICMR:500 mb:3 hour fcst:
11: 19:2733913:d=2021122100:RWMR:500 mb:3 hour fcst:
11: 20:2740176:d=2021122100:SNMR:500 mb:3 hour fcst:
11: 21:2837683:d=2021122100:GRLE:500 mb:3 hour fcst:
11: 22:2844807:d=2021122100:O3MR:500 mb:3 hour fcst:
11: 23:3152596:d=2021122100:HGT:550 mb:3 hour fcst:
11: 24:3363338:d=2021122100:TMP:550 mb:3 hour fcst:
11: 25:3527803:d=2021122100:RH:550 mb:3 hour fcst:
11: 26:3710064:d=2021122100:TCDC:550 mb:3 hour fcst:
11: 27:3791014:d=2021122100:SPFH:550 mb:3 hour fcst:
11: 28:4100171:d=2021122100:VVEL:550 mb:3 hour fcst:
11: 29:4379395:d=2021122100:DZDT:550 mb:3 hour fcst:
11: 30:4646647:d=2021122100:UGRD:550 mb:3 hour fcst:
11: 31:4845836:d=2021122100:VGRD:550 mb:3 hour fcst:
11: + product_functions.sh[10]rc=0
11: + product_functions.sh[11]((  rc == 0  ))
11: + product_functions.sh[11]mv pgb2file_f003_12_0p50.new pgb2file_f003_12_0p50
11: + product_functions.sh[12]return 0
11: + interp_atmos_master.sh[56]export err=0
11: + interp_atmos_master.sh[56]err=0
11: + interp_atmos_master.sh[57][[ 0 -ne 0 ]]
11: ++ interp_atmos_master.sh[62]wc -l
11: ++ interp_atmos_master.sh[62]wgrib2 pgb2file_f003_12_0p50 -match 'LAND|ICEC'
11: + interp_atmos_master.sh[62]var_count=0
11: + interp_atmos_master.sh[63][[ 0 -eq 2 ]]
11: + interp_atmos_master.sh[54]for grid in "${grids[@]}"
11: + interp_atmos_master.sh[55]trim_rh pgb2file_f003_12_1p00
11: + product_functions.sh[5]local filename=pgb2file_f003_12_1p00
11: + product_functions.sh[6]wgrib2 pgb2file_f003_12_1p00 -not_if :RH: -grib pgb2file_f003_12_1p00.new -if :RH: -rpn '10:*:0.5:+:floor:1000:min:10:/' -set_grib_type same -set_scaling -1 0 -grib_out pgb2file_f003_12_1p00.new
11: 1:0:d=2021122100:CLMR:450 mb:3 hour fcst:
11: 2:3707:d=2021122100:ICMR:450 mb:3 hour fcst:
11: 3:40589:d=2021122100:RWMR:450 mb:3 hour fcst:
11: 4:41856:d=2021122100:SNMR:450 mb:3 hour fcst:
11: 5:74890:d=2021122100:GRLE:450 mb:3 hour fcst:
11: 6:77877:d=2021122100:O3MR:450 mb:3 hour fcst:
11: 7:151531:d=2021122100:HGT:500 mb:3 hour fcst:
11: 8:218095:d=2021122100:TMP:500 mb:3 hour fcst:
11: 9:270945:d=2021122100:RH:500 mb:3 hour fcst:
11: 10:330006:d=2021122100:TCDC:500 mb:3 hour fcst:
11: 11:358665:d=2021122100:SPFH:500 mb:3 hour fcst:
11: 12:447023:d=2021122100:VVEL:500 mb:3 hour fcst:
11: 13:530221:d=2021122100:DZDT:500 mb:3 hour fcst:
11: 14:619398:d=2021122100:UGRD:500 mb:3 hour fcst:
11: 15:682673:d=2021122100:VGRD:500 mb:3 hour fcst:
11: 16:748030:d=2021122100:ABSV:500 mb:3 hour fcst:
11: 17:817684:d=2021122100:CLMR:500 mb:3 hour fcst:
11: 18:824247:d=2021122100:ICMR:500 mb:3 hour fcst:
11: 19:862315:d=2021122100:RWMR:500 mb:3 hour fcst:
11: 20:864917:d=2021122100:SNMR:500 mb:3 hour fcst:
11: 21:898893:d=2021122100:GRLE:500 mb:3 hour fcst:
11: 22:901772:d=2021122100:O3MR:500 mb:3 hour fcst:
11: 23:993071:d=2021122100:HGT:550 mb:3 hour fcst:
11: 24:1059210:d=2021122100:TMP:550 mb:3 hour fcst:
11: 25:1112189:d=2021122100:RH:550 mb:3 hour fcst:
11: 26:1171197:d=2021122100:TCDC:550 mb:3 hour fcst:
11: 27:1199783:d=2021122100:SPFH:550 mb:3 hour fcst:
11: 28:1291625:d=2021122100:VVEL:550 mb:3 hour fcst:
11: 29:1375292:d=2021122100:DZDT:550 mb:3 hour fcst:
11: 30:1455512:d=2021122100:UGRD:550 mb:3 hour fcst:
11: 31:1517856:d=2021122100:VGRD:550 mb:3 hour fcst:
11: + product_functions.sh[10]rc=0
11: + product_functions.sh[11]((  rc == 0  ))
11: + product_functions.sh[11]mv pgb2file_f003_12_1p00.new pgb2file_f003_12_1p00
11: + product_functions.sh[12]return 0
11: + interp_atmos_master.sh[56]export err=0
11: + interp_atmos_master.sh[56]err=0
11: + interp_atmos_master.sh[57][[ 0 -ne 0 ]]
11: ++ interp_atmos_master.sh[62]wc -l
11: ++ interp_atmos_master.sh[62]wgrib2 pgb2file_f003_12_1p00 -match 'LAND|ICEC'
11: + interp_atmos_master.sh[62]var_count=0
11: + interp_atmos_master.sh[63][[ 0 -eq 2 ]]
11: + interp_atmos_master.sh[73]exit 0
+ run_mpmd.sh[113]exit 0
+ run_mpmd.sh[1]postamble run_mpmd.sh 1753768516 0
+ preamble.sh[62]set +x
End run_mpmd.sh at 05:55:46 with error code 0 (time elapsed: 00:00:30)
+ exglobal_atmos_products.sh[142]true
+ exglobal_atmos_products.sh[143]export err=0
+ exglobal_atmos_products.sh[143]err=0
+ exglobal_atmos_products.sh[144][[ 0 -ne 0 ]]
+ exglobal_atmos_products.sh[149]mv mpmd.out mpmd_1.out
+ exglobal_atmos_products.sh[153]echo 'Concatenating processor-specific grib2 files into a single product file'
Concatenating processor-specific grib2 files into a single product file
+ exglobal_atmos_products.sh[154](( iproc = 1  ))
+ exglobal_atmos_products.sh[154](( iproc <= nproc  ))
+ exglobal_atmos_products.sh[155]for grid in "${grids[@]}"
+ exglobal_atmos_products.sh[156]cat pgb2file_f003_1_0p25
+ exglobal_atmos_products.sh[157]rm -f pgb2file_f003_1_0p25
+ exglobal_atmos_products.sh[155]for grid in "${grids[@]}"
+ exglobal_atmos_products.sh[156]cat pgb2file_f003_1_0p50
+ exglobal_atmos_products.sh[157]rm -f pgb2file_f003_1_0p50
+ exglobal_atmos_products.sh[155]for grid in "${grids[@]}"
+ exglobal_atmos_products.sh[156]cat pgb2file_f003_1_1p00
+ exglobal_atmos_products.sh[157]rm -f pgb2file_f003_1_1p00
+ exglobal_atmos_products.sh[160]rm -f tmpfile_f003_1
+ exglobal_atmos_products.sh[154](( iproc++  ))
+ exglobal_atmos_products.sh[154](( iproc <= nproc  ))
+ exglobal_atmos_products.sh[155]for grid in "${grids[@]}"
+ exglobal_atmos_products.sh[156]cat pgb2file_f003_2_0p25
+ exglobal_atmos_products.sh[157]rm -f pgb2file_f003_2_0p25
+ exglobal_atmos_products.sh[155]for grid in "${grids[@]}"
+ exglobal_atmos_products.sh[156]cat pgb2file_f003_2_0p50
+ exglobal_atmos_products.sh[157]rm -f pgb2file_f003_2_0p50
+ exglobal_atmos_products.sh[155]for grid in "${grids[@]}"
+ exglobal_atmos_products.sh[156]cat pgb2file_f003_2_1p00
+ exglobal_atmos_products.sh[157]rm -f pgb2file_f003_2_1p00
+ exglobal_atmos_products.sh[160]rm -f tmpfile_f003_2
+ exglobal_atmos_products.sh[154](( iproc++  ))
+ exglobal_atmos_products.sh[154](( iproc <= nproc  ))
+ exglobal_atmos_products.sh[155]for grid in "${grids[@]}"
+ exglobal_atmos_products.sh[156]cat pgb2file_f003_3_0p25
+ exglobal_atmos_products.sh[157]rm -f pgb2file_f003_3_0p25
+ exglobal_atmos_products.sh[155]for grid in "${grids[@]}"
+ exglobal_atmos_products.sh[156]cat pgb2file_f003_3_0p50
+ exglobal_atmos_products.sh[157]rm -f pgb2file_f003_3_0p50
+ exglobal_atmos_products.sh[155]for grid in "${grids[@]}"
+ exglobal_atmos_products.sh[156]cat pgb2file_f003_3_1p00
+ exglobal_atmos_products.sh[157]rm -f pgb2file_f003_3_1p00
+ exglobal_atmos_products.sh[160]rm -f tmpfile_f003_3
+ exglobal_atmos_products.sh[154](( iproc++  ))
+ exglobal_atmos_products.sh[154](( iproc <= nproc  ))
+ exglobal_atmos_products.sh[155]for grid in "${grids[@]}"
+ exglobal_atmos_products.sh[156]cat pgb2file_f003_4_0p25
+ exglobal_atmos_products.sh[157]rm -f pgb2file_f003_4_0p25
+ exglobal_atmos_products.sh[155]for grid in "${grids[@]}"
+ exglobal_atmos_products.sh[156]cat pgb2file_f003_4_0p50
+ exglobal_atmos_products.sh[157]rm -f pgb2file_f003_4_0p50
+ exglobal_atmos_products.sh[155]for grid in "${grids[@]}"
+ exglobal_atmos_products.sh[156]cat pgb2file_f003_4_1p00
+ exglobal_atmos_products.sh[157]rm -f pgb2file_f003_4_1p00
+ exglobal_atmos_products.sh[160]rm -f tmpfile_f003_4
+ exglobal_atmos_products.sh[154](( iproc++  ))
+ exglobal_atmos_products.sh[154](( iproc <= nproc  ))
+ exglobal_atmos_products.sh[155]for grid in "${grids[@]}"
+ exglobal_atmos_products.sh[156]cat pgb2file_f003_5_0p25
+ exglobal_atmos_products.sh[157]rm -f pgb2file_f003_5_0p25
+ exglobal_atmos_products.sh[155]for grid in "${grids[@]}"
+ exglobal_atmos_products.sh[156]cat pgb2file_f003_5_0p50
+ exglobal_atmos_products.sh[157]rm -f pgb2file_f003_5_0p50
+ exglobal_atmos_products.sh[155]for grid in "${grids[@]}"
+ exglobal_atmos_products.sh[156]cat pgb2file_f003_5_1p00
+ exglobal_atmos_products.sh[157]rm -f pgb2file_f003_5_1p00
+ exglobal_atmos_products.sh[160]rm -f tmpfile_f003_5
+ exglobal_atmos_products.sh[154](( iproc++  ))
+ exglobal_atmos_products.sh[154](( iproc <= nproc  ))
+ exglobal_atmos_products.sh[155]for grid in "${grids[@]}"
+ exglobal_atmos_products.sh[156]cat pgb2file_f003_6_0p25
+ exglobal_atmos_products.sh[157]rm -f pgb2file_f003_6_0p25
+ exglobal_atmos_products.sh[155]for grid in "${grids[@]}"
+ exglobal_atmos_products.sh[156]cat pgb2file_f003_6_0p50
+ exglobal_atmos_products.sh[157]rm -f pgb2file_f003_6_0p50
+ exglobal_atmos_products.sh[155]for grid in "${grids[@]}"
+ exglobal_atmos_products.sh[156]cat pgb2file_f003_6_1p00
+ exglobal_atmos_products.sh[157]rm -f pgb2file_f003_6_1p00
+ exglobal_atmos_products.sh[160]rm -f tmpfile_f003_6
+ exglobal_atmos_products.sh[154](( iproc++  ))
+ exglobal_atmos_products.sh[154](( iproc <= nproc  ))
+ exglobal_atmos_products.sh[155]for grid in "${grids[@]}"
+ exglobal_atmos_products.sh[156]cat pgb2file_f003_7_0p25
+ exglobal_atmos_products.sh[157]rm -f pgb2file_f003_7_0p25
+ exglobal_atmos_products.sh[155]for grid in "${grids[@]}"
+ exglobal_atmos_products.sh[156]cat pgb2file_f003_7_0p50
+ exglobal_atmos_products.sh[157]rm -f pgb2file_f003_7_0p50
+ exglobal_atmos_products.sh[155]for grid in "${grids[@]}"
+ exglobal_atmos_products.sh[156]cat pgb2file_f003_7_1p00
+ exglobal_atmos_products.sh[157]rm -f pgb2file_f003_7_1p00
+ exglobal_atmos_products.sh[160]rm -f tmpfile_f003_7
+ exglobal_atmos_products.sh[154](( iproc++  ))
+ exglobal_atmos_products.sh[154](( iproc <= nproc  ))
+ exglobal_atmos_products.sh[155]for grid in "${grids[@]}"
+ exglobal_atmos_products.sh[156]cat pgb2file_f003_8_0p25
+ exglobal_atmos_products.sh[157]rm -f pgb2file_f003_8_0p25
+ exglobal_atmos_products.sh[155]for grid in "${grids[@]}"
+ exglobal_atmos_products.sh[156]cat pgb2file_f003_8_0p50
+ exglobal_atmos_products.sh[157]rm -f pgb2file_f003_8_0p50
+ exglobal_atmos_products.sh[155]for grid in "${grids[@]}"
+ exglobal_atmos_products.sh[156]cat pgb2file_f003_8_1p00
+ exglobal_atmos_products.sh[157]rm -f pgb2file_f003_8_1p00
+ exglobal_atmos_products.sh[160]rm -f tmpfile_f003_8
+ exglobal_atmos_products.sh[154](( iproc++  ))
+ exglobal_atmos_products.sh[154](( iproc <= nproc  ))
+ exglobal_atmos_products.sh[155]for grid in "${grids[@]}"
+ exglobal_atmos_products.sh[156]cat pgb2file_f003_9_0p25
+ exglobal_atmos_products.sh[157]rm -f pgb2file_f003_9_0p25
+ exglobal_atmos_products.sh[155]for grid in "${grids[@]}"
+ exglobal_atmos_products.sh[156]cat pgb2file_f003_9_0p50
+ exglobal_atmos_products.sh[157]rm -f pgb2file_f003_9_0p50
+ exglobal_atmos_products.sh[155]for grid in "${grids[@]}"
+ exglobal_atmos_products.sh[156]cat pgb2file_f003_9_1p00
+ exglobal_atmos_products.sh[157]rm -f pgb2file_f003_9_1p00
+ exglobal_atmos_products.sh[160]rm -f tmpfile_f003_9
+ exglobal_atmos_products.sh[154](( iproc++  ))
+ exglobal_atmos_products.sh[154](( iproc <= nproc  ))
+ exglobal_atmos_products.sh[155]for grid in "${grids[@]}"
+ exglobal_atmos_products.sh[156]cat pgb2file_f003_10_0p25
+ exglobal_atmos_products.sh[157]rm -f pgb2file_f003_10_0p25
+ exglobal_atmos_products.sh[155]for grid in "${grids[@]}"
+ exglobal_atmos_products.sh[156]cat pgb2file_f003_10_0p50
+ exglobal_atmos_products.sh[157]rm -f pgb2file_f003_10_0p50
+ exglobal_atmos_products.sh[155]for grid in "${grids[@]}"
+ exglobal_atmos_products.sh[156]cat pgb2file_f003_10_1p00
+ exglobal_atmos_products.sh[157]rm -f pgb2file_f003_10_1p00
+ exglobal_atmos_products.sh[160]rm -f tmpfile_f003_10
+ exglobal_atmos_products.sh[154](( iproc++  ))
+ exglobal_atmos_products.sh[154](( iproc <= nproc  ))
+ exglobal_atmos_products.sh[155]for grid in "${grids[@]}"
+ exglobal_atmos_products.sh[156]cat pgb2file_f003_11_0p25
+ exglobal_atmos_products.sh[157]rm -f pgb2file_f003_11_0p25
+ exglobal_atmos_products.sh[155]for grid in "${grids[@]}"
+ exglobal_atmos_products.sh[156]cat pgb2file_f003_11_0p50
+ exglobal_atmos_products.sh[157]rm -f pgb2file_f003_11_0p50
+ exglobal_atmos_products.sh[155]for grid in "${grids[@]}"
+ exglobal_atmos_products.sh[156]cat pgb2file_f003_11_1p00
+ exglobal_atmos_products.sh[157]rm -f pgb2file_f003_11_1p00
+ exglobal_atmos_products.sh[160]rm -f tmpfile_f003_11
+ exglobal_atmos_products.sh[154](( iproc++  ))
+ exglobal_atmos_products.sh[154](( iproc <= nproc  ))
+ exglobal_atmos_products.sh[155]for grid in "${grids[@]}"
+ exglobal_atmos_products.sh[156]cat pgb2file_f003_12_0p25
+ exglobal_atmos_products.sh[157]rm -f pgb2file_f003_12_0p25
+ exglobal_atmos_products.sh[155]for grid in "${grids[@]}"
+ exglobal_atmos_products.sh[156]cat pgb2file_f003_12_0p50
+ exglobal_atmos_products.sh[157]rm -f pgb2file_f003_12_0p50
+ exglobal_atmos_products.sh[155]for grid in "${grids[@]}"
+ exglobal_atmos_products.sh[156]cat pgb2file_f003_12_1p00
+ exglobal_atmos_products.sh[157]rm -f pgb2file_f003_12_1p00
+ exglobal_atmos_products.sh[160]rm -f tmpfile_f003_12
+ exglobal_atmos_products.sh[154](( iproc++  ))
+ exglobal_atmos_products.sh[154](( iproc <= nproc  ))
+ exglobal_atmos_products.sh[155]for grid in "${grids[@]}"
+ exglobal_atmos_products.sh[156]cat pgb2file_f003_13_0p25
+ exglobal_atmos_products.sh[157]rm -f pgb2file_f003_13_0p25
+ exglobal_atmos_products.sh[155]for grid in "${grids[@]}"
+ exglobal_atmos_products.sh[156]cat pgb2file_f003_13_0p50
+ exglobal_atmos_products.sh[157]rm -f pgb2file_f003_13_0p50
+ exglobal_atmos_products.sh[155]for grid in "${grids[@]}"
+ exglobal_atmos_products.sh[156]cat pgb2file_f003_13_1p00
+ exglobal_atmos_products.sh[157]rm -f pgb2file_f003_13_1p00
+ exglobal_atmos_products.sh[160]rm -f tmpfile_f003_13
+ exglobal_atmos_products.sh[154](( iproc++  ))
+ exglobal_atmos_products.sh[154](( iproc <= nproc  ))
+ exglobal_atmos_products.sh[155]for grid in "${grids[@]}"
+ exglobal_atmos_products.sh[156]cat pgb2file_f003_14_0p25
+ exglobal_atmos_products.sh[157]rm -f pgb2file_f003_14_0p25
+ exglobal_atmos_products.sh[155]for grid in "${grids[@]}"
+ exglobal_atmos_products.sh[156]cat pgb2file_f003_14_0p50
+ exglobal_atmos_products.sh[157]rm -f pgb2file_f003_14_0p50
+ exglobal_atmos_products.sh[155]for grid in "${grids[@]}"
+ exglobal_atmos_products.sh[156]cat pgb2file_f003_14_1p00
+ exglobal_atmos_products.sh[157]rm -f pgb2file_f003_14_1p00
+ exglobal_atmos_products.sh[160]rm -f tmpfile_f003_14
+ exglobal_atmos_products.sh[154](( iproc++  ))
+ exglobal_atmos_products.sh[154](( iproc <= nproc  ))
+ exglobal_atmos_products.sh[155]for grid in "${grids[@]}"
+ exglobal_atmos_products.sh[156]cat pgb2file_f003_15_0p25
+ exglobal_atmos_products.sh[157]rm -f pgb2file_f003_15_0p25
+ exglobal_atmos_products.sh[155]for grid in "${grids[@]}"
+ exglobal_atmos_products.sh[156]cat pgb2file_f003_15_0p50
+ exglobal_atmos_products.sh[157]rm -f pgb2file_f003_15_0p50
+ exglobal_atmos_products.sh[155]for grid in "${grids[@]}"
+ exglobal_atmos_products.sh[156]cat pgb2file_f003_15_1p00
+ exglobal_atmos_products.sh[157]rm -f pgb2file_f003_15_1p00
+ exglobal_atmos_products.sh[160]rm -f tmpfile_f003_15
+ exglobal_atmos_products.sh[154](( iproc++  ))
+ exglobal_atmos_products.sh[154](( iproc <= nproc  ))
+ exglobal_atmos_products.sh[155]for grid in "${grids[@]}"
+ exglobal_atmos_products.sh[156]cat pgb2file_f003_16_0p25
+ exglobal_atmos_products.sh[157]rm -f pgb2file_f003_16_0p25
+ exglobal_atmos_products.sh[155]for grid in "${grids[@]}"
+ exglobal_atmos_products.sh[156]cat pgb2file_f003_16_0p50
+ exglobal_atmos_products.sh[157]rm -f pgb2file_f003_16_0p50
+ exglobal_atmos_products.sh[155]for grid in "${grids[@]}"
+ exglobal_atmos_products.sh[156]cat pgb2file_f003_16_1p00
+ exglobal_atmos_products.sh[157]rm -f pgb2file_f003_16_1p00
+ exglobal_atmos_products.sh[160]rm -f tmpfile_f003_16
+ exglobal_atmos_products.sh[154](( iproc++  ))
+ exglobal_atmos_products.sh[154](( iproc <= nproc  ))
+ exglobal_atmos_products.sh[155]for grid in "${grids[@]}"
+ exglobal_atmos_products.sh[156]cat pgb2file_f003_17_0p25
+ exglobal_atmos_products.sh[157]rm -f pgb2file_f003_17_0p25
+ exglobal_atmos_products.sh[155]for grid in "${grids[@]}"
+ exglobal_atmos_products.sh[156]cat pgb2file_f003_17_0p50
+ exglobal_atmos_products.sh[157]rm -f pgb2file_f003_17_0p50
+ exglobal_atmos_products.sh[155]for grid in "${grids[@]}"
+ exglobal_atmos_products.sh[156]cat pgb2file_f003_17_1p00
+ exglobal_atmos_products.sh[157]rm -f pgb2file_f003_17_1p00
+ exglobal_atmos_products.sh[160]rm -f tmpfile_f003_17
+ exglobal_atmos_products.sh[154](( iproc++  ))
+ exglobal_atmos_products.sh[154](( iproc <= nproc  ))
+ exglobal_atmos_products.sh[155]for grid in "${grids[@]}"
+ exglobal_atmos_products.sh[156]cat pgb2file_f003_18_0p25
+ exglobal_atmos_products.sh[157]rm -f pgb2file_f003_18_0p25
+ exglobal_atmos_products.sh[155]for grid in "${grids[@]}"
+ exglobal_atmos_products.sh[156]cat pgb2file_f003_18_0p50
+ exglobal_atmos_products.sh[157]rm -f pgb2file_f003_18_0p50
+ exglobal_atmos_products.sh[155]for grid in "${grids[@]}"
+ exglobal_atmos_products.sh[156]cat pgb2file_f003_18_1p00
+ exglobal_atmos_products.sh[157]rm -f pgb2file_f003_18_1p00
+ exglobal_atmos_products.sh[160]rm -f tmpfile_f003_18
+ exglobal_atmos_products.sh[154](( iproc++  ))
+ exglobal_atmos_products.sh[154](( iproc <= nproc  ))
+ exglobal_atmos_products.sh[155]for grid in "${grids[@]}"
+ exglobal_atmos_products.sh[156]cat pgb2file_f003_19_0p25
+ exglobal_atmos_products.sh[157]rm -f pgb2file_f003_19_0p25
+ exglobal_atmos_products.sh[155]for grid in "${grids[@]}"
+ exglobal_atmos_products.sh[156]cat pgb2file_f003_19_0p50
+ exglobal_atmos_products.sh[157]rm -f pgb2file_f003_19_0p50
+ exglobal_atmos_products.sh[155]for grid in "${grids[@]}"
+ exglobal_atmos_products.sh[156]cat pgb2file_f003_19_1p00
+ exglobal_atmos_products.sh[157]rm -f pgb2file_f003_19_1p00
+ exglobal_atmos_products.sh[160]rm -f tmpfile_f003_19
+ exglobal_atmos_products.sh[154](( iproc++  ))
+ exglobal_atmos_products.sh[154](( iproc <= nproc  ))
+ exglobal_atmos_products.sh[155]for grid in "${grids[@]}"
+ exglobal_atmos_products.sh[156]cat pgb2file_f003_20_0p25
+ exglobal_atmos_products.sh[157]rm -f pgb2file_f003_20_0p25
+ exglobal_atmos_products.sh[155]for grid in "${grids[@]}"
+ exglobal_atmos_products.sh[156]cat pgb2file_f003_20_0p50
+ exglobal_atmos_products.sh[157]rm -f pgb2file_f003_20_0p50
+ exglobal_atmos_products.sh[155]for grid in "${grids[@]}"
+ exglobal_atmos_products.sh[156]cat pgb2file_f003_20_1p00
+ exglobal_atmos_products.sh[157]rm -f pgb2file_f003_20_1p00
+ exglobal_atmos_products.sh[160]rm -f tmpfile_f003_20
+ exglobal_atmos_products.sh[154](( iproc++  ))
+ exglobal_atmos_products.sh[154](( iproc <= nproc  ))
+ exglobal_atmos_products.sh[155]for grid in "${grids[@]}"
+ exglobal_atmos_products.sh[156]cat pgb2file_f003_21_0p25
+ exglobal_atmos_products.sh[157]rm -f pgb2file_f003_21_0p25
+ exglobal_atmos_products.sh[155]for grid in "${grids[@]}"
+ exglobal_atmos_products.sh[156]cat pgb2file_f003_21_0p50
+ exglobal_atmos_products.sh[157]rm -f pgb2file_f003_21_0p50
+ exglobal_atmos_products.sh[155]for grid in "${grids[@]}"
+ exglobal_atmos_products.sh[156]cat pgb2file_f003_21_1p00
+ exglobal_atmos_products.sh[157]rm -f pgb2file_f003_21_1p00
+ exglobal_atmos_products.sh[160]rm -f tmpfile_f003_21
+ exglobal_atmos_products.sh[154](( iproc++  ))
+ exglobal_atmos_products.sh[154](( iproc <= nproc  ))
+ exglobal_atmos_products.sh[155]for grid in "${grids[@]}"
+ exglobal_atmos_products.sh[156]cat pgb2file_f003_22_0p25
+ exglobal_atmos_products.sh[157]rm -f pgb2file_f003_22_0p25
+ exglobal_atmos_products.sh[155]for grid in "${grids[@]}"
+ exglobal_atmos_products.sh[156]cat pgb2file_f003_22_0p50
+ exglobal_atmos_products.sh[157]rm -f pgb2file_f003_22_0p50
+ exglobal_atmos_products.sh[155]for grid in "${grids[@]}"
+ exglobal_atmos_products.sh[156]cat pgb2file_f003_22_1p00
+ exglobal_atmos_products.sh[157]rm -f pgb2file_f003_22_1p00
+ exglobal_atmos_products.sh[160]rm -f tmpfile_f003_22
+ exglobal_atmos_products.sh[154](( iproc++  ))
+ exglobal_atmos_products.sh[154](( iproc <= nproc  ))
+ exglobal_atmos_products.sh[155]for grid in "${grids[@]}"
+ exglobal_atmos_products.sh[156]cat pgb2file_f003_23_0p25
+ exglobal_atmos_products.sh[157]rm -f pgb2file_f003_23_0p25
+ exglobal_atmos_products.sh[155]for grid in "${grids[@]}"
+ exglobal_atmos_products.sh[156]cat pgb2file_f003_23_0p50
+ exglobal_atmos_products.sh[157]rm -f pgb2file_f003_23_0p50
+ exglobal_atmos_products.sh[155]for grid in "${grids[@]}"
+ exglobal_atmos_products.sh[156]cat pgb2file_f003_23_1p00
+ exglobal_atmos_products.sh[157]rm -f pgb2file_f003_23_1p00
+ exglobal_atmos_products.sh[160]rm -f tmpfile_f003_23
+ exglobal_atmos_products.sh[154](( iproc++  ))
+ exglobal_atmos_products.sh[154](( iproc <= nproc  ))
+ exglobal_atmos_products.sh[155]for grid in "${grids[@]}"
+ exglobal_atmos_products.sh[156]cat pgb2file_f003_24_0p25
+ exglobal_atmos_products.sh[157]rm -f pgb2file_f003_24_0p25
+ exglobal_atmos_products.sh[155]for grid in "${grids[@]}"
+ exglobal_atmos_products.sh[156]cat pgb2file_f003_24_0p50
+ exglobal_atmos_products.sh[157]rm -f pgb2file_f003_24_0p50
+ exglobal_atmos_products.sh[155]for grid in "${grids[@]}"
+ exglobal_atmos_products.sh[156]cat pgb2file_f003_24_1p00
+ exglobal_atmos_products.sh[157]rm -f pgb2file_f003_24_1p00
+ exglobal_atmos_products.sh[160]rm -f tmpfile_f003_24
+ exglobal_atmos_products.sh[154](( iproc++  ))
+ exglobal_atmos_products.sh[154](( iproc <= nproc  ))
+ exglobal_atmos_products.sh[164]for grid in "${grids[@]}"
+ exglobal_atmos_products.sh[165]prod_dir=COMOUT_ATMOS_GRIB_0p25
+ exglobal_atmos_products.sh[166]cpfs pgb2file_f003_0p25 /work2/noaa/global/mterry/RUNTESTS/COMROOT/C96C48_hybatmDA/gdas.20211221/00//products/atmos/grib2/0p25/gdas.t00z.pgrb2.0p25.f003
+ cpfs[3]'[' 2 -ne 2 ']'
+ cpfs[8]'[' /work2/noaa/global/mterry/RUNTESTS/COMROOT/C96C48_hybatmDA/gdas.20211221/00//products/atmos/grib2/0p25/gdas.t00z.pgrb2.0p25.f003 = . -o /work2/noaa/global/mterry/RUNTESTS/COMROOT/C96C48_hybatmDA/gdas.20211221/00//products/atmos/grib2/0p25/gdas.t00z.pgrb2.0p25.f003 = ./ ']'
+ cpfs[10]'[' -d /work2/noaa/global/mterry/RUNTESTS/COMROOT/C96C48_hybatmDA/gdas.20211221/00//products/atmos/grib2/0p25/gdas.t00z.pgrb2.0p25.f003 ']'
+ cpfs[13]cpdstfile=/work2/noaa/global/mterry/RUNTESTS/COMROOT/C96C48_hybatmDA/gdas.20211221/00//products/atmos/grib2/0p25/gdas.t00z.pgrb2.0p25.f003
+ cpfs[16]cp pgb2file_f003_0p25 /work2/noaa/global/mterry/RUNTESTS/COMROOT/C96C48_hybatmDA/gdas.20211221/00//products/atmos/grib2/0p25/gdas.t00z.pgrb2.0p25.f003.cptmp
+ cpfs[18]'[' 0 -ne 0 ']'
+ cpfs[22]/work/noaa/epic/role-epic/spack-stack/hercules/spack-stack-1.6.0/envs/unified-env/install/intel/2021.9.0/prod-util-2.1.1-ddlo2cq/bin/fsync_file /work2/noaa/global/mterry/RUNTESTS/COMROOT/C96C48_hybatmDA/gdas.20211221/00//products/atmos/grib2/0p25/gdas.t00z.pgrb2.0p25.f003.cptmp
+ cpfs[23]'[' 0 -ne 0 ']'
+ cpfs[27]mv /work2/noaa/global/mterry/RUNTESTS/COMROOT/C96C48_hybatmDA/gdas.20211221/00//products/atmos/grib2/0p25/gdas.t00z.pgrb2.0p25.f003.cptmp /work2/noaa/global/mterry/RUNTESTS/COMROOT/C96C48_hybatmDA/gdas.20211221/00//products/atmos/grib2/0p25/gdas.t00z.pgrb2.0p25.f003
+ cpfs[28]'[' 0 -ne 0 ']'
+ exglobal_atmos_products.sh[167]wgrib2 -s pgb2file_f003_0p25
+ exglobal_atmos_products.sh[164]for grid in "${grids[@]}"
+ exglobal_atmos_products.sh[165]prod_dir=COMOUT_ATMOS_GRIB_0p50
+ exglobal_atmos_products.sh[166]cpfs pgb2file_f003_0p50 /work2/noaa/global/mterry/RUNTESTS/COMROOT/C96C48_hybatmDA/gdas.20211221/00//products/atmos/grib2/0p50/gdas.t00z.pgrb2.0p50.f003
+ cpfs[3]'[' 2 -ne 2 ']'
+ cpfs[8]'[' /work2/noaa/global/mterry/RUNTESTS/COMROOT/C96C48_hybatmDA/gdas.20211221/00//products/atmos/grib2/0p50/gdas.t00z.pgrb2.0p50.f003 = . -o /work2/noaa/global/mterry/RUNTESTS/COMROOT/C96C48_hybatmDA/gdas.20211221/00//products/atmos/grib2/0p50/gdas.t00z.pgrb2.0p50.f003 = ./ ']'
+ cpfs[10]'[' -d /work2/noaa/global/mterry/RUNTESTS/COMROOT/C96C48_hybatmDA/gdas.20211221/00//products/atmos/grib2/0p50/gdas.t00z.pgrb2.0p50.f003 ']'
+ cpfs[13]cpdstfile=/work2/noaa/global/mterry/RUNTESTS/COMROOT/C96C48_hybatmDA/gdas.20211221/00//products/atmos/grib2/0p50/gdas.t00z.pgrb2.0p50.f003
+ cpfs[16]cp pgb2file_f003_0p50 /work2/noaa/global/mterry/RUNTESTS/COMROOT/C96C48_hybatmDA/gdas.20211221/00//products/atmos/grib2/0p50/gdas.t00z.pgrb2.0p50.f003.cptmp
+ cpfs[18]'[' 0 -ne 0 ']'
+ cpfs[22]/work/noaa/epic/role-epic/spack-stack/hercules/spack-stack-1.6.0/envs/unified-env/install/intel/2021.9.0/prod-util-2.1.1-ddlo2cq/bin/fsync_file /work2/noaa/global/mterry/RUNTESTS/COMROOT/C96C48_hybatmDA/gdas.20211221/00//products/atmos/grib2/0p50/gdas.t00z.pgrb2.0p50.f003.cptmp
+ cpfs[23]'[' 0 -ne 0 ']'
+ cpfs[27]mv /work2/noaa/global/mterry/RUNTESTS/COMROOT/C96C48_hybatmDA/gdas.20211221/00//products/atmos/grib2/0p50/gdas.t00z.pgrb2.0p50.f003.cptmp /work2/noaa/global/mterry/RUNTESTS/COMROOT/C96C48_hybatmDA/gdas.20211221/00//products/atmos/grib2/0p50/gdas.t00z.pgrb2.0p50.f003
+ cpfs[28]'[' 0 -ne 0 ']'
+ exglobal_atmos_products.sh[167]wgrib2 -s pgb2file_f003_0p50
+ exglobal_atmos_products.sh[164]for grid in "${grids[@]}"
+ exglobal_atmos_products.sh[165]prod_dir=COMOUT_ATMOS_GRIB_1p00
+ exglobal_atmos_products.sh[166]cpfs pgb2file_f003_1p00 /work2/noaa/global/mterry/RUNTESTS/COMROOT/C96C48_hybatmDA/gdas.20211221/00//products/atmos/grib2/1p00/gdas.t00z.pgrb2.1p00.f003
+ cpfs[3]'[' 2 -ne 2 ']'
+ cpfs[8]'[' /work2/noaa/global/mterry/RUNTESTS/COMROOT/C96C48_hybatmDA/gdas.20211221/00//products/atmos/grib2/1p00/gdas.t00z.pgrb2.1p00.f003 = . -o /work2/noaa/global/mterry/RUNTESTS/COMROOT/C96C48_hybatmDA/gdas.20211221/00//products/atmos/grib2/1p00/gdas.t00z.pgrb2.1p00.f003 = ./ ']'
+ cpfs[10]'[' -d /work2/noaa/global/mterry/RUNTESTS/COMROOT/C96C48_hybatmDA/gdas.20211221/00//products/atmos/grib2/1p00/gdas.t00z.pgrb2.1p00.f003 ']'
+ cpfs[13]cpdstfile=/work2/noaa/global/mterry/RUNTESTS/COMROOT/C96C48_hybatmDA/gdas.20211221/00//products/atmos/grib2/1p00/gdas.t00z.pgrb2.1p00.f003
+ cpfs[16]cp pgb2file_f003_1p00 /work2/noaa/global/mterry/RUNTESTS/COMROOT/C96C48_hybatmDA/gdas.20211221/00//products/atmos/grib2/1p00/gdas.t00z.pgrb2.1p00.f003.cptmp
+ cpfs[18]'[' 0 -ne 0 ']'
+ cpfs[22]/work/noaa/epic/role-epic/spack-stack/hercules/spack-stack-1.6.0/envs/unified-env/install/intel/2021.9.0/prod-util-2.1.1-ddlo2cq/bin/fsync_file /work2/noaa/global/mterry/RUNTESTS/COMROOT/C96C48_hybatmDA/gdas.20211221/00//products/atmos/grib2/1p00/gdas.t00z.pgrb2.1p00.f003.cptmp
+ cpfs[23]'[' 0 -ne 0 ']'
+ cpfs[27]mv /work2/noaa/global/mterry/RUNTESTS/COMROOT/C96C48_hybatmDA/gdas.20211221/00//products/atmos/grib2/1p00/gdas.t00z.pgrb2.1p00.f003.cptmp /work2/noaa/global/mterry/RUNTESTS/COMROOT/C96C48_hybatmDA/gdas.20211221/00//products/atmos/grib2/1p00/gdas.t00z.pgrb2.1p00.f003
+ cpfs[28]'[' 0 -ne 0 ']'
+ exglobal_atmos_products.sh[167]wgrib2 -s pgb2file_f003_1p00
+ exglobal_atmos_products.sh[170]echo 'Finished processing nset = 1'
Finished processing nset = 1
+ exglobal_atmos_products.sh[154](( nset++  ))
+ exglobal_atmos_products.sh[154](( nset <= downset  ))
+ exglobal_atmos_products.sh[177]FLUX_FILE=/work2/noaa/global/mterry/RUNTESTS/COMROOT/C96C48_hybatmDA/gdas.20211221/00//model/atmos/master/gdas.t00z.sfluxgrbf003.grib2
+ exglobal_atmos_products.sh[178][[ -s /work2/noaa/global/mterry/RUNTESTS/COMROOT/C96C48_hybatmDA/gdas.20211221/00//model/atmos/master/gdas.t00z.sfluxgrbf003.grib2 ]]
+ exglobal_atmos_products.sh[179]wgrib2 -s /work2/noaa/global/mterry/RUNTESTS/COMROOT/C96C48_hybatmDA/gdas.20211221/00//model/atmos/master/gdas.t00z.sfluxgrbf003.grib2
+ exglobal_atmos_products.sh[185][[ NO == \Y\E\S ]]
+ exglobal_atmos_products.sh[207][[ NO == \Y\E\S ]]
+ exglobal_atmos_products.sh[219][[ NO == \Y\E\S ]]
+ exglobal_atmos_products.sh[290]exit 0
+ JGLOBAL_ATMOS_PRODUCTS[27]true
+ JGLOBAL_ATMOS_PRODUCTS[28]export err=0
+ JGLOBAL_ATMOS_PRODUCTS[28]err=0
+ JGLOBAL_ATMOS_PRODUCTS[29][[ 0 -ne 0 ]]
+ JGLOBAL_ATMOS_PRODUCTS[40][[ -e OUTPUT.742662 ]]
+ JGLOBAL_ATMOS_PRODUCTS[47]cd /work2/noaa/stmp/mterry/HERCULES/RUNDIRS/C96C48_hybatmDA/gdas.2021122100
+ JGLOBAL_ATMOS_PRODUCTS[48][[ NO == \N\O ]]
+ JGLOBAL_ATMOS_PRODUCTS[49]rm -rf /work2/noaa/stmp/mterry/HERCULES/RUNDIRS/C96C48_hybatmDA/gdas.2021122100/atmos_products_f003.742205
+ JGLOBAL_ATMOS_PRODUCTS[53]exit 0
+ JGLOBAL_ATMOS_PRODUCTS[1]postamble /work2/noaa/global/mterry/global-workflow_forked/jobs/JGLOBAL_ATMOS_PRODUCTS 1753768491 0
+ preamble.sh[62]set +x
End /work2/noaa/global/mterry/global-workflow_forked/jobs/JGLOBAL_ATMOS_PRODUCTS at 05:55:56 with error code 0 (time elapsed: 00:01:05)
+ status=0
+ [[ 0 -ne 0 ]]
+ exit 0
