2025-07-28 14:48:24 -0500 :: hercules-login-1.hpc.msstate.edu :: Submitting gfs_stage_ic
2025-07-28 14:48:24 -0500 :: hercules-login-1.hpc.msstate.edu :: Submitting gfs_waveinit
2025-07-28 14:48:24 -0500 :: hercules-login-1.hpc.msstate.edu :: Submission of gfs_stage_ic succeeded, jobid=5950267
2025-07-28 14:48:24 -0500 :: hercules-login-1.hpc.msstate.edu :: Submission of gfs_waveinit succeeded, jobid=5950268
2025-07-28 14:48:35 -0500 :: hercules-login-1.hpc.msstate.edu :: Task gfs_stage_ic, jobid=5950267, in state RUNNING (RUNNING)
2025-07-28 14:48:35 -0500 :: hercules-login-1.hpc.msstate.edu :: Task gfs_waveinit, jobid=5950268, in state QUEUED (PENDING)
2025-07-28 14:54:37 -0500 :: hercules-login-1.hpc.msstate.edu :: Task gfs_stage_ic, jobid=5950267, in state SUCCEEDED (COMPLETED), ran for 38.0 seconds, exit status=0, try=1 (of 2)
2025-07-28 14:54:37 -0500 :: hercules-login-1.hpc.msstate.edu :: Task gfs_waveinit, jobid=5950268, in state SUCCEEDED (COMPLETED), ran for 35.0 seconds, exit status=0, try=1 (of 2)
2025-07-28 14:54:37 -0500 :: hercules-login-1.hpc.msstate.edu :: Submitting gfs_fcst_seg0
2025-07-28 14:54:37 -0500 :: hercules-login-1.hpc.msstate.edu :: Submission of gfs_fcst_seg0 succeeded, jobid=5950292
2025-07-28 15:00:40 -0500 :: hercules-login-1.hpc.msstate.edu :: Task gfs_fcst_seg0, jobid=5950292, in state QUEUED (PENDING)
2025-07-28 15:06:43 -0500 :: hercules-login-1.hpc.msstate.edu :: Task gfs_fcst_seg0, jobid=5950292, in state QUEUED (PENDING)
2025-07-28 15:12:46 -0500 :: hercules-login-1.hpc.msstate.edu :: Task gfs_fcst_seg0, jobid=5950292, in state QUEUED (PENDING)
2025-07-28 15:18:49 -0500 :: hercules-login-1.hpc.msstate.edu :: Task gfs_fcst_seg0, jobid=5950292, in state QUEUED (PENDING)
2025-07-28 15:24:51 -0500 :: hercules-login-1.hpc.msstate.edu :: Task gfs_fcst_seg0, jobid=5950292, in state QUEUED (PENDING)
2025-07-28 15:30:54 -0500 :: hercules-login-1.hpc.msstate.edu :: Task gfs_fcst_seg0, jobid=5950292, in state QUEUED (PENDING)
2025-07-28 15:36:57 -0500 :: hercules-login-1.hpc.msstate.edu :: Task gfs_fcst_seg0, jobid=5950292, in state QUEUED (PENDING)
2025-07-28 15:43:00 -0500 :: hercules-login-1.hpc.msstate.edu :: Task gfs_fcst_seg0, jobid=5950292, in state QUEUED (PENDING)
2025-07-28 15:49:03 -0500 :: hercules-login-1.hpc.msstate.edu :: Task gfs_fcst_seg0, jobid=5950292, in state QUEUED (PENDING)
2025-07-28 15:55:05 -0500 :: hercules-login-1.hpc.msstate.edu :: Task gfs_fcst_seg0, jobid=5950292, in state QUEUED (PENDING)
2025-07-28 16:01:08 -0500 :: hercules-login-1.hpc.msstate.edu :: Task gfs_fcst_seg0, jobid=5950292, in state QUEUED (PENDING)
2025-07-28 16:07:11 -0500 :: hercules-login-1.hpc.msstate.edu :: Task gfs_fcst_seg0, jobid=5950292, in state QUEUED (PENDING)
2025-07-28 16:13:14 -0500 :: hercules-login-1.hpc.msstate.edu :: Task gfs_fcst_seg0, jobid=5950292, in state QUEUED (PENDING)
2025-07-28 16:19:17 -0500 :: hercules-login-1.hpc.msstate.edu :: Task gfs_fcst_seg0, jobid=5950292, in state QUEUED (PENDING)
2025-07-28 16:25:20 -0500 :: hercules-login-1.hpc.msstate.edu :: Task gfs_fcst_seg0, jobid=5950292, in state QUEUED (PENDING)
2025-07-28 16:31:23 -0500 :: hercules-login-1.hpc.msstate.edu :: Task gfs_fcst_seg0, jobid=5950292, in state QUEUED (PENDING)
2025-07-28 16:37:25 -0500 :: hercules-login-1.hpc.msstate.edu :: Task gfs_fcst_seg0, jobid=5950292, in state QUEUED (PENDING)
2025-07-28 16:43:28 -0500 :: hercules-login-1.hpc.msstate.edu :: Task gfs_fcst_seg0, jobid=5950292, in state QUEUED (PENDING)
2025-07-28 16:49:31 -0500 :: hercules-login-1.hpc.msstate.edu :: Task gfs_fcst_seg0, jobid=5950292, in state QUEUED (PENDING)
2025-07-28 16:55:33 -0500 :: hercules-login-1.hpc.msstate.edu :: Task gfs_fcst_seg0, jobid=5950292, in state QUEUED (PENDING)
2025-07-28 17:01:36 -0500 :: hercules-login-1.hpc.msstate.edu :: Task gfs_fcst_seg0, jobid=5950292, in state QUEUED (PENDING)
2025-07-28 17:07:39 -0500 :: hercules-login-1.hpc.msstate.edu :: Task gfs_fcst_seg0, jobid=5950292, in state QUEUED (PENDING)
2025-07-28 17:13:42 -0500 :: hercules-login-1.hpc.msstate.edu :: Task gfs_fcst_seg0, jobid=5950292, in state QUEUED (PENDING)
2025-07-28 17:19:44 -0500 :: hercules-login-1.hpc.msstate.edu :: Task gfs_fcst_seg0, jobid=5950292, in state QUEUED (PENDING)
2025-07-28 17:25:47 -0500 :: hercules-login-1.hpc.msstate.edu :: Task gfs_fcst_seg0, jobid=5950292, in state QUEUED (PENDING)
2025-07-28 17:31:50 -0500 :: hercules-login-1.hpc.msstate.edu :: Task gfs_fcst_seg0, jobid=5950292, in state QUEUED (PENDING)
2025-07-28 17:37:53 -0500 :: hercules-login-1.hpc.msstate.edu :: Task gfs_fcst_seg0, jobid=5950292, in state QUEUED (PENDING)
2025-07-28 17:43:55 -0500 :: hercules-login-1.hpc.msstate.edu :: Task gfs_fcst_seg0, jobid=5950292, in state QUEUED (PENDING)
2025-07-28 17:49:58 -0500 :: hercules-login-1.hpc.msstate.edu :: Task gfs_fcst_seg0, jobid=5950292, in state QUEUED (PENDING)
2025-07-28 17:56:01 -0500 :: hercules-login-1.hpc.msstate.edu :: Task gfs_fcst_seg0, jobid=5950292, in state QUEUED (PENDING)
2025-07-28 18:02:04 -0500 :: hercules-login-1.hpc.msstate.edu :: Task gfs_fcst_seg0, jobid=5950292, in state QUEUED (PENDING)
2025-07-28 18:08:06 -0500 :: hercules-login-1.hpc.msstate.edu :: Task gfs_fcst_seg0, jobid=5950292, in state QUEUED (PENDING)
2025-07-28 18:14:09 -0500 :: hercules-login-1.hpc.msstate.edu :: Task gfs_fcst_seg0, jobid=5950292, in state QUEUED (PENDING)
2025-07-28 18:20:12 -0500 :: hercules-login-1.hpc.msstate.edu :: Task gfs_fcst_seg0, jobid=5950292, in state QUEUED (PENDING)
2025-07-28 18:26:14 -0500 :: hercules-login-1.hpc.msstate.edu :: Task gfs_fcst_seg0, jobid=5950292, in state QUEUED (PENDING)
2025-07-28 18:32:17 -0500 :: hercules-login-1.hpc.msstate.edu :: Task gfs_fcst_seg0, jobid=5950292, in state QUEUED (PENDING)
2025-07-28 18:38:20 -0500 :: hercules-login-1.hpc.msstate.edu :: Task gfs_fcst_seg0, jobid=5950292, in state QUEUED (PENDING)
2025-07-28 18:44:23 -0500 :: hercules-login-1.hpc.msstate.edu :: Task gfs_fcst_seg0, jobid=5950292, in state QUEUED (PENDING)
2025-07-28 18:50:26 -0500 :: hercules-login-1.hpc.msstate.edu :: Task gfs_fcst_seg0, jobid=5950292, in state QUEUED (PENDING)
2025-07-28 18:56:28 -0500 :: hercules-login-1.hpc.msstate.edu :: Task gfs_fcst_seg0, jobid=5950292, in state RUNNING (RUNNING)
2025-07-28 19:02:36 -0500 :: hercules-login-1.hpc.msstate.edu :: Task gfs_fcst_seg0, jobid=5950292, in state RUNNING (RUNNING)
2025-07-28 19:02:36 -0500 :: hercules-login-1.hpc.msstate.edu :: Submitting gfs_atmos_prod_f000-f002
2025-07-28 19:02:36 -0500 :: hercules-login-1.hpc.msstate.edu :: Submitting gfs_atmos_prod_f003-f005
2025-07-28 19:02:36 -0500 :: hercules-login-1.hpc.msstate.edu :: Submitting gfs_atmos_prod_f006-f008
2025-07-28 19:02:36 -0500 :: hercules-login-1.hpc.msstate.edu :: Submitting gfs_atmos_prod_f009-f011
2025-07-28 19:02:36 -0500 :: hercules-login-1.hpc.msstate.edu :: Submitting gfs_atmos_prod_f012-f014
2025-07-28 19:02:36 -0500 :: hercules-login-1.hpc.msstate.edu :: Submitting gfs_atmos_prod_f015-f017
2025-07-28 19:02:36 -0500 :: hercules-login-1.hpc.msstate.edu :: Submitting gfs_atmos_prod_f018-f020
2025-07-28 19:02:36 -0500 :: hercules-login-1.hpc.msstate.edu :: Submitting gfs_ocean_prod_f006
2025-07-28 19:02:36 -0500 :: hercules-login-1.hpc.msstate.edu :: Submitting gfs_ice_prod_f006
2025-07-28 19:02:36 -0500 :: hercules-login-1.hpc.msstate.edu :: Submitting gfs_ice_prod_f012
2025-07-28 19:02:36 -0500 :: hercules-login-1.hpc.msstate.edu :: Submitting gfs_ice_prod_f018
2025-07-28 19:02:36 -0500 :: hercules-login-1.hpc.msstate.edu :: Submitting gfs_wavepostsbs_f000-f002
2025-07-28 19:02:36 -0500 :: hercules-login-1.hpc.msstate.edu :: Submitting gfs_wavepostsbs_f003-f005
2025-07-28 19:02:36 -0500 :: hercules-login-1.hpc.msstate.edu :: Submitting gfs_wavepostsbs_f006-f008
2025-07-28 19:02:36 -0500 :: hercules-login-1.hpc.msstate.edu :: Submitting gfs_wavepostsbs_f009-f011
2025-07-28 19:02:36 -0500 :: hercules-login-1.hpc.msstate.edu :: Submitting gfs_wavepostsbs_f012-f014
2025-07-28 19:02:36 -0500 :: hercules-login-1.hpc.msstate.edu :: Submitting gfs_wavepostsbs_f015-f017
2025-07-28 19:02:36 -0500 :: hercules-login-1.hpc.msstate.edu :: Submitting gfs_wavepostsbs_f018-f020
2025-07-28 19:02:36 -0500 :: hercules-login-1.hpc.msstate.edu :: Submitting gfs_wavepostsbs_f021-f023
2025-07-28 19:02:36 -0500 :: hercules-login-1.hpc.msstate.edu :: Submitting gfs_wavepostsbs_f024-f026
2025-07-28 19:02:36 -0500 :: hercules-login-1.hpc.msstate.edu :: Submitting gfs_wavepostsbs_f027-f029
2025-07-28 19:02:36 -0500 :: hercules-login-1.hpc.msstate.edu :: Submitting gfs_wavepostsbs_f030-f032
2025-07-28 19:02:36 -0500 :: hercules-login-1.hpc.msstate.edu :: Submission of gfs_atmos_prod_f000-f002 succeeded, jobid=5950995
2025-07-28 19:02:36 -0500 :: hercules-login-1.hpc.msstate.edu :: Submission of gfs_atmos_prod_f003-f005 succeeded, jobid=5950996
2025-07-28 19:02:36 -0500 :: hercules-login-1.hpc.msstate.edu :: Submission of gfs_atmos_prod_f006-f008 succeeded, jobid=5950997
2025-07-28 19:02:36 -0500 :: hercules-login-1.hpc.msstate.edu :: Submission of gfs_atmos_prod_f009-f011 succeeded, jobid=5950998
2025-07-28 19:02:37 -0500 :: hercules-login-1.hpc.msstate.edu :: Submission of gfs_atmos_prod_f012-f014 succeeded, jobid=5950999
2025-07-28 19:02:37 -0500 :: hercules-login-1.hpc.msstate.edu :: Submission of gfs_atmos_prod_f015-f017 succeeded, jobid=5951000
2025-07-28 19:02:37 -0500 :: hercules-login-1.hpc.msstate.edu :: Submission of gfs_atmos_prod_f018-f020 succeeded, jobid=5951001
2025-07-28 19:02:37 -0500 :: hercules-login-1.hpc.msstate.edu :: Submission of gfs_ocean_prod_f006 succeeded, jobid=5951002
2025-07-28 19:02:37 -0500 :: hercules-login-1.hpc.msstate.edu :: Submission of gfs_ice_prod_f006 succeeded, jobid=5951003
2025-07-28 19:02:37 -0500 :: hercules-login-1.hpc.msstate.edu :: Submission of gfs_ice_prod_f012 succeeded, jobid=5951004
2025-07-28 19:02:37 -0500 :: hercules-login-1.hpc.msstate.edu :: Submission of gfs_ice_prod_f018 succeeded, jobid=5951005
2025-07-28 19:02:37 -0500 :: hercules-login-1.hpc.msstate.edu :: Submission of gfs_wavepostsbs_f000-f002 succeeded, jobid=5951006
2025-07-28 19:02:37 -0500 :: hercules-login-1.hpc.msstate.edu :: Submission of gfs_wavepostsbs_f003-f005 succeeded, jobid=5951007
2025-07-28 19:02:37 -0500 :: hercules-login-1.hpc.msstate.edu :: Submission of gfs_wavepostsbs_f006-f008 succeeded, jobid=5951008
2025-07-28 19:02:37 -0500 :: hercules-login-1.hpc.msstate.edu :: Submission of gfs_wavepostsbs_f009-f011 succeeded, jobid=5951009
2025-07-28 19:02:37 -0500 :: hercules-login-1.hpc.msstate.edu :: Submission of gfs_wavepostsbs_f012-f014 succeeded, jobid=5951010
2025-07-28 19:02:37 -0500 :: hercules-login-1.hpc.msstate.edu :: Submission of gfs_wavepostsbs_f015-f017 succeeded, jobid=5951011
2025-07-28 19:02:37 -0500 :: hercules-login-1.hpc.msstate.edu :: Submission of gfs_wavepostsbs_f018-f020 succeeded, jobid=5951012
2025-07-28 19:02:37 -0500 :: hercules-login-1.hpc.msstate.edu :: Submission of gfs_wavepostsbs_f021-f023 succeeded, jobid=5951013
2025-07-28 19:02:37 -0500 :: hercules-login-1.hpc.msstate.edu :: Submission of gfs_wavepostsbs_f024-f026 succeeded, jobid=5951014
2025-07-28 19:02:37 -0500 :: hercules-login-1.hpc.msstate.edu :: Submission of gfs_wavepostsbs_f027-f029 succeeded, jobid=5951015
2025-07-28 19:02:37 -0500 :: hercules-login-1.hpc.msstate.edu :: Submission of gfs_wavepostsbs_f030-f032 succeeded, jobid=5951016
2025-07-28 19:08:39 -0500 :: hercules-login-1.hpc.msstate.edu :: Task gfs_fcst_seg0, jobid=5950292, in state RUNNING (RUNNING)
2025-07-28 19:08:39 -0500 :: hercules-login-1.hpc.msstate.edu :: Task gfs_atmos_prod_f000-f002, jobid=5950995, in state QUEUED (PENDING)
2025-07-28 19:08:39 -0500 :: hercules-login-1.hpc.msstate.edu :: Task gfs_atmos_prod_f003-f005, jobid=5950996, in state QUEUED (PENDING)
2025-07-28 19:08:39 -0500 :: hercules-login-1.hpc.msstate.edu :: Task gfs_atmos_prod_f006-f008, jobid=5950997, in state QUEUED (PENDING)
2025-07-28 19:08:39 -0500 :: hercules-login-1.hpc.msstate.edu :: Task gfs_atmos_prod_f009-f011, jobid=5950998, in state QUEUED (PENDING)
2025-07-28 19:08:39 -0500 :: hercules-login-1.hpc.msstate.edu :: Task gfs_atmos_prod_f012-f014, jobid=5950999, in state QUEUED (PENDING)
2025-07-28 19:08:39 -0500 :: hercules-login-1.hpc.msstate.edu :: Task gfs_atmos_prod_f015-f017, jobid=5951000, in state QUEUED (PENDING)
2025-07-28 19:08:39 -0500 :: hercules-login-1.hpc.msstate.edu :: Task gfs_atmos_prod_f018-f020, jobid=5951001, in state QUEUED (PENDING)
2025-07-28 19:08:39 -0500 :: hercules-login-1.hpc.msstate.edu :: Task gfs_ocean_prod_f006, jobid=5951002, in state SUCCEEDED (COMPLETED), ran for 46.0 seconds, exit status=0, try=1 (of 2)
2025-07-28 19:08:39 -0500 :: hercules-login-1.hpc.msstate.edu :: Task gfs_ice_prod_f006, jobid=5951003, in state SUCCEEDED (COMPLETED), ran for 46.0 seconds, exit status=0, try=1 (of 2)
2025-07-28 19:08:39 -0500 :: hercules-login-1.hpc.msstate.edu :: Task gfs_ice_prod_f012, jobid=5951004, in state SUCCEEDED (COMPLETED), ran for 46.0 seconds, exit status=0, try=1 (of 2)
2025-07-28 19:08:39 -0500 :: hercules-login-1.hpc.msstate.edu :: Task gfs_ice_prod_f018, jobid=5951005, in state SUCCEEDED (COMPLETED), ran for 46.0 seconds, exit status=0, try=1 (of 2)
2025-07-28 19:08:39 -0500 :: hercules-login-1.hpc.msstate.edu :: Task gfs_wavepostsbs_f000-f002, jobid=5951006, in state QUEUED (PENDING)
2025-07-28 19:08:39 -0500 :: hercules-login-1.hpc.msstate.edu :: Task gfs_wavepostsbs_f003-f005, jobid=5951007, in state QUEUED (PENDING)
2025-07-28 19:08:39 -0500 :: hercules-login-1.hpc.msstate.edu :: Task gfs_wavepostsbs_f006-f008, jobid=5951008, in state QUEUED (PENDING)
2025-07-28 19:08:39 -0500 :: hercules-login-1.hpc.msstate.edu :: Task gfs_wavepostsbs_f009-f011, jobid=5951009, in state QUEUED (PENDING)
2025-07-28 19:08:39 -0500 :: hercules-login-1.hpc.msstate.edu :: Task gfs_wavepostsbs_f012-f014, jobid=5951010, in state QUEUED (PENDING)
2025-07-28 19:08:39 -0500 :: hercules-login-1.hpc.msstate.edu :: Task gfs_wavepostsbs_f015-f017, jobid=5951011, in state QUEUED (PENDING)
2025-07-28 19:08:39 -0500 :: hercules-login-1.hpc.msstate.edu :: Task gfs_wavepostsbs_f018-f020, jobid=5951012, in state QUEUED (PENDING)
2025-07-28 19:08:39 -0500 :: hercules-login-1.hpc.msstate.edu :: Task gfs_wavepostsbs_f021-f023, jobid=5951013, in state QUEUED (PENDING)
2025-07-28 19:08:39 -0500 :: hercules-login-1.hpc.msstate.edu :: Task gfs_wavepostsbs_f024-f026, jobid=5951014, in state QUEUED (PENDING)
2025-07-28 19:08:39 -0500 :: hercules-login-1.hpc.msstate.edu :: Task gfs_wavepostsbs_f027-f029, jobid=5951015, in state QUEUED (PENDING)
2025-07-28 19:08:39 -0500 :: hercules-login-1.hpc.msstate.edu :: Task gfs_wavepostsbs_f030-f032, jobid=5951016, in state QUEUED (PENDING)
2025-07-28 19:08:39 -0500 :: hercules-login-1.hpc.msstate.edu :: Submitting gfs_atmos_prod_f021-f023
2025-07-28 19:08:39 -0500 :: hercules-login-1.hpc.msstate.edu :: Submitting gfs_atmos_prod_f024-f026
2025-07-28 19:08:40 -0500 :: hercules-login-1.hpc.msstate.edu :: Submitting gfs_atmos_prod_f027-f029
2025-07-28 19:08:40 -0500 :: hercules-login-1.hpc.msstate.edu :: Submitting gfs_atmos_prod_f030-f032
2025-07-28 19:08:40 -0500 :: hercules-login-1.hpc.msstate.edu :: Submitting gfs_atmos_prod_f033-f035
2025-07-28 19:08:40 -0500 :: hercules-login-1.hpc.msstate.edu :: Submitting gfs_atmos_prod_f036-f038
2025-07-28 19:08:40 -0500 :: hercules-login-1.hpc.msstate.edu :: Cannot submit gfs_atmos_prod_f039-f041, because maximum global task throttle of 25 will be violated.
2025-07-28 19:08:40 -0500 :: hercules-login-1.hpc.msstate.edu :: Cannot submit gfs_atmos_prod_f042-f044, because maximum global task throttle of 25 will be violated.
2025-07-28 19:08:40 -0500 :: hercules-login-1.hpc.msstate.edu :: Cannot submit gfs_atmos_prod_f045-f047, because maximum global task throttle of 25 will be violated.
2025-07-28 19:08:40 -0500 :: hercules-login-1.hpc.msstate.edu :: Cannot submit gfs_atmos_prod_f048-f054, because maximum global task throttle of 25 will be violated.
2025-07-28 19:08:40 -0500 :: hercules-login-1.hpc.msstate.edu :: Cannot submit gfs_ocean_prod_f012, because maximum global task throttle of 25 will be violated.
2025-07-28 19:08:40 -0500 :: hercules-login-1.hpc.msstate.edu :: Cannot submit gfs_ocean_prod_f018, because maximum global task throttle of 25 will be violated.
2025-07-28 19:08:40 -0500 :: hercules-login-1.hpc.msstate.edu :: Cannot submit gfs_ocean_prod_f024, because maximum global task throttle of 25 will be violated.
2025-07-28 19:08:40 -0500 :: hercules-login-1.hpc.msstate.edu :: Cannot submit gfs_ocean_prod_f030, because maximum global task throttle of 25 will be violated.
2025-07-28 19:08:40 -0500 :: hercules-login-1.hpc.msstate.edu :: Cannot submit gfs_ocean_prod_f036, because maximum global task throttle of 25 will be violated.
2025-07-28 19:08:40 -0500 :: hercules-login-1.hpc.msstate.edu :: Cannot submit gfs_ocean_prod_f042, because maximum global task throttle of 25 will be violated.
2025-07-28 19:08:40 -0500 :: hercules-login-1.hpc.msstate.edu :: Cannot submit gfs_ice_prod_f024, because maximum global task throttle of 25 will be violated.
2025-07-28 19:08:40 -0500 :: hercules-login-1.hpc.msstate.edu :: Cannot submit gfs_ice_prod_f030, because maximum global task throttle of 25 will be violated.
2025-07-28 19:08:40 -0500 :: hercules-login-1.hpc.msstate.edu :: Cannot submit gfs_ice_prod_f036, because maximum global task throttle of 25 will be violated.
2025-07-28 19:08:40 -0500 :: hercules-login-1.hpc.msstate.edu :: Cannot submit gfs_ice_prod_f042, because maximum global task throttle of 25 will be violated.
2025-07-28 19:08:40 -0500 :: hercules-login-1.hpc.msstate.edu :: Cannot submit gfs_ice_prod_f048, because maximum global task throttle of 25 will be violated.
2025-07-28 19:08:40 -0500 :: hercules-login-1.hpc.msstate.edu :: Cannot submit gfs_ice_prod_f054, because maximum global task throttle of 25 will be violated.
2025-07-28 19:08:40 -0500 :: hercules-login-1.hpc.msstate.edu :: Cannot submit gfs_wavepostsbs_f033-f035, because maximum global task throttle of 25 will be violated.
2025-07-28 19:08:40 -0500 :: hercules-login-1.hpc.msstate.edu :: Cannot submit gfs_wavepostsbs_f036-f038, because maximum global task throttle of 25 will be violated.
2025-07-28 19:08:40 -0500 :: hercules-login-1.hpc.msstate.edu :: Cannot submit gfs_wavepostsbs_f039-f041, because maximum global task throttle of 25 will be violated.
2025-07-28 19:08:40 -0500 :: hercules-login-1.hpc.msstate.edu :: Cannot submit gfs_wavepostsbs_f042-f044, because maximum global task throttle of 25 will be violated.
2025-07-28 19:08:40 -0500 :: hercules-login-1.hpc.msstate.edu :: Cannot submit gfs_wavepostsbs_f045-f047, because maximum global task throttle of 25 will be violated.
2025-07-28 19:08:40 -0500 :: hercules-login-1.hpc.msstate.edu :: Cannot submit gfs_wavepostsbs_f048-f054, because maximum global task throttle of 25 will be violated.
2025-07-28 19:08:40 -0500 :: hercules-login-1.hpc.msstate.edu :: Cannot submit gfs_wavepostsbs_f057-f063, because maximum global task throttle of 25 will be violated.
2025-07-28 19:08:40 -0500 :: hercules-login-1.hpc.msstate.edu :: Submission of gfs_atmos_prod_f021-f023 succeeded, jobid=5951060
2025-07-28 19:08:40 -0500 :: hercules-login-1.hpc.msstate.edu :: Submission of gfs_atmos_prod_f024-f026 succeeded, jobid=5951061
2025-07-28 19:08:40 -0500 :: hercules-login-1.hpc.msstate.edu :: Submission of gfs_atmos_prod_f027-f029 succeeded, jobid=5951062
2025-07-28 19:08:40 -0500 :: hercules-login-1.hpc.msstate.edu :: Submission of gfs_atmos_prod_f030-f032 succeeded, jobid=5951063
2025-07-28 19:08:40 -0500 :: hercules-login-1.hpc.msstate.edu :: Submission of gfs_atmos_prod_f033-f035 succeeded, jobid=5951064
2025-07-28 19:08:40 -0500 :: hercules-login-1.hpc.msstate.edu :: Submission of gfs_atmos_prod_f036-f038 succeeded, jobid=5951065
2025-07-28 19:14:43 -0500 :: hercules-login-1.hpc.msstate.edu :: Task gfs_fcst_seg0, jobid=5950292, in state RUNNING (RUNNING)
2025-07-28 19:14:43 -0500 :: hercules-login-1.hpc.msstate.edu :: Task gfs_atmos_prod_f000-f002, jobid=5950995, in state QUEUED (PENDING)
2025-07-28 19:14:43 -0500 :: hercules-login-1.hpc.msstate.edu :: Task gfs_atmos_prod_f003-f005, jobid=5950996, in state QUEUED (PENDING)
2025-07-28 19:14:43 -0500 :: hercules-login-1.hpc.msstate.edu :: Task gfs_atmos_prod_f006-f008, jobid=5950997, in state QUEUED (PENDING)
2025-07-28 19:14:43 -0500 :: hercules-login-1.hpc.msstate.edu :: Task gfs_atmos_prod_f009-f011, jobid=5950998, in state QUEUED (PENDING)
2025-07-28 19:14:43 -0500 :: hercules-login-1.hpc.msstate.edu :: Task gfs_atmos_prod_f012-f014, jobid=5950999, in state QUEUED (PENDING)
2025-07-28 19:14:43 -0500 :: hercules-login-1.hpc.msstate.edu :: Task gfs_atmos_prod_f015-f017, jobid=5951000, in state QUEUED (PENDING)
2025-07-28 19:14:43 -0500 :: hercules-login-1.hpc.msstate.edu :: Task gfs_atmos_prod_f018-f020, jobid=5951001, in state QUEUED (PENDING)
2025-07-28 19:14:43 -0500 :: hercules-login-1.hpc.msstate.edu :: Task gfs_atmos_prod_f021-f023, jobid=5951060, in state QUEUED (PENDING)
2025-07-28 19:14:43 -0500 :: hercules-login-1.hpc.msstate.edu :: Task gfs_atmos_prod_f024-f026, jobid=5951061, in state QUEUED (PENDING)
2025-07-28 19:14:43 -0500 :: hercules-login-1.hpc.msstate.edu :: Task gfs_atmos_prod_f027-f029, jobid=5951062, in state QUEUED (PENDING)
2025-07-28 19:14:43 -0500 :: hercules-login-1.hpc.msstate.edu :: Task gfs_atmos_prod_f030-f032, jobid=5951063, in state QUEUED (PENDING)
2025-07-28 19:14:43 -0500 :: hercules-login-1.hpc.msstate.edu :: Task gfs_atmos_prod_f033-f035, jobid=5951064, in state QUEUED (PENDING)
2025-07-28 19:14:43 -0500 :: hercules-login-1.hpc.msstate.edu :: Task gfs_atmos_prod_f036-f038, jobid=5951065, in state QUEUED (PENDING)
2025-07-28 19:14:43 -0500 :: hercules-login-1.hpc.msstate.edu :: Task gfs_wavepostsbs_f000-f002, jobid=5951006, in state QUEUED (PENDING)
2025-07-28 19:14:43 -0500 :: hercules-login-1.hpc.msstate.edu :: Task gfs_wavepostsbs_f003-f005, jobid=5951007, in state QUEUED (PENDING)
2025-07-28 19:14:43 -0500 :: hercules-login-1.hpc.msstate.edu :: Task gfs_wavepostsbs_f006-f008, jobid=5951008, in state QUEUED (PENDING)
2025-07-28 19:14:43 -0500 :: hercules-login-1.hpc.msstate.edu :: Task gfs_wavepostsbs_f009-f011, jobid=5951009, in state QUEUED (PENDING)
2025-07-28 19:14:43 -0500 :: hercules-login-1.hpc.msstate.edu :: Task gfs_wavepostsbs_f012-f014, jobid=5951010, in state QUEUED (PENDING)
2025-07-28 19:14:43 -0500 :: hercules-login-1.hpc.msstate.edu :: Task gfs_wavepostsbs_f015-f017, jobid=5951011, in state QUEUED (PENDING)
2025-07-28 19:14:43 -0500 :: hercules-login-1.hpc.msstate.edu :: Task gfs_wavepostsbs_f018-f020, jobid=5951012, in state QUEUED (PENDING)
2025-07-28 19:14:43 -0500 :: hercules-login-1.hpc.msstate.edu :: Task gfs_wavepostsbs_f021-f023, jobid=5951013, in state QUEUED (PENDING)
2025-07-28 19:14:43 -0500 :: hercules-login-1.hpc.msstate.edu :: Task gfs_wavepostsbs_f024-f026, jobid=5951014, in state QUEUED (PENDING)
2025-07-28 19:14:43 -0500 :: hercules-login-1.hpc.msstate.edu :: Task gfs_wavepostsbs_f027-f029, jobid=5951015, in state QUEUED (PENDING)
2025-07-28 19:14:43 -0500 :: hercules-login-1.hpc.msstate.edu :: Task gfs_wavepostsbs_f030-f032, jobid=5951016, in state QUEUED (PENDING)
2025-07-28 19:14:43 -0500 :: hercules-login-1.hpc.msstate.edu :: Cannot submit gfs_atmos_prod_f039-f041, because maximum global task throttle of 25 will be violated.
2025-07-28 19:14:43 -0500 :: hercules-login-1.hpc.msstate.edu :: Cannot submit gfs_atmos_prod_f042-f044, because maximum global task throttle of 25 will be violated.
2025-07-28 19:14:43 -0500 :: hercules-login-1.hpc.msstate.edu :: Cannot submit gfs_atmos_prod_f045-f047, because maximum global task throttle of 25 will be violated.
2025-07-28 19:14:43 -0500 :: hercules-login-1.hpc.msstate.edu :: Cannot submit gfs_atmos_prod_f048-f054, because maximum global task throttle of 25 will be violated.
2025-07-28 19:14:43 -0500 :: hercules-login-1.hpc.msstate.edu :: Cannot submit gfs_atmos_prod_f057-f063, because maximum global task throttle of 25 will be violated.
2025-07-28 19:14:43 -0500 :: hercules-login-1.hpc.msstate.edu :: Cannot submit gfs_atmos_prod_f066-f072, because maximum global task throttle of 25 will be violated.
2025-07-28 19:14:43 -0500 :: hercules-login-1.hpc.msstate.edu :: Cannot submit gfs_atmos_prod_f075-f081, because maximum global task throttle of 25 will be violated.
2025-07-28 19:14:43 -0500 :: hercules-login-1.hpc.msstate.edu :: Cannot submit gfs_ocean_prod_f012, because maximum global task throttle of 25 will be violated.
2025-07-28 19:14:43 -0500 :: hercules-login-1.hpc.msstate.edu :: Cannot submit gfs_ocean_prod_f018, because maximum global task throttle of 25 will be violated.
2025-07-28 19:14:43 -0500 :: hercules-login-1.hpc.msstate.edu :: Cannot submit gfs_ocean_prod_f024, because maximum global task throttle of 25 will be violated.
2025-07-28 19:14:43 -0500 :: hercules-login-1.hpc.msstate.edu :: Cannot submit gfs_ocean_prod_f030, because maximum global task throttle of 25 will be violated.
2025-07-28 19:14:43 -0500 :: hercules-login-1.hpc.msstate.edu :: Cannot submit gfs_ocean_prod_f036, because maximum global task throttle of 25 will be violated.
2025-07-28 19:14:43 -0500 :: hercules-login-1.hpc.msstate.edu :: Cannot submit gfs_ocean_prod_f042, because maximum global task throttle of 25 will be violated.
2025-07-28 19:14:43 -0500 :: hercules-login-1.hpc.msstate.edu :: Cannot submit gfs_ocean_prod_f048, because maximum global task throttle of 25 will be violated.
2025-07-28 19:14:43 -0500 :: hercules-login-1.hpc.msstate.edu :: Cannot submit gfs_ocean_prod_f054, because maximum global task throttle of 25 will be violated.
2025-07-28 19:14:43 -0500 :: hercules-login-1.hpc.msstate.edu :: Cannot submit gfs_ocean_prod_f060, because maximum global task throttle of 25 will be violated.
2025-07-28 19:14:43 -0500 :: hercules-login-1.hpc.msstate.edu :: Cannot submit gfs_ocean_prod_f066, because maximum global task throttle of 25 will be violated.
2025-07-28 19:14:43 -0500 :: hercules-login-1.hpc.msstate.edu :: Cannot submit gfs_ocean_prod_f072, because maximum global task throttle of 25 will be violated.
2025-07-28 19:14:43 -0500 :: hercules-login-1.hpc.msstate.edu :: Cannot submit gfs_ice_prod_f024, because maximum global task throttle of 25 will be violated.
2025-07-28 19:14:43 -0500 :: hercules-login-1.hpc.msstate.edu :: Cannot submit gfs_ice_prod_f030, because maximum global task throttle of 25 will be violated.
2025-07-28 19:14:43 -0500 :: hercules-login-1.hpc.msstate.edu :: Cannot submit gfs_ice_prod_f036, because maximum global task throttle of 25 will be violated.
2025-07-28 19:14:43 -0500 :: hercules-login-1.hpc.msstate.edu :: Cannot submit gfs_ice_prod_f042, because maximum global task throttle of 25 will be violated.
2025-07-28 19:14:43 -0500 :: hercules-login-1.hpc.msstate.edu :: Cannot submit gfs_ice_prod_f048, because maximum global task throttle of 25 will be violated.
2025-07-28 19:14:43 -0500 :: hercules-login-1.hpc.msstate.edu :: Cannot submit gfs_ice_prod_f054, because maximum global task throttle of 25 will be violated.
2025-07-28 19:14:43 -0500 :: hercules-login-1.hpc.msstate.edu :: Cannot submit gfs_ice_prod_f060, because maximum global task throttle of 25 will be violated.
2025-07-28 19:14:43 -0500 :: hercules-login-1.hpc.msstate.edu :: Cannot submit gfs_ice_prod_f066, because maximum global task throttle of 25 will be violated.
2025-07-28 19:14:43 -0500 :: hercules-login-1.hpc.msstate.edu :: Cannot submit gfs_ice_prod_f072, because maximum global task throttle of 25 will be violated.
2025-07-28 19:14:43 -0500 :: hercules-login-1.hpc.msstate.edu :: Cannot submit gfs_ice_prod_f078, because maximum global task throttle of 25 will be violated.
2025-07-28 19:14:43 -0500 :: hercules-login-1.hpc.msstate.edu :: Cannot submit gfs_ice_prod_f084, because maximum global task throttle of 25 will be violated.
2025-07-28 19:14:43 -0500 :: hercules-login-1.hpc.msstate.edu :: Cannot submit gfs_wavepostsbs_f033-f035, because maximum global task throttle of 25 will be violated.
2025-07-28 19:14:43 -0500 :: hercules-login-1.hpc.msstate.edu :: Cannot submit gfs_wavepostsbs_f036-f038, because maximum global task throttle of 25 will be violated.
2025-07-28 19:14:43 -0500 :: hercules-login-1.hpc.msstate.edu :: Cannot submit gfs_wavepostsbs_f039-f041, because maximum global task throttle of 25 will be violated.
2025-07-28 19:14:43 -0500 :: hercules-login-1.hpc.msstate.edu :: Cannot submit gfs_wavepostsbs_f042-f044, because maximum global task throttle of 25 will be violated.
2025-07-28 19:14:43 -0500 :: hercules-login-1.hpc.msstate.edu :: Cannot submit gfs_wavepostsbs_f045-f047, because maximum global task throttle of 25 will be violated.
2025-07-28 19:14:43 -0500 :: hercules-login-1.hpc.msstate.edu :: Cannot submit gfs_wavepostsbs_f048-f054, because maximum global task throttle of 25 will be violated.
2025-07-28 19:14:43 -0500 :: hercules-login-1.hpc.msstate.edu :: Cannot submit gfs_wavepostsbs_f057-f063, because maximum global task throttle of 25 will be violated.
2025-07-28 19:14:43 -0500 :: hercules-login-1.hpc.msstate.edu :: Cannot submit gfs_wavepostsbs_f066-f072, because maximum global task throttle of 25 will be violated.
2025-07-28 19:14:43 -0500 :: hercules-login-1.hpc.msstate.edu :: Cannot submit gfs_wavepostsbs_f075-f081, because maximum global task throttle of 25 will be violated.
2025-07-28 19:14:43 -0500 :: hercules-login-1.hpc.msstate.edu :: Cannot submit gfs_wavepostsbs_f084-f090, because maximum global task throttle of 25 will be violated.
2025-07-28 19:14:43 -0500 :: hercules-login-1.hpc.msstate.edu :: Cannot submit gfs_wavepostsbs_f093-f099, because maximum global task throttle of 25 will be violated.
2025-07-28 19:20:45 -0500 :: hercules-login-1.hpc.msstate.edu :: Task gfs_fcst_seg0, jobid=5950292, in state SUCCEEDED (COMPLETED), ran for 1488.0 seconds, exit status=0, try=1 (of 2)
2025-07-28 19:20:45 -0500 :: hercules-login-1.hpc.msstate.edu :: Task gfs_atmos_prod_f000-f002, jobid=5950995, in state QUEUED (PENDING)
2025-07-28 19:20:45 -0500 :: hercules-login-1.hpc.msstate.edu :: Task gfs_atmos_prod_f003-f005, jobid=5950996, in state QUEUED (PENDING)
2025-07-28 19:20:45 -0500 :: hercules-login-1.hpc.msstate.edu :: Task gfs_atmos_prod_f006-f008, jobid=5950997, in state QUEUED (PENDING)
2025-07-28 19:20:45 -0500 :: hercules-login-1.hpc.msstate.edu :: Task gfs_atmos_prod_f009-f011, jobid=5950998, in state QUEUED (PENDING)
2025-07-28 19:20:45 -0500 :: hercules-login-1.hpc.msstate.edu :: Task gfs_atmos_prod_f012-f014, jobid=5950999, in state QUEUED (PENDING)
2025-07-28 19:20:45 -0500 :: hercules-login-1.hpc.msstate.edu :: Task gfs_atmos_prod_f015-f017, jobid=5951000, in state QUEUED (PENDING)
2025-07-28 19:20:45 -0500 :: hercules-login-1.hpc.msstate.edu :: Task gfs_atmos_prod_f018-f020, jobid=5951001, in state QUEUED (PENDING)
2025-07-28 19:20:45 -0500 :: hercules-login-1.hpc.msstate.edu :: Task gfs_atmos_prod_f021-f023, jobid=5951060, in state QUEUED (PENDING)
2025-07-28 19:20:45 -0500 :: hercules-login-1.hpc.msstate.edu :: Task gfs_atmos_prod_f024-f026, jobid=5951061, in state QUEUED (PENDING)
2025-07-28 19:20:45 -0500 :: hercules-login-1.hpc.msstate.edu :: Task gfs_atmos_prod_f027-f029, jobid=5951062, in state QUEUED (PENDING)
2025-07-28 19:20:45 -0500 :: hercules-login-1.hpc.msstate.edu :: Task gfs_atmos_prod_f030-f032, jobid=5951063, in state QUEUED (PENDING)
2025-07-28 19:20:45 -0500 :: hercules-login-1.hpc.msstate.edu :: Task gfs_atmos_prod_f033-f035, jobid=5951064, in state QUEUED (PENDING)
2025-07-28 19:20:45 -0500 :: hercules-login-1.hpc.msstate.edu :: Task gfs_atmos_prod_f036-f038, jobid=5951065, in state QUEUED (PENDING)
2025-07-28 19:20:45 -0500 :: hercules-login-1.hpc.msstate.edu :: Task gfs_wavepostsbs_f000-f002, jobid=5951006, in state QUEUED (PENDING)
2025-07-28 19:20:45 -0500 :: hercules-login-1.hpc.msstate.edu :: Task gfs_wavepostsbs_f003-f005, jobid=5951007, in state QUEUED (PENDING)
2025-07-28 19:20:45 -0500 :: hercules-login-1.hpc.msstate.edu :: Task gfs_wavepostsbs_f006-f008, jobid=5951008, in state QUEUED (PENDING)
2025-07-28 19:20:45 -0500 :: hercules-login-1.hpc.msstate.edu :: Task gfs_wavepostsbs_f009-f011, jobid=5951009, in state QUEUED (PENDING)
2025-07-28 19:20:45 -0500 :: hercules-login-1.hpc.msstate.edu :: Task gfs_wavepostsbs_f012-f014, jobid=5951010, in state QUEUED (PENDING)
2025-07-28 19:20:45 -0500 :: hercules-login-1.hpc.msstate.edu :: Task gfs_wavepostsbs_f015-f017, jobid=5951011, in state QUEUED (PENDING)
2025-07-28 19:20:45 -0500 :: hercules-login-1.hpc.msstate.edu :: Task gfs_wavepostsbs_f018-f020, jobid=5951012, in state QUEUED (PENDING)
2025-07-28 19:20:45 -0500 :: hercules-login-1.hpc.msstate.edu :: Task gfs_wavepostsbs_f021-f023, jobid=5951013, in state QUEUED (PENDING)
2025-07-28 19:20:45 -0500 :: hercules-login-1.hpc.msstate.edu :: Task gfs_wavepostsbs_f024-f026, jobid=5951014, in state QUEUED (PENDING)
2025-07-28 19:20:45 -0500 :: hercules-login-1.hpc.msstate.edu :: Task gfs_wavepostsbs_f027-f029, jobid=5951015, in state QUEUED (PENDING)
2025-07-28 19:20:45 -0500 :: hercules-login-1.hpc.msstate.edu :: Task gfs_wavepostsbs_f030-f032, jobid=5951016, in state QUEUED (PENDING)
2025-07-28 19:20:46 -0500 :: hercules-login-1.hpc.msstate.edu :: Submitting gfs_atmos_prod_f039-f041
2025-07-28 19:20:46 -0500 :: hercules-login-1.hpc.msstate.edu :: Cannot submit gfs_atmos_prod_f042-f044, because maximum global task throttle of 25 will be violated.
2025-07-28 19:20:46 -0500 :: hercules-login-1.hpc.msstate.edu :: Cannot submit gfs_atmos_prod_f045-f047, because maximum global task throttle of 25 will be violated.
2025-07-28 19:20:46 -0500 :: hercules-login-1.hpc.msstate.edu :: Cannot submit gfs_atmos_prod_f048-f054, because maximum global task throttle of 25 will be violated.
2025-07-28 19:20:46 -0500 :: hercules-login-1.hpc.msstate.edu :: Cannot submit gfs_atmos_prod_f057-f063, because maximum global task throttle of 25 will be violated.
2025-07-28 19:20:46 -0500 :: hercules-login-1.hpc.msstate.edu :: Cannot submit gfs_atmos_prod_f066-f072, because maximum global task throttle of 25 will be violated.
2025-07-28 19:20:46 -0500 :: hercules-login-1.hpc.msstate.edu :: Cannot submit gfs_atmos_prod_f075-f081, because maximum global task throttle of 25 will be violated.
2025-07-28 19:20:46 -0500 :: hercules-login-1.hpc.msstate.edu :: Cannot submit gfs_atmos_prod_f084-f090, because maximum global task throttle of 25 will be violated.
2025-07-28 19:20:46 -0500 :: hercules-login-1.hpc.msstate.edu :: Cannot submit gfs_atmos_prod_f093-f099, because maximum global task throttle of 25 will be violated.
2025-07-28 19:20:46 -0500 :: hercules-login-1.hpc.msstate.edu :: Cannot submit gfs_atmos_prod_f102-f108, because maximum global task throttle of 25 will be violated.
2025-07-28 19:20:46 -0500 :: hercules-login-1.hpc.msstate.edu :: Cannot submit gfs_atmos_prod_f111-f114, because maximum global task throttle of 25 will be violated.
2025-07-28 19:20:46 -0500 :: hercules-login-1.hpc.msstate.edu :: Cannot submit gfs_atmos_prod_f117-f120, because maximum global task throttle of 25 will be violated.
2025-07-28 19:20:46 -0500 :: hercules-login-1.hpc.msstate.edu :: Cannot submit gfs_ocean_prod_f012, because maximum global task throttle of 25 will be violated.
2025-07-28 19:20:46 -0500 :: hercules-login-1.hpc.msstate.edu :: Cannot submit gfs_ocean_prod_f018, because maximum global task throttle of 25 will be violated.
2025-07-28 19:20:46 -0500 :: hercules-login-1.hpc.msstate.edu :: Cannot submit gfs_ocean_prod_f024, because maximum global task throttle of 25 will be violated.
2025-07-28 19:20:46 -0500 :: hercules-login-1.hpc.msstate.edu :: Cannot submit gfs_ocean_prod_f030, because maximum global task throttle of 25 will be violated.
2025-07-28 19:20:46 -0500 :: hercules-login-1.hpc.msstate.edu :: Cannot submit gfs_ocean_prod_f036, because maximum global task throttle of 25 will be violated.
2025-07-28 19:20:46 -0500 :: hercules-login-1.hpc.msstate.edu :: Cannot submit gfs_ocean_prod_f042, because maximum global task throttle of 25 will be violated.
2025-07-28 19:20:46 -0500 :: hercules-login-1.hpc.msstate.edu :: Cannot submit gfs_ocean_prod_f048, because maximum global task throttle of 25 will be violated.
2025-07-28 19:20:46 -0500 :: hercules-login-1.hpc.msstate.edu :: Cannot submit gfs_ocean_prod_f054, because maximum global task throttle of 25 will be violated.
2025-07-28 19:20:46 -0500 :: hercules-login-1.hpc.msstate.edu :: Cannot submit gfs_ocean_prod_f060, because maximum global task throttle of 25 will be violated.
2025-07-28 19:20:46 -0500 :: hercules-login-1.hpc.msstate.edu :: Cannot submit gfs_ocean_prod_f066, because maximum global task throttle of 25 will be violated.
2025-07-28 19:20:46 -0500 :: hercules-login-1.hpc.msstate.edu :: Cannot submit gfs_ocean_prod_f072, because maximum global task throttle of 25 will be violated.
2025-07-28 19:20:46 -0500 :: hercules-login-1.hpc.msstate.edu :: Cannot submit gfs_ocean_prod_f078, because maximum global task throttle of 25 will be violated.
2025-07-28 19:20:46 -0500 :: hercules-login-1.hpc.msstate.edu :: Cannot submit gfs_ocean_prod_f084, because maximum global task throttle of 25 will be violated.
2025-07-28 19:20:46 -0500 :: hercules-login-1.hpc.msstate.edu :: Cannot submit gfs_ocean_prod_f090, because maximum global task throttle of 25 will be violated.
2025-07-28 19:20:46 -0500 :: hercules-login-1.hpc.msstate.edu :: Cannot submit gfs_ocean_prod_f096, because maximum global task throttle of 25 will be violated.
2025-07-28 19:20:46 -0500 :: hercules-login-1.hpc.msstate.edu :: Cannot submit gfs_ocean_prod_f102, because maximum global task throttle of 25 will be violated.
2025-07-28 19:20:46 -0500 :: hercules-login-1.hpc.msstate.edu :: Cannot submit gfs_ocean_prod_f108, because maximum global task throttle of 25 will be violated.
2025-07-28 19:20:46 -0500 :: hercules-login-1.hpc.msstate.edu :: Cannot submit gfs_ocean_prod_f114, because maximum global task throttle of 25 will be violated.
2025-07-28 19:20:46 -0500 :: hercules-login-1.hpc.msstate.edu :: Cannot submit gfs_ocean_prod_f120, because maximum global task throttle of 25 will be violated.
2025-07-28 19:20:46 -0500 :: hercules-login-1.hpc.msstate.edu :: Cannot submit gfs_ice_prod_f024, because maximum global task throttle of 25 will be violated.
2025-07-28 19:20:46 -0500 :: hercules-login-1.hpc.msstate.edu :: Cannot submit gfs_ice_prod_f030, because maximum global task throttle of 25 will be violated.
2025-07-28 19:20:46 -0500 :: hercules-login-1.hpc.msstate.edu :: Cannot submit gfs_ice_prod_f036, because maximum global task throttle of 25 will be violated.
2025-07-28 19:20:46 -0500 :: hercules-login-1.hpc.msstate.edu :: Cannot submit gfs_ice_prod_f042, because maximum global task throttle of 25 will be violated.
2025-07-28 19:20:46 -0500 :: hercules-login-1.hpc.msstate.edu :: Cannot submit gfs_ice_prod_f048, because maximum global task throttle of 25 will be violated.
2025-07-28 19:20:46 -0500 :: hercules-login-1.hpc.msstate.edu :: Cannot submit gfs_ice_prod_f054, because maximum global task throttle of 25 will be violated.
2025-07-28 19:20:46 -0500 :: hercules-login-1.hpc.msstate.edu :: Cannot submit gfs_ice_prod_f060, because maximum global task throttle of 25 will be violated.
2025-07-28 19:20:46 -0500 :: hercules-login-1.hpc.msstate.edu :: Cannot submit gfs_ice_prod_f066, because maximum global task throttle of 25 will be violated.
2025-07-28 19:20:46 -0500 :: hercules-login-1.hpc.msstate.edu :: Cannot submit gfs_ice_prod_f072, because maximum global task throttle of 25 will be violated.
2025-07-28 19:20:46 -0500 :: hercules-login-1.hpc.msstate.edu :: Cannot submit gfs_ice_prod_f078, because maximum global task throttle of 25 will be violated.
2025-07-28 19:20:46 -0500 :: hercules-login-1.hpc.msstate.edu :: Cannot submit gfs_ice_prod_f084, because maximum global task throttle of 25 will be violated.
2025-07-28 19:20:46 -0500 :: hercules-login-1.hpc.msstate.edu :: Cannot submit gfs_ice_prod_f090, because maximum global task throttle of 25 will be violated.
2025-07-28 19:20:46 -0500 :: hercules-login-1.hpc.msstate.edu :: Cannot submit gfs_ice_prod_f096, because maximum global task throttle of 25 will be violated.
2025-07-28 19:20:46 -0500 :: hercules-login-1.hpc.msstate.edu :: Cannot submit gfs_ice_prod_f102, because maximum global task throttle of 25 will be violated.
2025-07-28 19:20:46 -0500 :: hercules-login-1.hpc.msstate.edu :: Cannot submit gfs_ice_prod_f108, because maximum global task throttle of 25 will be violated.
2025-07-28 19:20:46 -0500 :: hercules-login-1.hpc.msstate.edu :: Cannot submit gfs_ice_prod_f114, because maximum global task throttle of 25 will be violated.
2025-07-28 19:20:46 -0500 :: hercules-login-1.hpc.msstate.edu :: Cannot submit gfs_ice_prod_f120, because maximum global task throttle of 25 will be violated.
2025-07-28 19:20:46 -0500 :: hercules-login-1.hpc.msstate.edu :: Cannot submit gfs_wavepostsbs_f033-f035, because maximum global task throttle of 25 will be violated.
2025-07-28 19:20:46 -0500 :: hercules-login-1.hpc.msstate.edu :: Cannot submit gfs_wavepostsbs_f036-f038, because maximum global task throttle of 25 will be violated.
2025-07-28 19:20:46 -0500 :: hercules-login-1.hpc.msstate.edu :: Cannot submit gfs_wavepostsbs_f039-f041, because maximum global task throttle of 25 will be violated.
2025-07-28 19:20:46 -0500 :: hercules-login-1.hpc.msstate.edu :: Cannot submit gfs_wavepostsbs_f042-f044, because maximum global task throttle of 25 will be violated.
2025-07-28 19:20:46 -0500 :: hercules-login-1.hpc.msstate.edu :: Cannot submit gfs_wavepostsbs_f045-f047, because maximum global task throttle of 25 will be violated.
2025-07-28 19:20:46 -0500 :: hercules-login-1.hpc.msstate.edu :: Cannot submit gfs_wavepostsbs_f048-f054, because maximum global task throttle of 25 will be violated.
2025-07-28 19:20:46 -0500 :: hercules-login-1.hpc.msstate.edu :: Cannot submit gfs_wavepostsbs_f057-f063, because maximum global task throttle of 25 will be violated.
2025-07-28 19:20:46 -0500 :: hercules-login-1.hpc.msstate.edu :: Cannot submit gfs_wavepostsbs_f066-f072, because maximum global task throttle of 25 will be violated.
2025-07-28 19:20:46 -0500 :: hercules-login-1.hpc.msstate.edu :: Cannot submit gfs_wavepostsbs_f075-f081, because maximum global task throttle of 25 will be violated.
2025-07-28 19:20:46 -0500 :: hercules-login-1.hpc.msstate.edu :: Cannot submit gfs_wavepostsbs_f084-f090, because maximum global task throttle of 25 will be violated.
2025-07-28 19:20:46 -0500 :: hercules-login-1.hpc.msstate.edu :: Cannot submit gfs_wavepostsbs_f093-f099, because maximum global task throttle of 25 will be violated.
2025-07-28 19:20:46 -0500 :: hercules-login-1.hpc.msstate.edu :: Cannot submit gfs_wavepostsbs_f102-f108, because maximum global task throttle of 25 will be violated.
2025-07-28 19:20:46 -0500 :: hercules-login-1.hpc.msstate.edu :: Cannot submit gfs_wavepostsbs_f111-f114, because maximum global task throttle of 25 will be violated.
2025-07-28 19:20:46 -0500 :: hercules-login-1.hpc.msstate.edu :: Cannot submit gfs_wavepostsbs_f117-f120, because maximum global task throttle of 25 will be violated.
2025-07-28 19:20:46 -0500 :: hercules-login-1.hpc.msstate.edu :: Cannot submit gfs_wavepostbndpnt, because maximum global task throttle of 25 will be violated.
2025-07-28 19:20:46 -0500 :: hercules-login-1.hpc.msstate.edu :: Cannot submit gfs_wavepostbndpntbll, because maximum global task throttle of 25 will be violated.
2025-07-28 19:20:46 -0500 :: hercules-login-1.hpc.msstate.edu :: Cannot submit gfs_wavepostpnt, because maximum global task throttle of 25 will be violated.
2025-07-28 19:20:46 -0500 :: hercules-login-1.hpc.msstate.edu :: Submission of gfs_atmos_prod_f039-f041 succeeded, jobid=5951115
2025-07-28 19:26:53 -0500 :: hercules-login-1.hpc.msstate.edu :: Task gfs_atmos_prod_f000-f002, jobid=5950995, in state QUEUED (PENDING)
2025-07-28 19:26:53 -0500 :: hercules-login-1.hpc.msstate.edu :: Task gfs_atmos_prod_f003-f005, jobid=5950996, in state QUEUED (PENDING)
2025-07-28 19:26:53 -0500 :: hercules-login-1.hpc.msstate.edu :: Task gfs_atmos_prod_f006-f008, jobid=5950997, in state QUEUED (PENDING)
2025-07-28 19:26:53 -0500 :: hercules-login-1.hpc.msstate.edu :: Task gfs_atmos_prod_f009-f011, jobid=5950998, in state QUEUED (PENDING)
2025-07-28 19:26:53 -0500 :: hercules-login-1.hpc.msstate.edu :: Task gfs_atmos_prod_f012-f014, jobid=5950999, in state QUEUED (PENDING)
2025-07-28 19:26:53 -0500 :: hercules-login-1.hpc.msstate.edu :: Task gfs_atmos_prod_f015-f017, jobid=5951000, in state QUEUED (PENDING)
2025-07-28 19:26:53 -0500 :: hercules-login-1.hpc.msstate.edu :: Task gfs_atmos_prod_f018-f020, jobid=5951001, in state QUEUED (PENDING)
2025-07-28 19:26:53 -0500 :: hercules-login-1.hpc.msstate.edu :: Task gfs_atmos_prod_f021-f023, jobid=5951060, in state QUEUED (PENDING)
2025-07-28 19:26:53 -0500 :: hercules-login-1.hpc.msstate.edu :: Task gfs_atmos_prod_f024-f026, jobid=5951061, in state QUEUED (PENDING)
2025-07-28 19:26:53 -0500 :: hercules-login-1.hpc.msstate.edu :: Task gfs_atmos_prod_f027-f029, jobid=5951062, in state QUEUED (PENDING)
2025-07-28 19:26:53 -0500 :: hercules-login-1.hpc.msstate.edu :: Task gfs_atmos_prod_f030-f032, jobid=5951063, in state QUEUED (PENDING)
2025-07-28 19:26:53 -0500 :: hercules-login-1.hpc.msstate.edu :: Task gfs_atmos_prod_f033-f035, jobid=5951064, in state QUEUED (PENDING)
2025-07-28 19:26:53 -0500 :: hercules-login-1.hpc.msstate.edu :: Task gfs_atmos_prod_f036-f038, jobid=5951065, in state QUEUED (PENDING)
2025-07-28 19:26:53 -0500 :: hercules-login-1.hpc.msstate.edu :: Task gfs_atmos_prod_f039-f041, jobid=5951115, in state QUEUED (PENDING)
2025-07-28 19:26:53 -0500 :: hercules-login-1.hpc.msstate.edu :: Task gfs_wavepostsbs_f000-f002, jobid=5951006, in state QUEUED (PENDING)
2025-07-28 19:26:53 -0500 :: hercules-login-1.hpc.msstate.edu :: Task gfs_wavepostsbs_f003-f005, jobid=5951007, in state QUEUED (PENDING)
2025-07-28 19:26:53 -0500 :: hercules-login-1.hpc.msstate.edu :: Task gfs_wavepostsbs_f006-f008, jobid=5951008, in state QUEUED (PENDING)
2025-07-28 19:26:53 -0500 :: hercules-login-1.hpc.msstate.edu :: Task gfs_wavepostsbs_f009-f011, jobid=5951009, in state QUEUED (PENDING)
2025-07-28 19:26:53 -0500 :: hercules-login-1.hpc.msstate.edu :: Task gfs_wavepostsbs_f012-f014, jobid=5951010, in state QUEUED (PENDING)
2025-07-28 19:26:53 -0500 :: hercules-login-1.hpc.msstate.edu :: Task gfs_wavepostsbs_f015-f017, jobid=5951011, in state QUEUED (PENDING)
2025-07-28 19:26:53 -0500 :: hercules-login-1.hpc.msstate.edu :: Task gfs_wavepostsbs_f018-f020, jobid=5951012, in state QUEUED (PENDING)
2025-07-28 19:26:53 -0500 :: hercules-login-1.hpc.msstate.edu :: Task gfs_wavepostsbs_f021-f023, jobid=5951013, in state QUEUED (PENDING)
2025-07-28 19:26:53 -0500 :: hercules-login-1.hpc.msstate.edu :: Task gfs_wavepostsbs_f024-f026, jobid=5951014, in state QUEUED (PENDING)
2025-07-28 19:26:53 -0500 :: hercules-login-1.hpc.msstate.edu :: Task gfs_wavepostsbs_f027-f029, jobid=5951015, in state QUEUED (PENDING)
2025-07-28 19:26:53 -0500 :: hercules-login-1.hpc.msstate.edu :: Task gfs_wavepostsbs_f030-f032, jobid=5951016, in state QUEUED (PENDING)
2025-07-28 19:26:53 -0500 :: hercules-login-1.hpc.msstate.edu :: Cannot submit gfs_atmos_prod_f042-f044, because maximum global task throttle of 25 will be violated.
2025-07-28 19:26:53 -0500 :: hercules-login-1.hpc.msstate.edu :: Cannot submit gfs_atmos_prod_f045-f047, because maximum global task throttle of 25 will be violated.
2025-07-28 19:26:53 -0500 :: hercules-login-1.hpc.msstate.edu :: Cannot submit gfs_atmos_prod_f048-f054, because maximum global task throttle of 25 will be violated.
2025-07-28 19:26:53 -0500 :: hercules-login-1.hpc.msstate.edu :: Cannot submit gfs_atmos_prod_f057-f063, because maximum global task throttle of 25 will be violated.
2025-07-28 19:26:53 -0500 :: hercules-login-1.hpc.msstate.edu :: Cannot submit gfs_atmos_prod_f066-f072, because maximum global task throttle of 25 will be violated.
2025-07-28 19:26:53 -0500 :: hercules-login-1.hpc.msstate.edu :: Cannot submit gfs_atmos_prod_f075-f081, because maximum global task throttle of 25 will be violated.
2025-07-28 19:26:53 -0500 :: hercules-login-1.hpc.msstate.edu :: Cannot submit gfs_atmos_prod_f084-f090, because maximum global task throttle of 25 will be violated.
2025-07-28 19:26:53 -0500 :: hercules-login-1.hpc.msstate.edu :: Cannot submit gfs_atmos_prod_f093-f099, because maximum global task throttle of 25 will be violated.
2025-07-28 19:26:53 -0500 :: hercules-login-1.hpc.msstate.edu :: Cannot submit gfs_atmos_prod_f102-f108, because maximum global task throttle of 25 will be violated.
2025-07-28 19:26:53 -0500 :: hercules-login-1.hpc.msstate.edu :: Cannot submit gfs_atmos_prod_f111-f114, because maximum global task throttle of 25 will be violated.
2025-07-28 19:26:53 -0500 :: hercules-login-1.hpc.msstate.edu :: Cannot submit gfs_atmos_prod_f117-f120, because maximum global task throttle of 25 will be violated.
2025-07-28 19:26:53 -0500 :: hercules-login-1.hpc.msstate.edu :: Cannot submit gfs_ocean_prod_f012, because maximum global task throttle of 25 will be violated.
2025-07-28 19:26:53 -0500 :: hercules-login-1.hpc.msstate.edu :: Cannot submit gfs_ocean_prod_f018, because maximum global task throttle of 25 will be violated.
2025-07-28 19:26:53 -0500 :: hercules-login-1.hpc.msstate.edu :: Cannot submit gfs_ocean_prod_f024, because maximum global task throttle of 25 will be violated.
2025-07-28 19:26:53 -0500 :: hercules-login-1.hpc.msstate.edu :: Cannot submit gfs_ocean_prod_f030, because maximum global task throttle of 25 will be violated.
2025-07-28 19:26:53 -0500 :: hercules-login-1.hpc.msstate.edu :: Cannot submit gfs_ocean_prod_f036, because maximum global task throttle of 25 will be violated.
2025-07-28 19:26:53 -0500 :: hercules-login-1.hpc.msstate.edu :: Cannot submit gfs_ocean_prod_f042, because maximum global task throttle of 25 will be violated.
2025-07-28 19:26:53 -0500 :: hercules-login-1.hpc.msstate.edu :: Cannot submit gfs_ocean_prod_f048, because maximum global task throttle of 25 will be violated.
2025-07-28 19:26:53 -0500 :: hercules-login-1.hpc.msstate.edu :: Cannot submit gfs_ocean_prod_f054, because maximum global task throttle of 25 will be violated.
2025-07-28 19:26:53 -0500 :: hercules-login-1.hpc.msstate.edu :: Cannot submit gfs_ocean_prod_f060, because maximum global task throttle of 25 will be violated.
2025-07-28 19:26:53 -0500 :: hercules-login-1.hpc.msstate.edu :: Cannot submit gfs_ocean_prod_f066, because maximum global task throttle of 25 will be violated.
2025-07-28 19:26:53 -0500 :: hercules-login-1.hpc.msstate.edu :: Cannot submit gfs_ocean_prod_f072, because maximum global task throttle of 25 will be violated.
2025-07-28 19:26:53 -0500 :: hercules-login-1.hpc.msstate.edu :: Cannot submit gfs_ocean_prod_f078, because maximum global task throttle of 25 will be violated.
2025-07-28 19:26:53 -0500 :: hercules-login-1.hpc.msstate.edu :: Cannot submit gfs_ocean_prod_f084, because maximum global task throttle of 25 will be violated.
2025-07-28 19:26:53 -0500 :: hercules-login-1.hpc.msstate.edu :: Cannot submit gfs_ocean_prod_f090, because maximum global task throttle of 25 will be violated.
2025-07-28 19:26:53 -0500 :: hercules-login-1.hpc.msstate.edu :: Cannot submit gfs_ocean_prod_f096, because maximum global task throttle of 25 will be violated.
2025-07-28 19:26:53 -0500 :: hercules-login-1.hpc.msstate.edu :: Cannot submit gfs_ocean_prod_f102, because maximum global task throttle of 25 will be violated.
2025-07-28 19:26:53 -0500 :: hercules-login-1.hpc.msstate.edu :: Cannot submit gfs_ocean_prod_f108, because maximum global task throttle of 25 will be violated.
2025-07-28 19:26:53 -0500 :: hercules-login-1.hpc.msstate.edu :: Cannot submit gfs_ocean_prod_f114, because maximum global task throttle of 25 will be violated.
2025-07-28 19:26:53 -0500 :: hercules-login-1.hpc.msstate.edu :: Cannot submit gfs_ocean_prod_f120, because maximum global task throttle of 25 will be violated.
2025-07-28 19:26:53 -0500 :: hercules-login-1.hpc.msstate.edu :: Cannot submit gfs_ice_prod_f024, because maximum global task throttle of 25 will be violated.
2025-07-28 19:26:53 -0500 :: hercules-login-1.hpc.msstate.edu :: Cannot submit gfs_ice_prod_f030, because maximum global task throttle of 25 will be violated.
2025-07-28 19:26:53 -0500 :: hercules-login-1.hpc.msstate.edu :: Cannot submit gfs_ice_prod_f036, because maximum global task throttle of 25 will be violated.
2025-07-28 19:26:53 -0500 :: hercules-login-1.hpc.msstate.edu :: Cannot submit gfs_ice_prod_f042, because maximum global task throttle of 25 will be violated.
2025-07-28 19:26:53 -0500 :: hercules-login-1.hpc.msstate.edu :: Cannot submit gfs_ice_prod_f048, because maximum global task throttle of 25 will be violated.
2025-07-28 19:26:53 -0500 :: hercules-login-1.hpc.msstate.edu :: Cannot submit gfs_ice_prod_f054, because maximum global task throttle of 25 will be violated.
2025-07-28 19:26:53 -0500 :: hercules-login-1.hpc.msstate.edu :: Cannot submit gfs_ice_prod_f060, because maximum global task throttle of 25 will be violated.
2025-07-28 19:26:53 -0500 :: hercules-login-1.hpc.msstate.edu :: Cannot submit gfs_ice_prod_f066, because maximum global task throttle of 25 will be violated.
2025-07-28 19:26:53 -0500 :: hercules-login-1.hpc.msstate.edu :: Cannot submit gfs_ice_prod_f072, because maximum global task throttle of 25 will be violated.
2025-07-28 19:26:53 -0500 :: hercules-login-1.hpc.msstate.edu :: Cannot submit gfs_ice_prod_f078, because maximum global task throttle of 25 will be violated.
2025-07-28 19:26:53 -0500 :: hercules-login-1.hpc.msstate.edu :: Cannot submit gfs_ice_prod_f084, because maximum global task throttle of 25 will be violated.
2025-07-28 19:26:53 -0500 :: hercules-login-1.hpc.msstate.edu :: Cannot submit gfs_ice_prod_f090, because maximum global task throttle of 25 will be violated.
2025-07-28 19:26:53 -0500 :: hercules-login-1.hpc.msstate.edu :: Cannot submit gfs_ice_prod_f096, because maximum global task throttle of 25 will be violated.
2025-07-28 19:26:53 -0500 :: hercules-login-1.hpc.msstate.edu :: Cannot submit gfs_ice_prod_f102, because maximum global task throttle of 25 will be violated.
2025-07-28 19:26:53 -0500 :: hercules-login-1.hpc.msstate.edu :: Cannot submit gfs_ice_prod_f108, because maximum global task throttle of 25 will be violated.
2025-07-28 19:26:53 -0500 :: hercules-login-1.hpc.msstate.edu :: Cannot submit gfs_ice_prod_f114, because maximum global task throttle of 25 will be violated.
2025-07-28 19:26:53 -0500 :: hercules-login-1.hpc.msstate.edu :: Cannot submit gfs_ice_prod_f120, because maximum global task throttle of 25 will be violated.
2025-07-28 19:26:53 -0500 :: hercules-login-1.hpc.msstate.edu :: Cannot submit gfs_wavepostsbs_f033-f035, because maximum global task throttle of 25 will be violated.
2025-07-28 19:26:53 -0500 :: hercules-login-1.hpc.msstate.edu :: Cannot submit gfs_wavepostsbs_f036-f038, because maximum global task throttle of 25 will be violated.
2025-07-28 19:26:53 -0500 :: hercules-login-1.hpc.msstate.edu :: Cannot submit gfs_wavepostsbs_f039-f041, because maximum global task throttle of 25 will be violated.
2025-07-28 19:26:53 -0500 :: hercules-login-1.hpc.msstate.edu :: Cannot submit gfs_wavepostsbs_f042-f044, because maximum global task throttle of 25 will be violated.
2025-07-28 19:26:53 -0500 :: hercules-login-1.hpc.msstate.edu :: Cannot submit gfs_wavepostsbs_f045-f047, because maximum global task throttle of 25 will be violated.
2025-07-28 19:26:53 -0500 :: hercules-login-1.hpc.msstate.edu :: Cannot submit gfs_wavepostsbs_f048-f054, because maximum global task throttle of 25 will be violated.
2025-07-28 19:26:53 -0500 :: hercules-login-1.hpc.msstate.edu :: Cannot submit gfs_wavepostsbs_f057-f063, because maximum global task throttle of 25 will be violated.
2025-07-28 19:26:53 -0500 :: hercules-login-1.hpc.msstate.edu :: Cannot submit gfs_wavepostsbs_f066-f072, because maximum global task throttle of 25 will be violated.
2025-07-28 19:26:53 -0500 :: hercules-login-1.hpc.msstate.edu :: Cannot submit gfs_wavepostsbs_f075-f081, because maximum global task throttle of 25 will be violated.
2025-07-28 19:26:53 -0500 :: hercules-login-1.hpc.msstate.edu :: Cannot submit gfs_wavepostsbs_f084-f090, because maximum global task throttle of 25 will be violated.
2025-07-28 19:26:53 -0500 :: hercules-login-1.hpc.msstate.edu :: Cannot submit gfs_wavepostsbs_f093-f099, because maximum global task throttle of 25 will be violated.
2025-07-28 19:26:53 -0500 :: hercules-login-1.hpc.msstate.edu :: Cannot submit gfs_wavepostsbs_f102-f108, because maximum global task throttle of 25 will be violated.
2025-07-28 19:26:53 -0500 :: hercules-login-1.hpc.msstate.edu :: Cannot submit gfs_wavepostsbs_f111-f114, because maximum global task throttle of 25 will be violated.
2025-07-28 19:26:53 -0500 :: hercules-login-1.hpc.msstate.edu :: Cannot submit gfs_wavepostsbs_f117-f120, because maximum global task throttle of 25 will be violated.
2025-07-28 19:26:53 -0500 :: hercules-login-1.hpc.msstate.edu :: Cannot submit gfs_wavepostbndpnt, because maximum global task throttle of 25 will be violated.
2025-07-28 19:26:53 -0500 :: hercules-login-1.hpc.msstate.edu :: Cannot submit gfs_wavepostbndpntbll, because maximum global task throttle of 25 will be violated.
2025-07-28 19:26:53 -0500 :: hercules-login-1.hpc.msstate.edu :: Cannot submit gfs_wavepostpnt, because maximum global task throttle of 25 will be violated.
2025-07-28 19:32:56 -0500 :: hercules-login-1.hpc.msstate.edu :: Task gfs_atmos_prod_f000-f002, jobid=5950995, in state QUEUED (PENDING)
2025-07-28 19:32:56 -0500 :: hercules-login-1.hpc.msstate.edu :: Task gfs_atmos_prod_f003-f005, jobid=5950996, in state QUEUED (PENDING)
2025-07-28 19:32:56 -0500 :: hercules-login-1.hpc.msstate.edu :: Task gfs_atmos_prod_f006-f008, jobid=5950997, in state QUEUED (PENDING)
2025-07-28 19:32:56 -0500 :: hercules-login-1.hpc.msstate.edu :: Task gfs_atmos_prod_f009-f011, jobid=5950998, in state QUEUED (PENDING)
2025-07-28 19:32:56 -0500 :: hercules-login-1.hpc.msstate.edu :: Task gfs_atmos_prod_f012-f014, jobid=5950999, in state QUEUED (PENDING)
2025-07-28 19:32:56 -0500 :: hercules-login-1.hpc.msstate.edu :: Task gfs_atmos_prod_f015-f017, jobid=5951000, in state QUEUED (PENDING)
2025-07-28 19:32:56 -0500 :: hercules-login-1.hpc.msstate.edu :: Task gfs_atmos_prod_f018-f020, jobid=5951001, in state QUEUED (PENDING)
2025-07-28 19:32:56 -0500 :: hercules-login-1.hpc.msstate.edu :: Task gfs_atmos_prod_f021-f023, jobid=5951060, in state QUEUED (PENDING)
2025-07-28 19:32:56 -0500 :: hercules-login-1.hpc.msstate.edu :: Task gfs_atmos_prod_f024-f026, jobid=5951061, in state QUEUED (PENDING)
2025-07-28 19:32:56 -0500 :: hercules-login-1.hpc.msstate.edu :: Task gfs_atmos_prod_f027-f029, jobid=5951062, in state QUEUED (PENDING)
2025-07-28 19:32:56 -0500 :: hercules-login-1.hpc.msstate.edu :: Task gfs_atmos_prod_f030-f032, jobid=5951063, in state QUEUED (PENDING)
2025-07-28 19:32:56 -0500 :: hercules-login-1.hpc.msstate.edu :: Task gfs_atmos_prod_f033-f035, jobid=5951064, in state QUEUED (PENDING)
2025-07-28 19:32:56 -0500 :: hercules-login-1.hpc.msstate.edu :: Task gfs_atmos_prod_f036-f038, jobid=5951065, in state QUEUED (PENDING)
2025-07-28 19:32:56 -0500 :: hercules-login-1.hpc.msstate.edu :: Task gfs_atmos_prod_f039-f041, jobid=5951115, in state QUEUED (PENDING)
2025-07-28 19:32:56 -0500 :: hercules-login-1.hpc.msstate.edu :: Task gfs_wavepostsbs_f000-f002, jobid=5951006, in state QUEUED (PENDING)
2025-07-28 19:32:56 -0500 :: hercules-login-1.hpc.msstate.edu :: Task gfs_wavepostsbs_f003-f005, jobid=5951007, in state QUEUED (PENDING)
2025-07-28 19:32:56 -0500 :: hercules-login-1.hpc.msstate.edu :: Task gfs_wavepostsbs_f006-f008, jobid=5951008, in state QUEUED (PENDING)
2025-07-28 19:32:56 -0500 :: hercules-login-1.hpc.msstate.edu :: Task gfs_wavepostsbs_f009-f011, jobid=5951009, in state QUEUED (PENDING)
2025-07-28 19:32:56 -0500 :: hercules-login-1.hpc.msstate.edu :: Task gfs_wavepostsbs_f012-f014, jobid=5951010, in state QUEUED (PENDING)
2025-07-28 19:32:56 -0500 :: hercules-login-1.hpc.msstate.edu :: Task gfs_wavepostsbs_f015-f017, jobid=5951011, in state QUEUED (PENDING)
2025-07-28 19:32:56 -0500 :: hercules-login-1.hpc.msstate.edu :: Task gfs_wavepostsbs_f018-f020, jobid=5951012, in state QUEUED (PENDING)
2025-07-28 19:32:56 -0500 :: hercules-login-1.hpc.msstate.edu :: Task gfs_wavepostsbs_f021-f023, jobid=5951013, in state QUEUED (PENDING)
2025-07-28 19:32:56 -0500 :: hercules-login-1.hpc.msstate.edu :: Task gfs_wavepostsbs_f024-f026, jobid=5951014, in state QUEUED (PENDING)
2025-07-28 19:32:56 -0500 :: hercules-login-1.hpc.msstate.edu :: Task gfs_wavepostsbs_f027-f029, jobid=5951015, in state QUEUED (PENDING)
2025-07-28 19:32:56 -0500 :: hercules-login-1.hpc.msstate.edu :: Task gfs_wavepostsbs_f030-f032, jobid=5951016, in state QUEUED (PENDING)
2025-07-28 19:32:56 -0500 :: hercules-login-1.hpc.msstate.edu :: Cannot submit gfs_atmos_prod_f042-f044, because maximum global task throttle of 25 will be violated.
2025-07-28 19:32:56 -0500 :: hercules-login-1.hpc.msstate.edu :: Cannot submit gfs_atmos_prod_f045-f047, because maximum global task throttle of 25 will be violated.
2025-07-28 19:32:56 -0500 :: hercules-login-1.hpc.msstate.edu :: Cannot submit gfs_atmos_prod_f048-f054, because maximum global task throttle of 25 will be violated.
2025-07-28 19:32:56 -0500 :: hercules-login-1.hpc.msstate.edu :: Cannot submit gfs_atmos_prod_f057-f063, because maximum global task throttle of 25 will be violated.
2025-07-28 19:32:56 -0500 :: hercules-login-1.hpc.msstate.edu :: Cannot submit gfs_atmos_prod_f066-f072, because maximum global task throttle of 25 will be violated.
2025-07-28 19:32:56 -0500 :: hercules-login-1.hpc.msstate.edu :: Cannot submit gfs_atmos_prod_f075-f081, because maximum global task throttle of 25 will be violated.
2025-07-28 19:32:56 -0500 :: hercules-login-1.hpc.msstate.edu :: Cannot submit gfs_atmos_prod_f084-f090, because maximum global task throttle of 25 will be violated.
2025-07-28 19:32:56 -0500 :: hercules-login-1.hpc.msstate.edu :: Cannot submit gfs_atmos_prod_f093-f099, because maximum global task throttle of 25 will be violated.
2025-07-28 19:32:56 -0500 :: hercules-login-1.hpc.msstate.edu :: Cannot submit gfs_atmos_prod_f102-f108, because maximum global task throttle of 25 will be violated.
2025-07-28 19:32:56 -0500 :: hercules-login-1.hpc.msstate.edu :: Cannot submit gfs_atmos_prod_f111-f114, because maximum global task throttle of 25 will be violated.
2025-07-28 19:32:56 -0500 :: hercules-login-1.hpc.msstate.edu :: Cannot submit gfs_atmos_prod_f117-f120, because maximum global task throttle of 25 will be violated.
2025-07-28 19:32:56 -0500 :: hercules-login-1.hpc.msstate.edu :: Cannot submit gfs_ocean_prod_f012, because maximum global task throttle of 25 will be violated.
2025-07-28 19:32:56 -0500 :: hercules-login-1.hpc.msstate.edu :: Cannot submit gfs_ocean_prod_f018, because maximum global task throttle of 25 will be violated.
2025-07-28 19:32:56 -0500 :: hercules-login-1.hpc.msstate.edu :: Cannot submit gfs_ocean_prod_f024, because maximum global task throttle of 25 will be violated.
2025-07-28 19:32:56 -0500 :: hercules-login-1.hpc.msstate.edu :: Cannot submit gfs_ocean_prod_f030, because maximum global task throttle of 25 will be violated.
2025-07-28 19:32:56 -0500 :: hercules-login-1.hpc.msstate.edu :: Cannot submit gfs_ocean_prod_f036, because maximum global task throttle of 25 will be violated.
2025-07-28 19:32:56 -0500 :: hercules-login-1.hpc.msstate.edu :: Cannot submit gfs_ocean_prod_f042, because maximum global task throttle of 25 will be violated.
2025-07-28 19:32:56 -0500 :: hercules-login-1.hpc.msstate.edu :: Cannot submit gfs_ocean_prod_f048, because maximum global task throttle of 25 will be violated.
2025-07-28 19:32:56 -0500 :: hercules-login-1.hpc.msstate.edu :: Cannot submit gfs_ocean_prod_f054, because maximum global task throttle of 25 will be violated.
2025-07-28 19:32:56 -0500 :: hercules-login-1.hpc.msstate.edu :: Cannot submit gfs_ocean_prod_f060, because maximum global task throttle of 25 will be violated.
2025-07-28 19:32:56 -0500 :: hercules-login-1.hpc.msstate.edu :: Cannot submit gfs_ocean_prod_f066, because maximum global task throttle of 25 will be violated.
2025-07-28 19:32:56 -0500 :: hercules-login-1.hpc.msstate.edu :: Cannot submit gfs_ocean_prod_f072, because maximum global task throttle of 25 will be violated.
2025-07-28 19:32:56 -0500 :: hercules-login-1.hpc.msstate.edu :: Cannot submit gfs_ocean_prod_f078, because maximum global task throttle of 25 will be violated.
2025-07-28 19:32:56 -0500 :: hercules-login-1.hpc.msstate.edu :: Cannot submit gfs_ocean_prod_f084, because maximum global task throttle of 25 will be violated.
2025-07-28 19:32:56 -0500 :: hercules-login-1.hpc.msstate.edu :: Cannot submit gfs_ocean_prod_f090, because maximum global task throttle of 25 will be violated.
2025-07-28 19:32:56 -0500 :: hercules-login-1.hpc.msstate.edu :: Cannot submit gfs_ocean_prod_f096, because maximum global task throttle of 25 will be violated.
2025-07-28 19:32:56 -0500 :: hercules-login-1.hpc.msstate.edu :: Cannot submit gfs_ocean_prod_f102, because maximum global task throttle of 25 will be violated.
2025-07-28 19:32:56 -0500 :: hercules-login-1.hpc.msstate.edu :: Cannot submit gfs_ocean_prod_f108, because maximum global task throttle of 25 will be violated.
2025-07-28 19:32:56 -0500 :: hercules-login-1.hpc.msstate.edu :: Cannot submit gfs_ocean_prod_f114, because maximum global task throttle of 25 will be violated.
2025-07-28 19:32:56 -0500 :: hercules-login-1.hpc.msstate.edu :: Cannot submit gfs_ocean_prod_f120, because maximum global task throttle of 25 will be violated.
2025-07-28 19:32:56 -0500 :: hercules-login-1.hpc.msstate.edu :: Cannot submit gfs_ice_prod_f024, because maximum global task throttle of 25 will be violated.
2025-07-28 19:32:56 -0500 :: hercules-login-1.hpc.msstate.edu :: Cannot submit gfs_ice_prod_f030, because maximum global task throttle of 25 will be violated.
2025-07-28 19:32:56 -0500 :: hercules-login-1.hpc.msstate.edu :: Cannot submit gfs_ice_prod_f036, because maximum global task throttle of 25 will be violated.
2025-07-28 19:32:56 -0500 :: hercules-login-1.hpc.msstate.edu :: Cannot submit gfs_ice_prod_f042, because maximum global task throttle of 25 will be violated.
2025-07-28 19:32:56 -0500 :: hercules-login-1.hpc.msstate.edu :: Cannot submit gfs_ice_prod_f048, because maximum global task throttle of 25 will be violated.
2025-07-28 19:32:56 -0500 :: hercules-login-1.hpc.msstate.edu :: Cannot submit gfs_ice_prod_f054, because maximum global task throttle of 25 will be violated.
2025-07-28 19:32:56 -0500 :: hercules-login-1.hpc.msstate.edu :: Cannot submit gfs_ice_prod_f060, because maximum global task throttle of 25 will be violated.
2025-07-28 19:32:56 -0500 :: hercules-login-1.hpc.msstate.edu :: Cannot submit gfs_ice_prod_f066, because maximum global task throttle of 25 will be violated.
2025-07-28 19:32:56 -0500 :: hercules-login-1.hpc.msstate.edu :: Cannot submit gfs_ice_prod_f072, because maximum global task throttle of 25 will be violated.
2025-07-28 19:32:56 -0500 :: hercules-login-1.hpc.msstate.edu :: Cannot submit gfs_ice_prod_f078, because maximum global task throttle of 25 will be violated.
2025-07-28 19:32:56 -0500 :: hercules-login-1.hpc.msstate.edu :: Cannot submit gfs_ice_prod_f084, because maximum global task throttle of 25 will be violated.
2025-07-28 19:32:56 -0500 :: hercules-login-1.hpc.msstate.edu :: Cannot submit gfs_ice_prod_f090, because maximum global task throttle of 25 will be violated.
2025-07-28 19:32:56 -0500 :: hercules-login-1.hpc.msstate.edu :: Cannot submit gfs_ice_prod_f096, because maximum global task throttle of 25 will be violated.
2025-07-28 19:32:56 -0500 :: hercules-login-1.hpc.msstate.edu :: Cannot submit gfs_ice_prod_f102, because maximum global task throttle of 25 will be violated.
2025-07-28 19:32:56 -0500 :: hercules-login-1.hpc.msstate.edu :: Cannot submit gfs_ice_prod_f108, because maximum global task throttle of 25 will be violated.
2025-07-28 19:32:56 -0500 :: hercules-login-1.hpc.msstate.edu :: Cannot submit gfs_ice_prod_f114, because maximum global task throttle of 25 will be violated.
2025-07-28 19:32:56 -0500 :: hercules-login-1.hpc.msstate.edu :: Cannot submit gfs_ice_prod_f120, because maximum global task throttle of 25 will be violated.
2025-07-28 19:32:56 -0500 :: hercules-login-1.hpc.msstate.edu :: Cannot submit gfs_wavepostsbs_f033-f035, because maximum global task throttle of 25 will be violated.
2025-07-28 19:32:56 -0500 :: hercules-login-1.hpc.msstate.edu :: Cannot submit gfs_wavepostsbs_f036-f038, because maximum global task throttle of 25 will be violated.
2025-07-28 19:32:56 -0500 :: hercules-login-1.hpc.msstate.edu :: Cannot submit gfs_wavepostsbs_f039-f041, because maximum global task throttle of 25 will be violated.
2025-07-28 19:32:56 -0500 :: hercules-login-1.hpc.msstate.edu :: Cannot submit gfs_wavepostsbs_f042-f044, because maximum global task throttle of 25 will be violated.
2025-07-28 19:32:56 -0500 :: hercules-login-1.hpc.msstate.edu :: Cannot submit gfs_wavepostsbs_f045-f047, because maximum global task throttle of 25 will be violated.
2025-07-28 19:32:56 -0500 :: hercules-login-1.hpc.msstate.edu :: Cannot submit gfs_wavepostsbs_f048-f054, because maximum global task throttle of 25 will be violated.
2025-07-28 19:32:56 -0500 :: hercules-login-1.hpc.msstate.edu :: Cannot submit gfs_wavepostsbs_f057-f063, because maximum global task throttle of 25 will be violated.
2025-07-28 19:32:56 -0500 :: hercules-login-1.hpc.msstate.edu :: Cannot submit gfs_wavepostsbs_f066-f072, because maximum global task throttle of 25 will be violated.
2025-07-28 19:32:56 -0500 :: hercules-login-1.hpc.msstate.edu :: Cannot submit gfs_wavepostsbs_f075-f081, because maximum global task throttle of 25 will be violated.
2025-07-28 19:32:56 -0500 :: hercules-login-1.hpc.msstate.edu :: Cannot submit gfs_wavepostsbs_f084-f090, because maximum global task throttle of 25 will be violated.
2025-07-28 19:32:56 -0500 :: hercules-login-1.hpc.msstate.edu :: Cannot submit gfs_wavepostsbs_f093-f099, because maximum global task throttle of 25 will be violated.
2025-07-28 19:32:56 -0500 :: hercules-login-1.hpc.msstate.edu :: Cannot submit gfs_wavepostsbs_f102-f108, because maximum global task throttle of 25 will be violated.
2025-07-28 19:32:56 -0500 :: hercules-login-1.hpc.msstate.edu :: Cannot submit gfs_wavepostsbs_f111-f114, because maximum global task throttle of 25 will be violated.
2025-07-28 19:32:56 -0500 :: hercules-login-1.hpc.msstate.edu :: Cannot submit gfs_wavepostsbs_f117-f120, because maximum global task throttle of 25 will be violated.
2025-07-28 19:32:56 -0500 :: hercules-login-1.hpc.msstate.edu :: Cannot submit gfs_wavepostbndpnt, because maximum global task throttle of 25 will be violated.
2025-07-28 19:32:56 -0500 :: hercules-login-1.hpc.msstate.edu :: Cannot submit gfs_wavepostbndpntbll, because maximum global task throttle of 25 will be violated.
2025-07-28 19:32:56 -0500 :: hercules-login-1.hpc.msstate.edu :: Cannot submit gfs_wavepostpnt, because maximum global task throttle of 25 will be violated.
2025-07-28 19:38:59 -0500 :: hercules-login-1.hpc.msstate.edu :: Task gfs_atmos_prod_f000-f002, jobid=5950995, in state QUEUED (PENDING)
2025-07-28 19:38:59 -0500 :: hercules-login-1.hpc.msstate.edu :: Task gfs_atmos_prod_f003-f005, jobid=5950996, in state QUEUED (PENDING)
2025-07-28 19:38:59 -0500 :: hercules-login-1.hpc.msstate.edu :: Task gfs_atmos_prod_f006-f008, jobid=5950997, in state QUEUED (PENDING)
2025-07-28 19:38:59 -0500 :: hercules-login-1.hpc.msstate.edu :: Task gfs_atmos_prod_f009-f011, jobid=5950998, in state QUEUED (PENDING)
2025-07-28 19:38:59 -0500 :: hercules-login-1.hpc.msstate.edu :: Task gfs_atmos_prod_f012-f014, jobid=5950999, in state QUEUED (PENDING)
2025-07-28 19:38:59 -0500 :: hercules-login-1.hpc.msstate.edu :: Task gfs_atmos_prod_f015-f017, jobid=5951000, in state QUEUED (PENDING)
2025-07-28 19:38:59 -0500 :: hercules-login-1.hpc.msstate.edu :: Task gfs_atmos_prod_f018-f020, jobid=5951001, in state QUEUED (PENDING)
2025-07-28 19:38:59 -0500 :: hercules-login-1.hpc.msstate.edu :: Task gfs_atmos_prod_f021-f023, jobid=5951060, in state QUEUED (PENDING)
2025-07-28 19:38:59 -0500 :: hercules-login-1.hpc.msstate.edu :: Task gfs_atmos_prod_f024-f026, jobid=5951061, in state QUEUED (PENDING)
2025-07-28 19:38:59 -0500 :: hercules-login-1.hpc.msstate.edu :: Task gfs_atmos_prod_f027-f029, jobid=5951062, in state QUEUED (PENDING)
2025-07-28 19:38:59 -0500 :: hercules-login-1.hpc.msstate.edu :: Task gfs_atmos_prod_f030-f032, jobid=5951063, in state QUEUED (PENDING)
2025-07-28 19:38:59 -0500 :: hercules-login-1.hpc.msstate.edu :: Task gfs_atmos_prod_f033-f035, jobid=5951064, in state QUEUED (PENDING)
2025-07-28 19:38:59 -0500 :: hercules-login-1.hpc.msstate.edu :: Task gfs_atmos_prod_f036-f038, jobid=5951065, in state QUEUED (PENDING)
2025-07-28 19:38:59 -0500 :: hercules-login-1.hpc.msstate.edu :: Task gfs_atmos_prod_f039-f041, jobid=5951115, in state QUEUED (PENDING)
2025-07-28 19:38:59 -0500 :: hercules-login-1.hpc.msstate.edu :: Task gfs_wavepostsbs_f000-f002, jobid=5951006, in state QUEUED (PENDING)
2025-07-28 19:38:59 -0500 :: hercules-login-1.hpc.msstate.edu :: Task gfs_wavepostsbs_f003-f005, jobid=5951007, in state QUEUED (PENDING)
2025-07-28 19:38:59 -0500 :: hercules-login-1.hpc.msstate.edu :: Task gfs_wavepostsbs_f006-f008, jobid=5951008, in state QUEUED (PENDING)
2025-07-28 19:38:59 -0500 :: hercules-login-1.hpc.msstate.edu :: Task gfs_wavepostsbs_f009-f011, jobid=5951009, in state QUEUED (PENDING)
2025-07-28 19:38:59 -0500 :: hercules-login-1.hpc.msstate.edu :: Task gfs_wavepostsbs_f012-f014, jobid=5951010, in state QUEUED (PENDING)
2025-07-28 19:38:59 -0500 :: hercules-login-1.hpc.msstate.edu :: Task gfs_wavepostsbs_f015-f017, jobid=5951011, in state QUEUED (PENDING)
2025-07-28 19:38:59 -0500 :: hercules-login-1.hpc.msstate.edu :: Task gfs_wavepostsbs_f018-f020, jobid=5951012, in state QUEUED (PENDING)
2025-07-28 19:38:59 -0500 :: hercules-login-1.hpc.msstate.edu :: Task gfs_wavepostsbs_f021-f023, jobid=5951013, in state QUEUED (PENDING)
2025-07-28 19:38:59 -0500 :: hercules-login-1.hpc.msstate.edu :: Task gfs_wavepostsbs_f024-f026, jobid=5951014, in state QUEUED (PENDING)
2025-07-28 19:38:59 -0500 :: hercules-login-1.hpc.msstate.edu :: Task gfs_wavepostsbs_f027-f029, jobid=5951015, in state QUEUED (PENDING)
2025-07-28 19:38:59 -0500 :: hercules-login-1.hpc.msstate.edu :: Task gfs_wavepostsbs_f030-f032, jobid=5951016, in state QUEUED (PENDING)
2025-07-28 19:38:59 -0500 :: hercules-login-1.hpc.msstate.edu :: Cannot submit gfs_atmos_prod_f042-f044, because maximum global task throttle of 25 will be violated.
2025-07-28 19:38:59 -0500 :: hercules-login-1.hpc.msstate.edu :: Cannot submit gfs_atmos_prod_f045-f047, because maximum global task throttle of 25 will be violated.
2025-07-28 19:38:59 -0500 :: hercules-login-1.hpc.msstate.edu :: Cannot submit gfs_atmos_prod_f048-f054, because maximum global task throttle of 25 will be violated.
2025-07-28 19:38:59 -0500 :: hercules-login-1.hpc.msstate.edu :: Cannot submit gfs_atmos_prod_f057-f063, because maximum global task throttle of 25 will be violated.
2025-07-28 19:38:59 -0500 :: hercules-login-1.hpc.msstate.edu :: Cannot submit gfs_atmos_prod_f066-f072, because maximum global task throttle of 25 will be violated.
2025-07-28 19:38:59 -0500 :: hercules-login-1.hpc.msstate.edu :: Cannot submit gfs_atmos_prod_f075-f081, because maximum global task throttle of 25 will be violated.
2025-07-28 19:38:59 -0500 :: hercules-login-1.hpc.msstate.edu :: Cannot submit gfs_atmos_prod_f084-f090, because maximum global task throttle of 25 will be violated.
2025-07-28 19:38:59 -0500 :: hercules-login-1.hpc.msstate.edu :: Cannot submit gfs_atmos_prod_f093-f099, because maximum global task throttle of 25 will be violated.
2025-07-28 19:38:59 -0500 :: hercules-login-1.hpc.msstate.edu :: Cannot submit gfs_atmos_prod_f102-f108, because maximum global task throttle of 25 will be violated.
2025-07-28 19:38:59 -0500 :: hercules-login-1.hpc.msstate.edu :: Cannot submit gfs_atmos_prod_f111-f114, because maximum global task throttle of 25 will be violated.
2025-07-28 19:38:59 -0500 :: hercules-login-1.hpc.msstate.edu :: Cannot submit gfs_atmos_prod_f117-f120, because maximum global task throttle of 25 will be violated.
2025-07-28 19:38:59 -0500 :: hercules-login-1.hpc.msstate.edu :: Cannot submit gfs_ocean_prod_f012, because maximum global task throttle of 25 will be violated.
2025-07-28 19:38:59 -0500 :: hercules-login-1.hpc.msstate.edu :: Cannot submit gfs_ocean_prod_f018, because maximum global task throttle of 25 will be violated.
2025-07-28 19:38:59 -0500 :: hercules-login-1.hpc.msstate.edu :: Cannot submit gfs_ocean_prod_f024, because maximum global task throttle of 25 will be violated.
2025-07-28 19:38:59 -0500 :: hercules-login-1.hpc.msstate.edu :: Cannot submit gfs_ocean_prod_f030, because maximum global task throttle of 25 will be violated.
2025-07-28 19:38:59 -0500 :: hercules-login-1.hpc.msstate.edu :: Cannot submit gfs_ocean_prod_f036, because maximum global task throttle of 25 will be violated.
2025-07-28 19:38:59 -0500 :: hercules-login-1.hpc.msstate.edu :: Cannot submit gfs_ocean_prod_f042, because maximum global task throttle of 25 will be violated.
2025-07-28 19:38:59 -0500 :: hercules-login-1.hpc.msstate.edu :: Cannot submit gfs_ocean_prod_f048, because maximum global task throttle of 25 will be violated.
2025-07-28 19:38:59 -0500 :: hercules-login-1.hpc.msstate.edu :: Cannot submit gfs_ocean_prod_f054, because maximum global task throttle of 25 will be violated.
2025-07-28 19:38:59 -0500 :: hercules-login-1.hpc.msstate.edu :: Cannot submit gfs_ocean_prod_f060, because maximum global task throttle of 25 will be violated.
2025-07-28 19:38:59 -0500 :: hercules-login-1.hpc.msstate.edu :: Cannot submit gfs_ocean_prod_f066, because maximum global task throttle of 25 will be violated.
2025-07-28 19:38:59 -0500 :: hercules-login-1.hpc.msstate.edu :: Cannot submit gfs_ocean_prod_f072, because maximum global task throttle of 25 will be violated.
2025-07-28 19:38:59 -0500 :: hercules-login-1.hpc.msstate.edu :: Cannot submit gfs_ocean_prod_f078, because maximum global task throttle of 25 will be violated.
2025-07-28 19:38:59 -0500 :: hercules-login-1.hpc.msstate.edu :: Cannot submit gfs_ocean_prod_f084, because maximum global task throttle of 25 will be violated.
2025-07-28 19:38:59 -0500 :: hercules-login-1.hpc.msstate.edu :: Cannot submit gfs_ocean_prod_f090, because maximum global task throttle of 25 will be violated.
2025-07-28 19:38:59 -0500 :: hercules-login-1.hpc.msstate.edu :: Cannot submit gfs_ocean_prod_f096, because maximum global task throttle of 25 will be violated.
2025-07-28 19:38:59 -0500 :: hercules-login-1.hpc.msstate.edu :: Cannot submit gfs_ocean_prod_f102, because maximum global task throttle of 25 will be violated.
2025-07-28 19:38:59 -0500 :: hercules-login-1.hpc.msstate.edu :: Cannot submit gfs_ocean_prod_f108, because maximum global task throttle of 25 will be violated.
2025-07-28 19:38:59 -0500 :: hercules-login-1.hpc.msstate.edu :: Cannot submit gfs_ocean_prod_f114, because maximum global task throttle of 25 will be violated.
2025-07-28 19:38:59 -0500 :: hercules-login-1.hpc.msstate.edu :: Cannot submit gfs_ocean_prod_f120, because maximum global task throttle of 25 will be violated.
2025-07-28 19:38:59 -0500 :: hercules-login-1.hpc.msstate.edu :: Cannot submit gfs_ice_prod_f024, because maximum global task throttle of 25 will be violated.
2025-07-28 19:38:59 -0500 :: hercules-login-1.hpc.msstate.edu :: Cannot submit gfs_ice_prod_f030, because maximum global task throttle of 25 will be violated.
2025-07-28 19:38:59 -0500 :: hercules-login-1.hpc.msstate.edu :: Cannot submit gfs_ice_prod_f036, because maximum global task throttle of 25 will be violated.
2025-07-28 19:38:59 -0500 :: hercules-login-1.hpc.msstate.edu :: Cannot submit gfs_ice_prod_f042, because maximum global task throttle of 25 will be violated.
2025-07-28 19:38:59 -0500 :: hercules-login-1.hpc.msstate.edu :: Cannot submit gfs_ice_prod_f048, because maximum global task throttle of 25 will be violated.
2025-07-28 19:38:59 -0500 :: hercules-login-1.hpc.msstate.edu :: Cannot submit gfs_ice_prod_f054, because maximum global task throttle of 25 will be violated.
2025-07-28 19:38:59 -0500 :: hercules-login-1.hpc.msstate.edu :: Cannot submit gfs_ice_prod_f060, because maximum global task throttle of 25 will be violated.
2025-07-28 19:38:59 -0500 :: hercules-login-1.hpc.msstate.edu :: Cannot submit gfs_ice_prod_f066, because maximum global task throttle of 25 will be violated.
2025-07-28 19:38:59 -0500 :: hercules-login-1.hpc.msstate.edu :: Cannot submit gfs_ice_prod_f072, because maximum global task throttle of 25 will be violated.
2025-07-28 19:38:59 -0500 :: hercules-login-1.hpc.msstate.edu :: Cannot submit gfs_ice_prod_f078, because maximum global task throttle of 25 will be violated.
2025-07-28 19:38:59 -0500 :: hercules-login-1.hpc.msstate.edu :: Cannot submit gfs_ice_prod_f084, because maximum global task throttle of 25 will be violated.
2025-07-28 19:38:59 -0500 :: hercules-login-1.hpc.msstate.edu :: Cannot submit gfs_ice_prod_f090, because maximum global task throttle of 25 will be violated.
2025-07-28 19:38:59 -0500 :: hercules-login-1.hpc.msstate.edu :: Cannot submit gfs_ice_prod_f096, because maximum global task throttle of 25 will be violated.
2025-07-28 19:38:59 -0500 :: hercules-login-1.hpc.msstate.edu :: Cannot submit gfs_ice_prod_f102, because maximum global task throttle of 25 will be violated.
2025-07-28 19:38:59 -0500 :: hercules-login-1.hpc.msstate.edu :: Cannot submit gfs_ice_prod_f108, because maximum global task throttle of 25 will be violated.
2025-07-28 19:38:59 -0500 :: hercules-login-1.hpc.msstate.edu :: Cannot submit gfs_ice_prod_f114, because maximum global task throttle of 25 will be violated.
2025-07-28 19:38:59 -0500 :: hercules-login-1.hpc.msstate.edu :: Cannot submit gfs_ice_prod_f120, because maximum global task throttle of 25 will be violated.
2025-07-28 19:38:59 -0500 :: hercules-login-1.hpc.msstate.edu :: Cannot submit gfs_wavepostsbs_f033-f035, because maximum global task throttle of 25 will be violated.
2025-07-28 19:38:59 -0500 :: hercules-login-1.hpc.msstate.edu :: Cannot submit gfs_wavepostsbs_f036-f038, because maximum global task throttle of 25 will be violated.
2025-07-28 19:38:59 -0500 :: hercules-login-1.hpc.msstate.edu :: Cannot submit gfs_wavepostsbs_f039-f041, because maximum global task throttle of 25 will be violated.
2025-07-28 19:38:59 -0500 :: hercules-login-1.hpc.msstate.edu :: Cannot submit gfs_wavepostsbs_f042-f044, because maximum global task throttle of 25 will be violated.
2025-07-28 19:38:59 -0500 :: hercules-login-1.hpc.msstate.edu :: Cannot submit gfs_wavepostsbs_f045-f047, because maximum global task throttle of 25 will be violated.
2025-07-28 19:38:59 -0500 :: hercules-login-1.hpc.msstate.edu :: Cannot submit gfs_wavepostsbs_f048-f054, because maximum global task throttle of 25 will be violated.
2025-07-28 19:38:59 -0500 :: hercules-login-1.hpc.msstate.edu :: Cannot submit gfs_wavepostsbs_f057-f063, because maximum global task throttle of 25 will be violated.
2025-07-28 19:38:59 -0500 :: hercules-login-1.hpc.msstate.edu :: Cannot submit gfs_wavepostsbs_f066-f072, because maximum global task throttle of 25 will be violated.
2025-07-28 19:38:59 -0500 :: hercules-login-1.hpc.msstate.edu :: Cannot submit gfs_wavepostsbs_f075-f081, because maximum global task throttle of 25 will be violated.
2025-07-28 19:38:59 -0500 :: hercules-login-1.hpc.msstate.edu :: Cannot submit gfs_wavepostsbs_f084-f090, because maximum global task throttle of 25 will be violated.
2025-07-28 19:38:59 -0500 :: hercules-login-1.hpc.msstate.edu :: Cannot submit gfs_wavepostsbs_f093-f099, because maximum global task throttle of 25 will be violated.
2025-07-28 19:38:59 -0500 :: hercules-login-1.hpc.msstate.edu :: Cannot submit gfs_wavepostsbs_f102-f108, because maximum global task throttle of 25 will be violated.
2025-07-28 19:38:59 -0500 :: hercules-login-1.hpc.msstate.edu :: Cannot submit gfs_wavepostsbs_f111-f114, because maximum global task throttle of 25 will be violated.
2025-07-28 19:38:59 -0500 :: hercules-login-1.hpc.msstate.edu :: Cannot submit gfs_wavepostsbs_f117-f120, because maximum global task throttle of 25 will be violated.
2025-07-28 19:38:59 -0500 :: hercules-login-1.hpc.msstate.edu :: Cannot submit gfs_wavepostbndpnt, because maximum global task throttle of 25 will be violated.
2025-07-28 19:38:59 -0500 :: hercules-login-1.hpc.msstate.edu :: Cannot submit gfs_wavepostbndpntbll, because maximum global task throttle of 25 will be violated.
2025-07-28 19:38:59 -0500 :: hercules-login-1.hpc.msstate.edu :: Cannot submit gfs_wavepostpnt, because maximum global task throttle of 25 will be violated.
2025-07-28 19:45:02 -0500 :: hercules-login-1.hpc.msstate.edu :: Task gfs_atmos_prod_f000-f002, jobid=5950995, in state QUEUED (PENDING)
2025-07-28 19:45:02 -0500 :: hercules-login-1.hpc.msstate.edu :: Task gfs_atmos_prod_f003-f005, jobid=5950996, in state QUEUED (PENDING)
2025-07-28 19:45:02 -0500 :: hercules-login-1.hpc.msstate.edu :: Task gfs_atmos_prod_f006-f008, jobid=5950997, in state QUEUED (PENDING)
2025-07-28 19:45:02 -0500 :: hercules-login-1.hpc.msstate.edu :: Task gfs_atmos_prod_f009-f011, jobid=5950998, in state QUEUED (PENDING)
2025-07-28 19:45:02 -0500 :: hercules-login-1.hpc.msstate.edu :: Task gfs_atmos_prod_f012-f014, jobid=5950999, in state QUEUED (PENDING)
2025-07-28 19:45:02 -0500 :: hercules-login-1.hpc.msstate.edu :: Task gfs_atmos_prod_f015-f017, jobid=5951000, in state QUEUED (PENDING)
2025-07-28 19:45:02 -0500 :: hercules-login-1.hpc.msstate.edu :: Task gfs_atmos_prod_f018-f020, jobid=5951001, in state QUEUED (PENDING)
2025-07-28 19:45:02 -0500 :: hercules-login-1.hpc.msstate.edu :: Task gfs_atmos_prod_f021-f023, jobid=5951060, in state QUEUED (PENDING)
2025-07-28 19:45:02 -0500 :: hercules-login-1.hpc.msstate.edu :: Task gfs_atmos_prod_f024-f026, jobid=5951061, in state QUEUED (PENDING)
2025-07-28 19:45:02 -0500 :: hercules-login-1.hpc.msstate.edu :: Task gfs_atmos_prod_f027-f029, jobid=5951062, in state QUEUED (PENDING)
2025-07-28 19:45:02 -0500 :: hercules-login-1.hpc.msstate.edu :: Task gfs_atmos_prod_f030-f032, jobid=5951063, in state QUEUED (PENDING)
2025-07-28 19:45:02 -0500 :: hercules-login-1.hpc.msstate.edu :: Task gfs_atmos_prod_f033-f035, jobid=5951064, in state QUEUED (PENDING)
2025-07-28 19:45:02 -0500 :: hercules-login-1.hpc.msstate.edu :: Task gfs_atmos_prod_f036-f038, jobid=5951065, in state QUEUED (PENDING)
2025-07-28 19:45:02 -0500 :: hercules-login-1.hpc.msstate.edu :: Task gfs_atmos_prod_f039-f041, jobid=5951115, in state QUEUED (PENDING)
2025-07-28 19:45:02 -0500 :: hercules-login-1.hpc.msstate.edu :: Task gfs_wavepostsbs_f000-f002, jobid=5951006, in state QUEUED (PENDING)
2025-07-28 19:45:02 -0500 :: hercules-login-1.hpc.msstate.edu :: Task gfs_wavepostsbs_f003-f005, jobid=5951007, in state QUEUED (PENDING)
2025-07-28 19:45:02 -0500 :: hercules-login-1.hpc.msstate.edu :: Task gfs_wavepostsbs_f006-f008, jobid=5951008, in state QUEUED (PENDING)
2025-07-28 19:45:02 -0500 :: hercules-login-1.hpc.msstate.edu :: Task gfs_wavepostsbs_f009-f011, jobid=5951009, in state QUEUED (PENDING)
2025-07-28 19:45:02 -0500 :: hercules-login-1.hpc.msstate.edu :: Task gfs_wavepostsbs_f012-f014, jobid=5951010, in state QUEUED (PENDING)
2025-07-28 19:45:02 -0500 :: hercules-login-1.hpc.msstate.edu :: Task gfs_wavepostsbs_f015-f017, jobid=5951011, in state QUEUED (PENDING)
2025-07-28 19:45:02 -0500 :: hercules-login-1.hpc.msstate.edu :: Task gfs_wavepostsbs_f018-f020, jobid=5951012, in state QUEUED (PENDING)
2025-07-28 19:45:02 -0500 :: hercules-login-1.hpc.msstate.edu :: Task gfs_wavepostsbs_f021-f023, jobid=5951013, in state QUEUED (PENDING)
2025-07-28 19:45:02 -0500 :: hercules-login-1.hpc.msstate.edu :: Task gfs_wavepostsbs_f024-f026, jobid=5951014, in state QUEUED (PENDING)
2025-07-28 19:45:02 -0500 :: hercules-login-1.hpc.msstate.edu :: Task gfs_wavepostsbs_f027-f029, jobid=5951015, in state QUEUED (PENDING)
2025-07-28 19:45:02 -0500 :: hercules-login-1.hpc.msstate.edu :: Task gfs_wavepostsbs_f030-f032, jobid=5951016, in state QUEUED (PENDING)
2025-07-28 19:45:02 -0500 :: hercules-login-1.hpc.msstate.edu :: Cannot submit gfs_atmos_prod_f042-f044, because maximum global task throttle of 25 will be violated.
2025-07-28 19:45:02 -0500 :: hercules-login-1.hpc.msstate.edu :: Cannot submit gfs_atmos_prod_f045-f047, because maximum global task throttle of 25 will be violated.
2025-07-28 19:45:02 -0500 :: hercules-login-1.hpc.msstate.edu :: Cannot submit gfs_atmos_prod_f048-f054, because maximum global task throttle of 25 will be violated.
2025-07-28 19:45:02 -0500 :: hercules-login-1.hpc.msstate.edu :: Cannot submit gfs_atmos_prod_f057-f063, because maximum global task throttle of 25 will be violated.
2025-07-28 19:45:02 -0500 :: hercules-login-1.hpc.msstate.edu :: Cannot submit gfs_atmos_prod_f066-f072, because maximum global task throttle of 25 will be violated.
2025-07-28 19:45:02 -0500 :: hercules-login-1.hpc.msstate.edu :: Cannot submit gfs_atmos_prod_f075-f081, because maximum global task throttle of 25 will be violated.
2025-07-28 19:45:02 -0500 :: hercules-login-1.hpc.msstate.edu :: Cannot submit gfs_atmos_prod_f084-f090, because maximum global task throttle of 25 will be violated.
2025-07-28 19:45:02 -0500 :: hercules-login-1.hpc.msstate.edu :: Cannot submit gfs_atmos_prod_f093-f099, because maximum global task throttle of 25 will be violated.
2025-07-28 19:45:02 -0500 :: hercules-login-1.hpc.msstate.edu :: Cannot submit gfs_atmos_prod_f102-f108, because maximum global task throttle of 25 will be violated.
2025-07-28 19:45:02 -0500 :: hercules-login-1.hpc.msstate.edu :: Cannot submit gfs_atmos_prod_f111-f114, because maximum global task throttle of 25 will be violated.
2025-07-28 19:45:02 -0500 :: hercules-login-1.hpc.msstate.edu :: Cannot submit gfs_atmos_prod_f117-f120, because maximum global task throttle of 25 will be violated.
2025-07-28 19:45:02 -0500 :: hercules-login-1.hpc.msstate.edu :: Cannot submit gfs_ocean_prod_f012, because maximum global task throttle of 25 will be violated.
2025-07-28 19:45:02 -0500 :: hercules-login-1.hpc.msstate.edu :: Cannot submit gfs_ocean_prod_f018, because maximum global task throttle of 25 will be violated.
2025-07-28 19:45:02 -0500 :: hercules-login-1.hpc.msstate.edu :: Cannot submit gfs_ocean_prod_f024, because maximum global task throttle of 25 will be violated.
2025-07-28 19:45:02 -0500 :: hercules-login-1.hpc.msstate.edu :: Cannot submit gfs_ocean_prod_f030, because maximum global task throttle of 25 will be violated.
2025-07-28 19:45:02 -0500 :: hercules-login-1.hpc.msstate.edu :: Cannot submit gfs_ocean_prod_f036, because maximum global task throttle of 25 will be violated.
2025-07-28 19:45:02 -0500 :: hercules-login-1.hpc.msstate.edu :: Cannot submit gfs_ocean_prod_f042, because maximum global task throttle of 25 will be violated.
2025-07-28 19:45:02 -0500 :: hercules-login-1.hpc.msstate.edu :: Cannot submit gfs_ocean_prod_f048, because maximum global task throttle of 25 will be violated.
2025-07-28 19:45:02 -0500 :: hercules-login-1.hpc.msstate.edu :: Cannot submit gfs_ocean_prod_f054, because maximum global task throttle of 25 will be violated.
2025-07-28 19:45:02 -0500 :: hercules-login-1.hpc.msstate.edu :: Cannot submit gfs_ocean_prod_f060, because maximum global task throttle of 25 will be violated.
2025-07-28 19:45:02 -0500 :: hercules-login-1.hpc.msstate.edu :: Cannot submit gfs_ocean_prod_f066, because maximum global task throttle of 25 will be violated.
2025-07-28 19:45:02 -0500 :: hercules-login-1.hpc.msstate.edu :: Cannot submit gfs_ocean_prod_f072, because maximum global task throttle of 25 will be violated.
2025-07-28 19:45:02 -0500 :: hercules-login-1.hpc.msstate.edu :: Cannot submit gfs_ocean_prod_f078, because maximum global task throttle of 25 will be violated.
2025-07-28 19:45:02 -0500 :: hercules-login-1.hpc.msstate.edu :: Cannot submit gfs_ocean_prod_f084, because maximum global task throttle of 25 will be violated.
2025-07-28 19:45:02 -0500 :: hercules-login-1.hpc.msstate.edu :: Cannot submit gfs_ocean_prod_f090, because maximum global task throttle of 25 will be violated.
2025-07-28 19:45:02 -0500 :: hercules-login-1.hpc.msstate.edu :: Cannot submit gfs_ocean_prod_f096, because maximum global task throttle of 25 will be violated.
2025-07-28 19:45:02 -0500 :: hercules-login-1.hpc.msstate.edu :: Cannot submit gfs_ocean_prod_f102, because maximum global task throttle of 25 will be violated.
2025-07-28 19:45:02 -0500 :: hercules-login-1.hpc.msstate.edu :: Cannot submit gfs_ocean_prod_f108, because maximum global task throttle of 25 will be violated.
2025-07-28 19:45:02 -0500 :: hercules-login-1.hpc.msstate.edu :: Cannot submit gfs_ocean_prod_f114, because maximum global task throttle of 25 will be violated.
2025-07-28 19:45:02 -0500 :: hercules-login-1.hpc.msstate.edu :: Cannot submit gfs_ocean_prod_f120, because maximum global task throttle of 25 will be violated.
2025-07-28 19:45:02 -0500 :: hercules-login-1.hpc.msstate.edu :: Cannot submit gfs_ice_prod_f024, because maximum global task throttle of 25 will be violated.
2025-07-28 19:45:02 -0500 :: hercules-login-1.hpc.msstate.edu :: Cannot submit gfs_ice_prod_f030, because maximum global task throttle of 25 will be violated.
2025-07-28 19:45:02 -0500 :: hercules-login-1.hpc.msstate.edu :: Cannot submit gfs_ice_prod_f036, because maximum global task throttle of 25 will be violated.
2025-07-28 19:45:02 -0500 :: hercules-login-1.hpc.msstate.edu :: Cannot submit gfs_ice_prod_f042, because maximum global task throttle of 25 will be violated.
2025-07-28 19:45:02 -0500 :: hercules-login-1.hpc.msstate.edu :: Cannot submit gfs_ice_prod_f048, because maximum global task throttle of 25 will be violated.
2025-07-28 19:45:02 -0500 :: hercules-login-1.hpc.msstate.edu :: Cannot submit gfs_ice_prod_f054, because maximum global task throttle of 25 will be violated.
2025-07-28 19:45:02 -0500 :: hercules-login-1.hpc.msstate.edu :: Cannot submit gfs_ice_prod_f060, because maximum global task throttle of 25 will be violated.
2025-07-28 19:45:02 -0500 :: hercules-login-1.hpc.msstate.edu :: Cannot submit gfs_ice_prod_f066, because maximum global task throttle of 25 will be violated.
2025-07-28 19:45:02 -0500 :: hercules-login-1.hpc.msstate.edu :: Cannot submit gfs_ice_prod_f072, because maximum global task throttle of 25 will be violated.
2025-07-28 19:45:02 -0500 :: hercules-login-1.hpc.msstate.edu :: Cannot submit gfs_ice_prod_f078, because maximum global task throttle of 25 will be violated.
2025-07-28 19:45:02 -0500 :: hercules-login-1.hpc.msstate.edu :: Cannot submit gfs_ice_prod_f084, because maximum global task throttle of 25 will be violated.
2025-07-28 19:45:02 -0500 :: hercules-login-1.hpc.msstate.edu :: Cannot submit gfs_ice_prod_f090, because maximum global task throttle of 25 will be violated.
2025-07-28 19:45:02 -0500 :: hercules-login-1.hpc.msstate.edu :: Cannot submit gfs_ice_prod_f096, because maximum global task throttle of 25 will be violated.
2025-07-28 19:45:02 -0500 :: hercules-login-1.hpc.msstate.edu :: Cannot submit gfs_ice_prod_f102, because maximum global task throttle of 25 will be violated.
2025-07-28 19:45:02 -0500 :: hercules-login-1.hpc.msstate.edu :: Cannot submit gfs_ice_prod_f108, because maximum global task throttle of 25 will be violated.
2025-07-28 19:45:02 -0500 :: hercules-login-1.hpc.msstate.edu :: Cannot submit gfs_ice_prod_f114, because maximum global task throttle of 25 will be violated.
2025-07-28 19:45:02 -0500 :: hercules-login-1.hpc.msstate.edu :: Cannot submit gfs_ice_prod_f120, because maximum global task throttle of 25 will be violated.
2025-07-28 19:45:02 -0500 :: hercules-login-1.hpc.msstate.edu :: Cannot submit gfs_wavepostsbs_f033-f035, because maximum global task throttle of 25 will be violated.
2025-07-28 19:45:02 -0500 :: hercules-login-1.hpc.msstate.edu :: Cannot submit gfs_wavepostsbs_f036-f038, because maximum global task throttle of 25 will be violated.
2025-07-28 19:45:02 -0500 :: hercules-login-1.hpc.msstate.edu :: Cannot submit gfs_wavepostsbs_f039-f041, because maximum global task throttle of 25 will be violated.
2025-07-28 19:45:02 -0500 :: hercules-login-1.hpc.msstate.edu :: Cannot submit gfs_wavepostsbs_f042-f044, because maximum global task throttle of 25 will be violated.
2025-07-28 19:45:02 -0500 :: hercules-login-1.hpc.msstate.edu :: Cannot submit gfs_wavepostsbs_f045-f047, because maximum global task throttle of 25 will be violated.
2025-07-28 19:45:02 -0500 :: hercules-login-1.hpc.msstate.edu :: Cannot submit gfs_wavepostsbs_f048-f054, because maximum global task throttle of 25 will be violated.
2025-07-28 19:45:02 -0500 :: hercules-login-1.hpc.msstate.edu :: Cannot submit gfs_wavepostsbs_f057-f063, because maximum global task throttle of 25 will be violated.
2025-07-28 19:45:02 -0500 :: hercules-login-1.hpc.msstate.edu :: Cannot submit gfs_wavepostsbs_f066-f072, because maximum global task throttle of 25 will be violated.
2025-07-28 19:45:02 -0500 :: hercules-login-1.hpc.msstate.edu :: Cannot submit gfs_wavepostsbs_f075-f081, because maximum global task throttle of 25 will be violated.
2025-07-28 19:45:02 -0500 :: hercules-login-1.hpc.msstate.edu :: Cannot submit gfs_wavepostsbs_f084-f090, because maximum global task throttle of 25 will be violated.
2025-07-28 19:45:02 -0500 :: hercules-login-1.hpc.msstate.edu :: Cannot submit gfs_wavepostsbs_f093-f099, because maximum global task throttle of 25 will be violated.
2025-07-28 19:45:02 -0500 :: hercules-login-1.hpc.msstate.edu :: Cannot submit gfs_wavepostsbs_f102-f108, because maximum global task throttle of 25 will be violated.
2025-07-28 19:45:02 -0500 :: hercules-login-1.hpc.msstate.edu :: Cannot submit gfs_wavepostsbs_f111-f114, because maximum global task throttle of 25 will be violated.
2025-07-28 19:45:02 -0500 :: hercules-login-1.hpc.msstate.edu :: Cannot submit gfs_wavepostsbs_f117-f120, because maximum global task throttle of 25 will be violated.
2025-07-28 19:45:02 -0500 :: hercules-login-1.hpc.msstate.edu :: Cannot submit gfs_wavepostbndpnt, because maximum global task throttle of 25 will be violated.
2025-07-28 19:45:02 -0500 :: hercules-login-1.hpc.msstate.edu :: Cannot submit gfs_wavepostbndpntbll, because maximum global task throttle of 25 will be violated.
2025-07-28 19:45:02 -0500 :: hercules-login-1.hpc.msstate.edu :: Cannot submit gfs_wavepostpnt, because maximum global task throttle of 25 will be violated.
2025-07-28 19:51:05 -0500 :: hercules-login-1.hpc.msstate.edu :: Task gfs_atmos_prod_f000-f002, jobid=5950995, in state QUEUED (PENDING)
2025-07-28 19:51:05 -0500 :: hercules-login-1.hpc.msstate.edu :: Task gfs_atmos_prod_f003-f005, jobid=5950996, in state QUEUED (PENDING)
2025-07-28 19:51:05 -0500 :: hercules-login-1.hpc.msstate.edu :: Task gfs_atmos_prod_f006-f008, jobid=5950997, in state QUEUED (PENDING)
2025-07-28 19:51:05 -0500 :: hercules-login-1.hpc.msstate.edu :: Task gfs_atmos_prod_f009-f011, jobid=5950998, in state QUEUED (PENDING)
2025-07-28 19:51:05 -0500 :: hercules-login-1.hpc.msstate.edu :: Task gfs_atmos_prod_f012-f014, jobid=5950999, in state QUEUED (PENDING)
2025-07-28 19:51:05 -0500 :: hercules-login-1.hpc.msstate.edu :: Task gfs_atmos_prod_f015-f017, jobid=5951000, in state QUEUED (PENDING)
2025-07-28 19:51:05 -0500 :: hercules-login-1.hpc.msstate.edu :: Task gfs_atmos_prod_f018-f020, jobid=5951001, in state QUEUED (PENDING)
2025-07-28 19:51:05 -0500 :: hercules-login-1.hpc.msstate.edu :: Task gfs_atmos_prod_f021-f023, jobid=5951060, in state QUEUED (PENDING)
2025-07-28 19:51:05 -0500 :: hercules-login-1.hpc.msstate.edu :: Task gfs_atmos_prod_f024-f026, jobid=5951061, in state QUEUED (PENDING)
2025-07-28 19:51:05 -0500 :: hercules-login-1.hpc.msstate.edu :: Task gfs_atmos_prod_f027-f029, jobid=5951062, in state QUEUED (PENDING)
2025-07-28 19:51:05 -0500 :: hercules-login-1.hpc.msstate.edu :: Task gfs_atmos_prod_f030-f032, jobid=5951063, in state QUEUED (PENDING)
2025-07-28 19:51:05 -0500 :: hercules-login-1.hpc.msstate.edu :: Task gfs_atmos_prod_f033-f035, jobid=5951064, in state QUEUED (PENDING)
2025-07-28 19:51:05 -0500 :: hercules-login-1.hpc.msstate.edu :: Task gfs_atmos_prod_f036-f038, jobid=5951065, in state QUEUED (PENDING)
2025-07-28 19:51:05 -0500 :: hercules-login-1.hpc.msstate.edu :: Task gfs_atmos_prod_f039-f041, jobid=5951115, in state QUEUED (PENDING)
2025-07-28 19:51:05 -0500 :: hercules-login-1.hpc.msstate.edu :: Task gfs_wavepostsbs_f000-f002, jobid=5951006, in state QUEUED (PENDING)
2025-07-28 19:51:05 -0500 :: hercules-login-1.hpc.msstate.edu :: Task gfs_wavepostsbs_f003-f005, jobid=5951007, in state QUEUED (PENDING)
2025-07-28 19:51:05 -0500 :: hercules-login-1.hpc.msstate.edu :: Task gfs_wavepostsbs_f006-f008, jobid=5951008, in state QUEUED (PENDING)
2025-07-28 19:51:05 -0500 :: hercules-login-1.hpc.msstate.edu :: Task gfs_wavepostsbs_f009-f011, jobid=5951009, in state QUEUED (PENDING)
2025-07-28 19:51:05 -0500 :: hercules-login-1.hpc.msstate.edu :: Task gfs_wavepostsbs_f012-f014, jobid=5951010, in state QUEUED (PENDING)
2025-07-28 19:51:05 -0500 :: hercules-login-1.hpc.msstate.edu :: Task gfs_wavepostsbs_f015-f017, jobid=5951011, in state QUEUED (PENDING)
2025-07-28 19:51:05 -0500 :: hercules-login-1.hpc.msstate.edu :: Task gfs_wavepostsbs_f018-f020, jobid=5951012, in state QUEUED (PENDING)
2025-07-28 19:51:05 -0500 :: hercules-login-1.hpc.msstate.edu :: Task gfs_wavepostsbs_f021-f023, jobid=5951013, in state QUEUED (PENDING)
2025-07-28 19:51:05 -0500 :: hercules-login-1.hpc.msstate.edu :: Task gfs_wavepostsbs_f024-f026, jobid=5951014, in state QUEUED (PENDING)
2025-07-28 19:51:05 -0500 :: hercules-login-1.hpc.msstate.edu :: Task gfs_wavepostsbs_f027-f029, jobid=5951015, in state QUEUED (PENDING)
2025-07-28 19:51:05 -0500 :: hercules-login-1.hpc.msstate.edu :: Task gfs_wavepostsbs_f030-f032, jobid=5951016, in state QUEUED (PENDING)
2025-07-28 19:51:05 -0500 :: hercules-login-1.hpc.msstate.edu :: Cannot submit gfs_atmos_prod_f042-f044, because maximum global task throttle of 25 will be violated.
2025-07-28 19:51:05 -0500 :: hercules-login-1.hpc.msstate.edu :: Cannot submit gfs_atmos_prod_f045-f047, because maximum global task throttle of 25 will be violated.
2025-07-28 19:51:05 -0500 :: hercules-login-1.hpc.msstate.edu :: Cannot submit gfs_atmos_prod_f048-f054, because maximum global task throttle of 25 will be violated.
2025-07-28 19:51:05 -0500 :: hercules-login-1.hpc.msstate.edu :: Cannot submit gfs_atmos_prod_f057-f063, because maximum global task throttle of 25 will be violated.
2025-07-28 19:51:05 -0500 :: hercules-login-1.hpc.msstate.edu :: Cannot submit gfs_atmos_prod_f066-f072, because maximum global task throttle of 25 will be violated.
2025-07-28 19:51:05 -0500 :: hercules-login-1.hpc.msstate.edu :: Cannot submit gfs_atmos_prod_f075-f081, because maximum global task throttle of 25 will be violated.
2025-07-28 19:51:05 -0500 :: hercules-login-1.hpc.msstate.edu :: Cannot submit gfs_atmos_prod_f084-f090, because maximum global task throttle of 25 will be violated.
2025-07-28 19:51:05 -0500 :: hercules-login-1.hpc.msstate.edu :: Cannot submit gfs_atmos_prod_f093-f099, because maximum global task throttle of 25 will be violated.
2025-07-28 19:51:05 -0500 :: hercules-login-1.hpc.msstate.edu :: Cannot submit gfs_atmos_prod_f102-f108, because maximum global task throttle of 25 will be violated.
2025-07-28 19:51:05 -0500 :: hercules-login-1.hpc.msstate.edu :: Cannot submit gfs_atmos_prod_f111-f114, because maximum global task throttle of 25 will be violated.
2025-07-28 19:51:05 -0500 :: hercules-login-1.hpc.msstate.edu :: Cannot submit gfs_atmos_prod_f117-f120, because maximum global task throttle of 25 will be violated.
2025-07-28 19:51:05 -0500 :: hercules-login-1.hpc.msstate.edu :: Cannot submit gfs_ocean_prod_f012, because maximum global task throttle of 25 will be violated.
2025-07-28 19:51:05 -0500 :: hercules-login-1.hpc.msstate.edu :: Cannot submit gfs_ocean_prod_f018, because maximum global task throttle of 25 will be violated.
2025-07-28 19:51:05 -0500 :: hercules-login-1.hpc.msstate.edu :: Cannot submit gfs_ocean_prod_f024, because maximum global task throttle of 25 will be violated.
2025-07-28 19:51:05 -0500 :: hercules-login-1.hpc.msstate.edu :: Cannot submit gfs_ocean_prod_f030, because maximum global task throttle of 25 will be violated.
2025-07-28 19:51:05 -0500 :: hercules-login-1.hpc.msstate.edu :: Cannot submit gfs_ocean_prod_f036, because maximum global task throttle of 25 will be violated.
2025-07-28 19:51:05 -0500 :: hercules-login-1.hpc.msstate.edu :: Cannot submit gfs_ocean_prod_f042, because maximum global task throttle of 25 will be violated.
2025-07-28 19:51:05 -0500 :: hercules-login-1.hpc.msstate.edu :: Cannot submit gfs_ocean_prod_f048, because maximum global task throttle of 25 will be violated.
2025-07-28 19:51:05 -0500 :: hercules-login-1.hpc.msstate.edu :: Cannot submit gfs_ocean_prod_f054, because maximum global task throttle of 25 will be violated.
2025-07-28 19:51:05 -0500 :: hercules-login-1.hpc.msstate.edu :: Cannot submit gfs_ocean_prod_f060, because maximum global task throttle of 25 will be violated.
2025-07-28 19:51:05 -0500 :: hercules-login-1.hpc.msstate.edu :: Cannot submit gfs_ocean_prod_f066, because maximum global task throttle of 25 will be violated.
2025-07-28 19:51:05 -0500 :: hercules-login-1.hpc.msstate.edu :: Cannot submit gfs_ocean_prod_f072, because maximum global task throttle of 25 will be violated.
2025-07-28 19:51:05 -0500 :: hercules-login-1.hpc.msstate.edu :: Cannot submit gfs_ocean_prod_f078, because maximum global task throttle of 25 will be violated.
2025-07-28 19:51:05 -0500 :: hercules-login-1.hpc.msstate.edu :: Cannot submit gfs_ocean_prod_f084, because maximum global task throttle of 25 will be violated.
2025-07-28 19:51:05 -0500 :: hercules-login-1.hpc.msstate.edu :: Cannot submit gfs_ocean_prod_f090, because maximum global task throttle of 25 will be violated.
2025-07-28 19:51:05 -0500 :: hercules-login-1.hpc.msstate.edu :: Cannot submit gfs_ocean_prod_f096, because maximum global task throttle of 25 will be violated.
2025-07-28 19:51:05 -0500 :: hercules-login-1.hpc.msstate.edu :: Cannot submit gfs_ocean_prod_f102, because maximum global task throttle of 25 will be violated.
2025-07-28 19:51:05 -0500 :: hercules-login-1.hpc.msstate.edu :: Cannot submit gfs_ocean_prod_f108, because maximum global task throttle of 25 will be violated.
2025-07-28 19:51:05 -0500 :: hercules-login-1.hpc.msstate.edu :: Cannot submit gfs_ocean_prod_f114, because maximum global task throttle of 25 will be violated.
2025-07-28 19:51:05 -0500 :: hercules-login-1.hpc.msstate.edu :: Cannot submit gfs_ocean_prod_f120, because maximum global task throttle of 25 will be violated.
2025-07-28 19:51:05 -0500 :: hercules-login-1.hpc.msstate.edu :: Cannot submit gfs_ice_prod_f024, because maximum global task throttle of 25 will be violated.
2025-07-28 19:51:05 -0500 :: hercules-login-1.hpc.msstate.edu :: Cannot submit gfs_ice_prod_f030, because maximum global task throttle of 25 will be violated.
2025-07-28 19:51:05 -0500 :: hercules-login-1.hpc.msstate.edu :: Cannot submit gfs_ice_prod_f036, because maximum global task throttle of 25 will be violated.
2025-07-28 19:51:05 -0500 :: hercules-login-1.hpc.msstate.edu :: Cannot submit gfs_ice_prod_f042, because maximum global task throttle of 25 will be violated.
2025-07-28 19:51:05 -0500 :: hercules-login-1.hpc.msstate.edu :: Cannot submit gfs_ice_prod_f048, because maximum global task throttle of 25 will be violated.
2025-07-28 19:51:05 -0500 :: hercules-login-1.hpc.msstate.edu :: Cannot submit gfs_ice_prod_f054, because maximum global task throttle of 25 will be violated.
2025-07-28 19:51:05 -0500 :: hercules-login-1.hpc.msstate.edu :: Cannot submit gfs_ice_prod_f060, because maximum global task throttle of 25 will be violated.
2025-07-28 19:51:05 -0500 :: hercules-login-1.hpc.msstate.edu :: Cannot submit gfs_ice_prod_f066, because maximum global task throttle of 25 will be violated.
2025-07-28 19:51:05 -0500 :: hercules-login-1.hpc.msstate.edu :: Cannot submit gfs_ice_prod_f072, because maximum global task throttle of 25 will be violated.
2025-07-28 19:51:05 -0500 :: hercules-login-1.hpc.msstate.edu :: Cannot submit gfs_ice_prod_f078, because maximum global task throttle of 25 will be violated.
2025-07-28 19:51:05 -0500 :: hercules-login-1.hpc.msstate.edu :: Cannot submit gfs_ice_prod_f084, because maximum global task throttle of 25 will be violated.
2025-07-28 19:51:05 -0500 :: hercules-login-1.hpc.msstate.edu :: Cannot submit gfs_ice_prod_f090, because maximum global task throttle of 25 will be violated.
2025-07-28 19:51:05 -0500 :: hercules-login-1.hpc.msstate.edu :: Cannot submit gfs_ice_prod_f096, because maximum global task throttle of 25 will be violated.
2025-07-28 19:51:05 -0500 :: hercules-login-1.hpc.msstate.edu :: Cannot submit gfs_ice_prod_f102, because maximum global task throttle of 25 will be violated.
2025-07-28 19:51:05 -0500 :: hercules-login-1.hpc.msstate.edu :: Cannot submit gfs_ice_prod_f108, because maximum global task throttle of 25 will be violated.
2025-07-28 19:51:05 -0500 :: hercules-login-1.hpc.msstate.edu :: Cannot submit gfs_ice_prod_f114, because maximum global task throttle of 25 will be violated.
2025-07-28 19:51:05 -0500 :: hercules-login-1.hpc.msstate.edu :: Cannot submit gfs_ice_prod_f120, because maximum global task throttle of 25 will be violated.
2025-07-28 19:51:05 -0500 :: hercules-login-1.hpc.msstate.edu :: Cannot submit gfs_wavepostsbs_f033-f035, because maximum global task throttle of 25 will be violated.
2025-07-28 19:51:05 -0500 :: hercules-login-1.hpc.msstate.edu :: Cannot submit gfs_wavepostsbs_f036-f038, because maximum global task throttle of 25 will be violated.
2025-07-28 19:51:05 -0500 :: hercules-login-1.hpc.msstate.edu :: Cannot submit gfs_wavepostsbs_f039-f041, because maximum global task throttle of 25 will be violated.
2025-07-28 19:51:05 -0500 :: hercules-login-1.hpc.msstate.edu :: Cannot submit gfs_wavepostsbs_f042-f044, because maximum global task throttle of 25 will be violated.
2025-07-28 19:51:05 -0500 :: hercules-login-1.hpc.msstate.edu :: Cannot submit gfs_wavepostsbs_f045-f047, because maximum global task throttle of 25 will be violated.
2025-07-28 19:51:05 -0500 :: hercules-login-1.hpc.msstate.edu :: Cannot submit gfs_wavepostsbs_f048-f054, because maximum global task throttle of 25 will be violated.
2025-07-28 19:51:05 -0500 :: hercules-login-1.hpc.msstate.edu :: Cannot submit gfs_wavepostsbs_f057-f063, because maximum global task throttle of 25 will be violated.
2025-07-28 19:51:05 -0500 :: hercules-login-1.hpc.msstate.edu :: Cannot submit gfs_wavepostsbs_f066-f072, because maximum global task throttle of 25 will be violated.
2025-07-28 19:51:05 -0500 :: hercules-login-1.hpc.msstate.edu :: Cannot submit gfs_wavepostsbs_f075-f081, because maximum global task throttle of 25 will be violated.
2025-07-28 19:51:05 -0500 :: hercules-login-1.hpc.msstate.edu :: Cannot submit gfs_wavepostsbs_f084-f090, because maximum global task throttle of 25 will be violated.
2025-07-28 19:51:05 -0500 :: hercules-login-1.hpc.msstate.edu :: Cannot submit gfs_wavepostsbs_f093-f099, because maximum global task throttle of 25 will be violated.
2025-07-28 19:51:05 -0500 :: hercules-login-1.hpc.msstate.edu :: Cannot submit gfs_wavepostsbs_f102-f108, because maximum global task throttle of 25 will be violated.
2025-07-28 19:51:05 -0500 :: hercules-login-1.hpc.msstate.edu :: Cannot submit gfs_wavepostsbs_f111-f114, because maximum global task throttle of 25 will be violated.
2025-07-28 19:51:05 -0500 :: hercules-login-1.hpc.msstate.edu :: Cannot submit gfs_wavepostsbs_f117-f120, because maximum global task throttle of 25 will be violated.
2025-07-28 19:51:05 -0500 :: hercules-login-1.hpc.msstate.edu :: Cannot submit gfs_wavepostbndpnt, because maximum global task throttle of 25 will be violated.
2025-07-28 19:51:05 -0500 :: hercules-login-1.hpc.msstate.edu :: Cannot submit gfs_wavepostbndpntbll, because maximum global task throttle of 25 will be violated.
2025-07-28 19:51:05 -0500 :: hercules-login-1.hpc.msstate.edu :: Cannot submit gfs_wavepostpnt, because maximum global task throttle of 25 will be violated.
2025-07-28 19:57:08 -0500 :: hercules-login-1.hpc.msstate.edu :: Task gfs_atmos_prod_f000-f002, jobid=5950995, in state QUEUED (PENDING)
2025-07-28 19:57:08 -0500 :: hercules-login-1.hpc.msstate.edu :: Task gfs_atmos_prod_f003-f005, jobid=5950996, in state QUEUED (PENDING)
2025-07-28 19:57:08 -0500 :: hercules-login-1.hpc.msstate.edu :: Task gfs_atmos_prod_f006-f008, jobid=5950997, in state QUEUED (PENDING)
2025-07-28 19:57:08 -0500 :: hercules-login-1.hpc.msstate.edu :: Task gfs_atmos_prod_f009-f011, jobid=5950998, in state QUEUED (PENDING)
2025-07-28 19:57:08 -0500 :: hercules-login-1.hpc.msstate.edu :: Task gfs_atmos_prod_f012-f014, jobid=5950999, in state QUEUED (PENDING)
2025-07-28 19:57:08 -0500 :: hercules-login-1.hpc.msstate.edu :: Task gfs_atmos_prod_f015-f017, jobid=5951000, in state QUEUED (PENDING)
2025-07-28 19:57:08 -0500 :: hercules-login-1.hpc.msstate.edu :: Task gfs_atmos_prod_f018-f020, jobid=5951001, in state QUEUED (PENDING)
2025-07-28 19:57:08 -0500 :: hercules-login-1.hpc.msstate.edu :: Task gfs_atmos_prod_f021-f023, jobid=5951060, in state QUEUED (PENDING)
2025-07-28 19:57:08 -0500 :: hercules-login-1.hpc.msstate.edu :: Task gfs_atmos_prod_f024-f026, jobid=5951061, in state QUEUED (PENDING)
2025-07-28 19:57:08 -0500 :: hercules-login-1.hpc.msstate.edu :: Task gfs_atmos_prod_f027-f029, jobid=5951062, in state QUEUED (PENDING)
2025-07-28 19:57:08 -0500 :: hercules-login-1.hpc.msstate.edu :: Task gfs_atmos_prod_f030-f032, jobid=5951063, in state QUEUED (PENDING)
2025-07-28 19:57:08 -0500 :: hercules-login-1.hpc.msstate.edu :: Task gfs_atmos_prod_f033-f035, jobid=5951064, in state QUEUED (PENDING)
2025-07-28 19:57:08 -0500 :: hercules-login-1.hpc.msstate.edu :: Task gfs_atmos_prod_f036-f038, jobid=5951065, in state QUEUED (PENDING)
2025-07-28 19:57:08 -0500 :: hercules-login-1.hpc.msstate.edu :: Task gfs_atmos_prod_f039-f041, jobid=5951115, in state QUEUED (PENDING)
2025-07-28 19:57:08 -0500 :: hercules-login-1.hpc.msstate.edu :: Task gfs_wavepostsbs_f000-f002, jobid=5951006, in state QUEUED (PENDING)
2025-07-28 19:57:08 -0500 :: hercules-login-1.hpc.msstate.edu :: Task gfs_wavepostsbs_f003-f005, jobid=5951007, in state QUEUED (PENDING)
2025-07-28 19:57:08 -0500 :: hercules-login-1.hpc.msstate.edu :: Task gfs_wavepostsbs_f006-f008, jobid=5951008, in state QUEUED (PENDING)
2025-07-28 19:57:08 -0500 :: hercules-login-1.hpc.msstate.edu :: Task gfs_wavepostsbs_f009-f011, jobid=5951009, in state QUEUED (PENDING)
2025-07-28 19:57:08 -0500 :: hercules-login-1.hpc.msstate.edu :: Task gfs_wavepostsbs_f012-f014, jobid=5951010, in state QUEUED (PENDING)
2025-07-28 19:57:08 -0500 :: hercules-login-1.hpc.msstate.edu :: Task gfs_wavepostsbs_f015-f017, jobid=5951011, in state QUEUED (PENDING)
2025-07-28 19:57:08 -0500 :: hercules-login-1.hpc.msstate.edu :: Task gfs_wavepostsbs_f018-f020, jobid=5951012, in state QUEUED (PENDING)
2025-07-28 19:57:08 -0500 :: hercules-login-1.hpc.msstate.edu :: Task gfs_wavepostsbs_f021-f023, jobid=5951013, in state QUEUED (PENDING)
2025-07-28 19:57:08 -0500 :: hercules-login-1.hpc.msstate.edu :: Task gfs_wavepostsbs_f024-f026, jobid=5951014, in state QUEUED (PENDING)
2025-07-28 19:57:08 -0500 :: hercules-login-1.hpc.msstate.edu :: Task gfs_wavepostsbs_f027-f029, jobid=5951015, in state QUEUED (PENDING)
2025-07-28 19:57:08 -0500 :: hercules-login-1.hpc.msstate.edu :: Task gfs_wavepostsbs_f030-f032, jobid=5951016, in state QUEUED (PENDING)
2025-07-28 19:57:08 -0500 :: hercules-login-1.hpc.msstate.edu :: Cannot submit gfs_atmos_prod_f042-f044, because maximum global task throttle of 25 will be violated.
2025-07-28 19:57:08 -0500 :: hercules-login-1.hpc.msstate.edu :: Cannot submit gfs_atmos_prod_f045-f047, because maximum global task throttle of 25 will be violated.
2025-07-28 19:57:08 -0500 :: hercules-login-1.hpc.msstate.edu :: Cannot submit gfs_atmos_prod_f048-f054, because maximum global task throttle of 25 will be violated.
2025-07-28 19:57:08 -0500 :: hercules-login-1.hpc.msstate.edu :: Cannot submit gfs_atmos_prod_f057-f063, because maximum global task throttle of 25 will be violated.
2025-07-28 19:57:08 -0500 :: hercules-login-1.hpc.msstate.edu :: Cannot submit gfs_atmos_prod_f066-f072, because maximum global task throttle of 25 will be violated.
2025-07-28 19:57:08 -0500 :: hercules-login-1.hpc.msstate.edu :: Cannot submit gfs_atmos_prod_f075-f081, because maximum global task throttle of 25 will be violated.
2025-07-28 19:57:08 -0500 :: hercules-login-1.hpc.msstate.edu :: Cannot submit gfs_atmos_prod_f084-f090, because maximum global task throttle of 25 will be violated.
2025-07-28 19:57:08 -0500 :: hercules-login-1.hpc.msstate.edu :: Cannot submit gfs_atmos_prod_f093-f099, because maximum global task throttle of 25 will be violated.
2025-07-28 19:57:08 -0500 :: hercules-login-1.hpc.msstate.edu :: Cannot submit gfs_atmos_prod_f102-f108, because maximum global task throttle of 25 will be violated.
2025-07-28 19:57:08 -0500 :: hercules-login-1.hpc.msstate.edu :: Cannot submit gfs_atmos_prod_f111-f114, because maximum global task throttle of 25 will be violated.
2025-07-28 19:57:08 -0500 :: hercules-login-1.hpc.msstate.edu :: Cannot submit gfs_atmos_prod_f117-f120, because maximum global task throttle of 25 will be violated.
2025-07-28 19:57:08 -0500 :: hercules-login-1.hpc.msstate.edu :: Cannot submit gfs_ocean_prod_f012, because maximum global task throttle of 25 will be violated.
2025-07-28 19:57:08 -0500 :: hercules-login-1.hpc.msstate.edu :: Cannot submit gfs_ocean_prod_f018, because maximum global task throttle of 25 will be violated.
2025-07-28 19:57:08 -0500 :: hercules-login-1.hpc.msstate.edu :: Cannot submit gfs_ocean_prod_f024, because maximum global task throttle of 25 will be violated.
2025-07-28 19:57:08 -0500 :: hercules-login-1.hpc.msstate.edu :: Cannot submit gfs_ocean_prod_f030, because maximum global task throttle of 25 will be violated.
2025-07-28 19:57:08 -0500 :: hercules-login-1.hpc.msstate.edu :: Cannot submit gfs_ocean_prod_f036, because maximum global task throttle of 25 will be violated.
2025-07-28 19:57:08 -0500 :: hercules-login-1.hpc.msstate.edu :: Cannot submit gfs_ocean_prod_f042, because maximum global task throttle of 25 will be violated.
2025-07-28 19:57:08 -0500 :: hercules-login-1.hpc.msstate.edu :: Cannot submit gfs_ocean_prod_f048, because maximum global task throttle of 25 will be violated.
2025-07-28 19:57:08 -0500 :: hercules-login-1.hpc.msstate.edu :: Cannot submit gfs_ocean_prod_f054, because maximum global task throttle of 25 will be violated.
2025-07-28 19:57:08 -0500 :: hercules-login-1.hpc.msstate.edu :: Cannot submit gfs_ocean_prod_f060, because maximum global task throttle of 25 will be violated.
2025-07-28 19:57:08 -0500 :: hercules-login-1.hpc.msstate.edu :: Cannot submit gfs_ocean_prod_f066, because maximum global task throttle of 25 will be violated.
2025-07-28 19:57:08 -0500 :: hercules-login-1.hpc.msstate.edu :: Cannot submit gfs_ocean_prod_f072, because maximum global task throttle of 25 will be violated.
2025-07-28 19:57:08 -0500 :: hercules-login-1.hpc.msstate.edu :: Cannot submit gfs_ocean_prod_f078, because maximum global task throttle of 25 will be violated.
2025-07-28 19:57:08 -0500 :: hercules-login-1.hpc.msstate.edu :: Cannot submit gfs_ocean_prod_f084, because maximum global task throttle of 25 will be violated.
2025-07-28 19:57:08 -0500 :: hercules-login-1.hpc.msstate.edu :: Cannot submit gfs_ocean_prod_f090, because maximum global task throttle of 25 will be violated.
2025-07-28 19:57:08 -0500 :: hercules-login-1.hpc.msstate.edu :: Cannot submit gfs_ocean_prod_f096, because maximum global task throttle of 25 will be violated.
2025-07-28 19:57:08 -0500 :: hercules-login-1.hpc.msstate.edu :: Cannot submit gfs_ocean_prod_f102, because maximum global task throttle of 25 will be violated.
2025-07-28 19:57:08 -0500 :: hercules-login-1.hpc.msstate.edu :: Cannot submit gfs_ocean_prod_f108, because maximum global task throttle of 25 will be violated.
2025-07-28 19:57:08 -0500 :: hercules-login-1.hpc.msstate.edu :: Cannot submit gfs_ocean_prod_f114, because maximum global task throttle of 25 will be violated.
2025-07-28 19:57:08 -0500 :: hercules-login-1.hpc.msstate.edu :: Cannot submit gfs_ocean_prod_f120, because maximum global task throttle of 25 will be violated.
2025-07-28 19:57:08 -0500 :: hercules-login-1.hpc.msstate.edu :: Cannot submit gfs_ice_prod_f024, because maximum global task throttle of 25 will be violated.
2025-07-28 19:57:08 -0500 :: hercules-login-1.hpc.msstate.edu :: Cannot submit gfs_ice_prod_f030, because maximum global task throttle of 25 will be violated.
2025-07-28 19:57:08 -0500 :: hercules-login-1.hpc.msstate.edu :: Cannot submit gfs_ice_prod_f036, because maximum global task throttle of 25 will be violated.
2025-07-28 19:57:08 -0500 :: hercules-login-1.hpc.msstate.edu :: Cannot submit gfs_ice_prod_f042, because maximum global task throttle of 25 will be violated.
2025-07-28 19:57:08 -0500 :: hercules-login-1.hpc.msstate.edu :: Cannot submit gfs_ice_prod_f048, because maximum global task throttle of 25 will be violated.
2025-07-28 19:57:08 -0500 :: hercules-login-1.hpc.msstate.edu :: Cannot submit gfs_ice_prod_f054, because maximum global task throttle of 25 will be violated.
2025-07-28 19:57:08 -0500 :: hercules-login-1.hpc.msstate.edu :: Cannot submit gfs_ice_prod_f060, because maximum global task throttle of 25 will be violated.
2025-07-28 19:57:08 -0500 :: hercules-login-1.hpc.msstate.edu :: Cannot submit gfs_ice_prod_f066, because maximum global task throttle of 25 will be violated.
2025-07-28 19:57:08 -0500 :: hercules-login-1.hpc.msstate.edu :: Cannot submit gfs_ice_prod_f072, because maximum global task throttle of 25 will be violated.
2025-07-28 19:57:08 -0500 :: hercules-login-1.hpc.msstate.edu :: Cannot submit gfs_ice_prod_f078, because maximum global task throttle of 25 will be violated.
2025-07-28 19:57:08 -0500 :: hercules-login-1.hpc.msstate.edu :: Cannot submit gfs_ice_prod_f084, because maximum global task throttle of 25 will be violated.
2025-07-28 19:57:08 -0500 :: hercules-login-1.hpc.msstate.edu :: Cannot submit gfs_ice_prod_f090, because maximum global task throttle of 25 will be violated.
2025-07-28 19:57:08 -0500 :: hercules-login-1.hpc.msstate.edu :: Cannot submit gfs_ice_prod_f096, because maximum global task throttle of 25 will be violated.
2025-07-28 19:57:08 -0500 :: hercules-login-1.hpc.msstate.edu :: Cannot submit gfs_ice_prod_f102, because maximum global task throttle of 25 will be violated.
2025-07-28 19:57:08 -0500 :: hercules-login-1.hpc.msstate.edu :: Cannot submit gfs_ice_prod_f108, because maximum global task throttle of 25 will be violated.
2025-07-28 19:57:08 -0500 :: hercules-login-1.hpc.msstate.edu :: Cannot submit gfs_ice_prod_f114, because maximum global task throttle of 25 will be violated.
2025-07-28 19:57:08 -0500 :: hercules-login-1.hpc.msstate.edu :: Cannot submit gfs_ice_prod_f120, because maximum global task throttle of 25 will be violated.
2025-07-28 19:57:08 -0500 :: hercules-login-1.hpc.msstate.edu :: Cannot submit gfs_wavepostsbs_f033-f035, because maximum global task throttle of 25 will be violated.
2025-07-28 19:57:08 -0500 :: hercules-login-1.hpc.msstate.edu :: Cannot submit gfs_wavepostsbs_f036-f038, because maximum global task throttle of 25 will be violated.
2025-07-28 19:57:08 -0500 :: hercules-login-1.hpc.msstate.edu :: Cannot submit gfs_wavepostsbs_f039-f041, because maximum global task throttle of 25 will be violated.
2025-07-28 19:57:08 -0500 :: hercules-login-1.hpc.msstate.edu :: Cannot submit gfs_wavepostsbs_f042-f044, because maximum global task throttle of 25 will be violated.
2025-07-28 19:57:08 -0500 :: hercules-login-1.hpc.msstate.edu :: Cannot submit gfs_wavepostsbs_f045-f047, because maximum global task throttle of 25 will be violated.
2025-07-28 19:57:08 -0500 :: hercules-login-1.hpc.msstate.edu :: Cannot submit gfs_wavepostsbs_f048-f054, because maximum global task throttle of 25 will be violated.
2025-07-28 19:57:08 -0500 :: hercules-login-1.hpc.msstate.edu :: Cannot submit gfs_wavepostsbs_f057-f063, because maximum global task throttle of 25 will be violated.
2025-07-28 19:57:08 -0500 :: hercules-login-1.hpc.msstate.edu :: Cannot submit gfs_wavepostsbs_f066-f072, because maximum global task throttle of 25 will be violated.
2025-07-28 19:57:08 -0500 :: hercules-login-1.hpc.msstate.edu :: Cannot submit gfs_wavepostsbs_f075-f081, because maximum global task throttle of 25 will be violated.
2025-07-28 19:57:08 -0500 :: hercules-login-1.hpc.msstate.edu :: Cannot submit gfs_wavepostsbs_f084-f090, because maximum global task throttle of 25 will be violated.
2025-07-28 19:57:08 -0500 :: hercules-login-1.hpc.msstate.edu :: Cannot submit gfs_wavepostsbs_f093-f099, because maximum global task throttle of 25 will be violated.
2025-07-28 19:57:08 -0500 :: hercules-login-1.hpc.msstate.edu :: Cannot submit gfs_wavepostsbs_f102-f108, because maximum global task throttle of 25 will be violated.
2025-07-28 19:57:08 -0500 :: hercules-login-1.hpc.msstate.edu :: Cannot submit gfs_wavepostsbs_f111-f114, because maximum global task throttle of 25 will be violated.
2025-07-28 19:57:08 -0500 :: hercules-login-1.hpc.msstate.edu :: Cannot submit gfs_wavepostsbs_f117-f120, because maximum global task throttle of 25 will be violated.
2025-07-28 19:57:08 -0500 :: hercules-login-1.hpc.msstate.edu :: Cannot submit gfs_wavepostbndpnt, because maximum global task throttle of 25 will be violated.
2025-07-28 19:57:08 -0500 :: hercules-login-1.hpc.msstate.edu :: Cannot submit gfs_wavepostbndpntbll, because maximum global task throttle of 25 will be violated.
2025-07-28 19:57:08 -0500 :: hercules-login-1.hpc.msstate.edu :: Cannot submit gfs_wavepostpnt, because maximum global task throttle of 25 will be violated.
2025-07-28 20:03:11 -0500 :: hercules-login-1.hpc.msstate.edu :: Task gfs_atmos_prod_f000-f002, jobid=5950995, in state QUEUED (PENDING)
2025-07-28 20:03:11 -0500 :: hercules-login-1.hpc.msstate.edu :: Task gfs_atmos_prod_f003-f005, jobid=5950996, in state QUEUED (PENDING)
2025-07-28 20:03:11 -0500 :: hercules-login-1.hpc.msstate.edu :: Task gfs_atmos_prod_f006-f008, jobid=5950997, in state QUEUED (PENDING)
2025-07-28 20:03:11 -0500 :: hercules-login-1.hpc.msstate.edu :: Task gfs_atmos_prod_f009-f011, jobid=5950998, in state QUEUED (PENDING)
2025-07-28 20:03:11 -0500 :: hercules-login-1.hpc.msstate.edu :: Task gfs_atmos_prod_f012-f014, jobid=5950999, in state QUEUED (PENDING)
2025-07-28 20:03:11 -0500 :: hercules-login-1.hpc.msstate.edu :: Task gfs_atmos_prod_f015-f017, jobid=5951000, in state QUEUED (PENDING)
2025-07-28 20:03:11 -0500 :: hercules-login-1.hpc.msstate.edu :: Task gfs_atmos_prod_f018-f020, jobid=5951001, in state QUEUED (PENDING)
2025-07-28 20:03:11 -0500 :: hercules-login-1.hpc.msstate.edu :: Task gfs_atmos_prod_f021-f023, jobid=5951060, in state QUEUED (PENDING)
2025-07-28 20:03:11 -0500 :: hercules-login-1.hpc.msstate.edu :: Task gfs_atmos_prod_f024-f026, jobid=5951061, in state QUEUED (PENDING)
2025-07-28 20:03:11 -0500 :: hercules-login-1.hpc.msstate.edu :: Task gfs_atmos_prod_f027-f029, jobid=5951062, in state QUEUED (PENDING)
2025-07-28 20:03:11 -0500 :: hercules-login-1.hpc.msstate.edu :: Task gfs_atmos_prod_f030-f032, jobid=5951063, in state QUEUED (PENDING)
2025-07-28 20:03:11 -0500 :: hercules-login-1.hpc.msstate.edu :: Task gfs_atmos_prod_f033-f035, jobid=5951064, in state QUEUED (PENDING)
2025-07-28 20:03:11 -0500 :: hercules-login-1.hpc.msstate.edu :: Task gfs_atmos_prod_f036-f038, jobid=5951065, in state QUEUED (PENDING)
2025-07-28 20:03:11 -0500 :: hercules-login-1.hpc.msstate.edu :: Task gfs_atmos_prod_f039-f041, jobid=5951115, in state QUEUED (PENDING)
2025-07-28 20:03:11 -0500 :: hercules-login-1.hpc.msstate.edu :: Task gfs_wavepostsbs_f000-f002, jobid=5951006, in state QUEUED (PENDING)
2025-07-28 20:03:11 -0500 :: hercules-login-1.hpc.msstate.edu :: Task gfs_wavepostsbs_f003-f005, jobid=5951007, in state QUEUED (PENDING)
2025-07-28 20:03:11 -0500 :: hercules-login-1.hpc.msstate.edu :: Task gfs_wavepostsbs_f006-f008, jobid=5951008, in state QUEUED (PENDING)
2025-07-28 20:03:11 -0500 :: hercules-login-1.hpc.msstate.edu :: Task gfs_wavepostsbs_f009-f011, jobid=5951009, in state QUEUED (PENDING)
2025-07-28 20:03:11 -0500 :: hercules-login-1.hpc.msstate.edu :: Task gfs_wavepostsbs_f012-f014, jobid=5951010, in state QUEUED (PENDING)
2025-07-28 20:03:11 -0500 :: hercules-login-1.hpc.msstate.edu :: Task gfs_wavepostsbs_f015-f017, jobid=5951011, in state QUEUED (PENDING)
2025-07-28 20:03:11 -0500 :: hercules-login-1.hpc.msstate.edu :: Task gfs_wavepostsbs_f018-f020, jobid=5951012, in state QUEUED (PENDING)
2025-07-28 20:03:11 -0500 :: hercules-login-1.hpc.msstate.edu :: Task gfs_wavepostsbs_f021-f023, jobid=5951013, in state QUEUED (PENDING)
2025-07-28 20:03:11 -0500 :: hercules-login-1.hpc.msstate.edu :: Task gfs_wavepostsbs_f024-f026, jobid=5951014, in state QUEUED (PENDING)
2025-07-28 20:03:11 -0500 :: hercules-login-1.hpc.msstate.edu :: Task gfs_wavepostsbs_f027-f029, jobid=5951015, in state QUEUED (PENDING)
2025-07-28 20:03:11 -0500 :: hercules-login-1.hpc.msstate.edu :: Task gfs_wavepostsbs_f030-f032, jobid=5951016, in state QUEUED (PENDING)
2025-07-28 20:03:11 -0500 :: hercules-login-1.hpc.msstate.edu :: Cannot submit gfs_atmos_prod_f042-f044, because maximum global task throttle of 25 will be violated.
2025-07-28 20:03:11 -0500 :: hercules-login-1.hpc.msstate.edu :: Cannot submit gfs_atmos_prod_f045-f047, because maximum global task throttle of 25 will be violated.
2025-07-28 20:03:11 -0500 :: hercules-login-1.hpc.msstate.edu :: Cannot submit gfs_atmos_prod_f048-f054, because maximum global task throttle of 25 will be violated.
2025-07-28 20:03:11 -0500 :: hercules-login-1.hpc.msstate.edu :: Cannot submit gfs_atmos_prod_f057-f063, because maximum global task throttle of 25 will be violated.
2025-07-28 20:03:11 -0500 :: hercules-login-1.hpc.msstate.edu :: Cannot submit gfs_atmos_prod_f066-f072, because maximum global task throttle of 25 will be violated.
2025-07-28 20:03:11 -0500 :: hercules-login-1.hpc.msstate.edu :: Cannot submit gfs_atmos_prod_f075-f081, because maximum global task throttle of 25 will be violated.
2025-07-28 20:03:11 -0500 :: hercules-login-1.hpc.msstate.edu :: Cannot submit gfs_atmos_prod_f084-f090, because maximum global task throttle of 25 will be violated.
2025-07-28 20:03:11 -0500 :: hercules-login-1.hpc.msstate.edu :: Cannot submit gfs_atmos_prod_f093-f099, because maximum global task throttle of 25 will be violated.
2025-07-28 20:03:11 -0500 :: hercules-login-1.hpc.msstate.edu :: Cannot submit gfs_atmos_prod_f102-f108, because maximum global task throttle of 25 will be violated.
2025-07-28 20:03:11 -0500 :: hercules-login-1.hpc.msstate.edu :: Cannot submit gfs_atmos_prod_f111-f114, because maximum global task throttle of 25 will be violated.
2025-07-28 20:03:11 -0500 :: hercules-login-1.hpc.msstate.edu :: Cannot submit gfs_atmos_prod_f117-f120, because maximum global task throttle of 25 will be violated.
2025-07-28 20:03:11 -0500 :: hercules-login-1.hpc.msstate.edu :: Cannot submit gfs_ocean_prod_f012, because maximum global task throttle of 25 will be violated.
2025-07-28 20:03:11 -0500 :: hercules-login-1.hpc.msstate.edu :: Cannot submit gfs_ocean_prod_f018, because maximum global task throttle of 25 will be violated.
2025-07-28 20:03:11 -0500 :: hercules-login-1.hpc.msstate.edu :: Cannot submit gfs_ocean_prod_f024, because maximum global task throttle of 25 will be violated.
2025-07-28 20:03:11 -0500 :: hercules-login-1.hpc.msstate.edu :: Cannot submit gfs_ocean_prod_f030, because maximum global task throttle of 25 will be violated.
2025-07-28 20:03:11 -0500 :: hercules-login-1.hpc.msstate.edu :: Cannot submit gfs_ocean_prod_f036, because maximum global task throttle of 25 will be violated.
2025-07-28 20:03:11 -0500 :: hercules-login-1.hpc.msstate.edu :: Cannot submit gfs_ocean_prod_f042, because maximum global task throttle of 25 will be violated.
2025-07-28 20:03:11 -0500 :: hercules-login-1.hpc.msstate.edu :: Cannot submit gfs_ocean_prod_f048, because maximum global task throttle of 25 will be violated.
2025-07-28 20:03:11 -0500 :: hercules-login-1.hpc.msstate.edu :: Cannot submit gfs_ocean_prod_f054, because maximum global task throttle of 25 will be violated.
2025-07-28 20:03:11 -0500 :: hercules-login-1.hpc.msstate.edu :: Cannot submit gfs_ocean_prod_f060, because maximum global task throttle of 25 will be violated.
2025-07-28 20:03:11 -0500 :: hercules-login-1.hpc.msstate.edu :: Cannot submit gfs_ocean_prod_f066, because maximum global task throttle of 25 will be violated.
2025-07-28 20:03:11 -0500 :: hercules-login-1.hpc.msstate.edu :: Cannot submit gfs_ocean_prod_f072, because maximum global task throttle of 25 will be violated.
2025-07-28 20:03:11 -0500 :: hercules-login-1.hpc.msstate.edu :: Cannot submit gfs_ocean_prod_f078, because maximum global task throttle of 25 will be violated.
2025-07-28 20:03:11 -0500 :: hercules-login-1.hpc.msstate.edu :: Cannot submit gfs_ocean_prod_f084, because maximum global task throttle of 25 will be violated.
2025-07-28 20:03:11 -0500 :: hercules-login-1.hpc.msstate.edu :: Cannot submit gfs_ocean_prod_f090, because maximum global task throttle of 25 will be violated.
2025-07-28 20:03:11 -0500 :: hercules-login-1.hpc.msstate.edu :: Cannot submit gfs_ocean_prod_f096, because maximum global task throttle of 25 will be violated.
2025-07-28 20:03:11 -0500 :: hercules-login-1.hpc.msstate.edu :: Cannot submit gfs_ocean_prod_f102, because maximum global task throttle of 25 will be violated.
2025-07-28 20:03:11 -0500 :: hercules-login-1.hpc.msstate.edu :: Cannot submit gfs_ocean_prod_f108, because maximum global task throttle of 25 will be violated.
2025-07-28 20:03:11 -0500 :: hercules-login-1.hpc.msstate.edu :: Cannot submit gfs_ocean_prod_f114, because maximum global task throttle of 25 will be violated.
2025-07-28 20:03:11 -0500 :: hercules-login-1.hpc.msstate.edu :: Cannot submit gfs_ocean_prod_f120, because maximum global task throttle of 25 will be violated.
2025-07-28 20:03:11 -0500 :: hercules-login-1.hpc.msstate.edu :: Cannot submit gfs_ice_prod_f024, because maximum global task throttle of 25 will be violated.
2025-07-28 20:03:11 -0500 :: hercules-login-1.hpc.msstate.edu :: Cannot submit gfs_ice_prod_f030, because maximum global task throttle of 25 will be violated.
2025-07-28 20:03:11 -0500 :: hercules-login-1.hpc.msstate.edu :: Cannot submit gfs_ice_prod_f036, because maximum global task throttle of 25 will be violated.
2025-07-28 20:03:11 -0500 :: hercules-login-1.hpc.msstate.edu :: Cannot submit gfs_ice_prod_f042, because maximum global task throttle of 25 will be violated.
2025-07-28 20:03:11 -0500 :: hercules-login-1.hpc.msstate.edu :: Cannot submit gfs_ice_prod_f048, because maximum global task throttle of 25 will be violated.
2025-07-28 20:03:11 -0500 :: hercules-login-1.hpc.msstate.edu :: Cannot submit gfs_ice_prod_f054, because maximum global task throttle of 25 will be violated.
2025-07-28 20:03:11 -0500 :: hercules-login-1.hpc.msstate.edu :: Cannot submit gfs_ice_prod_f060, because maximum global task throttle of 25 will be violated.
2025-07-28 20:03:11 -0500 :: hercules-login-1.hpc.msstate.edu :: Cannot submit gfs_ice_prod_f066, because maximum global task throttle of 25 will be violated.
2025-07-28 20:03:11 -0500 :: hercules-login-1.hpc.msstate.edu :: Cannot submit gfs_ice_prod_f072, because maximum global task throttle of 25 will be violated.
2025-07-28 20:03:11 -0500 :: hercules-login-1.hpc.msstate.edu :: Cannot submit gfs_ice_prod_f078, because maximum global task throttle of 25 will be violated.
2025-07-28 20:03:11 -0500 :: hercules-login-1.hpc.msstate.edu :: Cannot submit gfs_ice_prod_f084, because maximum global task throttle of 25 will be violated.
2025-07-28 20:03:11 -0500 :: hercules-login-1.hpc.msstate.edu :: Cannot submit gfs_ice_prod_f090, because maximum global task throttle of 25 will be violated.
2025-07-28 20:03:11 -0500 :: hercules-login-1.hpc.msstate.edu :: Cannot submit gfs_ice_prod_f096, because maximum global task throttle of 25 will be violated.
2025-07-28 20:03:11 -0500 :: hercules-login-1.hpc.msstate.edu :: Cannot submit gfs_ice_prod_f102, because maximum global task throttle of 25 will be violated.
2025-07-28 20:03:11 -0500 :: hercules-login-1.hpc.msstate.edu :: Cannot submit gfs_ice_prod_f108, because maximum global task throttle of 25 will be violated.
2025-07-28 20:03:11 -0500 :: hercules-login-1.hpc.msstate.edu :: Cannot submit gfs_ice_prod_f114, because maximum global task throttle of 25 will be violated.
2025-07-28 20:03:11 -0500 :: hercules-login-1.hpc.msstate.edu :: Cannot submit gfs_ice_prod_f120, because maximum global task throttle of 25 will be violated.
2025-07-28 20:03:11 -0500 :: hercules-login-1.hpc.msstate.edu :: Cannot submit gfs_wavepostsbs_f033-f035, because maximum global task throttle of 25 will be violated.
2025-07-28 20:03:11 -0500 :: hercules-login-1.hpc.msstate.edu :: Cannot submit gfs_wavepostsbs_f036-f038, because maximum global task throttle of 25 will be violated.
2025-07-28 20:03:11 -0500 :: hercules-login-1.hpc.msstate.edu :: Cannot submit gfs_wavepostsbs_f039-f041, because maximum global task throttle of 25 will be violated.
2025-07-28 20:03:11 -0500 :: hercules-login-1.hpc.msstate.edu :: Cannot submit gfs_wavepostsbs_f042-f044, because maximum global task throttle of 25 will be violated.
2025-07-28 20:03:11 -0500 :: hercules-login-1.hpc.msstate.edu :: Cannot submit gfs_wavepostsbs_f045-f047, because maximum global task throttle of 25 will be violated.
2025-07-28 20:03:11 -0500 :: hercules-login-1.hpc.msstate.edu :: Cannot submit gfs_wavepostsbs_f048-f054, because maximum global task throttle of 25 will be violated.
2025-07-28 20:03:11 -0500 :: hercules-login-1.hpc.msstate.edu :: Cannot submit gfs_wavepostsbs_f057-f063, because maximum global task throttle of 25 will be violated.
2025-07-28 20:03:11 -0500 :: hercules-login-1.hpc.msstate.edu :: Cannot submit gfs_wavepostsbs_f066-f072, because maximum global task throttle of 25 will be violated.
2025-07-28 20:03:11 -0500 :: hercules-login-1.hpc.msstate.edu :: Cannot submit gfs_wavepostsbs_f075-f081, because maximum global task throttle of 25 will be violated.
2025-07-28 20:03:11 -0500 :: hercules-login-1.hpc.msstate.edu :: Cannot submit gfs_wavepostsbs_f084-f090, because maximum global task throttle of 25 will be violated.
2025-07-28 20:03:11 -0500 :: hercules-login-1.hpc.msstate.edu :: Cannot submit gfs_wavepostsbs_f093-f099, because maximum global task throttle of 25 will be violated.
2025-07-28 20:03:11 -0500 :: hercules-login-1.hpc.msstate.edu :: Cannot submit gfs_wavepostsbs_f102-f108, because maximum global task throttle of 25 will be violated.
2025-07-28 20:03:11 -0500 :: hercules-login-1.hpc.msstate.edu :: Cannot submit gfs_wavepostsbs_f111-f114, because maximum global task throttle of 25 will be violated.
2025-07-28 20:03:11 -0500 :: hercules-login-1.hpc.msstate.edu :: Cannot submit gfs_wavepostsbs_f117-f120, because maximum global task throttle of 25 will be violated.
2025-07-28 20:03:11 -0500 :: hercules-login-1.hpc.msstate.edu :: Cannot submit gfs_wavepostbndpnt, because maximum global task throttle of 25 will be violated.
2025-07-28 20:03:11 -0500 :: hercules-login-1.hpc.msstate.edu :: Cannot submit gfs_wavepostbndpntbll, because maximum global task throttle of 25 will be violated.
2025-07-28 20:03:11 -0500 :: hercules-login-1.hpc.msstate.edu :: Cannot submit gfs_wavepostpnt, because maximum global task throttle of 25 will be violated.
2025-07-28 20:09:14 -0500 :: hercules-login-1.hpc.msstate.edu :: Task gfs_atmos_prod_f000-f002, jobid=5950995, in state QUEUED (PENDING)
2025-07-28 20:09:14 -0500 :: hercules-login-1.hpc.msstate.edu :: Task gfs_atmos_prod_f003-f005, jobid=5950996, in state QUEUED (PENDING)
2025-07-28 20:09:14 -0500 :: hercules-login-1.hpc.msstate.edu :: Task gfs_atmos_prod_f006-f008, jobid=5950997, in state QUEUED (PENDING)
2025-07-28 20:09:14 -0500 :: hercules-login-1.hpc.msstate.edu :: Task gfs_atmos_prod_f009-f011, jobid=5950998, in state QUEUED (PENDING)
2025-07-28 20:09:14 -0500 :: hercules-login-1.hpc.msstate.edu :: Task gfs_atmos_prod_f012-f014, jobid=5950999, in state QUEUED (PENDING)
2025-07-28 20:09:14 -0500 :: hercules-login-1.hpc.msstate.edu :: Task gfs_atmos_prod_f015-f017, jobid=5951000, in state QUEUED (PENDING)
2025-07-28 20:09:14 -0500 :: hercules-login-1.hpc.msstate.edu :: Task gfs_atmos_prod_f018-f020, jobid=5951001, in state QUEUED (PENDING)
2025-07-28 20:09:14 -0500 :: hercules-login-1.hpc.msstate.edu :: Task gfs_atmos_prod_f021-f023, jobid=5951060, in state QUEUED (PENDING)
2025-07-28 20:09:14 -0500 :: hercules-login-1.hpc.msstate.edu :: Task gfs_atmos_prod_f024-f026, jobid=5951061, in state QUEUED (PENDING)
2025-07-28 20:09:14 -0500 :: hercules-login-1.hpc.msstate.edu :: Task gfs_atmos_prod_f027-f029, jobid=5951062, in state QUEUED (PENDING)
2025-07-28 20:09:14 -0500 :: hercules-login-1.hpc.msstate.edu :: Task gfs_atmos_prod_f030-f032, jobid=5951063, in state QUEUED (PENDING)
2025-07-28 20:09:14 -0500 :: hercules-login-1.hpc.msstate.edu :: Task gfs_atmos_prod_f033-f035, jobid=5951064, in state QUEUED (PENDING)
2025-07-28 20:09:14 -0500 :: hercules-login-1.hpc.msstate.edu :: Task gfs_atmos_prod_f036-f038, jobid=5951065, in state QUEUED (PENDING)
2025-07-28 20:09:14 -0500 :: hercules-login-1.hpc.msstate.edu :: Task gfs_atmos_prod_f039-f041, jobid=5951115, in state QUEUED (PENDING)
2025-07-28 20:09:14 -0500 :: hercules-login-1.hpc.msstate.edu :: Task gfs_wavepostsbs_f000-f002, jobid=5951006, in state QUEUED (PENDING)
2025-07-28 20:09:14 -0500 :: hercules-login-1.hpc.msstate.edu :: Task gfs_wavepostsbs_f003-f005, jobid=5951007, in state QUEUED (PENDING)
2025-07-28 20:09:14 -0500 :: hercules-login-1.hpc.msstate.edu :: Task gfs_wavepostsbs_f006-f008, jobid=5951008, in state QUEUED (PENDING)
2025-07-28 20:09:14 -0500 :: hercules-login-1.hpc.msstate.edu :: Task gfs_wavepostsbs_f009-f011, jobid=5951009, in state QUEUED (PENDING)
2025-07-28 20:09:14 -0500 :: hercules-login-1.hpc.msstate.edu :: Task gfs_wavepostsbs_f012-f014, jobid=5951010, in state QUEUED (PENDING)
2025-07-28 20:09:14 -0500 :: hercules-login-1.hpc.msstate.edu :: Task gfs_wavepostsbs_f015-f017, jobid=5951011, in state QUEUED (PENDING)
2025-07-28 20:09:14 -0500 :: hercules-login-1.hpc.msstate.edu :: Task gfs_wavepostsbs_f018-f020, jobid=5951012, in state QUEUED (PENDING)
2025-07-28 20:09:14 -0500 :: hercules-login-1.hpc.msstate.edu :: Task gfs_wavepostsbs_f021-f023, jobid=5951013, in state QUEUED (PENDING)
2025-07-28 20:09:14 -0500 :: hercules-login-1.hpc.msstate.edu :: Task gfs_wavepostsbs_f024-f026, jobid=5951014, in state QUEUED (PENDING)
2025-07-28 20:09:14 -0500 :: hercules-login-1.hpc.msstate.edu :: Task gfs_wavepostsbs_f027-f029, jobid=5951015, in state QUEUED (PENDING)
2025-07-28 20:09:14 -0500 :: hercules-login-1.hpc.msstate.edu :: Task gfs_wavepostsbs_f030-f032, jobid=5951016, in state QUEUED (PENDING)
2025-07-28 20:09:14 -0500 :: hercules-login-1.hpc.msstate.edu :: Cannot submit gfs_atmos_prod_f042-f044, because maximum global task throttle of 25 will be violated.
2025-07-28 20:09:14 -0500 :: hercules-login-1.hpc.msstate.edu :: Cannot submit gfs_atmos_prod_f045-f047, because maximum global task throttle of 25 will be violated.
2025-07-28 20:09:14 -0500 :: hercules-login-1.hpc.msstate.edu :: Cannot submit gfs_atmos_prod_f048-f054, because maximum global task throttle of 25 will be violated.
2025-07-28 20:09:14 -0500 :: hercules-login-1.hpc.msstate.edu :: Cannot submit gfs_atmos_prod_f057-f063, because maximum global task throttle of 25 will be violated.
2025-07-28 20:09:14 -0500 :: hercules-login-1.hpc.msstate.edu :: Cannot submit gfs_atmos_prod_f066-f072, because maximum global task throttle of 25 will be violated.
2025-07-28 20:09:14 -0500 :: hercules-login-1.hpc.msstate.edu :: Cannot submit gfs_atmos_prod_f075-f081, because maximum global task throttle of 25 will be violated.
2025-07-28 20:09:14 -0500 :: hercules-login-1.hpc.msstate.edu :: Cannot submit gfs_atmos_prod_f084-f090, because maximum global task throttle of 25 will be violated.
2025-07-28 20:09:14 -0500 :: hercules-login-1.hpc.msstate.edu :: Cannot submit gfs_atmos_prod_f093-f099, because maximum global task throttle of 25 will be violated.
2025-07-28 20:09:14 -0500 :: hercules-login-1.hpc.msstate.edu :: Cannot submit gfs_atmos_prod_f102-f108, because maximum global task throttle of 25 will be violated.
2025-07-28 20:09:14 -0500 :: hercules-login-1.hpc.msstate.edu :: Cannot submit gfs_atmos_prod_f111-f114, because maximum global task throttle of 25 will be violated.
2025-07-28 20:09:14 -0500 :: hercules-login-1.hpc.msstate.edu :: Cannot submit gfs_atmos_prod_f117-f120, because maximum global task throttle of 25 will be violated.
2025-07-28 20:09:14 -0500 :: hercules-login-1.hpc.msstate.edu :: Cannot submit gfs_ocean_prod_f012, because maximum global task throttle of 25 will be violated.
2025-07-28 20:09:14 -0500 :: hercules-login-1.hpc.msstate.edu :: Cannot submit gfs_ocean_prod_f018, because maximum global task throttle of 25 will be violated.
2025-07-28 20:09:14 -0500 :: hercules-login-1.hpc.msstate.edu :: Cannot submit gfs_ocean_prod_f024, because maximum global task throttle of 25 will be violated.
2025-07-28 20:09:14 -0500 :: hercules-login-1.hpc.msstate.edu :: Cannot submit gfs_ocean_prod_f030, because maximum global task throttle of 25 will be violated.
2025-07-28 20:09:14 -0500 :: hercules-login-1.hpc.msstate.edu :: Cannot submit gfs_ocean_prod_f036, because maximum global task throttle of 25 will be violated.
2025-07-28 20:09:14 -0500 :: hercules-login-1.hpc.msstate.edu :: Cannot submit gfs_ocean_prod_f042, because maximum global task throttle of 25 will be violated.
2025-07-28 20:09:14 -0500 :: hercules-login-1.hpc.msstate.edu :: Cannot submit gfs_ocean_prod_f048, because maximum global task throttle of 25 will be violated.
2025-07-28 20:09:14 -0500 :: hercules-login-1.hpc.msstate.edu :: Cannot submit gfs_ocean_prod_f054, because maximum global task throttle of 25 will be violated.
2025-07-28 20:09:14 -0500 :: hercules-login-1.hpc.msstate.edu :: Cannot submit gfs_ocean_prod_f060, because maximum global task throttle of 25 will be violated.
2025-07-28 20:09:14 -0500 :: hercules-login-1.hpc.msstate.edu :: Cannot submit gfs_ocean_prod_f066, because maximum global task throttle of 25 will be violated.
2025-07-28 20:09:14 -0500 :: hercules-login-1.hpc.msstate.edu :: Cannot submit gfs_ocean_prod_f072, because maximum global task throttle of 25 will be violated.
2025-07-28 20:09:14 -0500 :: hercules-login-1.hpc.msstate.edu :: Cannot submit gfs_ocean_prod_f078, because maximum global task throttle of 25 will be violated.
2025-07-28 20:09:14 -0500 :: hercules-login-1.hpc.msstate.edu :: Cannot submit gfs_ocean_prod_f084, because maximum global task throttle of 25 will be violated.
2025-07-28 20:09:14 -0500 :: hercules-login-1.hpc.msstate.edu :: Cannot submit gfs_ocean_prod_f090, because maximum global task throttle of 25 will be violated.
2025-07-28 20:09:14 -0500 :: hercules-login-1.hpc.msstate.edu :: Cannot submit gfs_ocean_prod_f096, because maximum global task throttle of 25 will be violated.
2025-07-28 20:09:14 -0500 :: hercules-login-1.hpc.msstate.edu :: Cannot submit gfs_ocean_prod_f102, because maximum global task throttle of 25 will be violated.
2025-07-28 20:09:14 -0500 :: hercules-login-1.hpc.msstate.edu :: Cannot submit gfs_ocean_prod_f108, because maximum global task throttle of 25 will be violated.
2025-07-28 20:09:14 -0500 :: hercules-login-1.hpc.msstate.edu :: Cannot submit gfs_ocean_prod_f114, because maximum global task throttle of 25 will be violated.
2025-07-28 20:09:14 -0500 :: hercules-login-1.hpc.msstate.edu :: Cannot submit gfs_ocean_prod_f120, because maximum global task throttle of 25 will be violated.
2025-07-28 20:09:14 -0500 :: hercules-login-1.hpc.msstate.edu :: Cannot submit gfs_ice_prod_f024, because maximum global task throttle of 25 will be violated.
2025-07-28 20:09:14 -0500 :: hercules-login-1.hpc.msstate.edu :: Cannot submit gfs_ice_prod_f030, because maximum global task throttle of 25 will be violated.
2025-07-28 20:09:14 -0500 :: hercules-login-1.hpc.msstate.edu :: Cannot submit gfs_ice_prod_f036, because maximum global task throttle of 25 will be violated.
2025-07-28 20:09:14 -0500 :: hercules-login-1.hpc.msstate.edu :: Cannot submit gfs_ice_prod_f042, because maximum global task throttle of 25 will be violated.
2025-07-28 20:09:14 -0500 :: hercules-login-1.hpc.msstate.edu :: Cannot submit gfs_ice_prod_f048, because maximum global task throttle of 25 will be violated.
2025-07-28 20:09:14 -0500 :: hercules-login-1.hpc.msstate.edu :: Cannot submit gfs_ice_prod_f054, because maximum global task throttle of 25 will be violated.
2025-07-28 20:09:14 -0500 :: hercules-login-1.hpc.msstate.edu :: Cannot submit gfs_ice_prod_f060, because maximum global task throttle of 25 will be violated.
2025-07-28 20:09:14 -0500 :: hercules-login-1.hpc.msstate.edu :: Cannot submit gfs_ice_prod_f066, because maximum global task throttle of 25 will be violated.
2025-07-28 20:09:14 -0500 :: hercules-login-1.hpc.msstate.edu :: Cannot submit gfs_ice_prod_f072, because maximum global task throttle of 25 will be violated.
2025-07-28 20:09:14 -0500 :: hercules-login-1.hpc.msstate.edu :: Cannot submit gfs_ice_prod_f078, because maximum global task throttle of 25 will be violated.
2025-07-28 20:09:14 -0500 :: hercules-login-1.hpc.msstate.edu :: Cannot submit gfs_ice_prod_f084, because maximum global task throttle of 25 will be violated.
2025-07-28 20:09:14 -0500 :: hercules-login-1.hpc.msstate.edu :: Cannot submit gfs_ice_prod_f090, because maximum global task throttle of 25 will be violated.
2025-07-28 20:09:14 -0500 :: hercules-login-1.hpc.msstate.edu :: Cannot submit gfs_ice_prod_f096, because maximum global task throttle of 25 will be violated.
2025-07-28 20:09:14 -0500 :: hercules-login-1.hpc.msstate.edu :: Cannot submit gfs_ice_prod_f102, because maximum global task throttle of 25 will be violated.
2025-07-28 20:09:14 -0500 :: hercules-login-1.hpc.msstate.edu :: Cannot submit gfs_ice_prod_f108, because maximum global task throttle of 25 will be violated.
2025-07-28 20:09:14 -0500 :: hercules-login-1.hpc.msstate.edu :: Cannot submit gfs_ice_prod_f114, because maximum global task throttle of 25 will be violated.
2025-07-28 20:09:14 -0500 :: hercules-login-1.hpc.msstate.edu :: Cannot submit gfs_ice_prod_f120, because maximum global task throttle of 25 will be violated.
2025-07-28 20:09:14 -0500 :: hercules-login-1.hpc.msstate.edu :: Cannot submit gfs_wavepostsbs_f033-f035, because maximum global task throttle of 25 will be violated.
2025-07-28 20:09:14 -0500 :: hercules-login-1.hpc.msstate.edu :: Cannot submit gfs_wavepostsbs_f036-f038, because maximum global task throttle of 25 will be violated.
2025-07-28 20:09:14 -0500 :: hercules-login-1.hpc.msstate.edu :: Cannot submit gfs_wavepostsbs_f039-f041, because maximum global task throttle of 25 will be violated.
2025-07-28 20:09:14 -0500 :: hercules-login-1.hpc.msstate.edu :: Cannot submit gfs_wavepostsbs_f042-f044, because maximum global task throttle of 25 will be violated.
2025-07-28 20:09:14 -0500 :: hercules-login-1.hpc.msstate.edu :: Cannot submit gfs_wavepostsbs_f045-f047, because maximum global task throttle of 25 will be violated.
2025-07-28 20:09:14 -0500 :: hercules-login-1.hpc.msstate.edu :: Cannot submit gfs_wavepostsbs_f048-f054, because maximum global task throttle of 25 will be violated.
2025-07-28 20:09:14 -0500 :: hercules-login-1.hpc.msstate.edu :: Cannot submit gfs_wavepostsbs_f057-f063, because maximum global task throttle of 25 will be violated.
2025-07-28 20:09:14 -0500 :: hercules-login-1.hpc.msstate.edu :: Cannot submit gfs_wavepostsbs_f066-f072, because maximum global task throttle of 25 will be violated.
2025-07-28 20:09:14 -0500 :: hercules-login-1.hpc.msstate.edu :: Cannot submit gfs_wavepostsbs_f075-f081, because maximum global task throttle of 25 will be violated.
2025-07-28 20:09:14 -0500 :: hercules-login-1.hpc.msstate.edu :: Cannot submit gfs_wavepostsbs_f084-f090, because maximum global task throttle of 25 will be violated.
2025-07-28 20:09:14 -0500 :: hercules-login-1.hpc.msstate.edu :: Cannot submit gfs_wavepostsbs_f093-f099, because maximum global task throttle of 25 will be violated.
2025-07-28 20:09:14 -0500 :: hercules-login-1.hpc.msstate.edu :: Cannot submit gfs_wavepostsbs_f102-f108, because maximum global task throttle of 25 will be violated.
2025-07-28 20:09:14 -0500 :: hercules-login-1.hpc.msstate.edu :: Cannot submit gfs_wavepostsbs_f111-f114, because maximum global task throttle of 25 will be violated.
2025-07-28 20:09:14 -0500 :: hercules-login-1.hpc.msstate.edu :: Cannot submit gfs_wavepostsbs_f117-f120, because maximum global task throttle of 25 will be violated.
2025-07-28 20:09:14 -0500 :: hercules-login-1.hpc.msstate.edu :: Cannot submit gfs_wavepostbndpnt, because maximum global task throttle of 25 will be violated.
2025-07-28 20:09:14 -0500 :: hercules-login-1.hpc.msstate.edu :: Cannot submit gfs_wavepostbndpntbll, because maximum global task throttle of 25 will be violated.
2025-07-28 20:09:14 -0500 :: hercules-login-1.hpc.msstate.edu :: Cannot submit gfs_wavepostpnt, because maximum global task throttle of 25 will be violated.
2025-07-28 20:15:22 -0500 :: hercules-login-1.hpc.msstate.edu :: Task gfs_atmos_prod_f000-f002, jobid=5950995, in state QUEUED (PENDING)
2025-07-28 20:15:22 -0500 :: hercules-login-1.hpc.msstate.edu :: Task gfs_atmos_prod_f003-f005, jobid=5950996, in state QUEUED (PENDING)
2025-07-28 20:15:22 -0500 :: hercules-login-1.hpc.msstate.edu :: Task gfs_atmos_prod_f006-f008, jobid=5950997, in state QUEUED (PENDING)
2025-07-28 20:15:22 -0500 :: hercules-login-1.hpc.msstate.edu :: Task gfs_atmos_prod_f009-f011, jobid=5950998, in state QUEUED (PENDING)
2025-07-28 20:15:22 -0500 :: hercules-login-1.hpc.msstate.edu :: Task gfs_atmos_prod_f012-f014, jobid=5950999, in state QUEUED (PENDING)
2025-07-28 20:15:22 -0500 :: hercules-login-1.hpc.msstate.edu :: Task gfs_atmos_prod_f015-f017, jobid=5951000, in state QUEUED (PENDING)
2025-07-28 20:15:22 -0500 :: hercules-login-1.hpc.msstate.edu :: Task gfs_atmos_prod_f018-f020, jobid=5951001, in state QUEUED (PENDING)
2025-07-28 20:15:22 -0500 :: hercules-login-1.hpc.msstate.edu :: Task gfs_atmos_prod_f021-f023, jobid=5951060, in state QUEUED (PENDING)
2025-07-28 20:15:22 -0500 :: hercules-login-1.hpc.msstate.edu :: Task gfs_atmos_prod_f024-f026, jobid=5951061, in state QUEUED (PENDING)
2025-07-28 20:15:22 -0500 :: hercules-login-1.hpc.msstate.edu :: Task gfs_atmos_prod_f027-f029, jobid=5951062, in state QUEUED (PENDING)
2025-07-28 20:15:22 -0500 :: hercules-login-1.hpc.msstate.edu :: Task gfs_atmos_prod_f030-f032, jobid=5951063, in state QUEUED (PENDING)
2025-07-28 20:15:22 -0500 :: hercules-login-1.hpc.msstate.edu :: Task gfs_atmos_prod_f033-f035, jobid=5951064, in state QUEUED (PENDING)
2025-07-28 20:15:22 -0500 :: hercules-login-1.hpc.msstate.edu :: Task gfs_atmos_prod_f036-f038, jobid=5951065, in state QUEUED (PENDING)
2025-07-28 20:15:22 -0500 :: hercules-login-1.hpc.msstate.edu :: Task gfs_atmos_prod_f039-f041, jobid=5951115, in state QUEUED (PENDING)
2025-07-28 20:15:22 -0500 :: hercules-login-1.hpc.msstate.edu :: Task gfs_wavepostsbs_f000-f002, jobid=5951006, in state QUEUED (PENDING)
2025-07-28 20:15:22 -0500 :: hercules-login-1.hpc.msstate.edu :: Task gfs_wavepostsbs_f003-f005, jobid=5951007, in state QUEUED (PENDING)
2025-07-28 20:15:22 -0500 :: hercules-login-1.hpc.msstate.edu :: Task gfs_wavepostsbs_f006-f008, jobid=5951008, in state QUEUED (PENDING)
2025-07-28 20:15:22 -0500 :: hercules-login-1.hpc.msstate.edu :: Task gfs_wavepostsbs_f009-f011, jobid=5951009, in state QUEUED (PENDING)
2025-07-28 20:15:22 -0500 :: hercules-login-1.hpc.msstate.edu :: Task gfs_wavepostsbs_f012-f014, jobid=5951010, in state QUEUED (PENDING)
2025-07-28 20:15:22 -0500 :: hercules-login-1.hpc.msstate.edu :: Task gfs_wavepostsbs_f015-f017, jobid=5951011, in state QUEUED (PENDING)
2025-07-28 20:15:22 -0500 :: hercules-login-1.hpc.msstate.edu :: Task gfs_wavepostsbs_f018-f020, jobid=5951012, in state QUEUED (PENDING)
2025-07-28 20:15:22 -0500 :: hercules-login-1.hpc.msstate.edu :: Task gfs_wavepostsbs_f021-f023, jobid=5951013, in state QUEUED (PENDING)
2025-07-28 20:15:22 -0500 :: hercules-login-1.hpc.msstate.edu :: Task gfs_wavepostsbs_f024-f026, jobid=5951014, in state QUEUED (PENDING)
2025-07-28 20:15:22 -0500 :: hercules-login-1.hpc.msstate.edu :: Task gfs_wavepostsbs_f027-f029, jobid=5951015, in state QUEUED (PENDING)
2025-07-28 20:15:22 -0500 :: hercules-login-1.hpc.msstate.edu :: Task gfs_wavepostsbs_f030-f032, jobid=5951016, in state QUEUED (PENDING)
2025-07-28 20:15:22 -0500 :: hercules-login-1.hpc.msstate.edu :: Cannot submit gfs_atmos_prod_f042-f044, because maximum global task throttle of 25 will be violated.
2025-07-28 20:15:22 -0500 :: hercules-login-1.hpc.msstate.edu :: Cannot submit gfs_atmos_prod_f045-f047, because maximum global task throttle of 25 will be violated.
2025-07-28 20:15:22 -0500 :: hercules-login-1.hpc.msstate.edu :: Cannot submit gfs_atmos_prod_f048-f054, because maximum global task throttle of 25 will be violated.
2025-07-28 20:15:22 -0500 :: hercules-login-1.hpc.msstate.edu :: Cannot submit gfs_atmos_prod_f057-f063, because maximum global task throttle of 25 will be violated.
2025-07-28 20:15:22 -0500 :: hercules-login-1.hpc.msstate.edu :: Cannot submit gfs_atmos_prod_f066-f072, because maximum global task throttle of 25 will be violated.
2025-07-28 20:15:22 -0500 :: hercules-login-1.hpc.msstate.edu :: Cannot submit gfs_atmos_prod_f075-f081, because maximum global task throttle of 25 will be violated.
2025-07-28 20:15:22 -0500 :: hercules-login-1.hpc.msstate.edu :: Cannot submit gfs_atmos_prod_f084-f090, because maximum global task throttle of 25 will be violated.
2025-07-28 20:15:22 -0500 :: hercules-login-1.hpc.msstate.edu :: Cannot submit gfs_atmos_prod_f093-f099, because maximum global task throttle of 25 will be violated.
2025-07-28 20:15:22 -0500 :: hercules-login-1.hpc.msstate.edu :: Cannot submit gfs_atmos_prod_f102-f108, because maximum global task throttle of 25 will be violated.
2025-07-28 20:15:22 -0500 :: hercules-login-1.hpc.msstate.edu :: Cannot submit gfs_atmos_prod_f111-f114, because maximum global task throttle of 25 will be violated.
2025-07-28 20:15:22 -0500 :: hercules-login-1.hpc.msstate.edu :: Cannot submit gfs_atmos_prod_f117-f120, because maximum global task throttle of 25 will be violated.
2025-07-28 20:15:22 -0500 :: hercules-login-1.hpc.msstate.edu :: Cannot submit gfs_ocean_prod_f012, because maximum global task throttle of 25 will be violated.
2025-07-28 20:15:22 -0500 :: hercules-login-1.hpc.msstate.edu :: Cannot submit gfs_ocean_prod_f018, because maximum global task throttle of 25 will be violated.
2025-07-28 20:15:22 -0500 :: hercules-login-1.hpc.msstate.edu :: Cannot submit gfs_ocean_prod_f024, because maximum global task throttle of 25 will be violated.
2025-07-28 20:15:22 -0500 :: hercules-login-1.hpc.msstate.edu :: Cannot submit gfs_ocean_prod_f030, because maximum global task throttle of 25 will be violated.
2025-07-28 20:15:22 -0500 :: hercules-login-1.hpc.msstate.edu :: Cannot submit gfs_ocean_prod_f036, because maximum global task throttle of 25 will be violated.
2025-07-28 20:15:22 -0500 :: hercules-login-1.hpc.msstate.edu :: Cannot submit gfs_ocean_prod_f042, because maximum global task throttle of 25 will be violated.
2025-07-28 20:15:22 -0500 :: hercules-login-1.hpc.msstate.edu :: Cannot submit gfs_ocean_prod_f048, because maximum global task throttle of 25 will be violated.
2025-07-28 20:15:22 -0500 :: hercules-login-1.hpc.msstate.edu :: Cannot submit gfs_ocean_prod_f054, because maximum global task throttle of 25 will be violated.
2025-07-28 20:15:22 -0500 :: hercules-login-1.hpc.msstate.edu :: Cannot submit gfs_ocean_prod_f060, because maximum global task throttle of 25 will be violated.
2025-07-28 20:15:22 -0500 :: hercules-login-1.hpc.msstate.edu :: Cannot submit gfs_ocean_prod_f066, because maximum global task throttle of 25 will be violated.
2025-07-28 20:15:22 -0500 :: hercules-login-1.hpc.msstate.edu :: Cannot submit gfs_ocean_prod_f072, because maximum global task throttle of 25 will be violated.
2025-07-28 20:15:22 -0500 :: hercules-login-1.hpc.msstate.edu :: Cannot submit gfs_ocean_prod_f078, because maximum global task throttle of 25 will be violated.
2025-07-28 20:15:22 -0500 :: hercules-login-1.hpc.msstate.edu :: Cannot submit gfs_ocean_prod_f084, because maximum global task throttle of 25 will be violated.
2025-07-28 20:15:22 -0500 :: hercules-login-1.hpc.msstate.edu :: Cannot submit gfs_ocean_prod_f090, because maximum global task throttle of 25 will be violated.
2025-07-28 20:15:22 -0500 :: hercules-login-1.hpc.msstate.edu :: Cannot submit gfs_ocean_prod_f096, because maximum global task throttle of 25 will be violated.
2025-07-28 20:15:22 -0500 :: hercules-login-1.hpc.msstate.edu :: Cannot submit gfs_ocean_prod_f102, because maximum global task throttle of 25 will be violated.
2025-07-28 20:15:22 -0500 :: hercules-login-1.hpc.msstate.edu :: Cannot submit gfs_ocean_prod_f108, because maximum global task throttle of 25 will be violated.
2025-07-28 20:15:22 -0500 :: hercules-login-1.hpc.msstate.edu :: Cannot submit gfs_ocean_prod_f114, because maximum global task throttle of 25 will be violated.
2025-07-28 20:15:22 -0500 :: hercules-login-1.hpc.msstate.edu :: Cannot submit gfs_ocean_prod_f120, because maximum global task throttle of 25 will be violated.
2025-07-28 20:15:22 -0500 :: hercules-login-1.hpc.msstate.edu :: Cannot submit gfs_ice_prod_f024, because maximum global task throttle of 25 will be violated.
2025-07-28 20:15:22 -0500 :: hercules-login-1.hpc.msstate.edu :: Cannot submit gfs_ice_prod_f030, because maximum global task throttle of 25 will be violated.
2025-07-28 20:15:22 -0500 :: hercules-login-1.hpc.msstate.edu :: Cannot submit gfs_ice_prod_f036, because maximum global task throttle of 25 will be violated.
2025-07-28 20:15:22 -0500 :: hercules-login-1.hpc.msstate.edu :: Cannot submit gfs_ice_prod_f042, because maximum global task throttle of 25 will be violated.
2025-07-28 20:15:22 -0500 :: hercules-login-1.hpc.msstate.edu :: Cannot submit gfs_ice_prod_f048, because maximum global task throttle of 25 will be violated.
2025-07-28 20:15:22 -0500 :: hercules-login-1.hpc.msstate.edu :: Cannot submit gfs_ice_prod_f054, because maximum global task throttle of 25 will be violated.
2025-07-28 20:15:22 -0500 :: hercules-login-1.hpc.msstate.edu :: Cannot submit gfs_ice_prod_f060, because maximum global task throttle of 25 will be violated.
2025-07-28 20:15:22 -0500 :: hercules-login-1.hpc.msstate.edu :: Cannot submit gfs_ice_prod_f066, because maximum global task throttle of 25 will be violated.
2025-07-28 20:15:22 -0500 :: hercules-login-1.hpc.msstate.edu :: Cannot submit gfs_ice_prod_f072, because maximum global task throttle of 25 will be violated.
2025-07-28 20:15:22 -0500 :: hercules-login-1.hpc.msstate.edu :: Cannot submit gfs_ice_prod_f078, because maximum global task throttle of 25 will be violated.
2025-07-28 20:15:22 -0500 :: hercules-login-1.hpc.msstate.edu :: Cannot submit gfs_ice_prod_f084, because maximum global task throttle of 25 will be violated.
2025-07-28 20:15:22 -0500 :: hercules-login-1.hpc.msstate.edu :: Cannot submit gfs_ice_prod_f090, because maximum global task throttle of 25 will be violated.
2025-07-28 20:15:22 -0500 :: hercules-login-1.hpc.msstate.edu :: Cannot submit gfs_ice_prod_f096, because maximum global task throttle of 25 will be violated.
2025-07-28 20:15:22 -0500 :: hercules-login-1.hpc.msstate.edu :: Cannot submit gfs_ice_prod_f102, because maximum global task throttle of 25 will be violated.
2025-07-28 20:15:22 -0500 :: hercules-login-1.hpc.msstate.edu :: Cannot submit gfs_ice_prod_f108, because maximum global task throttle of 25 will be violated.
2025-07-28 20:15:22 -0500 :: hercules-login-1.hpc.msstate.edu :: Cannot submit gfs_ice_prod_f114, because maximum global task throttle of 25 will be violated.
2025-07-28 20:15:22 -0500 :: hercules-login-1.hpc.msstate.edu :: Cannot submit gfs_ice_prod_f120, because maximum global task throttle of 25 will be violated.
2025-07-28 20:15:22 -0500 :: hercules-login-1.hpc.msstate.edu :: Cannot submit gfs_wavepostsbs_f033-f035, because maximum global task throttle of 25 will be violated.
2025-07-28 20:15:22 -0500 :: hercules-login-1.hpc.msstate.edu :: Cannot submit gfs_wavepostsbs_f036-f038, because maximum global task throttle of 25 will be violated.
2025-07-28 20:15:22 -0500 :: hercules-login-1.hpc.msstate.edu :: Cannot submit gfs_wavepostsbs_f039-f041, because maximum global task throttle of 25 will be violated.
2025-07-28 20:15:22 -0500 :: hercules-login-1.hpc.msstate.edu :: Cannot submit gfs_wavepostsbs_f042-f044, because maximum global task throttle of 25 will be violated.
2025-07-28 20:15:22 -0500 :: hercules-login-1.hpc.msstate.edu :: Cannot submit gfs_wavepostsbs_f045-f047, because maximum global task throttle of 25 will be violated.
2025-07-28 20:15:22 -0500 :: hercules-login-1.hpc.msstate.edu :: Cannot submit gfs_wavepostsbs_f048-f054, because maximum global task throttle of 25 will be violated.
2025-07-28 20:15:22 -0500 :: hercules-login-1.hpc.msstate.edu :: Cannot submit gfs_wavepostsbs_f057-f063, because maximum global task throttle of 25 will be violated.
2025-07-28 20:15:22 -0500 :: hercules-login-1.hpc.msstate.edu :: Cannot submit gfs_wavepostsbs_f066-f072, because maximum global task throttle of 25 will be violated.
2025-07-28 20:15:22 -0500 :: hercules-login-1.hpc.msstate.edu :: Cannot submit gfs_wavepostsbs_f075-f081, because maximum global task throttle of 25 will be violated.
2025-07-28 20:15:22 -0500 :: hercules-login-1.hpc.msstate.edu :: Cannot submit gfs_wavepostsbs_f084-f090, because maximum global task throttle of 25 will be violated.
2025-07-28 20:15:22 -0500 :: hercules-login-1.hpc.msstate.edu :: Cannot submit gfs_wavepostsbs_f093-f099, because maximum global task throttle of 25 will be violated.
2025-07-28 20:15:22 -0500 :: hercules-login-1.hpc.msstate.edu :: Cannot submit gfs_wavepostsbs_f102-f108, because maximum global task throttle of 25 will be violated.
2025-07-28 20:15:22 -0500 :: hercules-login-1.hpc.msstate.edu :: Cannot submit gfs_wavepostsbs_f111-f114, because maximum global task throttle of 25 will be violated.
2025-07-28 20:15:22 -0500 :: hercules-login-1.hpc.msstate.edu :: Cannot submit gfs_wavepostsbs_f117-f120, because maximum global task throttle of 25 will be violated.
2025-07-28 20:15:22 -0500 :: hercules-login-1.hpc.msstate.edu :: Cannot submit gfs_wavepostbndpnt, because maximum global task throttle of 25 will be violated.
2025-07-28 20:15:22 -0500 :: hercules-login-1.hpc.msstate.edu :: Cannot submit gfs_wavepostbndpntbll, because maximum global task throttle of 25 will be violated.
2025-07-28 20:15:22 -0500 :: hercules-login-1.hpc.msstate.edu :: Cannot submit gfs_wavepostpnt, because maximum global task throttle of 25 will be violated.
2025-07-28 20:21:25 -0500 :: hercules-login-1.hpc.msstate.edu :: Task gfs_atmos_prod_f000-f002, jobid=5950995, in state QUEUED (PENDING)
2025-07-28 20:21:25 -0500 :: hercules-login-1.hpc.msstate.edu :: Task gfs_atmos_prod_f003-f005, jobid=5950996, in state QUEUED (PENDING)
2025-07-28 20:21:25 -0500 :: hercules-login-1.hpc.msstate.edu :: Task gfs_atmos_prod_f006-f008, jobid=5950997, in state QUEUED (PENDING)
2025-07-28 20:21:25 -0500 :: hercules-login-1.hpc.msstate.edu :: Task gfs_atmos_prod_f009-f011, jobid=5950998, in state QUEUED (PENDING)
2025-07-28 20:21:25 -0500 :: hercules-login-1.hpc.msstate.edu :: Task gfs_atmos_prod_f012-f014, jobid=5950999, in state QUEUED (PENDING)
2025-07-28 20:21:25 -0500 :: hercules-login-1.hpc.msstate.edu :: Task gfs_atmos_prod_f015-f017, jobid=5951000, in state QUEUED (PENDING)
2025-07-28 20:21:25 -0500 :: hercules-login-1.hpc.msstate.edu :: Task gfs_atmos_prod_f018-f020, jobid=5951001, in state QUEUED (PENDING)
2025-07-28 20:21:25 -0500 :: hercules-login-1.hpc.msstate.edu :: Task gfs_atmos_prod_f021-f023, jobid=5951060, in state QUEUED (PENDING)
2025-07-28 20:21:25 -0500 :: hercules-login-1.hpc.msstate.edu :: Task gfs_atmos_prod_f024-f026, jobid=5951061, in state QUEUED (PENDING)
2025-07-28 20:21:25 -0500 :: hercules-login-1.hpc.msstate.edu :: Task gfs_atmos_prod_f027-f029, jobid=5951062, in state QUEUED (PENDING)
2025-07-28 20:21:25 -0500 :: hercules-login-1.hpc.msstate.edu :: Task gfs_atmos_prod_f030-f032, jobid=5951063, in state QUEUED (PENDING)
2025-07-28 20:21:25 -0500 :: hercules-login-1.hpc.msstate.edu :: Task gfs_atmos_prod_f033-f035, jobid=5951064, in state QUEUED (PENDING)
2025-07-28 20:21:25 -0500 :: hercules-login-1.hpc.msstate.edu :: Task gfs_atmos_prod_f036-f038, jobid=5951065, in state QUEUED (PENDING)
2025-07-28 20:21:25 -0500 :: hercules-login-1.hpc.msstate.edu :: Task gfs_atmos_prod_f039-f041, jobid=5951115, in state QUEUED (PENDING)
2025-07-28 20:21:25 -0500 :: hercules-login-1.hpc.msstate.edu :: Task gfs_wavepostsbs_f000-f002, jobid=5951006, in state QUEUED (PENDING)
2025-07-28 20:21:25 -0500 :: hercules-login-1.hpc.msstate.edu :: Task gfs_wavepostsbs_f003-f005, jobid=5951007, in state QUEUED (PENDING)
2025-07-28 20:21:25 -0500 :: hercules-login-1.hpc.msstate.edu :: Task gfs_wavepostsbs_f006-f008, jobid=5951008, in state QUEUED (PENDING)
2025-07-28 20:21:25 -0500 :: hercules-login-1.hpc.msstate.edu :: Task gfs_wavepostsbs_f009-f011, jobid=5951009, in state QUEUED (PENDING)
2025-07-28 20:21:25 -0500 :: hercules-login-1.hpc.msstate.edu :: Task gfs_wavepostsbs_f012-f014, jobid=5951010, in state QUEUED (PENDING)
2025-07-28 20:21:25 -0500 :: hercules-login-1.hpc.msstate.edu :: Task gfs_wavepostsbs_f015-f017, jobid=5951011, in state QUEUED (PENDING)
2025-07-28 20:21:25 -0500 :: hercules-login-1.hpc.msstate.edu :: Task gfs_wavepostsbs_f018-f020, jobid=5951012, in state QUEUED (PENDING)
2025-07-28 20:21:25 -0500 :: hercules-login-1.hpc.msstate.edu :: Task gfs_wavepostsbs_f021-f023, jobid=5951013, in state QUEUED (PENDING)
2025-07-28 20:21:25 -0500 :: hercules-login-1.hpc.msstate.edu :: Task gfs_wavepostsbs_f024-f026, jobid=5951014, in state QUEUED (PENDING)
2025-07-28 20:21:25 -0500 :: hercules-login-1.hpc.msstate.edu :: Task gfs_wavepostsbs_f027-f029, jobid=5951015, in state QUEUED (PENDING)
2025-07-28 20:21:25 -0500 :: hercules-login-1.hpc.msstate.edu :: Task gfs_wavepostsbs_f030-f032, jobid=5951016, in state QUEUED (PENDING)
2025-07-28 20:21:25 -0500 :: hercules-login-1.hpc.msstate.edu :: Cannot submit gfs_atmos_prod_f042-f044, because maximum global task throttle of 25 will be violated.
2025-07-28 20:21:25 -0500 :: hercules-login-1.hpc.msstate.edu :: Cannot submit gfs_atmos_prod_f045-f047, because maximum global task throttle of 25 will be violated.
2025-07-28 20:21:25 -0500 :: hercules-login-1.hpc.msstate.edu :: Cannot submit gfs_atmos_prod_f048-f054, because maximum global task throttle of 25 will be violated.
2025-07-28 20:21:25 -0500 :: hercules-login-1.hpc.msstate.edu :: Cannot submit gfs_atmos_prod_f057-f063, because maximum global task throttle of 25 will be violated.
2025-07-28 20:21:25 -0500 :: hercules-login-1.hpc.msstate.edu :: Cannot submit gfs_atmos_prod_f066-f072, because maximum global task throttle of 25 will be violated.
2025-07-28 20:21:25 -0500 :: hercules-login-1.hpc.msstate.edu :: Cannot submit gfs_atmos_prod_f075-f081, because maximum global task throttle of 25 will be violated.
2025-07-28 20:21:25 -0500 :: hercules-login-1.hpc.msstate.edu :: Cannot submit gfs_atmos_prod_f084-f090, because maximum global task throttle of 25 will be violated.
2025-07-28 20:21:25 -0500 :: hercules-login-1.hpc.msstate.edu :: Cannot submit gfs_atmos_prod_f093-f099, because maximum global task throttle of 25 will be violated.
2025-07-28 20:21:25 -0500 :: hercules-login-1.hpc.msstate.edu :: Cannot submit gfs_atmos_prod_f102-f108, because maximum global task throttle of 25 will be violated.
2025-07-28 20:21:25 -0500 :: hercules-login-1.hpc.msstate.edu :: Cannot submit gfs_atmos_prod_f111-f114, because maximum global task throttle of 25 will be violated.
2025-07-28 20:21:25 -0500 :: hercules-login-1.hpc.msstate.edu :: Cannot submit gfs_atmos_prod_f117-f120, because maximum global task throttle of 25 will be violated.
2025-07-28 20:21:25 -0500 :: hercules-login-1.hpc.msstate.edu :: Cannot submit gfs_ocean_prod_f012, because maximum global task throttle of 25 will be violated.
2025-07-28 20:21:25 -0500 :: hercules-login-1.hpc.msstate.edu :: Cannot submit gfs_ocean_prod_f018, because maximum global task throttle of 25 will be violated.
2025-07-28 20:21:25 -0500 :: hercules-login-1.hpc.msstate.edu :: Cannot submit gfs_ocean_prod_f024, because maximum global task throttle of 25 will be violated.
2025-07-28 20:21:25 -0500 :: hercules-login-1.hpc.msstate.edu :: Cannot submit gfs_ocean_prod_f030, because maximum global task throttle of 25 will be violated.
2025-07-28 20:21:25 -0500 :: hercules-login-1.hpc.msstate.edu :: Cannot submit gfs_ocean_prod_f036, because maximum global task throttle of 25 will be violated.
2025-07-28 20:21:25 -0500 :: hercules-login-1.hpc.msstate.edu :: Cannot submit gfs_ocean_prod_f042, because maximum global task throttle of 25 will be violated.
2025-07-28 20:21:25 -0500 :: hercules-login-1.hpc.msstate.edu :: Cannot submit gfs_ocean_prod_f048, because maximum global task throttle of 25 will be violated.
2025-07-28 20:21:25 -0500 :: hercules-login-1.hpc.msstate.edu :: Cannot submit gfs_ocean_prod_f054, because maximum global task throttle of 25 will be violated.
2025-07-28 20:21:25 -0500 :: hercules-login-1.hpc.msstate.edu :: Cannot submit gfs_ocean_prod_f060, because maximum global task throttle of 25 will be violated.
2025-07-28 20:21:25 -0500 :: hercules-login-1.hpc.msstate.edu :: Cannot submit gfs_ocean_prod_f066, because maximum global task throttle of 25 will be violated.
2025-07-28 20:21:25 -0500 :: hercules-login-1.hpc.msstate.edu :: Cannot submit gfs_ocean_prod_f072, because maximum global task throttle of 25 will be violated.
2025-07-28 20:21:25 -0500 :: hercules-login-1.hpc.msstate.edu :: Cannot submit gfs_ocean_prod_f078, because maximum global task throttle of 25 will be violated.
2025-07-28 20:21:25 -0500 :: hercules-login-1.hpc.msstate.edu :: Cannot submit gfs_ocean_prod_f084, because maximum global task throttle of 25 will be violated.
2025-07-28 20:21:25 -0500 :: hercules-login-1.hpc.msstate.edu :: Cannot submit gfs_ocean_prod_f090, because maximum global task throttle of 25 will be violated.
2025-07-28 20:21:25 -0500 :: hercules-login-1.hpc.msstate.edu :: Cannot submit gfs_ocean_prod_f096, because maximum global task throttle of 25 will be violated.
2025-07-28 20:21:25 -0500 :: hercules-login-1.hpc.msstate.edu :: Cannot submit gfs_ocean_prod_f102, because maximum global task throttle of 25 will be violated.
2025-07-28 20:21:25 -0500 :: hercules-login-1.hpc.msstate.edu :: Cannot submit gfs_ocean_prod_f108, because maximum global task throttle of 25 will be violated.
2025-07-28 20:21:25 -0500 :: hercules-login-1.hpc.msstate.edu :: Cannot submit gfs_ocean_prod_f114, because maximum global task throttle of 25 will be violated.
2025-07-28 20:21:25 -0500 :: hercules-login-1.hpc.msstate.edu :: Cannot submit gfs_ocean_prod_f120, because maximum global task throttle of 25 will be violated.
2025-07-28 20:21:25 -0500 :: hercules-login-1.hpc.msstate.edu :: Cannot submit gfs_ice_prod_f024, because maximum global task throttle of 25 will be violated.
2025-07-28 20:21:25 -0500 :: hercules-login-1.hpc.msstate.edu :: Cannot submit gfs_ice_prod_f030, because maximum global task throttle of 25 will be violated.
2025-07-28 20:21:25 -0500 :: hercules-login-1.hpc.msstate.edu :: Cannot submit gfs_ice_prod_f036, because maximum global task throttle of 25 will be violated.
2025-07-28 20:21:25 -0500 :: hercules-login-1.hpc.msstate.edu :: Cannot submit gfs_ice_prod_f042, because maximum global task throttle of 25 will be violated.
2025-07-28 20:21:25 -0500 :: hercules-login-1.hpc.msstate.edu :: Cannot submit gfs_ice_prod_f048, because maximum global task throttle of 25 will be violated.
2025-07-28 20:21:25 -0500 :: hercules-login-1.hpc.msstate.edu :: Cannot submit gfs_ice_prod_f054, because maximum global task throttle of 25 will be violated.
2025-07-28 20:21:25 -0500 :: hercules-login-1.hpc.msstate.edu :: Cannot submit gfs_ice_prod_f060, because maximum global task throttle of 25 will be violated.
2025-07-28 20:21:25 -0500 :: hercules-login-1.hpc.msstate.edu :: Cannot submit gfs_ice_prod_f066, because maximum global task throttle of 25 will be violated.
2025-07-28 20:21:25 -0500 :: hercules-login-1.hpc.msstate.edu :: Cannot submit gfs_ice_prod_f072, because maximum global task throttle of 25 will be violated.
2025-07-28 20:21:25 -0500 :: hercules-login-1.hpc.msstate.edu :: Cannot submit gfs_ice_prod_f078, because maximum global task throttle of 25 will be violated.
2025-07-28 20:21:25 -0500 :: hercules-login-1.hpc.msstate.edu :: Cannot submit gfs_ice_prod_f084, because maximum global task throttle of 25 will be violated.
2025-07-28 20:21:25 -0500 :: hercules-login-1.hpc.msstate.edu :: Cannot submit gfs_ice_prod_f090, because maximum global task throttle of 25 will be violated.
2025-07-28 20:21:25 -0500 :: hercules-login-1.hpc.msstate.edu :: Cannot submit gfs_ice_prod_f096, because maximum global task throttle of 25 will be violated.
2025-07-28 20:21:25 -0500 :: hercules-login-1.hpc.msstate.edu :: Cannot submit gfs_ice_prod_f102, because maximum global task throttle of 25 will be violated.
2025-07-28 20:21:25 -0500 :: hercules-login-1.hpc.msstate.edu :: Cannot submit gfs_ice_prod_f108, because maximum global task throttle of 25 will be violated.
2025-07-28 20:21:25 -0500 :: hercules-login-1.hpc.msstate.edu :: Cannot submit gfs_ice_prod_f114, because maximum global task throttle of 25 will be violated.
2025-07-28 20:21:25 -0500 :: hercules-login-1.hpc.msstate.edu :: Cannot submit gfs_ice_prod_f120, because maximum global task throttle of 25 will be violated.
2025-07-28 20:21:25 -0500 :: hercules-login-1.hpc.msstate.edu :: Cannot submit gfs_wavepostsbs_f033-f035, because maximum global task throttle of 25 will be violated.
2025-07-28 20:21:25 -0500 :: hercules-login-1.hpc.msstate.edu :: Cannot submit gfs_wavepostsbs_f036-f038, because maximum global task throttle of 25 will be violated.
2025-07-28 20:21:25 -0500 :: hercules-login-1.hpc.msstate.edu :: Cannot submit gfs_wavepostsbs_f039-f041, because maximum global task throttle of 25 will be violated.
2025-07-28 20:21:25 -0500 :: hercules-login-1.hpc.msstate.edu :: Cannot submit gfs_wavepostsbs_f042-f044, because maximum global task throttle of 25 will be violated.
2025-07-28 20:21:25 -0500 :: hercules-login-1.hpc.msstate.edu :: Cannot submit gfs_wavepostsbs_f045-f047, because maximum global task throttle of 25 will be violated.
2025-07-28 20:21:25 -0500 :: hercules-login-1.hpc.msstate.edu :: Cannot submit gfs_wavepostsbs_f048-f054, because maximum global task throttle of 25 will be violated.
2025-07-28 20:21:25 -0500 :: hercules-login-1.hpc.msstate.edu :: Cannot submit gfs_wavepostsbs_f057-f063, because maximum global task throttle of 25 will be violated.
2025-07-28 20:21:25 -0500 :: hercules-login-1.hpc.msstate.edu :: Cannot submit gfs_wavepostsbs_f066-f072, because maximum global task throttle of 25 will be violated.
2025-07-28 20:21:25 -0500 :: hercules-login-1.hpc.msstate.edu :: Cannot submit gfs_wavepostsbs_f075-f081, because maximum global task throttle of 25 will be violated.
2025-07-28 20:21:25 -0500 :: hercules-login-1.hpc.msstate.edu :: Cannot submit gfs_wavepostsbs_f084-f090, because maximum global task throttle of 25 will be violated.
2025-07-28 20:21:25 -0500 :: hercules-login-1.hpc.msstate.edu :: Cannot submit gfs_wavepostsbs_f093-f099, because maximum global task throttle of 25 will be violated.
2025-07-28 20:21:25 -0500 :: hercules-login-1.hpc.msstate.edu :: Cannot submit gfs_wavepostsbs_f102-f108, because maximum global task throttle of 25 will be violated.
2025-07-28 20:21:25 -0500 :: hercules-login-1.hpc.msstate.edu :: Cannot submit gfs_wavepostsbs_f111-f114, because maximum global task throttle of 25 will be violated.
2025-07-28 20:21:25 -0500 :: hercules-login-1.hpc.msstate.edu :: Cannot submit gfs_wavepostsbs_f117-f120, because maximum global task throttle of 25 will be violated.
2025-07-28 20:21:25 -0500 :: hercules-login-1.hpc.msstate.edu :: Cannot submit gfs_wavepostbndpnt, because maximum global task throttle of 25 will be violated.
2025-07-28 20:21:25 -0500 :: hercules-login-1.hpc.msstate.edu :: Cannot submit gfs_wavepostbndpntbll, because maximum global task throttle of 25 will be violated.
2025-07-28 20:21:25 -0500 :: hercules-login-1.hpc.msstate.edu :: Cannot submit gfs_wavepostpnt, because maximum global task throttle of 25 will be violated.
2025-07-28 20:27:28 -0500 :: hercules-login-1.hpc.msstate.edu :: Task gfs_atmos_prod_f000-f002, jobid=5950995, in state QUEUED (PENDING)
2025-07-28 20:27:28 -0500 :: hercules-login-1.hpc.msstate.edu :: Task gfs_atmos_prod_f003-f005, jobid=5950996, in state QUEUED (PENDING)
2025-07-28 20:27:28 -0500 :: hercules-login-1.hpc.msstate.edu :: Task gfs_atmos_prod_f006-f008, jobid=5950997, in state QUEUED (PENDING)
2025-07-28 20:27:28 -0500 :: hercules-login-1.hpc.msstate.edu :: Task gfs_atmos_prod_f009-f011, jobid=5950998, in state QUEUED (PENDING)
2025-07-28 20:27:28 -0500 :: hercules-login-1.hpc.msstate.edu :: Task gfs_atmos_prod_f012-f014, jobid=5950999, in state QUEUED (PENDING)
2025-07-28 20:27:28 -0500 :: hercules-login-1.hpc.msstate.edu :: Task gfs_atmos_prod_f015-f017, jobid=5951000, in state QUEUED (PENDING)
2025-07-28 20:27:28 -0500 :: hercules-login-1.hpc.msstate.edu :: Task gfs_atmos_prod_f018-f020, jobid=5951001, in state QUEUED (PENDING)
2025-07-28 20:27:28 -0500 :: hercules-login-1.hpc.msstate.edu :: Task gfs_atmos_prod_f021-f023, jobid=5951060, in state QUEUED (PENDING)
2025-07-28 20:27:28 -0500 :: hercules-login-1.hpc.msstate.edu :: Task gfs_atmos_prod_f024-f026, jobid=5951061, in state QUEUED (PENDING)
2025-07-28 20:27:28 -0500 :: hercules-login-1.hpc.msstate.edu :: Task gfs_atmos_prod_f027-f029, jobid=5951062, in state QUEUED (PENDING)
2025-07-28 20:27:28 -0500 :: hercules-login-1.hpc.msstate.edu :: Task gfs_atmos_prod_f030-f032, jobid=5951063, in state QUEUED (PENDING)
2025-07-28 20:27:28 -0500 :: hercules-login-1.hpc.msstate.edu :: Task gfs_atmos_prod_f033-f035, jobid=5951064, in state QUEUED (PENDING)
2025-07-28 20:27:28 -0500 :: hercules-login-1.hpc.msstate.edu :: Task gfs_atmos_prod_f036-f038, jobid=5951065, in state QUEUED (PENDING)
2025-07-28 20:27:28 -0500 :: hercules-login-1.hpc.msstate.edu :: Task gfs_atmos_prod_f039-f041, jobid=5951115, in state QUEUED (PENDING)
2025-07-28 20:27:28 -0500 :: hercules-login-1.hpc.msstate.edu :: Task gfs_wavepostsbs_f000-f002, jobid=5951006, in state QUEUED (PENDING)
2025-07-28 20:27:28 -0500 :: hercules-login-1.hpc.msstate.edu :: Task gfs_wavepostsbs_f003-f005, jobid=5951007, in state QUEUED (PENDING)
2025-07-28 20:27:28 -0500 :: hercules-login-1.hpc.msstate.edu :: Task gfs_wavepostsbs_f006-f008, jobid=5951008, in state QUEUED (PENDING)
2025-07-28 20:27:28 -0500 :: hercules-login-1.hpc.msstate.edu :: Task gfs_wavepostsbs_f009-f011, jobid=5951009, in state QUEUED (PENDING)
2025-07-28 20:27:28 -0500 :: hercules-login-1.hpc.msstate.edu :: Task gfs_wavepostsbs_f012-f014, jobid=5951010, in state QUEUED (PENDING)
2025-07-28 20:27:28 -0500 :: hercules-login-1.hpc.msstate.edu :: Task gfs_wavepostsbs_f015-f017, jobid=5951011, in state QUEUED (PENDING)
2025-07-28 20:27:28 -0500 :: hercules-login-1.hpc.msstate.edu :: Task gfs_wavepostsbs_f018-f020, jobid=5951012, in state QUEUED (PENDING)
2025-07-28 20:27:28 -0500 :: hercules-login-1.hpc.msstate.edu :: Task gfs_wavepostsbs_f021-f023, jobid=5951013, in state QUEUED (PENDING)
2025-07-28 20:27:28 -0500 :: hercules-login-1.hpc.msstate.edu :: Task gfs_wavepostsbs_f024-f026, jobid=5951014, in state QUEUED (PENDING)
2025-07-28 20:27:28 -0500 :: hercules-login-1.hpc.msstate.edu :: Task gfs_wavepostsbs_f027-f029, jobid=5951015, in state QUEUED (PENDING)
2025-07-28 20:27:28 -0500 :: hercules-login-1.hpc.msstate.edu :: Task gfs_wavepostsbs_f030-f032, jobid=5951016, in state QUEUED (PENDING)
2025-07-28 20:27:28 -0500 :: hercules-login-1.hpc.msstate.edu :: Cannot submit gfs_atmos_prod_f042-f044, because maximum global task throttle of 25 will be violated.
2025-07-28 20:27:28 -0500 :: hercules-login-1.hpc.msstate.edu :: Cannot submit gfs_atmos_prod_f045-f047, because maximum global task throttle of 25 will be violated.
2025-07-28 20:27:28 -0500 :: hercules-login-1.hpc.msstate.edu :: Cannot submit gfs_atmos_prod_f048-f054, because maximum global task throttle of 25 will be violated.
2025-07-28 20:27:28 -0500 :: hercules-login-1.hpc.msstate.edu :: Cannot submit gfs_atmos_prod_f057-f063, because maximum global task throttle of 25 will be violated.
2025-07-28 20:27:28 -0500 :: hercules-login-1.hpc.msstate.edu :: Cannot submit gfs_atmos_prod_f066-f072, because maximum global task throttle of 25 will be violated.
2025-07-28 20:27:28 -0500 :: hercules-login-1.hpc.msstate.edu :: Cannot submit gfs_atmos_prod_f075-f081, because maximum global task throttle of 25 will be violated.
2025-07-28 20:27:28 -0500 :: hercules-login-1.hpc.msstate.edu :: Cannot submit gfs_atmos_prod_f084-f090, because maximum global task throttle of 25 will be violated.
2025-07-28 20:27:28 -0500 :: hercules-login-1.hpc.msstate.edu :: Cannot submit gfs_atmos_prod_f093-f099, because maximum global task throttle of 25 will be violated.
2025-07-28 20:27:28 -0500 :: hercules-login-1.hpc.msstate.edu :: Cannot submit gfs_atmos_prod_f102-f108, because maximum global task throttle of 25 will be violated.
2025-07-28 20:27:28 -0500 :: hercules-login-1.hpc.msstate.edu :: Cannot submit gfs_atmos_prod_f111-f114, because maximum global task throttle of 25 will be violated.
2025-07-28 20:27:28 -0500 :: hercules-login-1.hpc.msstate.edu :: Cannot submit gfs_atmos_prod_f117-f120, because maximum global task throttle of 25 will be violated.
2025-07-28 20:27:28 -0500 :: hercules-login-1.hpc.msstate.edu :: Cannot submit gfs_ocean_prod_f012, because maximum global task throttle of 25 will be violated.
2025-07-28 20:27:28 -0500 :: hercules-login-1.hpc.msstate.edu :: Cannot submit gfs_ocean_prod_f018, because maximum global task throttle of 25 will be violated.
2025-07-28 20:27:28 -0500 :: hercules-login-1.hpc.msstate.edu :: Cannot submit gfs_ocean_prod_f024, because maximum global task throttle of 25 will be violated.
2025-07-28 20:27:28 -0500 :: hercules-login-1.hpc.msstate.edu :: Cannot submit gfs_ocean_prod_f030, because maximum global task throttle of 25 will be violated.
2025-07-28 20:27:28 -0500 :: hercules-login-1.hpc.msstate.edu :: Cannot submit gfs_ocean_prod_f036, because maximum global task throttle of 25 will be violated.
2025-07-28 20:27:28 -0500 :: hercules-login-1.hpc.msstate.edu :: Cannot submit gfs_ocean_prod_f042, because maximum global task throttle of 25 will be violated.
2025-07-28 20:27:28 -0500 :: hercules-login-1.hpc.msstate.edu :: Cannot submit gfs_ocean_prod_f048, because maximum global task throttle of 25 will be violated.
2025-07-28 20:27:28 -0500 :: hercules-login-1.hpc.msstate.edu :: Cannot submit gfs_ocean_prod_f054, because maximum global task throttle of 25 will be violated.
2025-07-28 20:27:28 -0500 :: hercules-login-1.hpc.msstate.edu :: Cannot submit gfs_ocean_prod_f060, because maximum global task throttle of 25 will be violated.
2025-07-28 20:27:28 -0500 :: hercules-login-1.hpc.msstate.edu :: Cannot submit gfs_ocean_prod_f066, because maximum global task throttle of 25 will be violated.
2025-07-28 20:27:28 -0500 :: hercules-login-1.hpc.msstate.edu :: Cannot submit gfs_ocean_prod_f072, because maximum global task throttle of 25 will be violated.
2025-07-28 20:27:28 -0500 :: hercules-login-1.hpc.msstate.edu :: Cannot submit gfs_ocean_prod_f078, because maximum global task throttle of 25 will be violated.
2025-07-28 20:27:28 -0500 :: hercules-login-1.hpc.msstate.edu :: Cannot submit gfs_ocean_prod_f084, because maximum global task throttle of 25 will be violated.
2025-07-28 20:27:28 -0500 :: hercules-login-1.hpc.msstate.edu :: Cannot submit gfs_ocean_prod_f090, because maximum global task throttle of 25 will be violated.
2025-07-28 20:27:28 -0500 :: hercules-login-1.hpc.msstate.edu :: Cannot submit gfs_ocean_prod_f096, because maximum global task throttle of 25 will be violated.
2025-07-28 20:27:28 -0500 :: hercules-login-1.hpc.msstate.edu :: Cannot submit gfs_ocean_prod_f102, because maximum global task throttle of 25 will be violated.
2025-07-28 20:27:28 -0500 :: hercules-login-1.hpc.msstate.edu :: Cannot submit gfs_ocean_prod_f108, because maximum global task throttle of 25 will be violated.
2025-07-28 20:27:28 -0500 :: hercules-login-1.hpc.msstate.edu :: Cannot submit gfs_ocean_prod_f114, because maximum global task throttle of 25 will be violated.
2025-07-28 20:27:28 -0500 :: hercules-login-1.hpc.msstate.edu :: Cannot submit gfs_ocean_prod_f120, because maximum global task throttle of 25 will be violated.
2025-07-28 20:27:28 -0500 :: hercules-login-1.hpc.msstate.edu :: Cannot submit gfs_ice_prod_f024, because maximum global task throttle of 25 will be violated.
2025-07-28 20:27:28 -0500 :: hercules-login-1.hpc.msstate.edu :: Cannot submit gfs_ice_prod_f030, because maximum global task throttle of 25 will be violated.
2025-07-28 20:27:28 -0500 :: hercules-login-1.hpc.msstate.edu :: Cannot submit gfs_ice_prod_f036, because maximum global task throttle of 25 will be violated.
2025-07-28 20:27:28 -0500 :: hercules-login-1.hpc.msstate.edu :: Cannot submit gfs_ice_prod_f042, because maximum global task throttle of 25 will be violated.
2025-07-28 20:27:28 -0500 :: hercules-login-1.hpc.msstate.edu :: Cannot submit gfs_ice_prod_f048, because maximum global task throttle of 25 will be violated.
2025-07-28 20:27:28 -0500 :: hercules-login-1.hpc.msstate.edu :: Cannot submit gfs_ice_prod_f054, because maximum global task throttle of 25 will be violated.
2025-07-28 20:27:28 -0500 :: hercules-login-1.hpc.msstate.edu :: Cannot submit gfs_ice_prod_f060, because maximum global task throttle of 25 will be violated.
2025-07-28 20:27:28 -0500 :: hercules-login-1.hpc.msstate.edu :: Cannot submit gfs_ice_prod_f066, because maximum global task throttle of 25 will be violated.
2025-07-28 20:27:28 -0500 :: hercules-login-1.hpc.msstate.edu :: Cannot submit gfs_ice_prod_f072, because maximum global task throttle of 25 will be violated.
2025-07-28 20:27:28 -0500 :: hercules-login-1.hpc.msstate.edu :: Cannot submit gfs_ice_prod_f078, because maximum global task throttle of 25 will be violated.
2025-07-28 20:27:28 -0500 :: hercules-login-1.hpc.msstate.edu :: Cannot submit gfs_ice_prod_f084, because maximum global task throttle of 25 will be violated.
2025-07-28 20:27:28 -0500 :: hercules-login-1.hpc.msstate.edu :: Cannot submit gfs_ice_prod_f090, because maximum global task throttle of 25 will be violated.
2025-07-28 20:27:28 -0500 :: hercules-login-1.hpc.msstate.edu :: Cannot submit gfs_ice_prod_f096, because maximum global task throttle of 25 will be violated.
2025-07-28 20:27:28 -0500 :: hercules-login-1.hpc.msstate.edu :: Cannot submit gfs_ice_prod_f102, because maximum global task throttle of 25 will be violated.
2025-07-28 20:27:28 -0500 :: hercules-login-1.hpc.msstate.edu :: Cannot submit gfs_ice_prod_f108, because maximum global task throttle of 25 will be violated.
2025-07-28 20:27:28 -0500 :: hercules-login-1.hpc.msstate.edu :: Cannot submit gfs_ice_prod_f114, because maximum global task throttle of 25 will be violated.
2025-07-28 20:27:28 -0500 :: hercules-login-1.hpc.msstate.edu :: Cannot submit gfs_ice_prod_f120, because maximum global task throttle of 25 will be violated.
2025-07-28 20:27:28 -0500 :: hercules-login-1.hpc.msstate.edu :: Cannot submit gfs_wavepostsbs_f033-f035, because maximum global task throttle of 25 will be violated.
2025-07-28 20:27:28 -0500 :: hercules-login-1.hpc.msstate.edu :: Cannot submit gfs_wavepostsbs_f036-f038, because maximum global task throttle of 25 will be violated.
2025-07-28 20:27:28 -0500 :: hercules-login-1.hpc.msstate.edu :: Cannot submit gfs_wavepostsbs_f039-f041, because maximum global task throttle of 25 will be violated.
2025-07-28 20:27:28 -0500 :: hercules-login-1.hpc.msstate.edu :: Cannot submit gfs_wavepostsbs_f042-f044, because maximum global task throttle of 25 will be violated.
2025-07-28 20:27:28 -0500 :: hercules-login-1.hpc.msstate.edu :: Cannot submit gfs_wavepostsbs_f045-f047, because maximum global task throttle of 25 will be violated.
2025-07-28 20:27:28 -0500 :: hercules-login-1.hpc.msstate.edu :: Cannot submit gfs_wavepostsbs_f048-f054, because maximum global task throttle of 25 will be violated.
2025-07-28 20:27:28 -0500 :: hercules-login-1.hpc.msstate.edu :: Cannot submit gfs_wavepostsbs_f057-f063, because maximum global task throttle of 25 will be violated.
2025-07-28 20:27:28 -0500 :: hercules-login-1.hpc.msstate.edu :: Cannot submit gfs_wavepostsbs_f066-f072, because maximum global task throttle of 25 will be violated.
2025-07-28 20:27:28 -0500 :: hercules-login-1.hpc.msstate.edu :: Cannot submit gfs_wavepostsbs_f075-f081, because maximum global task throttle of 25 will be violated.
2025-07-28 20:27:28 -0500 :: hercules-login-1.hpc.msstate.edu :: Cannot submit gfs_wavepostsbs_f084-f090, because maximum global task throttle of 25 will be violated.
2025-07-28 20:27:28 -0500 :: hercules-login-1.hpc.msstate.edu :: Cannot submit gfs_wavepostsbs_f093-f099, because maximum global task throttle of 25 will be violated.
2025-07-28 20:27:28 -0500 :: hercules-login-1.hpc.msstate.edu :: Cannot submit gfs_wavepostsbs_f102-f108, because maximum global task throttle of 25 will be violated.
2025-07-28 20:27:28 -0500 :: hercules-login-1.hpc.msstate.edu :: Cannot submit gfs_wavepostsbs_f111-f114, because maximum global task throttle of 25 will be violated.
2025-07-28 20:27:28 -0500 :: hercules-login-1.hpc.msstate.edu :: Cannot submit gfs_wavepostsbs_f117-f120, because maximum global task throttle of 25 will be violated.
2025-07-28 20:27:28 -0500 :: hercules-login-1.hpc.msstate.edu :: Cannot submit gfs_wavepostbndpnt, because maximum global task throttle of 25 will be violated.
2025-07-28 20:27:28 -0500 :: hercules-login-1.hpc.msstate.edu :: Cannot submit gfs_wavepostbndpntbll, because maximum global task throttle of 25 will be violated.
2025-07-28 20:27:28 -0500 :: hercules-login-1.hpc.msstate.edu :: Cannot submit gfs_wavepostpnt, because maximum global task throttle of 25 will be violated.
2025-07-28 20:33:30 -0500 :: hercules-login-1.hpc.msstate.edu :: Task gfs_atmos_prod_f000-f002, jobid=5950995, in state QUEUED (PENDING)
2025-07-28 20:33:30 -0500 :: hercules-login-1.hpc.msstate.edu :: Task gfs_atmos_prod_f003-f005, jobid=5950996, in state QUEUED (PENDING)
2025-07-28 20:33:30 -0500 :: hercules-login-1.hpc.msstate.edu :: Task gfs_atmos_prod_f006-f008, jobid=5950997, in state QUEUED (PENDING)
2025-07-28 20:33:30 -0500 :: hercules-login-1.hpc.msstate.edu :: Task gfs_atmos_prod_f009-f011, jobid=5950998, in state QUEUED (PENDING)
2025-07-28 20:33:30 -0500 :: hercules-login-1.hpc.msstate.edu :: Task gfs_atmos_prod_f012-f014, jobid=5950999, in state QUEUED (PENDING)
2025-07-28 20:33:30 -0500 :: hercules-login-1.hpc.msstate.edu :: Task gfs_atmos_prod_f015-f017, jobid=5951000, in state QUEUED (PENDING)
2025-07-28 20:33:30 -0500 :: hercules-login-1.hpc.msstate.edu :: Task gfs_atmos_prod_f018-f020, jobid=5951001, in state QUEUED (PENDING)
2025-07-28 20:33:30 -0500 :: hercules-login-1.hpc.msstate.edu :: Task gfs_atmos_prod_f021-f023, jobid=5951060, in state QUEUED (PENDING)
2025-07-28 20:33:30 -0500 :: hercules-login-1.hpc.msstate.edu :: Task gfs_atmos_prod_f024-f026, jobid=5951061, in state QUEUED (PENDING)
2025-07-28 20:33:30 -0500 :: hercules-login-1.hpc.msstate.edu :: Task gfs_atmos_prod_f027-f029, jobid=5951062, in state QUEUED (PENDING)
2025-07-28 20:33:30 -0500 :: hercules-login-1.hpc.msstate.edu :: Task gfs_atmos_prod_f030-f032, jobid=5951063, in state QUEUED (PENDING)
2025-07-28 20:33:30 -0500 :: hercules-login-1.hpc.msstate.edu :: Task gfs_atmos_prod_f033-f035, jobid=5951064, in state QUEUED (PENDING)
2025-07-28 20:33:30 -0500 :: hercules-login-1.hpc.msstate.edu :: Task gfs_atmos_prod_f036-f038, jobid=5951065, in state QUEUED (PENDING)
2025-07-28 20:33:30 -0500 :: hercules-login-1.hpc.msstate.edu :: Task gfs_atmos_prod_f039-f041, jobid=5951115, in state QUEUED (PENDING)
2025-07-28 20:33:30 -0500 :: hercules-login-1.hpc.msstate.edu :: Task gfs_wavepostsbs_f000-f002, jobid=5951006, in state QUEUED (PENDING)
2025-07-28 20:33:30 -0500 :: hercules-login-1.hpc.msstate.edu :: Task gfs_wavepostsbs_f003-f005, jobid=5951007, in state QUEUED (PENDING)
2025-07-28 20:33:30 -0500 :: hercules-login-1.hpc.msstate.edu :: Task gfs_wavepostsbs_f006-f008, jobid=5951008, in state QUEUED (PENDING)
2025-07-28 20:33:30 -0500 :: hercules-login-1.hpc.msstate.edu :: Task gfs_wavepostsbs_f009-f011, jobid=5951009, in state QUEUED (PENDING)
2025-07-28 20:33:30 -0500 :: hercules-login-1.hpc.msstate.edu :: Task gfs_wavepostsbs_f012-f014, jobid=5951010, in state QUEUED (PENDING)
2025-07-28 20:33:30 -0500 :: hercules-login-1.hpc.msstate.edu :: Task gfs_wavepostsbs_f015-f017, jobid=5951011, in state QUEUED (PENDING)
2025-07-28 20:33:30 -0500 :: hercules-login-1.hpc.msstate.edu :: Task gfs_wavepostsbs_f018-f020, jobid=5951012, in state QUEUED (PENDING)
2025-07-28 20:33:30 -0500 :: hercules-login-1.hpc.msstate.edu :: Task gfs_wavepostsbs_f021-f023, jobid=5951013, in state QUEUED (PENDING)
2025-07-28 20:33:30 -0500 :: hercules-login-1.hpc.msstate.edu :: Task gfs_wavepostsbs_f024-f026, jobid=5951014, in state QUEUED (PENDING)
2025-07-28 20:33:30 -0500 :: hercules-login-1.hpc.msstate.edu :: Task gfs_wavepostsbs_f027-f029, jobid=5951015, in state QUEUED (PENDING)
2025-07-28 20:33:30 -0500 :: hercules-login-1.hpc.msstate.edu :: Task gfs_wavepostsbs_f030-f032, jobid=5951016, in state QUEUED (PENDING)
2025-07-28 20:33:30 -0500 :: hercules-login-1.hpc.msstate.edu :: Cannot submit gfs_atmos_prod_f042-f044, because maximum global task throttle of 25 will be violated.
2025-07-28 20:33:30 -0500 :: hercules-login-1.hpc.msstate.edu :: Cannot submit gfs_atmos_prod_f045-f047, because maximum global task throttle of 25 will be violated.
2025-07-28 20:33:30 -0500 :: hercules-login-1.hpc.msstate.edu :: Cannot submit gfs_atmos_prod_f048-f054, because maximum global task throttle of 25 will be violated.
2025-07-28 20:33:30 -0500 :: hercules-login-1.hpc.msstate.edu :: Cannot submit gfs_atmos_prod_f057-f063, because maximum global task throttle of 25 will be violated.
2025-07-28 20:33:30 -0500 :: hercules-login-1.hpc.msstate.edu :: Cannot submit gfs_atmos_prod_f066-f072, because maximum global task throttle of 25 will be violated.
2025-07-28 20:33:30 -0500 :: hercules-login-1.hpc.msstate.edu :: Cannot submit gfs_atmos_prod_f075-f081, because maximum global task throttle of 25 will be violated.
2025-07-28 20:33:30 -0500 :: hercules-login-1.hpc.msstate.edu :: Cannot submit gfs_atmos_prod_f084-f090, because maximum global task throttle of 25 will be violated.
2025-07-28 20:33:30 -0500 :: hercules-login-1.hpc.msstate.edu :: Cannot submit gfs_atmos_prod_f093-f099, because maximum global task throttle of 25 will be violated.
2025-07-28 20:33:30 -0500 :: hercules-login-1.hpc.msstate.edu :: Cannot submit gfs_atmos_prod_f102-f108, because maximum global task throttle of 25 will be violated.
2025-07-28 20:33:30 -0500 :: hercules-login-1.hpc.msstate.edu :: Cannot submit gfs_atmos_prod_f111-f114, because maximum global task throttle of 25 will be violated.
2025-07-28 20:33:30 -0500 :: hercules-login-1.hpc.msstate.edu :: Cannot submit gfs_atmos_prod_f117-f120, because maximum global task throttle of 25 will be violated.
2025-07-28 20:33:30 -0500 :: hercules-login-1.hpc.msstate.edu :: Cannot submit gfs_ocean_prod_f012, because maximum global task throttle of 25 will be violated.
2025-07-28 20:33:30 -0500 :: hercules-login-1.hpc.msstate.edu :: Cannot submit gfs_ocean_prod_f018, because maximum global task throttle of 25 will be violated.
2025-07-28 20:33:30 -0500 :: hercules-login-1.hpc.msstate.edu :: Cannot submit gfs_ocean_prod_f024, because maximum global task throttle of 25 will be violated.
2025-07-28 20:33:30 -0500 :: hercules-login-1.hpc.msstate.edu :: Cannot submit gfs_ocean_prod_f030, because maximum global task throttle of 25 will be violated.
2025-07-28 20:33:30 -0500 :: hercules-login-1.hpc.msstate.edu :: Cannot submit gfs_ocean_prod_f036, because maximum global task throttle of 25 will be violated.
2025-07-28 20:33:30 -0500 :: hercules-login-1.hpc.msstate.edu :: Cannot submit gfs_ocean_prod_f042, because maximum global task throttle of 25 will be violated.
2025-07-28 20:33:30 -0500 :: hercules-login-1.hpc.msstate.edu :: Cannot submit gfs_ocean_prod_f048, because maximum global task throttle of 25 will be violated.
2025-07-28 20:33:30 -0500 :: hercules-login-1.hpc.msstate.edu :: Cannot submit gfs_ocean_prod_f054, because maximum global task throttle of 25 will be violated.
2025-07-28 20:33:30 -0500 :: hercules-login-1.hpc.msstate.edu :: Cannot submit gfs_ocean_prod_f060, because maximum global task throttle of 25 will be violated.
2025-07-28 20:33:30 -0500 :: hercules-login-1.hpc.msstate.edu :: Cannot submit gfs_ocean_prod_f066, because maximum global task throttle of 25 will be violated.
2025-07-28 20:33:30 -0500 :: hercules-login-1.hpc.msstate.edu :: Cannot submit gfs_ocean_prod_f072, because maximum global task throttle of 25 will be violated.
2025-07-28 20:33:30 -0500 :: hercules-login-1.hpc.msstate.edu :: Cannot submit gfs_ocean_prod_f078, because maximum global task throttle of 25 will be violated.
2025-07-28 20:33:30 -0500 :: hercules-login-1.hpc.msstate.edu :: Cannot submit gfs_ocean_prod_f084, because maximum global task throttle of 25 will be violated.
2025-07-28 20:33:30 -0500 :: hercules-login-1.hpc.msstate.edu :: Cannot submit gfs_ocean_prod_f090, because maximum global task throttle of 25 will be violated.
2025-07-28 20:33:30 -0500 :: hercules-login-1.hpc.msstate.edu :: Cannot submit gfs_ocean_prod_f096, because maximum global task throttle of 25 will be violated.
2025-07-28 20:33:30 -0500 :: hercules-login-1.hpc.msstate.edu :: Cannot submit gfs_ocean_prod_f102, because maximum global task throttle of 25 will be violated.
2025-07-28 20:33:30 -0500 :: hercules-login-1.hpc.msstate.edu :: Cannot submit gfs_ocean_prod_f108, because maximum global task throttle of 25 will be violated.
2025-07-28 20:33:30 -0500 :: hercules-login-1.hpc.msstate.edu :: Cannot submit gfs_ocean_prod_f114, because maximum global task throttle of 25 will be violated.
2025-07-28 20:33:30 -0500 :: hercules-login-1.hpc.msstate.edu :: Cannot submit gfs_ocean_prod_f120, because maximum global task throttle of 25 will be violated.
2025-07-28 20:33:30 -0500 :: hercules-login-1.hpc.msstate.edu :: Cannot submit gfs_ice_prod_f024, because maximum global task throttle of 25 will be violated.
2025-07-28 20:33:30 -0500 :: hercules-login-1.hpc.msstate.edu :: Cannot submit gfs_ice_prod_f030, because maximum global task throttle of 25 will be violated.
2025-07-28 20:33:30 -0500 :: hercules-login-1.hpc.msstate.edu :: Cannot submit gfs_ice_prod_f036, because maximum global task throttle of 25 will be violated.
2025-07-28 20:33:30 -0500 :: hercules-login-1.hpc.msstate.edu :: Cannot submit gfs_ice_prod_f042, because maximum global task throttle of 25 will be violated.
2025-07-28 20:33:30 -0500 :: hercules-login-1.hpc.msstate.edu :: Cannot submit gfs_ice_prod_f048, because maximum global task throttle of 25 will be violated.
2025-07-28 20:33:30 -0500 :: hercules-login-1.hpc.msstate.edu :: Cannot submit gfs_ice_prod_f054, because maximum global task throttle of 25 will be violated.
2025-07-28 20:33:30 -0500 :: hercules-login-1.hpc.msstate.edu :: Cannot submit gfs_ice_prod_f060, because maximum global task throttle of 25 will be violated.
2025-07-28 20:33:30 -0500 :: hercules-login-1.hpc.msstate.edu :: Cannot submit gfs_ice_prod_f066, because maximum global task throttle of 25 will be violated.
2025-07-28 20:33:30 -0500 :: hercules-login-1.hpc.msstate.edu :: Cannot submit gfs_ice_prod_f072, because maximum global task throttle of 25 will be violated.
2025-07-28 20:33:30 -0500 :: hercules-login-1.hpc.msstate.edu :: Cannot submit gfs_ice_prod_f078, because maximum global task throttle of 25 will be violated.
2025-07-28 20:33:30 -0500 :: hercules-login-1.hpc.msstate.edu :: Cannot submit gfs_ice_prod_f084, because maximum global task throttle of 25 will be violated.
2025-07-28 20:33:30 -0500 :: hercules-login-1.hpc.msstate.edu :: Cannot submit gfs_ice_prod_f090, because maximum global task throttle of 25 will be violated.
2025-07-28 20:33:30 -0500 :: hercules-login-1.hpc.msstate.edu :: Cannot submit gfs_ice_prod_f096, because maximum global task throttle of 25 will be violated.
2025-07-28 20:33:30 -0500 :: hercules-login-1.hpc.msstate.edu :: Cannot submit gfs_ice_prod_f102, because maximum global task throttle of 25 will be violated.
2025-07-28 20:33:30 -0500 :: hercules-login-1.hpc.msstate.edu :: Cannot submit gfs_ice_prod_f108, because maximum global task throttle of 25 will be violated.
2025-07-28 20:33:30 -0500 :: hercules-login-1.hpc.msstate.edu :: Cannot submit gfs_ice_prod_f114, because maximum global task throttle of 25 will be violated.
2025-07-28 20:33:30 -0500 :: hercules-login-1.hpc.msstate.edu :: Cannot submit gfs_ice_prod_f120, because maximum global task throttle of 25 will be violated.
2025-07-28 20:33:30 -0500 :: hercules-login-1.hpc.msstate.edu :: Cannot submit gfs_wavepostsbs_f033-f035, because maximum global task throttle of 25 will be violated.
2025-07-28 20:33:30 -0500 :: hercules-login-1.hpc.msstate.edu :: Cannot submit gfs_wavepostsbs_f036-f038, because maximum global task throttle of 25 will be violated.
2025-07-28 20:33:30 -0500 :: hercules-login-1.hpc.msstate.edu :: Cannot submit gfs_wavepostsbs_f039-f041, because maximum global task throttle of 25 will be violated.
2025-07-28 20:33:30 -0500 :: hercules-login-1.hpc.msstate.edu :: Cannot submit gfs_wavepostsbs_f042-f044, because maximum global task throttle of 25 will be violated.
2025-07-28 20:33:30 -0500 :: hercules-login-1.hpc.msstate.edu :: Cannot submit gfs_wavepostsbs_f045-f047, because maximum global task throttle of 25 will be violated.
2025-07-28 20:33:30 -0500 :: hercules-login-1.hpc.msstate.edu :: Cannot submit gfs_wavepostsbs_f048-f054, because maximum global task throttle of 25 will be violated.
2025-07-28 20:33:30 -0500 :: hercules-login-1.hpc.msstate.edu :: Cannot submit gfs_wavepostsbs_f057-f063, because maximum global task throttle of 25 will be violated.
2025-07-28 20:33:30 -0500 :: hercules-login-1.hpc.msstate.edu :: Cannot submit gfs_wavepostsbs_f066-f072, because maximum global task throttle of 25 will be violated.
2025-07-28 20:33:30 -0500 :: hercules-login-1.hpc.msstate.edu :: Cannot submit gfs_wavepostsbs_f075-f081, because maximum global task throttle of 25 will be violated.
2025-07-28 20:33:30 -0500 :: hercules-login-1.hpc.msstate.edu :: Cannot submit gfs_wavepostsbs_f084-f090, because maximum global task throttle of 25 will be violated.
2025-07-28 20:33:30 -0500 :: hercules-login-1.hpc.msstate.edu :: Cannot submit gfs_wavepostsbs_f093-f099, because maximum global task throttle of 25 will be violated.
2025-07-28 20:33:30 -0500 :: hercules-login-1.hpc.msstate.edu :: Cannot submit gfs_wavepostsbs_f102-f108, because maximum global task throttle of 25 will be violated.
2025-07-28 20:33:30 -0500 :: hercules-login-1.hpc.msstate.edu :: Cannot submit gfs_wavepostsbs_f111-f114, because maximum global task throttle of 25 will be violated.
2025-07-28 20:33:30 -0500 :: hercules-login-1.hpc.msstate.edu :: Cannot submit gfs_wavepostsbs_f117-f120, because maximum global task throttle of 25 will be violated.
2025-07-28 20:33:30 -0500 :: hercules-login-1.hpc.msstate.edu :: Cannot submit gfs_wavepostbndpnt, because maximum global task throttle of 25 will be violated.
2025-07-28 20:33:30 -0500 :: hercules-login-1.hpc.msstate.edu :: Cannot submit gfs_wavepostbndpntbll, because maximum global task throttle of 25 will be violated.
2025-07-28 20:33:30 -0500 :: hercules-login-1.hpc.msstate.edu :: Cannot submit gfs_wavepostpnt, because maximum global task throttle of 25 will be violated.
2025-07-28 20:39:33 -0500 :: hercules-login-1.hpc.msstate.edu :: Task gfs_atmos_prod_f000-f002, jobid=5950995, in state QUEUED (PENDING)
2025-07-28 20:39:33 -0500 :: hercules-login-1.hpc.msstate.edu :: Task gfs_atmos_prod_f003-f005, jobid=5950996, in state QUEUED (PENDING)
2025-07-28 20:39:33 -0500 :: hercules-login-1.hpc.msstate.edu :: Task gfs_atmos_prod_f006-f008, jobid=5950997, in state QUEUED (PENDING)
2025-07-28 20:39:33 -0500 :: hercules-login-1.hpc.msstate.edu :: Task gfs_atmos_prod_f009-f011, jobid=5950998, in state QUEUED (PENDING)
2025-07-28 20:39:33 -0500 :: hercules-login-1.hpc.msstate.edu :: Task gfs_atmos_prod_f012-f014, jobid=5950999, in state QUEUED (PENDING)
2025-07-28 20:39:33 -0500 :: hercules-login-1.hpc.msstate.edu :: Task gfs_atmos_prod_f015-f017, jobid=5951000, in state QUEUED (PENDING)
2025-07-28 20:39:33 -0500 :: hercules-login-1.hpc.msstate.edu :: Task gfs_atmos_prod_f018-f020, jobid=5951001, in state QUEUED (PENDING)
2025-07-28 20:39:33 -0500 :: hercules-login-1.hpc.msstate.edu :: Task gfs_atmos_prod_f021-f023, jobid=5951060, in state QUEUED (PENDING)
2025-07-28 20:39:33 -0500 :: hercules-login-1.hpc.msstate.edu :: Task gfs_atmos_prod_f024-f026, jobid=5951061, in state QUEUED (PENDING)
2025-07-28 20:39:33 -0500 :: hercules-login-1.hpc.msstate.edu :: Task gfs_atmos_prod_f027-f029, jobid=5951062, in state QUEUED (PENDING)
2025-07-28 20:39:33 -0500 :: hercules-login-1.hpc.msstate.edu :: Task gfs_atmos_prod_f030-f032, jobid=5951063, in state QUEUED (PENDING)
2025-07-28 20:39:33 -0500 :: hercules-login-1.hpc.msstate.edu :: Task gfs_atmos_prod_f033-f035, jobid=5951064, in state QUEUED (PENDING)
2025-07-28 20:39:33 -0500 :: hercules-login-1.hpc.msstate.edu :: Task gfs_atmos_prod_f036-f038, jobid=5951065, in state QUEUED (PENDING)
2025-07-28 20:39:33 -0500 :: hercules-login-1.hpc.msstate.edu :: Task gfs_atmos_prod_f039-f041, jobid=5951115, in state QUEUED (PENDING)
2025-07-28 20:39:33 -0500 :: hercules-login-1.hpc.msstate.edu :: Task gfs_wavepostsbs_f000-f002, jobid=5951006, in state QUEUED (PENDING)
2025-07-28 20:39:33 -0500 :: hercules-login-1.hpc.msstate.edu :: Task gfs_wavepostsbs_f003-f005, jobid=5951007, in state QUEUED (PENDING)
2025-07-28 20:39:33 -0500 :: hercules-login-1.hpc.msstate.edu :: Task gfs_wavepostsbs_f006-f008, jobid=5951008, in state QUEUED (PENDING)
2025-07-28 20:39:33 -0500 :: hercules-login-1.hpc.msstate.edu :: Task gfs_wavepostsbs_f009-f011, jobid=5951009, in state QUEUED (PENDING)
2025-07-28 20:39:33 -0500 :: hercules-login-1.hpc.msstate.edu :: Task gfs_wavepostsbs_f012-f014, jobid=5951010, in state QUEUED (PENDING)
2025-07-28 20:39:33 -0500 :: hercules-login-1.hpc.msstate.edu :: Task gfs_wavepostsbs_f015-f017, jobid=5951011, in state QUEUED (PENDING)
2025-07-28 20:39:33 -0500 :: hercules-login-1.hpc.msstate.edu :: Task gfs_wavepostsbs_f018-f020, jobid=5951012, in state QUEUED (PENDING)
2025-07-28 20:39:33 -0500 :: hercules-login-1.hpc.msstate.edu :: Task gfs_wavepostsbs_f021-f023, jobid=5951013, in state QUEUED (PENDING)
2025-07-28 20:39:33 -0500 :: hercules-login-1.hpc.msstate.edu :: Task gfs_wavepostsbs_f024-f026, jobid=5951014, in state QUEUED (PENDING)
2025-07-28 20:39:33 -0500 :: hercules-login-1.hpc.msstate.edu :: Task gfs_wavepostsbs_f027-f029, jobid=5951015, in state QUEUED (PENDING)
2025-07-28 20:39:33 -0500 :: hercules-login-1.hpc.msstate.edu :: Task gfs_wavepostsbs_f030-f032, jobid=5951016, in state QUEUED (PENDING)
2025-07-28 20:39:33 -0500 :: hercules-login-1.hpc.msstate.edu :: Cannot submit gfs_atmos_prod_f042-f044, because maximum global task throttle of 25 will be violated.
2025-07-28 20:39:33 -0500 :: hercules-login-1.hpc.msstate.edu :: Cannot submit gfs_atmos_prod_f045-f047, because maximum global task throttle of 25 will be violated.
2025-07-28 20:39:33 -0500 :: hercules-login-1.hpc.msstate.edu :: Cannot submit gfs_atmos_prod_f048-f054, because maximum global task throttle of 25 will be violated.
2025-07-28 20:39:33 -0500 :: hercules-login-1.hpc.msstate.edu :: Cannot submit gfs_atmos_prod_f057-f063, because maximum global task throttle of 25 will be violated.
2025-07-28 20:39:33 -0500 :: hercules-login-1.hpc.msstate.edu :: Cannot submit gfs_atmos_prod_f066-f072, because maximum global task throttle of 25 will be violated.
2025-07-28 20:39:33 -0500 :: hercules-login-1.hpc.msstate.edu :: Cannot submit gfs_atmos_prod_f075-f081, because maximum global task throttle of 25 will be violated.
2025-07-28 20:39:33 -0500 :: hercules-login-1.hpc.msstate.edu :: Cannot submit gfs_atmos_prod_f084-f090, because maximum global task throttle of 25 will be violated.
2025-07-28 20:39:33 -0500 :: hercules-login-1.hpc.msstate.edu :: Cannot submit gfs_atmos_prod_f093-f099, because maximum global task throttle of 25 will be violated.
2025-07-28 20:39:33 -0500 :: hercules-login-1.hpc.msstate.edu :: Cannot submit gfs_atmos_prod_f102-f108, because maximum global task throttle of 25 will be violated.
2025-07-28 20:39:33 -0500 :: hercules-login-1.hpc.msstate.edu :: Cannot submit gfs_atmos_prod_f111-f114, because maximum global task throttle of 25 will be violated.
2025-07-28 20:39:33 -0500 :: hercules-login-1.hpc.msstate.edu :: Cannot submit gfs_atmos_prod_f117-f120, because maximum global task throttle of 25 will be violated.
2025-07-28 20:39:33 -0500 :: hercules-login-1.hpc.msstate.edu :: Cannot submit gfs_ocean_prod_f012, because maximum global task throttle of 25 will be violated.
2025-07-28 20:39:33 -0500 :: hercules-login-1.hpc.msstate.edu :: Cannot submit gfs_ocean_prod_f018, because maximum global task throttle of 25 will be violated.
2025-07-28 20:39:33 -0500 :: hercules-login-1.hpc.msstate.edu :: Cannot submit gfs_ocean_prod_f024, because maximum global task throttle of 25 will be violated.
2025-07-28 20:39:33 -0500 :: hercules-login-1.hpc.msstate.edu :: Cannot submit gfs_ocean_prod_f030, because maximum global task throttle of 25 will be violated.
2025-07-28 20:39:33 -0500 :: hercules-login-1.hpc.msstate.edu :: Cannot submit gfs_ocean_prod_f036, because maximum global task throttle of 25 will be violated.
2025-07-28 20:39:33 -0500 :: hercules-login-1.hpc.msstate.edu :: Cannot submit gfs_ocean_prod_f042, because maximum global task throttle of 25 will be violated.
2025-07-28 20:39:33 -0500 :: hercules-login-1.hpc.msstate.edu :: Cannot submit gfs_ocean_prod_f048, because maximum global task throttle of 25 will be violated.
2025-07-28 20:39:33 -0500 :: hercules-login-1.hpc.msstate.edu :: Cannot submit gfs_ocean_prod_f054, because maximum global task throttle of 25 will be violated.
2025-07-28 20:39:33 -0500 :: hercules-login-1.hpc.msstate.edu :: Cannot submit gfs_ocean_prod_f060, because maximum global task throttle of 25 will be violated.
2025-07-28 20:39:33 -0500 :: hercules-login-1.hpc.msstate.edu :: Cannot submit gfs_ocean_prod_f066, because maximum global task throttle of 25 will be violated.
2025-07-28 20:39:33 -0500 :: hercules-login-1.hpc.msstate.edu :: Cannot submit gfs_ocean_prod_f072, because maximum global task throttle of 25 will be violated.
2025-07-28 20:39:33 -0500 :: hercules-login-1.hpc.msstate.edu :: Cannot submit gfs_ocean_prod_f078, because maximum global task throttle of 25 will be violated.
2025-07-28 20:39:33 -0500 :: hercules-login-1.hpc.msstate.edu :: Cannot submit gfs_ocean_prod_f084, because maximum global task throttle of 25 will be violated.
2025-07-28 20:39:33 -0500 :: hercules-login-1.hpc.msstate.edu :: Cannot submit gfs_ocean_prod_f090, because maximum global task throttle of 25 will be violated.
2025-07-28 20:39:33 -0500 :: hercules-login-1.hpc.msstate.edu :: Cannot submit gfs_ocean_prod_f096, because maximum global task throttle of 25 will be violated.
2025-07-28 20:39:33 -0500 :: hercules-login-1.hpc.msstate.edu :: Cannot submit gfs_ocean_prod_f102, because maximum global task throttle of 25 will be violated.
2025-07-28 20:39:33 -0500 :: hercules-login-1.hpc.msstate.edu :: Cannot submit gfs_ocean_prod_f108, because maximum global task throttle of 25 will be violated.
2025-07-28 20:39:33 -0500 :: hercules-login-1.hpc.msstate.edu :: Cannot submit gfs_ocean_prod_f114, because maximum global task throttle of 25 will be violated.
2025-07-28 20:39:33 -0500 :: hercules-login-1.hpc.msstate.edu :: Cannot submit gfs_ocean_prod_f120, because maximum global task throttle of 25 will be violated.
2025-07-28 20:39:33 -0500 :: hercules-login-1.hpc.msstate.edu :: Cannot submit gfs_ice_prod_f024, because maximum global task throttle of 25 will be violated.
2025-07-28 20:39:33 -0500 :: hercules-login-1.hpc.msstate.edu :: Cannot submit gfs_ice_prod_f030, because maximum global task throttle of 25 will be violated.
2025-07-28 20:39:33 -0500 :: hercules-login-1.hpc.msstate.edu :: Cannot submit gfs_ice_prod_f036, because maximum global task throttle of 25 will be violated.
2025-07-28 20:39:33 -0500 :: hercules-login-1.hpc.msstate.edu :: Cannot submit gfs_ice_prod_f042, because maximum global task throttle of 25 will be violated.
2025-07-28 20:39:33 -0500 :: hercules-login-1.hpc.msstate.edu :: Cannot submit gfs_ice_prod_f048, because maximum global task throttle of 25 will be violated.
2025-07-28 20:39:33 -0500 :: hercules-login-1.hpc.msstate.edu :: Cannot submit gfs_ice_prod_f054, because maximum global task throttle of 25 will be violated.
2025-07-28 20:39:33 -0500 :: hercules-login-1.hpc.msstate.edu :: Cannot submit gfs_ice_prod_f060, because maximum global task throttle of 25 will be violated.
2025-07-28 20:39:33 -0500 :: hercules-login-1.hpc.msstate.edu :: Cannot submit gfs_ice_prod_f066, because maximum global task throttle of 25 will be violated.
2025-07-28 20:39:33 -0500 :: hercules-login-1.hpc.msstate.edu :: Cannot submit gfs_ice_prod_f072, because maximum global task throttle of 25 will be violated.
2025-07-28 20:39:33 -0500 :: hercules-login-1.hpc.msstate.edu :: Cannot submit gfs_ice_prod_f078, because maximum global task throttle of 25 will be violated.
2025-07-28 20:39:33 -0500 :: hercules-login-1.hpc.msstate.edu :: Cannot submit gfs_ice_prod_f084, because maximum global task throttle of 25 will be violated.
2025-07-28 20:39:33 -0500 :: hercules-login-1.hpc.msstate.edu :: Cannot submit gfs_ice_prod_f090, because maximum global task throttle of 25 will be violated.
2025-07-28 20:39:33 -0500 :: hercules-login-1.hpc.msstate.edu :: Cannot submit gfs_ice_prod_f096, because maximum global task throttle of 25 will be violated.
2025-07-28 20:39:33 -0500 :: hercules-login-1.hpc.msstate.edu :: Cannot submit gfs_ice_prod_f102, because maximum global task throttle of 25 will be violated.
2025-07-28 20:39:33 -0500 :: hercules-login-1.hpc.msstate.edu :: Cannot submit gfs_ice_prod_f108, because maximum global task throttle of 25 will be violated.
2025-07-28 20:39:33 -0500 :: hercules-login-1.hpc.msstate.edu :: Cannot submit gfs_ice_prod_f114, because maximum global task throttle of 25 will be violated.
2025-07-28 20:39:33 -0500 :: hercules-login-1.hpc.msstate.edu :: Cannot submit gfs_ice_prod_f120, because maximum global task throttle of 25 will be violated.
2025-07-28 20:39:33 -0500 :: hercules-login-1.hpc.msstate.edu :: Cannot submit gfs_wavepostsbs_f033-f035, because maximum global task throttle of 25 will be violated.
2025-07-28 20:39:33 -0500 :: hercules-login-1.hpc.msstate.edu :: Cannot submit gfs_wavepostsbs_f036-f038, because maximum global task throttle of 25 will be violated.
2025-07-28 20:39:33 -0500 :: hercules-login-1.hpc.msstate.edu :: Cannot submit gfs_wavepostsbs_f039-f041, because maximum global task throttle of 25 will be violated.
2025-07-28 20:39:33 -0500 :: hercules-login-1.hpc.msstate.edu :: Cannot submit gfs_wavepostsbs_f042-f044, because maximum global task throttle of 25 will be violated.
2025-07-28 20:39:33 -0500 :: hercules-login-1.hpc.msstate.edu :: Cannot submit gfs_wavepostsbs_f045-f047, because maximum global task throttle of 25 will be violated.
2025-07-28 20:39:33 -0500 :: hercules-login-1.hpc.msstate.edu :: Cannot submit gfs_wavepostsbs_f048-f054, because maximum global task throttle of 25 will be violated.
2025-07-28 20:39:33 -0500 :: hercules-login-1.hpc.msstate.edu :: Cannot submit gfs_wavepostsbs_f057-f063, because maximum global task throttle of 25 will be violated.
2025-07-28 20:39:33 -0500 :: hercules-login-1.hpc.msstate.edu :: Cannot submit gfs_wavepostsbs_f066-f072, because maximum global task throttle of 25 will be violated.
2025-07-28 20:39:33 -0500 :: hercules-login-1.hpc.msstate.edu :: Cannot submit gfs_wavepostsbs_f075-f081, because maximum global task throttle of 25 will be violated.
2025-07-28 20:39:33 -0500 :: hercules-login-1.hpc.msstate.edu :: Cannot submit gfs_wavepostsbs_f084-f090, because maximum global task throttle of 25 will be violated.
2025-07-28 20:39:33 -0500 :: hercules-login-1.hpc.msstate.edu :: Cannot submit gfs_wavepostsbs_f093-f099, because maximum global task throttle of 25 will be violated.
2025-07-28 20:39:33 -0500 :: hercules-login-1.hpc.msstate.edu :: Cannot submit gfs_wavepostsbs_f102-f108, because maximum global task throttle of 25 will be violated.
2025-07-28 20:39:33 -0500 :: hercules-login-1.hpc.msstate.edu :: Cannot submit gfs_wavepostsbs_f111-f114, because maximum global task throttle of 25 will be violated.
2025-07-28 20:39:33 -0500 :: hercules-login-1.hpc.msstate.edu :: Cannot submit gfs_wavepostsbs_f117-f120, because maximum global task throttle of 25 will be violated.
2025-07-28 20:39:33 -0500 :: hercules-login-1.hpc.msstate.edu :: Cannot submit gfs_wavepostbndpnt, because maximum global task throttle of 25 will be violated.
2025-07-28 20:39:33 -0500 :: hercules-login-1.hpc.msstate.edu :: Cannot submit gfs_wavepostbndpntbll, because maximum global task throttle of 25 will be violated.
2025-07-28 20:39:33 -0500 :: hercules-login-1.hpc.msstate.edu :: Cannot submit gfs_wavepostpnt, because maximum global task throttle of 25 will be violated.
2025-07-28 20:45:36 -0500 :: hercules-login-1.hpc.msstate.edu :: Task gfs_atmos_prod_f000-f002, jobid=5950995, in state RUNNING (RUNNING)
2025-07-28 20:45:36 -0500 :: hercules-login-1.hpc.msstate.edu :: Task gfs_atmos_prod_f003-f005, jobid=5950996, in state QUEUED (PENDING)
2025-07-28 20:45:36 -0500 :: hercules-login-1.hpc.msstate.edu :: Task gfs_atmos_prod_f006-f008, jobid=5950997, in state QUEUED (PENDING)
2025-07-28 20:45:36 -0500 :: hercules-login-1.hpc.msstate.edu :: Task gfs_atmos_prod_f009-f011, jobid=5950998, in state QUEUED (PENDING)
2025-07-28 20:45:36 -0500 :: hercules-login-1.hpc.msstate.edu :: Task gfs_atmos_prod_f012-f014, jobid=5950999, in state QUEUED (PENDING)
2025-07-28 20:45:36 -0500 :: hercules-login-1.hpc.msstate.edu :: Task gfs_atmos_prod_f015-f017, jobid=5951000, in state QUEUED (PENDING)
2025-07-28 20:45:36 -0500 :: hercules-login-1.hpc.msstate.edu :: Task gfs_atmos_prod_f018-f020, jobid=5951001, in state QUEUED (PENDING)
2025-07-28 20:45:36 -0500 :: hercules-login-1.hpc.msstate.edu :: Task gfs_atmos_prod_f021-f023, jobid=5951060, in state QUEUED (PENDING)
2025-07-28 20:45:36 -0500 :: hercules-login-1.hpc.msstate.edu :: Task gfs_atmos_prod_f024-f026, jobid=5951061, in state QUEUED (PENDING)
2025-07-28 20:45:36 -0500 :: hercules-login-1.hpc.msstate.edu :: Task gfs_atmos_prod_f027-f029, jobid=5951062, in state QUEUED (PENDING)
2025-07-28 20:45:36 -0500 :: hercules-login-1.hpc.msstate.edu :: Task gfs_atmos_prod_f030-f032, jobid=5951063, in state QUEUED (PENDING)
2025-07-28 20:45:36 -0500 :: hercules-login-1.hpc.msstate.edu :: Task gfs_atmos_prod_f033-f035, jobid=5951064, in state QUEUED (PENDING)
2025-07-28 20:45:36 -0500 :: hercules-login-1.hpc.msstate.edu :: Task gfs_atmos_prod_f036-f038, jobid=5951065, in state QUEUED (PENDING)
2025-07-28 20:45:36 -0500 :: hercules-login-1.hpc.msstate.edu :: Task gfs_atmos_prod_f039-f041, jobid=5951115, in state QUEUED (PENDING)
2025-07-28 20:45:36 -0500 :: hercules-login-1.hpc.msstate.edu :: Task gfs_wavepostsbs_f000-f002, jobid=5951006, in state QUEUED (PENDING)
2025-07-28 20:45:36 -0500 :: hercules-login-1.hpc.msstate.edu :: Task gfs_wavepostsbs_f003-f005, jobid=5951007, in state QUEUED (PENDING)
2025-07-28 20:45:36 -0500 :: hercules-login-1.hpc.msstate.edu :: Task gfs_wavepostsbs_f006-f008, jobid=5951008, in state QUEUED (PENDING)
2025-07-28 20:45:36 -0500 :: hercules-login-1.hpc.msstate.edu :: Task gfs_wavepostsbs_f009-f011, jobid=5951009, in state QUEUED (PENDING)
2025-07-28 20:45:36 -0500 :: hercules-login-1.hpc.msstate.edu :: Task gfs_wavepostsbs_f012-f014, jobid=5951010, in state QUEUED (PENDING)
2025-07-28 20:45:36 -0500 :: hercules-login-1.hpc.msstate.edu :: Task gfs_wavepostsbs_f015-f017, jobid=5951011, in state QUEUED (PENDING)
2025-07-28 20:45:36 -0500 :: hercules-login-1.hpc.msstate.edu :: Task gfs_wavepostsbs_f018-f020, jobid=5951012, in state QUEUED (PENDING)
2025-07-28 20:45:36 -0500 :: hercules-login-1.hpc.msstate.edu :: Task gfs_wavepostsbs_f021-f023, jobid=5951013, in state QUEUED (PENDING)
2025-07-28 20:45:36 -0500 :: hercules-login-1.hpc.msstate.edu :: Task gfs_wavepostsbs_f024-f026, jobid=5951014, in state QUEUED (PENDING)
2025-07-28 20:45:36 -0500 :: hercules-login-1.hpc.msstate.edu :: Task gfs_wavepostsbs_f027-f029, jobid=5951015, in state QUEUED (PENDING)
2025-07-28 20:45:36 -0500 :: hercules-login-1.hpc.msstate.edu :: Task gfs_wavepostsbs_f030-f032, jobid=5951016, in state QUEUED (PENDING)
2025-07-28 20:45:36 -0500 :: hercules-login-1.hpc.msstate.edu :: Cannot submit gfs_atmos_prod_f042-f044, because maximum global task throttle of 25 will be violated.
2025-07-28 20:45:36 -0500 :: hercules-login-1.hpc.msstate.edu :: Cannot submit gfs_atmos_prod_f045-f047, because maximum global task throttle of 25 will be violated.
2025-07-28 20:45:36 -0500 :: hercules-login-1.hpc.msstate.edu :: Cannot submit gfs_atmos_prod_f048-f054, because maximum global task throttle of 25 will be violated.
2025-07-28 20:45:36 -0500 :: hercules-login-1.hpc.msstate.edu :: Cannot submit gfs_atmos_prod_f057-f063, because maximum global task throttle of 25 will be violated.
2025-07-28 20:45:36 -0500 :: hercules-login-1.hpc.msstate.edu :: Cannot submit gfs_atmos_prod_f066-f072, because maximum global task throttle of 25 will be violated.
2025-07-28 20:45:36 -0500 :: hercules-login-1.hpc.msstate.edu :: Cannot submit gfs_atmos_prod_f075-f081, because maximum global task throttle of 25 will be violated.
2025-07-28 20:45:36 -0500 :: hercules-login-1.hpc.msstate.edu :: Cannot submit gfs_atmos_prod_f084-f090, because maximum global task throttle of 25 will be violated.
2025-07-28 20:45:36 -0500 :: hercules-login-1.hpc.msstate.edu :: Cannot submit gfs_atmos_prod_f093-f099, because maximum global task throttle of 25 will be violated.
2025-07-28 20:45:36 -0500 :: hercules-login-1.hpc.msstate.edu :: Cannot submit gfs_atmos_prod_f102-f108, because maximum global task throttle of 25 will be violated.
2025-07-28 20:45:36 -0500 :: hercules-login-1.hpc.msstate.edu :: Cannot submit gfs_atmos_prod_f111-f114, because maximum global task throttle of 25 will be violated.
2025-07-28 20:45:36 -0500 :: hercules-login-1.hpc.msstate.edu :: Cannot submit gfs_atmos_prod_f117-f120, because maximum global task throttle of 25 will be violated.
2025-07-28 20:45:36 -0500 :: hercules-login-1.hpc.msstate.edu :: Cannot submit gfs_ocean_prod_f012, because maximum global task throttle of 25 will be violated.
2025-07-28 20:45:36 -0500 :: hercules-login-1.hpc.msstate.edu :: Cannot submit gfs_ocean_prod_f018, because maximum global task throttle of 25 will be violated.
2025-07-28 20:45:36 -0500 :: hercules-login-1.hpc.msstate.edu :: Cannot submit gfs_ocean_prod_f024, because maximum global task throttle of 25 will be violated.
2025-07-28 20:45:36 -0500 :: hercules-login-1.hpc.msstate.edu :: Cannot submit gfs_ocean_prod_f030, because maximum global task throttle of 25 will be violated.
2025-07-28 20:45:36 -0500 :: hercules-login-1.hpc.msstate.edu :: Cannot submit gfs_ocean_prod_f036, because maximum global task throttle of 25 will be violated.
2025-07-28 20:45:36 -0500 :: hercules-login-1.hpc.msstate.edu :: Cannot submit gfs_ocean_prod_f042, because maximum global task throttle of 25 will be violated.
2025-07-28 20:45:36 -0500 :: hercules-login-1.hpc.msstate.edu :: Cannot submit gfs_ocean_prod_f048, because maximum global task throttle of 25 will be violated.
2025-07-28 20:45:36 -0500 :: hercules-login-1.hpc.msstate.edu :: Cannot submit gfs_ocean_prod_f054, because maximum global task throttle of 25 will be violated.
2025-07-28 20:45:36 -0500 :: hercules-login-1.hpc.msstate.edu :: Cannot submit gfs_ocean_prod_f060, because maximum global task throttle of 25 will be violated.
2025-07-28 20:45:36 -0500 :: hercules-login-1.hpc.msstate.edu :: Cannot submit gfs_ocean_prod_f066, because maximum global task throttle of 25 will be violated.
2025-07-28 20:45:36 -0500 :: hercules-login-1.hpc.msstate.edu :: Cannot submit gfs_ocean_prod_f072, because maximum global task throttle of 25 will be violated.
2025-07-28 20:45:36 -0500 :: hercules-login-1.hpc.msstate.edu :: Cannot submit gfs_ocean_prod_f078, because maximum global task throttle of 25 will be violated.
2025-07-28 20:45:36 -0500 :: hercules-login-1.hpc.msstate.edu :: Cannot submit gfs_ocean_prod_f084, because maximum global task throttle of 25 will be violated.
2025-07-28 20:45:36 -0500 :: hercules-login-1.hpc.msstate.edu :: Cannot submit gfs_ocean_prod_f090, because maximum global task throttle of 25 will be violated.
2025-07-28 20:45:36 -0500 :: hercules-login-1.hpc.msstate.edu :: Cannot submit gfs_ocean_prod_f096, because maximum global task throttle of 25 will be violated.
2025-07-28 20:45:36 -0500 :: hercules-login-1.hpc.msstate.edu :: Cannot submit gfs_ocean_prod_f102, because maximum global task throttle of 25 will be violated.
2025-07-28 20:45:36 -0500 :: hercules-login-1.hpc.msstate.edu :: Cannot submit gfs_ocean_prod_f108, because maximum global task throttle of 25 will be violated.
2025-07-28 20:45:36 -0500 :: hercules-login-1.hpc.msstate.edu :: Cannot submit gfs_ocean_prod_f114, because maximum global task throttle of 25 will be violated.
2025-07-28 20:45:36 -0500 :: hercules-login-1.hpc.msstate.edu :: Cannot submit gfs_ocean_prod_f120, because maximum global task throttle of 25 will be violated.
2025-07-28 20:45:36 -0500 :: hercules-login-1.hpc.msstate.edu :: Cannot submit gfs_ice_prod_f024, because maximum global task throttle of 25 will be violated.
2025-07-28 20:45:36 -0500 :: hercules-login-1.hpc.msstate.edu :: Cannot submit gfs_ice_prod_f030, because maximum global task throttle of 25 will be violated.
2025-07-28 20:45:36 -0500 :: hercules-login-1.hpc.msstate.edu :: Cannot submit gfs_ice_prod_f036, because maximum global task throttle of 25 will be violated.
2025-07-28 20:45:36 -0500 :: hercules-login-1.hpc.msstate.edu :: Cannot submit gfs_ice_prod_f042, because maximum global task throttle of 25 will be violated.
2025-07-28 20:45:36 -0500 :: hercules-login-1.hpc.msstate.edu :: Cannot submit gfs_ice_prod_f048, because maximum global task throttle of 25 will be violated.
2025-07-28 20:45:36 -0500 :: hercules-login-1.hpc.msstate.edu :: Cannot submit gfs_ice_prod_f054, because maximum global task throttle of 25 will be violated.
2025-07-28 20:45:36 -0500 :: hercules-login-1.hpc.msstate.edu :: Cannot submit gfs_ice_prod_f060, because maximum global task throttle of 25 will be violated.
2025-07-28 20:45:36 -0500 :: hercules-login-1.hpc.msstate.edu :: Cannot submit gfs_ice_prod_f066, because maximum global task throttle of 25 will be violated.
2025-07-28 20:45:36 -0500 :: hercules-login-1.hpc.msstate.edu :: Cannot submit gfs_ice_prod_f072, because maximum global task throttle of 25 will be violated.
2025-07-28 20:45:36 -0500 :: hercules-login-1.hpc.msstate.edu :: Cannot submit gfs_ice_prod_f078, because maximum global task throttle of 25 will be violated.
2025-07-28 20:45:36 -0500 :: hercules-login-1.hpc.msstate.edu :: Cannot submit gfs_ice_prod_f084, because maximum global task throttle of 25 will be violated.
2025-07-28 20:45:36 -0500 :: hercules-login-1.hpc.msstate.edu :: Cannot submit gfs_ice_prod_f090, because maximum global task throttle of 25 will be violated.
2025-07-28 20:45:36 -0500 :: hercules-login-1.hpc.msstate.edu :: Cannot submit gfs_ice_prod_f096, because maximum global task throttle of 25 will be violated.
2025-07-28 20:45:36 -0500 :: hercules-login-1.hpc.msstate.edu :: Cannot submit gfs_ice_prod_f102, because maximum global task throttle of 25 will be violated.
2025-07-28 20:45:36 -0500 :: hercules-login-1.hpc.msstate.edu :: Cannot submit gfs_ice_prod_f108, because maximum global task throttle of 25 will be violated.
2025-07-28 20:45:36 -0500 :: hercules-login-1.hpc.msstate.edu :: Cannot submit gfs_ice_prod_f114, because maximum global task throttle of 25 will be violated.
2025-07-28 20:45:36 -0500 :: hercules-login-1.hpc.msstate.edu :: Cannot submit gfs_ice_prod_f120, because maximum global task throttle of 25 will be violated.
2025-07-28 20:45:36 -0500 :: hercules-login-1.hpc.msstate.edu :: Cannot submit gfs_wavepostsbs_f033-f035, because maximum global task throttle of 25 will be violated.
2025-07-28 20:45:36 -0500 :: hercules-login-1.hpc.msstate.edu :: Cannot submit gfs_wavepostsbs_f036-f038, because maximum global task throttle of 25 will be violated.
2025-07-28 20:45:36 -0500 :: hercules-login-1.hpc.msstate.edu :: Cannot submit gfs_wavepostsbs_f039-f041, because maximum global task throttle of 25 will be violated.
2025-07-28 20:45:36 -0500 :: hercules-login-1.hpc.msstate.edu :: Cannot submit gfs_wavepostsbs_f042-f044, because maximum global task throttle of 25 will be violated.
2025-07-28 20:45:36 -0500 :: hercules-login-1.hpc.msstate.edu :: Cannot submit gfs_wavepostsbs_f045-f047, because maximum global task throttle of 25 will be violated.
2025-07-28 20:45:36 -0500 :: hercules-login-1.hpc.msstate.edu :: Cannot submit gfs_wavepostsbs_f048-f054, because maximum global task throttle of 25 will be violated.
2025-07-28 20:45:36 -0500 :: hercules-login-1.hpc.msstate.edu :: Cannot submit gfs_wavepostsbs_f057-f063, because maximum global task throttle of 25 will be violated.
2025-07-28 20:45:36 -0500 :: hercules-login-1.hpc.msstate.edu :: Cannot submit gfs_wavepostsbs_f066-f072, because maximum global task throttle of 25 will be violated.
2025-07-28 20:45:36 -0500 :: hercules-login-1.hpc.msstate.edu :: Cannot submit gfs_wavepostsbs_f075-f081, because maximum global task throttle of 25 will be violated.
2025-07-28 20:45:36 -0500 :: hercules-login-1.hpc.msstate.edu :: Cannot submit gfs_wavepostsbs_f084-f090, because maximum global task throttle of 25 will be violated.
2025-07-28 20:45:36 -0500 :: hercules-login-1.hpc.msstate.edu :: Cannot submit gfs_wavepostsbs_f093-f099, because maximum global task throttle of 25 will be violated.
2025-07-28 20:45:36 -0500 :: hercules-login-1.hpc.msstate.edu :: Cannot submit gfs_wavepostsbs_f102-f108, because maximum global task throttle of 25 will be violated.
2025-07-28 20:45:36 -0500 :: hercules-login-1.hpc.msstate.edu :: Cannot submit gfs_wavepostsbs_f111-f114, because maximum global task throttle of 25 will be violated.
2025-07-28 20:45:36 -0500 :: hercules-login-1.hpc.msstate.edu :: Cannot submit gfs_wavepostsbs_f117-f120, because maximum global task throttle of 25 will be violated.
2025-07-28 20:45:36 -0500 :: hercules-login-1.hpc.msstate.edu :: Cannot submit gfs_wavepostbndpnt, because maximum global task throttle of 25 will be violated.
2025-07-28 20:45:36 -0500 :: hercules-login-1.hpc.msstate.edu :: Cannot submit gfs_wavepostbndpntbll, because maximum global task throttle of 25 will be violated.
2025-07-28 20:45:36 -0500 :: hercules-login-1.hpc.msstate.edu :: Cannot submit gfs_wavepostpnt, because maximum global task throttle of 25 will be violated.
2025-07-28 20:51:39 -0500 :: hercules-login-1.hpc.msstate.edu :: Task gfs_atmos_prod_f000-f002, jobid=5950995, in state SUCCEEDED (COMPLETED), ran for 267.0 seconds, exit status=0, try=1 (of 2)
2025-07-28 20:51:39 -0500 :: hercules-login-1.hpc.msstate.edu :: Task gfs_atmos_prod_f003-f005, jobid=5950996, in state QUEUED (PENDING)
2025-07-28 20:51:39 -0500 :: hercules-login-1.hpc.msstate.edu :: Task gfs_atmos_prod_f006-f008, jobid=5950997, in state QUEUED (PENDING)
2025-07-28 20:51:39 -0500 :: hercules-login-1.hpc.msstate.edu :: Task gfs_atmos_prod_f009-f011, jobid=5950998, in state QUEUED (PENDING)
2025-07-28 20:51:39 -0500 :: hercules-login-1.hpc.msstate.edu :: Task gfs_atmos_prod_f012-f014, jobid=5950999, in state QUEUED (PENDING)
2025-07-28 20:51:39 -0500 :: hercules-login-1.hpc.msstate.edu :: Task gfs_atmos_prod_f015-f017, jobid=5951000, in state QUEUED (PENDING)
2025-07-28 20:51:39 -0500 :: hercules-login-1.hpc.msstate.edu :: Task gfs_atmos_prod_f018-f020, jobid=5951001, in state QUEUED (PENDING)
2025-07-28 20:51:39 -0500 :: hercules-login-1.hpc.msstate.edu :: Task gfs_atmos_prod_f021-f023, jobid=5951060, in state QUEUED (PENDING)
2025-07-28 20:51:39 -0500 :: hercules-login-1.hpc.msstate.edu :: Task gfs_atmos_prod_f024-f026, jobid=5951061, in state QUEUED (PENDING)
2025-07-28 20:51:39 -0500 :: hercules-login-1.hpc.msstate.edu :: Task gfs_atmos_prod_f027-f029, jobid=5951062, in state QUEUED (PENDING)
2025-07-28 20:51:39 -0500 :: hercules-login-1.hpc.msstate.edu :: Task gfs_atmos_prod_f030-f032, jobid=5951063, in state QUEUED (PENDING)
2025-07-28 20:51:39 -0500 :: hercules-login-1.hpc.msstate.edu :: Task gfs_atmos_prod_f033-f035, jobid=5951064, in state QUEUED (PENDING)
2025-07-28 20:51:39 -0500 :: hercules-login-1.hpc.msstate.edu :: Task gfs_atmos_prod_f036-f038, jobid=5951065, in state QUEUED (PENDING)
2025-07-28 20:51:39 -0500 :: hercules-login-1.hpc.msstate.edu :: Task gfs_atmos_prod_f039-f041, jobid=5951115, in state QUEUED (PENDING)
2025-07-28 20:51:39 -0500 :: hercules-login-1.hpc.msstate.edu :: Task gfs_wavepostsbs_f000-f002, jobid=5951006, in state QUEUED (PENDING)
2025-07-28 20:51:39 -0500 :: hercules-login-1.hpc.msstate.edu :: Task gfs_wavepostsbs_f003-f005, jobid=5951007, in state QUEUED (PENDING)
2025-07-28 20:51:39 -0500 :: hercules-login-1.hpc.msstate.edu :: Task gfs_wavepostsbs_f006-f008, jobid=5951008, in state QUEUED (PENDING)
2025-07-28 20:51:39 -0500 :: hercules-login-1.hpc.msstate.edu :: Task gfs_wavepostsbs_f009-f011, jobid=5951009, in state QUEUED (PENDING)
2025-07-28 20:51:39 -0500 :: hercules-login-1.hpc.msstate.edu :: Task gfs_wavepostsbs_f012-f014, jobid=5951010, in state QUEUED (PENDING)
2025-07-28 20:51:39 -0500 :: hercules-login-1.hpc.msstate.edu :: Task gfs_wavepostsbs_f015-f017, jobid=5951011, in state QUEUED (PENDING)
2025-07-28 20:51:39 -0500 :: hercules-login-1.hpc.msstate.edu :: Task gfs_wavepostsbs_f018-f020, jobid=5951012, in state QUEUED (PENDING)
2025-07-28 20:51:39 -0500 :: hercules-login-1.hpc.msstate.edu :: Task gfs_wavepostsbs_f021-f023, jobid=5951013, in state QUEUED (PENDING)
2025-07-28 20:51:39 -0500 :: hercules-login-1.hpc.msstate.edu :: Task gfs_wavepostsbs_f024-f026, jobid=5951014, in state QUEUED (PENDING)
2025-07-28 20:51:39 -0500 :: hercules-login-1.hpc.msstate.edu :: Task gfs_wavepostsbs_f027-f029, jobid=5951015, in state QUEUED (PENDING)
2025-07-28 20:51:39 -0500 :: hercules-login-1.hpc.msstate.edu :: Task gfs_wavepostsbs_f030-f032, jobid=5951016, in state QUEUED (PENDING)
2025-07-28 20:51:39 -0500 :: hercules-login-1.hpc.msstate.edu :: Submitting gfs_atmos_prod_f042-f044
2025-07-28 20:51:39 -0500 :: hercules-login-1.hpc.msstate.edu :: Cannot submit gfs_atmos_prod_f045-f047, because maximum global task throttle of 25 will be violated.
2025-07-28 20:51:39 -0500 :: hercules-login-1.hpc.msstate.edu :: Cannot submit gfs_atmos_prod_f048-f054, because maximum global task throttle of 25 will be violated.
2025-07-28 20:51:39 -0500 :: hercules-login-1.hpc.msstate.edu :: Cannot submit gfs_atmos_prod_f057-f063, because maximum global task throttle of 25 will be violated.
2025-07-28 20:51:39 -0500 :: hercules-login-1.hpc.msstate.edu :: Cannot submit gfs_atmos_prod_f066-f072, because maximum global task throttle of 25 will be violated.
2025-07-28 20:51:39 -0500 :: hercules-login-1.hpc.msstate.edu :: Cannot submit gfs_atmos_prod_f075-f081, because maximum global task throttle of 25 will be violated.
2025-07-28 20:51:39 -0500 :: hercules-login-1.hpc.msstate.edu :: Cannot submit gfs_atmos_prod_f084-f090, because maximum global task throttle of 25 will be violated.
2025-07-28 20:51:39 -0500 :: hercules-login-1.hpc.msstate.edu :: Cannot submit gfs_atmos_prod_f093-f099, because maximum global task throttle of 25 will be violated.
2025-07-28 20:51:39 -0500 :: hercules-login-1.hpc.msstate.edu :: Cannot submit gfs_atmos_prod_f102-f108, because maximum global task throttle of 25 will be violated.
2025-07-28 20:51:39 -0500 :: hercules-login-1.hpc.msstate.edu :: Cannot submit gfs_atmos_prod_f111-f114, because maximum global task throttle of 25 will be violated.
2025-07-28 20:51:39 -0500 :: hercules-login-1.hpc.msstate.edu :: Cannot submit gfs_atmos_prod_f117-f120, because maximum global task throttle of 25 will be violated.
2025-07-28 20:51:39 -0500 :: hercules-login-1.hpc.msstate.edu :: Cannot submit gfs_ocean_prod_f012, because maximum global task throttle of 25 will be violated.
2025-07-28 20:51:39 -0500 :: hercules-login-1.hpc.msstate.edu :: Cannot submit gfs_ocean_prod_f018, because maximum global task throttle of 25 will be violated.
2025-07-28 20:51:39 -0500 :: hercules-login-1.hpc.msstate.edu :: Cannot submit gfs_ocean_prod_f024, because maximum global task throttle of 25 will be violated.
2025-07-28 20:51:39 -0500 :: hercules-login-1.hpc.msstate.edu :: Cannot submit gfs_ocean_prod_f030, because maximum global task throttle of 25 will be violated.
2025-07-28 20:51:39 -0500 :: hercules-login-1.hpc.msstate.edu :: Cannot submit gfs_ocean_prod_f036, because maximum global task throttle of 25 will be violated.
2025-07-28 20:51:39 -0500 :: hercules-login-1.hpc.msstate.edu :: Cannot submit gfs_ocean_prod_f042, because maximum global task throttle of 25 will be violated.
2025-07-28 20:51:39 -0500 :: hercules-login-1.hpc.msstate.edu :: Cannot submit gfs_ocean_prod_f048, because maximum global task throttle of 25 will be violated.
2025-07-28 20:51:39 -0500 :: hercules-login-1.hpc.msstate.edu :: Cannot submit gfs_ocean_prod_f054, because maximum global task throttle of 25 will be violated.
2025-07-28 20:51:39 -0500 :: hercules-login-1.hpc.msstate.edu :: Cannot submit gfs_ocean_prod_f060, because maximum global task throttle of 25 will be violated.
2025-07-28 20:51:39 -0500 :: hercules-login-1.hpc.msstate.edu :: Cannot submit gfs_ocean_prod_f066, because maximum global task throttle of 25 will be violated.
2025-07-28 20:51:39 -0500 :: hercules-login-1.hpc.msstate.edu :: Cannot submit gfs_ocean_prod_f072, because maximum global task throttle of 25 will be violated.
2025-07-28 20:51:39 -0500 :: hercules-login-1.hpc.msstate.edu :: Cannot submit gfs_ocean_prod_f078, because maximum global task throttle of 25 will be violated.
2025-07-28 20:51:39 -0500 :: hercules-login-1.hpc.msstate.edu :: Cannot submit gfs_ocean_prod_f084, because maximum global task throttle of 25 will be violated.
2025-07-28 20:51:39 -0500 :: hercules-login-1.hpc.msstate.edu :: Cannot submit gfs_ocean_prod_f090, because maximum global task throttle of 25 will be violated.
2025-07-28 20:51:39 -0500 :: hercules-login-1.hpc.msstate.edu :: Cannot submit gfs_ocean_prod_f096, because maximum global task throttle of 25 will be violated.
2025-07-28 20:51:39 -0500 :: hercules-login-1.hpc.msstate.edu :: Cannot submit gfs_ocean_prod_f102, because maximum global task throttle of 25 will be violated.
2025-07-28 20:51:39 -0500 :: hercules-login-1.hpc.msstate.edu :: Cannot submit gfs_ocean_prod_f108, because maximum global task throttle of 25 will be violated.
2025-07-28 20:51:39 -0500 :: hercules-login-1.hpc.msstate.edu :: Cannot submit gfs_ocean_prod_f114, because maximum global task throttle of 25 will be violated.
2025-07-28 20:51:39 -0500 :: hercules-login-1.hpc.msstate.edu :: Cannot submit gfs_ocean_prod_f120, because maximum global task throttle of 25 will be violated.
2025-07-28 20:51:39 -0500 :: hercules-login-1.hpc.msstate.edu :: Cannot submit gfs_ice_prod_f024, because maximum global task throttle of 25 will be violated.
2025-07-28 20:51:39 -0500 :: hercules-login-1.hpc.msstate.edu :: Cannot submit gfs_ice_prod_f030, because maximum global task throttle of 25 will be violated.
2025-07-28 20:51:39 -0500 :: hercules-login-1.hpc.msstate.edu :: Cannot submit gfs_ice_prod_f036, because maximum global task throttle of 25 will be violated.
2025-07-28 20:51:39 -0500 :: hercules-login-1.hpc.msstate.edu :: Cannot submit gfs_ice_prod_f042, because maximum global task throttle of 25 will be violated.
2025-07-28 20:51:39 -0500 :: hercules-login-1.hpc.msstate.edu :: Cannot submit gfs_ice_prod_f048, because maximum global task throttle of 25 will be violated.
2025-07-28 20:51:39 -0500 :: hercules-login-1.hpc.msstate.edu :: Cannot submit gfs_ice_prod_f054, because maximum global task throttle of 25 will be violated.
2025-07-28 20:51:39 -0500 :: hercules-login-1.hpc.msstate.edu :: Cannot submit gfs_ice_prod_f060, because maximum global task throttle of 25 will be violated.
2025-07-28 20:51:39 -0500 :: hercules-login-1.hpc.msstate.edu :: Cannot submit gfs_ice_prod_f066, because maximum global task throttle of 25 will be violated.
2025-07-28 20:51:39 -0500 :: hercules-login-1.hpc.msstate.edu :: Cannot submit gfs_ice_prod_f072, because maximum global task throttle of 25 will be violated.
2025-07-28 20:51:39 -0500 :: hercules-login-1.hpc.msstate.edu :: Cannot submit gfs_ice_prod_f078, because maximum global task throttle of 25 will be violated.
2025-07-28 20:51:39 -0500 :: hercules-login-1.hpc.msstate.edu :: Cannot submit gfs_ice_prod_f084, because maximum global task throttle of 25 will be violated.
2025-07-28 20:51:39 -0500 :: hercules-login-1.hpc.msstate.edu :: Cannot submit gfs_ice_prod_f090, because maximum global task throttle of 25 will be violated.
2025-07-28 20:51:39 -0500 :: hercules-login-1.hpc.msstate.edu :: Cannot submit gfs_ice_prod_f096, because maximum global task throttle of 25 will be violated.
2025-07-28 20:51:39 -0500 :: hercules-login-1.hpc.msstate.edu :: Cannot submit gfs_ice_prod_f102, because maximum global task throttle of 25 will be violated.
2025-07-28 20:51:39 -0500 :: hercules-login-1.hpc.msstate.edu :: Cannot submit gfs_ice_prod_f108, because maximum global task throttle of 25 will be violated.
2025-07-28 20:51:39 -0500 :: hercules-login-1.hpc.msstate.edu :: Cannot submit gfs_ice_prod_f114, because maximum global task throttle of 25 will be violated.
2025-07-28 20:51:39 -0500 :: hercules-login-1.hpc.msstate.edu :: Cannot submit gfs_ice_prod_f120, because maximum global task throttle of 25 will be violated.
2025-07-28 20:51:39 -0500 :: hercules-login-1.hpc.msstate.edu :: Cannot submit gfs_wavepostsbs_f033-f035, because maximum global task throttle of 25 will be violated.
2025-07-28 20:51:39 -0500 :: hercules-login-1.hpc.msstate.edu :: Cannot submit gfs_wavepostsbs_f036-f038, because maximum global task throttle of 25 will be violated.
2025-07-28 20:51:39 -0500 :: hercules-login-1.hpc.msstate.edu :: Cannot submit gfs_wavepostsbs_f039-f041, because maximum global task throttle of 25 will be violated.
2025-07-28 20:51:39 -0500 :: hercules-login-1.hpc.msstate.edu :: Cannot submit gfs_wavepostsbs_f042-f044, because maximum global task throttle of 25 will be violated.
2025-07-28 20:51:39 -0500 :: hercules-login-1.hpc.msstate.edu :: Cannot submit gfs_wavepostsbs_f045-f047, because maximum global task throttle of 25 will be violated.
2025-07-28 20:51:39 -0500 :: hercules-login-1.hpc.msstate.edu :: Cannot submit gfs_wavepostsbs_f048-f054, because maximum global task throttle of 25 will be violated.
2025-07-28 20:51:39 -0500 :: hercules-login-1.hpc.msstate.edu :: Cannot submit gfs_wavepostsbs_f057-f063, because maximum global task throttle of 25 will be violated.
2025-07-28 20:51:39 -0500 :: hercules-login-1.hpc.msstate.edu :: Cannot submit gfs_wavepostsbs_f066-f072, because maximum global task throttle of 25 will be violated.
2025-07-28 20:51:39 -0500 :: hercules-login-1.hpc.msstate.edu :: Cannot submit gfs_wavepostsbs_f075-f081, because maximum global task throttle of 25 will be violated.
2025-07-28 20:51:39 -0500 :: hercules-login-1.hpc.msstate.edu :: Cannot submit gfs_wavepostsbs_f084-f090, because maximum global task throttle of 25 will be violated.
2025-07-28 20:51:39 -0500 :: hercules-login-1.hpc.msstate.edu :: Cannot submit gfs_wavepostsbs_f093-f099, because maximum global task throttle of 25 will be violated.
2025-07-28 20:51:39 -0500 :: hercules-login-1.hpc.msstate.edu :: Cannot submit gfs_wavepostsbs_f102-f108, because maximum global task throttle of 25 will be violated.
2025-07-28 20:51:39 -0500 :: hercules-login-1.hpc.msstate.edu :: Cannot submit gfs_wavepostsbs_f111-f114, because maximum global task throttle of 25 will be violated.
2025-07-28 20:51:39 -0500 :: hercules-login-1.hpc.msstate.edu :: Cannot submit gfs_wavepostsbs_f117-f120, because maximum global task throttle of 25 will be violated.
2025-07-28 20:51:39 -0500 :: hercules-login-1.hpc.msstate.edu :: Cannot submit gfs_wavepostbndpnt, because maximum global task throttle of 25 will be violated.
2025-07-28 20:51:39 -0500 :: hercules-login-1.hpc.msstate.edu :: Cannot submit gfs_wavepostbndpntbll, because maximum global task throttle of 25 will be violated.
2025-07-28 20:51:39 -0500 :: hercules-login-1.hpc.msstate.edu :: Cannot submit gfs_wavepostpnt, because maximum global task throttle of 25 will be violated.
2025-07-28 20:51:39 -0500 :: hercules-login-1.hpc.msstate.edu :: Submission of gfs_atmos_prod_f042-f044 succeeded, jobid=5951482
2025-07-28 20:57:42 -0500 :: hercules-login-1.hpc.msstate.edu :: Task gfs_atmos_prod_f003-f005, jobid=5950996, in state QUEUED (PENDING)
2025-07-28 20:57:42 -0500 :: hercules-login-1.hpc.msstate.edu :: Task gfs_atmos_prod_f006-f008, jobid=5950997, in state QUEUED (PENDING)
2025-07-28 20:57:42 -0500 :: hercules-login-1.hpc.msstate.edu :: Task gfs_atmos_prod_f009-f011, jobid=5950998, in state QUEUED (PENDING)
2025-07-28 20:57:42 -0500 :: hercules-login-1.hpc.msstate.edu :: Task gfs_atmos_prod_f012-f014, jobid=5950999, in state QUEUED (PENDING)
2025-07-28 20:57:42 -0500 :: hercules-login-1.hpc.msstate.edu :: Task gfs_atmos_prod_f015-f017, jobid=5951000, in state QUEUED (PENDING)
2025-07-28 20:57:42 -0500 :: hercules-login-1.hpc.msstate.edu :: Task gfs_atmos_prod_f018-f020, jobid=5951001, in state QUEUED (PENDING)
2025-07-28 20:57:42 -0500 :: hercules-login-1.hpc.msstate.edu :: Task gfs_atmos_prod_f021-f023, jobid=5951060, in state QUEUED (PENDING)
2025-07-28 20:57:42 -0500 :: hercules-login-1.hpc.msstate.edu :: Task gfs_atmos_prod_f024-f026, jobid=5951061, in state QUEUED (PENDING)
2025-07-28 20:57:42 -0500 :: hercules-login-1.hpc.msstate.edu :: Task gfs_atmos_prod_f027-f029, jobid=5951062, in state QUEUED (PENDING)
2025-07-28 20:57:42 -0500 :: hercules-login-1.hpc.msstate.edu :: Task gfs_atmos_prod_f030-f032, jobid=5951063, in state QUEUED (PENDING)
2025-07-28 20:57:42 -0500 :: hercules-login-1.hpc.msstate.edu :: Task gfs_atmos_prod_f033-f035, jobid=5951064, in state QUEUED (PENDING)
2025-07-28 20:57:42 -0500 :: hercules-login-1.hpc.msstate.edu :: Task gfs_atmos_prod_f036-f038, jobid=5951065, in state QUEUED (PENDING)
2025-07-28 20:57:42 -0500 :: hercules-login-1.hpc.msstate.edu :: Task gfs_atmos_prod_f039-f041, jobid=5951115, in state QUEUED (PENDING)
2025-07-28 20:57:42 -0500 :: hercules-login-1.hpc.msstate.edu :: Task gfs_atmos_prod_f042-f044, jobid=5951482, in state QUEUED (PENDING)
2025-07-28 20:57:42 -0500 :: hercules-login-1.hpc.msstate.edu :: Task gfs_wavepostsbs_f000-f002, jobid=5951006, in state QUEUED (PENDING)
2025-07-28 20:57:42 -0500 :: hercules-login-1.hpc.msstate.edu :: Task gfs_wavepostsbs_f003-f005, jobid=5951007, in state QUEUED (PENDING)
2025-07-28 20:57:42 -0500 :: hercules-login-1.hpc.msstate.edu :: Task gfs_wavepostsbs_f006-f008, jobid=5951008, in state QUEUED (PENDING)
2025-07-28 20:57:42 -0500 :: hercules-login-1.hpc.msstate.edu :: Task gfs_wavepostsbs_f009-f011, jobid=5951009, in state QUEUED (PENDING)
2025-07-28 20:57:42 -0500 :: hercules-login-1.hpc.msstate.edu :: Task gfs_wavepostsbs_f012-f014, jobid=5951010, in state QUEUED (PENDING)
2025-07-28 20:57:42 -0500 :: hercules-login-1.hpc.msstate.edu :: Task gfs_wavepostsbs_f015-f017, jobid=5951011, in state QUEUED (PENDING)
2025-07-28 20:57:42 -0500 :: hercules-login-1.hpc.msstate.edu :: Task gfs_wavepostsbs_f018-f020, jobid=5951012, in state QUEUED (PENDING)
2025-07-28 20:57:42 -0500 :: hercules-login-1.hpc.msstate.edu :: Task gfs_wavepostsbs_f021-f023, jobid=5951013, in state QUEUED (PENDING)
2025-07-28 20:57:42 -0500 :: hercules-login-1.hpc.msstate.edu :: Task gfs_wavepostsbs_f024-f026, jobid=5951014, in state QUEUED (PENDING)
2025-07-28 20:57:42 -0500 :: hercules-login-1.hpc.msstate.edu :: Task gfs_wavepostsbs_f027-f029, jobid=5951015, in state QUEUED (PENDING)
2025-07-28 20:57:42 -0500 :: hercules-login-1.hpc.msstate.edu :: Task gfs_wavepostsbs_f030-f032, jobid=5951016, in state QUEUED (PENDING)
2025-07-28 20:57:42 -0500 :: hercules-login-1.hpc.msstate.edu :: Cannot submit gfs_atmos_prod_f045-f047, because maximum global task throttle of 25 will be violated.
2025-07-28 20:57:42 -0500 :: hercules-login-1.hpc.msstate.edu :: Cannot submit gfs_atmos_prod_f048-f054, because maximum global task throttle of 25 will be violated.
2025-07-28 20:57:42 -0500 :: hercules-login-1.hpc.msstate.edu :: Cannot submit gfs_atmos_prod_f057-f063, because maximum global task throttle of 25 will be violated.
2025-07-28 20:57:42 -0500 :: hercules-login-1.hpc.msstate.edu :: Cannot submit gfs_atmos_prod_f066-f072, because maximum global task throttle of 25 will be violated.
2025-07-28 20:57:42 -0500 :: hercules-login-1.hpc.msstate.edu :: Cannot submit gfs_atmos_prod_f075-f081, because maximum global task throttle of 25 will be violated.
2025-07-28 20:57:42 -0500 :: hercules-login-1.hpc.msstate.edu :: Cannot submit gfs_atmos_prod_f084-f090, because maximum global task throttle of 25 will be violated.
2025-07-28 20:57:42 -0500 :: hercules-login-1.hpc.msstate.edu :: Cannot submit gfs_atmos_prod_f093-f099, because maximum global task throttle of 25 will be violated.
2025-07-28 20:57:42 -0500 :: hercules-login-1.hpc.msstate.edu :: Cannot submit gfs_atmos_prod_f102-f108, because maximum global task throttle of 25 will be violated.
2025-07-28 20:57:42 -0500 :: hercules-login-1.hpc.msstate.edu :: Cannot submit gfs_atmos_prod_f111-f114, because maximum global task throttle of 25 will be violated.
2025-07-28 20:57:42 -0500 :: hercules-login-1.hpc.msstate.edu :: Cannot submit gfs_atmos_prod_f117-f120, because maximum global task throttle of 25 will be violated.
2025-07-28 20:57:42 -0500 :: hercules-login-1.hpc.msstate.edu :: Cannot submit gfs_ocean_prod_f012, because maximum global task throttle of 25 will be violated.
2025-07-28 20:57:42 -0500 :: hercules-login-1.hpc.msstate.edu :: Cannot submit gfs_ocean_prod_f018, because maximum global task throttle of 25 will be violated.
2025-07-28 20:57:42 -0500 :: hercules-login-1.hpc.msstate.edu :: Cannot submit gfs_ocean_prod_f024, because maximum global task throttle of 25 will be violated.
2025-07-28 20:57:42 -0500 :: hercules-login-1.hpc.msstate.edu :: Cannot submit gfs_ocean_prod_f030, because maximum global task throttle of 25 will be violated.
2025-07-28 20:57:42 -0500 :: hercules-login-1.hpc.msstate.edu :: Cannot submit gfs_ocean_prod_f036, because maximum global task throttle of 25 will be violated.
2025-07-28 20:57:42 -0500 :: hercules-login-1.hpc.msstate.edu :: Cannot submit gfs_ocean_prod_f042, because maximum global task throttle of 25 will be violated.
2025-07-28 20:57:42 -0500 :: hercules-login-1.hpc.msstate.edu :: Cannot submit gfs_ocean_prod_f048, because maximum global task throttle of 25 will be violated.
2025-07-28 20:57:42 -0500 :: hercules-login-1.hpc.msstate.edu :: Cannot submit gfs_ocean_prod_f054, because maximum global task throttle of 25 will be violated.
2025-07-28 20:57:42 -0500 :: hercules-login-1.hpc.msstate.edu :: Cannot submit gfs_ocean_prod_f060, because maximum global task throttle of 25 will be violated.
2025-07-28 20:57:42 -0500 :: hercules-login-1.hpc.msstate.edu :: Cannot submit gfs_ocean_prod_f066, because maximum global task throttle of 25 will be violated.
2025-07-28 20:57:42 -0500 :: hercules-login-1.hpc.msstate.edu :: Cannot submit gfs_ocean_prod_f072, because maximum global task throttle of 25 will be violated.
2025-07-28 20:57:42 -0500 :: hercules-login-1.hpc.msstate.edu :: Cannot submit gfs_ocean_prod_f078, because maximum global task throttle of 25 will be violated.
2025-07-28 20:57:42 -0500 :: hercules-login-1.hpc.msstate.edu :: Cannot submit gfs_ocean_prod_f084, because maximum global task throttle of 25 will be violated.
2025-07-28 20:57:42 -0500 :: hercules-login-1.hpc.msstate.edu :: Cannot submit gfs_ocean_prod_f090, because maximum global task throttle of 25 will be violated.
2025-07-28 20:57:42 -0500 :: hercules-login-1.hpc.msstate.edu :: Cannot submit gfs_ocean_prod_f096, because maximum global task throttle of 25 will be violated.
2025-07-28 20:57:42 -0500 :: hercules-login-1.hpc.msstate.edu :: Cannot submit gfs_ocean_prod_f102, because maximum global task throttle of 25 will be violated.
2025-07-28 20:57:42 -0500 :: hercules-login-1.hpc.msstate.edu :: Cannot submit gfs_ocean_prod_f108, because maximum global task throttle of 25 will be violated.
2025-07-28 20:57:42 -0500 :: hercules-login-1.hpc.msstate.edu :: Cannot submit gfs_ocean_prod_f114, because maximum global task throttle of 25 will be violated.
2025-07-28 20:57:42 -0500 :: hercules-login-1.hpc.msstate.edu :: Cannot submit gfs_ocean_prod_f120, because maximum global task throttle of 25 will be violated.
2025-07-28 20:57:42 -0500 :: hercules-login-1.hpc.msstate.edu :: Cannot submit gfs_ice_prod_f024, because maximum global task throttle of 25 will be violated.
2025-07-28 20:57:42 -0500 :: hercules-login-1.hpc.msstate.edu :: Cannot submit gfs_ice_prod_f030, because maximum global task throttle of 25 will be violated.
2025-07-28 20:57:42 -0500 :: hercules-login-1.hpc.msstate.edu :: Cannot submit gfs_ice_prod_f036, because maximum global task throttle of 25 will be violated.
2025-07-28 20:57:42 -0500 :: hercules-login-1.hpc.msstate.edu :: Cannot submit gfs_ice_prod_f042, because maximum global task throttle of 25 will be violated.
2025-07-28 20:57:42 -0500 :: hercules-login-1.hpc.msstate.edu :: Cannot submit gfs_ice_prod_f048, because maximum global task throttle of 25 will be violated.
2025-07-28 20:57:42 -0500 :: hercules-login-1.hpc.msstate.edu :: Cannot submit gfs_ice_prod_f054, because maximum global task throttle of 25 will be violated.
2025-07-28 20:57:42 -0500 :: hercules-login-1.hpc.msstate.edu :: Cannot submit gfs_ice_prod_f060, because maximum global task throttle of 25 will be violated.
2025-07-28 20:57:42 -0500 :: hercules-login-1.hpc.msstate.edu :: Cannot submit gfs_ice_prod_f066, because maximum global task throttle of 25 will be violated.
2025-07-28 20:57:42 -0500 :: hercules-login-1.hpc.msstate.edu :: Cannot submit gfs_ice_prod_f072, because maximum global task throttle of 25 will be violated.
2025-07-28 20:57:42 -0500 :: hercules-login-1.hpc.msstate.edu :: Cannot submit gfs_ice_prod_f078, because maximum global task throttle of 25 will be violated.
2025-07-28 20:57:42 -0500 :: hercules-login-1.hpc.msstate.edu :: Cannot submit gfs_ice_prod_f084, because maximum global task throttle of 25 will be violated.
2025-07-28 20:57:42 -0500 :: hercules-login-1.hpc.msstate.edu :: Cannot submit gfs_ice_prod_f090, because maximum global task throttle of 25 will be violated.
2025-07-28 20:57:42 -0500 :: hercules-login-1.hpc.msstate.edu :: Cannot submit gfs_ice_prod_f096, because maximum global task throttle of 25 will be violated.
2025-07-28 20:57:42 -0500 :: hercules-login-1.hpc.msstate.edu :: Cannot submit gfs_ice_prod_f102, because maximum global task throttle of 25 will be violated.
2025-07-28 20:57:42 -0500 :: hercules-login-1.hpc.msstate.edu :: Cannot submit gfs_ice_prod_f108, because maximum global task throttle of 25 will be violated.
2025-07-28 20:57:42 -0500 :: hercules-login-1.hpc.msstate.edu :: Cannot submit gfs_ice_prod_f114, because maximum global task throttle of 25 will be violated.
2025-07-28 20:57:42 -0500 :: hercules-login-1.hpc.msstate.edu :: Cannot submit gfs_ice_prod_f120, because maximum global task throttle of 25 will be violated.
2025-07-28 20:57:42 -0500 :: hercules-login-1.hpc.msstate.edu :: Cannot submit gfs_wavepostsbs_f033-f035, because maximum global task throttle of 25 will be violated.
2025-07-28 20:57:42 -0500 :: hercules-login-1.hpc.msstate.edu :: Cannot submit gfs_wavepostsbs_f036-f038, because maximum global task throttle of 25 will be violated.
2025-07-28 20:57:42 -0500 :: hercules-login-1.hpc.msstate.edu :: Cannot submit gfs_wavepostsbs_f039-f041, because maximum global task throttle of 25 will be violated.
2025-07-28 20:57:42 -0500 :: hercules-login-1.hpc.msstate.edu :: Cannot submit gfs_wavepostsbs_f042-f044, because maximum global task throttle of 25 will be violated.
2025-07-28 20:57:42 -0500 :: hercules-login-1.hpc.msstate.edu :: Cannot submit gfs_wavepostsbs_f045-f047, because maximum global task throttle of 25 will be violated.
2025-07-28 20:57:42 -0500 :: hercules-login-1.hpc.msstate.edu :: Cannot submit gfs_wavepostsbs_f048-f054, because maximum global task throttle of 25 will be violated.
2025-07-28 20:57:42 -0500 :: hercules-login-1.hpc.msstate.edu :: Cannot submit gfs_wavepostsbs_f057-f063, because maximum global task throttle of 25 will be violated.
2025-07-28 20:57:42 -0500 :: hercules-login-1.hpc.msstate.edu :: Cannot submit gfs_wavepostsbs_f066-f072, because maximum global task throttle of 25 will be violated.
2025-07-28 20:57:42 -0500 :: hercules-login-1.hpc.msstate.edu :: Cannot submit gfs_wavepostsbs_f075-f081, because maximum global task throttle of 25 will be violated.
2025-07-28 20:57:42 -0500 :: hercules-login-1.hpc.msstate.edu :: Cannot submit gfs_wavepostsbs_f084-f090, because maximum global task throttle of 25 will be violated.
2025-07-28 20:57:42 -0500 :: hercules-login-1.hpc.msstate.edu :: Cannot submit gfs_wavepostsbs_f093-f099, because maximum global task throttle of 25 will be violated.
2025-07-28 20:57:42 -0500 :: hercules-login-1.hpc.msstate.edu :: Cannot submit gfs_wavepostsbs_f102-f108, because maximum global task throttle of 25 will be violated.
2025-07-28 20:57:42 -0500 :: hercules-login-1.hpc.msstate.edu :: Cannot submit gfs_wavepostsbs_f111-f114, because maximum global task throttle of 25 will be violated.
2025-07-28 20:57:42 -0500 :: hercules-login-1.hpc.msstate.edu :: Cannot submit gfs_wavepostsbs_f117-f120, because maximum global task throttle of 25 will be violated.
2025-07-28 20:57:42 -0500 :: hercules-login-1.hpc.msstate.edu :: Cannot submit gfs_wavepostbndpnt, because maximum global task throttle of 25 will be violated.
2025-07-28 20:57:42 -0500 :: hercules-login-1.hpc.msstate.edu :: Cannot submit gfs_wavepostbndpntbll, because maximum global task throttle of 25 will be violated.
2025-07-28 20:57:42 -0500 :: hercules-login-1.hpc.msstate.edu :: Cannot submit gfs_wavepostpnt, because maximum global task throttle of 25 will be violated.
2025-07-28 21:03:45 -0500 :: hercules-login-1.hpc.msstate.edu :: Task gfs_atmos_prod_f003-f005, jobid=5950996, in state QUEUED (PENDING)
2025-07-28 21:03:45 -0500 :: hercules-login-1.hpc.msstate.edu :: Task gfs_atmos_prod_f006-f008, jobid=5950997, in state QUEUED (PENDING)
2025-07-28 21:03:45 -0500 :: hercules-login-1.hpc.msstate.edu :: Task gfs_atmos_prod_f009-f011, jobid=5950998, in state QUEUED (PENDING)
2025-07-28 21:03:45 -0500 :: hercules-login-1.hpc.msstate.edu :: Task gfs_atmos_prod_f012-f014, jobid=5950999, in state QUEUED (PENDING)
2025-07-28 21:03:45 -0500 :: hercules-login-1.hpc.msstate.edu :: Task gfs_atmos_prod_f015-f017, jobid=5951000, in state QUEUED (PENDING)
2025-07-28 21:03:45 -0500 :: hercules-login-1.hpc.msstate.edu :: Task gfs_atmos_prod_f018-f020, jobid=5951001, in state QUEUED (PENDING)
2025-07-28 21:03:45 -0500 :: hercules-login-1.hpc.msstate.edu :: Task gfs_atmos_prod_f021-f023, jobid=5951060, in state QUEUED (PENDING)
2025-07-28 21:03:45 -0500 :: hercules-login-1.hpc.msstate.edu :: Task gfs_atmos_prod_f024-f026, jobid=5951061, in state QUEUED (PENDING)
2025-07-28 21:03:45 -0500 :: hercules-login-1.hpc.msstate.edu :: Task gfs_atmos_prod_f027-f029, jobid=5951062, in state QUEUED (PENDING)
2025-07-28 21:03:45 -0500 :: hercules-login-1.hpc.msstate.edu :: Task gfs_atmos_prod_f030-f032, jobid=5951063, in state QUEUED (PENDING)
2025-07-28 21:03:45 -0500 :: hercules-login-1.hpc.msstate.edu :: Task gfs_atmos_prod_f033-f035, jobid=5951064, in state QUEUED (PENDING)
2025-07-28 21:03:45 -0500 :: hercules-login-1.hpc.msstate.edu :: Task gfs_atmos_prod_f036-f038, jobid=5951065, in state QUEUED (PENDING)
2025-07-28 21:03:45 -0500 :: hercules-login-1.hpc.msstate.edu :: Task gfs_atmos_prod_f039-f041, jobid=5951115, in state QUEUED (PENDING)
2025-07-28 21:03:45 -0500 :: hercules-login-1.hpc.msstate.edu :: Task gfs_atmos_prod_f042-f044, jobid=5951482, in state QUEUED (PENDING)
2025-07-28 21:03:45 -0500 :: hercules-login-1.hpc.msstate.edu :: Task gfs_wavepostsbs_f000-f002, jobid=5951006, in state QUEUED (PENDING)
2025-07-28 21:03:45 -0500 :: hercules-login-1.hpc.msstate.edu :: Task gfs_wavepostsbs_f003-f005, jobid=5951007, in state QUEUED (PENDING)
2025-07-28 21:03:45 -0500 :: hercules-login-1.hpc.msstate.edu :: Task gfs_wavepostsbs_f006-f008, jobid=5951008, in state QUEUED (PENDING)
2025-07-28 21:03:45 -0500 :: hercules-login-1.hpc.msstate.edu :: Task gfs_wavepostsbs_f009-f011, jobid=5951009, in state QUEUED (PENDING)
2025-07-28 21:03:45 -0500 :: hercules-login-1.hpc.msstate.edu :: Task gfs_wavepostsbs_f012-f014, jobid=5951010, in state QUEUED (PENDING)
2025-07-28 21:03:45 -0500 :: hercules-login-1.hpc.msstate.edu :: Task gfs_wavepostsbs_f015-f017, jobid=5951011, in state QUEUED (PENDING)
2025-07-28 21:03:45 -0500 :: hercules-login-1.hpc.msstate.edu :: Task gfs_wavepostsbs_f018-f020, jobid=5951012, in state QUEUED (PENDING)
2025-07-28 21:03:45 -0500 :: hercules-login-1.hpc.msstate.edu :: Task gfs_wavepostsbs_f021-f023, jobid=5951013, in state QUEUED (PENDING)
2025-07-28 21:03:45 -0500 :: hercules-login-1.hpc.msstate.edu :: Task gfs_wavepostsbs_f024-f026, jobid=5951014, in state QUEUED (PENDING)
2025-07-28 21:03:45 -0500 :: hercules-login-1.hpc.msstate.edu :: Task gfs_wavepostsbs_f027-f029, jobid=5951015, in state QUEUED (PENDING)
2025-07-28 21:03:45 -0500 :: hercules-login-1.hpc.msstate.edu :: Task gfs_wavepostsbs_f030-f032, jobid=5951016, in state QUEUED (PENDING)
2025-07-28 21:03:45 -0500 :: hercules-login-1.hpc.msstate.edu :: Cannot submit gfs_atmos_prod_f045-f047, because maximum global task throttle of 25 will be violated.
2025-07-28 21:03:45 -0500 :: hercules-login-1.hpc.msstate.edu :: Cannot submit gfs_atmos_prod_f048-f054, because maximum global task throttle of 25 will be violated.
2025-07-28 21:03:45 -0500 :: hercules-login-1.hpc.msstate.edu :: Cannot submit gfs_atmos_prod_f057-f063, because maximum global task throttle of 25 will be violated.
2025-07-28 21:03:45 -0500 :: hercules-login-1.hpc.msstate.edu :: Cannot submit gfs_atmos_prod_f066-f072, because maximum global task throttle of 25 will be violated.
2025-07-28 21:03:45 -0500 :: hercules-login-1.hpc.msstate.edu :: Cannot submit gfs_atmos_prod_f075-f081, because maximum global task throttle of 25 will be violated.
2025-07-28 21:03:45 -0500 :: hercules-login-1.hpc.msstate.edu :: Cannot submit gfs_atmos_prod_f084-f090, because maximum global task throttle of 25 will be violated.
2025-07-28 21:03:45 -0500 :: hercules-login-1.hpc.msstate.edu :: Cannot submit gfs_atmos_prod_f093-f099, because maximum global task throttle of 25 will be violated.
2025-07-28 21:03:45 -0500 :: hercules-login-1.hpc.msstate.edu :: Cannot submit gfs_atmos_prod_f102-f108, because maximum global task throttle of 25 will be violated.
2025-07-28 21:03:45 -0500 :: hercules-login-1.hpc.msstate.edu :: Cannot submit gfs_atmos_prod_f111-f114, because maximum global task throttle of 25 will be violated.
2025-07-28 21:03:45 -0500 :: hercules-login-1.hpc.msstate.edu :: Cannot submit gfs_atmos_prod_f117-f120, because maximum global task throttle of 25 will be violated.
2025-07-28 21:03:45 -0500 :: hercules-login-1.hpc.msstate.edu :: Cannot submit gfs_ocean_prod_f012, because maximum global task throttle of 25 will be violated.
2025-07-28 21:03:45 -0500 :: hercules-login-1.hpc.msstate.edu :: Cannot submit gfs_ocean_prod_f018, because maximum global task throttle of 25 will be violated.
2025-07-28 21:03:45 -0500 :: hercules-login-1.hpc.msstate.edu :: Cannot submit gfs_ocean_prod_f024, because maximum global task throttle of 25 will be violated.
2025-07-28 21:03:45 -0500 :: hercules-login-1.hpc.msstate.edu :: Cannot submit gfs_ocean_prod_f030, because maximum global task throttle of 25 will be violated.
2025-07-28 21:03:45 -0500 :: hercules-login-1.hpc.msstate.edu :: Cannot submit gfs_ocean_prod_f036, because maximum global task throttle of 25 will be violated.
2025-07-28 21:03:45 -0500 :: hercules-login-1.hpc.msstate.edu :: Cannot submit gfs_ocean_prod_f042, because maximum global task throttle of 25 will be violated.
2025-07-28 21:03:45 -0500 :: hercules-login-1.hpc.msstate.edu :: Cannot submit gfs_ocean_prod_f048, because maximum global task throttle of 25 will be violated.
2025-07-28 21:03:45 -0500 :: hercules-login-1.hpc.msstate.edu :: Cannot submit gfs_ocean_prod_f054, because maximum global task throttle of 25 will be violated.
2025-07-28 21:03:45 -0500 :: hercules-login-1.hpc.msstate.edu :: Cannot submit gfs_ocean_prod_f060, because maximum global task throttle of 25 will be violated.
2025-07-28 21:03:45 -0500 :: hercules-login-1.hpc.msstate.edu :: Cannot submit gfs_ocean_prod_f066, because maximum global task throttle of 25 will be violated.
2025-07-28 21:03:45 -0500 :: hercules-login-1.hpc.msstate.edu :: Cannot submit gfs_ocean_prod_f072, because maximum global task throttle of 25 will be violated.
2025-07-28 21:03:45 -0500 :: hercules-login-1.hpc.msstate.edu :: Cannot submit gfs_ocean_prod_f078, because maximum global task throttle of 25 will be violated.
2025-07-28 21:03:45 -0500 :: hercules-login-1.hpc.msstate.edu :: Cannot submit gfs_ocean_prod_f084, because maximum global task throttle of 25 will be violated.
2025-07-28 21:03:45 -0500 :: hercules-login-1.hpc.msstate.edu :: Cannot submit gfs_ocean_prod_f090, because maximum global task throttle of 25 will be violated.
2025-07-28 21:03:45 -0500 :: hercules-login-1.hpc.msstate.edu :: Cannot submit gfs_ocean_prod_f096, because maximum global task throttle of 25 will be violated.
2025-07-28 21:03:45 -0500 :: hercules-login-1.hpc.msstate.edu :: Cannot submit gfs_ocean_prod_f102, because maximum global task throttle of 25 will be violated.
2025-07-28 21:03:45 -0500 :: hercules-login-1.hpc.msstate.edu :: Cannot submit gfs_ocean_prod_f108, because maximum global task throttle of 25 will be violated.
2025-07-28 21:03:45 -0500 :: hercules-login-1.hpc.msstate.edu :: Cannot submit gfs_ocean_prod_f114, because maximum global task throttle of 25 will be violated.
2025-07-28 21:03:45 -0500 :: hercules-login-1.hpc.msstate.edu :: Cannot submit gfs_ocean_prod_f120, because maximum global task throttle of 25 will be violated.
2025-07-28 21:03:45 -0500 :: hercules-login-1.hpc.msstate.edu :: Cannot submit gfs_ice_prod_f024, because maximum global task throttle of 25 will be violated.
2025-07-28 21:03:45 -0500 :: hercules-login-1.hpc.msstate.edu :: Cannot submit gfs_ice_prod_f030, because maximum global task throttle of 25 will be violated.
2025-07-28 21:03:45 -0500 :: hercules-login-1.hpc.msstate.edu :: Cannot submit gfs_ice_prod_f036, because maximum global task throttle of 25 will be violated.
2025-07-28 21:03:45 -0500 :: hercules-login-1.hpc.msstate.edu :: Cannot submit gfs_ice_prod_f042, because maximum global task throttle of 25 will be violated.
2025-07-28 21:03:45 -0500 :: hercules-login-1.hpc.msstate.edu :: Cannot submit gfs_ice_prod_f048, because maximum global task throttle of 25 will be violated.
2025-07-28 21:03:45 -0500 :: hercules-login-1.hpc.msstate.edu :: Cannot submit gfs_ice_prod_f054, because maximum global task throttle of 25 will be violated.
2025-07-28 21:03:45 -0500 :: hercules-login-1.hpc.msstate.edu :: Cannot submit gfs_ice_prod_f060, because maximum global task throttle of 25 will be violated.
2025-07-28 21:03:45 -0500 :: hercules-login-1.hpc.msstate.edu :: Cannot submit gfs_ice_prod_f066, because maximum global task throttle of 25 will be violated.
2025-07-28 21:03:45 -0500 :: hercules-login-1.hpc.msstate.edu :: Cannot submit gfs_ice_prod_f072, because maximum global task throttle of 25 will be violated.
2025-07-28 21:03:45 -0500 :: hercules-login-1.hpc.msstate.edu :: Cannot submit gfs_ice_prod_f078, because maximum global task throttle of 25 will be violated.
2025-07-28 21:03:45 -0500 :: hercules-login-1.hpc.msstate.edu :: Cannot submit gfs_ice_prod_f084, because maximum global task throttle of 25 will be violated.
2025-07-28 21:03:45 -0500 :: hercules-login-1.hpc.msstate.edu :: Cannot submit gfs_ice_prod_f090, because maximum global task throttle of 25 will be violated.
2025-07-28 21:03:45 -0500 :: hercules-login-1.hpc.msstate.edu :: Cannot submit gfs_ice_prod_f096, because maximum global task throttle of 25 will be violated.
2025-07-28 21:03:45 -0500 :: hercules-login-1.hpc.msstate.edu :: Cannot submit gfs_ice_prod_f102, because maximum global task throttle of 25 will be violated.
2025-07-28 21:03:45 -0500 :: hercules-login-1.hpc.msstate.edu :: Cannot submit gfs_ice_prod_f108, because maximum global task throttle of 25 will be violated.
2025-07-28 21:03:45 -0500 :: hercules-login-1.hpc.msstate.edu :: Cannot submit gfs_ice_prod_f114, because maximum global task throttle of 25 will be violated.
2025-07-28 21:03:45 -0500 :: hercules-login-1.hpc.msstate.edu :: Cannot submit gfs_ice_prod_f120, because maximum global task throttle of 25 will be violated.
2025-07-28 21:03:45 -0500 :: hercules-login-1.hpc.msstate.edu :: Cannot submit gfs_wavepostsbs_f033-f035, because maximum global task throttle of 25 will be violated.
2025-07-28 21:03:45 -0500 :: hercules-login-1.hpc.msstate.edu :: Cannot submit gfs_wavepostsbs_f036-f038, because maximum global task throttle of 25 will be violated.
2025-07-28 21:03:45 -0500 :: hercules-login-1.hpc.msstate.edu :: Cannot submit gfs_wavepostsbs_f039-f041, because maximum global task throttle of 25 will be violated.
2025-07-28 21:03:45 -0500 :: hercules-login-1.hpc.msstate.edu :: Cannot submit gfs_wavepostsbs_f042-f044, because maximum global task throttle of 25 will be violated.
2025-07-28 21:03:45 -0500 :: hercules-login-1.hpc.msstate.edu :: Cannot submit gfs_wavepostsbs_f045-f047, because maximum global task throttle of 25 will be violated.
2025-07-28 21:03:45 -0500 :: hercules-login-1.hpc.msstate.edu :: Cannot submit gfs_wavepostsbs_f048-f054, because maximum global task throttle of 25 will be violated.
2025-07-28 21:03:45 -0500 :: hercules-login-1.hpc.msstate.edu :: Cannot submit gfs_wavepostsbs_f057-f063, because maximum global task throttle of 25 will be violated.
2025-07-28 21:03:45 -0500 :: hercules-login-1.hpc.msstate.edu :: Cannot submit gfs_wavepostsbs_f066-f072, because maximum global task throttle of 25 will be violated.
2025-07-28 21:03:45 -0500 :: hercules-login-1.hpc.msstate.edu :: Cannot submit gfs_wavepostsbs_f075-f081, because maximum global task throttle of 25 will be violated.
2025-07-28 21:03:45 -0500 :: hercules-login-1.hpc.msstate.edu :: Cannot submit gfs_wavepostsbs_f084-f090, because maximum global task throttle of 25 will be violated.
2025-07-28 21:03:45 -0500 :: hercules-login-1.hpc.msstate.edu :: Cannot submit gfs_wavepostsbs_f093-f099, because maximum global task throttle of 25 will be violated.
2025-07-28 21:03:45 -0500 :: hercules-login-1.hpc.msstate.edu :: Cannot submit gfs_wavepostsbs_f102-f108, because maximum global task throttle of 25 will be violated.
2025-07-28 21:03:45 -0500 :: hercules-login-1.hpc.msstate.edu :: Cannot submit gfs_wavepostsbs_f111-f114, because maximum global task throttle of 25 will be violated.
2025-07-28 21:03:45 -0500 :: hercules-login-1.hpc.msstate.edu :: Cannot submit gfs_wavepostsbs_f117-f120, because maximum global task throttle of 25 will be violated.
2025-07-28 21:03:45 -0500 :: hercules-login-1.hpc.msstate.edu :: Cannot submit gfs_wavepostbndpnt, because maximum global task throttle of 25 will be violated.
2025-07-28 21:03:45 -0500 :: hercules-login-1.hpc.msstate.edu :: Cannot submit gfs_wavepostbndpntbll, because maximum global task throttle of 25 will be violated.
2025-07-28 21:03:45 -0500 :: hercules-login-1.hpc.msstate.edu :: Cannot submit gfs_wavepostpnt, because maximum global task throttle of 25 will be violated.
2025-07-28 21:09:48 -0500 :: hercules-login-1.hpc.msstate.edu :: Task gfs_atmos_prod_f003-f005, jobid=5950996, in state SUCCEEDED (COMPLETED), ran for 284.0 seconds, exit status=0, try=1 (of 2)
2025-07-28 21:09:48 -0500 :: hercules-login-1.hpc.msstate.edu :: Task gfs_atmos_prod_f006-f008, jobid=5950997, in state SUCCEEDED (COMPLETED), ran for 280.0 seconds, exit status=0, try=1 (of 2)
2025-07-28 21:09:48 -0500 :: hercules-login-1.hpc.msstate.edu :: Task gfs_atmos_prod_f009-f011, jobid=5950998, in state QUEUED (PENDING)
2025-07-28 21:09:48 -0500 :: hercules-login-1.hpc.msstate.edu :: Task gfs_atmos_prod_f012-f014, jobid=5950999, in state QUEUED (PENDING)
2025-07-28 21:09:48 -0500 :: hercules-login-1.hpc.msstate.edu :: Task gfs_atmos_prod_f015-f017, jobid=5951000, in state QUEUED (PENDING)
2025-07-28 21:09:48 -0500 :: hercules-login-1.hpc.msstate.edu :: Task gfs_atmos_prod_f018-f020, jobid=5951001, in state QUEUED (PENDING)
2025-07-28 21:09:48 -0500 :: hercules-login-1.hpc.msstate.edu :: Task gfs_atmos_prod_f021-f023, jobid=5951060, in state QUEUED (PENDING)
2025-07-28 21:09:48 -0500 :: hercules-login-1.hpc.msstate.edu :: Task gfs_atmos_prod_f024-f026, jobid=5951061, in state QUEUED (PENDING)
2025-07-28 21:09:48 -0500 :: hercules-login-1.hpc.msstate.edu :: Task gfs_atmos_prod_f027-f029, jobid=5951062, in state QUEUED (PENDING)
2025-07-28 21:09:48 -0500 :: hercules-login-1.hpc.msstate.edu :: Task gfs_atmos_prod_f030-f032, jobid=5951063, in state QUEUED (PENDING)
2025-07-28 21:09:48 -0500 :: hercules-login-1.hpc.msstate.edu :: Task gfs_atmos_prod_f033-f035, jobid=5951064, in state QUEUED (PENDING)
2025-07-28 21:09:48 -0500 :: hercules-login-1.hpc.msstate.edu :: Task gfs_atmos_prod_f036-f038, jobid=5951065, in state QUEUED (PENDING)
2025-07-28 21:09:48 -0500 :: hercules-login-1.hpc.msstate.edu :: Task gfs_atmos_prod_f039-f041, jobid=5951115, in state QUEUED (PENDING)
2025-07-28 21:09:48 -0500 :: hercules-login-1.hpc.msstate.edu :: Task gfs_atmos_prod_f042-f044, jobid=5951482, in state QUEUED (PENDING)
2025-07-28 21:09:48 -0500 :: hercules-login-1.hpc.msstate.edu :: Task gfs_wavepostsbs_f000-f002, jobid=5951006, in state QUEUED (PENDING)
2025-07-28 21:09:48 -0500 :: hercules-login-1.hpc.msstate.edu :: Task gfs_wavepostsbs_f003-f005, jobid=5951007, in state QUEUED (PENDING)
2025-07-28 21:09:48 -0500 :: hercules-login-1.hpc.msstate.edu :: Task gfs_wavepostsbs_f006-f008, jobid=5951008, in state QUEUED (PENDING)
2025-07-28 21:09:48 -0500 :: hercules-login-1.hpc.msstate.edu :: Task gfs_wavepostsbs_f009-f011, jobid=5951009, in state QUEUED (PENDING)
2025-07-28 21:09:48 -0500 :: hercules-login-1.hpc.msstate.edu :: Task gfs_wavepostsbs_f012-f014, jobid=5951010, in state QUEUED (PENDING)
2025-07-28 21:09:48 -0500 :: hercules-login-1.hpc.msstate.edu :: Task gfs_wavepostsbs_f015-f017, jobid=5951011, in state QUEUED (PENDING)
2025-07-28 21:09:48 -0500 :: hercules-login-1.hpc.msstate.edu :: Task gfs_wavepostsbs_f018-f020, jobid=5951012, in state QUEUED (PENDING)
2025-07-28 21:09:48 -0500 :: hercules-login-1.hpc.msstate.edu :: Task gfs_wavepostsbs_f021-f023, jobid=5951013, in state QUEUED (PENDING)
2025-07-28 21:09:48 -0500 :: hercules-login-1.hpc.msstate.edu :: Task gfs_wavepostsbs_f024-f026, jobid=5951014, in state QUEUED (PENDING)
2025-07-28 21:09:48 -0500 :: hercules-login-1.hpc.msstate.edu :: Task gfs_wavepostsbs_f027-f029, jobid=5951015, in state QUEUED (PENDING)
2025-07-28 21:09:48 -0500 :: hercules-login-1.hpc.msstate.edu :: Task gfs_wavepostsbs_f030-f032, jobid=5951016, in state QUEUED (PENDING)
2025-07-28 21:09:48 -0500 :: hercules-login-1.hpc.msstate.edu :: Submitting gfs_atmos_prod_f045-f047
2025-07-28 21:09:48 -0500 :: hercules-login-1.hpc.msstate.edu :: Submitting gfs_atmos_prod_f048-f054
2025-07-28 21:09:48 -0500 :: hercules-login-1.hpc.msstate.edu :: Cannot submit gfs_atmos_prod_f057-f063, because maximum global task throttle of 25 will be violated.
2025-07-28 21:09:48 -0500 :: hercules-login-1.hpc.msstate.edu :: Cannot submit gfs_atmos_prod_f066-f072, because maximum global task throttle of 25 will be violated.
2025-07-28 21:09:48 -0500 :: hercules-login-1.hpc.msstate.edu :: Cannot submit gfs_atmos_prod_f075-f081, because maximum global task throttle of 25 will be violated.
2025-07-28 21:09:48 -0500 :: hercules-login-1.hpc.msstate.edu :: Cannot submit gfs_atmos_prod_f084-f090, because maximum global task throttle of 25 will be violated.
2025-07-28 21:09:48 -0500 :: hercules-login-1.hpc.msstate.edu :: Cannot submit gfs_atmos_prod_f093-f099, because maximum global task throttle of 25 will be violated.
2025-07-28 21:09:48 -0500 :: hercules-login-1.hpc.msstate.edu :: Cannot submit gfs_atmos_prod_f102-f108, because maximum global task throttle of 25 will be violated.
2025-07-28 21:09:48 -0500 :: hercules-login-1.hpc.msstate.edu :: Cannot submit gfs_atmos_prod_f111-f114, because maximum global task throttle of 25 will be violated.
2025-07-28 21:09:48 -0500 :: hercules-login-1.hpc.msstate.edu :: Cannot submit gfs_atmos_prod_f117-f120, because maximum global task throttle of 25 will be violated.
2025-07-28 21:09:48 -0500 :: hercules-login-1.hpc.msstate.edu :: Cannot submit gfs_ocean_prod_f012, because maximum global task throttle of 25 will be violated.
2025-07-28 21:09:48 -0500 :: hercules-login-1.hpc.msstate.edu :: Cannot submit gfs_ocean_prod_f018, because maximum global task throttle of 25 will be violated.
2025-07-28 21:09:48 -0500 :: hercules-login-1.hpc.msstate.edu :: Cannot submit gfs_ocean_prod_f024, because maximum global task throttle of 25 will be violated.
2025-07-28 21:09:48 -0500 :: hercules-login-1.hpc.msstate.edu :: Cannot submit gfs_ocean_prod_f030, because maximum global task throttle of 25 will be violated.
2025-07-28 21:09:48 -0500 :: hercules-login-1.hpc.msstate.edu :: Cannot submit gfs_ocean_prod_f036, because maximum global task throttle of 25 will be violated.
2025-07-28 21:09:48 -0500 :: hercules-login-1.hpc.msstate.edu :: Cannot submit gfs_ocean_prod_f042, because maximum global task throttle of 25 will be violated.
2025-07-28 21:09:48 -0500 :: hercules-login-1.hpc.msstate.edu :: Cannot submit gfs_ocean_prod_f048, because maximum global task throttle of 25 will be violated.
2025-07-28 21:09:48 -0500 :: hercules-login-1.hpc.msstate.edu :: Cannot submit gfs_ocean_prod_f054, because maximum global task throttle of 25 will be violated.
2025-07-28 21:09:48 -0500 :: hercules-login-1.hpc.msstate.edu :: Cannot submit gfs_ocean_prod_f060, because maximum global task throttle of 25 will be violated.
2025-07-28 21:09:48 -0500 :: hercules-login-1.hpc.msstate.edu :: Cannot submit gfs_ocean_prod_f066, because maximum global task throttle of 25 will be violated.
2025-07-28 21:09:48 -0500 :: hercules-login-1.hpc.msstate.edu :: Cannot submit gfs_ocean_prod_f072, because maximum global task throttle of 25 will be violated.
2025-07-28 21:09:48 -0500 :: hercules-login-1.hpc.msstate.edu :: Cannot submit gfs_ocean_prod_f078, because maximum global task throttle of 25 will be violated.
2025-07-28 21:09:48 -0500 :: hercules-login-1.hpc.msstate.edu :: Cannot submit gfs_ocean_prod_f084, because maximum global task throttle of 25 will be violated.
2025-07-28 21:09:48 -0500 :: hercules-login-1.hpc.msstate.edu :: Cannot submit gfs_ocean_prod_f090, because maximum global task throttle of 25 will be violated.
2025-07-28 21:09:48 -0500 :: hercules-login-1.hpc.msstate.edu :: Cannot submit gfs_ocean_prod_f096, because maximum global task throttle of 25 will be violated.
2025-07-28 21:09:48 -0500 :: hercules-login-1.hpc.msstate.edu :: Cannot submit gfs_ocean_prod_f102, because maximum global task throttle of 25 will be violated.
2025-07-28 21:09:48 -0500 :: hercules-login-1.hpc.msstate.edu :: Cannot submit gfs_ocean_prod_f108, because maximum global task throttle of 25 will be violated.
2025-07-28 21:09:48 -0500 :: hercules-login-1.hpc.msstate.edu :: Cannot submit gfs_ocean_prod_f114, because maximum global task throttle of 25 will be violated.
2025-07-28 21:09:48 -0500 :: hercules-login-1.hpc.msstate.edu :: Cannot submit gfs_ocean_prod_f120, because maximum global task throttle of 25 will be violated.
2025-07-28 21:09:48 -0500 :: hercules-login-1.hpc.msstate.edu :: Cannot submit gfs_ice_prod_f024, because maximum global task throttle of 25 will be violated.
2025-07-28 21:09:48 -0500 :: hercules-login-1.hpc.msstate.edu :: Cannot submit gfs_ice_prod_f030, because maximum global task throttle of 25 will be violated.
2025-07-28 21:09:48 -0500 :: hercules-login-1.hpc.msstate.edu :: Cannot submit gfs_ice_prod_f036, because maximum global task throttle of 25 will be violated.
2025-07-28 21:09:48 -0500 :: hercules-login-1.hpc.msstate.edu :: Cannot submit gfs_ice_prod_f042, because maximum global task throttle of 25 will be violated.
2025-07-28 21:09:48 -0500 :: hercules-login-1.hpc.msstate.edu :: Cannot submit gfs_ice_prod_f048, because maximum global task throttle of 25 will be violated.
2025-07-28 21:09:48 -0500 :: hercules-login-1.hpc.msstate.edu :: Cannot submit gfs_ice_prod_f054, because maximum global task throttle of 25 will be violated.
2025-07-28 21:09:48 -0500 :: hercules-login-1.hpc.msstate.edu :: Cannot submit gfs_ice_prod_f060, because maximum global task throttle of 25 will be violated.
2025-07-28 21:09:48 -0500 :: hercules-login-1.hpc.msstate.edu :: Cannot submit gfs_ice_prod_f066, because maximum global task throttle of 25 will be violated.
2025-07-28 21:09:48 -0500 :: hercules-login-1.hpc.msstate.edu :: Cannot submit gfs_ice_prod_f072, because maximum global task throttle of 25 will be violated.
2025-07-28 21:09:48 -0500 :: hercules-login-1.hpc.msstate.edu :: Cannot submit gfs_ice_prod_f078, because maximum global task throttle of 25 will be violated.
2025-07-28 21:09:48 -0500 :: hercules-login-1.hpc.msstate.edu :: Cannot submit gfs_ice_prod_f084, because maximum global task throttle of 25 will be violated.
2025-07-28 21:09:48 -0500 :: hercules-login-1.hpc.msstate.edu :: Cannot submit gfs_ice_prod_f090, because maximum global task throttle of 25 will be violated.
2025-07-28 21:09:48 -0500 :: hercules-login-1.hpc.msstate.edu :: Cannot submit gfs_ice_prod_f096, because maximum global task throttle of 25 will be violated.
2025-07-28 21:09:48 -0500 :: hercules-login-1.hpc.msstate.edu :: Cannot submit gfs_ice_prod_f102, because maximum global task throttle of 25 will be violated.
2025-07-28 21:09:48 -0500 :: hercules-login-1.hpc.msstate.edu :: Cannot submit gfs_ice_prod_f108, because maximum global task throttle of 25 will be violated.
2025-07-28 21:09:48 -0500 :: hercules-login-1.hpc.msstate.edu :: Cannot submit gfs_ice_prod_f114, because maximum global task throttle of 25 will be violated.
2025-07-28 21:09:48 -0500 :: hercules-login-1.hpc.msstate.edu :: Cannot submit gfs_ice_prod_f120, because maximum global task throttle of 25 will be violated.
2025-07-28 21:09:48 -0500 :: hercules-login-1.hpc.msstate.edu :: Cannot submit gfs_wavepostsbs_f033-f035, because maximum global task throttle of 25 will be violated.
2025-07-28 21:09:48 -0500 :: hercules-login-1.hpc.msstate.edu :: Cannot submit gfs_wavepostsbs_f036-f038, because maximum global task throttle of 25 will be violated.
2025-07-28 21:09:48 -0500 :: hercules-login-1.hpc.msstate.edu :: Cannot submit gfs_wavepostsbs_f039-f041, because maximum global task throttle of 25 will be violated.
2025-07-28 21:09:48 -0500 :: hercules-login-1.hpc.msstate.edu :: Cannot submit gfs_wavepostsbs_f042-f044, because maximum global task throttle of 25 will be violated.
2025-07-28 21:09:48 -0500 :: hercules-login-1.hpc.msstate.edu :: Cannot submit gfs_wavepostsbs_f045-f047, because maximum global task throttle of 25 will be violated.
2025-07-28 21:09:48 -0500 :: hercules-login-1.hpc.msstate.edu :: Cannot submit gfs_wavepostsbs_f048-f054, because maximum global task throttle of 25 will be violated.
2025-07-28 21:09:48 -0500 :: hercules-login-1.hpc.msstate.edu :: Cannot submit gfs_wavepostsbs_f057-f063, because maximum global task throttle of 25 will be violated.
2025-07-28 21:09:48 -0500 :: hercules-login-1.hpc.msstate.edu :: Cannot submit gfs_wavepostsbs_f066-f072, because maximum global task throttle of 25 will be violated.
2025-07-28 21:09:48 -0500 :: hercules-login-1.hpc.msstate.edu :: Cannot submit gfs_wavepostsbs_f075-f081, because maximum global task throttle of 25 will be violated.
2025-07-28 21:09:48 -0500 :: hercules-login-1.hpc.msstate.edu :: Cannot submit gfs_wavepostsbs_f084-f090, because maximum global task throttle of 25 will be violated.
2025-07-28 21:09:48 -0500 :: hercules-login-1.hpc.msstate.edu :: Cannot submit gfs_wavepostsbs_f093-f099, because maximum global task throttle of 25 will be violated.
2025-07-28 21:09:48 -0500 :: hercules-login-1.hpc.msstate.edu :: Cannot submit gfs_wavepostsbs_f102-f108, because maximum global task throttle of 25 will be violated.
2025-07-28 21:09:48 -0500 :: hercules-login-1.hpc.msstate.edu :: Cannot submit gfs_wavepostsbs_f111-f114, because maximum global task throttle of 25 will be violated.
2025-07-28 21:09:48 -0500 :: hercules-login-1.hpc.msstate.edu :: Cannot submit gfs_wavepostsbs_f117-f120, because maximum global task throttle of 25 will be violated.
2025-07-28 21:09:48 -0500 :: hercules-login-1.hpc.msstate.edu :: Cannot submit gfs_wavepostbndpnt, because maximum global task throttle of 25 will be violated.
2025-07-28 21:09:48 -0500 :: hercules-login-1.hpc.msstate.edu :: Cannot submit gfs_wavepostbndpntbll, because maximum global task throttle of 25 will be violated.
2025-07-28 21:09:48 -0500 :: hercules-login-1.hpc.msstate.edu :: Cannot submit gfs_wavepostpnt, because maximum global task throttle of 25 will be violated.
2025-07-28 21:09:48 -0500 :: hercules-login-1.hpc.msstate.edu :: Submission of gfs_atmos_prod_f045-f047 succeeded, jobid=5951544
2025-07-28 21:09:48 -0500 :: hercules-login-1.hpc.msstate.edu :: Submission of gfs_atmos_prod_f048-f054 succeeded, jobid=5951545
2025-07-28 21:15:50 -0500 :: hercules-login-1.hpc.msstate.edu :: Task gfs_atmos_prod_f009-f011, jobid=5950998, in state RUNNING (RUNNING)
2025-07-28 21:15:50 -0500 :: hercules-login-1.hpc.msstate.edu :: Task gfs_atmos_prod_f012-f014, jobid=5950999, in state QUEUED (PENDING)
2025-07-28 21:15:50 -0500 :: hercules-login-1.hpc.msstate.edu :: Task gfs_atmos_prod_f015-f017, jobid=5951000, in state QUEUED (PENDING)
2025-07-28 21:15:50 -0500 :: hercules-login-1.hpc.msstate.edu :: Task gfs_atmos_prod_f018-f020, jobid=5951001, in state QUEUED (PENDING)
2025-07-28 21:15:50 -0500 :: hercules-login-1.hpc.msstate.edu :: Task gfs_atmos_prod_f021-f023, jobid=5951060, in state QUEUED (PENDING)
2025-07-28 21:15:50 -0500 :: hercules-login-1.hpc.msstate.edu :: Task gfs_atmos_prod_f024-f026, jobid=5951061, in state QUEUED (PENDING)
2025-07-28 21:15:50 -0500 :: hercules-login-1.hpc.msstate.edu :: Task gfs_atmos_prod_f027-f029, jobid=5951062, in state QUEUED (PENDING)
2025-07-28 21:15:50 -0500 :: hercules-login-1.hpc.msstate.edu :: Task gfs_atmos_prod_f030-f032, jobid=5951063, in state QUEUED (PENDING)
2025-07-28 21:15:50 -0500 :: hercules-login-1.hpc.msstate.edu :: Task gfs_atmos_prod_f033-f035, jobid=5951064, in state QUEUED (PENDING)
2025-07-28 21:15:50 -0500 :: hercules-login-1.hpc.msstate.edu :: Task gfs_atmos_prod_f036-f038, jobid=5951065, in state QUEUED (PENDING)
2025-07-28 21:15:50 -0500 :: hercules-login-1.hpc.msstate.edu :: Task gfs_atmos_prod_f039-f041, jobid=5951115, in state QUEUED (PENDING)
2025-07-28 21:15:50 -0500 :: hercules-login-1.hpc.msstate.edu :: Task gfs_atmos_prod_f042-f044, jobid=5951482, in state QUEUED (PENDING)
2025-07-28 21:15:50 -0500 :: hercules-login-1.hpc.msstate.edu :: Task gfs_atmos_prod_f045-f047, jobid=5951544, in state QUEUED (PENDING)
2025-07-28 21:15:50 -0500 :: hercules-login-1.hpc.msstate.edu :: Task gfs_atmos_prod_f048-f054, jobid=5951545, in state QUEUED (PENDING)
2025-07-28 21:15:50 -0500 :: hercules-login-1.hpc.msstate.edu :: Task gfs_wavepostsbs_f000-f002, jobid=5951006, in state QUEUED (PENDING)
2025-07-28 21:15:50 -0500 :: hercules-login-1.hpc.msstate.edu :: Task gfs_wavepostsbs_f003-f005, jobid=5951007, in state QUEUED (PENDING)
2025-07-28 21:15:50 -0500 :: hercules-login-1.hpc.msstate.edu :: Task gfs_wavepostsbs_f006-f008, jobid=5951008, in state QUEUED (PENDING)
2025-07-28 21:15:50 -0500 :: hercules-login-1.hpc.msstate.edu :: Task gfs_wavepostsbs_f009-f011, jobid=5951009, in state QUEUED (PENDING)
2025-07-28 21:15:50 -0500 :: hercules-login-1.hpc.msstate.edu :: Task gfs_wavepostsbs_f012-f014, jobid=5951010, in state QUEUED (PENDING)
2025-07-28 21:15:50 -0500 :: hercules-login-1.hpc.msstate.edu :: Task gfs_wavepostsbs_f015-f017, jobid=5951011, in state QUEUED (PENDING)
2025-07-28 21:15:50 -0500 :: hercules-login-1.hpc.msstate.edu :: Task gfs_wavepostsbs_f018-f020, jobid=5951012, in state QUEUED (PENDING)
2025-07-28 21:15:50 -0500 :: hercules-login-1.hpc.msstate.edu :: Task gfs_wavepostsbs_f021-f023, jobid=5951013, in state QUEUED (PENDING)
2025-07-28 21:15:50 -0500 :: hercules-login-1.hpc.msstate.edu :: Task gfs_wavepostsbs_f024-f026, jobid=5951014, in state QUEUED (PENDING)
2025-07-28 21:15:50 -0500 :: hercules-login-1.hpc.msstate.edu :: Task gfs_wavepostsbs_f027-f029, jobid=5951015, in state QUEUED (PENDING)
2025-07-28 21:15:50 -0500 :: hercules-login-1.hpc.msstate.edu :: Task gfs_wavepostsbs_f030-f032, jobid=5951016, in state QUEUED (PENDING)
2025-07-28 21:15:50 -0500 :: hercules-login-1.hpc.msstate.edu :: Cannot submit gfs_atmos_prod_f057-f063, because maximum global task throttle of 25 will be violated.
2025-07-28 21:15:50 -0500 :: hercules-login-1.hpc.msstate.edu :: Cannot submit gfs_atmos_prod_f066-f072, because maximum global task throttle of 25 will be violated.
2025-07-28 21:15:50 -0500 :: hercules-login-1.hpc.msstate.edu :: Cannot submit gfs_atmos_prod_f075-f081, because maximum global task throttle of 25 will be violated.
2025-07-28 21:15:50 -0500 :: hercules-login-1.hpc.msstate.edu :: Cannot submit gfs_atmos_prod_f084-f090, because maximum global task throttle of 25 will be violated.
2025-07-28 21:15:50 -0500 :: hercules-login-1.hpc.msstate.edu :: Cannot submit gfs_atmos_prod_f093-f099, because maximum global task throttle of 25 will be violated.
2025-07-28 21:15:50 -0500 :: hercules-login-1.hpc.msstate.edu :: Cannot submit gfs_atmos_prod_f102-f108, because maximum global task throttle of 25 will be violated.
2025-07-28 21:15:50 -0500 :: hercules-login-1.hpc.msstate.edu :: Cannot submit gfs_atmos_prod_f111-f114, because maximum global task throttle of 25 will be violated.
2025-07-28 21:15:50 -0500 :: hercules-login-1.hpc.msstate.edu :: Cannot submit gfs_atmos_prod_f117-f120, because maximum global task throttle of 25 will be violated.
2025-07-28 21:15:50 -0500 :: hercules-login-1.hpc.msstate.edu :: Cannot submit gfs_ocean_prod_f012, because maximum global task throttle of 25 will be violated.
2025-07-28 21:15:50 -0500 :: hercules-login-1.hpc.msstate.edu :: Cannot submit gfs_ocean_prod_f018, because maximum global task throttle of 25 will be violated.
2025-07-28 21:15:50 -0500 :: hercules-login-1.hpc.msstate.edu :: Cannot submit gfs_ocean_prod_f024, because maximum global task throttle of 25 will be violated.
2025-07-28 21:15:50 -0500 :: hercules-login-1.hpc.msstate.edu :: Cannot submit gfs_ocean_prod_f030, because maximum global task throttle of 25 will be violated.
2025-07-28 21:15:50 -0500 :: hercules-login-1.hpc.msstate.edu :: Cannot submit gfs_ocean_prod_f036, because maximum global task throttle of 25 will be violated.
2025-07-28 21:15:50 -0500 :: hercules-login-1.hpc.msstate.edu :: Cannot submit gfs_ocean_prod_f042, because maximum global task throttle of 25 will be violated.
2025-07-28 21:15:50 -0500 :: hercules-login-1.hpc.msstate.edu :: Cannot submit gfs_ocean_prod_f048, because maximum global task throttle of 25 will be violated.
2025-07-28 21:15:50 -0500 :: hercules-login-1.hpc.msstate.edu :: Cannot submit gfs_ocean_prod_f054, because maximum global task throttle of 25 will be violated.
2025-07-28 21:15:50 -0500 :: hercules-login-1.hpc.msstate.edu :: Cannot submit gfs_ocean_prod_f060, because maximum global task throttle of 25 will be violated.
2025-07-28 21:15:50 -0500 :: hercules-login-1.hpc.msstate.edu :: Cannot submit gfs_ocean_prod_f066, because maximum global task throttle of 25 will be violated.
2025-07-28 21:15:50 -0500 :: hercules-login-1.hpc.msstate.edu :: Cannot submit gfs_ocean_prod_f072, because maximum global task throttle of 25 will be violated.
2025-07-28 21:15:50 -0500 :: hercules-login-1.hpc.msstate.edu :: Cannot submit gfs_ocean_prod_f078, because maximum global task throttle of 25 will be violated.
2025-07-28 21:15:50 -0500 :: hercules-login-1.hpc.msstate.edu :: Cannot submit gfs_ocean_prod_f084, because maximum global task throttle of 25 will be violated.
2025-07-28 21:15:50 -0500 :: hercules-login-1.hpc.msstate.edu :: Cannot submit gfs_ocean_prod_f090, because maximum global task throttle of 25 will be violated.
2025-07-28 21:15:50 -0500 :: hercules-login-1.hpc.msstate.edu :: Cannot submit gfs_ocean_prod_f096, because maximum global task throttle of 25 will be violated.
2025-07-28 21:15:50 -0500 :: hercules-login-1.hpc.msstate.edu :: Cannot submit gfs_ocean_prod_f102, because maximum global task throttle of 25 will be violated.
2025-07-28 21:15:50 -0500 :: hercules-login-1.hpc.msstate.edu :: Cannot submit gfs_ocean_prod_f108, because maximum global task throttle of 25 will be violated.
2025-07-28 21:15:50 -0500 :: hercules-login-1.hpc.msstate.edu :: Cannot submit gfs_ocean_prod_f114, because maximum global task throttle of 25 will be violated.
2025-07-28 21:15:50 -0500 :: hercules-login-1.hpc.msstate.edu :: Cannot submit gfs_ocean_prod_f120, because maximum global task throttle of 25 will be violated.
2025-07-28 21:15:50 -0500 :: hercules-login-1.hpc.msstate.edu :: Cannot submit gfs_ice_prod_f024, because maximum global task throttle of 25 will be violated.
2025-07-28 21:15:50 -0500 :: hercules-login-1.hpc.msstate.edu :: Cannot submit gfs_ice_prod_f030, because maximum global task throttle of 25 will be violated.
2025-07-28 21:15:50 -0500 :: hercules-login-1.hpc.msstate.edu :: Cannot submit gfs_ice_prod_f036, because maximum global task throttle of 25 will be violated.
2025-07-28 21:15:50 -0500 :: hercules-login-1.hpc.msstate.edu :: Cannot submit gfs_ice_prod_f042, because maximum global task throttle of 25 will be violated.
2025-07-28 21:15:50 -0500 :: hercules-login-1.hpc.msstate.edu :: Cannot submit gfs_ice_prod_f048, because maximum global task throttle of 25 will be violated.
2025-07-28 21:15:50 -0500 :: hercules-login-1.hpc.msstate.edu :: Cannot submit gfs_ice_prod_f054, because maximum global task throttle of 25 will be violated.
2025-07-28 21:15:50 -0500 :: hercules-login-1.hpc.msstate.edu :: Cannot submit gfs_ice_prod_f060, because maximum global task throttle of 25 will be violated.
2025-07-28 21:15:50 -0500 :: hercules-login-1.hpc.msstate.edu :: Cannot submit gfs_ice_prod_f066, because maximum global task throttle of 25 will be violated.
2025-07-28 21:15:50 -0500 :: hercules-login-1.hpc.msstate.edu :: Cannot submit gfs_ice_prod_f072, because maximum global task throttle of 25 will be violated.
2025-07-28 21:15:50 -0500 :: hercules-login-1.hpc.msstate.edu :: Cannot submit gfs_ice_prod_f078, because maximum global task throttle of 25 will be violated.
2025-07-28 21:15:50 -0500 :: hercules-login-1.hpc.msstate.edu :: Cannot submit gfs_ice_prod_f084, because maximum global task throttle of 25 will be violated.
2025-07-28 21:15:50 -0500 :: hercules-login-1.hpc.msstate.edu :: Cannot submit gfs_ice_prod_f090, because maximum global task throttle of 25 will be violated.
2025-07-28 21:15:50 -0500 :: hercules-login-1.hpc.msstate.edu :: Cannot submit gfs_ice_prod_f096, because maximum global task throttle of 25 will be violated.
2025-07-28 21:15:50 -0500 :: hercules-login-1.hpc.msstate.edu :: Cannot submit gfs_ice_prod_f102, because maximum global task throttle of 25 will be violated.
2025-07-28 21:15:50 -0500 :: hercules-login-1.hpc.msstate.edu :: Cannot submit gfs_ice_prod_f108, because maximum global task throttle of 25 will be violated.
2025-07-28 21:15:50 -0500 :: hercules-login-1.hpc.msstate.edu :: Cannot submit gfs_ice_prod_f114, because maximum global task throttle of 25 will be violated.
2025-07-28 21:15:50 -0500 :: hercules-login-1.hpc.msstate.edu :: Cannot submit gfs_ice_prod_f120, because maximum global task throttle of 25 will be violated.
2025-07-28 21:15:50 -0500 :: hercules-login-1.hpc.msstate.edu :: Cannot submit gfs_wavepostsbs_f033-f035, because maximum global task throttle of 25 will be violated.
2025-07-28 21:15:50 -0500 :: hercules-login-1.hpc.msstate.edu :: Cannot submit gfs_wavepostsbs_f036-f038, because maximum global task throttle of 25 will be violated.
2025-07-28 21:15:50 -0500 :: hercules-login-1.hpc.msstate.edu :: Cannot submit gfs_wavepostsbs_f039-f041, because maximum global task throttle of 25 will be violated.
2025-07-28 21:15:50 -0500 :: hercules-login-1.hpc.msstate.edu :: Cannot submit gfs_wavepostsbs_f042-f044, because maximum global task throttle of 25 will be violated.
2025-07-28 21:15:50 -0500 :: hercules-login-1.hpc.msstate.edu :: Cannot submit gfs_wavepostsbs_f045-f047, because maximum global task throttle of 25 will be violated.
2025-07-28 21:15:51 -0500 :: hercules-login-1.hpc.msstate.edu :: Cannot submit gfs_wavepostsbs_f048-f054, because maximum global task throttle of 25 will be violated.
2025-07-28 21:15:51 -0500 :: hercules-login-1.hpc.msstate.edu :: Cannot submit gfs_wavepostsbs_f057-f063, because maximum global task throttle of 25 will be violated.
2025-07-28 21:15:51 -0500 :: hercules-login-1.hpc.msstate.edu :: Cannot submit gfs_wavepostsbs_f066-f072, because maximum global task throttle of 25 will be violated.
2025-07-28 21:15:51 -0500 :: hercules-login-1.hpc.msstate.edu :: Cannot submit gfs_wavepostsbs_f075-f081, because maximum global task throttle of 25 will be violated.
2025-07-28 21:15:51 -0500 :: hercules-login-1.hpc.msstate.edu :: Cannot submit gfs_wavepostsbs_f084-f090, because maximum global task throttle of 25 will be violated.
2025-07-28 21:15:51 -0500 :: hercules-login-1.hpc.msstate.edu :: Cannot submit gfs_wavepostsbs_f093-f099, because maximum global task throttle of 25 will be violated.
2025-07-28 21:15:51 -0500 :: hercules-login-1.hpc.msstate.edu :: Cannot submit gfs_wavepostsbs_f102-f108, because maximum global task throttle of 25 will be violated.
2025-07-28 21:15:51 -0500 :: hercules-login-1.hpc.msstate.edu :: Cannot submit gfs_wavepostsbs_f111-f114, because maximum global task throttle of 25 will be violated.
2025-07-28 21:15:51 -0500 :: hercules-login-1.hpc.msstate.edu :: Cannot submit gfs_wavepostsbs_f117-f120, because maximum global task throttle of 25 will be violated.
2025-07-28 21:15:51 -0500 :: hercules-login-1.hpc.msstate.edu :: Cannot submit gfs_wavepostbndpnt, because maximum global task throttle of 25 will be violated.
2025-07-28 21:15:51 -0500 :: hercules-login-1.hpc.msstate.edu :: Cannot submit gfs_wavepostbndpntbll, because maximum global task throttle of 25 will be violated.
2025-07-28 21:15:51 -0500 :: hercules-login-1.hpc.msstate.edu :: Cannot submit gfs_wavepostpnt, because maximum global task throttle of 25 will be violated.
2025-07-28 21:21:53 -0500 :: hercules-login-1.hpc.msstate.edu :: Task gfs_atmos_prod_f009-f011, jobid=5950998, in state SUCCEEDED (COMPLETED), ran for 274.0 seconds, exit status=0, try=1 (of 2)
2025-07-28 21:21:53 -0500 :: hercules-login-1.hpc.msstate.edu :: Task gfs_atmos_prod_f012-f014, jobid=5950999, in state RUNNING (RUNNING)
2025-07-28 21:21:53 -0500 :: hercules-login-1.hpc.msstate.edu :: Task gfs_atmos_prod_f015-f017, jobid=5951000, in state RUNNING (RUNNING)
2025-07-28 21:21:53 -0500 :: hercules-login-1.hpc.msstate.edu :: Task gfs_atmos_prod_f018-f020, jobid=5951001, in state RUNNING (RUNNING)
2025-07-28 21:21:53 -0500 :: hercules-login-1.hpc.msstate.edu :: Task gfs_atmos_prod_f021-f023, jobid=5951060, in state QUEUED (PENDING)
2025-07-28 21:21:53 -0500 :: hercules-login-1.hpc.msstate.edu :: Task gfs_atmos_prod_f024-f026, jobid=5951061, in state QUEUED (PENDING)
2025-07-28 21:21:53 -0500 :: hercules-login-1.hpc.msstate.edu :: Task gfs_atmos_prod_f027-f029, jobid=5951062, in state QUEUED (PENDING)
2025-07-28 21:21:53 -0500 :: hercules-login-1.hpc.msstate.edu :: Task gfs_atmos_prod_f030-f032, jobid=5951063, in state QUEUED (PENDING)
2025-07-28 21:21:53 -0500 :: hercules-login-1.hpc.msstate.edu :: Task gfs_atmos_prod_f033-f035, jobid=5951064, in state QUEUED (PENDING)
2025-07-28 21:21:53 -0500 :: hercules-login-1.hpc.msstate.edu :: Task gfs_atmos_prod_f036-f038, jobid=5951065, in state QUEUED (PENDING)
2025-07-28 21:21:53 -0500 :: hercules-login-1.hpc.msstate.edu :: Task gfs_atmos_prod_f039-f041, jobid=5951115, in state QUEUED (PENDING)
2025-07-28 21:21:53 -0500 :: hercules-login-1.hpc.msstate.edu :: Task gfs_atmos_prod_f042-f044, jobid=5951482, in state QUEUED (PENDING)
2025-07-28 21:21:53 -0500 :: hercules-login-1.hpc.msstate.edu :: Task gfs_atmos_prod_f045-f047, jobid=5951544, in state QUEUED (PENDING)
2025-07-28 21:21:53 -0500 :: hercules-login-1.hpc.msstate.edu :: Task gfs_atmos_prod_f048-f054, jobid=5951545, in state QUEUED (PENDING)
2025-07-28 21:21:53 -0500 :: hercules-login-1.hpc.msstate.edu :: Task gfs_wavepostsbs_f000-f002, jobid=5951006, in state SUCCEEDED (COMPLETED), ran for 70.0 seconds, exit status=0, try=1 (of 2)
2025-07-28 21:21:53 -0500 :: hercules-login-1.hpc.msstate.edu :: Task gfs_wavepostsbs_f003-f005, jobid=5951007, in state SUCCEEDED (COMPLETED), ran for 73.0 seconds, exit status=0, try=1 (of 2)
2025-07-28 21:21:53 -0500 :: hercules-login-1.hpc.msstate.edu :: Task gfs_wavepostsbs_f006-f008, jobid=5951008, in state SUCCEEDED (COMPLETED), ran for 76.0 seconds, exit status=0, try=1 (of 2)
2025-07-28 21:21:53 -0500 :: hercules-login-1.hpc.msstate.edu :: Task gfs_wavepostsbs_f009-f011, jobid=5951009, in state SUCCEEDED (COMPLETED), ran for 75.0 seconds, exit status=0, try=1 (of 2)
2025-07-28 21:21:53 -0500 :: hercules-login-1.hpc.msstate.edu :: Task gfs_wavepostsbs_f012-f014, jobid=5951010, in state SUCCEEDED (COMPLETED), ran for 73.0 seconds, exit status=0, try=1 (of 2)
2025-07-28 21:21:53 -0500 :: hercules-login-1.hpc.msstate.edu :: Task gfs_wavepostsbs_f015-f017, jobid=5951011, in state SUCCEEDED (COMPLETED), ran for 74.0 seconds, exit status=0, try=1 (of 2)
2025-07-28 21:21:53 -0500 :: hercules-login-1.hpc.msstate.edu :: Task gfs_wavepostsbs_f018-f020, jobid=5951012, in state SUCCEEDED (COMPLETED), ran for 74.0 seconds, exit status=0, try=1 (of 2)
2025-07-28 21:21:53 -0500 :: hercules-login-1.hpc.msstate.edu :: Task gfs_wavepostsbs_f021-f023, jobid=5951013, in state SUCCEEDED (COMPLETED), ran for 75.0 seconds, exit status=0, try=1 (of 2)
2025-07-28 21:21:53 -0500 :: hercules-login-1.hpc.msstate.edu :: Task gfs_wavepostsbs_f024-f026, jobid=5951014, in state SUCCEEDED (COMPLETED), ran for 75.0 seconds, exit status=0, try=1 (of 2)
2025-07-28 21:21:53 -0500 :: hercules-login-1.hpc.msstate.edu :: Task gfs_wavepostsbs_f027-f029, jobid=5951015, in state SUCCEEDED (COMPLETED), ran for 73.0 seconds, exit status=0, try=1 (of 2)
2025-07-28 21:21:53 -0500 :: hercules-login-1.hpc.msstate.edu :: Task gfs_wavepostsbs_f030-f032, jobid=5951016, in state SUCCEEDED (COMPLETED), ran for 74.0 seconds, exit status=0, try=1 (of 2)
2025-07-28 21:21:53 -0500 :: hercules-login-1.hpc.msstate.edu :: Submitting gfs_atmos_prod_f057-f063
2025-07-28 21:21:53 -0500 :: hercules-login-1.hpc.msstate.edu :: Submitting gfs_atmos_prod_f066-f072
2025-07-28 21:21:53 -0500 :: hercules-login-1.hpc.msstate.edu :: Submitting gfs_atmos_prod_f075-f081
2025-07-28 21:21:53 -0500 :: hercules-login-1.hpc.msstate.edu :: Submitting gfs_atmos_prod_f084-f090
2025-07-28 21:21:53 -0500 :: hercules-login-1.hpc.msstate.edu :: Submitting gfs_atmos_prod_f093-f099
2025-07-28 21:21:53 -0500 :: hercules-login-1.hpc.msstate.edu :: Submitting gfs_atmos_prod_f102-f108
2025-07-28 21:21:53 -0500 :: hercules-login-1.hpc.msstate.edu :: Submitting gfs_atmos_prod_f111-f114
2025-07-28 21:21:53 -0500 :: hercules-login-1.hpc.msstate.edu :: Submitting gfs_atmos_prod_f117-f120
2025-07-28 21:21:53 -0500 :: hercules-login-1.hpc.msstate.edu :: Submitting gfs_ocean_prod_f012
2025-07-28 21:21:53 -0500 :: hercules-login-1.hpc.msstate.edu :: Submitting gfs_ocean_prod_f018
2025-07-28 21:21:53 -0500 :: hercules-login-1.hpc.msstate.edu :: Submitting gfs_ocean_prod_f024
2025-07-28 21:21:53 -0500 :: hercules-login-1.hpc.msstate.edu :: Submitting gfs_ocean_prod_f030
2025-07-28 21:21:53 -0500 :: hercules-login-1.hpc.msstate.edu :: Cannot submit gfs_ocean_prod_f036, because maximum global task throttle of 25 will be violated.
2025-07-28 21:21:53 -0500 :: hercules-login-1.hpc.msstate.edu :: Cannot submit gfs_ocean_prod_f042, because maximum global task throttle of 25 will be violated.
2025-07-28 21:21:53 -0500 :: hercules-login-1.hpc.msstate.edu :: Cannot submit gfs_ocean_prod_f048, because maximum global task throttle of 25 will be violated.
2025-07-28 21:21:53 -0500 :: hercules-login-1.hpc.msstate.edu :: Cannot submit gfs_ocean_prod_f054, because maximum global task throttle of 25 will be violated.
2025-07-28 21:21:53 -0500 :: hercules-login-1.hpc.msstate.edu :: Cannot submit gfs_ocean_prod_f060, because maximum global task throttle of 25 will be violated.
2025-07-28 21:21:53 -0500 :: hercules-login-1.hpc.msstate.edu :: Cannot submit gfs_ocean_prod_f066, because maximum global task throttle of 25 will be violated.
2025-07-28 21:21:53 -0500 :: hercules-login-1.hpc.msstate.edu :: Cannot submit gfs_ocean_prod_f072, because maximum global task throttle of 25 will be violated.
2025-07-28 21:21:53 -0500 :: hercules-login-1.hpc.msstate.edu :: Cannot submit gfs_ocean_prod_f078, because maximum global task throttle of 25 will be violated.
2025-07-28 21:21:53 -0500 :: hercules-login-1.hpc.msstate.edu :: Cannot submit gfs_ocean_prod_f084, because maximum global task throttle of 25 will be violated.
2025-07-28 21:21:53 -0500 :: hercules-login-1.hpc.msstate.edu :: Cannot submit gfs_ocean_prod_f090, because maximum global task throttle of 25 will be violated.
2025-07-28 21:21:53 -0500 :: hercules-login-1.hpc.msstate.edu :: Cannot submit gfs_ocean_prod_f096, because maximum global task throttle of 25 will be violated.
2025-07-28 21:21:53 -0500 :: hercules-login-1.hpc.msstate.edu :: Cannot submit gfs_ocean_prod_f102, because maximum global task throttle of 25 will be violated.
2025-07-28 21:21:53 -0500 :: hercules-login-1.hpc.msstate.edu :: Cannot submit gfs_ocean_prod_f108, because maximum global task throttle of 25 will be violated.
2025-07-28 21:21:53 -0500 :: hercules-login-1.hpc.msstate.edu :: Cannot submit gfs_ocean_prod_f114, because maximum global task throttle of 25 will be violated.
2025-07-28 21:21:53 -0500 :: hercules-login-1.hpc.msstate.edu :: Cannot submit gfs_ocean_prod_f120, because maximum global task throttle of 25 will be violated.
2025-07-28 21:21:53 -0500 :: hercules-login-1.hpc.msstate.edu :: Cannot submit gfs_ice_prod_f024, because maximum global task throttle of 25 will be violated.
2025-07-28 21:21:53 -0500 :: hercules-login-1.hpc.msstate.edu :: Cannot submit gfs_ice_prod_f030, because maximum global task throttle of 25 will be violated.
2025-07-28 21:21:53 -0500 :: hercules-login-1.hpc.msstate.edu :: Cannot submit gfs_ice_prod_f036, because maximum global task throttle of 25 will be violated.
2025-07-28 21:21:53 -0500 :: hercules-login-1.hpc.msstate.edu :: Cannot submit gfs_ice_prod_f042, because maximum global task throttle of 25 will be violated.
2025-07-28 21:21:53 -0500 :: hercules-login-1.hpc.msstate.edu :: Cannot submit gfs_ice_prod_f048, because maximum global task throttle of 25 will be violated.
2025-07-28 21:21:53 -0500 :: hercules-login-1.hpc.msstate.edu :: Cannot submit gfs_ice_prod_f054, because maximum global task throttle of 25 will be violated.
2025-07-28 21:21:53 -0500 :: hercules-login-1.hpc.msstate.edu :: Cannot submit gfs_ice_prod_f060, because maximum global task throttle of 25 will be violated.
2025-07-28 21:21:53 -0500 :: hercules-login-1.hpc.msstate.edu :: Cannot submit gfs_ice_prod_f066, because maximum global task throttle of 25 will be violated.
2025-07-28 21:21:53 -0500 :: hercules-login-1.hpc.msstate.edu :: Cannot submit gfs_ice_prod_f072, because maximum global task throttle of 25 will be violated.
2025-07-28 21:21:53 -0500 :: hercules-login-1.hpc.msstate.edu :: Cannot submit gfs_ice_prod_f078, because maximum global task throttle of 25 will be violated.
2025-07-28 21:21:53 -0500 :: hercules-login-1.hpc.msstate.edu :: Cannot submit gfs_ice_prod_f084, because maximum global task throttle of 25 will be violated.
2025-07-28 21:21:53 -0500 :: hercules-login-1.hpc.msstate.edu :: Cannot submit gfs_ice_prod_f090, because maximum global task throttle of 25 will be violated.
2025-07-28 21:21:53 -0500 :: hercules-login-1.hpc.msstate.edu :: Cannot submit gfs_ice_prod_f096, because maximum global task throttle of 25 will be violated.
2025-07-28 21:21:53 -0500 :: hercules-login-1.hpc.msstate.edu :: Cannot submit gfs_ice_prod_f102, because maximum global task throttle of 25 will be violated.
2025-07-28 21:21:53 -0500 :: hercules-login-1.hpc.msstate.edu :: Cannot submit gfs_ice_prod_f108, because maximum global task throttle of 25 will be violated.
2025-07-28 21:21:53 -0500 :: hercules-login-1.hpc.msstate.edu :: Cannot submit gfs_ice_prod_f114, because maximum global task throttle of 25 will be violated.
2025-07-28 21:21:53 -0500 :: hercules-login-1.hpc.msstate.edu :: Cannot submit gfs_ice_prod_f120, because maximum global task throttle of 25 will be violated.
2025-07-28 21:21:53 -0500 :: hercules-login-1.hpc.msstate.edu :: Cannot submit gfs_wavepostsbs_f033-f035, because maximum global task throttle of 25 will be violated.
2025-07-28 21:21:53 -0500 :: hercules-login-1.hpc.msstate.edu :: Cannot submit gfs_wavepostsbs_f036-f038, because maximum global task throttle of 25 will be violated.
2025-07-28 21:21:53 -0500 :: hercules-login-1.hpc.msstate.edu :: Cannot submit gfs_wavepostsbs_f039-f041, because maximum global task throttle of 25 will be violated.
2025-07-28 21:21:53 -0500 :: hercules-login-1.hpc.msstate.edu :: Cannot submit gfs_wavepostsbs_f042-f044, because maximum global task throttle of 25 will be violated.
2025-07-28 21:21:53 -0500 :: hercules-login-1.hpc.msstate.edu :: Cannot submit gfs_wavepostsbs_f045-f047, because maximum global task throttle of 25 will be violated.
2025-07-28 21:21:53 -0500 :: hercules-login-1.hpc.msstate.edu :: Cannot submit gfs_wavepostsbs_f048-f054, because maximum global task throttle of 25 will be violated.
2025-07-28 21:21:53 -0500 :: hercules-login-1.hpc.msstate.edu :: Cannot submit gfs_wavepostsbs_f057-f063, because maximum global task throttle of 25 will be violated.
2025-07-28 21:21:53 -0500 :: hercules-login-1.hpc.msstate.edu :: Cannot submit gfs_wavepostsbs_f066-f072, because maximum global task throttle of 25 will be violated.
2025-07-28 21:21:53 -0500 :: hercules-login-1.hpc.msstate.edu :: Cannot submit gfs_wavepostsbs_f075-f081, because maximum global task throttle of 25 will be violated.
2025-07-28 21:21:53 -0500 :: hercules-login-1.hpc.msstate.edu :: Cannot submit gfs_wavepostsbs_f084-f090, because maximum global task throttle of 25 will be violated.
2025-07-28 21:21:53 -0500 :: hercules-login-1.hpc.msstate.edu :: Cannot submit gfs_wavepostsbs_f093-f099, because maximum global task throttle of 25 will be violated.
2025-07-28 21:21:53 -0500 :: hercules-login-1.hpc.msstate.edu :: Cannot submit gfs_wavepostsbs_f102-f108, because maximum global task throttle of 25 will be violated.
2025-07-28 21:21:53 -0500 :: hercules-login-1.hpc.msstate.edu :: Cannot submit gfs_wavepostsbs_f111-f114, because maximum global task throttle of 25 will be violated.
2025-07-28 21:21:53 -0500 :: hercules-login-1.hpc.msstate.edu :: Cannot submit gfs_wavepostsbs_f117-f120, because maximum global task throttle of 25 will be violated.
2025-07-28 21:21:53 -0500 :: hercules-login-1.hpc.msstate.edu :: Cannot submit gfs_wavepostbndpnt, because maximum global task throttle of 25 will be violated.
2025-07-28 21:21:53 -0500 :: hercules-login-1.hpc.msstate.edu :: Cannot submit gfs_wavepostbndpntbll, because maximum global task throttle of 25 will be violated.
2025-07-28 21:21:53 -0500 :: hercules-login-1.hpc.msstate.edu :: Cannot submit gfs_wavepostpnt, because maximum global task throttle of 25 will be violated.
2025-07-28 21:21:53 -0500 :: hercules-login-1.hpc.msstate.edu :: Submission of gfs_atmos_prod_f057-f063 succeeded, jobid=5951616
2025-07-28 21:21:53 -0500 :: hercules-login-1.hpc.msstate.edu :: Submission of gfs_atmos_prod_f066-f072 succeeded, jobid=5951617
2025-07-28 21:21:53 -0500 :: hercules-login-1.hpc.msstate.edu :: Submission of gfs_atmos_prod_f075-f081 succeeded, jobid=5951618
2025-07-28 21:21:53 -0500 :: hercules-login-1.hpc.msstate.edu :: Submission of gfs_atmos_prod_f084-f090 succeeded, jobid=5951619
2025-07-28 21:21:53 -0500 :: hercules-login-1.hpc.msstate.edu :: Submission of gfs_atmos_prod_f093-f099 succeeded, jobid=5951620
2025-07-28 21:21:53 -0500 :: hercules-login-1.hpc.msstate.edu :: Submission of gfs_atmos_prod_f102-f108 succeeded, jobid=5951621
2025-07-28 21:21:53 -0500 :: hercules-login-1.hpc.msstate.edu :: Submission of gfs_atmos_prod_f111-f114 succeeded, jobid=5951622
2025-07-28 21:21:53 -0500 :: hercules-login-1.hpc.msstate.edu :: Submission of gfs_atmos_prod_f117-f120 succeeded, jobid=5951623
2025-07-28 21:21:53 -0500 :: hercules-login-1.hpc.msstate.edu :: Submission of gfs_ocean_prod_f012 succeeded, jobid=5951624
2025-07-28 21:21:54 -0500 :: hercules-login-1.hpc.msstate.edu :: Submission of gfs_ocean_prod_f018 succeeded, jobid=5951625
2025-07-28 21:21:54 -0500 :: hercules-login-1.hpc.msstate.edu :: Submission of gfs_ocean_prod_f024 succeeded, jobid=5951626
2025-07-28 21:21:54 -0500 :: hercules-login-1.hpc.msstate.edu :: Submission of gfs_ocean_prod_f030 succeeded, jobid=5951627
2025-07-28 21:27:56 -0500 :: hercules-login-1.hpc.msstate.edu :: Task gfs_atmos_prod_f012-f014, jobid=5950999, in state SUCCEEDED (COMPLETED), ran for 273.0 seconds, exit status=0, try=1 (of 2)
2025-07-28 21:27:56 -0500 :: hercules-login-1.hpc.msstate.edu :: Task gfs_atmos_prod_f015-f017, jobid=5951000, in state SUCCEEDED (COMPLETED), ran for 272.0 seconds, exit status=0, try=1 (of 2)
2025-07-28 21:27:56 -0500 :: hercules-login-1.hpc.msstate.edu :: Task gfs_atmos_prod_f018-f020, jobid=5951001, in state SUCCEEDED (COMPLETED), ran for 268.0 seconds, exit status=0, try=1 (of 2)
2025-07-28 21:27:56 -0500 :: hercules-login-1.hpc.msstate.edu :: Task gfs_atmos_prod_f021-f023, jobid=5951060, in state RUNNING (RUNNING)
2025-07-28 21:27:56 -0500 :: hercules-login-1.hpc.msstate.edu :: Task gfs_atmos_prod_f024-f026, jobid=5951061, in state RUNNING (RUNNING)
2025-07-28 21:27:56 -0500 :: hercules-login-1.hpc.msstate.edu :: Task gfs_atmos_prod_f027-f029, jobid=5951062, in state RUNNING (RUNNING)
2025-07-28 21:27:56 -0500 :: hercules-login-1.hpc.msstate.edu :: Task gfs_atmos_prod_f030-f032, jobid=5951063, in state RUNNING (RUNNING)
2025-07-28 21:27:56 -0500 :: hercules-login-1.hpc.msstate.edu :: Task gfs_atmos_prod_f033-f035, jobid=5951064, in state RUNNING (RUNNING)
2025-07-28 21:27:56 -0500 :: hercules-login-1.hpc.msstate.edu :: Task gfs_atmos_prod_f036-f038, jobid=5951065, in state RUNNING (RUNNING)
2025-07-28 21:27:56 -0500 :: hercules-login-1.hpc.msstate.edu :: Task gfs_atmos_prod_f039-f041, jobid=5951115, in state RUNNING (RUNNING)
2025-07-28 21:27:56 -0500 :: hercules-login-1.hpc.msstate.edu :: Task gfs_atmos_prod_f042-f044, jobid=5951482, in state RUNNING (RUNNING)
2025-07-28 21:27:56 -0500 :: hercules-login-1.hpc.msstate.edu :: Task gfs_atmos_prod_f045-f047, jobid=5951544, in state RUNNING (RUNNING)
2025-07-28 21:27:56 -0500 :: hercules-login-1.hpc.msstate.edu :: Task gfs_atmos_prod_f048-f054, jobid=5951545, in state RUNNING (RUNNING)
2025-07-28 21:27:56 -0500 :: hercules-login-1.hpc.msstate.edu :: Task gfs_atmos_prod_f057-f063, jobid=5951616, in state RUNNING (RUNNING)
2025-07-28 21:27:56 -0500 :: hercules-login-1.hpc.msstate.edu :: Task gfs_atmos_prod_f066-f072, jobid=5951617, in state RUNNING (RUNNING)
2025-07-28 21:27:56 -0500 :: hercules-login-1.hpc.msstate.edu :: Task gfs_atmos_prod_f075-f081, jobid=5951618, in state RUNNING (RUNNING)
2025-07-28 21:27:56 -0500 :: hercules-login-1.hpc.msstate.edu :: Task gfs_atmos_prod_f084-f090, jobid=5951619, in state RUNNING (RUNNING)
2025-07-28 21:27:56 -0500 :: hercules-login-1.hpc.msstate.edu :: Task gfs_atmos_prod_f093-f099, jobid=5951620, in state RUNNING (RUNNING)
2025-07-28 21:27:56 -0500 :: hercules-login-1.hpc.msstate.edu :: Task gfs_atmos_prod_f102-f108, jobid=5951621, in state RUNNING (RUNNING)
2025-07-28 21:27:56 -0500 :: hercules-login-1.hpc.msstate.edu :: Task gfs_atmos_prod_f111-f114, jobid=5951622, in state SUCCEEDED (COMPLETED), ran for 216.0 seconds, exit status=0, try=1 (of 2)
2025-07-28 21:27:56 -0500 :: hercules-login-1.hpc.msstate.edu :: Task gfs_atmos_prod_f117-f120, jobid=5951623, in state RUNNING (COMPLETING)
2025-07-28 21:27:56 -0500 :: hercules-login-1.hpc.msstate.edu :: Task gfs_ocean_prod_f012, jobid=5951624, in state SUCCEEDED (COMPLETED), ran for 40.0 seconds, exit status=0, try=1 (of 2)
2025-07-28 21:27:56 -0500 :: hercules-login-1.hpc.msstate.edu :: Task gfs_ocean_prod_f018, jobid=5951625, in state SUCCEEDED (COMPLETED), ran for 40.0 seconds, exit status=0, try=1 (of 2)
2025-07-28 21:27:56 -0500 :: hercules-login-1.hpc.msstate.edu :: Task gfs_ocean_prod_f024, jobid=5951626, in state SUCCEEDED (COMPLETED), ran for 40.0 seconds, exit status=0, try=1 (of 2)
2025-07-28 21:27:56 -0500 :: hercules-login-1.hpc.msstate.edu :: Task gfs_ocean_prod_f030, jobid=5951627, in state SUCCEEDED (COMPLETED), ran for 40.0 seconds, exit status=0, try=1 (of 2)
2025-07-28 21:27:56 -0500 :: hercules-login-1.hpc.msstate.edu :: Submitting gfs_ocean_prod_f036
2025-07-28 21:27:56 -0500 :: hercules-login-1.hpc.msstate.edu :: Submitting gfs_ocean_prod_f042
2025-07-28 21:27:56 -0500 :: hercules-login-1.hpc.msstate.edu :: Submitting gfs_ocean_prod_f048
2025-07-28 21:27:56 -0500 :: hercules-login-1.hpc.msstate.edu :: Submitting gfs_ocean_prod_f054
2025-07-28 21:27:56 -0500 :: hercules-login-1.hpc.msstate.edu :: Submitting gfs_ocean_prod_f060
2025-07-28 21:27:56 -0500 :: hercules-login-1.hpc.msstate.edu :: Submitting gfs_ocean_prod_f066
2025-07-28 21:27:56 -0500 :: hercules-login-1.hpc.msstate.edu :: Submitting gfs_ocean_prod_f072
2025-07-28 21:27:56 -0500 :: hercules-login-1.hpc.msstate.edu :: Submitting gfs_ocean_prod_f078
2025-07-28 21:27:56 -0500 :: hercules-login-1.hpc.msstate.edu :: Cannot submit gfs_ocean_prod_f084, because maximum global task throttle of 25 will be violated.
2025-07-28 21:27:56 -0500 :: hercules-login-1.hpc.msstate.edu :: Cannot submit gfs_ocean_prod_f090, because maximum global task throttle of 25 will be violated.
2025-07-28 21:27:56 -0500 :: hercules-login-1.hpc.msstate.edu :: Cannot submit gfs_ocean_prod_f096, because maximum global task throttle of 25 will be violated.
2025-07-28 21:27:56 -0500 :: hercules-login-1.hpc.msstate.edu :: Cannot submit gfs_ocean_prod_f102, because maximum global task throttle of 25 will be violated.
2025-07-28 21:27:56 -0500 :: hercules-login-1.hpc.msstate.edu :: Cannot submit gfs_ocean_prod_f108, because maximum global task throttle of 25 will be violated.
2025-07-28 21:27:56 -0500 :: hercules-login-1.hpc.msstate.edu :: Cannot submit gfs_ocean_prod_f114, because maximum global task throttle of 25 will be violated.
2025-07-28 21:27:56 -0500 :: hercules-login-1.hpc.msstate.edu :: Cannot submit gfs_ocean_prod_f120, because maximum global task throttle of 25 will be violated.
2025-07-28 21:27:56 -0500 :: hercules-login-1.hpc.msstate.edu :: Cannot submit gfs_ice_prod_f024, because maximum global task throttle of 25 will be violated.
2025-07-28 21:27:56 -0500 :: hercules-login-1.hpc.msstate.edu :: Cannot submit gfs_ice_prod_f030, because maximum global task throttle of 25 will be violated.
2025-07-28 21:27:56 -0500 :: hercules-login-1.hpc.msstate.edu :: Cannot submit gfs_ice_prod_f036, because maximum global task throttle of 25 will be violated.
2025-07-28 21:27:56 -0500 :: hercules-login-1.hpc.msstate.edu :: Cannot submit gfs_ice_prod_f042, because maximum global task throttle of 25 will be violated.
2025-07-28 21:27:56 -0500 :: hercules-login-1.hpc.msstate.edu :: Cannot submit gfs_ice_prod_f048, because maximum global task throttle of 25 will be violated.
2025-07-28 21:27:56 -0500 :: hercules-login-1.hpc.msstate.edu :: Cannot submit gfs_ice_prod_f054, because maximum global task throttle of 25 will be violated.
2025-07-28 21:27:56 -0500 :: hercules-login-1.hpc.msstate.edu :: Cannot submit gfs_ice_prod_f060, because maximum global task throttle of 25 will be violated.
2025-07-28 21:27:56 -0500 :: hercules-login-1.hpc.msstate.edu :: Cannot submit gfs_ice_prod_f066, because maximum global task throttle of 25 will be violated.
2025-07-28 21:27:56 -0500 :: hercules-login-1.hpc.msstate.edu :: Cannot submit gfs_ice_prod_f072, because maximum global task throttle of 25 will be violated.
2025-07-28 21:27:56 -0500 :: hercules-login-1.hpc.msstate.edu :: Cannot submit gfs_ice_prod_f078, because maximum global task throttle of 25 will be violated.
2025-07-28 21:27:56 -0500 :: hercules-login-1.hpc.msstate.edu :: Cannot submit gfs_ice_prod_f084, because maximum global task throttle of 25 will be violated.
2025-07-28 21:27:56 -0500 :: hercules-login-1.hpc.msstate.edu :: Cannot submit gfs_ice_prod_f090, because maximum global task throttle of 25 will be violated.
2025-07-28 21:27:56 -0500 :: hercules-login-1.hpc.msstate.edu :: Cannot submit gfs_ice_prod_f096, because maximum global task throttle of 25 will be violated.
2025-07-28 21:27:56 -0500 :: hercules-login-1.hpc.msstate.edu :: Cannot submit gfs_ice_prod_f102, because maximum global task throttle of 25 will be violated.
2025-07-28 21:27:56 -0500 :: hercules-login-1.hpc.msstate.edu :: Cannot submit gfs_ice_prod_f108, because maximum global task throttle of 25 will be violated.
2025-07-28 21:27:56 -0500 :: hercules-login-1.hpc.msstate.edu :: Cannot submit gfs_ice_prod_f114, because maximum global task throttle of 25 will be violated.
2025-07-28 21:27:56 -0500 :: hercules-login-1.hpc.msstate.edu :: Cannot submit gfs_ice_prod_f120, because maximum global task throttle of 25 will be violated.
2025-07-28 21:27:56 -0500 :: hercules-login-1.hpc.msstate.edu :: Cannot submit gfs_wavepostsbs_f033-f035, because maximum global task throttle of 25 will be violated.
2025-07-28 21:27:56 -0500 :: hercules-login-1.hpc.msstate.edu :: Cannot submit gfs_wavepostsbs_f036-f038, because maximum global task throttle of 25 will be violated.
2025-07-28 21:27:56 -0500 :: hercules-login-1.hpc.msstate.edu :: Cannot submit gfs_wavepostsbs_f039-f041, because maximum global task throttle of 25 will be violated.
2025-07-28 21:27:56 -0500 :: hercules-login-1.hpc.msstate.edu :: Cannot submit gfs_wavepostsbs_f042-f044, because maximum global task throttle of 25 will be violated.
2025-07-28 21:27:56 -0500 :: hercules-login-1.hpc.msstate.edu :: Cannot submit gfs_wavepostsbs_f045-f047, because maximum global task throttle of 25 will be violated.
2025-07-28 21:27:56 -0500 :: hercules-login-1.hpc.msstate.edu :: Cannot submit gfs_wavepostsbs_f048-f054, because maximum global task throttle of 25 will be violated.
2025-07-28 21:27:56 -0500 :: hercules-login-1.hpc.msstate.edu :: Cannot submit gfs_wavepostsbs_f057-f063, because maximum global task throttle of 25 will be violated.
2025-07-28 21:27:56 -0500 :: hercules-login-1.hpc.msstate.edu :: Cannot submit gfs_wavepostsbs_f066-f072, because maximum global task throttle of 25 will be violated.
2025-07-28 21:27:56 -0500 :: hercules-login-1.hpc.msstate.edu :: Cannot submit gfs_wavepostsbs_f075-f081, because maximum global task throttle of 25 will be violated.
2025-07-28 21:27:56 -0500 :: hercules-login-1.hpc.msstate.edu :: Cannot submit gfs_wavepostsbs_f084-f090, because maximum global task throttle of 25 will be violated.
2025-07-28 21:27:56 -0500 :: hercules-login-1.hpc.msstate.edu :: Cannot submit gfs_wavepostsbs_f093-f099, because maximum global task throttle of 25 will be violated.
2025-07-28 21:27:56 -0500 :: hercules-login-1.hpc.msstate.edu :: Cannot submit gfs_wavepostsbs_f102-f108, because maximum global task throttle of 25 will be violated.
2025-07-28 21:27:56 -0500 :: hercules-login-1.hpc.msstate.edu :: Cannot submit gfs_wavepostsbs_f111-f114, because maximum global task throttle of 25 will be violated.
2025-07-28 21:27:56 -0500 :: hercules-login-1.hpc.msstate.edu :: Cannot submit gfs_wavepostsbs_f117-f120, because maximum global task throttle of 25 will be violated.
2025-07-28 21:27:56 -0500 :: hercules-login-1.hpc.msstate.edu :: Cannot submit gfs_wavepostbndpnt, because maximum global task throttle of 25 will be violated.
2025-07-28 21:27:56 -0500 :: hercules-login-1.hpc.msstate.edu :: Cannot submit gfs_wavepostbndpntbll, because maximum global task throttle of 25 will be violated.
2025-07-28 21:27:56 -0500 :: hercules-login-1.hpc.msstate.edu :: Cannot submit gfs_wavepostpnt, because maximum global task throttle of 25 will be violated.
2025-07-28 21:27:56 -0500 :: hercules-login-1.hpc.msstate.edu :: Submission of gfs_ocean_prod_f036 succeeded, jobid=5951670
2025-07-28 21:27:56 -0500 :: hercules-login-1.hpc.msstate.edu :: Submission of gfs_ocean_prod_f042 succeeded, jobid=5951671
2025-07-28 21:27:56 -0500 :: hercules-login-1.hpc.msstate.edu :: Submission of gfs_ocean_prod_f048 succeeded, jobid=5951672
2025-07-28 21:27:56 -0500 :: hercules-login-1.hpc.msstate.edu :: Submission of gfs_ocean_prod_f054 succeeded, jobid=5951673
2025-07-28 21:27:56 -0500 :: hercules-login-1.hpc.msstate.edu :: Submission of gfs_ocean_prod_f060 succeeded, jobid=5951674
2025-07-28 21:27:57 -0500 :: hercules-login-1.hpc.msstate.edu :: Submission of gfs_ocean_prod_f066 succeeded, jobid=5951675
2025-07-28 21:27:57 -0500 :: hercules-login-1.hpc.msstate.edu :: Submission of gfs_ocean_prod_f072 succeeded, jobid=5951676
2025-07-28 21:27:57 -0500 :: hercules-login-1.hpc.msstate.edu :: Submission of gfs_ocean_prod_f078 succeeded, jobid=5951677
2025-07-28 21:33:59 -0500 :: hercules-login-1.hpc.msstate.edu :: Task gfs_atmos_prod_f021-f023, jobid=5951060, in state SUCCEEDED (COMPLETED), ran for 276.0 seconds, exit status=0, try=1 (of 2)
2025-07-28 21:33:59 -0500 :: hercules-login-1.hpc.msstate.edu :: Task gfs_atmos_prod_f024-f026, jobid=5951061, in state SUCCEEDED (COMPLETED), ran for 276.0 seconds, exit status=0, try=1 (of 2)
2025-07-28 21:33:59 -0500 :: hercules-login-1.hpc.msstate.edu :: Task gfs_atmos_prod_f027-f029, jobid=5951062, in state SUCCEEDED (COMPLETED), ran for 273.0 seconds, exit status=0, try=1 (of 2)
2025-07-28 21:33:59 -0500 :: hercules-login-1.hpc.msstate.edu :: Task gfs_atmos_prod_f030-f032, jobid=5951063, in state SUCCEEDED (COMPLETED), ran for 280.0 seconds, exit status=0, try=1 (of 2)
2025-07-28 21:33:59 -0500 :: hercules-login-1.hpc.msstate.edu :: Task gfs_atmos_prod_f033-f035, jobid=5951064, in state SUCCEEDED (COMPLETED), ran for 281.0 seconds, exit status=0, try=1 (of 2)
2025-07-28 21:33:59 -0500 :: hercules-login-1.hpc.msstate.edu :: Task gfs_atmos_prod_f036-f038, jobid=5951065, in state SUCCEEDED (COMPLETED), ran for 274.0 seconds, exit status=0, try=1 (of 2)
2025-07-28 21:33:59 -0500 :: hercules-login-1.hpc.msstate.edu :: Task gfs_atmos_prod_f039-f041, jobid=5951115, in state SUCCEEDED (COMPLETED), ran for 279.0 seconds, exit status=0, try=1 (of 2)
2025-07-28 21:33:59 -0500 :: hercules-login-1.hpc.msstate.edu :: Task gfs_atmos_prod_f042-f044, jobid=5951482, in state SUCCEEDED (COMPLETED), ran for 275.0 seconds, exit status=0, try=1 (of 2)
2025-07-28 21:33:59 -0500 :: hercules-login-1.hpc.msstate.edu :: Task gfs_atmos_prod_f045-f047, jobid=5951544, in state SUCCEEDED (COMPLETED), ran for 275.0 seconds, exit status=0, try=1 (of 2)
2025-07-28 21:33:59 -0500 :: hercules-login-1.hpc.msstate.edu :: Task gfs_atmos_prod_f048-f054, jobid=5951545, in state SUCCEEDED (COMPLETED), ran for 321.0 seconds, exit status=0, try=1 (of 2)
2025-07-28 21:33:59 -0500 :: hercules-login-1.hpc.msstate.edu :: Task gfs_atmos_prod_f057-f063, jobid=5951616, in state SUCCEEDED (COMPLETED), ran for 286.0 seconds, exit status=0, try=1 (of 2)
2025-07-28 21:33:59 -0500 :: hercules-login-1.hpc.msstate.edu :: Task gfs_atmos_prod_f066-f072, jobid=5951617, in state SUCCEEDED (COMPLETED), ran for 320.0 seconds, exit status=0, try=1 (of 2)
2025-07-28 21:33:59 -0500 :: hercules-login-1.hpc.msstate.edu :: Task gfs_atmos_prod_f075-f081, jobid=5951618, in state SUCCEEDED (COMPLETED), ran for 318.0 seconds, exit status=0, try=1 (of 2)
2025-07-28 21:33:59 -0500 :: hercules-login-1.hpc.msstate.edu :: Task gfs_atmos_prod_f084-f090, jobid=5951619, in state SUCCEEDED (COMPLETED), ran for 324.0 seconds, exit status=0, try=1 (of 2)
2025-07-28 21:33:59 -0500 :: hercules-login-1.hpc.msstate.edu :: Task gfs_atmos_prod_f093-f099, jobid=5951620, in state SUCCEEDED (COMPLETED), ran for 325.0 seconds, exit status=0, try=1 (of 2)
2025-07-28 21:33:59 -0500 :: hercules-login-1.hpc.msstate.edu :: Task gfs_atmos_prod_f102-f108, jobid=5951621, in state SUCCEEDED (COMPLETED), ran for 330.0 seconds, exit status=0, try=1 (of 2)
2025-07-28 21:33:59 -0500 :: hercules-login-1.hpc.msstate.edu :: Task gfs_atmos_prod_f117-f120, jobid=5951623, in state SUCCEEDED (COMPLETED), ran for 220.0 seconds, exit status=0, try=1 (of 2)
2025-07-28 21:33:59 -0500 :: hercules-login-1.hpc.msstate.edu :: Task gfs_ocean_prod_f036, jobid=5951670, in state SUCCEEDED (COMPLETED), ran for 19.0 seconds, exit status=0, try=1 (of 2)
2025-07-28 21:33:59 -0500 :: hercules-login-1.hpc.msstate.edu :: Task gfs_ocean_prod_f042, jobid=5951671, in state SUCCEEDED (COMPLETED), ran for 19.0 seconds, exit status=0, try=1 (of 2)
2025-07-28 21:33:59 -0500 :: hercules-login-1.hpc.msstate.edu :: Task gfs_ocean_prod_f048, jobid=5951672, in state SUCCEEDED (COMPLETED), ran for 36.0 seconds, exit status=0, try=1 (of 2)
2025-07-28 21:33:59 -0500 :: hercules-login-1.hpc.msstate.edu :: Task gfs_ocean_prod_f054, jobid=5951673, in state SUCCEEDED (COMPLETED), ran for 36.0 seconds, exit status=0, try=1 (of 2)
2025-07-28 21:33:59 -0500 :: hercules-login-1.hpc.msstate.edu :: Task gfs_ocean_prod_f060, jobid=5951674, in state SUCCEEDED (COMPLETED), ran for 36.0 seconds, exit status=0, try=1 (of 2)
2025-07-28 21:33:59 -0500 :: hercules-login-1.hpc.msstate.edu :: Task gfs_ocean_prod_f066, jobid=5951675, in state SUCCEEDED (COMPLETED), ran for 36.0 seconds, exit status=0, try=1 (of 2)
2025-07-28 21:33:59 -0500 :: hercules-login-1.hpc.msstate.edu :: Task gfs_ocean_prod_f072, jobid=5951676, in state SUCCEEDED (COMPLETED), ran for 36.0 seconds, exit status=0, try=1 (of 2)
2025-07-28 21:33:59 -0500 :: hercules-login-1.hpc.msstate.edu :: Task gfs_ocean_prod_f078, jobid=5951677, in state SUCCEEDED (COMPLETED), ran for 36.0 seconds, exit status=0, try=1 (of 2)
2025-07-28 21:33:59 -0500 :: hercules-login-1.hpc.msstate.edu :: Submitting gfs_tracker
2025-07-28 21:33:59 -0500 :: hercules-login-1.hpc.msstate.edu :: Submitting gfs_genesis
2025-07-28 21:34:00 -0500 :: hercules-login-1.hpc.msstate.edu :: Submitting gfs_ocean_prod_f084
2025-07-28 21:34:00 -0500 :: hercules-login-1.hpc.msstate.edu :: Submitting gfs_ocean_prod_f090
2025-07-28 21:34:00 -0500 :: hercules-login-1.hpc.msstate.edu :: Submitting gfs_ocean_prod_f096
2025-07-28 21:34:00 -0500 :: hercules-login-1.hpc.msstate.edu :: Submitting gfs_ocean_prod_f102
2025-07-28 21:34:00 -0500 :: hercules-login-1.hpc.msstate.edu :: Submitting gfs_ocean_prod_f108
2025-07-28 21:34:00 -0500 :: hercules-login-1.hpc.msstate.edu :: Submitting gfs_ocean_prod_f114
2025-07-28 21:34:00 -0500 :: hercules-login-1.hpc.msstate.edu :: Submitting gfs_ocean_prod_f120
2025-07-28 21:34:00 -0500 :: hercules-login-1.hpc.msstate.edu :: Submitting gfs_ice_prod_f024
2025-07-28 21:34:00 -0500 :: hercules-login-1.hpc.msstate.edu :: Submitting gfs_ice_prod_f030
2025-07-28 21:34:00 -0500 :: hercules-login-1.hpc.msstate.edu :: Submitting gfs_ice_prod_f036
2025-07-28 21:34:00 -0500 :: hercules-login-1.hpc.msstate.edu :: Submitting gfs_ice_prod_f042
2025-07-28 21:34:00 -0500 :: hercules-login-1.hpc.msstate.edu :: Submitting gfs_ice_prod_f048
2025-07-28 21:34:00 -0500 :: hercules-login-1.hpc.msstate.edu :: Submitting gfs_ice_prod_f054
2025-07-28 21:34:00 -0500 :: hercules-login-1.hpc.msstate.edu :: Submitting gfs_ice_prod_f060
2025-07-28 21:34:00 -0500 :: hercules-login-1.hpc.msstate.edu :: Submitting gfs_ice_prod_f066
2025-07-28 21:34:00 -0500 :: hercules-login-1.hpc.msstate.edu :: Submitting gfs_ice_prod_f072
2025-07-28 21:34:00 -0500 :: hercules-login-1.hpc.msstate.edu :: Submitting gfs_ice_prod_f078
2025-07-28 21:34:00 -0500 :: hercules-login-1.hpc.msstate.edu :: Submitting gfs_ice_prod_f084
2025-07-28 21:34:00 -0500 :: hercules-login-1.hpc.msstate.edu :: Submitting gfs_ice_prod_f090
2025-07-28 21:34:00 -0500 :: hercules-login-1.hpc.msstate.edu :: Submitting gfs_ice_prod_f096
2025-07-28 21:34:00 -0500 :: hercules-login-1.hpc.msstate.edu :: Submitting gfs_ice_prod_f102
2025-07-28 21:34:00 -0500 :: hercules-login-1.hpc.msstate.edu :: Submitting gfs_ice_prod_f108
2025-07-28 21:34:00 -0500 :: hercules-login-1.hpc.msstate.edu :: Submitting gfs_ice_prod_f114
2025-07-28 21:34:00 -0500 :: hercules-login-1.hpc.msstate.edu :: Cannot submit gfs_ice_prod_f120, because maximum global task throttle of 25 will be violated.
2025-07-28 21:34:00 -0500 :: hercules-login-1.hpc.msstate.edu :: Cannot submit gfs_wavepostsbs_f033-f035, because maximum global task throttle of 25 will be violated.
2025-07-28 21:34:00 -0500 :: hercules-login-1.hpc.msstate.edu :: Cannot submit gfs_wavepostsbs_f036-f038, because maximum global task throttle of 25 will be violated.
2025-07-28 21:34:00 -0500 :: hercules-login-1.hpc.msstate.edu :: Cannot submit gfs_wavepostsbs_f039-f041, because maximum global task throttle of 25 will be violated.
2025-07-28 21:34:00 -0500 :: hercules-login-1.hpc.msstate.edu :: Cannot submit gfs_wavepostsbs_f042-f044, because maximum global task throttle of 25 will be violated.
2025-07-28 21:34:00 -0500 :: hercules-login-1.hpc.msstate.edu :: Cannot submit gfs_wavepostsbs_f045-f047, because maximum global task throttle of 25 will be violated.
2025-07-28 21:34:00 -0500 :: hercules-login-1.hpc.msstate.edu :: Cannot submit gfs_wavepostsbs_f048-f054, because maximum global task throttle of 25 will be violated.
2025-07-28 21:34:00 -0500 :: hercules-login-1.hpc.msstate.edu :: Cannot submit gfs_wavepostsbs_f057-f063, because maximum global task throttle of 25 will be violated.
2025-07-28 21:34:00 -0500 :: hercules-login-1.hpc.msstate.edu :: Cannot submit gfs_wavepostsbs_f066-f072, because maximum global task throttle of 25 will be violated.
2025-07-28 21:34:00 -0500 :: hercules-login-1.hpc.msstate.edu :: Cannot submit gfs_wavepostsbs_f075-f081, because maximum global task throttle of 25 will be violated.
2025-07-28 21:34:00 -0500 :: hercules-login-1.hpc.msstate.edu :: Cannot submit gfs_wavepostsbs_f084-f090, because maximum global task throttle of 25 will be violated.
2025-07-28 21:34:00 -0500 :: hercules-login-1.hpc.msstate.edu :: Cannot submit gfs_wavepostsbs_f093-f099, because maximum global task throttle of 25 will be violated.
2025-07-28 21:34:00 -0500 :: hercules-login-1.hpc.msstate.edu :: Cannot submit gfs_wavepostsbs_f102-f108, because maximum global task throttle of 25 will be violated.
2025-07-28 21:34:00 -0500 :: hercules-login-1.hpc.msstate.edu :: Cannot submit gfs_wavepostsbs_f111-f114, because maximum global task throttle of 25 will be violated.
2025-07-28 21:34:00 -0500 :: hercules-login-1.hpc.msstate.edu :: Cannot submit gfs_wavepostsbs_f117-f120, because maximum global task throttle of 25 will be violated.
2025-07-28 21:34:00 -0500 :: hercules-login-1.hpc.msstate.edu :: Cannot submit gfs_wavepostbndpnt, because maximum global task throttle of 25 will be violated.
2025-07-28 21:34:00 -0500 :: hercules-login-1.hpc.msstate.edu :: Cannot submit gfs_wavepostbndpntbll, because maximum global task throttle of 25 will be violated.
2025-07-28 21:34:00 -0500 :: hercules-login-1.hpc.msstate.edu :: Cannot submit gfs_wavepostpnt, because maximum global task throttle of 25 will be violated.
2025-07-28 21:34:00 -0500 :: hercules-login-1.hpc.msstate.edu :: Submission of gfs_tracker succeeded, jobid=5951717
2025-07-28 21:34:00 -0500 :: hercules-login-1.hpc.msstate.edu :: Submission of gfs_genesis succeeded, jobid=5951718
2025-07-28 21:34:00 -0500 :: hercules-login-1.hpc.msstate.edu :: Submission of gfs_ocean_prod_f084 succeeded, jobid=5951719
2025-07-28 21:34:00 -0500 :: hercules-login-1.hpc.msstate.edu :: Submission of gfs_ocean_prod_f090 succeeded, jobid=5951720
2025-07-28 21:34:00 -0500 :: hercules-login-1.hpc.msstate.edu :: Submission of gfs_ocean_prod_f096 succeeded, jobid=5951721
2025-07-28 21:34:00 -0500 :: hercules-login-1.hpc.msstate.edu :: Submission of gfs_ocean_prod_f102 succeeded, jobid=5951722
2025-07-28 21:34:00 -0500 :: hercules-login-1.hpc.msstate.edu :: Submission of gfs_ocean_prod_f108 succeeded, jobid=5951723
2025-07-28 21:34:00 -0500 :: hercules-login-1.hpc.msstate.edu :: Submission of gfs_ocean_prod_f114 succeeded, jobid=5951724
2025-07-28 21:34:00 -0500 :: hercules-login-1.hpc.msstate.edu :: Submission of gfs_ocean_prod_f120 succeeded, jobid=5951725
2025-07-28 21:34:00 -0500 :: hercules-login-1.hpc.msstate.edu :: Submission of gfs_ice_prod_f024 succeeded, jobid=5951726
2025-07-28 21:34:00 -0500 :: hercules-login-1.hpc.msstate.edu :: Submission of gfs_ice_prod_f030 succeeded, jobid=5951727
2025-07-28 21:34:00 -0500 :: hercules-login-1.hpc.msstate.edu :: Submission of gfs_ice_prod_f036 succeeded, jobid=5951728
2025-07-28 21:34:00 -0500 :: hercules-login-1.hpc.msstate.edu :: Submission of gfs_ice_prod_f042 succeeded, jobid=5951729
2025-07-28 21:34:00 -0500 :: hercules-login-1.hpc.msstate.edu :: Submission of gfs_ice_prod_f048 succeeded, jobid=5951730
2025-07-28 21:34:00 -0500 :: hercules-login-1.hpc.msstate.edu :: Submission of gfs_ice_prod_f054 succeeded, jobid=5951731
2025-07-28 21:34:00 -0500 :: hercules-login-1.hpc.msstate.edu :: Submission of gfs_ice_prod_f060 succeeded, jobid=5951732
2025-07-28 21:34:00 -0500 :: hercules-login-1.hpc.msstate.edu :: Submission of gfs_ice_prod_f066 succeeded, jobid=5951733
2025-07-28 21:34:00 -0500 :: hercules-login-1.hpc.msstate.edu :: Submission of gfs_ice_prod_f072 succeeded, jobid=5951734
2025-07-28 21:34:00 -0500 :: hercules-login-1.hpc.msstate.edu :: Submission of gfs_ice_prod_f078 succeeded, jobid=5951735
2025-07-28 21:34:00 -0500 :: hercules-login-1.hpc.msstate.edu :: Submission of gfs_ice_prod_f084 succeeded, jobid=5951736
2025-07-28 21:34:00 -0500 :: hercules-login-1.hpc.msstate.edu :: Submission of gfs_ice_prod_f090 succeeded, jobid=5951737
2025-07-28 21:34:00 -0500 :: hercules-login-1.hpc.msstate.edu :: Submission of gfs_ice_prod_f096 succeeded, jobid=5951738
2025-07-28 21:34:00 -0500 :: hercules-login-1.hpc.msstate.edu :: Submission of gfs_ice_prod_f102 succeeded, jobid=5951739
2025-07-28 21:34:00 -0500 :: hercules-login-1.hpc.msstate.edu :: Submission of gfs_ice_prod_f108 succeeded, jobid=5951740
2025-07-28 21:34:00 -0500 :: hercules-login-1.hpc.msstate.edu :: Submission of gfs_ice_prod_f114 succeeded, jobid=5951741
2025-07-28 21:40:03 -0500 :: hercules-login-1.hpc.msstate.edu :: Task gfs_tracker, jobid=5951717, in state SUCCEEDED (COMPLETED), ran for 64.0 seconds, exit status=0, try=1 (of 2)
2025-07-28 21:40:03 -0500 :: hercules-login-1.hpc.msstate.edu :: Task gfs_genesis, jobid=5951718, in state RUNNING (RUNNING)
2025-07-28 21:40:03 -0500 :: hercules-login-1.hpc.msstate.edu :: Task gfs_ocean_prod_f084, jobid=5951719, in state SUCCEEDED (COMPLETED), ran for 19.0 seconds, exit status=0, try=1 (of 2)
2025-07-28 21:40:03 -0500 :: hercules-login-1.hpc.msstate.edu :: Task gfs_ocean_prod_f090, jobid=5951720, in state SUCCEEDED (COMPLETED), ran for 20.0 seconds, exit status=0, try=1 (of 2)
2025-07-28 21:40:03 -0500 :: hercules-login-1.hpc.msstate.edu :: Task gfs_ocean_prod_f096, jobid=5951721, in state SUCCEEDED (COMPLETED), ran for 20.0 seconds, exit status=0, try=1 (of 2)
2025-07-28 21:40:03 -0500 :: hercules-login-1.hpc.msstate.edu :: Task gfs_ocean_prod_f102, jobid=5951722, in state SUCCEEDED (COMPLETED), ran for 20.0 seconds, exit status=0, try=1 (of 2)
2025-07-28 21:40:03 -0500 :: hercules-login-1.hpc.msstate.edu :: Task gfs_ocean_prod_f108, jobid=5951723, in state SUCCEEDED (COMPLETED), ran for 20.0 seconds, exit status=0, try=1 (of 2)
2025-07-28 21:40:03 -0500 :: hercules-login-1.hpc.msstate.edu :: Task gfs_ocean_prod_f114, jobid=5951724, in state SUCCEEDED (COMPLETED), ran for 38.0 seconds, exit status=0, try=1 (of 2)
2025-07-28 21:40:03 -0500 :: hercules-login-1.hpc.msstate.edu :: Task gfs_ocean_prod_f120, jobid=5951725, in state SUCCEEDED (COMPLETED), ran for 38.0 seconds, exit status=0, try=1 (of 2)
2025-07-28 21:40:03 -0500 :: hercules-login-1.hpc.msstate.edu :: Task gfs_ice_prod_f024, jobid=5951726, in state SUCCEEDED (COMPLETED), ran for 38.0 seconds, exit status=0, try=1 (of 2)
2025-07-28 21:40:03 -0500 :: hercules-login-1.hpc.msstate.edu :: Task gfs_ice_prod_f030, jobid=5951727, in state SUCCEEDED (COMPLETED), ran for 38.0 seconds, exit status=0, try=1 (of 2)
2025-07-28 21:40:03 -0500 :: hercules-login-1.hpc.msstate.edu :: Task gfs_ice_prod_f036, jobid=5951728, in state SUCCEEDED (COMPLETED), ran for 38.0 seconds, exit status=0, try=1 (of 2)
2025-07-28 21:40:03 -0500 :: hercules-login-1.hpc.msstate.edu :: Task gfs_ice_prod_f042, jobid=5951729, in state SUCCEEDED (COMPLETED), ran for 38.0 seconds, exit status=0, try=1 (of 2)
2025-07-28 21:40:03 -0500 :: hercules-login-1.hpc.msstate.edu :: Task gfs_ice_prod_f048, jobid=5951730, in state SUCCEEDED (COMPLETED), ran for 38.0 seconds, exit status=0, try=1 (of 2)
2025-07-28 21:40:03 -0500 :: hercules-login-1.hpc.msstate.edu :: Task gfs_ice_prod_f054, jobid=5951731, in state SUCCEEDED (COMPLETED), ran for 38.0 seconds, exit status=0, try=1 (of 2)
2025-07-28 21:40:03 -0500 :: hercules-login-1.hpc.msstate.edu :: Task gfs_ice_prod_f060, jobid=5951732, in state SUCCEEDED (COMPLETED), ran for 38.0 seconds, exit status=0, try=1 (of 2)
2025-07-28 21:40:03 -0500 :: hercules-login-1.hpc.msstate.edu :: Task gfs_ice_prod_f066, jobid=5951733, in state SUCCEEDED (COMPLETED), ran for 38.0 seconds, exit status=0, try=1 (of 2)
2025-07-28 21:40:03 -0500 :: hercules-login-1.hpc.msstate.edu :: Task gfs_ice_prod_f072, jobid=5951734, in state SUCCEEDED (COMPLETED), ran for 38.0 seconds, exit status=0, try=1 (of 2)
2025-07-28 21:40:03 -0500 :: hercules-login-1.hpc.msstate.edu :: Task gfs_ice_prod_f078, jobid=5951735, in state SUCCEEDED (COMPLETED), ran for 38.0 seconds, exit status=0, try=1 (of 2)
2025-07-28 21:40:03 -0500 :: hercules-login-1.hpc.msstate.edu :: Task gfs_ice_prod_f084, jobid=5951736, in state SUCCEEDED (COMPLETED), ran for 38.0 seconds, exit status=0, try=1 (of 2)
2025-07-28 21:40:03 -0500 :: hercules-login-1.hpc.msstate.edu :: Task gfs_ice_prod_f090, jobid=5951737, in state SUCCEEDED (COMPLETED), ran for 38.0 seconds, exit status=0, try=1 (of 2)
2025-07-28 21:40:03 -0500 :: hercules-login-1.hpc.msstate.edu :: Task gfs_ice_prod_f096, jobid=5951738, in state SUCCEEDED (COMPLETED), ran for 38.0 seconds, exit status=0, try=1 (of 2)
2025-07-28 21:40:03 -0500 :: hercules-login-1.hpc.msstate.edu :: Task gfs_ice_prod_f102, jobid=5951739, in state SUCCEEDED (COMPLETED), ran for 38.0 seconds, exit status=0, try=1 (of 2)
2025-07-28 21:40:03 -0500 :: hercules-login-1.hpc.msstate.edu :: Task gfs_ice_prod_f108, jobid=5951740, in state SUCCEEDED (COMPLETED), ran for 38.0 seconds, exit status=0, try=1 (of 2)
2025-07-28 21:40:03 -0500 :: hercules-login-1.hpc.msstate.edu :: Task gfs_ice_prod_f114, jobid=5951741, in state SUCCEEDED (COMPLETED), ran for 38.0 seconds, exit status=0, try=1 (of 2)
2025-07-28 21:40:03 -0500 :: hercules-login-1.hpc.msstate.edu :: Submitting gfs_ice_prod_f120
2025-07-28 21:40:03 -0500 :: hercules-login-1.hpc.msstate.edu :: Submitting gfs_wavepostsbs_f033-f035
2025-07-28 21:40:03 -0500 :: hercules-login-1.hpc.msstate.edu :: Submitting gfs_wavepostsbs_f036-f038
2025-07-28 21:40:03 -0500 :: hercules-login-1.hpc.msstate.edu :: Submitting gfs_wavepostsbs_f039-f041
2025-07-28 21:40:03 -0500 :: hercules-login-1.hpc.msstate.edu :: Submitting gfs_wavepostsbs_f042-f044
2025-07-28 21:40:03 -0500 :: hercules-login-1.hpc.msstate.edu :: Submitting gfs_wavepostsbs_f045-f047
2025-07-28 21:40:03 -0500 :: hercules-login-1.hpc.msstate.edu :: Submitting gfs_wavepostsbs_f048-f054
2025-07-28 21:40:03 -0500 :: hercules-login-1.hpc.msstate.edu :: Submitting gfs_wavepostsbs_f057-f063
2025-07-28 21:40:03 -0500 :: hercules-login-1.hpc.msstate.edu :: Submitting gfs_wavepostsbs_f066-f072
2025-07-28 21:40:03 -0500 :: hercules-login-1.hpc.msstate.edu :: Submitting gfs_wavepostsbs_f075-f081
2025-07-28 21:40:03 -0500 :: hercules-login-1.hpc.msstate.edu :: Submitting gfs_wavepostsbs_f084-f090
2025-07-28 21:40:03 -0500 :: hercules-login-1.hpc.msstate.edu :: Submitting gfs_wavepostsbs_f093-f099
2025-07-28 21:40:03 -0500 :: hercules-login-1.hpc.msstate.edu :: Submitting gfs_wavepostsbs_f102-f108
2025-07-28 21:40:03 -0500 :: hercules-login-1.hpc.msstate.edu :: Submitting gfs_wavepostsbs_f111-f114
2025-07-28 21:40:03 -0500 :: hercules-login-1.hpc.msstate.edu :: Submitting gfs_wavepostsbs_f117-f120
2025-07-28 21:40:03 -0500 :: hercules-login-1.hpc.msstate.edu :: Submitting gfs_wavepostbndpnt
2025-07-28 21:40:03 -0500 :: hercules-login-1.hpc.msstate.edu :: Submitting gfs_wavepostbndpntbll
2025-07-28 21:40:03 -0500 :: hercules-login-1.hpc.msstate.edu :: Submitting gfs_wavepostpnt
2025-07-28 21:40:03 -0500 :: hercules-login-1.hpc.msstate.edu :: Submission of gfs_ice_prod_f120 succeeded, jobid=5951787
2025-07-28 21:40:03 -0500 :: hercules-login-1.hpc.msstate.edu :: Submission of gfs_wavepostsbs_f033-f035 succeeded, jobid=5951788
2025-07-28 21:40:03 -0500 :: hercules-login-1.hpc.msstate.edu :: Submission of gfs_wavepostsbs_f036-f038 succeeded, jobid=5951789
2025-07-28 21:40:03 -0500 :: hercules-login-1.hpc.msstate.edu :: Submission of gfs_wavepostsbs_f039-f041 succeeded, jobid=5951790
2025-07-28 21:40:03 -0500 :: hercules-login-1.hpc.msstate.edu :: Submission of gfs_wavepostsbs_f042-f044 succeeded, jobid=5951791
2025-07-28 21:40:03 -0500 :: hercules-login-1.hpc.msstate.edu :: Submission of gfs_wavepostsbs_f045-f047 succeeded, jobid=5951792
2025-07-28 21:40:03 -0500 :: hercules-login-1.hpc.msstate.edu :: Submission of gfs_wavepostsbs_f048-f054 succeeded, jobid=5951793
2025-07-28 21:40:03 -0500 :: hercules-login-1.hpc.msstate.edu :: Submission of gfs_wavepostsbs_f057-f063 succeeded, jobid=5951794
2025-07-28 21:40:03 -0500 :: hercules-login-1.hpc.msstate.edu :: Submission of gfs_wavepostsbs_f066-f072 succeeded, jobid=5951795
2025-07-28 21:40:03 -0500 :: hercules-login-1.hpc.msstate.edu :: Submission of gfs_wavepostsbs_f075-f081 succeeded, jobid=5951796
2025-07-28 21:40:03 -0500 :: hercules-login-1.hpc.msstate.edu :: Submission of gfs_wavepostsbs_f084-f090 succeeded, jobid=5951797
2025-07-28 21:40:03 -0500 :: hercules-login-1.hpc.msstate.edu :: Submission of gfs_wavepostsbs_f093-f099 succeeded, jobid=5951798
2025-07-28 21:40:03 -0500 :: hercules-login-1.hpc.msstate.edu :: Submission of gfs_wavepostsbs_f102-f108 succeeded, jobid=5951799
2025-07-28 21:40:03 -0500 :: hercules-login-1.hpc.msstate.edu :: Submission of gfs_wavepostsbs_f111-f114 succeeded, jobid=5951800
2025-07-28 21:40:03 -0500 :: hercules-login-1.hpc.msstate.edu :: Submission of gfs_wavepostsbs_f117-f120 succeeded, jobid=5951801
2025-07-28 21:40:03 -0500 :: hercules-login-1.hpc.msstate.edu :: Submission of gfs_wavepostbndpnt succeeded, jobid=5951802
2025-07-28 21:40:03 -0500 :: hercules-login-1.hpc.msstate.edu :: Submission of gfs_wavepostbndpntbll succeeded, jobid=5951803
2025-07-28 21:40:03 -0500 :: hercules-login-1.hpc.msstate.edu :: Submission of gfs_wavepostpnt succeeded, jobid=5951804
2025-07-28 21:46:06 -0500 :: hercules-login-1.hpc.msstate.edu :: Task gfs_genesis, jobid=5951718, in state SUCCEEDED (COMPLETED), ran for 465.0 seconds, exit status=0, try=1 (of 2)
2025-07-28 21:46:06 -0500 :: hercules-login-1.hpc.msstate.edu :: Task gfs_ice_prod_f120, jobid=5951787, in state SUCCEEDED (COMPLETED), ran for 18.0 seconds, exit status=0, try=1 (of 2)
2025-07-28 21:46:06 -0500 :: hercules-login-1.hpc.msstate.edu :: Task gfs_wavepostsbs_f033-f035, jobid=5951788, in state QUEUED (PENDING)
2025-07-28 21:46:06 -0500 :: hercules-login-1.hpc.msstate.edu :: Task gfs_wavepostsbs_f036-f038, jobid=5951789, in state QUEUED (PENDING)
2025-07-28 21:46:06 -0500 :: hercules-login-1.hpc.msstate.edu :: Task gfs_wavepostsbs_f039-f041, jobid=5951790, in state QUEUED (PENDING)
2025-07-28 21:46:06 -0500 :: hercules-login-1.hpc.msstate.edu :: Task gfs_wavepostsbs_f042-f044, jobid=5951791, in state QUEUED (PENDING)
2025-07-28 21:46:06 -0500 :: hercules-login-1.hpc.msstate.edu :: Task gfs_wavepostsbs_f045-f047, jobid=5951792, in state QUEUED (PENDING)
2025-07-28 21:46:06 -0500 :: hercules-login-1.hpc.msstate.edu :: Task gfs_wavepostsbs_f048-f054, jobid=5951793, in state QUEUED (PENDING)
2025-07-28 21:46:06 -0500 :: hercules-login-1.hpc.msstate.edu :: Task gfs_wavepostsbs_f057-f063, jobid=5951794, in state QUEUED (PENDING)
2025-07-28 21:46:06 -0500 :: hercules-login-1.hpc.msstate.edu :: Task gfs_wavepostsbs_f066-f072, jobid=5951795, in state QUEUED (PENDING)
2025-07-28 21:46:06 -0500 :: hercules-login-1.hpc.msstate.edu :: Task gfs_wavepostsbs_f075-f081, jobid=5951796, in state QUEUED (PENDING)
2025-07-28 21:46:06 -0500 :: hercules-login-1.hpc.msstate.edu :: Task gfs_wavepostsbs_f084-f090, jobid=5951797, in state QUEUED (PENDING)
2025-07-28 21:46:06 -0500 :: hercules-login-1.hpc.msstate.edu :: Task gfs_wavepostsbs_f093-f099, jobid=5951798, in state QUEUED (PENDING)
2025-07-28 21:46:06 -0500 :: hercules-login-1.hpc.msstate.edu :: Task gfs_wavepostsbs_f102-f108, jobid=5951799, in state QUEUED (PENDING)
2025-07-28 21:46:06 -0500 :: hercules-login-1.hpc.msstate.edu :: Task gfs_wavepostsbs_f111-f114, jobid=5951800, in state QUEUED (PENDING)
2025-07-28 21:46:06 -0500 :: hercules-login-1.hpc.msstate.edu :: Task gfs_wavepostsbs_f117-f120, jobid=5951801, in state QUEUED (PENDING)
2025-07-28 21:46:06 -0500 :: hercules-login-1.hpc.msstate.edu :: Task gfs_wavepostbndpnt, jobid=5951802, in state RUNNING (RUNNING)
2025-07-28 21:46:06 -0500 :: hercules-login-1.hpc.msstate.edu :: Task gfs_wavepostbndpntbll, jobid=5951803, in state SUCCEEDED (COMPLETED), ran for 78.0 seconds, exit status=0, try=1 (of 2)
2025-07-28 21:46:06 -0500 :: hercules-login-1.hpc.msstate.edu :: Task gfs_wavepostpnt, jobid=5951804, in state RUNNING (RUNNING)
2025-07-28 21:52:09 -0500 :: hercules-login-1.hpc.msstate.edu :: Task gfs_wavepostsbs_f033-f035, jobid=5951788, in state QUEUED (PENDING)
2025-07-28 21:52:09 -0500 :: hercules-login-1.hpc.msstate.edu :: Task gfs_wavepostsbs_f036-f038, jobid=5951789, in state QUEUED (PENDING)
2025-07-28 21:52:09 -0500 :: hercules-login-1.hpc.msstate.edu :: Task gfs_wavepostsbs_f039-f041, jobid=5951790, in state QUEUED (PENDING)
2025-07-28 21:52:09 -0500 :: hercules-login-1.hpc.msstate.edu :: Task gfs_wavepostsbs_f042-f044, jobid=5951791, in state QUEUED (PENDING)
2025-07-28 21:52:09 -0500 :: hercules-login-1.hpc.msstate.edu :: Task gfs_wavepostsbs_f045-f047, jobid=5951792, in state QUEUED (PENDING)
2025-07-28 21:52:09 -0500 :: hercules-login-1.hpc.msstate.edu :: Task gfs_wavepostsbs_f048-f054, jobid=5951793, in state QUEUED (PENDING)
2025-07-28 21:52:09 -0500 :: hercules-login-1.hpc.msstate.edu :: Task gfs_wavepostsbs_f057-f063, jobid=5951794, in state QUEUED (PENDING)
2025-07-28 21:52:09 -0500 :: hercules-login-1.hpc.msstate.edu :: Task gfs_wavepostsbs_f066-f072, jobid=5951795, in state QUEUED (PENDING)
2025-07-28 21:52:09 -0500 :: hercules-login-1.hpc.msstate.edu :: Task gfs_wavepostsbs_f075-f081, jobid=5951796, in state QUEUED (PENDING)
2025-07-28 21:52:09 -0500 :: hercules-login-1.hpc.msstate.edu :: Task gfs_wavepostsbs_f084-f090, jobid=5951797, in state QUEUED (PENDING)
2025-07-28 21:52:09 -0500 :: hercules-login-1.hpc.msstate.edu :: Task gfs_wavepostsbs_f093-f099, jobid=5951798, in state QUEUED (PENDING)
2025-07-28 21:52:09 -0500 :: hercules-login-1.hpc.msstate.edu :: Task gfs_wavepostsbs_f102-f108, jobid=5951799, in state QUEUED (PENDING)
2025-07-28 21:52:09 -0500 :: hercules-login-1.hpc.msstate.edu :: Task gfs_wavepostsbs_f111-f114, jobid=5951800, in state QUEUED (PENDING)
2025-07-28 21:52:09 -0500 :: hercules-login-1.hpc.msstate.edu :: Task gfs_wavepostsbs_f117-f120, jobid=5951801, in state QUEUED (PENDING)
2025-07-28 21:52:09 -0500 :: hercules-login-1.hpc.msstate.edu :: Task gfs_wavepostbndpnt, jobid=5951802, in state SUCCEEDED (COMPLETED), ran for 175.0 seconds, exit status=0, try=1 (of 2)
2025-07-28 21:52:09 -0500 :: hercules-login-1.hpc.msstate.edu :: Task gfs_wavepostpnt, jobid=5951804, in state SUCCEEDED (COMPLETED), ran for 111.0 seconds, exit status=0, try=1 (of 2)
2025-07-28 21:58:12 -0500 :: hercules-login-1.hpc.msstate.edu :: Task gfs_wavepostsbs_f033-f035, jobid=5951788, in state QUEUED (PENDING)
2025-07-28 21:58:12 -0500 :: hercules-login-1.hpc.msstate.edu :: Task gfs_wavepostsbs_f036-f038, jobid=5951789, in state QUEUED (PENDING)
2025-07-28 21:58:12 -0500 :: hercules-login-1.hpc.msstate.edu :: Task gfs_wavepostsbs_f039-f041, jobid=5951790, in state QUEUED (PENDING)
2025-07-28 21:58:12 -0500 :: hercules-login-1.hpc.msstate.edu :: Task gfs_wavepostsbs_f042-f044, jobid=5951791, in state QUEUED (PENDING)
2025-07-28 21:58:12 -0500 :: hercules-login-1.hpc.msstate.edu :: Task gfs_wavepostsbs_f045-f047, jobid=5951792, in state QUEUED (PENDING)
2025-07-28 21:58:12 -0500 :: hercules-login-1.hpc.msstate.edu :: Task gfs_wavepostsbs_f048-f054, jobid=5951793, in state QUEUED (PENDING)
2025-07-28 21:58:12 -0500 :: hercules-login-1.hpc.msstate.edu :: Task gfs_wavepostsbs_f057-f063, jobid=5951794, in state QUEUED (PENDING)
2025-07-28 21:58:12 -0500 :: hercules-login-1.hpc.msstate.edu :: Task gfs_wavepostsbs_f066-f072, jobid=5951795, in state QUEUED (PENDING)
2025-07-28 21:58:12 -0500 :: hercules-login-1.hpc.msstate.edu :: Task gfs_wavepostsbs_f075-f081, jobid=5951796, in state QUEUED (PENDING)
2025-07-28 21:58:12 -0500 :: hercules-login-1.hpc.msstate.edu :: Task gfs_wavepostsbs_f084-f090, jobid=5951797, in state QUEUED (PENDING)
2025-07-28 21:58:12 -0500 :: hercules-login-1.hpc.msstate.edu :: Task gfs_wavepostsbs_f093-f099, jobid=5951798, in state QUEUED (PENDING)
2025-07-28 21:58:12 -0500 :: hercules-login-1.hpc.msstate.edu :: Task gfs_wavepostsbs_f102-f108, jobid=5951799, in state QUEUED (PENDING)
2025-07-28 21:58:12 -0500 :: hercules-login-1.hpc.msstate.edu :: Task gfs_wavepostsbs_f111-f114, jobid=5951800, in state QUEUED (PENDING)
2025-07-28 21:58:12 -0500 :: hercules-login-1.hpc.msstate.edu :: Task gfs_wavepostsbs_f117-f120, jobid=5951801, in state QUEUED (PENDING)
2025-07-28 22:04:14 -0500 :: hercules-login-1.hpc.msstate.edu :: Task gfs_wavepostsbs_f033-f035, jobid=5951788, in state QUEUED (PENDING)
2025-07-28 22:04:14 -0500 :: hercules-login-1.hpc.msstate.edu :: Task gfs_wavepostsbs_f036-f038, jobid=5951789, in state QUEUED (PENDING)
2025-07-28 22:04:14 -0500 :: hercules-login-1.hpc.msstate.edu :: Task gfs_wavepostsbs_f039-f041, jobid=5951790, in state QUEUED (PENDING)
2025-07-28 22:04:14 -0500 :: hercules-login-1.hpc.msstate.edu :: Task gfs_wavepostsbs_f042-f044, jobid=5951791, in state QUEUED (PENDING)
2025-07-28 22:04:14 -0500 :: hercules-login-1.hpc.msstate.edu :: Task gfs_wavepostsbs_f045-f047, jobid=5951792, in state QUEUED (PENDING)
2025-07-28 22:04:14 -0500 :: hercules-login-1.hpc.msstate.edu :: Task gfs_wavepostsbs_f048-f054, jobid=5951793, in state QUEUED (PENDING)
2025-07-28 22:04:14 -0500 :: hercules-login-1.hpc.msstate.edu :: Task gfs_wavepostsbs_f057-f063, jobid=5951794, in state QUEUED (PENDING)
2025-07-28 22:04:14 -0500 :: hercules-login-1.hpc.msstate.edu :: Task gfs_wavepostsbs_f066-f072, jobid=5951795, in state QUEUED (PENDING)
2025-07-28 22:04:14 -0500 :: hercules-login-1.hpc.msstate.edu :: Task gfs_wavepostsbs_f075-f081, jobid=5951796, in state QUEUED (PENDING)
2025-07-28 22:04:14 -0500 :: hercules-login-1.hpc.msstate.edu :: Task gfs_wavepostsbs_f084-f090, jobid=5951797, in state QUEUED (PENDING)
2025-07-28 22:04:14 -0500 :: hercules-login-1.hpc.msstate.edu :: Task gfs_wavepostsbs_f093-f099, jobid=5951798, in state QUEUED (PENDING)
2025-07-28 22:04:14 -0500 :: hercules-login-1.hpc.msstate.edu :: Task gfs_wavepostsbs_f102-f108, jobid=5951799, in state QUEUED (PENDING)
2025-07-28 22:04:14 -0500 :: hercules-login-1.hpc.msstate.edu :: Task gfs_wavepostsbs_f111-f114, jobid=5951800, in state QUEUED (PENDING)
2025-07-28 22:04:14 -0500 :: hercules-login-1.hpc.msstate.edu :: Task gfs_wavepostsbs_f117-f120, jobid=5951801, in state QUEUED (PENDING)
2025-07-28 22:10:17 -0500 :: hercules-login-1.hpc.msstate.edu :: Task gfs_wavepostsbs_f033-f035, jobid=5951788, in state SUCCEEDED (COMPLETED), ran for 70.0 seconds, exit status=0, try=1 (of 2)
2025-07-28 22:10:17 -0500 :: hercules-login-1.hpc.msstate.edu :: Task gfs_wavepostsbs_f036-f038, jobid=5951789, in state SUCCEEDED (COMPLETED), ran for 70.0 seconds, exit status=0, try=1 (of 2)
2025-07-28 22:10:17 -0500 :: hercules-login-1.hpc.msstate.edu :: Task gfs_wavepostsbs_f039-f041, jobid=5951790, in state SUCCEEDED (COMPLETED), ran for 72.0 seconds, exit status=0, try=1 (of 2)
2025-07-28 22:10:17 -0500 :: hercules-login-1.hpc.msstate.edu :: Task gfs_wavepostsbs_f042-f044, jobid=5951791, in state SUCCEEDED (COMPLETED), ran for 72.0 seconds, exit status=0, try=1 (of 2)
2025-07-28 22:10:17 -0500 :: hercules-login-1.hpc.msstate.edu :: Task gfs_wavepostsbs_f045-f047, jobid=5951792, in state SUCCEEDED (COMPLETED), ran for 73.0 seconds, exit status=0, try=1 (of 2)
2025-07-28 22:10:17 -0500 :: hercules-login-1.hpc.msstate.edu :: Task gfs_wavepostsbs_f048-f054, jobid=5951793, in state SUCCEEDED (COMPLETED), ran for 74.0 seconds, exit status=0, try=1 (of 2)
2025-07-28 22:10:17 -0500 :: hercules-login-1.hpc.msstate.edu :: Task gfs_wavepostsbs_f057-f063, jobid=5951794, in state SUCCEEDED (COMPLETED), ran for 72.0 seconds, exit status=0, try=1 (of 2)
2025-07-28 22:10:17 -0500 :: hercules-login-1.hpc.msstate.edu :: Task gfs_wavepostsbs_f066-f072, jobid=5951795, in state SUCCEEDED (COMPLETED), ran for 73.0 seconds, exit status=0, try=1 (of 2)
2025-07-28 22:10:17 -0500 :: hercules-login-1.hpc.msstate.edu :: Task gfs_wavepostsbs_f075-f081, jobid=5951796, in state SUCCEEDED (COMPLETED), ran for 72.0 seconds, exit status=0, try=1 (of 2)
2025-07-28 22:10:17 -0500 :: hercules-login-1.hpc.msstate.edu :: Task gfs_wavepostsbs_f084-f090, jobid=5951797, in state SUCCEEDED (COMPLETED), ran for 73.0 seconds, exit status=0, try=1 (of 2)
2025-07-28 22:10:17 -0500 :: hercules-login-1.hpc.msstate.edu :: Task gfs_wavepostsbs_f093-f099, jobid=5951798, in state SUCCEEDED (COMPLETED), ran for 72.0 seconds, exit status=0, try=1 (of 2)
2025-07-28 22:10:17 -0500 :: hercules-login-1.hpc.msstate.edu :: Task gfs_wavepostsbs_f102-f108, jobid=5951799, in state SUCCEEDED (COMPLETED), ran for 73.0 seconds, exit status=0, try=1 (of 2)
2025-07-28 22:10:17 -0500 :: hercules-login-1.hpc.msstate.edu :: Task gfs_wavepostsbs_f111-f114, jobid=5951800, in state SUCCEEDED (COMPLETED), ran for 50.0 seconds, exit status=0, try=1 (of 2)
2025-07-28 22:10:17 -0500 :: hercules-login-1.hpc.msstate.edu :: Task gfs_wavepostsbs_f117-f120, jobid=5951801, in state SUCCEEDED (COMPLETED), ran for 50.0 seconds, exit status=0, try=1 (of 2)
2025-07-28 22:10:17 -0500 :: hercules-login-1.hpc.msstate.edu :: Submitting gfs_arch_vrfy
2025-07-28 22:10:17 -0500 :: hercules-login-1.hpc.msstate.edu :: Submission status of gfs_arch_vrfy is pending at druby://130.18.14.151:37481
2025-07-28 22:16:20 -0500 :: hercules-login-1.hpc.msstate.edu :: Submission status of previously pending gfs_arch_vrfy is success, jobid=5951962
2025-07-28 22:16:20 -0500 :: hercules-login-1.hpc.msstate.edu :: Task gfs_arch_vrfy, jobid=5951962, in state SUCCEEDED (COMPLETED), ran for 74.0 seconds, exit status=0, try=1 (of 2)
2025-07-28 22:16:20 -0500 :: hercules-login-1.hpc.msstate.edu :: Submitting gfs_cleanup
2025-07-28 22:16:20 -0500 :: hercules-login-1.hpc.msstate.edu :: Submission status of gfs_cleanup is pending at druby://130.18.14.151:33107
2025-07-28 22:22:23 -0500 :: hercules-login-1.hpc.msstate.edu :: Submission status of previously pending gfs_cleanup is success, jobid=5951987
2025-07-28 22:22:23 -0500 :: hercules-login-1.hpc.msstate.edu :: Task gfs_cleanup, jobid=5951987, in state SUCCEEDED (COMPLETED), ran for 22.0 seconds, exit status=0, try=1 (of 2)
2025-07-28 22:22:23 -0500 :: hercules-login-1.hpc.msstate.edu :: This cycle is complete: Success
