+ /glade/derecho/scratch/epicufsrt/GFS_CI_CD/DERECHO/Gitlab/BUILD/pr_cases_4919_a75a926a_17653/global-workflow/dev/job_cards/rocoto/atmos_products.sh
+ source /glade/derecho/scratch/epicufsrt/GFS_CI_CD/DERECHO/Gitlab/BUILD/pr_cases_4919_a75a926a_17653/global-workflow/dev/ush/load_modules.sh run
++ [[ hxB == *x* ]]
++ set_x=YES
++ [[ NO == \N\O ]]
++ echo 'Loading modules quietly...'
Loading modules quietly...
++ set +x

Currently Loaded Modules:
  1) stack-oneapi/2024.2.1              41) py-numpy/1.26.4
  2) ncarenv/24.12                 (S)  42) py-pip/23.1.2
  3) craype/2.7.31                      43) esmf/8.8.0
  4) intel/2024.2.1                     44) antlr/2.7.7
  5) libfabric/1.15.2.0                 45) gsl/2.8
  6) cray-mpich/8.1.29                  46) nco/5.2.4
  7) stack-cray-mpich/8.1.29            47) bacio/2.4.1
  8) glibc/2.31                         48) w3emc/2.10.0
  9) intel-oneapi-runtime/2024.2.1      49) prod_util/2.1.1
 10) tar/1.34                           50) g2/3.5.1
 11) gettext/0.22.5                     51) ip/5.1.0
 12) zlib/1.2.11                        52) grib-util/1.4.0
 13) sqlite/3.46.0                      53) g2tmpl/1.13.0
 14) util-linux-uuid/2.40.2             54) gsi-ncdiag/1.1.2
 15) python/3.11.7                      55) crtm-fix/2.4.0.1_emc
 16) stack-python/3.11.7                56) git-lfs/3.5.1
 17) mbedtls/3.6.2                      57) crtm/2.4.0.1
 18) nghttp2/1.63.0                     58) bufr/12.1.0
 19) curl/8.10.1                        59) py-f90nml/1.4.3
 20) cmake/3.27.9                       60) py-certifi/2023.7.22
 21) libjpeg/2.1.0                      61) py-cftime/1.0.3.4
 22) jasper/2.0.32                      62) py-netcdf4/1.7.1.post2
 23) libpng/1.6.37                      63) libyaml/0.2.5
 24) openjpeg/2.3.1                     64) py-pyyaml/6.0.2
 25) eccodes/2.33.0                     65) py-markupsafe/2.1.3
 26) intel-tbb/2021.12.0                66) py-jinja2/3.1.4
 27) intel-oneapi-mkl/2024.2.2          67) py-pytz/2023.3
 28) proj/9.4.1                         68) py-tzdata/2023.3
 29) udunits/2.2.28                     69) py-pandas/2.2.3
 30) cdo/2.4.4                          70) py-six/1.16.0
 31) hdf5/1.14.3                        71) py-python-dateutil/2.8.2
 32) snappy/1.2.1                       72) py-packaging/24.1
 33) zstd/1.5.6                         73) py-setuptools/69.2.0
 34) c-blosc/1.21.5                     74) py-xarray/2024.7.0
 35) netcdf-c/4.9.2                     75) gw_run.common
 36) netcdf-fortran/4.6.1               76) g2c/2.1.0
 37) parallel-netcdf/1.12.3             77) wgrib2/3.6.0
 38) parallelio/2.6.2                   78) prepobs/1.1.3
 39) python-venv/1.0                    79) fit2obs/1.1.10
 40) py-mpi4py/4.0.1                    80) gw_run.derecho

  Where:
   S:  Module is Sticky, requires --force to unload or purge

 

++ [[ -d /glade/derecho/scratch/epicufsrt/GFS_CI_CD/DERECHO/Gitlab/BUILD/pr_cases_4919_a75a926a_17653/global-workflow/sorc/wxflow/src ]]
++ PYTHONPATH=/glade/derecho/scratch/epicufsrt/GFS_CI_CD/DERECHO/Gitlab/BUILD/pr_cases_4919_a75a926a_17653/global-workflow/sorc/wxflow/src:/glade/work/epicufsrt/contrib/spack-stack/derecho/spack-stack-1.9.2/envs/ue-oneapi-2024.2.1/install/oneapi/2024.2.1/py-xarray-2024.7.0-lqdxxpf/lib/python3.11/site-packages:/glade/work/epicufsrt/contrib/spack-stack/derecho/spack-stack-1.9.2/envs/ue-oneapi-2024.2.1/install/oneapi/2024.2.1/py-setuptools-69.2.0-xtisnyt/lib/python3.11/site-packages:/glade/work/epicufsrt/contrib/spack-stack/derecho/spack-stack-1.9.2/envs/ue-oneapi-2024.2.1/install/oneapi/2024.2.1/py-packaging-24.1-ubtm5rz/lib/python3.11/site-packages:/glade/work/epicufsrt/contrib/spack-stack/derecho/spack-stack-1.9.2/envs/ue-oneapi-2024.2.1/install/oneapi/2024.2.1/py-python-dateutil-2.8.2-vq6aqyq/lib/python3.11/site-packages:/glade/work/epicufsrt/contrib/spack-stack/derecho/spack-stack-1.9.2/envs/ue-oneapi-2024.2.1/install/oneapi/2024.2.1/py-six-1.16.0-skg5gec/lib/python3.11/site-packages:/glade/work/epicufsrt/contrib/spack-stack/derecho/spack-stack-1.9.2/envs/ue-oneapi-2024.2.1/install/oneapi/2024.2.1/py-pandas-2.2.3-ho6qujq/lib/python3.11/site-packages:/glade/work/epicufsrt/contrib/spack-stack/derecho/spack-stack-1.9.2/envs/ue-oneapi-2024.2.1/install/oneapi/2024.2.1/py-tzdata-2023.3-itke5eq/lib/python3.11/site-packages:/glade/work/epicufsrt/contrib/spack-stack/derecho/spack-stack-1.9.2/envs/ue-oneapi-2024.2.1/install/oneapi/2024.2.1/py-pytz-2023.3-jugpcdd/lib/python3.11/site-packages:/glade/work/epicufsrt/contrib/spack-stack/derecho/spack-stack-1.9.2/envs/ue-oneapi-2024.2.1/install/oneapi/2024.2.1/py-jinja2-3.1.4-26kfjcz/lib/python3.11/site-packages:/glade/work/epicufsrt/contrib/spack-stack/derecho/spack-stack-1.9.2/envs/ue-oneapi-2024.2.1/install/oneapi/2024.2.1/py-markupsafe-2.1.3-crl7r3n/lib/python3.11/site-packages:/glade/work/epicufsrt/contrib/spack-stack/derecho/spack-stack-1.9.2/envs/ue-oneapi-2024.2.1/install/oneapi/2024.2.1/py-pyyaml-6.0.2-xwqfjgy/lib/python3.11/site-packages:/glade/work/epicufsrt/contrib/spack-stack/derecho/spack-stack-1.9.2/envs/ue-oneapi-2024.2.1/install/oneapi/2024.2.1/py-netcdf4-1.7.1.post2-qpzif4x/lib/python3.11/site-packages:/glade/work/epicufsrt/contrib/spack-stack/derecho/spack-stack-1.9.2/envs/ue-oneapi-2024.2.1/install/oneapi/2024.2.1/py-cftime-1.0.3.4-lpjuq7a/lib/python3.11/site-packages:/glade/work/epicufsrt/contrib/spack-stack/derecho/spack-stack-1.9.2/envs/ue-oneapi-2024.2.1/install/oneapi/2024.2.1/py-certifi-2023.7.22-qaavpuk/lib/python3.11/site-packages:/glade/work/epicufsrt/contrib/spack-stack/derecho/spack-stack-1.9.2/envs/ue-oneapi-2024.2.1/install/oneapi/2024.2.1/py-f90nml-1.4.3-pb6mzgx/lib/python3.11/site-packages:/glade/work/epicufsrt/contrib/spack-stack/derecho/spack-stack-1.9.2/envs/ue-oneapi-2024.2.1/install/oneapi/2024.2.1/bufr-12.1.0-5ce3do4/lib64/python3.11/site-packages:/glade/work/epicufsrt/contrib/spack-stack/derecho/spack-stack-1.9.2/envs/ue-oneapi-2024.2.1/install/oneapi/2024.2.1/esmf-8.8.0-cjxhfwn/lib/python3.11/site-packages:/glade/work/epicufsrt/contrib/spack-stack/derecho/spack-stack-1.9.2/envs/ue-oneapi-2024.2.1/install/oneapi/2024.2.1/py-pip-23.1.2-oj7zmnx/lib/python3.11/site-packages:/glade/work/epicufsrt/contrib/spack-stack/derecho/spack-stack-1.9.2/envs/ue-oneapi-2024.2.1/install/oneapi/2024.2.1/py-numpy-1.26.4-fhd2pmk/lib/python3.11/site-packages:/glade/work/epicufsrt/contrib/spack-stack/derecho/spack-stack-1.9.2/envs/ue-oneapi-2024.2.1/install/oneapi/2024.2.1/py-mpi4py-4.0.1-buten5a/lib/python3.11/site-packages:/glade/work/epicufsrt/contrib/spack-stack/derecho/spack-stack-1.9.2/envs/ue-oneapi-2024.2.1/install/oneapi/2024.2.1/python-venv-1.0-2vrsctu/lib/python3.11/site-packages
++ PYTHONPATH=/glade/derecho/scratch/epicufsrt/GFS_CI_CD/DERECHO/Gitlab/BUILD/pr_cases_4919_a75a926a_17653/global-workflow/sorc/wxflow/src:/glade/work/epicufsrt/contrib/spack-stack/derecho/spack-stack-1.9.2/envs/ue-oneapi-2024.2.1/install/oneapi/2024.2.1/py-xarray-2024.7.0-lqdxxpf/lib/python3.11/site-packages:/glade/work/epicufsrt/contrib/spack-stack/derecho/spack-stack-1.9.2/envs/ue-oneapi-2024.2.1/install/oneapi/2024.2.1/py-setuptools-69.2.0-xtisnyt/lib/python3.11/site-packages:/glade/work/epicufsrt/contrib/spack-stack/derecho/spack-stack-1.9.2/envs/ue-oneapi-2024.2.1/install/oneapi/2024.2.1/py-packaging-24.1-ubtm5rz/lib/python3.11/site-packages:/glade/work/epicufsrt/contrib/spack-stack/derecho/spack-stack-1.9.2/envs/ue-oneapi-2024.2.1/install/oneapi/2024.2.1/py-python-dateutil-2.8.2-vq6aqyq/lib/python3.11/site-packages:/glade/work/epicufsrt/contrib/spack-stack/derecho/spack-stack-1.9.2/envs/ue-oneapi-2024.2.1/install/oneapi/2024.2.1/py-six-1.16.0-skg5gec/lib/python3.11/site-packages:/glade/work/epicufsrt/contrib/spack-stack/derecho/spack-stack-1.9.2/envs/ue-oneapi-2024.2.1/install/oneapi/2024.2.1/py-pandas-2.2.3-ho6qujq/lib/python3.11/site-packages:/glade/work/epicufsrt/contrib/spack-stack/derecho/spack-stack-1.9.2/envs/ue-oneapi-2024.2.1/install/oneapi/2024.2.1/py-tzdata-2023.3-itke5eq/lib/python3.11/site-packages:/glade/work/epicufsrt/contrib/spack-stack/derecho/spack-stack-1.9.2/envs/ue-oneapi-2024.2.1/install/oneapi/2024.2.1/py-pytz-2023.3-jugpcdd/lib/python3.11/site-packages:/glade/work/epicufsrt/contrib/spack-stack/derecho/spack-stack-1.9.2/envs/ue-oneapi-2024.2.1/install/oneapi/2024.2.1/py-jinja2-3.1.4-26kfjcz/lib/python3.11/site-packages:/glade/work/epicufsrt/contrib/spack-stack/derecho/spack-stack-1.9.2/envs/ue-oneapi-2024.2.1/install/oneapi/2024.2.1/py-markupsafe-2.1.3-crl7r3n/lib/python3.11/site-packages:/glade/work/epicufsrt/contrib/spack-stack/derecho/spack-stack-1.9.2/envs/ue-oneapi-2024.2.1/install/oneapi/2024.2.1/py-pyyaml-6.0.2-xwqfjgy/lib/python3.11/site-packages:/glade/work/epicufsrt/contrib/spack-stack/derecho/spack-stack-1.9.2/envs/ue-oneapi-2024.2.1/install/oneapi/2024.2.1/py-netcdf4-1.7.1.post2-qpzif4x/lib/python3.11/site-packages:/glade/work/epicufsrt/contrib/spack-stack/derecho/spack-stack-1.9.2/envs/ue-oneapi-2024.2.1/install/oneapi/2024.2.1/py-cftime-1.0.3.4-lpjuq7a/lib/python3.11/site-packages:/glade/work/epicufsrt/contrib/spack-stack/derecho/spack-stack-1.9.2/envs/ue-oneapi-2024.2.1/install/oneapi/2024.2.1/py-certifi-2023.7.22-qaavpuk/lib/python3.11/site-packages:/glade/work/epicufsrt/contrib/spack-stack/derecho/spack-stack-1.9.2/envs/ue-oneapi-2024.2.1/install/oneapi/2024.2.1/py-f90nml-1.4.3-pb6mzgx/lib/python3.11/site-packages:/glade/work/epicufsrt/contrib/spack-stack/derecho/spack-stack-1.9.2/envs/ue-oneapi-2024.2.1/install/oneapi/2024.2.1/bufr-12.1.0-5ce3do4/lib64/python3.11/site-packages:/glade/work/epicufsrt/contrib/spack-stack/derecho/spack-stack-1.9.2/envs/ue-oneapi-2024.2.1/install/oneapi/2024.2.1/esmf-8.8.0-cjxhfwn/lib/python3.11/site-packages:/glade/work/epicufsrt/contrib/spack-stack/derecho/spack-stack-1.9.2/envs/ue-oneapi-2024.2.1/install/oneapi/2024.2.1/py-pip-23.1.2-oj7zmnx/lib/python3.11/site-packages:/glade/work/epicufsrt/contrib/spack-stack/derecho/spack-stack-1.9.2/envs/ue-oneapi-2024.2.1/install/oneapi/2024.2.1/py-numpy-1.26.4-fhd2pmk/lib/python3.11/site-packages:/glade/work/epicufsrt/contrib/spack-stack/derecho/spack-stack-1.9.2/envs/ue-oneapi-2024.2.1/install/oneapi/2024.2.1/py-mpi4py-4.0.1-buten5a/lib/python3.11/site-packages:/glade/work/epicufsrt/contrib/spack-stack/derecho/spack-stack-1.9.2/envs/ue-oneapi-2024.2.1/install/oneapi/2024.2.1/python-venv-1.0-2vrsctu/lib/python3.11/site-packages:/glade/derecho/scratch/epicufsrt/GFS_CI_CD/DERECHO/Gitlab/BUILD/pr_cases_4919_a75a926a_17653/global-workflow/ush/python
++ export PYTHONPATH
++ ulimit -S -s unlimited
++ unset ulimit_s
++ [[ NO == \Y\E\S ]]
+ status=0
+ (( status != 0 ))
+ export job=atmos_products
+ job=atmos_products
+ IFS=', '
+ read -r -a fhr_list
+ export FORECAST_HOUR jobid
+ for FORECAST_HOUR in "${fhr_list[@]}"
++ printf %03d 4
+ fhr3=004
+ jobid=atmos_products_f004.130144
+ /glade/derecho/scratch/epicufsrt/GFS_CI_CD/DERECHO/Gitlab/BUILD/pr_cases_4919_a75a926a_17653/global-workflow/dev/jobs/JGLOBAL_ATMOS_PRODUCTS
+ source /glade/derecho/scratch/epicufsrt/GFS_CI_CD/DERECHO/Gitlab/BUILD/pr_cases_4919_a75a926a_17653/global-workflow/ush/jjob_header.sh -e atmos_products -c 'base atmos_products'
+++ basename /glade/derecho/scratch/epicufsrt/GFS_CI_CD/DERECHO/Gitlab/BUILD/pr_cases_4919_a75a926a_17653/global-workflow/dev/jobs/JGLOBAL_ATMOS_PRODUCTS
++ _calling_script=JGLOBAL_ATMOS_PRODUCTS
++ source /glade/derecho/scratch/epicufsrt/GFS_CI_CD/DERECHO/Gitlab/BUILD/pr_cases_4919_a75a926a_17653/global-workflow/ush/err_exit.sh
+++ declare -xf err_exit
++ OPTIND=1
++ getopts c:e: option
++ case "${option}" in
++ env_job=atmos_products
++ getopts c:e: option
++ case "${option}" in
++ read -ra configs
++ getopts c:e: option
++ shift 4
++ [[ -z atmos_products ]]
++ export EXPDIR=/glade/derecho/scratch/epicufsrt/GFS_CI_CD/DERECHO/Gitlab/BUILD/pr_cases_4919_a75a926a_17653/RUNTESTS/EXPDIR/C96C48_hybatmsnowDA_a75a926a-17653
++ EXPDIR=/glade/derecho/scratch/epicufsrt/GFS_CI_CD/DERECHO/Gitlab/BUILD/pr_cases_4919_a75a926a_17653/RUNTESTS/EXPDIR/C96C48_hybatmsnowDA_a75a926a-17653
++ for config in "${configs[@]:-''}"
++ source /glade/derecho/scratch/epicufsrt/GFS_CI_CD/DERECHO/Gitlab/BUILD/pr_cases_4919_a75a926a_17653/RUNTESTS/EXPDIR/C96C48_hybatmsnowDA_a75a926a-17653/config.base
+++ echo 'BEGIN: config.base'
BEGIN: config.base
+++ export machine=DERECHO
+++ machine=DERECHO
+++ export RUN_ENVIR=emc
+++ RUN_ENVIR=emc
+++ export ACCOUNT=nral0032
+++ ACCOUNT=nral0032
+++ export QUEUE=develop
+++ QUEUE=develop
+++ export QUEUE_SERVICE=develop
+++ QUEUE_SERVICE=develop
+++ export QUEUE_EXCLUSIVE=main
+++ QUEUE_EXCLUSIVE=main
+++ export QUEUE_DTN=develop
+++ QUEUE_DTN=develop
+++ export 'PARTITION_BATCH={{ PARTITION_BATCH }}'
+++ PARTITION_BATCH='{{ PARTITION_BATCH }}'
+++ export PARTITION_SERVICE=
+++ PARTITION_SERVICE=
+++ export PARTITION_EXCLUSIVE=
+++ PARTITION_EXCLUSIVE=
+++ export PARTITION_DTN=
+++ PARTITION_DTN=
+++ export RESERVATION=
+++ RESERVATION=
+++ export CLUSTERS=
+++ CLUSTERS=
+++ export CLUSTERS_SERVICE=
+++ CLUSTERS_SERVICE=
+++ export CLUSTERS_EXCLUSIVE=
+++ CLUSTERS_EXCLUSIVE=
+++ export CLUSTERS_DTN=
+++ CLUSTERS_DTN=
+++ export 'HPSS_PROJECT={{ HPSS_PROJECT }}'
+++ HPSS_PROJECT='{{ HPSS_PROJECT }}'
+++ export HOMEglobal=/glade/derecho/scratch/epicufsrt/GFS_CI_CD/DERECHO/Gitlab/BUILD/pr_cases_4919_a75a926a_17653/global-workflow
+++ HOMEglobal=/glade/derecho/scratch/epicufsrt/GFS_CI_CD/DERECHO/Gitlab/BUILD/pr_cases_4919_a75a926a_17653/global-workflow
+++ export EXECglobal=/glade/derecho/scratch/epicufsrt/GFS_CI_CD/DERECHO/Gitlab/BUILD/pr_cases_4919_a75a926a_17653/global-workflow/exec
+++ EXECglobal=/glade/derecho/scratch/epicufsrt/GFS_CI_CD/DERECHO/Gitlab/BUILD/pr_cases_4919_a75a926a_17653/global-workflow/exec
+++ export FIXglobal=/glade/derecho/scratch/epicufsrt/GFS_CI_CD/DERECHO/Gitlab/BUILD/pr_cases_4919_a75a926a_17653/global-workflow/fix
+++ FIXglobal=/glade/derecho/scratch/epicufsrt/GFS_CI_CD/DERECHO/Gitlab/BUILD/pr_cases_4919_a75a926a_17653/global-workflow/fix
+++ export PARMglobal=/glade/derecho/scratch/epicufsrt/GFS_CI_CD/DERECHO/Gitlab/BUILD/pr_cases_4919_a75a926a_17653/global-workflow/parm
+++ PARMglobal=/glade/derecho/scratch/epicufsrt/GFS_CI_CD/DERECHO/Gitlab/BUILD/pr_cases_4919_a75a926a_17653/global-workflow/parm
+++ export SCRglobal=/glade/derecho/scratch/epicufsrt/GFS_CI_CD/DERECHO/Gitlab/BUILD/pr_cases_4919_a75a926a_17653/global-workflow/scripts
+++ SCRglobal=/glade/derecho/scratch/epicufsrt/GFS_CI_CD/DERECHO/Gitlab/BUILD/pr_cases_4919_a75a926a_17653/global-workflow/scripts
+++ export USHglobal=/glade/derecho/scratch/epicufsrt/GFS_CI_CD/DERECHO/Gitlab/BUILD/pr_cases_4919_a75a926a_17653/global-workflow/ush
+++ USHglobal=/glade/derecho/scratch/epicufsrt/GFS_CI_CD/DERECHO/Gitlab/BUILD/pr_cases_4919_a75a926a_17653/global-workflow/ush
+++ export FIXam=/glade/derecho/scratch/epicufsrt/GFS_CI_CD/DERECHO/Gitlab/BUILD/pr_cases_4919_a75a926a_17653/global-workflow/fix/am
+++ FIXam=/glade/derecho/scratch/epicufsrt/GFS_CI_CD/DERECHO/Gitlab/BUILD/pr_cases_4919_a75a926a_17653/global-workflow/fix/am
+++ export FIXaer=/glade/derecho/scratch/epicufsrt/GFS_CI_CD/DERECHO/Gitlab/BUILD/pr_cases_4919_a75a926a_17653/global-workflow/fix/aer
+++ FIXaer=/glade/derecho/scratch/epicufsrt/GFS_CI_CD/DERECHO/Gitlab/BUILD/pr_cases_4919_a75a926a_17653/global-workflow/fix/aer
+++ export FIXcpl=/glade/derecho/scratch/epicufsrt/GFS_CI_CD/DERECHO/Gitlab/BUILD/pr_cases_4919_a75a926a_17653/global-workflow/fix/cpl
+++ FIXcpl=/glade/derecho/scratch/epicufsrt/GFS_CI_CD/DERECHO/Gitlab/BUILD/pr_cases_4919_a75a926a_17653/global-workflow/fix/cpl
+++ export FIXlut=/glade/derecho/scratch/epicufsrt/GFS_CI_CD/DERECHO/Gitlab/BUILD/pr_cases_4919_a75a926a_17653/global-workflow/fix/lut
+++ FIXlut=/glade/derecho/scratch/epicufsrt/GFS_CI_CD/DERECHO/Gitlab/BUILD/pr_cases_4919_a75a926a_17653/global-workflow/fix/lut
+++ export FIXcice=/glade/derecho/scratch/epicufsrt/GFS_CI_CD/DERECHO/Gitlab/BUILD/pr_cases_4919_a75a926a_17653/global-workflow/fix/cice
+++ FIXcice=/glade/derecho/scratch/epicufsrt/GFS_CI_CD/DERECHO/Gitlab/BUILD/pr_cases_4919_a75a926a_17653/global-workflow/fix/cice
+++ export FIXmom=/glade/derecho/scratch/epicufsrt/GFS_CI_CD/DERECHO/Gitlab/BUILD/pr_cases_4919_a75a926a_17653/global-workflow/fix/mom6
+++ FIXmom=/glade/derecho/scratch/epicufsrt/GFS_CI_CD/DERECHO/Gitlab/BUILD/pr_cases_4919_a75a926a_17653/global-workflow/fix/mom6
+++ export FIXreg2grb2=/glade/derecho/scratch/epicufsrt/GFS_CI_CD/DERECHO/Gitlab/BUILD/pr_cases_4919_a75a926a_17653/global-workflow/fix/reg2grb2
+++ FIXreg2grb2=/glade/derecho/scratch/epicufsrt/GFS_CI_CD/DERECHO/Gitlab/BUILD/pr_cases_4919_a75a926a_17653/global-workflow/fix/reg2grb2
+++ export FIXgdas=/glade/derecho/scratch/epicufsrt/GFS_CI_CD/DERECHO/Gitlab/BUILD/pr_cases_4919_a75a926a_17653/global-workflow/fix/gdas
+++ FIXgdas=/glade/derecho/scratch/epicufsrt/GFS_CI_CD/DERECHO/Gitlab/BUILD/pr_cases_4919_a75a926a_17653/global-workflow/fix/gdas
+++ export PACKAGEROOT=/lustre/desc1/p/nral0032/global/data/nwpara
+++ PACKAGEROOT=/lustre/desc1/p/nral0032/global/data/nwpara
+++ export COMROOT=/glade/derecho/scratch/epicufsrt/GFS_CI_CD/DERECHO/Gitlab/BUILD/pr_cases_4919_a75a926a_17653/RUNTESTS/COMROOT
+++ COMROOT=/glade/derecho/scratch/epicufsrt/GFS_CI_CD/DERECHO/Gitlab/BUILD/pr_cases_4919_a75a926a_17653/RUNTESTS/COMROOT
+++ export DCOMROOT=/lfs/h1/ops/prod/dcom
+++ DCOMROOT=/lfs/h1/ops/prod/dcom
+++ export COMINsyn=/lustre/desc1/p/nral0032/global/data/syndat
+++ COMINsyn=/lustre/desc1/p/nral0032/global/data/syndat
+++ export DMPDIR=/lustre/desc1/p/nral0032/global/dump_nr
+++ DMPDIR=/lustre/desc1/p/nral0032/global/dump_nr
+++ export IODADIR=/lustre/desc1/p/nral0032/global/dump_ioda_nr
+++ IODADIR=/lustre/desc1/p/nral0032/global/dump_ioda_nr
+++ export 'USE_IODADIR={{ USE_IODADIR }}'
+++ USE_IODADIR='{{ USE_IODADIR }}'
+++ export COMINecmwf=/lustre/desc1/p/nral0032/global/data/external_gempak/ecmwf
+++ COMINecmwf=/lustre/desc1/p/nral0032/global/data/external_gempak/ecmwf
+++ export COMINnam=/lustre/desc1/p/nral0032/global/data/external_gempak/nam
+++ COMINnam=/lustre/desc1/p/nral0032/global/data/external_gempak/nam
+++ export COMINukmet=/lustre/desc1/p/nral0032/global/data/external_gempak/ukmet
+++ COMINukmet=/lustre/desc1/p/nral0032/global/data/external_gempak/ukmet
+++ export HOMEDIR=/gpfs/csfs1/work/epicufsrt
+++ HOMEDIR=/gpfs/csfs1/work/epicufsrt
+++ export STMP=/lustre/desc1/scratch/epicufsrt/stmp
+++ STMP=/lustre/desc1/scratch/epicufsrt/stmp
+++ export PTMP=/lustre/desc1/scratch/epicufsrt/ptmp
+++ PTMP=/lustre/desc1/scratch/epicufsrt/ptmp
+++ export NOSCRUB=/gpfs/csfs1/work/epicufsrt
+++ NOSCRUB=/gpfs/csfs1/work/epicufsrt
+++ export BASE_GIT=/lustre/desc1/p/nral0032/global/global_externals
+++ BASE_GIT=/lustre/desc1/p/nral0032/global/global_externals
+++ export BASE_DATA=/lustre/desc1/p/nral0032/global/data
+++ BASE_DATA=/lustre/desc1/p/nral0032/global/data
+++ export DO_PREP_SFC=NO
+++ DO_PREP_SFC=NO
+++ export DO_GOES=NO
+++ DO_GOES=NO
+++ export DO_BUFRSND=NO
+++ DO_BUFRSND=NO
+++ export DO_GEMPAK=NO
+++ DO_GEMPAK=NO
+++ export DO_AWIPS=NO
+++ DO_AWIPS=NO
+++ export DO_NPOESS=NO
+++ DO_NPOESS=NO
+++ export DO_TRACKER=YES
+++ DO_TRACKER=YES
+++ export DO_GENESIS=YES
+++ DO_GENESIS=YES
+++ export DO_GENESIS_FSU=NO
+++ DO_GENESIS_FSU=NO
+++ export DO_VERFOZN=YES
+++ DO_VERFOZN=YES
+++ export DO_VERFRAD=YES
+++ DO_VERFRAD=YES
+++ export DO_VMINMON=YES
+++ DO_VMINMON=YES
+++ export DO_ANLSTAT=NO
+++ DO_ANLSTAT=NO
+++ export DO_GSI_ANLSTAT=NO
+++ DO_GSI_ANLSTAT=NO
+++ export MODE=cycled
+++ MODE=cycled
+++ export DO_TEST_MODE=NO
+++ DO_TEST_MODE=NO
+++ export FIXgsi=/glade/derecho/scratch/epicufsrt/GFS_CI_CD/DERECHO/Gitlab/BUILD/pr_cases_4919_a75a926a_17653/global-workflow/fix/gsi
+++ FIXgsi=/glade/derecho/scratch/epicufsrt/GFS_CI_CD/DERECHO/Gitlab/BUILD/pr_cases_4919_a75a926a_17653/global-workflow/fix/gsi
+++ export HOMEpost=/glade/derecho/scratch/epicufsrt/GFS_CI_CD/DERECHO/Gitlab/BUILD/pr_cases_4919_a75a926a_17653/global-workflow
+++ HOMEpost=/glade/derecho/scratch/epicufsrt/GFS_CI_CD/DERECHO/Gitlab/BUILD/pr_cases_4919_a75a926a_17653/global-workflow
+++ export HOMEobsproc=/lustre/desc1/p/nral0032/global/global_externals/obsproc/v1.2.0
+++ HOMEobsproc=/lustre/desc1/p/nral0032/global/global_externals/obsproc/v1.2.0
+++ export NMV=/bin/mv
+++ NMV=/bin/mv
+++ export 'NLN=/bin/ln -sf'
+++ NLN='/bin/ln -sf'
+++ export VERBOSE=YES
+++ VERBOSE=YES
+++ export DEBUG_POSTSCRIPT=NO
+++ DEBUG_POSTSCRIPT=NO
+++ export CHGRP_RSTPROD=NO
+++ CHGRP_RSTPROD=NO
+++ export 'CHGRP_CMD={{ CHGRP_CMD }}'
+++ CHGRP_CMD='{{ CHGRP_CMD }}'
+++ export NCDUMP=/glade/work/epicufsrt/contrib/spack-stack/derecho/spack-stack-1.9.2/envs/ue-oneapi-2024.2.1/install/oneapi/2024.2.1/netcdf-c-4.9.2-jcobreh/bin/ncdump
+++ NCDUMP=/glade/work/epicufsrt/contrib/spack-stack/derecho/spack-stack-1.9.2/envs/ue-oneapi-2024.2.1/install/oneapi/2024.2.1/netcdf-c-4.9.2-jcobreh/bin/ncdump
+++ export NCLEN=/glade/derecho/scratch/epicufsrt/GFS_CI_CD/DERECHO/Gitlab/BUILD/pr_cases_4919_a75a926a_17653/global-workflow/ush/getncdimlen
+++ NCLEN=/glade/derecho/scratch/epicufsrt/GFS_CI_CD/DERECHO/Gitlab/BUILD/pr_cases_4919_a75a926a_17653/global-workflow/ush/getncdimlen
+++ export BASE_ENV=/glade/derecho/scratch/epicufsrt/GFS_CI_CD/DERECHO/Gitlab/BUILD/pr_cases_4919_a75a926a_17653/global-workflow/env
+++ BASE_ENV=/glade/derecho/scratch/epicufsrt/GFS_CI_CD/DERECHO/Gitlab/BUILD/pr_cases_4919_a75a926a_17653/global-workflow/env
+++ export SDATE=2021122012
+++ SDATE=2021122012
+++ export EDATE=2021122100
+++ EDATE=2021122100
+++ export EXP_WARM_START=.false.
+++ EXP_WARM_START=.false.
+++ export assim_freq=6
+++ assim_freq=6
+++ export PSLOT=C96C48_hybatmsnowDA_a75a926a-17653
+++ PSLOT=C96C48_hybatmsnowDA_a75a926a-17653
+++ export EXPDIR=/glade/derecho/scratch/epicufsrt/GFS_CI_CD/DERECHO/Gitlab/BUILD/pr_cases_4919_a75a926a_17653/RUNTESTS/EXPDIR/C96C48_hybatmsnowDA_a75a926a-17653
+++ EXPDIR=/glade/derecho/scratch/epicufsrt/GFS_CI_CD/DERECHO/Gitlab/BUILD/pr_cases_4919_a75a926a_17653/RUNTESTS/EXPDIR/C96C48_hybatmsnowDA_a75a926a-17653
+++ export ROTDIR=/glade/derecho/scratch/epicufsrt/GFS_CI_CD/DERECHO/Gitlab/BUILD/pr_cases_4919_a75a926a_17653/RUNTESTS/COMROOT/C96C48_hybatmsnowDA_a75a926a-17653
+++ ROTDIR=/glade/derecho/scratch/epicufsrt/GFS_CI_CD/DERECHO/Gitlab/BUILD/pr_cases_4919_a75a926a_17653/RUNTESTS/COMROOT/C96C48_hybatmsnowDA_a75a926a-17653
+++ export DUMP_SUFFIX=
+++ DUMP_SUFFIX=
+++ [[ 2021122012 -ge 2019092100 ]]
+++ [[ 2021122012 -le 2019110700 ]]
+++ export ARCDIR=/gpfs/csfs1/work/epicufsrt/archive/C96C48_hybatmsnowDA_a75a926a-17653
+++ ARCDIR=/gpfs/csfs1/work/epicufsrt/archive/C96C48_hybatmsnowDA_a75a926a-17653
+++ export ATARDIR=/glade/derecho/scratch/epicufsrt/GFS_CI_CD/DERECHO/Gitlab/BUILD/pr_cases_4919_a75a926a_17653/RUNTESTS/COMROOT/ARCHIVE/C96C48_hybatmsnowDA_a75a926a-17653
+++ ATARDIR=/glade/derecho/scratch/epicufsrt/GFS_CI_CD/DERECHO/Gitlab/BUILD/pr_cases_4919_a75a926a_17653/RUNTESTS/COMROOT/ARCHIVE/C96C48_hybatmsnowDA_a75a926a-17653
+++ export 'FETCHDIR={{ FETCHDIR }}'
+++ FETCHDIR='{{ FETCHDIR }}'
+++ export NET=gfs
+++ NET=gfs
+++ export RUN=gdas
+++ RUN=gdas
+++ source /glade/derecho/scratch/epicufsrt/GFS_CI_CD/DERECHO/Gitlab/BUILD/pr_cases_4919_a75a926a_17653/RUNTESTS/EXPDIR/C96C48_hybatmsnowDA_a75a926a-17653/config.com
++++ echo 'BEGIN: config.com'
BEGIN: config.com
++++ [[ emc == \n\c\o ]]
++++ COM_OBSPROC_TMPL='${DMPDIR}/${RUN}${DUMP_SUFFIX}.${YMD}/${HH}/atmos'
++++ COM_OBSFORGE_TMPL='${IODADIR}/${RUN}${DUMP_SUFFIX}.${YMD}/${HH}'
++++ COM_RTOFS_TMPL='${DMPDIR}'
++++ COM_TCVITAL_TMPL='${DMPDIR}/${RUN}.${YMD}/${HH}/atmos'
++++ declare -rx 'COM_OBS_TMPL=${ROTDIR}/${RUN}.${YMD}/${HH}/obs'
++++ declare -rx COM_OBSPROC_TMPL COM_RTOFS_TMPL COM_OBSFORGE_TMPL
++++ COM_BASE='${ROTDIR}/${RUN}.${YMD}/${HH}/${MEMDIR}'
++++ declare -rx 'COM_TOP_TMPL=${ROTDIR}/${RUN}.${YMD}/${HH}'
++++ declare -rx 'COM_CONF_TMPL=${ROTDIR}/${RUN}.${YMD}/${HH}/${MEMDIR}/conf'
++++ declare -rx 'COM_ATMOS_INPUT_TMPL=${ROTDIR}/${RUN}.${YMD}/${HH}/${MEMDIR}/model/atmos/input'
++++ declare -rx 'COM_ATMOS_RESTART_TMPL=${ROTDIR}/${RUN}.${YMD}/${HH}/${MEMDIR}/model/atmos/restart'
++++ declare -rx 'COM_ATMOS_ANALYSIS_TMPL=${ROTDIR}/${RUN}.${YMD}/${HH}/${MEMDIR}/analysis/atmos'
++++ declare -rx 'COM_SNOW_ANALYSIS_TMPL=${ROTDIR}/${RUN}.${YMD}/${HH}/${MEMDIR}/analysis/snow'
++++ declare -rx 'COM_SNOW_ANLMON_TMPL=${ROTDIR}/${RUN}.${YMD}/${HH}/${MEMDIR}/products/snow/anlmon'
++++ declare -rx 'COM_ATMOS_HISTORY_TMPL=${ROTDIR}/${RUN}.${YMD}/${HH}/${MEMDIR}/model/atmos/history'
++++ declare -rx 'COM_ATMOS_MASTER_TMPL=${ROTDIR}/${RUN}.${YMD}/${HH}/${MEMDIR}/model/atmos/master'
++++ declare -rx 'COM_ATMOS_GRIB_TMPL=${ROTDIR}/${RUN}.${YMD}/${HH}/${MEMDIR}/products/atmos/grib2'
++++ declare -rx 'COM_ATMOS_GRIB_GRID_TMPL=${ROTDIR}/${RUN}.${YMD}/${HH}/${MEMDIR}/products/atmos/grib2/${GRID}'
++++ declare -rx 'COM_ATMOS_BUFR_TMPL=${ROTDIR}/${RUN}.${YMD}/${HH}/${MEMDIR}/products/atmos/bufr'
++++ declare -rx 'COM_ATMOS_GEMPAK_TMPL=${ROTDIR}/${RUN}.${YMD}/${HH}/${MEMDIR}/products/atmos/gempak/${GRID}'
++++ declare -rx 'COM_ATMOS_GENESIS_TMPL=${ROTDIR}/${RUN}.${YMD}/${HH}/${MEMDIR}/products/atmos/cyclone/genesis_vital'
++++ declare -rx 'COM_ATMOS_TRACK_TMPL=${ROTDIR}/${RUN}.${YMD}/${HH}/${MEMDIR}/products/atmos/cyclone/tracks'
++++ declare -rx 'COM_ATMOS_GOES_TMPL=${ROTDIR}/${RUN}.${YMD}/${HH}/${MEMDIR}/products/atmos/goes_sim'
++++ declare -rx 'COM_ATMOS_IMAGERY_TMPL=${ROTDIR}/${RUN}.${YMD}/${HH}/${MEMDIR}/products/atmos/imagery'
++++ declare -rx 'COM_ATMOS_OZNMON_TMPL=${ROTDIR}/${RUN}.${YMD}/${HH}/${MEMDIR}/products/atmos/oznmon'
++++ declare -rx 'COM_ATMOS_RADMON_TMPL=${ROTDIR}/${RUN}.${YMD}/${HH}/${MEMDIR}/products/atmos/radmon'
++++ declare -rx 'COM_ATMOS_MINMON_TMPL=${ROTDIR}/${RUN}.${YMD}/${HH}/${MEMDIR}/products/atmos/minmon'
++++ declare -rx 'COM_ATMOS_ANLMON_TMPL=${ROTDIR}/${RUN}.${YMD}/${HH}/${MEMDIR}/products/atmos/anlmon'
++++ declare -rx 'COM_ATMOS_WMO_TMPL=${ROTDIR}/${RUN}.${YMD}/${HH}/${MEMDIR}/products/atmos/wmo'
++++ declare -rx 'COM_WAVE_RESTART_TMPL=${ROTDIR}/${RUN}.${YMD}/${HH}/${MEMDIR}/model/wave/restart'
++++ declare -rx 'COM_WAVE_PREP_TMPL=${ROTDIR}/${RUN}.${YMD}/${HH}/${MEMDIR}/model/wave/prep'
++++ declare -rx 'COM_WAVE_HISTORY_TMPL=${ROTDIR}/${RUN}.${YMD}/${HH}/${MEMDIR}/model/wave/history'
++++ declare -rx 'COM_WAVE_GRID_TMPL=${ROTDIR}/${RUN}.${YMD}/${HH}/${MEMDIR}/products/wave/gridded'
++++ declare -rx 'COM_WAVE_GRID_RES_TMPL=${ROTDIR}/${RUN}.${YMD}/${HH}/${MEMDIR}/products/wave/gridded/${GRDRESNAME}'
++++ declare -rx 'COM_WAVE_STATION_TMPL=${ROTDIR}/${RUN}.${YMD}/${HH}/${MEMDIR}/products/wave/station'
++++ declare -rx 'COM_WAVE_GEMPAK_TMPL=${ROTDIR}/${RUN}.${YMD}/${HH}/${MEMDIR}/products/wave/gempak'
++++ declare -rx 'COM_WAVE_WMO_TMPL=${ROTDIR}/${RUN}.${YMD}/${HH}/${MEMDIR}/products/wave/wmo'
++++ declare -rx 'COM_OCEAN_HISTORY_TMPL=${ROTDIR}/${RUN}.${YMD}/${HH}/${MEMDIR}/model/ocean/history'
++++ declare -rx 'COM_OCEAN_RESTART_TMPL=${ROTDIR}/${RUN}.${YMD}/${HH}/${MEMDIR}/model/ocean/restart'
++++ declare -rx 'COM_OCEAN_INPUT_TMPL=${ROTDIR}/${RUN}.${YMD}/${HH}/${MEMDIR}/model/ocean/input'
++++ declare -rx 'COM_OCEAN_ANALYSIS_TMPL=${ROTDIR}/${RUN}.${YMD}/${HH}/${MEMDIR}/analysis/ocean'
++++ declare -rx 'COM_OCEAN_ANLMON_TMPL=${ROTDIR}/${RUN}.${YMD}/${HH}/${MEMDIR}/products/ocean/anlmon'
++++ declare -rx 'COM_OCEAN_LETKF_TMPL=${ROTDIR}/${RUN}.${YMD}/${HH}/${MEMDIR}/analysis/ocean/letkf'
++++ declare -rx 'COM_OCEAN_BMATRIX_TMPL=${ROTDIR}/${RUN}.${YMD}/${HH}/${MEMDIR}/bmatrix/ocean'
++++ declare -rx 'COM_OCEAN_NETCDF_TMPL=${ROTDIR}/${RUN}.${YMD}/${HH}/${MEMDIR}/products/ocean/netcdf'
++++ declare -rx 'COM_OCEAN_GRIB_TMPL=${ROTDIR}/${RUN}.${YMD}/${HH}/${MEMDIR}/products/ocean/grib2'
++++ declare -rx 'COM_OCEAN_GRIB_GRID_TMPL=${ROTDIR}/${RUN}.${YMD}/${HH}/${MEMDIR}/products/ocean/grib2/${GRID}'
++++ declare -rx 'COM_ICE_ANALYSIS_TMPL=${ROTDIR}/${RUN}.${YMD}/${HH}/${MEMDIR}/analysis/ice'
++++ declare -rx 'COM_ICE_LETKF_TMPL=${ROTDIR}/${RUN}.${YMD}/${HH}/${MEMDIR}/analysis/ice/letkf'
++++ declare -rx 'COM_ICE_ANLMON_TMPL=${ROTDIR}/${RUN}.${YMD}/${HH}/${MEMDIR}/products/ice/anlmon'
++++ declare -rx 'COM_ICE_BMATRIX_TMPL=${ROTDIR}/${RUN}.${YMD}/${HH}/${MEMDIR}/bmatrix/ice'
++++ declare -rx 'COM_ICE_INPUT_TMPL=${ROTDIR}/${RUN}.${YMD}/${HH}/${MEMDIR}/model/ice/input'
++++ declare -rx 'COM_ICE_HISTORY_TMPL=${ROTDIR}/${RUN}.${YMD}/${HH}/${MEMDIR}/model/ice/history'
++++ declare -rx 'COM_ICE_RESTART_TMPL=${ROTDIR}/${RUN}.${YMD}/${HH}/${MEMDIR}/model/ice/restart'
++++ declare -rx 'COM_ICE_NETCDF_TMPL=${ROTDIR}/${RUN}.${YMD}/${HH}/${MEMDIR}/products/ice/netcdf'
++++ declare -rx 'COM_ICE_GRIB_TMPL=${ROTDIR}/${RUN}.${YMD}/${HH}/${MEMDIR}/products/ice/grib2'
++++ declare -rx 'COM_ICE_GRIB_GRID_TMPL=${ROTDIR}/${RUN}.${YMD}/${HH}/${MEMDIR}/products/ice/grib2/${GRID}'
++++ declare -rx 'COM_CHEM_HISTORY_TMPL=${ROTDIR}/${RUN}.${YMD}/${HH}/${MEMDIR}/model/chem/history'
++++ declare -rx 'COM_CHEM_ANALYSIS_TMPL=${ROTDIR}/${RUN}.${YMD}/${HH}/${MEMDIR}/analysis/chem'
++++ declare -rx 'COM_CHEM_BMAT_TMPL=${ROTDIR}/${RUN}.${YMD}/${HH}/${MEMDIR}/analysis/chem/bmatrix'
++++ declare -rx 'COM_CHEM_ANLMON_TMPL=${ROTDIR}/${RUN}.${YMD}/${HH}/${MEMDIR}/products/chem/anlmon'
++++ declare -rx 'COM_CHEM_INPUT_TMPL=${ROTDIR}/${RUN}.${YMD}/${HH}/${MEMDIR}/model/chem/input'
++++ declare -rx 'COM_CHEM_RESTART_TMPL=${ROTDIR}/${RUN}.${YMD}/${HH}/${MEMDIR}/model/chem/restart'
++++ declare -rx 'COM_MED_RESTART_TMPL=${ROTDIR}/${RUN}.${YMD}/${HH}/${MEMDIR}/model/med/restart'
+++ export LOGSCRIPT=
+++ LOGSCRIPT=
+++ export SENDSDM=NO
+++ SENDSDM=NO
+++ export SENDAWIP=NO
+++ SENDAWIP=NO
+++ export APP=ATM
+++ APP=ATM
+++ shopt -s extglob
+++ case "${RUN}" in
+++ shopt -u extglob
+++ export DO_ATM=YES
+++ DO_ATM=YES
+++ export DO_COUPLED=NO
+++ DO_COUPLED=NO
+++ export DO_WAVE=NO
+++ DO_WAVE=NO
+++ export DO_OCN=NO
+++ DO_OCN=NO
+++ export DO_ICE=NO
+++ DO_ICE=NO
+++ DO_AERO=NO
+++ export DO_PREP_OBS_AERO=NO
+++ DO_PREP_OBS_AERO=NO
+++ aero_fcst_runs=gdas
+++ aero_anl_runs='gdas gfs'
+++ export DO_AERO_FCST=NO
+++ DO_AERO_FCST=NO
+++ export DO_AERO_ANL=NO
+++ DO_AERO_ANL=NO
+++ [[ gdas == \g\f\s ]]
+++ export DOBNDPNT_WAVE=NO
+++ DOBNDPNT_WAVE=NO
+++ export FRAC_GRID=.true.
+++ FRAC_GRID=.true.
+++ export DO_NEST=NO
+++ DO_NEST=NO
+++ [[ NO == \Y\E\S ]]
+++ export ntiles=6
+++ ntiles=6
+++ export FIXugwd=/glade/derecho/scratch/epicufsrt/GFS_CI_CD/DERECHO/Gitlab/BUILD/pr_cases_4919_a75a926a_17653/global-workflow/fix/ugwd
+++ FIXugwd=/glade/derecho/scratch/epicufsrt/GFS_CI_CD/DERECHO/Gitlab/BUILD/pr_cases_4919_a75a926a_17653/global-workflow/fix/ugwd
+++ export FIXorog=/glade/derecho/scratch/epicufsrt/GFS_CI_CD/DERECHO/Gitlab/BUILD/pr_cases_4919_a75a926a_17653/global-workflow/fix/orog
+++ FIXorog=/glade/derecho/scratch/epicufsrt/GFS_CI_CD/DERECHO/Gitlab/BUILD/pr_cases_4919_a75a926a_17653/global-workflow/fix/orog
+++ export OPS_RES=C768
+++ OPS_RES=C768
+++ export LEVS=128
+++ LEVS=128
+++ export CASE=C96
+++ CASE=C96
+++ export CASE_ENS=C48
+++ CASE_ENS=C48
+++ export CASE_ANL=C96
+++ CASE_ANL=C96
+++ export CASE_HIST=C96
+++ CASE_HIST=C96
+++ export OCNRES=500
+++ OCNRES=500
+++ export ICERES=500
+++ ICERES=500
+++ case "${CASE}" in
+++ export waveGRD=uglo_100km
+++ waveGRD=uglo_100km
+++ case "${APP}" in
+++ [[ NO == \Y\E\S ]]
+++ [[ gdas =~ gdas ]]
+++ export FHCYC=1
+++ FHCYC=1
+++ export FTSFS=10
+++ FTSFS=10
+++ export FHMIN=0
+++ FHMIN=0
+++ export FHMAX=9
+++ FHMAX=9
+++ export FHOUT=3
+++ FHOUT=3
+++ export FHOUT_OCN=3
+++ FHOUT_OCN=3
+++ export FHOUT_ICE=3
+++ FHOUT_ICE=3
+++ export FHOUT_AERO=3
+++ FHOUT_AERO=3
+++ export EUPD_CYC=gdas
+++ EUPD_CYC=gdas
+++ export INTERVAL_GFS=24
+++ INTERVAL_GFS=24
+++ export SDATE_GFS=2021122018
+++ SDATE_GFS=2021122018
+++ export FHMIN_GFS=0
+++ FHMIN_GFS=0
+++ export FHMAX_GFS=120
+++ FHMAX_GFS=120
+++ breakpnts=
+++ export FCST_SEGMENTS=0,120
+++ FCST_SEGMENTS=0,120
+++ export FHOUT_GFS=3
+++ FHOUT_GFS=3
+++ export FHMAX_HF_GFS=48
+++ FHMAX_HF_GFS=48
+++ export FHMAX_HF_GFS=48
+++ FHMAX_HF_GFS=48
+++ export FHOUT_HF_GFS=1
+++ FHOUT_HF_GFS=1
+++ export FHMIN_WAV=0
+++ FHMIN_WAV=0
+++ export FHOUT_WAV=1
+++ FHOUT_WAV=1
+++ export FHMAX_WAV=9
+++ FHMAX_WAV=9
+++ export FHMAX_WAV=9
+++ FHMAX_WAV=9
+++ export FHOUT_WAV_GFS=3
+++ FHOUT_WAV_GFS=3
+++ export FHMAX_WAV_GFS=120
+++ FHMAX_WAV_GFS=120
+++ export FHOUT_HF_WAV=1
+++ FHOUT_HF_WAV=1
+++ export FHMAX_HF_WAV=48
+++ FHMAX_HF_WAV=48
+++ export FHMAX_HF_WAV=48
+++ FHMAX_HF_WAV=48
+++ export FHOUT_OCN_GFS=6
+++ FHOUT_OCN_GFS=6
+++ export FHOUT_ICE_GFS=6
+++ FHOUT_ICE_GFS=6
+++ export ILPOST=1
+++ ILPOST=1
+++ ((  FHMAX_HF_GFS < 120  ))
+++ export ILPOST=3
+++ ILPOST=3
+++ export FHMAX_GOES=180
+++ FHMAX_GOES=180
+++ export FHOUT_GOES=3
+++ FHOUT_GOES=3
+++ ((  FHMAX_GOES > FHMAX_GFS  ))
+++ export FHMAX_GOES=120
+++ FHMAX_GOES=120
+++ export restart_interval_gfs=12
+++ restart_interval_gfs=12
+++ export QUILTING=.true.
+++ QUILTING=.true.
+++ export OUTPUT_GRID=gaussian_grid
+++ OUTPUT_GRID=gaussian_grid
+++ export WRITE_DOPOST=.true.
+++ WRITE_DOPOST=.true.
+++ export WRITE_NSFLIP=.true.
+++ WRITE_NSFLIP=.true.
+++ export DOIAU=YES
+++ DOIAU=YES
+++ export IAUFHRS=3,6,9
+++ IAUFHRS=3,6,9
+++ export IAU_FHROT=3
+++ IAU_FHROT=3
+++ export IAU_DELTHRS=6
+++ IAU_DELTHRS=6
+++ export IAU_OFFSET=6
+++ IAU_OFFSET=6
+++ export DOIAU_ENKF=YES
+++ DOIAU_ENKF=YES
+++ export IAUFHRS_ENKF=3,6,9
+++ IAUFHRS_ENKF=3,6,9
+++ export IAU_DELTHRS_ENKF=6
+++ IAU_DELTHRS_ENKF=6
+++ export imp_physics=8
+++ imp_physics=8
+++ export DO_JEDIATMVAR=NO
+++ DO_JEDIATMVAR=NO
+++ export DO_JEDIATMENS=NO
+++ DO_JEDIATMENS=NO
+++ export DO_JEDIATMENS_SPLIT_OBSSOL=YES
+++ DO_JEDIATMENS_SPLIT_OBSSOL=YES
+++ export DO_JEDIOCNVAR=NO
+++ DO_JEDIOCNVAR=NO
+++ export DO_JEDISNOWDA=YES
+++ DO_JEDISNOWDA=YES
+++ export DO_MERGENSST=NO
+++ DO_MERGENSST=NO
+++ [[ .false. = \.\t\r\u\e\. ]]
+++ export DO_STARTMEM_FROM_JEDIICE=NO
+++ DO_STARTMEM_FROM_JEDIICE=NO
+++ export DOHYBVAR=YES
+++ DOHYBVAR=YES
+++ export DOHYBVAR_OCN=NO
+++ DOHYBVAR_OCN=NO
+++ export DOLETKF_OCN=NO
+++ DOLETKF_OCN=NO
+++ export NMEM_ENS=2
+++ NMEM_ENS=2
+++ export SMOOTH_ENKF=NO
+++ SMOOTH_ENKF=NO
+++ export l4densvar=.true.
+++ l4densvar=.true.
+++ export lwrite4danl=.true.
+++ lwrite4danl=.true.
+++ export DO_CALC_INCREMENT=NO
+++ DO_CALC_INCREMENT=NO
+++ export USE_BUILD_GSINFO=YES
+++ USE_BUILD_GSINFO=YES
+++ export BUILD_GSINFO_DIR=/glade/derecho/scratch/epicufsrt/GFS_CI_CD/DERECHO/Gitlab/BUILD/pr_cases_4919_a75a926a_17653/global-workflow/parm/gsinfo
+++ BUILD_GSINFO_DIR=/glade/derecho/scratch/epicufsrt/GFS_CI_CD/DERECHO/Gitlab/BUILD/pr_cases_4919_a75a926a_17653/global-workflow/parm/gsinfo
+++ export NMEM_ENS_GFS=30
+++ NMEM_ENS_GFS=30
+++ export NMEM_ENS_GFS_OFFSET=20
+++ NMEM_ENS_GFS_OFFSET=20
+++ export DO_CALC_INCREMENT_ENKF_GFS=NO
+++ DO_CALC_INCREMENT_ENKF_GFS=NO
+++ export DOENKFONLY_ATM=NO
+++ DOENKFONLY_ATM=NO
+++ [[ NO = \Y\E\S ]]
+++ [[ YES = \Y\E\S ]]
+++ export FHMIN_ENKF=3
+++ FHMIN_ENKF=3
+++ export FHMAX_ENKF=9
+++ FHMAX_ENKF=9
+++ export FHMAX_ENKF_GFS=12
+++ FHMAX_ENKF_GFS=12
+++ export FHOUT_ENKF_GFS=3
+++ FHOUT_ENKF_GFS=3
+++ [[ .true. = \.\t\r\u\e\. ]]
+++ export FHOUT=1
+++ FHOUT=1
+++ export FHOUT_ENKF=1
+++ FHOUT_ENKF=1
+++ [[ YES == \N\O ]]
+++ export ENKF_SPREAD=YES
+++ ENKF_SPREAD=YES
+++ [[ gdas == \g\d\a\s ]]
+++ export DO_GSISOILDA=NO
+++ DO_GSISOILDA=NO
+++ export DO_LAND_IAU=.false.
+++ DO_LAND_IAU=.false.
+++ export LSOIL_INCR=2
+++ LSOIL_INCR=2
+++ [[ cycled = \c\y\c\l\e\d ]]
+++ [[ 2021122012 = \2\0\2\1\1\2\2\0\1\2 ]]
+++ [[ .false. = \.\f\a\l\s\e\. ]]
+++ export IAU_OFFSET=0
+++ IAU_OFFSET=0
+++ export IAU_FHROT=0
+++ IAU_FHROT=0
+++ export IAUFHRS=6,
+++ IAUFHRS=6,
+++ export DO_LAND_IAU=.false.
+++ DO_LAND_IAU=.false.
+++ [[ YES = \N\O ]]
+++ [[ YES == \Y\E\S ]]
+++ export restart_interval_enkfgdas=3
+++ restart_interval_enkfgdas=3
+++ export restart_interval_enkfgfs=3
+++ restart_interval_enkfgfs=3
+++ [[ YES == \Y\E\S ]]
+++ export restart_interval_gdas=3
+++ restart_interval_gdas=3
+++ export DONST=YES
+++ DONST=YES
+++ [[ YES = \Y\E\S ]]
+++ export 'FNTSFA=        '
+++ FNTSFA='        '
+++ export nst_anl=.true.
+++ nst_anl=.true.
+++ export 'INCREMENTS_TO_ZERO='\''liq_wat_inc'\'','\''icmr_inc'\'','\''rwmr_inc'\'','\''snmr_inc'\'','\''grle_inc'\'''
+++ INCREMENTS_TO_ZERO=''\''liq_wat_inc'\'','\''icmr_inc'\'','\''rwmr_inc'\'','\''snmr_inc'\'','\''grle_inc'\'''
+++ export 'INCVARS_ZERO_STRAT='\''sphum_inc'\'','\''liq_wat_inc'\'','\''icmr_inc'\'','\''rwmr_inc'\'','\''snmr_inc'\'','\''grle_inc'\'''
+++ INCVARS_ZERO_STRAT=''\''sphum_inc'\'','\''liq_wat_inc'\'','\''icmr_inc'\'','\''rwmr_inc'\'','\''snmr_inc'\'','\''grle_inc'\'''
+++ export INCVARS_EFOLD=5
+++ INCVARS_EFOLD=5
+++ export netcdf_diag=.true.
+++ netcdf_diag=.true.
+++ export binary_diag=.false.
+++ binary_diag=.false.
+++ export DO_CA=YES
+++ DO_CA=YES
+++ case "${machine}" in
+++ export DO_METP=NO
+++ DO_METP=NO
+++ export DO_FIT2OBS=YES
+++ DO_FIT2OBS=YES
+++ export FHMAX_FITS=132
+++ FHMAX_FITS=132
+++ [[ 132 -gt 120 ]]
+++ export FHMAX_FITS=120
+++ FHMAX_FITS=120
+++ export DO_FETCH_HPSS=NO
+++ DO_FETCH_HPSS=NO
+++ export DO_FETCH_LOCAL=NO
+++ DO_FETCH_LOCAL=NO
+++ export DO_ARCHCOM=NO
+++ DO_ARCHCOM=NO
+++ export ARCHCOM_TO=local
+++ ARCHCOM_TO=local
+++ export 'CLIENT_GLOBUS_UUID={{ CLIENT_GLOBUS_UUID }}'
+++ CLIENT_GLOBUS_UUID='{{ CLIENT_GLOBUS_UUID }}'
+++ [[ NO = \Y\E\S ]]
+++ [[ NO = \Y\E\S ]]
+++ [[ NO = \Y\E\S ]]
+++ [[ YES = \Y\E\S ]]
+++ export DO_ANLSTAT=YES
+++ DO_ANLSTAT=YES
+++ [[ NO == \Y\E\S ]]
+++ export OFFSET_START_HOUR=0
+++ OFFSET_START_HOUR=0
+++ export NUM_SND_COLLECTIVES=9
+++ NUM_SND_COLLECTIVES=9
+++ export MOM6_INTERP_ICS=NO
+++ MOM6_INTERP_ICS=NO
+++ [[ NO == \Y\E\S ]]
+++ echo 'END: config.base'
END: config.base
++ true
++ export err=0
++ err=0
++ [[ 0 -ne 0 ]]
++ for config in "${configs[@]:-''}"
++ source /glade/derecho/scratch/epicufsrt/GFS_CI_CD/DERECHO/Gitlab/BUILD/pr_cases_4919_a75a926a_17653/RUNTESTS/EXPDIR/C96C48_hybatmsnowDA_a75a926a-17653/config.atmos_products
+++ echo 'BEGIN: config.atmos_products'
BEGIN: config.atmos_products
+++ source /glade/derecho/scratch/epicufsrt/GFS_CI_CD/DERECHO/Gitlab/BUILD/pr_cases_4919_a75a926a_17653/RUNTESTS/EXPDIR/C96C48_hybatmsnowDA_a75a926a-17653/config.resources atmos_products
++++ ((  1 != 1  ))
++++ step=atmos_products
++++ echo 'BEGIN: config.resources'
BEGIN: config.resources
++++ case ${machine} in
++++ max_tasks_per_node=128
++++ mem_node_max=230GB
++++ export max_tasks_per_node
++++ case ${step} in
++++ walltime=00:15:00
++++ ntasks=24
++++ threads_per_task=1
++++ tasks_per_node=24
++++ is_exclusive=True
++++ [[ -f /glade/derecho/scratch/epicufsrt/GFS_CI_CD/DERECHO/Gitlab/BUILD/pr_cases_4919_a75a926a_17653/RUNTESTS/EXPDIR/C96C48_hybatmsnowDA_a75a926a-17653/config.resources.DERECHO ]]
++++ source /glade/derecho/scratch/epicufsrt/GFS_CI_CD/DERECHO/Gitlab/BUILD/pr_cases_4919_a75a926a_17653/RUNTESTS/EXPDIR/C96C48_hybatmsnowDA_a75a926a-17653/config.resources.DERECHO
+++++ step=atmos_products
+++++ case ${step} in
+++++ max_tasks_per_node=24
+++++ tasks_per_node=24
+++++ export is_exclusive=False
+++++ is_exclusive=False
++++ for resource_var in threads_per_task ntasks tasks_per_node NTASKS memory walltime is_exclusive prepost
++++ run_resource_var=threads_per_task_gdas
++++ [[ -n '' ]]
++++ [[ -n 0 ]]
++++ export threads_per_task
++++ for resource_var in threads_per_task ntasks tasks_per_node NTASKS memory walltime is_exclusive prepost
++++ run_resource_var=ntasks_gdas
++++ [[ -n '' ]]
++++ [[ -n 0 ]]
++++ export ntasks
++++ for resource_var in threads_per_task ntasks tasks_per_node NTASKS memory walltime is_exclusive prepost
++++ run_resource_var=tasks_per_node_gdas
++++ [[ -n '' ]]
++++ [[ -n 0 ]]
++++ export tasks_per_node
++++ for resource_var in threads_per_task ntasks tasks_per_node NTASKS memory walltime is_exclusive prepost
++++ run_resource_var=NTASKS_gdas
++++ [[ -n '' ]]
++++ [[ -n '' ]]
++++ for resource_var in threads_per_task ntasks tasks_per_node NTASKS memory walltime is_exclusive prepost
++++ run_resource_var=memory_gdas
++++ [[ -n '' ]]
++++ [[ -n '' ]]
++++ for resource_var in threads_per_task ntasks tasks_per_node NTASKS memory walltime is_exclusive prepost
++++ run_resource_var=walltime_gdas
++++ [[ -n '' ]]
++++ [[ -n 0 ]]
++++ export walltime
++++ for resource_var in threads_per_task ntasks tasks_per_node NTASKS memory walltime is_exclusive prepost
++++ run_resource_var=is_exclusive_gdas
++++ [[ -n '' ]]
++++ [[ -n 0 ]]
++++ export is_exclusive
++++ for resource_var in threads_per_task ntasks tasks_per_node NTASKS memory walltime is_exclusive prepost
++++ run_resource_var=prepost_gdas
++++ [[ -n '' ]]
++++ [[ -n '' ]]
++++ echo 'END: config.resources'
END: config.resources
+++ export MAX_TASKS=25
+++ MAX_TASKS=25
+++ [[ gdas == \g\d\a\s ]]
+++ export FHOUT_PGBS=1
+++ FHOUT_PGBS=1
+++ export FLXGF=NO
+++ FLXGF=NO
+++ export WGNE=NO
+++ WGNE=NO
+++ export FHMAX_WGNE=0
+++ FHMAX_WGNE=0
+++ export downset=2
+++ downset=2
+++ export paramlista=/glade/derecho/scratch/epicufsrt/GFS_CI_CD/DERECHO/Gitlab/BUILD/pr_cases_4919_a75a926a_17653/global-workflow/parm/product/gfs.fFFF.paramlist.a.txt
+++ paramlista=/glade/derecho/scratch/epicufsrt/GFS_CI_CD/DERECHO/Gitlab/BUILD/pr_cases_4919_a75a926a_17653/global-workflow/parm/product/gfs.fFFF.paramlist.a.txt
+++ export paramlista_anl=/glade/derecho/scratch/epicufsrt/GFS_CI_CD/DERECHO/Gitlab/BUILD/pr_cases_4919_a75a926a_17653/global-workflow/parm/product/gfs.anl.paramlist.a.txt
+++ paramlista_anl=/glade/derecho/scratch/epicufsrt/GFS_CI_CD/DERECHO/Gitlab/BUILD/pr_cases_4919_a75a926a_17653/global-workflow/parm/product/gfs.anl.paramlist.a.txt
+++ export paramlista_f000=/glade/derecho/scratch/epicufsrt/GFS_CI_CD/DERECHO/Gitlab/BUILD/pr_cases_4919_a75a926a_17653/global-workflow/parm/product/gfs.f000.paramlist.a.txt
+++ paramlista_f000=/glade/derecho/scratch/epicufsrt/GFS_CI_CD/DERECHO/Gitlab/BUILD/pr_cases_4919_a75a926a_17653/global-workflow/parm/product/gfs.f000.paramlist.a.txt
+++ export paramlistb=/glade/derecho/scratch/epicufsrt/GFS_CI_CD/DERECHO/Gitlab/BUILD/pr_cases_4919_a75a926a_17653/global-workflow/parm/product/gfs.fFFF.paramlist.b.txt
+++ paramlistb=/glade/derecho/scratch/epicufsrt/GFS_CI_CD/DERECHO/Gitlab/BUILD/pr_cases_4919_a75a926a_17653/global-workflow/parm/product/gfs.fFFF.paramlist.b.txt
+++ echo 'END: config.atmos_products'
END: config.atmos_products
++ true
++ export err=0
++ err=0
++ [[ 0 -ne 0 ]]
++ source /glade/derecho/scratch/epicufsrt/GFS_CI_CD/DERECHO/Gitlab/BUILD/pr_cases_4919_a75a926a_17653/global-workflow/env/DERECHO.env atmos_products
+++ [[ 1 -ne 1 ]]
+++ step=atmos_products
+++ export 'launcher=mpiexec -l'
+++ launcher='mpiexec -l'
+++ export mpmd_opt=-configfile
+++ mpmd_opt=-configfile
+++ export OMP_STACKSIZE=2048000
+++ OMP_STACKSIZE=2048000
+++ export NTHSTACK=1024000000
+++ NTHSTACK=1024000000
+++ export FI_CXI_RX_MATCH_MODE=hybrid
+++ FI_CXI_RX_MATCH_MODE=hybrid
+++ ulimit -s unlimited
+++ ulimit -a
core file size          (blocks, -c) unlimited
data seg size           (kbytes, -d) unlimited
scheduling priority             (-e) 0
file size               (blocks, -f) unlimited
pending signals                 (-i) 1028326
max locked memory       (kbytes, -l) unlimited
max memory size         (kbytes, -m) 10485760
open files                      (-n) 16384
pipe size            (512 bytes, -p) 8
POSIX message queues     (bytes, -q) 819200
real-time priority              (-r) 0
stack size              (kbytes, -s) unlimited
cpu time               (seconds, -t) unlimited
max user processes              (-u) 1028326
virtual memory          (kbytes, -v) unlimited
file locks                      (-x) unlimited
+++ [[ -n 24 ]]
+++ [[ -n 24 ]]
+++ [[ -n 24 ]]
+++ max_threads_per_task=1
+++ NTHREADSmax=1
+++ NTHREADS1=1
+++ [[ 1 -gt 1 ]]
+++ [[ 1 -gt 1 ]]
+++ APRUN_default='mpiexec -l -n 24'
+++ case ${step} in
+++ export USE_CFP=YES
+++ USE_CFP=YES
++ true
++ export err=0
++ err=0
++ [[ 0 -ne 0 ]]
+ source /glade/derecho/scratch/epicufsrt/GFS_CI_CD/DERECHO/Gitlab/BUILD/pr_cases_4919_a75a926a_17653/global-workflow/ush/jjob_standard_vars.sh
+++ date +%s
++ start_time=1779112712
++ export start_time
+++ date -d@1779112712 -u +%H:%M:%S
++ _start_time_human=13:58:32
++ _calling_script=JGLOBAL_ATMOS_PRODUCTS
++ echo 'Begin JGLOBAL_ATMOS_PRODUCTS at 13:58:32'
Begin JGLOBAL_ATMOS_PRODUCTS at 13:58:32
++ declare -x 'PS4=+ $(basename ${BASH_SOURCE[0]:-${FUNCNAME[0]:-"Unknown"}})[${LINENO}]'
++ jjob_standard_vars.sh[46]export USHglobal=/glade/derecho/scratch/epicufsrt/GFS_CI_CD/DERECHO/Gitlab/BUILD/pr_cases_4919_a75a926a_17653/global-workflow/ush
++ jjob_standard_vars.sh[46]USHglobal=/glade/derecho/scratch/epicufsrt/GFS_CI_CD/DERECHO/Gitlab/BUILD/pr_cases_4919_a75a926a_17653/global-workflow/ush
++ jjob_standard_vars.sh[47]export FIXglobal=/glade/derecho/scratch/epicufsrt/GFS_CI_CD/DERECHO/Gitlab/BUILD/pr_cases_4919_a75a926a_17653/global-workflow/fix
++ jjob_standard_vars.sh[47]FIXglobal=/glade/derecho/scratch/epicufsrt/GFS_CI_CD/DERECHO/Gitlab/BUILD/pr_cases_4919_a75a926a_17653/global-workflow/fix
++ jjob_standard_vars.sh[48]export PARMglobal=/glade/derecho/scratch/epicufsrt/GFS_CI_CD/DERECHO/Gitlab/BUILD/pr_cases_4919_a75a926a_17653/global-workflow/parm
++ jjob_standard_vars.sh[48]PARMglobal=/glade/derecho/scratch/epicufsrt/GFS_CI_CD/DERECHO/Gitlab/BUILD/pr_cases_4919_a75a926a_17653/global-workflow/parm
++ jjob_standard_vars.sh[49]export SCRIPTSglobal=/glade/derecho/scratch/epicufsrt/GFS_CI_CD/DERECHO/Gitlab/BUILD/pr_cases_4919_a75a926a_17653/global-workflow/scripts
++ jjob_standard_vars.sh[49]SCRIPTSglobal=/glade/derecho/scratch/epicufsrt/GFS_CI_CD/DERECHO/Gitlab/BUILD/pr_cases_4919_a75a926a_17653/global-workflow/scripts
++ jjob_standard_vars.sh[54]export pid=130790
++ jjob_standard_vars.sh[54]pid=130790
++ jjob_standard_vars.sh[55]export pgmout=OUTPUT.130790
++ jjob_standard_vars.sh[55]pgmout=OUTPUT.130790
++ jjob_standard_vars.sh[56]export pgmerr=errfile
++ jjob_standard_vars.sh[56]pgmerr=errfile
++ jjob_standard_vars.sh[57]export pgm=
++ jjob_standard_vars.sh[57]pgm=
++ jjob_standard_vars.sh[62]export envir=prod
++ jjob_standard_vars.sh[62]envir=prod
++ jjob_standard_vars.sh[63]export KEEPDATA=NO
++ jjob_standard_vars.sh[63]KEEPDATA=NO
++ jjob_standard_vars.sh[64]export SENDECF=NO
++ jjob_standard_vars.sh[64]SENDECF=NO
++ jjob_standard_vars.sh[65]export SENDDBN=NO
++ jjob_standard_vars.sh[65]SENDDBN=NO
++ jjob_standard_vars.sh[66]export SENDDBN_NTC=NO
++ jjob_standard_vars.sh[66]SENDDBN_NTC=NO
++ jjob_standard_vars.sh[67]export DBNROOT=/glade/work/epicufsrt/contrib/spack-stack/derecho/spack-stack-1.9.2/envs/ue-oneapi-2024.2.1/install/oneapi/2024.2.1/prod-util-2.1.1-rk65ntz/fakedbn
++ jjob_standard_vars.sh[67]DBNROOT=/glade/work/epicufsrt/contrib/spack-stack/derecho/spack-stack-1.9.2/envs/ue-oneapi-2024.2.1/install/oneapi/2024.2.1/prod-util-2.1.1-rk65ntz/fakedbn
++ jjob_standard_vars.sh[72]export DATA=/lustre/desc1/scratch/epicufsrt/stmp/RUNDIRS/C96C48_hybatmsnowDA_a75a926a-17653/gdas.2021122012/atmos_products_f004.130144
++ jjob_standard_vars.sh[72]DATA=/lustre/desc1/scratch/epicufsrt/stmp/RUNDIRS/C96C48_hybatmsnowDA_a75a926a-17653/gdas.2021122012/atmos_products_f004.130144
++ jjob_standard_vars.sh[78]export cycle=t12z
++ jjob_standard_vars.sh[78]cycle=t12z
+ JGLOBAL_ATMOS_PRODUCTS[12]source /glade/derecho/scratch/epicufsrt/GFS_CI_CD/DERECHO/Gitlab/BUILD/pr_cases_4919_a75a926a_17653/global-workflow/ush/jjob_shell_setup.sh
++ jjob_shell_setup.sh[27]export USHglobal=/glade/derecho/scratch/epicufsrt/GFS_CI_CD/DERECHO/Gitlab/BUILD/pr_cases_4919_a75a926a_17653/global-workflow/ush
++ jjob_shell_setup.sh[27]USHglobal=/glade/derecho/scratch/epicufsrt/GFS_CI_CD/DERECHO/Gitlab/BUILD/pr_cases_4919_a75a926a_17653/global-workflow/ush
++ jjob_shell_setup.sh[28]export start_time=1779112712
++ jjob_shell_setup.sh[28]start_time=1779112712
++ jjob_shell_setup.sh[29]export _calling_script=JGLOBAL_ATMOS_PRODUCTS
++ jjob_shell_setup.sh[29]_calling_script=JGLOBAL_ATMOS_PRODUCTS
++ jjob_shell_setup.sh[34]source /glade/derecho/scratch/epicufsrt/GFS_CI_CD/DERECHO/Gitlab/BUILD/pr_cases_4919_a75a926a_17653/global-workflow/ush/wait_for_file.sh
+++ wait_for_file.sh[48]declare -xf wait_for_file
++ jjob_shell_setup.sh[35]source /glade/derecho/scratch/epicufsrt/GFS_CI_CD/DERECHO/Gitlab/BUILD/pr_cases_4919_a75a926a_17653/global-workflow/ush/dataroot_com_path.sh
+++ dataroot_com_path.sh[48]declare -xf dataroot_com_path
++ jjob_shell_setup.sh[36]source /glade/derecho/scratch/epicufsrt/GFS_CI_CD/DERECHO/Gitlab/BUILD/pr_cases_4919_a75a926a_17653/global-workflow/ush/timer.sh
+++ timer.sh[28][[ -z '' ]]
+++ timer.sh[29]_GW_TIMER_STACK=()
+++ timer.sh[29]declare -xa _GW_TIMER_STACK
+++ timer.sh[30]_GW_LABEL_STACK=()
+++ timer.sh[30]declare -xa _GW_LABEL_STACK
+++ timer.sh[89]declare -xf tick
+++ timer.sh[90]declare -xf tock
+++ timer.sh[93][[ /glade/derecho/scratch/epicufsrt/GFS_CI_CD/DERECHO/Gitlab/BUILD/pr_cases_4919_a75a926a_17653/global-workflow/ush/timer.sh == \/\g\l\a\d\e\/\d\e\r\e\c\h\o\/\s\c\r\a\t\c\h\/\e\p\i\c\u\f\s\r\t\/\G\F\S\_\C\I\_\C\D\/\D\E\R\E\C\H\O\/\G\i\t\l\a\b\/\B\U\I\L\D\/\p\r\_\c\a\s\e\s\_\4\9\1\9\_\a\7\5\a\9\2\6\a\_\1\7\6\5\3\/\g\l\o\b\a\l\-\w\o\r\k\f\l\o\w\/\d\e\v\/\j\o\b\s\/\J\G\L\O\B\A\L\_\A\T\M\O\S\_\P\R\O\D\U\C\T\S ]]
++ jjob_shell_setup.sh[37]source /glade/derecho/scratch/epicufsrt/GFS_CI_CD/DERECHO/Gitlab/BUILD/pr_cases_4919_a75a926a_17653/global-workflow/ush/err_exit.sh
+++ err_exit.sh[81]declare -xf err_exit
++ jjob_shell_setup.sh[38]shopt -s nullglob
++ jjob_shell_setup.sh[43]export SHELLOPTS
++ jjob_shell_setup.sh[47]source /glade/derecho/scratch/epicufsrt/GFS_CI_CD/DERECHO/Gitlab/BUILD/pr_cases_4919_a75a926a_17653/global-workflow/ush/setup_data_dir.sh /lustre/desc1/scratch/epicufsrt/stmp/RUNDIRS/C96C48_hybatmsnowDA_a75a926a-17653/gdas.2021122012/atmos_products_f004.130144
+++ setup_data_dir.sh[15]dir_to_create_=/lustre/desc1/scratch/epicufsrt/stmp/RUNDIRS/C96C48_hybatmsnowDA_a75a926a-17653/gdas.2021122012/atmos_products_f004.130144
+++ setup_data_dir.sh[16][[ YES == \Y\E\S ]]
+++ setup_data_dir.sh[17]rm -rf /lustre/desc1/scratch/epicufsrt/stmp/RUNDIRS/C96C48_hybatmsnowDA_a75a926a-17653/gdas.2021122012/atmos_products_f004.130144
+++ setup_data_dir.sh[19]mkdir -p /lustre/desc1/scratch/epicufsrt/stmp/RUNDIRS/C96C48_hybatmsnowDA_a75a926a-17653/gdas.2021122012/atmos_products_f004.130144
+++ setup_data_dir.sh[20]cd /lustre/desc1/scratch/epicufsrt/stmp/RUNDIRS/C96C48_hybatmsnowDA_a75a926a-17653/gdas.2021122012/atmos_products_f004.130144
++ jjob_shell_setup.sh[50]set -x
++ jjob_shell_setup.sh[56]trap '/glade/derecho/scratch/epicufsrt/GFS_CI_CD/DERECHO/Gitlab/BUILD/pr_cases_4919_a75a926a_17653/global-workflow/ush/postamble.sh 1779112712' EXIT
++ jjob_shell_setup.sh[62]setpdy.sh
+ setpdy.sh[20]'[' /lustre/desc1/scratch/epicufsrt/stmp/RUNDIRS/C96C48_hybatmsnowDA_a75a926a-17653/gdas.2021122012/atmos_products_f004.130144 == /glade/u/home/epicufsrt ']'
+ setpdy.sh[25][[ ! t12z =~ t??z ]]
+ setpdy.sh[30]case $# in
+ setpdy.sh[31]dates_before_PDY=7
+ setpdy.sh[32]dates_after_PDY=7
+ setpdy.sh[50]COMDATEROOT=/glade/derecho/scratch/epicufsrt/GFS_CI_CD/DERECHO/Gitlab/BUILD/pr_cases_4919_a75a926a_17653/RUNTESTS/COMROOT
+ setpdy.sh[53]'[' -z 20211220 ']'
+ setpdy.sh[57]sed 's/[0-9]\{8\}/20211220/' /glade/derecho/scratch/epicufsrt/GFS_CI_CD/DERECHO/Gitlab/BUILD/pr_cases_4919_a75a926a_17653/RUNTESTS/COMROOT/date/t12z
sed: can't read /glade/derecho/scratch/epicufsrt/GFS_CI_CD/DERECHO/Gitlab/BUILD/pr_cases_4919_a75a926a_17653/RUNTESTS/COMROOT/date/t12z: No such file or directory
++ setpdy.sh[62]finddate.sh 20211220 s-7
+ finddate.sh[19]set +x
+ setpdy.sh[62]DATElne_minus='20211219 20211218 20211217 20211216 20211215 20211214 20211213'
+ setpdy.sh[63]export err=0
+ setpdy.sh[63]err=0
+ setpdy.sh[63]err_chk
+ err_chk[13]'[' -z 0 ']'
+ err_chk[14]'[' 0 -eq 0 ']'
+ err_chk[14]echo ' completed cleanly'
 completed cleanly
+ err_chk[14]exit
++ setpdy.sh[65]finddate.sh 20211220 s+7
+ finddate.sh[19]set +x
+ setpdy.sh[65]DATElne_plus='20211221 20211222 20211223 20211224 20211225 20211226 20211227'
+ setpdy.sh[66]export err=0
+ setpdy.sh[66]err=0
+ setpdy.sh[66]err_chk
+ err_chk[13]'[' -z 0 ']'
+ err_chk[14]'[' 0 -eq 0 ']'
+ err_chk[14]echo ' completed cleanly'
 completed cleanly
+ err_chk[14]exit
+ setpdy.sh[69]'[' -f PDY ']'
++ setpdy.sh[70]seq 7 -1 1
+ setpdy.sh[70]for d in $(seq $dates_before_PDY -1 1)
+ setpdy.sh[72]echo 'export PDYm7=20211213'
+ setpdy.sh[70]for d in $(seq $dates_before_PDY -1 1)
+ setpdy.sh[72]echo 'export PDYm6=20211214'
+ setpdy.sh[70]for d in $(seq $dates_before_PDY -1 1)
+ setpdy.sh[72]echo 'export PDYm5=20211215'
+ setpdy.sh[70]for d in $(seq $dates_before_PDY -1 1)
+ setpdy.sh[72]echo 'export PDYm4=20211216'
+ setpdy.sh[70]for d in $(seq $dates_before_PDY -1 1)
+ setpdy.sh[72]echo 'export PDYm3=20211217'
+ setpdy.sh[70]for d in $(seq $dates_before_PDY -1 1)
+ setpdy.sh[72]echo 'export PDYm2=20211218'
+ setpdy.sh[70]for d in $(seq $dates_before_PDY -1 1)
+ setpdy.sh[72]echo 'export PDYm1=20211219'
+ setpdy.sh[74]echo 'export PDY=20211220'
++ setpdy.sh[75]seq 7
+ setpdy.sh[75]for d in $(seq $dates_after_PDY)
+ setpdy.sh[77]echo 'export PDYp1=20211221'
+ setpdy.sh[75]for d in $(seq $dates_after_PDY)
+ setpdy.sh[77]echo 'export PDYp2=20211222'
+ setpdy.sh[75]for d in $(seq $dates_after_PDY)
+ setpdy.sh[77]echo 'export PDYp3=20211223'
+ setpdy.sh[75]for d in $(seq $dates_after_PDY)
+ setpdy.sh[77]echo 'export PDYp4=20211224'
+ setpdy.sh[75]for d in $(seq $dates_after_PDY)
+ setpdy.sh[77]echo 'export PDYp5=20211225'
+ setpdy.sh[75]for d in $(seq $dates_after_PDY)
+ setpdy.sh[77]echo 'export PDYp6=20211226'
+ setpdy.sh[75]for d in $(seq $dates_after_PDY)
+ setpdy.sh[77]echo 'export PDYp7=20211227'
+ setpdy.sh[80]chmod u+x PDY
+ setpdy.sh[82]echo 'Source PDY script to export PDYm7, ..., PDY, ..., PDYp7 variables.'
Source PDY script to export PDYm7, ..., PDY, ..., PDYp7 variables.
++ jjob_shell_setup.sh[63]source ./PDY
+++ PDY[1]export PDYm7=20211213
+++ PDY[1]PDYm7=20211213
+++ PDY[2]export PDYm6=20211214
+++ PDY[2]PDYm6=20211214
+++ PDY[3]export PDYm5=20211215
+++ PDY[3]PDYm5=20211215
+++ PDY[4]export PDYm4=20211216
+++ PDY[4]PDYm4=20211216
+++ PDY[5]export PDYm3=20211217
+++ PDY[5]PDYm3=20211217
+++ PDY[6]export PDYm2=20211218
+++ PDY[6]PDYm2=20211218
+++ PDY[7]export PDYm1=20211219
+++ PDY[7]PDYm1=20211219
+++ PDY[8]export PDY=20211220
+++ PDY[8]PDY=20211220
+++ PDY[9]export PDYp1=20211221
+++ PDY[9]PDYp1=20211221
+++ PDY[10]export PDYp2=20211222
+++ PDY[10]PDYp2=20211222
+++ PDY[11]export PDYp3=20211223
+++ PDY[11]PDYp3=20211223
+++ PDY[12]export PDYp4=20211224
+++ PDY[12]PDYp4=20211224
+++ PDY[13]export PDYp5=20211225
+++ PDY[13]PDYp5=20211225
+++ PDY[14]export PDYp6=20211226
+++ PDY[14]PDYp6=20211226
+++ PDY[15]export PDYp7=20211227
+++ PDY[15]PDYp7=20211227
+ JGLOBAL_ATMOS_PRODUCTS[15]source /glade/derecho/scratch/epicufsrt/GFS_CI_CD/DERECHO/Gitlab/BUILD/pr_cases_4919_a75a926a_17653/global-workflow/ush/set_strict.sh
++ set_strict.sh[13][[ YES == \Y\E\S ]]
++ set_strict.sh[15]set -eu
++ set_strict.sh[17]set -o pipefail
+ JGLOBAL_ATMOS_PRODUCTS[23][[ 10#-1 -ge 0 ]]
+ JGLOBAL_ATMOS_PRODUCTS[28]export COMIN=/glade/derecho/scratch/epicufsrt/GFS_CI_CD/DERECHO/Gitlab/BUILD/pr_cases_4919_a75a926a_17653/RUNTESTS/COMROOT/C96C48_hybatmsnowDA_a75a926a-17653/gdas.20211220/12
+ JGLOBAL_ATMOS_PRODUCTS[28]COMIN=/glade/derecho/scratch/epicufsrt/GFS_CI_CD/DERECHO/Gitlab/BUILD/pr_cases_4919_a75a926a_17653/RUNTESTS/COMROOT/C96C48_hybatmsnowDA_a75a926a-17653/gdas.20211220/12
+ JGLOBAL_ATMOS_PRODUCTS[29]export COMOUT=/glade/derecho/scratch/epicufsrt/GFS_CI_CD/DERECHO/Gitlab/BUILD/pr_cases_4919_a75a926a_17653/RUNTESTS/COMROOT/C96C48_hybatmsnowDA_a75a926a-17653/gdas.20211220/12
+ JGLOBAL_ATMOS_PRODUCTS[29]COMOUT=/glade/derecho/scratch/epicufsrt/GFS_CI_CD/DERECHO/Gitlab/BUILD/pr_cases_4919_a75a926a_17653/RUNTESTS/COMROOT/C96C48_hybatmsnowDA_a75a926a-17653/gdas.20211220/12
+ JGLOBAL_ATMOS_PRODUCTS[33]declare -rx COMIN_ATMOS_ANALYSIS=/glade/derecho/scratch/epicufsrt/GFS_CI_CD/DERECHO/Gitlab/BUILD/pr_cases_4919_a75a926a_17653/RUNTESTS/COMROOT/C96C48_hybatmsnowDA_a75a926a-17653/gdas.20211220/12/analysis/atmos
+ JGLOBAL_ATMOS_PRODUCTS[34]declare -rx COMIN_ATMOS_HISTORY=/glade/derecho/scratch/epicufsrt/GFS_CI_CD/DERECHO/Gitlab/BUILD/pr_cases_4919_a75a926a_17653/RUNTESTS/COMROOT/C96C48_hybatmsnowDA_a75a926a-17653/gdas.20211220/12/model/atmos/history
+ JGLOBAL_ATMOS_PRODUCTS[35]declare -rx COMIN_ATMOS_MASTER=/glade/derecho/scratch/epicufsrt/GFS_CI_CD/DERECHO/Gitlab/BUILD/pr_cases_4919_a75a926a_17653/RUNTESTS/COMROOT/C96C48_hybatmsnowDA_a75a926a-17653/gdas.20211220/12/model/atmos/master
+ JGLOBAL_ATMOS_PRODUCTS[37]for grid in '0p25' '0p50' '1p00'
+ JGLOBAL_ATMOS_PRODUCTS[38]prod_dir=COMOUT_ATMOS_GRIB_0p25
+ JGLOBAL_ATMOS_PRODUCTS[39]declare -rx COMOUT_ATMOS_GRIB_0p25=/glade/derecho/scratch/epicufsrt/GFS_CI_CD/DERECHO/Gitlab/BUILD/pr_cases_4919_a75a926a_17653/RUNTESTS/COMROOT/C96C48_hybatmsnowDA_a75a926a-17653/gdas.20211220/12/products/atmos/grib2/0p25
+ JGLOBAL_ATMOS_PRODUCTS[40]mkdir -m 775 -p /glade/derecho/scratch/epicufsrt/GFS_CI_CD/DERECHO/Gitlab/BUILD/pr_cases_4919_a75a926a_17653/RUNTESTS/COMROOT/C96C48_hybatmsnowDA_a75a926a-17653/gdas.20211220/12/products/atmos/grib2/0p25
+ JGLOBAL_ATMOS_PRODUCTS[37]for grid in '0p25' '0p50' '1p00'
+ JGLOBAL_ATMOS_PRODUCTS[38]prod_dir=COMOUT_ATMOS_GRIB_0p50
+ JGLOBAL_ATMOS_PRODUCTS[39]declare -rx COMOUT_ATMOS_GRIB_0p50=/glade/derecho/scratch/epicufsrt/GFS_CI_CD/DERECHO/Gitlab/BUILD/pr_cases_4919_a75a926a_17653/RUNTESTS/COMROOT/C96C48_hybatmsnowDA_a75a926a-17653/gdas.20211220/12/products/atmos/grib2/0p50
+ JGLOBAL_ATMOS_PRODUCTS[40]mkdir -m 775 -p /glade/derecho/scratch/epicufsrt/GFS_CI_CD/DERECHO/Gitlab/BUILD/pr_cases_4919_a75a926a_17653/RUNTESTS/COMROOT/C96C48_hybatmsnowDA_a75a926a-17653/gdas.20211220/12/products/atmos/grib2/0p50
+ JGLOBAL_ATMOS_PRODUCTS[37]for grid in '0p25' '0p50' '1p00'
+ JGLOBAL_ATMOS_PRODUCTS[38]prod_dir=COMOUT_ATMOS_GRIB_1p00
+ JGLOBAL_ATMOS_PRODUCTS[39]declare -rx COMOUT_ATMOS_GRIB_1p00=/glade/derecho/scratch/epicufsrt/GFS_CI_CD/DERECHO/Gitlab/BUILD/pr_cases_4919_a75a926a_17653/RUNTESTS/COMROOT/C96C48_hybatmsnowDA_a75a926a-17653/gdas.20211220/12/products/atmos/grib2/1p00
+ JGLOBAL_ATMOS_PRODUCTS[40]mkdir -m 775 -p /glade/derecho/scratch/epicufsrt/GFS_CI_CD/DERECHO/Gitlab/BUILD/pr_cases_4919_a75a926a_17653/RUNTESTS/COMROOT/C96C48_hybatmsnowDA_a75a926a-17653/gdas.20211220/12/products/atmos/grib2/1p00
+ JGLOBAL_ATMOS_PRODUCTS[44]export PREFIX=gdas.t12z.
+ JGLOBAL_ATMOS_PRODUCTS[44]PREFIX=gdas.t12z.
+ JGLOBAL_ATMOS_PRODUCTS[48]/glade/derecho/scratch/epicufsrt/GFS_CI_CD/DERECHO/Gitlab/BUILD/pr_cases_4919_a75a926a_17653/global-workflow/scripts/exglobal_atmos_products.sh
+ exglobal_atmos_products.sh[3]cd /lustre/desc1/scratch/epicufsrt/stmp/RUNDIRS/C96C48_hybatmsnowDA_a75a926a-17653/gdas.2021122012/atmos_products_f004.130144
+ exglobal_atmos_products.sh[7][[ 4 -le 0 ]]
++ exglobal_atmos_products.sh[20]printf f%03d 4
+ exglobal_atmos_products.sh[20]fhr3=f004
+ exglobal_atmos_products.sh[21](( FORECAST_HOUR % FHOUT_PGBS == 0 ))
+ exglobal_atmos_products.sh[22]PGBS=YES
+ exglobal_atmos_products.sh[30]grid_string=0p25
+ exglobal_atmos_products.sh[31][[ YES == \Y\E\S ]]
+ exglobal_atmos_products.sh[32]grid_string=0p25:0p50:1p00
+ exglobal_atmos_products.sh[38]IFS=:
+ exglobal_atmos_products.sh[38]read -ra grids
+ exglobal_atmos_products.sh[41]MASTER_FILE=/glade/derecho/scratch/epicufsrt/GFS_CI_CD/DERECHO/Gitlab/BUILD/pr_cases_4919_a75a926a_17653/RUNTESTS/COMROOT/C96C48_hybatmsnowDA_a75a926a-17653/gdas.20211220/12/model/atmos/master/gdas.t12z.master.f004.grib2
+ exglobal_atmos_products.sh[44]/glade/work/epicufsrt/contrib/spack-stack/derecho/spack-stack-1.9.2/envs/ue-oneapi-2024.2.1/install/oneapi/2024.2.1/wgrib2-3.6.0-4wdrbtc/bin/wgrib2 -s /glade/derecho/scratch/epicufsrt/GFS_CI_CD/DERECHO/Gitlab/BUILD/pr_cases_4919_a75a926a_17653/RUNTESTS/COMROOT/C96C48_hybatmsnowDA_a75a926a-17653/gdas.20211220/12/model/atmos/master/gdas.t12z.master.f004.grib2
+ exglobal_atmos_products.sh[137](( nset = 1 ))
+ exglobal_atmos_products.sh[137](( nset <= downset ))
+ exglobal_atmos_products.sh[48]echo 'INFO: Begin processing nset = 1'
INFO: Begin processing nset = 1
+ exglobal_atmos_products.sh[51][[ 1 == 1 ]]
+ exglobal_atmos_products.sh[52]grp=a
+ exglobal_atmos_products.sh[60]tmpfile=tmpfilea_f004
+ exglobal_atmos_products.sh[61]paramlist=paramlista
+ exglobal_atmos_products.sh[62]parmfile=/glade/derecho/scratch/epicufsrt/GFS_CI_CD/DERECHO/Gitlab/BUILD/pr_cases_4919_a75a926a_17653/global-workflow/parm/product/gfs.fFFF.paramlist.a.txt
+ exglobal_atmos_products.sh[64]/glade/work/epicufsrt/contrib/spack-stack/derecho/spack-stack-1.9.2/envs/ue-oneapi-2024.2.1/install/oneapi/2024.2.1/wgrib2-3.6.0-4wdrbtc/bin/wgrib2 /glade/derecho/scratch/epicufsrt/GFS_CI_CD/DERECHO/Gitlab/BUILD/pr_cases_4919_a75a926a_17653/RUNTESTS/COMROOT/C96C48_hybatmsnowDA_a75a926a-17653/gdas.20211220/12/model/atmos/master/gdas.t12z.master.f004.grib2
+ exglobal_atmos_products.sh[64]grep -F -f /glade/derecho/scratch/epicufsrt/GFS_CI_CD/DERECHO/Gitlab/BUILD/pr_cases_4919_a75a926a_17653/global-workflow/parm/product/gfs.fFFF.paramlist.a.txt
+ exglobal_atmos_products.sh[64]/glade/work/epicufsrt/contrib/spack-stack/derecho/spack-stack-1.9.2/envs/ue-oneapi-2024.2.1/install/oneapi/2024.2.1/wgrib2-3.6.0-4wdrbtc/bin/wgrib2 -i -grib tmpfilea_f004 /glade/derecho/scratch/epicufsrt/GFS_CI_CD/DERECHO/Gitlab/BUILD/pr_cases_4919_a75a926a_17653/RUNTESTS/COMROOT/C96C48_hybatmsnowDA_a75a926a-17653/gdas.20211220/12/model/atmos/master/gdas.t12z.master.f004.grib2
1:0:d=2021122012:PRMSL:mean sea level:4 hour fcst:
2:90526:d=2021122012:CLMR:1 hybrid level:4 hour fcst:
3:107491:d=2021122012:ICMR:1 hybrid level:4 hour fcst:
4:126328:d=2021122012:RWMR:1 hybrid level:4 hour fcst:
5:155611:d=2021122012:SNMR:1 hybrid level:4 hour fcst:
6:183271:d=2021122012:GRLE:1 hybrid level:4 hour fcst:
7:189224:d=2021122012:REFD:1 hybrid level:4 hour fcst:
8:198619:d=2021122012:REFD:2 hybrid level:4 hour fcst:
9:208014:d=2021122012:REFC:entire atmosphere (considered as a single layer):4 hour fcst:
10:217409:d=2021122012:VIS:surface:4 hour fcst:
11:338402:d=2021122012:UGRD:planetary boundary layer:4 hour fcst:
12:387334:d=2021122012:VGRD:planetary boundary layer:4 hour fcst:
13:436380:d=2021122012:VRATE:planetary boundary layer:4 hour fcst:
14:486992:d=2021122012:GUST:surface:4 hour fcst:
15:537470:d=2021122012:HGT:0.01 mb:4 hour fcst:
16:617161:d=2021122012:TMP:0.01 mb:4 hour fcst:
17:663683:d=2021122012:RH:0.01 mb:4 hour fcst:
18:689901:d=2021122012:SPFH:0.01 mb:4 hour fcst:
19:746543:d=2021122012:VVEL:0.01 mb:4 hour fcst:
20:839824:d=2021122012:DZDT:0.01 mb:4 hour fcst:
21:940359:d=2021122012:UGRD:0.01 mb:4 hour fcst:
22:992131:d=2021122012:VGRD:0.01 mb:4 hour fcst:
23:1037120:d=2021122012:ABSV:0.01 mb:4 hour fcst:
24:1109302:d=2021122012:O3MR:0.01 mb:4 hour fcst:
25:1171073:d=2021122012:HGT:0.02 mb:4 hour fcst:
26:1249901:d=2021122012:TMP:0.02 mb:4 hour fcst:
27:1315390:d=2021122012:RH:0.02 mb:4 hour fcst:
28:1348036:d=2021122012:SPFH:0.02 mb:4 hour fcst:
29:1405189:d=2021122012:VVEL:0.02 mb:4 hour fcst:
30:1517651:d=2021122012:DZDT:0.02 mb:4 hour fcst:
31:1627399:d=2021122012:UGRD:0.02 mb:4 hour fcst:
32:1683305:d=2021122012:VGRD:0.02 mb:4 hour fcst:
33:1731948:d=2021122012:ABSV:0.02 mb:4 hour fcst:
34:1809337:d=2021122012:O3MR:0.02 mb:4 hour fcst:
35:1881668:d=2021122012:HGT:0.04 mb:4 hour fcst:
36:1955344:d=2021122012:TMP:0.04 mb:4 hour fcst:
37:2027131:d=2021122012:RH:0.04 mb:4 hour fcst:
38:2041821:d=2021122012:SPFH:0.04 mb:4 hour fcst:
39:2095953:d=2021122012:VVEL:0.04 mb:4 hour fcst:
40:2190202:d=2021122012:DZDT:0.04 mb:4 hour fcst:
41:2300392:d=2021122012:UGRD:0.04 mb:4 hour fcst:
42:2352815:d=2021122012:VGRD:0.04 mb:4 hour fcst:
43:2399797:d=2021122012:ABSV:0.04 mb:4 hour fcst:
44:2478417:d=2021122012:O3MR:0.04 mb:4 hour fcst:
45:2552859:d=2021122012:HGT:0.07 mb:4 hour fcst:
46:2624519:d=2021122012:TMP:0.07 mb:4 hour fcst:
47:2694179:d=2021122012:RH:0.07 mb:4 hour fcst:
48:2704366:d=2021122012:SPFH:0.07 mb:4 hour fcst:
49:2762754:d=2021122012:VVEL:0.07 mb:4 hour fcst:
50:2861764:d=2021122012:DZDT:0.07 mb:4 hour fcst:
51:2974380:d=2021122012:UGRD:0.07 mb:4 hour fcst:
52:3026815:d=2021122012:VGRD:0.07 mb:4 hour fcst:
53:3073199:d=2021122012:ABSV:0.07 mb:4 hour fcst:
54:3119809:d=2021122012:O3MR:0.07 mb:4 hour fcst:
55:3178076:d=2021122012:HGT:0.1 mb:4 hour fcst:
56:3248896:d=2021122012:TMP:0.1 mb:4 hour fcst:
57:3316288:d=2021122012:RH:0.1 mb:4 hour fcst:
58:3335765:d=2021122012:SPFH:0.1 mb:4 hour fcst:
59:3399264:d=2021122012:VVEL:0.1 mb:4 hour fcst:
60:3501558:d=2021122012:DZDT:0.1 mb:4 hour fcst:
61:3616089:d=2021122012:UGRD:0.1 mb:4 hour fcst:
62:3666956:d=2021122012:VGRD:0.1 mb:4 hour fcst:
63:3712225:d=2021122012:ABSV:0.1 mb:4 hour fcst:
64:3787615:d=2021122012:O3MR:0.1 mb:4 hour fcst:
65:3857325:d=2021122012:HGT:0.2 mb:4 hour fcst:
66:3925563:d=2021122012:TMP:0.2 mb:4 hour fcst:
67:3992124:d=2021122012:RH:0.2 mb:4 hour fcst:
68:4017327:d=2021122012:SPFH:0.2 mb:4 hour fcst:
69:4084567:d=2021122012:VVEL:0.2 mb:4 hour fcst:
70:4192461:d=2021122012:DZDT:0.2 mb:4 hour fcst:
71:4290045:d=2021122012:UGRD:0.2 mb:4 hour fcst:
72:4338283:d=2021122012:VGRD:0.2 mb:4 hour fcst:
73:4381462:d=2021122012:ABSV:0.2 mb:4 hour fcst:
74:4454200:d=2021122012:O3MR:0.2 mb:4 hour fcst:
75:4532782:d=2021122012:HGT:0.4 mb:4 hour fcst:
76:4599247:d=2021122012:TMP:0.4 mb:4 hour fcst:
77:4664882:d=2021122012:RH:0.4 mb:4 hour fcst:
78:4685793:d=2021122012:SPFH:0.4 mb:4 hour fcst:
79:4756245:d=2021122012:VVEL:0.4 mb:4 hour fcst:
80:4870608:d=2021122012:DZDT:0.4 mb:4 hour fcst:
81:4981213:d=2021122012:UGRD:0.4 mb:4 hour fcst:
82:5027447:d=2021122012:VGRD:0.4 mb:4 hour fcst:
83:5068765:d=2021122012:ABSV:0.4 mb:4 hour fcst:
84:5139401:d=2021122012:O3MR:0.4 mb:4 hour fcst:
85:5221719:d=2021122012:HGT:0.7 mb:4 hour fcst:
86:5287025:d=2021122012:TMP:0.7 mb:4 hour fcst:
87:5351901:d=2021122012:RH:0.7 mb:4 hour fcst:
88:5373959:d=2021122012:SPFH:0.7 mb:4 hour fcst:
89:5441014:d=2021122012:VVEL:0.7 mb:4 hour fcst:
90:5549934:d=2021122012:DZDT:0.7 mb:4 hour fcst:
91:5653084:d=2021122012:UGRD:0.7 mb:4 hour fcst:
92:5698050:d=2021122012:VGRD:0.7 mb:4 hour fcst:
93:5737955:d=2021122012:ABSV:0.7 mb:4 hour fcst:
94:5806322:d=2021122012:O3MR:0.7 mb:4 hour fcst:
95:5892852:d=2021122012:HGT:1 mb:4 hour fcst:
96:5957131:d=2021122012:TMP:1 mb:4 hour fcst:
97:6021715:d=2021122012:RH:1 mb:4 hour fcst:
98:6033429:d=2021122012:SPFH:1 mb:4 hour fcst:
99:6100282:d=2021122012:VVEL:1 mb:4 hour fcst:
100:6190278:d=2021122012:DZDT:1 mb:4 hour fcst:
101:6309843:d=2021122012:UGRD:1 mb:4 hour fcst:
102:6353819:d=2021122012:VGRD:1 mb:4 hour fcst:
103:6393002:d=2021122012:ABSV:1 mb:4 hour fcst:
104:6460639:d=2021122012:O3MR:1 mb:4 hour fcst:
105:6550261:d=2021122012:HGT:2 mb:4 hour fcst:
106:6611297:d=2021122012:TMP:2 mb:4 hour fcst:
107:6676714:d=2021122012:RH:2 mb:4 hour fcst:
108:6696484:d=2021122012:SPFH:2 mb:4 hour fcst:
109:6763235:d=2021122012:VVEL:2 mb:4 hour fcst:
110:6859585:d=2021122012:DZDT:2 mb:4 hour fcst:
111:6968969:d=2021122012:UGRD:2 mb:4 hour fcst:
112:7012660:d=2021122012:VGRD:2 mb:4 hour fcst:
113:7050520:d=2021122012:ABSV:2 mb:4 hour fcst:
114:7119414:d=2021122012:O3MR:2 mb:4 hour fcst:
115:7202078:d=2021122012:HGT:3 mb:4 hour fcst:
116:7260929:d=2021122012:TMP:3 mb:4 hour fcst:
117:7325697:d=2021122012:RH:3 mb:4 hour fcst:
118:7337834:d=2021122012:SPFH:3 mb:4 hour fcst:
119:7410952:d=2021122012:VVEL:3 mb:4 hour fcst:
120:7510458:d=2021122012:DZDT:3 mb:4 hour fcst:
121:7627484:d=2021122012:UGRD:3 mb:4 hour fcst:
122:7669347:d=2021122012:VGRD:3 mb:4 hour fcst:
123:7706353:d=2021122012:ABSV:3 mb:4 hour fcst:
124:7775764:d=2021122012:O3MR:3 mb:4 hour fcst:
125:7865875:d=2021122012:HGT:5 mb:4 hour fcst:
126:7931509:d=2021122012:TMP:5 mb:4 hour fcst:
127:7996973:d=2021122012:RH:5 mb:4 hour fcst:
128:8005329:d=2021122012:SPFH:5 mb:4 hour fcst:
129:8068332:d=2021122012:VVEL:5 mb:4 hour fcst:
130:8173003:d=2021122012:DZDT:5 mb:4 hour fcst:
131:8287240:d=2021122012:UGRD:5 mb:4 hour fcst:
132:8330521:d=2021122012:VGRD:5 mb:4 hour fcst:
133:8369528:d=2021122012:ABSV:5 mb:4 hour fcst:
134:8441958:d=2021122012:O3MR:5 mb:4 hour fcst:
135:8525025:d=2021122012:HGT:7 mb:4 hour fcst:
136:8589528:d=2021122012:TMP:7 mb:4 hour fcst:
137:8653295:d=2021122012:RH:7 mb:4 hour fcst:
138:8666557:d=2021122012:SPFH:7 mb:4 hour fcst:
139:8717433:d=2021122012:VVEL:7 mb:4 hour fcst:
140:8824939:d=2021122012:DZDT:7 mb:4 hour fcst:
141:8936399:d=2021122012:UGRD:7 mb:4 hour fcst:
142:8978311:d=2021122012:VGRD:7 mb:4 hour fcst:
143:9017098:d=2021122012:ABSV:7 mb:4 hour fcst:
144:9090078:d=2021122012:O3MR:7 mb:4 hour fcst:
145:9174789:d=2021122012:HGT:10 mb:4 hour fcst:
146:9238217:d=2021122012:TMP:10 mb:4 hour fcst:
147:9301723:d=2021122012:RH:10 mb:4 hour fcst:
148:9307878:d=2021122012:SPFH:10 mb:4 hour fcst:
149:9359700:d=2021122012:VVEL:10 mb:4 hour fcst:
150:9471509:d=2021122012:DZDT:10 mb:4 hour fcst:
151:9582294:d=2021122012:UGRD:10 mb:4 hour fcst:
152:9624868:d=2021122012:VGRD:10 mb:4 hour fcst:
153:9664327:d=2021122012:ABSV:10 mb:4 hour fcst:
154:9738370:d=2021122012:O3MR:10 mb:4 hour fcst:
155:9827448:d=2021122012:HGT:15 mb:4 hour fcst:
156:9889823:d=2021122012:TMP:15 mb:4 hour fcst:
157:9953370:d=2021122012:RH:15 mb:4 hour fcst:
158:9963296:d=2021122012:SPFH:15 mb:4 hour fcst:
159:10019246:d=2021122012:VVEL:15 mb:4 hour fcst:
160:10135631:d=2021122012:DZDT:15 mb:4 hour fcst:
161:10244825:d=2021122012:UGRD:15 mb:4 hour fcst:
162:10287266:d=2021122012:VGRD:15 mb:4 hour fcst:
163:10327368:d=2021122012:ABSV:15 mb:4 hour fcst:
164:10402060:d=2021122012:O3MR:15 mb:4 hour fcst:
165:10495963:d=2021122012:HGT:20 mb:4 hour fcst:
166:10557123:d=2021122012:TMP:20 mb:4 hour fcst:
167:10620028:d=2021122012:RH:20 mb:4 hour fcst:
168:10631669:d=2021122012:SPFH:20 mb:4 hour fcst:
169:10691831:d=2021122012:VVEL:20 mb:4 hour fcst:
170:10812578:d=2021122012:DZDT:20 mb:4 hour fcst:
171:10921779:d=2021122012:UGRD:20 mb:4 hour fcst:
172:10963801:d=2021122012:VGRD:20 mb:4 hour fcst:
173:11003271:d=2021122012:ABSV:20 mb:4 hour fcst:
174:11076716:d=2021122012:O3MR:20 mb:4 hour fcst:
175:11171986:d=2021122012:HGT:30 mb:4 hour fcst:
176:11241188:d=2021122012:TMP:30 mb:4 hour fcst:
177:11302023:d=2021122012:RH:30 mb:4 hour fcst:
178:11319059:d=2021122012:SPFH:30 mb:4 hour fcst:
179:11388399:d=2021122012:VVEL:30 mb:4 hour fcst:
180:11502486:d=2021122012:DZDT:30 mb:4 hour fcst:
181:11608910:d=2021122012:UGRD:30 mb:4 hour fcst:
182:11678328:d=2021122012:VGRD:30 mb:4 hour fcst:
183:11715984:d=2021122012:ABSV:30 mb:4 hour fcst:
184:11786784:d=2021122012:O3MR:30 mb:4 hour fcst:
185:11890984:d=2021122012:HGT:40 mb:4 hour fcst:
186:11959258:d=2021122012:TMP:40 mb:4 hour fcst:
187:12022747:d=2021122012:RH:40 mb:4 hour fcst:
188:12042621:d=2021122012:SPFH:40 mb:4 hour fcst:
189:12115618:d=2021122012:VVEL:40 mb:4 hour fcst:
190:12210883:d=2021122012:DZDT:40 mb:4 hour fcst:
191:12317390:d=2021122012:UGRD:40 mb:4 hour fcst:
192:12388393:d=2021122012:VGRD:40 mb:4 hour fcst:
193:12456829:d=2021122012:ABSV:40 mb:4 hour fcst:
194:12529724:d=2021122012:O3MR:40 mb:4 hour fcst:
195:12635897:d=2021122012:HGT:50 mb:4 hour fcst:
196:12703844:d=2021122012:TMP:50 mb:4 hour fcst:
197:12766670:d=2021122012:RH:50 mb:4 hour fcst:
198:12789315:d=2021122012:TCDC:50 mb:4 hour fcst:
199:12789494:d=2021122012:SPFH:50 mb:4 hour fcst:
200:12865401:d=2021122012:VVEL:50 mb:4 hour fcst:
201:12962341:d=2021122012:DZDT:50 mb:4 hour fcst:
202:13066948:d=2021122012:UGRD:50 mb:4 hour fcst:
203:13137898:d=2021122012:VGRD:50 mb:4 hour fcst:
204:13206284:d=2021122012:ABSV:50 mb:4 hour fcst:
205:13279492:d=2021122012:CLMR:50 mb:4 hour fcst:
206:13279671:d=2021122012:ICMR:50 mb:4 hour fcst:
207:13279850:d=2021122012:RWMR:50 mb:4 hour fcst:
208:13280029:d=2021122012:SNMR:50 mb:4 hour fcst:
209:13280208:d=2021122012:GRLE:50 mb:4 hour fcst:
210:13280387:d=2021122012:O3MR:50 mb:4 hour fcst:
211:13384495:d=2021122012:HGT:70 mb:4 hour fcst:
212:13452356:d=2021122012:TMP:70 mb:4 hour fcst:
213:13517218:d=2021122012:RH:70 mb:4 hour fcst:
215:13550303:d=2021122012:SPFH:70 mb:4 hour fcst:
216:13632271:d=2021122012:VVEL:70 mb:4 hour fcst:
217:13733041:d=2021122012:DZDT:70 mb:4 hour fcst:
218:13837131:d=2021122012:UGRD:70 mb:4 hour fcst:
219:13909287:d=2021122012:VGRD:70 mb:4 hour fcst:
220:13980654:d=2021122012:ABSV:70 mb:4 hour fcst:
226:14057836:d=2021122012:O3MR:70 mb:4 hour fcst:
227:14159861:d=2021122012:HGT:100 mb:4 hour fcst:
228:14228143:d=2021122012:TMP:100 mb:4 hour fcst:
229:14292680:d=2021122012:RH:100 mb:4 hour fcst:
230:14331767:d=2021122012:TCDC:100 mb:4 hour fcst:
231:14332248:d=2021122012:SPFH:100 mb:4 hour fcst:
232:14428433:d=2021122012:VVEL:100 mb:4 hour fcst:
233:14527376:d=2021122012:DZDT:100 mb:4 hour fcst:
234:14633932:d=2021122012:UGRD:100 mb:4 hour fcst:
235:14679404:d=2021122012:VGRD:100 mb:4 hour fcst:
236:14753215:d=2021122012:ABSV:100 mb:4 hour fcst:
237:14832514:d=2021122012:CLMR:100 mb:4 hour fcst:
238:14832693:d=2021122012:ICMR:100 mb:4 hour fcst:
239:14834679:d=2021122012:RWMR:100 mb:4 hour fcst:
240:14834858:d=2021122012:SNMR:100 mb:4 hour fcst:
241:14837932:d=2021122012:GRLE:100 mb:4 hour fcst:
242:14838674:d=2021122012:O3MR:100 mb:4 hour fcst:
259:15697079:d=2021122012:HGT:150 mb:4 hour fcst:
260:15766021:d=2021122012:TMP:150 mb:4 hour fcst:
261:15828969:d=2021122012:RH:150 mb:4 hour fcst:
262:15871960:d=2021122012:TCDC:150 mb:4 hour fcst:
263:15881061:d=2021122012:SPFH:150 mb:4 hour fcst:
264:15980922:d=2021122012:VVEL:150 mb:4 hour fcst:
265:16063907:d=2021122012:DZDT:150 mb:4 hour fcst:
266:16171874:d=2021122012:UGRD:150 mb:4 hour fcst:
267:16217779:d=2021122012:VGRD:150 mb:4 hour fcst:
268:16292432:d=2021122012:ABSV:150 mb:4 hour fcst:
269:16371653:d=2021122012:CLMR:150 mb:4 hour fcst:
270:16371832:d=2021122012:ICMR:150 mb:4 hour fcst:
271:16383075:d=2021122012:RWMR:150 mb:4 hour fcst:
272:16383254:d=2021122012:SNMR:150 mb:4 hour fcst:
273:16385202:d=2021122012:GRLE:150 mb:4 hour fcst:
274:16387585:d=2021122012:O3MR:150 mb:4 hour fcst:
291:17250904:d=2021122012:HGT:200 mb:4 hour fcst:
292:17321884:d=2021122012:TMP:200 mb:4 hour fcst:
293:17386211:d=2021122012:RH:200 mb:4 hour fcst:
294:17441707:d=2021122012:TCDC:200 mb:4 hour fcst:
295:17461655:d=2021122012:SPFH:200 mb:4 hour fcst:
296:17558008:d=2021122012:VVEL:200 mb:4 hour fcst:
297:17645880:d=2021122012:DZDT:200 mb:4 hour fcst:
298:17745278:d=2021122012:UGRD:200 mb:4 hour fcst:
299:17792342:d=2021122012:VGRD:200 mb:4 hour fcst:
300:17839709:d=2021122012:ABSV:200 mb:4 hour fcst:
301:17921727:d=2021122012:CLMR:200 mb:4 hour fcst:
302:17921906:d=2021122012:ICMR:200 mb:4 hour fcst:
303:17945530:d=2021122012:RWMR:200 mb:4 hour fcst:
304:17945709:d=2021122012:SNMR:200 mb:4 hour fcst:
305:17952877:d=2021122012:GRLE:200 mb:4 hour fcst:
306:17956027:d=2021122012:O3MR:200 mb:4 hour fcst:
323:18885517:d=2021122012:HGT:250 mb:4 hour fcst:
324:18958496:d=2021122012:TMP:250 mb:4 hour fcst:
325:19022928:d=2021122012:RH:250 mb:4 hour fcst:
326:19086493:d=2021122012:TCDC:250 mb:4 hour fcst:
327:19114150:d=2021122012:SPFH:250 mb:4 hour fcst:
328:19209608:d=2021122012:VVEL:250 mb:4 hour fcst:
329:19302381:d=2021122012:DZDT:250 mb:4 hour fcst:
330:19404582:d=2021122012:UGRD:250 mb:4 hour fcst:
331:19453453:d=2021122012:VGRD:250 mb:4 hour fcst:
332:19503673:d=2021122012:ABSV:250 mb:4 hour fcst:
333:19589660:d=2021122012:CLMR:250 mb:4 hour fcst:
334:19589839:d=2021122012:ICMR:250 mb:4 hour fcst:
335:19626140:d=2021122012:RWMR:250 mb:4 hour fcst:
336:19626319:d=2021122012:SNMR:250 mb:4 hour fcst:
337:19643898:d=2021122012:GRLE:250 mb:4 hour fcst:
338:19647672:d=2021122012:O3MR:250 mb:4 hour fcst:
355:20639107:d=2021122012:HGT:300 mb:4 hour fcst:
356:20712912:d=2021122012:TMP:300 mb:4 hour fcst:
357:20777372:d=2021122012:RH:300 mb:4 hour fcst:
358:20845690:d=2021122012:TCDC:300 mb:4 hour fcst:
359:20876903:d=2021122012:SPFH:300 mb:4 hour fcst:
360:20973118:d=2021122012:VVEL:300 mb:4 hour fcst:
361:21069493:d=2021122012:DZDT:300 mb:4 hour fcst:
362:21173308:d=2021122012:UGRD:300 mb:4 hour fcst:
363:21224216:d=2021122012:VGRD:300 mb:4 hour fcst:
364:21276832:d=2021122012:ABSV:300 mb:4 hour fcst:
365:21365312:d=2021122012:CLMR:300 mb:4 hour fcst:
366:21365491:d=2021122012:ICMR:300 mb:4 hour fcst:
367:21407296:d=2021122012:RWMR:300 mb:4 hour fcst:
368:21407475:d=2021122012:SNMR:300 mb:4 hour fcst:
369:21431074:d=2021122012:GRLE:300 mb:4 hour fcst:
370:21436405:d=2021122012:O3MR:300 mb:4 hour fcst:
387:22441017:d=2021122012:HGT:350 mb:4 hour fcst:
388:22514547:d=2021122012:TMP:350 mb:4 hour fcst:
389:22578464:d=2021122012:RH:350 mb:4 hour fcst:
390:22647360:d=2021122012:TCDC:350 mb:4 hour fcst:
391:22678680:d=2021122012:SPFH:350 mb:4 hour fcst:
392:22785705:d=2021122012:VVEL:350 mb:4 hour fcst:
393:22885162:d=2021122012:DZDT:350 mb:4 hour fcst:
394:22989077:d=2021122012:UGRD:350 mb:4 hour fcst:
395:23039565:d=2021122012:VGRD:350 mb:4 hour fcst:
396:23091326:d=2021122012:ABSV:350 mb:4 hour fcst:
397:23179828:d=2021122012:CLMR:350 mb:4 hour fcst:
398:23180126:d=2021122012:ICMR:350 mb:4 hour fcst:
399:23227383:d=2021122012:RWMR:350 mb:4 hour fcst:
400:23227562:d=2021122012:SNMR:350 mb:4 hour fcst:
401:23258023:d=2021122012:GRLE:350 mb:4 hour fcst:
402:23264356:d=2021122012:O3MR:350 mb:4 hour fcst:
419:24275449:d=2021122012:HGT:400 mb:4 hour fcst:
420:24348241:d=2021122012:TMP:400 mb:4 hour fcst:
421:24412736:d=2021122012:RH:400 mb:4 hour fcst:
422:24483452:d=2021122012:TCDC:400 mb:4 hour fcst:
423:24514592:d=2021122012:SPFH:400 mb:4 hour fcst:
424:24620497:d=2021122012:VVEL:400 mb:4 hour fcst:
425:24721343:d=2021122012:DZDT:400 mb:4 hour fcst:
426:24825057:d=2021122012:UGRD:400 mb:4 hour fcst:
427:24874011:d=2021122012:VGRD:400 mb:4 hour fcst:
428:24925640:d=2021122012:ABSV:400 mb:4 hour fcst:
429:25013157:d=2021122012:CLMR:400 mb:4 hour fcst:
430:25014433:d=2021122012:ICMR:400 mb:4 hour fcst:
431:25060986:d=2021122012:RWMR:400 mb:4 hour fcst:
432:25061574:d=2021122012:SNMR:400 mb:4 hour fcst:
433:25096258:d=2021122012:GRLE:400 mb:4 hour fcst:
434:25101692:d=2021122012:O3MR:400 mb:4 hour fcst:
451:26114172:d=2021122012:HGT:450 mb:4 hour fcst:
452:26196440:d=2021122012:TMP:450 mb:4 hour fcst:
453:26261278:d=2021122012:RH:450 mb:4 hour fcst:
454:26332519:d=2021122012:TCDC:450 mb:4 hour fcst:
455:26362762:d=2021122012:SPFH:450 mb:4 hour fcst:
456:26464181:d=2021122012:VVEL:450 mb:4 hour fcst:
457:26565628:d=2021122012:DZDT:450 mb:4 hour fcst:
458:26668696:d=2021122012:UGRD:450 mb:4 hour fcst:
459:26716637:d=2021122012:VGRD:450 mb:4 hour fcst:
460:26797201:d=2021122012:ABSV:450 mb:4 hour fcst:
461:26883555:d=2021122012:CLMR:450 mb:4 hour fcst:
462:26886383:d=2021122012:ICMR:450 mb:4 hour fcst:
463:26929989:d=2021122012:RWMR:450 mb:4 hour fcst:
464:26931067:d=2021122012:SNMR:450 mb:4 hour fcst:
465:26966967:d=2021122012:GRLE:450 mb:4 hour fcst:
466:26972001:d=2021122012:O3MR:450 mb:4 hour fcst:
483:28061421:d=2021122012:HGT:500 mb:4 hour fcst:
484:28143097:d=2021122012:TMP:500 mb:4 hour fcst:
485:28208389:d=2021122012:RH:500 mb:4 hour fcst:
486:28280057:d=2021122012:TCDC:500 mb:4 hour fcst:
487:28310369:d=2021122012:SPFH:500 mb:4 hour fcst:
488:28417957:d=2021122012:VVEL:500 mb:4 hour fcst:
489:28519729:d=2021122012:DZDT:500 mb:4 hour fcst:
490:28622086:d=2021122012:UGRD:500 mb:4 hour fcst:
491:28699389:d=2021122012:VGRD:500 mb:4 hour fcst:
492:28778474:d=2021122012:ABSV:500 mb:4 hour fcst:
493:28863200:d=2021122012:CLMR:500 mb:4 hour fcst:
494:28870426:d=2021122012:ICMR:500 mb:4 hour fcst:
495:28910818:d=2021122012:RWMR:500 mb:4 hour fcst:
496:28913970:d=2021122012:SNMR:500 mb:4 hour fcst:
497:28946884:d=2021122012:GRLE:500 mb:4 hour fcst:
498:28949945:d=2021122012:O3MR:500 mb:4 hour fcst:
515:30062452:d=2021122012:HGT:550 mb:4 hour fcst:
516:30143755:d=2021122012:TMP:550 mb:4 hour fcst:
517:30210102:d=2021122012:RH:550 mb:4 hour fcst:
518:30282317:d=2021122012:TCDC:550 mb:4 hour fcst:
519:30313450:d=2021122012:SPFH:550 mb:4 hour fcst:
520:30425491:d=2021122012:VVEL:550 mb:4 hour fcst:
521:30527768:d=2021122012:DZDT:550 mb:4 hour fcst:
522:30629519:d=2021122012:UGRD:550 mb:4 hour fcst:
523:30705968:d=2021122012:VGRD:550 mb:4 hour fcst:
524:30784088:d=2021122012:ABSV:550 mb:4 hour fcst:
525:30867685:d=2021122012:CLMR:550 mb:4 hour fcst:
526:30878560:d=2021122012:ICMR:550 mb:4 hour fcst:
527:30911142:d=2021122012:RWMR:550 mb:4 hour fcst:
528:30915982:d=2021122012:SNMR:550 mb:4 hour fcst:
529:30953211:d=2021122012:GRLE:550 mb:4 hour fcst:
530:30957112:d=2021122012:O3MR:550 mb:4 hour fcst:
547:32061355:d=2021122012:HGT:600 mb:4 hour fcst:
548:32142438:d=2021122012:TMP:600 mb:4 hour fcst:
549:32209684:d=2021122012:RH:600 mb:4 hour fcst:
550:32282048:d=2021122012:TCDC:600 mb:4 hour fcst:
551:32312298:d=2021122012:SPFH:600 mb:4 hour fcst:
552:32424418:d=2021122012:VVEL:600 mb:4 hour fcst:
553:32527211:d=2021122012:DZDT:600 mb:4 hour fcst:
554:32628648:d=2021122012:UGRD:600 mb:4 hour fcst:
555:32703938:d=2021122012:VGRD:600 mb:4 hour fcst:
556:32780879:d=2021122012:ABSV:600 mb:4 hour fcst:
557:32864112:d=2021122012:CLMR:600 mb:4 hour fcst:
558:32876319:d=2021122012:ICMR:600 mb:4 hour fcst:
559:32904565:d=2021122012:RWMR:600 mb:4 hour fcst:
560:32911836:d=2021122012:SNMR:600 mb:4 hour fcst:
561:32948553:d=2021122012:GRLE:600 mb:4 hour fcst:
562:32953518:d=2021122012:O3MR:600 mb:4 hour fcst:
579:34051310:d=2021122012:HGT:650 mb:4 hour fcst:
580:34132219:d=2021122012:TMP:650 mb:4 hour fcst:
581:34200030:d=2021122012:RH:650 mb:4 hour fcst:
582:34272907:d=2021122012:TCDC:650 mb:4 hour fcst:
583:34302500:d=2021122012:SPFH:650 mb:4 hour fcst:
584:34406852:d=2021122012:VVEL:650 mb:4 hour fcst:
585:34510240:d=2021122012:DZDT:650 mb:4 hour fcst:
586:34611527:d=2021122012:UGRD:650 mb:4 hour fcst:
587:34687189:d=2021122012:VGRD:650 mb:4 hour fcst:
588:34763863:d=2021122012:ABSV:650 mb:4 hour fcst:
589:34846089:d=2021122012:CLMR:650 mb:4 hour fcst:
590:34860030:d=2021122012:ICMR:650 mb:4 hour fcst:
591:34887359:d=2021122012:RWMR:650 mb:4 hour fcst:
592:34896202:d=2021122012:SNMR:650 mb:4 hour fcst:
593:34930701:d=2021122012:GRLE:650 mb:4 hour fcst:
594:34935842:d=2021122012:O3MR:650 mb:4 hour fcst:
611:36032548:d=2021122012:HGT:700 mb:4 hour fcst:
612:36117083:d=2021122012:TMP:700 mb:4 hour fcst:
613:36185022:d=2021122012:RH:700 mb:4 hour fcst:
614:36258101:d=2021122012:TCDC:700 mb:4 hour fcst:
615:36287468:d=2021122012:SPFH:700 mb:4 hour fcst:
616:36394829:d=2021122012:VVEL:700 mb:4 hour fcst:
617:36498581:d=2021122012:DZDT:700 mb:4 hour fcst:
618:36599042:d=2021122012:UGRD:700 mb:4 hour fcst:
619:36674317:d=2021122012:VGRD:700 mb:4 hour fcst:
620:36751017:d=2021122012:ABSV:700 mb:4 hour fcst:
621:36834098:d=2021122012:CLMR:700 mb:4 hour fcst:
622:36849759:d=2021122012:ICMR:700 mb:4 hour fcst:
623:36874519:d=2021122012:RWMR:700 mb:4 hour fcst:
624:36884630:d=2021122012:SNMR:700 mb:4 hour fcst:
625:36916789:d=2021122012:GRLE:700 mb:4 hour fcst:
626:36921290:d=2021122012:O3MR:700 mb:4 hour fcst:
643:38025945:d=2021122012:HGT:750 mb:4 hour fcst:
644:38110997:d=2021122012:TMP:750 mb:4 hour fcst:
645:38180279:d=2021122012:RH:750 mb:4 hour fcst:
646:38254181:d=2021122012:TCDC:750 mb:4 hour fcst:
647:38284848:d=2021122012:SPFH:750 mb:4 hour fcst:
648:38394142:d=2021122012:VVEL:750 mb:4 hour fcst:
649:38498209:d=2021122012:DZDT:750 mb:4 hour fcst:
650:38598543:d=2021122012:UGRD:750 mb:4 hour fcst:
651:38674785:d=2021122012:VGRD:750 mb:4 hour fcst:
652:38751853:d=2021122012:ABSV:750 mb:4 hour fcst:
653:38835990:d=2021122012:CLMR:750 mb:4 hour fcst:
654:38855789:d=2021122012:ICMR:750 mb:4 hour fcst:
655:38879911:d=2021122012:RWMR:750 mb:4 hour fcst:
656:38892316:d=2021122012:SNMR:750 mb:4 hour fcst:
657:38922946:d=2021122012:GRLE:750 mb:4 hour fcst:
658:38927508:d=2021122012:O3MR:750 mb:4 hour fcst:
675:40056090:d=2021122012:HGT:800 mb:4 hour fcst:
676:40141730:d=2021122012:TMP:800 mb:4 hour fcst:
677:40213644:d=2021122012:RH:800 mb:4 hour fcst:
678:40288138:d=2021122012:TCDC:800 mb:4 hour fcst:
679:40322490:d=2021122012:SPFH:800 mb:4 hour fcst:
680:40433696:d=2021122012:VVEL:800 mb:4 hour fcst:
681:40538043:d=2021122012:DZDT:800 mb:4 hour fcst:
682:40637326:d=2021122012:UGRD:800 mb:4 hour fcst:
683:40714090:d=2021122012:VGRD:800 mb:4 hour fcst:
684:40792360:d=2021122012:ABSV:800 mb:4 hour fcst:
685:40877140:d=2021122012:CLMR:800 mb:4 hour fcst:
686:40903543:d=2021122012:ICMR:800 mb:4 hour fcst:
687:40927202:d=2021122012:RWMR:800 mb:4 hour fcst:
688:40944869:d=2021122012:SNMR:800 mb:4 hour fcst:
689:40978021:d=2021122012:GRLE:800 mb:4 hour fcst:
690:40982970:d=2021122012:O3MR:800 mb:4 hour fcst:
707:42139974:d=2021122012:HGT:850 mb:4 hour fcst:
708:42227109:d=2021122012:TMP:850 mb:4 hour fcst:
709:42301420:d=2021122012:RH:850 mb:4 hour fcst:
710:42376682:d=2021122012:TCDC:850 mb:4 hour fcst:
711:42418620:d=2021122012:SPFH:850 mb:4 hour fcst:
712:42530982:d=2021122012:VVEL:850 mb:4 hour fcst:
713:42634143:d=2021122012:DZDT:850 mb:4 hour fcst:
714:42742772:d=2021122012:UGRD:850 mb:4 hour fcst:
715:42820050:d=2021122012:VGRD:850 mb:4 hour fcst:
716:42898682:d=2021122012:ABSV:850 mb:4 hour fcst:
717:42983178:d=2021122012:CLMR:850 mb:4 hour fcst:
718:43020179:d=2021122012:ICMR:850 mb:4 hour fcst:
719:43046669:d=2021122012:RWMR:850 mb:4 hour fcst:
720:43069103:d=2021122012:SNMR:850 mb:4 hour fcst:
721:43101538:d=2021122012:GRLE:850 mb:4 hour fcst:
722:43106616:d=2021122012:O3MR:850 mb:4 hour fcst:
739:44278053:d=2021122012:HGT:900 mb:4 hour fcst:
740:44366206:d=2021122012:TMP:900 mb:4 hour fcst:
741:44441065:d=2021122012:RH:900 mb:4 hour fcst:
742:44514246:d=2021122012:TCDC:900 mb:4 hour fcst:
743:44555069:d=2021122012:SPFH:900 mb:4 hour fcst:
744:44666221:d=2021122012:VVEL:900 mb:4 hour fcst:
745:44767915:d=2021122012:DZDT:900 mb:4 hour fcst:
746:44874008:d=2021122012:UGRD:900 mb:4 hour fcst:
747:44951400:d=2021122012:VGRD:900 mb:4 hour fcst:
748:45029846:d=2021122012:ABSV:900 mb:4 hour fcst:
749:45114005:d=2021122012:CLMR:900 mb:4 hour fcst:
750:45145580:d=2021122012:ICMR:900 mb:4 hour fcst:
751:45172033:d=2021122012:RWMR:900 mb:4 hour fcst:
752:45197419:d=2021122012:SNMR:900 mb:4 hour fcst:
753:45227946:d=2021122012:GRLE:900 mb:4 hour fcst:
754:45233535:d=2021122012:O3MR:900 mb:4 hour fcst:
755:45334020:d=2021122012:HGT:925 mb:4 hour fcst:
756:45419175:d=2021122012:TMP:925 mb:4 hour fcst:
757:45494015:d=2021122012:RH:925 mb:4 hour fcst:
758:45565918:d=2021122012:TCDC:925 mb:4 hour fcst:
759:45602662:d=2021122012:SPFH:925 mb:4 hour fcst:
760:45702815:d=2021122012:VVEL:925 mb:4 hour fcst:
761:45802886:d=2021122012:DZDT:925 mb:4 hour fcst:
762:45907182:d=2021122012:UGRD:925 mb:4 hour fcst:
763:45984850:d=2021122012:VGRD:925 mb:4 hour fcst:
764:46063226:d=2021122012:ABSV:925 mb:4 hour fcst:
765:46147254:d=2021122012:CLMR:925 mb:4 hour fcst:
766:46171327:d=2021122012:ICMR:925 mb:4 hour fcst:
767:46195765:d=2021122012:RWMR:925 mb:4 hour fcst:
768:46222981:d=2021122012:SNMR:925 mb:4 hour fcst:
769:46251943:d=2021122012:GRLE:925 mb:4 hour fcst:
770:46257866:d=2021122012:O3MR:925 mb:4 hour fcst:
771:46357473:d=2021122012:HGT:950 mb:4 hour fcst:
772:46443260:d=2021122012:TMP:950 mb:4 hour fcst:
773:46517877:d=2021122012:RH:950 mb:4 hour fcst:
774:46588816:d=2021122012:TCDC:950 mb:4 hour fcst:
775:46621163:d=2021122012:SPFH:950 mb:4 hour fcst:
776:46720806:d=2021122012:VVEL:950 mb:4 hour fcst:
777:46817168:d=2021122012:DZDT:950 mb:4 hour fcst:
778:46917698:d=2021122012:UGRD:950 mb:4 hour fcst:
779:46995009:d=2021122012:VGRD:950 mb:4 hour fcst:
780:47073418:d=2021122012:ABSV:950 mb:4 hour fcst:
781:47157259:d=2021122012:CLMR:950 mb:4 hour fcst:
782:47175856:d=2021122012:ICMR:950 mb:4 hour fcst:
783:47197091:d=2021122012:RWMR:950 mb:4 hour fcst:
784:47225795:d=2021122012:SNMR:950 mb:4 hour fcst:
785:47252460:d=2021122012:GRLE:950 mb:4 hour fcst:
786:47257778:d=2021122012:O3MR:950 mb:4 hour fcst:
787:47357188:d=2021122012:HINDEX:surface:4 hour fcst:
788:47374940:d=2021122012:HGT:975 mb:4 hour fcst:
789:47461466:d=2021122012:TMP:975 mb:4 hour fcst:
790:47535405:d=2021122012:RH:975 mb:4 hour fcst:
791:47603805:d=2021122012:TCDC:975 mb:4 hour fcst:
792:47630244:d=2021122012:SPFH:975 mb:4 hour fcst:
793:47729022:d=2021122012:VVEL:975 mb:4 hour fcst:
794:47820343:d=2021122012:DZDT:975 mb:4 hour fcst:
795:47914969:d=2021122012:UGRD:975 mb:4 hour fcst:
796:47992726:d=2021122012:VGRD:975 mb:4 hour fcst:
797:48069992:d=2021122012:ABSV:975 mb:4 hour fcst:
798:48153340:d=2021122012:CLMR:975 mb:4 hour fcst:
799:48166138:d=2021122012:ICMR:975 mb:4 hour fcst:
800:48182528:d=2021122012:RWMR:975 mb:4 hour fcst:
801:48213261:d=2021122012:SNMR:975 mb:4 hour fcst:
802:48234260:d=2021122012:GRLE:975 mb:4 hour fcst:
803:48239069:d=2021122012:O3MR:975 mb:4 hour fcst:
804:48338124:d=2021122012:TMP:1000 mb:4 hour fcst:
805:48411129:d=2021122012:RH:1000 mb:4 hour fcst:
806:48478073:d=2021122012:TCDC:1000 mb:4 hour fcst:
807:48494084:d=2021122012:SPFH:1000 mb:4 hour fcst:
808:48592927:d=2021122012:VVEL:1000 mb:4 hour fcst:
809:48677004:d=2021122012:DZDT:1000 mb:4 hour fcst:
810:48760909:d=2021122012:UGRD:1000 mb:4 hour fcst:
811:48836614:d=2021122012:VGRD:1000 mb:4 hour fcst:
812:48912480:d=2021122012:ABSV:1000 mb:4 hour fcst:
813:48994173:d=2021122012:CLMR:1000 mb:4 hour fcst:
814:49002862:d=2021122012:ICMR:1000 mb:4 hour fcst:
815:49012394:d=2021122012:RWMR:1000 mb:4 hour fcst:
816:49034650:d=2021122012:SNMR:1000 mb:4 hour fcst:
817:49044215:d=2021122012:GRLE:1000 mb:4 hour fcst:
818:49046841:d=2021122012:O3MR:1000 mb:4 hour fcst:
819:49145725:d=2021122012:MSLET:mean sea level:4 hour fcst:
820:49239077:d=2021122012:HGT:1000 mb:4 hour fcst:
821:49326585:d=2021122012:SDEN:surface:4 hour fcst:
822:49380425:d=2021122012:REFD:4000 m above ground:4 hour fcst:
823:49389820:d=2021122012:REFD:1000 m above ground:4 hour fcst:
824:49399215:d=2021122012:PRES:surface:4 hour fcst:
825:49487150:d=2021122012:HGT:surface:4 hour fcst:
826:49532068:d=2021122012:TMP:surface:4 hour fcst:
827:49590850:d=2021122012:TSOIL:0-0.1 m below ground:4 hour fcst:
828:49630773:d=2021122012:SOILW:0-0.1 m below ground:4 hour fcst:
829:49662881:d=2021122012:SOILL:0-0.1 m below ground:4 hour fcst:
830:49694371:d=2021122012:TSOIL:0.1-0.4 m below ground:4 hour fcst:
831:49733448:d=2021122012:SOILW:0.1-0.4 m below ground:4 hour fcst:
832:49765904:d=2021122012:SOILL:0.1-0.4 m below ground:4 hour fcst:
833:49797990:d=2021122012:TSOIL:0.4-1 m below ground:4 hour fcst:
834:49836540:d=2021122012:SOILW:0.4-1 m below ground:4 hour fcst:
835:49869221:d=2021122012:SOILL:0.4-1 m below ground:4 hour fcst:
836:49901514:d=2021122012:TSOIL:1-2 m below ground:4 hour fcst:
837:49938898:d=2021122012:SOILW:1-2 m below ground:4 hour fcst:
838:49970925:d=2021122012:SOILL:1-2 m below ground:4 hour fcst:
839:50003010:d=2021122012:CNWAT:surface:4 hour fcst:
840:50021937:d=2021122012:WEASD:surface:4 hour fcst:
841:50065716:d=2021122012:SNOD:surface:4 hour fcst:
842:50112215:d=2021122012:PEVPR:surface:4 hour fcst:
843:50161468:d=2021122012:ICETK:surface:4 hour fcst:
845:50184298:d=2021122012:TMP:2 m above ground:4 hour fcst:
846:50256891:d=2021122012:SPFH:2 m above ground:4 hour fcst:
847:50353551:d=2021122012:DPT:2 m above ground:4 hour fcst:
848:50429358:d=2021122012:RH:2 m above ground:4 hour fcst:
849:50493986:d=2021122012:APTMP:2 m above ground:4 hour fcst:
850:50542581:d=2021122012:TMAX:2 m above ground:0-4 hour max fcst:
851:50616520:d=2021122012:TMIN:2 m above ground:0-4 hour min fcst:
852:50690562:d=2021122012:UGRD:10 m above ground:4 hour fcst:
853:50765008:d=2021122012:VGRD:10 m above ground:4 hour fcst:
854:50839335:d=2021122012:ICEG:10 m above mean sea level:4 hour fcst:
855:50840961:d=2021122012:CPOFP:surface:4 hour fcst:
856:50904833:d=2021122012:CPRAT:surface:4 hour fcst:
857:50967625:d=2021122012:PRATE:surface:4 hour fcst:
858:51037397:d=2021122012:CPRAT:surface:0-4 hour ave fcst:
859:51112820:d=2021122012:PRATE:surface:0-4 hour ave fcst:
860:51194403:d=2021122012:APCP:surface:0-4 hour acc fcst:
861:51225358:d=2021122012:APCP:surface:0-4 hour acc fcst:
862:51256313:d=2021122012:ACPCP:surface:0-4 hour acc fcst:
863:51280397:d=2021122012:ACPCP:surface:0-4 hour acc fcst:
866:51339057:d=2021122012:FROZR:surface:0-4 hour acc fcst:
867:51348476:d=2021122012:FRZR:surface:0-4 hour acc fcst:
868:51357895:d=2021122012:TSNOWP:surface:0-4 hour acc fcst:
869:51367314:d=2021122012:WATR:surface:0-4 hour acc fcst:
870:51396146:d=2021122012:FROZR:surface:0-4 hour acc fcst:
871:51405565:d=2021122012:FRZR:surface:0-4 hour acc fcst:
872:51414984:d=2021122012:TSNOWP:surface:0-4 hour acc fcst:
873:51424403:d=2021122012:CSNOW:surface:4 hour fcst:
874:51429522:d=2021122012:CICEP:surface:4 hour fcst:
875:51429701:d=2021122012:CFRZR:surface:4 hour fcst:
876:51430015:d=2021122012:CRAIN:surface:4 hour fcst:
877:51441397:d=2021122012:LHTFL:surface:0-4 hour ave fcst:
878:51520010:d=2021122012:SHTFL:surface:0-4 hour ave fcst:
879:51594295:d=2021122012:GFLUX:surface:0-4 hour ave fcst:
880:51645545:d=2021122012:UFLX:surface:0-4 hour ave fcst:
881:51703177:d=2021122012:VFLX:surface:0-4 hour ave fcst:
882:51759864:d=2021122012:SFCR:surface:4 hour fcst:
883:51825211:d=2021122012:FRICV:surface:4 hour fcst:
884:51906187:d=2021122012:U-GWD:surface:0-4 hour ave fcst:
885:51939838:d=2021122012:V-GWD:surface:0-4 hour ave fcst:
886:51982019:d=2021122012:VEG:surface:4 hour fcst:
887:52006663:d=2021122012:SOTYP:surface:4 hour fcst:
888:52040130:d=2021122012:WILT:surface:4 hour fcst:
889:52074817:d=2021122012:FLDCP:surface:4 hour fcst:
890:52110417:d=2021122012:SUNSD:surface:4 hour fcst:
891:52147980:d=2021122012:LFTX:surface:4 hour fcst:
892:52195909:d=2021122012:CAPE:surface:4 hour fcst:
893:52243229:d=2021122012:CIN:surface:4 hour fcst:
894:52268407:d=2021122012:PWAT:entire atmosphere (considered as a single layer):4 hour fcst:
895:52367902:d=2021122012:CWAT:entire atmosphere (considered as a single layer):4 hour fcst:
896:52449257:d=2021122012:RH:entire atmosphere (considered as a single layer):4 hour fcst:
897:52502296:d=2021122012:TOZNE:entire atmosphere (considered as a single layer):4 hour fcst:
898:52554247:d=2021122012:LCDC:low cloud layer:4 hour fcst:
899:52612462:d=2021122012:LCDC:low cloud layer:0-4 hour ave fcst:
900:52688778:d=2021122012:MCDC:middle cloud layer:4 hour fcst:
901:52732168:d=2021122012:MCDC:middle cloud layer:0-4 hour ave fcst:
902:52792371:d=2021122012:HCDC:high cloud layer:4 hour fcst:
903:52833452:d=2021122012:HCDC:high cloud layer:0-4 hour ave fcst:
904:52901876:d=2021122012:TCDC:entire atmosphere (considered as a single layer):4 hour fcst:
905:52963068:d=2021122012:TCDC:entire atmosphere (considered as a single layer):0-4 hour ave fcst:
906:53042991:d=2021122012:HGT:cloud ceiling:4 hour fcst:
907:53151441:d=2021122012:PRES:convective cloud bottom level:4 hour fcst:
908:53197840:d=2021122012:PRES:low cloud bottom level:0-4 hour ave fcst:
909:53295032:d=2021122012:PRES:middle cloud bottom level:0-4 hour ave fcst:
910:53364818:d=2021122012:PRES:high cloud bottom level:0-4 hour ave fcst:
912:53515655:d=2021122012:PRES:convective cloud top level:4 hour fcst:
913:53564218:d=2021122012:PRES:low cloud top level:0-4 hour ave fcst:
914:53662259:d=2021122012:PRES:middle cloud top level:0-4 hour ave fcst:
915:53730917:d=2021122012:PRES:high cloud top level:0-4 hour ave fcst:
916:53812399:d=2021122012:TMP:low cloud top level:0-4 hour ave fcst:
917:53884638:d=2021122012:TMP:middle cloud top level:0-4 hour ave fcst:
918:53939535:d=2021122012:TMP:high cloud top level:0-4 hour ave fcst:
919:54007021:d=2021122012:TCDC:convective cloud layer:4 hour fcst:
920:54071856:d=2021122012:TCDC:boundary layer cloud layer:0-4 hour ave fcst:
921:54136151:d=2021122012:CWORK:entire atmosphere (considered as a single layer):0-4 hour ave fcst:
922:54166306:d=2021122012:DSWRF:surface:0-4 hour ave fcst:
925:54348477:d=2021122012:DLWRF:surface:0-4 hour ave fcst:
926:54427884:d=2021122012:USWRF:surface:0-4 hour ave fcst:
927:54489377:d=2021122012:ULWRF:surface:0-4 hour ave fcst:
928:54554423:d=2021122012:USWRF:top of atmosphere:0-4 hour ave fcst:
929:54625186:d=2021122012:ULWRF:top of atmosphere:0-4 hour ave fcst:
930:54698738:d=2021122012:AOTK:entire atmosphere:4 hour fcst:aerosol=Total aerosol:aerosol_size <2e-05aerosol_wavelength >=5.45e-07,<=5.55e-07
931:54799305:d=2021122012:AOTK:entire atmosphere:4 hour fcst:aerosol=Dust dry:aerosol_size <2e-05aerosol_wavelength >=5.45e-07,<=5.55e-07
932:54853376:d=2021122012:AOTK:entire atmosphere:4 hour fcst:aerosol=Sea salt dry:aerosol_size <2e-05aerosol_wavelength >=5.45e-07,<=5.55e-07
933:54956743:d=2021122012:AOTK:entire atmosphere:4 hour fcst:aerosol=Sulphate dry:aerosol_size <2e-05aerosol_wavelength >=5.45e-07,<=5.55e-07
934:55040869:d=2021122012:AOTK:entire atmosphere:4 hour fcst:aerosol=Particulate organic matter dry:aerosol_size <2e-05aerosol_wavelength >=5.45e-07,<=5.55e-07
935:55134631:d=2021122012:AOTK:entire atmosphere:4 hour fcst:aerosol=Black carbon dry:aerosol_size <2e-05aerosol_wavelength >=5.45e-07,<=5.55e-07
936:55216478:d=2021122012:HLCY:3000-0 m above ground:4 hour fcst:
937:55273463:d=2021122012:HLCY:1000-0 m above ground:4 hour fcst:
938:55324758:d=2021122012:USTM:6000-0 m above ground:4 hour fcst:
939:55406592:d=2021122012:VSTM:6000-0 m above ground:4 hour fcst:
940:55487665:d=2021122012:PRES:tropopause:4 hour fcst:
941:55602105:d=2021122012:ICAHT:tropopause:4 hour fcst:
942:55711448:d=2021122012:HGT:tropopause:4 hour fcst:
943:55820241:d=2021122012:TMP:tropopause:4 hour fcst:
944:55902479:d=2021122012:UGRD:tropopause:4 hour fcst:
945:55962853:d=2021122012:VGRD:tropopause:4 hour fcst:
946:56021544:d=2021122012:VWSH:tropopause:4 hour fcst:
947:56096362:d=2021122012:PRES:max wind:4 hour fcst:
948:56228542:d=2021122012:ICAHT:max wind:4 hour fcst:
949:56363374:d=2021122012:HGT:max wind:4 hour fcst:
950:56498761:d=2021122012:UGRD:max wind:4 hour fcst:
951:56560003:d=2021122012:VGRD:max wind:4 hour fcst:
952:56625446:d=2021122012:TMP:max wind:4 hour fcst:
953:56727133:d=2021122012:UGRD:20 m above ground:4 hour fcst:
954:56801587:d=2021122012:VGRD:20 m above ground:4 hour fcst:
955:56876108:d=2021122012:UGRD:30 m above ground:4 hour fcst:
956:56951377:d=2021122012:VGRD:30 m above ground:4 hour fcst:
957:57026713:d=2021122012:UGRD:40 m above ground:4 hour fcst:
958:57102363:d=2021122012:VGRD:40 m above ground:4 hour fcst:
959:57178101:d=2021122012:UGRD:50 m above ground:4 hour fcst:
960:57254087:d=2021122012:VGRD:50 m above ground:4 hour fcst:
961:57330093:d=2021122012:TMP:80 m above ground:4 hour fcst:
962:57403423:d=2021122012:SPFH:80 m above ground:4 hour fcst:
963:57510146:d=2021122012:PRES:80 m above ground:4 hour fcst:
964:57597126:d=2021122012:UGRD:80 m above ground:4 hour fcst:
965:57673677:d=2021122012:VGRD:80 m above ground:4 hour fcst:
966:57750302:d=2021122012:TMP:100 m above ground:4 hour fcst:
967:57823459:d=2021122012:UGRD:100 m above ground:4 hour fcst:
968:57900231:d=2021122012:VGRD:100 m above ground:4 hour fcst:
981:58871650:d=2021122012:TMP:1829 m above mean sea level:4 hour fcst:
982:58948753:d=2021122012:UGRD:1829 m above mean sea level:4 hour fcst:
983:59030504:d=2021122012:VGRD:1829 m above mean sea level:4 hour fcst:
984:59113847:d=2021122012:TMP:2743 m above mean sea level:4 hour fcst:
985:59188953:d=2021122012:UGRD:2743 m above mean sea level:4 hour fcst:
986:59271799:d=2021122012:VGRD:2743 m above mean sea level:4 hour fcst:
987:59356423:d=2021122012:TMP:3658 m above mean sea level:4 hour fcst:
988:59431972:d=2021122012:UGRD:3658 m above mean sea level:4 hour fcst:
989:59515692:d=2021122012:VGRD:3658 m above mean sea level:4 hour fcst:
993:59847886:d=2021122012:HGT:0C isotherm:4 hour fcst:
994:59925612:d=2021122012:RH:0C isotherm:4 hour fcst:
995:59995669:d=2021122012:HGT:highest tropospheric freezing level:4 hour fcst:
996:60073838:d=2021122012:RH:highest tropospheric freezing level:4 hour fcst:
997:60144012:d=2021122012:TMP:30-0 mb above ground:4 hour fcst:
998:60217183:d=2021122012:RH:30-0 mb above ground:4 hour fcst:
1000:60357525:d=2021122012:SPFH:30-0 mb above ground:4 hour fcst:
1001:60464292:d=2021122012:UGRD:30-0 mb above ground:4 hour fcst:
1002:60540875:d=2021122012:VGRD:30-0 mb above ground:4 hour fcst:
1030:62818140:d=2021122012:4LFTX:surface:4 hour fcst:
1031:62865591:d=2021122012:CAPE:180-0 mb above ground:4 hour fcst:
1032:62908724:d=2021122012:CIN:180-0 mb above ground:4 hour fcst:
1033:62953369:d=2021122012:HPBL:surface:4 hour fcst:
1034:63068243:d=2021122012:RH:0.33-1 sigma layer:4 hour fcst:
1035:63133806:d=2021122012:RH:0.44-1 sigma layer:4 hour fcst:
1036:63198238:d=2021122012:RH:0.72-0.94 sigma layer:4 hour fcst:
1037:63266026:d=2021122012:RH:0.44-0.72 sigma layer:4 hour fcst:
1038:63333994:d=2021122012:TMP:0.995 sigma level:4 hour fcst:
1039:63407545:d=2021122012:POT:0.995 sigma level:4 hour fcst:
1040:63480644:d=2021122012:RH:0.995 sigma level:4 hour fcst:
1041:63544753:d=2021122012:UGRD:0.995 sigma level:4 hour fcst:
1042:63621140:d=2021122012:VGRD:0.995 sigma level:4 hour fcst:
1043:63697331:d=2021122012:VVEL:0.995 sigma level:4 hour fcst:
1044:63778591:d=2021122012:CAPE:90-0 mb above ground:4 hour fcst:
1045:63818291:d=2021122012:CIN:90-0 mb above ground:4 hour fcst:
1046:63846275:d=2021122012:CAPE:255-0 mb above ground:4 hour fcst:
1047:63887592:d=2021122012:CIN:255-0 mb above ground:4 hour fcst:
1048:63911545:d=2021122012:PLPL:255-0 mb above ground:4 hour fcst:
1049:63993890:d=2021122012:LAND:surface:4 hour fcst:
1050:63998315:d=2021122012:ICEC:surface:4 hour fcst:
1051:64008767:d=2021122012:ALBDO:surface:0-4 hour ave fcst:
1052:64066387:d=2021122012:ICETMP:surface:4 hour fcst:
1094:66454670:d=2021122012:UGRD:PV=2e-06 (Km^2/kg/s) surface:4 hour fcst:
1095:66497676:d=2021122012:VGRD:PV=2e-06 (Km^2/kg/s) surface:4 hour fcst:
1096:66539926:d=2021122012:TMP:PV=2e-06 (Km^2/kg/s) surface:4 hour fcst:
1097:66597720:d=2021122012:HGT:PV=2e-06 (Km^2/kg/s) surface:4 hour fcst:
1098:66668387:d=2021122012:PRES:PV=2e-06 (Km^2/kg/s) surface:4 hour fcst:
1099:66737661:d=2021122012:VWSH:PV=2e-06 (Km^2/kg/s) surface:4 hour fcst:
1100:66787630:d=2021122012:UGRD:PV=-2e-06 (Km^2/kg/s) surface:4 hour fcst:
1101:66831781:d=2021122012:VGRD:PV=-2e-06 (Km^2/kg/s) surface:4 hour fcst:
1102:66874943:d=2021122012:TMP:PV=-2e-06 (Km^2/kg/s) surface:4 hour fcst:
1103:66934154:d=2021122012:HGT:PV=-2e-06 (Km^2/kg/s) surface:4 hour fcst:
1104:67005860:d=2021122012:PRES:PV=-2e-06 (Km^2/kg/s) surface:4 hour fcst:
1105:67080995:d=2021122012:VWSH:PV=-2e-06 (Km^2/kg/s) surface:4 hour fcst:
+ exglobal_atmos_products.sh[64]true
+ exglobal_atmos_products.sh[65]export err=0
+ exglobal_atmos_products.sh[65]err=0
+ exglobal_atmos_products.sh[66][[ 0 -ne 0 ]]
+ exglobal_atmos_products.sh[71]nproc=24
++ exglobal_atmos_products.sh[73]/glade/work/epicufsrt/contrib/spack-stack/derecho/spack-stack-1.9.2/envs/ue-oneapi-2024.2.1/install/oneapi/2024.2.1/wgrib2-3.6.0-4wdrbtc/bin/wgrib2 tmpfilea_f004
++ exglobal_atmos_products.sh[73]wc -l
+ exglobal_atmos_products.sh[73]ncount=753
+ exglobal_atmos_products.sh[74][[ 24 -gt 753 ]]
+ exglobal_atmos_products.sh[79]inv=31
+ exglobal_atmos_products.sh[80]rm -f /lustre/desc1/scratch/epicufsrt/stmp/RUNDIRS/C96C48_hybatmsnowDA_a75a926a-17653/gdas.2021122012/atmos_products_f004.130144/cmdfile
+ exglobal_atmos_products.sh[82]last=0
+ exglobal_atmos_products.sh[117](( iproc = 1 ))
+ exglobal_atmos_products.sh[117](( iproc <= nproc ))
+ exglobal_atmos_products.sh[84]first=1
+ exglobal_atmos_products.sh[85]last=31
+ exglobal_atmos_products.sh[86][[ 31 -gt 753 ]]
+ exglobal_atmos_products.sh[93]source /glade/derecho/scratch/epicufsrt/GFS_CI_CD/DERECHO/Gitlab/BUILD/pr_cases_4919_a75a926a_17653/global-workflow/ush/unset_strict.sh
++ unset_strict.sh[8]set +eu
++ unset_strict.sh[9]set +o pipefail
+ exglobal_atmos_products.sh[94]/glade/work/epicufsrt/contrib/spack-stack/derecho/spack-stack-1.9.2/envs/ue-oneapi-2024.2.1/install/oneapi/2024.2.1/wgrib2-3.6.0-4wdrbtc/bin/wgrib2 -d 31 tmpfilea_f004
+ exglobal_atmos_products.sh[94]grep -E -i 'ugrd|ustm|uflx|u-gwd|land|maxuw'
31:1627399:d=2021122012:UGRD:0.02 mb:4 hour fcst:
+ exglobal_atmos_products.sh[95]rc=0
+ exglobal_atmos_products.sh[96]source /glade/derecho/scratch/epicufsrt/GFS_CI_CD/DERECHO/Gitlab/BUILD/pr_cases_4919_a75a926a_17653/global-workflow/ush/set_strict.sh
++ set_strict.sh[13][[ YES == \Y\E\S ]]
++ set_strict.sh[15]set -eu
++ set_strict.sh[17]set -o pipefail
+ exglobal_atmos_products.sh[97][[ 0 == 0 ]]
+ exglobal_atmos_products.sh[98]last=32
+ exglobal_atmos_products.sh[100][[ 1 -eq 24 ]]
+ exglobal_atmos_products.sh[100][[ 32 -gt 753 ]]
+ exglobal_atmos_products.sh[105]/glade/work/epicufsrt/contrib/spack-stack/derecho/spack-stack-1.9.2/envs/ue-oneapi-2024.2.1/install/oneapi/2024.2.1/wgrib2-3.6.0-4wdrbtc/bin/wgrib2 tmpfilea_f004 -for 1:32 -grib tmpfilea_f004_1
1:0:d=2021122012:PRMSL:mean sea level:4 hour fcst:
2:90526:d=2021122012:CLMR:1 hybrid level:4 hour fcst:
3:107491:d=2021122012:ICMR:1 hybrid level:4 hour fcst:
4:126328:d=2021122012:RWMR:1 hybrid level:4 hour fcst:
5:155611:d=2021122012:SNMR:1 hybrid level:4 hour fcst:
6:183271:d=2021122012:GRLE:1 hybrid level:4 hour fcst:
7:189224:d=2021122012:REFD:1 hybrid level:4 hour fcst:
8:198619:d=2021122012:REFD:2 hybrid level:4 hour fcst:
9:208014:d=2021122012:REFC:entire atmosphere (considered as a single layer):4 hour fcst:
10:217409:d=2021122012:VIS:surface:4 hour fcst:
11:338402:d=2021122012:UGRD:planetary boundary layer:4 hour fcst:
12:387334:d=2021122012:VGRD:planetary boundary layer:4 hour fcst:
13:436380:d=2021122012:VRATE:planetary boundary layer:4 hour fcst:
14:486992:d=2021122012:GUST:surface:4 hour fcst:
15:537470:d=2021122012:HGT:0.01 mb:4 hour fcst:
16:617161:d=2021122012:TMP:0.01 mb:4 hour fcst:
17:663683:d=2021122012:RH:0.01 mb:4 hour fcst:
18:689901:d=2021122012:SPFH:0.01 mb:4 hour fcst:
19:746543:d=2021122012:VVEL:0.01 mb:4 hour fcst:
20:839824:d=2021122012:DZDT:0.01 mb:4 hour fcst:
21:940359:d=2021122012:UGRD:0.01 mb:4 hour fcst:
22:992131:d=2021122012:VGRD:0.01 mb:4 hour fcst:
23:1037120:d=2021122012:ABSV:0.01 mb:4 hour fcst:
24:1109302:d=2021122012:O3MR:0.01 mb:4 hour fcst:
25:1171073:d=2021122012:HGT:0.02 mb:4 hour fcst:
26:1249901:d=2021122012:TMP:0.02 mb:4 hour fcst:
27:1315390:d=2021122012:RH:0.02 mb:4 hour fcst:
28:1348036:d=2021122012:SPFH:0.02 mb:4 hour fcst:
29:1405189:d=2021122012:VVEL:0.02 mb:4 hour fcst:
30:1517651:d=2021122012:DZDT:0.02 mb:4 hour fcst:
31:1627399:d=2021122012:UGRD:0.02 mb:4 hour fcst:
32:1683305:d=2021122012:VGRD:0.02 mb:4 hour fcst:
+ exglobal_atmos_products.sh[105]true
+ exglobal_atmos_products.sh[106]export err=0
+ exglobal_atmos_products.sh[106]err=0
+ exglobal_atmos_products.sh[107][[ 0 -ne 0 ]]
+ exglobal_atmos_products.sh[110]input_file=tmpfilea_f004_1
+ exglobal_atmos_products.sh[111]output_file_prefix=pgb2afile_f004_1
+ exglobal_atmos_products.sh[112]echo '/glade/derecho/scratch/epicufsrt/GFS_CI_CD/DERECHO/Gitlab/BUILD/pr_cases_4919_a75a926a_17653/global-workflow/ush/interp_atmos_master.sh tmpfilea_f004_1 pgb2afile_f004_1 0p25:0p50:1p00'
+ exglobal_atmos_products.sh[116][[ 32 -eq 753 ]]
+ exglobal_atmos_products.sh[117](( iproc++ ))
+ exglobal_atmos_products.sh[117](( iproc <= nproc ))
+ exglobal_atmos_products.sh[84]first=33
+ exglobal_atmos_products.sh[85]last=63
+ exglobal_atmos_products.sh[86][[ 63 -gt 753 ]]
+ exglobal_atmos_products.sh[93]source /glade/derecho/scratch/epicufsrt/GFS_CI_CD/DERECHO/Gitlab/BUILD/pr_cases_4919_a75a926a_17653/global-workflow/ush/unset_strict.sh
++ unset_strict.sh[8]set +eu
++ unset_strict.sh[9]set +o pipefail
+ exglobal_atmos_products.sh[94]grep -E -i 'ugrd|ustm|uflx|u-gwd|land|maxuw'
+ exglobal_atmos_products.sh[94]/glade/work/epicufsrt/contrib/spack-stack/derecho/spack-stack-1.9.2/envs/ue-oneapi-2024.2.1/install/oneapi/2024.2.1/wgrib2-3.6.0-4wdrbtc/bin/wgrib2 -d 63 tmpfilea_f004
+ exglobal_atmos_products.sh[95]rc=1
+ exglobal_atmos_products.sh[96]source /glade/derecho/scratch/epicufsrt/GFS_CI_CD/DERECHO/Gitlab/BUILD/pr_cases_4919_a75a926a_17653/global-workflow/ush/set_strict.sh
++ set_strict.sh[13][[ YES == \Y\E\S ]]
++ set_strict.sh[15]set -eu
++ set_strict.sh[17]set -o pipefail
+ exglobal_atmos_products.sh[97][[ 1 == 0 ]]
+ exglobal_atmos_products.sh[100][[ 2 -eq 24 ]]
+ exglobal_atmos_products.sh[100][[ 63 -gt 753 ]]
+ exglobal_atmos_products.sh[105]/glade/work/epicufsrt/contrib/spack-stack/derecho/spack-stack-1.9.2/envs/ue-oneapi-2024.2.1/install/oneapi/2024.2.1/wgrib2-3.6.0-4wdrbtc/bin/wgrib2 tmpfilea_f004 -for 33:63 -grib tmpfilea_f004_2
33:1731948:d=2021122012:ABSV:0.02 mb:4 hour fcst:
34:1809337:d=2021122012:O3MR:0.02 mb:4 hour fcst:
35:1881668:d=2021122012:HGT:0.04 mb:4 hour fcst:
36:1955344:d=2021122012:TMP:0.04 mb:4 hour fcst:
37:2027131:d=2021122012:RH:0.04 mb:4 hour fcst:
38:2041821:d=2021122012:SPFH:0.04 mb:4 hour fcst:
39:2095953:d=2021122012:VVEL:0.04 mb:4 hour fcst:
40:2190202:d=2021122012:DZDT:0.04 mb:4 hour fcst:
41:2300392:d=2021122012:UGRD:0.04 mb:4 hour fcst:
42:2352815:d=2021122012:VGRD:0.04 mb:4 hour fcst:
43:2399797:d=2021122012:ABSV:0.04 mb:4 hour fcst:
44:2478417:d=2021122012:O3MR:0.04 mb:4 hour fcst:
45:2552859:d=2021122012:HGT:0.07 mb:4 hour fcst:
46:2624519:d=2021122012:TMP:0.07 mb:4 hour fcst:
47:2694179:d=2021122012:RH:0.07 mb:4 hour fcst:
48:2704366:d=2021122012:SPFH:0.07 mb:4 hour fcst:
49:2762754:d=2021122012:VVEL:0.07 mb:4 hour fcst:
50:2861764:d=2021122012:DZDT:0.07 mb:4 hour fcst:
51:2974380:d=2021122012:UGRD:0.07 mb:4 hour fcst:
52:3026815:d=2021122012:VGRD:0.07 mb:4 hour fcst:
53:3073199:d=2021122012:ABSV:0.07 mb:4 hour fcst:
54:3119809:d=2021122012:O3MR:0.07 mb:4 hour fcst:
55:3178076:d=2021122012:HGT:0.1 mb:4 hour fcst:
56:3248896:d=2021122012:TMP:0.1 mb:4 hour fcst:
57:3316288:d=2021122012:RH:0.1 mb:4 hour fcst:
58:3335765:d=2021122012:SPFH:0.1 mb:4 hour fcst:
59:3399264:d=2021122012:VVEL:0.1 mb:4 hour fcst:
60:3501558:d=2021122012:DZDT:0.1 mb:4 hour fcst:
61:3616089:d=2021122012:UGRD:0.1 mb:4 hour fcst:
62:3666956:d=2021122012:VGRD:0.1 mb:4 hour fcst:
63:3712225:d=2021122012:ABSV:0.1 mb:4 hour fcst:
+ exglobal_atmos_products.sh[105]true
+ exglobal_atmos_products.sh[106]export err=0
+ exglobal_atmos_products.sh[106]err=0
+ exglobal_atmos_products.sh[107][[ 0 -ne 0 ]]
+ exglobal_atmos_products.sh[110]input_file=tmpfilea_f004_2
+ exglobal_atmos_products.sh[111]output_file_prefix=pgb2afile_f004_2
+ exglobal_atmos_products.sh[112]echo '/glade/derecho/scratch/epicufsrt/GFS_CI_CD/DERECHO/Gitlab/BUILD/pr_cases_4919_a75a926a_17653/global-workflow/ush/interp_atmos_master.sh tmpfilea_f004_2 pgb2afile_f004_2 0p25:0p50:1p00'
+ exglobal_atmos_products.sh[116][[ 63 -eq 753 ]]
+ exglobal_atmos_products.sh[117](( iproc++ ))
+ exglobal_atmos_products.sh[117](( iproc <= nproc ))
+ exglobal_atmos_products.sh[84]first=64
+ exglobal_atmos_products.sh[85]last=94
+ exglobal_atmos_products.sh[86][[ 94 -gt 753 ]]
+ exglobal_atmos_products.sh[93]source /glade/derecho/scratch/epicufsrt/GFS_CI_CD/DERECHO/Gitlab/BUILD/pr_cases_4919_a75a926a_17653/global-workflow/ush/unset_strict.sh
++ unset_strict.sh[8]set +eu
++ unset_strict.sh[9]set +o pipefail
+ exglobal_atmos_products.sh[94]/glade/work/epicufsrt/contrib/spack-stack/derecho/spack-stack-1.9.2/envs/ue-oneapi-2024.2.1/install/oneapi/2024.2.1/wgrib2-3.6.0-4wdrbtc/bin/wgrib2 -d 94 tmpfilea_f004
+ exglobal_atmos_products.sh[94]grep -E -i 'ugrd|ustm|uflx|u-gwd|land|maxuw'
+ exglobal_atmos_products.sh[95]rc=1
+ exglobal_atmos_products.sh[96]source /glade/derecho/scratch/epicufsrt/GFS_CI_CD/DERECHO/Gitlab/BUILD/pr_cases_4919_a75a926a_17653/global-workflow/ush/set_strict.sh
++ set_strict.sh[13][[ YES == \Y\E\S ]]
++ set_strict.sh[15]set -eu
++ set_strict.sh[17]set -o pipefail
+ exglobal_atmos_products.sh[97][[ 1 == 0 ]]
+ exglobal_atmos_products.sh[100][[ 3 -eq 24 ]]
+ exglobal_atmos_products.sh[100][[ 94 -gt 753 ]]
+ exglobal_atmos_products.sh[105]/glade/work/epicufsrt/contrib/spack-stack/derecho/spack-stack-1.9.2/envs/ue-oneapi-2024.2.1/install/oneapi/2024.2.1/wgrib2-3.6.0-4wdrbtc/bin/wgrib2 tmpfilea_f004 -for 64:94 -grib tmpfilea_f004_3
64:3787615:d=2021122012:O3MR:0.1 mb:4 hour fcst:
65:3857325:d=2021122012:HGT:0.2 mb:4 hour fcst:
66:3925563:d=2021122012:TMP:0.2 mb:4 hour fcst:
67:3992124:d=2021122012:RH:0.2 mb:4 hour fcst:
68:4017327:d=2021122012:SPFH:0.2 mb:4 hour fcst:
69:4084567:d=2021122012:VVEL:0.2 mb:4 hour fcst:
70:4192461:d=2021122012:DZDT:0.2 mb:4 hour fcst:
71:4290045:d=2021122012:UGRD:0.2 mb:4 hour fcst:
72:4338283:d=2021122012:VGRD:0.2 mb:4 hour fcst:
73:4381462:d=2021122012:ABSV:0.2 mb:4 hour fcst:
74:4454200:d=2021122012:O3MR:0.2 mb:4 hour fcst:
75:4532782:d=2021122012:HGT:0.4 mb:4 hour fcst:
76:4599247:d=2021122012:TMP:0.4 mb:4 hour fcst:
77:4664882:d=2021122012:RH:0.4 mb:4 hour fcst:
78:4685793:d=2021122012:SPFH:0.4 mb:4 hour fcst:
79:4756245:d=2021122012:VVEL:0.4 mb:4 hour fcst:
80:4870608:d=2021122012:DZDT:0.4 mb:4 hour fcst:
81:4981213:d=2021122012:UGRD:0.4 mb:4 hour fcst:
82:5027447:d=2021122012:VGRD:0.4 mb:4 hour fcst:
83:5068765:d=2021122012:ABSV:0.4 mb:4 hour fcst:
84:5139401:d=2021122012:O3MR:0.4 mb:4 hour fcst:
85:5221719:d=2021122012:HGT:0.7 mb:4 hour fcst:
86:5287025:d=2021122012:TMP:0.7 mb:4 hour fcst:
87:5351901:d=2021122012:RH:0.7 mb:4 hour fcst:
88:5373959:d=2021122012:SPFH:0.7 mb:4 hour fcst:
89:5441014:d=2021122012:VVEL:0.7 mb:4 hour fcst:
90:5549934:d=2021122012:DZDT:0.7 mb:4 hour fcst:
91:5653084:d=2021122012:UGRD:0.7 mb:4 hour fcst:
92:5698050:d=2021122012:VGRD:0.7 mb:4 hour fcst:
93:5737955:d=2021122012:ABSV:0.7 mb:4 hour fcst:
94:5806322:d=2021122012:O3MR:0.7 mb:4 hour fcst:
+ exglobal_atmos_products.sh[105]true
+ exglobal_atmos_products.sh[106]export err=0
+ exglobal_atmos_products.sh[106]err=0
+ exglobal_atmos_products.sh[107][[ 0 -ne 0 ]]
+ exglobal_atmos_products.sh[110]input_file=tmpfilea_f004_3
+ exglobal_atmos_products.sh[111]output_file_prefix=pgb2afile_f004_3
+ exglobal_atmos_products.sh[112]echo '/glade/derecho/scratch/epicufsrt/GFS_CI_CD/DERECHO/Gitlab/BUILD/pr_cases_4919_a75a926a_17653/global-workflow/ush/interp_atmos_master.sh tmpfilea_f004_3 pgb2afile_f004_3 0p25:0p50:1p00'
+ exglobal_atmos_products.sh[116][[ 94 -eq 753 ]]
+ exglobal_atmos_products.sh[117](( iproc++ ))
+ exglobal_atmos_products.sh[117](( iproc <= nproc ))
+ exglobal_atmos_products.sh[84]first=95
+ exglobal_atmos_products.sh[85]last=125
+ exglobal_atmos_products.sh[86][[ 125 -gt 753 ]]
+ exglobal_atmos_products.sh[93]source /glade/derecho/scratch/epicufsrt/GFS_CI_CD/DERECHO/Gitlab/BUILD/pr_cases_4919_a75a926a_17653/global-workflow/ush/unset_strict.sh
++ unset_strict.sh[8]set +eu
++ unset_strict.sh[9]set +o pipefail
+ exglobal_atmos_products.sh[94]/glade/work/epicufsrt/contrib/spack-stack/derecho/spack-stack-1.9.2/envs/ue-oneapi-2024.2.1/install/oneapi/2024.2.1/wgrib2-3.6.0-4wdrbtc/bin/wgrib2 -d 125 tmpfilea_f004
+ exglobal_atmos_products.sh[94]grep -E -i 'ugrd|ustm|uflx|u-gwd|land|maxuw'
+ exglobal_atmos_products.sh[95]rc=1
+ exglobal_atmos_products.sh[96]source /glade/derecho/scratch/epicufsrt/GFS_CI_CD/DERECHO/Gitlab/BUILD/pr_cases_4919_a75a926a_17653/global-workflow/ush/set_strict.sh
++ set_strict.sh[13][[ YES == \Y\E\S ]]
++ set_strict.sh[15]set -eu
++ set_strict.sh[17]set -o pipefail
+ exglobal_atmos_products.sh[97][[ 1 == 0 ]]
+ exglobal_atmos_products.sh[100][[ 4 -eq 24 ]]
+ exglobal_atmos_products.sh[100][[ 125 -gt 753 ]]
+ exglobal_atmos_products.sh[105]/glade/work/epicufsrt/contrib/spack-stack/derecho/spack-stack-1.9.2/envs/ue-oneapi-2024.2.1/install/oneapi/2024.2.1/wgrib2-3.6.0-4wdrbtc/bin/wgrib2 tmpfilea_f004 -for 95:125 -grib tmpfilea_f004_4
95:5892852:d=2021122012:HGT:1 mb:4 hour fcst:
96:5957131:d=2021122012:TMP:1 mb:4 hour fcst:
97:6021715:d=2021122012:RH:1 mb:4 hour fcst:
98:6033429:d=2021122012:SPFH:1 mb:4 hour fcst:
99:6100282:d=2021122012:VVEL:1 mb:4 hour fcst:
100:6190278:d=2021122012:DZDT:1 mb:4 hour fcst:
101:6309843:d=2021122012:UGRD:1 mb:4 hour fcst:
102:6353819:d=2021122012:VGRD:1 mb:4 hour fcst:
103:6393002:d=2021122012:ABSV:1 mb:4 hour fcst:
104:6460639:d=2021122012:O3MR:1 mb:4 hour fcst:
105:6550261:d=2021122012:HGT:2 mb:4 hour fcst:
106:6611297:d=2021122012:TMP:2 mb:4 hour fcst:
107:6676714:d=2021122012:RH:2 mb:4 hour fcst:
108:6696484:d=2021122012:SPFH:2 mb:4 hour fcst:
109:6763235:d=2021122012:VVEL:2 mb:4 hour fcst:
110:6859585:d=2021122012:DZDT:2 mb:4 hour fcst:
111:6968969:d=2021122012:UGRD:2 mb:4 hour fcst:
112:7012660:d=2021122012:VGRD:2 mb:4 hour fcst:
113:7050520:d=2021122012:ABSV:2 mb:4 hour fcst:
114:7119414:d=2021122012:O3MR:2 mb:4 hour fcst:
115:7202078:d=2021122012:HGT:3 mb:4 hour fcst:
116:7260929:d=2021122012:TMP:3 mb:4 hour fcst:
117:7325697:d=2021122012:RH:3 mb:4 hour fcst:
118:7337834:d=2021122012:SPFH:3 mb:4 hour fcst:
119:7410952:d=2021122012:VVEL:3 mb:4 hour fcst:
120:7510458:d=2021122012:DZDT:3 mb:4 hour fcst:
121:7627484:d=2021122012:UGRD:3 mb:4 hour fcst:
122:7669347:d=2021122012:VGRD:3 mb:4 hour fcst:
123:7706353:d=2021122012:ABSV:3 mb:4 hour fcst:
124:7775764:d=2021122012:O3MR:3 mb:4 hour fcst:
125:7865875:d=2021122012:HGT:5 mb:4 hour fcst:
+ exglobal_atmos_products.sh[105]true
+ exglobal_atmos_products.sh[106]export err=0
+ exglobal_atmos_products.sh[106]err=0
+ exglobal_atmos_products.sh[107][[ 0 -ne 0 ]]
+ exglobal_atmos_products.sh[110]input_file=tmpfilea_f004_4
+ exglobal_atmos_products.sh[111]output_file_prefix=pgb2afile_f004_4
+ exglobal_atmos_products.sh[112]echo '/glade/derecho/scratch/epicufsrt/GFS_CI_CD/DERECHO/Gitlab/BUILD/pr_cases_4919_a75a926a_17653/global-workflow/ush/interp_atmos_master.sh tmpfilea_f004_4 pgb2afile_f004_4 0p25:0p50:1p00'
+ exglobal_atmos_products.sh[116][[ 125 -eq 753 ]]
+ exglobal_atmos_products.sh[117](( iproc++ ))
+ exglobal_atmos_products.sh[117](( iproc <= nproc ))
+ exglobal_atmos_products.sh[84]first=126
+ exglobal_atmos_products.sh[85]last=156
+ exglobal_atmos_products.sh[86][[ 156 -gt 753 ]]
+ exglobal_atmos_products.sh[93]source /glade/derecho/scratch/epicufsrt/GFS_CI_CD/DERECHO/Gitlab/BUILD/pr_cases_4919_a75a926a_17653/global-workflow/ush/unset_strict.sh
++ unset_strict.sh[8]set +eu
++ unset_strict.sh[9]set +o pipefail
+ exglobal_atmos_products.sh[94]/glade/work/epicufsrt/contrib/spack-stack/derecho/spack-stack-1.9.2/envs/ue-oneapi-2024.2.1/install/oneapi/2024.2.1/wgrib2-3.6.0-4wdrbtc/bin/wgrib2 -d 156 tmpfilea_f004
+ exglobal_atmos_products.sh[94]grep -E -i 'ugrd|ustm|uflx|u-gwd|land|maxuw'
+ exglobal_atmos_products.sh[95]rc=1
+ exglobal_atmos_products.sh[96]source /glade/derecho/scratch/epicufsrt/GFS_CI_CD/DERECHO/Gitlab/BUILD/pr_cases_4919_a75a926a_17653/global-workflow/ush/set_strict.sh
++ set_strict.sh[13][[ YES == \Y\E\S ]]
++ set_strict.sh[15]set -eu
++ set_strict.sh[17]set -o pipefail
+ exglobal_atmos_products.sh[97][[ 1 == 0 ]]
+ exglobal_atmos_products.sh[100][[ 5 -eq 24 ]]
+ exglobal_atmos_products.sh[100][[ 156 -gt 753 ]]
+ exglobal_atmos_products.sh[105]/glade/work/epicufsrt/contrib/spack-stack/derecho/spack-stack-1.9.2/envs/ue-oneapi-2024.2.1/install/oneapi/2024.2.1/wgrib2-3.6.0-4wdrbtc/bin/wgrib2 tmpfilea_f004 -for 126:156 -grib tmpfilea_f004_5
126:7931509:d=2021122012:TMP:5 mb:4 hour fcst:
127:7996973:d=2021122012:RH:5 mb:4 hour fcst:
128:8005329:d=2021122012:SPFH:5 mb:4 hour fcst:
129:8068332:d=2021122012:VVEL:5 mb:4 hour fcst:
130:8173003:d=2021122012:DZDT:5 mb:4 hour fcst:
131:8287240:d=2021122012:UGRD:5 mb:4 hour fcst:
132:8330521:d=2021122012:VGRD:5 mb:4 hour fcst:
133:8369528:d=2021122012:ABSV:5 mb:4 hour fcst:
134:8441958:d=2021122012:O3MR:5 mb:4 hour fcst:
135:8525025:d=2021122012:HGT:7 mb:4 hour fcst:
136:8589528:d=2021122012:TMP:7 mb:4 hour fcst:
137:8653295:d=2021122012:RH:7 mb:4 hour fcst:
138:8666557:d=2021122012:SPFH:7 mb:4 hour fcst:
139:8717433:d=2021122012:VVEL:7 mb:4 hour fcst:
140:8824939:d=2021122012:DZDT:7 mb:4 hour fcst:
141:8936399:d=2021122012:UGRD:7 mb:4 hour fcst:
142:8978311:d=2021122012:VGRD:7 mb:4 hour fcst:
143:9017098:d=2021122012:ABSV:7 mb:4 hour fcst:
144:9090078:d=2021122012:O3MR:7 mb:4 hour fcst:
145:9174789:d=2021122012:HGT:10 mb:4 hour fcst:
146:9238217:d=2021122012:TMP:10 mb:4 hour fcst:
147:9301723:d=2021122012:RH:10 mb:4 hour fcst:
148:9307878:d=2021122012:SPFH:10 mb:4 hour fcst:
149:9359700:d=2021122012:VVEL:10 mb:4 hour fcst:
150:9471509:d=2021122012:DZDT:10 mb:4 hour fcst:
151:9582294:d=2021122012:UGRD:10 mb:4 hour fcst:
152:9624868:d=2021122012:VGRD:10 mb:4 hour fcst:
153:9664327:d=2021122012:ABSV:10 mb:4 hour fcst:
154:9738370:d=2021122012:O3MR:10 mb:4 hour fcst:
155:9827448:d=2021122012:HGT:15 mb:4 hour fcst:
156:9889823:d=2021122012:TMP:15 mb:4 hour fcst:
+ exglobal_atmos_products.sh[105]true
+ exglobal_atmos_products.sh[106]export err=0
+ exglobal_atmos_products.sh[106]err=0
+ exglobal_atmos_products.sh[107][[ 0 -ne 0 ]]
+ exglobal_atmos_products.sh[110]input_file=tmpfilea_f004_5
+ exglobal_atmos_products.sh[111]output_file_prefix=pgb2afile_f004_5
+ exglobal_atmos_products.sh[112]echo '/glade/derecho/scratch/epicufsrt/GFS_CI_CD/DERECHO/Gitlab/BUILD/pr_cases_4919_a75a926a_17653/global-workflow/ush/interp_atmos_master.sh tmpfilea_f004_5 pgb2afile_f004_5 0p25:0p50:1p00'
+ exglobal_atmos_products.sh[116][[ 156 -eq 753 ]]
+ exglobal_atmos_products.sh[117](( iproc++ ))
+ exglobal_atmos_products.sh[117](( iproc <= nproc ))
+ exglobal_atmos_products.sh[84]first=157
+ exglobal_atmos_products.sh[85]last=187
+ exglobal_atmos_products.sh[86][[ 187 -gt 753 ]]
+ exglobal_atmos_products.sh[93]source /glade/derecho/scratch/epicufsrt/GFS_CI_CD/DERECHO/Gitlab/BUILD/pr_cases_4919_a75a926a_17653/global-workflow/ush/unset_strict.sh
++ unset_strict.sh[8]set +eu
++ unset_strict.sh[9]set +o pipefail
+ exglobal_atmos_products.sh[94]/glade/work/epicufsrt/contrib/spack-stack/derecho/spack-stack-1.9.2/envs/ue-oneapi-2024.2.1/install/oneapi/2024.2.1/wgrib2-3.6.0-4wdrbtc/bin/wgrib2 -d 187 tmpfilea_f004
+ exglobal_atmos_products.sh[94]grep -E -i 'ugrd|ustm|uflx|u-gwd|land|maxuw'
+ exglobal_atmos_products.sh[95]rc=1
+ exglobal_atmos_products.sh[96]source /glade/derecho/scratch/epicufsrt/GFS_CI_CD/DERECHO/Gitlab/BUILD/pr_cases_4919_a75a926a_17653/global-workflow/ush/set_strict.sh
++ set_strict.sh[13][[ YES == \Y\E\S ]]
++ set_strict.sh[15]set -eu
++ set_strict.sh[17]set -o pipefail
+ exglobal_atmos_products.sh[97][[ 1 == 0 ]]
+ exglobal_atmos_products.sh[100][[ 6 -eq 24 ]]
+ exglobal_atmos_products.sh[100][[ 187 -gt 753 ]]
+ exglobal_atmos_products.sh[105]/glade/work/epicufsrt/contrib/spack-stack/derecho/spack-stack-1.9.2/envs/ue-oneapi-2024.2.1/install/oneapi/2024.2.1/wgrib2-3.6.0-4wdrbtc/bin/wgrib2 tmpfilea_f004 -for 157:187 -grib tmpfilea_f004_6
157:9953370:d=2021122012:RH:15 mb:4 hour fcst:
158:9963296:d=2021122012:SPFH:15 mb:4 hour fcst:
159:10019246:d=2021122012:VVEL:15 mb:4 hour fcst:
160:10135631:d=2021122012:DZDT:15 mb:4 hour fcst:
161:10244825:d=2021122012:UGRD:15 mb:4 hour fcst:
162:10287266:d=2021122012:VGRD:15 mb:4 hour fcst:
163:10327368:d=2021122012:ABSV:15 mb:4 hour fcst:
164:10402060:d=2021122012:O3MR:15 mb:4 hour fcst:
165:10495963:d=2021122012:HGT:20 mb:4 hour fcst:
166:10557123:d=2021122012:TMP:20 mb:4 hour fcst:
167:10620028:d=2021122012:RH:20 mb:4 hour fcst:
168:10631669:d=2021122012:SPFH:20 mb:4 hour fcst:
169:10691831:d=2021122012:VVEL:20 mb:4 hour fcst:
170:10812578:d=2021122012:DZDT:20 mb:4 hour fcst:
171:10921779:d=2021122012:UGRD:20 mb:4 hour fcst:
172:10963801:d=2021122012:VGRD:20 mb:4 hour fcst:
173:11003271:d=2021122012:ABSV:20 mb:4 hour fcst:
174:11076716:d=2021122012:O3MR:20 mb:4 hour fcst:
175:11171986:d=2021122012:HGT:30 mb:4 hour fcst:
176:11241188:d=2021122012:TMP:30 mb:4 hour fcst:
177:11302023:d=2021122012:RH:30 mb:4 hour fcst:
178:11319059:d=2021122012:SPFH:30 mb:4 hour fcst:
179:11388399:d=2021122012:VVEL:30 mb:4 hour fcst:
180:11502486:d=2021122012:DZDT:30 mb:4 hour fcst:
181:11608910:d=2021122012:UGRD:30 mb:4 hour fcst:
182:11678328:d=2021122012:VGRD:30 mb:4 hour fcst:
183:11715984:d=2021122012:ABSV:30 mb:4 hour fcst:
184:11786784:d=2021122012:O3MR:30 mb:4 hour fcst:
185:11890984:d=2021122012:HGT:40 mb:4 hour fcst:
186:11959258:d=2021122012:TMP:40 mb:4 hour fcst:
187:12022747:d=2021122012:RH:40 mb:4 hour fcst:
+ exglobal_atmos_products.sh[105]true
+ exglobal_atmos_products.sh[106]export err=0
+ exglobal_atmos_products.sh[106]err=0
+ exglobal_atmos_products.sh[107][[ 0 -ne 0 ]]
+ exglobal_atmos_products.sh[110]input_file=tmpfilea_f004_6
+ exglobal_atmos_products.sh[111]output_file_prefix=pgb2afile_f004_6
+ exglobal_atmos_products.sh[112]echo '/glade/derecho/scratch/epicufsrt/GFS_CI_CD/DERECHO/Gitlab/BUILD/pr_cases_4919_a75a926a_17653/global-workflow/ush/interp_atmos_master.sh tmpfilea_f004_6 pgb2afile_f004_6 0p25:0p50:1p00'
+ exglobal_atmos_products.sh[116][[ 187 -eq 753 ]]
+ exglobal_atmos_products.sh[117](( iproc++ ))
+ exglobal_atmos_products.sh[117](( iproc <= nproc ))
+ exglobal_atmos_products.sh[84]first=188
+ exglobal_atmos_products.sh[85]last=218
+ exglobal_atmos_products.sh[86][[ 218 -gt 753 ]]
+ exglobal_atmos_products.sh[93]source /glade/derecho/scratch/epicufsrt/GFS_CI_CD/DERECHO/Gitlab/BUILD/pr_cases_4919_a75a926a_17653/global-workflow/ush/unset_strict.sh
++ unset_strict.sh[8]set +eu
++ unset_strict.sh[9]set +o pipefail
+ exglobal_atmos_products.sh[94]/glade/work/epicufsrt/contrib/spack-stack/derecho/spack-stack-1.9.2/envs/ue-oneapi-2024.2.1/install/oneapi/2024.2.1/wgrib2-3.6.0-4wdrbtc/bin/wgrib2 -d 218 tmpfilea_f004
+ exglobal_atmos_products.sh[94]grep -E -i 'ugrd|ustm|uflx|u-gwd|land|maxuw'
+ exglobal_atmos_products.sh[95]rc=1
+ exglobal_atmos_products.sh[96]source /glade/derecho/scratch/epicufsrt/GFS_CI_CD/DERECHO/Gitlab/BUILD/pr_cases_4919_a75a926a_17653/global-workflow/ush/set_strict.sh
++ set_strict.sh[13][[ YES == \Y\E\S ]]
++ set_strict.sh[15]set -eu
++ set_strict.sh[17]set -o pipefail
+ exglobal_atmos_products.sh[97][[ 1 == 0 ]]
+ exglobal_atmos_products.sh[100][[ 7 -eq 24 ]]
+ exglobal_atmos_products.sh[100][[ 218 -gt 753 ]]
+ exglobal_atmos_products.sh[105]/glade/work/epicufsrt/contrib/spack-stack/derecho/spack-stack-1.9.2/envs/ue-oneapi-2024.2.1/install/oneapi/2024.2.1/wgrib2-3.6.0-4wdrbtc/bin/wgrib2 tmpfilea_f004 -for 188:218 -grib tmpfilea_f004_7
188:12042621:d=2021122012:SPFH:40 mb:4 hour fcst:
189:12115618:d=2021122012:VVEL:40 mb:4 hour fcst:
190:12210883:d=2021122012:DZDT:40 mb:4 hour fcst:
191:12317390:d=2021122012:UGRD:40 mb:4 hour fcst:
192:12388393:d=2021122012:VGRD:40 mb:4 hour fcst:
193:12456829:d=2021122012:ABSV:40 mb:4 hour fcst:
194:12529724:d=2021122012:O3MR:40 mb:4 hour fcst:
195:12635897:d=2021122012:HGT:50 mb:4 hour fcst:
196:12703844:d=2021122012:TMP:50 mb:4 hour fcst:
197:12766670:d=2021122012:RH:50 mb:4 hour fcst:
198:12789315:d=2021122012:TCDC:50 mb:4 hour fcst:
199:12789494:d=2021122012:SPFH:50 mb:4 hour fcst:
200:12865401:d=2021122012:VVEL:50 mb:4 hour fcst:
201:12962341:d=2021122012:DZDT:50 mb:4 hour fcst:
202:13066948:d=2021122012:UGRD:50 mb:4 hour fcst:
203:13137898:d=2021122012:VGRD:50 mb:4 hour fcst:
204:13206284:d=2021122012:ABSV:50 mb:4 hour fcst:
205:13279492:d=2021122012:CLMR:50 mb:4 hour fcst:
206:13279671:d=2021122012:ICMR:50 mb:4 hour fcst:
207:13279850:d=2021122012:RWMR:50 mb:4 hour fcst:
208:13280029:d=2021122012:SNMR:50 mb:4 hour fcst:
209:13280208:d=2021122012:GRLE:50 mb:4 hour fcst:
210:13280387:d=2021122012:O3MR:50 mb:4 hour fcst:
211:13384495:d=2021122012:HGT:70 mb:4 hour fcst:
212:13452356:d=2021122012:TMP:70 mb:4 hour fcst:
213:13517218:d=2021122012:RH:70 mb:4 hour fcst:
214:13550056:d=2021122012:SPFH:70 mb:4 hour fcst:
215:13632024:d=2021122012:VVEL:70 mb:4 hour fcst:
216:13732794:d=2021122012:DZDT:70 mb:4 hour fcst:
217:13836884:d=2021122012:UGRD:70 mb:4 hour fcst:
218:13909040:d=2021122012:VGRD:70 mb:4 hour fcst:
+ exglobal_atmos_products.sh[105]true
+ exglobal_atmos_products.sh[106]export err=0
+ exglobal_atmos_products.sh[106]err=0
+ exglobal_atmos_products.sh[107][[ 0 -ne 0 ]]
+ exglobal_atmos_products.sh[110]input_file=tmpfilea_f004_7
+ exglobal_atmos_products.sh[111]output_file_prefix=pgb2afile_f004_7
+ exglobal_atmos_products.sh[112]echo '/glade/derecho/scratch/epicufsrt/GFS_CI_CD/DERECHO/Gitlab/BUILD/pr_cases_4919_a75a926a_17653/global-workflow/ush/interp_atmos_master.sh tmpfilea_f004_7 pgb2afile_f004_7 0p25:0p50:1p00'
+ exglobal_atmos_products.sh[116][[ 218 -eq 753 ]]
+ exglobal_atmos_products.sh[117](( iproc++ ))
+ exglobal_atmos_products.sh[117](( iproc <= nproc ))
+ exglobal_atmos_products.sh[84]first=219
+ exglobal_atmos_products.sh[85]last=249
+ exglobal_atmos_products.sh[86][[ 249 -gt 753 ]]
+ exglobal_atmos_products.sh[93]source /glade/derecho/scratch/epicufsrt/GFS_CI_CD/DERECHO/Gitlab/BUILD/pr_cases_4919_a75a926a_17653/global-workflow/ush/unset_strict.sh
++ unset_strict.sh[8]set +eu
++ unset_strict.sh[9]set +o pipefail
+ exglobal_atmos_products.sh[94]/glade/work/epicufsrt/contrib/spack-stack/derecho/spack-stack-1.9.2/envs/ue-oneapi-2024.2.1/install/oneapi/2024.2.1/wgrib2-3.6.0-4wdrbtc/bin/wgrib2 -d 249 tmpfilea_f004
+ exglobal_atmos_products.sh[94]grep -E -i 'ugrd|ustm|uflx|u-gwd|land|maxuw'
+ exglobal_atmos_products.sh[95]rc=1
+ exglobal_atmos_products.sh[96]source /glade/derecho/scratch/epicufsrt/GFS_CI_CD/DERECHO/Gitlab/BUILD/pr_cases_4919_a75a926a_17653/global-workflow/ush/set_strict.sh
++ set_strict.sh[13][[ YES == \Y\E\S ]]
++ set_strict.sh[15]set -eu
++ set_strict.sh[17]set -o pipefail
+ exglobal_atmos_products.sh[97][[ 1 == 0 ]]
+ exglobal_atmos_products.sh[100][[ 8 -eq 24 ]]
+ exglobal_atmos_products.sh[100][[ 249 -gt 753 ]]
+ exglobal_atmos_products.sh[105]/glade/work/epicufsrt/contrib/spack-stack/derecho/spack-stack-1.9.2/envs/ue-oneapi-2024.2.1/install/oneapi/2024.2.1/wgrib2-3.6.0-4wdrbtc/bin/wgrib2 tmpfilea_f004 -for 219:249 -grib tmpfilea_f004_8
219:13980407:d=2021122012:ABSV:70 mb:4 hour fcst:
220:14056368:d=2021122012:O3MR:70 mb:4 hour fcst:
221:14158393:d=2021122012:HGT:100 mb:4 hour fcst:
222:14226675:d=2021122012:TMP:100 mb:4 hour fcst:
223:14291212:d=2021122012:RH:100 mb:4 hour fcst:
224:14330299:d=2021122012:TCDC:100 mb:4 hour fcst:
225:14330780:d=2021122012:SPFH:100 mb:4 hour fcst:
226:14426965:d=2021122012:VVEL:100 mb:4 hour fcst:
227:14525908:d=2021122012:DZDT:100 mb:4 hour fcst:
228:14632464:d=2021122012:UGRD:100 mb:4 hour fcst:
229:14677936:d=2021122012:VGRD:100 mb:4 hour fcst:
230:14751747:d=2021122012:ABSV:100 mb:4 hour fcst:
231:14831046:d=2021122012:CLMR:100 mb:4 hour fcst:
232:14831225:d=2021122012:ICMR:100 mb:4 hour fcst:
233:14833211:d=2021122012:RWMR:100 mb:4 hour fcst:
234:14833390:d=2021122012:SNMR:100 mb:4 hour fcst:
235:14836464:d=2021122012:GRLE:100 mb:4 hour fcst:
236:14837206:d=2021122012:O3MR:100 mb:4 hour fcst:
237:14931360:d=2021122012:HGT:150 mb:4 hour fcst:
238:15000302:d=2021122012:TMP:150 mb:4 hour fcst:
239:15063250:d=2021122012:RH:150 mb:4 hour fcst:
240:15106241:d=2021122012:TCDC:150 mb:4 hour fcst:
241:15115342:d=2021122012:SPFH:150 mb:4 hour fcst:
242:15215203:d=2021122012:VVEL:150 mb:4 hour fcst:
243:15298188:d=2021122012:DZDT:150 mb:4 hour fcst:
244:15406155:d=2021122012:UGRD:150 mb:4 hour fcst:
245:15452060:d=2021122012:VGRD:150 mb:4 hour fcst:
246:15526713:d=2021122012:ABSV:150 mb:4 hour fcst:
247:15605934:d=2021122012:CLMR:150 mb:4 hour fcst:
248:15606113:d=2021122012:ICMR:150 mb:4 hour fcst:
249:15617356:d=2021122012:RWMR:150 mb:4 hour fcst:
+ exglobal_atmos_products.sh[105]true
+ exglobal_atmos_products.sh[106]export err=0
+ exglobal_atmos_products.sh[106]err=0
+ exglobal_atmos_products.sh[107][[ 0 -ne 0 ]]
+ exglobal_atmos_products.sh[110]input_file=tmpfilea_f004_8
+ exglobal_atmos_products.sh[111]output_file_prefix=pgb2afile_f004_8
+ exglobal_atmos_products.sh[112]echo '/glade/derecho/scratch/epicufsrt/GFS_CI_CD/DERECHO/Gitlab/BUILD/pr_cases_4919_a75a926a_17653/global-workflow/ush/interp_atmos_master.sh tmpfilea_f004_8 pgb2afile_f004_8 0p25:0p50:1p00'
+ exglobal_atmos_products.sh[116][[ 249 -eq 753 ]]
+ exglobal_atmos_products.sh[117](( iproc++ ))
+ exglobal_atmos_products.sh[117](( iproc <= nproc ))
+ exglobal_atmos_products.sh[84]first=250
+ exglobal_atmos_products.sh[85]last=280
+ exglobal_atmos_products.sh[86][[ 280 -gt 753 ]]
+ exglobal_atmos_products.sh[93]source /glade/derecho/scratch/epicufsrt/GFS_CI_CD/DERECHO/Gitlab/BUILD/pr_cases_4919_a75a926a_17653/global-workflow/ush/unset_strict.sh
++ unset_strict.sh[8]set +eu
++ unset_strict.sh[9]set +o pipefail
+ exglobal_atmos_products.sh[94]/glade/work/epicufsrt/contrib/spack-stack/derecho/spack-stack-1.9.2/envs/ue-oneapi-2024.2.1/install/oneapi/2024.2.1/wgrib2-3.6.0-4wdrbtc/bin/wgrib2 -d 280 tmpfilea_f004
+ exglobal_atmos_products.sh[94]grep -E -i 'ugrd|ustm|uflx|u-gwd|land|maxuw'
+ exglobal_atmos_products.sh[95]rc=1
+ exglobal_atmos_products.sh[96]source /glade/derecho/scratch/epicufsrt/GFS_CI_CD/DERECHO/Gitlab/BUILD/pr_cases_4919_a75a926a_17653/global-workflow/ush/set_strict.sh
++ set_strict.sh[13][[ YES == \Y\E\S ]]
++ set_strict.sh[15]set -eu
++ set_strict.sh[17]set -o pipefail
+ exglobal_atmos_products.sh[97][[ 1 == 0 ]]
+ exglobal_atmos_products.sh[100][[ 9 -eq 24 ]]
+ exglobal_atmos_products.sh[100][[ 280 -gt 753 ]]
+ exglobal_atmos_products.sh[105]/glade/work/epicufsrt/contrib/spack-stack/derecho/spack-stack-1.9.2/envs/ue-oneapi-2024.2.1/install/oneapi/2024.2.1/wgrib2-3.6.0-4wdrbtc/bin/wgrib2 tmpfilea_f004 -for 250:280 -grib tmpfilea_f004_9
250:15617535:d=2021122012:SNMR:150 mb:4 hour fcst:
251:15619483:d=2021122012:GRLE:150 mb:4 hour fcst:
252:15621866:d=2021122012:O3MR:150 mb:4 hour fcst:
253:15704448:d=2021122012:HGT:200 mb:4 hour fcst:
254:15775428:d=2021122012:TMP:200 mb:4 hour fcst:
255:15839755:d=2021122012:RH:200 mb:4 hour fcst:
256:15895251:d=2021122012:TCDC:200 mb:4 hour fcst:
257:15915199:d=2021122012:SPFH:200 mb:4 hour fcst:
258:16011552:d=2021122012:VVEL:200 mb:4 hour fcst:
259:16099424:d=2021122012:DZDT:200 mb:4 hour fcst:
260:16198822:d=2021122012:UGRD:200 mb:4 hour fcst:
261:16245886:d=2021122012:VGRD:200 mb:4 hour fcst:
262:16293253:d=2021122012:ABSV:200 mb:4 hour fcst:
263:16375271:d=2021122012:CLMR:200 mb:4 hour fcst:
264:16375450:d=2021122012:ICMR:200 mb:4 hour fcst:
265:16399074:d=2021122012:RWMR:200 mb:4 hour fcst:
266:16399253:d=2021122012:SNMR:200 mb:4 hour fcst:
267:16406421:d=2021122012:GRLE:200 mb:4 hour fcst:
268:16409571:d=2021122012:O3MR:200 mb:4 hour fcst:
269:16507864:d=2021122012:HGT:250 mb:4 hour fcst:
270:16580843:d=2021122012:TMP:250 mb:4 hour fcst:
271:16645275:d=2021122012:RH:250 mb:4 hour fcst:
272:16708840:d=2021122012:TCDC:250 mb:4 hour fcst:
273:16736497:d=2021122012:SPFH:250 mb:4 hour fcst:
274:16831955:d=2021122012:VVEL:250 mb:4 hour fcst:
275:16924728:d=2021122012:DZDT:250 mb:4 hour fcst:
276:17026929:d=2021122012:UGRD:250 mb:4 hour fcst:
277:17075800:d=2021122012:VGRD:250 mb:4 hour fcst:
278:17126020:d=2021122012:ABSV:250 mb:4 hour fcst:
279:17212007:d=2021122012:CLMR:250 mb:4 hour fcst:
280:17212186:d=2021122012:ICMR:250 mb:4 hour fcst:
+ exglobal_atmos_products.sh[105]true
+ exglobal_atmos_products.sh[106]export err=0
+ exglobal_atmos_products.sh[106]err=0
+ exglobal_atmos_products.sh[107][[ 0 -ne 0 ]]
+ exglobal_atmos_products.sh[110]input_file=tmpfilea_f004_9
+ exglobal_atmos_products.sh[111]output_file_prefix=pgb2afile_f004_9
+ exglobal_atmos_products.sh[112]echo '/glade/derecho/scratch/epicufsrt/GFS_CI_CD/DERECHO/Gitlab/BUILD/pr_cases_4919_a75a926a_17653/global-workflow/ush/interp_atmos_master.sh tmpfilea_f004_9 pgb2afile_f004_9 0p25:0p50:1p00'
+ exglobal_atmos_products.sh[116][[ 280 -eq 753 ]]
+ exglobal_atmos_products.sh[117](( iproc++ ))
+ exglobal_atmos_products.sh[117](( iproc <= nproc ))
+ exglobal_atmos_products.sh[84]first=281
+ exglobal_atmos_products.sh[85]last=311
+ exglobal_atmos_products.sh[86][[ 311 -gt 753 ]]
+ exglobal_atmos_products.sh[93]source /glade/derecho/scratch/epicufsrt/GFS_CI_CD/DERECHO/Gitlab/BUILD/pr_cases_4919_a75a926a_17653/global-workflow/ush/unset_strict.sh
++ unset_strict.sh[8]set +eu
++ unset_strict.sh[9]set +o pipefail
+ exglobal_atmos_products.sh[94]/glade/work/epicufsrt/contrib/spack-stack/derecho/spack-stack-1.9.2/envs/ue-oneapi-2024.2.1/install/oneapi/2024.2.1/wgrib2-3.6.0-4wdrbtc/bin/wgrib2 -d 311 tmpfilea_f004
+ exglobal_atmos_products.sh[94]grep -E -i 'ugrd|ustm|uflx|u-gwd|land|maxuw'
+ exglobal_atmos_products.sh[95]rc=1
+ exglobal_atmos_products.sh[96]source /glade/derecho/scratch/epicufsrt/GFS_CI_CD/DERECHO/Gitlab/BUILD/pr_cases_4919_a75a926a_17653/global-workflow/ush/set_strict.sh
++ set_strict.sh[13][[ YES == \Y\E\S ]]
++ set_strict.sh[15]set -eu
++ set_strict.sh[17]set -o pipefail
+ exglobal_atmos_products.sh[97][[ 1 == 0 ]]
+ exglobal_atmos_products.sh[100][[ 10 -eq 24 ]]
+ exglobal_atmos_products.sh[100][[ 311 -gt 753 ]]
+ exglobal_atmos_products.sh[105]/glade/work/epicufsrt/contrib/spack-stack/derecho/spack-stack-1.9.2/envs/ue-oneapi-2024.2.1/install/oneapi/2024.2.1/wgrib2-3.6.0-4wdrbtc/bin/wgrib2 tmpfilea_f004 -for 281:311 -grib tmpfilea_f004_10
281:17248487:d=2021122012:RWMR:250 mb:4 hour fcst:
282:17248666:d=2021122012:SNMR:250 mb:4 hour fcst:
283:17266245:d=2021122012:GRLE:250 mb:4 hour fcst:
284:17270019:d=2021122012:O3MR:250 mb:4 hour fcst:
285:17372466:d=2021122012:HGT:300 mb:4 hour fcst:
286:17446271:d=2021122012:TMP:300 mb:4 hour fcst:
287:17510731:d=2021122012:RH:300 mb:4 hour fcst:
288:17579049:d=2021122012:TCDC:300 mb:4 hour fcst:
289:17610262:d=2021122012:SPFH:300 mb:4 hour fcst:
290:17706477:d=2021122012:VVEL:300 mb:4 hour fcst:
291:17802852:d=2021122012:DZDT:300 mb:4 hour fcst:
292:17906667:d=2021122012:UGRD:300 mb:4 hour fcst:
293:17957575:d=2021122012:VGRD:300 mb:4 hour fcst:
294:18010191:d=2021122012:ABSV:300 mb:4 hour fcst:
295:18098671:d=2021122012:CLMR:300 mb:4 hour fcst:
296:18098850:d=2021122012:ICMR:300 mb:4 hour fcst:
297:18140655:d=2021122012:RWMR:300 mb:4 hour fcst:
298:18140834:d=2021122012:SNMR:300 mb:4 hour fcst:
299:18164433:d=2021122012:GRLE:300 mb:4 hour fcst:
300:18169764:d=2021122012:O3MR:300 mb:4 hour fcst:
301:18267957:d=2021122012:HGT:350 mb:4 hour fcst:
302:18341487:d=2021122012:TMP:350 mb:4 hour fcst:
303:18405404:d=2021122012:RH:350 mb:4 hour fcst:
304:18474300:d=2021122012:TCDC:350 mb:4 hour fcst:
305:18505620:d=2021122012:SPFH:350 mb:4 hour fcst:
306:18612645:d=2021122012:VVEL:350 mb:4 hour fcst:
307:18712102:d=2021122012:DZDT:350 mb:4 hour fcst:
308:18816017:d=2021122012:UGRD:350 mb:4 hour fcst:
309:18866505:d=2021122012:VGRD:350 mb:4 hour fcst:
310:18918266:d=2021122012:ABSV:350 mb:4 hour fcst:
311:19006768:d=2021122012:CLMR:350 mb:4 hour fcst:
+ exglobal_atmos_products.sh[105]true
+ exglobal_atmos_products.sh[106]export err=0
+ exglobal_atmos_products.sh[106]err=0
+ exglobal_atmos_products.sh[107][[ 0 -ne 0 ]]
+ exglobal_atmos_products.sh[110]input_file=tmpfilea_f004_10
+ exglobal_atmos_products.sh[111]output_file_prefix=pgb2afile_f004_10
+ exglobal_atmos_products.sh[112]echo '/glade/derecho/scratch/epicufsrt/GFS_CI_CD/DERECHO/Gitlab/BUILD/pr_cases_4919_a75a926a_17653/global-workflow/ush/interp_atmos_master.sh tmpfilea_f004_10 pgb2afile_f004_10 0p25:0p50:1p00'
+ exglobal_atmos_products.sh[116][[ 311 -eq 753 ]]
+ exglobal_atmos_products.sh[117](( iproc++ ))
+ exglobal_atmos_products.sh[117](( iproc <= nproc ))
+ exglobal_atmos_products.sh[84]first=312
+ exglobal_atmos_products.sh[85]last=342
+ exglobal_atmos_products.sh[86][[ 342 -gt 753 ]]
+ exglobal_atmos_products.sh[93]source /glade/derecho/scratch/epicufsrt/GFS_CI_CD/DERECHO/Gitlab/BUILD/pr_cases_4919_a75a926a_17653/global-workflow/ush/unset_strict.sh
++ unset_strict.sh[8]set +eu
++ unset_strict.sh[9]set +o pipefail
+ exglobal_atmos_products.sh[94]/glade/work/epicufsrt/contrib/spack-stack/derecho/spack-stack-1.9.2/envs/ue-oneapi-2024.2.1/install/oneapi/2024.2.1/wgrib2-3.6.0-4wdrbtc/bin/wgrib2 -d 342 tmpfilea_f004
+ exglobal_atmos_products.sh[94]grep -E -i 'ugrd|ustm|uflx|u-gwd|land|maxuw'
+ exglobal_atmos_products.sh[95]rc=1
+ exglobal_atmos_products.sh[96]source /glade/derecho/scratch/epicufsrt/GFS_CI_CD/DERECHO/Gitlab/BUILD/pr_cases_4919_a75a926a_17653/global-workflow/ush/set_strict.sh
++ set_strict.sh[13][[ YES == \Y\E\S ]]
++ set_strict.sh[15]set -eu
++ set_strict.sh[17]set -o pipefail
+ exglobal_atmos_products.sh[97][[ 1 == 0 ]]
+ exglobal_atmos_products.sh[100][[ 11 -eq 24 ]]
+ exglobal_atmos_products.sh[100][[ 342 -gt 753 ]]
+ exglobal_atmos_products.sh[105]/glade/work/epicufsrt/contrib/spack-stack/derecho/spack-stack-1.9.2/envs/ue-oneapi-2024.2.1/install/oneapi/2024.2.1/wgrib2-3.6.0-4wdrbtc/bin/wgrib2 tmpfilea_f004 -for 312:342 -grib tmpfilea_f004_11
312:19007066:d=2021122012:ICMR:350 mb:4 hour fcst:
313:19054323:d=2021122012:RWMR:350 mb:4 hour fcst:
314:19054502:d=2021122012:SNMR:350 mb:4 hour fcst:
315:19084963:d=2021122012:GRLE:350 mb:4 hour fcst:
316:19091296:d=2021122012:O3MR:350 mb:4 hour fcst:
317:19185950:d=2021122012:HGT:400 mb:4 hour fcst:
318:19258742:d=2021122012:TMP:400 mb:4 hour fcst:
319:19323237:d=2021122012:RH:400 mb:4 hour fcst:
320:19393953:d=2021122012:TCDC:400 mb:4 hour fcst:
321:19425093:d=2021122012:SPFH:400 mb:4 hour fcst:
322:19530998:d=2021122012:VVEL:400 mb:4 hour fcst:
323:19631844:d=2021122012:DZDT:400 mb:4 hour fcst:
324:19735558:d=2021122012:UGRD:400 mb:4 hour fcst:
325:19784512:d=2021122012:VGRD:400 mb:4 hour fcst:
326:19836141:d=2021122012:ABSV:400 mb:4 hour fcst:
327:19923658:d=2021122012:CLMR:400 mb:4 hour fcst:
328:19924934:d=2021122012:ICMR:400 mb:4 hour fcst:
329:19971487:d=2021122012:RWMR:400 mb:4 hour fcst:
330:19972075:d=2021122012:SNMR:400 mb:4 hour fcst:
331:20006759:d=2021122012:GRLE:400 mb:4 hour fcst:
332:20012193:d=2021122012:O3MR:400 mb:4 hour fcst:
333:20104919:d=2021122012:HGT:450 mb:4 hour fcst:
334:20187187:d=2021122012:TMP:450 mb:4 hour fcst:
335:20252025:d=2021122012:RH:450 mb:4 hour fcst:
336:20323266:d=2021122012:TCDC:450 mb:4 hour fcst:
337:20353509:d=2021122012:SPFH:450 mb:4 hour fcst:
338:20454928:d=2021122012:VVEL:450 mb:4 hour fcst:
339:20556375:d=2021122012:DZDT:450 mb:4 hour fcst:
340:20659443:d=2021122012:UGRD:450 mb:4 hour fcst:
341:20707384:d=2021122012:VGRD:450 mb:4 hour fcst:
342:20787948:d=2021122012:ABSV:450 mb:4 hour fcst:
+ exglobal_atmos_products.sh[105]true
+ exglobal_atmos_products.sh[106]export err=0
+ exglobal_atmos_products.sh[106]err=0
+ exglobal_atmos_products.sh[107][[ 0 -ne 0 ]]
+ exglobal_atmos_products.sh[110]input_file=tmpfilea_f004_11
+ exglobal_atmos_products.sh[111]output_file_prefix=pgb2afile_f004_11
+ exglobal_atmos_products.sh[112]echo '/glade/derecho/scratch/epicufsrt/GFS_CI_CD/DERECHO/Gitlab/BUILD/pr_cases_4919_a75a926a_17653/global-workflow/ush/interp_atmos_master.sh tmpfilea_f004_11 pgb2afile_f004_11 0p25:0p50:1p00'
+ exglobal_atmos_products.sh[116][[ 342 -eq 753 ]]
+ exglobal_atmos_products.sh[117](( iproc++ ))
+ exglobal_atmos_products.sh[117](( iproc <= nproc ))
+ exglobal_atmos_products.sh[84]first=343
+ exglobal_atmos_products.sh[85]last=373
+ exglobal_atmos_products.sh[86][[ 373 -gt 753 ]]
+ exglobal_atmos_products.sh[93]source /glade/derecho/scratch/epicufsrt/GFS_CI_CD/DERECHO/Gitlab/BUILD/pr_cases_4919_a75a926a_17653/global-workflow/ush/unset_strict.sh
++ unset_strict.sh[8]set +eu
++ unset_strict.sh[9]set +o pipefail
+ exglobal_atmos_products.sh[94]/glade/work/epicufsrt/contrib/spack-stack/derecho/spack-stack-1.9.2/envs/ue-oneapi-2024.2.1/install/oneapi/2024.2.1/wgrib2-3.6.0-4wdrbtc/bin/wgrib2 -d 373 tmpfilea_f004
+ exglobal_atmos_products.sh[94]grep -E -i 'ugrd|ustm|uflx|u-gwd|land|maxuw'
+ exglobal_atmos_products.sh[95]rc=1
+ exglobal_atmos_products.sh[96]source /glade/derecho/scratch/epicufsrt/GFS_CI_CD/DERECHO/Gitlab/BUILD/pr_cases_4919_a75a926a_17653/global-workflow/ush/set_strict.sh
++ set_strict.sh[13][[ YES == \Y\E\S ]]
++ set_strict.sh[15]set -eu
++ set_strict.sh[17]set -o pipefail
+ exglobal_atmos_products.sh[97][[ 1 == 0 ]]
+ exglobal_atmos_products.sh[100][[ 12 -eq 24 ]]
+ exglobal_atmos_products.sh[100][[ 373 -gt 753 ]]
+ exglobal_atmos_products.sh[105]/glade/work/epicufsrt/contrib/spack-stack/derecho/spack-stack-1.9.2/envs/ue-oneapi-2024.2.1/install/oneapi/2024.2.1/wgrib2-3.6.0-4wdrbtc/bin/wgrib2 tmpfilea_f004 -for 343:373 -grib tmpfilea_f004_12
343:20874302:d=2021122012:CLMR:450 mb:4 hour fcst:
344:20877130:d=2021122012:ICMR:450 mb:4 hour fcst:
345:20920736:d=2021122012:RWMR:450 mb:4 hour fcst:
346:20921814:d=2021122012:SNMR:450 mb:4 hour fcst:
347:20957714:d=2021122012:GRLE:450 mb:4 hour fcst:
348:20962748:d=2021122012:O3MR:450 mb:4 hour fcst:
349:21053370:d=2021122012:HGT:500 mb:4 hour fcst:
350:21135046:d=2021122012:TMP:500 mb:4 hour fcst:
351:21200338:d=2021122012:RH:500 mb:4 hour fcst:
352:21272006:d=2021122012:TCDC:500 mb:4 hour fcst:
353:21302318:d=2021122012:SPFH:500 mb:4 hour fcst:
354:21409906:d=2021122012:VVEL:500 mb:4 hour fcst:
355:21511678:d=2021122012:DZDT:500 mb:4 hour fcst:
356:21614035:d=2021122012:UGRD:500 mb:4 hour fcst:
357:21691338:d=2021122012:VGRD:500 mb:4 hour fcst:
358:21770423:d=2021122012:ABSV:500 mb:4 hour fcst:
359:21855149:d=2021122012:CLMR:500 mb:4 hour fcst:
360:21862375:d=2021122012:ICMR:500 mb:4 hour fcst:
361:21902767:d=2021122012:RWMR:500 mb:4 hour fcst:
362:21905919:d=2021122012:SNMR:500 mb:4 hour fcst:
363:21938833:d=2021122012:GRLE:500 mb:4 hour fcst:
364:21941894:d=2021122012:O3MR:500 mb:4 hour fcst:
365:22053135:d=2021122012:HGT:550 mb:4 hour fcst:
366:22134438:d=2021122012:TMP:550 mb:4 hour fcst:
367:22200785:d=2021122012:RH:550 mb:4 hour fcst:
368:22273000:d=2021122012:TCDC:550 mb:4 hour fcst:
369:22304133:d=2021122012:SPFH:550 mb:4 hour fcst:
370:22416174:d=2021122012:VVEL:550 mb:4 hour fcst:
371:22518451:d=2021122012:DZDT:550 mb:4 hour fcst:
372:22620202:d=2021122012:UGRD:550 mb:4 hour fcst:
373:22696651:d=2021122012:VGRD:550 mb:4 hour fcst:
+ exglobal_atmos_products.sh[105]true
+ exglobal_atmos_products.sh[106]export err=0
+ exglobal_atmos_products.sh[106]err=0
+ exglobal_atmos_products.sh[107][[ 0 -ne 0 ]]
+ exglobal_atmos_products.sh[110]input_file=tmpfilea_f004_12
+ exglobal_atmos_products.sh[111]output_file_prefix=pgb2afile_f004_12
+ exglobal_atmos_products.sh[112]echo '/glade/derecho/scratch/epicufsrt/GFS_CI_CD/DERECHO/Gitlab/BUILD/pr_cases_4919_a75a926a_17653/global-workflow/ush/interp_atmos_master.sh tmpfilea_f004_12 pgb2afile_f004_12 0p25:0p50:1p00'
+ exglobal_atmos_products.sh[116][[ 373 -eq 753 ]]
+ exglobal_atmos_products.sh[117](( iproc++ ))
+ exglobal_atmos_products.sh[117](( iproc <= nproc ))
+ exglobal_atmos_products.sh[84]first=374
+ exglobal_atmos_products.sh[85]last=404
+ exglobal_atmos_products.sh[86][[ 404 -gt 753 ]]
+ exglobal_atmos_products.sh[93]source /glade/derecho/scratch/epicufsrt/GFS_CI_CD/DERECHO/Gitlab/BUILD/pr_cases_4919_a75a926a_17653/global-workflow/ush/unset_strict.sh
++ unset_strict.sh[8]set +eu
++ unset_strict.sh[9]set +o pipefail
+ exglobal_atmos_products.sh[94]/glade/work/epicufsrt/contrib/spack-stack/derecho/spack-stack-1.9.2/envs/ue-oneapi-2024.2.1/install/oneapi/2024.2.1/wgrib2-3.6.0-4wdrbtc/bin/wgrib2 -d 404 tmpfilea_f004
+ exglobal_atmos_products.sh[94]grep -E -i 'ugrd|ustm|uflx|u-gwd|land|maxuw'
404:24616448:d=2021122012:UGRD:650 mb:4 hour fcst:
+ exglobal_atmos_products.sh[95]rc=0
+ exglobal_atmos_products.sh[96]source /glade/derecho/scratch/epicufsrt/GFS_CI_CD/DERECHO/Gitlab/BUILD/pr_cases_4919_a75a926a_17653/global-workflow/ush/set_strict.sh
++ set_strict.sh[13][[ YES == \Y\E\S ]]
++ set_strict.sh[15]set -eu
++ set_strict.sh[17]set -o pipefail
+ exglobal_atmos_products.sh[97][[ 0 == 0 ]]
+ exglobal_atmos_products.sh[98]last=405
+ exglobal_atmos_products.sh[100][[ 13 -eq 24 ]]
+ exglobal_atmos_products.sh[100][[ 405 -gt 753 ]]
+ exglobal_atmos_products.sh[105]/glade/work/epicufsrt/contrib/spack-stack/derecho/spack-stack-1.9.2/envs/ue-oneapi-2024.2.1/install/oneapi/2024.2.1/wgrib2-3.6.0-4wdrbtc/bin/wgrib2 tmpfilea_f004 -for 374:405 -grib tmpfilea_f004_13
374:22774771:d=2021122012:ABSV:550 mb:4 hour fcst:
375:22858368:d=2021122012:CLMR:550 mb:4 hour fcst:
376:22869243:d=2021122012:ICMR:550 mb:4 hour fcst:
377:22901825:d=2021122012:RWMR:550 mb:4 hour fcst:
378:22906665:d=2021122012:SNMR:550 mb:4 hour fcst:
379:22943894:d=2021122012:GRLE:550 mb:4 hour fcst:
380:22947795:d=2021122012:O3MR:550 mb:4 hour fcst:
381:23057190:d=2021122012:HGT:600 mb:4 hour fcst:
382:23138273:d=2021122012:TMP:600 mb:4 hour fcst:
383:23205519:d=2021122012:RH:600 mb:4 hour fcst:
384:23277883:d=2021122012:TCDC:600 mb:4 hour fcst:
385:23308133:d=2021122012:SPFH:600 mb:4 hour fcst:
386:23420253:d=2021122012:VVEL:600 mb:4 hour fcst:
387:23523046:d=2021122012:DZDT:600 mb:4 hour fcst:
388:23624483:d=2021122012:UGRD:600 mb:4 hour fcst:
389:23699773:d=2021122012:VGRD:600 mb:4 hour fcst:
390:23776714:d=2021122012:ABSV:600 mb:4 hour fcst:
391:23859947:d=2021122012:CLMR:600 mb:4 hour fcst:
392:23872154:d=2021122012:ICMR:600 mb:4 hour fcst:
393:23900400:d=2021122012:RWMR:600 mb:4 hour fcst:
394:23907671:d=2021122012:SNMR:600 mb:4 hour fcst:
395:23944388:d=2021122012:GRLE:600 mb:4 hour fcst:
396:23949353:d=2021122012:O3MR:600 mb:4 hour fcst:
397:24056231:d=2021122012:HGT:650 mb:4 hour fcst:
398:24137140:d=2021122012:TMP:650 mb:4 hour fcst:
399:24204951:d=2021122012:RH:650 mb:4 hour fcst:
400:24277828:d=2021122012:TCDC:650 mb:4 hour fcst:
401:24307421:d=2021122012:SPFH:650 mb:4 hour fcst:
402:24411773:d=2021122012:VVEL:650 mb:4 hour fcst:
403:24515161:d=2021122012:DZDT:650 mb:4 hour fcst:
404:24616448:d=2021122012:UGRD:650 mb:4 hour fcst:
405:24692110:d=2021122012:VGRD:650 mb:4 hour fcst:
+ exglobal_atmos_products.sh[105]true
+ exglobal_atmos_products.sh[106]export err=0
+ exglobal_atmos_products.sh[106]err=0
+ exglobal_atmos_products.sh[107][[ 0 -ne 0 ]]
+ exglobal_atmos_products.sh[110]input_file=tmpfilea_f004_13
+ exglobal_atmos_products.sh[111]output_file_prefix=pgb2afile_f004_13
+ exglobal_atmos_products.sh[112]echo '/glade/derecho/scratch/epicufsrt/GFS_CI_CD/DERECHO/Gitlab/BUILD/pr_cases_4919_a75a926a_17653/global-workflow/ush/interp_atmos_master.sh tmpfilea_f004_13 pgb2afile_f004_13 0p25:0p50:1p00'
+ exglobal_atmos_products.sh[116][[ 405 -eq 753 ]]
+ exglobal_atmos_products.sh[117](( iproc++ ))
+ exglobal_atmos_products.sh[117](( iproc <= nproc ))
+ exglobal_atmos_products.sh[84]first=406
+ exglobal_atmos_products.sh[85]last=436
+ exglobal_atmos_products.sh[86][[ 436 -gt 753 ]]
+ exglobal_atmos_products.sh[93]source /glade/derecho/scratch/epicufsrt/GFS_CI_CD/DERECHO/Gitlab/BUILD/pr_cases_4919_a75a926a_17653/global-workflow/ush/unset_strict.sh
++ unset_strict.sh[8]set +eu
++ unset_strict.sh[9]set +o pipefail
+ exglobal_atmos_products.sh[94]/glade/work/epicufsrt/contrib/spack-stack/derecho/spack-stack-1.9.2/envs/ue-oneapi-2024.2.1/install/oneapi/2024.2.1/wgrib2-3.6.0-4wdrbtc/bin/wgrib2 -d 436 tmpfilea_f004
+ exglobal_atmos_products.sh[94]grep -E -i 'ugrd|ustm|uflx|u-gwd|land|maxuw'
436:26613487:d=2021122012:UGRD:750 mb:4 hour fcst:
+ exglobal_atmos_products.sh[95]rc=0
+ exglobal_atmos_products.sh[96]source /glade/derecho/scratch/epicufsrt/GFS_CI_CD/DERECHO/Gitlab/BUILD/pr_cases_4919_a75a926a_17653/global-workflow/ush/set_strict.sh
++ set_strict.sh[13][[ YES == \Y\E\S ]]
++ set_strict.sh[15]set -eu
++ set_strict.sh[17]set -o pipefail
+ exglobal_atmos_products.sh[97][[ 0 == 0 ]]
+ exglobal_atmos_products.sh[98]last=437
+ exglobal_atmos_products.sh[100][[ 14 -eq 24 ]]
+ exglobal_atmos_products.sh[100][[ 437 -gt 753 ]]
+ exglobal_atmos_products.sh[105]/glade/work/epicufsrt/contrib/spack-stack/derecho/spack-stack-1.9.2/envs/ue-oneapi-2024.2.1/install/oneapi/2024.2.1/wgrib2-3.6.0-4wdrbtc/bin/wgrib2 tmpfilea_f004 -for 406:437 -grib tmpfilea_f004_14
406:24768784:d=2021122012:ABSV:650 mb:4 hour fcst:
407:24851010:d=2021122012:CLMR:650 mb:4 hour fcst:
408:24864951:d=2021122012:ICMR:650 mb:4 hour fcst:
409:24892280:d=2021122012:RWMR:650 mb:4 hour fcst:
410:24901123:d=2021122012:SNMR:650 mb:4 hour fcst:
411:24935622:d=2021122012:GRLE:650 mb:4 hour fcst:
412:24940763:d=2021122012:O3MR:650 mb:4 hour fcst:
413:25046870:d=2021122012:HGT:700 mb:4 hour fcst:
414:25131405:d=2021122012:TMP:700 mb:4 hour fcst:
415:25199344:d=2021122012:RH:700 mb:4 hour fcst:
416:25272423:d=2021122012:TCDC:700 mb:4 hour fcst:
417:25301790:d=2021122012:SPFH:700 mb:4 hour fcst:
418:25409151:d=2021122012:VVEL:700 mb:4 hour fcst:
419:25512903:d=2021122012:DZDT:700 mb:4 hour fcst:
420:25613364:d=2021122012:UGRD:700 mb:4 hour fcst:
421:25688639:d=2021122012:VGRD:700 mb:4 hour fcst:
422:25765339:d=2021122012:ABSV:700 mb:4 hour fcst:
423:25848420:d=2021122012:CLMR:700 mb:4 hour fcst:
424:25864081:d=2021122012:ICMR:700 mb:4 hour fcst:
425:25888841:d=2021122012:RWMR:700 mb:4 hour fcst:
426:25898952:d=2021122012:SNMR:700 mb:4 hour fcst:
427:25931111:d=2021122012:GRLE:700 mb:4 hour fcst:
428:25935612:d=2021122012:O3MR:700 mb:4 hour fcst:
429:26040889:d=2021122012:HGT:750 mb:4 hour fcst:
430:26125941:d=2021122012:TMP:750 mb:4 hour fcst:
431:26195223:d=2021122012:RH:750 mb:4 hour fcst:
432:26269125:d=2021122012:TCDC:750 mb:4 hour fcst:
433:26299792:d=2021122012:SPFH:750 mb:4 hour fcst:
434:26409086:d=2021122012:VVEL:750 mb:4 hour fcst:
435:26513153:d=2021122012:DZDT:750 mb:4 hour fcst:
436:26613487:d=2021122012:UGRD:750 mb:4 hour fcst:
437:26689729:d=2021122012:VGRD:750 mb:4 hour fcst:
+ exglobal_atmos_products.sh[105]true
+ exglobal_atmos_products.sh[106]export err=0
+ exglobal_atmos_products.sh[106]err=0
+ exglobal_atmos_products.sh[107][[ 0 -ne 0 ]]
+ exglobal_atmos_products.sh[110]input_file=tmpfilea_f004_14
+ exglobal_atmos_products.sh[111]output_file_prefix=pgb2afile_f004_14
+ exglobal_atmos_products.sh[112]echo '/glade/derecho/scratch/epicufsrt/GFS_CI_CD/DERECHO/Gitlab/BUILD/pr_cases_4919_a75a926a_17653/global-workflow/ush/interp_atmos_master.sh tmpfilea_f004_14 pgb2afile_f004_14 0p25:0p50:1p00'
+ exglobal_atmos_products.sh[116][[ 437 -eq 753 ]]
+ exglobal_atmos_products.sh[117](( iproc++ ))
+ exglobal_atmos_products.sh[117](( iproc <= nproc ))
+ exglobal_atmos_products.sh[84]first=438
+ exglobal_atmos_products.sh[85]last=468
+ exglobal_atmos_products.sh[86][[ 468 -gt 753 ]]
+ exglobal_atmos_products.sh[93]source /glade/derecho/scratch/epicufsrt/GFS_CI_CD/DERECHO/Gitlab/BUILD/pr_cases_4919_a75a926a_17653/global-workflow/ush/unset_strict.sh
++ unset_strict.sh[8]set +eu
++ unset_strict.sh[9]set +o pipefail
+ exglobal_atmos_products.sh[94]/glade/work/epicufsrt/contrib/spack-stack/derecho/spack-stack-1.9.2/envs/ue-oneapi-2024.2.1/install/oneapi/2024.2.1/wgrib2-3.6.0-4wdrbtc/bin/wgrib2 -d 468 tmpfilea_f004
+ exglobal_atmos_products.sh[94]grep -E -i 'ugrd|ustm|uflx|u-gwd|land|maxuw'
468:28679865:d=2021122012:UGRD:850 mb:4 hour fcst:
+ exglobal_atmos_products.sh[95]rc=0
+ exglobal_atmos_products.sh[96]source /glade/derecho/scratch/epicufsrt/GFS_CI_CD/DERECHO/Gitlab/BUILD/pr_cases_4919_a75a926a_17653/global-workflow/ush/set_strict.sh
++ set_strict.sh[13][[ YES == \Y\E\S ]]
++ set_strict.sh[15]set -eu
++ set_strict.sh[17]set -o pipefail
+ exglobal_atmos_products.sh[97][[ 0 == 0 ]]
+ exglobal_atmos_products.sh[98]last=469
+ exglobal_atmos_products.sh[100][[ 15 -eq 24 ]]
+ exglobal_atmos_products.sh[100][[ 469 -gt 753 ]]
+ exglobal_atmos_products.sh[105]/glade/work/epicufsrt/contrib/spack-stack/derecho/spack-stack-1.9.2/envs/ue-oneapi-2024.2.1/install/oneapi/2024.2.1/wgrib2-3.6.0-4wdrbtc/bin/wgrib2 tmpfilea_f004 -for 438:469 -grib tmpfilea_f004_15
438:26766797:d=2021122012:ABSV:750 mb:4 hour fcst:
439:26850934:d=2021122012:CLMR:750 mb:4 hour fcst:
440:26870733:d=2021122012:ICMR:750 mb:4 hour fcst:
441:26894855:d=2021122012:RWMR:750 mb:4 hour fcst:
442:26907260:d=2021122012:SNMR:750 mb:4 hour fcst:
443:26937890:d=2021122012:GRLE:750 mb:4 hour fcst:
444:26942452:d=2021122012:O3MR:750 mb:4 hour fcst:
445:27046977:d=2021122012:HGT:800 mb:4 hour fcst:
446:27132617:d=2021122012:TMP:800 mb:4 hour fcst:
447:27204531:d=2021122012:RH:800 mb:4 hour fcst:
448:27279025:d=2021122012:TCDC:800 mb:4 hour fcst:
449:27313377:d=2021122012:SPFH:800 mb:4 hour fcst:
450:27424583:d=2021122012:VVEL:800 mb:4 hour fcst:
451:27528930:d=2021122012:DZDT:800 mb:4 hour fcst:
452:27628213:d=2021122012:UGRD:800 mb:4 hour fcst:
453:27704977:d=2021122012:VGRD:800 mb:4 hour fcst:
454:27783247:d=2021122012:ABSV:800 mb:4 hour fcst:
455:27868027:d=2021122012:CLMR:800 mb:4 hour fcst:
456:27894430:d=2021122012:ICMR:800 mb:4 hour fcst:
457:27918089:d=2021122012:RWMR:800 mb:4 hour fcst:
458:27935756:d=2021122012:SNMR:800 mb:4 hour fcst:
459:27968908:d=2021122012:GRLE:800 mb:4 hour fcst:
460:27973857:d=2021122012:O3MR:800 mb:4 hour fcst:
461:28077067:d=2021122012:HGT:850 mb:4 hour fcst:
462:28164202:d=2021122012:TMP:850 mb:4 hour fcst:
463:28238513:d=2021122012:RH:850 mb:4 hour fcst:
464:28313775:d=2021122012:TCDC:850 mb:4 hour fcst:
465:28355713:d=2021122012:SPFH:850 mb:4 hour fcst:
466:28468075:d=2021122012:VVEL:850 mb:4 hour fcst:
467:28571236:d=2021122012:DZDT:850 mb:4 hour fcst:
468:28679865:d=2021122012:UGRD:850 mb:4 hour fcst:
469:28757143:d=2021122012:VGRD:850 mb:4 hour fcst:
+ exglobal_atmos_products.sh[105]true
+ exglobal_atmos_products.sh[106]export err=0
+ exglobal_atmos_products.sh[106]err=0
+ exglobal_atmos_products.sh[107][[ 0 -ne 0 ]]
+ exglobal_atmos_products.sh[110]input_file=tmpfilea_f004_15
+ exglobal_atmos_products.sh[111]output_file_prefix=pgb2afile_f004_15
+ exglobal_atmos_products.sh[112]echo '/glade/derecho/scratch/epicufsrt/GFS_CI_CD/DERECHO/Gitlab/BUILD/pr_cases_4919_a75a926a_17653/global-workflow/ush/interp_atmos_master.sh tmpfilea_f004_15 pgb2afile_f004_15 0p25:0p50:1p00'
+ exglobal_atmos_products.sh[116][[ 469 -eq 753 ]]
+ exglobal_atmos_products.sh[117](( iproc++ ))
+ exglobal_atmos_products.sh[117](( iproc <= nproc ))
+ exglobal_atmos_products.sh[84]first=470
+ exglobal_atmos_products.sh[85]last=500
+ exglobal_atmos_products.sh[86][[ 500 -gt 753 ]]
+ exglobal_atmos_products.sh[93]source /glade/derecho/scratch/epicufsrt/GFS_CI_CD/DERECHO/Gitlab/BUILD/pr_cases_4919_a75a926a_17653/global-workflow/ush/unset_strict.sh
++ unset_strict.sh[8]set +eu
++ unset_strict.sh[9]set +o pipefail
+ exglobal_atmos_products.sh[94]/glade/work/epicufsrt/contrib/spack-stack/derecho/spack-stack-1.9.2/envs/ue-oneapi-2024.2.1/install/oneapi/2024.2.1/wgrib2-3.6.0-4wdrbtc/bin/wgrib2 -d 500 tmpfilea_f004
+ exglobal_atmos_products.sh[94]grep -E -i 'ugrd|ustm|uflx|u-gwd|land|maxuw'
500:30775120:d=2021122012:UGRD:925 mb:4 hour fcst:
+ exglobal_atmos_products.sh[95]rc=0
+ exglobal_atmos_products.sh[96]source /glade/derecho/scratch/epicufsrt/GFS_CI_CD/DERECHO/Gitlab/BUILD/pr_cases_4919_a75a926a_17653/global-workflow/ush/set_strict.sh
++ set_strict.sh[13][[ YES == \Y\E\S ]]
++ set_strict.sh[15]set -eu
++ set_strict.sh[17]set -o pipefail
+ exglobal_atmos_products.sh[97][[ 0 == 0 ]]
+ exglobal_atmos_products.sh[98]last=501
+ exglobal_atmos_products.sh[100][[ 16 -eq 24 ]]
+ exglobal_atmos_products.sh[100][[ 501 -gt 753 ]]
+ exglobal_atmos_products.sh[105]/glade/work/epicufsrt/contrib/spack-stack/derecho/spack-stack-1.9.2/envs/ue-oneapi-2024.2.1/install/oneapi/2024.2.1/wgrib2-3.6.0-4wdrbtc/bin/wgrib2 tmpfilea_f004 -for 470:501 -grib tmpfilea_f004_16
470:28835775:d=2021122012:ABSV:850 mb:4 hour fcst:
471:28920271:d=2021122012:CLMR:850 mb:4 hour fcst:
472:28957272:d=2021122012:ICMR:850 mb:4 hour fcst:
473:28983762:d=2021122012:RWMR:850 mb:4 hour fcst:
474:29006196:d=2021122012:SNMR:850 mb:4 hour fcst:
475:29038631:d=2021122012:GRLE:850 mb:4 hour fcst:
476:29043709:d=2021122012:O3MR:850 mb:4 hour fcst:
477:29145991:d=2021122012:HGT:900 mb:4 hour fcst:
478:29234144:d=2021122012:TMP:900 mb:4 hour fcst:
479:29309003:d=2021122012:RH:900 mb:4 hour fcst:
480:29382184:d=2021122012:TCDC:900 mb:4 hour fcst:
481:29423007:d=2021122012:SPFH:900 mb:4 hour fcst:
482:29534159:d=2021122012:VVEL:900 mb:4 hour fcst:
483:29635853:d=2021122012:DZDT:900 mb:4 hour fcst:
484:29741946:d=2021122012:UGRD:900 mb:4 hour fcst:
485:29819338:d=2021122012:VGRD:900 mb:4 hour fcst:
486:29897784:d=2021122012:ABSV:900 mb:4 hour fcst:
487:29981943:d=2021122012:CLMR:900 mb:4 hour fcst:
488:30013518:d=2021122012:ICMR:900 mb:4 hour fcst:
489:30039971:d=2021122012:RWMR:900 mb:4 hour fcst:
490:30065357:d=2021122012:SNMR:900 mb:4 hour fcst:
491:30095884:d=2021122012:GRLE:900 mb:4 hour fcst:
492:30101473:d=2021122012:O3MR:900 mb:4 hour fcst:
493:30201958:d=2021122012:HGT:925 mb:4 hour fcst:
494:30287113:d=2021122012:TMP:925 mb:4 hour fcst:
495:30361953:d=2021122012:RH:925 mb:4 hour fcst:
496:30433856:d=2021122012:TCDC:925 mb:4 hour fcst:
497:30470600:d=2021122012:SPFH:925 mb:4 hour fcst:
498:30570753:d=2021122012:VVEL:925 mb:4 hour fcst:
499:30670824:d=2021122012:DZDT:925 mb:4 hour fcst:
500:30775120:d=2021122012:UGRD:925 mb:4 hour fcst:
501:30852788:d=2021122012:VGRD:925 mb:4 hour fcst:
+ exglobal_atmos_products.sh[105]true
+ exglobal_atmos_products.sh[106]export err=0
+ exglobal_atmos_products.sh[106]err=0
+ exglobal_atmos_products.sh[107][[ 0 -ne 0 ]]
+ exglobal_atmos_products.sh[110]input_file=tmpfilea_f004_16
+ exglobal_atmos_products.sh[111]output_file_prefix=pgb2afile_f004_16
+ exglobal_atmos_products.sh[112]echo '/glade/derecho/scratch/epicufsrt/GFS_CI_CD/DERECHO/Gitlab/BUILD/pr_cases_4919_a75a926a_17653/global-workflow/ush/interp_atmos_master.sh tmpfilea_f004_16 pgb2afile_f004_16 0p25:0p50:1p00'
+ exglobal_atmos_products.sh[116][[ 501 -eq 753 ]]
+ exglobal_atmos_products.sh[117](( iproc++ ))
+ exglobal_atmos_products.sh[117](( iproc <= nproc ))
+ exglobal_atmos_products.sh[84]first=502
+ exglobal_atmos_products.sh[85]last=532
+ exglobal_atmos_products.sh[86][[ 532 -gt 753 ]]
+ exglobal_atmos_products.sh[93]source /glade/derecho/scratch/epicufsrt/GFS_CI_CD/DERECHO/Gitlab/BUILD/pr_cases_4919_a75a926a_17653/global-workflow/ush/unset_strict.sh
++ unset_strict.sh[8]set +eu
++ unset_strict.sh[9]set +o pipefail
+ exglobal_atmos_products.sh[94]/glade/work/epicufsrt/contrib/spack-stack/derecho/spack-stack-1.9.2/envs/ue-oneapi-2024.2.1/install/oneapi/2024.2.1/wgrib2-3.6.0-4wdrbtc/bin/wgrib2 -d 532 tmpfilea_f004
+ exglobal_atmos_products.sh[94]grep -E -i 'ugrd|ustm|uflx|u-gwd|land|maxuw'
+ exglobal_atmos_products.sh[95]rc=1
+ exglobal_atmos_products.sh[96]source /glade/derecho/scratch/epicufsrt/GFS_CI_CD/DERECHO/Gitlab/BUILD/pr_cases_4919_a75a926a_17653/global-workflow/ush/set_strict.sh
++ set_strict.sh[13][[ YES == \Y\E\S ]]
++ set_strict.sh[15]set -eu
++ set_strict.sh[17]set -o pipefail
+ exglobal_atmos_products.sh[97][[ 1 == 0 ]]
+ exglobal_atmos_products.sh[100][[ 17 -eq 24 ]]
+ exglobal_atmos_products.sh[100][[ 532 -gt 753 ]]
+ exglobal_atmos_products.sh[105]/glade/work/epicufsrt/contrib/spack-stack/derecho/spack-stack-1.9.2/envs/ue-oneapi-2024.2.1/install/oneapi/2024.2.1/wgrib2-3.6.0-4wdrbtc/bin/wgrib2 tmpfilea_f004 -for 502:532 -grib tmpfilea_f004_17
502:30931164:d=2021122012:ABSV:925 mb:4 hour fcst:
503:31015192:d=2021122012:CLMR:925 mb:4 hour fcst:
504:31039265:d=2021122012:ICMR:925 mb:4 hour fcst:
505:31063703:d=2021122012:RWMR:925 mb:4 hour fcst:
506:31090919:d=2021122012:SNMR:925 mb:4 hour fcst:
507:31119881:d=2021122012:GRLE:925 mb:4 hour fcst:
508:31125804:d=2021122012:O3MR:925 mb:4 hour fcst:
509:31225411:d=2021122012:HGT:950 mb:4 hour fcst:
510:31311198:d=2021122012:TMP:950 mb:4 hour fcst:
511:31385815:d=2021122012:RH:950 mb:4 hour fcst:
512:31456754:d=2021122012:TCDC:950 mb:4 hour fcst:
513:31489101:d=2021122012:SPFH:950 mb:4 hour fcst:
514:31588744:d=2021122012:VVEL:950 mb:4 hour fcst:
515:31685106:d=2021122012:DZDT:950 mb:4 hour fcst:
516:31785636:d=2021122012:UGRD:950 mb:4 hour fcst:
517:31862947:d=2021122012:VGRD:950 mb:4 hour fcst:
518:31941356:d=2021122012:ABSV:950 mb:4 hour fcst:
519:32025197:d=2021122012:CLMR:950 mb:4 hour fcst:
520:32043794:d=2021122012:ICMR:950 mb:4 hour fcst:
521:32065029:d=2021122012:RWMR:950 mb:4 hour fcst:
522:32093733:d=2021122012:SNMR:950 mb:4 hour fcst:
523:32120398:d=2021122012:GRLE:950 mb:4 hour fcst:
524:32125716:d=2021122012:O3MR:950 mb:4 hour fcst:
525:32225126:d=2021122012:HINDEX:surface:4 hour fcst:
526:32242878:d=2021122012:HGT:975 mb:4 hour fcst:
527:32329404:d=2021122012:TMP:975 mb:4 hour fcst:
528:32403343:d=2021122012:RH:975 mb:4 hour fcst:
529:32471743:d=2021122012:TCDC:975 mb:4 hour fcst:
530:32498182:d=2021122012:SPFH:975 mb:4 hour fcst:
531:32596960:d=2021122012:VVEL:975 mb:4 hour fcst:
532:32688281:d=2021122012:DZDT:975 mb:4 hour fcst:
+ exglobal_atmos_products.sh[105]true
+ exglobal_atmos_products.sh[106]export err=0
+ exglobal_atmos_products.sh[106]err=0
+ exglobal_atmos_products.sh[107][[ 0 -ne 0 ]]
+ exglobal_atmos_products.sh[110]input_file=tmpfilea_f004_17
+ exglobal_atmos_products.sh[111]output_file_prefix=pgb2afile_f004_17
+ exglobal_atmos_products.sh[112]echo '/glade/derecho/scratch/epicufsrt/GFS_CI_CD/DERECHO/Gitlab/BUILD/pr_cases_4919_a75a926a_17653/global-workflow/ush/interp_atmos_master.sh tmpfilea_f004_17 pgb2afile_f004_17 0p25:0p50:1p00'
+ exglobal_atmos_products.sh[116][[ 532 -eq 753 ]]
+ exglobal_atmos_products.sh[117](( iproc++ ))
+ exglobal_atmos_products.sh[117](( iproc <= nproc ))
+ exglobal_atmos_products.sh[84]first=533
+ exglobal_atmos_products.sh[85]last=563
+ exglobal_atmos_products.sh[86][[ 563 -gt 753 ]]
+ exglobal_atmos_products.sh[93]source /glade/derecho/scratch/epicufsrt/GFS_CI_CD/DERECHO/Gitlab/BUILD/pr_cases_4919_a75a926a_17653/global-workflow/ush/unset_strict.sh
++ unset_strict.sh[8]set +eu
++ unset_strict.sh[9]set +o pipefail
+ exglobal_atmos_products.sh[94]/glade/work/epicufsrt/contrib/spack-stack/derecho/spack-stack-1.9.2/envs/ue-oneapi-2024.2.1/install/oneapi/2024.2.1/wgrib2-3.6.0-4wdrbtc/bin/wgrib2 -d 563 tmpfilea_f004
+ exglobal_atmos_products.sh[94]grep -E -i 'ugrd|ustm|uflx|u-gwd|land|maxuw'
+ exglobal_atmos_products.sh[95]rc=1
+ exglobal_atmos_products.sh[96]source /glade/derecho/scratch/epicufsrt/GFS_CI_CD/DERECHO/Gitlab/BUILD/pr_cases_4919_a75a926a_17653/global-workflow/ush/set_strict.sh
++ set_strict.sh[13][[ YES == \Y\E\S ]]
++ set_strict.sh[15]set -eu
++ set_strict.sh[17]set -o pipefail
+ exglobal_atmos_products.sh[97][[ 1 == 0 ]]
+ exglobal_atmos_products.sh[100][[ 18 -eq 24 ]]
+ exglobal_atmos_products.sh[100][[ 563 -gt 753 ]]
+ exglobal_atmos_products.sh[105]/glade/work/epicufsrt/contrib/spack-stack/derecho/spack-stack-1.9.2/envs/ue-oneapi-2024.2.1/install/oneapi/2024.2.1/wgrib2-3.6.0-4wdrbtc/bin/wgrib2 tmpfilea_f004 -for 533:563 -grib tmpfilea_f004_18
533:32782907:d=2021122012:UGRD:975 mb:4 hour fcst:
534:32860664:d=2021122012:VGRD:975 mb:4 hour fcst:
535:32937930:d=2021122012:ABSV:975 mb:4 hour fcst:
536:33021278:d=2021122012:CLMR:975 mb:4 hour fcst:
537:33034076:d=2021122012:ICMR:975 mb:4 hour fcst:
538:33050466:d=2021122012:RWMR:975 mb:4 hour fcst:
539:33081199:d=2021122012:SNMR:975 mb:4 hour fcst:
540:33102198:d=2021122012:GRLE:975 mb:4 hour fcst:
541:33107007:d=2021122012:O3MR:975 mb:4 hour fcst:
542:33206062:d=2021122012:TMP:1000 mb:4 hour fcst:
543:33279067:d=2021122012:RH:1000 mb:4 hour fcst:
544:33346011:d=2021122012:TCDC:1000 mb:4 hour fcst:
545:33362022:d=2021122012:SPFH:1000 mb:4 hour fcst:
546:33460865:d=2021122012:VVEL:1000 mb:4 hour fcst:
547:33544942:d=2021122012:DZDT:1000 mb:4 hour fcst:
548:33628847:d=2021122012:UGRD:1000 mb:4 hour fcst:
549:33704552:d=2021122012:VGRD:1000 mb:4 hour fcst:
550:33780418:d=2021122012:ABSV:1000 mb:4 hour fcst:
551:33862111:d=2021122012:CLMR:1000 mb:4 hour fcst:
552:33870800:d=2021122012:ICMR:1000 mb:4 hour fcst:
553:33880332:d=2021122012:RWMR:1000 mb:4 hour fcst:
554:33902588:d=2021122012:SNMR:1000 mb:4 hour fcst:
555:33912153:d=2021122012:GRLE:1000 mb:4 hour fcst:
556:33914779:d=2021122012:O3MR:1000 mb:4 hour fcst:
557:34013663:d=2021122012:MSLET:mean sea level:4 hour fcst:
558:34107015:d=2021122012:HGT:1000 mb:4 hour fcst:
559:34194523:d=2021122012:SDEN:surface:4 hour fcst:
560:34248363:d=2021122012:REFD:4000 m above ground:4 hour fcst:
561:34257758:d=2021122012:REFD:1000 m above ground:4 hour fcst:
562:34267153:d=2021122012:PRES:surface:4 hour fcst:
563:34355088:d=2021122012:HGT:surface:4 hour fcst:
+ exglobal_atmos_products.sh[105]true
+ exglobal_atmos_products.sh[106]export err=0
+ exglobal_atmos_products.sh[106]err=0
+ exglobal_atmos_products.sh[107][[ 0 -ne 0 ]]
+ exglobal_atmos_products.sh[110]input_file=tmpfilea_f004_18
+ exglobal_atmos_products.sh[111]output_file_prefix=pgb2afile_f004_18
+ exglobal_atmos_products.sh[112]echo '/glade/derecho/scratch/epicufsrt/GFS_CI_CD/DERECHO/Gitlab/BUILD/pr_cases_4919_a75a926a_17653/global-workflow/ush/interp_atmos_master.sh tmpfilea_f004_18 pgb2afile_f004_18 0p25:0p50:1p00'
+ exglobal_atmos_products.sh[116][[ 563 -eq 753 ]]
+ exglobal_atmos_products.sh[117](( iproc++ ))
+ exglobal_atmos_products.sh[117](( iproc <= nproc ))
+ exglobal_atmos_products.sh[84]first=564
+ exglobal_atmos_products.sh[85]last=594
+ exglobal_atmos_products.sh[86][[ 594 -gt 753 ]]
+ exglobal_atmos_products.sh[93]source /glade/derecho/scratch/epicufsrt/GFS_CI_CD/DERECHO/Gitlab/BUILD/pr_cases_4919_a75a926a_17653/global-workflow/ush/unset_strict.sh
++ unset_strict.sh[8]set +eu
++ unset_strict.sh[9]set +o pipefail
+ exglobal_atmos_products.sh[94]/glade/work/epicufsrt/contrib/spack-stack/derecho/spack-stack-1.9.2/envs/ue-oneapi-2024.2.1/install/oneapi/2024.2.1/wgrib2-3.6.0-4wdrbtc/bin/wgrib2 -d 594 tmpfilea_f004
+ exglobal_atmos_products.sh[94]grep -E -i 'ugrd|ustm|uflx|u-gwd|land|maxuw'
+ exglobal_atmos_products.sh[95]rc=1
+ exglobal_atmos_products.sh[96]source /glade/derecho/scratch/epicufsrt/GFS_CI_CD/DERECHO/Gitlab/BUILD/pr_cases_4919_a75a926a_17653/global-workflow/ush/set_strict.sh
++ set_strict.sh[13][[ YES == \Y\E\S ]]
++ set_strict.sh[15]set -eu
++ set_strict.sh[17]set -o pipefail
+ exglobal_atmos_products.sh[97][[ 1 == 0 ]]
+ exglobal_atmos_products.sh[100][[ 19 -eq 24 ]]
+ exglobal_atmos_products.sh[100][[ 594 -gt 753 ]]
+ exglobal_atmos_products.sh[105]/glade/work/epicufsrt/contrib/spack-stack/derecho/spack-stack-1.9.2/envs/ue-oneapi-2024.2.1/install/oneapi/2024.2.1/wgrib2-3.6.0-4wdrbtc/bin/wgrib2 tmpfilea_f004 -for 564:594 -grib tmpfilea_f004_19
564:34400006:d=2021122012:TMP:surface:4 hour fcst:
565:34458788:d=2021122012:TSOIL:0-0.1 m below ground:4 hour fcst:
566:34498711:d=2021122012:SOILW:0-0.1 m below ground:4 hour fcst:
567:34530819:d=2021122012:SOILL:0-0.1 m below ground:4 hour fcst:
568:34562309:d=2021122012:TSOIL:0.1-0.4 m below ground:4 hour fcst:
569:34601386:d=2021122012:SOILW:0.1-0.4 m below ground:4 hour fcst:
570:34633842:d=2021122012:SOILL:0.1-0.4 m below ground:4 hour fcst:
571:34665928:d=2021122012:TSOIL:0.4-1 m below ground:4 hour fcst:
572:34704478:d=2021122012:SOILW:0.4-1 m below ground:4 hour fcst:
573:34737159:d=2021122012:SOILL:0.4-1 m below ground:4 hour fcst:
574:34769452:d=2021122012:TSOIL:1-2 m below ground:4 hour fcst:
575:34806836:d=2021122012:SOILW:1-2 m below ground:4 hour fcst:
576:34838863:d=2021122012:SOILL:1-2 m below ground:4 hour fcst:
577:34870948:d=2021122012:CNWAT:surface:4 hour fcst:
578:34889875:d=2021122012:WEASD:surface:4 hour fcst:
579:34933654:d=2021122012:SNOD:surface:4 hour fcst:
580:34980153:d=2021122012:PEVPR:surface:4 hour fcst:
581:35029406:d=2021122012:ICETK:surface:4 hour fcst:
582:35042841:d=2021122012:TMP:2 m above ground:4 hour fcst:
583:35115434:d=2021122012:SPFH:2 m above ground:4 hour fcst:
584:35212094:d=2021122012:DPT:2 m above ground:4 hour fcst:
585:35287901:d=2021122012:RH:2 m above ground:4 hour fcst:
586:35352529:d=2021122012:APTMP:2 m above ground:4 hour fcst:
587:35401124:d=2021122012:TMAX:2 m above ground:0-4 hour max fcst:
588:35475063:d=2021122012:TMIN:2 m above ground:0-4 hour min fcst:
589:35549105:d=2021122012:UGRD:10 m above ground:4 hour fcst:
590:35623551:d=2021122012:VGRD:10 m above ground:4 hour fcst:
591:35697878:d=2021122012:ICEG:10 m above mean sea level:4 hour fcst:
592:35699504:d=2021122012:CPOFP:surface:4 hour fcst:
593:35763376:d=2021122012:CPRAT:surface:4 hour fcst:
594:35826168:d=2021122012:PRATE:surface:4 hour fcst:
+ exglobal_atmos_products.sh[105]true
+ exglobal_atmos_products.sh[106]export err=0
+ exglobal_atmos_products.sh[106]err=0
+ exglobal_atmos_products.sh[107][[ 0 -ne 0 ]]
+ exglobal_atmos_products.sh[110]input_file=tmpfilea_f004_19
+ exglobal_atmos_products.sh[111]output_file_prefix=pgb2afile_f004_19
+ exglobal_atmos_products.sh[112]echo '/glade/derecho/scratch/epicufsrt/GFS_CI_CD/DERECHO/Gitlab/BUILD/pr_cases_4919_a75a926a_17653/global-workflow/ush/interp_atmos_master.sh tmpfilea_f004_19 pgb2afile_f004_19 0p25:0p50:1p00'
+ exglobal_atmos_products.sh[116][[ 594 -eq 753 ]]
+ exglobal_atmos_products.sh[117](( iproc++ ))
+ exglobal_atmos_products.sh[117](( iproc <= nproc ))
+ exglobal_atmos_products.sh[84]first=595
+ exglobal_atmos_products.sh[85]last=625
+ exglobal_atmos_products.sh[86][[ 625 -gt 753 ]]
+ exglobal_atmos_products.sh[93]source /glade/derecho/scratch/epicufsrt/GFS_CI_CD/DERECHO/Gitlab/BUILD/pr_cases_4919_a75a926a_17653/global-workflow/ush/unset_strict.sh
++ unset_strict.sh[8]set +eu
++ unset_strict.sh[9]set +o pipefail
+ exglobal_atmos_products.sh[94]/glade/work/epicufsrt/contrib/spack-stack/derecho/spack-stack-1.9.2/envs/ue-oneapi-2024.2.1/install/oneapi/2024.2.1/wgrib2-3.6.0-4wdrbtc/bin/wgrib2 -d 625 tmpfilea_f004
+ exglobal_atmos_products.sh[94]grep -E -i 'ugrd|ustm|uflx|u-gwd|land|maxuw'
+ exglobal_atmos_products.sh[95]rc=1
+ exglobal_atmos_products.sh[96]source /glade/derecho/scratch/epicufsrt/GFS_CI_CD/DERECHO/Gitlab/BUILD/pr_cases_4919_a75a926a_17653/global-workflow/ush/set_strict.sh
++ set_strict.sh[13][[ YES == \Y\E\S ]]
++ set_strict.sh[15]set -eu
++ set_strict.sh[17]set -o pipefail
+ exglobal_atmos_products.sh[97][[ 1 == 0 ]]
+ exglobal_atmos_products.sh[100][[ 20 -eq 24 ]]
+ exglobal_atmos_products.sh[100][[ 625 -gt 753 ]]
+ exglobal_atmos_products.sh[105]/glade/work/epicufsrt/contrib/spack-stack/derecho/spack-stack-1.9.2/envs/ue-oneapi-2024.2.1/install/oneapi/2024.2.1/wgrib2-3.6.0-4wdrbtc/bin/wgrib2 tmpfilea_f004 -for 595:625 -grib tmpfilea_f004_20
595:35895940:d=2021122012:CPRAT:surface:0-4 hour ave fcst:
596:35971363:d=2021122012:PRATE:surface:0-4 hour ave fcst:
597:36052946:d=2021122012:APCP:surface:0-4 hour acc fcst:
598:36083901:d=2021122012:APCP:surface:0-4 hour acc fcst:
599:36114856:d=2021122012:ACPCP:surface:0-4 hour acc fcst:
600:36138940:d=2021122012:ACPCP:surface:0-4 hour acc fcst:
601:36163024:d=2021122012:FROZR:surface:0-4 hour acc fcst:
602:36172443:d=2021122012:FRZR:surface:0-4 hour acc fcst:
603:36181862:d=2021122012:TSNOWP:surface:0-4 hour acc fcst:
604:36191281:d=2021122012:WATR:surface:0-4 hour acc fcst:
605:36220113:d=2021122012:FROZR:surface:0-4 hour acc fcst:
606:36229532:d=2021122012:FRZR:surface:0-4 hour acc fcst:
607:36238951:d=2021122012:TSNOWP:surface:0-4 hour acc fcst:
608:36248370:d=2021122012:CSNOW:surface:4 hour fcst:
609:36253489:d=2021122012:CICEP:surface:4 hour fcst:
610:36253668:d=2021122012:CFRZR:surface:4 hour fcst:
611:36253982:d=2021122012:CRAIN:surface:4 hour fcst:
612:36265364:d=2021122012:LHTFL:surface:0-4 hour ave fcst:
613:36343977:d=2021122012:SHTFL:surface:0-4 hour ave fcst:
614:36418262:d=2021122012:GFLUX:surface:0-4 hour ave fcst:
615:36469512:d=2021122012:UFLX:surface:0-4 hour ave fcst:
616:36527144:d=2021122012:VFLX:surface:0-4 hour ave fcst:
617:36583831:d=2021122012:SFCR:surface:4 hour fcst:
618:36649178:d=2021122012:FRICV:surface:4 hour fcst:
619:36730154:d=2021122012:U-GWD:surface:0-4 hour ave fcst:
620:36763805:d=2021122012:V-GWD:surface:0-4 hour ave fcst:
621:36805986:d=2021122012:VEG:surface:4 hour fcst:
622:36830630:d=2021122012:SOTYP:surface:4 hour fcst:
623:36864097:d=2021122012:WILT:surface:4 hour fcst:
624:36898784:d=2021122012:FLDCP:surface:4 hour fcst:
625:36934384:d=2021122012:SUNSD:surface:4 hour fcst:
+ exglobal_atmos_products.sh[105]true
+ exglobal_atmos_products.sh[106]export err=0
+ exglobal_atmos_products.sh[106]err=0
+ exglobal_atmos_products.sh[107][[ 0 -ne 0 ]]
+ exglobal_atmos_products.sh[110]input_file=tmpfilea_f004_20
+ exglobal_atmos_products.sh[111]output_file_prefix=pgb2afile_f004_20
+ exglobal_atmos_products.sh[112]echo '/glade/derecho/scratch/epicufsrt/GFS_CI_CD/DERECHO/Gitlab/BUILD/pr_cases_4919_a75a926a_17653/global-workflow/ush/interp_atmos_master.sh tmpfilea_f004_20 pgb2afile_f004_20 0p25:0p50:1p00'
+ exglobal_atmos_products.sh[116][[ 625 -eq 753 ]]
+ exglobal_atmos_products.sh[117](( iproc++ ))
+ exglobal_atmos_products.sh[117](( iproc <= nproc ))
+ exglobal_atmos_products.sh[84]first=626
+ exglobal_atmos_products.sh[85]last=656
+ exglobal_atmos_products.sh[86][[ 656 -gt 753 ]]
+ exglobal_atmos_products.sh[93]source /glade/derecho/scratch/epicufsrt/GFS_CI_CD/DERECHO/Gitlab/BUILD/pr_cases_4919_a75a926a_17653/global-workflow/ush/unset_strict.sh
++ unset_strict.sh[8]set +eu
++ unset_strict.sh[9]set +o pipefail
+ exglobal_atmos_products.sh[94]/glade/work/epicufsrt/contrib/spack-stack/derecho/spack-stack-1.9.2/envs/ue-oneapi-2024.2.1/install/oneapi/2024.2.1/wgrib2-3.6.0-4wdrbtc/bin/wgrib2 -d 656 tmpfilea_f004
+ exglobal_atmos_products.sh[94]grep -E -i 'ugrd|ustm|uflx|u-gwd|land|maxuw'
+ exglobal_atmos_products.sh[95]rc=1
+ exglobal_atmos_products.sh[96]source /glade/derecho/scratch/epicufsrt/GFS_CI_CD/DERECHO/Gitlab/BUILD/pr_cases_4919_a75a926a_17653/global-workflow/ush/set_strict.sh
++ set_strict.sh[13][[ YES == \Y\E\S ]]
++ set_strict.sh[15]set -eu
++ set_strict.sh[17]set -o pipefail
+ exglobal_atmos_products.sh[97][[ 1 == 0 ]]
+ exglobal_atmos_products.sh[100][[ 21 -eq 24 ]]
+ exglobal_atmos_products.sh[100][[ 656 -gt 753 ]]
+ exglobal_atmos_products.sh[105]/glade/work/epicufsrt/contrib/spack-stack/derecho/spack-stack-1.9.2/envs/ue-oneapi-2024.2.1/install/oneapi/2024.2.1/wgrib2-3.6.0-4wdrbtc/bin/wgrib2 tmpfilea_f004 -for 626:656 -grib tmpfilea_f004_21
626:36971947:d=2021122012:LFTX:surface:4 hour fcst:
627:37019876:d=2021122012:CAPE:surface:4 hour fcst:
628:37067196:d=2021122012:CIN:surface:4 hour fcst:
629:37092374:d=2021122012:PWAT:entire atmosphere (considered as a single layer):4 hour fcst:
630:37191869:d=2021122012:CWAT:entire atmosphere (considered as a single layer):4 hour fcst:
631:37273224:d=2021122012:RH:entire atmosphere (considered as a single layer):4 hour fcst:
632:37326263:d=2021122012:TOZNE:entire atmosphere (considered as a single layer):4 hour fcst:
633:37378214:d=2021122012:LCDC:low cloud layer:4 hour fcst:
634:37436429:d=2021122012:LCDC:low cloud layer:0-4 hour ave fcst:
635:37512745:d=2021122012:MCDC:middle cloud layer:4 hour fcst:
636:37556135:d=2021122012:MCDC:middle cloud layer:0-4 hour ave fcst:
637:37616338:d=2021122012:HCDC:high cloud layer:4 hour fcst:
638:37657419:d=2021122012:HCDC:high cloud layer:0-4 hour ave fcst:
639:37725843:d=2021122012:TCDC:entire atmosphere (considered as a single layer):4 hour fcst:
640:37787035:d=2021122012:TCDC:entire atmosphere (considered as a single layer):0-4 hour ave fcst:
641:37866958:d=2021122012:HGT:cloud ceiling:4 hour fcst:
642:37975408:d=2021122012:PRES:convective cloud bottom level:4 hour fcst:
643:38021807:d=2021122012:PRES:low cloud bottom level:0-4 hour ave fcst:
644:38118999:d=2021122012:PRES:middle cloud bottom level:0-4 hour ave fcst:
645:38188785:d=2021122012:PRES:high cloud bottom level:0-4 hour ave fcst:
646:38268477:d=2021122012:PRES:convective cloud top level:4 hour fcst:
647:38317040:d=2021122012:PRES:low cloud top level:0-4 hour ave fcst:
648:38415081:d=2021122012:PRES:middle cloud top level:0-4 hour ave fcst:
649:38483739:d=2021122012:PRES:high cloud top level:0-4 hour ave fcst:
650:38565221:d=2021122012:TMP:low cloud top level:0-4 hour ave fcst:
651:38637460:d=2021122012:TMP:middle cloud top level:0-4 hour ave fcst:
652:38692357:d=2021122012:TMP:high cloud top level:0-4 hour ave fcst:
653:38759843:d=2021122012:TCDC:convective cloud layer:4 hour fcst:
654:38824678:d=2021122012:TCDC:boundary layer cloud layer:0-4 hour ave fcst:
655:38888973:d=2021122012:CWORK:entire atmosphere (considered as a single layer):0-4 hour ave fcst:
656:38919128:d=2021122012:DSWRF:surface:0-4 hour ave fcst:
+ exglobal_atmos_products.sh[105]true
+ exglobal_atmos_products.sh[106]export err=0
+ exglobal_atmos_products.sh[106]err=0
+ exglobal_atmos_products.sh[107][[ 0 -ne 0 ]]
+ exglobal_atmos_products.sh[110]input_file=tmpfilea_f004_21
+ exglobal_atmos_products.sh[111]output_file_prefix=pgb2afile_f004_21
+ exglobal_atmos_products.sh[112]echo '/glade/derecho/scratch/epicufsrt/GFS_CI_CD/DERECHO/Gitlab/BUILD/pr_cases_4919_a75a926a_17653/global-workflow/ush/interp_atmos_master.sh tmpfilea_f004_21 pgb2afile_f004_21 0p25:0p50:1p00'
+ exglobal_atmos_products.sh[116][[ 656 -eq 753 ]]
+ exglobal_atmos_products.sh[117](( iproc++ ))
+ exglobal_atmos_products.sh[117](( iproc <= nproc ))
+ exglobal_atmos_products.sh[84]first=657
+ exglobal_atmos_products.sh[85]last=687
+ exglobal_atmos_products.sh[86][[ 687 -gt 753 ]]
+ exglobal_atmos_products.sh[93]source /glade/derecho/scratch/epicufsrt/GFS_CI_CD/DERECHO/Gitlab/BUILD/pr_cases_4919_a75a926a_17653/global-workflow/ush/unset_strict.sh
++ unset_strict.sh[8]set +eu
++ unset_strict.sh[9]set +o pipefail
+ exglobal_atmos_products.sh[94]/glade/work/epicufsrt/contrib/spack-stack/derecho/spack-stack-1.9.2/envs/ue-oneapi-2024.2.1/install/oneapi/2024.2.1/wgrib2-3.6.0-4wdrbtc/bin/wgrib2 -d 687 tmpfilea_f004
+ exglobal_atmos_products.sh[94]grep -E -i 'ugrd|ustm|uflx|u-gwd|land|maxuw'
687:41516508:d=2021122012:UGRD:30 m above ground:4 hour fcst:
+ exglobal_atmos_products.sh[95]rc=0
+ exglobal_atmos_products.sh[96]source /glade/derecho/scratch/epicufsrt/GFS_CI_CD/DERECHO/Gitlab/BUILD/pr_cases_4919_a75a926a_17653/global-workflow/ush/set_strict.sh
++ set_strict.sh[13][[ YES == \Y\E\S ]]
++ set_strict.sh[15]set -eu
++ set_strict.sh[17]set -o pipefail
+ exglobal_atmos_products.sh[97][[ 0 == 0 ]]
+ exglobal_atmos_products.sh[98]last=688
+ exglobal_atmos_products.sh[100][[ 22 -eq 24 ]]
+ exglobal_atmos_products.sh[100][[ 688 -gt 753 ]]
+ exglobal_atmos_products.sh[105]/glade/work/epicufsrt/contrib/spack-stack/derecho/spack-stack-1.9.2/envs/ue-oneapi-2024.2.1/install/oneapi/2024.2.1/wgrib2-3.6.0-4wdrbtc/bin/wgrib2 tmpfilea_f004 -for 657:688 -grib tmpfilea_f004_22
657:38988877:d=2021122012:DLWRF:surface:0-4 hour ave fcst:
658:39068284:d=2021122012:USWRF:surface:0-4 hour ave fcst:
659:39129777:d=2021122012:ULWRF:surface:0-4 hour ave fcst:
660:39194823:d=2021122012:USWRF:top of atmosphere:0-4 hour ave fcst:
661:39265586:d=2021122012:ULWRF:top of atmosphere:0-4 hour ave fcst:
662:39339138:d=2021122012:AOTK:entire atmosphere:4 hour fcst:aerosol=Total aerosol:aerosol_size <2e-05aerosol_wavelength >=5.45e-07,<=5.55e-07
663:39439705:d=2021122012:AOTK:entire atmosphere:4 hour fcst:aerosol=Dust dry:aerosol_size <2e-05aerosol_wavelength >=5.45e-07,<=5.55e-07
664:39493776:d=2021122012:AOTK:entire atmosphere:4 hour fcst:aerosol=Sea salt dry:aerosol_size <2e-05aerosol_wavelength >=5.45e-07,<=5.55e-07
665:39597143:d=2021122012:AOTK:entire atmosphere:4 hour fcst:aerosol=Sulphate dry:aerosol_size <2e-05aerosol_wavelength >=5.45e-07,<=5.55e-07
666:39681269:d=2021122012:AOTK:entire atmosphere:4 hour fcst:aerosol=Particulate organic matter dry:aerosol_size <2e-05aerosol_wavelength >=5.45e-07,<=5.55e-07
667:39775031:d=2021122012:AOTK:entire atmosphere:4 hour fcst:aerosol=Black carbon dry:aerosol_size <2e-05aerosol_wavelength >=5.45e-07,<=5.55e-07
668:39856878:d=2021122012:HLCY:3000-0 m above ground:4 hour fcst:
669:39913863:d=2021122012:HLCY:1000-0 m above ground:4 hour fcst:
670:39965158:d=2021122012:USTM:6000-0 m above ground:4 hour fcst:
671:40046992:d=2021122012:VSTM:6000-0 m above ground:4 hour fcst:
672:40128065:d=2021122012:PRES:tropopause:4 hour fcst:
673:40242505:d=2021122012:ICAHT:tropopause:4 hour fcst:
674:40351848:d=2021122012:HGT:tropopause:4 hour fcst:
675:40460641:d=2021122012:TMP:tropopause:4 hour fcst:
676:40542879:d=2021122012:UGRD:tropopause:4 hour fcst:
677:40603253:d=2021122012:VGRD:tropopause:4 hour fcst:
678:40661944:d=2021122012:VWSH:tropopause:4 hour fcst:
679:40736762:d=2021122012:PRES:max wind:4 hour fcst:
680:40868942:d=2021122012:ICAHT:max wind:4 hour fcst:
681:41003774:d=2021122012:HGT:max wind:4 hour fcst:
682:41139161:d=2021122012:UGRD:max wind:4 hour fcst:
683:41200403:d=2021122012:VGRD:max wind:4 hour fcst:
684:41265846:d=2021122012:TMP:max wind:4 hour fcst:
685:41367533:d=2021122012:UGRD:20 m above ground:4 hour fcst:
686:41441987:d=2021122012:VGRD:20 m above ground:4 hour fcst:
687:41516508:d=2021122012:UGRD:30 m above ground:4 hour fcst:
688:41591777:d=2021122012:VGRD:30 m above ground:4 hour fcst:
+ exglobal_atmos_products.sh[105]true
+ exglobal_atmos_products.sh[106]export err=0
+ exglobal_atmos_products.sh[106]err=0
+ exglobal_atmos_products.sh[107][[ 0 -ne 0 ]]
+ exglobal_atmos_products.sh[110]input_file=tmpfilea_f004_22
+ exglobal_atmos_products.sh[111]output_file_prefix=pgb2afile_f004_22
+ exglobal_atmos_products.sh[112]echo '/glade/derecho/scratch/epicufsrt/GFS_CI_CD/DERECHO/Gitlab/BUILD/pr_cases_4919_a75a926a_17653/global-workflow/ush/interp_atmos_master.sh tmpfilea_f004_22 pgb2afile_f004_22 0p25:0p50:1p00'
+ exglobal_atmos_products.sh[116][[ 688 -eq 753 ]]
+ exglobal_atmos_products.sh[117](( iproc++ ))
+ exglobal_atmos_products.sh[117](( iproc <= nproc ))
+ exglobal_atmos_products.sh[84]first=689
+ exglobal_atmos_products.sh[85]last=719
+ exglobal_atmos_products.sh[86][[ 719 -gt 753 ]]
+ exglobal_atmos_products.sh[93]source /glade/derecho/scratch/epicufsrt/GFS_CI_CD/DERECHO/Gitlab/BUILD/pr_cases_4919_a75a926a_17653/global-workflow/ush/unset_strict.sh
++ unset_strict.sh[8]set +eu
++ unset_strict.sh[9]set +o pipefail
+ exglobal_atmos_products.sh[94]/glade/work/epicufsrt/contrib/spack-stack/derecho/spack-stack-1.9.2/envs/ue-oneapi-2024.2.1/install/oneapi/2024.2.1/wgrib2-3.6.0-4wdrbtc/bin/wgrib2 -d 719 tmpfilea_f004
+ exglobal_atmos_products.sh[94]grep -E -i 'ugrd|ustm|uflx|u-gwd|land|maxuw'
+ exglobal_atmos_products.sh[95]rc=1
+ exglobal_atmos_products.sh[96]source /glade/derecho/scratch/epicufsrt/GFS_CI_CD/DERECHO/Gitlab/BUILD/pr_cases_4919_a75a926a_17653/global-workflow/ush/set_strict.sh
++ set_strict.sh[13][[ YES == \Y\E\S ]]
++ set_strict.sh[15]set -eu
++ set_strict.sh[17]set -o pipefail
+ exglobal_atmos_products.sh[97][[ 1 == 0 ]]
+ exglobal_atmos_products.sh[100][[ 23 -eq 24 ]]
+ exglobal_atmos_products.sh[100][[ 719 -gt 753 ]]
+ exglobal_atmos_products.sh[105]/glade/work/epicufsrt/contrib/spack-stack/derecho/spack-stack-1.9.2/envs/ue-oneapi-2024.2.1/install/oneapi/2024.2.1/wgrib2-3.6.0-4wdrbtc/bin/wgrib2 tmpfilea_f004 -for 689:719 -grib tmpfilea_f004_23
689:41667113:d=2021122012:UGRD:40 m above ground:4 hour fcst:
690:41742763:d=2021122012:VGRD:40 m above ground:4 hour fcst:
691:41818501:d=2021122012:UGRD:50 m above ground:4 hour fcst:
692:41894487:d=2021122012:VGRD:50 m above ground:4 hour fcst:
693:41970493:d=2021122012:TMP:80 m above ground:4 hour fcst:
694:42043823:d=2021122012:SPFH:80 m above ground:4 hour fcst:
695:42150546:d=2021122012:PRES:80 m above ground:4 hour fcst:
696:42237526:d=2021122012:UGRD:80 m above ground:4 hour fcst:
697:42314077:d=2021122012:VGRD:80 m above ground:4 hour fcst:
698:42390702:d=2021122012:TMP:100 m above ground:4 hour fcst:
699:42463859:d=2021122012:UGRD:100 m above ground:4 hour fcst:
700:42540631:d=2021122012:VGRD:100 m above ground:4 hour fcst:
701:42617538:d=2021122012:TMP:1829 m above mean sea level:4 hour fcst:
702:42694641:d=2021122012:UGRD:1829 m above mean sea level:4 hour fcst:
703:42776392:d=2021122012:VGRD:1829 m above mean sea level:4 hour fcst:
704:42859735:d=2021122012:TMP:2743 m above mean sea level:4 hour fcst:
705:42934841:d=2021122012:UGRD:2743 m above mean sea level:4 hour fcst:
706:43017687:d=2021122012:VGRD:2743 m above mean sea level:4 hour fcst:
707:43102311:d=2021122012:TMP:3658 m above mean sea level:4 hour fcst:
708:43177860:d=2021122012:UGRD:3658 m above mean sea level:4 hour fcst:
709:43261580:d=2021122012:VGRD:3658 m above mean sea level:4 hour fcst:
710:43346912:d=2021122012:HGT:0C isotherm:4 hour fcst:
711:43424638:d=2021122012:RH:0C isotherm:4 hour fcst:
712:43494695:d=2021122012:HGT:highest tropospheric freezing level:4 hour fcst:
713:43572864:d=2021122012:RH:highest tropospheric freezing level:4 hour fcst:
714:43643038:d=2021122012:TMP:30-0 mb above ground:4 hour fcst:
715:43716209:d=2021122012:RH:30-0 mb above ground:4 hour fcst:
716:43780482:d=2021122012:SPFH:30-0 mb above ground:4 hour fcst:
717:43887249:d=2021122012:UGRD:30-0 mb above ground:4 hour fcst:
718:43963832:d=2021122012:VGRD:30-0 mb above ground:4 hour fcst:
719:44040653:d=2021122012:4LFTX:surface:4 hour fcst:
+ exglobal_atmos_products.sh[105]true
+ exglobal_atmos_products.sh[106]export err=0
+ exglobal_atmos_products.sh[106]err=0
+ exglobal_atmos_products.sh[107][[ 0 -ne 0 ]]
+ exglobal_atmos_products.sh[110]input_file=tmpfilea_f004_23
+ exglobal_atmos_products.sh[111]output_file_prefix=pgb2afile_f004_23
+ exglobal_atmos_products.sh[112]echo '/glade/derecho/scratch/epicufsrt/GFS_CI_CD/DERECHO/Gitlab/BUILD/pr_cases_4919_a75a926a_17653/global-workflow/ush/interp_atmos_master.sh tmpfilea_f004_23 pgb2afile_f004_23 0p25:0p50:1p00'
+ exglobal_atmos_products.sh[116][[ 719 -eq 753 ]]
+ exglobal_atmos_products.sh[117](( iproc++ ))
+ exglobal_atmos_products.sh[117](( iproc <= nproc ))
+ exglobal_atmos_products.sh[84]first=720
+ exglobal_atmos_products.sh[85]last=750
+ exglobal_atmos_products.sh[86][[ 750 -gt 753 ]]
+ exglobal_atmos_products.sh[93]source /glade/derecho/scratch/epicufsrt/GFS_CI_CD/DERECHO/Gitlab/BUILD/pr_cases_4919_a75a926a_17653/global-workflow/ush/unset_strict.sh
++ unset_strict.sh[8]set +eu
++ unset_strict.sh[9]set +o pipefail
+ exglobal_atmos_products.sh[94]/glade/work/epicufsrt/contrib/spack-stack/derecho/spack-stack-1.9.2/envs/ue-oneapi-2024.2.1/install/oneapi/2024.2.1/wgrib2-3.6.0-4wdrbtc/bin/wgrib2 -d 750 tmpfilea_f004
+ exglobal_atmos_products.sh[94]grep -E -i 'ugrd|ustm|uflx|u-gwd|land|maxuw'
+ exglobal_atmos_products.sh[95]rc=1
+ exglobal_atmos_products.sh[96]source /glade/derecho/scratch/epicufsrt/GFS_CI_CD/DERECHO/Gitlab/BUILD/pr_cases_4919_a75a926a_17653/global-workflow/ush/set_strict.sh
++ set_strict.sh[13][[ YES == \Y\E\S ]]
++ set_strict.sh[15]set -eu
++ set_strict.sh[17]set -o pipefail
+ exglobal_atmos_products.sh[97][[ 1 == 0 ]]
+ exglobal_atmos_products.sh[100][[ 24 -eq 24 ]]
+ exglobal_atmos_products.sh[101]last=753
+ exglobal_atmos_products.sh[105]/glade/work/epicufsrt/contrib/spack-stack/derecho/spack-stack-1.9.2/envs/ue-oneapi-2024.2.1/install/oneapi/2024.2.1/wgrib2-3.6.0-4wdrbtc/bin/wgrib2 tmpfilea_f004 -for 720:753 -grib tmpfilea_f004_24
720:44088104:d=2021122012:CAPE:180-0 mb above ground:4 hour fcst:
721:44131237:d=2021122012:CIN:180-0 mb above ground:4 hour fcst:
722:44175882:d=2021122012:HPBL:surface:4 hour fcst:
723:44290756:d=2021122012:RH:0.33-1 sigma layer:4 hour fcst:
724:44356319:d=2021122012:RH:0.44-1 sigma layer:4 hour fcst:
725:44420751:d=2021122012:RH:0.72-0.94 sigma layer:4 hour fcst:
726:44488539:d=2021122012:RH:0.44-0.72 sigma layer:4 hour fcst:
727:44556507:d=2021122012:TMP:0.995 sigma level:4 hour fcst:
728:44630058:d=2021122012:POT:0.995 sigma level:4 hour fcst:
729:44703157:d=2021122012:RH:0.995 sigma level:4 hour fcst:
730:44767266:d=2021122012:UGRD:0.995 sigma level:4 hour fcst:
731:44843653:d=2021122012:VGRD:0.995 sigma level:4 hour fcst:
732:44919844:d=2021122012:VVEL:0.995 sigma level:4 hour fcst:
733:45001104:d=2021122012:CAPE:90-0 mb above ground:4 hour fcst:
734:45040804:d=2021122012:CIN:90-0 mb above ground:4 hour fcst:
735:45068788:d=2021122012:CAPE:255-0 mb above ground:4 hour fcst:
736:45110105:d=2021122012:CIN:255-0 mb above ground:4 hour fcst:
737:45134058:d=2021122012:PLPL:255-0 mb above ground:4 hour fcst:
738:45216403:d=2021122012:LAND:surface:4 hour fcst:
739:45220828:d=2021122012:ICEC:surface:4 hour fcst:
740:45231280:d=2021122012:ALBDO:surface:0-4 hour ave fcst:
741:45288900:d=2021122012:ICETMP:surface:4 hour fcst:
742:45313577:d=2021122012:UGRD:PV=2e-06 (Km^2/kg/s) surface:4 hour fcst:
743:45356583:d=2021122012:VGRD:PV=2e-06 (Km^2/kg/s) surface:4 hour fcst:
744:45398833:d=2021122012:TMP:PV=2e-06 (Km^2/kg/s) surface:4 hour fcst:
745:45456627:d=2021122012:HGT:PV=2e-06 (Km^2/kg/s) surface:4 hour fcst:
746:45527294:d=2021122012:PRES:PV=2e-06 (Km^2/kg/s) surface:4 hour fcst:
747:45596568:d=2021122012:VWSH:PV=2e-06 (Km^2/kg/s) surface:4 hour fcst:
748:45646537:d=2021122012:UGRD:PV=-2e-06 (Km^2/kg/s) surface:4 hour fcst:
749:45690688:d=2021122012:VGRD:PV=-2e-06 (Km^2/kg/s) surface:4 hour fcst:
750:45733850:d=2021122012:TMP:PV=-2e-06 (Km^2/kg/s) surface:4 hour fcst:
751:45793061:d=2021122012:HGT:PV=-2e-06 (Km^2/kg/s) surface:4 hour fcst:
752:45864767:d=2021122012:PRES:PV=-2e-06 (Km^2/kg/s) surface:4 hour fcst:
753:45939902:d=2021122012:VWSH:PV=-2e-06 (Km^2/kg/s) surface:4 hour fcst:
+ exglobal_atmos_products.sh[105]true
+ exglobal_atmos_products.sh[106]export err=0
+ exglobal_atmos_products.sh[106]err=0
+ exglobal_atmos_products.sh[107][[ 0 -ne 0 ]]
+ exglobal_atmos_products.sh[110]input_file=tmpfilea_f004_24
+ exglobal_atmos_products.sh[111]output_file_prefix=pgb2afile_f004_24
+ exglobal_atmos_products.sh[112]echo '/glade/derecho/scratch/epicufsrt/GFS_CI_CD/DERECHO/Gitlab/BUILD/pr_cases_4919_a75a926a_17653/global-workflow/ush/interp_atmos_master.sh tmpfilea_f004_24 pgb2afile_f004_24 0p25:0p50:1p00'
+ exglobal_atmos_products.sh[116][[ 753 -eq 753 ]]
+ exglobal_atmos_products.sh[117](( pproc = iproc + 1 ))
+ exglobal_atmos_products.sh[117](( pproc <= nproc ))
+ exglobal_atmos_products.sh[120]break
+ exglobal_atmos_products.sh[125]/glade/derecho/scratch/epicufsrt/GFS_CI_CD/DERECHO/Gitlab/BUILD/pr_cases_4919_a75a926a_17653/global-workflow/ush/run_mpmd.sh /lustre/desc1/scratch/epicufsrt/stmp/RUNDIRS/C96C48_hybatmsnowDA_a75a926a-17653/gdas.2021122012/atmos_products_f004.130144/cmdfile
+ run_mpmd.sh[35]cmdfile=/lustre/desc1/scratch/epicufsrt/stmp/RUNDIRS/C96C48_hybatmsnowDA_a75a926a-17653/gdas.2021122012/atmos_products_f004.130144/cmdfile
+ run_mpmd.sh[38][[ mpiexec -l =~ ^srun.* ]]
+ run_mpmd.sh[40][[ mpiexec -l =~ ^mpiexec.* ]]
+ run_mpmd.sh[41]_mpmd_launcher=mpiexec
+ run_mpmd.sh[49][[ mpiexec == \u\n\s\u\p\p\o\r\t\e\d ]]
+ run_mpmd.sh[52]echo 'INFO: Detected launcher '\''mpiexec'\'', will attempt to run in MPMD mode if USE_CFP is set to YES'
INFO: Detected launcher 'mpiexec', will attempt to run in MPMD mode if USE_CFP is set to YES
+ run_mpmd.sh[53][[ -z 24 ]]
+ run_mpmd.sh[53][[ -z 24 ]]
+ run_mpmd.sh[57]USE_CFP=YES
+ run_mpmd.sh[58]max_tasks_per_node=24
+ run_mpmd.sh[63][[ YES != \Y\E\S ]]
+ run_mpmd.sh[74][[ DERECHO == \D\E\R\E\C\H\O ]]
+ run_mpmd.sh[75]wrapper_script=stdout_wrapper.sh
+ run_mpmd.sh[76]rm -f stdout_wrapper.sh
+ run_mpmd.sh[77]cat
+ run_mpmd.sh[84]chmod 755 stdout_wrapper.sh
+ run_mpmd.sh[88]export OMP_NUM_THREADS=1
+ run_mpmd.sh[88]OMP_NUM_THREADS=1
+ run_mpmd.sh[91]mpmd_cmdfile=/lustre/desc1/scratch/epicufsrt/stmp/RUNDIRS/C96C48_hybatmsnowDA_a75a926a-17653/gdas.2021122012/atmos_products_f004.130144/mpmd_cmdfile
+ run_mpmd.sh[92]rm -f '/lustre/desc1/scratch/epicufsrt/stmp/RUNDIRS/C96C48_hybatmsnowDA_a75a926a-17653/gdas.2021122012/atmos_products_f004.130144/mpmd_cmdfile*'
+ run_mpmd.sh[182]cat
INFO: Executing MPMD job, STDOUT and STDERR redirected for each process separately
INFO: On failure, logs for each job will be available in /lustre/desc1/scratch/epicufsrt/stmp/RUNDIRS/C96C48_hybatmsnowDA_a75a926a-17653/gdas.2021122012/atmos_products_f004.130144/mpmd.proc_num.out
INFO: The proc_num corresponds to the line in '/lustre/desc1/scratch/epicufsrt/stmp/RUNDIRS/C96C48_hybatmsnowDA_a75a926a-17653/gdas.2021122012/atmos_products_f004.130144/cmdfile'
++ run_mpmd.sh[189]wc -l
+ run_mpmd.sh[189]nm=24
+ run_mpmd.sh[193][[ 24 -gt 24 ]]
+ run_mpmd.sh[202]chunk_size=24
+ run_mpmd.sh[206]chunk_num=1
+ run_mpmd.sh[207]err=0
+ run_mpmd.sh[208](( i = 0 ))
+ run_mpmd.sh[208](( i < nm ))
+ run_mpmd.sh[209]chunk_file=/lustre/desc1/scratch/epicufsrt/stmp/RUNDIRS/C96C48_hybatmsnowDA_a75a926a-17653/gdas.2021122012/atmos_products_f004.130144/mpmd_cmdfile.chunk1
+ run_mpmd.sh[210]chunk_mpmd /lustre/desc1/scratch/epicufsrt/stmp/RUNDIRS/C96C48_hybatmsnowDA_a75a926a-17653/gdas.2021122012/atmos_products_f004.130144/cmdfile 24 1 /lustre/desc1/scratch/epicufsrt/stmp/RUNDIRS/C96C48_hybatmsnowDA_a75a926a-17653/gdas.2021122012/atmos_products_f004.130144/mpmd_cmdfile.chunk1
+ run_mpmd.sh[105]local mpmd_file=/lustre/desc1/scratch/epicufsrt/stmp/RUNDIRS/C96C48_hybatmsnowDA_a75a926a-17653/gdas.2021122012/atmos_products_f004.130144/cmdfile
+ run_mpmd.sh[106]local chunk_sz=24
+ run_mpmd.sh[107]local chunk_num=1
+ run_mpmd.sh[108]local chunk_file=/lustre/desc1/scratch/epicufsrt/stmp/RUNDIRS/C96C48_hybatmsnowDA_a75a926a-17653/gdas.2021122012/atmos_products_f004.130144/mpmd_cmdfile.chunk1
+ run_mpmd.sh[109][[ ! -s /lustre/desc1/scratch/epicufsrt/stmp/RUNDIRS/C96C48_hybatmsnowDA_a75a926a-17653/gdas.2021122012/atmos_products_f004.130144/cmdfile ]]
+ run_mpmd.sh[114][[ -f /lustre/desc1/scratch/epicufsrt/stmp/RUNDIRS/C96C48_hybatmsnowDA_a75a926a-17653/gdas.2021122012/atmos_products_f004.130144/mpmd_cmdfile.chunk1 ]]
+ run_mpmd.sh[120]local _start_line=1
+ run_mpmd.sh[121]local _end_line=24
+ run_mpmd.sh[124][[ mpiexec == \m\p\i\e\x\e\c ]]
+ run_mpmd.sh[125]echo '#!/usr/bin/bash'
+ run_mpmd.sh[128]local _counter=1
+ run_mpmd.sh[129]IFS=
+ run_mpmd.sh[129]read -r line
+ run_mpmd.sh[130][[ 1 -ge 1 ]]
+ run_mpmd.sh[130][[ 1 -le 24 ]]
+ run_mpmd.sh[131]local i=0
+ run_mpmd.sh[133][[ mpiexec == \s\r\u\n ]]
+ run_mpmd.sh[135][[ mpiexec == \m\p\i\e\x\e\c ]]
+ run_mpmd.sh[138][[ DERECHO == \D\E\R\E\C\H\O ]]
+ run_mpmd.sh[139]echo '-n 1 stdout_wrapper.sh /glade/derecho/scratch/epicufsrt/GFS_CI_CD/DERECHO/Gitlab/BUILD/pr_cases_4919_a75a926a_17653/global-workflow/ush/interp_atmos_master.sh tmpfilea_f004_1 pgb2afile_f004_1 0p25:0p50:1p00 mpmd.0.out'
+ run_mpmd.sh[144]err=0
+ run_mpmd.sh[145][[ 0 -ne 0 ]]
+ run_mpmd.sh[150](( _counter = _counter + 1 ))
+ run_mpmd.sh[129]IFS=
+ run_mpmd.sh[129]read -r line
+ run_mpmd.sh[130][[ 2 -ge 1 ]]
+ run_mpmd.sh[130][[ 2 -le 24 ]]
+ run_mpmd.sh[131]local i=1
+ run_mpmd.sh[133][[ mpiexec == \s\r\u\n ]]
+ run_mpmd.sh[135][[ mpiexec == \m\p\i\e\x\e\c ]]
+ run_mpmd.sh[138][[ DERECHO == \D\E\R\E\C\H\O ]]
+ run_mpmd.sh[139]echo '-n 1 stdout_wrapper.sh /glade/derecho/scratch/epicufsrt/GFS_CI_CD/DERECHO/Gitlab/BUILD/pr_cases_4919_a75a926a_17653/global-workflow/ush/interp_atmos_master.sh tmpfilea_f004_2 pgb2afile_f004_2 0p25:0p50:1p00 mpmd.1.out'
+ run_mpmd.sh[144]err=0
+ run_mpmd.sh[145][[ 0 -ne 0 ]]
+ run_mpmd.sh[150](( _counter = _counter + 1 ))
+ run_mpmd.sh[129]IFS=
+ run_mpmd.sh[129]read -r line
+ run_mpmd.sh[130][[ 3 -ge 1 ]]
+ run_mpmd.sh[130][[ 3 -le 24 ]]
+ run_mpmd.sh[131]local i=2
+ run_mpmd.sh[133][[ mpiexec == \s\r\u\n ]]
+ run_mpmd.sh[135][[ mpiexec == \m\p\i\e\x\e\c ]]
+ run_mpmd.sh[138][[ DERECHO == \D\E\R\E\C\H\O ]]
+ run_mpmd.sh[139]echo '-n 1 stdout_wrapper.sh /glade/derecho/scratch/epicufsrt/GFS_CI_CD/DERECHO/Gitlab/BUILD/pr_cases_4919_a75a926a_17653/global-workflow/ush/interp_atmos_master.sh tmpfilea_f004_3 pgb2afile_f004_3 0p25:0p50:1p00 mpmd.2.out'
+ run_mpmd.sh[144]err=0
+ run_mpmd.sh[145][[ 0 -ne 0 ]]
+ run_mpmd.sh[150](( _counter = _counter + 1 ))
+ run_mpmd.sh[129]IFS=
+ run_mpmd.sh[129]read -r line
+ run_mpmd.sh[130][[ 4 -ge 1 ]]
+ run_mpmd.sh[130][[ 4 -le 24 ]]
+ run_mpmd.sh[131]local i=3
+ run_mpmd.sh[133][[ mpiexec == \s\r\u\n ]]
+ run_mpmd.sh[135][[ mpiexec == \m\p\i\e\x\e\c ]]
+ run_mpmd.sh[138][[ DERECHO == \D\E\R\E\C\H\O ]]
+ run_mpmd.sh[139]echo '-n 1 stdout_wrapper.sh /glade/derecho/scratch/epicufsrt/GFS_CI_CD/DERECHO/Gitlab/BUILD/pr_cases_4919_a75a926a_17653/global-workflow/ush/interp_atmos_master.sh tmpfilea_f004_4 pgb2afile_f004_4 0p25:0p50:1p00 mpmd.3.out'
+ run_mpmd.sh[144]err=0
+ run_mpmd.sh[145][[ 0 -ne 0 ]]
+ run_mpmd.sh[150](( _counter = _counter + 1 ))
+ run_mpmd.sh[129]IFS=
+ run_mpmd.sh[129]read -r line
+ run_mpmd.sh[130][[ 5 -ge 1 ]]
+ run_mpmd.sh[130][[ 5 -le 24 ]]
+ run_mpmd.sh[131]local i=4
+ run_mpmd.sh[133][[ mpiexec == \s\r\u\n ]]
+ run_mpmd.sh[135][[ mpiexec == \m\p\i\e\x\e\c ]]
+ run_mpmd.sh[138][[ DERECHO == \D\E\R\E\C\H\O ]]
+ run_mpmd.sh[139]echo '-n 1 stdout_wrapper.sh /glade/derecho/scratch/epicufsrt/GFS_CI_CD/DERECHO/Gitlab/BUILD/pr_cases_4919_a75a926a_17653/global-workflow/ush/interp_atmos_master.sh tmpfilea_f004_5 pgb2afile_f004_5 0p25:0p50:1p00 mpmd.4.out'
+ run_mpmd.sh[144]err=0
+ run_mpmd.sh[145][[ 0 -ne 0 ]]
+ run_mpmd.sh[150](( _counter = _counter + 1 ))
+ run_mpmd.sh[129]IFS=
+ run_mpmd.sh[129]read -r line
+ run_mpmd.sh[130][[ 6 -ge 1 ]]
+ run_mpmd.sh[130][[ 6 -le 24 ]]
+ run_mpmd.sh[131]local i=5
+ run_mpmd.sh[133][[ mpiexec == \s\r\u\n ]]
+ run_mpmd.sh[135][[ mpiexec == \m\p\i\e\x\e\c ]]
+ run_mpmd.sh[138][[ DERECHO == \D\E\R\E\C\H\O ]]
+ run_mpmd.sh[139]echo '-n 1 stdout_wrapper.sh /glade/derecho/scratch/epicufsrt/GFS_CI_CD/DERECHO/Gitlab/BUILD/pr_cases_4919_a75a926a_17653/global-workflow/ush/interp_atmos_master.sh tmpfilea_f004_6 pgb2afile_f004_6 0p25:0p50:1p00 mpmd.5.out'
+ run_mpmd.sh[144]err=0
+ run_mpmd.sh[145][[ 0 -ne 0 ]]
+ run_mpmd.sh[150](( _counter = _counter + 1 ))
+ run_mpmd.sh[129]IFS=
+ run_mpmd.sh[129]read -r line
+ run_mpmd.sh[130][[ 7 -ge 1 ]]
+ run_mpmd.sh[130][[ 7 -le 24 ]]
+ run_mpmd.sh[131]local i=6
+ run_mpmd.sh[133][[ mpiexec == \s\r\u\n ]]
+ run_mpmd.sh[135][[ mpiexec == \m\p\i\e\x\e\c ]]
+ run_mpmd.sh[138][[ DERECHO == \D\E\R\E\C\H\O ]]
+ run_mpmd.sh[139]echo '-n 1 stdout_wrapper.sh /glade/derecho/scratch/epicufsrt/GFS_CI_CD/DERECHO/Gitlab/BUILD/pr_cases_4919_a75a926a_17653/global-workflow/ush/interp_atmos_master.sh tmpfilea_f004_7 pgb2afile_f004_7 0p25:0p50:1p00 mpmd.6.out'
+ run_mpmd.sh[144]err=0
+ run_mpmd.sh[145][[ 0 -ne 0 ]]
+ run_mpmd.sh[150](( _counter = _counter + 1 ))
+ run_mpmd.sh[129]IFS=
+ run_mpmd.sh[129]read -r line
+ run_mpmd.sh[130][[ 8 -ge 1 ]]
+ run_mpmd.sh[130][[ 8 -le 24 ]]
+ run_mpmd.sh[131]local i=7
+ run_mpmd.sh[133][[ mpiexec == \s\r\u\n ]]
+ run_mpmd.sh[135][[ mpiexec == \m\p\i\e\x\e\c ]]
+ run_mpmd.sh[138][[ DERECHO == \D\E\R\E\C\H\O ]]
+ run_mpmd.sh[139]echo '-n 1 stdout_wrapper.sh /glade/derecho/scratch/epicufsrt/GFS_CI_CD/DERECHO/Gitlab/BUILD/pr_cases_4919_a75a926a_17653/global-workflow/ush/interp_atmos_master.sh tmpfilea_f004_8 pgb2afile_f004_8 0p25:0p50:1p00 mpmd.7.out'
+ run_mpmd.sh[144]err=0
+ run_mpmd.sh[145][[ 0 -ne 0 ]]
+ run_mpmd.sh[150](( _counter = _counter + 1 ))
+ run_mpmd.sh[129]IFS=
+ run_mpmd.sh[129]read -r line
+ run_mpmd.sh[130][[ 9 -ge 1 ]]
+ run_mpmd.sh[130][[ 9 -le 24 ]]
+ run_mpmd.sh[131]local i=8
+ run_mpmd.sh[133][[ mpiexec == \s\r\u\n ]]
+ run_mpmd.sh[135][[ mpiexec == \m\p\i\e\x\e\c ]]
+ run_mpmd.sh[138][[ DERECHO == \D\E\R\E\C\H\O ]]
+ run_mpmd.sh[139]echo '-n 1 stdout_wrapper.sh /glade/derecho/scratch/epicufsrt/GFS_CI_CD/DERECHO/Gitlab/BUILD/pr_cases_4919_a75a926a_17653/global-workflow/ush/interp_atmos_master.sh tmpfilea_f004_9 pgb2afile_f004_9 0p25:0p50:1p00 mpmd.8.out'
+ run_mpmd.sh[144]err=0
+ run_mpmd.sh[145][[ 0 -ne 0 ]]
+ run_mpmd.sh[150](( _counter = _counter + 1 ))
+ run_mpmd.sh[129]IFS=
+ run_mpmd.sh[129]read -r line
+ run_mpmd.sh[130][[ 10 -ge 1 ]]
+ run_mpmd.sh[130][[ 10 -le 24 ]]
+ run_mpmd.sh[131]local i=9
+ run_mpmd.sh[133][[ mpiexec == \s\r\u\n ]]
+ run_mpmd.sh[135][[ mpiexec == \m\p\i\e\x\e\c ]]
+ run_mpmd.sh[138][[ DERECHO == \D\E\R\E\C\H\O ]]
+ run_mpmd.sh[139]echo '-n 1 stdout_wrapper.sh /glade/derecho/scratch/epicufsrt/GFS_CI_CD/DERECHO/Gitlab/BUILD/pr_cases_4919_a75a926a_17653/global-workflow/ush/interp_atmos_master.sh tmpfilea_f004_10 pgb2afile_f004_10 0p25:0p50:1p00 mpmd.9.out'
+ run_mpmd.sh[144]err=0
+ run_mpmd.sh[145][[ 0 -ne 0 ]]
+ run_mpmd.sh[150](( _counter = _counter + 1 ))
+ run_mpmd.sh[129]IFS=
+ run_mpmd.sh[129]read -r line
+ run_mpmd.sh[130][[ 11 -ge 1 ]]
+ run_mpmd.sh[130][[ 11 -le 24 ]]
+ run_mpmd.sh[131]local i=10
+ run_mpmd.sh[133][[ mpiexec == \s\r\u\n ]]
+ run_mpmd.sh[135][[ mpiexec == \m\p\i\e\x\e\c ]]
+ run_mpmd.sh[138][[ DERECHO == \D\E\R\E\C\H\O ]]
+ run_mpmd.sh[139]echo '-n 1 stdout_wrapper.sh /glade/derecho/scratch/epicufsrt/GFS_CI_CD/DERECHO/Gitlab/BUILD/pr_cases_4919_a75a926a_17653/global-workflow/ush/interp_atmos_master.sh tmpfilea_f004_11 pgb2afile_f004_11 0p25:0p50:1p00 mpmd.10.out'
+ run_mpmd.sh[144]err=0
+ run_mpmd.sh[145][[ 0 -ne 0 ]]
+ run_mpmd.sh[150](( _counter = _counter + 1 ))
+ run_mpmd.sh[129]IFS=
+ run_mpmd.sh[129]read -r line
+ run_mpmd.sh[130][[ 12 -ge 1 ]]
+ run_mpmd.sh[130][[ 12 -le 24 ]]
+ run_mpmd.sh[131]local i=11
+ run_mpmd.sh[133][[ mpiexec == \s\r\u\n ]]
+ run_mpmd.sh[135][[ mpiexec == \m\p\i\e\x\e\c ]]
+ run_mpmd.sh[138][[ DERECHO == \D\E\R\E\C\H\O ]]
+ run_mpmd.sh[139]echo '-n 1 stdout_wrapper.sh /glade/derecho/scratch/epicufsrt/GFS_CI_CD/DERECHO/Gitlab/BUILD/pr_cases_4919_a75a926a_17653/global-workflow/ush/interp_atmos_master.sh tmpfilea_f004_12 pgb2afile_f004_12 0p25:0p50:1p00 mpmd.11.out'
+ run_mpmd.sh[144]err=0
+ run_mpmd.sh[145][[ 0 -ne 0 ]]
+ run_mpmd.sh[150](( _counter = _counter + 1 ))
+ run_mpmd.sh[129]IFS=
+ run_mpmd.sh[129]read -r line
+ run_mpmd.sh[130][[ 13 -ge 1 ]]
+ run_mpmd.sh[130][[ 13 -le 24 ]]
+ run_mpmd.sh[131]local i=12
+ run_mpmd.sh[133][[ mpiexec == \s\r\u\n ]]
+ run_mpmd.sh[135][[ mpiexec == \m\p\i\e\x\e\c ]]
+ run_mpmd.sh[138][[ DERECHO == \D\E\R\E\C\H\O ]]
+ run_mpmd.sh[139]echo '-n 1 stdout_wrapper.sh /glade/derecho/scratch/epicufsrt/GFS_CI_CD/DERECHO/Gitlab/BUILD/pr_cases_4919_a75a926a_17653/global-workflow/ush/interp_atmos_master.sh tmpfilea_f004_13 pgb2afile_f004_13 0p25:0p50:1p00 mpmd.12.out'
+ run_mpmd.sh[144]err=0
+ run_mpmd.sh[145][[ 0 -ne 0 ]]
+ run_mpmd.sh[150](( _counter = _counter + 1 ))
+ run_mpmd.sh[129]IFS=
+ run_mpmd.sh[129]read -r line
+ run_mpmd.sh[130][[ 14 -ge 1 ]]
+ run_mpmd.sh[130][[ 14 -le 24 ]]
+ run_mpmd.sh[131]local i=13
+ run_mpmd.sh[133][[ mpiexec == \s\r\u\n ]]
+ run_mpmd.sh[135][[ mpiexec == \m\p\i\e\x\e\c ]]
+ run_mpmd.sh[138][[ DERECHO == \D\E\R\E\C\H\O ]]
+ run_mpmd.sh[139]echo '-n 1 stdout_wrapper.sh /glade/derecho/scratch/epicufsrt/GFS_CI_CD/DERECHO/Gitlab/BUILD/pr_cases_4919_a75a926a_17653/global-workflow/ush/interp_atmos_master.sh tmpfilea_f004_14 pgb2afile_f004_14 0p25:0p50:1p00 mpmd.13.out'
+ run_mpmd.sh[144]err=0
+ run_mpmd.sh[145][[ 0 -ne 0 ]]
+ run_mpmd.sh[150](( _counter = _counter + 1 ))
+ run_mpmd.sh[129]IFS=
+ run_mpmd.sh[129]read -r line
+ run_mpmd.sh[130][[ 15 -ge 1 ]]
+ run_mpmd.sh[130][[ 15 -le 24 ]]
+ run_mpmd.sh[131]local i=14
+ run_mpmd.sh[133][[ mpiexec == \s\r\u\n ]]
+ run_mpmd.sh[135][[ mpiexec == \m\p\i\e\x\e\c ]]
+ run_mpmd.sh[138][[ DERECHO == \D\E\R\E\C\H\O ]]
+ run_mpmd.sh[139]echo '-n 1 stdout_wrapper.sh /glade/derecho/scratch/epicufsrt/GFS_CI_CD/DERECHO/Gitlab/BUILD/pr_cases_4919_a75a926a_17653/global-workflow/ush/interp_atmos_master.sh tmpfilea_f004_15 pgb2afile_f004_15 0p25:0p50:1p00 mpmd.14.out'
+ run_mpmd.sh[144]err=0
+ run_mpmd.sh[145][[ 0 -ne 0 ]]
+ run_mpmd.sh[150](( _counter = _counter + 1 ))
+ run_mpmd.sh[129]IFS=
+ run_mpmd.sh[129]read -r line
+ run_mpmd.sh[130][[ 16 -ge 1 ]]
+ run_mpmd.sh[130][[ 16 -le 24 ]]
+ run_mpmd.sh[131]local i=15
+ run_mpmd.sh[133][[ mpiexec == \s\r\u\n ]]
+ run_mpmd.sh[135][[ mpiexec == \m\p\i\e\x\e\c ]]
+ run_mpmd.sh[138][[ DERECHO == \D\E\R\E\C\H\O ]]
+ run_mpmd.sh[139]echo '-n 1 stdout_wrapper.sh /glade/derecho/scratch/epicufsrt/GFS_CI_CD/DERECHO/Gitlab/BUILD/pr_cases_4919_a75a926a_17653/global-workflow/ush/interp_atmos_master.sh tmpfilea_f004_16 pgb2afile_f004_16 0p25:0p50:1p00 mpmd.15.out'
+ run_mpmd.sh[144]err=0
+ run_mpmd.sh[145][[ 0 -ne 0 ]]
+ run_mpmd.sh[150](( _counter = _counter + 1 ))
+ run_mpmd.sh[129]IFS=
+ run_mpmd.sh[129]read -r line
+ run_mpmd.sh[130][[ 17 -ge 1 ]]
+ run_mpmd.sh[130][[ 17 -le 24 ]]
+ run_mpmd.sh[131]local i=16
+ run_mpmd.sh[133][[ mpiexec == \s\r\u\n ]]
+ run_mpmd.sh[135][[ mpiexec == \m\p\i\e\x\e\c ]]
+ run_mpmd.sh[138][[ DERECHO == \D\E\R\E\C\H\O ]]
+ run_mpmd.sh[139]echo '-n 1 stdout_wrapper.sh /glade/derecho/scratch/epicufsrt/GFS_CI_CD/DERECHO/Gitlab/BUILD/pr_cases_4919_a75a926a_17653/global-workflow/ush/interp_atmos_master.sh tmpfilea_f004_17 pgb2afile_f004_17 0p25:0p50:1p00 mpmd.16.out'
+ run_mpmd.sh[144]err=0
+ run_mpmd.sh[145][[ 0 -ne 0 ]]
+ run_mpmd.sh[150](( _counter = _counter + 1 ))
+ run_mpmd.sh[129]IFS=
+ run_mpmd.sh[129]read -r line
+ run_mpmd.sh[130][[ 18 -ge 1 ]]
+ run_mpmd.sh[130][[ 18 -le 24 ]]
+ run_mpmd.sh[131]local i=17
+ run_mpmd.sh[133][[ mpiexec == \s\r\u\n ]]
+ run_mpmd.sh[135][[ mpiexec == \m\p\i\e\x\e\c ]]
+ run_mpmd.sh[138][[ DERECHO == \D\E\R\E\C\H\O ]]
+ run_mpmd.sh[139]echo '-n 1 stdout_wrapper.sh /glade/derecho/scratch/epicufsrt/GFS_CI_CD/DERECHO/Gitlab/BUILD/pr_cases_4919_a75a926a_17653/global-workflow/ush/interp_atmos_master.sh tmpfilea_f004_18 pgb2afile_f004_18 0p25:0p50:1p00 mpmd.17.out'
+ run_mpmd.sh[144]err=0
+ run_mpmd.sh[145][[ 0 -ne 0 ]]
+ run_mpmd.sh[150](( _counter = _counter + 1 ))
+ run_mpmd.sh[129]IFS=
+ run_mpmd.sh[129]read -r line
+ run_mpmd.sh[130][[ 19 -ge 1 ]]
+ run_mpmd.sh[130][[ 19 -le 24 ]]
+ run_mpmd.sh[131]local i=18
+ run_mpmd.sh[133][[ mpiexec == \s\r\u\n ]]
+ run_mpmd.sh[135][[ mpiexec == \m\p\i\e\x\e\c ]]
+ run_mpmd.sh[138][[ DERECHO == \D\E\R\E\C\H\O ]]
+ run_mpmd.sh[139]echo '-n 1 stdout_wrapper.sh /glade/derecho/scratch/epicufsrt/GFS_CI_CD/DERECHO/Gitlab/BUILD/pr_cases_4919_a75a926a_17653/global-workflow/ush/interp_atmos_master.sh tmpfilea_f004_19 pgb2afile_f004_19 0p25:0p50:1p00 mpmd.18.out'
+ run_mpmd.sh[144]err=0
+ run_mpmd.sh[145][[ 0 -ne 0 ]]
+ run_mpmd.sh[150](( _counter = _counter + 1 ))
+ run_mpmd.sh[129]IFS=
+ run_mpmd.sh[129]read -r line
+ run_mpmd.sh[130][[ 20 -ge 1 ]]
+ run_mpmd.sh[130][[ 20 -le 24 ]]
+ run_mpmd.sh[131]local i=19
+ run_mpmd.sh[133][[ mpiexec == \s\r\u\n ]]
+ run_mpmd.sh[135][[ mpiexec == \m\p\i\e\x\e\c ]]
+ run_mpmd.sh[138][[ DERECHO == \D\E\R\E\C\H\O ]]
+ run_mpmd.sh[139]echo '-n 1 stdout_wrapper.sh /glade/derecho/scratch/epicufsrt/GFS_CI_CD/DERECHO/Gitlab/BUILD/pr_cases_4919_a75a926a_17653/global-workflow/ush/interp_atmos_master.sh tmpfilea_f004_20 pgb2afile_f004_20 0p25:0p50:1p00 mpmd.19.out'
+ run_mpmd.sh[144]err=0
+ run_mpmd.sh[145][[ 0 -ne 0 ]]
+ run_mpmd.sh[150](( _counter = _counter + 1 ))
+ run_mpmd.sh[129]IFS=
+ run_mpmd.sh[129]read -r line
+ run_mpmd.sh[130][[ 21 -ge 1 ]]
+ run_mpmd.sh[130][[ 21 -le 24 ]]
+ run_mpmd.sh[131]local i=20
+ run_mpmd.sh[133][[ mpiexec == \s\r\u\n ]]
+ run_mpmd.sh[135][[ mpiexec == \m\p\i\e\x\e\c ]]
+ run_mpmd.sh[138][[ DERECHO == \D\E\R\E\C\H\O ]]
+ run_mpmd.sh[139]echo '-n 1 stdout_wrapper.sh /glade/derecho/scratch/epicufsrt/GFS_CI_CD/DERECHO/Gitlab/BUILD/pr_cases_4919_a75a926a_17653/global-workflow/ush/interp_atmos_master.sh tmpfilea_f004_21 pgb2afile_f004_21 0p25:0p50:1p00 mpmd.20.out'
+ run_mpmd.sh[144]err=0
+ run_mpmd.sh[145][[ 0 -ne 0 ]]
+ run_mpmd.sh[150](( _counter = _counter + 1 ))
+ run_mpmd.sh[129]IFS=
+ run_mpmd.sh[129]read -r line
+ run_mpmd.sh[130][[ 22 -ge 1 ]]
+ run_mpmd.sh[130][[ 22 -le 24 ]]
+ run_mpmd.sh[131]local i=21
+ run_mpmd.sh[133][[ mpiexec == \s\r\u\n ]]
+ run_mpmd.sh[135][[ mpiexec == \m\p\i\e\x\e\c ]]
+ run_mpmd.sh[138][[ DERECHO == \D\E\R\E\C\H\O ]]
+ run_mpmd.sh[139]echo '-n 1 stdout_wrapper.sh /glade/derecho/scratch/epicufsrt/GFS_CI_CD/DERECHO/Gitlab/BUILD/pr_cases_4919_a75a926a_17653/global-workflow/ush/interp_atmos_master.sh tmpfilea_f004_22 pgb2afile_f004_22 0p25:0p50:1p00 mpmd.21.out'
+ run_mpmd.sh[144]err=0
+ run_mpmd.sh[145][[ 0 -ne 0 ]]
+ run_mpmd.sh[150](( _counter = _counter + 1 ))
+ run_mpmd.sh[129]IFS=
+ run_mpmd.sh[129]read -r line
+ run_mpmd.sh[130][[ 23 -ge 1 ]]
+ run_mpmd.sh[130][[ 23 -le 24 ]]
+ run_mpmd.sh[131]local i=22
+ run_mpmd.sh[133][[ mpiexec == \s\r\u\n ]]
+ run_mpmd.sh[135][[ mpiexec == \m\p\i\e\x\e\c ]]
+ run_mpmd.sh[138][[ DERECHO == \D\E\R\E\C\H\O ]]
+ run_mpmd.sh[139]echo '-n 1 stdout_wrapper.sh /glade/derecho/scratch/epicufsrt/GFS_CI_CD/DERECHO/Gitlab/BUILD/pr_cases_4919_a75a926a_17653/global-workflow/ush/interp_atmos_master.sh tmpfilea_f004_23 pgb2afile_f004_23 0p25:0p50:1p00 mpmd.22.out'
+ run_mpmd.sh[144]err=0
+ run_mpmd.sh[145][[ 0 -ne 0 ]]
+ run_mpmd.sh[150](( _counter = _counter + 1 ))
+ run_mpmd.sh[129]IFS=
+ run_mpmd.sh[129]read -r line
+ run_mpmd.sh[130][[ 24 -ge 1 ]]
+ run_mpmd.sh[130][[ 24 -le 24 ]]
+ run_mpmd.sh[131]local i=23
+ run_mpmd.sh[133][[ mpiexec == \s\r\u\n ]]
+ run_mpmd.sh[135][[ mpiexec == \m\p\i\e\x\e\c ]]
+ run_mpmd.sh[138][[ DERECHO == \D\E\R\E\C\H\O ]]
+ run_mpmd.sh[139]echo '-n 1 stdout_wrapper.sh /glade/derecho/scratch/epicufsrt/GFS_CI_CD/DERECHO/Gitlab/BUILD/pr_cases_4919_a75a926a_17653/global-workflow/ush/interp_atmos_master.sh tmpfilea_f004_24 pgb2afile_f004_24 0p25:0p50:1p00 mpmd.23.out'
+ run_mpmd.sh[144]err=0
+ run_mpmd.sh[145][[ 0 -ne 0 ]]
+ run_mpmd.sh[150](( _counter = _counter + 1 ))
+ run_mpmd.sh[129]IFS=
+ run_mpmd.sh[129]read -r line
+ run_mpmd.sh[153]return 0
+ run_mpmd.sh[211]err=0
+ run_mpmd.sh[212][[ 0 -ne 0 ]]
+ run_mpmd.sh[216]chmod 755 /lustre/desc1/scratch/epicufsrt/stmp/RUNDIRS/C96C48_hybatmsnowDA_a75a926a-17653/gdas.2021122012/atmos_products_f004.130144/mpmd_cmdfile.chunk1
++ run_mpmd.sh[218]grep -v -c '^ *#'
+ run_mpmd.sh[218]n_mpmd_tasks=24
+ run_mpmd.sh[219][[ mpiexec == \s\r\u\n ]]
+ run_mpmd.sh[224][[ mpiexec == \m\p\i\e\x\e\c ]]
+ run_mpmd.sh[227][[ DERECHO == \D\E\R\E\C\H\O ]]
+ run_mpmd.sh[229]mpiexec -l -configfile /lustre/desc1/scratch/epicufsrt/stmp/RUNDIRS/C96C48_hybatmsnowDA_a75a926a-17653/gdas.2021122012/atmos_products_f004.130144/mpmd_cmdfile.chunk1
Can't find executable stdout_wrapper.sh
+ exglobal_atmos_products.sh[126]export err=127
+ exglobal_atmos_products.sh[126]err=127
+ exglobal_atmos_products.sh[127][[ 127 -ne 0 ]]
+ exglobal_atmos_products.sh[128]err_exit 'FATAL ERROR: Some or all interpolations of the master grib file failed during MPMD execution!'
+ environment[0]set +eux

    -------------------------------------------------------------
    -- FATAL ERROR: FATAL ERROR: Some or all interpolations of the master grib file failed during MPMD execution! RETURN CODE 127
    -- ABNORMAL EXIT at Mon May 18 07:58:44 AM MDT 2026 on dec2455
    -------------------------------------------------------------
    

Currently Loaded Modules:
  1) stack-oneapi/2024.2.1              41) py-numpy/1.26.4
  2) ncarenv/24.12                 (S)  42) py-pip/23.1.2
  3) craype/2.7.31                      43) esmf/8.8.0
  4) intel/2024.2.1                     44) antlr/2.7.7
  5) libfabric/1.15.2.0                 45) gsl/2.8
  6) cray-mpich/8.1.29                  46) nco/5.2.4
  7) stack-cray-mpich/8.1.29            47) bacio/2.4.1
  8) glibc/2.31                         48) w3emc/2.10.0
  9) intel-oneapi-runtime/2024.2.1      49) prod_util/2.1.1
 10) tar/1.34                           50) g2/3.5.1
 11) gettext/0.22.5                     51) ip/5.1.0
 12) zlib/1.2.11                        52) grib-util/1.4.0
 13) sqlite/3.46.0                      53) g2tmpl/1.13.0
 14) util-linux-uuid/2.40.2             54) gsi-ncdiag/1.1.2
 15) python/3.11.7                      55) crtm-fix/2.4.0.1_emc
 16) stack-python/3.11.7                56) git-lfs/3.5.1
 17) mbedtls/3.6.2                      57) crtm/2.4.0.1
 18) nghttp2/1.63.0                     58) bufr/12.1.0
 19) curl/8.10.1                        59) py-f90nml/1.4.3
 20) cmake/3.27.9                       60) py-certifi/2023.7.22
 21) libjpeg/2.1.0                      61) py-cftime/1.0.3.4
 22) jasper/2.0.32                      62) py-netcdf4/1.7.1.post2
 23) libpng/1.6.37                      63) libyaml/0.2.5
 24) openjpeg/2.3.1                     64) py-pyyaml/6.0.2
 25) eccodes/2.33.0                     65) py-markupsafe/2.1.3
 26) intel-tbb/2021.12.0                66) py-jinja2/3.1.4
 27) intel-oneapi-mkl/2024.2.2          67) py-pytz/2023.3
 28) proj/9.4.1                         68) py-tzdata/2023.3
 29) udunits/2.2.28                     69) py-pandas/2.2.3
 30) cdo/2.4.4                          70) py-six/1.16.0
 31) hdf5/1.14.3                        71) py-python-dateutil/2.8.2
 32) snappy/1.2.1                       72) py-packaging/24.1
 33) zstd/1.5.6                         73) py-setuptools/69.2.0
 34) c-blosc/1.21.5                     74) py-xarray/2024.7.0
 35) netcdf-c/4.9.2                     75) gw_run.common
 36) netcdf-fortran/4.6.1               76) g2c/2.1.0
 37) parallel-netcdf/1.12.3             77) wgrib2/3.6.0
 38) parallelio/2.6.2                   78) prepobs/1.1.3
 39) python-venv/1.0                    79) fit2obs/1.1.10
 40) py-mpi4py/4.0.1                    80) gw_run.derecho

  Where:
   S:  Module is Sticky, requires --force to unload or purge

 


FATAL ERROR: Some or all interpolations of the master grib file failed during MPMD execution! RETURN CODE 127
/lustre/desc1/scratch/epicufsrt/stmp/RUNDIRS/C96C48_hybatmsnowDA_a75a926a-17653/gdas.2021122012/atmos_products_f004.130144
total 40946
-rwxr--r-- 1 epicufsrt ncar      328 May 18 07:58 PDY
-rw-r--r-- 1 epicufsrt ncar        0 May 18 07:58 ncepdate
-rw-r--r-- 1 epicufsrt ncar 45991389 May 18 07:58 tmpfilea_f004
-rw-r--r-- 1 epicufsrt ncar  2055667 May 18 07:58 tmpfilea_f004_2
-rw-r--r-- 1 epicufsrt ncar  1731948 May 18 07:58 tmpfilea_f004_1
-rw-r--r-- 1 epicufsrt ncar  2089251 May 18 07:58 tmpfilea_f004_6
-rw-r--r-- 1 epicufsrt ncar  2021861 May 18 07:58 tmpfilea_f004_5
-rw-r--r-- 1 epicufsrt ncar  2038657 May 18 07:58 tmpfilea_f004_4
-rw-r--r-- 1 epicufsrt ncar  2105237 May 18 07:58 tmpfilea_f004_3
-rw-r--r-- 1 epicufsrt ncar  1630952 May 18 07:58 tmpfilea_f004_9
-rw-r--r-- 1 epicufsrt ncar  1637128 May 18 07:58 tmpfilea_f004_8
-rw-r--r-- 1 epicufsrt ncar  1937786 May 18 07:58 tmpfilea_f004_7
-rw-r--r-- 1 epicufsrt ncar  1758579 May 18 07:58 tmpfilea_f004_10
-rw-r--r-- 1 epicufsrt ncar  1994013 May 18 07:58 tmpfilea_f004_13
-rw-r--r-- 1 epicufsrt ncar  1900469 May 18 07:58 tmpfilea_f004_12
-rw-r--r-- 1 epicufsrt ncar  1867236 May 18 07:58 tmpfilea_f004_11
-rw-r--r-- 1 epicufsrt ncar  1851743 May 18 07:58 tmpfilea_f004_17
-rw-r--r-- 1 epicufsrt ncar  2095389 May 18 07:58 tmpfilea_f004_16
-rw-r--r-- 1 epicufsrt ncar  2068978 May 18 07:58 tmpfilea_f004_15
-rw-r--r-- 1 epicufsrt ncar  1998013 May 18 07:58 tmpfilea_f004_14
-rw-r--r-- 1 epicufsrt ncar  1076007 May 18 07:58 tmpfilea_f004_20
-rw-r--r-- 1 epicufsrt ncar  1495934 May 18 07:58 tmpfilea_f004_19
-rw-r--r-- 1 epicufsrt ncar  1617099 May 18 07:58 tmpfilea_f004_18
-rw-r--r-- 1 epicufsrt ncar  1903285 May 18 07:58 tmpfilea_f004_24
-rw-r--r-- 1 epicufsrt ncar  2420991 May 18 07:58 tmpfilea_f004_23
-rw-r--r-- 1 epicufsrt ncar  2678236 May 18 07:58 tmpfilea_f004_22
-rw-r--r-- 1 epicufsrt ncar  2016930 May 18 07:58 tmpfilea_f004_21
-rwxr-xr-x 1 epicufsrt ncar      153 May 18 07:58 stdout_wrapper.sh
-rw-r--r-- 1 epicufsrt ncar     4446 May 18 07:58 cmdfile
-rwxr-xr-x 1 epicufsrt ncar     5292 May 18 07:58 mpmd_cmdfile.chunk1
cat: OUTPUT.130790: No such file or directory
++ JGLOBAL_ATMOS_PRODUCTS[1]/glade/derecho/scratch/epicufsrt/GFS_CI_CD/DERECHO/Gitlab/BUILD/pr_cases_4919_a75a926a_17653/global-workflow/ush/postamble.sh 1779112712
+ postamble.sh[22]set +x
End JGLOBAL_ATMOS_PRODUCTS at 13:58:45 with error code 0 (time elapsed: 00:00:13)
/glade/derecho/scratch/epicufsrt/GFS_CI_CD/DERECHO/Gitlab/BUILD/pr_cases_4919_a75a926a_17653/global-workflow/dev/jobs/JGLOBAL_ATMOS_PRODUCTS: line 1: 131707 Terminated              "${SCRglobal}/exglobal_atmos_products.sh"
