Begin analcalc.sh at Tue Jan  7 00:08:58 UTC 2025
+ analcalc.sh[7]: . /scratch1/NCEPDEV/global/CI/3206/global-workflow/ush/load_fv3gfs_modules.sh
++ load_fv3gfs_modules.sh[4]: [[ NO == \N\O ]]
++ load_fv3gfs_modules.sh[5]: echo 'Loading modules quietly...'
Loading modules quietly...
++ load_fv3gfs_modules.sh[6]: set +x
Running "module reset". Resetting modules to system default. The following $MODULEPATH directories have been removed: /scratch1/NCEPDEV/global/CI/3206/global-workflow/modulefiles

Currently Loaded Modules:
  1) contrib                          43) ip/4.3.0
  2) intel/2022.1.2                   44) grib-util/1.3.0
  3) stack-intel/2021.5.0             45) g2tmpl/1.10.2
  4) impi/2022.1.2                    46) gsi-ncdiag/1.1.2
  5) stack-intel-oneapi-mpi/2021.5.1  47) crtm-fix/2.4.0.1_emc
  6) gettext/0.19.8.1                 48) git-lfs/2.10.0
  7) libxcrypt/4.4.35                 49) crtm/2.4.0.1
  8) zlib/1.2.13                      50) openblas/0.3.24
  9) sqlite/3.43.2                    51) py-setuptools/63.4.3
 10) util-linux-uuid/2.38.1           52) py-numpy/1.23.4
 11) python/3.11.6                    53) bufr/11.7.0
 12) hpss/hpss                        54) gmake/3.82
 13) gempak/7.17.0                    55) wgrib2/2.0.8
 14) ncl/6.6.2                        56) py-f90nml/1.4.3
 15) libjpeg/2.1.0                    57) py-cftime/1.0.3.4
 16) jasper/2.0.32                    58) py-netcdf4/1.5.8
 17) libpng/1.6.37                    59) libyaml/0.2.5
 18) openjpeg/2.3.1                   60) py-pyyaml/6.0
 19) eccodes/2.32.0                   61) py-markupsafe/2.1.3
 20) fftw/3.3.10                      62) py-jinja2/3.1.2
 21) nghttp2/1.57.0                   63) py-bottleneck/1.3.7
 22) curl/8.4.0                       64) py-numexpr/2.8.4
 23) proj/8.1.0                       65) py-et-xmlfile/1.0.1
 24) udunits/2.2.28                   66) py-openpyxl/3.1.2
 25) cdo/2.2.0                        67) py-pytz/2023.3
 26) R/3.6.1                          68) py-pyxlsb/1.0.10
 27) perl/5.38.0                      69) py-xlrd/2.0.1
 28) pkg-config/0.27.1                70) py-xlsxwriter/3.1.7
 29) hdf5/1.14.0                      71) py-xlwt/1.3.0
 30) snappy/1.1.10                    72) py-pandas/1.5.3
 31) zstd/1.5.2                       73) py-six/1.16.0
 32) c-blosc/1.21.5                   74) py-python-dateutil/2.8.2
 33) netcdf-c/4.9.2                   75) g2c/1.6.4
 34) netcdf-fortran/4.6.1             76) netcdf-cxx4/4.3.1
 35) antlr/2.7.7                      77) met/9.1.3
 36) gsl/2.7.1                        78) metplus/3.1.1
 37) nco/5.0.6                        79) py-packaging/23.1
 38) bacio/2.4.1                      80) py-xarray/2023.7.0
 39) w3emc/2.10.0                     81) prepobs/1.1.0
 40) prod_util/2.1.1                  82) fit2obs/1.1.4
 41) g2/3.4.5                         83) module_base.hera
 42) sp/2.5.0

 

+ analcalc.sh[8]: status=0
+ analcalc.sh[9]: [[ 0 -ne 0 ]]
+ analcalc.sh[11]: export job=analcalc
+ analcalc.sh[11]: job=analcalc
+ analcalc.sh[12]: export jobid=analcalc.2664602
+ analcalc.sh[12]: jobid=analcalc.2664602
+ analcalc.sh[16]: /scratch1/NCEPDEV/global/CI/3206/global-workflow/jobs/JGLOBAL_ATMOS_ANALYSIS_CALC
Begin JGLOBAL_ATMOS_ANALYSIS_CALC at Tue Jan  7 00:09:04 UTC 2025
+ JGLOBAL_ATMOS_ANALYSIS_CALC[4]: source /scratch1/NCEPDEV/global/CI/3206/global-workflow/ush/jjob_header.sh -e analcalc -c 'base anal analcalc'
++ jjob_header.sh[43]: OPTIND=1
++ jjob_header.sh[44]: getopts c:e: option
++ jjob_header.sh[45]: case "${option}" in
++ jjob_header.sh[47]: env_job=analcalc
++ jjob_header.sh[44]: getopts c:e: option
++ jjob_header.sh[45]: case "${option}" in
++ jjob_header.sh[46]: read -ra configs
++ jjob_header.sh[44]: getopts c:e: option
++ jjob_header.sh[58]: shift 4
++ jjob_header.sh[60]: [[ -z analcalc ]]
++ jjob_header.sh[68]: export DATA=/scratch1/NCEPDEV/stmp2/Terry.McGuinness/RUNDIRS/C96C48_ufs_hybatmDA_c7b3010b/gfs.2024022400/analcalc.2664602
++ jjob_header.sh[68]: DATA=/scratch1/NCEPDEV/stmp2/Terry.McGuinness/RUNDIRS/C96C48_ufs_hybatmDA_c7b3010b/gfs.2024022400/analcalc.2664602
++ jjob_header.sh[69]: [[ YES == \Y\E\S ]]
++ jjob_header.sh[70]: rm -rf /scratch1/NCEPDEV/stmp2/Terry.McGuinness/RUNDIRS/C96C48_ufs_hybatmDA_c7b3010b/gfs.2024022400/analcalc.2664602
++ jjob_header.sh[72]: mkdir -p /scratch1/NCEPDEV/stmp2/Terry.McGuinness/RUNDIRS/C96C48_ufs_hybatmDA_c7b3010b/gfs.2024022400/analcalc.2664602
++ jjob_header.sh[73]: cd /scratch1/NCEPDEV/stmp2/Terry.McGuinness/RUNDIRS/C96C48_ufs_hybatmDA_c7b3010b/gfs.2024022400/analcalc.2664602
++ jjob_header.sh[79]: export cycle=t00z
++ jjob_header.sh[79]: cycle=t00z
++ jjob_header.sh[80]: setpdy.sh
sed: can't read /scratch1/NCEPDEV/global/CI/3206/RUNTESTS/COMROOT/date/t00z: No such file or directory
 completed cleanly
 completed cleanly
Source PDY script to export PDYm7, ..., PDY, ..., PDYp7 variables.
++ jjob_header.sh[81]: source ./PDY
+++ PDY[1]: export PDYm7=20240217
+++ PDY[1]: PDYm7=20240217
+++ PDY[2]: export PDYm6=20240218
+++ PDY[2]: PDYm6=20240218
+++ PDY[3]: export PDYm5=20240219
+++ PDY[3]: PDYm5=20240219
+++ PDY[4]: export PDYm4=20240220
+++ PDY[4]: PDYm4=20240220
+++ PDY[5]: export PDYm3=20240221
+++ PDY[5]: PDYm3=20240221
+++ PDY[6]: export PDYm2=20240222
+++ PDY[6]: PDYm2=20240222
+++ PDY[7]: export PDYm1=20240223
+++ PDY[7]: PDYm1=20240223
+++ PDY[8]: export PDY=20240224
+++ PDY[8]: PDY=20240224
+++ PDY[9]: export PDYp1=20240225
+++ PDY[9]: PDYp1=20240225
+++ PDY[10]: export PDYp2=20240226
+++ PDY[10]: PDYp2=20240226
+++ PDY[11]: export PDYp3=20240227
+++ PDY[11]: PDYp3=20240227
+++ PDY[12]: export PDYp4=20240228
+++ PDY[12]: PDYp4=20240228
+++ PDY[13]: export PDYp5=20240229
+++ PDY[13]: PDYp5=20240229
+++ PDY[14]: export PDYp6=20240301
+++ PDY[14]: PDYp6=20240301
+++ PDY[15]: export PDYp7=20240302
+++ PDY[15]: PDYp7=20240302
++ jjob_header.sh[87]: export pid=2665065
++ jjob_header.sh[87]: pid=2665065
++ jjob_header.sh[88]: export pgmout=OUTPUT.2665065
++ jjob_header.sh[88]: pgmout=OUTPUT.2665065
++ jjob_header.sh[89]: export pgmerr=errfile
++ jjob_header.sh[89]: pgmerr=errfile
++ jjob_header.sh[95]: export EXPDIR=/scratch1/NCEPDEV/global/CI/3206/RUNTESTS/EXPDIR/C96C48_ufs_hybatmDA_c7b3010b
++ jjob_header.sh[95]: EXPDIR=/scratch1/NCEPDEV/global/CI/3206/RUNTESTS/EXPDIR/C96C48_ufs_hybatmDA_c7b3010b
++ jjob_header.sh[96]: for config in "${configs[@]:-''}"
++ jjob_header.sh[97]: source /scratch1/NCEPDEV/global/CI/3206/RUNTESTS/EXPDIR/C96C48_ufs_hybatmDA_c7b3010b/config.base
+++ config.base[6]: echo 'BEGIN: config.base'
BEGIN: config.base
+++ config.base[9]: export machine=HERA
+++ config.base[9]: machine=HERA
+++ config.base[12]: export RUN_ENVIR=emc
+++ config.base[12]: RUN_ENVIR=emc
+++ config.base[15]: export ACCOUNT=nems
+++ config.base[15]: ACCOUNT=nems
+++ config.base[16]: export QUEUE=batch
+++ config.base[16]: QUEUE=batch
+++ config.base[17]: export QUEUE_SERVICE=batch
+++ config.base[17]: QUEUE_SERVICE=batch
+++ config.base[18]: export PARTITION_BATCH=hera
+++ config.base[18]: PARTITION_BATCH=hera
+++ config.base[19]: export PARTITION_SERVICE=service
+++ config.base[19]: PARTITION_SERVICE=service
+++ config.base[20]: export RESERVATION=
+++ config.base[20]: RESERVATION=
+++ config.base[21]: export CLUSTERS=
+++ config.base[21]: CLUSTERS=
+++ config.base[24]: export HPSS_PROJECT=emc-global
+++ config.base[24]: HPSS_PROJECT=emc-global
+++ config.base[27]: export HOMEgfs=/scratch1/NCEPDEV/global/CI/3206/global-workflow
+++ config.base[27]: HOMEgfs=/scratch1/NCEPDEV/global/CI/3206/global-workflow
+++ config.base[28]: export EXECgfs=/scratch1/NCEPDEV/global/CI/3206/global-workflow/exec
+++ config.base[28]: EXECgfs=/scratch1/NCEPDEV/global/CI/3206/global-workflow/exec
+++ config.base[29]: export FIXgfs=/scratch1/NCEPDEV/global/CI/3206/global-workflow/fix
+++ config.base[29]: FIXgfs=/scratch1/NCEPDEV/global/CI/3206/global-workflow/fix
+++ config.base[30]: export PARMgfs=/scratch1/NCEPDEV/global/CI/3206/global-workflow/parm
+++ config.base[30]: PARMgfs=/scratch1/NCEPDEV/global/CI/3206/global-workflow/parm
+++ config.base[31]: export SCRgfs=/scratch1/NCEPDEV/global/CI/3206/global-workflow/scripts
+++ config.base[31]: SCRgfs=/scratch1/NCEPDEV/global/CI/3206/global-workflow/scripts
+++ config.base[32]: export USHgfs=/scratch1/NCEPDEV/global/CI/3206/global-workflow/ush
+++ config.base[32]: USHgfs=/scratch1/NCEPDEV/global/CI/3206/global-workflow/ush
+++ config.base[34]: export FIXam=/scratch1/NCEPDEV/global/CI/3206/global-workflow/fix/am
+++ config.base[34]: FIXam=/scratch1/NCEPDEV/global/CI/3206/global-workflow/fix/am
+++ config.base[35]: export FIXaer=/scratch1/NCEPDEV/global/CI/3206/global-workflow/fix/aer
+++ config.base[35]: FIXaer=/scratch1/NCEPDEV/global/CI/3206/global-workflow/fix/aer
+++ config.base[36]: export FIXcpl=/scratch1/NCEPDEV/global/CI/3206/global-workflow/fix/cpl
+++ config.base[36]: FIXcpl=/scratch1/NCEPDEV/global/CI/3206/global-workflow/fix/cpl
+++ config.base[37]: export FIXlut=/scratch1/NCEPDEV/global/CI/3206/global-workflow/fix/lut
+++ config.base[37]: FIXlut=/scratch1/NCEPDEV/global/CI/3206/global-workflow/fix/lut
+++ config.base[38]: export FIXcice=/scratch1/NCEPDEV/global/CI/3206/global-workflow/fix/cice
+++ config.base[38]: FIXcice=/scratch1/NCEPDEV/global/CI/3206/global-workflow/fix/cice
+++ config.base[39]: export FIXmom=/scratch1/NCEPDEV/global/CI/3206/global-workflow/fix/mom6
+++ config.base[39]: FIXmom=/scratch1/NCEPDEV/global/CI/3206/global-workflow/fix/mom6
+++ config.base[40]: export FIXreg2grb2=/scratch1/NCEPDEV/global/CI/3206/global-workflow/fix/reg2grb2
+++ config.base[40]: FIXreg2grb2=/scratch1/NCEPDEV/global/CI/3206/global-workflow/fix/reg2grb2
+++ config.base[41]: export FIXgdas=/scratch1/NCEPDEV/global/CI/3206/global-workflow/fix/gdas
+++ config.base[41]: FIXgdas=/scratch1/NCEPDEV/global/CI/3206/global-workflow/fix/gdas
+++ config.base[46]: export PACKAGEROOT=/scratch1/NCEPDEV/global/glopara/nwpara
+++ config.base[46]: PACKAGEROOT=/scratch1/NCEPDEV/global/glopara/nwpara
+++ config.base[47]: export COMROOT=/scratch1/NCEPDEV/global/CI/3206/RUNTESTS/COMROOT
+++ config.base[47]: COMROOT=/scratch1/NCEPDEV/global/CI/3206/RUNTESTS/COMROOT
+++ config.base[48]: export COMINsyn=/scratch1/NCEPDEV/global/glopara/com/gfs/prod/syndat
+++ config.base[48]: COMINsyn=/scratch1/NCEPDEV/global/glopara/com/gfs/prod/syndat
+++ config.base[49]: export DMPDIR=/scratch1/NCEPDEV/global/glopara/dump
+++ config.base[49]: DMPDIR=/scratch1/NCEPDEV/global/glopara/dump
+++ config.base[53]: export COMINecmwf=/scratch1/NCEPDEV/global/glopara/data/external_gempak/ecmwf
+++ config.base[53]: COMINecmwf=/scratch1/NCEPDEV/global/glopara/data/external_gempak/ecmwf
+++ config.base[54]: export COMINnam=/scratch1/NCEPDEV/global/glopara/data/external_gempak/nam
+++ config.base[54]: COMINnam=/scratch1/NCEPDEV/global/glopara/data/external_gempak/nam
+++ config.base[55]: export COMINukmet=/scratch1/NCEPDEV/global/glopara/data/external_gempak/ukmet
+++ config.base[55]: COMINukmet=/scratch1/NCEPDEV/global/glopara/data/external_gempak/ukmet
+++ config.base[58]: export HOMEDIR=/scratch1/NCEPDEV/global/Terry.McGuinness
+++ config.base[58]: HOMEDIR=/scratch1/NCEPDEV/global/Terry.McGuinness
+++ config.base[59]: export STMP=/scratch1/NCEPDEV/stmp2/Terry.McGuinness
+++ config.base[59]: STMP=/scratch1/NCEPDEV/stmp2/Terry.McGuinness
+++ config.base[60]: export PTMP=/scratch1/NCEPDEV/stmp4/Terry.McGuinness
+++ config.base[60]: PTMP=/scratch1/NCEPDEV/stmp4/Terry.McGuinness
+++ config.base[61]: export NOSCRUB=/scratch1/NCEPDEV/global/Terry.McGuinness
+++ config.base[61]: NOSCRUB=/scratch1/NCEPDEV/global/Terry.McGuinness
+++ config.base[64]: export BASE_GIT=/scratch1/NCEPDEV/global/glopara/git
+++ config.base[64]: BASE_GIT=/scratch1/NCEPDEV/global/glopara/git
+++ config.base[67]: export BASE_DATA=/scratch1/NCEPDEV/global/glopara/data
+++ config.base[67]: BASE_DATA=/scratch1/NCEPDEV/global/glopara/data
+++ config.base[70]: export DO_GOES=NO
+++ config.base[70]: DO_GOES=NO
+++ config.base[71]: export DO_BUFRSND=NO
+++ config.base[71]: DO_BUFRSND=NO
+++ config.base[72]: export DO_GEMPAK=NO
+++ config.base[72]: DO_GEMPAK=NO
+++ config.base[73]: export DO_AWIPS=NO
+++ config.base[73]: DO_AWIPS=NO
+++ config.base[74]: export DO_NPOESS=NO
+++ config.base[74]: DO_NPOESS=NO
+++ config.base[75]: export DO_TRACKER=YES
+++ config.base[75]: DO_TRACKER=YES
+++ config.base[76]: export DO_GENESIS=YES
+++ config.base[76]: DO_GENESIS=YES
+++ config.base[77]: export DO_GENESIS_FSU=NO
+++ config.base[77]: DO_GENESIS_FSU=NO
+++ config.base[78]: export DO_VERFOZN=YES
+++ config.base[78]: DO_VERFOZN=YES
+++ config.base[79]: export DO_VERFRAD=YES
+++ config.base[79]: DO_VERFRAD=YES
+++ config.base[80]: export DO_VMINMON=YES
+++ config.base[80]: DO_VMINMON=YES
+++ config.base[81]: export DO_MOS=NO
+++ config.base[81]: DO_MOS=NO
+++ config.base[87]: export REALTIME=YES
+++ config.base[87]: REALTIME=YES
+++ config.base[90]: export MODE=cycled
+++ config.base[90]: MODE=cycled
+++ config.base[91]: export DO_TEST_MODE=NO
+++ config.base[91]: DO_TEST_MODE=NO
+++ config.base[100]: export FIXgsi=/scratch1/NCEPDEV/global/CI/3206/global-workflow/fix/gsi
+++ config.base[100]: FIXgsi=/scratch1/NCEPDEV/global/CI/3206/global-workflow/fix/gsi
+++ config.base[101]: export HOMEpost=/scratch1/NCEPDEV/global/CI/3206/global-workflow
+++ config.base[101]: HOMEpost=/scratch1/NCEPDEV/global/CI/3206/global-workflow
+++ config.base[102]: export HOMEobsproc=/scratch1/NCEPDEV/global/glopara/git/obsproc/v1.2.0
+++ config.base[102]: HOMEobsproc=/scratch1/NCEPDEV/global/glopara/git/obsproc/v1.2.0
+++ config.base[105]: export 'NCP=/bin/cp -p'
+++ config.base[105]: NCP='/bin/cp -p'
+++ config.base[106]: export NMV=/bin/mv
+++ config.base[106]: NMV=/bin/mv
+++ config.base[107]: export 'NLN=/bin/ln -sf'
+++ config.base[107]: NLN='/bin/ln -sf'
+++ config.base[108]: export VERBOSE=YES
+++ config.base[108]: VERBOSE=YES
+++ config.base[109]: export KEEPDATA=NO
+++ config.base[109]: KEEPDATA=NO
+++ config.base[110]: export DEBUG_POSTSCRIPT=NO
+++ config.base[110]: DEBUG_POSTSCRIPT=NO
+++ config.base[111]: export CHGRP_RSTPROD=YES
+++ config.base[111]: CHGRP_RSTPROD=YES
+++ config.base[112]: export 'CHGRP_CMD=chgrp rstprod'
+++ config.base[112]: CHGRP_CMD='chgrp rstprod'
+++ config.base[113]: export NCDUMP=/scratch1/NCEPDEV/nems/role.epic/spack-stack/spack-stack-1.6.0/envs/gsi-addon-dev-rocky8/install/intel/2021.5.0/netcdf-c-4.9.2-ejp7j3k/bin/ncdump
+++ config.base[113]: NCDUMP=/scratch1/NCEPDEV/nems/role.epic/spack-stack/spack-stack-1.6.0/envs/gsi-addon-dev-rocky8/install/intel/2021.5.0/netcdf-c-4.9.2-ejp7j3k/bin/ncdump
+++ config.base[114]: export NCLEN=/scratch1/NCEPDEV/global/CI/3206/global-workflow/ush/getncdimlen
+++ config.base[114]: NCLEN=/scratch1/NCEPDEV/global/CI/3206/global-workflow/ush/getncdimlen
+++ config.base[117]: export BASE_ENV=/scratch1/NCEPDEV/global/CI/3206/global-workflow/env
+++ config.base[117]: BASE_ENV=/scratch1/NCEPDEV/global/CI/3206/global-workflow/env
+++ config.base[118]: export BASE_JOB=/scratch1/NCEPDEV/global/CI/3206/global-workflow/jobs/rocoto
+++ config.base[118]: BASE_JOB=/scratch1/NCEPDEV/global/CI/3206/global-workflow/jobs/rocoto
+++ config.base[121]: export SDATE=2024022318
+++ config.base[121]: SDATE=2024022318
+++ config.base[122]: export EDATE=2024022406
+++ config.base[122]: EDATE=2024022406
+++ config.base[123]: export EXP_WARM_START=.true.
+++ config.base[123]: EXP_WARM_START=.true.
+++ config.base[124]: export assim_freq=6
+++ config.base[124]: assim_freq=6
+++ config.base[125]: export PSLOT=C96C48_ufs_hybatmDA_c7b3010b
+++ config.base[125]: PSLOT=C96C48_ufs_hybatmDA_c7b3010b
+++ config.base[126]: export EXPDIR=/scratch1/NCEPDEV/global/CI/3206/RUNTESTS/EXPDIR/C96C48_ufs_hybatmDA_c7b3010b
+++ config.base[126]: EXPDIR=/scratch1/NCEPDEV/global/CI/3206/RUNTESTS/EXPDIR/C96C48_ufs_hybatmDA_c7b3010b
+++ config.base[127]: export ROTDIR=/scratch1/NCEPDEV/global/CI/3206/RUNTESTS/COMROOT/C96C48_ufs_hybatmDA_c7b3010b
+++ config.base[127]: ROTDIR=/scratch1/NCEPDEV/global/CI/3206/RUNTESTS/COMROOT/C96C48_ufs_hybatmDA_c7b3010b
+++ config.base[128]: export ROTDIR_DUMP=YES
+++ config.base[128]: ROTDIR_DUMP=YES
+++ config.base[129]: export DUMP_SUFFIX=
+++ config.base[129]: DUMP_SUFFIX=
+++ config.base[130]: [[ 2024022400 -ge 2019092100 ]]
+++ config.base[130]: [[ 2024022400 -le 2019110700 ]]
+++ config.base[133]: export ARCDIR=/scratch1/NCEPDEV/global/Terry.McGuinness/archive/C96C48_ufs_hybatmDA_c7b3010b
+++ config.base[133]: ARCDIR=/scratch1/NCEPDEV/global/Terry.McGuinness/archive/C96C48_ufs_hybatmDA_c7b3010b
+++ config.base[134]: export ATARDIR=/NCEPDEV/emc-global/1year/Terry.McGuinness/HERA/scratch/C96C48_ufs_hybatmDA_c7b3010b
+++ config.base[134]: ATARDIR=/NCEPDEV/emc-global/1year/Terry.McGuinness/HERA/scratch/C96C48_ufs_hybatmDA_c7b3010b
+++ config.base[137]: export envir=prod
+++ config.base[137]: envir=prod
+++ config.base[138]: export NET=gfs
+++ config.base[138]: NET=gfs
+++ config.base[139]: export RUN=gfs
+++ config.base[139]: RUN=gfs
+++ config.base[142]: source /scratch1/NCEPDEV/global/CI/3206/RUNTESTS/EXPDIR/C96C48_ufs_hybatmDA_c7b3010b/config.com
++++ config.com[4]: echo 'BEGIN: config.com'
BEGIN: config.com
++++ config.com[37]: [[ emc == \n\c\o ]]
++++ config.com[41]: COM_OBS_TMPL='${ROTDIR}/${RUN}.${YMD}/${HH}/obs'
++++ config.com[42]: COM_RTOFS_TMPL='${DMPDIR}'
++++ config.com[44]: declare -rx COM_OBS_TMPL COM_RTOFS_TMPL
++++ config.com[45]: declare -rx 'COM_OBSDMP_TMPL=${DMPDIR}/${DUMP}${DUMP_SUFFIX}.${YMD}/${HH}/atmos'
++++ config.com[47]: COM_BASE='${ROTDIR}/${RUN}.${YMD}/${HH}/${MEMDIR}'
++++ config.com[49]: declare -rx 'COM_TOP_TMPL=${ROTDIR}/${RUN}.${YMD}/${HH}'
++++ config.com[51]: declare -rx 'COM_CONF_TMPL=${ROTDIR}/${RUN}.${YMD}/${HH}/${MEMDIR}/conf'
++++ config.com[52]: declare -rx 'COM_OBS_JEDI=${ROTDIR}/${RUN}.${YMD}/${HH}/${MEMDIR}/obs_jedi'
++++ config.com[54]: declare -rx 'COM_ATMOS_INPUT_TMPL=${ROTDIR}/${RUN}.${YMD}/${HH}/${MEMDIR}/model/atmos/input'
++++ config.com[55]: declare -rx 'COM_ATMOS_RESTART_TMPL=${ROTDIR}/${RUN}.${YMD}/${HH}/${MEMDIR}/model/atmos/restart'
++++ config.com[56]: declare -rx 'COM_ATMOS_ANALYSIS_TMPL=${ROTDIR}/${RUN}.${YMD}/${HH}/${MEMDIR}/analysis/atmos'
++++ config.com[57]: declare -rx 'COM_SNOW_ANALYSIS_TMPL=${ROTDIR}/${RUN}.${YMD}/${HH}/${MEMDIR}/analysis/snow'
++++ config.com[58]: declare -rx 'COM_ATMOS_HISTORY_TMPL=${ROTDIR}/${RUN}.${YMD}/${HH}/${MEMDIR}/model/atmos/history'
++++ config.com[59]: declare -rx 'COM_ATMOS_MASTER_TMPL=${ROTDIR}/${RUN}.${YMD}/${HH}/${MEMDIR}/model/atmos/master'
++++ config.com[60]: declare -rx 'COM_ATMOS_GRIB_TMPL=${ROTDIR}/${RUN}.${YMD}/${HH}/${MEMDIR}/products/atmos/grib2'
++++ config.com[61]: declare -rx 'COM_ATMOS_GRIB_GRID_TMPL=${ROTDIR}/${RUN}.${YMD}/${HH}/${MEMDIR}/products/atmos/grib2/${GRID}'
++++ config.com[62]: declare -rx 'COM_ATMOS_BUFR_TMPL=${ROTDIR}/${RUN}.${YMD}/${HH}/${MEMDIR}/products/atmos/bufr'
++++ config.com[63]: declare -rx 'COM_ATMOS_GEMPAK_TMPL=${ROTDIR}/${RUN}.${YMD}/${HH}/${MEMDIR}/products/atmos/gempak/${GRID}'
++++ config.com[64]: declare -rx 'COM_ATMOS_GENESIS_TMPL=${ROTDIR}/${RUN}.${YMD}/${HH}/${MEMDIR}/products/atmos/cyclone/genesis_vital'
++++ config.com[65]: declare -rx 'COM_ATMOS_TRACK_TMPL=${ROTDIR}/${RUN}.${YMD}/${HH}/${MEMDIR}/products/atmos/cyclone/tracks'
++++ config.com[66]: declare -rx 'COM_ATMOS_GOES_TMPL=${ROTDIR}/${RUN}.${YMD}/${HH}/${MEMDIR}/products/atmos/goes_sim'
++++ config.com[67]: declare -rx 'COM_ATMOS_IMAGERY_TMPL=${ROTDIR}/${RUN}.${YMD}/${HH}/${MEMDIR}/products/atmos/imagery'
++++ config.com[68]: declare -rx 'COM_ATMOS_OZNMON_TMPL=${ROTDIR}/${RUN}.${YMD}/${HH}/${MEMDIR}/products/atmos/oznmon'
++++ config.com[69]: declare -rx 'COM_ATMOS_RADMON_TMPL=${ROTDIR}/${RUN}.${YMD}/${HH}/${MEMDIR}/products/atmos/radmon'
++++ config.com[70]: declare -rx 'COM_ATMOS_MINMON_TMPL=${ROTDIR}/${RUN}.${YMD}/${HH}/${MEMDIR}/products/atmos/minmon'
++++ config.com[71]: declare -rx 'COM_ATMOS_WMO_TMPL=${ROTDIR}/${RUN}.${YMD}/${HH}/${MEMDIR}/products/atmos/wmo'
++++ config.com[73]: declare -rx 'COM_WAVE_RESTART_TMPL=${ROTDIR}/${RUN}.${YMD}/${HH}/${MEMDIR}/model/wave/restart'
++++ config.com[74]: declare -rx 'COM_WAVE_PREP_TMPL=${ROTDIR}/${RUN}.${YMD}/${HH}/${MEMDIR}/model/wave/prep'
++++ config.com[75]: declare -rx 'COM_WAVE_HISTORY_TMPL=${ROTDIR}/${RUN}.${YMD}/${HH}/${MEMDIR}/model/wave/history'
++++ config.com[76]: declare -rx 'COM_WAVE_GRID_TMPL=${ROTDIR}/${RUN}.${YMD}/${HH}/${MEMDIR}/products/wave/gridded'
++++ config.com[77]: declare -rx 'COM_WAVE_STATION_TMPL=${ROTDIR}/${RUN}.${YMD}/${HH}/${MEMDIR}/products/wave/station'
++++ config.com[78]: declare -rx 'COM_WAVE_GEMPAK_TMPL=${ROTDIR}/${RUN}.${YMD}/${HH}/${MEMDIR}/products/wave/gempak'
++++ config.com[79]: declare -rx 'COM_WAVE_WMO_TMPL=${ROTDIR}/${RUN}.${YMD}/${HH}/${MEMDIR}/products/wave/wmo'
++++ config.com[81]: declare -rx 'COM_OCEAN_HISTORY_TMPL=${ROTDIR}/${RUN}.${YMD}/${HH}/${MEMDIR}/model/ocean/history'
++++ config.com[82]: declare -rx 'COM_OCEAN_RESTART_TMPL=${ROTDIR}/${RUN}.${YMD}/${HH}/${MEMDIR}/model/ocean/restart'
++++ config.com[83]: declare -rx 'COM_OCEAN_INPUT_TMPL=${ROTDIR}/${RUN}.${YMD}/${HH}/${MEMDIR}/model/ocean/input'
++++ config.com[84]: declare -rx 'COM_OCEAN_ANALYSIS_TMPL=${ROTDIR}/${RUN}.${YMD}/${HH}/${MEMDIR}/analysis/ocean'
++++ config.com[85]: declare -rx 'COM_OCEAN_LETKF_TMPL=${ROTDIR}/${RUN}.${YMD}/${HH}/${MEMDIR}/analysis/ocean/letkf'
++++ config.com[86]: declare -rx 'COM_OCEAN_BMATRIX_TMPL=${ROTDIR}/${RUN}.${YMD}/${HH}/${MEMDIR}/bmatrix/ocean'
++++ config.com[87]: declare -rx 'COM_OCEAN_NETCDF_TMPL=${ROTDIR}/${RUN}.${YMD}/${HH}/${MEMDIR}/products/ocean/netcdf'
++++ config.com[88]: declare -rx 'COM_OCEAN_GRIB_TMPL=${ROTDIR}/${RUN}.${YMD}/${HH}/${MEMDIR}/products/ocean/grib2'
++++ config.com[89]: declare -rx 'COM_OCEAN_GRIB_GRID_TMPL=${ROTDIR}/${RUN}.${YMD}/${HH}/${MEMDIR}/products/ocean/grib2/${GRID}'
++++ config.com[91]: declare -rx 'COM_ICE_ANALYSIS_TMPL=${ROTDIR}/${RUN}.${YMD}/${HH}/${MEMDIR}/analysis/ice'
++++ config.com[92]: declare -rx 'COM_ICE_LETKF_TMPL=${ROTDIR}/${RUN}.${YMD}/${HH}/${MEMDIR}/analysis/ice/letkf'
++++ config.com[93]: declare -rx 'COM_ICE_BMATRIX_TMPL=${ROTDIR}/${RUN}.${YMD}/${HH}/${MEMDIR}/bmatrix/ice'
++++ config.com[94]: declare -rx 'COM_ICE_INPUT_TMPL=${ROTDIR}/${RUN}.${YMD}/${HH}/${MEMDIR}/model/ice/input'
++++ config.com[95]: declare -rx 'COM_ICE_HISTORY_TMPL=${ROTDIR}/${RUN}.${YMD}/${HH}/${MEMDIR}/model/ice/history'
++++ config.com[96]: declare -rx 'COM_ICE_RESTART_TMPL=${ROTDIR}/${RUN}.${YMD}/${HH}/${MEMDIR}/model/ice/restart'
++++ config.com[97]: declare -rx 'COM_ICE_NETCDF_TMPL=${ROTDIR}/${RUN}.${YMD}/${HH}/${MEMDIR}/products/ice/netcdf'
++++ config.com[98]: declare -rx 'COM_ICE_GRIB_TMPL=${ROTDIR}/${RUN}.${YMD}/${HH}/${MEMDIR}/products/ice/grib2'
++++ config.com[99]: declare -rx 'COM_ICE_GRIB_GRID_TMPL=${ROTDIR}/${RUN}.${YMD}/${HH}/${MEMDIR}/products/ice/grib2/${GRID}'
++++ config.com[101]: declare -rx 'COM_CHEM_HISTORY_TMPL=${ROTDIR}/${RUN}.${YMD}/${HH}/${MEMDIR}/model/chem/history'
++++ config.com[102]: declare -rx 'COM_CHEM_ANALYSIS_TMPL=${ROTDIR}/${RUN}.${YMD}/${HH}/${MEMDIR}/analysis/chem'
++++ config.com[103]: declare -rx 'COM_CHEM_BMAT_TMPL=${ROTDIR}/${RUN}.${YMD}/${HH}/${MEMDIR}/analysis/chem/bmatrix'
++++ config.com[105]: declare -rx 'COM_MED_RESTART_TMPL=${ROTDIR}/${RUN}.${YMD}/${HH}/${MEMDIR}/model/med/restart'
+++ config.base[145]: export 'ERRSCRIPT=eval [[ $err = 0 ]]'
+++ config.base[145]: ERRSCRIPT='eval [[ $err = 0 ]]'
+++ config.base[146]: export LOGSCRIPT=
+++ config.base[146]: LOGSCRIPT=
+++ config.base[149]: export 'REDOUT=1>'
+++ config.base[149]: REDOUT='1>'
+++ config.base[150]: export 'REDERR=2>'
+++ config.base[150]: REDERR='2>'
+++ config.base[152]: export SENDECF=NO
+++ config.base[152]: SENDECF=NO
+++ config.base[153]: export SENDSDM=NO
+++ config.base[153]: SENDSDM=NO
+++ config.base[154]: export SENDDBN_NTC=NO
+++ config.base[154]: SENDDBN_NTC=NO
+++ config.base[155]: export SENDDBN=NO
+++ config.base[155]: SENDDBN=NO
+++ config.base[156]: export DBNROOT=/scratch1/NCEPDEV/nems/role.epic/spack-stack/spack-stack-1.6.0/envs/gsi-addon-dev-rocky8/install/intel/2021.5.0/prod-util-2.1.1-4vpcrpl/fakedbn
+++ config.base[156]: DBNROOT=/scratch1/NCEPDEV/nems/role.epic/spack-stack/spack-stack-1.6.0/envs/gsi-addon-dev-rocky8/install/intel/2021.5.0/prod-util-2.1.1-4vpcrpl/fakedbn
+++ config.base[159]: export APP=ATM
+++ config.base[159]: APP=ATM
+++ config.base[161]: shopt -s extglob
+++ config.base[164]: case "${RUN}" in
+++ config.base[171]: shopt -u extglob
+++ config.base[174]: export DO_ATM=YES
+++ config.base[174]: DO_ATM=YES
+++ config.base[175]: export DO_COUPLED=NO
+++ config.base[175]: DO_COUPLED=NO
+++ config.base[176]: export DO_WAVE=NO
+++ config.base[176]: DO_WAVE=NO
+++ config.base[177]: export DO_OCN=NO
+++ config.base[177]: DO_OCN=NO
+++ config.base[178]: export DO_ICE=NO
+++ config.base[178]: DO_ICE=NO
+++ config.base[179]: DO_AERO=NO
+++ config.base[180]: export DO_PREP_OBS_AERO=NO
+++ config.base[180]: DO_PREP_OBS_AERO=NO
+++ config.base[181]: aero_fcst_runs=gdas
+++ config.base[182]: aero_anl_runs='gdas gfs'
+++ config.base[183]: export DO_AERO_FCST=NO
+++ config.base[183]: DO_AERO_FCST=NO
+++ config.base[184]: export DO_AERO_ANL=NO
+++ config.base[184]: DO_AERO_ANL=NO
+++ config.base[185]: export DOBNDPNT_WAVE=NO
+++ config.base[185]: DOBNDPNT_WAVE=NO
+++ config.base[186]: export DOIBP_WAV=NO
+++ config.base[186]: DOIBP_WAV=NO
+++ config.base[187]: export FRAC_GRID=.true.
+++ config.base[187]: FRAC_GRID=.true.
+++ config.base[188]: export DO_NEST=NO
+++ config.base[188]: DO_NEST=NO
+++ config.base[189]: [[ NO == \Y\E\S ]]
+++ config.base[195]: export ntiles=6
+++ config.base[195]: ntiles=6
+++ config.base[196]: export FIXugwd=/scratch1/NCEPDEV/global/CI/3206/global-workflow/fix/ugwd
+++ config.base[196]: FIXugwd=/scratch1/NCEPDEV/global/CI/3206/global-workflow/fix/ugwd
+++ config.base[197]: export FIXorog=/scratch1/NCEPDEV/global/CI/3206/global-workflow/fix/orog
+++ config.base[197]: FIXorog=/scratch1/NCEPDEV/global/CI/3206/global-workflow/fix/orog
+++ config.base[201]: export OPS_RES=C768
+++ config.base[201]: OPS_RES=C768
+++ config.base[204]: export LEVS=128
+++ config.base[204]: LEVS=128
+++ config.base[205]: export CASE=C96
+++ config.base[205]: CASE=C96
+++ config.base[206]: export CASE_ENS=C48
+++ config.base[206]: CASE_ENS=C48
+++ config.base[207]: export OCNRES=500
+++ config.base[207]: OCNRES=500
+++ config.base[208]: export ICERES=500
+++ config.base[208]: ICERES=500
+++ config.base[211]: case "${CASE}" in
+++ config.base[216]: export waveGRD=uglo_100km
+++ config.base[216]: waveGRD=uglo_100km
+++ config.base[230]: case "${APP}" in
+++ config.base[265]: [[ NO == \Y\E\S ]]
+++ config.base[275]: [[ gfs =~ gdas ]]
+++ config.base[278]: [[ gfs =~ gfs ]]
+++ config.base[279]: export FHCYC=24
+++ config.base[279]: FHCYC=24
+++ config.base[283]: export FHMIN=0
+++ config.base[283]: FHMIN=0
+++ config.base[284]: export FHMAX=9
+++ config.base[284]: FHMAX=9
+++ config.base[285]: export FHOUT=3
+++ config.base[285]: FHOUT=3
+++ config.base[286]: export FHOUT_OCN=3
+++ config.base[286]: FHOUT_OCN=3
+++ config.base[287]: export FHOUT_ICE=3
+++ config.base[287]: FHOUT_ICE=3
+++ config.base[288]: export FHOUT_AERO=3
+++ config.base[288]: FHOUT_AERO=3
+++ config.base[291]: export EUPD_CYC=gdas
+++ config.base[291]: EUPD_CYC=gdas
+++ config.base[294]: export INTERVAL_GFS=24
+++ config.base[294]: INTERVAL_GFS=24
+++ config.base[295]: export SDATE_GFS=2024022400
+++ config.base[295]: SDATE_GFS=2024022400
+++ config.base[298]: export FHMIN_GFS=0
+++ config.base[298]: FHMIN_GFS=0
+++ config.base[299]: export FHMAX_GFS=120
+++ config.base[299]: FHMAX_GFS=120
+++ config.base[301]: breakpnts=
+++ config.base[302]: export FCST_SEGMENTS=0,120
+++ config.base[302]: FCST_SEGMENTS=0,120
+++ config.base[303]: export FHOUT_GFS=3
+++ config.base[303]: FHOUT_GFS=3
+++ config.base[304]: export FHMAX_HF_GFS=0
+++ config.base[304]: FHMAX_HF_GFS=0
+++ config.base[305]: export FHOUT_HF_GFS=1
+++ config.base[305]: FHOUT_HF_GFS=1
+++ config.base[306]: export FHOUT_OCN_GFS=6
+++ config.base[306]: FHOUT_OCN_GFS=6
+++ config.base[307]: export FHOUT_ICE_GFS=6
+++ config.base[307]: FHOUT_ICE_GFS=6
+++ config.base[308]: export FHMIN_WAV=0
+++ config.base[308]: FHMIN_WAV=0
+++ config.base[309]: export FHOUT_WAV=3
+++ config.base[309]: FHOUT_WAV=3
+++ config.base[310]: export FHMAX_HF_WAV=120
+++ config.base[310]: FHMAX_HF_WAV=120
+++ config.base[311]: export FHOUT_HF_WAV=1
+++ config.base[311]: FHOUT_HF_WAV=1
+++ config.base[312]: export FHMAX_WAV=9
+++ config.base[312]: FHMAX_WAV=9
+++ config.base[313]: export FHMAX_WAV_GFS=120
+++ config.base[313]: FHMAX_WAV_GFS=120
+++ config.base[314]: export FHMAX_HF_GFS=0
+++ config.base[314]: FHMAX_HF_GFS=0
+++ config.base[315]: export FHMAX_WAV=9
+++ config.base[315]: FHMAX_WAV=9
+++ config.base[316]: export FHMAX_WAV_GFS=120
+++ config.base[316]: FHMAX_WAV_GFS=120
+++ config.base[317]: export FHMAX_HF_WAV=120
+++ config.base[317]: FHMAX_HF_WAV=120
+++ config.base[320]: export ILPOST=1
+++ config.base[320]: ILPOST=1
+++ config.base[321]: ((  FHMAX_HF_GFS < 120  ))
+++ config.base[322]: export ILPOST=3
+++ config.base[322]: ILPOST=3
+++ config.base[326]: export FHMAX_GOES=180
+++ config.base[326]: FHMAX_GOES=180
+++ config.base[327]: export FHOUT_GOES=3
+++ config.base[327]: FHOUT_GOES=3
+++ config.base[328]: ((  FHMAX_GOES > FHMAX_GFS  ))
+++ config.base[329]: export FHMAX_GOES=120
+++ config.base[329]: FHMAX_GOES=120
+++ config.base[333]: export restart_interval_gfs=12
+++ config.base[333]: restart_interval_gfs=12
+++ config.base[338]: export QUILTING=.true.
+++ config.base[338]: QUILTING=.true.
+++ config.base[339]: export OUTPUT_GRID=gaussian_grid
+++ config.base[339]: OUTPUT_GRID=gaussian_grid
+++ config.base[340]: export WRITE_DOPOST=.true.
+++ config.base[340]: WRITE_DOPOST=.true.
+++ config.base[341]: export WRITE_NSFLIP=.true.
+++ config.base[341]: WRITE_NSFLIP=.true.
+++ config.base[344]: export DOIAU=NO
+++ config.base[344]: DOIAU=NO
+++ config.base[345]: export IAUFHRS=3,6,9
+++ config.base[345]: IAUFHRS=3,6,9
+++ config.base[346]: export IAU_FHROT=3
+++ config.base[346]: IAU_FHROT=3
+++ config.base[347]: export IAU_DELTHRS=6
+++ config.base[347]: IAU_DELTHRS=6
+++ config.base[348]: export IAU_OFFSET=6
+++ config.base[348]: IAU_OFFSET=6
+++ config.base[349]: export DOIAU_ENKF=NO
+++ config.base[349]: DOIAU_ENKF=NO
+++ config.base[350]: export IAUFHRS_ENKF=3,6,9
+++ config.base[350]: IAUFHRS_ENKF=3,6,9
+++ config.base[351]: export IAU_DELTHRS_ENKF=6
+++ config.base[351]: IAU_DELTHRS_ENKF=6
+++ config.base[354]: export lobsdiag_forenkf=.true.
+++ config.base[354]: lobsdiag_forenkf=.true.
+++ config.base[362]: export imp_physics=8
+++ config.base[362]: imp_physics=8
+++ config.base[366]: export DO_JEDIATMVAR=YES
+++ config.base[366]: DO_JEDIATMVAR=YES
+++ config.base[367]: export DO_JEDIATMENS=YES
+++ config.base[367]: DO_JEDIATMENS=YES
+++ config.base[368]: export DO_JEDIOCNVAR=NO
+++ config.base[368]: DO_JEDIOCNVAR=NO
+++ config.base[369]: export DO_JEDISNOWDA=NO
+++ config.base[369]: DO_JEDISNOWDA=NO
+++ config.base[370]: export DO_MERGENSST=NO
+++ config.base[370]: DO_MERGENSST=NO
+++ config.base[371]: export DO_STARTMEM_FROM_JEDIICE=NO
+++ config.base[371]: DO_STARTMEM_FROM_JEDIICE=NO
+++ config.base[374]: export DOHYBVAR=YES
+++ config.base[374]: DOHYBVAR=YES
+++ config.base[375]: export DOHYBVAR_OCN=NO
+++ config.base[375]: DOHYBVAR_OCN=NO
+++ config.base[376]: export NMEM_ENS=2
+++ config.base[376]: NMEM_ENS=2
+++ config.base[377]: export SMOOTH_ENKF=NO
+++ config.base[377]: SMOOTH_ENKF=NO
+++ config.base[378]: export l4densvar=.true.
+++ config.base[378]: l4densvar=.true.
+++ config.base[379]: export lwrite4danl=.true.
+++ config.base[379]: lwrite4danl=.true.
+++ config.base[380]: export DO_CALC_INCREMENT=NO
+++ config.base[380]: DO_CALC_INCREMENT=NO
+++ config.base[383]: export NMEM_ENS_GFS=30
+++ config.base[383]: NMEM_ENS_GFS=30
+++ config.base[384]: export NMEM_ENS_GFS_OFFSET=20
+++ config.base[384]: NMEM_ENS_GFS_OFFSET=20
+++ config.base[385]: export DO_CALC_INCREMENT_ENKF_GFS=NO
+++ config.base[385]: DO_CALC_INCREMENT_ENKF_GFS=NO
+++ config.base[388]: [[ YES = \Y\E\S ]]
+++ config.base[389]: export FHMIN_ENKF=3
+++ config.base[389]: FHMIN_ENKF=3
+++ config.base[390]: export FHMAX_ENKF=9
+++ config.base[390]: FHMAX_ENKF=9
+++ config.base[391]: export FHMAX_ENKF_GFS=12
+++ config.base[391]: FHMAX_ENKF_GFS=12
+++ config.base[392]: export FHOUT_ENKF_GFS=3
+++ config.base[392]: FHOUT_ENKF_GFS=3
+++ config.base[393]: [[ .true. = \.\t\r\u\e\. ]]
+++ config.base[394]: export FHOUT=1
+++ config.base[394]: FHOUT=1
+++ config.base[395]: export FHOUT_ENKF=1
+++ config.base[395]: FHOUT_ENKF=1
+++ config.base[402]: [[ YES == \N\O ]]
+++ config.base[410]: export ENKF_SPREAD=YES
+++ config.base[410]: ENKF_SPREAD=YES
+++ config.base[413]: [[ cycled = \c\y\c\l\e\d ]]
+++ config.base[413]: [[ 2024022318 = \2\0\2\4\0\2\2\4\0\0 ]]
+++ config.base[413]: [[ NO = \N\O ]]
+++ config.base[414]: export IAU_OFFSET=0
+++ config.base[414]: IAU_OFFSET=0
+++ config.base[415]: export IAU_FHROT=0
+++ config.base[415]: IAU_FHROT=0
+++ config.base[416]: export IAUFHRS=6,
+++ config.base[416]: IAUFHRS=6,
+++ config.base[419]: [[ NO = \N\O ]]
+++ config.base[419]: export IAUFHRS_ENKF=6,
+++ config.base[419]: IAUFHRS_ENKF=6,
+++ config.base[423]: [[ NO == \Y\E\S ]]
+++ config.base[426]: export restart_interval_enkfgdas=6
+++ config.base[426]: restart_interval_enkfgdas=6
+++ config.base[429]: export restart_interval_enkfgfs=6
+++ config.base[429]: restart_interval_enkfgfs=6
+++ config.base[431]: [[ NO == \Y\E\S ]]
+++ config.base[434]: export restart_interval_gdas=6
+++ config.base[434]: restart_interval_gdas=6
+++ config.base[437]: export GSI_SOILANAL=NO
+++ config.base[437]: GSI_SOILANAL=NO
+++ config.base[440]: export DONST=YES
+++ config.base[440]: DONST=YES
+++ config.base[441]: [[ YES = \Y\E\S ]]
+++ config.base[441]: export 'FNTSFA=        '
+++ config.base[441]: FNTSFA='        '
+++ config.base[444]: export nst_anl=.true.
+++ config.base[444]: nst_anl=.true.
+++ config.base[447]: export MAKE_NSSTBUFR=NO
+++ config.base[447]: MAKE_NSSTBUFR=NO
+++ config.base[450]: export MAKE_ACFTBUFR=NO
+++ config.base[450]: MAKE_ACFTBUFR=NO
+++ config.base[453]: export 'INCREMENTS_TO_ZERO='\''liq_wat_inc'\'','\''icmr_inc'\'','\''rwmr_inc'\'','\''snmr_inc'\'','\''grle_inc'\'''
+++ config.base[453]: INCREMENTS_TO_ZERO=''\''liq_wat_inc'\'','\''icmr_inc'\'','\''rwmr_inc'\'','\''snmr_inc'\'','\''grle_inc'\'''
+++ config.base[456]: export 'INCVARS_ZERO_STRAT='\''sphum_inc'\'','\''liq_wat_inc'\'','\''icmr_inc'\'','\''rwmr_inc'\'','\''snmr_inc'\'','\''grle_inc'\'''
+++ config.base[456]: INCVARS_ZERO_STRAT=''\''sphum_inc'\'','\''liq_wat_inc'\'','\''icmr_inc'\'','\''rwmr_inc'\'','\''snmr_inc'\'','\''grle_inc'\'''
+++ config.base[457]: export INCVARS_EFOLD=5
+++ config.base[457]: INCVARS_EFOLD=5
+++ config.base[462]: export netcdf_diag=.true.
+++ config.base[462]: netcdf_diag=.true.
+++ config.base[463]: export binary_diag=.false.
+++ config.base[463]: binary_diag=.false.
+++ config.base[466]: export DO_CA=YES
+++ config.base[466]: DO_CA=YES
+++ config.base[469]: export DO_METP=YES
+++ config.base[469]: DO_METP=YES
+++ config.base[470]: export DO_FIT2OBS=YES
+++ config.base[470]: DO_FIT2OBS=YES
+++ config.base[471]: export DO_VRFY_OCEANDA=NO
+++ config.base[471]: DO_VRFY_OCEANDA=NO
+++ config.base[474]: export FHMAX_FITS=132
+++ config.base[474]: FHMAX_FITS=132
+++ config.base[475]: [[ 132 -gt 120 ]]
+++ config.base[475]: export FHMAX_FITS=120
+++ config.base[475]: FHMAX_FITS=120
+++ config.base[478]: export HPSSARCH=YES
+++ config.base[478]: HPSSARCH=YES
+++ config.base[479]: export LOCALARCH=NO
+++ config.base[479]: LOCALARCH=NO
+++ config.base[480]: [[ YES = \Y\E\S ]]
+++ config.base[480]: [[ NO = \Y\E\S ]]
+++ config.base[484]: export ARCH_CYC=00
+++ config.base[484]: ARCH_CYC=00
+++ config.base[485]: export ARCH_WARMICFREQ=4
+++ config.base[485]: ARCH_WARMICFREQ=4
+++ config.base[486]: export ARCH_FCSTICFREQ=1
+++ config.base[486]: ARCH_FCSTICFREQ=1
+++ config.base[487]: export ARCH_EXPDIR=YES
+++ config.base[487]: ARCH_EXPDIR=YES
+++ config.base[488]: export ARCH_EXPDIR_FREQ=0
+++ config.base[488]: ARCH_EXPDIR_FREQ=0
+++ config.base[489]: export ARCH_HASHES=YES
+++ config.base[489]: ARCH_HASHES=YES
+++ config.base[490]: export ARCH_DIFFS=NO
+++ config.base[490]: ARCH_DIFFS=NO
+++ config.base[493]: [[ YES = \Y\E\S ]]
+++ config.base[494]: export DO_FIT2OBS=NO
+++ config.base[494]: DO_FIT2OBS=NO
+++ config.base[495]: export DO_VERFOZN=NO
+++ config.base[495]: DO_VERFOZN=NO
+++ config.base[496]: export DO_VERFRAD=NO
+++ config.base[496]: DO_VERFRAD=NO
+++ config.base[497]: export DO_VMINMON=NO
+++ config.base[497]: DO_VMINMON=NO
+++ config.base[501]: export REPLAY_ICS=NO
+++ config.base[501]: REPLAY_ICS=NO
+++ config.base[502]: export OFFSET_START_HOUR=0
+++ config.base[502]: OFFSET_START_HOUR=0
+++ config.base[505]: export NUM_SND_COLLECTIVES=9
+++ config.base[505]: NUM_SND_COLLECTIVES=9
+++ config.base[507]: echo 'END: config.base'
END: config.base
++ jjob_header.sh[98]: status=0
++ jjob_header.sh[99]: ((  status != 0  ))
++ jjob_header.sh[96]: for config in "${configs[@]:-''}"
++ jjob_header.sh[97]: source /scratch1/NCEPDEV/global/CI/3206/RUNTESTS/EXPDIR/C96C48_ufs_hybatmDA_c7b3010b/config.anal
+++ config.anal[6]: echo 'BEGIN: config.anal'
BEGIN: config.anal
+++ config.anal[9]: . /scratch1/NCEPDEV/global/CI/3206/RUNTESTS/EXPDIR/C96C48_ufs_hybatmDA_c7b3010b/config.resources anal
++++ config.resources[10]: ((  1 != 1  ))
++++ config.resources[34]: step=anal
++++ config.resources[36]: echo 'BEGIN: config.resources'
BEGIN: config.resources
++++ config.resources[38]: case ${machine} in
++++ config.resources[46]: max_tasks_per_node=40
++++ config.resources[48]: mem_node_max=96GB
++++ config.resources[144]: export max_tasks_per_node
++++ config.resources[146]: case ${step} in
++++ config.resources[668]: walltime_gdas=01:20:00
++++ config.resources[669]: walltime_gfs=01:00:00
++++ config.resources[670]: case ${CASE} in
++++ config.resources[682]: ntasks_gdas=84
++++ config.resources[683]: ntasks_gfs=84
++++ config.resources[684]: threads_per_task=5
++++ config.resources[691]: tasks_per_node=8
++++ config.resources[692]: export threads_per_task_cycle=5
++++ config.resources[692]: threads_per_task_cycle=5
++++ config.resources[693]: export tasks_per_node_cycle=8
++++ config.resources[693]: tasks_per_node_cycle=8
++++ config.resources[694]: export is_exclusive=True
++++ config.resources[694]: is_exclusive=True
++++ config.resources[1453]: [[ -f /scratch1/NCEPDEV/global/CI/3206/RUNTESTS/EXPDIR/C96C48_ufs_hybatmDA_c7b3010b/config.resources.HERA ]]
++++ config.resources[1454]: source /scratch1/NCEPDEV/global/CI/3206/RUNTESTS/EXPDIR/C96C48_ufs_hybatmDA_c7b3010b/config.resources.HERA
+++++ config.resources.HERA[5]: case ${step} in
+++++ config.resources.HERA[12]: [[ C96 == \C\3\8\4 ]]
++++ config.resources[1458]: for resource_var in threads_per_task ntasks tasks_per_node NTASKS memory walltime
++++ config.resources[1459]: run_resource_var=threads_per_task_gfs
++++ config.resources[1460]: [[ -n '' ]]
++++ config.resources[1462]: [[ -n 0 ]]
++++ config.resources[1463]: export threads_per_task
++++ config.resources[1458]: for resource_var in threads_per_task ntasks tasks_per_node NTASKS memory walltime
++++ config.resources[1459]: run_resource_var=ntasks_gfs
++++ config.resources[1460]: [[ -n 0 ]]
++++ config.resources[1461]: declare -x ntasks=84
++++ config.resources[1458]: for resource_var in threads_per_task ntasks tasks_per_node NTASKS memory walltime
++++ config.resources[1459]: run_resource_var=tasks_per_node_gfs
++++ config.resources[1460]: [[ -n '' ]]
++++ config.resources[1462]: [[ -n 0 ]]
++++ config.resources[1463]: export tasks_per_node
++++ config.resources[1458]: for resource_var in threads_per_task ntasks tasks_per_node NTASKS memory walltime
++++ config.resources[1459]: run_resource_var=NTASKS_gfs
++++ config.resources[1460]: [[ -n '' ]]
++++ config.resources[1462]: [[ -n '' ]]
++++ config.resources[1458]: for resource_var in threads_per_task ntasks tasks_per_node NTASKS memory walltime
++++ config.resources[1459]: run_resource_var=memory_gfs
++++ config.resources[1460]: [[ -n '' ]]
++++ config.resources[1462]: [[ -n '' ]]
++++ config.resources[1458]: for resource_var in threads_per_task ntasks tasks_per_node NTASKS memory walltime
++++ config.resources[1459]: run_resource_var=walltime_gfs
++++ config.resources[1460]: [[ -n 0 ]]
++++ config.resources[1461]: declare -x walltime=01:00:00
++++ config.resources[1467]: echo 'END: config.resources'
END: config.resources
+++ config.anal[11]: [[ YES = \Y\E\S ]]
+++ config.anal[12]: . /scratch1/NCEPDEV/global/CI/3206/RUNTESTS/EXPDIR/C96C48_ufs_hybatmDA_c7b3010b/config.nsst
++++ config.nsst[6]: echo 'BEGIN: config.nsst'
BEGIN: config.nsst
++++ config.nsst[11]: export NST_MODEL=2
++++ config.nsst[11]: NST_MODEL=2
++++ config.nsst[14]: [[ YES == \Y\E\S ]]
++++ config.nsst[15]: export NST_MODEL=1
++++ config.nsst[15]: NST_MODEL=1
++++ config.nsst[19]: export NST_SPINUP=0
++++ config.nsst[19]: NST_SPINUP=0
++++ config.nsst[20]: cdate=2024022400
++++ config.nsst[21]: ((  cdate < 2017072000  ))
++++ config.nsst[26]: export NST_RESV=0
++++ config.nsst[26]: NST_RESV=0
++++ config.nsst[29]: export ZSEA1=0
++++ config.nsst[29]: ZSEA1=0
++++ config.nsst[30]: export ZSEA2=0
++++ config.nsst[30]: ZSEA2=0
++++ config.nsst[32]: export NST_GSI=3
++++ config.nsst[32]: NST_GSI=3
++++ config.nsst[36]: export NSTINFO=0
++++ config.nsst[36]: NSTINFO=0
++++ config.nsst[37]: ((  NST_GSI > 0  ))
++++ config.nsst[37]: export NSTINFO=4
++++ config.nsst[37]: NSTINFO=4
++++ config.nsst[39]: echo 'END: config.nsst'
END: config.nsst
+++ config.anal[15]: [[ gfs == \g\f\s ]]
+++ config.anal[16]: export USE_RADSTAT=NO
+++ config.anal[16]: USE_RADSTAT=NO
+++ config.anal[17]: export GENDIAG=NO
+++ config.anal[17]: GENDIAG=NO
+++ config.anal[18]: export 'SETUP=diag_rad=.false.,diag_pcp=.false.,diag_conv=.false.,diag_ozone=.false.,write_diag(3)=.false.,niter(2)=100,'
+++ config.anal[18]: SETUP='diag_rad=.false.,diag_pcp=.false.,diag_conv=.false.,diag_ozone=.false.,write_diag(3)=.false.,niter(2)=100,'
+++ config.anal[19]: export DIAG_TARBALL=YES
+++ config.anal[19]: DIAG_TARBALL=YES
+++ config.anal[23]: [[ 128 = \1\2\8 ]]
+++ config.anal[24]: export 'GRIDOPTS=nlayers(63)=1,nlayers(64)=1,'
+++ config.anal[24]: GRIDOPTS='nlayers(63)=1,nlayers(64)=1,'
+++ config.anal[25]: export 'SETUP=gpstop=55,nsig_ext=45,diag_rad=.false.,diag_pcp=.false.,diag_conv=.false.,diag_ozone=.false.,write_diag(3)=.false.,niter(2)=100,'
+++ config.anal[25]: SETUP='gpstop=55,nsig_ext=45,diag_rad=.false.,diag_pcp=.false.,diag_conv=.false.,diag_ozone=.false.,write_diag(3)=.false.,niter(2)=100,'
+++ config.anal[29]: export lobsdiag_forenkf=.false.
+++ config.anal[29]: lobsdiag_forenkf=.false.
+++ config.anal[33]: [[ NO = \Y\E\S ]]
+++ config.anal[38]: export GSNDBF=/dev/null
+++ config.anal[38]: GSNDBF=/dev/null
+++ config.anal[39]: export AMSREBF=/dev/null
+++ config.anal[39]: AMSREBF=/dev/null
+++ config.anal[40]: export SSMITBF=/dev/null
+++ config.anal[40]: SSMITBF=/dev/null
+++ config.anal[41]: export AMSR2BF=/dev/null
+++ config.anal[41]: AMSR2BF=/dev/null
+++ config.anal[46]: export CONVINFO=/scratch1/NCEPDEV/global/CI/3206/global-workflow/fix/gsi/global_convinfo.txt
+++ config.anal[46]: CONVINFO=/scratch1/NCEPDEV/global/CI/3206/global-workflow/fix/gsi/global_convinfo.txt
+++ config.anal[47]: export OZINFO=/scratch1/NCEPDEV/global/CI/3206/global-workflow/fix/gsi/global_ozinfo.txt
+++ config.anal[47]: OZINFO=/scratch1/NCEPDEV/global/CI/3206/global-workflow/fix/gsi/global_ozinfo.txt
+++ config.anal[48]: export SATINFO=/scratch1/NCEPDEV/global/CI/3206/global-workflow/fix/gsi/global_satinfo.txt
+++ config.anal[48]: SATINFO=/scratch1/NCEPDEV/global/CI/3206/global-workflow/fix/gsi/global_satinfo.txt
+++ config.anal[49]: export OBERROR=/scratch1/NCEPDEV/global/CI/3206/global-workflow/fix/gsi/prepobs_errtable.global
+++ config.anal[49]: OBERROR=/scratch1/NCEPDEV/global/CI/3206/global-workflow/fix/gsi/prepobs_errtable.global
+++ config.anal[51]: [[ NO = \Y\E\S ]]
+++ config.anal[60]: [[ emc == \e\m\c ]]
+++ config.anal[62]: [[ 2024022400 -ge 2019021900 ]]
+++ config.anal[62]: [[ 2024022400 -lt 2019110706 ]]
+++ config.anal[68]: [[ 2024022400 -ge 2019110706 ]]
+++ config.anal[68]: [[ 2024022400 -lt 2020040718 ]]
+++ config.anal[74]: [[ 2024022400 -ge 2020040718 ]]
+++ config.anal[74]: [[ 2024022400 -lt 2020052612 ]]
+++ config.anal[80]: [[ 2024022400 -ge 2020052612 ]]
+++ config.anal[80]: [[ 2024022400 -lt 2020082412 ]]
+++ config.anal[86]: [[ 2024022400 -ge 2020082412 ]]
+++ config.anal[86]: [[ 2024022400 -lt 2020091612 ]]
+++ config.anal[91]: [[ 2024022400 -ge 2020091612 ]]
+++ config.anal[91]: [[ 2024022400 -lt 2021031712 ]]
+++ config.anal[96]: [[ 2024022400 -ge 2021031712 ]]
+++ config.anal[96]: [[ 2024022400 -lt 2021091612 ]]
+++ config.anal[110]: [[ 2024022400 -ge 2020011600 ]]
+++ config.anal[110]: [[ 2024022400 -lt 2020011806 ]]
+++ config.anal[116]: [[ 2024022400 -ge 2019021900 ]]
+++ config.anal[116]: [[ 2024022400 -lt 2019110706 ]]
+++ config.anal[121]: [[ 2024022400 -ge 2019110706 ]]
+++ config.anal[121]: [[ 2024022400 -lt 2020022012 ]]
+++ config.anal[126]: [[ 2024022400 -ge 2020022012 ]]
+++ config.anal[126]: [[ 2024022400 -lt 2021052118 ]]
+++ config.anal[131]: [[ 2024022400 -ge 2021052118 ]]
+++ config.anal[131]: [[ 2024022400 -lt 2021092206 ]]
+++ config.anal[136]: [[ 2024022400 -ge 2021092206 ]]
+++ config.anal[136]: [[ 2024022400 -lt 2021102612 ]]
+++ config.anal[153]: export AIRS_CADS=.false.
+++ config.anal[153]: AIRS_CADS=.false.
+++ config.anal[154]: export CRIS_CADS=.false.
+++ config.anal[154]: CRIS_CADS=.false.
+++ config.anal[155]: export IASI_CADS=.false.
+++ config.anal[155]: IASI_CADS=.false.
+++ config.anal[157]: echo 'END: config.anal'
END: config.anal
++ jjob_header.sh[98]: status=0
++ jjob_header.sh[99]: ((  status != 0  ))
++ jjob_header.sh[96]: for config in "${configs[@]:-''}"
++ jjob_header.sh[97]: source /scratch1/NCEPDEV/global/CI/3206/RUNTESTS/EXPDIR/C96C48_ufs_hybatmDA_c7b3010b/config.analcalc
+++ config.analcalc[6]: echo 'BEGIN: config.analcalc'
BEGIN: config.analcalc
+++ config.analcalc[9]: . /scratch1/NCEPDEV/global/CI/3206/RUNTESTS/EXPDIR/C96C48_ufs_hybatmDA_c7b3010b/config.resources analcalc
++++ config.resources[10]: ((  1 != 1  ))
++++ config.resources[34]: step=analcalc
++++ config.resources[36]: echo 'BEGIN: config.resources'
BEGIN: config.resources
++++ config.resources[38]: case ${machine} in
++++ config.resources[46]: max_tasks_per_node=40
++++ config.resources[48]: mem_node_max=96GB
++++ config.resources[144]: export max_tasks_per_node
++++ config.resources[146]: case ${step} in
++++ config.resources[698]: walltime=00:15:00
++++ config.resources[699]: ntasks=127
++++ config.resources[700]: export ntasks_calcanl=127
++++ config.resources[700]: ntasks_calcanl=127
++++ config.resources[701]: threads_per_task=1
++++ config.resources[702]: tasks_per_node=40
++++ config.resources[703]: export threads_per_task_echgres_gdas=4
++++ config.resources[703]: threads_per_task_echgres_gdas=4
++++ config.resources[704]: export threads_per_task_echgres_gfs=12
++++ config.resources[704]: threads_per_task_echgres_gfs=12
++++ config.resources[705]: export is_exclusive=True
++++ config.resources[705]: is_exclusive=True
++++ config.resources[706]: memory=48GB
++++ config.resources[707]: [[ C96 == \C\3\8\4 ]]
++++ config.resources[707]: [[ C96 == \C\7\6\8 ]]
++++ config.resources[707]: [[ C96 == \C\1\1\5\2 ]]
++++ config.resources[1453]: [[ -f /scratch1/NCEPDEV/global/CI/3206/RUNTESTS/EXPDIR/C96C48_ufs_hybatmDA_c7b3010b/config.resources.HERA ]]
++++ config.resources[1454]: source /scratch1/NCEPDEV/global/CI/3206/RUNTESTS/EXPDIR/C96C48_ufs_hybatmDA_c7b3010b/config.resources.HERA
+++++ config.resources.HERA[5]: case ${step} in
++++ config.resources[1458]: for resource_var in threads_per_task ntasks tasks_per_node NTASKS memory walltime
++++ config.resources[1459]: run_resource_var=threads_per_task_gfs
++++ config.resources[1460]: [[ -n '' ]]
++++ config.resources[1462]: [[ -n 0 ]]
++++ config.resources[1463]: export threads_per_task
++++ config.resources[1458]: for resource_var in threads_per_task ntasks tasks_per_node NTASKS memory walltime
++++ config.resources[1459]: run_resource_var=ntasks_gfs
++++ config.resources[1460]: [[ -n 0 ]]
++++ config.resources[1461]: declare -x ntasks=84
++++ config.resources[1458]: for resource_var in threads_per_task ntasks tasks_per_node NTASKS memory walltime
++++ config.resources[1459]: run_resource_var=tasks_per_node_gfs
++++ config.resources[1460]: [[ -n '' ]]
++++ config.resources[1462]: [[ -n 0 ]]
++++ config.resources[1463]: export tasks_per_node
++++ config.resources[1458]: for resource_var in threads_per_task ntasks tasks_per_node NTASKS memory walltime
++++ config.resources[1459]: run_resource_var=NTASKS_gfs
++++ config.resources[1460]: [[ -n '' ]]
++++ config.resources[1462]: [[ -n '' ]]
++++ config.resources[1458]: for resource_var in threads_per_task ntasks tasks_per_node NTASKS memory walltime
++++ config.resources[1459]: run_resource_var=memory_gfs
++++ config.resources[1460]: [[ -n '' ]]
++++ config.resources[1462]: [[ -n 0 ]]
++++ config.resources[1463]: export memory
++++ config.resources[1458]: for resource_var in threads_per_task ntasks tasks_per_node NTASKS memory walltime
++++ config.resources[1459]: run_resource_var=walltime_gfs
++++ config.resources[1460]: [[ -n 0 ]]
++++ config.resources[1461]: declare -x walltime=01:00:00
++++ config.resources[1467]: echo 'END: config.resources'
END: config.resources
+++ config.analcalc[11]: echo 'END: config.analcalc'
END: config.analcalc
++ jjob_header.sh[98]: status=0
++ jjob_header.sh[99]: ((  status != 0  ))
++ jjob_header.sh[109]: source /scratch1/NCEPDEV/global/CI/3206/global-workflow/env/HERA.env analcalc
+++ HERA.env[3]: [[ 1 -ne 1 ]]
+++ HERA.env[10]: step=analcalc
+++ HERA.env[12]: export 'launcher=srun -l --export=ALL --hint=nomultithread'
+++ HERA.env[12]: launcher='srun -l --export=ALL --hint=nomultithread'
+++ HERA.env[13]: export 'mpmd_opt=--multi-prog --output=mpmd.%j.%t.out'
+++ HERA.env[13]: mpmd_opt='--multi-prog --output=mpmd.%j.%t.out'
+++ HERA.env[24]: export OMP_STACKSIZE=2048000
+++ HERA.env[24]: OMP_STACKSIZE=2048000
+++ HERA.env[25]: export NTHSTACK=1024000000
+++ HERA.env[25]: NTHSTACK=1024000000
+++ HERA.env[29]: [[ -n 4860610 ]]
+++ HERA.env[30]: ulimit -s unlimited
+++ HERA.env[31]: ulimit -a
core file size          (blocks, -c) unlimited
data seg size           (kbytes, -d) unlimited
scheduling priority             (-e) 0
file size               (blocks, -f) unlimited
pending signals                 (-i) 379939
max locked memory       (kbytes, -l) unlimited
max memory size         (kbytes, -m) 50331648
open files                      (-n) 131072
pipe size            (512 bytes, -p) 8
POSIX message queues     (bytes, -q) 819200
real-time priority              (-r) 0
stack size              (kbytes, -s) unlimited
cpu time               (seconds, -t) unlimited
max user processes              (-u) 379939
virtual memory          (kbytes, -v) unlimited
file locks                      (-x) unlimited
+++ HERA.env[36]: [[ -n 84 ]]
+++ HERA.env[36]: [[ -n 40 ]]
+++ HERA.env[36]: [[ -n 40 ]]
+++ HERA.env[37]: max_threads_per_task=1
+++ HERA.env[38]: NTHREADSmax=1
+++ HERA.env[39]: NTHREADS1=1
+++ HERA.env[40]: [[ 1 -gt 1 ]]
+++ HERA.env[41]: [[ 1 -gt 1 ]]
+++ HERA.env[42]: APRUN_default='srun -l --export=ALL --hint=nomultithread -n 84'
+++ HERA.env[48]: [[ analcalc = \p\r\e\p ]]
+++ HERA.env[48]: [[ analcalc = \p\r\e\p\b\u\f\r ]]
+++ HERA.env[55]: [[ analcalc = \p\r\e\p\_\e\m\i\s\s\i\o\n\s ]]
+++ HERA.env[59]: [[ analcalc = \w\a\v\e\i\n\i\t ]]
+++ HERA.env[59]: [[ analcalc = \w\a\v\e\p\r\e\p ]]
+++ HERA.env[59]: [[ analcalc = \w\a\v\e\p\o\s\t\s\b\s ]]
+++ HERA.env[59]: [[ analcalc = \w\a\v\e\p\o\s\t\b\n\d\p\n\t ]]
+++ HERA.env[59]: [[ analcalc = \w\a\v\e\p\o\s\t\b\n\d\p\n\t\b\l\l ]]
+++ HERA.env[59]: [[ analcalc = \w\a\v\e\p\o\s\t\p\n\t ]]
+++ HERA.env[66]: [[ analcalc = \a\t\m\a\n\l\v\a\r ]]
+++ HERA.env[71]: [[ analcalc = \a\t\m\e\n\s\a\n\l\o\b\s ]]
+++ HERA.env[76]: [[ analcalc = \a\t\m\e\n\s\a\n\l\s\o\l ]]
+++ HERA.env[81]: [[ analcalc = \a\t\m\e\n\s\a\n\l\l\e\t\k\f ]]
+++ HERA.env[86]: [[ analcalc = \a\t\m\e\n\s\a\n\l\f\v\3\i\n\c ]]
+++ HERA.env[91]: [[ analcalc = \a\e\r\o\a\n\l\v\a\r ]]
+++ HERA.env[98]: [[ analcalc = \a\e\r\o\a\n\l\g\e\n\b ]]
+++ HERA.env[103]: [[ analcalc = \a\t\m\a\n\l\f\v\3\i\n\c ]]
+++ HERA.env[108]: [[ analcalc = \p\r\e\p\o\b\s\a\e\r\o ]]
+++ HERA.env[113]: [[ analcalc = \s\n\o\w\a\n\l ]]
+++ HERA.env[122]: [[ analcalc = \e\s\n\o\w\a\n\l ]]
+++ HERA.env[131]: [[ analcalc = \m\a\r\i\n\e\b\m\a\t ]]
+++ HERA.env[136]: [[ analcalc = \m\a\r\i\n\e\b\m\a\t ]]
+++ HERA.env[141]: [[ analcalc = \m\a\r\i\n\e\a\n\l\v\a\r ]]
+++ HERA.env[146]: [[ analcalc = \m\a\r\i\n\e\a\n\l\c\h\k\p\t ]]
+++ HERA.env[151]: [[ analcalc = \o\c\n\a\n\a\l\e\c\e\n ]]
+++ HERA.env[156]: [[ analcalc = \m\a\r\i\n\e\a\n\l\l\e\t\k\f ]]
+++ HERA.env[161]: [[ analcalc = \a\n\a\l ]]
+++ HERA.env[161]: [[ analcalc = \a\n\a\l\c\a\l\c ]]
+++ HERA.env[163]: export MKL_NUM_THREADS=4
+++ HERA.env[163]: MKL_NUM_THREADS=4
+++ HERA.env[164]: export MKL_CBWR=AUTO
+++ HERA.env[164]: MKL_CBWR=AUTO
+++ HERA.env[166]: export CFP_MP=YES
+++ HERA.env[166]: CFP_MP=YES
+++ HERA.env[167]: export USE_CFP=YES
+++ HERA.env[167]: USE_CFP=YES
+++ HERA.env[168]: export 'APRUNCFP=srun -l --export=ALL --hint=nomultithread -n $ncmd --multi-prog --output=mpmd.%j.%t.out'
+++ HERA.env[168]: APRUNCFP='srun -l --export=ALL --hint=nomultithread -n $ncmd --multi-prog --output=mpmd.%j.%t.out'
+++ HERA.env[170]: export NTHREADS_GSI=1
+++ HERA.env[170]: NTHREADS_GSI=1
+++ HERA.env[171]: export 'APRUN_GSI=srun -l --export=ALL --hint=nomultithread -n 84 --cpus-per-task=1'
+++ HERA.env[171]: APRUN_GSI='srun -l --export=ALL --hint=nomultithread -n 84 --cpus-per-task=1'
+++ HERA.env[173]: export NTHREADS_CALCINC=1
+++ HERA.env[173]: NTHREADS_CALCINC=1
+++ HERA.env[174]: [[ 1 -gt 1 ]]
+++ HERA.env[175]: export 'APRUN_CALCINC=srun -l --export=ALL --hint=nomultithread $ncmd --cpus-per-task=1'
+++ HERA.env[175]: APRUN_CALCINC='srun -l --export=ALL --hint=nomultithread $ncmd --cpus-per-task=1'
+++ HERA.env[177]: export NTHREADS_CYCLE=5
+++ HERA.env[177]: NTHREADS_CYCLE=5
+++ HERA.env[178]: [[ 5 -gt 40 ]]
+++ HERA.env[179]: ntasks_cycle=6
+++ HERA.env[180]: export 'APRUN_CYCLE=srun -l --export=ALL --hint=nomultithread -n 6 --cpus-per-task=5'
+++ HERA.env[180]: APRUN_CYCLE='srun -l --export=ALL --hint=nomultithread -n 6 --cpus-per-task=5'
+++ HERA.env[182]: export NTHREADS_GAUSFCANL=1
+++ HERA.env[182]: NTHREADS_GAUSFCANL=1
+++ HERA.env[183]: ntasks_gausfcanl=1
+++ HERA.env[184]: export 'APRUN_GAUSFCANL=srun -l --export=ALL --hint=nomultithread -n 1 --cpus-per-task=1'
+++ HERA.env[184]: APRUN_GAUSFCANL='srun -l --export=ALL --hint=nomultithread -n 1 --cpus-per-task=1'
++ jjob_header.sh[110]: status=0
++ jjob_header.sh[111]: ((  status != 0  ))
+ JGLOBAL_ATMOS_ANALYSIS_CALC[10]: export rCDUMP=gfs
+ JGLOBAL_ATMOS_ANALYSIS_CALC[10]: rCDUMP=gfs
+ JGLOBAL_ATMOS_ANALYSIS_CALC[11]: export DO_CALC_ANALYSIS=YES
+ JGLOBAL_ATMOS_ANALYSIS_CALC[11]: DO_CALC_ANALYSIS=YES
++ JGLOBAL_ATMOS_ANALYSIS_CALC[19]: /scratch1/NCEPDEV/nems/role.epic/spack-stack/spack-stack-1.6.0/envs/gsi-addon-dev-rocky8/install/intel/2021.5.0/prod-util-2.1.1-4vpcrpl/bin/ndate -6 2024022400
+ JGLOBAL_ATMOS_ANALYSIS_CALC[19]: GDATE=2024022318
+ JGLOBAL_ATMOS_ANALYSIS_CALC[21]: export gPDY=20240223
+ JGLOBAL_ATMOS_ANALYSIS_CALC[21]: gPDY=20240223
+ JGLOBAL_ATMOS_ANALYSIS_CALC[22]: export gcyc=18
+ JGLOBAL_ATMOS_ANALYSIS_CALC[22]: gcyc=18
+ JGLOBAL_ATMOS_ANALYSIS_CALC[23]: export GDUMP=gdas
+ JGLOBAL_ATMOS_ANALYSIS_CALC[23]: GDUMP=gdas
+ JGLOBAL_ATMOS_ANALYSIS_CALC[24]: export GDUMP_ENS=enkfgdas
+ JGLOBAL_ATMOS_ANALYSIS_CALC[24]: GDUMP_ENS=enkfgdas
+ JGLOBAL_ATMOS_ANALYSIS_CALC[26]: export OPREFIX=gfs.t00z.
+ JGLOBAL_ATMOS_ANALYSIS_CALC[26]: OPREFIX=gfs.t00z.
+ JGLOBAL_ATMOS_ANALYSIS_CALC[27]: export GPREFIX=gdas.t18z.
+ JGLOBAL_ATMOS_ANALYSIS_CALC[27]: GPREFIX=gdas.t18z.
+ JGLOBAL_ATMOS_ANALYSIS_CALC[28]: export APREFIX=gfs.t00z.
+ JGLOBAL_ATMOS_ANALYSIS_CALC[28]: APREFIX=gfs.t00z.
+ JGLOBAL_ATMOS_ANALYSIS_CALC[29]: export GPREFIX_ENS=enkfgdas.t18z.
+ JGLOBAL_ATMOS_ANALYSIS_CALC[29]: GPREFIX_ENS=enkfgdas.t18z.
+ JGLOBAL_ATMOS_ANALYSIS_CALC[31]: RUN=gfs
+ JGLOBAL_ATMOS_ANALYSIS_CALC[31]: YMD=20240224
+ JGLOBAL_ATMOS_ANALYSIS_CALC[31]: HH=00
+ JGLOBAL_ATMOS_ANALYSIS_CALC[31]: declare_from_tmpl -rx COMIN_OBS:COM_OBS_TMPL
+ bash_utils.sh[35]: [[ NO == \N\O ]]
+ bash_utils.sh[35]: set +x
declare_from_tmpl :: COMIN_OBS=/scratch1/NCEPDEV/global/CI/3206/RUNTESTS/COMROOT/C96C48_ufs_hybatmDA_c7b3010b/gfs.20240224/00/obs
+ JGLOBAL_ATMOS_ANALYSIS_CALC[34]: YMD=20240224
+ JGLOBAL_ATMOS_ANALYSIS_CALC[34]: HH=00
+ JGLOBAL_ATMOS_ANALYSIS_CALC[34]: declare_from_tmpl -rx COMOUT_ATMOS_ANALYSIS:COM_ATMOS_ANALYSIS_TMPL COMIN_ATMOS_RESTART:COM_ATMOS_RESTART_TMPL
+ bash_utils.sh[35]: [[ NO == \N\O ]]
+ bash_utils.sh[35]: set +x
declare_from_tmpl :: COMOUT_ATMOS_ANALYSIS=/scratch1/NCEPDEV/global/CI/3206/RUNTESTS/COMROOT/C96C48_ufs_hybatmDA_c7b3010b/gfs.20240224/00//analysis/atmos
declare_from_tmpl :: COMIN_ATMOS_RESTART=/scratch1/NCEPDEV/global/CI/3206/RUNTESTS/COMROOT/C96C48_ufs_hybatmDA_c7b3010b/gfs.20240224/00//model/atmos/restart
+ JGLOBAL_ATMOS_ANALYSIS_CALC[38]: RUN=gdas
+ JGLOBAL_ATMOS_ANALYSIS_CALC[38]: YMD=20240223
+ JGLOBAL_ATMOS_ANALYSIS_CALC[38]: HH=18
+ JGLOBAL_ATMOS_ANALYSIS_CALC[38]: declare_from_tmpl -rx COMIN_OBS_PREV:COM_OBS_TMPL COMIN_ATMOS_HISTORY_PREV:COM_ATMOS_HISTORY_TMPL
+ bash_utils.sh[35]: [[ NO == \N\O ]]
+ bash_utils.sh[35]: set +x
declare_from_tmpl :: COMIN_OBS_PREV=/scratch1/NCEPDEV/global/CI/3206/RUNTESTS/COMROOT/C96C48_ufs_hybatmDA_c7b3010b/gdas.20240223/18/obs
declare_from_tmpl :: COMIN_ATMOS_HISTORY_PREV=/scratch1/NCEPDEV/global/CI/3206/RUNTESTS/COMROOT/C96C48_ufs_hybatmDA_c7b3010b/gdas.20240223/18//model/atmos/history
+ JGLOBAL_ATMOS_ANALYSIS_CALC[43]: export ATMGES=/scratch1/NCEPDEV/global/CI/3206/RUNTESTS/COMROOT/C96C48_ufs_hybatmDA_c7b3010b/gdas.20240223/18//model/atmos/history/gdas.t18z.atmf006.nc
+ JGLOBAL_ATMOS_ANALYSIS_CALC[43]: ATMGES=/scratch1/NCEPDEV/global/CI/3206/RUNTESTS/COMROOT/C96C48_ufs_hybatmDA_c7b3010b/gdas.20240223/18//model/atmos/history/gdas.t18z.atmf006.nc
+ JGLOBAL_ATMOS_ANALYSIS_CALC[44]: '[' '!' -f /scratch1/NCEPDEV/global/CI/3206/RUNTESTS/COMROOT/C96C48_ufs_hybatmDA_c7b3010b/gdas.20240223/18//model/atmos/history/gdas.t18z.atmf006.nc ']'
++ JGLOBAL_ATMOS_ANALYSIS_CALC[50]: /scratch1/NCEPDEV/global/CI/3206/global-workflow/ush/getncdimlen /scratch1/NCEPDEV/global/CI/3206/RUNTESTS/COMROOT/C96C48_ufs_hybatmDA_c7b3010b/gdas.20240223/18//model/atmos/history/gdas.t18z.atmf006.nc pfull
+ JGLOBAL_ATMOS_ANALYSIS_CALC[50]: export LEVS=127
+ JGLOBAL_ATMOS_ANALYSIS_CALC[50]: LEVS=127
+ JGLOBAL_ATMOS_ANALYSIS_CALC[51]: status=0
+ JGLOBAL_ATMOS_ANALYSIS_CALC[52]: [[ 0 -ne 0 ]]
+ JGLOBAL_ATMOS_ANALYSIS_CALC[56]: export DOGAUSFCANL=YES
+ JGLOBAL_ATMOS_ANALYSIS_CALC[56]: DOGAUSFCANL=YES
+ JGLOBAL_ATMOS_ANALYSIS_CALC[62]: /scratch1/NCEPDEV/global/CI/3206/global-workflow/scripts/exglobal_atmos_analysis_calc.sh
Begin exglobal_atmos_analysis_calc.sh at Tue Jan  7 00:09:23 UTC 2025
++ exglobal_atmos_analysis_calc.sh[25]: pwd
+ exglobal_atmos_analysis_calc.sh[25]: pwd=/scratch1/NCEPDEV/stmp2/Terry.McGuinness/RUNDIRS/C96C48_ufs_hybatmDA_c7b3010b/gfs.2024022400/analcalc.2664602
+ exglobal_atmos_analysis_calc.sh[28]: rCDUMP=gfs
+ exglobal_atmos_analysis_calc.sh[29]: GDUMP=gdas
+ exglobal_atmos_analysis_calc.sh[32]: export 'CHGRP_CMD=chgrp rstprod'
+ exglobal_atmos_analysis_calc.sh[32]: CHGRP_CMD='chgrp rstprod'
+ exglobal_atmos_analysis_calc.sh[33]: export NCLEN=/scratch1/NCEPDEV/global/CI/3206/global-workflow/ush/getncdimlen
+ exglobal_atmos_analysis_calc.sh[33]: NCLEN=/scratch1/NCEPDEV/global/CI/3206/global-workflow/ush/getncdimlen
+ exglobal_atmos_analysis_calc.sh[34]: COMPRESS=gzip
+ exglobal_atmos_analysis_calc.sh[35]: UNCOMPRESS=gunzip
+ exglobal_atmos_analysis_calc.sh[36]: APRUNCFP='srun -l --export=ALL --hint=nomultithread -n $ncmd --multi-prog --output=mpmd.%j.%t.out'
+ exglobal_atmos_analysis_calc.sh[39]: netcdf_diag=.true.
+ exglobal_atmos_analysis_calc.sh[40]: binary_diag=.false.
+ exglobal_atmos_analysis_calc.sh[43]: DOIAU=NO
+ exglobal_atmos_analysis_calc.sh[44]: export IAUFHRS=6,
+ exglobal_atmos_analysis_calc.sh[44]: IAUFHRS=6,
+ exglobal_atmos_analysis_calc.sh[47]: export NTHREADS_CALCINC=1
+ exglobal_atmos_analysis_calc.sh[47]: NTHREADS_CALCINC=1
+ exglobal_atmos_analysis_calc.sh[48]: export 'APRUN_CALCINC=srun -l --export=ALL --hint=nomultithread $ncmd --cpus-per-task=1'
+ exglobal_atmos_analysis_calc.sh[48]: APRUN_CALCINC='srun -l --export=ALL --hint=nomultithread $ncmd --cpus-per-task=1'
+ exglobal_atmos_analysis_calc.sh[49]: export APRUN_CALCANL=
+ exglobal_atmos_analysis_calc.sh[49]: APRUN_CALCANL=
+ exglobal_atmos_analysis_calc.sh[50]: export APRUN_CHGRES=
+ exglobal_atmos_analysis_calc.sh[50]: APRUN_CHGRES=
+ exglobal_atmos_analysis_calc.sh[52]: export CALCANLEXEC=/scratch1/NCEPDEV/global/CI/3206/global-workflow/exec/calc_analysis.x
+ exglobal_atmos_analysis_calc.sh[52]: CALCANLEXEC=/scratch1/NCEPDEV/global/CI/3206/global-workflow/exec/calc_analysis.x
+ exglobal_atmos_analysis_calc.sh[53]: export CHGRESNCEXEC=/scratch1/NCEPDEV/global/CI/3206/global-workflow/exec/enkf_chgres_recenter_nc.x
+ exglobal_atmos_analysis_calc.sh[53]: CHGRESNCEXEC=/scratch1/NCEPDEV/global/CI/3206/global-workflow/exec/enkf_chgres_recenter_nc.x
+ exglobal_atmos_analysis_calc.sh[54]: export CHGRESINCEXEC=/scratch1/NCEPDEV/global/CI/3206/global-workflow/exec/interp_inc.x
+ exglobal_atmos_analysis_calc.sh[54]: CHGRESINCEXEC=/scratch1/NCEPDEV/global/CI/3206/global-workflow/exec/interp_inc.x
+ exglobal_atmos_analysis_calc.sh[55]: export NTHREADS_CHGRES=1
+ exglobal_atmos_analysis_calc.sh[55]: NTHREADS_CHGRES=1
+ exglobal_atmos_analysis_calc.sh[56]: CALCINCPY=/scratch1/NCEPDEV/global/CI/3206/global-workflow/ush/calcinc_gfs.py
+ exglobal_atmos_analysis_calc.sh[57]: CALCANLPY=/scratch1/NCEPDEV/global/CI/3206/global-workflow/ush/calcanl_gfs.py
+ exglobal_atmos_analysis_calc.sh[59]: DOGAUSFCANL=YES
+ exglobal_atmos_analysis_calc.sh[60]: GAUSFCANLSH=/scratch1/NCEPDEV/global/CI/3206/global-workflow/ush/gaussian_sfcanl.sh
+ exglobal_atmos_analysis_calc.sh[61]: export GAUSFCANLEXE=/scratch1/NCEPDEV/global/CI/3206/global-workflow/exec/gaussian_sfcanl.x
+ exglobal_atmos_analysis_calc.sh[61]: GAUSFCANLEXE=/scratch1/NCEPDEV/global/CI/3206/global-workflow/exec/gaussian_sfcanl.x
+ exglobal_atmos_analysis_calc.sh[62]: NTHREADS_GAUSFCANL=1
+ exglobal_atmos_analysis_calc.sh[63]: APRUN_GAUSFCANL='srun -l --export=ALL --hint=nomultithread -n 1 --cpus-per-task=1'
+ exglobal_atmos_analysis_calc.sh[66]: RUN=gfs
+ exglobal_atmos_analysis_calc.sh[67]: SENDECF=NO
+ exglobal_atmos_analysis_calc.sh[68]: SENDDBN=NO
+ exglobal_atmos_analysis_calc.sh[71]: GPREFIX=gdas.t18z.
+ exglobal_atmos_analysis_calc.sh[72]: ATMG03=/scratch1/NCEPDEV/global/CI/3206/RUNTESTS/COMROOT/C96C48_ufs_hybatmDA_c7b3010b/gdas.20240223/18//model/atmos/history/gdas.t18z.atmf003.nc
+ exglobal_atmos_analysis_calc.sh[73]: ATMG04=/scratch1/NCEPDEV/global/CI/3206/RUNTESTS/COMROOT/C96C48_ufs_hybatmDA_c7b3010b/gdas.20240223/18//model/atmos/history/gdas.t18z.atmf004.nc
+ exglobal_atmos_analysis_calc.sh[74]: ATMG05=/scratch1/NCEPDEV/global/CI/3206/RUNTESTS/COMROOT/C96C48_ufs_hybatmDA_c7b3010b/gdas.20240223/18//model/atmos/history/gdas.t18z.atmf005.nc
+ exglobal_atmos_analysis_calc.sh[75]: ATMGES=/scratch1/NCEPDEV/global/CI/3206/RUNTESTS/COMROOT/C96C48_ufs_hybatmDA_c7b3010b/gdas.20240223/18//model/atmos/history/gdas.t18z.atmf006.nc
+ exglobal_atmos_analysis_calc.sh[76]: ATMG07=/scratch1/NCEPDEV/global/CI/3206/RUNTESTS/COMROOT/C96C48_ufs_hybatmDA_c7b3010b/gdas.20240223/18//model/atmos/history/gdas.t18z.atmf007.nc
+ exglobal_atmos_analysis_calc.sh[77]: ATMG08=/scratch1/NCEPDEV/global/CI/3206/RUNTESTS/COMROOT/C96C48_ufs_hybatmDA_c7b3010b/gdas.20240223/18//model/atmos/history/gdas.t18z.atmf008.nc
+ exglobal_atmos_analysis_calc.sh[78]: ATMG09=/scratch1/NCEPDEV/global/CI/3206/RUNTESTS/COMROOT/C96C48_ufs_hybatmDA_c7b3010b/gdas.20240223/18//model/atmos/history/gdas.t18z.atmf009.nc
+ exglobal_atmos_analysis_calc.sh[81]: export APREFIX=gfs.t00z.
+ exglobal_atmos_analysis_calc.sh[81]: APREFIX=gfs.t00z.
+ exglobal_atmos_analysis_calc.sh[82]: SFCANL=/scratch1/NCEPDEV/global/CI/3206/RUNTESTS/COMROOT/C96C48_ufs_hybatmDA_c7b3010b/gfs.20240224/00//analysis/atmos/gfs.t00z.sfcanl.nc
+ exglobal_atmos_analysis_calc.sh[83]: DTFANL=/scratch1/NCEPDEV/global/CI/3206/RUNTESTS/COMROOT/C96C48_ufs_hybatmDA_c7b3010b/gfs.20240224/00//analysis/atmos/gfs.t00z.dtfanl.nc
+ exglobal_atmos_analysis_calc.sh[84]: ATMANL=/scratch1/NCEPDEV/global/CI/3206/RUNTESTS/COMROOT/C96C48_ufs_hybatmDA_c7b3010b/gfs.20240224/00//analysis/atmos/gfs.t00z.atmanl.nc
+ exglobal_atmos_analysis_calc.sh[87]: ATMINC=/scratch1/NCEPDEV/global/CI/3206/RUNTESTS/COMROOT/C96C48_ufs_hybatmDA_c7b3010b/gfs.20240224/00//analysis/atmos/gfs.t00z.atminc.nc
+ exglobal_atmos_analysis_calc.sh[90]: DOHYBVAR=YES
+ exglobal_atmos_analysis_calc.sh[91]: lrun_subdirs=.true.
+ exglobal_atmos_analysis_calc.sh[92]: '[' YES = YES ']'
+ exglobal_atmos_analysis_calc.sh[93]: l_hyb_ens=.true.
+ exglobal_atmos_analysis_calc.sh[94]: export l4densvar=.true.
+ exglobal_atmos_analysis_calc.sh[94]: l4densvar=.true.
+ exglobal_atmos_analysis_calc.sh[95]: export lwrite4danl=.true.
+ exglobal_atmos_analysis_calc.sh[95]: lwrite4danl=.true.
+ exglobal_atmos_analysis_calc.sh[103]: '[' YES = YES -a .true. = .true. -a .true. = .true. ']'
+ exglobal_atmos_analysis_calc.sh[104]: ATMA03=/scratch1/NCEPDEV/global/CI/3206/RUNTESTS/COMROOT/C96C48_ufs_hybatmDA_c7b3010b/gfs.20240224/00//analysis/atmos/gfs.t00z.atma003.nc
+ exglobal_atmos_analysis_calc.sh[105]: ATMI03=/scratch1/NCEPDEV/global/CI/3206/RUNTESTS/COMROOT/C96C48_ufs_hybatmDA_c7b3010b/gfs.20240224/00//analysis/atmos/gfs.t00z.atmi003.nc
+ exglobal_atmos_analysis_calc.sh[106]: ATMA04=/scratch1/NCEPDEV/global/CI/3206/RUNTESTS/COMROOT/C96C48_ufs_hybatmDA_c7b3010b/gfs.20240224/00//analysis/atmos/gfs.t00z.atma004.nc
+ exglobal_atmos_analysis_calc.sh[107]: ATMI04=/scratch1/NCEPDEV/global/CI/3206/RUNTESTS/COMROOT/C96C48_ufs_hybatmDA_c7b3010b/gfs.20240224/00//analysis/atmos/gfs.t00z.atmi004.nc
+ exglobal_atmos_analysis_calc.sh[108]: ATMA05=/scratch1/NCEPDEV/global/CI/3206/RUNTESTS/COMROOT/C96C48_ufs_hybatmDA_c7b3010b/gfs.20240224/00//analysis/atmos/gfs.t00z.atma005.nc
+ exglobal_atmos_analysis_calc.sh[109]: ATMI05=/scratch1/NCEPDEV/global/CI/3206/RUNTESTS/COMROOT/C96C48_ufs_hybatmDA_c7b3010b/gfs.20240224/00//analysis/atmos/gfs.t00z.atmi005.nc
+ exglobal_atmos_analysis_calc.sh[110]: ATMA07=/scratch1/NCEPDEV/global/CI/3206/RUNTESTS/COMROOT/C96C48_ufs_hybatmDA_c7b3010b/gfs.20240224/00//analysis/atmos/gfs.t00z.atma007.nc
+ exglobal_atmos_analysis_calc.sh[111]: ATMI07=/scratch1/NCEPDEV/global/CI/3206/RUNTESTS/COMROOT/C96C48_ufs_hybatmDA_c7b3010b/gfs.20240224/00//analysis/atmos/gfs.t00z.atmi007.nc
+ exglobal_atmos_analysis_calc.sh[112]: ATMA08=/scratch1/NCEPDEV/global/CI/3206/RUNTESTS/COMROOT/C96C48_ufs_hybatmDA_c7b3010b/gfs.20240224/00//analysis/atmos/gfs.t00z.atma008.nc
+ exglobal_atmos_analysis_calc.sh[113]: ATMI08=/scratch1/NCEPDEV/global/CI/3206/RUNTESTS/COMROOT/C96C48_ufs_hybatmDA_c7b3010b/gfs.20240224/00//analysis/atmos/gfs.t00z.atmi008.nc
+ exglobal_atmos_analysis_calc.sh[114]: ATMA09=/scratch1/NCEPDEV/global/CI/3206/RUNTESTS/COMROOT/C96C48_ufs_hybatmDA_c7b3010b/gfs.20240224/00//analysis/atmos/gfs.t00z.atma009.nc
+ exglobal_atmos_analysis_calc.sh[115]: ATMI09=/scratch1/NCEPDEV/global/CI/3206/RUNTESTS/COMROOT/C96C48_ufs_hybatmDA_c7b3010b/gfs.20240224/00//analysis/atmos/gfs.t00z.atmi009.nc
+ exglobal_atmos_analysis_calc.sh[121]: mkdata=NO
+ exglobal_atmos_analysis_calc.sh[122]: '[' '!' -d /scratch1/NCEPDEV/stmp2/Terry.McGuinness/RUNDIRS/C96C48_ufs_hybatmDA_c7b3010b/gfs.2024022400/analcalc.2664602 ']'
+ exglobal_atmos_analysis_calc.sh[127]: cd /scratch1/NCEPDEV/stmp2/Terry.McGuinness/RUNDIRS/C96C48_ufs_hybatmDA_c7b3010b/gfs.2024022400/analcalc.2664602
+ exglobal_atmos_analysis_calc.sh[131]: rm -rf 'dir.*'
+ exglobal_atmos_analysis_calc.sh[135]: '[' YES == YES ']'
+ exglobal_atmos_analysis_calc.sh[137]: /bin/ln -sf /scratch1/NCEPDEV/global/CI/3206/RUNTESTS/COMROOT/C96C48_ufs_hybatmDA_c7b3010b/gfs.20240224/00//analysis/atmos/gfs.t00z.atmanl.nc siganl
+ exglobal_atmos_analysis_calc.sh[138]: /bin/ln -sf /scratch1/NCEPDEV/global/CI/3206/RUNTESTS/COMROOT/C96C48_ufs_hybatmDA_c7b3010b/gfs.20240224/00//analysis/atmos/gfs.t00z.atminc.nc siginc.nc
+ exglobal_atmos_analysis_calc.sh[139]: '[' YES = YES -a .true. = .true. -a .true. = .true. ']'
+ exglobal_atmos_analysis_calc.sh[140]: /bin/ln -sf /scratch1/NCEPDEV/global/CI/3206/RUNTESTS/COMROOT/C96C48_ufs_hybatmDA_c7b3010b/gfs.20240224/00//analysis/atmos/gfs.t00z.atma003.nc siga03
+ exglobal_atmos_analysis_calc.sh[141]: /bin/ln -sf /scratch1/NCEPDEV/global/CI/3206/RUNTESTS/COMROOT/C96C48_ufs_hybatmDA_c7b3010b/gfs.20240224/00//analysis/atmos/gfs.t00z.atmi003.nc sigi03.nc
+ exglobal_atmos_analysis_calc.sh[142]: /bin/ln -sf /scratch1/NCEPDEV/global/CI/3206/RUNTESTS/COMROOT/C96C48_ufs_hybatmDA_c7b3010b/gfs.20240224/00//analysis/atmos/gfs.t00z.atma004.nc siga04
+ exglobal_atmos_analysis_calc.sh[143]: /bin/ln -sf /scratch1/NCEPDEV/global/CI/3206/RUNTESTS/COMROOT/C96C48_ufs_hybatmDA_c7b3010b/gfs.20240224/00//analysis/atmos/gfs.t00z.atmi004.nc sigi04.nc
+ exglobal_atmos_analysis_calc.sh[144]: /bin/ln -sf /scratch1/NCEPDEV/global/CI/3206/RUNTESTS/COMROOT/C96C48_ufs_hybatmDA_c7b3010b/gfs.20240224/00//analysis/atmos/gfs.t00z.atma005.nc siga05
+ exglobal_atmos_analysis_calc.sh[145]: /bin/ln -sf /scratch1/NCEPDEV/global/CI/3206/RUNTESTS/COMROOT/C96C48_ufs_hybatmDA_c7b3010b/gfs.20240224/00//analysis/atmos/gfs.t00z.atmi005.nc sigi05.nc
+ exglobal_atmos_analysis_calc.sh[146]: /bin/ln -sf /scratch1/NCEPDEV/global/CI/3206/RUNTESTS/COMROOT/C96C48_ufs_hybatmDA_c7b3010b/gfs.20240224/00//analysis/atmos/gfs.t00z.atma007.nc siga07
+ exglobal_atmos_analysis_calc.sh[147]: /bin/ln -sf /scratch1/NCEPDEV/global/CI/3206/RUNTESTS/COMROOT/C96C48_ufs_hybatmDA_c7b3010b/gfs.20240224/00//analysis/atmos/gfs.t00z.atmi007.nc sigi07.nc
+ exglobal_atmos_analysis_calc.sh[148]: /bin/ln -sf /scratch1/NCEPDEV/global/CI/3206/RUNTESTS/COMROOT/C96C48_ufs_hybatmDA_c7b3010b/gfs.20240224/00//analysis/atmos/gfs.t00z.atma008.nc siga08
+ exglobal_atmos_analysis_calc.sh[149]: /bin/ln -sf /scratch1/NCEPDEV/global/CI/3206/RUNTESTS/COMROOT/C96C48_ufs_hybatmDA_c7b3010b/gfs.20240224/00//analysis/atmos/gfs.t00z.atmi008.nc sigi08.nc
+ exglobal_atmos_analysis_calc.sh[150]: /bin/ln -sf /scratch1/NCEPDEV/global/CI/3206/RUNTESTS/COMROOT/C96C48_ufs_hybatmDA_c7b3010b/gfs.20240224/00//analysis/atmos/gfs.t00z.atma009.nc siga09
+ exglobal_atmos_analysis_calc.sh[151]: /bin/ln -sf /scratch1/NCEPDEV/global/CI/3206/RUNTESTS/COMROOT/C96C48_ufs_hybatmDA_c7b3010b/gfs.20240224/00//analysis/atmos/gfs.t00z.atmi009.nc sigi09.nc
+ exglobal_atmos_analysis_calc.sh[154]: /bin/ln -sf /scratch1/NCEPDEV/global/CI/3206/RUNTESTS/COMROOT/C96C48_ufs_hybatmDA_c7b3010b/gdas.20240223/18//model/atmos/history/gdas.t18z.atmf003.nc sigf03
+ exglobal_atmos_analysis_calc.sh[155]: /bin/ln -sf /scratch1/NCEPDEV/global/CI/3206/RUNTESTS/COMROOT/C96C48_ufs_hybatmDA_c7b3010b/gdas.20240223/18//model/atmos/history/gdas.t18z.atmf006.nc sigf06
+ exglobal_atmos_analysis_calc.sh[156]: /bin/ln -sf /scratch1/NCEPDEV/global/CI/3206/RUNTESTS/COMROOT/C96C48_ufs_hybatmDA_c7b3010b/gdas.20240223/18//model/atmos/history/gdas.t18z.atmf009.nc sigf09
+ exglobal_atmos_analysis_calc.sh[158]: [[ -f /scratch1/NCEPDEV/global/CI/3206/RUNTESTS/COMROOT/C96C48_ufs_hybatmDA_c7b3010b/gdas.20240223/18//model/atmos/history/gdas.t18z.atmf004.nc ]]
+ exglobal_atmos_analysis_calc.sh[158]: /bin/ln -sf /scratch1/NCEPDEV/global/CI/3206/RUNTESTS/COMROOT/C96C48_ufs_hybatmDA_c7b3010b/gdas.20240223/18//model/atmos/history/gdas.t18z.atmf004.nc sigf04
+ exglobal_atmos_analysis_calc.sh[159]: [[ -f /scratch1/NCEPDEV/global/CI/3206/RUNTESTS/COMROOT/C96C48_ufs_hybatmDA_c7b3010b/gdas.20240223/18//model/atmos/history/gdas.t18z.atmf005.nc ]]
+ exglobal_atmos_analysis_calc.sh[159]: /bin/ln -sf /scratch1/NCEPDEV/global/CI/3206/RUNTESTS/COMROOT/C96C48_ufs_hybatmDA_c7b3010b/gdas.20240223/18//model/atmos/history/gdas.t18z.atmf005.nc sigf05
+ exglobal_atmos_analysis_calc.sh[160]: [[ -f /scratch1/NCEPDEV/global/CI/3206/RUNTESTS/COMROOT/C96C48_ufs_hybatmDA_c7b3010b/gdas.20240223/18//model/atmos/history/gdas.t18z.atmf007.nc ]]
+ exglobal_atmos_analysis_calc.sh[160]: /bin/ln -sf /scratch1/NCEPDEV/global/CI/3206/RUNTESTS/COMROOT/C96C48_ufs_hybatmDA_c7b3010b/gdas.20240223/18//model/atmos/history/gdas.t18z.atmf007.nc sigf07
+ exglobal_atmos_analysis_calc.sh[161]: [[ -f /scratch1/NCEPDEV/global/CI/3206/RUNTESTS/COMROOT/C96C48_ufs_hybatmDA_c7b3010b/gdas.20240223/18//model/atmos/history/gdas.t18z.atmf008.nc ]]
+ exglobal_atmos_analysis_calc.sh[161]: /bin/ln -sf /scratch1/NCEPDEV/global/CI/3206/RUNTESTS/COMROOT/C96C48_ufs_hybatmDA_c7b3010b/gdas.20240223/18//model/atmos/history/gdas.t18z.atmf008.nc sigf08
+ exglobal_atmos_analysis_calc.sh[164]: '[' -f /scratch1/NCEPDEV/global/CI/3206/RUNTESTS/COMROOT/C96C48_ufs_hybatmDA_c7b3010b/gdas.20240223/18//model/atmos/history/gdas.t18z.atmf004.nc -a -f /scratch1/NCEPDEV/global/CI/3206/RUNTESTS/COMROOT/C96C48_ufs_hybatmDA_c7b3010b/gdas.20240223/18//model/atmos/history/gdas.t18z.atmf005.nc -a -f /scratch1/NCEPDEV/global/CI/3206/RUNTESTS/COMROOT/C96C48_ufs_hybatmDA_c7b3010b/gdas.20240223/18//model/atmos/history/gdas.t18z.atmf007.nc -a -f /scratch1/NCEPDEV/global/CI/3206/RUNTESTS/COMROOT/C96C48_ufs_hybatmDA_c7b3010b/gdas.20240223/18//model/atmos/history/gdas.t18z.atmf008.nc ']'
+ exglobal_atmos_analysis_calc.sh[165]: nhr_obsbin=1
+ exglobal_atmos_analysis_calc.sh[168]: /scratch1/NCEPDEV/global/CI/3206/global-workflow/ush/calcanl_gfs.py
{'__name__': '__main__', '__doc__': None, '__package__': None, '__loader__': <_frozen_importlib_external.SourceFileLoader object at 0x14581cee7450>, '__spec__': None, '__annotations__': {}, '__builtins__': <module 'builtins' (built-in)>, '__file__': '/scratch1/NCEPDEV/global/CI/3206/global-workflow/ush/calcanl_gfs.py', '__cached__': None, 'os': <module 'os' (frozen)>, 'shutil': <module 'shutil' from '/scratch1/NCEPDEV/nems/role.epic/spack-stack/spack-stack-1.6.0/envs/gsi-addon-dev-rocky8/install/intel/2021.5.0/python-3.11.6-b6ydksr/lib/python3.11/shutil.py'>, 'subprocess': <module 'subprocess' from '/scratch1/NCEPDEV/nems/role.epic/spack-stack/spack-stack-1.6.0/envs/gsi-addon-dev-rocky8/install/intel/2021.5.0/python-3.11.6-b6ydksr/lib/python3.11/subprocess.py'>, 'sys': <module 'sys' (built-in)>, 'gsi_utils': <module 'gsi_utils' from '/scratch1/NCEPDEV/global/CI/3206/global-workflow/ush/gsi_utils.py'>, 'OrderedDict': <class 'collections.OrderedDict'>, 'datetime': <module 'datetime' from '/scratch1/NCEPDEV/nems/role.epic/spack-stack/spack-stack-1.6.0/envs/gsi-addon-dev-rocky8/install/intel/2021.5.0/python-3.11.6-b6ydksr/lib/python3.11/datetime.py'>, 'cast_as_dtype': <function cast_as_dtype at 0x14581b116c00>, 'python2fortran_bool': {True: '.true.', False: '.false.'}, 'calcanl_gfs': <function calcanl_gfs at 0x14581ce916c0>, 'DoIAU': False, 'l4DEnsVar': True, 'Write4Danl': True, 'ComIn_Ges': '/scratch1/NCEPDEV/global/CI/3206/RUNTESTS/COMROOT/C96C48_ufs_hybatmDA_c7b3010b/gdas.20240223/18//model/atmos/history', 'GPrefix': 'gdas.t18z.', 'ComOut': '/scratch1/NCEPDEV/global/CI/3206/RUNTESTS/COMROOT/C96C48_ufs_hybatmDA_c7b3010b/gfs.20240224/00//analysis/atmos', 'APrefix': 'gfs.t00z.', 'NThreads': '1', 'FixDir': '/scratch1/NCEPDEV/global/CI/3206/global-workflow/fix/am', 'atmges_ens_mean': './atmges_ensmean', 'RunDir': '/scratch1/NCEPDEV/stmp2/Terry.McGuinness/RUNDIRS/C96C48_ufs_hybatmDA_c7b3010b/gfs.2024022400/analcalc.2664602', 'ExecCMD': '', 'ExecCMDMPI': 'srun -l --export=ALL --hint=nomultithread $ncmd --cpus-per-task=1', 'ExecAnl': '/scratch1/NCEPDEV/global/CI/3206/global-workflow/exec/calc_analysis.x', 'ExecChgresInc': '/scratch1/NCEPDEV/global/CI/3206/global-workflow/exec/interp_inc.x', 'NEMSGet': 'nemsio_get', 'IAUHrs': [6], 'Run': 'gfs', 'JEDI': True}
calcanl_gfs beginning at:  2025-01-07 00:09:26.415380
mkdir -p /scratch1/NCEPDEV/stmp2/Terry.McGuinness/RUNDIRS/C96C48_ufs_hybatmDA_c7b3010b/gfs.2024022400/analcalc.2664602/calcanl_06
cp /scratch1/NCEPDEV/global/CI/3206/global-workflow/exec/calc_analysis.x /scratch1/NCEPDEV/stmp2/Terry.McGuinness/RUNDIRS/C96C48_ufs_hybatmDA_c7b3010b/gfs.2024022400/analcalc.2664602/calcanl_06/calc_anl.x
ln -s /scratch1/NCEPDEV/stmp2/Terry.McGuinness/RUNDIRS/C96C48_ufs_hybatmDA_c7b3010b/gfs.2024022400/analcalc.2664602/siginc.nc /scratch1/NCEPDEV/stmp2/Terry.McGuinness/RUNDIRS/C96C48_ufs_hybatmDA_c7b3010b/gfs.2024022400/analcalc.2664602/calcanl_06/siginc.nc.06
ln -s /scratch1/NCEPDEV/stmp2/Terry.McGuinness/RUNDIRS/C96C48_ufs_hybatmDA_c7b3010b/gfs.2024022400/analcalc.2664602/sigf06 /scratch1/NCEPDEV/stmp2/Terry.McGuinness/RUNDIRS/C96C48_ufs_hybatmDA_c7b3010b/gfs.2024022400/analcalc.2664602/calcanl_06/ges.06
ln -s /scratch1/NCEPDEV/stmp2/Terry.McGuinness/RUNDIRS/C96C48_ufs_hybatmDA_c7b3010b/gfs.2024022400/analcalc.2664602/siganl /scratch1/NCEPDEV/stmp2/Terry.McGuinness/RUNDIRS/C96C48_ufs_hybatmDA_c7b3010b/gfs.2024022400/analcalc.2664602/calcanl_06/anl.06
cp /scratch1/NCEPDEV/global/CI/3206/global-workflow/exec/interp_inc.x /scratch1/NCEPDEV/stmp2/Terry.McGuinness/RUNDIRS/C96C48_ufs_hybatmDA_c7b3010b/gfs.2024022400/analcalc.2664602/calcanl_06/chgres_inc.x
mkdir -p /scratch1/NCEPDEV/stmp2/Terry.McGuinness/RUNDIRS/C96C48_ufs_hybatmDA_c7b3010b/gfs.2024022400/analcalc.2664602/calcanl_ensres_06
cp /scratch1/NCEPDEV/global/CI/3206/global-workflow/exec/calc_analysis.x /scratch1/NCEPDEV/stmp2/Terry.McGuinness/RUNDIRS/C96C48_ufs_hybatmDA_c7b3010b/gfs.2024022400/analcalc.2664602/calcanl_ensres_06/calc_anl.x
ln -s /scratch1/NCEPDEV/stmp2/Terry.McGuinness/RUNDIRS/C96C48_ufs_hybatmDA_c7b3010b/gfs.2024022400/analcalc.2664602/siginc.nc /scratch1/NCEPDEV/stmp2/Terry.McGuinness/RUNDIRS/C96C48_ufs_hybatmDA_c7b3010b/gfs.2024022400/analcalc.2664602/calcanl_ensres_06/siginc.nc.06
ln -s /scratch1/NCEPDEV/global/CI/3206/RUNTESTS/COMROOT/C96C48_ufs_hybatmDA_c7b3010b/gfs.20240224/00//analysis/atmos/gfs.t00z.atmanl.ensres.nc /scratch1/NCEPDEV/stmp2/Terry.McGuinness/RUNDIRS/C96C48_ufs_hybatmDA_c7b3010b/gfs.2024022400/analcalc.2664602/calcanl_ensres_06/anl.ensres.06
ln -s /scratch1/NCEPDEV/global/CI/3206/RUNTESTS/COMROOT/C96C48_ufs_hybatmDA_c7b3010b/gdas.20240223/18//model/atmos/history/gdas.t18z.atmf006.ensres.nc /scratch1/NCEPDEV/stmp2/Terry.McGuinness/RUNDIRS/C96C48_ufs_hybatmDA_c7b3010b/gfs.2024022400/analcalc.2664602/calcanl_ensres_06/ges.ensres.06
will process increment file: /scratch1/NCEPDEV/stmp2/Terry.McGuinness/RUNDIRS/C96C48_ufs_hybatmDA_c7b3010b/gfs.2024022400/analcalc.2664602/calcanl_06/siginc.nc.06
Interpolating increment for f006
interp_inc 6 OrderedDict([('setup', {'lon_out': 384, 'lat_out': 192, 'lev': 127, 'infile': "'siginc.nc.06'", 'outfile': "'inc.fullres.06'"})])
srun -n 13 --verbose --export=ALL -c 1 --distribution=arbitrary --cpu-bind=cores /scratch1/NCEPDEV/stmp2/Terry.McGuinness/RUNDIRS/C96C48_ufs_hybatmDA_c7b3010b/gfs.2024022400/analcalc.2664602/calcanl_06/chgres_inc.x submitted on h9c04
srun: Updating SLURM_TRES_PER_TASK to cpu:1 as --cpus-per-task takes precedence over the environment variables.
srun: defined options
srun: -------------------- --------------------
srun: (null)              : h9c[04,10-11,16]
srun: cpu-bind            : cores
srun: cpus-per-task       : 1
srun: distribution        : arbitrary
srun: export              : ALL
srun: jobid               : 4860610
srun: job-name            : C96C48_ufs_hybatmDA_c7b3010b_gfs_analcalc_00
srun: mem                 : 48G
srun: nodes               : 1
srun: ntasks              : 13
srun: tres-per-task       : cpu:1
srun: verbose             : 1
srun: -------------------- --------------------
srun: end of defined options
srun: jobid 4860610: nodes(4):`h9c[04,10-11,16]', cpu counts: 40(x4)
srun: Implicitly setting --exact, because -c/--cpus-per-task given.
srun: CpuBindType=cores
srun: launching StepId=4860610.0 on host h9c04, 13 tasks: [0-12]
srun: topology/tree: init: topology tree plugin loaded
srun: Node h9c04, 13 tasks started


* . * . * . * . * . * . * . * . * . * . * . * . * . * . * . * . * . * . * . * . 
     PROGRAM INTERP_INC HAS BEGUN. COMPILED 2019100.00     ORG: EMC
     STARTING DATE-TIME  JAN 07,2025  00:09:28.949    7  TUE   2460683


 - READ SETUP NAMELIST
 - WILL INTERPOLATE TO GAUSSIAN GRID OF DIMENSION          384         192
 - OPEN OUTPUT FILE: inc.fullres.06
 - OPEN INPUT FILE: siginc.nc.06
 - PROCESS RECORD: u_inc
 - PROCESS RECORD: liq_wat_inc
 - PROCESS RECORD: rwmr_inc
 WARNING: rwmr_inc is missing in increment file. Skipping.
 - PROCESS RECORD: delp_inc
 - PROCESS RECORD: delz_inc
 - PROCESS RECORD: sphum_inc
 - PROCESS RECORD: o3mr_inc
 - PROCESS RECORD: snmr_inc
 WARNING: snmr_inc is missing in increment file. Skipping.
 - PROCESS RECORD: grle_inc
 WARNING: grle_inc is missing in increment file. Skipping.
 - PROCESS RECORD: T_inc
 - PROCESS RECORD: icmr_inc
 - WRITE OUTPUT FILE: inc.fullres.06
 - NORMAL TERMINATION


     ENDING DATE-TIME    JAN 07,2025  00:09:30.183    7  TUE   2460683
     PROGRAM INTERP_INC HAS ENDED.
* . * . * . * . * . * . * . * . * . * . * . * . * . * . * . * . * . * . * . * . 
*****************RESOURCE STATISTICS*******************************
The total amount of wall time                        = 1.234936
The total amount of time in user mode                = 0.805010
The total amount of time in sys mode                 = 0.858727
The maximum resident set size (KB)                   = 243740
Number of page faults without I/O activity           = 8409
Number of page faults with I/O activity              = 62
Number of times filesystem performed INPUT           = 2064
Number of times filesystem performed OUTPUT          = 877904
Number of Voluntary Context Switches                 = 3945
Number of InVoluntary Context Switches               = 10
*****************END OF RESOURCE STATISTICS*************************

srun: Received task exit notification for 13 tasks of StepId=4860610.0 (status=0x0000).
srun: h9c04: tasks 0-12: Completed
fullres_calc_anl OrderedDict([('setup', {'datapath': "'./'", 'analysis_filename': "'anl'", 'firstguess_filename': "'ges'", 'increment_filename': "'inc.fullres'", 'fhr': 6, 'jedi': '.true.'})])
srun -n 127 --verbose --export=ALL /scratch1/NCEPDEV/stmp2/Terry.McGuinness/RUNDIRS/C96C48_ufs_hybatmDA_c7b3010b/gfs.2024022400/analcalc.2664602/calcanl_06/calc_anl.x submitted
srun: warning: can't honor --ntasks-per-node set to 40 which doesn't match the requested tasks 127 with the number of requested nodes 4. Ignoring --ntasks-per-node.
srun: defined options
srun: -------------------- --------------------
srun: (null)              : h9c[04,10-11,16]
srun: cpus-per-task       : 1
srun: export              : ALL
srun: jobid               : 4860610
srun: job-name            : C96C48_ufs_hybatmDA_c7b3010b_gfs_analcalc_00
srun: mem                 : 48G
srun: nodes               : 4
srun: ntasks              : 127
srun: tres-per-task       : cpu:1
srun: verbose             : 1
srun: -------------------- --------------------
srun: end of defined options
srun: jobid 4860610: nodes(4):`h9c[04,10-11,16]', cpu counts: 40(x4)
srun: Implicitly setting --exact, because -c/--cpus-per-task given.
srun: CpuBindType=(null type)
srun: launching StepId=4860610.1 on host h9c04, 32 tasks: [0-31]
srun: launching StepId=4860610.1 on host h9c10, 32 tasks: [32-63]
srun: launching StepId=4860610.1 on host h9c11, 32 tasks: [64-95]
srun: launching StepId=4860610.1 on host h9c16, 31 tasks: [96-126]
srun: topology/tree: init: topology tree plugin loaded
srun: Node h9c16, 31 tasks started
srun: Node h9c04, 32 tasks started
srun: Node h9c11, 32 tasks started
srun: Node h9c10, 32 tasks started


* . * . * . * . * . * . * . * . * . * . * . * . * . * . * . * . * . * . * . * . 
     PROGRAM CALC_ANALYSIS HAS BEGUN. COMPILED 2019300.00     ORG: EMC
     STARTING DATE-TIME  JAN 07,2025  00:09:34.210    7  TUE   2460683


 Analysis File    = .//anl.06
 First Guess File = .//ges.06
 Increment File   = .//inc.fullres.06
 Forecast Hour    =            6
 Number of PEs    =          127
 input guess file and increment file should be in netCDF format
 writing analysis in netCDF format
 Use JEDI format  =  T
 Background initialization date=        2024           2          23          18
           0           0
 nlon=         384
 nlat=         192
 nlev=         127
 Analysis valid date=        2024           2          24           0
           0           0
 Copying from Background grid_xt
 Copying from Background grid_yt
 Copying from Background pfull  
 Copying from Background phalf  
 Adding Increment to clwmr  liq_wat
 Adding Increment to delz   delz   
 Adding Increment to dpres  delp   
 Copying from Background dzdt   
 Adding Increment to grle   grle   
 Copying from Background hgtsfc 
 Adding Increment to icmr   icmr   
 Adding Increment to o3mr   o3mr   
 Computing and Adding Surface Pressure Increment
 Adding Increment to rwmr   rwmr   
 Adding Increment to snmr   snmr   
 Adding Increment to spfh   sphum  
 Adding Increment to tmp    T      
 Adding Increment to ugrd   u      
 Adding Increment to vgrd   v      
 Copying from Background cld_amt
 cld_amtnot in background file, skipping...
 Copying from Background nccice 
 Copying from Background nconrd 
 Copying from Background omga   


     ENDING DATE-TIME    JAN 07,2025  00:09:41.013    7  TUE   2460683
     PROGRAM CALC_ANALYSIS HAS ENDED.
* . * . * . * . * . * . * . * . * . * . * . * . * . * . * . * . * . * . * . * . 
*****************RESOURCE STATISTICS*******************************
The total amount of wall time                        = 6.803017
The total amount of time in user mode                = 4.702229
The total amount of time in sys mode                 = 1.332882
The maximum resident set size (KB)                   = 203716
Number of page faults without I/O activity           = 21760
Number of page faults with I/O activity              = 21
Number of times filesystem performed INPUT           = 22256
Number of times filesystem performed OUTPUT          = 1184280
Number of Voluntary Context Switches                 = 12918
Number of InVoluntary Context Switches               = 18
*****************END OF RESOURCE STATISTICS*************************

srun: Received task exit notification for 32 tasks of StepId=4860610.1 (status=0x0000).
srun: h9c04: tasks 0-31: Completed
srun: Received task exit notification for 31 tasks of StepId=4860610.1 (status=0x0000).
srun: h9c16: tasks 96-126: Completed
srun: Received task exit notification for 32 tasks of StepId=4860610.1 (status=0x0000).
srun: h9c10: tasks 32-63: Completed
srun: Received task exit notification for 32 tasks of StepId=4860610.1 (status=0x0000).
srun: h9c11: tasks 64-95: Completed
/scratch1/NCEPDEV/stmp2/Terry.McGuinness/RUNDIRS/C96C48_ufs_hybatmDA_c7b3010b/gfs.2024022400/analcalc.2664602/calcanl_ensres_06/ges.ensres.06
Calculating analysis on ensemble resolution for f006
ensres_calc_anl OrderedDict([('setup', {'datapath': "'./'", 'analysis_filename': "'anl.ensres'", 'firstguess_filename': "'ges.ensres'", 'increment_filename': "'siginc.nc'", 'fhr': 6, 'jedi': '.true.'})])
srun -n 127 --verbose --export=ALL /scratch1/NCEPDEV/stmp2/Terry.McGuinness/RUNDIRS/C96C48_ufs_hybatmDA_c7b3010b/gfs.2024022400/analcalc.2664602/calcanl_ensres_06/calc_anl.x submitted
srun: warning: can't honor --ntasks-per-node set to 40 which doesn't match the requested tasks 127 with the number of requested nodes 4. Ignoring --ntasks-per-node.
srun: defined options
srun: -------------------- --------------------
srun: (null)              : h9c[04,10-11,16]
srun: cpus-per-task       : 1
srun: export              : ALL
srun: jobid               : 4860610
srun: job-name            : C96C48_ufs_hybatmDA_c7b3010b_gfs_analcalc_00
srun: mem                 : 48G
srun: nodes               : 4
srun: ntasks              : 127
srun: tres-per-task       : cpu:1
srun: verbose             : 1
srun: -------------------- --------------------
srun: end of defined options
srun: jobid 4860610: nodes(4):`h9c[04,10-11,16]', cpu counts: 40(x4)
srun: Implicitly setting --exact, because -c/--cpus-per-task given.
srun: CpuBindType=(null type)
srun: launching StepId=4860610.2 on host h9c04, 32 tasks: [0-31]
srun: launching StepId=4860610.2 on host h9c10, 32 tasks: [32-63]
srun: launching StepId=4860610.2 on host h9c11, 32 tasks: [64-95]
srun: launching StepId=4860610.2 on host h9c16, 31 tasks: [96-126]
srun: topology/tree: init: topology tree plugin loaded
srun: Node h9c16, 31 tasks started
srun: Node h9c04, 32 tasks started
srun: Node h9c10, 32 tasks started
srun: Node h9c11, 32 tasks started


* . * . * . * . * . * . * . * . * . * . * . * . * . * . * . * . * . * . * . * . 
     PROGRAM CALC_ANALYSIS HAS BEGUN. COMPILED 2019300.00     ORG: EMC
     STARTING DATE-TIME  JAN 07,2025  00:09:45.695    7  TUE   2460683


 Analysis File    = .//anl.ensres.06
 First Guess File = .//ges.ensres.06
 Increment File   = .//siginc.nc.06
 Forecast Hour    =            6
 Number of PEs    =          127
 input guess file and increment file should be in netCDF format
 writing analysis in netCDF format
 Use JEDI format  =  T
 Background initialization date=        2024           2          23          18
           0           0
 nlon=         192
 nlat=          96
 nlev=         127
 Analysis valid date=        2024           2          24           0
           0           0
 Copying from Background grid_xt
 Copying from Background grid_yt
 Copying from Background pfull  
 Copying from Background phalf  
 Adding Increment to clwmr  liq_wat
 Adding Increment to delz   delz   
 Adding Increment to dpres  delp   
 Copying from Background dzdt   
 Copying from Background grle   
 Copying from Background hgtsfc 
 Adding Increment to icmr   icmr   
 Adding Increment to o3mr   o3mr   
 Computing and Adding Surface Pressure Increment
 rank of data array != variable ndims (or ndims-1)
99
 rank of data array != variable ndims (or ndims-1)
99
 rank of data array != variable ndims (or ndims-1)
99
 rank of data array != variable ndims (or ndims-1)
 rank of data array != variable ndims (or ndims-1)
99
99
 rank of data array != variable ndims (or ndims-1)
 rank of data array != variable ndims (or ndims-1)
99
 rank of data array != variable ndims (or ndims-1)
99
99
 rank of data array != variable ndims (or ndims-1)
99
 rank of data array != variable ndims (or ndims-1)
 rank of data array != variable ndims (or ndims-1)
99
99
 rank of data array != variable ndims (or ndims-1)
99
 rank of data array != variable ndims (or ndims-1)
99
 rank of data array != variable ndims (or ndims-1)
99
 rank of data array != variable ndims (or ndims-1)
 rank of data array != variable ndims (or ndims-1)
 rank of data array != variable ndims (or ndims-1)
 rank of data array != variable ndims (or ndims-1)
 rank of data array != variable ndims (or ndims-1)
99
99
 rank of data array != variable ndims (or ndims-1)
 rank of data array != variable ndims (or ndims-1)
 rank of data array != variable ndims (or ndims-1)
99
99
99
 rank of data array != variable ndims (or ndims-1)
99
 rank of data array != variable ndims (or ndims-1)
 rank of data array != variable ndims (or ndims-1)
99
99
99
 rank of data array != variable ndims (or ndims-1)
99
99
 rank of data array != variable ndims (or ndims-1)
 rank of data array != variable ndims (or ndims-1)
 rank of data array != variable ndims (or ndims-1)
99
99
 rank of data array != variable ndims (or ndims-1)
99
99
 rank of data array != variable ndims (or ndims-1)
99
99
 rank of data array != variable ndims (or ndims-1)
99
 rank of data array != variable ndims (or ndims-1)
 rank of data array != variable ndims (or ndims-1)
 rank of data array != variable ndims (or ndims-1)
 rank of data array != variable ndims (or ndims-1)
 rank of data array != variable ndims (or ndims-1)
 rank of data array != variable ndims (or ndims-1)
 rank of data array != variable ndims (or ndims-1)
99
 rank of data array != variable ndims (or ndims-1)
 rank of data array != variable ndims (or ndims-1)
 rank of data array != variable ndims (or ndims-1)
 rank of data array != variable ndims (or ndims-1)
 rank of data array != variable ndims (or ndims-1)
 rank of data array != variable ndims (or ndims-1)
99
 rank of data array != variable ndims (or ndims-1)
99
 rank of data array != variable ndims (or ndims-1)
99
99
99
 rank of data array != variable ndims (or ndims-1)
99
 rank of data array != variable ndims (or ndims-1)
99
99
 rank of data array != variable ndims (or ndims-1)
99
 rank of data array != variable ndims (or ndims-1)
99
99
99
99
 rank of data array != variable ndims (or ndims-1)
 rank of data array != variable ndims (or ndims-1)
99
 rank of data array != variable ndims (or ndims-1)
99
99
 rank of data array != variable ndims (or ndims-1)
99
99
 rank of data array != variable ndims (or ndims-1)
99
99
 rank of data array != variable ndims (or ndims-1)
99
 rank of data array != variable ndims (or ndims-1)
99
 rank of data array != variable ndims (or ndims-1)
99
 rank of data array != variable ndims (or ndims-1)
99
 rank of data array != variable ndims (or ndims-1)
99
 rank of data array != variable ndims (or ndims-1)
99
 rank of data array != variable ndims (or ndims-1)
99
 rank of data array != variable ndims (or ndims-1)
99
99
 rank of data array != variable ndims (or ndims-1)
99
 rank of data array != variable ndims (or ndims-1)
 rank of data array != variable ndims (or ndims-1)
 rank of data array != variable ndims (or ndims-1)
 rank of data array != variable ndims (or ndims-1)
99
 rank of data array != variable ndims (or ndims-1)
99
 rank of data array != variable ndims (or ndims-1)
 rank of data array != variable ndims (or ndims-1)
 rank of data array != variable ndims (or ndims-1)
99
 rank of data array != variable ndims (or ndims-1)
 rank of data array != variable ndims (or ndims-1)
99
 rank of data array != variable ndims (or ndims-1)
 rank of data array != variable ndims (or ndims-1)
99
 rank of data array != variable ndims (or ndims-1)
 rank of data array != variable ndims (or ndims-1)
99
 rank of data array != variable ndims (or ndims-1)
99
 rank of data array != variable ndims (or ndims-1)
99
 rank of data array != variable ndims (or ndims-1)
99
 rank of data array != variable ndims (or ndims-1)
99
 rank of data array != variable ndims (or ndims-1)
99
 rank of data array != variable ndims (or ndims-1)
99
 rank of data array != variable ndims (or ndims-1)
99
 rank of data array != variable ndims (or ndims-1)
99
 rank of data array != variable ndims (or ndims-1)
99
 rank of data array != variable ndims (or ndims-1)
99
 rank of data array != variable ndims (or ndims-1)
99
 rank of data array != variable ndims (or ndims-1)
99
 rank of data array != variable ndims (or ndims-1)
99
 rank of data array != variable ndims (or ndims-1)
99
 rank of data array != variable ndims (or ndims-1)
99
 rank of data array != variable ndims (or ndims-1)
99
 rank of data array != variable ndims (or ndims-1)
99
 rank of data array != variable ndims (or ndims-1)
99
 rank of data array != variable ndims (or ndims-1)
99
 rank of data array != variable ndims (or ndims-1)
99
 rank of data array != variable ndims (or ndims-1)
99
 rank of data array != variable ndims (or ndims-1)
99
 rank of data array != variable ndims (or ndims-1)
99
 rank of data array != variable ndims (or ndims-1)
99
 rank of data array != variable ndims (or ndims-1)
99
 rank of data array != variable ndims (or ndims-1)
99
 rank of data array != variable ndims (or ndims-1)
99
 rank of data array != variable ndims (or ndims-1)
99
 rank of data array != variable ndims (or ndims-1)
 rank of data array != variable ndims (or ndims-1)
99
 rank of data array != variable ndims (or ndims-1)
 rank of data array != variable ndims (or ndims-1)
99
 rank of data array != variable ndims (or ndims-1)
99
 rank of data array != variable ndims (or ndims-1)
99
 rank of data array != variable ndims (or ndims-1)
 rank of data array != variable ndims (or ndims-1)
99
 rank of data array != variable ndims (or ndims-1)
99
 rank of data array != variable ndims (or ndims-1)
99
 rank of data array != variable ndims (or ndims-1)
99
 rank of data array != variable ndims (or ndims-1)
99
 rank of data array != variable ndims (or ndims-1)
99
 rank of data array != variable ndims (or ndims-1)
99
 rank of data array != variable ndims (or ndims-1)
99
 rank of data array != variable ndims (or ndims-1)
99
 rank of data array != variable ndims (or ndims-1)
99
 rank of data array != variable ndims (or ndims-1)
99
 rank of data array != variable ndims (or ndims-1)
99
 rank of data array != variable ndims (or ndims-1)
99
99
99
99
99
99
99
99
99
99
99
99
99
99
srun: Received task exit notification for 31 tasks of StepId=4860610.2 (status=0x6300).
srun: error: h9c16: tasks 96-126: Exited with exit code 99
srun: Terminating StepId=4860610.2
slurmstepd: error: *** STEP 4860610.2 ON h9c04 CANCELLED AT 2025-01-07T00:09:48 ***
srun: Received task exit notification for 32 tasks of StepId=4860610.2 (status=0x6300).
srun: error: h9c11: tasks 64-95: Exited with exit code 99
srun: Received task exit notification for 32 tasks of StepId=4860610.2 (status=0x6300).
srun: error: h9c10: tasks 32-63: Exited with exit code 99
srun: Received task exit notification for 32 tasks of StepId=4860610.2 (status=0x6300).
srun: error: h9c04: tasks 0-31: Exited with exit code 99
Error with calc_analysis.x for ensemble resolution, exit code=99
{'DoIAU': False, 'l4DEnsVar': True, 'Write4Danl': True, 'ComOut': '/scratch1/NCEPDEV/global/CI/3206/RUNTESTS/COMROOT/C96C48_ufs_hybatmDA_c7b3010b/gfs.20240224/00//analysis/atmos', 'APrefix': 'gfs.t00z.', 'ComIn_Ges': '/scratch1/NCEPDEV/global/CI/3206/RUNTESTS/COMROOT/C96C48_ufs_hybatmDA_c7b3010b/gdas.20240223/18//model/atmos/history', 'GPrefix': 'gdas.t18z.', 'FixDir': '/scratch1/NCEPDEV/global/CI/3206/global-workflow/fix/am', 'atmges_ens_mean': './atmges_ensmean', 'RunDir': '/scratch1/NCEPDEV/stmp2/Terry.McGuinness/RUNDIRS/C96C48_ufs_hybatmDA_c7b3010b/gfs.2024022400/analcalc.2664602', 'NThreads': '1', 'NEMSGet': 'nemsio_get', 'IAUHrs': [6], 'ExecCMD': '', 'ExecCMDMPI': 'srun -l --export=ALL --hint=nomultithread 1 --cpus-per-task=1', 'ExecAnl': '/scratch1/NCEPDEV/global/CI/3206/global-workflow/exec/calc_analysis.x', 'ExecChgresInc': '/scratch1/NCEPDEV/global/CI/3206/global-workflow/exec/interp_inc.x', 'run': 'gfs', 'JEDI': True, 'IAUHH': [6], 'fh': 6, 'CalcAnlDir': '/scratch1/NCEPDEV/stmp2/Terry.McGuinness/RUNDIRS/C96C48_ufs_hybatmDA_c7b3010b/gfs.2024022400/analcalc.2664602/calcanl_06', 'CalcAnlDir6': '/scratch1/NCEPDEV/stmp2/Terry.McGuinness/RUNDIRS/C96C48_ufs_hybatmDA_c7b3010b/gfs.2024022400/analcalc.2664602/calcanl_ensres_06', 'AnlDims': {'lon': 192, 'lat': 96, 'lev': 127, 'edge': 128, 'time': 1}, 'GesDims': {'grid_xt': 384, 'grid_yt': 192, 'nchars': 20, 'pfull': 127, 'phalf': 128, 'time': 1}, 'levs': 127, 'LonA': 192, 'LatA': 96, 'LonB': 384, 'LatB': 192, 'levs2': 128, 'siglevel': '/scratch1/NCEPDEV/global/CI/3206/global-workflow/fix/am/global_hyblev.l128.txt', 'nFH': 1, 'ExecCMDMPI1': 'srun -l --export=ALL --hint=nomultithread 1 --cpus-per-task=1', 'ExecCMDLevs': 'srun -l --export=ALL --hint=nomultithread 1 --cpus-per-task=1', 'ExecCMDMPI13': 'srun -l --export=ALL --hint=nomultithread 1 --cpus-per-task=1', 'launcher': 'srun', 'hostfile': <_io.TextIOWrapper name='/scratch1/NCEPDEV/stmp2/Terry.McGuinness/RUNDIRS/C96C48_ufs_hybatmDA_c7b3010b/gfs.2024022400/analcalc.2664602/calcanl_06/hosts' mode='w' encoding='utf-8'>, 'hosts_tmp': ['h9c04', 'h9c10', 'h9c11', 'h9c16'], 'nhosts': 4, 'ExecCMDMPI_host': 'srun -n 1 --verbose --export=ALL -c 1 --distribution=arbitrary --cpu-bind=cores', 'tasks': 160, 'ExecCMDMPILevs_host': 'srun -n 127 --verbose --export=ALL -c 1 --distribution=arbitrary --cpu-bind=cores', 'ExecCMDMPILevs_nohost': 'srun -n 127 --verbose --export=ALL', 'ExecCMDMPI1_host': 'srun -n 1 --verbose --export=ALL -c 1 --distribution=arbitrary --cpu-bind=cores', 'ExecCMDMPI13_host': 'srun -n 13 --verbose --export=ALL -c 1 --distribution=arbitrary --cpu-bind=cores', 'nodes': 'h9c[04,10-11,16]', 'ihost': 1, 'namelist': OrderedDict([('setup', {'datapath': "'./'", 'analysis_filename': "'anl.ensres'", 'firstguess_filename': "'ges.ensres'", 'increment_filename': "'siginc.nc'", 'fhr': 6, 'jedi': '.true.'})]), 'a': 11, 'job': <Popen: returncode: 0 args: 'srun -n 13 --verbose --export=ALL -c 1 --distri...>, 'ec': 0, 'fullres_anl_job': <Popen: returncode: 0 args: 'srun -n 127 --verbose --export=ALL /scratch1/NC...>, 'exit_fullres': 0, 'chgres_jobs': [], 'ensres_anl_job': <Popen: returncode: 99 args: 'srun -n 127 --verbose --export=ALL /scratch1/N...>, 'exit_ensres': 99, 'hosts': ['h9c04', 'h9c10', 'h9c11', 'h9c16']}
+ exglobal_atmos_analysis_calc.sh[1]: postamble exglobal_atmos_analysis_calc.sh 1736208563 99
+ preamble.sh[70]: set +x
End exglobal_atmos_analysis_calc.sh at 00:09:48 with error code 99 (time elapsed: 00:00:25)
+ JGLOBAL_ATMOS_ANALYSIS_CALC[1]: postamble JGLOBAL_ATMOS_ANALYSIS_CALC 1736208544 99
+ preamble.sh[70]: set +x
End JGLOBAL_ATMOS_ANALYSIS_CALC at 00:09:48 with error code 99 (time elapsed: 00:00:44)
+ analcalc.sh[1]: postamble analcalc.sh 1736208538 99
+ preamble.sh[70]: set +x
End analcalc.sh at 00:09:48 with error code 99 (time elapsed: 00:00:50)
_______________________________________________________________
Start Epilog on node h9c04 for job 4860610 :: Tue Jan  7 00:09:49 UTC 2025
Job 4860610 finished for user Terry.McGuinness in partition hera with exit code 99:0
_______________________________________________________________
End Epilogue Tue Jan  7 00:09:49 UTC 2025
